date,us_cc_materials,us_cc_communication,us_cc_energy,us_cc_financials,us_cc_industrials,us_cc_tech,us_cc_staples,us_cc_realestate,us_cc_utilities,us_cc_healthcare,us_cc_discretionary
2021-04-20,-0.004597,-0.005596,-0.001033,-0.002825,-0.004153,-0.008304,-0.003868,0.00314,-0.005059,0.000247,-0.01123
2021-04-21,-0.009601,-0.005366,-0.026473,-0.018697,-0.011021,-0.008866,0.005464,0.011076,0.012711,0.003868,-0.012595
2021-04-22,0.018162,0.00171,0.012747,0.013857,0.013653,0.010082,0.005006,0.004525,-0.008417,0.011805,0.013325
2021-04-23,-0.016874,-0.007356,-0.011747,-0.011105,-0.005051,-0.011739,-0.0074,-0.004268,-0.007148,-0.004456,-0.01107
2021-04-26,0.016428,0.011645,0.009128,0.018716,0.01095,0.014937,-0.00258,0.005714,-0.00135,0.006592,0.010456
2021-04-27,0.00591,0.002092,0.006731,0.003957,-0.002954,0.005115,-0.011212,0.002131,-0.005708,-0.003396,0.004386
2021-04-28,-0.002638,-0.004046,0.012119,0.007883,0.008295,-0.00244,-0.000727,0.0,-0.007704,-0.00576,-0.001176
2021-04-30,0.002765,0.009174,0.034476,0.00391,-0.002057,-0.009295,0.000727,-0.003544,-0.00137,-0.003019,-0.001177
2021-05-06,-0.010604,-0.013648,-0.025261,-0.008748,-0.006627,-0.013627,0.000863,0.00659,0.007855,-0.002959,0.003871
2021-05-07,0.008461,0.01172,0.005151,0.014853,0.006954,0.010038,0.012905,0.0048,0.007652,0.0013,0.002163
2021-05-10,0.009884,0.007595,0.01784,0.005322,0.010552,0.00856,0.0,0.012184,0.003038,0.006898,0.008976
2021-05-11,-0.004438,-0.019162,0.000373,-0.000794,0.000949,-0.025246,0.007645,0.004484,0.010145,0.00129,-0.017791
2021-05-12,0.003315,-0.002866,-0.025722,-0.017748,-0.014794,-0.003025,-0.00871,-0.011748,-0.012292,-0.010786,-0.011292
2021-05-13,-0.025179,-0.019592,0.004783,-0.010248,-0.023968,-0.028125,-0.013322,-0.024251,-0.023372,-0.009439,-0.033857
2021-05-14,0.015311,0.007194,-0.012186,0.016076,0.018738,0.013251,0.014076,0.012671,0.01927,0.009036,0.007081
2021-05-17,0.011972,0.019709,0.031033,0.015822,0.013843,0.022022,0.004391,0.009384,0.004879,0.005047,0.017339
2021-05-18,0.008759,-0.007913,0.023182,0.001848,-0.003056,-0.007354,-0.00141,0.000477,-0.008193,-0.001863,-0.001816
2021-05-19,-0.011051,-0.010198,-0.023205,-0.013966,-0.014558,-0.008001,-0.003107,0.001906,-0.000153,0.000325,-0.007804
2021-05-20,-0.015279,0.001585,-0.024878,-0.006147,-0.005637,0.00351,-0.003258,-0.003805,-0.001683,-0.001704,-0.008397
2021-05-21,0.000579,0.017146,-0.001535,0.000538,0.002248,0.019126,0.009238,0.012414,0.008736,0.010484,0.010258
2021-05-24,0.002199,-0.003372,0.002114,0.009943,0.004876,-0.005477,0.000141,-0.001651,0.005166,0.000161,-0.005018
2021-05-25,0.008891,0.018215,0.009969,0.00479,0.006211,0.017769,0.002957,0.010864,-0.001814,0.000965,0.009908
2021-05-26,-0.00847,-0.000256,-0.020311,-0.010064,-0.00299,0.000288,0.000281,0.002804,-0.012114,-0.002972,0.003172
2021-05-27,0.000347,0.006519,0.008913,0.002943,0.003192,-7.2e-05,-0.002105,0.00233,0.000153,-0.005801,0.009546
2021-05-28,0.007962,0.00381,0.000768,0.01147,0.013693,-0.005265,-0.006188,-0.001162,-0.006743,-0.002188,0.004002
2021-06-01,-0.00103,-0.003289,0.001919,0.001846,0.0,0.003553,0.002123,0.006749,0.0054,0.003899,-0.001387
2021-06-02,0.013981,0.000635,0.038498,0.006054,0.0039,-0.004913,-0.003389,0.017106,-0.006139,-0.016424,-0.001909
2021-06-03,-0.008363,-0.003044,0.018628,0.00157,-0.002843,0.006898,0.003684,0.013863,0.00525,-0.001974,-0.004637
2021-06-04,-0.000228,-0.006743,0.002716,0.002351,-0.002186,-0.009302,0.006212,-0.002017,0.005991,0.00305,-0.011881
2021-06-07,0.002166,0.014346,0.006681,0.002606,0.003238,0.019216,0.003508,0.000898,-0.001527,0.003205,0.008015
2021-06-08,-0.012172,0.005177,-0.004305,-0.006499,-0.00693,-0.000214,-0.001678,0.009425,0.001835,0.003604,0.0
2021-06-09,0.001842,-0.002889,0.008647,-0.002616,0.002581,7.2e-05,-0.008403,0.005336,-0.008548,-0.003101,0.008069
2021-06-10,-0.007816,-0.001008,-0.006251,-0.009444,-0.010202,0.000714,-0.004802,0.001106,0.00893,0.00966,-0.00551
2021-06-11,-0.006024,0.005423,-0.001258,-0.011653,-0.004913,0.007352,0.006245,0.010162,0.006562,0.017109,0.004724
2021-06-14,0.00373,0.001129,-0.003419,0.006431,0.002033,0.005952,0.000564,-0.006342,0.002274,-0.007095,0.005457
2021-06-15,-0.012308,0.006641,-0.004334,-0.010383,-0.004541,0.010143,-0.000564,0.005722,0.002118,0.000883,0.000288
2021-06-16,-0.002116,-0.005726,0.019042,0.001883,0.00427,-0.006136,-0.002397,-0.00919,0.003019,0.000321,-0.00531
2021-06-17,-0.011075,-0.008763,-0.005339,-0.001074,-0.00947,-0.005402,-0.01329,-0.009055,-0.015049,-0.003849,0.000464
2021-06-18,-0.022278,0.004168,-0.033995,-0.02957,-0.015415,0.011569,0.003582,0.003789,0.0055,0.007648,0.00377
2021-06-21,-0.016206,-0.011697,-0.029635,-0.0241,-0.012981,-0.009135,-0.017704,-0.015764,-0.025984,-0.011425,-0.005258
2021-06-22,0.020761,0.009702,0.042615,0.023339,0.021995,0.010717,0.011469,0.019866,0.012955,0.012015,0.007708
2021-06-23,0.004022,0.008585,0.006658,0.001671,0.001084,0.009068,0.001447,-0.004452,-0.006053,0.002165,0.00941
2021-06-24,-0.006433,-0.001001,0.002756,0.001946,-0.002264,-0.001106,-0.00621,-0.00313,-0.010618,-0.00416,0.00772
2021-06-25,0.003176,0.009398,0.008611,0.012486,0.007794,0.006297,0.004941,-0.004711,-0.000947,0.005141,0.003405
2021-06-28,0.000121,0.001242,0.005268,0.012058,0.001958,-0.001169,0.007665,0.007212,0.010743,0.004555,0.006335
2021-06-29,0.0,0.011283,-0.033791,-0.007311,-0.005276,0.010466,0.000861,0.000448,0.006408,0.001511,0.000225
2021-06-30,-0.000487,-0.005395,-0.004863,-0.003546,-0.001964,0.007291,-0.004445,-0.000671,-0.016151,0.001112,0.002472
2021-07-01,0.00268,-0.001849,0.012404,0.00438,0.007775,-0.001082,0.007778,-0.007833,-0.001894,-0.000635,0.000785
2021-07-02,0.005467,0.00741,0.017449,0.007904,0.007129,0.001693,-0.003002,0.00406,0.010913,0.008892,0.005657
2021-07-06,0.00145,0.006988,-0.002189,-0.001081,0.001552,0.013184,0.002437,0.004718,0.001564,0.009601,0.008799
2021-07-07,-0.014841,-0.002435,-0.032547,-0.015701,-0.009585,0.003804,-0.004147,0.008945,0.004218,-0.000935,0.00116
2021-07-08,0.01041,-0.001465,-0.016254,0.001375,0.009971,0.005451,0.005313,0.005097,0.006533,0.00632,-0.000552
2021-07-09,-0.013576,-0.011,-0.005764,-0.020049,-0.013937,-0.009455,-0.003714,-0.000882,-0.002936,-0.005505,-0.002483
2021-07-12,0.019661,0.008898,0.021256,0.028868,0.015803,0.009211,0.005735,0.013242,0.00124,0.00343,0.009347
2021-07-13,0.003254,0.007104,-0.001514,0.009806,0.001353,0.000794,-0.001568,0.008713,0.003251,0.001942,0.00685
2021-07-14,-0.009129,-0.002554,-0.00758,-0.01079,-0.00965,0.004097,-0.000285,-0.012956,-0.007561,-0.000931,-0.011974
2021-07-15,-0.002061,-0.000732,-0.029788,-0.004636,-9.7e-05,0.007371,0.008854,0.008751,0.008707,-0.000931,-0.001818
2021-07-16,0.000122,-0.007077,-0.013974,0.003288,0.001949,-0.008232,0.004106,0.001518,0.011252,-0.003496,-0.005408
2021-07-19,-0.015061,-0.006268,-0.028343,-0.013654,-0.008851,-0.009881,0.00155,0.001083,0.010059,0.002729,-0.012318
2021-07-20,-0.021458,-0.015211,-0.035333,-0.027962,-0.020901,-0.013773,-0.002956,-0.015574,-0.015844,-0.010496,-0.01146
2021-07-21,0.011342,0.011302,0.013416,0.024779,0.027962,0.014842,0.000282,0.018018,0.004293,0.012179,0.018469
2021-07-26,0.010965,0.00832,0.034881,0.017232,0.009554,0.009639,-0.00254,-0.003022,-0.010993,0.00163,0.009207
2021-07-27,0.008442,0.00515,0.024732,0.005792,-0.000483,-0.000518,0.001681,0.0,0.000305,-0.006465,0.007421
2021-07-28,0.001335,-0.011915,-0.009252,-0.000274,-0.005504,-0.009454,0.002097,0.007995,0.017191,0.00467,-0.010128
2021-07-29,0.002908,0.007838,0.009135,-0.001371,-0.00233,-0.001242,-0.00879,-0.006002,-0.007628,0.003581,-0.003228
2021-07-30,0.010994,-0.010768,0.009656,0.010986,0.007883,0.004647,0.004927,-0.003019,0.002713,0.002429,0.011253
2021-08-02,0.004063,-0.003386,-0.015939,-0.007878,-0.001931,-0.000652,0.001681,0.003245,-0.008417,0.000909,-0.020573
2021-08-03,-0.01214,-0.002306,-0.007491,0.000274,-0.006869,-0.003585,-0.004195,0.000431,0.007731,0.001362,0.002882
2021-08-04,0.010362,-0.004501,0.017136,0.011224,0.013054,0.006411,0.004493,0.004095,0.005716,0.013904,0.007405
2021-08-05,-0.00954,0.002811,-0.027076,-0.008392,-0.013559,0.002015,-0.013002,-0.003219,-0.001495,-0.004248,-0.009709
2021-08-06,-0.001445,0.009138,0.011338,0.013104,0.004679,0.005514,0.004816,0.007967,0.010935,-0.004117,0.009583
2021-08-10,0.014468,0.0,0.009173,0.02021,0.004657,-0.000839,0.0,-0.001709,-0.000593,-0.000827,-0.006804
2021-08-11,0.015112,0.001935,0.017619,0.010537,0.010181,-0.007191,0.007163,-0.010748,0.001038,-0.002323,0.003928
2021-08-12,0.014066,0.001932,0.007852,0.01147,0.012958,0.00013,0.003347,0.005432,0.009333,-0.009914,0.002921
2021-08-13,-0.001618,0.001807,-0.000999,0.001804,-0.001895,0.005741,-0.000556,0.003458,0.001027,0.007889,0.00044
2021-08-16,0.000926,0.000602,-0.011798,-0.00746,-0.003133,0.005449,0.008344,0.006677,0.007038,0.006247,-0.002856
2021-08-17,-0.004974,0.001683,-0.018414,-0.002593,0.003428,0.004517,0.005792,0.00107,0.006116,0.01137,-0.004626
2021-08-18,-0.011509,-0.008281,-0.010307,-0.007016,-0.01082,-0.008286,0.000549,0.001923,0.000579,0.011833,-0.023738
2021-08-19,-0.011643,-0.007623,-0.020829,-0.012301,-0.010938,-0.013795,-0.012471,-0.010452,-0.005062,-0.015204,0.003571
2021-08-20,-0.008924,0.000122,-0.025952,-0.007419,-0.006985,0.009785,0.008049,0.008407,0.00407,0.004528,-0.006382
2021-08-23,0.005883,0.008656,0.002184,0.00614,0.002638,0.012877,0.001652,0.004703,0.012451,0.00569,0.009606
2021-08-24,0.008594,0.012088,0.037481,0.008225,0.008185,0.012906,-0.003161,-0.00383,-0.01287,0.000367,0.012893
2021-08-25,0.006272,0.003225,0.016593,0.006053,0.005026,-0.001141,-0.007583,-0.007475,-0.006519,-0.003525,0.007059
2021-08-26,0.004587,0.001548,0.007645,0.011771,0.006443,-0.000571,-0.001667,-0.001076,0.001896,-0.002727,0.003863
2021-08-27,-0.006907,-0.008677,-0.015174,-0.004912,-0.004395,-0.006286,-0.004592,0.000646,-0.002474,-0.003917,-0.009237
2021-08-30,0.013203,0.015827,0.02665,0.01325,0.00691,0.009649,0.003495,0.008181,-0.000292,-0.001113,0.009101
2021-08-31,-0.001047,0.006846,-0.011762,-0.014103,-0.001144,0.01076,0.004458,0.012172,0.00146,0.005645,0.007534
2021-09-01,-0.002912,0.003751,-0.006772,-0.0013,-0.002767,-0.00526,0.002219,0.005907,-0.001166,-0.001329,0.002401
2021-09-02,-0.00257,0.005022,-0.014669,-0.005729,-0.003827,0.000252,0.005259,0.017198,0.013131,0.000296,-5.4e-05
2021-09-03,0.006441,-0.00674,0.025372,0.003405,0.010758,-0.00107,0.003855,0.004742,0.009072,0.010721,-5.4e-05
2021-09-07,-0.006632,0.0,-0.005726,-0.006265,-0.006082,0.003969,-0.001235,0.0,-0.008277,0.001097,-0.000599
2021-09-08,-0.00656,0.00234,-0.005965,-0.006042,-0.017306,0.000251,-0.011534,-0.011081,-0.01324,-0.005846,0.002942
2021-09-09,-0.009551,-0.005136,-0.012828,-0.002378,0.001362,-0.003827,0.008612,0.006018,0.017938,-0.000441,0.001141
2021-09-10,0.000357,-0.004928,0.002096,0.002914,-0.004858,-0.003779,-0.005784,-0.021246,-0.005444,-0.011545,-0.001302
2021-09-13,-0.000238,-0.006485,-0.000418,-0.007396,-0.004491,-0.009861,-0.004294,-0.012645,-0.013973,-0.00915,-0.00614
2021-09-14,-0.000238,0.002492,0.028667,0.011442,0.002648,0.000319,0.002504,0.00555,-0.001753,-0.006157,0.00246
2021-09-15,-0.010954,-0.008642,-0.014442,-0.013418,-0.012032,-0.001277,-0.00458,-0.002123,-0.003366,-0.000151,-0.003327
2021-09-16,0.010593,0.004896,0.037358,0.0096,0.01099,0.008755,0.003625,0.003829,-0.001321,0.006498,0.006457
2021-09-17,-0.010839,-0.000951,-0.011341,-0.002906,-0.006855,0.00057,-0.003334,0.001907,-0.008381,-0.002553,0.004567
2021-09-21,-0.020593,-0.011063,-0.007446,-0.004503,-0.01065,-0.015576,-0.005436,-0.009095,-0.015421,0.000978,-0.003518
2021-09-22,-0.002393,-0.004181,0.002329,-0.001368,-0.00526,0.000394,-0.001139,0.000216,-0.002736,0.001525,0.001503
2021-09-24,0.01035,-0.000494,0.030834,0.016713,0.007932,0.01371,0.002851,0.008427,-0.00061,0.001675,0.013618
2021-09-27,-0.001478,0.008192,0.007522,0.00526,0.002086,0.000702,0.000425,-0.011413,-0.001074,-0.004075,0.003745
2021-09-28,0.007771,-0.000121,0.03556,0.013605,0.000992,-0.0097,-0.004531,-0.016554,-0.011821,-0.014244,0.005354
2021-09-29,-0.012362,-0.024381,0.003415,-0.016521,-0.01159,-0.029641,-0.011807,-0.00598,-0.012584,-0.017141,-0.019259
2021-09-30,-0.00409,-0.000871,0.0,0.000788,0.001102,-0.001262,0.009069,0.006462,0.013058,0.007899,0.000987
2021-10-01,-0.015555,-0.003111,-0.015126,-0.015736,-0.020523,-0.007181,-0.017974,-0.01594,-0.00792,-0.012259,-0.016658
2021-10-04,0.015927,0.016852,0.033596,0.01652,0.013696,0.015068,0.002615,0.010798,0.0,0.000235,0.007523
2021-10-05,-0.004355,-0.021606,0.016344,-0.00865,-0.005445,-0.023158,-0.003187,0.001113,0.013776,-0.015236,-0.007909
2021-10-06,0.008873,0.014931,0.005848,0.019566,0.011151,0.014251,0.005087,-0.007781,-0.002471,0.005981,0.004014
2021-10-07,-0.001858,0.001731,-0.010538,0.001038,0.004412,0.006526,0.009689,0.009635,0.01548,-0.001823,0.003165
2021-10-08,0.01303,0.004319,0.007712,0.005958,0.007786,0.00913,0.00444,0.00111,-0.005336,0.013263,0.015554
2021-10-11,-0.005513,-0.004915,0.030794,0.004893,-9.9e-05,-0.003737,-0.001141,-0.010862,-0.007356,-0.005016,-0.004579
2021-10-12,0.000123,-0.015065,-0.003712,-0.009995,-0.008024,-0.005528,-0.000285,0.001344,-0.013587,-0.007799,-0.004051
2021-10-13,0.001355,-0.009278,0.000887,-0.003107,-0.003296,-0.005161,0.000428,0.013429,0.00673,-0.004843,0.007917
2021-10-14,0.007503,0.004683,-0.000886,-0.005713,0.002104,0.006119,0.001855,0.005742,0.011661,0.001596,0.004909
2021-10-15,0.024295,0.014107,0.012243,0.016715,0.018896,0.022544,0.011255,0.014054,0.012295,0.014338,0.010476
2021-10-18,0.00298,-0.00236,0.004908,0.014899,0.009616,0.008017,-0.002395,0.000433,-0.002885,0.004948,0.015309
2021-10-19,-0.000713,0.007719,0.000698,0.000253,0.00068,0.008467,-0.005931,0.001732,-0.009592,-0.006799,0.012221
2021-10-20,0.005233,0.009637,0.01133,0.009868,0.005925,0.009922,0.000426,0.004538,0.012606,0.013139,-0.002822
2021-10-21,0.008044,0.001958,0.008101,0.008018,0.006276,-0.002771,0.005822,0.015272,0.015789,0.014289,-0.000734
2021-10-22,-0.002582,0.002932,-0.018465,-0.004225,0.002015,0.003852,-0.001271,0.003178,0.0,0.004058,0.014687
2021-10-25,-0.001882,-0.021189,0.009406,0.013979,0.003543,-0.00346,0.007775,0.007181,0.005082,0.004042,-0.003567
2021-10-26,0.01002,0.004355,0.014668,-0.001231,0.00229,0.003283,-0.000702,0.002936,-0.004312,0.001215,0.024799
2021-10-27,0.002801,-0.008918,0.005782,0.00074,-0.006188,0.002832,0.003509,0.004599,0.005376,0.00493,0.000152
2021-10-28,-0.014316,-0.00275,-0.028745,-0.016502,-0.011687,-0.000878,-0.005875,-0.007284,-0.006684,-0.007926,0.002227
2021-10-29,0.009919,0.003259,0.007138,0.012271,0.012504,0.010048,0.003517,0.014675,0.00658,0.008369,0.013283
2021-11-01,-0.004794,0.003123,-0.006569,-0.003958,0.000287,0.00429,-0.000981,-0.011984,-0.005943,0.009734,0.002592
2021-11-02,0.00235,0.001619,0.017226,0.000497,0.002775,-0.001486,0.001544,0.002301,0.003587,-0.001196,0.018344
2021-11-04,0.011369,0.000125,-0.009408,0.002483,0.00334,0.008804,0.006727,0.009389,0.000894,0.006285,-0.006737
2021-11-05,-0.000574,0.003964,0.001393,-0.013077,0.004004,0.015642,0.000965,-0.011303,-0.005526,-0.006874,0.01347
2021-11-08,0.007804,0.00802,0.013041,0.0005,0.010159,0.005174,0.005787,0.002287,0.009461,-0.011164,0.006431
2021-11-09,0.012526,-0.004406,0.009097,0.005497,0.004136,0.005387,-0.007945,-0.000208,-0.014876,0.005946,-0.014153
2021-11-10,0.004611,-0.002459,0.004082,-0.005467,0.002527,-0.004108,0.003452,0.003734,0.005134,-0.003666,-0.018486
2021-11-11,-0.006828,-0.011339,-0.026427,-0.001749,-0.005602,-0.016498,0.003028,-0.00496,0.008113,0.002854,-0.003718
2021-11-12,0.008003,-0.001994,0.003828,0.002753,-0.004132,0.00468,-0.000686,0.000415,-0.00611,-0.002921,-0.0027
2021-11-15,0.007492,0.014614,-0.002427,0.002247,0.00792,0.01216,0.0,0.000415,-0.0006,0.004957,0.003348
2021-11-16,-0.00455,0.002832,0.00834,0.0,0.001871,-0.001016,0.004805,0.005603,0.013203,-0.006203,-0.000834
2021-11-17,-0.002787,-0.007489,0.001551,-0.000996,0.000187,0.01053,-0.006285,-0.006191,-0.004739,0.004211,0.015765
2021-11-18,-0.006597,-0.003834,-0.015313,-0.011469,-0.005975,-0.00302,-0.0022,0.006644,0.000893,0.001423,0.006382
2021-11-19,-0.004277,-0.007201,-0.005941,-0.005044,-0.002066,0.009977,-0.003583,-0.000206,-0.005203,0.000374,0.011338
2021-11-22,-0.001808,-0.003376,-0.039023,-0.0109,-0.004988,0.007291,-0.003595,-0.005364,0.005679,-0.006055,0.004323
2021-11-24,0.001585,-0.012172,0.017743,0.014095,0.002743,-0.011149,0.007911,-0.004978,0.006092,-0.004512,-0.002507
2021-11-26,-0.007115,0.001401,0.009764,-0.002239,-0.00113,0.007278,-0.00301,0.013408,0.00059,-0.000377,0.002054
2021-11-29,-0.017177,-0.018316,-0.040235,-0.033167,-0.027055,-0.024965,-0.012624,-0.027071,-0.015629,-0.003699,-0.027265
2021-11-30,0.00463,0.008551,0.005757,0.003095,0.001744,0.025002,0.002502,0.012553,0.014829,0.002728,0.015534
2021-12-01,-0.02477,-0.031732,-0.023435,-0.023914,-0.025341,-0.008346,-0.025644,-0.020868,-0.029225,-0.019648,-0.013511
2021-12-02,-0.01016,-0.023086,-0.010625,-0.011064,-0.013893,-0.013691,-0.004837,-0.013083,0.001824,-0.001773,-0.018049
2021-12-03,0.020408,0.016841,0.029069,0.029835,0.029687,0.009194,0.010579,0.027368,0.012749,0.004865,0.014246
2021-12-06,-0.002222,-0.002271,-0.007917,-0.016296,-0.001173,-0.016732,0.012449,-0.004995,0.01004,0.001844,-0.019449
2021-12-07,0.014652,0.016466,0.014871,0.015251,0.016928,0.009508,0.017605,0.014432,0.015282,0.005676,0.01142
2021-12-08,0.01525,0.010272,0.023409,0.017871,0.010199,0.034913,0.002197,0.017732,0.007453,0.01289,0.023325
2021-12-09,0.00421,0.0073,-0.000175,-0.005344,0.002476,0.004579,-0.003151,0.004255,-0.001016,0.00753,0.002517
2021-12-10,-0.005552,-0.007894,-0.007684,-0.002046,-0.003136,-0.010789,0.002749,-0.012709,-0.001307,0.002317,-0.01733
2021-12-13,0.006153,0.000522,0.007392,0.001025,0.004098,0.020065,0.016859,0.005108,0.005379,0.003505,0.006976
2021-12-14,-0.006003,-0.005215,-0.027778,-0.010755,-0.010346,-0.014867,0.013074,0.013418,0.012292,0.009437,-0.025758
2021-12-15,-0.001025,-0.002621,-0.004133,0.005954,-0.009495,-0.016427,0.000665,-0.011033,-0.006,-0.004049,-0.005808
2021-12-16,0.002167,0.010512,-0.004872,0.002831,0.008715,0.026498,0.010105,0.014807,0.016384,0.020473,0.012692
2021-12-17,0.010242,-0.001431,0.006346,0.012574,0.00048,-0.028343,0.007108,0.003797,0.00509,0.005939,-0.022082
2021-12-20,-0.012504,-0.004037,-0.02036,-0.022048,-0.017079,-0.006686,-0.017122,-0.003385,-0.015053,-0.006984,-0.006815
2021-12-21,-0.017864,-0.006984,-0.012389,-0.019424,-0.016021,-0.011894,0.000295,-0.006549,0.00095,-0.006056,-0.016144
2021-12-22,0.012608,0.019,0.028485,0.020712,0.019916,0.025306,-0.001338,0.00568,-0.001438,0.004174,0.025906
2021-12-23,0.007955,0.00246,0.00642,0.004683,0.002831,0.013077,0.006299,0.009883,0.004321,0.011668,0.01824
2021-12-27,0.010065,0.008913,0.000547,0.005179,0.011781,0.005582,0.002264,-0.002996,-0.000143,0.004109,0.013872
2021-12-28,0.01506,0.00973,0.021858,0.010304,0.010585,0.021453,0.010631,0.020433,0.004877,0.010553,0.009745
2021-12-29,0.005801,-0.000507,-0.000713,0.00051,0.005047,-0.005208,0.005654,0.004319,0.008992,-0.002628,0.000439
2021-12-30,0.004104,-0.004948,-0.006421,-0.001274,0.0018,0.000853,0.004576,0.006059,0.005375,0.005698,0.001997
2022-01-04,-0.003535,0.004207,-0.006104,-0.001786,-0.003594,-0.006595,-0.003124,0.004469,0.003658,0.002054,-0.003598
2022-01-05,0.0123,-0.002173,0.034603,0.026309,0.020107,-0.010597,0.006744,-0.003896,-0.003104,-0.013195,-0.006086
2022-01-06,-0.00011,-0.025112,-0.000169,-0.011585,-0.009528,-0.03075,-0.000902,-0.032466,-0.000566,-0.007122,-0.026982
2022-01-07,-0.012594,0.004469,0.022301,0.014713,0.004621,-0.00505,-0.002708,0.001213,-0.010338,-0.011565,-0.002606
2022-01-11,-0.000895,0.000131,0.013717,0.011797,-0.000282,-0.009196,0.001034,-0.005249,0.007585,-0.005109,-0.016662
2022-01-12,0.010974,0.012507,0.034015,0.008774,0.005984,0.011991,-0.001171,-0.001634,-0.009006,0.007957,0.009634
2022-01-13,0.010071,0.0013,0.001898,0.000725,0.00321,0.004704,0.000391,0.002659,0.003174,-0.002851,0.006594
2022-01-14,-0.007755,-0.010388,-0.005051,-0.003863,0.002164,-0.025898,0.001824,-0.003467,0.004889,-0.01554,-0.0201
2022-01-18,-0.008486,0.004593,0.023481,-0.010421,-0.00601,0.008457,0.001821,-0.011666,-0.006869,-0.001712,-0.00466
2022-01-19,-0.013176,-0.012147,0.00403,-0.022288,-0.011526,-0.024011,-0.01441,-0.006834,-0.01196,-0.014023,-0.018929
2022-01-20,-0.002511,-0.001719,-0.007256,-0.016783,-0.011182,-0.013969,0.006323,-0.012927,0.004521,-0.004085,-0.01805
2022-01-21,-0.014529,-0.009934,-0.009176,-0.006369,-0.012759,-0.012914,-0.006544,-0.008872,0.001307,-0.006533,-0.018223
2022-01-24,-0.024379,-0.033846,-0.019777,-0.020513,-0.009203,-0.019878,0.00079,-0.00064,-0.001885,-0.010092,-0.029322
2022-01-25,0.000595,0.007339,0.006725,0.00288,0.005731,0.005184,-0.003291,0.002133,-0.009587,-0.003321,0.012027
2022-01-26,-0.009038,-0.020481,0.03881,0.004176,-0.009825,-0.023142,-0.011095,-0.002767,-0.015694,-0.006432,-0.016923
2022-01-27,-0.01044,-0.014594,-0.001684,0.0026,-0.008732,0.005873,-0.007613,-0.016645,-0.008196,-0.005226,-0.004847
2022-01-28,0.003396,0.001139,0.01089,-0.009075,-0.008909,-0.006889,0.006729,-0.018012,0.008864,0.002587,-0.02424
2022-01-31,0.005801,0.028592,-0.004248,0.013082,0.006969,0.043731,0.011765,0.034696,0.012063,0.020411,0.021801
2022-02-01,0.01478,0.02268,0.004419,0.008781,0.010431,0.025126,0.003832,0.011106,0.018982,0.005748,0.038462
2022-02-02,0.015394,0.008654,0.035649,0.013825,0.013798,0.002593,-0.000921,-0.00676,-0.013285,0.002667,0.006055
2022-02-03,0.003149,0.019976,0.003223,0.006818,0.006952,0.008128,0.011989,0.017227,0.014781,0.013452,-0.005965
2022-02-04,-0.017438,-0.066903,-0.009491,-0.011036,-0.015947,-0.029015,0.00026,-0.010245,-0.004471,-0.004275,-0.030601
2022-02-07,-0.016564,0.002535,0.015625,0.016992,-0.010771,0.004026,-0.012235,-0.013731,-0.007967,-0.003615,0.028444
2022-02-08,-0.004933,-0.017423,0.012772,0.002993,0.000799,-0.006642,0.001845,0.000214,-0.001461,-0.001739,-0.002061
2022-02-09,0.015476,-0.000429,-0.021496,0.013923,0.009981,0.012363,0.003814,-0.008994,0.000731,0.008177,0.014075
2022-02-10,0.021788,0.028183,0.008348,0.006376,0.013737,0.022181,0.000262,0.024201,0.004384,0.007736,0.013236
2022-02-14,-0.005826,-0.014332,-0.006246,-0.008772,-0.016377,-0.026149,-0.010741,-0.028481,-0.025317,-0.015651,-0.017241
2022-02-15,-0.008215,0.000145,-0.023576,-0.011219,-0.003724,-0.000323,-0.002791,-0.010788,-0.008503,-0.010211,0.005707
2022-02-16,0.018365,0.013993,-0.010473,0.013616,0.015052,0.026285,0.001733,0.004897,-0.004665,0.011247,0.022368
2022-02-17,0.007308,-0.006971,0.008085,0.000746,0.005275,-0.001007,0.001862,0.002658,0.002268,0.001534,0.002856
2022-02-18,-0.017084,-0.026647,-0.001604,-0.024857,-0.018315,-0.029921,0.007701,-0.008615,0.000603,-0.016083,-0.02676
2022-02-22,-0.001666,-0.007801,-0.006134,-0.000255,-0.008269,-0.01013,0.001845,-0.004456,-0.001809,-0.007473,-0.006184
2022-02-24,-0.014191,-0.010236,-0.016165,-0.005099,-0.00966,-0.00925,-0.00776,-0.002686,-0.001057,-0.002509,-0.029167
2022-02-25,-0.002941,0.028049,-0.007836,-0.011998,0.012762,0.034159,-0.017239,0.017281,0.007997,0.00403,0.022852
2022-02-28,0.0365,0.016162,0.026374,0.032207,0.023859,0.013594,0.032227,0.025034,0.030968,0.030615,0.019795
2022-03-01,-0.011382,-0.001167,0.024681,-0.014834,0.007667,-0.001814,-0.013305,-0.017227,0.005179,-0.00756,0.007038
2022-03-02,-0.023027,-0.012564,0.01006,-0.036864,-0.014916,-0.019991,-0.005875,-0.001997,-0.008685,-0.00554,-0.015161
2022-03-03,0.021974,0.008581,0.022864,0.025876,0.021341,0.021657,0.01061,0.017785,0.012177,0.015088,0.021003
2022-03-04,0.001201,-0.010415,0.002743,-0.003153,0.001095,-0.011928,0.008106,0.010922,0.017606,0.005107,-0.022644
2022-03-07,-0.00348,-0.014379,0.028856,-0.018714,-0.002187,-0.017517,0.000132,0.008427,0.022059,0.005005,-0.015886
2022-03-08,-0.034674,-0.033238,0.014755,-0.03653,-0.026796,-0.036595,-0.018189,-0.018213,0.012978,-0.017431,-0.049009
2022-03-09,-0.005114,-0.002489,0.015719,-0.005854,-0.006141,-0.004852,-0.026983,-0.008948,-0.015457,-0.020428,0.002083
2022-03-10,0.030964,0.029944,-0.030565,0.036736,0.018126,0.039562,0.00676,0.016736,-0.007072,0.018894,0.032165
2022-03-11,0.002675,-0.00742,0.030598,-0.008385,-0.001315,-0.017487,-0.009456,0.003465,0.006695,-0.000385,0.007109
2022-03-14,-0.007398,-0.018002,-0.008003,-0.007092,-0.008002,-0.017594,-0.011621,-0.009929,-0.003396,-0.007467,-0.019236
2022-03-15,-0.001466,-0.011652,-0.029929,0.012637,0.003369,-0.018534,0.005319,-0.006104,-0.001136,0.007058,-0.016675
2022-03-16,0.011501,0.019177,-0.036619,0.014107,0.015875,0.033595,0.022417,0.007896,0.012793,0.019946,0.033488
2022-03-17,0.015725,0.027606,-0.004595,0.02809,0.013222,0.032503,0.00109,0.011099,-0.001825,0.012006,0.034115
2022-03-18,0.019174,0.010806,0.034411,0.01249,0.012852,0.007091,0.006938,0.014206,0.004218,0.015817,0.016665
2022-03-22,0.006076,0.013066,-0.000947,0.002313,0.003807,0.020466,0.002297,0.002335,-0.008541,0.00617,0.021052
2022-03-23,0.005434,0.018689,-0.007355,0.016233,0.005451,0.01437,0.007438,0.000642,0.001413,0.00022,0.024822
2022-03-24,-0.0046,-0.013687,0.017202,-0.018509,-0.009585,-0.015379,-0.008054,-0.011337,0.00141,-0.01795,-0.012408
2022-03-25,0.020102,0.016386,0.002472,0.008008,0.007625,0.025988,0.007037,0.007789,0.01028,0.011937,0.007791
2022-03-28,0.011211,0.004794,0.021931,0.012814,0.006209,-0.000568,0.008331,0.011808,0.014497,0.004645,-0.001742
2022-03-29,-0.00448,0.00318,-0.024762,-0.002784,0.000289,0.011882,0.004131,0.012731,0.006458,0.007265,0.026669
2022-03-30,0.008437,0.017435,-0.002604,0.002284,0.009253,0.021237,0.008892,0.029332,0.009283,0.005901,0.017424
2022-03-31,-0.003347,-0.007081,0.011619,-0.007088,-0.001146,-0.013333,0.000658,-0.005496,0.008251,0.001956,-0.015193
2022-04-01,-0.01332,-0.01897,-0.01355,-0.022948,-0.015393,-0.014816,-0.002366,-0.011052,-0.001073,-0.009759,-0.019192
2022-04-04,0.01055,0.007415,0.008111,-0.00261,-0.007769,-0.002957,0.010014,0.019868,0.013967,0.007884,0.001243
2022-04-05,0.000224,0.027565,0.001297,-0.004448,-0.001272,0.018996,-0.003131,-0.003044,-0.007682,-0.008329,0.022459
2022-04-06,-0.007968,-0.012781,-0.015681,-0.006307,-0.014209,-0.021056,0.000916,0.000814,0.006274,0.002118,-0.023444
2022-04-07,-0.01154,-0.018637,0.005925,-0.006877,-0.007754,-0.023661,0.012683,0.014846,0.019896,0.015232,-0.025521
2022-04-08,0.006524,-0.008698,0.013089,-0.001065,0.003407,0.001555,0.012137,-0.008216,-0.002471,0.019239,0.005105
2022-04-11,0.00614,-0.004387,0.027519,0.010131,-0.005591,-0.013974,0.00421,0.003637,0.00339,0.005987,-0.009219
2022-04-12,-0.004973,-0.012926,-0.030052,-0.004487,-0.003213,-0.025195,-0.004065,-0.01369,-0.013643,-0.019884,-0.018553
2022-04-13,0.000227,-0.008184,0.016593,-0.010869,-0.001612,-0.004442,0.000255,-0.003062,0.00382,-0.009715,0.002214
2022-04-14,0.014763,0.014703,0.01492,0.0,0.009383,0.016091,0.005611,0.004095,-0.001968,0.004905,0.024867
2022-04-18,-0.003357,-0.017004,0.003267,-0.011257,-0.0011,-0.024286,-0.000254,-0.00571,0.000526,-0.004809,-0.013983
2022-04-19,0.000898,-0.003309,0.014652,0.005964,-0.003502,0.003273,-0.008244,-0.002461,-0.005389,-0.011036,0.003027
2022-04-20,0.009424,0.019921,-0.008146,0.013743,0.018174,0.01876,0.015219,0.02097,0.006475,0.009555,0.029004
2022-04-21,0.006335,-0.043356,0.003858,0.006911,0.005424,-0.000934,0.014991,0.018928,0.00814,0.013438,-0.012871
2022-04-22,-0.016345,-0.028461,-0.031734,-0.015839,-0.010201,-0.016963,-0.000869,-0.006521,-0.016539,-0.011049,-0.009683
2022-04-25,-0.037387,-0.023722,-0.024453,-0.029775,-0.024576,-0.027989,-0.015652,-0.017904,-0.016817,-0.036474,-0.023222
2022-04-26,-0.002799,0.013699,-0.033071,0.001659,0.0,0.015026,0.004417,-0.004659,-0.006869,0.006733,0.007223
2022-04-27,-0.015439,-0.032819,0.001357,-0.025117,-0.021843,-0.037251,-0.015454,-0.015669,-0.010035,-0.017612,-0.050596
2022-04-28,0.014731,-0.022289,0.014638,-0.000849,0.003739,0.014805,0.003701,-0.005995,-0.004794,-0.002194,0.000119
2022-05-02,0.015804,0.03998,0.030323,0.012752,0.011279,0.040031,0.014749,0.018303,0.011149,0.013797,0.020518
2022-05-06,-0.003058,0.027599,0.015968,0.00029,0.002102,0.015203,-0.013138,-0.025966,-0.010244,-0.006217,0.014612
2022-05-09,-0.014342,-0.02062,0.029806,-0.007145,-0.006759,-0.008045,0.001044,-0.010157,0.007957,-0.003149,-0.012673
2022-05-10,-0.031586,-0.025939,-0.08273,-0.023892,-0.024183,-0.0387,-0.000391,-0.046621,-0.007478,-0.02589,-0.042618
2022-05-11,-0.00623,0.004496,0.009072,-0.008847,-0.006544,0.015244,-0.006911,-0.022227,-0.012139,0.00356,-0.002972
2022-05-12,0.000492,-0.018075,0.01342,-0.009223,-0.009071,-0.031562,-0.004333,-0.001436,0.007203,-0.006621,-0.035837
2022-05-13,-0.001843,0.01087,0.004243,-0.007507,0.001853,-0.010312,-0.000264,0.007429,-0.010097,0.009681,0.00687
2022-05-16,0.015386,0.023413,0.034182,0.014523,0.012727,0.033235,0.015038,0.024976,0.0119,0.010609,0.039372
2022-05-17,-0.001818,-0.00644,0.026368,-0.008351,-0.001396,-0.008833,0.004548,-0.008123,0.00308,0.007387,-0.021599
2022-05-18,0.028297,0.021832,0.011579,0.026767,0.022696,0.028962,-0.006856,0.010763,0.010328,0.01374,0.02523
2022-05-19,-0.031062,-0.032716,-0.025635,-0.027534,-0.037232,-0.045757,-0.064348,-0.029167,-0.00967,-0.025813,-0.065384
2022-05-20,0.00707,-0.00138,-0.003671,-0.006626,-0.008958,-0.010967,-0.01782,-0.001907,-0.002092,0.002188,0.0007
2022-05-23,-0.002421,0.002592,0.004299,-0.001819,-0.010803,0.002218,0.002126,0.011706,0.002796,0.012167,-0.017425
2022-05-24,0.018321,0.014995,0.026415,0.032503,0.016381,0.022967,0.020651,0.012987,0.011988,0.008784,0.007478
2022-05-25,-0.005719,-0.03549,0.003813,-0.00206,-0.000548,-0.014843,0.016353,0.011655,0.019973,0.002979,-0.025731
2022-05-26,0.004434,0.01338,0.020653,0.00796,0.005814,0.01166,0.000273,0.00553,-0.000676,-0.000305,0.028225
2022-05-27,0.018373,0.024322,0.011048,0.023106,0.020286,0.024023,0.010632,-0.001146,0.002838,0.004266,0.049043
2022-05-31,0.02343,0.02137,0.018288,0.016867,0.020524,0.033837,0.011599,0.028217,0.015631,0.016612,0.034307
2022-06-01,-0.015225,-0.000664,-0.015023,-0.002811,-0.008065,-0.00714,-0.007066,-0.013387,-0.013799,-0.013356,0.005073
2022-06-02,-0.009996,-0.011466,0.016284,-0.01607,-0.006124,-0.00299,-0.013026,-0.010855,-0.001614,-0.014369,-0.010418
2022-06-03,0.027592,0.024374,-0.00316,0.013753,0.019124,0.024209,0.014558,0.015089,0.006738,0.007903,0.030602
2022-06-06,-0.009712,-0.021661,0.013244,-0.014415,-0.003857,-0.023916,-0.010057,-0.012613,-0.004819,-0.011723,-0.029249
2022-06-07,0.009461,0.005032,-0.001117,0.002868,0.004186,7.1e-05,0.000406,-0.002965,0.004439,0.000154,0.01
2022-06-08,0.007201,0.007176,0.029862,0.007721,0.013445,0.011928,0.005281,0.011668,0.006026,0.013016,-0.002459
2022-06-09,-0.020767,-0.002651,0.002172,-0.017594,-0.0181,-0.011294,-0.012258,-0.023971,-0.019566,-0.007907,-0.005903
2022-06-10,-0.023641,-0.030736,-0.022107,-0.025129,-0.01969,-0.026701,-0.015,-0.022938,-0.02403,-0.022607,-0.018077
2022-06-13,-0.030623,-0.02794,-0.016955,-0.036148,-0.029487,-0.038436,-0.004292,-0.023713,-0.00765,-0.016074,-0.039875
2022-06-14,-0.03906,-0.047258,-0.052193,-0.029819,-0.030053,-0.044321,-0.021552,-0.048093,-0.045977,-0.030281,-0.046169
2022-06-15,-0.007645,-0.002776,0.001903,-0.008555,-0.002497,0.006306,-0.011795,-0.007144,-0.025272,-0.009532,-0.000798
2022-06-16,-0.000257,0.022457,-0.02208,0.011186,0.009671,0.021099,0.001007,0.022873,0.006482,0.010122,0.028107
2022-06-17,-0.036091,-0.036486,-0.056325,-0.025284,-0.033356,-0.040705,-0.007614,-0.023869,-0.01932,-0.014702,-0.048954
2022-06-21,-0.001732,0.014318,-0.054669,0.002918,-0.002565,0.00915,-0.003619,0.00592,-0.009316,-0.000584,0.010919
2022-06-22,0.01512,0.007075,0.051806,0.019957,0.018243,0.025447,0.026684,0.018623,0.019035,0.026921,0.028604
2022-06-23,-0.012842,0.001664,-0.040031,-0.002231,-0.005534,-0.004237,-0.000713,0.016207,0.010521,0.013866,-0.001933
2022-06-24,-0.01368,0.012366,-0.037067,-0.003833,-0.005101,0.01497,0.019404,0.019686,0.02354,0.022446,0.01571
2022-06-27,0.039706,0.038104,0.013161,0.036871,0.034957,0.035942,0.019594,0.02175,0.017396,0.016602,0.038138
2022-06-28,-0.008239,-0.009484,0.029334,-0.003401,-0.002364,-0.006744,-0.002746,-0.003588,0.008115,0.003715,-0.010477
2022-06-29,-0.010682,-0.029078,0.027005,-0.009929,-0.011624,-0.029951,-0.013352,-0.013682,-0.003737,-0.017427,-0.039945
2022-06-30,-0.007198,0.003105,-0.034752,-0.005641,-0.005823,0.002022,0.006278,-0.006328,0.000721,0.008711,-0.000788
2022-07-01,-0.011815,-0.012015,-0.021081,-0.008824,0.003101,-0.01335,0.000693,0.000735,0.011101,-0.002256,-0.014692
2022-07-05,0.007065,0.010135,0.014963,0.013672,0.008702,0.002281,0.014408,0.017866,0.024526,0.011229,0.018403
2022-07-06,-0.020103,0.023167,-0.039681,-0.00345,-0.014983,0.012558,-0.006419,-0.004088,-0.034099,-0.005784,0.022356
2022-07-07,0.006334,0.000178,-0.017073,-0.002518,0.005762,0.008604,0.002887,-0.000724,0.010375,0.006748,-0.003283
2022-07-08,0.008893,0.015686,0.036053,0.014516,0.011801,0.020673,0.000959,0.000725,-0.000998,0.004237,0.025794
2022-07-11,-0.009764,-0.004739,-0.000423,-0.002177,-0.00453,0.000452,-0.00178,-0.004587,-0.003283,0.002992,0.000137
2022-07-12,-0.002739,-0.03033,-0.009584,-0.008105,-0.006711,-0.013773,-0.001372,0.0,0.006302,-0.002524,-0.027396
2022-07-13,-0.001922,-0.000546,-0.019496,-0.006285,-0.003092,-0.01366,-0.002885,-0.006306,-0.004839,-0.012729,-0.006041
2022-07-14,-0.005779,-0.004549,-0.001596,-0.008855,-0.012177,-0.00263,0.000689,-0.00537,-0.004148,-0.009709,0.008198
2022-07-15,-0.018406,-0.012612,-0.018898,-0.019145,-0.005698,0.009153,0.000826,-0.009816,0.0,-0.002902,-0.000841
2022-07-19,0.015649,0.025731,0.016299,0.033832,0.015673,0.017603,0.003301,0.016109,0.001867,0.024148,0.016136
2022-07-20,0.030467,0.035552,0.030787,0.030006,0.035681,0.030511,0.010522,0.027586,0.006396,0.017026,0.030635
2022-07-21,0.001747,0.016465,0.009679,0.00368,0.007718,0.015618,-0.006713,-0.005034,-0.013289,-0.009875,0.016432
2022-07-22,0.01422,-0.000517,-0.01753,0.006416,0.007215,0.014066,0.003034,0.010359,0.002635,0.015817,0.022869
2022-07-25,-0.007143,-0.034655,-0.008224,-0.005768,-0.003196,-0.013799,0.006601,0.00763,0.013725,-0.004142,-0.005782
2022-07-26,0.00413,-0.003394,0.036683,0.006412,0.004754,-0.00634,0.004918,0.00071,0.012531,0.005238,-0.008595
2022-07-27,-0.006767,-0.020072,-0.009084,-0.013956,-0.005392,-0.016208,-0.002311,0.001892,0.005975,0.005134,-0.032199
2022-07-28,0.012022,0.042246,0.022575,0.015385,0.015489,0.043015,0.006813,0.005428,0.000848,0.006251,0.03785
2022-07-29,0.017688,-0.011405,0.00562,0.007273,0.020917,0.015224,0.01597,0.036855,0.035886,0.006364,0.017197
2022-08-01,0.013359,0.000532,0.043374,0.014139,0.020595,0.015348,-0.007726,0.003849,0.008592,-0.003312,0.038788
2022-08-02,-0.008063,-0.001419,-0.020658,-0.008306,0.001046,-0.00215,0.012485,-0.009021,0.001082,-0.007402,0.004974
2022-08-03,-0.010194,-0.001599,-0.002344,-0.011068,-0.010549,-0.007088,-0.007956,-0.0132,-0.002026,-0.003577,-0.006844
2022-08-04,0.001043,0.024021,-0.028713,0.015124,0.009395,0.026594,0.006549,0.004151,0.006226,0.009164,0.024366
2022-08-05,0.000651,0.004344,-0.037087,-0.003278,0.00366,0.004567,-0.006639,0.000919,0.002152,-0.004919,0.004085
2022-08-08,0.003514,-0.012284,0.019816,0.007175,0.001563,-0.002307,-0.002272,0.003213,-0.003624,-0.00038,-0.01705
2022-08-09,0.005576,0.00578,0.0052,-0.000593,-0.000312,-0.008502,-0.000536,0.007319,0.001482,0.002359,0.004504
2022-08-10,-0.004901,-0.009753,0.01756,0.005049,-0.003643,-0.010016,-0.001475,0.007948,0.011165,-0.003036,-0.015935
2022-08-12,0.028382,0.028139,0.007224,0.022459,0.021934,0.027302,0.007384,0.013517,0.00439,0.010886,0.028199
2022-08-15,0.01884,0.017772,0.007576,0.01571,0.015047,0.019909,0.008683,0.016972,0.016293,0.01281,0.02263
2022-08-16,-0.000616,0.003526,-0.019498,-0.000281,0.002404,0.006308,0.009933,0.004392,0.008342,0.005014,0.006886
2022-08-17,0.005551,0.002008,-0.00234,0.007314,0.004496,-0.002705,0.011277,-0.003935,0.002844,-0.002681,0.011047
2022-08-18,-0.013739,-0.019369,0.008338,-0.005027,-0.007958,-0.007145,-0.002853,-0.002853,-0.001676,-0.005824,-0.010753
2022-08-19,0.00311,-0.001532,0.026873,0.001123,0.004011,0.005198,0.003381,-0.006824,0.003745,-0.004431,-0.000292
2022-08-22,-0.018351,-0.016201,-0.000252,-0.019905,-0.012883,-0.018164,-0.00324,-0.009752,-0.000515,0.002716,-0.020636
2022-08-23,-0.015915,-0.028601,-0.001888,-0.022025,-0.019021,-0.027885,-0.010141,-0.020815,-0.013642,-0.013091,-0.027756
2022-08-24,0.009883,-0.008565,0.036061,-0.004095,0.001856,-0.002639,-0.004335,-0.015086,-0.006002,-0.01395,0.002824
2022-08-25,0.00216,0.00594,0.012292,0.005286,0.003294,0.000626,0.002507,0.00789,0.00315,0.001237,0.004286
2022-08-26,0.022702,0.019502,0.007694,0.015484,0.015288,0.016912,0.004606,0.015427,0.00615,0.011042,0.011949
2022-08-29,-0.03063,-0.031941,-0.011692,-0.029919,-0.034664,-0.042704,-0.024758,-0.025397,-0.015347,-0.027875,-0.038073
2022-08-30,-0.007036,-0.007795,0.015089,-0.007117,-0.004502,-0.013226,-0.001612,-0.008609,0.003038,-0.006992,-0.005323
2022-08-31,-0.016362,-0.00877,-0.033892,-0.005377,-0.014407,-0.010433,-0.010359,-0.014316,-0.014617,-0.006646,-0.011144
2022-09-01,-0.012312,0.002396,-0.009109,-0.007508,-0.008429,-0.009737,-0.006117,-0.003571,-0.006548,-0.006372,-0.009869
2022-09-02,-0.013129,0.009195,-0.024596,0.003026,0.001399,-0.004879,0.005608,0.003584,0.014393,0.016432,0.009132
2022-09-06,-0.000941,-0.01895,0.018339,-0.007843,-0.009671,-0.013001,-0.013058,-0.017143,-0.010741,-0.014352,-0.009176
2022-09-07,-0.003093,-0.012444,-0.009255,-0.002432,0.001628,-0.006624,-0.00565,0.010417,0.002547,0.00096,-0.002058
2022-09-08,0.027658,0.020124,-0.011613,0.019811,0.016033,0.015989,0.018018,0.01918,0.031288,0.016306,0.030676
2022-09-09,0.009715,-0.002397,0.004342,0.017633,0.002985,0.003431,-0.002587,0.002823,-0.000778,0.017381,0.009317
2022-09-12,0.015083,0.027906,0.024923,0.009104,0.012969,0.019771,0.009828,0.009618,0.004022,0.008813,0.018957
2022-09-13,0.009351,0.005214,0.018363,0.008149,0.005982,0.016035,0.00392,0.008364,0.009563,0.006667,0.012889
2022-09-14,-0.03566,-0.05491,-0.025219,-0.03724,-0.037659,-0.053085,-0.033391,-0.038018,-0.026626,-0.033036,-0.051561
2022-09-15,-0.012239,0.001703,0.028246,-0.002998,-0.001951,0.003636,-0.000418,-0.012216,0.008154,0.000551,0.012847
2022-09-16,-0.013189,-0.004345,-0.025769,0.003308,-0.010427,-0.023022,-0.008361,-0.021823,-0.024915,0.005586,-0.005124
2022-09-20,-0.015796,-0.010626,-0.021335,-0.008993,-0.020854,-0.005563,0.002389,0.000248,-0.003746,-0.002817,-0.008039
2022-09-21,-0.018998,-0.015479,-0.006955,-0.014732,-0.012446,-0.005871,-0.005467,-0.026309,-0.014541,-0.011722,-0.016955
2022-09-22,-0.021857,-0.024456,-0.014656,-0.020751,-0.013278,-0.01562,-0.003806,-0.014668,-0.013673,-0.016589,-0.023674
2022-09-26,-0.012021,-0.003581,-0.003554,-0.016828,-0.015053,-0.010184,-0.001415,-0.009402,-0.003568,0.005297,-0.023076
2022-09-27,-0.016221,-0.01629,-0.024546,-0.015781,-0.010501,-0.00695,0.00072,-0.026962,-0.024108,-0.009533,-0.002254
2022-09-28,0.002228,-0.005382,0.0112,-0.004254,-0.003339,0.001302,-0.017283,-0.013169,-0.01685,-0.003044,0.003149
2022-09-29,0.025789,0.034131,0.044304,0.019717,0.022015,0.010566,0.012018,0.018904,0.010748,0.021867,0.027021
2022-09-30,-0.014738,-0.024351,0.0,-0.012569,-0.017326,-0.026058,-0.01651,-0.027831,-0.040092,-0.008398,-0.034549
2022-10-03,-0.00264,-0.01217,-0.007989,-0.009138,-0.013105,-0.019158,-0.017376,0.010665,-0.019311,-0.013762,-0.019682
2022-10-04,0.032495,0.027981,0.056512,0.027009,0.030179,0.030982,0.017234,0.018606,0.029309,0.02056,0.000983
2022-10-05,0.036742,0.030672,0.042975,0.037203,0.034802,0.033562,0.015174,0.015812,0.021207,0.02322,0.034925
2022-10-06,-0.011264,-0.007686,0.020665,-0.00773,-0.005435,0.003318,-0.005805,-0.018519,-0.022219,0.003321,-0.005896
2022-10-07,-0.010558,-0.005362,0.017778,-0.014023,-0.0115,-0.008189,-0.014596,-0.032814,-0.032972,-0.012767,-0.007089
2022-10-11,-0.024712,-0.026957,-0.007763,-0.023704,-0.01912,-0.041128,-0.014961,-0.023749,-0.020734,-0.021154,-0.034395
2022-10-12,-0.007758,-0.018724,-0.007988,-0.012683,-0.000234,-0.015328,0.008241,0.009373,-0.003601,0.005335,-0.008156
2022-10-13,-0.007528,-0.001258,0.008052,-0.002306,-0.007842,-0.003079,0.00535,-0.013349,-0.033312,-0.004898,0.002597
2022-10-14,0.029321,0.024144,0.040814,0.041268,0.022059,0.031057,0.016556,0.018823,0.025032,0.023298,0.010935
2022-10-17,-0.03373,-0.0164,-0.037294,-0.016804,-0.02193,-0.028124,-0.018031,-0.025115,-0.014431,-0.006734,-0.037361
2022-10-18,0.024934,0.027512,0.012456,0.025153,0.021831,0.030479,0.01081,0.037311,0.020917,0.016061,0.040585
2022-10-19,0.019605,0.007505,0.008735,0.016043,0.024137,0.008475,0.013038,0.013131,0.018282,0.00556,0.013782
2022-10-20,-0.011789,0.000806,0.029516,-0.016409,-0.007104,-0.002883,-0.004627,-0.025078,-0.013001,-0.013982,-0.011212
2022-10-21,-0.007243,0.002414,0.000948,-0.016053,-0.019648,0.000578,-0.013948,-0.004913,-0.025247,-0.008492,-0.019348
2022-10-24,0.034621,0.006422,0.028879,0.029751,0.027456,0.026755,0.015323,0.006971,0.0185,0.022463,0.029125
2022-10-25,-0.005807,0.006979,0.004716,0.013358,0.013305,0.013833,0.017995,-0.000577,0.008372,0.019282,0.004143
2022-10-26,0.024757,0.026535,0.00103,0.011956,0.013464,0.019118,0.013115,0.039538,0.02005,0.007598,0.025037
2022-10-27,0.007057,-0.031636,0.013611,0.002424,0.003513,-0.022262,0.006613,-0.001943,-0.000461,0.011081,-0.008051
2022-10-28,-0.002561,-0.047411,0.003611,0.00816,0.011707,-0.011385,0.000839,0.000556,0.007989,-0.005251,-0.003852
2022-10-31,0.009999,0.025303,0.003485,0.02488,0.023251,0.043485,0.021928,0.023631,0.027435,0.016449,0.000898
2022-11-01,-0.008963,-0.016725,0.008404,-0.006142,-0.002854,-0.013196,-0.005877,-0.002444,-0.009346,-0.000828,-0.006415
2022-11-02,0.002565,-0.00643,0.009667,0.002649,-0.000954,-0.008368,-0.003162,-0.001634,0.003893,0.000603,-0.010137
2022-11-04,-0.025986,-0.028184,-0.0241,-0.012621,-0.017611,-0.034543,-0.017377,-0.026179,-0.009696,-0.017014,-0.037806
2022-11-07,0.03471,0.006827,0.012179,0.018318,0.016031,0.018263,0.011829,0.014009,0.006149,0.006076,0.00836
2022-11-08,0.007823,0.017935,0.017173,0.010027,0.010729,0.016696,0.008907,-0.000276,-0.019079,0.010703,-0.006982
2022-11-09,0.017235,0.001075,0.000968,0.005839,0.008742,0.009593,0.002897,0.006081,0.00699,0.004992,-0.00249
2022-11-10,-0.016167,-0.013522,-0.048883,-0.016836,-0.013928,-0.026008,-0.010866,-0.010989,-0.007847,-0.010762,-0.030543
2022-11-11,0.055344,0.060487,0.022253,0.050487,0.041954,0.082176,0.023502,0.076667,0.047148,0.025411,0.073084
2022-11-14,0.012083,0.026262,0.02906,0.008151,-0.000602,0.017112,-0.001087,-0.000516,-0.011184,-0.012242,0.023996
2022-11-15,-0.001354,-0.003998,-0.000322,-0.014218,-0.006129,-0.008562,-0.007889,-0.026588,-0.011898,0.000901,-0.015852
2022-11-16,-0.001479,0.014854,0.010526,0.002263,0.006874,0.012121,0.008363,0.012463,0.011001,-0.001276,0.013656
2022-11-17,-0.009751,-0.009889,-0.020408,-0.004797,-0.007229,-0.013698,0.004895,-0.007072,0.008969,-0.000451,-0.015269
2022-11-18,-0.009597,-0.007591,0.00217,-0.005387,-0.001719,0.00129,-0.000271,-0.008969,-0.017488,-0.000451,-0.012138
2022-11-21,0.00667,-0.003019,-0.007904,0.008267,0.007395,0.001137,0.010692,0.012776,0.02121,0.012109,0.00135
2022-11-22,0.003375,-0.008278,-0.013533,0.00311,0.003218,-0.01075,0.009507,0.007096,0.004502,0.000446,-0.014469
2022-11-25,0.022676,0.014862,0.031309,0.010147,0.007718,0.019362,0.007295,0.004958,0.008531,0.008691,0.011299
2022-11-28,-0.000364,-0.005547,-0.003687,0.003334,0.003865,-0.005804,0.000656,0.005963,0.005813,0.005941,0.000561
2022-11-29,-0.022338,-0.015936,-0.02743,-0.01717,-0.018164,-0.021407,-0.003803,-0.028093,-0.010291,-0.00751,-0.00617
2022-11-30,0.003353,0.000405,0.015109,0.005917,0.006133,-0.00979,-0.003818,0.016706,-0.007406,-0.002498,-0.003175
2022-12-01,0.024134,0.042291,0.004961,0.017087,0.016488,0.050209,0.020087,0.023474,0.024968,0.023862,0.034466
2022-12-02,0.001209,0.005824,-0.003291,-0.005784,0.000295,0.001397,-0.004534,-0.002039,-0.00084,0.002877,-0.000137
2022-12-05,0.010984,0.002509,-0.005944,-0.004709,0.0057,-0.005802,0.004555,-0.004852,-0.004764,0.002582,-0.0013
2022-12-06,-0.019819,-0.015788,-0.029676,-0.02477,-0.016711,-0.016622,-0.012566,-0.016936,-0.005631,-0.009586,-0.028844
2022-12-07,-0.008892,-0.028756,-0.026361,-0.008847,-0.011827,-0.021411,-0.006166,-0.00757,0.006229,-0.007585,-0.015591
2022-12-08,-0.002212,-0.005035,-0.002344,-0.004031,-0.001307,-0.005067,0.004224,0.002104,-0.004643,0.008225,-0.00602
2022-12-09,0.00739,-0.002024,-0.004464,0.000867,0.005941,0.016358,0.00539,0.007349,0.006503,0.009024,0.009661
2022-12-12,-0.009903,0.00284,-0.02431,-0.0026,-0.008209,-0.006149,-0.007714,-0.002084,-0.005197,-0.012807,-0.004356
2022-12-13,0.008644,0.007888,0.026246,0.013322,0.017159,0.021847,0.010541,0.008355,0.022872,0.010654,0.00251
2022-12-14,0.013834,0.016857,0.018975,0.002572,0.003771,0.011811,-0.001434,0.022009,0.003037,0.003083,0.0
2022-12-15,-0.010747,-0.013026,-0.00613,-0.012543,-0.001878,-0.008423,-0.000653,-0.009628,-0.001239,0.001573,-0.00744
2022-12-16,-0.030518,-0.038992,-0.006051,-0.01963,-0.024168,-0.037404,-0.016987,-0.011512,-0.012124,-0.018344,-0.016434
2022-12-19,-0.004281,-0.000208,-0.012294,-0.007656,-0.004263,-0.013236,-0.004918,-0.029503,-0.017015,-0.014542,-0.018687
2022-12-20,-0.012995,-0.023408,-0.00012,-0.002687,-0.005265,-0.013334,-0.000632,-0.01184,-0.003977,-0.003734,-0.016055
2022-12-21,0.006576,0.006836,0.015092,0.004191,0.001236,0.001515,-0.000808,-0.002183,0.000288,-0.000223,-0.011644
2022-12-22,0.008711,0.013155,0.018997,0.015504,0.018819,0.016559,0.00997,0.01012,0.013927,0.013166,0.015939
2022-12-23,-0.009652,-0.008586,-0.023043,-0.008808,-0.012718,-0.025217,-0.002268,-0.004874,-0.006089,-0.001395,-0.025693
2022-12-27,0.006925,0.009717,0.031883,0.005628,0.00593,0.001044,0.005215,0.00898,0.010258,0.000588,0.006845
2022-12-28,0.000891,-0.008996,0.010682,-0.000295,0.003049,-0.00947,0.004788,-0.000809,0.006205,-0.002572,-0.016225
2022-12-29,-0.015269,-0.014566,-0.022389,-0.003536,-0.013071,-0.016124,-0.012444,-0.015925,-0.009531,-0.006483,-0.008403
2022-12-30,0.010854,0.027635,0.010463,0.013897,0.01232,0.026188,0.00429,0.022216,0.007217,0.010899,0.025741
2023-01-04,-0.007031,0.000417,0.006328,-0.002625,-0.003955,-0.001364,-0.004939,-0.009123,-0.009553,-0.003594,-0.002703
2023-01-05,0.017397,0.01872,-0.000119,0.016025,0.00884,0.002596,0.003905,0.02293,0.009078,0.002658,0.014487
2023-01-06,-0.015833,0.001414,0.018249,-0.007456,-0.010777,-0.01942,-0.010059,-0.029272,-0.021647,-0.010234,-0.00929
2023-01-10,0.034363,0.016334,0.018969,0.022248,0.027387,0.029295,0.02669,0.029068,0.020115,0.009224,0.023481
2023-01-11,0.010015,0.015056,0.007106,0.005674,0.005475,0.006182,-0.001333,0.002905,0.00028,0.008396,0.012569
2023-01-12,0.015669,0.007221,0.003073,0.009309,0.009603,0.017328,0.000534,0.036345,0.008112,0.00565,0.026981
2023-01-13,0.003736,0.011044,0.019061,0.001956,0.005884,0.007433,-0.007869,0.011182,-0.006798,-0.003179,0.001664
2023-01-17,0.006124,0.003258,0.001447,0.007532,-0.00117,0.002844,0.004705,-0.00578,-0.003632,0.004449,0.009393
2023-01-18,-0.010025,-0.00936,0.002112,-0.006644,-0.008491,0.004522,0.000669,0.000253,-0.001402,-0.004651,0.000716
2023-01-19,-0.014105,-0.012148,-0.018305,-0.018674,-0.018801,-0.012893,-0.027276,-0.015416,-0.024007,-0.014093,-0.013018
2023-01-20,-0.007704,0.005075,0.01243,-0.011644,-0.020566,-0.01167,-0.009485,-0.004877,-0.010069,0.002408,-0.016597
2023-01-23,0.020086,0.031268,0.009934,0.015805,0.01393,0.027057,0.007771,0.011607,0.005958,0.005028,0.024246
2023-01-24,0.003262,0.017514,0.001326,0.011598,0.01091,0.022765,0.003167,0.002805,0.000289,0.003435,0.015614
2023-01-25,0.000602,-0.002776,-0.003863,0.000559,0.006595,-0.000447,0.004118,0.004322,0.005054,-0.006623,-0.001133
2023-01-26,0.002045,0.003526,0.000111,0.007826,-0.005559,-0.002085,0.002461,0.001013,-0.013506,0.0003,0.005107
2023-01-27,0.004804,0.015535,0.031575,0.005269,0.005491,0.015971,-0.003545,0.011381,0.00335,0.001873,0.020464
2023-01-30,-0.003227,0.00692,-0.020191,0.0,0.00417,0.004187,-0.002874,0.009002,0.0,-0.006803,0.022682
2023-01-31,-0.006835,-0.015735,-0.022909,-0.004965,-0.009788,-0.019093,0.001235,-0.012144,-0.0045,-0.009032,-0.01704
2023-02-01,0.021973,0.012128,0.008863,0.013585,0.016974,0.013946,0.010829,0.018314,0.007436,0.012912,0.022907
2023-02-02,0.006615,0.011801,-0.019682,0.0,0.007266,0.023537,0.008001,0.007391,0.001737,0.004724,0.018964
2023-02-03,-0.003169,0.065674,-0.022799,0.002735,0.007798,0.027307,-0.00861,0.022989,0.002167,-0.006791,0.030623
2023-02-06,-0.018013,-0.020037,-0.002206,-0.001909,-0.005223,-0.008324,-0.003936,-0.020798,-0.020905,-0.002931,-0.030802
2023-02-07,-0.01103,-0.012027,-0.004537,-0.000273,-0.002431,-0.012203,0.001226,-0.006348,0.008541,-0.005577,-0.001454
2023-02-08,0.013456,0.018609,0.032488,0.011482,0.003119,0.024993,-0.004218,-0.003931,-0.000438,0.006442,0.002316
2023-02-09,-0.008014,-0.031415,-0.008942,-0.005946,-0.005635,-0.012052,-0.007652,-0.002713,-0.016798,-0.002937,-0.008516
2023-02-10,-0.01447,-0.021858,-0.008565,-0.011147,-0.00899,-0.0055,-0.004407,-0.009646,-0.013668,-0.008761,-0.001864
2023-02-13,0.003671,-0.009551,0.039166,0.0033,0.007099,-0.004609,0.009267,0.001998,0.019882,0.009448,-0.01174
2023-02-14,0.005242,0.014192,-0.002549,0.01151,0.009105,0.01731,0.011374,0.009222,0.006055,0.008302,0.014647
2023-02-15,0.002304,0.000359,0.000333,-0.005419,-0.002717,0.004271,-0.009079,-0.010373,-0.004257,-0.005913,0.011974
2023-02-16,0.004356,0.009147,-0.016998,0.00109,0.006226,0.004672,0.001915,0.002745,0.006487,-0.00497,0.011701
2023-02-17,-0.011324,-0.015284,-0.009833,-0.010068,-0.010345,-0.01735,-0.007234,-0.009208,-0.007617,-0.00999,-0.021832
2023-02-21,-0.009382,-0.001083,-0.035612,0.000275,0.006546,-0.012501,0.012923,-0.005024,0.010775,0.008944,0.000199
2023-02-22,-0.016482,-0.022041,-0.004971,-0.02061,-0.022906,-0.023745,-0.0038,-0.019692,-0.018692,-0.012956,-0.033407
2023-02-24,0.007504,0.002032,-0.006661,-0.001122,-0.002483,-0.001465,-0.001499,-0.009013,-0.003869,-0.003377,0.005085
2023-02-27,0.006696,-0.013891,-0.001297,0.000842,-0.005749,-0.017826,-0.006694,-0.018533,0.000301,-0.012904,-0.015736
2023-02-28,0.003325,0.003193,0.002953,-0.000281,0.008872,0.005364,-0.0011,0.001574,-0.006756,-0.003035,0.012373
2023-03-01,0.004542,0.001685,-0.014368,0.001964,-0.002273,-0.002193,-0.008261,0.000523,-0.017533,-0.007415,-0.000687
2023-03-02,0.007821,-0.007664,0.019716,-0.003359,0.003962,-0.007325,-0.007358,-0.015441,-0.016461,-0.001651,-0.012574
2023-03-03,0.011398,0.009418,0.008788,-0.004775,0.011739,0.012323,0.013706,0.013025,0.018927,0.006144,-0.00334
2023-03-06,0.014267,0.021832,0.013591,0.015806,0.010823,0.021503,0.000828,0.016793,0.01704,0.011195,0.021504
2023-03-07,-0.016194,0.0,0.000458,0.000834,-0.001833,0.004781,0.002619,-0.003871,0.00483,-0.000464,-0.007313
2023-03-08,-0.019705,-0.010226,-0.017411,-0.025819,-0.012853,-0.012428,-0.0099,-0.025129,-0.016374,-0.01611,-0.013632
2023-03-09,0.004903,0.000553,-0.010259,-0.003705,0.002349,0.00827,0.001666,0.014085,0.007636,-0.005353,-0.001815
2023-03-10,-0.025735,-0.022497,-0.014134,-0.040618,-0.014748,-0.014335,-0.009289,-0.022799,-0.008033,-0.010131,-0.023846
2023-03-13,-0.021282,-0.014148,-0.012784,-0.018187,-0.018636,-0.017583,-0.004898,-0.031912,-0.015737,-0.007356,-0.009957
2023-03-14,-0.010233,0.0,-0.020332,-0.039478,-0.005656,0.00545,0.005062,0.016066,0.015368,0.009344,0.002098
2023-03-15,0.012794,0.02832,0.009883,0.020234,0.010565,0.023075,0.009095,0.01036,0.013148,0.008938,0.016969
2023-03-16,-0.032411,0.010793,-0.0537,-0.02665,-0.024628,0.000573,0.006517,0.00054,0.013581,-0.00087,-0.001491
2023-03-17,0.011473,0.022459,0.010858,0.019102,0.012883,0.028052,0.000689,0.0,0.006699,0.009341,0.018061
2023-03-20,-0.015515,-0.009543,-0.015729,-0.032177,-0.016382,-0.001392,-0.007296,-0.022924,-0.009612,-0.012863,-0.012782
2023-03-22,0.020576,0.007474,0.02002,0.011127,0.013243,0.002696,0.013865,0.01073,0.007822,0.012674,0.004329
2023-03-23,-0.01777,-0.017538,-0.021272,-0.023154,-0.019153,-0.009952,-0.009216,-0.036514,-0.01965,-0.01511,-0.022279
2023-03-24,-0.00118,0.016228,-0.013854,-0.006726,-0.002893,0.016265,-0.003887,-0.00603,-0.010255,-0.001908,-0.001055
2023-03-27,0.008137,0.005146,0.003867,-0.000645,0.004145,0.00261,0.017004,0.025708,0.03124,0.013858,-0.003239
2023-03-28,0.007421,-0.005649,0.021312,0.013876,0.008358,-0.007742,0.005345,-0.003379,0.001218,0.004085,0.002048
2023-03-29,0.004782,-0.008166,0.015462,-0.000318,0.005117,-0.004695,0.001772,-0.003391,0.002737,-0.006024,-0.001198
2023-03-30,0.013891,0.013245,0.013865,0.014645,0.014559,0.02095,0.005579,0.023816,0.014557,0.002755,0.018984
2023-03-31,0.00685,0.00477,0.004396,-0.002196,0.002107,0.011619,0.002842,0.013016,0.004334,0.005416,0.008726
2023-04-03,0.016253,0.019163,0.006929,0.011006,0.013219,0.014307,0.008096,0.02187,0.007292,0.010696,0.026708
2023-04-04,0.006323,0.00414,0.045274,0.001866,0.001779,-0.001589,0.00522,-0.009363,-0.006796,0.0112,-0.009161
2023-04-05,-0.014414,0.003092,-0.018134,-0.009314,-0.022395,-0.005505,-0.001997,0.00027,0.005057,0.000152,-0.00162
2023-04-06,-0.00225,-0.003254,0.015057,-0.001254,-0.013019,-0.011405,0.00467,-0.00513,0.025899,0.017261,-0.020483
2023-04-10,-0.00238,0.012543,-0.015182,0.003765,-0.000307,0.005667,0.000797,0.006784,0.007068,0.002478,0.000207
2023-04-11,0.004772,-0.002206,0.008002,0.002188,0.009103,-0.000537,0.0,0.005121,-0.002005,-0.000674,0.004416
2023-04-12,0.007749,-0.002551,0.009456,0.008733,0.00598,-0.009397,0.002919,0.004827,0.000861,0.003373,0.00158
2023-04-13,0.000744,-0.010401,0.000694,-0.002164,0.003325,-0.005691,-0.004499,-0.002936,-0.001004,0.000299,-0.015501
2023-04-14,0.010286,0.020848,0.006241,0.008987,0.003715,0.018603,0.005582,-0.003212,0.000143,0.012993,0.022084
2023-04-17,-0.007238,-0.000338,0.001837,0.009828,-0.0012,-0.005553,-0.006344,-0.017186,-0.011196,-0.008035,0.001295
2023-04-18,0.005808,-0.00574,-0.011808,0.011557,0.007913,0.003633,0.006385,0.022678,0.005516,-0.000817,0.00708
2023-04-19,0.004177,-0.005094,0.003945,0.003007,0.00477,0.003083,0.00304,-0.001603,-0.005197,-0.006842,0.001622
2023-04-20,-0.002814,-0.00751,-0.003467,0.002398,-0.000791,-0.002873,-0.000659,0.005887,0.007691,0.00307,-0.000945
2023-04-21,-0.001104,-0.010318,-0.008813,-0.00299,-0.001782,-0.006567,0.002373,-0.011971,-0.000288,-0.004106,-0.015401
2023-04-24,-0.008843,0.002433,-0.005849,-0.003599,-0.002281,-0.003238,0.007235,0.001077,0.002881,0.006747,0.011046
2023-04-25,0.006816,-0.00104,0.015298,-0.002408,0.002386,-0.004399,0.004049,-0.00269,0.005027,0.005585,-0.000136
2023-04-26,-0.021662,-0.015617,-0.018776,-0.0172,-0.018443,-0.021345,-0.001301,-0.009169,-0.001,-0.010663,-0.019817
2023-04-27,-0.011825,-0.010576,-0.013347,-0.009518,-0.018891,0.014864,-0.007814,-0.008165,-0.023462,-0.01422,-0.005123
2023-04-28,0.013622,0.058079,0.003591,0.016119,0.019769,0.021217,0.011158,0.024149,0.012013,0.005238,0.026376
2023-05-01,0.011681,0.008587,0.015508,0.011898,0.009693,0.010857,0.005323,0.011522,-0.001447,0.008535,0.002577
2023-05-02,-0.000497,-0.000167,-0.011277,-0.002713,0.0054,0.000597,0.000775,-0.009272,0.00174,0.005167,-0.009874
2023-05-08,-0.009688,-0.018534,-0.043483,-0.022672,-0.010444,-0.009343,-0.00271,-0.017112,-0.012156,-0.004321,0.001025
2023-05-09,-0.003264,0.010115,0.0,0.001547,-0.003618,-0.000529,-0.00298,-0.006944,-0.003042,-0.002171,0.003397
2023-05-10,-0.009068,-0.00628,0.000374,-0.003706,0.002219,-0.007674,-0.003119,-0.003227,-0.001308,-0.006676,-0.000271
2023-05-11,0.000636,0.008881,-0.011338,-0.00558,-0.003623,0.0122,-0.001565,0.009444,0.009166,0.002794,0.00508
2023-05-12,-0.009781,0.009988,-0.011972,-0.001559,-0.00606,-0.004479,0.003003,-0.010425,-0.010236,-0.003088,0.004649
2023-05-15,0.001796,0.000838,0.00153,-0.004059,0.000711,-0.001323,0.003905,0.001891,0.005535,-0.00136,-0.008451
2023-05-16,0.008451,0.004689,0.005094,0.00815,0.004874,0.008281,-0.002464,-0.001887,-0.012603,-0.00174,0.001285
2023-05-17,-0.016506,-0.001167,-0.024582,-0.009328,-0.013541,0.001051,-0.008449,-0.026742,-0.022154,-0.008336,-0.004054
2023-05-18,0.006584,0.012183,0.019226,0.020088,0.01721,0.013324,-0.000524,0.013045,-0.003601,0.001223,0.020825
2023-05-19,0.0059,0.017972,0.007265,0.007385,0.007251,0.020468,-0.004853,-0.006301,-0.003012,-0.002443,0.015549
2023-05-22,0.00255,-0.005345,0.007719,-0.004276,-0.0024,-0.000444,0.000659,-0.001654,-0.00151,0.004667,-0.008375
2023-05-23,-0.005214,0.009119,-0.004144,0.00184,-0.0002,0.001905,-0.015148,0.006628,0.000303,0.00099,-0.003101
2023-05-24,-0.015469,-0.012425,0.010718,-0.011635,-0.012029,-0.014767,-0.007356,-0.012346,-0.003478,-0.010956,-0.009134
2023-05-25,-0.011427,-0.004575,0.004366,-0.013011,-0.012886,-0.007334,-0.006467,-0.021945,-0.006525,-0.006846,-0.003674
2023-05-26,-0.003546,0.0,-0.017762,-0.000314,0.003289,0.038364,-0.007594,0.002272,-0.013441,-0.010224,-0.004492
2023-05-30,0.005009,0.020355,-0.00392,0.008163,0.007479,0.028396,0.003416,0.011618,0.0,-0.002035,0.023505
2023-05-31,-0.005378,0.001609,-0.010283,-0.000311,-0.001525,0.005341,-0.01144,0.003081,-0.003871,-0.006195,0.006712
2023-06-01,-0.010682,-0.000321,-0.017573,-0.010592,-0.013647,-0.00833,0.001102,0.006423,0.00917,0.0086,-0.00902
2023-06-02,0.01333,0.013496,0.012404,0.010705,0.012803,0.010166,-0.000826,0.000277,-0.007393,0.006571,0.011807
2023-06-05,0.033544,0.001268,0.030436,0.021807,0.029055,0.005725,0.013772,0.021082,0.010396,0.012824,0.023468
2023-06-06,-0.000764,0.002533,-0.006633,-0.005183,-0.006935,-0.005752,-0.003668,-0.004618,0.00476,0.003606,0.002994
2023-06-07,0.006369,0.004106,0.008064,0.012565,0.006285,-0.000241,-0.005045,0.006004,-0.000764,-0.008334,0.010415
2023-06-08,0.011897,-0.011167,0.026497,0.003934,0.01606,-0.014949,-0.003289,0.018448,0.016978,-0.003932,-0.006788
2023-06-09,-0.003627,0.00509,-0.004261,-0.000904,0.001756,0.010831,0.006875,-0.006127,0.004362,0.006424,0.014807
2023-06-12,-0.008285,0.000316,-0.005502,0.000302,-0.00263,0.004964,-0.001639,-0.005092,-0.00584,0.003077,0.005175
2023-06-13,0.004557,0.011865,-0.009591,-0.000302,0.007129,0.021746,-0.000274,-0.000539,-0.001808,0.003604,0.017184
2023-06-14,0.023185,0.003283,0.004718,0.006035,0.011636,0.006072,0.004105,0.007277,-0.000151,0.005042,0.010368
2023-06-15,-0.004187,0.001714,-0.010256,-0.003899,-0.002684,0.010314,0.006131,0.005352,-0.000604,-0.010262,-0.000724
2023-06-16,0.008533,0.015868,0.010986,0.013249,0.015089,0.012876,0.010022,0.004259,0.010873,0.015515,0.006523
2023-06-20,0.002452,-0.008269,-0.001482,-0.00208,-0.00161,-0.008246,0.001206,-0.00106,0.005378,-7.6e-05,-0.0015
2023-06-21,-0.013534,-0.004872,-0.022382,-0.007479,-0.007426,-0.006758,-0.007607,-0.010742,-0.011728,-0.001124,0.007492
2023-06-22,0.00324,-0.009947,0.007912,-0.001206,0.005563,-0.014797,0.003533,-0.004332,0.008033,0.000152,-0.012015
2023-06-23,-0.00236,0.007849,-0.013421,-0.007845,-0.00725,0.00816,0.005824,-0.014142,-0.007668,0.006842,0.012766
2023-06-26,-0.008092,-0.002181,-0.007187,-0.004258,-0.007591,-0.01085,-0.006598,-0.010759,-0.014697,-0.003322,-0.01159
2023-06-27,0.010418,-0.009991,0.017968,-0.002138,0.008327,-0.007175,0.001356,0.022309,0.009841,-0.005682,-0.012813
2023-06-28,0.014162,0.016872,0.002286,0.007958,0.012003,0.019709,0.002978,0.010911,0.000305,-0.002286,0.02149
2023-06-29,-0.006859,0.004497,0.010136,-0.00243,0.0,0.000586,-0.006748,0.002698,-0.014766,-0.003207,0.003956
2023-06-30,0.01258,-0.005403,0.011539,0.017352,0.009678,0.001756,-0.000951,0.00915,0.0,0.006512,0.001075
2023-07-03,0.009379,0.010089,0.006448,0.008677,0.008552,0.015893,0.008704,0.005067,0.011125,0.010275,0.012703
2023-07-05,0.003741,0.00338,0.002341,0.005636,0.000186,-0.002128,0.00782,0.00796,0.007488,-0.008212,0.012072
2023-07-06,-0.024645,0.007657,-0.005531,-0.002065,-0.005403,-0.006168,-0.001739,0.005001,0.011376,-0.000532,0.000407
2023-07-07,-0.007272,-0.007903,-0.022494,-0.008572,-0.007494,-0.002668,-0.002546,-0.0055,-0.012147,-0.00798,-0.016111
2023-07-10,0.008691,-0.003523,0.021495,0.001491,0.002265,-0.004361,-0.013032,-0.004741,-0.007287,-0.011646,0.001241
2023-07-11,-0.000246,-0.002614,0.007798,0.004466,0.014219,0.002628,-0.000272,0.00344,-0.004282,0.007907,0.00307
2023-07-12,0.00985,0.017417,0.021985,0.011855,0.011791,0.002155,0.001498,0.01134,0.01244,0.000231,0.008358
2023-07-13,0.013168,0.012119,0.009254,0.006444,-0.001743,0.011335,0.002311,0.004694,0.014563,-0.002691,0.00899
2023-07-14,0.007822,0.014669,-0.003811,0.003492,0.001287,0.013048,0.004205,0.006748,0.003439,0.000386,0.009372
2023-07-18,-0.005851,-0.009441,-0.026416,-0.00667,-0.002938,-0.001475,0.003377,0.0,-0.003874,0.015029,0.002579
2023-07-19,0.007799,0.006875,0.010087,0.011278,0.005595,0.011333,-0.00108,-0.00832,-0.007718,0.007399,0.0041
2023-07-20,-0.005358,0.00282,0.005846,0.004289,-0.000456,-0.002496,0.010138,0.011012,0.010218,0.004619,0.003516
2023-07-21,0.002394,-0.019834,0.011745,0.007403,0.004472,-0.019966,0.008564,-0.003371,0.018267,0.016581,-0.034073
2023-07-24,0.00012,-0.009967,0.008856,-0.003392,-0.004724,-0.000511,0.003449,0.004423,0.014974,0.010083,0.000234
2023-07-25,0.003105,0.00183,0.016133,0.009643,0.002282,0.00176,0.003835,0.009586,-0.002629,-0.002202,0.00655
2023-07-26,0.017974,0.003197,0.005253,-0.006461,-0.001275,0.011449,-0.000263,-0.007442,0.001758,-0.000441,-0.002324
2023-07-27,-0.003391,0.015632,0.000349,0.005937,0.007022,-0.013449,0.001186,0.00362,0.0,-0.000662,-0.000233
2023-07-28,-0.006453,0.008368,-0.006385,-0.012647,-0.008603,-0.002897,-0.008817,-0.021123,-0.01769,-0.007364,-0.010369
2023-07-31,0.006967,0.01971,0.003038,0.001992,0.006211,0.013614,0.010356,-0.002895,-0.002233,0.002967,0.016953
2023-08-01,0.005277,-0.000291,0.018987,0.003693,0.00236,0.002304,-0.004599,0.007918,0.000447,-0.007693,0.005673
2023-08-02,-0.004433,-0.001308,-0.004687,0.0,0.002989,0.001682,-0.005413,-0.001833,-0.012226,-0.005218,-0.011339
2023-08-03,-0.012421,-0.018777,-0.013093,-0.008491,-0.010474,-0.024741,0.003584,-0.004197,0.0,0.000674,-0.017931
2023-08-04,-0.00617,-0.002522,0.010125,0.000571,-0.006296,-0.004075,-0.002777,-0.013699,-0.022792,-0.005017,0.002371
2023-08-07,-0.002268,-0.002231,0.001382,-0.003994,-0.006061,-0.013601,-0.009947,-0.009882,-0.011585,-0.003537,0.014549
2023-08-08,0.006581,0.015502,0.00115,0.014036,0.012288,0.002804,0.008172,0.012679,-0.000156,0.011556,0.010259
2023-08-09,-0.01058,-0.002788,0.004942,-0.00904,-0.004563,-0.007691,-0.007175,-0.005061,0.004689,0.007691,-0.007963
2023-08-10,-0.004085,-0.010745,0.012579,-0.007412,-0.00055,-0.012917,0.001472,0.00241,0.002178,-0.000297,-0.011865
2023-08-14,0.000724,0.003422,-0.000113,0.000862,-0.002752,0.000119,-0.002005,-0.003205,-0.003105,-0.000667,0.002413
2023-08-15,0.002176,0.0073,-0.004227,-0.002004,0.000367,0.015938,-0.004946,-0.005349,-0.007899,0.003022,0.003064
2023-08-16,-0.016285,-0.008874,-0.020778,-0.018365,-0.01276,-0.009849,-0.010748,-0.010218,-0.016235,-0.003674,-0.013628
2023-08-17,-0.006744,-0.011939,-0.00867,-0.001462,-0.005579,-0.00953,-0.002309,-0.012225,0.004443,-0.007597,-0.012387
2023-08-18,-0.001976,-0.011479,0.011968,-0.004977,-0.008416,-0.009501,-0.009665,-0.007426,-0.002212,-0.007953,-0.016944
2023-08-21,-0.000124,-0.005959,0.009893,-0.000294,0.001886,0.001518,0.003712,0.002771,0.005225,0.000375,-0.002269
2023-08-22,0.000124,0.007224,-0.006306,-0.001177,-0.001224,0.019095,-0.006711,-0.008566,-0.0063,0.001048,0.011496
2023-08-23,-0.000866,0.0,-0.007705,-0.009429,-0.002356,-0.00113,-0.005653,0.003066,0.002853,-0.003516,0.001459
2023-08-24,0.001609,0.016176,-0.002512,0.009816,0.010297,0.018044,0.006656,0.014726,0.003951,0.003003,0.008011
2023-08-25,-0.004203,-0.019222,-0.006869,-0.003535,-0.012155,-0.023047,-0.007989,-0.004655,-0.005825,-0.008683,-0.019568
2023-08-28,0.002979,0.001072,0.009683,0.004729,0.008424,0.010179,0.005554,0.002751,0.007601,0.007324,0.011177
2023-08-29,0.007302,0.012236,0.006736,0.00559,0.008166,0.00818,0.004557,0.007956,-0.000157,0.002324,0.004008
2023-08-30,0.016587,0.022212,0.002722,0.00907,0.007634,0.020048,0.003574,0.011432,0.003772,0.008974,0.024982
2023-08-31,0.002296,0.000148,0.004976,0.00058,0.004527,0.00755,0.001644,0.003498,-0.004541,-0.000741,0.004308
2023-09-01,-0.000482,0.001035,0.000675,-0.003767,-0.004507,0.004862,-0.005059,-0.00724,-0.009596,-0.011942,0.003114
2023-09-05,0.01122,-0.009302,0.020468,0.009017,0.005267,0.003074,-0.008521,-0.00054,-0.005082,0.002702,-0.006092
2023-09-06,-0.018492,-0.000149,0.00529,-0.010089,-0.01682,0.003576,-0.008595,-0.01,-0.015326,-0.010332,0.000707
2023-09-07,-0.002188,-0.00313,0.000438,-0.000582,-0.0043,-0.010575,-0.001118,-0.001911,0.00227,-0.005447,-0.008893
2023-09-08,-0.004507,-0.001794,-0.000986,-0.002623,-0.003286,-0.014461,0.002379,0.008206,0.013102,0.004488,0.002793
2023-09-11,0.000979,0.002996,0.009652,0.002045,-0.004993,0.002088,0.001257,-0.006511,0.008782,0.0,0.0
2023-09-12,0.004279,0.015084,-0.013145,0.004664,0.000284,0.005209,0.008647,0.000546,0.004115,0.006891,0.026904
2023-09-13,-0.002313,-0.010446,0.023558,0.006675,-0.003596,-0.018136,-0.008573,0.0,0.001261,-0.001278,-0.00906
2023-09-14,-0.005857,0.003271,-0.007529,0.0,-0.006649,0.002521,0.003068,-0.010098,0.011965,0.00015,0.00792
2023-09-15,0.014114,0.01393,0.011704,0.009225,0.009849,0.007253,0.01015,0.018197,0.014624,0.003162,0.009822
2023-09-19,-0.011134,-0.0133,-0.01446,-0.005141,-0.005776,-0.019221,-0.008259,-0.003791,-0.004293,-0.007881,-0.017107
2023-09-20,-0.000864,0.000742,-0.009337,-0.00115,-0.004203,-0.000532,-0.002376,-0.005251,-0.005437,0.000837,-0.005011
2023-09-21,-0.010506,-0.013642,-0.009315,-0.00691,-0.003933,-0.015715,0.000981,0.001945,0.000937,7.6e-05,-0.009955
2023-09-22,-0.02011,-0.012327,-0.013717,-0.016527,-0.016371,-0.015246,-0.012878,-0.034664,-0.010456,-0.008741,-0.027291
2023-09-25,-0.00102,-0.001218,0.001682,-0.007665,-0.003427,0.002133,-0.005389,-0.006895,-0.001892,-0.00207,-0.009845
2023-09-26,0.007911,0.002438,0.012541,0.002377,0.00501,0.003224,-0.003564,-0.001736,-0.001422,0.005455,0.006152
2023-09-27,-0.014432,-0.011098,-0.00575,-0.013337,-0.015249,-0.018007,-0.00744,-0.017676,-0.029905,-0.008482,-0.018219
2023-09-28,-0.000128,0.002613,0.024914,-0.001502,0.007445,0.001544,-0.008217,-0.00885,-0.019246,-0.00501,-0.003837
2023-09-29,0.010791,0.01104,0.001085,0.00722,0.004237,0.007089,0.003052,0.010417,-0.02162,0.004803,0.011177
2023-10-02,-0.001652,-0.005611,-0.020163,-0.00926,-0.005298,0.003428,-0.002898,0.003535,0.0017,-0.007555,0.005308
2023-10-03,-0.01324,0.007473,-0.019914,-0.008441,-0.009765,0.010736,-0.00683,-0.018198,-0.046496,-0.001398,0.000808
2023-10-04,-0.002709,-0.013473,-0.000677,-0.01581,-0.006973,-0.016959,-0.00717,-0.018236,0.011568,-0.008867,-0.024331
2023-10-05,0.011772,0.009514,-0.031402,0.007414,0.00321,0.012463,0.007958,0.010658,-0.001055,0.004238,0.019721
2023-10-06,-0.012147,-0.001368,-0.006181,0.0046,-0.005899,0.001334,-0.019739,0.007231,-0.005812,0.00547,-0.004991
2023-10-10,0.009449,0.018417,0.005985,0.008547,0.013679,0.018712,-0.005519,0.003889,0.014172,0.010493,0.007022
2023-10-11,0.010629,0.005767,0.001242,0.00726,0.006057,0.001538,0.01019,0.003529,0.013663,0.004752,0.010946
2023-10-12,0.002408,0.009115,-0.012853,0.001501,0.00602,0.009271,-0.006824,0.020223,0.016209,-0.004425,0.003568
2023-10-13,-0.014916,-0.011801,0.001142,-0.006297,-0.009073,0.000936,-0.010904,-0.013215,-0.015447,-0.008582,-0.010912
2023-10-16,-0.003721,-0.011205,0.022017,0.002112,-0.008864,-0.014321,0.008759,-0.000291,0.011255,0.00626,-0.014689
2023-10-17,0.009789,0.016103,0.006697,0.010539,0.010614,0.009607,0.010329,0.010192,0.010287,0.007528,0.016166
2023-10-18,0.009821,0.003522,0.010422,0.004768,0.003112,-0.00464,0.004297,-0.005189,-0.002671,-0.001372,0.002352
2023-10-19,-0.025894,-0.017254,0.009108,-0.0172,-0.02414,-0.010268,0.003688,-0.022022,-0.008703,-0.008703,-0.023468
2023-10-20,-0.01167,-0.001042,-0.00174,-0.013277,-0.009239,-0.005724,-0.00735,-0.024593,-0.009961,-0.009858,-0.02555
2023-10-23,-0.01207,-0.009234,-0.016776,-0.015291,-0.010328,-0.01691,-0.00385,-0.005164,-0.010403,-0.003967,-0.015512
2023-10-24,-0.011155,0.005262,-0.016176,-0.006211,-0.00466,0.001159,-0.001933,-0.00855,-0.008444,-0.006247,0.001187
2023-10-25,0.011818,0.011814,-0.014077,0.006875,0.007533,0.006885,0.00849,0.012627,0.025721,0.003065,0.010667
2023-10-26,-0.01168,-0.043305,-0.001828,-0.003724,-0.012831,-0.0118,0.003397,-0.020986,0.005591,-0.008931,-0.020197
2023-10-27,0.006984,-0.021783,-0.007781,-0.002181,-0.004196,-0.019105,-0.006476,0.021125,0.008593,-0.009881,-0.015626
2023-10-30,-0.0004,-0.003632,-0.023988,-0.018108,-0.008839,0.005806,-0.01363,-0.01582,-0.018877,-0.016925,0.01047
2023-10-31,0.010273,0.020605,0.003309,0.017806,0.012443,0.010737,0.01562,0.003091,0.007662,0.005603,0.009158
2023-11-01,0.00449,0.005125,0.003298,0.010934,0.007374,0.007123,0.003549,0.020031,0.008618,0.005734,0.007552
2023-11-02,0.000526,0.014678,-0.002348,0.006489,0.003253,0.019328,-0.001032,0.005136,0.011392,0.002088,0.01236
2023-11-06,0.019317,0.013248,0.030239,0.023641,0.020572,0.016928,0.012981,0.030959,0.018718,0.015865,0.026107
2023-11-07,-0.00495,-0.002664,-0.011306,-0.00296,-0.002657,0.006579,0.0016,-0.013672,-0.002587,0.006671,0.001248
2023-11-08,-0.019388,0.005343,-0.02217,-0.001484,-0.002467,0.010932,0.002469,-0.008374,-0.007293,0.000702,0.011158
2023-11-09,0.003122,-0.004724,-0.01253,0.001189,0.002275,0.005664,-0.003911,0.005824,-0.007347,-0.001402,-0.002651
2023-11-10,-0.008558,-0.000297,-0.003021,-0.004158,-0.002171,-0.004665,-0.004072,-0.015344,-0.013158,-0.020676,-0.018667
2023-11-13,0.011771,0.015875,0.01103,0.011333,0.014443,0.026122,0.007009,0.011173,0.005333,0.005975,0.016629
2023-11-14,-0.001422,-0.002191,0.007193,-0.001475,0.000878,-0.005849,0.003191,-0.008433,-0.011936,0.005781,0.004275
2023-11-15,0.029514,0.016247,0.008927,0.018901,0.02007,0.020003,0.010263,0.053959,0.039933,0.006772,0.033685
2023-11-16,0.004401,0.004897,-0.001888,0.005507,0.002101,0.001264,0.008013,0.002226,-0.003065,0.000782,0.001194
2023-11-17,0.003004,0.004443,-0.019504,0.004036,0.000191,0.004992,-0.012349,-0.000278,0.005341,0.004298,-0.010253
2023-11-20,0.001872,-0.000143,0.020977,0.005168,0.006385,-0.002074,-0.001293,-0.001111,0.002737,-0.002023,0.006686
2023-11-21,0.001744,0.011274,0.001417,0.003999,0.00303,0.014497,-0.00072,0.007784,-0.00305,0.006082,0.005145
2023-11-22,0.003855,-0.003387,-0.00224,-0.000569,-0.000755,-0.008088,0.003024,-0.004965,0.002093,0.006045,-0.002559
2023-11-24,0.000619,0.008213,-0.000473,0.003985,0.002173,0.004458,0.007179,0.00305,0.004821,0.004776,0.003044
2023-11-27,0.004333,-0.003371,0.004138,0.003119,0.002451,-0.001948,0.003707,0.00387,0.002559,0.005367,0.000952
2023-11-28,-0.001233,-0.006201,-0.003532,-0.003392,-0.005642,-5.4e-05,-0.00284,0.003579,0.001595,-0.006253,0.001605
2023-11-29,0.001975,0.002411,0.000236,-0.000284,-0.002364,0.001898,0.004558,0.005487,0.003185,-0.005142,0.005756
2023-11-30,0.005174,-0.007215,-0.007442,0.007092,0.003792,0.000758,-0.008082,0.00764,-0.007938,0.000309,-0.002714
2023-12-01,0.009927,-0.005842,0.006665,0.011268,0.010955,0.00146,0.010006,0.008124,0.004321,0.01257,-0.00142
2023-12-04,0.011406,0.002007,0.005202,0.007521,0.015787,0.002268,0.004104,0.020951,0.012269,0.00396,0.013686
2023-12-05,-0.011638,-0.010013,-0.004587,-0.001106,0.001655,-0.012178,0.001269,0.005525,-0.003935,0.001897,-0.003799
2023-12-06,-0.013717,-0.004624,-0.017488,-0.004982,-0.008079,0.006,-0.007883,-0.004186,-0.007111,-0.001287,0.00176
2023-12-07,-0.002092,-0.002613,-0.014913,-0.005007,0.004443,-0.008459,-0.002554,-0.003416,0.013369,0.000758,0.001464
2023-12-08,0.006783,0.020958,-0.006837,0.004753,0.000922,0.01214,0.004267,0.001318,-0.002199,-0.001212,0.008246
2023-12-11,0.003675,0.004704,0.010818,0.005287,0.00313,0.008537,-0.00694,-0.002106,-0.001889,0.001668,0.004583
2023-12-12,0.007079,-0.007662,0.001216,0.006089,0.009545,0.008733,0.009556,0.00343,0.006466,0.006588,0.002656
2023-12-13,0.005818,0.004146,-0.013725,0.007153,0.004545,0.006639,0.003249,-0.000263,-0.004074,0.004287,0.00311
2023-12-14,0.01217,0.009398,0.013916,0.016116,0.011131,0.008811,0.018166,0.036297,0.03776,0.018426,0.013089
2023-12-15,0.016548,0.004373,0.029394,0.009946,0.012888,-0.002458,-0.014661,0.027665,-0.013038,-0.004854,0.01343
2023-12-18,-0.002577,-0.002528,-0.00531,-0.005856,-0.001326,0.005033,0.0,-0.012102,-0.017358,-0.008499,0.002069
2023-12-19,0.001549,0.012337,0.008168,0.003337,-4.4e-05,0.00299,0.01041,-0.002754,-0.002256,0.001632,0.006205
2023-12-20,0.009208,0.010178,0.011998,0.007509,0.00774,0.003805,0.00196,0.006841,0.005693,0.006727,0.007833
2023-12-21,-0.015323,-0.007729,-0.009273,-0.017833,-0.016156,-0.015111,-0.019419,-0.012582,-0.020286,-0.014479,-0.018246
2023-12-22,0.010573,0.009876,0.00391,0.009756,0.010319,0.01123,0.006981,0.00841,0.001766,0.012205,0.015216
2023-12-26,0.00623,0.000138,0.00295,0.002147,0.004796,0.001303,0.00764,0.004043,0.003365,0.004987,-0.007356
2023-12-27,0.004673,0.003856,0.00859,0.004017,0.007071,0.004166,0.004212,0.007299,0.006068,0.002222,0.004235
2023-12-28,0.002442,0.000137,-0.004434,0.003201,0.001492,-5.2e-05,0.004614,0.005747,-0.000635,0.004212,0.00344
2023-12-29,-0.003828,0.002743,-0.015235,0.002925,0.000263,0.001193,0.000418,0.006211,0.007147,0.002576,-0.005197
2024-01-04,-0.003959,-0.006019,-0.002261,-0.003181,-0.001227,-0.003056,0.002087,-0.010864,-0.001262,0.001027,-0.006169
2024-01-05,-0.003196,-0.003334,-0.017534,0.004006,0.001259,-0.00733,-0.001384,-0.002534,-0.003101,0.00498,-0.007029
2024-01-09,0.001663,0.004182,0.000827,0.004256,0.001168,-0.000272,-0.002217,-0.002032,0.003733,-0.000862,0.001567
2024-01-10,-0.011452,-0.00205,-0.016009,-0.006318,-0.003121,0.001589,0.002619,-0.00703,-0.008154,-0.000143,-0.003702
2024-01-11,-0.001314,0.009314,-0.009835,0.001589,0.005098,0.008517,-0.002062,0.001517,-0.000155,0.004561,0.008004
2024-01-12,-0.00299,-0.003257,0.002575,-0.003703,-0.002314,0.005088,-0.000138,-0.009341,-0.02327,-0.000709,-0.001304
2024-01-16,0.00096,0.004901,0.011252,-0.001858,-8.9e-05,0.003236,0.003169,0.007645,0.005718,-0.002484,-0.01204
2024-01-17,-0.011504,-0.00569,-0.023827,-0.006915,-0.010079,0.002497,-0.005495,-0.00607,-0.010897,-0.005978,-0.00115
2024-01-18,-0.007274,-0.006131,-0.008301,-0.001875,-0.006758,-0.004929,-0.000691,-0.01832,-0.01453,-0.002005,-0.008748
2024-01-19,0.003175,0.012202,-0.001624,0.00161,0.013517,0.020285,-0.001244,-0.00648,-0.010693,-0.000143,0.00569
2024-01-22,0.000974,0.013544,0.003254,0.016073,0.006534,0.02305,-0.002906,0.009653,-0.00131,0.000574,0.009641
2024-01-23,0.002919,0.002005,0.003742,0.004746,0.007737,0.004396,-0.004858,0.004651,-0.005084,0.004374,-0.004403
2024-01-24,0.003274,0.009869,0.002112,0.001574,-0.000794,0.004029,0.010879,-0.005401,0.001813,-0.000714,-0.002412
2024-01-25,-0.013536,0.006207,0.014261,0.00393,-0.006182,0.006886,-0.012279,-0.013706,-0.013656,-0.009145,-0.0038
2024-01-26,0.010537,0.016275,0.022496,0.004958,0.009597,0.004182,0.009638,0.013634,0.018015,-0.001514,-0.012367
2024-01-29,0.000364,0.003229,0.007414,0.003635,-0.001584,-0.011514,0.004842,-0.004397,0.002949,0.005705,0.004564
2024-01-30,0.004969,0.008368,-0.001424,0.002587,0.006524,0.00917,0.005783,0.007274,0.006372,0.007037,0.01462
2024-01-31,0.004583,-0.006766,0.010341,0.012645,0.00035,-0.008251,0.005612,-0.009285,-0.000325,0.002282,-0.000574
2024-02-01,-0.013085,-0.024679,-0.018706,-0.012233,-0.011558,-0.020999,-0.007351,-0.00729,-0.002111,-0.001352,-0.018209
2024-02-02,0.016665,0.01028,-0.00012,0.001548,0.017008,0.012596,0.020434,0.017571,0.01904,0.012965,0.019249
2024-02-05,-0.005863,0.040177,0.001439,0.004121,0.006707,0.010341,-0.003225,-0.012629,-0.018045,-0.001477,0.017852
2024-02-06,-0.025394,-0.014046,-0.002514,-0.0059,-0.005451,0.002275,-0.006202,-0.019838,-0.020816,0.003099,-0.014099
2024-02-07,0.017659,-0.003053,0.003241,0.002065,0.00896,-0.004588,0.002306,0.01518,0.003654,0.010883,0.006063
2024-02-08,0.008008,0.005104,0.002034,0.007468,0.006639,0.013233,-0.000948,-0.000525,0.000662,0.002709,0.011201
2024-02-09,-0.001324,0.003808,0.010269,-0.003834,0.000171,0.003131,-0.000271,0.005512,-0.007111,-0.001732,0.004386
2024-02-13,0.00217,0.001138,-0.015365,0.002823,0.001541,0.013458,-0.009215,0.00261,0.003831,-0.000763,0.00711
2024-02-14,-0.014081,-0.014102,-0.010092,-0.0135,-0.010246,-0.016969,-0.01073,-0.018282,-0.016566,-0.009293,-0.019917
2024-02-15,0.006415,0.015964,-0.000959,0.009553,0.016736,0.010456,-0.001922,0.006651,0.005504,0.00868,0.010558
2024-02-16,0.018882,0.008171,0.027851,0.017136,0.007467,-0.002099,0.006465,0.024049,0.016752,0.007287,0.011571
2024-02-20,0.005311,-0.015586,-0.000584,-0.00352,-0.00598,-0.009195,0.001503,-0.010323,-0.001142,0.003238,-0.005941
2024-02-21,-0.002113,-0.00152,-0.009116,-0.002776,-0.003135,-0.010169,0.010508,-0.001564,-0.000653,-0.003365,-0.00944
2024-02-22,0.00553,-0.001142,0.018752,0.003036,0.003995,-0.006284,0.003646,0.007312,0.013237,0.002205,0.007388
2024-02-26,0.010063,0.014986,0.001736,0.011604,0.012359,0.032723,0.003095,0.002593,-0.007742,0.011757,0.019424
2024-02-27,-0.005989,-0.014551,0.00349,-0.004963,-0.001497,0.000974,-0.004012,-0.011364,-0.01969,-0.00514,0.003089
2024-02-28,0.003708,0.008146,-0.004289,0.002743,0.0015,0.000876,0.000134,0.000784,0.018933,-0.002447,0.003299
2024-02-29,0.003117,-0.006818,-0.001979,0.00373,0.00341,-0.004716,0.001074,0.01279,0.00307,-0.004975,0.003946
2024-03-01,0.007595,0.008899,0.0049,-0.000495,0.003067,0.011138,-0.001609,0.00799,0.000322,-0.00815,0.00677
2024-03-04,0.004568,0.008316,0.011609,-0.001239,0.004297,0.018262,0.000134,0.010995,-0.006119,0.010496,0.003308
2024-03-05,0.007276,-0.013122,-0.010673,0.002482,0.003621,0.0,0.000806,0.011381,0.01685,-0.001503,-0.013512
2024-03-06,-0.005305,-0.008104,0.007424,0.000248,-0.008199,-0.024578,0.002416,-0.012753,-0.002868,-0.00746,-0.012437
2024-03-07,0.007376,0.001404,0.003109,0.005198,0.005208,0.007929,0.008434,0.005573,0.009588,0.006826,-0.003551
2024-03-08,0.012278,0.016191,0.008494,-0.001477,0.00806,0.015781,0.005708,0.0,0.006489,0.004657,0.007628
2024-03-11,-0.005786,-0.001506,0.003528,0.001726,-0.002203,-0.014871,-0.00792,0.011839,0.002516,-0.001841,-0.003702
2024-03-12,0.011304,-0.001885,0.010321,0.001723,-0.005151,-0.002749,0.005455,-0.004979,0.00502,-0.000546,-0.002718
2024-03-13,-0.000111,0.008812,-0.001572,0.004178,0.004438,0.020505,0.005161,-0.002502,-0.009677,0.004646,0.00862
2024-03-14,0.00985,0.001747,0.015966,0.007342,0.0027,-0.010805,0.002501,-0.00627,0.006777,-0.003877,-0.002095
2024-03-15,-0.005261,-0.002367,0.010292,-0.008017,-0.004244,0.000192,-0.007748,-0.014134,-0.007984,-0.003551,-0.006354
2024-03-18,0.000441,-0.009989,0.002958,-0.00098,0.000164,-0.015088,-0.000397,-0.000512,0.00142,-0.003974,-0.009953
2024-03-19,0.001824,0.020537,0.003457,0.005734,0.001775,0.004915,0.006429,-0.000155,0.004608,-0.000117,0.007638
2024-03-21,0.00011,-0.000372,0.011411,0.004894,0.008615,0.005187,0.003711,0.0,0.008857,0.006629,0.008658
2024-03-22,0.00415,0.000367,0.005975,0.008181,0.009887,0.000715,0.000527,0.003853,-0.001566,0.001306,0.005839
2024-03-25,-0.0062,0.002082,-0.00216,-0.011456,-0.003422,0.000334,-0.004868,-0.011771,0.001411,-0.001373,-0.008734
2024-03-26,0.000328,-0.003422,0.009307,-0.003863,-0.006469,-0.006622,-0.002776,-0.003884,0.004698,-0.001375,-0.003284
2024-03-27,-0.000766,-0.002085,-0.00772,0.003393,-0.003617,-0.004124,0.00053,-0.004159,-0.011378,0.003649,0.001263
2024-03-28,0.014343,0.005162,0.009293,0.011836,0.016055,0.005105,0.010468,0.02532,0.027905,0.013309,0.011571
2024-04-01,0.002699,-0.001589,0.010814,0.005491,0.000159,-0.002156,0.001311,0.006365,0.006902,0.000135,-0.00309
2024-04-02,-0.002368,0.007715,0.007414,-0.005461,-0.007701,0.002785,-0.007988,-0.017455,-0.006093,-0.008529,-0.00745
2024-04-03,-0.003669,-0.00158,0.013984,-0.005252,-0.00464,-0.009624,-0.005149,-0.011071,0.001686,-0.015566,-0.014738
2024-04-04,0.005957,0.007911,0.006843,-0.00048,0.005144,0.002659,-0.011014,0.000521,-0.003978,-0.00111,0.000723
2024-04-05,-0.010121,-0.013525,-0.000618,-0.011285,-0.008796,-0.015816,-0.004294,-0.007806,-0.001997,-0.014442,-0.011725
2024-04-08,0.009028,0.01016,0.010717,0.009471,0.013876,0.011464,0.001617,0.006557,0.002924,0.008947,0.005566
2024-04-09,0.000754,0.000121,-0.006321,0.00433,-0.001751,-0.001162,-0.00148,0.008598,0.006599,-0.003212,0.009506
2024-04-10,0.00237,0.00109,0.000308,-0.005748,-0.002312,0.005043,0.00485,0.012658,0.005489,0.003572,0.004708
2024-04-11,-0.015581,-0.007867,0.003077,-0.014936,-0.008549,-0.012256,-0.003621,-0.041071,-0.017134,-0.011726,-0.015436
2024-04-12,-0.000764,0.008784,-0.000716,-0.007092,0.001128,0.019979,-0.002422,0.001064,-0.002006,-0.004096,0.008063
2024-04-15,-0.017697,-0.016447,-0.016271,-0.013301,-0.010706,-0.016188,-0.010117,-0.010364,-0.007575,-0.014893,-0.016219
2024-04-16,-0.004782,-0.012665,-0.009362,-0.004992,-0.00716,-0.018986,-0.004088,-0.017454,-0.00919,-0.002016,-0.016656
2024-04-17,-0.00771,-0.003362,-0.008716,-0.006774,-0.002295,0.001191,0.000411,-0.015305,-0.013205,0.000361,-0.005684
2024-04-18,0.002252,-0.000874,-0.00286,0.002526,-0.005175,-0.014423,0.003693,-0.008326,0.02087,-0.00173,-0.004851
2024-04-19,0.000337,0.004877,-0.003081,0.003527,-0.003468,-0.011416,0.004633,0.00028,0.005618,-7.2e-05,-0.006209
2024-04-22,-0.000786,-0.010952,0.012042,0.013809,-0.001823,-0.020602,0.009767,0.003917,0.015363,0.003757,-0.008759
2024-04-23,0.001012,0.001384,0.006528,0.012135,0.007554,0.008934,0.009538,0.008082,0.00917,0.003814,0.004418
2024-04-24,-0.008647,0.015205,0.005545,0.006362,0.013923,0.014826,0.002794,0.009124,0.004695,0.013049,0.011906
2024-04-25,0.00068,0.000619,0.000728,-0.000243,-0.007963,0.004566,0.007564,0.003836,0.00603,-0.003114,0.009563
2024-04-26,0.007132,-0.035626,0.004574,-0.005837,0.003031,-0.002171,-0.002371,-0.005731,0.002697,-0.006673,0.000861
2024-04-30,0.006182,0.027578,-0.00921,-0.001468,0.001633,0.011285,-0.002112,0.000823,-0.010908,0.000286,0.009005
2024-05-01,-0.018168,-0.016671,-0.029775,-0.009814,-0.015873,-0.022024,-0.004352,-0.018443,-0.005217,-0.000712,-0.024333
2024-05-02,0.00519,0.009247,-0.015932,0.0,-0.002469,-0.010241,-0.006357,0.000553,0.011537,0.001782,-0.006264
2024-05-07,-0.005163,0.010054,0.005759,0.002478,0.005775,0.014414,0.008398,0.014361,0.005332,-0.000712,0.012606
2024-05-08,0.01188,0.001107,-0.000965,0.003409,0.002742,-0.003269,0.010932,0.010532,0.011344,0.008275,-0.007174
2024-05-09,-0.004608,-0.001597,-0.00118,0.00364,0.0,0.00284,-0.002997,-0.009353,0.010497,-0.003437,-0.003753
2024-05-10,0.011133,0.005046,0.013426,0.007495,0.009972,-0.000293,0.008625,0.023739,0.015227,0.008587,0.006803
2024-05-13,0.001199,0.001469,-0.005512,0.00384,0.000717,0.003711,0.005701,-0.003689,-0.000981,0.002024,-0.005361
2024-05-14,-0.000653,-0.001834,-0.002664,-0.004064,-0.004217,0.004719,-0.002834,0.002645,0.0,-0.000975,-0.001292
2024-05-15,0.000981,0.004532,0.001282,0.005041,-0.00024,0.008861,-0.001938,0.007122,0.002666,0.004253,0.004554
2024-05-16,0.001742,0.006341,0.002241,0.007404,0.006554,0.022511,0.000647,0.017025,0.014973,0.014855,0.001511
2024-05-17,-0.007172,-0.000727,-0.002769,0.0,-0.005955,-0.003474,0.01423,-0.001803,-0.003447,-0.001163,-0.006483
2024-05-20,0.008537,0.001698,0.013988,0.007349,0.001118,-0.002214,-0.002424,0.0,0.00083,0.001917,0.005118
2024-05-21,0.001411,0.002905,-0.006529,-0.01365,0.001915,0.011755,-0.006904,-0.006192,-0.001659,-0.002119,-0.007443
2024-05-22,0.0,-0.001328,-0.004876,0.006443,-0.003265,0.001633,0.005922,-0.000779,0.009,0.001713,0.006427
2024-05-23,-0.009753,0.001209,-0.019173,-0.00569,0.001198,0.002236,-0.003968,-0.008574,-0.011802,0.001778,-0.010419
2024-05-24,-0.008864,-0.011347,-0.009122,-0.013829,-0.011811,-0.008134,-0.011822,-0.021226,-0.016942,-0.010921,-0.01619
2024-05-28,0.008722,0.01282,0.001425,0.006044,0.005088,0.008435,0.002601,0.0,0.01003,-0.003382,0.01007
2024-05-29,-0.003831,0.001688,0.010288,-0.011055,-0.012213,0.004229,-0.007782,-0.00589,-0.000979,-0.012117,-0.00245
2024-05-30,-0.014284,-0.005295,-0.017658,-0.00802,-0.014153,-0.00634,-0.00719,-0.009427,-0.01288,-0.00778,-0.006567
2024-05-31,0.008137,-0.003267,0.002867,0.00539,0.006848,-0.022819,0.002633,0.01441,0.013473,0.000495,0.005921
2024-06-03,0.012052,0.010682,0.024852,0.01462,0.012128,0.001573,0.015627,0.019834,0.017632,0.014616,0.0056
2024-06-04,-0.0059,0.003963,-0.02618,-0.006244,-0.012226,0.002522,-0.000388,-0.003942,-0.011414,0.007029,-0.000455
2024-06-05,-0.0111,0.003828,-0.009586,-0.004591,-0.002459,0.002088,0.008667,0.009499,-0.000417,0.002902,0.001023
2024-06-06,0.00689,0.012156,-0.000111,0.002913,0.010107,0.022214,-0.00218,-0.001307,-0.005705,0.004548,0.00585
2024-06-07,0.001104,0.000589,0.005229,-0.000484,-0.005938,-0.003336,0.003084,0.00157,-0.010357,0.003292,0.007284
2024-06-10,-0.010033,-0.006825,-0.003984,0.004602,0.001064,0.002325,-0.004997,-0.007839,-0.01089,0.001094,-0.004092
2024-06-11,-0.001002,0.002488,0.007556,-0.003857,0.003106,0.002551,-0.000773,0.005004,0.012868,0.003688,0.003208
2024-06-12,-0.000335,0.001891,-0.001985,-0.011375,-0.005704,0.018598,-0.000515,-0.003145,-0.00607,-0.00415,-0.002637
2024-06-13,0.001896,-0.002123,-0.010719,-0.000979,0.009507,0.022119,-0.010959,0.007098,-0.006533,-0.002118,0.010407
2024-06-14,-0.000334,-0.00863,-0.00916,-0.000735,-0.006414,0.00791,0.001303,0.00496,0.002287,-0.000822,0.000779
2024-06-17,-0.009242,0.00322,-0.007441,-0.003188,-0.010051,0.003748,0.001823,0.000779,-0.002425,-0.000342,-0.0079
2024-06-18,0.007417,0.004755,0.002612,0.008856,0.011061,0.015153,0.009487,-0.005191,-0.011009,-0.001028,0.017552
2024-06-20,-0.001116,-0.005915,0.004192,0.00634,0.005388,0.001255,0.001287,0.003913,0.000434,0.001304,-0.003362
2024-06-21,0.001005,0.004284,0.018389,0.005331,0.00065,-0.011235,-0.002186,-0.002599,0.008671,0.003289,0.001272
2024-06-24,0.000112,0.006517,-0.005761,-0.003856,-0.00211,-0.001748,0.000773,0.002605,-0.005874,0.002801,0.008449
2024-06-25,0.006445,0.003352,0.025215,0.010275,0.004251,-0.024517,0.010663,0.006747,0.013148,0.005833,-0.00427
2024-06-26,-0.012696,0.011176,0.0023,-0.007454,-0.008532,0.018344,-0.006418,-0.014081,-0.009464,-0.003127,-0.004023
2024-06-27,-0.000677,0.000116,-0.009837,-0.006298,-0.002704,-0.001148,-0.002067,-0.001323,-0.004198,-0.003546,0.014498
2024-06-28,-0.002822,0.0057,0.002318,-0.001219,0.001068,0.000486,-0.004272,0.009004,0.001745,-0.001643,0.006109
2024-07-01,-0.00034,-0.009138,0.003854,0.003417,0.00041,-0.00053,-0.00442,0.008136,-0.011174,-0.000823,-0.011114
2024-07-02,-0.0154,-0.004203,0.000549,0.002189,-0.010749,0.007559,-0.007051,-0.009633,-0.006898,-0.005626,0.003399
2024-07-03,0.00184,0.00891,-0.000767,0.011651,0.005475,0.005001,0.00697,0.004206,0.005172,-0.003657,0.019451
2024-07-05,0.007462,0.000349,0.004389,-0.003119,0.00363,0.013489,-0.001698,-0.001047,0.006028,-0.007618,0.006378
2024-07-08,0.001595,0.019398,-0.015623,-0.000241,-0.003617,0.003058,0.012297,0.003669,0.001754,0.007746,0.008148
2024-07-09,0.002958,-0.009002,-0.006104,-0.002648,0.001237,0.006827,-0.001551,0.00235,0.001021,-0.001108,0.000475
2024-07-10,-0.010209,0.003104,-0.008822,0.007724,-0.004367,-0.00081,-0.002589,0.000261,0.002915,0.004853,0.003326
2024-07-11,0.013408,0.006305,0.00676,0.003832,0.008937,0.014512,0.004412,0.007031,0.009445,0.009452,0.007526
2024-07-12,0.013683,-0.013669,0.010407,0.007874,0.012713,-0.025034,-0.003747,0.026636,0.018281,0.007039,-0.012693
2024-07-16,0.009594,-0.003234,0.002547,0.003314,0.00575,0.008933,0.004409,0.007305,0.007351,0.006244,0.013067
2024-07-17,0.019386,0.002655,0.004462,0.011395,0.024946,-0.00333,0.00961,0.009462,0.007766,0.014281,0.017933
2024-07-18,-0.002065,-0.015083,0.009967,0.007588,-0.012793,-0.038896,0.012863,0.00888,0.000571,0.004537,-0.016692
2024-07-19,-0.00991,-0.000585,0.001824,-0.012095,-0.007823,8.9e-05,-0.004953,-0.008313,-0.000856,-0.022718,-0.010186
2024-07-22,-0.008909,-0.004445,-0.010922,-0.010164,-0.005495,-0.015643,-0.003318,-0.001233,0.001142,0.005098,-0.008918
2024-07-23,0.003329,0.00423,-0.006279,0.005601,0.010171,0.023679,0.00064,0.009874,0.008413,0.005748,0.011022
2024-07-24,0.003982,-0.001404,-0.015906,0.001856,-0.001903,-0.003981,-0.003583,-0.001711,-0.006222,-0.000605,-0.004477
2024-07-25,-0.01278,-0.026128,0.00011,-0.013667,-0.021525,-0.041385,-0.000899,-0.013712,0.011241,0.008343,-0.040893
2024-07-26,0.00279,-0.01155,0.017268,0.003758,0.008036,-0.0107,-0.001157,-0.005462,-0.008302,-0.005004,-0.003916
2024-07-29,0.016359,0.018744,0.003156,0.015676,0.017072,0.012689,0.010167,0.016725,0.00979,0.005633,0.011186
2024-07-30,0.001752,0.008841,-0.008569,-0.001382,-0.001742,-0.004439,0.000382,0.006383,0.004496,0.0006,0.016702
2024-07-31,-0.003279,0.004026,0.015536,0.011534,0.002935,-0.025125,-0.00675,0.007319,0.005176,0.000866,-0.005548
2024-08-01,0.010418,0.011913,0.004202,-0.002509,0.011151,0.042351,-0.001795,-0.002422,0.012942,-0.003662,0.01549
2024-08-02,-0.004016,0.00408,-0.026499,-0.014175,-0.018536,-0.037294,0.009249,0.015538,0.017997,0.010225,-0.024535
2024-08-05,-0.018851,-0.016253,-0.025788,-0.024582,-0.021994,-0.028105,0.008782,0.000717,0.00162,-0.001984,-0.036798
2024-08-06,-0.022323,-0.028676,-0.022059,-0.029006,-0.017355,-0.033314,-0.019682,-0.028906,-0.026408,-0.026714,-0.02827
2024-08-07,0.005112,0.011785,0.006131,0.016161,0.012023,0.013593,0.00695,0.02214,0.008442,0.004631,0.011041
2024-08-08,-0.013562,-0.005283,0.004024,0.001205,-0.004834,-0.016202,0.001022,-0.00722,0.005626,-0.010169,-0.01745
2024-08-09,0.015467,0.019918,0.021527,0.016125,0.023053,0.037347,0.009066,0.008485,0.001092,0.022122,0.021817
2024-08-13,-0.00079,0.008522,0.002242,0.004263,0.000161,0.004494,0.001518,0.005048,0.003408,0.004958,0.003338
2024-08-14,0.009981,0.012999,-0.009683,0.008298,0.010514,0.030727,0.004571,0.006978,0.005831,0.012114,0.02505
2024-08-15,0.0,-0.005716,0.005844,0.012227,0.004082,0.005476,0.004551,0.003584,-0.000674,0.003571,-0.005337
2024-08-16,0.015834,0.009034,0.011955,0.009292,0.013471,0.028764,0.010318,-0.002857,-0.000135,0.00626,0.031912
2024-08-19,0.001216,0.003023,-0.001104,0.007365,-0.001416,0.001674,0.00274,-0.000478,0.004453,0.001048,0.002354
2024-08-20,0.004748,0.011361,0.006743,0.005483,0.006064,0.016486,0.003354,0.005972,0.006582,0.006084,0.012286
2024-08-21,-0.003626,-0.000688,-0.02635,-0.003181,-0.00274,-0.00351,0.004952,0.00095,-0.002135,0.004031,-0.000917
2024-08-22,0.01147,0.004244,0.001692,-0.001595,0.006044,0.005886,0.006775,0.003322,0.007089,0.001683,0.012634
2024-08-23,-0.002072,-0.007539,0.002589,0.005707,-0.001248,-0.023007,-0.001468,0.006148,-0.001195,0.000647,-0.017275
2024-08-26,0.013221,0.00702,0.014934,0.008627,0.01,0.016199,0.002818,0.019272,0.002792,0.004329,0.019315
2024-08-27,0.004422,0.002286,0.008961,0.003151,-0.001083,-0.012547,0.007087,-0.000692,0.006497,-0.000515,-0.007771
2024-08-28,0.000107,-0.002281,-0.00932,0.00516,0.00062,0.006059,0.002427,0.002538,-0.007904,0.001545,-0.002629
2024-08-29,-0.004294,-0.006629,-0.006419,0.002455,-0.000465,-0.013798,-0.004236,-0.003452,0.0,0.001157,-0.009682
2024-08-30,0.005499,-0.002071,0.013033,0.008907,0.007046,-0.009024,-0.004984,-0.003926,0.005444,0.002118,0.001195
2024-09-03,0.010937,0.006687,0.003739,0.00949,0.010687,0.013291,0.00794,0.009738,0.007528,0.006918,0.015081
2024-09-04,-0.022698,-0.018323,-0.024869,-0.007433,-0.022136,-0.045931,0.007029,0.002296,-0.001442,-0.001909,-0.013734
2024-09-05,-0.004124,-0.004783,-0.013819,0.001101,0.001011,-0.002569,0.004694,0.002291,0.008532,-0.001721,0.002601
2024-09-06,-0.007847,0.002931,-0.007747,-0.011001,-0.011657,-0.001526,-0.003833,-0.002743,-0.002473,-0.013727,0.01135
2024-09-09,-0.012632,-0.020921,-0.012514,-0.014683,-0.010143,-0.025937,-0.002044,0.0,-0.009525,-0.003431,-0.025277
2024-09-10,0.009679,0.004298,0.007208,0.014902,0.015331,0.016379,0.007712,0.011918,0.010144,0.007015,0.014583
2024-09-11,0.000441,-0.000238,-0.0172,-0.010234,0.001721,0.014957,-0.000239,0.017667,0.004695,0.00458,0.011456
2024-09-12,0.002423,0.004161,-0.009279,-0.00472,0.001796,0.034132,-0.009329,-0.002671,0.003115,-0.002954,0.009991
2024-09-13,0.009229,0.018707,0.00901,0.002258,0.007718,0.008274,0.006157,0.001785,0.0022,0.003606,0.011267
2024-09-17,0.009035,0.009647,0.00564,0.002929,0.010135,0.005015,0.00708,0.007129,0.014074,0.002054,0.0068
2024-09-18,0.001924,0.0,0.013515,0.005323,0.005486,-0.001958,-0.009495,-0.007937,-0.000758,-0.010303,0.0051
2024-09-19,-0.004268,-0.000798,0.001938,-0.003089,-0.000833,-0.009125,-0.003834,-0.002889,-0.007587,-0.001671,-0.001968
2024-09-20,0.015108,0.013568,0.011944,0.011064,0.017216,0.0297,-0.005894,-0.002451,-0.005861,0.003605,0.022776
2024-09-24,-0.007072,0.0,-0.002248,-0.000657,-0.007008,-0.004874,0.00484,-0.001787,0.026403,-0.004105,-0.002283
2024-09-25,0.013655,0.004728,-0.002469,-0.008363,0.007184,0.006844,-0.002407,0.0,-0.007096,-0.002008,0.008758
2024-09-26,-0.006683,-0.003137,-0.019573,-0.005992,-0.004681,0.002862,-0.002534,-0.004235,0.005266,-0.009735,-0.003593
2024-09-27,0.020711,0.00562,-0.019619,0.005135,0.005001,0.013244,0.002298,-0.00985,-0.006859,0.003342,0.004257
2024-09-30,-0.001751,0.006035,0.020363,0.002888,0.001411,-0.00933,0.00181,0.001357,0.009921,-0.000522,0.001496
2024-10-01,-0.005572,0.004333,0.006996,0.003765,0.004524,0.002932,-0.000241,0.00858,0.004476,0.006535,-0.00234
2024-10-02,-0.00249,0.000774,0.022779,-0.005296,0.000517,-0.024362,-0.003373,-0.006044,0.008047,-0.005259,-0.004043
2024-10-03,-0.003848,-0.003095,0.010245,0.001109,-0.001845,0.0074,-0.008462,-0.003603,0.000491,-0.002023,-0.008469
2024-10-04,-0.011068,-0.003437,0.017637,-0.005318,-0.005101,0.004146,-0.009997,-0.00972,-0.000368,-0.009025,-0.011573
2024-10-07,0.004857,0.011126,0.009315,0.01693,0.006985,0.011131,0.003325,-0.00662,-0.001596,0.000792,0.013243
2024-10-08,-0.002942,-0.013424,0.003542,-0.012267,-0.002435,-0.00688,-0.009942,-0.007353,-0.022998,-0.004418,-0.015542
2024-10-09,-0.004637,0.008811,-0.026093,0.005766,0.002219,0.018682,0.004959,0.003009,0.000503,0.005431,0.009739
2024-10-10,0.006353,0.000332,0.006039,0.009261,0.008931,0.011188,0.006045,0.000462,-0.008556,0.010211,0.007158
2024-10-11,0.002314,-0.007405,0.006767,-0.003059,-0.005121,-0.00026,-0.004414,-0.008305,-0.003046,-0.003717,-0.004939
2024-10-15,0.006508,0.006904,0.006179,0.019286,0.017869,0.001736,0.005542,0.010235,0.008783,0.007331,-0.004255
2024-10-16,-0.001037,0.002202,-0.03223,0.002137,-0.007684,-0.021983,0.006344,0.012577,0.004486,-0.012214,0.002178
2024-10-17,0.007785,-0.000659,0.004789,0.012367,0.007743,0.003105,-0.000727,0.009937,0.019849,0.002813,0.005256
2024-10-18,0.001545,-0.004726,0.004767,0.002738,-0.002872,0.003051,-0.004489,-0.006485,-0.00888,-0.005806,-0.000905
2024-10-21,0.004011,0.007399,-0.00331,0.00021,0.003025,0.003564,0.002193,0.006977,0.005768,0.004856,0.003925
2024-10-22,-0.007682,-0.003946,-0.002989,-0.00798,-0.003518,0.004677,-0.00839,-0.020563,-0.003905,-0.011755,-0.007769
2024-10-23,-0.009187,0.001431,0.002332,-0.001905,-0.012106,-0.001035,0.005641,0.001597,-0.003553,-0.001454,-0.004041
2024-10-24,-0.002709,-0.007583,-0.005206,-0.000848,-0.002918,-0.014326,-0.001951,0.009797,0.00959,-0.004698,-0.015723
2024-10-25,-0.012222,0.003433,-0.000111,0.000849,-0.006876,0.002933,-0.001344,0.002256,-0.006454,-0.006583,0.031537
2024-10-28,-0.006345,0.002538,-0.000334,-0.011029,-0.002652,0.005194,-0.008319,-0.007879,-0.01483,-0.005488,0.003147
2024-10-29,0.008301,0.006384,-0.006349,0.012438,0.002954,-0.000304,0.001851,0.003177,0.007838,0.00148,0.002341
2024-10-30,-0.006439,0.009406,-0.015247,-0.006143,-0.001325,0.013465,-0.009851,-0.009048,-0.021355,-0.002755,-0.005217
2024-10-31,0.005418,0.006068,0.002277,0.004476,-0.001696,-0.015901,-0.001617,0.003652,-0.002397,-0.001887,-0.001398
2024-11-01,-0.013208,-0.008724,0.006247,-0.013792,-0.011522,-0.032098,-0.001993,-0.017512,0.010368,-0.008439,-0.015304
2024-11-05,-0.002784,0.003911,-0.006321,0.003442,0.001345,0.007514,0.000375,-0.010648,-0.022275,0.005924,0.016253
2024-11-06,0.001497,0.011076,0.006699,0.009291,0.016734,0.014079,0.006346,0.013651,0.015026,0.007359,0.017703
2024-11-07,0.01377,0.024595,0.037596,0.060801,0.039162,0.028472,-0.01632,-0.026706,-0.010337,0.001285,0.031981
2024-11-08,0.003896,0.013103,-0.004596,-0.016145,-0.00601,0.017442,0.003645,0.01243,0.001805,0.007228,0.012845
2024-11-11,-0.009125,-0.004863,0.006657,0.009025,0.010741,-0.001095,0.012148,0.017142,0.019179,0.007176,0.014191
2024-11-12,-0.00434,0.005614,0.005653,0.014231,0.007742,-0.005524,-0.003464,-0.008654,0.002779,-0.00586,0.020175
2024-11-13,-0.01701,0.004549,-0.005303,-0.003007,-0.00859,0.001272,0.001117,-0.012635,-0.011461,-0.013932,-0.013351
2024-11-14,0.002379,0.000412,0.007784,0.000603,0.002113,-0.003472,0.002977,0.007911,-0.001784,-0.002649,0.008544
2024-11-15,-0.0082,-0.001132,0.003809,-0.002612,-0.01687,-0.003399,-0.002473,-0.009003,-0.003446,-0.015732,-0.014195
2024-11-18,-0.006963,-0.019981,-0.001476,0.004633,-0.005362,-0.024816,-0.008801,0.001165,0.014985,-0.018544,-0.008547
2024-11-19,0.007778,0.009879,0.013301,0.003008,-0.001366,0.003236,0.007004,0.008841,0.008707,0.000705,0.00923
2024-11-20,-0.003261,0.006556,-0.006355,-0.006597,-0.000864,0.008193,0.001366,0.004151,0.00638,-0.005143,0.000743
2024-11-21,0.00818,0.00641,0.010065,-0.003019,0.001081,-0.000864,-0.005085,-0.001607,0.000497,0.011826,-0.004407
2024-11-22,0.012224,-0.002568,0.008096,0.012717,0.012522,0.010167,0.010845,0.006671,0.017393,0.008049,0.001771
2024-11-25,0.005557,-0.002163,0.001544,0.011162,0.013931,0.000514,0.009249,0.007541,-0.005373,0.000903,0.014419
2024-11-26,0.010309,0.005161,-0.019739,0.006505,0.006239,-4.3e-05,0.005499,0.013382,0.001842,0.008532,0.010225
2024-11-27,-0.007469,0.003697,-0.001363,0.001958,0.001184,0.005009,0.004132,0.004924,0.015931,0.005365,0.003631
2024-11-29,-0.00053,0.00133,-0.00105,0.001955,-0.003688,-0.013546,0.002058,0.006904,0.0,0.005336,-0.004929
2024-12-02,0.00509,0.005415,0.00431,0.001561,0.005657,0.009284,0.005072,-0.004645,0.000362,0.003131,0.010271
2024-12-03,-0.000633,0.008232,-0.010573,-0.009934,-0.007362,0.009498,-0.001202,-0.015111,-0.021464,-0.001764,0.008727
2024-12-04,-0.003167,0.008064,-0.000106,-0.007476,-0.006297,0.003602,-0.005173,-0.005866,-0.008626,-0.002242,-0.000758
2024-12-05,-0.009744,0.0023,-0.024125,-0.003766,0.004365,0.018285,-0.002781,-0.002724,-0.000124,-0.000545,0.009283
2024-12-06,-0.013155,-0.002294,0.003903,0.002985,-0.012128,-0.00506,0.004002,-0.002503,0.003108,-0.011176,0.00818
2024-12-09,-0.003902,0.009199,-0.016956,-0.000198,-0.002555,0.003876,-0.004952,-0.001369,-0.012393,-0.005651,0.021053
2024-12-10,-0.000218,-0.021302,-0.001648,-0.013691,-0.00868,-0.006519,-0.001578,0.002056,-0.012549,0.002911,-0.003179
2024-12-11,-0.01023,0.015691,-0.006823,-0.000201,-0.00244,-0.013876,0.004742,-0.016188,-0.007244,-0.004147,0.001638
2024-12-12,-0.003519,0.016346,0.001662,0.002012,-0.002302,0.014495,-0.007623,-0.002549,-0.006272,-0.013602,0.017553
2024-12-13,-0.006951,0.001863,-0.008075,-0.004418,-0.006418,-0.005598,0.002926,-0.000697,-0.000515,-0.00795,-0.008287
2024-12-16,-0.008556,-0.011942,-0.005018,-0.000807,-0.002612,0.004285,-0.002553,-0.004185,0.000644,-0.000142,0.003965
2024-12-17,-0.008854,0.003864,-0.021968,-0.001817,0.000873,0.009998,-0.005241,-0.005137,-0.007986,-0.011916,0.013546
2024-12-18,-0.00554,-0.0075,-0.007449,-0.007078,-0.00916,-0.006047,-0.001716,-0.004459,-0.004155,-0.000718,0.003142
2024-12-19,-0.028425,-0.028537,-0.029558,-0.029939,-0.028248,-0.032253,-0.01522,-0.039132,-0.023598,-0.013577,-0.045065
2024-12-20,-0.010767,-0.002764,-0.008685,0.003569,-0.001284,0.001077,-0.007104,-0.017174,0.00454,-0.007574,-0.001356
2024-12-23,0.012422,0.00544,0.009841,0.014853,0.011719,0.014925,0.003515,0.018223,0.015951,0.012621,0.00254
2024-12-24,-0.000775,0.005465,0.005873,0.002401,-0.000225,0.010595,-0.005269,0.004559,0.003404,0.009987,0.003033
2024-12-26,0.005407,0.009467,0.008459,0.011772,0.007812,0.010333,0.006589,0.00666,0.005522,0.004108,0.023127
2024-12-27,-0.00152,-0.001311,-0.000827,0.00245,0.000745,0.000665,0.003147,0.00147,-0.002354,0.00201,-0.00371
2024-12-30,-0.005386,-0.008885,-0.000118,-0.007331,-0.007448,-0.013295,-0.004894,-0.008074,-0.002883,-0.004656,-0.016524
2025-01-06,-0.013421,-0.010493,-0.000118,-0.009641,-0.010056,-0.012716,-0.011728,-0.004687,-0.004206,-0.012307,-0.016062
2025-01-07,0.006731,0.01083,-0.004573,-0.003087,-0.002185,0.012725,-0.010468,-0.013712,-0.011157,0.000432,0.00394
2025-01-08,-0.000597,-0.011118,0.009992,-0.002271,-0.000982,-0.020063,-0.003483,-0.007448,-0.002493,0.004963,-0.019359
2025-01-10,0.005496,-0.005928,0.001023,0.003311,0.00393,-0.000342,0.001813,0.004252,-0.000263,0.005153,0.002833
2025-01-14,-0.010219,-0.014909,0.004089,-0.024129,-0.011218,-0.021806,-0.01344,-0.024159,-0.005657,-0.005626,-0.00982
2025-01-15,0.012447,-0.003339,0.010748,0.012379,0.011816,0.002641,0.000261,0.008568,0.013119,-0.010321,-0.001936
2025-01-16,0.009511,0.016435,0.014799,0.025492,0.006322,0.019889,-0.003399,0.004248,0.014667,0.004071,0.025447
2025-01-17,0.008272,-0.005664,0.007238,0.006669,0.012122,-0.007706,0.007477,0.022394,0.025264,0.003984,-0.005412
2025-01-21,0.006495,0.0087,0.007722,0.008432,0.005988,0.015662,0.005729,-0.000243,0.001397,-0.006731,0.014023
2025-01-22,0.012793,0.009036,-0.005108,0.008362,0.020544,0.008329,0.004661,0.018257,0.015348,0.01655,0.007329
2025-01-23,-0.008048,0.009972,-0.018186,-0.004738,-0.002347,0.022579,-0.004897,-0.017452,-0.021612,-0.002246,-0.003768
2025-01-24,0.005522,0.00262,0.004576,0.005753,0.010125,0.001781,0.003626,0.008029,0.004724,0.013363,0.006043
2025-01-27,-0.002578,0.009044,-0.009653,0.002959,-0.004235,-0.010421,0.005161,0.002897,0.010166,0.001596,-0.006093
2025-01-28,0.000562,0.005179,-0.010404,0.011013,-0.013398,-0.049018,0.027086,0.009868,-0.023147,0.022452,0.005696
2025-01-29,-0.003257,0.004855,-0.009518,-0.001751,-0.00661,0.026673,-0.015623,-0.012155,-0.01378,-0.006981,0.00121
2025-01-30,-0.001803,0.004437,0.002235,-0.000779,-0.0034,-0.008132,0.002412,-0.01158,0.002089,-0.005869,-0.00285
2025-01-31,0.009481,0.000982,0.005128,0.009555,0.011177,0.001855,0.00988,0.01318,0.02085,0.011534,0.009786
2025-02-03,-0.007267,0.004021,-0.02795,-0.005795,-0.007033,-0.005858,-0.009407,-0.002168,-0.005872,-0.00319,-0.004417
2025-02-04,0.001014,0.002149,0.006276,-0.00408,-0.009903,-0.013474,0.003925,-0.00169,0.005393,0.003881,-0.013223
2025-02-05,0.002925,0.008967,0.020977,-0.002341,0.000292,0.014405,-0.00845,0.0,-0.008812,-0.002713,0.011785
2025-02-06,-0.000785,-0.00966,0.00211,0.010559,0.00073,0.013897,0.006232,0.015719,0.01005,0.009589,-0.011346
2025-02-07,0.00348,0.004292,-0.018397,0.00832,0.004522,0.002733,0.004551,0.002857,-0.001148,-0.008959,0.003971
2025-02-10,-0.012195,-0.002137,-0.000113,-0.005565,-0.002977,-0.008559,-0.00151,-0.003561,-0.002044,-0.00469,-0.019558
2025-02-12,0.005097,0.004477,0.022019,-0.007912,0.008956,0.014603,0.006175,0.001429,0.010878,-0.000888,0.003413
2025-02-13,-0.00717,0.001064,-0.024112,-0.003492,-0.006204,-0.002158,-0.000744,-0.008519,-0.001763,-0.001438,-0.000179
2025-02-14,0.017378,0.0115,0.007525,0.00662,0.001016,0.014163,0.010801,0.007876,0.002271,0.003909,0.015017
2025-02-18,-0.003438,0.006114,0.004013,0.001934,-0.002466,0.003387,-0.009948,-0.004026,-0.004155,-0.010861,-0.00044
2025-02-19,0.012688,-0.004653,0.013656,0.007143,0.007852,0.009126,0.003598,0.003566,0.009355,-0.001934,-0.002775
2025-02-20,-0.01176,0.001145,0.007886,0.000383,0.00101,8.3e-05,0.008035,0.001895,0.005261,0.013009,-0.000574
2025-02-21,-0.002335,-0.004669,0.009129,-0.015329,-0.006558,-0.003179,-0.003924,0.006858,-0.000125,0.005601,-0.008619
2025-02-25,-0.018281,-0.013691,-0.020784,-0.012454,-0.021906,-0.027091,0.011695,-0.00822,0.000249,-0.005366,-0.026305
2025-02-26,0.00773,-0.014823,-0.014404,-0.000196,0.00514,-0.012958,0.014194,0.010608,-0.005008,0.008603,-0.00524
2025-02-27,-0.000451,-0.00177,-0.005689,-0.002159,0.000593,0.010897,-0.019139,-0.004898,0.004153,-0.007186,-0.004112
2025-02-28,-0.006771,-0.009654,0.005385,0.005506,-0.003481,-0.036407,-0.000122,0.004454,-0.02218,-0.004059,-0.014429
2025-03-03,0.008522,0.014623,0.015512,0.020536,0.01338,0.013208,0.013294,0.007001,0.01525,0.011615,0.016617
2025-03-04,-0.020054,-0.01,-0.034945,-0.008432,-0.01423,-0.030417,0.005296,0.008575,0.001389,0.004365,-0.018429
2025-03-05,-0.013566,-0.007922,-0.009679,-0.035176,-0.019495,-0.000777,-0.017002,-0.011489,-0.016261,-0.009293,-0.017643
2025-03-06,0.026107,0.012877,-0.014603,0.005809,0.015785,0.01405,0.004141,0.009298,-0.007048,0.010055,0.015223
2025-03-07,-0.005225,-0.017936,0.003034,-0.01653,-0.008592,-0.027757,0.001819,-0.027407,-0.020777,-0.002739,-0.025354
2025-03-10,0.00274,0.006422,0.017101,-0.005265,0.011681,0.014483,0.003269,0.005683,0.018582,6.7e-05,-0.001844
2025-03-11,-0.020838,-0.024928,0.007435,-0.022394,-0.015642,-0.042509,-0.002172,-0.009654,0.010997,-0.010785,-0.035688
2025-03-12,-0.007675,-0.014726,-0.007947,-0.008538,-0.015362,-0.004062,-0.014635,-0.010461,-0.009342,-0.010903,-0.009782
2025-03-13,-0.004688,0.004982,0.004578,0.00147,-7.7e-05,0.015739,-0.021726,-0.003604,-0.003101,-0.009996,0.005805
2025-03-14,-0.000706,-0.020552,-0.006835,-0.005453,-0.010222,-0.018991,-0.004642,-0.019532,0.002462,-0.005325,-0.024958
2025-03-17,0.013079,0.018347,0.029594,0.023197,0.018248,0.030242,0.002269,0.019429,0.019519,0.007648,0.021287
2025-03-18,0.012561,0.007144,0.015931,0.011748,0.013803,0.006965,0.014589,0.017612,0.004184,0.012696,0.001576
2025-03-19,-0.001723,-0.013982,0.001645,-0.001222,-0.007973,-0.015225,-0.011404,-0.006164,-0.006944,0.000477,-0.017816
2025-03-21,0.003337,0.011886,0.016313,0.011014,0.01327,0.01301,0.0,0.001193,0.003687,0.000545,0.019173
2025-03-24,-0.009925,0.007848,-0.006977,-0.003626,-0.00534,0.002718,-0.000378,-0.009781,-0.006435,-0.002789,0.003609
2025-03-25,0.013551,0.014161,0.011394,0.017634,0.018544,0.018939,0.006184,0.013917,-0.00032,0.007635,0.037489
2025-03-26,-0.000231,0.012666,0.004093,0.005583,0.00149,0.003308,-0.009068,-0.011956,-0.015991,-0.012776,0.007979
2025-03-27,0.001849,-0.008505,0.005899,-0.002974,-0.006618,-0.022304,0.015506,0.005082,0.00663,-0.003648,-0.013063
2025-03-28,-0.000461,-0.00444,-0.009704,-0.001989,-0.005314,-0.009228,0.011389,-0.002408,-0.000258,0.001589,0.00064
2025-03-31,-0.018352,-0.029498,-0.004738,-0.01933,-0.020619,-0.024254,-0.00495,-0.000483,0.007364,-0.003104,-0.031078
2025-04-01,0.010935,0.007416,0.011035,0.012193,0.007069,0.000484,0.01567,0.010625,0.011157,0.01031,0.002132
2025-04-02,0.003722,0.000622,0.005886,-0.001205,0.005646,0.007313,0.001469,0.000717,0.002537,-0.018286,0.010433
2025-04-03,0.008227,0.003523,0.001383,0.008241,0.009408,0.007404,-0.002934,0.004776,0.004681,0.006697,0.018996
2025-04-04,-0.045167,-0.044605,-0.078508,-0.049242,-0.054115,-0.068248,0.005763,-0.029943,-0.006296,-0.008108,-0.0604
2025-04-07,-0.06259,-0.057279,-0.091999,-0.073181,-0.062853,-0.065871,-0.043404,-0.045566,-0.055626,-0.054845,-0.043135
2025-04-08,-0.01605,0.001376,-0.006475,-0.002489,-0.004663,0.005977,-0.011598,-0.024127,-0.015296,-0.005988,-0.011817
2025-04-09,-0.030797,-0.013967,-0.023131,-0.003856,-0.008263,-0.020331,-0.015474,-0.024724,-0.004088,-0.011081,-0.02375
2025-04-10,0.087384,0.088355,0.077446,0.075364,0.088816,0.134257,0.038769,0.057443,0.039404,0.043465,0.108881
2025-04-11,-0.031947,-0.034564,-0.065323,-0.027948,-0.025797,-0.046552,0.000504,-0.021168,-0.007503,-0.02789,-0.039071
2025-04-14,0.029675,0.008508,0.024812,0.016554,0.017653,0.020476,0.012602,0.01407,0.012202,0.014679,0.009686
2025-04-15,0.01205,0.006683,0.003549,0.010285,0.010424,0.009125,0.01705,0.022097,0.017951,0.012201,0.002899
2025-04-16,-0.007856,0.002503,-0.001516,0.002545,-0.004961,0.003647,-0.008444,0.001508,-0.000129,-0.006135,-0.0072
2025-04-17,-0.007794,-0.026924,0.008223,-0.015655,-0.013692,-0.034745,-0.010737,-0.000502,-0.009011,-0.010168,-0.024669
2025-04-21,0.006858,0.006471,0.022585,0.002579,0.005457,-0.005415,0.021332,0.015821,0.010262,-0.00587,0.006296
2025-04-22,-0.015232,-0.022503,-0.026135,-0.021436,-0.022426,-0.025822,-0.009527,-0.020766,-0.023659,-0.021551,-0.026699
2025-04-23,0.02339,0.026083,0.02545,0.033078,0.017471,0.024377,0.014182,0.020449,0.027262,0.018782,0.031643
2025-04-24,0.001229,0.016026,-0.001843,0.011874,0.012517,0.028993,-0.005715,0.001237,0.004231,0.004961,0.022346
2025-04-25,0.0216,0.020015,0.016002,0.011106,0.022426,0.037316,-0.008805,0.002965,0.001532,0.01223,0.019914
2025-04-28,-0.007448,0.006292,-0.001817,-0.004767,-7.8e-05,0.014798,-0.002591,-0.001478,-0.003059,0.004804,0.01798
2025-04-30,0.001816,0.003815,0.00704,0.003124,0.003333,-0.001631,-0.00334,0.006168,0.006137,0.003984,0.000354
2025-05-01,0.005152,0.000314,-0.026955,0.001849,0.007215,0.004161,0.007262,0.004622,-0.005044,0.008544,-0.009092
2025-05-02,-0.004411,0.005134,0.003727,-0.000205,0.007544,0.014669,-0.008677,0.002906,0.002915,-0.027266,0.005526
2025-05-07,0.016882,0.015532,0.014604,0.020718,0.017926,0.01671,0.005424,0.012313,0.007835,0.013832,0.015528
2025-05-08,-0.005496,-0.001844,0.000373,0.005899,0.005095,0.010015,0.001598,-0.000721,0.002857,0.007668,0.007796
2025-05-09,0.013336,0.00236,0.01316,0.008291,0.013791,0.009545,-0.001227,-0.004812,-0.00805,-0.009013,0.011804
2025-05-12,0.002609,-0.005119,0.010048,0.0,0.000809,-0.001239,-0.005775,0.006045,0.001748,-0.010884,0.004815
2025-05-13,0.023179,0.020786,0.026083,0.020257,0.030784,0.046415,0.001483,0.000961,-0.005982,0.024721,0.049701
2025-05-14,-0.00497,0.009778,0.014069,0.004128,0.006985,0.021607,-0.013452,-0.013445,-0.001379,-0.030082,0.013225
2025-05-15,-0.009176,0.005191,-0.006063,-0.002741,-0.004813,0.006491,-0.005379,-0.008518,-0.004394,-0.023508,0.003855
2025-05-16,0.010199,0.003973,0.004223,0.006675,0.011095,0.001367,0.020501,0.01841,0.021311,0.013124,-0.002221
2025-05-19,0.010212,0.006826,-0.001519,0.006045,0.011396,0.001877,0.011462,0.012533,0.014693,0.020159,0.009461
2025-05-20,0.002527,0.000983,-0.012985,0.000581,0.003408,-0.001447,0.002924,0.002142,0.004259,0.009618,-0.002343
2025-05-21,-0.001719,-0.002454,-0.009245,-0.005424,-0.003604,-0.003752,0.003523,-0.005226,0.002908,0.002456,-0.005204
2025-05-22,-0.013315,-0.007478,-0.018423,-0.020452,-0.016904,-0.018787,-0.011622,-0.026504,-0.018243,-0.023162,-0.020275
2025-05-23,-0.001047,-0.002181,-0.0039,-0.001193,-0.000212,0.000262,-0.004165,-0.003434,-0.014275,-0.007828,0.0043
2025-05-27,-0.00198,-0.00457,0.003181,-0.003583,-0.003256,-0.011032,0.00369,0.000246,0.011985,-0.001609,-0.008986
2025-05-28,0.017503,0.016269,0.00866,0.017582,0.01761,0.023764,0.009068,0.016486,0.007525,0.013964,0.029528
2025-05-29,-0.013647,-0.000196,-0.012696,-0.006676,-0.004954,-0.004134,-0.006801,0.0,-0.013959,-0.005145,-0.009176
2025-05-30,0.00372,-0.008055,0.007471,0.005139,0.000912,0.001687,0.004035,0.009199,0.006954,0.006693,0.000419
2025-06-02,0.000116,0.004159,-0.008874,0.002163,0.000631,-0.003108,0.008769,0.000959,0.010236,0.002115,-0.005443
2025-06-03,0.005907,0.004931,0.013124,0.000392,-0.00126,0.008835,0.000604,0.001438,0.003174,0.000603,0.002339
2025-06-04,0.010248,-0.002846,0.011864,0.001962,0.007712,0.015025,-0.000965,-0.003589,0.002677,0.002336,0.00532
2025-06-05,0.003761,0.006397,-0.019502,-0.005677,0.000557,0.00148,-0.007005,0.003122,-0.017476,0.001954,-0.002646
2025-06-06,-0.005904,0.001369,-0.000976,-0.002756,-0.000695,-0.002829,-0.009608,-0.000239,-0.001606,-0.00135,-0.025225
2025-06-09,0.002627,0.012793,0.01881,0.012438,0.008419,0.009444,0.003193,0.002874,0.004454,0.009541,0.012986
2025-06-10,0.006721,-0.002893,0.001918,-0.00546,-0.000897,0.004909,-0.001347,-0.000478,-0.006405,-0.001712,0.008012
2025-06-11,0.006224,0.012668,0.017829,0.001177,-0.004351,0.005594,0.002206,0.008839,0.002355,0.011405,0.01197
2025-06-12,-0.009896,-0.002292,0.014461,-0.001175,0.000486,-0.0022,-0.003425,-0.005446,0.000618,0.000516,-0.007901
2025-06-13,0.004203,-0.008136,0.003477,0.0,-0.002634,0.009279,0.005891,0.005476,0.012112,0.007808,-0.004704
2025-06-16,-0.01165,-0.010132,0.017438,-0.020392,-0.008411,-0.014017,-0.012201,-0.008051,-0.005739,-0.00497,-0.009218
2025-06-17,0.008469,0.017157,-0.002951,0.011409,0.00687,0.016181,0.003212,0.000955,-0.004913,-0.003085,0.010768
2025-06-18,-0.009759,-0.008817,0.009335,-0.005739,-0.007519,-0.007077,-0.008496,-0.004055,-0.00827,-0.016506,-0.017241
2025-06-20,-0.002865,0.000483,-0.006542,-0.000398,-0.002385,0.001202,-0.001242,0.001916,0.002614,-0.001723,0.000475
2025-06-23,-0.006781,-0.006089,0.010218,0.002788,0.001125,-0.004429,0.007336,-0.000239,0.002731,-0.004803,0.001188
2025-06-24,0.011142,0.012662,-0.025288,0.012593,0.013541,0.011402,0.011582,0.014594,0.012677,0.00144,0.019821
2025-06-25,0.008282,0.012898,-0.013019,0.014955,0.008341,0.017951,-0.00086,0.004755,0.004308,0.012258,0.00555
2025-06-26,-0.009583,-0.00019,-0.004358,-0.003296,-0.008824,0.008534,-0.013402,-0.024373,-0.013359,0.000897,-0.011782
2025-06-27,0.011057,0.011596,0.014313,0.007392,0.01085,0.006898,-0.000872,-0.006306,0.008323,0.00239,0.0092
2025-06-30,0.001253,0.011745,-0.005248,0.002896,0.009977,-0.001195,0.00474,0.003661,0.001971,-0.002161,0.01665
2025-07-01,-0.00091,0.007894,-0.005744,0.008279,0.004973,0.00981,0.005214,0.007296,0.004058,0.006421,-0.005764
2025-07-02,0.025851,-0.007095,0.007664,0.005538,0.003322,-0.008925,0.012474,0.00676,0.003429,0.014244,0.004279
2025-07-03,0.014987,-0.002877,0.017201,-0.00076,0.001013,0.010559,0.002928,0.001918,-0.008665,-0.009875,0.008018
2025-07-07,-0.000656,0.005491,0.00115,0.010832,0.008504,0.013169,-0.000487,0.000479,0.007509,0.001034,0.005454
2025-07-08,-0.009631,-0.009626,-0.009652,-0.009588,-0.00348,-0.007939,-0.000852,-0.007656,0.002077,-0.008413,-0.012703
2025-07-09,0.008178,-0.002056,0.026917,-0.008922,-0.000269,0.005374,-0.009256,-0.001447,-0.010608,0.00454,-0.003388
2025-07-10,0.006029,0.002622,-0.005084,0.003639,0.006986,0.006009,-0.006515,-0.000483,0.009367,0.003853,0.005927
2025-07-11,0.005339,-0.003363,0.007609,0.005916,0.005604,-0.003297,0.003588,0.005072,0.008181,0.006126,0.011053
2025-07-14,-0.008128,-0.006467,0.004508,-0.010434,-0.003582,-0.004397,-0.003699,-0.000961,-0.001453,-0.008289,0.000271
2025-07-15,-0.005573,0.00981,-0.010995,0.007477,0.005393,-0.000821,0.000866,0.006736,0.004002,-0.001183,0.003703
2025-07-16,-0.020547,-0.009902,-0.014407,-0.017126,-0.007483,0.00888,-0.010015,-0.012903,-0.009543,-0.017996,-0.014308
2025-07-17,0.002692,0.003019,-0.008633,0.00697,0.003536,0.003102,0.003497,0.010893,0.000488,0.012443,0.001826
2025-07-18,0.007049,0.00348,0.006154,0.009614,0.009241,0.009083,0.009459,-0.000958,0.004145,-0.011397,0.003417
2025-07-22,0.002333,-0.004593,-0.008078,0.000571,-0.00224,-0.000651,-0.002712,0.002876,0.016754,-0.006631,0.008855
2025-07-23,0.013785,0.002323,0.004702,0.005535,0.00239,-0.009264,0.009149,0.017381,0.012259,0.018613,0.010125
2025-07-24,0.003372,0.00547,0.015678,0.007973,0.017945,0.005719,0.000368,0.002808,-0.007525,0.02052,0.004745
2025-07-25,-0.010299,0.00166,0.007142,-0.000565,-0.001691,0.004226,-0.003552,-0.0014,-0.001303,-0.003743,-0.016553
2025-07-28,0.01183,-0.009298,-0.003774,0.006972,0.009904,0.002295,0.001721,0.0,0.00261,0.005303,0.009291
2025-07-29,-0.014507,-0.005389,0.011366,-0.006924,-0.003097,0.007977,-0.010307,-0.017294,-0.010648,-0.008719,0.005826
2025-07-30,-0.003845,-0.008595,0.009763,-0.005088,-0.011391,3.8e-05,0.006571,0.016647,0.01148,-0.006357,-0.006897
2025-07-31,-0.020181,0.00311,-0.014278,-0.001894,-0.00491,0.002234,-0.008868,-0.014035,0.007449,-0.001785,-0.006322
2025-08-01,-0.012605,0.009018,-0.00536,-0.006262,6.6e-05,-0.00733,-0.008575,-0.017556,0.005398,-0.02802,-0.00793
2025-08-04,-0.011513,-0.01201,-0.018576,-0.018522,-0.014933,-0.02158,0.004763,-0.002898,0.001517,0.005367,-0.024116
2025-08-05,0.013261,0.019224,-0.00222,0.009922,0.009216,0.020306,0.004865,0.008477,0.017716,0.014337,0.011754
2025-08-06,0.007056,-0.007766,0.001288,-0.004045,-0.002051,-0.008273,-0.000993,0.003362,-0.01065,-0.003834,0.001281
2025-08-07,-0.010849,0.00382,-0.009239,0.004836,0.000796,0.011264,0.014291,-0.008377,-0.008913,-0.015019,0.020785
2025-08-08,0.004341,-0.00427,-0.003895,-0.011165,-0.001458,0.000912,0.007596,0.003862,0.010862,-0.011493,-0.000313
2025-08-12,0.005005,0.003356,0.006399,0.009344,0.000796,0.009989,0.002918,-0.008175,-0.004275,0.008914,0.001746
2025-08-13,0.013046,0.019135,0.004866,0.012155,0.010376,0.015485,0.002669,0.001707,0.004307,0.006908,0.010608
2025-08-14,0.018813,0.0078,0.011576,0.005719,0.003818,0.000373,0.0,0.006573,0.002202,0.016007,0.013716
2025-08-15,-0.010442,0.00081,-0.000934,0.004738,-0.008854,-0.002162,-0.008956,-0.007013,-0.006939,0.005027,-0.001131
2025-08-18,0.0,0.002518,0.0,-0.010375,-0.004566,-0.007582,0.001588,0.006576,-0.002911,0.016796,-0.002396
2025-08-19,-0.005776,-0.0061,-0.005961,0.000762,0.003922,0.002145,-0.001341,-0.009436,-0.004321,-0.002349,0.004017
2025-08-20,0.006033,-0.005596,0.000353,0.001905,0.002185,-0.017463,0.010255,0.017831,0.009736,0.006402,-0.000478
2025-08-21,0.000777,-0.002995,0.008345,0.005133,-0.000925,-0.006766,0.00568,0.00384,0.001045,0.005411,-0.009876
2025-08-22,0.002996,-0.001092,0.006877,-0.003215,-0.003571,-0.003617,-0.009012,-0.003586,-0.006847,-0.003346,-0.005932
2025-08-25,0.019803,0.014399,0.020375,0.016509,0.016326,0.013557,0.0,0.015835,0.005375,0.008246,0.030367
2025-08-26,-0.005533,0.001617,0.00261,-0.005787,-0.009991,-0.002249,-0.017097,-0.00496,-0.011274,-0.014258,-0.002016
2025-08-27,0.002727,-0.004395,-0.001584,0.007698,0.01029,0.004583,-0.006538,-0.002848,0.002233,0.006241,0.0046
2025-08-28,0.002502,0.001712,0.011221,0.00205,-0.000131,0.005399,0.00298,0.004285,0.000235,-0.000584,0.000214
2025-08-29,0.0,0.003777,0.007622,0.001302,0.001763,0.007903,-0.006314,-0.002607,-0.007622,-0.003943,0.001711
2025-09-02,0.001411,-0.001971,0.00545,0.0026,-0.009191,-0.015345,0.006479,0.005466,-0.003663,0.00733,-0.010293
2025-09-03,-0.007477,-0.001706,0.001438,-0.007409,-0.009539,-0.010097,-0.001609,-0.017017,-0.003321,0.000946,-0.007465
2025-09-04,-0.006769,0.016727,-0.022426,-0.001679,-0.005048,0.005966,-0.000744,-0.002645,-0.002499,-0.004725,0.004043
2025-09-05,0.003847,0.009022,0.006668,0.010467,0.011282,0.004936,0.00062,0.00675,-0.001193,0.003798,0.018273
2025-09-08,0.007008,0.005347,-0.019308,-0.018313,-0.003697,0.000838,0.002852,0.010058,-0.003105,0.00342,-0.000213
2025-09-09,0.00087,0.001133,-0.002289,0.000754,0.002253,0.007494,-0.00371,-0.006638,-0.010183,-0.000362,0.003871
2025-09-10,-0.016297,0.005661,0.004819,0.004331,-0.006743,0.001926,0.001986,-0.000477,0.006899,0.005368,-0.001398
2025-09-11,0.001878,-0.007361,0.01747,-0.003375,0.007388,0.018128,-0.009786,-0.000478,0.01719,-0.009091,-0.011965
2025-09-12,0.020946,0.015355,0.000224,0.016366,0.009514,0.003369,0.008131,0.016245,0.005318,0.017403,0.019453
2025-09-16,-0.010042,0.008335,-0.005946,-0.004257,-0.007984,-0.000664,-0.00335,-0.004466,0.005055,-0.011523,0.005181
2025-09-17,-0.003079,-0.004034,0.016761,-0.002235,-0.002955,-0.003476,0.004534,-0.00591,-0.018203,0.0,0.006149
2025-09-18,0.002316,0.002616,0.002339,0.009709,-0.004545,-0.003451,0.006018,-0.000476,0.002496,0.001972,-0.002519
2025-09-19,0.0,0.000757,-0.003111,0.000925,0.010652,0.017279,-0.008724,0.000714,0.000711,0.001968,-0.004512
2025-09-22,-0.00044,0.004121,-0.013265,0.002217,0.002422,0.010141,-0.002012,-0.004993,0.006397,-0.001309,0.003784
2025-09-24,-0.000343,-0.003488,-0.001151,-0.001332,0.003345,0.014711,-0.011149,0.003299,0.009694,-0.000256,-0.003258
2025-09-25,-0.012211,-0.008276,0.013007,-0.00279,-0.005162,-0.006174,0.00217,-0.010238,0.007123,-0.004016,0.007061
2025-09-26,-0.013037,-0.003406,0.008966,-0.002611,-0.006765,-0.001759,-0.009552,-0.002405,-0.009623,-0.01657,-0.014107
2025-09-29,0.011615,0.009741,0.009216,0.007294,0.008994,0.003022,0.002443,0.009887,0.016273,0.010214,0.014774
2025-09-30,0.003827,0.003216,-0.018372,0.005013,0.00308,0.005344,0.001924,0.00191,0.00288,0.002952,0.00438
2025-10-01,0.004934,-0.001518,-0.010631,-0.004803,0.00771,0.005458,0.003329,0.004052,0.001723,0.024062,-0.004652
2025-10-02,-0.010489,-0.014024,0.0,-0.00891,-0.002788,0.009792,-0.001531,0.0,0.009632,0.030897,0.006259
2025-10-03,0.011615,-0.002228,-0.010074,-0.000749,0.002601,0.005411,-0.003962,-0.005222,-0.001817,-0.001952,-0.007216
2025-10-06,0.001672,-0.000515,0.005314,0.006935,0.001362,-0.005032,0.001155,0.004056,0.011605,0.011384,-0.006433
2025-10-07,-0.00089,0.001031,0.004949,-0.000372,0.004663,0.010115,-0.007305,-0.009981,0.009673,-0.004834,0.008576
2025-10-08,-0.00401,-0.003862,0.001567,0.001304,-0.005673,-0.006676,0.009295,-0.00312,0.004567,0.000763,-0.017507
2025-10-09,0.005368,-0.004136,-0.005811,-0.004835,0.008687,0.017537,-0.004989,-0.005057,0.006875,0.001941,0.00297
2025-10-10,-0.013682,-0.00571,-0.0136,-0.003551,-0.014782,-0.001686,0.003214,-0.004598,-0.002533,-0.002214,-0.004992
2025-10-14,-0.020526,-0.018448,-0.028943,-0.021755,-0.022115,-0.040696,0.000769,-0.010941,-0.004085,-0.014425,-0.027506
2025-10-15,0.009974,0.006588,-0.000116,0.011014,0.011752,-0.012834,0.016059,0.009533,0.008912,0.002747,0.002095
2025-10-16,-0.004489,0.007069,-0.000579,0.0,-0.004176,0.009911,0.00177,0.014528,0.013086,0.001546,0.001451
2025-10-17,-0.00744,-0.010659,-0.012048,-0.027799,-0.006553,0.000739,-0.006942,-0.003103,-0.010872,-0.001683,-0.009672
2025-10-20,-0.001931,0.006744,0.008208,0.008114,0.000857,0.001757,0.013345,0.006464,-0.003482,0.006675,0.008605
2025-10-21,0.011948,0.01131,0.010584,0.01169,0.011797,0.011157,-0.000878,0.010466,-0.000328,0.010609,0.007934
2025-10-22,-0.003823,0.003527,-0.002302,-0.001137,0.008859,0.000521,-0.004645,-0.00306,-0.010159,0.002348,0.012231
2025-10-23,-0.003048,-0.008658,0.012804,-0.005689,-0.012978,-0.009884,0.005675,0.004486,-0.002318,0.005719,-0.007819
2025-10-27,0.012002,-0.003373,0.013326,0.002098,0.012494,0.01261,-0.004891,-0.00094,-0.000774,0.000548,0.004509
2025-10-28,-0.000449,0.013933,0.002384,0.004142,0.005681,0.018462,0.001644,0.00211,0.002736,0.002328,0.01439
2025-10-29,0.001349,-0.004951,-0.010421,-0.006375,-0.007125,0.0099,-0.009972,-0.022227,-0.016478,-0.006285,0.000249
2025-10-30,-0.019643,-0.002488,0.007441,-0.016984,0.002586,0.007186,-0.023588,-0.027279,-0.000333,-0.010107,-0.008252
2025-10-31,-0.013396,-0.01694,-0.005908,0.002688,-0.002515,-0.012297,-0.001045,0.005658,-0.004218,0.002223,-0.02258
2025-11-04,-0.005803,0.004286,0.007315,0.00268,0.002392,0.000965,-0.002876,0.000489,-0.00691,-0.000347,0.026438
2025-11-05,-0.004933,-0.006867,-0.010778,0.005177,-0.011593,-0.026399,0.004096,0.002694,-0.003589,0.0045,-0.016599
2025-11-06,0.005902,0.005407,0.002638,0.003434,0.003866,0.003912,-0.000658,-0.000244,0.000225,0.003859,0.012177
2025-11-07,-0.004928,-0.008993,0.009723,-0.003612,-0.003982,-0.020096,-0.004477,-0.004886,-0.004389,0.001922,-0.023106
2025-11-10,0.012028,-0.00258,0.014388,0.00706,0.00485,-0.003458,0.014683,0.013258,0.013905,0.00137,0.001571
2025-11-11,0.009438,0.010436,0.009046,0.0036,0.005674,0.025576,-0.00365,-0.000727,-0.000334,0.007801,0.013143
2025-11-12,0.010389,0.008121,0.01306,0.004531,0.000259,-0.008527,0.013084,0.011154,0.000558,0.023085,0.002469
2025-11-13,0.007083,-0.005779,-0.013984,0.008645,0.000973,0.003106,-0.001421,-0.007914,0.002341,0.014202,-0.006721
2025-11-14,-0.00658,-0.01418,0.002548,-0.012856,-0.01548,-0.024939,0.0,-0.013053,-0.01379,-0.000524,-0.024964
2025-11-17,-0.009136,-0.00536,0.01702,-0.010004,6.6e-05,0.005443,-0.000776,0.002939,0.000902,-0.005958,-0.004784
2025-11-18,-0.015213,-0.001347,-0.018257,-0.019066,-0.009802,-0.015651,-0.006342,-0.006593,0.009013,-0.000856,-0.009398
2025-11-19,0.000819,0.005666,0.00797,-0.001555,-0.004451,-0.016253,0.004299,0.003687,-0.003796,0.005867,-0.018451
2025-11-20,0.002573,-0.005545,-0.012958,0.003699,0.003337,0.006953,-0.007652,-0.007837,-0.008406,-0.001704,4.5e-05
2025-11-21,-0.014929,-0.010972,-0.011348,-0.008728,-0.016761,-0.031391,0.007189,-0.003456,-0.005086,-0.005974,-0.014921
2025-11-25,0.022377,0.01755,0.006302,0.010957,0.012176,0.003858,0.010901,0.013129,0.001477,0.021067,0.019624
2025-11-26,0.01491,0.011415,-0.00628,0.012526,0.0128,0.002681,0.013766,0.008057,-0.003814,0.022607,0.021399
2025-11-28,0.012299,0.0014,0.007561,0.007804,0.005793,0.011838,0.010889,0.004359,0.013287,-0.002205,0.006855
2025-12-01,0.005737,0.008125,0.013105,0.007177,0.005825,0.008598,0.005829,0.004823,0.007112,-0.004861,0.006213
2025-12-02,-0.002461,-0.00468,0.009619,-0.008251,-0.01464,0.000454,-0.001008,-0.013919,-0.023392,-0.01497,0.000592
2025-12-03,-0.009083,0.003309,-0.012922,-0.000945,0.008716,0.010302,-0.006558,-0.002434,-0.007118,-0.005989,-0.000676
2025-12-04,0.007016,-0.000868,0.018749,0.013437,0.009492,0.002385,0.000762,0.001952,-0.003186,0.004664,0.010785
2025-12-05,-0.005843,0.005733,0.004247,0.002054,0.005188,0.003724,-0.004821,-0.001704,-0.002055,-0.007609,-0.003557
2025-12-08,-0.003278,0.011573,-0.004121,0.000373,-0.002774,0.007318,0.000128,-0.000244,-0.00938,-0.004159,0.005543
2025-12-09,-0.013835,-0.007428,-0.010888,-0.003726,-0.001229,0.007026,-0.008285,-0.006099,-0.013395,-0.011941,-0.014533
2025-12-10,-0.00207,0.001118,0.006165,-0.00374,-0.007319,0.002642,0.002313,-0.005891,0.000702,-0.009707,-8.5e-05
2025-12-11,0.01959,0.005842,0.010503,0.011449,0.01827,0.004797,0.002949,0.001975,-0.000468,0.014537,0.014663
2025-12-12,0.019891,-0.002221,-0.004764,0.018185,0.010701,-0.00511,0.007415,0.005421,0.007255,0.009465,0.003926
2025-12-15,0.000665,-0.002226,-0.009791,0.001458,-0.006277,-0.028925,0.007868,-0.001225,-0.004879,0.003125,0.004327
2025-12-16,-0.000665,0.000172,-0.007031,0.000728,0.001595,-0.009674,0.00277,0.003926,0.009106,0.013242,0.008534
2025-12-17,-0.00266,0.000686,-0.030538,-0.006365,-0.005924,0.001827,-0.00452,-0.0088,-0.004165,-0.013004,0.001643
2025-12-18,0.004222,-0.007201,0.022141,-0.000183,-0.016212,-0.022236,0.004667,0.004439,-0.006506,-0.001817,-0.011564
2025-12-19,-0.000443,0.005699,-0.014515,-0.001647,0.006513,0.015424,-0.005775,-0.006138,0.009822,0.00078,0.015101
2025-12-22,0.004428,0.000429,0.0,0.005501,0.008607,0.021619,-0.005177,-0.003705,-0.012737,0.006692,-0.004005
2025-12-23,0.011808,0.004443,0.010353,0.012278,0.011086,0.005395,-0.003493,0.00742,0.00371,0.006592,0.006011
2025-12-24,0.001752,0.006257,0.00656,0.001988,-0.000382,0.005442,-0.004751,-0.000249,0.003532,-0.001996,-0.00139
2025-12-26,0.001967,0.005963,-0.002921,0.005412,0.003249,0.002398,0.00787,0.006471,0.004458,0.005226,0.003438
2025-12-29,0.00589,-0.001016,-0.003831,-0.001974,-0.001841,0.001572,0.001408,0.001978,-0.000701,0.001605,-0.004405
2025-12-30,-0.008024,-0.000678,0.009502,-0.005394,-0.002163,-0.004504,0.000639,0.002715,0.00187,-0.001538,-0.009832
2026-01-05,-0.000219,0.003393,0.00762,-0.002531,-0.002869,-0.003153,-0.001661,0.002215,0.002333,-0.000834,-0.004055
2026-01-06,0.009974,0.007271,0.027163,0.021846,0.011837,0.002218,-0.004376,0.001238,-0.011116,-0.003022,0.016477
2026-01-07,0.019751,-0.003567,-0.026658,0.00481,0.013575,0.014037,0.001551,0.006678,0.004918,0.019672,0.006401
2026-01-08,-0.017263,-0.002046,-0.011174,-0.014007,-0.018825,-0.000818,-0.010972,-0.013759,-0.024237,0.009931,-0.001404
2026-01-09,0.017566,0.003331,0.031465,0.005215,0.007549,-0.015628,0.023754,0.007474,0.002866,-0.009646,0.016708
2026-01-13,0.016,0.00366,0.002578,-0.003041,0.010988,0.013242,0.010326,0.001484,0.012384,-0.005123,0.012122
2026-01-14,0.004328,-0.005615,0.014243,-0.019172,0.005148,-0.002112,0.011599,0.007632,0.006341,-0.004067,-0.00249
2026-01-15,0.00041,-0.002139,0.022553,-0.001475,0.001585,-0.012152,0.013808,0.011239,0.007468,0.007146,-0.01578
2026-01-16,0.004308,-0.003687,-0.009363,0.004063,0.009192,0.005252,0.001703,0.00749,0.010192,-0.005701,0.003681
2026-01-20,-0.005719,-0.008949,0.00168,0.001287,0.006756,0.0011,-0.003157,0.01223,-0.005045,-0.007773,-0.00326
2026-01-21,-0.010066,-0.014761,-0.001887,-0.022777,-0.020192,-0.025958,0.003045,-0.01919,-0.00991,-0.002183,-0.026002
2026-01-22,0.021789,0.010223,0.02416,0.004887,0.017306,0.013889,0.000971,0.003623,0.001397,0.018404,0.01914
2026-01-23,0.005686,0.014132,0.003282,0.006547,-0.00517,0.00744,-0.002062,-0.009868,-0.007206,0.00019,0.010049
2026-01-26,0.009087,0.006108,0.005725,-0.013752,-0.007734,0.001449,0.007779,0.002674,-0.003512,-0.005117,0.004159
2026-01-27,0.001201,0.006925,0.00061,0.006407,0.000974,0.006823,-0.001568,-0.000727,0.007284,0.003937,-0.006578
2026-01-28,-0.000999,-0.007387,0.009143,-0.007676,0.004137,0.013486,0.004591,0.000728,0.013063,-0.016762,0.003025
2026-01-29,-0.0006,-0.001283,0.007651,-0.000189,-0.005574,0.00797,-0.010101,-0.009697,-0.002303,-0.007334,-0.007499
2026-01-30,0.001001,0.026039,0.009191,0.010568,0.010479,-0.015815,-0.002308,0.01273,0.0,-0.003175,-0.004763
2026-02-02,-0.0146,0.002421,0.010691,-0.002054,-0.002532,-0.020358,0.016803,0.00145,-0.001846,0.005981,-0.000165
2026-02-03,0.007713,-0.003414,-0.019589,0.01104,0.012633,0.009591,0.011855,-0.011344,-0.014566,0.006139,0.006602
2026-02-04,0.021148,-0.016128,0.032368,-0.009254,0.008416,-0.021892,0.016213,-0.003662,0.014547,-0.010213,-0.008035
2026-02-05,0.023471,-0.007984,0.02245,0.008033,0.002664,-0.027872,0.013043,0.015927,-0.0037,0.012524,-0.007356
2026-02-06,-0.026787,-0.005051,-0.011736,-0.012417,-0.006022,-0.018028,-0.000805,-0.005548,0.000464,-0.007627,-0.021565
2026-02-09,0.02,-0.003872,0.01992,0.018202,0.028568,0.040551,0.011735,0.018433,0.0058,0.018535,0.004085
2026-02-10,0.013007,0.009675,0.007324,-0.005898,0.003003,0.01573,-0.005799,0.006192,0.002999,-0.008814,-0.003729
2026-02-12,0.01399,0.005989,-0.001119,-0.00723,0.001209,-0.005581,-0.003203,0.013965,0.016559,-0.006333,0.006635
2026-02-13,-0.014733,-0.017989,-0.018188,-0.019909,-0.011954,-0.026299,0.009163,0.001636,0.014802,-0.0016,-0.013842
2026-02-17,0.009086,-0.000523,0.006854,-0.000774,0.00822,0.002514,0.003363,0.014696,0.027624,0.010705,0.000431
2026-02-18,-0.011443,-0.001571,-0.01104,0.010649,0.005225,-0.000573,-0.014635,0.010115,-0.002581,-0.001903,-0.001205
2026-02-19,0.006072,0.001661,0.019163,0.007471,-0.000229,0.010252,-0.001814,-0.013427,-0.016602,0.001906,0.008445
2026-02-20,-0.003584,0.0048,0.007302,-0.008367,0.007427,-0.004968,-0.004203,-0.00346,0.010963,-0.0026,-0.006666
2026-02-24,0.002461,0.014417,-0.005437,0.00652,0.005047,0.004779,0.002509,0.008333,0.004771,-0.002798,0.010409
2026-02-25,0.007553,0.006935,-0.000907,0.004928,0.012298,0.012995,0.008655,0.002752,0.01114,-0.004226,0.015219
2026-02-26,-0.005622,0.002927,-0.004174,0.017458,-0.007797,0.01917,-0.008135,-0.006632,0.00339,-0.000253,0.002998
2026-02-27,-0.001131,0.001888,0.00328,0.012146,0.006264,-0.013985,-0.001685,0.004374,-0.003801,-0.002598,-0.000342
2026-03-02,0.007736,0.011395,0.015804,-0.020381,0.00249,-0.015956,0.012942,0.004813,0.011657,0.01766,-0.001623
2026-03-03,-0.002996,-0.001525,0.020029,-0.002528,0.009936,0.005621,-0.014443,0.001825,-0.007542,-0.010424,-0.012322
2026-03-04,-0.024601,0.000764,-0.009116,-0.001754,-0.01934,-0.014619,-0.010935,-0.005009,-0.006333,-0.011291,-0.009184
2026-03-05,-0.000385,0.007036,-0.005839,0.005663,0.003021,0.017018,-0.00661,0.001373,0.004249,0.001978,0.017751
2026-03-06,-0.020994,-0.002946,0.005161,-0.005243,-0.02222,0.002431,-0.020078,-0.009598,-0.007827,-0.019994,0.001375
2026-03-09,-0.019083,-0.008274,0.001593,-0.012883,-0.012321,-0.020616,0.004332,-0.010383,-0.003412,-0.007862,-0.018104
2026-03-10,0.002607,0.000851,-0.004419,-0.004746,0.005884,0.017991,0.002215,0.002098,0.002353,0.010216,0.001311
2026-03-11,-0.0022,-0.001531,-0.012784,-0.005365,-0.005382,0.0,-0.002908,-0.001396,-0.00619,-0.007196,-0.001309
2026-03-12,-0.000802,-0.003237,0.02482,-0.00839,-0.003117,0.004794,-0.013183,-0.011883,-0.008376,-0.001959,-0.002621
2026-03-13,-0.00321,-0.014786,0.009301,-0.016317,-0.025075,-0.018443,-0.004019,-0.006366,0.007148,-0.017599,-0.022954
2026-03-16,-0.009863,-0.007114,0.003304,0.001229,-0.003571,-0.007545,0.005816,0.00261,0.009892,-0.002464,-0.005918
2026-03-17,0.004269,0.007689,0.003466,0.008386,0.008564,0.014474,0.002832,0.007811,0.006388,0.008145,0.012087
2026-03-18,0.002429,0.000347,0.010535,0.005274,0.00265,0.005476,-0.003295,0.003288,-0.002751,-0.009072,0.008734
2026-03-19,-0.021002,-0.014822,-0.001367,-0.011905,-0.007928,-0.011323,-0.024321,-0.016386,-0.008487,-0.016707,-0.023061
