date,strategy_return,long_return,short_return,long_only_return,capital,capital_long_only,pnl,pnl_pct,is_correct,win_rate_total,win_rate_20d,total_days
2010-04-07,0.004913,0.008293,0.00338,0.008293,1004913.0,1004913.0,4913.0,0.004913,1,1.0,1.0,1
2010-04-08,0.032872,0.012869,-0.020004,0.012869,1037947.0,1037947.0,37947.0,0.037947,1,1.0,1.0,2
2010-04-09,-0.002826,-0.000198,0.002628,-0.000198,1035013.0,1035013.0,35013.0,0.035013,0,0.6667,0.6667,3
2010-04-12,0.004804,0.009877,0.005073,0.009877,1039985.0,1039985.0,39985.0,0.039985,1,0.75,0.75,4
2010-04-13,-0.008734,-0.012265,-0.003531,-0.012265,1030902.0,1030902.0,30902.0,0.030902,0,0.6,0.6,5
2010-04-14,-0.001163,-0.001227,-6.3e-05,-0.001227,1029703.0,1029703.0,29703.0,0.029703,0,0.5,0.5,6
2010-04-15,0.008899,0.011369,0.00247,0.011369,1038866.0,1038866.0,38866.0,0.038866,1,0.5714,0.5714,7
2010-04-16,0.001189,-0.007473,-0.008661,-0.007473,1040102.0,1040102.0,40102.0,0.040102,1,0.625,0.625,8
2010-04-19,-0.015925,-0.011776,0.00415,-0.011776,1023538.0,1023538.0,23538.0,0.023538,0,0.5556,0.5556,9
2010-04-20,0.019753,0.005009,-0.014745,0.005009,1043756.0,1043756.0,43756.0,0.043756,1,0.6,0.6,10
2010-04-21,-0.005079,0.009441,0.01452,0.009441,1038455.0,1038455.0,38455.0,0.038455,0,0.5455,0.5455,11
2010-04-22,-0.010802,-0.005131,0.005671,-0.005131,1027237.0,1027237.0,27237.0,0.027237,0,0.5,0.5,12
2010-04-23,0.005259,0.006622,0.001363,0.006622,1032640.0,1032640.0,32640.0,0.03264,1,0.5385,0.5385,13
2010-04-26,0.007859,0.019771,0.011913,0.019771,1040755.0,1040755.0,40755.0,0.040755,1,0.5714,0.5714,14
2010-04-27,0.009279,-0.002586,-0.011864,-0.002586,1050411.0,1050411.0,50411.0,0.050411,1,0.6,0.6,15
2010-04-28,0.010593,0.008667,-0.001926,0.008667,1061538.0,1061538.0,61538.0,0.061538,1,0.625,0.625,16
2010-04-30,0.020314,0.007637,-0.012677,0.007637,1083103.0,1083103.0,83103.0,0.083103,1,0.6471,0.6471,17
2010-05-06,0.003569,-0.009319,-0.012888,-0.009319,1086968.0,1086968.0,86968.0,0.086968,1,0.6667,0.6667,18
2010-05-07,0.008281,0.011744,0.003463,0.011744,1095968.0,1095968.0,95968.0,0.095968,1,0.6842,0.6842,19
2010-05-10,0.04145,0.059471,0.018021,0.059471,1141396.0,1141396.0,141396.0,0.141396,1,0.7,0.7,20
2010-05-11,0.015344,-0.011813,-0.027157,-0.011813,1158910.0,1158910.0,158910.0,0.15891,1,0.7143,0.7,21
2010-05-12,0.014895,0.013393,-0.001503,0.013393,1176172.0,1176172.0,176172.0,0.176172,1,0.7273,0.7,22
2010-05-13,-0.013397,-0.009672,0.003725,-0.009672,1160415.0,1160415.0,160415.0,0.160415,0,0.6957,0.7,23
2010-05-14,0.00219,0.001232,-0.000958,0.001232,1162956.0,1162956.0,162956.0,0.162956,1,0.7083,0.7,24
2010-05-17,0.002722,-0.017096,-0.019818,-0.017096,1166122.0,1166122.0,166122.0,0.166122,1,0.72,0.75,25
2010-05-18,0.018183,0.002041,-0.016142,0.002041,1187325.0,1187325.0,187325.0,0.187325,1,0.7308,0.8,26
2010-05-19,0.021302,0.015032,-0.00627,0.015032,1212617.0,1212617.0,212617.0,0.212617,1,0.7407,0.8,27
2010-05-20,-0.002653,0.000478,0.003131,0.000478,1209401.0,1209401.0,209401.0,0.209401,0,0.7143,0.75,28
2010-05-21,-0.006119,0.001026,0.007145,0.001026,1202001.0,1202001.0,202001.0,0.202001,0,0.6897,0.75,29
2010-05-24,0.0227,0.01533,-0.007369,0.01533,1229286.0,1229286.0,229286.0,0.229286,1,0.7,0.75,30
2010-05-25,0.016334,-0.005688,-0.022022,-0.005688,1249365.0,1249365.0,249365.0,0.249365,1,0.7097,0.8,31
2010-05-26,-0.014652,-0.01466,-7e-06,-0.01466,1231059.0,1231059.0,231059.0,0.231059,0,0.6875,0.8,32
2010-05-27,0.035276,0.037973,0.002697,0.037973,1274485.0,1274485.0,274485.0,0.274485,1,0.697,0.8,33
2010-05-28,-0.003441,-0.002277,0.001165,-0.002277,1270099.0,1270099.0,270099.0,0.270099,0,0.6765,0.75,34
2010-06-01,0.015066,0.011299,-0.003767,0.011299,1289235.0,1289235.0,289235.0,0.289235,1,0.6857,0.75,35
2010-06-02,0.014135,0.004677,-0.009458,0.004677,1307458.0,1307458.0,307458.0,0.307458,1,0.6944,0.75,36
2010-06-03,-0.015691,-0.003553,0.012138,-0.003553,1286942.0,1286942.0,286942.0,0.286942,0,0.6757,0.7,37
2010-06-04,0.019432,0.015752,-0.00368,0.015752,1311950.0,1311950.0,311950.0,0.31195,1,0.6842,0.7,38
2010-06-07,0.002593,-0.010578,-0.01317,-0.010578,1315352.0,1315352.0,315352.0,0.315352,1,0.6923,0.7,39
2010-06-08,0.000516,0.002511,0.001995,0.002511,1316030.0,1316030.0,316030.0,0.31603,1,0.7,0.7,40
2010-06-09,0.002233,-0.012313,-0.014546,-0.012313,1318969.0,1318969.0,318969.0,0.318969,1,0.7073,0.7,41
2010-06-10,0.003085,0.002404,-0.000681,0.002404,1323038.0,1323038.0,323038.0,0.323038,1,0.7143,0.7,42
2010-06-11,0.012673,-0.002971,-0.015644,-0.002971,1339805.0,1339805.0,339805.0,0.339805,1,0.7209,0.75,43
2010-06-14,0.007995,0.005139,-0.002857,0.005139,1350517.0,1350517.0,350517.0,0.350517,1,0.7273,0.75,44
2010-06-15,-0.003997,0.002066,0.006063,0.002066,1345119.0,1345119.0,345119.0,0.345119,0,0.7111,0.7,45
2010-06-16,-0.004841,-0.003977,0.000864,-0.003977,1338607.0,1338607.0,338607.0,0.338607,0,0.6957,0.65,46
2010-06-17,-0.002497,-0.001012,0.001485,-0.001012,1335265.0,1335265.0,335265.0,0.335265,0,0.6809,0.6,47
2010-06-18,0.011755,0.001209,-0.010545,0.001209,1350960.0,1350960.0,350960.0,0.35096,1,0.6875,0.65,48
2010-06-21,0.019625,0.019645,2e-05,0.019645,1377472.0,1377472.0,377472.0,0.377472,1,0.6939,0.7,49
2010-06-22,0.000973,0.004593,0.00362,0.004593,1378812.0,1378812.0,378812.0,0.378812,1,0.7,0.7,50
2010-06-23,0.003735,-0.000322,-0.004057,-0.000322,1383962.0,1383962.0,383962.0,0.383962,1,0.7059,0.7,51
2010-06-24,-0.000656,-0.001835,-0.001179,-0.001835,1383054.0,1383054.0,383054.0,0.383054,0,0.6923,0.7,52
2010-06-25,0.003989,-0.001772,-0.005761,-0.001772,1388572.0,1388572.0,388572.0,0.388572,1,0.6981,0.7,53
2010-06-28,-0.010551,-0.012759,-0.002208,-0.012759,1373921.0,1373921.0,373921.0,0.373921,0,0.6852,0.7,54
2010-06-29,0.012667,-0.006882,-0.019549,-0.006882,1391324.0,1391324.0,391324.0,0.391324,1,0.6909,0.7,55
2010-06-30,0.003538,0.002793,-0.000745,0.002793,1396247.0,1396247.0,396247.0,0.396247,1,0.6964,0.7,56
2010-07-01,0.010103,0.001021,-0.009082,0.001021,1410354.0,1410354.0,410354.0,0.410354,1,0.7018,0.75,57
2010-07-02,-0.000754,0.00221,0.002964,0.00221,1409290.0,1409290.0,409290.0,0.40929,0,0.6897,0.7,58
2010-07-06,-0.029169,0.00359,0.03276,0.00359,1368182.0,1368182.0,368182.0,0.368182,0,0.678,0.65,59
2010-07-07,-0.00369,0.002007,0.005697,0.002007,1363133.0,1363133.0,363133.0,0.363133,0,0.6667,0.6,60
2010-07-08,0.000892,-0.000384,-0.001276,-0.000384,1364349.0,1364349.0,364349.0,0.364349,1,0.6721,0.6,61
2010-07-09,-0.010219,-0.015275,-0.005056,-0.015275,1350407.0,1350407.0,350407.0,0.350407,0,0.6613,0.55,62
2010-07-12,0.01165,0.006523,-0.005127,0.006523,1366139.0,1366139.0,366139.0,0.366139,1,0.6667,0.55,63
2010-07-13,-0.003493,-0.014248,-0.010754,-0.014248,1361366.0,1361366.0,361366.0,0.361366,0,0.6562,0.5,64
2010-07-14,-0.004025,0.001906,0.005931,0.001906,1355887.0,1355887.0,355887.0,0.355887,0,0.6462,0.5,65
2010-07-15,-0.000197,-0.008706,-0.008509,-0.008706,1355619.0,1355619.0,355619.0,0.355619,0,0.6364,0.5,66
2010-07-16,0.013624,0.002133,-0.011491,0.002133,1374088.0,1374088.0,374088.0,0.374088,1,0.6418,0.55,67
2010-07-21,-0.020196,-0.02102,-0.000823,-0.02102,1346337.0,1346337.0,346337.0,0.346337,0,0.6324,0.5,68
2010-07-22,-0.007305,-0.005284,0.002022,-0.005284,1336502.0,1336502.0,336502.0,0.336502,0,0.6232,0.45,69
2010-07-23,-0.001145,-0.000986,0.000159,-0.000986,1334971.0,1334971.0,334971.0,0.334971,0,0.6143,0.4,70
2010-07-26,-0.000668,-0.005408,-0.00474,-0.005408,1334079.0,1334079.0,334079.0,0.334079,0,0.6056,0.35,71
2010-07-27,0.009558,0.006595,-0.002962,0.006595,1346830.0,1346830.0,346830.0,0.34683,1,0.6111,0.4,72
2010-07-28,-0.007224,0.003803,0.011027,0.003803,1337100.0,1337100.0,337100.0,0.3371,0,0.6027,0.35,73
2010-07-29,0.005845,0.006867,0.001022,0.006867,1344916.0,1344916.0,344916.0,0.344916,1,0.6081,0.4,74
2010-07-30,-0.002039,-0.013595,-0.011556,-0.013595,1342175.0,1342175.0,342175.0,0.342175,0,0.6,0.35,75
2010-08-02,0.016642,0.010309,-0.006333,0.010309,1364511.0,1364511.0,364511.0,0.364511,1,0.6053,0.35,76
2010-08-03,-0.000531,-0.001386,-0.000855,-0.001386,1363787.0,1363787.0,363787.0,0.363787,0,0.5974,0.3,77
2010-08-04,0.008082,0.00047,-0.007612,0.00047,1374809.0,1374809.0,374809.0,0.374809,1,0.6026,0.35,78
2010-08-05,0.021493,0.007194,-0.0143,0.007194,1404358.0,1404358.0,404358.0,0.404358,1,0.6076,0.4,79
2010-08-06,-0.009672,-0.002113,0.007559,-0.002113,1390775.0,1390775.0,390775.0,0.390775,0,0.6,0.4,80
2010-08-09,0.021231,0.013612,-0.007619,0.013612,1420303.0,1420303.0,420303.0,0.420303,1,0.6049,0.4,81
2010-08-10,0.012558,-0.003224,-0.015782,-0.003224,1438140.0,1438140.0,438140.0,0.43814,1,0.6098,0.45,82
2010-08-11,0.011203,-0.005347,-0.016551,-0.005347,1454252.0,1454252.0,454252.0,0.454252,1,0.6145,0.45,83
2010-08-12,0.014518,0.020638,0.006121,0.020638,1475364.0,1475364.0,475364.0,0.475364,1,0.619,0.5,84
2010-08-13,0.007701,0.011941,0.00424,0.011941,1486726.0,1486726.0,486726.0,0.486726,1,0.6235,0.55,85
2010-08-16,0.020744,0.013275,-0.007469,0.013275,1517567.0,1517567.0,517567.0,0.517567,1,0.6279,0.6,86
2010-08-17,-0.002862,0.006575,0.009437,0.006575,1513224.0,1513224.0,513224.0,0.513224,0,0.6207,0.55,87
2010-08-18,0.000249,-0.000204,-0.000452,-0.000204,1513600.0,1513600.0,513600.0,0.5136,1,0.625,0.6,88
2010-08-19,0.011462,0.013147,0.001685,0.013147,1530949.0,1530949.0,530949.0,0.530949,1,0.6292,0.65,89
2010-08-20,0.003729,-0.002756,-0.006485,-0.002756,1536657.0,1536657.0,536657.0,0.536657,1,0.6333,0.7,90
2010-08-23,0.017018,0.009039,-0.00798,0.009039,1562809.0,1562809.0,562809.0,0.562809,1,0.6374,0.75,91
2010-08-24,0.0104,0.013479,0.003079,0.013479,1579061.0,1579061.0,579061.0,0.579061,1,0.6413,0.75,92
2010-08-25,0.009031,0.005967,-0.003064,0.005967,1593322.0,1593322.0,593322.0,0.593322,1,0.6452,0.8,93
2010-08-26,0.016401,0.006009,-0.010392,0.006009,1619455.0,1619455.0,619455.0,0.619455,1,0.6489,0.8,94
2010-08-27,0.025146,0.035831,0.010684,0.035831,1660178.0,1660178.0,660178.0,0.660178,1,0.6526,0.85,95
2010-08-30,-0.012277,-0.013496,-0.001219,-0.013496,1639796.0,1639796.0,639796.0,0.639796,0,0.6458,0.8,96
2010-08-31,-0.009344,-0.019057,-0.009714,-0.019057,1624475.0,1624475.0,624475.0,0.624475,0,0.6392,0.8,97
2010-09-01,0.007722,0.018214,0.010492,0.018214,1637018.0,1637018.0,637018.0,0.637018,1,0.6429,0.8,98
2010-09-02,0.014389,0.003448,-0.010941,0.003448,1660573.0,1660573.0,660573.0,0.660573,1,0.6465,0.8,99
2010-09-03,0.007512,0.006409,-0.001104,0.006409,1673048.0,1673048.0,673048.0,0.673048,1,0.65,0.85,100
2010-09-07,-0.008869,-0.005982,0.002887,-0.005982,1658209.0,1658209.0,658209.0,0.658209,0,0.6436,0.8,101
2010-09-08,-0.004133,-0.001416,0.002716,-0.001416,1651356.0,1651356.0,651356.0,0.651356,0,0.6373,0.75,102
2010-09-09,-0.012176,-0.000996,0.011181,-0.000996,1631248.0,1631248.0,631248.0,0.631248,0,0.6311,0.7,103
2010-09-10,-0.002829,-0.003103,-0.000274,-0.003103,1626634.0,1626634.0,626634.0,0.626634,0,0.625,0.65,104
2010-09-13,0.007824,0.001817,-0.006006,0.001817,1639360.0,1639360.0,639360.0,0.63936,1,0.6286,0.65,105
2010-09-14,0.013523,0.008685,-0.004839,0.008685,1661529.0,1661529.0,661529.0,0.661529,1,0.6321,0.65,106
2010-09-16,0.008254,-0.005796,-0.01405,-0.005796,1675244.0,1675244.0,675244.0,0.675244,1,0.6355,0.7,107
2010-09-17,0.023933,0.014622,-0.009311,0.014622,1715338.0,1715338.0,715338.0,0.715338,1,0.6389,0.7,108
2010-09-21,0.020162,0.001989,-0.018173,0.001989,1749922.0,1749922.0,749922.0,0.749922,1,0.6422,0.7,109
2010-09-22,-0.013595,-0.002536,0.011059,-0.002536,1726132.0,1726132.0,726132.0,0.726132,0,0.6364,0.65,110
2010-09-24,-0.013723,-0.014771,-0.001048,-0.014771,1702444.0,1702444.0,702444.0,0.702444,0,0.6306,0.6,111
2010-09-27,-0.011138,-0.004651,0.006486,-0.004651,1683483.0,1683483.0,683483.0,0.683483,0,0.625,0.55,112
2010-09-28,0.00053,-0.00247,-0.003,-0.00247,1684375.0,1684375.0,684375.0,0.684375,1,0.6283,0.55,113
2010-09-29,-0.024147,-0.00961,0.014537,-0.00961,1643703.0,1643703.0,643703.0,0.643703,0,0.6228,0.5,114
2010-09-30,-0.002401,-0.025041,-0.02264,-0.025041,1639756.0,1639756.0,639756.0,0.639756,0,0.6174,0.45,115
2010-10-01,-0.00411,-0.006745,-0.002635,-0.006745,1633017.0,1633017.0,633017.0,0.633017,0,0.6121,0.45,116
2010-10-04,-0.000521,-0.000582,-6.1e-05,-0.000582,1632166.0,1632166.0,632166.0,0.632166,0,0.6068,0.45,117
2010-10-05,0.008536,0.024888,0.016352,0.024888,1646099.0,1646099.0,646099.0,0.646099,1,0.6102,0.45,118
2010-10-06,-0.021346,-0.002432,0.018914,-0.002432,1610961.0,1610961.0,610961.0,0.610961,0,0.605,0.4,119
2010-10-07,0.006508,0.003505,-0.003003,0.003505,1621445.0,1621445.0,621445.0,0.621445,1,0.6083,0.4,120
2010-10-08,-0.001452,-0.004115,-0.002663,-0.004115,1619091.0,1619091.0,619091.0,0.619091,0,0.6033,0.4,121
2010-10-12,-0.011455,-0.032865,-0.021411,-0.032865,1600544.0,1600544.0,600544.0,0.600544,0,0.5984,0.4,122
2010-10-13,-0.012976,-0.018667,-0.005691,-0.018667,1579776.0,1579776.0,579776.0,0.579776,0,0.5935,0.4,123
2010-10-14,-0.023888,-0.010931,0.012957,-0.010931,1542038.0,1542038.0,542038.0,0.542038,0,0.5887,0.4,124
2010-10-15,0.007839,0.004649,-0.00319,0.004649,1554126.0,1554126.0,554126.0,0.554126,1,0.592,0.4,125
2010-10-18,-0.002853,-0.000155,0.002698,-0.000155,1549692.0,1549692.0,549692.0,0.549692,0,0.5873,0.35,126
2010-10-19,0.005149,0.005518,0.000368,0.005518,1557671.0,1557671.0,557671.0,0.557671,1,0.5906,0.35,127
2010-10-20,0.00539,0.014318,0.008928,0.014318,1566066.0,1566066.0,566066.0,0.566066,1,0.5938,0.35,128
2010-10-21,0.011888,0.000557,-0.011331,0.000557,1584684.0,1584684.0,584684.0,0.584684,1,0.5969,0.35,129
2010-10-22,-0.001937,-0.002765,-0.000828,-0.002765,1581614.0,1581614.0,581614.0,0.581614,0,0.5923,0.35,130
2010-10-25,-0.003731,-0.008245,-0.004514,-0.008245,1575714.0,1575714.0,575714.0,0.575714,0,0.5878,0.35,131
2010-10-26,0.008376,-8.5e-05,-0.008462,-8.5e-05,1588913.0,1588913.0,588913.0,0.588913,1,0.5909,0.4,132
2010-10-27,0.016014,-0.003087,-0.019101,-0.003087,1614358.0,1614358.0,614358.0,0.614358,1,0.594,0.4,133
2010-10-28,0.010898,0.007779,-0.003119,0.007779,1631952.0,1631952.0,631952.0,0.631952,1,0.597,0.45,134
2010-10-29,0.027433,0.002883,-0.02455,0.002883,1676721.0,1676721.0,676721.0,0.676721,1,0.6,0.5,135
2010-11-01,0.001288,-0.006529,-0.007816,-0.006529,1678881.0,1678881.0,678881.0,0.678881,1,0.6029,0.55,136
2010-11-02,-0.007482,-0.007938,-0.000455,-0.007938,1666318.0,1666318.0,666318.0,0.666318,0,0.5985,0.55,137
2010-11-04,-0.016226,-0.010871,0.005355,-0.010871,1639280.0,1639280.0,639280.0,0.63928,0,0.5942,0.5,138
2010-11-05,0.008992,0.017334,0.008342,0.017334,1654021.0,1654021.0,654021.0,0.654021,1,0.5971,0.55,139
2010-11-08,0.013207,0.00874,-0.004467,0.00874,1675866.0,1675866.0,675866.0,0.675866,1,0.6,0.55,140
2010-11-09,-0.020332,-0.009952,0.01038,-0.009952,1641792.0,1641792.0,641792.0,0.641792,0,0.5957,0.55,141
2010-11-10,-0.008515,0.007999,0.016514,0.007999,1627813.0,1627813.0,627813.0,0.627813,0,0.5915,0.55,142
2010-11-11,-0.009442,0.001526,0.010968,0.001526,1612443.0,1612443.0,612443.0,0.612443,0,0.5874,0.55,143
2010-11-12,-4.7e-05,-0.00999,-0.009943,-0.00999,1612367.0,1612367.0,612367.0,0.612367,0,0.5833,0.55,144
2010-11-15,-0.001687,-0.001164,0.000523,-0.001164,1609646.0,1609646.0,609646.0,0.609646,0,0.5793,0.5,145
2010-11-16,0.004473,-0.003014,-0.007487,-0.003014,1616845.0,1616845.0,616845.0,0.616845,1,0.5822,0.55,146
2010-11-17,-0.000593,0.011701,0.012295,0.011701,1615886.0,1615886.0,615886.0,0.615886,0,0.5782,0.5,147
2010-11-18,-0.023838,0.00172,0.025558,0.00172,1577366.0,1577366.0,577366.0,0.577366,0,0.5743,0.45,148
2010-11-19,0.009461,-0.000324,-0.009784,-0.000324,1592289.0,1592289.0,592289.0,0.592289,1,0.5772,0.45,149
2010-11-22,0.004146,0.004139,-8e-06,0.004139,1598891.0,1598891.0,598891.0,0.598891,1,0.58,0.5,150
2010-11-24,-0.012775,0.006136,0.018911,0.006136,1578466.0,1578466.0,578466.0,0.578466,0,0.5762,0.5,151
2010-11-26,0.011951,0.004016,-0.007934,0.004016,1597329.0,1597329.0,597329.0,0.597329,1,0.5789,0.5,152
2010-11-29,-0.000587,0.00643,0.007017,0.00643,1596391.0,1596391.0,596391.0,0.596391,0,0.5752,0.45,153
2010-11-30,-0.02102,-0.022856,-0.001836,-0.022856,1562836.0,1562836.0,562836.0,0.562836,0,0.5714,0.4,154
2010-12-01,0.009329,0.015543,0.006214,0.015543,1577416.0,1577416.0,577416.0,0.577416,1,0.5742,0.4,155
2010-12-02,-0.009396,-0.01329,-0.003894,-0.01329,1562595.0,1562595.0,562595.0,0.562595,0,0.5705,0.35,156
2010-12-03,0.007405,-0.00082,-0.008225,-0.00082,1574166.0,1574166.0,574166.0,0.574166,1,0.5732,0.4,157
2010-12-06,0.004014,0.004555,0.000541,0.004555,1580485.0,1580485.0,580485.0,0.580485,1,0.5759,0.45,158
2010-12-07,-0.008713,-0.009566,-0.000854,-0.009566,1566715.0,1566715.0,566715.0,0.566715,0,0.5723,0.4,159
2010-12-08,0.000533,0.008655,0.008121,0.008655,1567551.0,1567551.0,567551.0,0.567551,1,0.575,0.4,160
2010-12-09,0.006111,0.001705,-0.004406,0.001705,1577130.0,1577130.0,577130.0,0.57713,1,0.5776,0.45,161
2010-12-10,-0.011283,-0.008509,0.002774,-0.008509,1559336.0,1559336.0,559336.0,0.559336,0,0.5741,0.45,162
2010-12-13,-0.013525,0.001357,0.014882,0.001357,1538246.0,1538246.0,538246.0,0.538246,0,0.5706,0.45,163
2010-12-14,0.003084,0.009583,0.006499,0.009583,1542990.0,1542990.0,542990.0,0.54299,1,0.5732,0.5,164
2010-12-15,-0.000493,0.002082,0.002574,0.002082,1542229.0,1542229.0,542229.0,0.542229,0,0.5697,0.5,165
2010-12-16,-0.003534,-0.004431,-0.000898,-0.004431,1536780.0,1536780.0,536780.0,0.53678,0,0.5663,0.45,166
2010-12-17,0.006197,-0.003449,-0.009646,-0.003449,1546303.0,1546303.0,546303.0,0.546303,1,0.5689,0.5,167
2010-12-20,0.01073,0.000315,-0.010415,0.000315,1562894.0,1562894.0,562894.0,0.562894,1,0.5714,0.55,168
2010-12-21,-2.9e-05,0.003469,0.003499,0.003469,1562848.0,1562848.0,562848.0,0.562848,0,0.568,0.5,169
2010-12-22,0.000447,-0.002321,-0.002768,-0.002321,1563547.0,1563547.0,563547.0,0.563547,1,0.5706,0.5,170
2010-12-27,-0.009131,-0.000456,0.008675,-0.000456,1549270.0,1549270.0,549270.0,0.54927,0,0.5673,0.5,171
2010-12-28,0.000238,2.8e-05,-0.00021,2.8e-05,1549640.0,1549640.0,549640.0,0.54964,1,0.5698,0.5,172
2010-12-29,-0.000588,0.007059,0.007647,0.007059,1548728.0,1548728.0,548728.0,0.548728,0,0.5665,0.5,173
2010-12-30,-0.006592,-0.011324,-0.004732,-0.011324,1538520.0,1538520.0,538520.0,0.53852,0,0.5632,0.5,174
2011-01-04,0.002563,0.010643,0.00808,0.010643,1542463.0,1542463.0,542463.0,0.542463,1,0.5657,0.5,175
2011-01-05,-0.013422,-0.002781,0.010641,-0.002781,1521761.0,1521761.0,521761.0,0.521761,0,0.5625,0.5,176
2011-01-06,-0.009124,-0.000151,0.008974,-0.000151,1507876.0,1507876.0,507876.0,0.507876,0,0.5593,0.45,177
2011-01-07,-0.001909,0.004225,0.006133,0.004225,1504998.0,1504998.0,504998.0,0.504998,0,0.5562,0.4,178
2011-01-11,0.00598,0.005596,-0.000384,0.005596,1513998.0,1513998.0,513998.0,0.513998,1,0.5587,0.45,179
2011-01-12,0.001472,-0.003134,-0.004606,-0.003134,1516227.0,1516227.0,516227.0,0.516227,1,0.5611,0.45,180
2011-01-13,-0.003054,0.0,0.003054,0.0,1511597.0,1511597.0,511597.0,0.511597,0,0.558,0.4,181
2011-01-14,0.001517,-0.001353,-0.002871,-0.001353,1513890.0,1513890.0,513890.0,0.51389,1,0.5604,0.45,182
2011-01-18,0.005773,0.007173,0.0014,0.007173,1522630.0,1522630.0,522630.0,0.52263,1,0.5628,0.5,183
2011-01-19,0.006939,0.00346,-0.003479,0.00346,1533195.0,1533195.0,533195.0,0.533195,1,0.5652,0.5,184
2011-01-20,0.004717,0.005257,0.00054,0.005257,1540426.0,1540426.0,540426.0,0.540426,1,0.5676,0.55,185
2011-01-21,0.03415,0.007009,-0.027141,0.007009,1593031.0,1593031.0,593031.0,0.593031,1,0.5699,0.6,186
2011-01-24,-0.005674,-0.001206,0.004468,-0.001206,1583993.0,1583993.0,583993.0,0.583993,0,0.5668,0.55,187
2011-01-25,-0.001324,0.009775,0.011099,0.009775,1581896.0,1581896.0,581896.0,0.581896,0,0.5638,0.5,188
2011-01-26,-0.001856,-0.006162,-0.004306,-0.006162,1578960.0,1578960.0,578960.0,0.57896,0,0.5608,0.5,189
2011-01-27,0.001127,-0.000425,-0.001552,-0.000425,1580740.0,1580740.0,580740.0,0.58074,1,0.5632,0.5,190
2011-01-28,0.002154,-0.012485,-0.014639,-0.012485,1584145.0,1584145.0,584145.0,0.584145,1,0.5654,0.55,191
2011-01-31,0.010237,0.011446,0.001209,0.011446,1600361.0,1600361.0,600361.0,0.600361,1,0.5677,0.55,192
2011-02-01,-0.010247,-0.003593,0.006654,-0.003593,1583962.0,1583962.0,583962.0,0.583962,0,0.5648,0.55,193
2011-02-02,-0.002133,0.000941,0.003075,0.000941,1580583.0,1580583.0,580583.0,0.580583,0,0.5619,0.55,194
2011-02-03,-0.014662,-0.007912,0.00675,-0.007912,1557408.0,1557408.0,557408.0,0.557408,0,0.559,0.5,195
2011-02-04,0.025145,0.01447,-0.010676,0.01447,1596570.0,1596570.0,596570.0,0.59657,1,0.5612,0.55,196
2011-02-07,0.01895,0.009457,-0.009494,0.009457,1626825.0,1626825.0,626825.0,0.626825,1,0.5635,0.6,197
2011-02-08,0.006084,-0.003345,-0.009429,-0.003345,1636723.0,1636723.0,636723.0,0.636723,1,0.5657,0.65,198
2011-02-09,0.014113,0.012031,-0.002082,0.012031,1659822.0,1659822.0,659822.0,0.659822,1,0.5678,0.65,199
2011-02-10,-0.009913,0.001961,0.011874,0.001961,1643368.0,1643368.0,643368.0,0.643368,0,0.565,0.6,200
2011-02-14,-7.3e-05,0.003575,0.003648,0.003575,1643248.0,1643248.0,643248.0,0.643248,0,0.5622,0.6,201
2011-02-15,0.000775,0.000261,-0.000514,0.000261,1644521.0,1644521.0,644521.0,0.644521,1,0.5644,0.6,202
2011-02-16,0.004453,0.006938,0.002485,0.006938,1651844.0,1651844.0,651844.0,0.651844,1,0.5665,0.6,203
2011-02-17,-0.009913,-0.007281,0.002632,-0.007281,1635468.0,1635468.0,635468.0,0.635468,0,0.5637,0.55,204
2011-02-18,-0.00865,0.000929,0.009579,0.000929,1621322.0,1621322.0,621322.0,0.621322,0,0.561,0.5,205
2011-02-22,0.001805,-0.006024,-0.007829,-0.006024,1624248.0,1624248.0,624248.0,0.624248,1,0.5631,0.5,206
2011-02-23,-0.002016,4.5e-05,0.002061,4.5e-05,1620974.0,1620974.0,620974.0,0.620974,0,0.5604,0.5,207
2011-02-24,-0.004997,-0.010603,-0.005606,-0.010603,1612873.0,1612873.0,612873.0,0.612873,0,0.5577,0.5,208
2011-02-25,-0.000695,0.001157,0.001852,0.001157,1611753.0,1611753.0,611753.0,0.611753,0,0.555,0.5,209
2011-02-28,0.004325,0.015373,0.011048,0.015373,1618724.0,1618724.0,618724.0,0.618724,1,0.5571,0.5,210
2011-03-01,-0.009045,0.004303,0.013347,0.004303,1604083.0,1604083.0,604083.0,0.604083,0,0.5545,0.45,211
2011-03-02,-0.000717,-0.010368,-0.009651,-0.010368,1602933.0,1602933.0,602933.0,0.602933,0,0.5519,0.4,212
2011-03-03,0.01992,0.018234,-0.001687,0.018234,1634863.0,1634863.0,634863.0,0.634863,1,0.554,0.45,213
2011-03-04,-0.012126,-0.00914,0.002986,-0.00914,1615039.0,1615039.0,615039.0,0.615039,0,0.5514,0.45,214
2011-03-07,-0.00962,-0.009319,0.000301,-0.009319,1599503.0,1599503.0,599503.0,0.599503,0,0.5488,0.45,215
2011-03-08,0.003941,-0.000856,-0.004797,-0.000856,1605807.0,1605807.0,605807.0,0.605807,1,0.5509,0.45,216
2011-03-09,-0.003077,-0.003373,-0.000296,-0.003373,1600866.0,1600866.0,600866.0,0.600866,0,0.5484,0.4,217
2011-03-10,0.002642,-0.006347,-0.008988,-0.006347,1605095.0,1605095.0,605095.0,0.605095,1,0.5505,0.4,218
2011-03-11,0.005278,-0.007191,-0.012469,-0.007191,1613567.0,1613567.0,613567.0,0.613567,1,0.5525,0.4,219
2011-03-14,-0.010147,0.013908,0.024055,0.013908,1597195.0,1597195.0,597195.0,0.597195,0,0.55,0.4,220
2011-03-15,-0.045431,-0.081804,-0.036373,-0.081804,1524633.0,1524633.0,524633.0,0.524633,0,0.5475,0.4,221
2011-03-16,-0.00238,0.031088,0.033467,0.031088,1521005.0,1521005.0,521005.0,0.521005,0,0.545,0.35,222
2011-03-17,0.003376,0.06945,0.066075,0.06945,1526140.0,1526140.0,526140.0,0.52614,1,0.5471,0.35,223
2011-03-18,-0.006147,0.012371,0.018519,0.012371,1516758.0,1516758.0,516758.0,0.516758,0,0.5446,0.35,224
2011-03-22,-0.005134,-0.002761,0.002373,-0.002761,1508972.0,1508972.0,508972.0,0.508972,0,0.5422,0.35,225
2011-03-23,0.001799,-0.010744,-0.012543,-0.010744,1511686.0,1511686.0,511686.0,0.511686,1,0.5442,0.35,226
2011-03-24,0.027753,0.017385,-0.010368,0.017385,1553639.0,1553639.0,553639.0,0.553639,1,0.5463,0.4,227
2011-03-25,-0.003405,-0.020685,-0.01728,-0.020685,1548349.0,1548349.0,548349.0,0.548349,0,0.5439,0.4,228
2011-03-28,0.045362,0.019303,-0.026059,0.019303,1618586.0,1618586.0,618586.0,0.618586,1,0.5459,0.45,229
2011-03-29,-0.008066,0.0,0.008066,0.0,1605531.0,1605531.0,605531.0,0.605531,0,0.5435,0.4,230
2011-03-30,-0.032497,-0.015635,0.016862,-0.015635,1553357.0,1553357.0,553357.0,0.553357,0,0.5411,0.4,231
2011-03-31,-0.033801,-0.019057,0.014744,-0.019057,1500852.0,1500852.0,500852.0,0.500852,0,0.5388,0.4,232
2011-04-01,-9.8e-05,-0.014422,-0.014324,-0.014422,1500705.0,1500705.0,500705.0,0.500705,0,0.5365,0.35,233
2011-04-04,0.007003,-0.012661,-0.019664,-0.012661,1511214.0,1511214.0,511214.0,0.511214,1,0.5385,0.4,234
2011-04-05,-0.036036,-0.057569,-0.021533,-0.057569,1456756.0,1456756.0,456756.0,0.456756,0,0.5362,0.4,235
2011-04-06,0.007033,-0.017502,-0.024535,-0.017502,1467001.0,1467001.0,467001.0,0.467001,1,0.5381,0.4,236
2011-04-07,0.001115,-0.005502,-0.006618,-0.005502,1468637.0,1468637.0,468637.0,0.468637,1,0.5401,0.45,237
2011-04-08,0.013015,0.032624,0.019608,0.032624,1487752.0,1487752.0,487752.0,0.487752,1,0.542,0.45,238
2011-04-11,-0.015086,0.013426,0.028512,0.013426,1465307.0,1465307.0,465307.0,0.465307,0,0.5397,0.4,239
2011-04-12,-0.017305,-0.022619,-0.005315,-0.022619,1439951.0,1439951.0,439951.0,0.439951,0,0.5375,0.4,240
2011-04-13,-0.03292,-0.019653,0.013267,-0.019653,1392548.0,1392548.0,392548.0,0.392548,0,0.5353,0.4,241
2011-04-14,-0.011619,-0.006495,0.005123,-0.006495,1376369.0,1376369.0,376369.0,0.376369,0,0.5331,0.4,242
2011-04-15,-0.006472,-0.021845,-0.015373,-0.021845,1367461.0,1367461.0,367461.0,0.367461,0,0.5309,0.35,243
2011-04-18,-0.014677,-0.014384,0.000293,-0.014384,1347391.0,1347391.0,347391.0,0.347391,0,0.5287,0.35,244
2011-04-19,0.003532,-0.004925,-0.008457,-0.004925,1352150.0,1352150.0,352150.0,0.35215,1,0.5306,0.4,245
2011-04-20,0.014429,0.003989,-0.01044,0.003989,1371660.0,1371660.0,371660.0,0.37166,1,0.5325,0.4,246
2011-04-21,-0.013907,-0.013352,0.000555,-0.013352,1352584.0,1352584.0,352584.0,0.352584,0,0.5304,0.35,247
2011-04-25,-0.043868,0.000892,0.04476,0.000892,1293248.0,1293248.0,293248.0,0.293248,0,0.5282,0.35,248
2011-04-26,-0.002108,-0.005278,-0.00317,-0.005278,1290523.0,1290523.0,290523.0,0.290523,0,0.5261,0.3,249
2011-04-27,-0.016812,-0.015765,0.001047,-0.015765,1268826.0,1268826.0,268826.0,0.268826,0,0.524,0.3,250
2011-04-28,-0.013252,-0.002619,0.010633,-0.002619,1252012.0,1252012.0,252012.0,0.252012,0,0.5219,0.3,251
2011-05-02,-0.022853,-0.019911,0.002942,-0.019911,1223399.0,1223399.0,223399.0,0.223399,0,0.5198,0.3,252
2011-05-06,0.036675,0.029825,-0.006849,0.029825,1268267.0,1268267.0,268267.0,0.268267,1,0.5217,0.35,253
2011-05-09,-0.001101,-0.009332,-0.008231,-0.009332,1266870.0,1266870.0,266870.0,0.26687,0,0.5197,0.3,254
2011-05-10,0.002812,-0.004106,-0.006919,-0.004106,1270433.0,1270433.0,270433.0,0.270433,1,0.5216,0.35,255
2011-05-11,0.022883,0.012912,-0.009971,0.012912,1299504.0,1299504.0,299504.0,0.299504,1,0.5234,0.35,256
2011-05-12,-0.030415,-0.031049,-0.000634,-0.031049,1259979.0,1259979.0,259979.0,0.259979,0,0.5214,0.3,257
2011-05-13,0.017506,-0.001819,-0.019324,-0.001819,1282036.0,1282036.0,282036.0,0.282036,1,0.5233,0.3,258
2011-05-16,-0.000361,-0.003682,-0.003321,-0.003682,1281573.0,1281573.0,281573.0,0.281573,0,0.5212,0.3,259
2011-05-17,0.036948,0.013485,-0.023464,0.013485,1328925.0,1328925.0,328925.0,0.328925,1,0.5231,0.35,260
2011-05-18,-0.026064,-0.012257,0.013807,-0.012257,1294287.0,1294287.0,294287.0,0.294287,0,0.5211,0.35,261
2011-05-19,0.022901,-0.005224,-0.028124,-0.005224,1323927.0,1323927.0,323927.0,0.323927,1,0.5229,0.4,262
2011-05-20,0.028817,0.025948,-0.002869,0.025948,1362079.0,1362079.0,362079.0,0.362079,1,0.5247,0.45,263
2011-05-23,-0.002528,-0.004906,-0.002378,-0.004906,1358635.0,1358635.0,358635.0,0.358635,0,0.5227,0.45,264
2011-05-24,-0.001177,0.004847,0.006024,0.004847,1357036.0,1357036.0,357036.0,0.357036,0,0.5208,0.4,265
2011-05-25,0.020537,-0.015197,-0.035733,-0.015197,1384905.0,1384905.0,384905.0,0.384905,1,0.5226,0.4,266
2011-05-26,-0.003543,0.009196,0.012739,0.009196,1379998.0,1379998.0,379998.0,0.379998,0,0.5206,0.4,267
2011-05-27,-9.7e-05,0.004645,0.004742,0.004645,1379864.0,1379864.0,379864.0,0.379864,0,0.5187,0.4,268
2011-05-31,0.017638,0.023141,0.005503,0.023141,1404202.0,1404202.0,404202.0,0.404202,1,0.5204,0.45,269
2011-06-01,-0.040192,-0.03576,0.004432,-0.03576,1347764.0,1347764.0,347764.0,0.347764,0,0.5185,0.45,270
2011-06-02,-0.004955,-0.003322,0.001633,-0.003322,1341086.0,1341086.0,341086.0,0.341086,0,0.5166,0.45,271
2011-06-03,0.002095,-0.015962,-0.018056,-0.015962,1343895.0,1343895.0,343895.0,0.343895,1,0.5184,0.5,272
2011-06-06,0.115402,-0.008367,-0.123769,-0.008367,1498983.0,1498983.0,498983.0,0.498983,1,0.5201,0.5,273
2011-06-07,-0.04055,-0.022909,0.017642,-0.022909,1438199.0,1438199.0,438199.0,0.438199,0,0.5182,0.5,274
2011-06-08,0.024181,0.00265,-0.021531,0.00265,1472976.0,1472976.0,472976.0,0.472976,1,0.52,0.5,275
2011-06-09,0.027299,0.027473,0.000174,0.027473,1513187.0,1513187.0,513187.0,0.513187,1,0.5217,0.5,276
2011-06-10,0.037233,0.006032,-0.031201,0.006032,1569527.0,1569527.0,569527.0,0.569527,1,0.5235,0.55,277
2011-06-13,-0.051777,-0.008059,0.043718,-0.008059,1488261.0,1488261.0,488261.0,0.488261,0,0.5216,0.5,278
2011-06-14,0.060457,0.075769,0.015312,0.075769,1578237.0,1578237.0,578237.0,0.578237,1,0.5233,0.55,279
2011-06-15,0.029535,0.028415,-0.00112,0.028415,1624851.0,1624851.0,624851.0,0.624851,1,0.525,0.55,280
2011-06-16,-0.019949,-0.005942,0.014007,-0.005942,1592438.0,1592438.0,592438.0,0.592438,0,0.5231,0.55,281
2011-06-17,-0.012487,-0.022324,-0.009837,-0.022324,1572553.0,1572553.0,572553.0,0.572553,0,0.5213,0.5,282
2011-06-20,0.032307,0.03008,-0.002227,0.03008,1623357.0,1623357.0,623357.0,0.623357,1,0.523,0.5,283
2011-06-21,-0.013969,-0.003528,0.010442,-0.003528,1600680.0,1600680.0,600680.0,0.60068,0,0.5211,0.5,284
2011-06-22,0.012098,0.014292,0.002194,0.014292,1620045.0,1620045.0,620045.0,0.620045,1,0.5228,0.55,285
2011-06-23,0.016476,0.0068,-0.009675,0.0068,1646736.0,1646736.0,646736.0,0.646736,1,0.5245,0.55,286
2011-06-24,-0.026101,0.009662,0.035762,0.009662,1603755.0,1603755.0,603755.0,0.603755,0,0.5226,0.55,287
2011-06-27,0.006123,-0.007443,-0.013566,-0.007443,1613574.0,1613574.0,613574.0,0.613574,1,0.5243,0.6,288
2011-06-28,-0.008237,-0.002998,0.005239,-0.002998,1600284.0,1600284.0,600284.0,0.600284,0,0.5225,0.55,289
2011-06-29,-0.002672,-0.00017,0.002502,-0.00017,1596008.0,1596008.0,596008.0,0.596008,0,0.5207,0.55,290
2011-06-30,0.015882,0.009058,-0.006824,0.009058,1621355.0,1621355.0,621355.0,0.621355,1,0.5223,0.6,291
2011-07-01,0.00438,-0.004136,-0.008516,-0.004136,1628457.0,1628457.0,628457.0,0.628457,1,0.524,0.6,292
2011-07-05,0.01295,0.0132,0.00025,0.0132,1649546.0,1649546.0,649546.0,0.649546,1,0.5256,0.6,293
2011-07-06,-0.001359,0.014441,0.0158,0.014441,1647304.0,1647304.0,647304.0,0.647304,0,0.5238,0.6,294
2011-07-07,0.004714,0.003826,-0.000888,0.003826,1655069.0,1655069.0,655069.0,0.655069,1,0.5254,0.6,295
2011-07-08,-0.005198,-0.003086,0.002112,-0.003086,1646467.0,1646467.0,646467.0,0.646467,0,0.5236,0.55,296
2011-07-11,-0.01787,0.008156,0.026027,0.008156,1617044.0,1617044.0,617044.0,0.617044,0,0.5219,0.5,297
2011-07-12,0.022667,-0.002108,-0.024775,-0.002108,1653697.0,1653697.0,653697.0,0.653697,1,0.5235,0.55,298
2011-07-13,0.004079,0.013764,0.009685,0.013764,1660441.0,1660441.0,660441.0,0.660441,1,0.5251,0.55,299
2011-07-14,0.009036,-0.0001,-0.009136,-0.0001,1675444.0,1675444.0,675444.0,0.675444,1,0.5267,0.55,300
2011-07-15,0.00852,0.006527,-0.001993,0.006527,1689720.0,1689720.0,689720.0,0.68972,1,0.5282,0.6,301
2011-07-19,-0.003863,0.005586,0.009449,0.005586,1683193.0,1683193.0,683193.0,0.683193,0,0.5265,0.6,302
2011-07-20,0.019631,0.014457,-0.005174,0.014457,1716235.0,1716235.0,716235.0,0.716235,1,0.5281,0.6,303
2011-07-21,-0.06558,9.6e-05,0.065676,9.6e-05,1603684.0,1603684.0,603684.0,0.603684,0,0.5263,0.6,304
2011-07-22,-0.075681,-0.075781,-0.0001,-0.075781,1482316.0,1482316.0,482316.0,0.482316,0,0.5246,0.55,305
2011-07-25,0.013209,-0.008486,-0.021695,-0.008486,1501895.0,1501895.0,501895.0,0.501895,1,0.5261,0.55,306
2011-07-26,0.020898,-0.000511,-0.021409,-0.000511,1533282.0,1533282.0,533282.0,0.533282,1,0.5277,0.6,307
2011-07-27,0.044532,-0.009769,-0.0543,-0.009769,1601561.0,1601561.0,601561.0,0.601561,1,0.5292,0.6,308
2011-07-28,-0.066521,-0.002867,0.063654,-0.002867,1495024.0,1495024.0,495024.0,0.495024,0,0.5275,0.6,309
2011-07-29,0.043445,0.004641,-0.038804,0.004641,1559976.0,1559976.0,559976.0,0.559976,1,0.529,0.65,310
2011-08-01,-0.0206,-0.006025,0.014576,-0.006025,1527840.0,1527840.0,527840.0,0.52784,0,0.5273,0.6,311
2011-08-02,-0.018228,0.020434,0.038662,0.020434,1499990.0,1499990.0,499990.0,0.49999,0,0.5256,0.55,312
2011-08-03,0.008441,-0.003565,-0.012006,-0.003565,1512652.0,1512652.0,512652.0,0.512652,1,0.5272,0.55,313
2011-08-04,-0.025473,-0.027008,-0.001535,-0.027008,1474120.0,1474120.0,474120.0,0.47412,0,0.5255,0.55,314
2011-08-05,-0.031999,0.006315,0.038314,0.006315,1426950.0,1426950.0,426950.0,0.42695,0,0.5238,0.5,315
2011-08-08,-0.026665,-0.035385,-0.00872,-0.035385,1388900.0,1388900.0,388900.0,0.3889,0,0.5222,0.5,316
2011-08-09,-0.006966,0.008842,0.015808,0.008842,1379226.0,1379226.0,379226.0,0.379226,0,0.5205,0.5,317
2011-08-10,0.01979,0.01979,0.0,0.01979,1406521.0,1406521.0,406521.0,0.406521,1,0.522,0.5,318
2011-08-11,-0.001307,0.015349,0.016655,0.015349,1404683.0,1404683.0,404683.0,0.404683,0,0.5204,0.45,319
2011-08-12,-0.007489,-0.007489,0.0,-0.007489,1394164.0,1394164.0,394164.0,0.394164,0,0.5188,0.4,320
2011-08-15,0.008926,-0.00166,-0.010586,-0.00166,1406608.0,1406608.0,406608.0,0.406608,1,0.5202,0.4,321
2011-08-16,-0.017869,-0.012189,0.00568,-0.012189,1381474.0,1381474.0,381474.0,0.381474,0,0.5186,0.4,322
2011-08-17,0.005376,0.007756,0.002379,0.007756,1388901.0,1388901.0,388901.0,0.388901,1,0.5201,0.4,323
2011-08-18,0.004796,-0.002747,-0.007544,-0.002747,1395563.0,1395563.0,395563.0,0.395563,1,0.5216,0.45,324
2011-08-19,-0.009137,-0.003409,0.005728,-0.003409,1382812.0,1382812.0,382812.0,0.382812,0,0.52,0.45,325
2011-08-22,0.002623,-0.012115,-0.014738,-0.012115,1386439.0,1386439.0,386439.0,0.386439,1,0.5215,0.45,326
2011-08-23,-0.006332,-0.008318,-0.001985,-0.008318,1377660.0,1377660.0,377660.0,0.37766,0,0.5199,0.4,327
2011-08-24,-0.018703,-0.047878,-0.029175,-0.047878,1351894.0,1351894.0,351894.0,0.351894,0,0.5183,0.35,328
2011-08-25,-0.049339,-0.030529,0.018811,-0.030529,1285193.0,1285193.0,285193.0,0.285193,0,0.5167,0.35,329
2011-08-26,-0.012372,0.023821,0.036193,0.023821,1269292.0,1269292.0,269292.0,0.269292,0,0.5152,0.3,330
2011-08-29,-0.010949,-0.009807,0.001141,-0.009807,1255394.0,1255394.0,255394.0,0.255394,0,0.5136,0.3,331
2011-08-30,0.000108,-0.000679,-0.000788,-0.000679,1255531.0,1255531.0,255531.0,0.255531,1,0.5151,0.35,332
2011-08-31,-0.000932,0.011079,0.01201,0.011079,1254361.0,1254361.0,254361.0,0.254361,0,0.5135,0.3,333
2011-09-01,-0.00441,-0.000678,0.003733,-0.000678,1248829.0,1248829.0,248829.0,0.248829,0,0.512,0.3,334
2011-09-02,-0.0051,-0.005961,-0.000861,-0.005961,1242460.0,1242460.0,242460.0,0.24246,0,0.5104,0.3,335
2011-09-06,-0.047759,-0.013605,0.034154,-0.013605,1183120.0,1183120.0,183120.0,0.18312,0,0.5089,0.3,336
2011-09-07,0.001449,0.005195,0.003746,0.005195,1184835.0,1184835.0,184835.0,0.184835,1,0.5104,0.35,337
2011-09-08,0.011842,-0.001425,-0.013267,-0.001425,1198866.0,1198866.0,198866.0,0.198866,1,0.5118,0.35,338
2011-09-09,0.002173,0.002721,0.000548,0.002721,1201471.0,1201471.0,201471.0,0.201471,1,0.5133,0.4,339
2011-09-12,0.012889,0.012663,-0.000226,0.012663,1216957.0,1216957.0,216957.0,0.216957,1,0.5147,0.45,340
2011-09-13,-0.030884,-0.014564,0.01632,-0.014564,1179372.0,1179372.0,179372.0,0.179372,0,0.5132,0.4,341
2011-09-14,0.021192,0.006118,-0.015074,0.006118,1204365.0,1204365.0,204365.0,0.204365,1,0.5146,0.45,342
2011-09-15,-0.002189,-0.001662,0.000527,-0.001662,1201729.0,1201729.0,201729.0,0.201729,0,0.5131,0.4,343
2011-09-16,-0.041497,-0.013206,0.028291,-0.013206,1151861.0,1151861.0,151861.0,0.151861,0,0.5116,0.35,344
2011-09-20,-0.03006,-0.03818,-0.00812,-0.03818,1117236.0,1117236.0,117236.0,0.117236,0,0.5101,0.35,345
2011-09-21,-0.0201,-0.003622,0.016478,-0.003622,1094779.0,1094779.0,94779.0,0.094779,0,0.5087,0.3,346
2011-09-22,0.000425,-0.00482,-0.005245,-0.00482,1095244.0,1095244.0,95244.0,0.095244,1,0.5101,0.35,347
2011-09-26,-0.003215,-0.025332,-0.022117,-0.025332,1091723.0,1091723.0,91723.0,0.091723,0,0.5086,0.35,348
2011-09-27,0.049986,0.022102,-0.027885,0.022102,1146294.0,1146294.0,146294.0,0.146294,1,0.51,0.4,349
2011-09-28,0.023554,0.038934,0.01538,0.038934,1173294.0,1173294.0,173294.0,0.173294,1,0.5114,0.45,350
2011-09-29,-0.027175,-0.000282,0.026894,-0.000282,1141409.0,1141409.0,141409.0,0.141409,0,0.51,0.45,351
2011-09-30,0.018056,0.014329,-0.003727,0.014329,1162018.0,1162018.0,162018.0,0.162018,1,0.5114,0.45,352
2011-10-03,-0.008777,-0.001668,0.007109,-0.001668,1151820.0,1151820.0,151820.0,0.15182,0,0.5099,0.45,353
2011-10-04,-0.001166,-0.007604,-0.006438,-0.007604,1150476.0,1150476.0,150476.0,0.150476,0,0.5085,0.45,354
2011-10-05,0.035876,-0.017426,-0.053302,-0.017426,1191751.0,1191751.0,191751.0,0.191751,1,0.5099,0.5,355
2011-10-06,0.003464,0.003464,0.0,0.003464,1195880.0,1195880.0,195880.0,0.19588,1,0.5112,0.55,356
2011-10-07,-0.015263,-0.013729,0.001534,-0.013729,1177627.0,1177627.0,177627.0,0.177627,0,0.5098,0.5,357
2011-10-11,-0.022781,-0.0152,0.007581,-0.0152,1150799.0,1150799.0,150799.0,0.150799,0,0.5084,0.45,358
2011-10-12,0.034964,0.00878,-0.026184,0.00878,1191036.0,1191036.0,191036.0,0.191036,1,0.5097,0.45,359
2011-10-13,0.002002,-0.002685,-0.004687,-0.002685,1193421.0,1193421.0,193421.0,0.193421,1,0.5111,0.45,360
2011-10-14,0.000679,0.000681,2e-06,0.000681,1194232.0,1194232.0,194232.0,0.194232,1,0.5125,0.5,361
2011-10-17,0.002443,0.006754,0.004311,0.006754,1197149.0,1197149.0,197149.0,0.197149,1,0.5138,0.5,362
2011-10-18,-0.000846,-0.010937,-0.010092,-0.010937,1196137.0,1196137.0,196137.0,0.196137,0,0.5124,0.5,363
2011-10-19,-0.022605,-0.01947,0.003135,-0.01947,1169098.0,1169098.0,169098.0,0.169098,0,0.511,0.5,364
2011-10-20,0.180882,0.172972,-0.007909,0.172972,1380566.0,1380566.0,380566.0,0.380566,1,0.5123,0.55,365
2011-10-21,0.020663,-0.007365,-0.028028,-0.007365,1409093.0,1409093.0,409093.0,0.409093,1,0.5137,0.6,366
2011-10-24,0.013966,0.02586,0.011893,0.02586,1428772.0,1428772.0,428772.0,0.428772,1,0.515,0.6,367
2011-10-25,-0.036882,-0.01504,0.021841,-0.01504,1376077.0,1376077.0,376077.0,0.376077,0,0.5136,0.6,368
2011-10-26,-0.008596,0.002814,0.01141,0.002814,1364248.0,1364248.0,364248.0,0.364248,0,0.5122,0.55,369
2011-10-27,0.027181,0.026311,-0.000869,0.026311,1401329.0,1401329.0,401329.0,0.401329,1,0.5135,0.55,370
2011-10-28,0.00384,-0.008728,-0.012567,-0.008728,1406709.0,1406709.0,406709.0,0.406709,1,0.5148,0.6,371
2011-10-31,0.038634,0.001436,-0.037198,0.001436,1461056.0,1461056.0,461056.0,0.461056,1,0.5161,0.6,372
2011-11-01,0.052896,0.048401,-0.004496,0.048401,1538341.0,1538341.0,538341.0,0.538341,1,0.5174,0.65,373
2011-11-02,-0.020732,-0.003081,0.017651,-0.003081,1506448.0,1506448.0,506448.0,0.506448,0,0.516,0.65,374
2011-11-04,0.023516,0.01387,-0.009646,0.01387,1541874.0,1541874.0,541874.0,0.541874,1,0.5173,0.65,375
2011-11-07,-0.016404,0.01704,0.033445,0.01704,1516581.0,1516581.0,516581.0,0.516581,0,0.516,0.6,376
2011-11-08,-0.028593,-0.044268,-0.015675,-0.044268,1473217.0,1473217.0,473217.0,0.473217,0,0.5146,0.6,377
2011-11-09,-0.000442,0.007593,0.008035,0.007593,1472565.0,1472565.0,472565.0,0.472565,0,0.5132,0.6,378
2011-11-10,0.02347,0.009716,-0.013754,0.009716,1507126.0,1507126.0,507126.0,0.507126,1,0.5145,0.6,379
2011-11-11,-0.012763,-0.00624,0.006523,-0.00624,1487891.0,1487891.0,487891.0,0.487891,0,0.5132,0.55,380
2011-11-14,0.020633,0.014105,-0.006528,0.014105,1518590.0,1518590.0,518590.0,0.51859,1,0.5144,0.55,381
2011-11-15,0.015592,0.002575,-0.013017,0.002575,1542268.0,1542268.0,542268.0,0.542268,1,0.5157,0.55,382
2011-11-16,0.007791,-0.002731,-0.010522,-0.002731,1554284.0,1554284.0,554284.0,0.554284,1,0.517,0.6,383
2011-11-17,0.02429,0.013392,-0.010897,0.013392,1592037.0,1592037.0,592037.0,0.592037,1,0.5182,0.65,384
2011-11-18,-0.006147,0.004347,0.010494,0.004347,1582251.0,1582251.0,582251.0,0.582251,0,0.5169,0.6,385
2011-11-21,-0.000428,-0.011232,-0.010804,-0.011232,1581573.0,1581573.0,581573.0,0.581573,0,0.5155,0.55,386
2011-11-22,-0.00023,0.014422,0.014652,0.014422,1581209.0,1581209.0,581209.0,0.581209,0,0.5142,0.5,387
2011-11-25,0.004421,0.008654,0.004233,0.008654,1588200.0,1588200.0,588200.0,0.5882,1,0.5155,0.55,388
2011-11-28,-0.021043,-0.008642,0.012402,-0.008642,1554779.0,1554779.0,554779.0,0.554779,0,0.5141,0.55,389
2011-11-29,-0.001424,0.006806,0.00823,0.006806,1552565.0,1552565.0,552565.0,0.552565,0,0.5128,0.5,390
2011-11-30,-0.004157,0.007092,0.01125,0.007092,1546111.0,1546111.0,546111.0,0.546111,0,0.5115,0.45,391
2011-12-01,0.005376,-0.009049,-0.014425,-0.009049,1554423.0,1554423.0,554423.0,0.554423,1,0.5128,0.45,392
2011-12-02,-0.012572,-0.009392,0.00318,-0.009392,1534881.0,1534881.0,534881.0,0.534881,0,0.5115,0.4,393
2011-12-05,1.8e-05,-0.001616,-0.001633,-0.001616,1534908.0,1534908.0,534908.0,0.534908,1,0.5127,0.45,394
2011-12-06,0.013196,-0.002588,-0.015784,-0.002588,1555163.0,1555163.0,555163.0,0.555163,1,0.5139,0.45,395
2011-12-07,-0.012595,0.003668,0.016263,0.003668,1535576.0,1535576.0,535576.0,0.535576,0,0.5126,0.45,396
2011-12-08,-0.034021,-0.029695,0.004326,-0.029695,1483335.0,1483335.0,483335.0,0.483335,0,0.5113,0.45,397
2011-12-09,0.030354,0.011601,-0.018753,0.011601,1528360.0,1528360.0,528360.0,0.52836,1,0.5126,0.5,398
2011-12-12,-0.005492,-0.007966,-0.002474,-0.007966,1519966.0,1519966.0,519966.0,0.519966,0,0.5113,0.45,399
2011-12-13,-0.019959,0.005444,0.025403,0.005444,1489629.0,1489629.0,489629.0,0.489629,0,0.51,0.45,400
2011-12-14,0.015342,0.018704,0.003362,0.018704,1512483.0,1512483.0,512483.0,0.512483,1,0.5112,0.45,401
2011-12-15,0.005686,-0.011671,-0.017357,-0.011671,1521084.0,1521084.0,521084.0,0.521084,1,0.5124,0.45,402
2011-12-16,0.030889,0.014748,-0.016141,0.014748,1568069.0,1568069.0,568069.0,0.568069,1,0.5136,0.45,403
2011-12-19,0.002175,-0.005506,-0.007681,-0.005506,1571480.0,1571480.0,571480.0,0.57148,1,0.5149,0.45,404
2011-12-20,0.007292,0.0041,-0.003191,0.0041,1582939.0,1582939.0,582939.0,0.582939,1,0.516,0.5,405
2011-12-21,-0.041179,-0.047843,-0.006664,-0.047843,1517755.0,1517755.0,517755.0,0.517755,0,0.5148,0.5,406
2011-12-22,0.02608,0.023661,-0.002418,0.023661,1557338.0,1557338.0,557338.0,0.557338,1,0.516,0.55,407
2011-12-27,-0.01312,-0.000526,0.012594,-0.000526,1536905.0,1536905.0,536905.0,0.536905,0,0.5147,0.5,408
2011-12-28,-0.005145,-0.011721,-0.006577,-0.011721,1528998.0,1528998.0,528998.0,0.528998,0,0.5134,0.5,409
2011-12-29,-0.012161,-0.000893,0.011268,-0.000893,1510403.0,1510403.0,510403.0,0.510403,0,0.5122,0.5,410
2011-12-30,0.004379,0.005525,0.001146,0.005525,1517017.0,1517017.0,517017.0,0.517017,1,0.5134,0.55,411
2012-01-04,-0.002527,0.005715,0.008242,0.005715,1513184.0,1513184.0,513184.0,0.513184,0,0.5121,0.5,412
2012-01-05,-0.004018,-0.014111,-0.010093,-0.014111,1507104.0,1507104.0,507104.0,0.507104,0,0.5109,0.5,413
2012-01-06,0.003216,-0.014021,-0.017237,-0.014021,1511950.0,1511950.0,511950.0,0.51195,1,0.5121,0.5,414
2012-01-10,-0.199021,-0.007812,0.191208,-0.007812,1211041.0,1211041.0,211041.0,0.211041,0,0.5108,0.45,415
2012-01-11,0.020017,-0.001866,-0.021883,-0.001866,1235283.0,1235283.0,235283.0,0.235283,1,0.512,0.5,416
2012-01-12,-0.028167,-0.007329,0.020838,-0.007329,1200488.0,1200488.0,200488.0,0.200488,0,0.5108,0.5,417
2012-01-13,0.002226,0.009519,0.007294,0.009519,1203160.0,1203160.0,203160.0,0.20316,1,0.512,0.5,418
2012-01-17,0.015938,0.005562,-0.010376,0.005562,1222336.0,1222336.0,222336.0,0.222336,1,0.5131,0.55,419
2012-01-18,0.043837,0.043432,-0.000405,0.043432,1275919.0,1275919.0,275919.0,0.275919,1,0.5143,0.6,420
2012-01-19,0.026972,0.013571,-0.013401,0.013571,1310333.0,1310333.0,310333.0,0.310333,1,0.5154,0.6,421
2012-01-20,0.01463,0.001395,-0.013235,0.001395,1329504.0,1329504.0,329504.0,0.329504,1,0.5166,0.6,422
2012-01-23,-0.005936,-0.013094,-0.007158,-0.013094,1321611.0,1321611.0,321611.0,0.321611,0,0.5154,0.55,423
2012-01-24,0.003873,-0.004224,-0.008097,-0.004224,1326730.0,1326730.0,326730.0,0.32673,1,0.5165,0.55,424
2012-01-25,0.018199,0.00424,-0.013958,0.00424,1350875.0,1350875.0,350875.0,0.350875,1,0.5176,0.55,425
2012-01-26,-0.016151,-0.025367,-0.009216,-0.025367,1329058.0,1329058.0,329058.0,0.329058,0,0.5164,0.55,426
2012-01-27,0.004462,-0.003302,-0.007765,-0.003302,1334988.0,1334988.0,334988.0,0.334988,1,0.5176,0.55,427
2012-01-30,-0.044103,0.000571,0.044674,0.000571,1276111.0,1276111.0,276111.0,0.276111,0,0.5164,0.55,428
2012-01-31,0.00976,0.00339,-0.006369,0.00339,1288565.0,1288565.0,288565.0,0.288565,1,0.5175,0.6,429
2012-02-01,-0.023053,-0.018284,0.004769,-0.018284,1258860.0,1258860.0,258860.0,0.25886,0,0.5163,0.6,430
2012-02-02,-0.005974,-0.001577,0.004397,-0.001577,1251339.0,1251339.0,251339.0,0.251339,0,0.5151,0.55,431
2012-02-03,0.027458,0.016826,-0.010632,0.016826,1285698.0,1285698.0,285698.0,0.285698,1,0.5162,0.6,432
2012-02-06,-0.00682,-0.01126,-0.00444,-0.01126,1276931.0,1276931.0,276931.0,0.276931,0,0.515,0.6,433
2012-02-07,-0.005231,-0.003637,0.001595,-0.003637,1270251.0,1270251.0,270251.0,0.270251,0,0.5138,0.55,434
2012-02-08,-0.013404,-0.007783,0.005621,-0.007783,1253225.0,1253225.0,253225.0,0.253225,0,0.5126,0.55,435
2012-02-09,-0.002132,-0.001393,0.00074,-0.001393,1250552.0,1250552.0,250552.0,0.250552,0,0.5115,0.5,436
2012-02-10,0.018125,0.012067,-0.006058,0.012067,1273218.0,1273218.0,273218.0,0.273218,1,0.5126,0.55,437
2012-02-13,-0.0109,-0.003058,0.007842,-0.003058,1259340.0,1259340.0,259340.0,0.25934,0,0.5114,0.5,438
2012-02-14,-0.001735,0.005538,0.007273,0.005538,1257155.0,1257155.0,257155.0,0.257155,0,0.5103,0.45,439
2012-02-15,-0.014817,0.00151,0.016327,0.00151,1238528.0,1238528.0,238528.0,0.238528,0,0.5091,0.4,440
2012-02-16,-0.015435,-0.004417,0.011018,-0.004417,1219412.0,1219412.0,219412.0,0.219412,0,0.5079,0.35,441
2012-02-17,-0.004961,-0.003028,0.001933,-0.003028,1213362.0,1213362.0,213362.0,0.213362,0,0.5068,0.3,442
2012-02-21,-0.00441,-0.009787,-0.005377,-0.009787,1208011.0,1208011.0,208011.0,0.208011,0,0.5056,0.3,443
2012-02-22,0.000213,0.013587,0.013374,0.013587,1208269.0,1208269.0,208269.0,0.208269,1,0.5068,0.3,444
2012-02-23,-0.000595,0.002059,0.002654,0.002059,1207550.0,1207550.0,207550.0,0.20755,0,0.5056,0.25,445
2012-02-24,0.019057,0.011244,-0.007812,0.011244,1230562.0,1230562.0,230562.0,0.230562,1,0.5067,0.3,446
2012-02-27,0.010091,-0.004972,-0.015063,-0.004972,1242980.0,1242980.0,242980.0,0.24298,1,0.5078,0.3,447
2012-02-28,0.023301,0.014605,-0.008696,0.014605,1271942.0,1271942.0,271942.0,0.271942,1,0.5089,0.35,448
2012-02-29,0.003709,-0.001995,-0.005704,-0.001995,1276660.0,1276660.0,276660.0,0.27666,1,0.51,0.35,449
2012-03-01,0.009996,-0.0041,-0.014096,-0.0041,1289422.0,1289422.0,289422.0,0.289422,1,0.5111,0.4,450
2012-03-02,0.003275,2.7e-05,-0.003248,2.7e-05,1293644.0,1293644.0,293644.0,0.293644,1,0.5122,0.45,451
2012-03-05,0.002462,-0.004016,-0.006478,-0.004016,1296829.0,1296829.0,296829.0,0.296829,1,0.5133,0.45,452
2012-03-06,0.005661,-0.010019,-0.01568,-0.010019,1304171.0,1304171.0,304171.0,0.304171,1,0.5143,0.5,453
2012-03-07,-0.004048,0.004841,0.008889,0.004841,1298891.0,1298891.0,298891.0,0.298891,0,0.5132,0.5,454
2012-03-08,0.023799,0.018648,-0.00515,0.018648,1329803.0,1329803.0,329803.0,0.329803,1,0.5143,0.55,455
2012-03-09,0.000465,-0.000177,-0.000643,-0.000177,1330422.0,1330422.0,330422.0,0.330422,1,0.5154,0.6,456
2012-03-12,0.002559,-0.005782,-0.008341,-0.005782,1333826.0,1333826.0,333826.0,0.333826,1,0.5164,0.6,457
2012-03-13,-0.007356,-0.011595,-0.00424,-0.011595,1324015.0,1324015.0,324015.0,0.324015,0,0.5153,0.6,458
2012-03-14,-0.008242,-0.004386,0.003856,-0.004386,1313103.0,1313103.0,313103.0,0.313103,0,0.5142,0.6,459
2012-03-15,0.009414,0.002806,-0.006608,0.002806,1325464.0,1325464.0,325464.0,0.325464,1,0.5152,0.65,460
2012-03-16,0.011401,0.014409,0.003008,0.014409,1340576.0,1340576.0,340576.0,0.340576,1,0.5163,0.7,461
2012-03-19,-0.003398,-0.007345,-0.003947,-0.007345,1336021.0,1336021.0,336021.0,0.336021,0,0.5152,0.7,462
2012-03-21,-0.006182,-0.001538,0.004644,-0.001538,1327762.0,1327762.0,327762.0,0.327762,0,0.514,0.7,463
2012-03-22,-0.002079,0.005697,0.007776,0.005697,1325002.0,1325002.0,325002.0,0.325002,0,0.5129,0.65,464
2012-03-23,0.005485,0.003008,-0.002476,0.003008,1332269.0,1332269.0,332269.0,0.332269,1,0.514,0.7,465
2012-03-26,0.005772,0.002563,-0.003209,0.002563,1339959.0,1339959.0,339959.0,0.339959,1,0.515,0.7,466
2012-03-27,-0.018979,0.000962,0.019941,0.000962,1314528.0,1314528.0,314528.0,0.314528,0,0.5139,0.65,467
2012-03-28,0.009197,0.003419,-0.005778,0.003419,1326618.0,1326618.0,326618.0,0.326618,1,0.515,0.65,468
2012-03-29,0.000537,-0.003701,-0.004238,-0.003701,1327330.0,1327330.0,327330.0,0.32733,1,0.516,0.65,469
2012-03-30,-0.007236,-0.012618,-0.005382,-0.012618,1317725.0,1317725.0,317725.0,0.317725,0,0.5149,0.6,470
2012-04-02,0.01117,0.001456,-0.009714,0.001456,1332444.0,1332444.0,332444.0,0.332444,1,0.5159,0.6,471
2012-04-03,0.015742,0.011081,-0.004661,0.011081,1353420.0,1353420.0,353420.0,0.35342,1,0.5169,0.6,472
2012-04-04,0.002206,-0.012469,-0.014676,-0.012469,1356406.0,1356406.0,356406.0,0.356406,1,0.518,0.6,473
2012-04-05,-0.018455,-0.003964,0.014491,-0.003964,1331374.0,1331374.0,331374.0,0.331374,0,0.5169,0.6,474
2012-04-09,-0.010156,-0.002302,0.007854,-0.002302,1317852.0,1317852.0,317852.0,0.317852,0,0.5158,0.55,475
2012-04-10,0.002388,-0.007316,-0.009705,-0.007316,1321000.0,1321000.0,321000.0,0.321,1,0.5168,0.55,476
2012-04-11,0.025739,0.016146,-0.009592,0.016146,1355000.0,1355000.0,355000.0,0.355,1,0.5178,0.55,477
2012-04-12,0.028418,0.023557,-0.004861,0.023557,1393506.0,1393506.0,393506.0,0.393506,1,0.5188,0.6,478
2012-04-13,-0.007066,-0.009883,-0.002817,-0.009883,1383660.0,1383660.0,383660.0,0.38366,0,0.5177,0.6,479
2012-04-16,0.012538,0.002613,-0.009925,0.002613,1401008.0,1401008.0,401008.0,0.401008,1,0.5188,0.6,480
2012-04-17,0.014151,0.01145,-0.002701,0.01145,1420834.0,1420834.0,420834.0,0.420834,1,0.5198,0.6,481
2012-04-18,-0.003991,0.00117,0.005161,0.00117,1415164.0,1415164.0,415164.0,0.415164,0,0.5187,0.6,482
2012-04-19,0.000899,-0.003425,-0.004324,-0.003425,1416436.0,1416436.0,416436.0,0.416436,1,0.5197,0.65,483
2012-04-20,-0.027109,0.001098,0.028207,0.001098,1378038.0,1378038.0,378038.0,0.378038,0,0.5186,0.65,484
2012-04-23,-0.004648,-0.013189,-0.00854,-0.013189,1371632.0,1371632.0,371632.0,0.371632,0,0.5175,0.6,485
2012-04-24,-0.001535,-0.003262,-0.001727,-0.003262,1369526.0,1369526.0,369526.0,0.369526,0,0.5165,0.55,486
2012-04-25,-0.003123,-0.005996,-0.002874,-0.005996,1365250.0,1365250.0,365250.0,0.36525,0,0.5154,0.55,487
2012-04-26,-0.001014,-0.006838,-0.005824,-0.006838,1363866.0,1363866.0,363866.0,0.363866,0,0.5143,0.5,488
2012-04-27,0.002528,0.012984,0.010456,0.012984,1367314.0,1367314.0,367314.0,0.367314,1,0.5153,0.5,489
2012-05-01,0.008285,-0.004668,-0.012953,-0.004668,1378641.0,1378641.0,378641.0,0.378641,1,0.5163,0.55,490
2012-05-02,0.010982,0.001201,-0.009782,0.001201,1393782.0,1393782.0,393782.0,0.393782,1,0.5173,0.55,491
2012-05-07,0.010216,-0.002274,-0.01249,-0.002274,1408022.0,1408022.0,408022.0,0.408022,1,0.5183,0.55,492
2012-05-08,0.007806,0.008829,0.001023,0.008829,1419013.0,1419013.0,419013.0,0.419013,1,0.5193,0.55,493
2012-05-09,0.012979,-0.002931,-0.01591,-0.002931,1437430.0,1437430.0,437430.0,0.43743,1,0.5202,0.6,494
2012-05-10,-0.026073,0.003196,0.029269,0.003196,1399951.0,1399951.0,399951.0,0.399951,0,0.5192,0.6,495
2012-05-11,-0.014437,-0.014755,-0.000318,-0.014755,1379740.0,1379740.0,379740.0,0.37974,0,0.5181,0.55,496
2012-05-14,0.003073,0.000288,-0.002785,0.000288,1383980.0,1383980.0,383980.0,0.38398,1,0.5191,0.55,497
2012-05-15,0.00475,0.005641,0.000891,0.005641,1390554.0,1390554.0,390554.0,0.390554,1,0.5201,0.55,498
2012-05-16,0.025917,0.01146,-0.014457,0.01146,1426594.0,1426594.0,426594.0,0.426594,1,0.521,0.6,499
2012-05-17,-0.018429,0.008449,0.026878,0.008449,1400303.0,1400303.0,400303.0,0.400303,0,0.52,0.55,500
2012-05-18,0.018665,-0.007344,-0.026009,-0.007344,1426441.0,1426441.0,426441.0,0.426441,1,0.521,0.55,501
2012-05-21,-0.025628,-0.002165,0.023464,-0.002165,1389883.0,1389883.0,389883.0,0.389883,0,0.5199,0.55,502
2012-05-22,0.05367,0.009765,-0.043904,0.009765,1464478.0,1464478.0,464478.0,0.464478,1,0.5209,0.55,503
2012-05-23,0.003392,-0.008782,-0.012175,-0.008782,1469446.0,1469446.0,469446.0,0.469446,1,0.5218,0.6,504
2012-05-24,-0.014415,-0.002668,0.011747,-0.002668,1448264.0,1448264.0,448264.0,0.448264,0,0.5208,0.6,505
2012-05-25,-0.002608,-0.006636,-0.004028,-0.006636,1444487.0,1444487.0,444487.0,0.444487,0,0.5198,0.6,506
2012-05-29,0.002068,0.017399,0.015332,0.017399,1447474.0,1447474.0,447474.0,0.447474,1,0.5207,0.65,507
2012-05-30,-0.00638,-0.001214,0.005166,-0.001214,1438239.0,1438239.0,438239.0,0.438239,0,0.5197,0.65,508
2012-05-31,0.00296,0.011787,0.008827,0.011787,1442496.0,1442496.0,442496.0,0.442496,1,0.5206,0.65,509
2012-06-01,-0.004215,-0.016374,-0.012159,-0.016374,1436417.0,1436417.0,436417.0,0.436417,0,0.5196,0.6,510
2012-06-04,-0.017049,0.000888,0.017937,0.000888,1411927.0,1411927.0,411927.0,0.411927,0,0.5186,0.55,511
2012-06-05,-0.014141,0.000817,0.014958,0.000817,1391961.0,1391961.0,391961.0,0.391961,0,0.5176,0.5,512
2012-06-06,0.015987,0.009114,-0.006873,0.009114,1414214.0,1414214.0,414214.0,0.414214,1,0.5185,0.5,513
2012-06-07,0.002007,0.00923,0.007223,0.00923,1417052.0,1417052.0,417052.0,0.417052,1,0.5195,0.5,514
2012-06-08,0.000482,-0.015425,-0.015908,-0.015425,1417735.0,1417735.0,417735.0,0.417735,1,0.5204,0.55,515
2012-06-11,0.007858,0.008133,0.000274,0.008133,1428877.0,1428877.0,428877.0,0.428877,1,0.5213,0.6,516
2012-06-12,-0.010922,0.004464,0.015386,0.004464,1413271.0,1413271.0,413271.0,0.413271,0,0.5203,0.55,517
2012-06-13,-0.006616,0.000802,0.007419,0.000802,1403920.0,1403920.0,403920.0,0.40392,0,0.5193,0.5,518
2012-06-14,0.001798,0.011819,0.010021,0.011819,1406444.0,1406444.0,406444.0,0.406444,1,0.5202,0.5,519
2012-06-15,0.003696,0.001918,-0.001778,0.001918,1411642.0,1411642.0,411642.0,0.411642,1,0.5212,0.55,520
2012-06-18,0.014705,0.000747,-0.013958,0.000747,1432401.0,1432401.0,432401.0,0.432401,1,0.5221,0.55,521
2012-06-19,0.018851,0.013751,-0.0051,0.013751,1459403.0,1459403.0,459403.0,0.459403,1,0.523,0.6,522
2012-06-20,-1e-06,0.006644,0.006645,0.006644,1459402.0,1459402.0,459402.0,0.459402,0,0.522,0.55,523
2012-06-21,-0.000845,0.004365,0.00521,0.004365,1458169.0,1458169.0,458169.0,0.458169,0,0.521,0.5,524
2012-06-22,-0.017106,0.002455,0.019561,0.002455,1433225.0,1433225.0,433225.0,0.433225,0,0.52,0.5,525
2012-06-25,-0.012892,-0.025124,-0.012232,-0.025124,1414748.0,1414748.0,414748.0,0.414748,0,0.519,0.5,526
2012-06-26,0.018056,0.001991,-0.016065,0.001991,1440293.0,1440293.0,440293.0,0.440293,1,0.5199,0.5,527
2012-06-27,0.012955,0.005072,-0.007884,0.005072,1458952.0,1458952.0,458952.0,0.458952,1,0.5208,0.55,528
2012-06-28,-0.002642,0.009823,0.012465,0.009823,1455097.0,1455097.0,455097.0,0.455097,0,0.5198,0.5,529
2012-06-29,0.007666,0.018531,0.010865,0.018531,1466252.0,1466252.0,466252.0,0.466252,1,0.5208,0.55,530
2012-07-02,0.005677,-0.006979,-0.012656,-0.006979,1474575.0,1474575.0,474575.0,0.474575,1,0.5217,0.6,531
2012-07-03,0.016549,0.018558,0.002009,0.018558,1498979.0,1498979.0,498979.0,0.498979,1,0.5226,0.65,532
2012-07-05,0.002261,-0.00611,-0.008371,-0.00611,1502368.0,1502368.0,502368.0,0.502368,1,0.5235,0.65,533
2012-07-06,-0.006123,-0.011815,-0.005692,-0.011815,1493169.0,1493169.0,493169.0,0.493169,0,0.5225,0.6,534
2012-07-09,-0.008287,-0.001188,0.007099,-0.001188,1480795.0,1480795.0,480795.0,0.480795,0,0.5215,0.55,535
2012-07-10,-0.001769,-0.003811,-0.002042,-0.003811,1478175.0,1478175.0,478175.0,0.478175,0,0.5205,0.5,536
2012-07-11,0.006485,0.000362,-0.006123,0.000362,1487761.0,1487761.0,487761.0,0.487761,1,0.5214,0.55,537
2012-07-12,-0.018486,-0.023656,-0.00517,-0.023656,1460259.0,1460259.0,460259.0,0.460259,0,0.5204,0.55,538
2012-07-13,-0.024937,-0.014672,0.010265,-0.014672,1423844.0,1423844.0,423844.0,0.423844,0,0.5195,0.5,539
2012-07-17,-0.013792,-0.029442,-0.01565,-0.029442,1404206.0,1404206.0,404206.0,0.404206,0,0.5185,0.45,540
2012-07-18,0.003931,0.007426,0.003496,0.007426,1409725.0,1409725.0,409725.0,0.409725,1,0.5194,0.45,541
2012-07-19,-0.000862,0.01062,0.011482,0.01062,1408510.0,1408510.0,408510.0,0.40851,0,0.5185,0.4,542
2012-07-20,-0.012556,-0.025234,-0.012678,-0.025234,1390825.0,1390825.0,390825.0,0.390825,0,0.5175,0.4,543
2012-07-23,-0.023277,-0.021252,0.002024,-0.021252,1358451.0,1358451.0,358451.0,0.358451,0,0.5165,0.4,544
2012-07-24,0.001516,0.000316,-0.0012,0.000316,1360511.0,1360511.0,360511.0,0.360511,1,0.5174,0.45,545
2012-07-25,0.008266,-0.009055,-0.017321,-0.009055,1371758.0,1371758.0,371758.0,0.371758,1,0.5183,0.5,546
2012-07-26,0.01135,0.00679,-0.004559,0.00679,1387327.0,1387327.0,387327.0,0.387327,1,0.5192,0.5,547
2012-07-27,-0.024321,-0.010619,0.013702,-0.010619,1353585.0,1353585.0,353585.0,0.353585,0,0.5182,0.45,548
2012-07-30,0.007746,0.006559,-0.001187,0.006559,1364070.0,1364070.0,364070.0,0.36407,1,0.5191,0.5,549
2012-07-31,0.034018,0.035537,0.001519,0.035537,1410473.0,1410473.0,410473.0,0.410473,1,0.52,0.5,550
2012-08-01,0.001047,-0.009894,-0.010941,-0.009894,1411950.0,1411950.0,411950.0,0.41195,1,0.5209,0.5,551
2012-08-02,0.008667,0.010494,0.001827,0.010494,1424187.0,1424187.0,424187.0,0.424187,1,0.5217,0.5,552
2012-08-03,-0.004835,-0.005047,-0.000212,-0.005047,1417300.0,1417300.0,417300.0,0.4173,0,0.5208,0.45,553
2012-08-06,0.003391,-0.000749,-0.004139,-0.000749,1422106.0,1422106.0,422106.0,0.422106,1,0.5217,0.5,554
2012-08-07,-0.021744,0.011221,0.032965,0.011221,1391184.0,1391184.0,391184.0,0.391184,0,0.5207,0.5,555
2012-08-08,-0.012234,-0.018484,-0.00625,-0.018484,1374165.0,1374165.0,374165.0,0.374165,0,0.5198,0.5,556
2012-08-09,-0.014922,0.010897,0.025819,0.010897,1353659.0,1353659.0,353659.0,0.353659,0,0.5189,0.45,557
2012-08-10,-0.006159,-0.011465,-0.005306,-0.011465,1345322.0,1345322.0,345322.0,0.345322,0,0.5179,0.45,558
2012-08-13,0.010069,0.011887,0.001818,0.011887,1358869.0,1358869.0,358869.0,0.358869,1,0.5188,0.5,559
2012-08-14,-0.002178,-0.006,-0.003822,-0.006,1355909.0,1355909.0,355909.0,0.355909,0,0.5179,0.5,560
2012-08-15,-0.001762,-0.004369,-0.002607,-0.004369,1353520.0,1353520.0,353520.0,0.35352,0,0.5169,0.45,561
2012-08-16,0.018721,0.014804,-0.003918,0.014804,1378860.0,1378860.0,378860.0,0.37886,1,0.5178,0.5,562
2012-08-17,0.019712,0.008654,-0.011058,0.008654,1406040.0,1406040.0,406040.0,0.40604,1,0.5187,0.55,563
2012-08-20,-0.003866,-0.009509,-0.005644,-0.009509,1400605.0,1400605.0,400605.0,0.400605,0,0.5177,0.55,564
2012-08-21,-0.02147,-0.020925,0.000545,-0.020925,1370534.0,1370534.0,370534.0,0.370534,0,0.5168,0.5,565
2012-08-22,-0.008413,-0.008692,-0.000279,-0.008692,1359004.0,1359004.0,359004.0,0.359004,0,0.5159,0.45,566
2012-08-23,0.005848,0.003764,-0.002083,0.003764,1366951.0,1366951.0,366951.0,0.366951,1,0.5168,0.45,567
2012-08-24,-0.008057,-0.007643,0.000414,-0.007643,1355937.0,1355937.0,355937.0,0.355937,0,0.5158,0.45,568
2012-08-27,0.007699,-0.00029,-0.007989,-0.00029,1366377.0,1366377.0,366377.0,0.366377,1,0.5167,0.45,569
2012-08-28,-0.01532,-0.028105,-0.012785,-0.028105,1345444.0,1345444.0,345444.0,0.345444,0,0.5158,0.4,570
2012-08-29,0.011131,0.007316,-0.003815,0.007316,1360420.0,1360420.0,360420.0,0.36042,1,0.5166,0.4,571
2012-08-30,-0.004528,-0.000129,0.004399,-0.000129,1354260.0,1354260.0,354260.0,0.35426,0,0.5157,0.35,572
2012-08-31,-0.011357,-0.007416,0.003941,-0.007416,1338880.0,1338880.0,338880.0,0.33888,0,0.5148,0.35,573
2012-09-04,0.009319,-0.004386,-0.013705,-0.004386,1351357.0,1351357.0,351357.0,0.351357,1,0.5157,0.35,574
2012-09-05,0.039605,0.011905,-0.0277,0.011905,1404876.0,1404876.0,404876.0,0.404876,1,0.5165,0.4,575
2012-09-06,0.004157,-0.006313,-0.01047,-0.006313,1410716.0,1410716.0,410716.0,0.410716,1,0.5174,0.45,576
2012-09-07,-0.016817,-0.002037,0.01478,-0.002037,1386993.0,1386993.0,386993.0,0.386993,0,0.5165,0.45,577
2012-09-10,0.016157,0.010929,-0.005228,0.010929,1409402.0,1409402.0,409402.0,0.409402,1,0.5173,0.5,578
2012-09-11,-0.003553,0.001847,0.0054,0.001847,1404394.0,1404394.0,404394.0,0.404394,0,0.5164,0.45,579
2012-09-12,0.00505,0.010258,0.005208,0.010258,1411486.0,1411486.0,411486.0,0.411486,1,0.5172,0.5,580
2012-09-13,0.0021,0.002999,0.000899,0.002999,1414450.0,1414450.0,414450.0,0.41445,1,0.5181,0.55,581
2012-09-14,-0.000692,0.002738,0.00343,0.002738,1413471.0,1413471.0,413471.0,0.413471,0,0.5172,0.5,582
2012-09-18,0.000431,0.010694,0.010263,0.010694,1414080.0,1414080.0,414080.0,0.41408,1,0.518,0.5,583
2012-09-19,-0.018535,-0.008298,0.010237,-0.008298,1387869.0,1387869.0,387869.0,0.387869,0,0.5171,0.5,584
2012-09-20,0.005652,-0.003932,-0.009584,-0.003932,1395714.0,1395714.0,395714.0,0.395714,1,0.5179,0.55,585
2012-09-21,0.003011,0.001075,-0.001936,0.001075,1399916.0,1399916.0,399916.0,0.399916,1,0.5188,0.6,586
2012-09-24,-0.008729,-0.006466,0.002263,-0.006466,1387696.0,1387696.0,387696.0,0.387696,0,0.5179,0.55,587
2012-09-25,-0.014867,0.002363,0.01723,0.002363,1367065.0,1367065.0,367065.0,0.367065,0,0.517,0.55,588
2012-09-26,-0.010199,-0.002886,0.007313,-0.002886,1353121.0,1353121.0,353121.0,0.353121,0,0.5161,0.5,589
2012-09-27,0.003578,0.016862,0.013284,0.016862,1357963.0,1357963.0,357963.0,0.357963,1,0.5169,0.55,590
2012-09-28,-0.010615,-0.017304,-0.006689,-0.017304,1343548.0,1343548.0,343548.0,0.343548,0,0.5161,0.5,591
2012-10-01,-2.3e-05,8.8e-05,0.000111,8.8e-05,1343517.0,1343517.0,343517.0,0.343517,0,0.5152,0.5,592
2012-10-02,-0.007612,-0.008593,-0.000982,-0.008593,1333290.0,1333290.0,333290.0,0.33329,0,0.5143,0.5,593
2012-10-03,-0.000825,-0.004342,-0.003517,-0.004342,1332191.0,1332191.0,332191.0,0.332191,0,0.5135,0.45,594
2012-10-04,-0.008446,0.001913,0.010359,0.001913,1320939.0,1320939.0,320939.0,0.320939,0,0.5126,0.4,595
2012-10-05,0.002466,0.000649,-0.001816,0.000649,1324196.0,1324196.0,324196.0,0.324196,1,0.5134,0.4,596
2012-10-09,-0.000371,-0.002813,-0.002442,-0.002813,1323704.0,1323704.0,323704.0,0.323704,0,0.5126,0.4,597
2012-10-10,0.023264,0.011568,-0.011695,0.011568,1354498.0,1354498.0,354498.0,0.354498,1,0.5134,0.4,598
2012-10-11,0.018821,0.018433,-0.000388,0.018433,1379992.0,1379992.0,379992.0,0.379992,1,0.5142,0.45,599
2012-10-12,-0.004641,0.005242,0.009883,0.005242,1373587.0,1373587.0,373587.0,0.373587,0,0.5133,0.4,600
2012-10-15,-0.016427,-0.003265,0.013163,-0.003265,1351023.0,1351023.0,351023.0,0.351023,0,0.5125,0.35,601
2012-10-16,0.009294,0.004274,-0.00502,0.004274,1363579.0,1363579.0,363579.0,0.363579,1,0.5133,0.4,602
2012-10-17,-0.004797,-0.006955,-0.002158,-0.006955,1357038.0,1357038.0,357038.0,0.357038,0,0.5124,0.35,603
2012-10-18,-0.02351,0.007977,0.031487,0.007977,1325134.0,1325134.0,325134.0,0.325134,0,0.5116,0.35,604
2012-10-19,-0.004053,0.01099,0.015043,0.01099,1319764.0,1319764.0,319764.0,0.319764,0,0.5107,0.3,605
2012-10-22,0.023769,0.019045,-0.004724,0.019045,1351133.0,1351133.0,351133.0,0.351133,1,0.5116,0.3,606
2012-10-23,0.011918,-0.001736,-0.013654,-0.001736,1367236.0,1367236.0,367236.0,0.367236,1,0.5124,0.35,607
2012-10-24,0.009486,0.007744,-0.001742,0.007744,1380205.0,1380205.0,380205.0,0.380205,1,0.5132,0.4,608
2012-10-25,-0.009571,-0.001664,0.007907,-0.001664,1366996.0,1366996.0,366996.0,0.366996,0,0.5123,0.4,609
2012-10-26,0.009178,-0.007634,-0.016812,-0.007634,1379542.0,1379542.0,379542.0,0.379542,1,0.5131,0.4,610
2012-10-31,0.004858,0.029819,0.02496,0.029819,1386244.0,1386244.0,386244.0,0.386244,1,0.5139,0.45,611
2012-11-01,0.016061,0.002092,-0.013969,0.002092,1408509.0,1408509.0,408509.0,0.408509,1,0.5147,0.5,612
2012-11-02,0.009235,0.009028,-0.000207,0.009028,1421516.0,1421516.0,421516.0,0.421516,1,0.5155,0.55,613
2012-11-05,0.009618,0.007301,-0.002317,0.007301,1435189.0,1435189.0,435189.0,0.435189,1,0.5163,0.6,614
2012-11-06,-0.001853,-0.000138,0.001715,-0.000138,1432530.0,1432530.0,432530.0,0.43253,0,0.5154,0.6,615
2012-11-07,-0.009042,-0.009288,-0.000246,-0.009288,1419577.0,1419577.0,419577.0,0.419577,0,0.5146,0.55,616
2012-11-08,-0.003092,-0.001115,0.001976,-0.001115,1415188.0,1415188.0,415188.0,0.415188,0,0.5138,0.55,617
2012-11-09,0.006112,0.003895,-0.002217,0.003895,1423837.0,1423837.0,423837.0,0.423837,1,0.5146,0.55,618
2012-11-12,0.007308,-0.001782,-0.00909,-0.001782,1434243.0,1434243.0,434243.0,0.434243,1,0.5153,0.55,619
2012-11-13,0.006488,0.008012,0.001524,0.008012,1443548.0,1443548.0,443548.0,0.443548,1,0.5161,0.6,620
2012-11-14,0.032809,0.021744,-0.011064,0.021744,1490909.0,1490909.0,490909.0,0.490909,1,0.5169,0.65,621
2012-11-15,0.008115,0.013694,0.005579,0.013694,1503008.0,1503008.0,503008.0,0.503008,1,0.5177,0.65,622
2012-11-16,-0.013178,0.00689,0.020068,0.00689,1483202.0,1483202.0,483202.0,0.483202,0,0.5169,0.65,623
2012-11-19,0.011155,0.021487,0.010332,0.021487,1499746.0,1499746.0,499746.0,0.499746,1,0.5176,0.7,624
2012-11-20,-0.029961,-0.038324,-0.008364,-0.038324,1454813.0,1454813.0,454813.0,0.454813,0,0.5168,0.7,625
2012-11-21,-0.004031,-0.000678,0.003353,-0.000678,1448949.0,1448949.0,448949.0,0.448949,0,0.516,0.65,626
2012-11-26,-0.00117,-0.020417,-0.019246,-0.020417,1447253.0,1447253.0,447253.0,0.447253,0,0.5152,0.6,627
2012-11-27,0.005994,0.006296,0.000303,0.006296,1455927.0,1455927.0,455927.0,0.455927,1,0.5159,0.6,628
2012-11-28,0.012381,0.00798,-0.004401,0.00798,1473953.0,1473953.0,473953.0,0.473953,1,0.5167,0.65,629
2012-11-29,-0.006895,-0.001068,0.005827,-0.001068,1463790.0,1463790.0,463790.0,0.46379,0,0.5159,0.6,630
2012-11-30,-0.005369,-0.005545,-0.000177,-0.005545,1455931.0,1455931.0,455931.0,0.455931,0,0.5151,0.55,631
2012-12-03,0.008455,0.001325,-0.00713,0.001325,1468241.0,1468241.0,468241.0,0.468241,1,0.5158,0.55,632
2012-12-04,0.014043,0.01429,0.000247,0.01429,1488859.0,1488859.0,488859.0,0.488859,1,0.5166,0.55,633
2012-12-05,0.003005,7.4e-05,-0.00293,7.4e-05,1493333.0,1493333.0,493333.0,0.493333,1,0.5174,0.55,634
2012-12-06,0.019998,0.013227,-0.006771,0.013227,1523197.0,1523197.0,523197.0,0.523197,1,0.5181,0.6,635
2012-12-07,-0.006004,-0.005468,0.000536,-0.005468,1514052.0,1514052.0,514052.0,0.514052,0,0.5173,0.6,636
2012-12-10,-0.007722,-0.012268,-0.004546,-0.012268,1502360.0,1502360.0,502360.0,0.50236,0,0.5165,0.6,637
2012-12-11,0.006646,0.006906,0.00026,0.006906,1512344.0,1512344.0,512344.0,0.512344,1,0.5172,0.6,638
2012-12-12,0.012057,0.007194,-0.004863,0.007194,1530578.0,1530578.0,530578.0,0.530578,1,0.518,0.6,639
2012-12-13,0.010555,-0.004425,-0.01498,-0.004425,1546733.0,1546733.0,546733.0,0.546733,1,0.5188,0.6,640
2012-12-14,-0.037182,0.005415,0.042598,0.005415,1489222.0,1489222.0,489222.0,0.489222,0,0.5179,0.55,641
2012-12-17,-0.10319,-0.01074,0.09245,-0.01074,1335548.0,1335548.0,335548.0,0.335548,0,0.5171,0.5,642
2012-12-18,-0.004787,-0.008591,-0.003804,-0.008591,1329154.0,1329154.0,329154.0,0.329154,0,0.5163,0.5,643
2012-12-19,0.004493,0.009648,0.005155,0.009648,1335127.0,1335127.0,335127.0,0.335127,1,0.5171,0.5,644
2012-12-20,-0.031742,-0.006995,0.024746,-0.006995,1292747.0,1292747.0,292747.0,0.292747,0,0.5163,0.5,645
2012-12-21,-0.007406,-0.013353,-0.005946,-0.013353,1283173.0,1283173.0,283173.0,0.283173,0,0.5155,0.5,646
2012-12-26,-0.006641,0.00246,0.009101,0.00246,1274651.0,1274651.0,274651.0,0.274651,0,0.5147,0.5,647
2012-12-27,0.015865,-0.002088,-0.017953,-0.002088,1294873.0,1294873.0,294873.0,0.294873,1,0.5154,0.5,648
2012-12-28,-0.015454,-0.01015,0.005303,-0.01015,1274862.0,1274862.0,274862.0,0.274862,0,0.5146,0.45,649
2013-01-04,-0.019683,-0.005599,0.014085,-0.005599,1249769.0,1249769.0,249769.0,0.249769,0,0.5138,0.45,650
2013-01-07,-0.016036,-0.012349,0.003687,-0.012349,1229727.0,1229727.0,229727.0,0.229727,0,0.5131,0.45,651
2013-01-08,-0.006416,-0.007922,-0.001506,-0.007922,1221836.0,1221836.0,221836.0,0.221836,0,0.5123,0.4,652
2013-01-09,0.010356,0.013043,0.002686,0.013043,1234490.0,1234490.0,234490.0,0.23449,1,0.513,0.4,653
2013-01-10,0.00493,0.012113,0.007183,0.012113,1240576.0,1240576.0,240576.0,0.240576,1,0.5138,0.4,654
2013-01-11,0.008568,0.010209,0.001641,0.010209,1251205.0,1251205.0,251205.0,0.251205,1,0.5145,0.4,655
2013-01-15,0.007442,0.002095,-0.005347,0.002095,1260517.0,1260517.0,260517.0,0.260517,1,0.5152,0.45,656
2013-01-16,-0.024033,-0.014059,0.009974,-0.014059,1230223.0,1230223.0,230223.0,0.230223,0,0.5145,0.45,657
2013-01-17,0.014202,0.001105,-0.013096,0.001105,1247694.0,1247694.0,247694.0,0.247694,1,0.5152,0.45,658
2013-01-18,-0.010905,-0.006637,0.004268,-0.006637,1234088.0,1234088.0,234088.0,0.234088,0,0.5144,0.4,659
2013-01-22,0.002518,-0.004607,-0.007125,-0.004607,1237195.0,1237195.0,237195.0,0.237195,1,0.5152,0.4,660
2013-01-23,-0.01411,-0.008003,0.006107,-0.008003,1219738.0,1219738.0,219738.0,0.219738,0,0.5144,0.4,661
2013-01-24,0.002009,0.012882,0.010872,0.012882,1222189.0,1222189.0,222189.0,0.222189,1,0.5151,0.45,662
2013-01-25,0.02729,0.009537,-0.017753,0.009537,1255543.0,1255543.0,255543.0,0.255543,1,0.5158,0.5,663
2013-01-28,0.030668,0.021653,-0.009015,0.021653,1294048.0,1294048.0,294048.0,0.294048,1,0.5166,0.5,664
2013-01-29,-0.013037,-0.000684,0.012353,-0.000684,1277177.0,1277177.0,277177.0,0.277177,0,0.5158,0.5,665
2013-01-30,-0.002854,-0.001385,0.001469,-0.001385,1273532.0,1273532.0,273532.0,0.273532,0,0.515,0.5,666
2013-01-31,-0.015893,-0.008233,0.00766,-0.008233,1253292.0,1253292.0,253292.0,0.253292,0,0.5142,0.5,667
2013-02-01,0.011899,0.013132,0.001233,0.013132,1268205.0,1268205.0,268205.0,0.268205,1,0.515,0.5,668
2013-02-04,-0.008525,-0.014647,-0.006121,-0.014647,1257393.0,1257393.0,257393.0,0.257393,0,0.5142,0.5,669
2013-02-05,-0.009541,-0.009053,0.000488,-0.009053,1245397.0,1245397.0,245397.0,0.245397,0,0.5134,0.5,670
2013-02-06,-0.016168,-0.00679,0.009378,-0.00679,1225261.0,1225261.0,225261.0,0.225261,0,0.5127,0.5,671
2013-02-07,-0.012514,-0.009077,0.003436,-0.009077,1209929.0,1209929.0,209929.0,0.209929,0,0.5119,0.5,672
2013-02-08,0.011096,0.009211,-0.001886,0.009211,1223355.0,1223355.0,223355.0,0.223355,1,0.5126,0.5,673
2013-02-12,0.030941,0.026656,-0.004284,0.026656,1261206.0,1261206.0,261206.0,0.261206,1,0.5134,0.5,674
2013-02-13,0.008957,-0.011199,-0.020156,-0.011199,1272502.0,1272502.0,272502.0,0.272502,1,0.5141,0.5,675
2013-02-14,-0.011487,-0.000754,0.010734,-0.000754,1257885.0,1257885.0,257885.0,0.257885,0,0.5133,0.45,676
2013-02-15,-0.016606,-0.009905,0.006702,-0.009905,1236996.0,1236996.0,236996.0,0.236996,0,0.5126,0.45,677
2013-02-19,-0.00226,0.006709,0.008969,0.006709,1234201.0,1234201.0,234201.0,0.234201,0,0.5118,0.4,678
2013-02-20,0.02816,0.030746,0.002586,0.030746,1268955.0,1268955.0,268955.0,0.268955,1,0.5125,0.45,679
2013-02-21,0.010355,-0.000185,-0.01054,-0.000185,1282096.0,1282096.0,282096.0,0.282096,1,0.5132,0.45,680
2013-02-22,0.037648,0.042124,0.004476,0.042124,1330364.0,1330364.0,330364.0,0.330364,1,0.514,0.5,681
2013-02-25,-0.001208,-0.002589,-0.001381,-0.002589,1328756.0,1328756.0,328756.0,0.328756,0,0.5132,0.45,682
2013-02-26,0.026881,0.029684,0.002803,0.029684,1364474.0,1364474.0,364474.0,0.364474,1,0.5139,0.45,683
2013-02-27,-0.038461,-0.017391,0.02107,-0.017391,1311995.0,1311995.0,311995.0,0.311995,0,0.5132,0.4,684
2013-02-28,0.007677,0.012962,0.005285,0.012962,1322067.0,1322067.0,322067.0,0.322067,1,0.5139,0.45,685
2013-03-01,0.000393,0.000378,-1.4e-05,0.000378,1322586.0,1322586.0,322586.0,0.322586,1,0.5146,0.5,686
2013-03-04,-0.000956,-0.004701,-0.003745,-0.004701,1321321.0,1321321.0,321321.0,0.321321,0,0.5138,0.5,687
2013-03-05,9.2e-05,-0.001569,-0.001661,-0.001569,1321442.0,1321442.0,321442.0,0.321442,1,0.5145,0.5,688
2013-03-06,-0.001562,-0.004049,-0.002487,-0.004049,1319377.0,1319377.0,319377.0,0.319377,0,0.5138,0.5,689
2013-03-07,-0.065554,-0.016976,0.048578,-0.016976,1232887.0,1232887.0,232887.0,0.232887,0,0.513,0.5,690
2013-03-08,-0.016513,0.011273,0.027786,0.011273,1212529.0,1212529.0,212529.0,0.212529,0,0.5123,0.5,691
2013-03-11,0.01465,0.00781,-0.00684,0.00781,1230293.0,1230293.0,230293.0,0.230293,1,0.513,0.55,692
2013-03-12,-0.010083,-0.025304,-0.015221,-0.025304,1217888.0,1217888.0,217888.0,0.217888,0,0.5123,0.5,693
2013-03-13,-0.024401,-0.008996,0.015405,-0.008996,1188170.0,1188170.0,188170.0,0.18817,0,0.5115,0.45,694
2013-03-14,0.02072,0.021576,0.000856,0.021576,1212789.0,1212789.0,212789.0,0.212789,1,0.5122,0.45,695
2013-03-15,0.001043,0.015358,0.014315,0.015358,1214054.0,1214054.0,214054.0,0.214054,1,0.5129,0.5,696
2013-03-18,-0.026715,-0.009462,0.017253,-0.009462,1181621.0,1181621.0,181621.0,0.181621,0,0.5122,0.5,697
2013-03-19,-0.009226,0.002604,0.011829,0.002604,1170720.0,1170720.0,170720.0,0.17072,0,0.5115,0.5,698
2013-03-21,0.036251,0.041539,0.005288,0.041539,1213159.0,1213159.0,213159.0,0.213159,1,0.5122,0.5,699
2013-03-22,0.031421,0.002858,-0.028562,0.002858,1251278.0,1251278.0,251278.0,0.251278,1,0.5129,0.5,700
2013-03-25,0.003147,0.004319,0.001172,0.004319,1255216.0,1255216.0,255216.0,0.255216,1,0.5136,0.5,701
2013-03-26,-0.021179,-0.013155,0.008023,-0.013155,1228632.0,1228632.0,228632.0,0.228632,0,0.5128,0.5,702
2013-03-27,0.008079,0.003604,-0.004475,0.003604,1238558.0,1238558.0,238558.0,0.238558,1,0.5135,0.5,703
2013-03-28,-0.011931,-0.003573,0.008358,-0.003573,1223781.0,1223781.0,223781.0,0.223781,0,0.5128,0.5,704
2013-04-01,0.02529,-0.011983,-0.037273,-0.011983,1254730.0,1254730.0,254730.0,0.25473,1,0.5135,0.5,705
2013-04-02,0.025971,0.027781,0.001809,0.027781,1287317.0,1287317.0,287317.0,0.287317,1,0.5142,0.5,706
2013-04-03,0.091399,0.102306,0.010907,0.102306,1404976.0,1404976.0,404976.0,0.404976,1,0.5149,0.55,707
2013-04-04,0.012755,0.027998,0.015243,0.027998,1422897.0,1422897.0,422897.0,0.422897,1,0.5155,0.55,708
2013-04-05,0.019144,-0.003575,-0.022719,-0.003575,1450136.0,1450136.0,450136.0,0.450136,1,0.5162,0.6,709
2013-04-08,-0.005054,0.000161,0.005215,0.000161,1442807.0,1442807.0,442807.0,0.442807,0,0.5155,0.6,710
2013-04-09,0.026548,0.027883,0.001335,0.027883,1481111.0,1481111.0,481111.0,0.481111,1,0.5162,0.65,711
2013-04-10,-0.063164,0.01694,0.080104,0.01694,1387558.0,1387558.0,387558.0,0.387558,0,0.5154,0.6,712
2013-04-11,0.003253,-0.013956,-0.017209,-0.013956,1392072.0,1392072.0,392072.0,0.392072,1,0.5161,0.65,713
2013-04-12,0.016096,0.008055,-0.008041,0.008055,1414478.0,1414478.0,414478.0,0.414478,1,0.5168,0.7,714
2013-04-15,0.051563,0.047493,-0.00407,0.047493,1487413.0,1487413.0,487413.0,0.487413,1,0.5175,0.7,715
2013-04-16,-0.0215,0.006172,0.027672,0.006172,1455433.0,1455433.0,455433.0,0.455433,0,0.5168,0.65,716
2013-04-17,-8.5e-05,0.010239,0.010324,0.010239,1455310.0,1455310.0,455310.0,0.45531,0,0.516,0.65,717
2013-04-18,-0.002315,-0.011078,-0.008763,-0.011078,1451940.0,1451940.0,451940.0,0.45194,0,0.5153,0.65,718
2013-04-19,-0.018469,-0.00518,0.013289,-0.00518,1425125.0,1425125.0,425125.0,0.425125,0,0.5146,0.6,719
2013-04-22,-0.004338,-0.011899,-0.007561,-0.011899,1418943.0,1418943.0,418943.0,0.418943,0,0.5139,0.55,720
2013-04-23,-0.014007,-0.006353,0.007654,-0.006353,1399068.0,1399068.0,399068.0,0.399068,0,0.5132,0.5,721
2013-04-24,0.007797,0.01012,0.002323,0.01012,1409977.0,1409977.0,409977.0,0.409977,1,0.5139,0.55,722
2013-04-25,0.042902,0.015066,-0.027836,0.015066,1470468.0,1470468.0,470468.0,0.470468,1,0.5145,0.55,723
2013-04-26,-0.001034,-0.018601,-0.017567,-0.018601,1468948.0,1468948.0,468948.0,0.468948,0,0.5138,0.55,724
2013-04-30,0.047593,0.047563,-3e-05,0.047563,1538859.0,1538859.0,538859.0,0.538859,1,0.5145,0.55,725
2013-05-01,0.008831,-0.00906,-0.017891,-0.00906,1552448.0,1552448.0,552448.0,0.552448,1,0.5152,0.55,726
2013-05-02,-0.028291,0.001638,0.029928,0.001638,1508528.0,1508528.0,508528.0,0.508528,0,0.5144,0.5,727
2013-05-07,-0.004274,0.004958,0.009232,0.004958,1502081.0,1502081.0,502081.0,0.502081,0,0.5137,0.45,728
2013-05-08,0.036489,0.038627,0.002137,0.038627,1556891.0,1556891.0,556891.0,0.556891,1,0.5144,0.45,729
2013-05-09,0.014969,-0.022354,-0.037322,-0.022354,1580195.0,1580195.0,580195.0,0.580195,1,0.5151,0.5,730
2013-05-10,-0.001396,-0.007274,-0.005878,-0.007274,1577990.0,1577990.0,577990.0,0.57799,0,0.5144,0.45,731
2013-05-13,-0.017561,-0.020076,-0.002516,-0.020076,1550279.0,1550279.0,550279.0,0.550279,0,0.5137,0.45,732
2013-05-14,-0.045409,-0.015622,0.029788,-0.015622,1479882.0,1479882.0,479882.0,0.479882,0,0.513,0.4,733
2013-05-15,0.018277,0.001267,-0.01701,0.001267,1506930.0,1506930.0,506930.0,0.50693,1,0.5136,0.4,734
2013-05-16,0.050997,0.038057,-0.01294,0.038057,1583778.0,1583778.0,583778.0,0.583778,1,0.5143,0.4,735
2013-05-17,-0.008768,0.006909,0.015677,0.006909,1569891.0,1569891.0,569891.0,0.569891,0,0.5136,0.4,736
2013-05-20,-0.025227,0.015348,0.040575,0.015348,1530288.0,1530288.0,530288.0,0.530288,0,0.5129,0.4,737
2013-05-21,0.016645,0.014594,-0.002051,0.014594,1555760.0,1555760.0,555760.0,0.55576,1,0.5136,0.45,738
2013-05-22,0.003947,-0.00097,-0.004917,-0.00097,1561900.0,1561900.0,561900.0,0.5619,1,0.5142,0.5,739
2013-05-23,0.015281,-0.074582,-0.089863,-0.074582,1585767.0,1585767.0,585767.0,0.585767,1,0.5149,0.55,740
2013-05-24,-0.036507,-0.022987,0.01352,-0.022987,1527876.0,1527876.0,527876.0,0.527876,0,0.5142,0.55,741
2013-05-28,-0.013621,0.019204,0.032825,0.019204,1507064.0,1507064.0,507064.0,0.507064,0,0.5135,0.5,742
2013-05-29,-0.058269,-0.01122,0.047049,-0.01122,1419249.0,1419249.0,419249.0,0.419249,0,0.5128,0.45,743
2013-05-30,-0.027278,-0.030041,-0.002762,-0.030041,1380534.0,1380534.0,380534.0,0.380534,0,0.5121,0.45,744
2013-05-31,0.016732,-0.024003,-0.040735,-0.024003,1403633.0,1403633.0,403633.0,0.403633,1,0.5128,0.45,745
2013-06-03,-0.014466,-0.008653,0.005813,-0.008653,1383328.0,1383328.0,383328.0,0.383328,0,0.5121,0.4,746
2013-06-04,0.00848,0.034055,0.025575,0.034055,1395058.0,1395058.0,395058.0,0.395058,1,0.5127,0.45,747
2013-06-05,0.009228,-0.021605,-0.030833,-0.021605,1407931.0,1407931.0,407931.0,0.407931,1,0.5134,0.5,748
2013-06-06,-0.001614,-0.005465,-0.003851,-0.005465,1405659.0,1405659.0,405659.0,0.405659,0,0.5127,0.45,749
2013-06-07,0.016707,0.01721,0.000503,0.01721,1429143.0,1429143.0,429143.0,0.429143,1,0.5133,0.45,750
2013-06-10,0.032324,0.046367,0.014043,0.046367,1475339.0,1475339.0,475339.0,0.475339,1,0.514,0.5,751
2013-06-11,0.01433,-0.012867,-0.027197,-0.012867,1496480.0,1496480.0,496480.0,0.49648,1,0.5146,0.55,752
2013-06-12,0.056091,0.062923,0.006832,0.062923,1580419.0,1580419.0,580419.0,0.580419,1,0.5153,0.6,753
2013-06-13,0.032023,-0.029293,-0.061316,-0.029293,1631029.0,1631029.0,631029.0,0.631029,1,0.5159,0.6,754
2013-06-14,0.008215,-0.016765,-0.024979,-0.016765,1644427.0,1644427.0,644427.0,0.644427,1,0.5166,0.6,755
2013-06-17,-0.008184,0.03026,0.038444,0.03026,1630970.0,1630970.0,630970.0,0.63097,0,0.5159,0.6,756
2013-06-18,0.013967,-0.003889,-0.017856,-0.003889,1653750.0,1653750.0,653750.0,0.65375,1,0.5165,0.65,757
2013-06-19,-0.029302,-0.020307,0.008995,-0.020307,1605292.0,1605292.0,605292.0,0.605292,0,0.5158,0.6,758
2013-06-20,-0.021781,-0.021379,0.000403,-0.021379,1570327.0,1570327.0,570327.0,0.570327,0,0.5152,0.55,759
2013-06-21,0.012763,0.040346,0.027583,0.040346,1590369.0,1590369.0,590369.0,0.590369,1,0.5158,0.55,760
2013-06-24,0.018866,-0.00252,-0.021385,-0.00252,1620373.0,1620373.0,620373.0,0.620373,1,0.5164,0.6,761
2013-06-25,0.028041,0.012075,-0.015965,0.012075,1665809.0,1665809.0,665809.0,0.665809,1,0.5171,0.65,762
2013-06-26,0.013897,-0.022439,-0.036336,-0.022439,1688959.0,1688959.0,688959.0,0.688959,1,0.5177,0.7,763
2013-06-27,-0.02369,-0.00134,0.02235,-0.00134,1648948.0,1648948.0,648948.0,0.648948,0,0.517,0.7,764
2013-06-28,-0.01545,0.010368,0.025818,0.010368,1623471.0,1623471.0,623471.0,0.623471,0,0.5163,0.65,765
2013-07-01,-0.010162,0.001041,0.011203,0.001041,1606973.0,1606973.0,606973.0,0.606973,0,0.5157,0.65,766
2013-07-02,-0.043761,0.008378,0.052139,0.008378,1536651.0,1536651.0,536651.0,0.536651,0,0.515,0.6,767
2013-07-03,-0.017666,-0.018467,-0.000801,-0.018467,1509505.0,1509505.0,509505.0,0.509505,0,0.5143,0.55,768
2013-07-05,-0.013195,-0.001708,0.011487,-0.001708,1489587.0,1489587.0,489587.0,0.489587,0,0.5137,0.55,769
2013-07-08,-0.022635,-0.018817,0.003818,-0.018817,1455870.0,1455870.0,455870.0,0.45587,0,0.513,0.5,770
2013-07-09,0.009403,0.019826,0.010423,0.019826,1469559.0,1469559.0,469559.0,0.469559,1,0.5136,0.5,771
2013-07-10,0.024558,-0.000418,-0.024976,-0.000418,1505649.0,1505649.0,505649.0,0.505649,1,0.5142,0.5,772
2013-07-11,0.037085,0.036137,-0.000948,0.036137,1561486.0,1561486.0,561486.0,0.561486,1,0.5149,0.5,773
2013-07-12,-0.011427,-0.006349,0.005077,-0.006349,1543643.0,1543643.0,543643.0,0.543643,0,0.5142,0.45,774
2013-07-16,0.053292,0.043186,-0.010106,0.043186,1625906.0,1625906.0,625906.0,0.625906,1,0.5148,0.45,775
2013-07-17,-0.026837,-0.022758,0.004079,-0.022758,1582272.0,1582272.0,582272.0,0.582272,0,0.5142,0.45,776
2013-07-18,0.017798,0.011172,-0.006626,0.011172,1610433.0,1610433.0,610433.0,0.610433,1,0.5148,0.45,777
2013-07-19,0.002799,-0.011112,-0.013911,-0.011112,1614942.0,1614942.0,614942.0,0.614942,1,0.5154,0.5,778
2013-07-22,0.030417,-0.001583,-0.032,-0.001583,1664063.0,1664063.0,664063.0,0.664063,1,0.516,0.55,779
2013-07-23,-0.034542,-0.011124,0.023418,-0.011124,1606583.0,1606583.0,606583.0,0.606583,0,0.5154,0.5,780
2013-07-24,0.003491,0.009562,0.006071,0.009562,1612192.0,1612192.0,612192.0,0.612192,1,0.516,0.5,781
2013-07-25,0.013645,0.009663,-0.003982,0.009663,1634190.0,1634190.0,634190.0,0.63419,1,0.5166,0.5,782
2013-07-26,0.0136,-0.008693,-0.022293,-0.008693,1656414.0,1656414.0,656414.0,0.656414,1,0.5172,0.5,783
2013-07-29,-0.029577,-0.040362,-0.010785,-0.040362,1607422.0,1607422.0,607422.0,0.607422,0,0.5166,0.5,784
2013-07-30,0.016441,0.034562,0.01812,0.034562,1633850.0,1633850.0,633850.0,0.63385,1,0.5172,0.55,785
2013-07-31,-0.002602,-0.013096,-0.010495,-0.013096,1629599.0,1629599.0,629599.0,0.629599,0,0.5165,0.55,786
2013-08-01,0.01337,0.036528,0.023158,0.036528,1651387.0,1651387.0,651387.0,0.651387,1,0.5172,0.6,787
2013-08-02,-0.032809,-0.00565,0.027159,-0.00565,1597206.0,1597206.0,597206.0,0.597206,0,0.5165,0.6,788
2013-08-05,0.010029,0.005433,-0.004596,0.005433,1613224.0,1613224.0,613224.0,0.613224,1,0.5171,0.65,789
2013-08-06,0.002506,0.008788,0.006283,0.008788,1617266.0,1617266.0,617266.0,0.617266,1,0.5177,0.7,790
2013-08-07,0.002131,-0.008968,-0.011099,-0.008968,1620713.0,1620713.0,620713.0,0.620713,1,0.5183,0.7,791
2013-08-08,-0.016561,-0.009962,0.0066,-0.009962,1593872.0,1593872.0,593872.0,0.593872,0,0.5177,0.65,792
2013-08-09,0.011719,-0.00154,-0.013259,-0.00154,1612551.0,1612551.0,612551.0,0.612551,1,0.5183,0.65,793
2013-08-12,0.043759,0.00319,-0.040569,0.00319,1683115.0,1683115.0,683115.0,0.683115,1,0.5189,0.7,794
2013-08-13,-0.002652,-0.003804,-0.001152,-0.003804,1678651.0,1678651.0,678651.0,0.678651,0,0.5182,0.65,795
2013-08-14,-0.001582,0.004964,0.006545,0.004964,1675996.0,1675996.0,675996.0,0.675996,0,0.5176,0.65,796
2013-08-15,0.001656,-0.000294,-0.001949,-0.000294,1678771.0,1678771.0,678771.0,0.678771,1,0.5182,0.65,797
2013-08-16,0.00375,0.003755,5e-06,0.003755,1685067.0,1685067.0,685067.0,0.685067,1,0.5188,0.65,798
2013-08-19,0.013052,0.009347,-0.003705,0.009347,1707061.0,1707061.0,707061.0,0.707061,1,0.5194,0.65,799
2013-08-20,0.013765,-0.002274,-0.016039,-0.002274,1730559.0,1730559.0,730559.0,0.730559,1,0.52,0.7,800
2013-08-21,0.01912,-0.004092,-0.023212,-0.004092,1763647.0,1763647.0,763647.0,0.763647,1,0.5206,0.7,801
2013-08-22,-0.002886,0.002375,0.00526,0.002375,1758557.0,1758557.0,758557.0,0.758557,0,0.52,0.65,802
2013-08-23,0.029511,0.007452,-0.022059,0.007452,1810454.0,1810454.0,810454.0,0.810454,1,0.5205,0.65,803
2013-08-26,0.008751,0.000552,-0.008199,0.000552,1826298.0,1826298.0,826298.0,0.826298,1,0.5211,0.7,804
2013-08-27,-0.011455,-0.000884,0.010571,-0.000884,1805377.0,1805377.0,805377.0,0.805377,0,0.5205,0.65,805
2013-08-28,0.014125,0.004271,-0.009855,0.004271,1830879.0,1830879.0,830879.0,0.830879,1,0.5211,0.7,806
2013-08-29,0.022915,0.004468,-0.018447,0.004468,1872834.0,1872834.0,872834.0,0.872834,1,0.5217,0.7,807
2013-08-30,0.005639,-0.015133,-0.020772,-0.015133,1883395.0,1883395.0,883395.0,0.883395,1,0.5223,0.75,808
2013-09-03,-0.014281,0.001522,0.015803,0.001522,1856498.0,1856498.0,856498.0,0.856498,0,0.5216,0.7,809
2013-09-04,0.009971,0.012999,0.003027,0.012999,1875010.0,1875010.0,875010.0,0.87501,1,0.5222,0.7,810
2013-09-05,0.009799,0.001504,-0.008295,0.001504,1893384.0,1893384.0,893384.0,0.893384,1,0.5228,0.7,811
2013-09-06,0.006892,-0.008405,-0.015297,-0.008405,1906432.0,1906432.0,906432.0,0.906432,1,0.5234,0.75,812
2013-09-09,-0.017712,-0.026205,-0.008493,-0.026205,1872665.0,1872665.0,872665.0,0.872665,0,0.5228,0.7,813
2013-09-10,-0.003743,-0.00139,0.002353,-0.00139,1865656.0,1865656.0,865656.0,0.865656,0,0.5221,0.65,814
2013-09-11,0.010237,-0.001522,-0.011758,-0.001522,1884755.0,1884755.0,884755.0,0.884755,1,0.5227,0.7,815
2013-09-12,-0.000748,-0.002858,-0.00211,-0.002858,1883344.0,1883344.0,883344.0,0.883344,0,0.5221,0.7,816
2013-09-13,0.005113,0.004396,-0.000717,0.004396,1892974.0,1892974.0,892974.0,0.892974,1,0.5226,0.7,817
2013-09-17,-0.007252,-0.009787,-0.002536,-0.009787,1879247.0,1879247.0,879247.0,0.879247,0,0.522,0.65,818
2013-09-18,-0.002426,0.001499,0.003925,0.001499,1874688.0,1874688.0,874688.0,0.874688,0,0.5214,0.6,819
2013-09-19,-0.014694,-0.005526,0.009168,-0.005526,1847142.0,1847142.0,847142.0,0.847142,0,0.5207,0.55,820
2013-09-20,0.016541,0.003717,-0.012824,0.003717,1877695.0,1877695.0,877695.0,0.877695,1,0.5213,0.55,821
2013-09-24,-0.006661,0.001084,0.007745,0.001084,1865187.0,1865187.0,865187.0,0.865187,0,0.5207,0.55,822
2013-09-25,0.004745,-0.000339,-0.005085,-0.000339,1874039.0,1874039.0,874039.0,0.874039,1,0.5213,0.55,823
2013-09-26,-0.011319,0.013927,0.025247,0.013927,1852826.0,1852826.0,852826.0,0.852826,0,0.5206,0.5,824
2013-09-27,-0.000136,-0.004404,-0.004268,-0.004404,1852573.0,1852573.0,852573.0,0.852573,0,0.52,0.5,825
2013-09-30,-0.003534,-0.007469,-0.003935,-0.007469,1846027.0,1846027.0,846027.0,0.846027,0,0.5194,0.45,826
2013-10-01,0.001499,0.001089,-0.00041,0.001089,1848794.0,1848794.0,848794.0,0.848794,1,0.52,0.45,827
2013-10-02,0.004423,-0.010504,-0.014928,-0.010504,1856972.0,1856972.0,856972.0,0.856972,1,0.5205,0.45,828
2013-10-03,0.004653,-0.008639,-0.013292,-0.008639,1865613.0,1865613.0,865613.0,0.865613,1,0.5211,0.5,829
2013-10-04,0.01694,0.003322,-0.013618,0.003322,1897216.0,1897216.0,897216.0,0.897216,1,0.5217,0.5,830
2013-10-07,0.005784,-0.021028,-0.026811,-0.021028,1908189.0,1908189.0,908189.0,0.908189,1,0.5223,0.5,831
2013-10-08,0.013413,0.01245,-0.000963,0.01245,1933782.0,1933782.0,933782.0,0.933782,1,0.5228,0.5,832
2013-10-09,-0.012143,0.014083,0.026226,0.014083,1910301.0,1910301.0,910301.0,0.910301,0,0.5222,0.5,833
2013-10-10,-0.013587,-0.004337,0.00925,-0.004337,1884345.0,1884345.0,884345.0,0.884345,0,0.5216,0.5,834
2013-10-11,0.008391,0.019075,0.010684,0.019075,1900156.0,1900156.0,900156.0,0.900156,1,0.5222,0.5,835
2013-10-15,0.001061,-0.007398,-0.008458,-0.007398,1902172.0,1902172.0,902172.0,0.902172,1,0.5227,0.55,836
2013-10-16,0.001363,-0.001166,-0.002528,-0.001166,1904764.0,1904764.0,904764.0,0.904764,1,0.5233,0.55,837
2013-10-17,0.010043,0.008092,-0.001951,0.008092,1923894.0,1923894.0,923894.0,0.923894,1,0.5239,0.6,838
2013-10-18,-0.003899,-0.004009,-0.00011,-0.004009,1916393.0,1916393.0,916393.0,0.916393,0,0.5232,0.6,839
2013-10-21,0.005173,0.005991,0.000818,0.005991,1926306.0,1926306.0,926306.0,0.926306,1,0.5238,0.65,840
2013-10-22,0.003768,0.003346,-0.000421,0.003346,1933563.0,1933563.0,933563.0,0.933563,1,0.5244,0.65,841
2013-10-23,0.002338,-0.014211,-0.016549,-0.014211,1938084.0,1938084.0,938084.0,0.938084,1,0.5249,0.7,842
2013-10-24,-0.009878,0.002046,0.011924,0.002046,1918940.0,1918940.0,918940.0,0.91894,0,0.5243,0.65,843
2013-10-25,-0.001853,-0.021461,-0.019608,-0.021461,1915384.0,1915384.0,915384.0,0.915384,0,0.5237,0.65,844
2013-10-28,-0.002206,-0.001283,0.000924,-0.001283,1911158.0,1911158.0,911158.0,0.911158,0,0.5231,0.65,845
2013-10-29,0.005436,0.002179,-0.003258,0.002179,1921548.0,1921548.0,921548.0,0.921548,1,0.5236,0.7,846
2013-10-30,-0.005255,-0.007678,-0.002423,-0.007678,1911449.0,1911449.0,911449.0,0.911449,0,0.523,0.65,847
2013-10-31,-0.015552,-0.017838,-0.002286,-0.017838,1881723.0,1881723.0,881723.0,0.881723,0,0.5224,0.6,848
2013-11-01,-0.018137,-0.015526,0.002611,-0.015526,1847594.0,1847594.0,847594.0,0.847594,0,0.5218,0.55,849
2013-11-05,-0.00196,-0.015551,-0.013591,-0.015551,1843974.0,1843974.0,843974.0,0.843974,0,0.5212,0.5,850
2013-11-06,-0.006164,0.003903,0.010068,0.003903,1832607.0,1832607.0,832607.0,0.832607,0,0.5206,0.45,851
2013-11-07,0.010412,-0.004156,-0.014569,-0.004156,1851689.0,1851689.0,851689.0,0.851689,1,0.5211,0.45,852
2013-11-08,-0.007222,0.003314,0.010537,0.003314,1838315.0,1838315.0,838315.0,0.838315,0,0.5205,0.45,853
2013-11-11,0.004199,-0.005614,-0.009814,-0.005614,1846035.0,1846035.0,846035.0,0.846035,1,0.5211,0.5,854
2013-11-12,-0.015602,0.009765,0.025367,0.009765,1817233.0,1817233.0,817233.0,0.817233,0,0.5205,0.45,855
2013-11-13,0.007705,0.007387,-0.000317,0.007387,1831235.0,1831235.0,831235.0,0.831235,1,0.521,0.45,856
2013-11-14,-0.000712,0.003267,0.003979,0.003267,1829931.0,1829931.0,829931.0,0.829931,0,0.5204,0.4,857
2013-11-15,-0.007661,-0.001029,0.006632,-0.001029,1815912.0,1815912.0,815912.0,0.815912,0,0.5198,0.35,858
2013-11-18,-0.000513,-0.004911,-0.004398,-0.004911,1814980.0,1814980.0,814980.0,0.81498,0,0.5192,0.35,859
2013-11-19,-0.002876,0.001456,0.004332,0.001456,1809759.0,1809759.0,809759.0,0.809759,0,0.5186,0.3,860
2013-11-20,-0.000643,-0.007195,-0.006552,-0.007195,1808597.0,1808597.0,808597.0,0.808597,0,0.518,0.25,861
2013-11-21,-0.004561,0.003592,0.008152,0.003592,1800348.0,1800348.0,800348.0,0.800348,0,0.5174,0.2,862
2013-11-22,-0.005601,-0.010623,-0.005022,-0.010623,1790265.0,1790265.0,790265.0,0.790265,0,0.5168,0.2,863
2013-11-25,0.002576,0.000976,-0.0016,0.000976,1794876.0,1794876.0,794876.0,0.794876,1,0.5174,0.25,864
2013-11-26,-0.008774,-0.005491,0.003283,-0.005491,1779128.0,1779128.0,779128.0,0.779128,0,0.5168,0.25,865
2013-11-27,-0.004343,-0.005091,-0.000748,-0.005091,1771402.0,1771402.0,771402.0,0.771402,0,0.5162,0.2,866
2013-11-29,-0.000423,0.003048,0.003471,0.003048,1770652.0,1770652.0,770652.0,0.770652,0,0.5156,0.2,867
2013-12-02,0.009004,0.002286,-0.006718,0.002286,1786595.0,1786595.0,786595.0,0.786595,1,0.5161,0.25,868
2013-12-03,-0.009817,-0.006755,0.003062,-0.006755,1769056.0,1769056.0,769056.0,0.769056,0,0.5155,0.25,869
2013-12-04,0.012221,0.000144,-0.012077,0.000144,1790676.0,1790676.0,790676.0,0.790676,1,0.5161,0.3,870
2013-12-05,-0.017554,-0.017323,0.000231,-0.017323,1759243.0,1759243.0,759243.0,0.759243,0,0.5155,0.3,871
2013-12-06,0.000481,0.000767,0.000286,0.000767,1760089.0,1760089.0,760089.0,0.760089,1,0.5161,0.3,872
2013-12-09,0.003621,-0.000469,-0.00409,-0.000469,1766462.0,1766462.0,766462.0,0.766462,1,0.5166,0.35,873
2013-12-10,-0.005707,-0.005235,0.000471,-0.005235,1756381.0,1756381.0,756381.0,0.756381,0,0.516,0.3,874
2013-12-11,-0.01844,-0.004056,0.014384,-0.004056,1723994.0,1723994.0,723994.0,0.723994,0,0.5154,0.3,875
2013-12-12,-0.00086,0.001872,0.002732,0.001872,1722511.0,1722511.0,722511.0,0.722511,0,0.5148,0.25,876
2013-12-13,0.000352,-0.005242,-0.005594,-0.005242,1723117.0,1723117.0,723117.0,0.723117,1,0.5154,0.3,877
2013-12-16,0.0059,-0.005434,-0.011334,-0.005434,1733283.0,1733283.0,733283.0,0.733283,1,0.5159,0.35,878
2013-12-17,-0.010535,-0.000995,0.00954,-0.000995,1715023.0,1715023.0,715023.0,0.715023,0,0.5154,0.35,879
2013-12-18,0.009729,0.01544,0.005711,0.01544,1731709.0,1731709.0,731709.0,0.731709,1,0.5159,0.4,880
2013-12-19,-0.000874,-0.000199,0.000675,-0.000199,1730196.0,1730196.0,730196.0,0.730196,0,0.5153,0.4,881
2013-12-20,-0.006122,-0.005834,0.000288,-0.005834,1719603.0,1719603.0,719603.0,0.719603,0,0.5147,0.4,882
2013-12-24,-0.008477,-0.012673,-0.004196,-0.012673,1705027.0,1705027.0,705027.0,0.705027,0,0.5142,0.4,883
2013-12-26,-0.009217,0.012202,0.021419,0.012202,1689312.0,1689312.0,689312.0,0.689312,0,0.5136,0.35,884
2013-12-27,-0.001184,0.002378,0.003563,0.002378,1687311.0,1687311.0,687311.0,0.687311,0,0.513,0.35,885
2013-12-30,0.017392,0.014098,-0.003294,0.014098,1716657.0,1716657.0,716657.0,0.716657,1,0.5135,0.4,886
2014-01-06,0.019993,0.017842,-0.00215,0.017842,1750977.0,1750977.0,750977.0,0.750977,1,0.5141,0.45,887
2014-01-07,0.000215,-0.006828,-0.007043,-0.006828,1751354.0,1751354.0,751354.0,0.751354,1,0.5146,0.45,888
2014-01-08,-0.003906,0.001889,0.005795,0.001889,1744514.0,1744514.0,744514.0,0.744514,0,0.5141,0.45,889
2014-01-09,-0.02503,-0.015518,0.009511,-0.015518,1700849.0,1700849.0,700849.0,0.700849,0,0.5135,0.4,890
2014-01-10,-0.001706,0.000232,0.001938,0.000232,1697948.0,1697948.0,697948.0,0.697948,0,0.5129,0.4,891
2014-01-14,-0.001181,-0.008912,-0.007731,-0.008912,1695943.0,1695943.0,695943.0,0.695943,0,0.5123,0.35,892
2014-01-15,0.006923,0.013035,0.006111,0.013035,1707684.0,1707684.0,707684.0,0.707684,1,0.5129,0.35,893
2014-01-16,0.01132,-0.000729,-0.012049,-0.000729,1727016.0,1727016.0,727016.0,0.727016,1,0.5134,0.4,894
2014-01-17,-0.014415,-0.007527,0.006889,-0.007527,1702121.0,1702121.0,702121.0,0.702121,0,0.5128,0.4,895
2014-01-21,0.004787,0.001643,-0.003144,0.001643,1710268.0,1710268.0,710268.0,0.710268,1,0.5134,0.45,896
2014-01-22,-0.003233,-0.001701,0.001532,-0.001701,1704738.0,1704738.0,704738.0,0.704738,0,0.5128,0.4,897
2014-01-23,0.010472,-0.008045,-0.018516,-0.008045,1722590.0,1722590.0,722590.0,0.72259,1,0.5134,0.4,898
2014-01-24,-0.001942,-0.007944,-0.006002,-0.007944,1719244.0,1719244.0,719244.0,0.719244,0,0.5128,0.4,899
2014-01-27,-0.00464,-0.003936,0.000704,-0.003936,1711268.0,1711268.0,711268.0,0.711268,0,0.5122,0.35,900
2014-01-28,0.006064,-0.01264,-0.018704,-0.01264,1721645.0,1721645.0,721645.0,0.721645,1,0.5128,0.4,901
2014-01-29,-0.002756,0.014672,0.017428,0.014672,1716899.0,1716899.0,716899.0,0.716899,0,0.5122,0.4,902
2014-01-30,0.01048,-0.006081,-0.016561,-0.006081,1734892.0,1734892.0,734892.0,0.734892,1,0.5127,0.45,903
2014-01-31,0.000846,-0.010339,-0.011185,-0.010339,1736359.0,1736359.0,736359.0,0.736359,1,0.5133,0.5,904
2014-02-03,-0.021067,-0.028225,-0.007158,-0.028225,1699779.0,1699779.0,699779.0,0.699779,0,0.5127,0.5,905
2014-02-04,-0.000443,-0.024115,-0.023672,-0.024115,1699026.0,1699026.0,699026.0,0.699026,0,0.5121,0.45,906
2014-02-05,0.015387,0.003397,-0.01199,0.003397,1725168.0,1725168.0,725168.0,0.725168,1,0.5127,0.45,907
2014-02-06,0.015279,0.023811,0.008533,0.023811,1751526.0,1751526.0,751526.0,0.751526,1,0.5132,0.45,908
2014-02-07,-0.006793,0.010059,0.016853,0.010059,1739627.0,1739627.0,739627.0,0.739627,0,0.5127,0.45,909
2014-02-10,-0.035646,-0.035797,-0.00015,-0.035797,1677616.0,1677616.0,677616.0,0.677616,0,0.5121,0.45,910
2014-02-12,0.003335,0.004706,0.001372,0.004706,1683210.0,1683210.0,683210.0,0.68321,1,0.5126,0.5,911
2014-02-13,0.017662,0.000636,-0.017026,0.000636,1712939.0,1712939.0,712939.0,0.712939,1,0.5132,0.55,912
2014-02-14,-0.01538,-0.022138,-0.006758,-0.022138,1686594.0,1686594.0,686594.0,0.686594,0,0.5126,0.5,913
2014-02-18,0.008539,0.017133,0.008593,0.017133,1700997.0,1700997.0,700997.0,0.700997,1,0.5131,0.5,914
2014-02-19,0.011344,0.011871,0.000527,0.011871,1720294.0,1720294.0,720294.0,0.720294,1,0.5137,0.55,915
2014-02-20,-0.014071,-0.019135,-0.005064,-0.019135,1696086.0,1696086.0,696086.0,0.696086,0,0.5131,0.5,916
2014-02-21,-0.004206,0.008305,0.01251,0.008305,1688954.0,1688954.0,688954.0,0.688954,0,0.5125,0.5,917
2014-02-24,0.008493,0.002393,-0.006099,0.002393,1703297.0,1703297.0,703297.0,0.703297,1,0.5131,0.5,918
2014-02-25,0.011209,0.007822,-0.003387,0.007822,1722390.0,1722390.0,722390.0,0.72239,1,0.5136,0.55,919
2014-02-26,-0.008739,7.1e-05,0.00881,7.1e-05,1707338.0,1707338.0,707338.0,0.707338,0,0.513,0.55,920
2014-02-27,-0.000544,-0.00103,-0.000486,-0.00103,1706409.0,1706409.0,706409.0,0.706409,0,0.5125,0.5,921
2014-02-28,0.008811,0.003754,-0.005058,0.003754,1721445.0,1721445.0,721445.0,0.721445,1,0.513,0.55,922
2014-03-03,0.004894,0.004679,-0.000214,0.004679,1729869.0,1729869.0,729869.0,0.729869,1,0.5135,0.55,923
2014-03-04,0.002153,0.016761,0.014608,0.016761,1733594.0,1733594.0,733594.0,0.733594,1,0.5141,0.55,924
2014-03-05,-0.002297,-0.007093,-0.004796,-0.007093,1729612.0,1729612.0,729612.0,0.729612,0,0.5135,0.55,925
2014-03-06,0.008768,0.01263,0.003863,0.01263,1744776.0,1744776.0,744776.0,0.744776,1,0.514,0.6,926
2014-03-07,0.00783,0.007953,0.000123,0.007953,1758438.0,1758438.0,758438.0,0.758438,1,0.5146,0.6,927
2014-03-10,0.001617,-0.009333,-0.010949,-0.009333,1761281.0,1761281.0,761281.0,0.761281,1,0.5151,0.6,928
2014-03-11,-0.001481,0.006741,0.008222,0.006741,1758673.0,1758673.0,758673.0,0.758673,0,0.5145,0.6,929
2014-03-12,0.005903,-0.008023,-0.013926,-0.008023,1769054.0,1769054.0,769054.0,0.769054,1,0.5151,0.65,930
2014-03-13,-0.003692,-0.00396,-0.000268,-0.00396,1762523.0,1762523.0,762523.0,0.762523,0,0.5145,0.6,931
2014-03-14,-0.021677,-0.023103,-0.001427,-0.023103,1724318.0,1724318.0,724318.0,0.724318,0,0.5139,0.55,932
2014-03-17,0.002639,-0.002859,-0.005499,-0.002859,1728868.0,1728868.0,728868.0,0.728868,1,0.5145,0.6,933
2014-03-18,0.011355,0.003347,-0.008007,0.003347,1748499.0,1748499.0,748499.0,0.748499,1,0.515,0.6,934
2014-03-19,-0.007568,-0.011807,-0.004239,-0.011807,1735266.0,1735266.0,735266.0,0.735266,0,0.5144,0.55,935
2014-03-20,0.015549,-0.025653,-0.041201,-0.025653,1762247.0,1762247.0,762247.0,0.762247,1,0.515,0.6,936
2014-03-24,-0.017821,-0.003959,0.013862,-0.003959,1730842.0,1730842.0,730842.0,0.730842,0,0.5144,0.6,937
2014-03-25,0.012946,0.004695,-0.008251,0.004695,1753250.0,1753250.0,753250.0,0.75325,1,0.5149,0.6,938
2014-03-26,0.0027,0.001457,-0.001243,0.001457,1757984.0,1757984.0,757984.0,0.757984,1,0.5154,0.6,939
2014-03-27,0.008693,0.026669,0.017976,0.026669,1773266.0,1773266.0,773266.0,0.773266,1,0.516,0.65,940
2014-03-28,0.00411,0.006454,0.002344,0.006454,1780555.0,1780555.0,780555.0,0.780555,1,0.5165,0.7,941
2014-03-31,0.00133,0.001234,-9.6e-05,0.001234,1782922.0,1782922.0,782922.0,0.782922,1,0.517,0.7,942
2014-04-01,-0.012524,-0.01747,-0.004947,-0.01747,1760594.0,1760594.0,760594.0,0.760594,0,0.5164,0.65,943
2014-04-02,0.021816,0.012589,-0.009228,0.012589,1799004.0,1799004.0,799004.0,0.799004,1,0.5169,0.65,944
2014-04-03,0.003199,0.000397,-0.002802,0.000397,1804758.0,1804758.0,804758.0,0.804758,1,0.5175,0.7,945
2014-04-04,0.013421,0.01185,-0.001571,0.01185,1828979.0,1828979.0,828979.0,0.828979,1,0.518,0.7,946
2014-04-07,-0.000116,-0.000221,-0.000104,-0.000221,1828766.0,1828766.0,828766.0,0.828766,0,0.5174,0.65,947
2014-04-08,-0.006991,-0.014595,-0.007604,-0.014595,1815982.0,1815982.0,815982.0,0.815982,0,0.5169,0.6,948
2014-04-09,-0.000481,-0.006655,-0.006174,-0.006655,1815109.0,1815109.0,815109.0,0.815109,0,0.5163,0.6,949
2014-04-10,-0.008991,-0.020434,-0.011443,-0.020434,1798789.0,1798789.0,798789.0,0.798789,0,0.5158,0.55,950
2014-04-11,0.004084,0.012417,0.008332,0.012417,1806136.0,1806136.0,806136.0,0.806136,1,0.5163,0.6,951
2014-04-14,0.007211,0.010167,0.002957,0.010167,1819160.0,1819160.0,819160.0,0.81916,1,0.5168,0.65,952
2014-04-15,0.008685,-0.000635,-0.00932,-0.000635,1834959.0,1834959.0,834959.0,0.834959,1,0.5173,0.65,953
2014-04-16,-0.002915,0.014812,0.017727,0.014812,1829610.0,1829610.0,829610.0,0.82961,0,0.5168,0.6,954
2014-04-17,-0.000205,-0.001028,-0.000823,-0.001028,1829235.0,1829235.0,829235.0,0.829235,0,0.5162,0.6,955
2014-04-21,0.001333,0.003806,0.002473,0.003806,1831673.0,1831673.0,831673.0,0.831673,1,0.5167,0.6,956
2014-04-22,0.009375,-3.9e-05,-0.009414,-3.9e-05,1848845.0,1848845.0,848845.0,0.848845,1,0.5172,0.65,957
2014-04-23,-0.006907,0.001143,0.00805,0.001143,1836076.0,1836076.0,836076.0,0.836076,0,0.5167,0.6,958
2014-04-24,0.016026,0.004448,-0.011578,0.004448,1865501.0,1865501.0,865501.0,0.865501,1,0.5172,0.6,959
2014-04-25,0.000425,0.001534,0.00111,0.001534,1866294.0,1866294.0,866294.0,0.866294,1,0.5177,0.6,960
2014-04-28,0.00094,0.003298,0.002357,0.003298,1868049.0,1868049.0,868049.0,0.868049,1,0.5182,0.6,961
2014-04-30,-0.001624,-0.011211,-0.009588,-0.011211,1865016.0,1865016.0,865016.0,0.865016,0,0.5177,0.55,962
2014-05-01,-0.005865,0.004429,0.010294,0.004429,1854077.0,1854077.0,854077.0,0.854077,0,0.5171,0.55,963
2014-05-02,0.012269,0.011849,-0.00042,0.011849,1876825.0,1876825.0,876825.0,0.876825,1,0.5176,0.55,964
2014-05-07,-0.018788,-0.027791,-0.009003,-0.027791,1841563.0,1841563.0,841563.0,0.841563,0,0.5171,0.5,965
2014-05-08,-0.002955,0.001038,0.003992,0.001038,1836122.0,1836122.0,836122.0,0.836122,0,0.5166,0.45,966
2014-05-09,0.001402,0.003835,0.002433,0.003835,1838696.0,1838696.0,838696.0,0.838696,1,0.5171,0.5,967
2014-05-12,-0.028455,-0.007621,0.020835,-0.007621,1786375.0,1786375.0,786375.0,0.786375,0,0.5165,0.5,968
2014-05-13,0.011101,-0.002988,-0.014089,-0.002988,1806206.0,1806206.0,806206.0,0.806206,1,0.517,0.55,969
2014-05-14,0.022731,0.027315,0.004584,0.027315,1847263.0,1847263.0,847263.0,0.847263,1,0.5175,0.6,970
2014-05-15,0.022082,0.018855,-0.003228,0.018855,1888054.0,1888054.0,888054.0,0.888054,1,0.518,0.6,971
2014-05-16,0.002512,-0.00404,-0.006551,-0.00404,1892796.0,1892796.0,892796.0,0.892796,1,0.5185,0.6,972
2014-05-19,0.002818,0.003816,0.000998,0.003816,1898130.0,1898130.0,898130.0,0.89813,1,0.519,0.6,973
2014-05-20,0.0175,0.000692,-0.016808,0.000692,1931348.0,1931348.0,931348.0,0.931348,1,0.5195,0.65,974
2014-05-21,0.005558,0.007571,0.002013,0.007571,1942083.0,1942083.0,942083.0,0.942083,1,0.52,0.7,975
2014-05-22,-0.001496,0.004464,0.00596,0.004464,1939178.0,1939178.0,939178.0,0.939178,0,0.5195,0.65,976
2014-05-23,-0.00838,0.004842,0.013222,0.004842,1922927.0,1922927.0,922927.0,0.922927,0,0.5189,0.6,977
2014-05-27,-0.001347,-0.000612,0.000735,-0.000612,1920337.0,1920337.0,920337.0,0.920337,0,0.5184,0.6,978
2014-05-28,0.021258,0.015892,-0.005366,0.015892,1961160.0,1961160.0,961160.0,0.96116,1,0.5189,0.6,979
2014-05-29,-0.011284,0.002027,0.013311,0.002027,1939031.0,1939031.0,939031.0,0.939031,0,0.5184,0.55,980
2014-05-30,0.022171,0.023628,0.001457,0.023628,1982022.0,1982022.0,982022.0,0.982022,1,0.5189,0.55,981
2014-06-02,0.007854,0.009811,0.001956,0.009811,1997589.0,1997589.0,997589.0,0.997589,1,0.5193,0.6,982
2014-06-03,-0.000536,0.004288,0.004825,0.004288,1996518.0,1996518.0,996518.0,0.996518,0,0.5188,0.6,983
2014-06-04,0.005769,0.003584,-0.002185,0.003584,2008035.0,2008035.0,1008035.0,1.008035,1,0.5193,0.6,984
2014-06-05,-0.012219,-0.015454,-0.003235,-0.015454,1983499.0,1983499.0,983499.0,0.983499,0,0.5188,0.6,985
2014-06-06,-0.008631,-0.008502,0.000129,-0.008502,1966379.0,1966379.0,966379.0,0.966379,0,0.5183,0.6,986
2014-06-09,0.002254,-0.003555,-0.005809,-0.003555,1970811.0,1970811.0,970811.0,0.970811,1,0.5187,0.6,987
2014-06-10,0.002023,-0.004672,-0.006695,-0.004672,1974798.0,1974798.0,974798.0,0.974798,1,0.5192,0.65,988
2014-06-11,-0.002186,0.003198,0.005384,0.003198,1970481.0,1970481.0,970481.0,0.970481,0,0.5187,0.6,989
2014-06-12,-0.012541,0.011469,0.02401,0.011469,1945769.0,1945769.0,945769.0,0.945769,0,0.5182,0.55,990
2014-06-13,0.00442,0.011979,0.007559,0.011979,1954369.0,1954369.0,954369.0,0.954369,1,0.5187,0.55,991
2014-06-16,0.011718,0.001531,-0.010188,0.001531,1977271.0,1977271.0,977271.0,0.977271,1,0.5192,0.55,992
2014-06-17,0.013255,0.004995,-0.008261,0.004995,2003480.0,2003480.0,1003480.0,1.00348,1,0.5196,0.55,993
2014-06-18,0.000274,0.00106,0.000786,0.00106,2004030.0,2004030.0,1004030.0,1.00403,1,0.5201,0.55,994
2014-06-19,0.001955,0.005041,0.003086,0.005041,2007947.0,2007947.0,1007947.0,1.007947,1,0.5206,0.55,995
2014-06-20,0.001322,-0.010913,-0.012236,-0.010913,2010602.0,2010602.0,1010602.0,1.010602,1,0.5211,0.6,996
2014-06-23,0.010551,0.006619,-0.003932,0.006619,2031817.0,2031817.0,1031817.0,1.031817,1,0.5216,0.65,997
2014-06-24,0.0045,0.006096,0.001596,0.006096,2040960.0,2040960.0,1040960.0,1.04096,1,0.522,0.7,998
2014-06-25,-0.009596,-0.009671,-7.5e-05,-0.009671,2021375.0,2021375.0,1021375.0,1.021375,0,0.5215,0.65,999
2014-06-26,0.001184,-0.003307,-0.004491,-0.003307,2023768.0,2023768.0,1023768.0,1.023768,1,0.522,0.7,1000
2014-06-27,0.002927,-0.000723,-0.00365,-0.000723,2029692.0,2029692.0,1029692.0,1.029692,1,0.5225,0.7,1001
2014-06-30,-0.003451,0.002971,0.006421,0.002971,2022688.0,2022688.0,1022688.0,1.022688,0,0.522,0.65,1002
2014-07-01,0.006311,0.009399,0.003088,0.009399,2035452.0,2035452.0,1035452.0,1.035452,1,0.5224,0.7,1003
2014-07-02,-0.011863,-0.010464,0.001399,-0.010464,2011306.0,2011306.0,1011306.0,1.011306,0,0.5219,0.65,1004
2014-07-03,0.004653,-0.011301,-0.015954,-0.011301,2020666.0,2020666.0,1020666.0,1.020666,1,0.5224,0.7,1005
2014-07-07,-0.002041,-0.001973,6.8e-05,-0.001973,2016541.0,2016541.0,1016541.0,1.016541,0,0.5219,0.7,1006
2014-07-08,0.00249,-0.003726,-0.006216,-0.003726,2021563.0,2021563.0,1021563.0,1.021563,1,0.5223,0.7,1007
2014-07-09,-0.000727,0.002647,0.003374,0.002647,2020094.0,2020094.0,1020094.0,1.020094,0,0.5218,0.65,1008
2014-07-10,0.00177,-0.005943,-0.007713,-0.005943,2023670.0,2023670.0,1023670.0,1.02367,1,0.5223,0.7,1009
2014-07-11,0.002487,0.00746,0.004974,0.00746,2028702.0,2028702.0,1028702.0,1.028702,1,0.5228,0.75,1010
2014-07-14,0.002799,0.011991,0.009192,0.011991,2034381.0,2034381.0,1034381.0,1.034381,1,0.5232,0.75,1011
2014-07-15,-0.003639,-0.003081,0.000558,-0.003081,2026979.0,2026979.0,1026979.0,1.026979,0,0.5227,0.7,1012
2014-07-16,0.00095,-0.004696,-0.005646,-0.004696,2028904.0,2028904.0,1028904.0,1.028904,1,0.5232,0.7,1013
2014-07-17,-0.00197,-0.003744,-0.001773,-0.003744,2024906.0,2024906.0,1024906.0,1.024906,0,0.5227,0.65,1014
2014-07-18,-0.004966,-0.002841,0.002124,-0.002841,2014852.0,2014852.0,1014852.0,1.014852,0,0.5222,0.6,1015
2014-07-22,0.002116,-0.001308,-0.003423,-0.001308,2019114.0,2019114.0,1019114.0,1.019114,1,0.5226,0.6,1016
2014-07-23,-0.002035,-0.002877,-0.000842,-0.002877,2015006.0,2015006.0,1015006.0,1.015006,0,0.5221,0.55,1017
2014-07-24,0.004901,0.002716,-0.002185,0.002716,2024882.0,2024882.0,1024882.0,1.024882,1,0.5226,0.55,1018
2014-07-25,0.00341,0.010592,0.007182,0.010592,2031786.0,2031786.0,1031786.0,1.031786,1,0.5231,0.6,1019
2014-07-28,-0.00364,0.004802,0.008442,0.004802,2024391.0,2024391.0,1024391.0,1.024391,0,0.5225,0.55,1020
2014-07-29,0.003735,0.003459,-0.000276,0.003459,2031952.0,2031952.0,1031952.0,1.031952,1,0.523,0.55,1021
2014-07-30,0.009234,0.008805,-0.000429,0.008805,2050715.0,2050715.0,1050715.0,1.050715,1,0.5235,0.6,1022
2014-07-31,-0.000846,-0.006101,-0.005256,-0.006101,2048981.0,2048981.0,1048981.0,1.048981,0,0.523,0.55,1023
2014-08-01,0.001726,0.00417,0.002444,0.00417,2052517.0,2052517.0,1052517.0,1.052517,1,0.5234,0.6,1024
2014-08-04,0.006879,0.008653,0.001774,0.008653,2066636.0,2066636.0,1066636.0,1.066636,1,0.5239,0.6,1025
2014-08-05,-0.01272,-0.012682,3.8e-05,-0.012682,2040348.0,2040348.0,1040348.0,1.040348,0,0.5234,0.6,1026
2014-08-06,0.014779,0.006471,-0.008309,0.006471,2070503.0,2070503.0,1070503.0,1.070503,1,0.5239,0.6,1027
2014-08-07,0.003592,0.003913,0.000321,0.003913,2077940.0,2077940.0,1077940.0,1.07794,1,0.5243,0.65,1028
2014-08-08,0.021835,0.005261,-0.016574,0.005261,2123311.0,2123311.0,1123311.0,1.123311,1,0.5248,0.65,1029
2014-08-11,0.017275,0.01487,-0.002405,0.01487,2159990.0,2159990.0,1159990.0,1.15999,1,0.5252,0.65,1030
2014-08-12,0.008445,0.01202,0.003575,0.01202,2178231.0,2178231.0,1178231.0,1.178231,1,0.5257,0.65,1031
2014-08-13,-0.009141,0.006085,0.015225,0.006085,2158321.0,2158321.0,1158321.0,1.158321,0,0.5252,0.65,1032
2014-08-14,0.006098,0.00535,-0.000748,0.00535,2171483.0,2171483.0,1171483.0,1.171483,1,0.5257,0.65,1033
2014-08-15,-0.007275,-0.011325,-0.00405,-0.011325,2155686.0,2155686.0,1155686.0,1.155686,0,0.5251,0.65,1034
2014-08-18,0.013908,0.011486,-0.002422,0.011486,2185667.0,2185667.0,1185667.0,1.185667,1,0.5256,0.7,1035
2014-08-19,0.005994,0.003228,-0.002766,0.003228,2198767.0,2198767.0,1198767.0,1.198767,1,0.5261,0.7,1036
2014-08-20,0.004739,-0.003408,-0.008146,-0.003408,2209187.0,2209187.0,1209187.0,1.209187,1,0.5265,0.75,1037
2014-08-21,0.001425,0.007396,0.005972,0.007396,2212335.0,2212335.0,1212335.0,1.212335,1,0.527,0.75,1038
2014-08-22,-0.02764,-0.009927,0.017713,-0.009927,2151185.0,2151185.0,1151185.0,1.151185,0,0.5265,0.7,1039
2014-08-25,0.014255,0.011634,-0.002621,0.011634,2181851.0,2181851.0,1181851.0,1.181851,1,0.5269,0.75,1040
2014-08-26,0.003493,-0.004037,-0.00753,-0.004037,2189472.0,2189472.0,1189472.0,1.189472,1,0.5274,0.75,1041
2014-08-27,-0.005661,0.001303,0.006963,0.001303,2177078.0,2177078.0,1177078.0,1.177078,0,0.5269,0.7,1042
2014-08-28,-0.005523,-0.005705,-0.000182,-0.005705,2165054.0,2165054.0,1165054.0,1.165054,0,0.5264,0.7,1043
2014-08-29,-0.010754,-0.013264,-0.00251,-0.013264,2141771.0,2141771.0,1141771.0,1.141771,0,0.5259,0.65,1044
2014-09-02,-0.005335,0.004102,0.009437,0.004102,2130344.0,2130344.0,1130344.0,1.130344,0,0.5254,0.6,1045
2014-09-03,-0.000323,-0.003071,-0.002748,-0.003071,2129656.0,2129656.0,1129656.0,1.129656,0,0.5249,0.6,1046
2014-09-04,-0.006805,0.003139,0.009944,0.003139,2115164.0,2115164.0,1115164.0,1.115164,0,0.5244,0.55,1047
2014-09-05,-0.007708,-0.01784,-0.010133,-0.01784,2098860.0,2098860.0,1098860.0,1.09886,0,0.5239,0.5,1048
2014-09-08,0.010119,0.006194,-0.003925,0.006194,2120099.0,2120099.0,1120099.0,1.120099,1,0.5243,0.5,1049
2014-09-09,-0.005981,-0.0145,-0.008518,-0.0145,2107418.0,2107418.0,1107418.0,1.107418,0,0.5238,0.45,1050
2014-09-10,-0.007715,0.015041,0.022756,0.015041,2091159.0,2091159.0,1091159.0,1.091159,0,0.5233,0.4,1051
2014-09-11,-0.004975,-0.003472,0.001503,-0.003472,2080755.0,2080755.0,1080755.0,1.080755,0,0.5228,0.4,1052
2014-09-12,0.006368,0.002086,-0.004282,0.002086,2094005.0,2094005.0,1094005.0,1.094005,1,0.5233,0.4,1053
2014-09-16,-0.006778,-0.005962,0.000815,-0.005962,2079812.0,2079812.0,1079812.0,1.079812,0,0.5228,0.4,1054
2014-09-17,0.020176,0.007811,-0.012365,0.007811,2121776.0,2121776.0,1121776.0,1.121776,1,0.5232,0.4,1055
2014-09-18,0.000744,-0.005162,-0.005906,-0.005162,2123354.0,2123354.0,1123354.0,1.123354,1,0.5237,0.4,1056
2014-09-19,-0.003757,0.003397,0.007154,0.003397,2115378.0,2115378.0,1115378.0,1.115378,0,0.5232,0.35,1057
2014-09-22,-0.002995,-0.002731,0.000264,-0.002731,2109042.0,2109042.0,1109042.0,1.109042,0,0.5227,0.3,1058
2014-09-24,-0.004194,0.007814,0.012008,0.007814,2100197.0,2100197.0,1100197.0,1.100197,0,0.5222,0.3,1059
2014-09-25,-0.00729,-0.001276,0.006014,-0.001276,2084887.0,2084887.0,1084887.0,1.084887,0,0.5217,0.25,1060
2014-09-26,0.001335,0.004118,0.002783,0.004118,2087670.0,2087670.0,1087670.0,1.08767,1,0.5221,0.25,1061
2014-09-29,-0.014737,-0.004056,0.010681,-0.004056,2056904.0,2056904.0,1056904.0,1.056904,0,0.5217,0.25,1062
2014-09-30,0.00513,-0.000106,-0.005237,-0.000106,2067456.0,2067456.0,1067456.0,1.067456,1,0.5221,0.3,1063
2014-10-01,0.005595,0.002521,-0.003074,0.002521,2079025.0,2079025.0,1079025.0,1.079025,1,0.5226,0.35,1064
2014-10-02,0.008691,-0.005891,-0.014582,-0.005891,2097092.0,2097092.0,1097092.0,1.097092,1,0.523,0.4,1065
2014-10-03,-0.004153,0.002348,0.006501,0.002348,2088383.0,2088383.0,1088383.0,1.088383,0,0.5225,0.4,1066
2014-10-06,0.023581,0.014437,-0.009144,0.014437,2137629.0,2137629.0,1137629.0,1.137629,1,0.523,0.45,1067
2014-10-07,-0.010475,-0.009503,0.000972,-0.009503,2115238.0,2115238.0,1115238.0,1.115238,0,0.5225,0.45,1068
2014-10-08,0.016172,0.023685,0.007513,0.023685,2149445.0,2149445.0,1149445.0,1.149445,1,0.5229,0.45,1069
2014-10-09,0.046698,0.037542,-0.009155,0.037542,2249819.0,2249819.0,1249819.0,1.249819,1,0.5234,0.5,1070
2014-10-10,0.008027,0.013229,0.005202,0.013229,2267879.0,2267879.0,1267879.0,1.267879,1,0.5238,0.55,1071
2014-10-14,-0.002404,-0.004998,-0.002594,-0.004998,2262426.0,2262426.0,1262426.0,1.262426,0,0.5233,0.55,1072
2014-10-15,0.023885,0.031107,0.007222,0.031107,2316464.0,2316464.0,1316464.0,1.316464,1,0.5238,0.55,1073
2014-10-16,0.008221,-0.001644,-0.009865,-0.001644,2335507.0,2335507.0,1335507.0,1.335507,1,0.5242,0.6,1074
2014-10-17,0.020597,-0.009733,-0.03033,-0.009733,2383612.0,2383612.0,1383612.0,1.383612,1,0.5247,0.6,1075
2014-10-20,0.000616,0.005206,0.004591,0.005206,2385080.0,2385080.0,1385080.0,1.38508,1,0.5251,0.6,1076
2014-10-21,0.015557,-0.006264,-0.021821,-0.006264,2422186.0,2422186.0,1422186.0,1.422186,1,0.5255,0.65,1077
2014-10-22,-0.027865,0.002256,0.030122,0.002256,2354691.0,2354691.0,1354691.0,1.354691,0,0.525,0.65,1078
2014-10-23,-0.016041,-0.017594,-0.001553,-0.017594,2316919.0,2316919.0,1316919.0,1.316919,0,0.5246,0.65,1079
2014-10-24,-0.006372,-0.008766,-0.002394,-0.008766,2302156.0,2302156.0,1302156.0,1.302156,0,0.5241,0.65,1080
2014-10-27,0.016447,0.026368,0.009921,0.026368,2340019.0,2340019.0,1340019.0,1.340019,1,0.5245,0.65,1081
2014-10-28,0.003561,-0.003739,-0.0073,-0.003739,2348352.0,2348352.0,1348352.0,1.348352,1,0.525,0.7,1082
2014-10-29,0.031197,0.017333,-0.013864,0.017333,2421614.0,2421614.0,1421614.0,1.421614,1,0.5254,0.7,1083
2014-10-30,0.007019,0.009869,0.00285,0.009869,2438611.0,2438611.0,1438611.0,1.438611,1,0.5258,0.7,1084
2014-10-31,0.008089,0.02421,0.016121,0.02421,2458336.0,2458336.0,1458336.0,1.458336,1,0.5263,0.7,1085
2014-11-04,-0.031443,-0.030298,0.001145,-0.030298,2381039.0,2381039.0,1381039.0,1.381039,0,0.5258,0.7,1086
2014-11-05,0.041385,0.042801,0.001416,0.042801,2479578.0,2479578.0,1479578.0,1.479578,1,0.5262,0.7,1087
2014-11-06,-0.027025,-0.025824,0.001201,-0.025824,2412566.0,2412566.0,1412566.0,1.412566,0,0.5257,0.7,1088
2014-11-07,0.00468,0.006706,0.002026,0.006706,2423857.0,2423857.0,1423857.0,1.423857,1,0.5262,0.7,1089
2014-11-10,-0.008261,0.012983,0.021243,0.012983,2403835.0,2403835.0,1403835.0,1.403835,0,0.5257,0.65,1090
2014-11-11,0.003686,0.001292,-0.002394,0.001292,2412695.0,2412695.0,1412695.0,1.412695,1,0.5261,0.65,1091
2014-11-12,-0.012008,-0.01026,0.001748,-0.01026,2383723.0,2383723.0,1383723.0,1.383723,0,0.5256,0.65,1092
2014-11-13,0.015404,0.012643,-0.002761,0.012643,2420443.0,2420443.0,1420443.0,1.420443,1,0.5261,0.65,1093
2014-11-14,-0.015386,-0.016157,-0.00077,-0.016157,2383201.0,2383201.0,1383201.0,1.383201,0,0.5256,0.6,1094
2014-11-17,-0.010128,-0.018821,-0.008693,-0.018821,2359064.0,2359064.0,1359064.0,1.359064,0,0.5251,0.55,1095
2014-11-18,0.000295,0.000575,0.00028,0.000575,2359760.0,2359760.0,1359760.0,1.35976,1,0.5255,0.55,1096
2014-11-19,0.025108,0.020552,-0.004555,0.020552,2419007.0,2419007.0,1419007.0,1.419007,1,0.526,0.55,1097
2014-11-20,-0.007457,-0.000494,0.006963,-0.000494,2400969.0,2400969.0,1400969.0,1.400969,0,0.5255,0.55,1098
2014-11-21,0.023402,0.009311,-0.014091,0.009311,2457157.0,2457157.0,1457157.0,1.457157,1,0.5259,0.6,1099
2014-11-25,0.008667,-0.004008,-0.012676,-0.004008,2478454.0,2478454.0,1478454.0,1.478454,1,0.5264,0.65,1100
2014-11-26,0.019476,0.022167,0.002691,0.022167,2526724.0,2526724.0,1526724.0,1.526724,1,0.5268,0.65,1101
2014-11-28,0.016003,0.013028,-0.002974,0.013028,2567158.0,2567158.0,1567158.0,1.567158,1,0.5272,0.65,1102
2014-12-01,0.027087,0.017008,-0.010079,0.017008,2636694.0,2636694.0,1636694.0,1.636694,1,0.5277,0.65,1103
2014-12-02,0.005558,0.011602,0.006044,0.011602,2651350.0,2651350.0,1651350.0,1.65135,1,0.5281,0.65,1104
2014-12-03,0.00632,-0.004432,-0.010751,-0.004432,2668106.0,2668106.0,1668106.0,1.668106,1,0.5285,0.65,1105
2014-12-04,0.003359,0.003495,0.000135,0.003495,2677069.0,2677069.0,1677069.0,1.677069,1,0.5289,0.7,1106
2014-12-05,-0.001416,-0.003538,-0.002122,-0.003538,2673278.0,2673278.0,1673278.0,1.673278,0,0.5285,0.65,1107
2014-12-08,0.004665,0.003831,-0.000834,0.003831,2685747.0,2685747.0,1685747.0,1.685747,1,0.5289,0.7,1108
2014-12-09,0.006384,0.011893,0.005508,0.011893,2702895.0,2702895.0,1702895.0,1.702895,1,0.5293,0.7,1109
2014-12-10,-0.018946,-0.010356,0.00859,-0.010356,2651685.0,2651685.0,1651685.0,1.651685,0,0.5288,0.7,1110
2014-12-11,-0.0066,0.000344,0.006944,0.000344,2634183.0,2634183.0,1634183.0,1.634183,0,0.5284,0.65,1111
2014-12-12,0.009002,0.011285,0.002283,0.011285,2657897.0,2657897.0,1657897.0,1.657897,1,0.5288,0.7,1112
2014-12-15,0.013227,-0.003121,-0.016348,-0.003121,2693053.0,2693053.0,1693053.0,1.693053,1,0.5292,0.7,1113
2014-12-16,0.021982,-0.007358,-0.02934,-0.007358,2752251.0,2752251.0,1752251.0,1.752251,1,0.5296,0.75,1114
2014-12-17,-0.008487,0.006123,0.01461,0.006123,2728892.0,2728892.0,1728892.0,1.728892,0,0.5291,0.75,1115
2014-12-18,-0.007604,-0.008332,-0.000728,-0.008332,2708141.0,2708141.0,1708141.0,1.708141,0,0.5287,0.7,1116
2014-12-19,-0.003787,-0.003985,-0.000198,-0.003985,2697885.0,2697885.0,1697885.0,1.697885,0,0.5282,0.65,1117
2014-12-22,0.005697,0.003538,-0.002159,0.003538,2713255.0,2713255.0,1713255.0,1.713255,1,0.5286,0.7,1118
2014-12-24,-0.00268,-0.004632,-0.001951,-0.004632,2705983.0,2705983.0,1705983.0,1.705983,0,0.5282,0.65,1119
2014-12-26,0.009547,0.011171,0.001624,0.011171,2731817.0,2731817.0,1731817.0,1.731817,1,0.5286,0.65,1120
2014-12-29,0.024095,0.01974,-0.004355,0.01974,2797639.0,2797639.0,1797639.0,1.797639,1,0.529,0.65,1121
2014-12-30,0.009104,-0.007995,-0.0171,-0.007995,2823110.0,2823110.0,1823110.0,1.82311,1,0.5294,0.65,1122
2015-01-05,-0.001853,0.001541,0.003394,0.001541,2817878.0,2817878.0,1817878.0,1.817878,0,0.5289,0.6,1123
2015-01-06,0.006064,-0.008992,-0.015056,-0.008992,2834966.0,2834966.0,1834966.0,1.834966,1,0.5294,0.6,1124
2015-01-07,0.017191,0.014656,-0.002535,0.014656,2883703.0,2883703.0,1883703.0,1.883703,1,0.5298,0.6,1125
2015-01-08,0.001618,-0.004066,-0.005684,-0.004066,2888368.0,2888368.0,1888368.0,1.888368,1,0.5302,0.6,1126
2015-01-09,-0.011414,-0.014244,-0.00283,-0.014244,2855401.0,2855401.0,1855401.0,1.855401,0,0.5297,0.6,1127
2015-01-13,-0.002239,-0.001268,0.000971,-0.001268,2849006.0,2849006.0,1849006.0,1.849006,0,0.5293,0.55,1128
2015-01-14,0.017092,-0.003501,-0.020593,-0.003501,2897701.0,2897701.0,1897701.0,1.897701,1,0.5297,0.55,1129
2015-01-15,0.001646,0.016569,0.014923,0.016569,2902471.0,2902471.0,1902471.0,1.902471,1,0.5301,0.6,1130
2015-01-16,0.007326,0.014329,0.007004,0.014329,2923733.0,2923733.0,1923733.0,1.923733,1,0.5305,0.65,1131
2015-01-20,0.007272,0.016342,0.009069,0.016342,2944996.0,2944996.0,1944996.0,1.944996,1,0.5309,0.65,1132
2015-01-21,0.002243,-0.007591,-0.009835,-0.007591,2951603.0,2951603.0,1951603.0,1.951603,1,0.5313,0.65,1133
2015-01-22,0.016084,-0.003284,-0.019368,-0.003284,2999077.0,2999077.0,1999077.0,1.999077,1,0.5317,0.65,1134
2015-01-23,0.021925,0.004824,-0.017101,0.004824,3064830.0,3064830.0,2064830.0,2.06483,1,0.5322,0.7,1135
2015-01-26,0.000912,0.00514,0.004228,0.00514,3067624.0,3067624.0,2067624.0,2.067624,1,0.5326,0.75,1136
2015-01-27,0.002147,0.009566,0.007419,0.009566,3074211.0,3074211.0,2074211.0,2.074211,1,0.533,0.8,1137
2015-01-28,-0.007382,0.003503,0.010885,0.003503,3051516.0,3051516.0,2051516.0,2.051516,0,0.5325,0.75,1138
2015-01-29,-0.015832,-0.02345,-0.007618,-0.02345,3003204.0,3003204.0,2003204.0,2.003204,0,0.532,0.75,1139
2015-01-30,-0.021869,-0.026506,-0.004636,-0.026506,2937527.0,2937527.0,1937527.0,1.937527,0,0.5316,0.7,1140
2015-02-02,0.007381,0.008462,0.001081,0.008462,2959208.0,2959208.0,1959208.0,1.959208,1,0.532,0.7,1141
2015-02-03,0.042344,0.011377,-0.030967,0.011377,3084513.0,3084513.0,2084513.0,2.084513,1,0.5324,0.7,1142
2015-02-04,-0.0215,-0.013468,0.008032,-0.013468,3018194.0,3018194.0,2018194.0,2.018194,0,0.5319,0.7,1143
2015-02-05,0.011385,-0.010921,-0.022306,-0.010921,3052558.0,3052558.0,2052558.0,2.052558,1,0.5323,0.7,1144
2015-02-06,0.007524,0.0078,0.000276,0.0078,3075525.0,3075525.0,2075525.0,2.075525,1,0.5328,0.7,1145
2015-02-09,-0.045107,-0.00681,0.038298,-0.00681,2936797.0,2936797.0,1936797.0,1.936797,0,0.5323,0.65,1146
2015-02-10,-0.009712,0.008248,0.01796,0.008248,2908275.0,2908275.0,1908275.0,1.908275,0,0.5318,0.65,1147
2015-02-12,-0.008305,-0.004557,0.003748,-0.004557,2884122.0,2884122.0,1884122.0,1.884122,0,0.5314,0.65,1148
2015-02-13,0.025464,0.004777,-0.020687,0.004777,2957562.0,2957562.0,1957562.0,1.957562,1,0.5318,0.65,1149
2015-02-17,0.001238,-0.00102,-0.002258,-0.00102,2961223.0,2961223.0,1961223.0,1.961223,1,0.5322,0.65,1150
2015-02-18,-0.010923,0.001984,0.012907,0.001984,2928877.0,2928877.0,1928877.0,1.928877,0,0.5317,0.6,1151
2015-02-19,-0.009383,-0.005375,0.004008,-0.005375,2901395.0,2901395.0,1901395.0,1.901395,0,0.5312,0.55,1152
2015-02-20,0.009229,-0.000148,-0.009377,-0.000148,2928172.0,2928172.0,1928172.0,1.928172,1,0.5317,0.55,1153
2015-02-23,-0.00492,-0.009998,-0.005078,-0.009998,2913765.0,2913765.0,1913765.0,1.913765,0,0.5312,0.5,1154
2015-02-24,-0.005344,0.001468,0.006812,0.001468,2898194.0,2898194.0,1898194.0,1.898194,0,0.5307,0.45,1155
2015-02-25,-0.000324,0.004936,0.00526,0.004936,2897256.0,2897256.0,1897256.0,1.897256,0,0.5303,0.4,1156
2015-02-26,-0.004471,0.008606,0.013077,0.008606,2884303.0,2884303.0,1884303.0,1.884303,0,0.5298,0.35,1157
2015-02-27,0.007869,0.003576,-0.004293,0.003576,2907000.0,2907000.0,1907000.0,1.907,1,0.5302,0.4,1158
2015-03-02,0.001527,0.008176,0.006649,0.008176,2911438.0,2911438.0,1911438.0,1.911438,1,0.5306,0.45,1159
2015-03-03,-0.008402,-0.002776,0.005627,-0.002776,2886975.0,2886975.0,1886975.0,1.886975,0,0.5302,0.45,1160
2015-03-04,-0.015859,-0.011555,0.004304,-0.011555,2841190.0,2841190.0,1841190.0,1.84119,0,0.5297,0.4,1161
2015-03-05,-0.0204,-0.002241,0.018159,-0.002241,2783229.0,2783229.0,1783229.0,1.783229,0,0.5293,0.35,1162
2015-03-06,0.015984,0.023425,0.007441,0.023425,2827717.0,2827717.0,1827717.0,1.827717,1,0.5297,0.4,1163
2015-03-09,0.009769,-0.00021,-0.009978,-0.00021,2855340.0,2855340.0,1855340.0,1.85534,1,0.5301,0.4,1164
2015-03-10,0.004198,-0.002642,-0.00684,-0.002642,2867326.0,2867326.0,1867326.0,1.867326,1,0.5305,0.4,1165
2015-03-11,0.020837,0.011631,-0.009207,0.011631,2927073.0,2927073.0,1927073.0,1.927073,1,0.5309,0.45,1166
2015-03-12,0.007992,0.006424,-0.001568,0.006424,2950466.0,2950466.0,1950466.0,1.950466,1,0.5313,0.5,1167
2015-03-13,-0.009473,-0.008368,0.001105,-0.008368,2922516.0,2922516.0,1922516.0,1.922516,0,0.5308,0.5,1168
2015-03-16,0.018094,0.009899,-0.008194,0.009899,2975395.0,2975395.0,1975395.0,1.975395,1,0.5312,0.5,1169
2015-03-17,-0.001742,-0.008258,-0.006517,-0.008258,2970212.0,2970212.0,1970212.0,1.970212,0,0.5308,0.45,1170
2015-03-18,0.003547,0.007483,0.003936,0.007483,2980747.0,2980747.0,1980747.0,1.980747,1,0.5312,0.5,1171
2015-03-19,0.00428,0.000783,-0.003497,0.000783,2993504.0,2993504.0,1993504.0,1.993504,1,0.5316,0.55,1172
2015-03-20,0.010748,0.005277,-0.005471,0.005277,3025679.0,3025679.0,2025679.0,2.025679,1,0.532,0.55,1173
2015-03-23,-0.009501,0.001074,0.010575,0.001074,2996933.0,2996933.0,1996933.0,1.996933,0,0.5315,0.55,1174
2015-03-24,0.005318,0.009233,0.003915,0.009233,3012870.0,3012870.0,2012870.0,2.01287,1,0.5319,0.6,1175
2015-03-25,-0.008297,0.009533,0.01783,0.009533,2987872.0,2987872.0,1987872.0,1.987872,0,0.5315,0.6,1176
2015-03-26,0.005142,-0.011711,-0.016853,-0.011711,3003237.0,3003237.0,2003237.0,2.003237,1,0.5319,0.65,1177
2015-03-27,-0.015578,-0.009439,0.00614,-0.009439,2956452.0,2956452.0,1956452.0,1.956452,0,0.5314,0.6,1178
2015-03-30,-0.004235,-0.010429,-0.006194,-0.010429,2943932.0,2943932.0,1943932.0,1.943932,0,0.531,0.55,1179
2015-03-31,0.010014,-0.003464,-0.013478,-0.003464,2973412.0,2973412.0,1973412.0,1.973412,1,0.5314,0.6,1180
2015-04-01,0.008379,-0.003933,-0.012312,-0.003933,2998327.0,2998327.0,1998327.0,1.998327,1,0.5318,0.65,1181
2015-04-02,0.009257,0.010615,0.001358,0.010615,3026083.0,3026083.0,2026083.0,2.026083,1,0.5321,0.7,1182
2015-04-06,0.019007,0.024393,0.005386,0.024393,3083600.0,3083600.0,2083600.0,2.0836,1,0.5325,0.7,1183
2015-04-07,-0.026616,-0.011158,0.015459,-0.011158,3001525.0,3001525.0,2001525.0,2.001525,0,0.5321,0.65,1184
2015-04-08,-0.013338,-0.002652,0.010686,-0.002652,2961491.0,2961491.0,1961491.0,1.961491,0,0.5316,0.6,1185
2015-04-09,0.004209,-0.001683,-0.005892,-0.001683,2973955.0,2973955.0,1973955.0,1.973955,1,0.532,0.6,1186
2015-04-10,0.016701,-0.003511,-0.020212,-0.003511,3023624.0,3023624.0,2023624.0,2.023624,1,0.5324,0.6,1187
2015-04-13,0.011934,0.012334,0.0004,0.012334,3059707.0,3059707.0,2059707.0,2.059707,1,0.5328,0.65,1188
2015-04-14,0.005776,0.003319,-0.002457,0.003319,3077380.0,3077380.0,2077380.0,2.07738,1,0.5332,0.65,1189
2015-04-15,0.005221,0.002873,-0.002348,0.002873,3093448.0,3093448.0,2093448.0,2.093448,1,0.5336,0.7,1190
2015-04-16,0.021057,0.031915,0.010858,0.031915,3158588.0,3158588.0,2158588.0,2.158588,1,0.534,0.7,1191
2015-04-17,0.024893,0.009102,-0.015791,0.009102,3237214.0,3237214.0,2237214.0,2.237214,1,0.5344,0.7,1192
2015-04-20,-0.014473,-0.001025,0.013448,-0.001025,3190362.0,3190362.0,2190362.0,2.190362,0,0.5339,0.65,1193
2015-04-21,-0.008314,0.002902,0.011216,0.002902,3163837.0,3163837.0,2163837.0,2.163837,0,0.5335,0.65,1194
2015-04-22,-0.011395,-0.002602,0.008793,-0.002602,3127786.0,3127786.0,2127786.0,2.127786,0,0.5331,0.6,1195
2015-04-23,-0.014411,-0.010005,0.004406,-0.010005,3082712.0,3082712.0,2082712.0,2.082712,0,0.5326,0.6,1196
2015-04-24,-0.006693,-0.005567,0.001126,-0.005567,3062079.0,3062079.0,2062079.0,2.062079,0,0.5322,0.55,1197
2015-04-27,0.001479,0.009391,0.007912,0.009391,3066607.0,3066607.0,2066607.0,2.066607,1,0.5326,0.6,1198
2015-04-28,0.015519,0.012165,-0.003354,0.012165,3114198.0,3114198.0,2114198.0,2.114198,1,0.5329,0.65,1199
2015-04-30,-0.015637,-0.015217,0.00042,-0.015217,3065500.0,3065500.0,2065500.0,2.0655,0,0.5325,0.6,1200
2015-05-01,0.011251,0.003668,-0.007582,0.003668,3099989.0,3099989.0,2099989.0,2.099989,1,0.5329,0.6,1201
2015-05-07,-0.003698,-0.002128,0.00157,-0.002128,3088525.0,3088525.0,2088525.0,2.088525,0,0.5324,0.55,1202
2015-05-08,0.007825,0.009228,0.001403,0.009228,3112693.0,3112693.0,2112693.0,2.112693,1,0.5328,0.55,1203
2015-05-11,-0.022237,-0.013705,0.008532,-0.013705,3043476.0,3043476.0,2043476.0,2.043476,0,0.5324,0.55,1204
2015-05-12,-0.01312,-0.001669,0.011451,-0.001669,3003545.0,3003545.0,2003545.0,2.003545,0,0.532,0.55,1205
2015-05-13,-0.010167,0.012771,0.022938,0.012771,2973009.0,2973009.0,1973009.0,1.973009,0,0.5315,0.5,1206
2015-05-14,0.021191,0.001947,-0.019244,0.001947,3036009.0,3036009.0,2036009.0,2.036009,1,0.5319,0.5,1207
2015-05-15,0.003848,-0.004079,-0.007927,-0.004079,3047691.0,3047691.0,2047691.0,2.047691,1,0.5323,0.5,1208
2015-05-18,0.005938,0.021685,0.015747,0.021685,3065788.0,3065788.0,2065788.0,2.065788,1,0.5327,0.5,1209
2015-05-19,0.013412,0.013055,-0.000357,0.013055,3106907.0,3106907.0,2106907.0,2.106907,1,0.5331,0.5,1210
2015-05-20,0.009785,0.001708,-0.008077,0.001708,3137306.0,3137306.0,2137306.0,2.137306,1,0.5334,0.5,1211
2015-05-21,-0.001578,0.003257,0.004836,0.003257,3132355.0,3132355.0,2132355.0,2.132355,0,0.533,0.45,1212
2015-05-22,0.012179,0.003324,-0.008855,0.003324,3170502.0,3170502.0,2170502.0,2.170502,1,0.5334,0.5,1213
2015-05-26,-0.011508,0.004767,0.016276,0.004767,3134015.0,3134015.0,2134015.0,2.134015,0,0.5329,0.5,1214
2015-05-27,-0.017252,0.001767,0.019018,0.001767,3079949.0,3079949.0,2079949.0,2.079949,0,0.5325,0.5,1215
2015-05-28,0.009979,0.008167,-0.001812,0.008167,3110684.0,3110684.0,2110684.0,2.110684,1,0.5329,0.55,1216
2015-05-29,0.003884,-0.002362,-0.006247,-0.002362,3122766.0,3122766.0,2122766.0,2.122766,1,0.5333,0.6,1217
2015-06-01,-0.016479,0.009489,0.025969,0.009489,3071305.0,3071305.0,2071305.0,2.071305,0,0.5328,0.55,1218
2015-06-02,0.010496,0.004017,-0.006479,0.004017,3103541.0,3103541.0,2103541.0,2.103541,1,0.5332,0.55,1219
2015-06-03,-0.003299,0.003576,0.006874,0.003576,3093304.0,3093304.0,2093304.0,2.093304,0,0.5328,0.55,1220
2015-06-04,0.01328,-0.000229,-0.013509,-0.000229,3134382.0,3134382.0,2134382.0,2.134382,1,0.5332,0.55,1221
2015-06-05,0.008632,0.01383,0.005198,0.01383,3161437.0,3161437.0,2161437.0,2.161437,1,0.5336,0.6,1222
2015-06-08,0.023943,-0.001196,-0.025139,-0.001196,3237132.0,3237132.0,2237132.0,2.237132,1,0.5339,0.6,1223
2015-06-09,-0.005007,-0.004801,0.000206,-0.004801,3220924.0,3220924.0,2220924.0,2.220924,0,0.5335,0.6,1224
2015-06-10,-0.015579,-0.004664,0.010915,-0.004664,3170744.0,3170744.0,2170744.0,2.170744,0,0.5331,0.6,1225
2015-06-11,-0.004812,0.00199,0.006802,0.00199,3155486.0,3155486.0,2155486.0,2.155486,0,0.5326,0.6,1226
2015-06-12,0.01131,0.006159,-0.00515,0.006159,3191173.0,3191173.0,2191173.0,2.191173,1,0.533,0.6,1227
2015-06-15,0.002971,-0.001793,-0.004764,-0.001793,3200654.0,3200654.0,2200654.0,2.200654,1,0.5334,0.6,1228
2015-06-16,-0.020166,0.000265,0.020431,0.000265,3136109.0,3136109.0,2136109.0,2.136109,0,0.533,0.55,1229
2015-06-17,0.006613,-0.00116,-0.007772,-0.00116,3156847.0,3156847.0,2156847.0,2.156847,1,0.5333,0.55,1230
2015-06-18,0.006637,-0.004987,-0.011623,-0.004987,3177799.0,3177799.0,2177799.0,2.177799,1,0.5337,0.55,1231
2015-06-19,-0.011474,-0.01583,-0.004356,-0.01583,3141337.0,3141337.0,2141337.0,2.141337,0,0.5333,0.55,1232
2015-06-22,-0.005879,0.014455,0.020333,0.014455,3122870.0,3122870.0,2122870.0,2.12287,0,0.5328,0.5,1233
2015-06-23,-3.8e-05,-0.002053,-0.002015,-0.002053,3122751.0,3122751.0,2122751.0,2.122751,0,0.5324,0.5,1234
2015-06-24,-0.000949,-0.002781,-0.001832,-0.002781,3119788.0,3119788.0,2119788.0,2.119788,0,0.532,0.5,1235
2015-06-25,0.004444,0.000384,-0.00406,0.000384,3133652.0,3133652.0,2133652.0,2.133652,1,0.5324,0.5,1236
2015-06-26,0.000676,-0.003861,-0.004537,-0.003861,3135772.0,3135772.0,2135772.0,2.135772,1,0.5327,0.5,1237
2015-06-29,-0.008667,0.002682,0.011349,0.002682,3108594.0,3108594.0,2108594.0,2.108594,0,0.5323,0.5,1238
2015-06-30,-0.000387,-0.000991,-0.000603,-0.000991,3107390.0,3107390.0,2107390.0,2.10739,0,0.5319,0.45,1239
2015-07-01,-0.014206,-0.012952,0.001254,-0.012952,3063245.0,3063245.0,2063245.0,2.063245,0,0.5315,0.45,1240
2015-07-02,0.002197,0.004483,0.002286,0.004483,3069975.0,3069975.0,2069975.0,2.069975,1,0.5318,0.45,1241
2015-07-06,-0.001818,-0.008839,-0.007021,-0.008839,3064394.0,3064394.0,2064394.0,2.064394,0,0.5314,0.4,1242
2015-07-07,0.037144,0.038082,0.000938,0.038082,3178218.0,3178218.0,2178218.0,2.178218,1,0.5318,0.4,1243
2015-07-08,0.002657,-0.034285,-0.036942,-0.034285,3186663.0,3186663.0,2186663.0,2.186663,1,0.5322,0.45,1244
2015-07-09,0.033505,0.042003,0.008498,0.042003,3293431.0,3293431.0,2293431.0,2.293431,1,0.5325,0.5,1245
2015-07-10,0.030629,0.004126,-0.026503,0.004126,3394306.0,3394306.0,2394306.0,2.394306,1,0.5329,0.55,1246
2015-07-13,0.020892,0.024203,0.003311,0.024203,3465220.0,3465220.0,2465220.0,2.46522,1,0.5333,0.55,1247
2015-07-14,-0.016461,-0.010529,0.005933,-0.010529,3408178.0,3408178.0,2408178.0,2.408178,0,0.5329,0.5,1248
2015-07-15,-0.005514,-0.000582,0.004932,-0.000582,3389386.0,3389386.0,2389386.0,2.389386,0,0.5324,0.5,1249
2015-07-16,0.023822,0.025009,0.001187,0.025009,3470128.0,3470128.0,2470128.0,2.470128,1,0.5328,0.5,1250
2015-07-17,0.011814,0.008793,-0.00302,0.008793,3511123.0,3511123.0,2511123.0,2.511123,1,0.5332,0.5,1251
2015-07-21,0.035119,0.019529,-0.01559,0.019529,3634432.0,3634432.0,2634432.0,2.634432,1,0.5335,0.55,1252
2015-07-22,-0.01,0.000232,0.010232,0.000232,3598087.0,3598087.0,2598087.0,2.598087,0,0.5331,0.55,1253
2015-07-23,-0.006617,-0.006791,-0.000174,-0.006791,3574278.0,3574278.0,2574278.0,2.574278,0,0.5327,0.55,1254
2015-07-24,-0.009285,-0.009019,0.000266,-0.009019,3541090.0,3541090.0,2541090.0,2.54109,0,0.5323,0.55,1255
2015-07-27,-0.013234,-0.009373,0.003861,-0.009373,3494228.0,3494228.0,2494228.0,2.494228,0,0.5318,0.5,1256
2015-07-28,0.029864,0.029622,-0.000243,0.029622,3598581.0,3598581.0,2598581.0,2.598581,1,0.5322,0.5,1257
2015-07-29,-0.005511,0.00258,0.00809,0.00258,3578751.0,3578751.0,2578751.0,2.578751,0,0.5318,0.5,1258
2015-07-30,0.021737,0.032103,0.010366,0.032103,3656542.0,3656542.0,2656542.0,2.656542,1,0.5322,0.55,1259
2015-07-31,0.018974,0.008113,-0.010861,0.008113,3725923.0,3725923.0,2725923.0,2.725923,1,0.5325,0.6,1260
2015-08-03,0.017002,0.003737,-0.013265,0.003737,3789270.0,3789270.0,2789270.0,2.78927,1,0.5329,0.6,1261
2015-08-04,0.016423,0.016401,-2.2e-05,0.016401,3851503.0,3851503.0,2851503.0,2.851503,1,0.5333,0.65,1262
2015-08-05,0.002752,-0.000249,-0.003,-0.000249,3862101.0,3862101.0,2862101.0,2.862101,1,0.5337,0.65,1263
2015-08-06,-0.017172,-0.010387,0.006785,-0.010387,3795781.0,3795781.0,2795781.0,2.795781,0,0.5332,0.6,1264
2015-08-07,0.00661,0.007882,0.001272,0.007882,3820871.0,3820871.0,2820871.0,2.820871,1,0.5336,0.6,1265
2015-08-10,-0.004049,-0.000535,0.003514,-0.000535,3805400.0,3805400.0,2805400.0,2.8054,0,0.5332,0.55,1266
2015-08-11,0.001589,-0.007683,-0.009272,-0.007683,3811448.0,3811448.0,2811448.0,2.811448,1,0.5335,0.55,1267
2015-08-12,-0.004381,-0.012211,-0.00783,-0.012211,3794750.0,3794750.0,2794750.0,2.79475,0,0.5331,0.55,1268
2015-08-13,0.020182,0.016389,-0.003793,0.016389,3871334.0,3871334.0,2871334.0,2.871334,1,0.5335,0.6,1269
2015-08-14,-0.003401,-0.00038,0.003022,-0.00038,3858167.0,3858167.0,2858167.0,2.858167,0,0.5331,0.55,1270
2015-08-17,0.009929,0.011265,0.001336,0.011265,3896473.0,3896473.0,2896473.0,2.896473,1,0.5334,0.55,1271
2015-08-18,0.006227,-0.00368,-0.009907,-0.00368,3920736.0,3920736.0,2920736.0,2.920736,1,0.5338,0.55,1272
2015-08-19,0.005744,-0.005689,-0.011433,-0.005689,3943256.0,3943256.0,2943256.0,2.943256,1,0.5342,0.6,1273
2015-08-20,0.002553,-0.015702,-0.018255,-0.015702,3953322.0,3953322.0,2953322.0,2.953322,1,0.5345,0.65,1274
2015-08-21,0.01225,-0.001118,-0.013369,-0.001118,4001752.0,4001752.0,3001752.0,3.001752,1,0.5349,0.7,1275
2015-08-24,-0.002219,-0.02455,-0.022331,-0.02455,3992870.0,3992870.0,2992870.0,2.99287,0,0.5345,0.7,1276
2015-08-25,-0.030056,-0.01079,0.019266,-0.01079,3872863.0,3872863.0,2872863.0,2.872863,0,0.5341,0.65,1277
2015-08-26,0.014115,0.016457,0.002342,0.016457,3927527.0,3927527.0,2927527.0,2.927527,1,0.5344,0.7,1278
2015-08-27,-0.00871,-0.021831,-0.013121,-0.021831,3893319.0,3893319.0,2893319.0,2.893319,0,0.534,0.65,1279
2015-08-28,0.031162,0.012696,-0.018466,0.012696,4014644.0,4014644.0,3014644.0,3.014644,1,0.5344,0.65,1280
2015-08-31,-0.002213,-0.01139,-0.009177,-0.01139,4005758.0,4005758.0,3005758.0,3.005758,0,0.534,0.6,1281
2015-09-01,0.016154,-0.034206,-0.05036,-0.034206,4070467.0,4070467.0,3070467.0,3.070467,1,0.5343,0.6,1282
2015-09-02,-0.043315,-0.009075,0.034241,-0.009075,3894153.0,3894153.0,2894153.0,2.894153,0,0.5339,0.55,1283
2015-09-03,-0.005976,-0.006717,-0.000742,-0.006717,3870884.0,3870884.0,2870884.0,2.870884,0,0.5335,0.55,1284
2015-09-04,0.002847,-0.026033,-0.028881,-0.026033,3881906.0,3881906.0,2881906.0,2.881906,1,0.5339,0.55,1285
2015-09-08,0.048021,0.002806,-0.045215,0.002806,4068320.0,4068320.0,3068320.0,3.06832,1,0.5342,0.6,1286
2015-09-09,-0.002601,0.026654,0.029255,0.026654,4057738.0,4057738.0,3057738.0,3.057738,0,0.5338,0.55,1287
2015-09-10,-0.020629,0.004249,0.024878,0.004249,3974031.0,3974031.0,2974031.0,2.974031,0,0.5334,0.55,1288
2015-09-11,0.03797,0.036294,-0.001675,0.036294,4124923.0,4124923.0,3124923.0,3.124923,1,0.5337,0.55,1289
2015-09-14,-0.016582,-0.028072,-0.01149,-0.028072,4056524.0,4056524.0,3056524.0,3.056524,0,0.5333,0.55,1290
2015-09-15,-0.01134,-0.01013,0.00121,-0.01013,4010525.0,4010525.0,3010525.0,3.010525,0,0.5329,0.5,1291
2015-09-16,-0.024003,-0.018113,0.00589,-0.018113,3914259.0,3914259.0,2914259.0,2.914259,0,0.5325,0.45,1292
2015-09-17,-0.019583,-0.007254,0.01233,-0.007254,3837604.0,3837604.0,2837604.0,2.837604,0,0.5321,0.4,1293
2015-09-18,-0.000407,-0.010114,-0.009707,-0.010114,3836042.0,3836042.0,2836042.0,2.836042,0,0.5317,0.35,1294
2015-09-24,0.002585,-0.014271,-0.016856,-0.014271,3845958.0,3845958.0,2845958.0,2.845958,1,0.532,0.35,1295
2015-09-25,0.012287,0.019184,0.006897,0.019184,3893212.0,3893212.0,2893212.0,2.893212,1,0.5324,0.4,1296
2015-09-28,-0.008925,-0.018899,-0.009974,-0.018899,3858465.0,3858465.0,2858465.0,2.858465,0,0.532,0.4,1297
2015-09-29,-0.026403,-0.036047,-0.009645,-0.036047,3756591.0,3756591.0,2756591.0,2.756591,0,0.5316,0.35,1298
2015-09-30,0.003113,0.012121,0.009008,0.012121,3768283.0,3768283.0,2768283.0,2.768283,1,0.5319,0.4,1299
2015-10-01,-0.002037,0.012167,0.014203,0.012167,3760608.0,3760608.0,2760608.0,2.760608,0,0.5315,0.35,1300
2015-10-02,0.020399,0.010155,-0.010244,0.010155,3837321.0,3837321.0,2837321.0,2.837321,1,0.5319,0.4,1301
2015-10-05,-0.023461,-0.005064,0.018398,-0.005064,3747292.0,3747292.0,2747292.0,2.747292,0,0.5315,0.35,1302
2015-10-06,0.008485,-0.00693,-0.015415,-0.00693,3779087.0,3779087.0,2779087.0,2.779087,1,0.5318,0.4,1303
2015-10-07,0.044631,0.020681,-0.023949,0.020681,3947751.0,3947751.0,2947751.0,2.947751,1,0.5322,0.45,1304
2015-10-08,0.026818,0.002937,-0.023881,0.002937,4053622.0,4053622.0,3053622.0,3.053622,1,0.5326,0.45,1305
2015-10-09,-0.006154,0.009201,0.015355,0.009201,4028678.0,4028678.0,3028678.0,3.028678,0,0.5322,0.4,1306
2015-10-13,-0.006805,-0.00315,0.003655,-0.00315,4001263.0,4001263.0,3001263.0,3.001263,0,0.5318,0.4,1307
2015-10-14,0.00931,-0.010151,-0.01946,-0.010151,4038513.0,4038513.0,3038513.0,3.038513,1,0.5321,0.45,1308
2015-10-15,0.003092,0.014717,0.011624,0.014717,4051002.0,4051002.0,3051002.0,3.051002,1,0.5325,0.45,1309
2015-10-16,-0.007448,-0.001657,0.005791,-0.001657,4020831.0,4020831.0,3020831.0,3.020831,0,0.5321,0.45,1310
2015-10-19,-0.010711,-0.006586,0.004125,-0.006586,3977764.0,3977764.0,2977764.0,2.977764,0,0.5317,0.45,1311
2015-10-20,-0.029074,-0.029622,-0.000548,-0.029622,3862115.0,3862115.0,2862115.0,2.862115,0,0.5312,0.45,1312
2015-10-21,0.010645,0.019349,0.008704,0.019349,3903229.0,3903229.0,2903229.0,2.903229,1,0.5316,0.5,1313
2015-10-22,-0.017992,-0.010939,0.007053,-0.010939,3833001.0,3833001.0,2833001.0,2.833001,0,0.5312,0.5,1314
2015-10-23,0.003776,-0.004058,-0.007834,-0.004058,3847474.0,3847474.0,2847474.0,2.847474,1,0.5316,0.5,1315
2015-10-26,0.001798,-0.006986,-0.008784,-0.006986,3854391.0,3854391.0,2854391.0,2.854391,1,0.5319,0.5,1316
2015-10-27,0.035871,0.011211,-0.02466,0.011211,3992651.0,3992651.0,2992651.0,2.992651,1,0.5323,0.55,1317
2015-10-28,-0.011339,-0.008721,0.002618,-0.008721,3947379.0,3947379.0,2947379.0,2.947379,0,0.5319,0.55,1318
2015-10-29,-0.015523,-0.01425,0.001273,-0.01425,3886103.0,3886103.0,2886103.0,2.886103,0,0.5315,0.5,1319
2015-10-30,0.019343,0.019752,0.000408,0.019752,3961274.0,3961274.0,2961274.0,2.961274,1,0.5318,0.55,1320
2015-11-02,-0.005719,-0.009179,-0.003461,-0.009179,3938621.0,3938621.0,2938621.0,2.938621,0,0.5314,0.5,1321
2015-11-04,-0.021059,-0.007088,0.013972,-0.007088,3855675.0,3855675.0,2855675.0,2.855675,0,0.531,0.5,1322
2015-11-05,-0.005456,-0.001026,0.00443,-0.001026,3834639.0,3834639.0,2834639.0,2.834639,0,0.5306,0.45,1323
2015-11-06,0.008234,0.002912,-0.005322,0.002912,3866212.0,3866212.0,2866212.0,2.866212,1,0.531,0.45,1324
2015-11-09,-0.00321,0.003033,0.006244,0.003033,3853800.0,3853800.0,2853800.0,2.8538,0,0.5306,0.4,1325
2015-11-10,-0.008964,0.001096,0.01006,0.001096,3819255.0,3819255.0,2819255.0,2.819255,0,0.5302,0.4,1326
2015-11-11,0.014674,0.011616,-0.003058,0.011616,3875300.0,3875300.0,2875300.0,2.8753,1,0.5305,0.45,1327
2015-11-12,-0.007624,-0.006269,0.001355,-0.006269,3845753.0,3845753.0,2845753.0,2.845753,0,0.5301,0.4,1328
2015-11-13,0.002001,0.005292,0.003291,0.005292,3853450.0,3853450.0,2853450.0,2.85345,1,0.5305,0.4,1329
2015-11-16,0.020043,0.015772,-0.004271,0.015772,3930684.0,3930684.0,2930684.0,2.930684,1,0.5308,0.45,1330
2015-11-17,-0.024084,-0.016773,0.00731,-0.016773,3836019.0,3836019.0,2836019.0,2.836019,0,0.5304,0.45,1331
2015-11-18,-0.011699,-0.01107,0.000629,-0.01107,3791141.0,3791141.0,2791141.0,2.791141,0,0.53,0.45,1332
2015-11-19,-0.00433,0.008965,0.013295,0.008965,3774727.0,3774727.0,2774727.0,2.774727,0,0.5296,0.4,1333
2015-11-20,0.005575,0.004552,-0.001023,0.004552,3795772.0,3795772.0,2795772.0,2.795772,1,0.53,0.45,1334
2015-11-24,-0.006722,-0.004545,0.002177,-0.004545,3770258.0,3770258.0,2770258.0,2.770258,0,0.5296,0.4,1335
2015-11-25,0.01243,0.009716,-0.002714,0.009716,3817124.0,3817124.0,2817124.0,2.817124,1,0.5299,0.4,1336
2015-11-27,0.025212,0.020719,-0.004493,0.020719,3913362.0,3913362.0,2913362.0,2.913362,1,0.5303,0.4,1337
2015-11-30,-0.00549,-0.008289,-0.0028,-0.008289,3891879.0,3891879.0,2891879.0,2.891879,0,0.5299,0.4,1338
2015-12-01,0.013313,0.009436,-0.003877,0.009436,3943692.0,3943692.0,2943692.0,2.943692,1,0.5302,0.45,1339
2015-12-02,0.008532,0.008953,0.00042,0.008953,3977340.0,3977340.0,2977340.0,2.97734,1,0.5306,0.45,1340
2015-12-03,-0.018312,-0.005597,0.012715,-0.005597,3904509.0,3904509.0,2904509.0,2.904509,0,0.5302,0.45,1341
2015-12-04,-0.000156,-0.000608,-0.000452,-0.000608,3903898.0,3903898.0,2903898.0,2.903898,0,0.5298,0.45,1342
2015-12-07,0.002279,0.000468,-0.001811,0.000468,3912794.0,3912794.0,2912794.0,2.912794,1,0.5302,0.5,1343
2015-12-08,0.003807,-0.012079,-0.015887,-0.012079,3927692.0,3927692.0,2927692.0,2.927692,1,0.5305,0.5,1344
2015-12-09,-0.017603,-0.006414,0.011189,-0.006414,3858552.0,3858552.0,2858552.0,2.858552,0,0.5301,0.5,1345
2015-12-10,0.00166,-0.002361,-0.004021,-0.002361,3864957.0,3864957.0,2864957.0,2.864957,1,0.5305,0.55,1346
2015-12-11,0.007165,0.006289,-0.000876,0.006289,3892649.0,3892649.0,2892649.0,2.892649,1,0.5308,0.55,1347
2015-12-14,0.021622,0.023695,0.002072,0.023695,3976818.0,3976818.0,2976818.0,2.976818,1,0.5312,0.6,1348
2015-12-15,0.014148,-0.01253,-0.026678,-0.01253,4033081.0,4033081.0,3033081.0,3.033081,1,0.5315,0.6,1349
2015-12-16,0.015463,0.017011,0.001548,0.017011,4095445.0,4095445.0,3095445.0,3.095445,1,0.5319,0.6,1350
2015-12-17,0.027855,0.02318,-0.004676,0.02318,4209525.0,4209525.0,3209525.0,3.209525,1,0.5322,0.65,1351
2015-12-18,0.007185,-0.009321,-0.016506,-0.009321,4239768.0,4239768.0,3239768.0,3.239768,1,0.5325,0.7,1352
2015-12-21,0.019992,0.00923,-0.010762,0.00923,4324530.0,4324530.0,3324530.0,3.32453,1,0.5329,0.75,1353
2015-12-22,0.00488,-0.002978,-0.007858,-0.002978,4345633.0,4345633.0,3345633.0,3.345633,1,0.5332,0.75,1354
2015-12-24,0.031763,0.000829,-0.030934,0.000829,4483664.0,4483664.0,3483664.0,3.483664,1,0.5336,0.8,1355
2015-12-28,-0.00168,0.006294,0.007974,0.006294,4476134.0,4476134.0,3476134.0,3.476134,0,0.5332,0.75,1356
2015-12-29,0.009323,0.019827,0.010505,0.019827,4517863.0,4517863.0,3517863.0,3.517863,1,0.5335,0.75,1357
2015-12-30,-0.019717,-0.007564,0.012153,-0.007564,4428783.0,4428783.0,3428783.0,3.428783,0,0.5331,0.75,1358
2016-01-04,-0.000998,-0.008493,-0.007496,-0.008493,4424364.0,4424364.0,3424364.0,3.424364,0,0.5327,0.7,1359
2016-01-05,0.006249,0.009974,0.003725,0.009974,4452013.0,4452013.0,3452013.0,3.452013,1,0.5331,0.7,1360
2016-01-06,-0.007722,-0.016028,-0.008305,-0.016028,4417632.0,4417632.0,3417632.0,3.417632,0,0.5327,0.7,1361
2016-01-07,0.004076,-0.012512,-0.016588,-0.012512,4435640.0,4435640.0,3435640.0,3.43564,1,0.533,0.75,1362
2016-01-08,-0.003767,0.00062,0.004386,0.00062,4418932.0,4418932.0,3418932.0,3.418932,0,0.5326,0.7,1363
2016-01-12,-0.00471,-0.026605,-0.021895,-0.026605,4398120.0,4398120.0,3398120.0,3.39812,0,0.5323,0.65,1364
2016-01-13,-0.011738,0.003234,0.014973,0.003234,4346493.0,4346493.0,3346493.0,3.346493,0,0.5319,0.65,1365
2016-01-14,0.022553,0.010083,-0.01247,0.010083,4444519.0,4444519.0,3444519.0,3.444519,1,0.5322,0.65,1366
2016-01-15,0.015489,-0.003574,-0.019063,-0.003574,4513362.0,4513362.0,3513362.0,3.513362,1,0.5326,0.65,1367
2016-01-19,0.004325,0.003871,-0.000454,0.003871,4532883.0,4532883.0,3532883.0,3.532883,1,0.5329,0.65,1368
2016-01-20,-0.004917,-0.04255,-0.037633,-0.04255,4510594.0,4510594.0,3510594.0,3.510594,0,0.5325,0.6,1369
2016-01-21,-0.004577,-0.029705,-0.025128,-0.029705,4489949.0,4489949.0,3489949.0,3.489949,0,0.5321,0.55,1370
2016-01-22,-0.003408,0.016113,0.019521,0.016113,4474648.0,4474648.0,3474648.0,3.474648,0,0.5317,0.5,1371
2016-01-25,-0.02183,-0.012073,0.009757,-0.012073,4376966.0,4376966.0,3376966.0,3.376966,0,0.5313,0.45,1372
2016-01-26,0.017389,0.006676,-0.010713,0.006676,4453079.0,4453079.0,3453079.0,3.453079,1,0.5317,0.45,1373
2016-01-27,0.003841,0.014627,0.010787,0.014627,4470183.0,4470183.0,3470183.0,3.470183,1,0.532,0.45,1374
2016-01-28,0.002252,-0.00181,-0.004062,-0.00181,4480249.0,4480249.0,3480249.0,3.480249,1,0.5324,0.45,1375
2016-01-29,0.01147,0.017275,0.005805,0.017275,4531637.0,4531637.0,3531637.0,3.531637,1,0.5327,0.5,1376
2016-02-01,0.035955,2.6e-05,-0.035929,2.6e-05,4694573.0,4694573.0,3694573.0,3.694573,1,0.533,0.5,1377
2016-02-02,0.0298,0.027049,-0.002751,0.027049,4834469.0,4834469.0,3834469.0,3.834469,1,0.5334,0.55,1378
2016-02-03,0.029227,0.014544,-0.014683,0.014544,4975765.0,4975765.0,3975765.0,3.975765,1,0.5337,0.6,1379
2016-02-04,-0.011467,-0.026786,-0.015319,-0.026786,4918708.0,4918708.0,3918708.0,3.918708,0,0.5333,0.55,1380
2016-02-05,0.010856,-0.001946,-0.012802,-0.001946,4972106.0,4972106.0,3972106.0,3.972106,1,0.5337,0.6,1381
2016-02-08,0.003272,0.020083,0.016812,0.020083,4988373.0,4988373.0,3988373.0,3.988373,1,0.534,0.6,1382
2016-02-09,-0.012915,-0.022563,-0.009648,-0.022563,4923947.0,4923947.0,3923947.0,3.923947,0,0.5336,0.6,1383
2016-02-10,-0.015293,-0.0481,-0.032808,-0.0481,4848647.0,4848647.0,3848647.0,3.848647,0,0.5332,0.6,1384
2016-02-12,0.025592,-0.012949,-0.038541,-0.012949,4972734.0,4972734.0,3972734.0,3.972734,1,0.5336,0.65,1385
2016-02-16,0.022055,0.014375,-0.007679,0.014375,5082405.0,5082405.0,4082405.0,4.082405,1,0.5339,0.65,1386
2016-02-17,-0.008629,-0.014614,-0.005985,-0.014614,5038547.0,5038547.0,4038547.0,4.038547,0,0.5335,0.6,1387
2016-02-18,0.004267,0.004815,0.000548,0.004815,5060047.0,5060047.0,4060047.0,4.060047,1,0.5339,0.6,1388
2016-02-19,0.004788,-0.00382,-0.008608,-0.00382,5084275.0,5084275.0,4084275.0,4.084275,1,0.5342,0.65,1389
2016-02-22,-0.016754,0.006043,0.022797,0.006043,4999095.0,4999095.0,3999095.0,3.999095,0,0.5338,0.65,1390
2016-02-23,0.007171,-0.02241,-0.029581,-0.02241,5034943.0,5034943.0,4034943.0,4.034943,1,0.5341,0.7,1391
2016-02-24,-0.037776,-0.018721,0.019054,-0.018721,4844746.0,4844746.0,3844746.0,3.844746,0,0.5338,0.7,1392
2016-02-25,0.023893,0.02796,0.004066,0.02796,4960502.0,4960502.0,3960502.0,3.960502,1,0.5341,0.7,1393
2016-02-26,0.023606,-0.002849,-0.026455,-0.002849,5077600.0,5077600.0,4077600.0,4.0776,1,0.5344,0.7,1394
2016-02-29,0.008938,-0.023042,-0.03198,-0.023042,5122985.0,5122985.0,4122985.0,4.122985,1,0.5348,0.7,1395
2016-03-01,-0.014565,-0.004271,0.010294,-0.004271,5048370.0,5048370.0,4048370.0,4.04837,0,0.5344,0.65,1396
2016-03-02,0.009554,0.008163,-0.001391,0.008163,5096601.0,5096601.0,4096601.0,4.096601,1,0.5347,0.65,1397
2016-03-03,-0.01791,0.019438,0.037348,0.019438,5005319.0,5005319.0,4005319.0,4.005319,0,0.5343,0.6,1398
2016-03-04,0.038621,0.025143,-0.013477,0.025143,5198627.0,5198627.0,4198627.0,4.198627,1,0.5347,0.6,1399
2016-03-07,-0.009376,-0.009671,-0.000295,-0.009671,5149884.0,5149884.0,4149884.0,4.149884,0,0.5343,0.6,1400
2016-03-08,-0.009786,-0.021434,-0.011647,-0.021434,5099487.0,5099487.0,4099487.0,4.099487,0,0.5339,0.55,1401
2016-03-09,-0.005236,-0.001693,0.003543,-0.001693,5072788.0,5072788.0,4072788.0,4.072788,0,0.5335,0.5,1402
2016-03-10,0.015163,0.020846,0.005683,0.020846,5149707.0,5149707.0,4149707.0,4.149707,1,0.5339,0.55,1403
2016-03-11,0.008514,0.026642,0.018128,0.026642,5193554.0,5193554.0,4193554.0,4.193554,1,0.5342,0.6,1404
2016-03-14,-0.003074,0.006622,0.009696,0.006622,5177589.0,5177589.0,4177589.0,4.177589,0,0.5338,0.55,1405
2016-03-15,0.005218,0.001522,-0.003696,0.001522,5204603.0,5204603.0,4204603.0,4.204603,1,0.5341,0.55,1406
2016-03-16,-0.001685,-0.005375,-0.00369,-0.005375,5195831.0,5195831.0,4195831.0,4.195831,0,0.5338,0.55,1407
2016-03-17,-0.002036,-0.013717,-0.01168,-0.013717,5185251.0,5185251.0,4185251.0,4.185251,0,0.5334,0.5,1408
2016-03-18,0.002743,-0.009018,-0.01176,-0.009018,5199472.0,5199472.0,4199472.0,4.199472,1,0.5337,0.5,1409
2016-03-22,-0.023719,-0.009597,0.014122,-0.009597,5076146.0,5076146.0,4076146.0,4.076146,0,0.5333,0.5,1410
2016-03-23,0.013972,0.003037,-0.010935,0.003037,5147070.0,5147070.0,4147070.0,4.14707,1,0.5337,0.5,1411
2016-03-24,0.028015,0.006184,-0.021831,0.006184,5291267.0,5291267.0,4291267.0,4.291267,1,0.534,0.55,1412
2016-03-28,0.003889,0.005914,0.002026,0.005914,5311844.0,5311844.0,4311844.0,4.311844,1,0.5343,0.55,1413
2016-03-29,-0.011829,0.00763,0.019459,0.00763,5249009.0,5249009.0,4249009.0,4.249009,0,0.5339,0.5,1414
2016-03-30,0.015318,-0.004392,-0.01971,-0.004392,5329413.0,5329413.0,4329413.0,4.329413,1,0.5343,0.5,1415
2016-03-31,-0.009611,-0.012114,-0.002503,-0.012114,5278192.0,5278192.0,4278192.0,4.278192,0,0.5339,0.5,1416
2016-04-01,0.015316,-0.029628,-0.044944,-0.029628,5359034.0,5359034.0,4359034.0,4.359034,1,0.5342,0.5,1417
2016-04-04,-0.012807,-0.004115,0.008692,-0.004115,5290399.0,5290399.0,4290399.0,4.290399,0,0.5339,0.5,1418
2016-04-05,0.01135,-0.01766,-0.02901,-0.01766,5350446.0,5350446.0,4350446.0,4.350446,1,0.5342,0.5,1419
2016-04-06,-0.000643,-0.006387,-0.005744,-0.006387,5347005.0,5347005.0,4347005.0,4.347005,0,0.5338,0.5,1420
2016-04-07,0.001502,0.010753,0.009251,0.010753,5355038.0,5355038.0,4355038.0,4.355038,1,0.5341,0.55,1421
2016-04-08,-0.003593,0.02673,0.030323,0.02673,5335796.0,5335796.0,4335796.0,4.335796,0,0.5338,0.55,1422
2016-04-11,0.011558,0.002416,-0.009142,0.002416,5397468.0,5397468.0,4397468.0,4.397468,1,0.5341,0.55,1423
2016-04-12,0.031109,0.036842,0.005734,0.036842,5565378.0,5565378.0,4565378.0,4.565378,1,0.5344,0.55,1424
2016-04-13,0.009957,0.019257,0.0093,0.019257,5620793.0,5620793.0,4620793.0,4.620793,1,0.5347,0.6,1425
2016-04-14,0.002922,0.01421,0.011287,0.01421,5637219.0,5637219.0,4637219.0,4.637219,1,0.5351,0.6,1426
2016-04-15,-0.001319,0.004344,0.005663,0.004344,5629784.0,5629784.0,4629784.0,4.629784,0,0.5347,0.6,1427
2016-04-18,-0.021059,-0.001252,0.019807,-0.001252,5511226.0,5511226.0,4511226.0,4.511226,0,0.5343,0.6,1428
2016-04-19,-0.023376,-0.008546,0.014829,-0.008546,5382396.0,5382396.0,4382396.0,4.382396,0,0.5339,0.55,1429
2016-04-20,-0.004131,-0.005435,-0.001305,-0.005435,5360163.0,5360163.0,4360163.0,4.360163,0,0.5336,0.55,1430
2016-04-21,-0.011084,0.000831,0.011915,0.000831,5300752.0,5300752.0,4300752.0,4.300752,0,0.5332,0.5,1431
2016-04-22,0.031834,0.034081,0.002247,0.034081,5469498.0,5469498.0,4469498.0,4.469498,1,0.5335,0.5,1432
2016-04-25,-0.003921,-0.005321,-0.0014,-0.005321,5448053.0,5448053.0,4448053.0,4.448053,0,0.5331,0.45,1433
2016-04-26,0.003248,-0.00056,-0.003807,-0.00056,5465746.0,5465746.0,4465746.0,4.465746,1,0.5335,0.5,1434
2016-04-27,0.005165,0.003197,-0.001969,0.003197,5493979.0,5493979.0,4493979.0,4.493979,1,0.5338,0.5,1435
2016-04-28,0.017898,-0.038258,-0.056156,-0.038258,5592312.0,5592312.0,4592312.0,4.592312,1,0.5341,0.55,1436
2016-05-02,-0.008279,-0.007804,0.000475,-0.007804,5546013.0,5546013.0,4546013.0,4.546013,0,0.5338,0.5,1437
2016-05-06,-0.005116,-0.014405,-0.009289,-0.014405,5517640.0,5517640.0,4517640.0,4.51764,0,0.5334,0.5,1438
2016-05-09,0.00761,-0.009268,-0.016878,-0.009268,5559628.0,5559628.0,4559628.0,4.559628,1,0.5337,0.5,1439
2016-05-10,0.017774,0.013849,-0.003925,0.013849,5658443.0,5658443.0,4658443.0,4.658443,1,0.534,0.55,1440
2016-05-11,0.009005,-0.008473,-0.017479,-0.008473,5709400.0,5709400.0,4709400.0,4.7094,1,0.5344,0.55,1441
2016-05-12,0.014469,0.015222,0.000753,0.015222,5792011.0,5792011.0,4792011.0,4.792011,1,0.5347,0.6,1442
2016-05-13,0.034707,-0.008502,-0.04321,-0.008502,5993036.0,5993036.0,4993036.0,4.993036,1,0.535,0.6,1443
2016-05-16,-0.015749,-0.017971,-0.002221,-0.017971,5898650.0,5898650.0,4898650.0,4.89865,0,0.5346,0.55,1444
2016-05-17,0.005142,0.007892,0.00275,0.007892,5928983.0,5928983.0,4928983.0,4.928983,1,0.5349,0.55,1445
2016-05-18,0.01733,0.020503,0.003174,0.020503,6031730.0,6031730.0,5031730.0,5.03173,1,0.5353,0.55,1446
2016-05-19,-0.007488,-0.015064,-0.007576,-0.015064,5986567.0,5986567.0,4986567.0,4.986567,0,0.5349,0.55,1447
2016-05-20,-0.012919,-0.000979,0.011939,-0.000979,5909229.0,5909229.0,4909229.0,4.909229,0,0.5345,0.55,1448
2016-05-23,0.011744,0.00278,-0.008963,0.00278,5978625.0,5978625.0,4978625.0,4.978625,1,0.5349,0.6,1449
2016-05-24,-0.00305,-0.004367,-0.001317,-0.004367,5960388.0,5960388.0,4960388.0,4.960388,0,0.5345,0.6,1450
2016-05-25,-0.002562,-0.009243,-0.006681,-0.009243,5945115.0,5945115.0,4945115.0,4.945115,0,0.5341,0.6,1451
2016-05-26,-0.013258,-0.012447,0.000811,-0.012447,5866296.0,5866296.0,4866296.0,4.866296,0,0.5337,0.55,1452
2016-05-27,-0.00505,0.0015,0.00655,0.0015,5836673.0,5836673.0,4836673.0,4.836673,0,0.5334,0.55,1453
2016-05-31,-0.00751,0.005384,0.012894,0.005384,5792839.0,5792839.0,4792839.0,4.792839,0,0.533,0.5,1454
2016-06-01,0.003588,-0.007324,-0.010912,-0.007324,5813622.0,5813622.0,4813622.0,4.813622,1,0.5333,0.5,1455
2016-06-02,0.006369,-0.009983,-0.016352,-0.009983,5850650.0,5850650.0,4850650.0,4.85065,1,0.5337,0.5,1456
2016-06-03,0.004425,0.006382,0.001957,0.006382,5876541.0,5876541.0,4876541.0,4.876541,1,0.534,0.55,1457
2016-06-06,0.003129,0.005384,0.002255,0.005384,5894927.0,5894927.0,4894927.0,4.894927,1,0.5343,0.6,1458
2016-06-07,0.019379,0.011436,-0.007943,0.011436,6009167.0,6009167.0,5009167.0,5.009167,1,0.5346,0.6,1459
2016-06-08,0.013117,0.007106,-0.006011,0.007106,6087990.0,6087990.0,5087990.0,5.08799,1,0.5349,0.6,1460
2016-06-09,-0.004098,-0.010605,-0.006507,-0.010605,6063042.0,6063042.0,5063042.0,5.063042,0,0.5346,0.55,1461
2016-06-10,0.008254,-0.006803,-0.015057,-0.006803,6113087.0,6113087.0,5113087.0,5.113087,1,0.5349,0.55,1462
2016-06-13,0.002196,-0.013517,-0.015713,-0.013517,6126514.0,6126514.0,5126514.0,5.126514,1,0.5352,0.55,1463
2016-06-14,0.02531,-0.002761,-0.028071,-0.002761,6281578.0,6281578.0,5281578.0,5.281578,1,0.5355,0.6,1464
2016-06-15,-0.014523,-0.009747,0.004776,-0.009747,6190351.0,6190351.0,5190351.0,5.190351,0,0.5352,0.55,1465
2016-06-16,0.020239,-0.019322,-0.039561,-0.019322,6315635.0,6315635.0,5315635.0,5.315635,1,0.5355,0.55,1466
2016-06-17,-0.023926,-0.022928,0.000998,-0.022928,6164530.0,6164530.0,5164530.0,5.16453,0,0.5351,0.55,1467
2016-06-20,0.00683,0.012612,0.005782,0.012612,6206636.0,6206636.0,5206636.0,5.206636,1,0.5354,0.6,1468
2016-06-21,-0.002452,0.014022,0.016474,0.014022,6191418.0,6191418.0,5191418.0,5.191418,0,0.5351,0.55,1469
2016-06-22,-0.004668,-0.013749,-0.009081,-0.013749,6162515.0,6162515.0,5162515.0,5.162515,0,0.5347,0.55,1470
2016-06-23,-0.004843,0.003725,0.008568,0.003725,6132667.0,6132667.0,5132667.0,5.132667,0,0.5343,0.55,1471
2016-06-24,0.016419,-0.070747,-0.087166,-0.070747,6233356.0,6233356.0,5233356.0,5.233356,1,0.5346,0.6,1472
2016-06-27,0.040646,0.019677,-0.020969,0.019677,6486715.0,6486715.0,5486715.0,5.486715,1,0.535,0.65,1473
2016-06-28,0.026489,0.027926,0.001437,0.027926,6658542.0,6658542.0,5658542.0,5.658542,1,0.5353,0.7,1474
2016-06-29,-0.003601,0.001872,0.005474,0.001872,6634562.0,6634562.0,5634562.0,5.634562,0,0.5349,0.65,1475
2016-06-30,-0.003239,-0.014616,-0.011377,-0.014616,6613075.0,6613075.0,5613075.0,5.613075,0,0.5346,0.6,1476
2016-07-01,-9.3e-05,-0.004372,-0.004279,-0.004372,6612463.0,6612463.0,5612463.0,5.612463,0,0.5342,0.55,1477
2016-07-05,-0.005714,-0.005493,0.000221,-0.005493,6574681.0,6574681.0,5574681.0,5.574681,0,0.5338,0.5,1478
2016-07-06,0.007418,-0.001252,-0.00867,-0.001252,6623454.0,6623454.0,5623454.0,5.623454,1,0.5341,0.5,1479
2016-07-07,0.002342,-0.004028,-0.00637,-0.004028,6638965.0,6638965.0,5638965.0,5.638965,1,0.5345,0.5,1480
2016-07-08,0.001511,-0.011384,-0.012895,-0.011384,6648999.0,6648999.0,5648999.0,5.648999,1,0.5348,0.55,1481
2016-07-11,0.0,0.0,0.0,0.0,6648999.0,6648999.0,5648999.0,5.648999,0,0.5344,0.5,1482
2016-07-12,0.017808,0.016287,-0.001522,0.016287,6767407.0,6767407.0,5767407.0,5.767407,1,0.5347,0.5,1483
2016-07-13,0.03219,-0.003298,-0.035488,-0.003298,6985250.0,6985250.0,5985250.0,5.98525,1,0.535,0.5,1484
2016-07-14,-0.00128,0.001266,0.002546,0.001266,6976308.0,6976308.0,5976308.0,5.976308,0,0.5347,0.5,1485
2016-07-15,0.002361,0.003269,0.000907,0.003269,6992779.0,6992779.0,5992779.0,5.992779,1,0.535,0.5,1486
2016-07-19,0.001983,-0.006486,-0.008469,-0.006486,7006643.0,7006643.0,6006643.0,6.006643,1,0.5353,0.55,1487
2016-07-20,-0.011953,-0.004947,0.007007,-0.004947,6922890.0,6922890.0,5922890.0,5.92289,0,0.5349,0.5,1488
2016-07-21,-0.008063,-0.009999,-0.001936,-0.009999,6867072.0,6867072.0,5867072.0,5.867072,0,0.5346,0.5,1489
2016-07-22,-0.000546,-0.001014,-0.000468,-0.001014,6863324.0,6863324.0,5863324.0,5.863324,0,0.5342,0.5,1490
2016-07-25,-0.002874,0.000423,0.003297,0.000423,6843600.0,6843600.0,5843600.0,5.8436,0,0.5339,0.5,1491
2016-07-26,-0.007046,-0.021637,-0.014591,-0.021637,6795381.0,6795381.0,5795381.0,5.795381,0,0.5335,0.45,1492
2016-07-27,0.008199,0.005143,-0.003056,0.005143,6851096.0,6851096.0,5851096.0,5.851096,1,0.5338,0.45,1493
2016-07-28,0.026034,0.008857,-0.017177,0.008857,7029457.0,7029457.0,6029457.0,6.029457,1,0.5341,0.45,1494
2016-07-29,-0.051145,-0.00262,0.048525,-0.00262,6669935.0,6669935.0,5669935.0,5.669935,0,0.5338,0.45,1495
2016-08-01,-0.004921,0.003933,0.008854,0.003933,6637110.0,6637110.0,5637110.0,5.63711,0,0.5334,0.45,1496
2016-08-02,0.015082,-0.002451,-0.017534,-0.002451,6737214.0,6737214.0,5737214.0,5.737214,1,0.5337,0.5,1497
2016-08-03,0.003737,-0.012194,-0.01593,-0.012194,6762388.0,6762388.0,5762388.0,5.762388,1,0.534,0.55,1498
2016-08-04,0.053094,0.036754,-0.01634,0.036754,7121427.0,7121427.0,6121427.0,6.121427,1,0.5344,0.55,1499
2016-08-05,0.003901,-0.003048,-0.006949,-0.003048,7149209.0,7149209.0,6149209.0,6.149209,1,0.5347,0.55,1500
2016-08-08,0.034849,0.008767,-0.026082,0.008767,7398349.0,7398349.0,6398349.0,6.398349,1,0.535,0.55,1501
2016-08-09,0.008874,0.009678,0.000803,0.009678,7464004.0,7464004.0,6464004.0,6.464004,1,0.5353,0.6,1502
2016-08-10,-0.013775,-0.004645,0.009129,-0.004645,7361188.0,7361188.0,6361188.0,6.361188,0,0.5349,0.55,1503
2016-08-12,0.009629,0.004628,-0.005001,0.004628,7432071.0,7432071.0,6432071.0,6.432071,1,0.5352,0.55,1504
2016-08-15,-0.005518,-0.017135,-0.011617,-0.017135,7391062.0,7391062.0,6391062.0,6.391062,0,0.5349,0.55,1505
2016-08-16,0.00481,-0.012058,-0.016868,-0.012058,7426612.0,7426612.0,6426612.0,6.426612,1,0.5352,0.55,1506
2016-08-17,0.045352,0.041209,-0.004144,0.041209,7763426.0,7763426.0,6763426.0,6.763426,1,0.5355,0.55,1507
2016-08-18,-0.009147,-0.021972,-0.012825,-0.021972,7692413.0,7692413.0,6692413.0,6.692413,0,0.5351,0.55,1508
2016-08-19,-0.027486,-0.015094,0.012393,-0.015094,7480976.0,7480976.0,6480976.0,6.480976,0,0.5348,0.55,1509
2016-08-22,-0.00041,0.0008,0.001211,0.0008,7477905.0,7477905.0,6477905.0,6.477905,0,0.5344,0.55,1510
2016-08-23,0.043032,0.025525,-0.017507,0.025525,7799693.0,7799693.0,6799693.0,6.799693,1,0.5347,0.6,1511
2016-08-24,-0.002858,-0.002618,0.00024,-0.002618,7777401.0,7777401.0,6777401.0,6.777401,0,0.5344,0.6,1512
2016-08-25,0.027041,0.011806,-0.015235,0.011806,7987712.0,7987712.0,6987712.0,6.987712,1,0.5347,0.6,1513
2016-08-26,0.014348,-0.002548,-0.016895,-0.002548,8102318.0,8102318.0,7102318.0,7.102318,1,0.535,0.6,1514
2016-08-29,0.023566,0.009051,-0.014515,0.009051,8293258.0,8293258.0,7293258.0,7.293258,1,0.5353,0.65,1515
2016-08-30,-0.00772,0.003915,0.011635,0.003915,8229238.0,8229238.0,7229238.0,7.229238,0,0.535,0.65,1516
2016-08-31,0.003878,0.008274,0.004396,0.008274,8261151.0,8261151.0,7261151.0,7.261151,1,0.5353,0.65,1517
2016-09-01,0.006394,0.011827,0.005433,0.011827,8313973.0,8313973.0,7313973.0,7.313973,1,0.5356,0.65,1518
2016-09-02,-0.016293,-0.004172,0.012121,-0.004172,8178515.0,8178515.0,7178515.0,7.178515,0,0.5352,0.6,1519
2016-09-06,0.015819,0.014547,-0.001272,0.014547,8307891.0,8307891.0,7307891.0,7.307891,1,0.5355,0.6,1520
2016-09-07,0.0051,0.009234,0.004134,0.009234,8350263.0,8350263.0,7350263.0,7.350263,1,0.5358,0.6,1521
2016-09-08,0.015948,0.006178,-0.00977,0.006178,8483431.0,8483431.0,7483431.0,7.483431,1,0.5361,0.6,1522
2016-09-09,0.009466,0.009315,-0.000151,0.009315,8563737.0,8563737.0,7563737.0,7.563737,1,0.5364,0.65,1523
2016-09-12,-0.005173,-0.007817,-0.002644,-0.007817,8519435.0,8519435.0,7519435.0,7.519435,0,0.5361,0.6,1524
2016-09-13,-0.00217,-0.007892,-0.005723,-0.007892,8500950.0,8500950.0,7500950.0,7.50095,0,0.5357,0.6,1525
2016-09-14,0.002169,-0.001991,-0.004161,-0.001991,8519391.0,8519391.0,7519391.0,7.519391,1,0.536,0.6,1526
2016-09-15,0.002085,-0.001989,-0.004074,-0.001989,8537156.0,8537156.0,7537156.0,7.537156,1,0.5363,0.6,1527
2016-09-16,0.010551,0.016228,0.005676,0.016228,8627234.0,8627234.0,7627234.0,7.627234,1,0.5366,0.65,1528
2016-09-20,-0.005398,0.007252,0.01265,0.007252,8580666.0,8580666.0,7580666.0,7.580666,0,0.5363,0.65,1529
2016-09-21,-0.022437,0.021914,0.044351,0.021914,8388143.0,8388143.0,7388143.0,7.388143,0,0.5359,0.65,1530
2016-09-23,0.00834,0.003121,-0.005219,0.003121,8458102.0,8458102.0,7458102.0,7.458102,1,0.5363,0.65,1531
2016-09-26,-0.012154,-0.014849,-0.002695,-0.014849,8355299.0,8355299.0,7355299.0,7.355299,0,0.5359,0.65,1532
2016-09-27,-0.022104,0.008545,0.030648,0.008545,8170615.0,8170615.0,7170615.0,7.170615,0,0.5356,0.6,1533
2016-09-28,0.002685,-0.005095,-0.00778,-0.005095,8192556.0,8192556.0,7192556.0,7.192556,1,0.5359,0.6,1534
2016-09-29,-0.002372,0.001172,0.003544,0.001172,8173125.0,8173125.0,7173125.0,7.173125,0,0.5355,0.55,1535
2016-09-30,0.005231,0.00027,-0.004961,0.00027,8215877.0,8215877.0,7215877.0,7.215877,1,0.5358,0.6,1536
2016-10-03,-0.00497,-0.006657,-0.001687,-0.006657,8175043.0,8175043.0,7175043.0,7.175043,0,0.5355,0.55,1537
2016-10-04,0.00438,0.008468,0.004088,0.008468,8210848.0,8210848.0,7210848.0,7.210848,1,0.5358,0.55,1538
2016-10-05,-0.007528,0.003061,0.010589,0.003061,8149038.0,8149038.0,7149038.0,7.149038,0,0.5354,0.55,1539
2016-10-06,0.002778,0.00268,-9.8e-05,0.00268,8171677.0,8171677.0,7171677.0,7.171677,1,0.5357,0.55,1540
2016-10-07,0.006901,0.001551,-0.00535,0.001551,8228071.0,8228071.0,7228071.0,7.228071,1,0.536,0.55,1541
2016-10-11,0.003784,0.007894,0.004111,0.007894,8259202.0,8259202.0,7259202.0,7.259202,1,0.5363,0.55,1542
2016-10-12,-0.001,0.000596,0.001596,0.000596,8250946.0,8250946.0,7250946.0,7.250946,0,0.536,0.5,1543
2016-10-13,0.016442,0.007149,-0.009293,0.007149,8386606.0,8386606.0,7386606.0,7.386606,1,0.5363,0.55,1544
2016-10-14,0.006365,0.007826,0.001461,0.007826,8439983.0,8439983.0,7439983.0,7.439983,1,0.5366,0.6,1545
2016-10-17,0.005202,0.006887,0.001685,0.006887,8483885.0,8483885.0,7483885.0,7.483885,1,0.5369,0.6,1546
2016-10-18,-0.009832,0.005741,0.015573,0.005741,8400468.0,8400468.0,7400468.0,7.400468,0,0.5365,0.55,1547
2016-10-19,0.009334,0.007893,-0.001441,0.007893,8478880.0,8478880.0,7478880.0,7.47888,1,0.5368,0.55,1548
2016-10-20,0.009758,0.013911,0.004153,0.013911,8561620.0,8561620.0,7561620.0,7.56162,1,0.5371,0.6,1549
2016-10-21,-0.006277,-1.8e-05,0.006258,-1.8e-05,8507880.0,8507880.0,7507880.0,7.50788,0,0.5368,0.6,1550
2016-10-24,-0.004719,-0.003935,0.000784,-0.003935,8467730.0,8467730.0,7467730.0,7.46773,0,0.5364,0.55,1551
2016-10-25,0.002017,0.003347,0.00133,0.003347,8484808.0,8484808.0,7484808.0,7.484808,1,0.5367,0.6,1552
2016-10-26,0.013232,0.008288,-0.004944,0.008288,8597076.0,8597076.0,7597076.0,7.597076,1,0.537,0.65,1553
2016-10-27,0.015101,0.00278,-0.01232,0.00278,8726897.0,8726897.0,7726897.0,7.726897,1,0.5373,0.65,1554
2016-10-28,0.012713,0.002785,-0.009929,0.002785,8837846.0,8837846.0,7837846.0,7.837846,1,0.5376,0.7,1555
2016-10-31,0.00794,-0.001728,-0.009668,-0.001728,8908017.0,8908017.0,7908017.0,7.908017,1,0.5379,0.7,1556
2016-11-01,0.007333,0.003684,-0.003649,0.003684,8973341.0,8973341.0,7973341.0,7.973341,1,0.5382,0.75,1557
2016-11-02,0.004464,0.006472,0.002008,0.006472,9013397.0,9013397.0,8013397.0,8.013397,1,0.5385,0.75,1558
2016-11-04,0.000258,0.001188,0.00093,0.001188,9015723.0,9015723.0,8015723.0,8.015723,1,0.5388,0.8,1559
2016-11-07,0.016203,-0.001085,-0.017289,-0.001085,9161806.0,9161806.0,8161806.0,8.161806,1,0.5391,0.8,1560
2016-11-08,-0.023247,-0.019975,0.003271,-0.019975,8948826.0,8948826.0,7948826.0,7.948826,0,0.5388,0.75,1561
2016-11-09,0.028389,-0.026008,-0.054397,-0.026008,9202875.0,9202875.0,8202875.0,8.202875,1,0.5391,0.75,1562
2016-11-10,-0.003485,0.004261,0.007747,0.004261,9170799.0,9170799.0,8170799.0,8.170799,0,0.5387,0.75,1563
2016-11-11,0.002792,-0.002437,-0.005229,-0.002437,9196401.0,9196401.0,8196401.0,8.196401,1,0.539,0.75,1564
2016-11-14,-0.02613,-0.006226,0.019904,-0.006226,8956101.0,8956101.0,7956101.0,7.956101,0,0.5387,0.7,1565
2016-11-15,-0.006292,-0.006541,-0.000249,-0.006541,8899748.0,8899748.0,7899748.0,7.899748,0,0.5383,0.65,1566
2016-11-16,-0.003089,-0.004543,-0.001454,-0.004543,8872258.0,8872258.0,7872258.0,7.872258,0,0.538,0.65,1567
2016-11-17,-0.004326,0.008746,0.013072,0.008746,8833876.0,8833876.0,7833876.0,7.833876,0,0.5376,0.6,1568
2016-11-18,-0.00268,-0.009855,-0.007174,-0.009855,8810197.0,8810197.0,7810197.0,7.810197,0,0.5373,0.55,1569
2016-11-21,-0.000753,-0.000832,-7.8e-05,-0.000832,8803561.0,8803561.0,7803561.0,7.803561,0,0.5369,0.55,1570
2016-11-22,0.001594,0.004777,0.003183,0.004777,8817596.0,8817596.0,7817596.0,7.817596,1,0.5372,0.6,1571
2016-11-25,-0.007948,0.000748,0.008696,0.000748,8747510.0,8747510.0,7747510.0,7.74751,0,0.5369,0.55,1572
2016-11-28,-0.006973,0.001478,0.008451,0.001478,8686514.0,8686514.0,7686514.0,7.686514,0,0.5366,0.5,1573
2016-11-29,-0.005296,-6.5e-05,0.005231,-6.5e-05,8640507.0,8640507.0,7640507.0,7.640507,0,0.5362,0.45,1574
2016-11-30,0.024013,0.013837,-0.010176,0.013837,8847988.0,8847988.0,7847988.0,7.847988,1,0.5365,0.45,1575
2016-12-01,0.015219,0.002397,-0.012822,0.002397,8982644.0,8982644.0,7982644.0,7.982644,1,0.5368,0.45,1576
2016-12-02,0.015496,0.004446,-0.01105,0.004446,9121835.0,9121835.0,8121835.0,8.121835,1,0.5371,0.45,1577
2016-12-05,-0.012335,-0.013816,-0.001481,-0.013816,9009320.0,9009320.0,8009320.0,8.00932,0,0.5368,0.4,1578
2016-12-06,0.002257,0.002728,0.000471,0.002728,9029652.0,9029652.0,8029652.0,8.029652,1,0.537,0.4,1579
2016-12-07,-0.00405,0.008898,0.012947,0.008898,8993085.0,8993085.0,7993085.0,7.993085,0,0.5367,0.35,1580
2016-12-08,-0.025754,0.011032,0.036786,0.011032,8761479.0,8761479.0,7761479.0,7.761479,0,0.5364,0.35,1581
2016-12-09,0.022562,0.011134,-0.011429,0.011134,8959160.0,8959160.0,7959160.0,7.95916,1,0.5367,0.35,1582
2016-12-12,0.014472,-0.004688,-0.01916,-0.004688,9088814.0,9088814.0,8088814.0,8.088814,1,0.537,0.4,1583
2016-12-13,0.012625,0.026772,0.014147,0.026772,9203556.0,9203556.0,8203556.0,8.203556,1,0.5372,0.4,1584
2016-12-14,0.047429,0.035321,-0.012108,0.035321,9640071.0,9640071.0,8640071.0,8.640071,1,0.5375,0.45,1585
2016-12-15,-0.007292,-0.004606,0.002687,-0.004606,9569773.0,9569773.0,8569773.0,8.569773,0,0.5372,0.45,1586
2016-12-16,-0.022764,-0.018577,0.004187,-0.018577,9351929.0,9351929.0,8351929.0,8.351929,0,0.5369,0.45,1587
2016-12-19,-0.011768,-0.015629,-0.003862,-0.015629,9241879.0,9241879.0,8241879.0,8.241879,0,0.5365,0.45,1588
2016-12-20,0.002973,-0.001942,-0.004915,-0.001942,9269358.0,9269358.0,8269358.0,8.269358,1,0.5368,0.5,1589
2016-12-21,0.010276,-0.002372,-0.012648,-0.002372,9364612.0,9364612.0,8364612.0,8.364612,1,0.5371,0.55,1590
2016-12-22,0.004988,0.00132,-0.003668,0.00132,9411327.0,9411327.0,8411327.0,8.411327,1,0.5374,0.55,1591
2016-12-27,-0.009638,-0.001257,0.008381,-0.001257,9320624.0,9320624.0,8320624.0,8.320624,0,0.5371,0.55,1592
2016-12-28,0.003904,0.00406,0.000156,0.00406,9357011.0,9357011.0,8357011.0,8.357011,1,0.5374,0.6,1593
2016-12-29,-0.005285,-0.014069,-0.008784,-0.014069,9307561.0,9307561.0,8307561.0,8.307561,0,0.537,0.6,1594
2016-12-30,-0.005175,0.00116,0.006335,0.00116,9259395.0,9259395.0,8259395.0,8.259395,0,0.5367,0.55,1595
2017-01-04,0.01069,0.018072,0.007381,0.018072,9358382.0,9358382.0,8358382.0,8.358382,1,0.537,0.55,1596
2017-01-05,-0.02686,-0.000274,0.026586,-0.000274,9107018.0,9107018.0,8107018.0,8.107018,0,0.5366,0.5,1597
2017-01-06,0.002251,0.001038,-0.001213,0.001038,9127514.0,9127514.0,8127514.0,8.127514,1,0.5369,0.55,1598
2017-01-10,6e-05,-0.006231,-0.006291,-0.006231,9128065.0,9128065.0,8128065.0,8.128065,1,0.5372,0.55,1599
2017-01-11,-0.007223,0.000288,0.00751,0.000288,9062137.0,9062137.0,8062137.0,8.062137,0,0.5369,0.55,1600
2017-01-12,0.010109,-0.004927,-0.015036,-0.004927,9153748.0,9153748.0,8153748.0,8.153748,1,0.5372,0.6,1601
2017-01-13,-0.007155,0.002803,0.009957,0.002803,9088256.0,9088256.0,8088256.0,8.088256,0,0.5368,0.55,1602
2017-01-17,-0.014,-0.024507,-0.010506,-0.024507,8961017.0,8961017.0,7961017.0,7.961017,0,0.5365,0.5,1603
2017-01-18,-0.026253,-0.008195,0.018058,-0.008195,8725767.0,8725767.0,7725767.0,7.725767,0,0.5362,0.45,1604
2017-01-19,-0.00057,0.002249,0.002818,0.002249,8720797.0,8720797.0,7720797.0,7.720797,0,0.5358,0.4,1605
2017-01-20,-0.003686,-0.001913,0.001772,-0.001913,8688656.0,8688656.0,7688656.0,7.688656,0,0.5355,0.4,1606
2017-01-23,0.008043,0.001783,-0.00626,0.001783,8758541.0,8758541.0,7758541.0,7.758541,1,0.5358,0.45,1607
2017-01-24,-0.000209,-0.009463,-0.009254,-0.009463,8756711.0,8756711.0,7756711.0,7.756711,0,0.5354,0.45,1608
2017-01-25,0.001235,-0.004212,-0.005447,-0.004212,8767523.0,8767523.0,7767523.0,7.767523,1,0.5357,0.45,1609
2017-01-26,-0.018416,-0.002611,0.015805,-0.002611,8606057.0,8606057.0,7606057.0,7.606057,0,0.5354,0.4,1610
2017-01-27,0.005966,0.000727,-0.005239,0.000727,8657402.0,8657402.0,7657402.0,7.657402,1,0.5357,0.4,1611
2017-01-30,-0.000123,-0.003282,-0.003159,-0.003282,8656335.0,8656335.0,7656335.0,7.656335,0,0.5354,0.4,1612
2017-01-31,0.000667,-0.00344,-0.004107,-0.00344,8662108.0,8662108.0,7662108.0,7.662108,1,0.5356,0.4,1613
2017-02-01,-0.007204,0.007231,0.014435,0.007231,8599704.0,8599704.0,7599704.0,7.599704,0,0.5353,0.4,1614
2017-02-02,-0.00064,-0.019128,-0.018487,-0.019128,8594200.0,8594200.0,7594200.0,7.5942,0,0.535,0.4,1615
2017-02-03,0.004737,0.003326,-0.001411,0.003326,8634908.0,8634908.0,7634908.0,7.634908,1,0.5353,0.4,1616
2017-02-06,-0.006331,-0.016026,-0.009695,-0.016026,8580238.0,8580238.0,7580238.0,7.580238,0,0.5349,0.4,1617
2017-02-07,-0.005977,0.003683,0.009661,0.003683,8528951.0,8528951.0,7528951.0,7.528951,0,0.5346,0.35,1618
2017-02-08,0.006811,0.011846,0.005035,0.011846,8587040.0,8587040.0,7587040.0,7.58704,1,0.5349,0.35,1619
2017-02-09,-0.0061,-0.013581,-0.007481,-0.013581,8534656.0,8534656.0,7534656.0,7.534656,0,0.5346,0.35,1620
2017-02-10,-0.003632,0.0142,0.017832,0.0142,8503661.0,8503661.0,7503661.0,7.503661,0,0.5342,0.3,1621
2017-02-13,-0.031204,0.002257,0.033461,0.002257,8238311.0,8238311.0,7238311.0,7.238311,0,0.5339,0.3,1622
2017-02-14,-0.002532,-0.012426,-0.009894,-0.012426,8217450.0,8217450.0,7217450.0,7.21745,0,0.5336,0.3,1623
2017-02-15,-0.014171,-0.006673,0.007498,-0.006673,8101000.0,8101000.0,7101000.0,7.101,0,0.5333,0.3,1624
2017-02-16,0.003598,0.000895,-0.002703,0.000895,8130147.0,8130147.0,7130147.0,7.130147,1,0.5335,0.35,1625
2017-02-17,0.015902,0.014276,-0.001626,0.014276,8259433.0,8259433.0,7259433.0,7.259433,1,0.5338,0.4,1626
2017-02-21,0.003163,0.007913,0.00475,0.007913,8285557.0,8285557.0,7285557.0,7.285557,1,0.5341,0.4,1627
2017-02-22,-0.010032,-0.007506,0.002525,-0.007506,8202438.0,8202438.0,7202438.0,7.202438,0,0.5338,0.4,1628
2017-02-23,0.00776,0.010117,0.002357,0.010117,8266091.0,8266091.0,7266091.0,7.266091,1,0.5341,0.4,1629
2017-02-24,-0.0059,-0.003419,0.002481,-0.003419,8217321.0,8217321.0,7217321.0,7.217321,0,0.5337,0.4,1630
2017-02-27,0.009552,0.000585,-0.008967,0.000585,8295811.0,8295811.0,7295811.0,7.295811,1,0.534,0.4,1631
2017-02-28,0.016078,0.00058,-0.015498,0.00058,8429190.0,8429190.0,7429190.0,7.42919,1,0.5343,0.45,1632
2017-03-01,0.002267,0.004233,0.001966,0.004233,8448299.0,8448299.0,7448299.0,7.448299,1,0.5346,0.45,1633
2017-03-02,-0.003832,-0.00695,-0.003119,-0.00695,8415926.0,8415926.0,7415926.0,7.415926,0,0.5343,0.45,1634
2017-03-03,-0.006894,-0.010685,-0.003792,-0.010685,8357908.0,8357908.0,7357908.0,7.357908,0,0.5339,0.45,1635
2017-03-06,0.010163,0.011855,0.001691,0.011855,8442850.0,8442850.0,7442850.0,7.44285,1,0.5342,0.45,1636
2017-03-07,-0.005331,0.001002,0.006333,0.001002,8397840.0,8397840.0,7397840.0,7.39784,0,0.5339,0.45,1637
2017-03-08,-0.004108,-0.004637,-0.00053,-0.004637,8363344.0,8363344.0,7363344.0,7.363344,0,0.5336,0.45,1638
2017-03-09,-0.007065,-0.005196,0.001869,-0.005196,8304256.0,8304256.0,7304256.0,7.304256,0,0.5333,0.4,1639
2017-03-10,-0.000617,-0.000863,-0.000245,-0.000863,8299129.0,8299129.0,7299129.0,7.299129,0,0.5329,0.4,1640
2017-03-13,0.001213,0.000897,-0.000316,0.000897,8309193.0,8309193.0,7309193.0,7.309193,1,0.5332,0.45,1641
2017-03-14,-0.008159,-0.006356,0.001803,-0.006356,8241398.0,8241398.0,7241398.0,7.241398,0,0.5329,0.45,1642
2017-03-15,-0.006987,-0.012877,-0.005891,-0.012877,8183819.0,8183819.0,7183819.0,7.183819,0,0.5326,0.45,1643
2017-03-16,0.01214,0.005701,-0.006439,0.005701,8283172.0,8283172.0,7283172.0,7.283172,1,0.5328,0.5,1644
2017-03-17,-0.006463,-0.003919,0.002544,-0.003919,8229638.0,8229638.0,7229638.0,7.229638,0,0.5325,0.45,1645
2017-03-21,-0.000269,-0.002318,-0.00205,-0.002318,8227427.0,8227427.0,7227427.0,7.227427,0,0.5322,0.4,1646
2017-03-22,-0.001018,-0.00587,-0.004852,-0.00587,8219049.0,8219049.0,7219049.0,7.219049,0,0.5319,0.35,1647
2017-03-23,0.005482,0.008161,0.002679,0.008161,8264109.0,8264109.0,7264109.0,7.264109,1,0.5322,0.4,1648
2017-03-24,-0.007384,0.005059,0.012443,0.005059,8203086.0,8203086.0,7203086.0,7.203086,0,0.5318,0.35,1649
2017-03-27,-0.007091,-0.013687,-0.006596,-0.013687,8144919.0,8144919.0,7144919.0,7.144919,0,0.5315,0.35,1650
2017-03-28,-0.00229,0.006375,0.008666,0.006375,8126266.0,8126266.0,7126266.0,7.126266,0,0.5312,0.3,1651
2017-03-29,0.016128,0.001712,-0.014416,0.001712,8257329.0,8257329.0,7257329.0,7.257329,1,0.5315,0.3,1652
2017-03-30,0.013946,0.006647,-0.007299,0.006647,8372487.0,8372487.0,7372487.0,7.372487,1,0.5318,0.3,1653
2017-03-31,0.008393,-0.021312,-0.029704,-0.021312,8442755.0,8442755.0,7442755.0,7.442755,1,0.532,0.35,1654
2017-04-03,-0.014198,-0.012299,0.001898,-0.012299,8322887.0,8322887.0,7322887.0,7.322887,0,0.5317,0.35,1655
2017-04-04,0.005083,-0.005866,-0.010949,-0.005866,8365189.0,8365189.0,7365189.0,7.365189,1,0.532,0.35,1656
2017-04-05,-0.010467,-0.014166,-0.003699,-0.014166,8277627.0,8277627.0,7277627.0,7.277627,0,0.5317,0.35,1657
2017-04-06,-0.002787,-0.009877,-0.007091,-0.009877,8254561.0,8254561.0,7254561.0,7.254561,0,0.5314,0.35,1658
2017-04-07,0.021572,0.013175,-0.008397,0.013175,8432627.0,8432627.0,7432627.0,7.432627,1,0.5316,0.4,1659
2017-04-10,-0.010619,-0.013265,-0.002646,-0.013265,8343081.0,8343081.0,7343081.0,7.343081,0,0.5313,0.4,1660
2017-04-11,-0.006405,-0.002399,0.004007,-0.002399,8289643.0,8289643.0,7289643.0,7.289643,0,0.531,0.35,1661
2017-04-12,0.002969,0.002012,-0.000956,0.002012,8314253.0,8314253.0,7314253.0,7.314253,1,0.5313,0.4,1662
2017-04-13,0.018916,0.009162,-0.009753,0.009162,8471523.0,8471523.0,7471523.0,7.471523,1,0.5316,0.45,1663
2017-04-17,0.026222,0.028378,0.002157,0.028378,8693660.0,8693660.0,7693660.0,7.69366,1,0.5319,0.45,1664
2017-04-18,-0.000328,-0.001529,-0.001201,-0.001529,8690806.0,8690806.0,7690806.0,7.690806,0,0.5315,0.45,1665
2017-04-19,0.007504,0.008482,0.000979,0.008482,8756022.0,8756022.0,7756022.0,7.756022,1,0.5318,0.5,1666
2017-04-20,0.013538,0.011214,-0.002323,0.011214,8874558.0,8874558.0,7874558.0,7.874558,1,0.5321,0.55,1667
2017-04-21,-0.001224,0.003816,0.005041,0.003816,8863693.0,8863693.0,7863693.0,7.863693,0,0.5318,0.5,1668
2017-04-24,0.011785,-0.003499,-0.015284,-0.003499,8968155.0,8968155.0,7968155.0,7.968155,1,0.5321,0.55,1669
2017-04-25,-0.008383,0.003236,0.011618,0.003236,8892978.0,8892978.0,7892978.0,7.892978,0,0.5317,0.55,1670
2017-04-26,0.006504,0.006083,-0.000422,0.006083,8950822.0,8950822.0,7950822.0,7.950822,1,0.532,0.6,1671
2017-04-27,0.003808,0.002484,-0.001323,0.002484,8984903.0,8984903.0,7984903.0,7.984903,1,0.5323,0.6,1672
2017-04-28,0.002757,0.002142,-0.000614,0.002142,9009673.0,9009673.0,8009673.0,8.009673,1,0.5326,0.6,1673
2017-05-01,0.006578,0.006169,-0.000409,0.006169,9068942.0,9068942.0,8068942.0,8.068942,1,0.5329,0.6,1674
2017-05-02,0.007596,0.008981,0.001385,0.008981,9137827.0,9137827.0,8137827.0,8.137827,1,0.5331,0.65,1675
2017-05-08,-0.006174,0.004472,0.010647,0.004472,9081406.0,9081406.0,8081406.0,8.081406,0,0.5328,0.6,1676
2017-05-09,-0.004278,-0.004772,-0.000494,-0.004772,9042555.0,9042555.0,8042555.0,8.042555,0,0.5325,0.6,1677
2017-05-10,0.003725,0.003813,8.9e-05,0.003813,9076235.0,9076235.0,8076235.0,8.076235,1,0.5328,0.65,1678
2017-05-11,0.013664,2e-05,-0.013644,2e-05,9200251.0,9200251.0,8200251.0,8.200251,1,0.5331,0.65,1679
2017-05-12,-0.000224,0.009492,0.009716,0.009492,9198187.0,9198187.0,8198187.0,8.198187,0,0.5327,0.65,1680
2017-05-15,0.018184,0.01462,-0.003563,0.01462,9365446.0,9365446.0,8365446.0,8.365446,1,0.533,0.7,1681
2017-05-16,0.004736,-0.001504,-0.006239,-0.001504,9409799.0,9409799.0,8409799.0,8.409799,1,0.5333,0.7,1682
2017-05-17,-0.0163,-0.009875,0.006425,-0.009875,9256418.0,9256418.0,8256418.0,8.256418,0,0.533,0.65,1683
2017-05-18,-0.004955,-0.00488,7.4e-05,-0.00488,9210554.0,9210554.0,8210554.0,8.210554,0,0.5327,0.6,1684
2017-05-19,-0.004224,-0.003843,0.000381,-0.003843,9171648.0,9171648.0,8171648.0,8.171648,0,0.5323,0.6,1685
2017-05-22,-0.007364,-0.008927,-0.001563,-0.008927,9104111.0,9104111.0,8104111.0,8.104111,0,0.532,0.55,1686
2017-05-23,-0.00316,-0.006335,-0.003175,-0.006335,9075344.0,9075344.0,8075344.0,8.075344,0,0.5317,0.5,1687
2017-05-24,0.001745,-0.009536,-0.011281,-0.009536,9091179.0,9091179.0,8091179.0,8.091179,1,0.532,0.55,1688
2017-05-25,-0.009205,-0.004761,0.004444,-0.004761,9007496.0,9007496.0,8007496.0,8.007496,0,0.5317,0.5,1689
2017-05-26,0.005703,0.002954,-0.002749,0.002954,9058867.0,9058867.0,8058867.0,8.058867,1,0.532,0.55,1690
2017-05-30,0.001426,0.000596,-0.000831,0.000596,9071788.0,9071788.0,8071788.0,8.071788,1,0.5322,0.55,1691
2017-05-31,0.009754,0.010287,0.000532,0.010287,9160278.0,9160278.0,8160278.0,8.160278,1,0.5325,0.55,1692
2017-06-01,0.003789,0.016549,0.01276,0.016549,9194982.0,9194982.0,8194982.0,8.194982,1,0.5328,0.55,1693
2017-06-02,-0.033128,-0.004327,0.028802,-0.004327,8890366.0,8890366.0,7890366.0,7.890366,0,0.5325,0.5,1694
2017-06-05,0.018041,0.012028,-0.006013,0.012028,9050761.0,9050761.0,8050761.0,8.050761,1,0.5327,0.5,1695
2017-06-06,-0.001579,-0.000362,0.001217,-0.000362,9036471.0,9036471.0,8036471.0,8.036471,0,0.5324,0.5,1696
2017-06-07,-0.001233,0.002117,0.00335,0.002117,9025327.0,9025327.0,8025327.0,8.025327,0,0.5321,0.5,1697
2017-06-08,-0.005696,-0.005746,-5e-05,-0.005746,8973924.0,8973924.0,7973924.0,7.973924,0,0.5318,0.45,1698
2017-06-09,0.009324,0.002143,-0.007181,0.002143,9057596.0,9057596.0,8057596.0,8.057596,1,0.5321,0.45,1699
2017-06-12,-0.006456,-0.001712,0.004744,-0.001712,8999125.0,8999125.0,7999125.0,7.999125,0,0.5318,0.45,1700
2017-06-13,0.016119,0.013564,-0.002555,0.013564,9144178.0,9144178.0,8144178.0,8.144178,1,0.532,0.45,1701
2017-06-14,-0.010678,-0.007967,0.002711,-0.007967,9046540.0,9046540.0,8046540.0,8.04654,0,0.5317,0.4,1702
2017-06-15,0.010431,-0.000906,-0.011337,-0.000906,9140904.0,9140904.0,8140904.0,8.140904,1,0.532,0.45,1703
2017-06-16,0.003975,0.003871,-0.000104,0.003871,9177236.0,9177236.0,8177236.0,8.177236,1,0.5323,0.5,1704
2017-06-19,-0.011183,0.000842,0.012025,0.000842,9074603.0,9074603.0,8074603.0,8.074603,0,0.532,0.5,1705
2017-06-20,0.003613,-0.00024,-0.003853,-0.00024,9107391.0,9107391.0,8107391.0,8.107391,1,0.5322,0.55,1706
2017-06-21,0.010008,0.003437,-0.006572,0.003437,9198541.0,9198541.0,8198541.0,8.198541,1,0.5325,0.6,1707
2017-06-22,-0.008628,-0.004706,0.003923,-0.004706,9119172.0,9119172.0,8119172.0,8.119172,0,0.5322,0.55,1708
2017-06-23,0.003131,-0.000383,-0.003514,-0.000383,9147721.0,9147721.0,8147721.0,8.147721,1,0.5325,0.6,1709
2017-06-26,0.000152,-0.005077,-0.005229,-0.005077,9149108.0,9149108.0,8149108.0,8.149108,1,0.5327,0.6,1710
2017-06-27,0.001383,0.010837,0.009454,0.010837,9161762.0,9161762.0,8161762.0,8.161762,1,0.533,0.6,1711
2017-06-28,-0.004085,0.000997,0.005082,0.000997,9124335.0,9124335.0,8124335.0,8.124335,0,0.5327,0.55,1712
2017-06-29,-0.001607,-0.004851,-0.003245,-0.004851,9109675.0,9109675.0,8109675.0,8.109675,0,0.5324,0.5,1713
2017-06-30,-0.010837,-0.002855,0.007982,-0.002855,9010955.0,9010955.0,8010955.0,8.010955,0,0.5321,0.5,1714
2017-07-03,0.009324,0.00669,-0.002634,0.00669,9094972.0,9094972.0,8094972.0,8.094972,1,0.5324,0.5,1715
2017-07-05,0.015617,0.012153,-0.003464,0.012153,9237009.0,9237009.0,8237009.0,8.237009,1,0.5326,0.55,1716
2017-07-06,0.002326,0.005389,0.003062,0.005389,9258496.0,9258496.0,8258496.0,8.258496,1,0.5329,0.6,1717
2017-07-07,-0.003812,-0.003848,-3.5e-05,-0.003848,9223201.0,9223201.0,8223201.0,8.223201,0,0.5326,0.6,1718
2017-07-10,0.011286,-0.004618,-0.015904,-0.004618,9327292.0,9327292.0,8327292.0,8.327292,1,0.5329,0.6,1719
2017-07-11,-0.004775,-9.5e-05,0.00468,-9.5e-05,9282755.0,9282755.0,8282755.0,8.282755,0,0.5326,0.6,1720
2017-07-12,-0.012522,0.001259,0.01378,0.001259,9166520.0,9166520.0,8166520.0,8.16652,0,0.5322,0.55,1721
2017-07-13,0.000752,-0.007503,-0.008255,-0.007503,9173415.0,9173415.0,8173415.0,8.173415,1,0.5325,0.6,1722
2017-07-14,-0.007287,0.001682,0.008969,0.001682,9106570.0,9106570.0,8106570.0,8.10657,0,0.5322,0.55,1723
2017-07-17,0.0,0.0,0.0,0.0,9106570.0,9106570.0,8106570.0,8.10657,0,0.5319,0.5,1724
2017-07-18,-0.003115,-0.004707,-0.001592,-0.004707,9078206.0,9078206.0,8078206.0,8.078206,0,0.5316,0.5,1725
2017-07-19,0.004255,0.003659,-0.000596,0.003659,9116830.0,9116830.0,8116830.0,8.11683,1,0.5319,0.5,1726
2017-07-20,0.00745,0.005161,-0.002289,0.005161,9184751.0,9184751.0,8184751.0,8.184751,1,0.5321,0.5,1727
2017-07-21,-0.000373,-0.00281,-0.002436,-0.00281,9181322.0,9181322.0,8181322.0,8.181322,0,0.5318,0.5,1728
2017-07-24,-8.7e-05,0.000939,0.001027,0.000939,9180520.0,9180520.0,8180520.0,8.18052,0,0.5315,0.45,1729
2017-07-25,0.000297,-0.001673,-0.00197,-0.001673,9183246.0,9183246.0,8183246.0,8.183246,1,0.5318,0.45,1730
2017-07-26,0.002851,-0.00222,-0.005071,-0.00222,9209428.0,9209428.0,8209428.0,8.209428,1,0.5321,0.45,1731
2017-07-27,0.004102,0.004861,0.000759,0.004861,9247206.0,9247206.0,8247206.0,8.247206,1,0.5323,0.5,1732
2017-07-28,0.01523,0.004886,-0.010344,0.004886,9388044.0,9388044.0,8388044.0,8.388044,1,0.5326,0.55,1733
2017-07-31,-0.001896,0.000201,0.002097,0.000201,9370245.0,9370245.0,8370245.0,8.370245,0,0.5323,0.55,1734
2017-08-01,-0.003306,0.014031,0.017337,0.014031,9339271.0,9339271.0,8339271.0,8.339271,0,0.532,0.5,1735
2017-08-02,-0.014302,-0.004789,0.009513,-0.004789,9205698.0,9205698.0,8205698.0,8.205698,0,0.5317,0.45,1736
2017-08-03,0.011737,0.009742,-0.001995,0.009742,9313748.0,9313748.0,8313748.0,8.313748,1,0.532,0.45,1737
2017-08-04,-0.005757,-0.001086,0.004671,-0.001086,9260126.0,9260126.0,8260126.0,8.260126,0,0.5316,0.45,1738
2017-08-07,-0.004669,-0.007429,-0.002759,-0.007429,9216887.0,9216887.0,8216887.0,8.216887,0,0.5313,0.4,1739
2017-08-08,0.008535,0.003623,-0.004912,0.003623,9295551.0,9295551.0,8295551.0,8.295551,1,0.5316,0.45,1740
2017-08-09,-0.013346,-0.0069,0.006446,-0.0069,9171493.0,9171493.0,8171493.0,8.171493,0,0.5313,0.45,1741
2017-08-10,0.004383,-0.000425,-0.004808,-0.000425,9211694.0,9211694.0,8211694.0,8.211694,1,0.5316,0.45,1742
2017-08-11,0.0,0.0,-0.0,0.0,9211694.0,9211694.0,8211694.0,8.211694,1,0.5318,0.5,1743
2017-08-14,0.006072,0.004962,-0.00111,0.004962,9267629.0,9267629.0,8267629.0,8.267629,1,0.5321,0.55,1744
2017-08-15,0.003465,-0.000981,-0.004446,-0.000981,9299745.0,9299745.0,8299745.0,8.299745,1,0.5324,0.6,1745
2017-08-16,0.004733,0.009943,0.005211,0.009943,9343758.0,9343758.0,8343758.0,8.343758,1,0.5326,0.6,1746
2017-08-17,-0.010345,-0.005998,0.004347,-0.005998,9247100.0,9247100.0,8247100.0,8.2471,0,0.5323,0.55,1747
2017-08-18,-0.001944,0.001481,0.003425,0.001481,9229128.0,9229128.0,8229128.0,8.229128,0,0.532,0.55,1748
2017-08-21,-0.002344,-0.002203,0.000142,-0.002203,9207491.0,9207491.0,8207491.0,8.207491,0,0.5317,0.55,1749
2017-08-22,0.004164,0.007353,0.00319,0.007353,9245829.0,9245829.0,8245829.0,8.245829,1,0.532,0.55,1750
2017-08-23,-0.01356,-0.014278,-0.000717,-0.014278,9120451.0,9120451.0,8120451.0,8.120451,0,0.5317,0.5,1751
2017-08-24,0.006731,-0.001628,-0.008359,-0.001628,9181844.0,9181844.0,8181844.0,8.181844,1,0.532,0.5,1752
2017-08-25,0.007135,0.000951,-0.006184,0.000951,9247361.0,9247361.0,8247361.0,8.247361,1,0.5322,0.5,1753
2017-08-28,-0.016263,-0.003394,0.012869,-0.003394,9096973.0,9096973.0,8096973.0,8.096973,0,0.5319,0.5,1754
2017-08-29,0.01075,0.010911,0.000161,0.010911,9194765.0,9194765.0,8194765.0,8.194765,1,0.5322,0.55,1755
2017-08-30,-0.002053,0.001059,0.003112,0.001059,9175890.0,9175890.0,8175890.0,8.17589,0,0.5319,0.55,1756
2017-08-31,0.006282,-0.00159,-0.007872,-0.00159,9233530.0,9233530.0,8233530.0,8.23353,1,0.5322,0.55,1757
2017-09-01,0.003376,-0.000505,-0.003881,-0.000505,9264702.0,9264702.0,8264702.0,8.264702,1,0.5324,0.6,1758
2017-09-05,0.00596,-0.010127,-0.016087,-0.010127,9319918.0,9319918.0,8319918.0,8.319918,1,0.5327,0.65,1759
2017-09-06,0.009066,0.006879,-0.002188,0.006879,9404416.0,9404416.0,8404416.0,8.404416,1,0.533,0.65,1760
2017-09-07,-0.020938,-0.002755,0.018183,-0.002755,9207509.0,9207509.0,8207509.0,8.207509,0,0.5327,0.65,1761
2017-09-08,-0.00185,-0.001101,0.00075,-0.001101,9190472.0,9190472.0,8190472.0,8.190472,0,0.5323,0.6,1762
2017-09-11,4.8e-05,0.000234,0.000185,0.000234,9190916.0,9190916.0,8190916.0,8.190916,1,0.5326,0.6,1763
2017-09-12,-0.000908,-0.004431,-0.003523,-0.004431,9182571.0,9182571.0,8182571.0,8.182571,0,0.5323,0.55,1764
2017-09-13,-0.000301,0.002196,0.002497,0.002196,9179810.0,9179810.0,8179810.0,8.17981,0,0.532,0.5,1765
2017-09-14,-0.004816,8.3e-05,0.004899,8.3e-05,9135600.0,9135600.0,8135600.0,8.1356,0,0.5317,0.45,1766
2017-09-15,0.004064,0.002185,-0.001879,0.002185,9172726.0,9172726.0,8172726.0,8.172726,1,0.532,0.5,1767
2017-09-18,0.0,0.0,0.0,0.0,9172726.0,9172726.0,8172726.0,8.172726,1,0.5322,0.55,1768
2017-09-19,0.007737,0.012965,0.005228,0.012965,9243697.0,9243697.0,8243697.0,8.243697,1,0.5325,0.6,1769
2017-09-20,0.014878,0.012237,-0.00264,0.012237,9381221.0,9381221.0,8381221.0,8.381221,1,0.5328,0.6,1770
2017-09-21,0.005928,-0.00547,-0.011397,-0.00547,9436829.0,9436829.0,8436829.0,8.436829,1,0.533,0.65,1771
2017-09-22,0.001325,0.000357,-0.000969,0.000357,9449337.0,9449337.0,8449337.0,8.449337,1,0.5333,0.65,1772
2017-09-25,1.9e-05,-0.000677,-0.000696,-0.000677,9449517.0,9449517.0,8449517.0,8.449517,1,0.5336,0.65,1773
2017-09-26,-0.008219,0.002579,0.010799,0.002579,9371848.0,9371848.0,8371848.0,8.371848,0,0.5333,0.65,1774
2017-09-27,0.008659,0.007644,-0.001015,0.007644,9453000.0,9453000.0,8453000.0,8.453,1,0.5335,0.65,1775
2017-09-28,0.003501,-0.000495,-0.003997,-0.000495,9486099.0,9486099.0,8486099.0,8.486099,1,0.5338,0.7,1776
2017-09-29,-0.006881,0.003613,0.010494,0.003613,9420824.0,9420824.0,8420824.0,8.420824,0,0.5335,0.65,1777
2017-10-02,-0.012184,-0.011006,0.001178,-0.011006,9306038.0,9306038.0,8306038.0,8.306038,0,0.5332,0.6,1778
2017-10-03,-0.006239,0.004918,0.011157,0.004918,9247975.0,9247975.0,8247975.0,8.247975,0,0.5329,0.55,1779
2017-10-04,0.000618,-0.002115,-0.002733,-0.002115,9253692.0,9253692.0,8253692.0,8.253692,1,0.5331,0.55,1780
2017-10-05,-0.00305,0.001032,0.004082,0.001032,9225471.0,9225471.0,8225471.0,8.225471,0,0.5328,0.55,1781
2017-10-06,0.01606,0.003355,-0.012705,0.003355,9373635.0,9373635.0,8373635.0,8.373635,1,0.5331,0.6,1782
2017-10-09,0.0,0.0,0.0,0.0,9373635.0,9373635.0,8373635.0,8.373635,0,0.5328,0.55,1783
2017-10-10,0.002975,0.008973,0.005997,0.008973,9401524.0,9401524.0,8401524.0,8.401524,1,0.5331,0.6,1784
2017-10-11,-0.002547,-0.000311,0.002236,-0.000311,9377575.0,9377575.0,8377575.0,8.377575,0,0.5328,0.6,1785
2017-10-12,0.018803,0.005044,-0.013759,0.005044,9553899.0,9553899.0,8553899.0,8.553899,1,0.533,0.65,1786
2017-10-13,-0.003609,-0.001731,0.001878,-0.001731,9519421.0,9519421.0,8519421.0,8.519421,0,0.5327,0.6,1787
2017-10-16,0.01531,0.009375,-0.005935,0.009375,9665166.0,9665166.0,8665166.0,8.665166,1,0.533,0.6,1788
2017-10-17,-0.00636,-0.005016,0.001344,-0.005016,9603699.0,9603699.0,8603699.0,8.603699,0,0.5327,0.55,1789
2017-10-18,0.013884,0.014588,0.000704,0.014588,9737039.0,9737039.0,8737039.0,8.737039,1,0.533,0.55,1790
2017-10-19,-0.006119,-0.004035,0.002084,-0.004035,9677460.0,9677460.0,8677460.0,8.67746,0,0.5327,0.5,1791
2017-10-20,-0.004434,-0.001546,0.002888,-0.001546,9634553.0,9634553.0,8634553.0,8.634553,0,0.5324,0.45,1792
2017-10-23,0.008617,0.00224,-0.006377,0.00224,9717571.0,9717571.0,8717571.0,8.717571,1,0.5326,0.45,1793
2017-10-24,-0.005432,0.01035,0.015782,0.01035,9664780.0,9664780.0,8664780.0,8.66478,0,0.5323,0.45,1794
2017-10-25,0.006286,-0.00528,-0.011566,-0.00528,9725533.0,9725533.0,8725533.0,8.725533,1,0.5326,0.45,1795
2017-10-26,0.002017,0.004479,0.002462,0.004479,9745151.0,9745151.0,8745151.0,8.745151,1,0.5329,0.45,1796
2017-10-27,0.010722,0.012579,0.001857,0.012579,9849639.0,9849639.0,8849639.0,8.849639,1,0.5331,0.5,1797
2017-10-30,0.004198,0.004811,0.000613,0.004811,9890985.0,9890985.0,8890985.0,8.890985,1,0.5334,0.55,1798
2017-10-31,-0.011361,-0.008222,0.003139,-0.008222,9778613.0,9778613.0,8778613.0,8.778613,0,0.5331,0.55,1799
2017-11-01,-0.013916,-0.002446,0.01147,-0.002446,9642535.0,9642535.0,8642535.0,8.642535,0,0.5328,0.5,1800
2017-11-02,0.014951,0.005257,-0.009694,0.005257,9786697.0,9786697.0,8786697.0,8.786697,1,0.533,0.55,1801
2017-11-03,0.0,0.0,0.0,0.0,9786697.0,9786697.0,8786697.0,8.786697,0,0.5327,0.5,1802
2017-11-06,-0.003852,0.000974,0.004826,0.000974,9749002.0,9749002.0,8749002.0,8.749002,0,0.5324,0.5,1803
2017-11-07,-0.018921,0.010072,0.028993,0.010072,9564538.0,9564538.0,8564538.0,8.564538,0,0.5322,0.45,1804
2017-11-08,-0.007941,-0.004504,0.003437,-0.004504,9488587.0,9488587.0,8488587.0,8.488587,0,0.5319,0.45,1805
2017-11-09,-0.016596,-0.021277,-0.004681,-0.021277,9331110.0,9331110.0,8331110.0,8.33111,0,0.5316,0.4,1806
2017-11-10,0.026515,0.031462,0.004947,0.031462,9578523.0,9578523.0,8578523.0,8.578523,1,0.5318,0.45,1807
2017-11-13,0.004408,-0.008885,-0.013293,-0.008885,9620746.0,9620746.0,8620746.0,8.620746,1,0.5321,0.45,1808
2017-11-14,-0.008482,-0.014988,-0.006506,-0.014988,9539147.0,9539147.0,8539147.0,8.539147,0,0.5318,0.45,1809
2017-11-15,0.021966,0.007385,-0.014581,0.007385,9748688.0,9748688.0,8748688.0,8.748688,1,0.532,0.45,1810
2017-11-16,-0.001568,0.007502,0.00907,0.007502,9733406.0,9733406.0,8733406.0,8.733406,0,0.5318,0.45,1811
2017-11-17,-0.000839,-0.013585,-0.012746,-0.013585,9725241.0,9725241.0,8725241.0,8.725241,0,0.5315,0.45,1812
2017-11-20,0.002796,-0.005774,-0.00857,-0.005774,9752430.0,9752430.0,8752430.0,8.75243,1,0.5317,0.45,1813
2017-11-21,0.009015,0.007734,-0.001282,0.007734,9840351.0,9840351.0,8840351.0,8.840351,1,0.532,0.5,1814
2017-11-22,-0.020371,-0.016395,0.003976,-0.016395,9639894.0,9639894.0,8639894.0,8.639894,0,0.5317,0.45,1815
2017-11-24,0.00423,0.002558,-0.001672,0.002558,9680670.0,9680670.0,8680670.0,8.68067,1,0.5319,0.45,1816
2017-11-27,-0.014756,-0.006403,0.008352,-0.006403,9537823.0,9537823.0,8537823.0,8.537823,0,0.5316,0.4,1817
2017-11-28,0.005704,-0.001955,-0.007658,-0.001955,9592223.0,9592223.0,8592223.0,8.592223,1,0.5319,0.4,1818
2017-11-29,-0.005651,-0.00255,0.003101,-0.00255,9538019.0,9538019.0,8538019.0,8.538019,0,0.5316,0.4,1819
2017-11-30,0.012842,0.010088,-0.002753,0.010088,9660505.0,9660505.0,8660505.0,8.660505,1,0.5319,0.45,1820
2017-12-01,-0.024235,-0.011359,0.012876,-0.011359,9426381.0,9426381.0,8426381.0,8.426381,0,0.5316,0.4,1821
2017-12-04,0.002277,-0.007096,-0.009373,-0.007096,9447841.0,9447841.0,8447841.0,8.447841,1,0.5318,0.45,1822
2017-12-05,0.001455,0.015937,0.014483,0.015937,9461583.0,9461583.0,8461583.0,8.461583,1,0.5321,0.5,1823
2017-12-06,0.004437,-0.004486,-0.008923,-0.004486,9503565.0,9503565.0,8503565.0,8.503565,1,0.5323,0.55,1824
2017-12-07,0.029345,0.033445,0.0041,0.033445,9782449.0,9782449.0,8782449.0,8.782449,1,0.5326,0.6,1825
2017-12-08,0.008871,0.016207,0.007336,0.016207,9869232.0,9869232.0,8869232.0,8.869232,1,0.5329,0.65,1826
2017-12-11,0.003232,0.012084,0.008853,0.012084,9901125.0,9901125.0,8901125.0,8.901125,1,0.5331,0.65,1827
2017-12-12,-0.028201,-0.007871,0.020331,-0.007871,9621900.0,9621900.0,8621900.0,8.6219,0,0.5328,0.6,1828
2017-12-13,0.01154,0.001001,-0.010539,0.001001,9732937.0,9732937.0,8732937.0,8.732937,1,0.5331,0.65,1829
2017-12-14,-0.011141,-0.001628,0.009514,-0.001628,9624499.0,9624499.0,8624499.0,8.624499,0,0.5328,0.6,1830
2017-12-15,-0.001068,-0.010869,-0.009801,-0.010869,9614215.0,9614215.0,8614215.0,8.614215,0,0.5325,0.6,1831
2017-12-18,-0.003844,-0.005423,-0.001579,-0.005423,9577257.0,9577257.0,8577257.0,8.577257,0,0.5322,0.6,1832
2017-12-19,0.004379,0.000929,-0.003449,0.000929,9619194.0,9619194.0,8619194.0,8.619194,1,0.5325,0.6,1833
2017-12-20,-0.027361,-0.007312,0.020049,-0.007312,9356006.0,9356006.0,8356006.0,8.356006,0,0.5322,0.55,1834
2017-12-21,-0.011844,-0.004413,0.007431,-0.004413,9245191.0,9245191.0,8245191.0,8.245191,0,0.5319,0.55,1835
2017-12-22,-0.001471,0.004899,0.00637,0.004899,9231593.0,9231593.0,8231593.0,8.231593,0,0.5316,0.5,1836
2017-12-26,-0.014038,-0.006118,0.00792,-0.006118,9102002.0,9102002.0,8102002.0,8.102002,0,0.5313,0.5,1837
2017-12-27,-0.003235,0.006097,0.009332,0.006097,9072555.0,9072555.0,8072555.0,8.072555,0,0.531,0.45,1838
2017-12-28,0.002018,-0.002286,-0.004304,-0.002286,9090865.0,9090865.0,8090865.0,8.090865,1,0.5313,0.5,1839
2017-12-29,-0.00701,-0.00391,0.0031,-0.00391,9027140.0,9027140.0,8027140.0,8.02714,0,0.531,0.45,1840
2018-01-02,0.0,0.0,0.0,0.0,9027140.0,9027140.0,8027140.0,8.02714,0,0.5307,0.45,1841
2018-01-03,0.0,0.0,0.0,0.0,9027140.0,9027140.0,8027140.0,8.02714,0,0.5304,0.4,1842
2018-01-04,0.021522,0.01577,-0.005752,0.01577,9221419.0,9221419.0,8221419.0,8.221419,1,0.5307,0.4,1843
2018-01-05,0.005977,-0.002746,-0.008723,-0.002746,9276537.0,9276537.0,8276537.0,8.276537,1,0.5309,0.4,1844
2018-01-08,0.0,0.0,0.0,0.0,9276537.0,9276537.0,8276537.0,8.276537,0,0.5306,0.35,1845
2018-01-09,0.003002,-0.001862,-0.004864,-0.001862,9304389.0,9304389.0,8304389.0,8.304389,1,0.5309,0.35,1846
2018-01-10,-0.021509,-0.012567,0.008942,-0.012567,9104261.0,9104261.0,8104261.0,8.104261,0,0.5306,0.3,1847
2018-01-11,0.017576,0.013882,-0.003694,0.013882,9264281.0,9264281.0,8264281.0,8.264281,1,0.5308,0.35,1848
2018-01-12,0.012095,-0.008364,-0.020458,-0.008364,9376329.0,9376329.0,8376329.0,8.376329,1,0.5311,0.35,1849
2018-01-16,0.004431,0.004141,-0.00029,0.004141,9417879.0,9417879.0,8417879.0,8.417879,1,0.5314,0.4,1850
2018-01-17,-0.005752,-0.006613,-0.000861,-0.006613,9363711.0,9363711.0,8363711.0,8.363711,0,0.5311,0.4,1851
2018-01-18,0.007517,-0.013179,-0.020696,-0.013179,9434093.0,9434093.0,8434093.0,8.434093,1,0.5313,0.45,1852
2018-01-19,-0.00259,0.000173,0.002763,0.000173,9409661.0,9409661.0,8409661.0,8.409661,0,0.531,0.4,1853
2018-01-22,-0.004553,-0.008004,-0.003451,-0.008004,9366816.0,9366816.0,8366816.0,8.366816,0,0.5307,0.4,1854
2018-01-23,0.000718,0.014088,0.013371,0.014088,9373538.0,9373538.0,8373538.0,8.373538,1,0.531,0.45,1855
2018-01-24,-0.000204,0.000422,0.000626,0.000422,9371624.0,9371624.0,8371624.0,8.371624,0,0.5307,0.45,1856
2018-01-25,0.011724,0.00471,-0.007014,0.00471,9481500.0,9481500.0,8481500.0,8.4815,1,0.531,0.5,1857
2018-01-26,0.020991,0.007488,-0.013503,0.007488,9680524.0,9680524.0,8680524.0,8.680524,1,0.5312,0.55,1858
2018-01-29,-0.018979,-0.004331,0.014648,-0.004331,9496794.0,9496794.0,8496794.0,8.496794,0,0.5309,0.5,1859
2018-01-30,-0.010628,-0.017621,-0.006993,-0.017621,9395859.0,9395859.0,8395859.0,8.395859,0,0.5306,0.5,1860
2018-01-31,0.004303,-0.00731,-0.011613,-0.00731,9436294.0,9436294.0,8436294.0,8.436294,1,0.5309,0.55,1861
2018-02-01,0.00329,0.023201,0.01991,0.023201,9467342.0,9467342.0,8467342.0,8.467342,1,0.5311,0.6,1862
2018-02-02,-0.011285,-0.004044,0.007241,-0.004044,9360507.0,9360507.0,8360507.0,8.360507,0,0.5309,0.55,1863
2018-02-05,-0.00829,0.000216,0.008506,0.000216,9282911.0,9282911.0,8282911.0,8.282911,0,0.5306,0.5,1864
2018-02-06,0.028476,0.017415,-0.01106,0.017415,9547248.0,9547248.0,8547248.0,8.547248,1,0.5308,0.55,1865
2018-02-07,0.020529,-0.023627,-0.044155,-0.023627,9743242.0,9743242.0,8743242.0,8.743242,1,0.5311,0.55,1866
2018-02-08,-0.00775,-0.000637,0.007113,-0.000637,9667735.0,9667735.0,8667735.0,8.667735,0,0.5308,0.55,1867
2018-02-09,0.023704,0.023299,-0.000405,0.023299,9896901.0,9896901.0,8896901.0,8.896901,1,0.531,0.55,1868
2018-02-12,0.0,0.0,-0.0,0.0,9896901.0,9896901.0,8896901.0,8.896901,1,0.5313,0.55,1869
2018-02-13,-0.001047,-0.024052,-0.023005,-0.024052,9886541.0,9886541.0,8886541.0,8.886541,0,0.531,0.5,1870
2018-02-14,-0.003277,-0.007901,-0.004624,-0.007901,9854145.0,9854145.0,8854145.0,8.854145,0,0.5307,0.5,1871
2018-02-15,-0.002148,-0.005364,-0.003217,-0.005364,9832981.0,9832981.0,8832981.0,8.832981,0,0.5304,0.45,1872
2018-02-16,0.000635,0.003802,0.003167,0.003802,9839226.0,9839226.0,8839226.0,8.839226,1,0.5307,0.5,1873
2018-02-20,0.002804,-0.005604,-0.008408,-0.005604,9866819.0,9866819.0,8866819.0,8.866819,1,0.5309,0.55,1874
2018-02-21,-0.000395,-0.007126,-0.006731,-0.007126,9862920.0,9862920.0,8862920.0,8.86292,0,0.5307,0.5,1875
2018-02-22,0.005361,0.006502,0.00114,0.006502,9915799.0,9915799.0,8915799.0,8.915799,1,0.5309,0.55,1876
2018-02-23,0.016415,0.013577,-0.002838,0.013577,10078570.0,10078570.0,9078570.0,9.07857,1,0.5312,0.55,1877
2018-02-26,0.008126,0.001225,-0.006901,0.001225,10160473.0,10160473.0,9160473.0,9.160473,1,0.5314,0.55,1878
2018-02-27,-0.010316,-0.010956,-0.00064,-0.010956,10055654.0,10055654.0,9055654.0,9.055654,0,0.5311,0.55,1879
2018-02-28,0.010368,0.003617,-0.006751,0.003617,10159912.0,10159912.0,9159912.0,9.159912,1,0.5314,0.6,1880
2018-03-01,0.006649,-0.002807,-0.009456,-0.002807,10227466.0,10227466.0,9227466.0,9.227466,1,0.5316,0.6,1881
2018-03-02,0.005972,0.001143,-0.004829,0.001143,10288544.0,10288544.0,9288544.0,9.288544,1,0.5319,0.6,1882
2018-03-05,0.009551,0.00975,0.000198,0.00975,10386814.0,10386814.0,9386814.0,9.386814,1,0.5321,0.65,1883
2018-03-06,0.002906,0.004838,0.001932,0.004838,10416998.0,10416998.0,9416998.0,9.416998,1,0.5324,0.7,1884
2018-03-07,0.003226,-0.005554,-0.00878,-0.005554,10450599.0,10450599.0,9450599.0,9.450599,1,0.5326,0.7,1885
2018-03-08,0.004603,-0.008629,-0.013232,-0.008629,10498705.0,10498705.0,9498705.0,9.498705,1,0.5329,0.7,1886
2018-03-09,0.00214,-0.007361,-0.009501,-0.007361,10521172.0,10521172.0,9521172.0,9.521172,1,0.5331,0.75,1887
2018-03-12,0.001264,0.009012,0.007748,0.009012,10534469.0,10534469.0,9534469.0,9.534469,1,0.5334,0.75,1888
2018-03-13,0.014443,0.009673,-0.00477,0.009673,10686624.0,10686624.0,9686624.0,9.686624,1,0.5336,0.75,1889
2018-03-14,0.009869,0.011532,0.001663,0.011532,10792090.0,10792090.0,9792090.0,9.79209,1,0.5339,0.8,1890
2018-03-15,0.008515,0.008738,0.000223,0.008738,10883986.0,10883986.0,9883986.0,9.883986,1,0.5341,0.85,1891
2018-03-16,-0.00552,-0.009104,-0.003583,-0.009104,10823902.0,10823902.0,9823902.0,9.823902,0,0.5338,0.85,1892
2018-03-19,0.009833,-0.004622,-0.014455,-0.004622,10930333.0,10930333.0,9930333.0,9.930333,1,0.5341,0.85,1893
2018-03-20,0.012076,0.019617,0.007542,0.019617,11062326.0,11062326.0,10062326.0,10.062326,1,0.5343,0.85,1894
2018-03-21,0.0,0.0,0.0,0.0,11062326.0,11062326.0,10062326.0,10.062326,0,0.534,0.85,1895
2018-03-22,-0.001528,0.006509,0.008037,0.006509,11045418.0,11045418.0,10045418.0,10.045418,0,0.5338,0.8,1896
2018-03-23,-0.001969,-0.011008,-0.009038,-0.011008,11023667.0,11023667.0,10023667.0,10.023667,0,0.5335,0.75,1897
2018-03-26,-0.017853,0.008397,0.02625,0.008397,10826859.0,10826859.0,9826859.0,9.826859,0,0.5332,0.7,1898
2018-03-27,-0.004378,0.019019,0.023396,0.019019,10779465.0,10779465.0,9779465.0,9.779465,0,0.5329,0.7,1899
2018-03-28,0.012364,0.022731,0.010368,0.022731,10912739.0,10912739.0,9912739.0,9.912739,1,0.5332,0.7,1900
2018-03-29,0.015283,0.004293,-0.010991,0.004293,11079521.0,11079521.0,10079521.0,10.079521,1,0.5334,0.7,1901
2018-04-02,-0.007795,-0.009851,-0.002056,-0.009851,10993158.0,10993158.0,9993158.0,9.993158,0,0.5331,0.65,1902
2018-04-03,-0.00945,-0.001162,0.008289,-0.001162,10889272.0,10889272.0,9889272.0,9.889272,0,0.5328,0.6,1903
2018-04-04,-0.003353,0.003069,0.006421,0.003069,10852763.0,10852763.0,9852763.0,9.852763,0,0.5326,0.55,1904
2018-04-05,-0.012067,0.00096,0.013027,0.00096,10721798.0,10721798.0,9721798.0,9.721798,0,0.5323,0.5,1905
2018-04-06,0.005205,0.011077,0.005871,0.011077,10777610.0,10777610.0,9777610.0,9.77761,1,0.5325,0.5,1906
2018-04-09,0.010047,0.01311,0.003062,0.01311,10885895.0,10885895.0,9885895.0,9.885895,1,0.5328,0.5,1907
2018-04-10,-0.027523,-0.009816,0.017707,-0.009816,10586282.0,10586282.0,9586282.0,9.586282,0,0.5325,0.45,1908
2018-04-11,0.010229,0.00436,-0.005869,0.00436,10694570.0,10694570.0,9694570.0,9.69457,1,0.5327,0.45,1909
2018-04-12,-0.006035,-0.010994,-0.004959,-0.010994,10630032.0,10630032.0,9630032.0,9.630032,0,0.5325,0.4,1910
2018-04-13,0.006359,0.009855,0.003495,0.009855,10697633.0,10697633.0,9697633.0,9.697633,1,0.5327,0.4,1911
2018-04-16,0.00545,0.004135,-0.001316,0.004135,10755939.0,10755939.0,9755939.0,9.755939,1,0.5329,0.45,1912
2018-04-17,-0.00669,-0.003844,0.002845,-0.003844,10683984.0,10683984.0,9683984.0,9.683984,0,0.5327,0.4,1913
2018-04-18,-0.002971,0.007535,0.010507,0.007535,10652240.0,10652240.0,9652240.0,9.65224,0,0.5324,0.35,1914
2018-04-19,0.002456,-0.003065,-0.00552,-0.003065,10678400.0,10678400.0,9678400.0,9.6784,1,0.5326,0.4,1915
2018-04-20,-0.00673,0.008591,0.015322,0.008591,10606531.0,10606531.0,9606531.0,9.606531,0,0.5324,0.4,1916
2018-04-23,0.008788,0.005799,-0.00299,0.005799,10699744.0,10699744.0,9699744.0,9.699744,1,0.5326,0.45,1917
2018-04-24,-0.009808,0.008972,0.018781,0.008972,10594797.0,10594797.0,9594797.0,9.594797,0,0.5323,0.45,1918
2018-04-25,-0.004838,0.00688,0.011718,0.00688,10543539.0,10543539.0,9543539.0,9.543539,0,0.532,0.45,1919
2018-04-26,0.004694,-0.001843,-0.006538,-0.001843,10593034.0,10593034.0,9593034.0,9.593034,1,0.5323,0.45,1920
2018-04-27,-0.033644,-0.011947,0.021697,-0.011947,10236639.0,10236639.0,9236639.0,9.236639,0,0.532,0.4,1921
2018-04-30,0.0,0.0,0.0,0.0,10236639.0,10236639.0,9236639.0,9.236639,0,0.5317,0.4,1922
2018-05-01,-0.00917,0.006674,0.015845,0.006674,10142766.0,10142766.0,9142766.0,9.142766,0,0.5315,0.4,1923
2018-05-02,-0.014408,-0.011331,0.003077,-0.011331,9996626.0,9996626.0,8996626.0,8.996626,0,0.5312,0.4,1924
2018-05-03,0.0,0.0,0.0,0.0,9996626.0,9996626.0,8996626.0,8.996626,0,0.5309,0.4,1925
2018-05-04,0.0,0.0,0.0,0.0,9996626.0,9996626.0,8996626.0,8.996626,0,0.5306,0.35,1926
2018-05-07,0.026359,0.019621,-0.006738,0.019621,10260129.0,10260129.0,9260129.0,9.260129,1,0.5309,0.35,1927
2018-05-08,0.015255,0.009487,-0.005767,0.009487,10416645.0,10416645.0,9416645.0,9.416645,1,0.5311,0.4,1928
2018-05-09,0.025885,-0.017723,-0.043608,-0.017723,10686283.0,10686283.0,9686283.0,9.686283,1,0.5314,0.4,1929
2018-05-10,-0.007504,-0.005234,0.00227,-0.005234,10606092.0,10606092.0,9606092.0,9.606092,0,0.5311,0.4,1930
2018-05-11,0.017427,0.018013,0.000586,0.018013,10790925.0,10790925.0,9790925.0,9.790925,1,0.5313,0.4,1931
2018-05-14,0.005186,0.016723,0.011537,0.016723,10846889.0,10846889.0,9846889.0,9.846889,1,0.5316,0.4,1932
2018-05-15,-0.01099,-0.00456,0.00643,-0.00456,10727684.0,10727684.0,9727684.0,9.727684,0,0.5313,0.4,1933
2018-05-16,-0.006716,-0.002002,0.004714,-0.002002,10655639.0,10655639.0,9655639.0,9.655639,0,0.531,0.4,1934
2018-05-17,0.012359,0.006559,-0.0058,0.006559,10787329.0,10787329.0,9787329.0,9.787329,1,0.5313,0.4,1935
2018-05-18,0.007613,0.013586,0.005973,0.013586,10869453.0,10869453.0,9869453.0,9.869453,1,0.5315,0.45,1936
2018-05-21,0.007562,-0.00062,-0.008183,-0.00062,10951650.0,10951650.0,9951650.0,9.95165,1,0.5318,0.45,1937
2018-05-22,0.02447,0.000639,-0.023831,0.000639,11219635.0,11219635.0,10219635.0,10.219635,1,0.532,0.5,1938
2018-05-23,-0.01425,-0.014647,-0.000397,-0.014647,11059759.0,11059759.0,10059759.0,10.059759,0,0.5317,0.5,1939
2018-05-24,0.014445,-0.003807,-0.018253,-0.003807,11219518.0,11219518.0,10219518.0,10.219518,1,0.532,0.5,1940
2018-05-25,0.001207,-0.000741,-0.001948,-0.000741,11233055.0,11233055.0,10233055.0,10.233055,1,0.5322,0.55,1941
2018-05-29,0.00609,-0.000329,-0.006419,-0.000329,11301470.0,11301470.0,10301470.0,10.30147,1,0.5324,0.6,1942
2018-05-30,0.002922,0.004776,0.001854,0.004776,11334493.0,11334493.0,10334493.0,10.334493,1,0.5327,0.65,1943
2018-05-31,0.014068,0.005782,-0.008286,0.005782,11493942.0,11493942.0,10493942.0,10.493942,1,0.5329,0.7,1944
2018-06-01,-0.010712,-0.005874,0.004838,-0.005874,11370823.0,11370823.0,10370823.0,10.370823,0,0.5326,0.7,1945
2018-06-04,0.017202,0.016464,-0.000738,0.016464,11566426.0,11566426.0,10566426.0,10.566426,1,0.5329,0.75,1946
2018-06-05,0.01351,-0.002207,-0.015717,-0.002207,11722694.0,11722694.0,10722694.0,10.722694,1,0.5331,0.75,1947
2018-06-06,0.005802,0.013111,0.007309,0.013111,11790710.0,11790710.0,10790710.0,10.79071,1,0.5334,0.75,1948
2018-06-07,-0.003946,0.001204,0.00515,0.001204,11744188.0,11744188.0,10744188.0,10.744188,0,0.5331,0.7,1949
2018-06-08,0.00523,0.001771,-0.003458,0.001771,11805607.0,11805607.0,10805607.0,10.805607,1,0.5333,0.75,1950
2018-06-11,-0.026619,-0.014899,0.01172,-0.014899,11491352.0,11491352.0,10491352.0,10.491352,0,0.5331,0.7,1951
2018-06-12,-0.001166,-0.007295,-0.006128,-0.007295,11477950.0,11477950.0,10477950.0,10.47795,0,0.5328,0.65,1952
2018-06-13,-0.002233,0.003882,0.006115,0.003882,11452324.0,11452324.0,10452324.0,10.452324,0,0.5325,0.65,1953
2018-06-14,0.000596,-8.3e-05,-0.000679,-8.3e-05,11459152.0,11459152.0,10459152.0,10.459152,1,0.5328,0.7,1954
2018-06-15,-0.001775,0.001633,0.003408,0.001633,11438818.0,11438818.0,10438818.0,10.438818,0,0.5325,0.65,1955
2018-06-18,0.003858,-0.010436,-0.014295,-0.010436,11482953.0,11482953.0,10482953.0,10.482953,1,0.5327,0.65,1956
2018-06-19,-0.001035,-0.003957,-0.002922,-0.003957,11471072.0,11471072.0,10471072.0,10.471072,0,0.5324,0.6,1957
2018-06-20,0.01808,0.010277,-0.007803,0.010277,11678465.0,11678465.0,10678465.0,10.678465,1,0.5327,0.6,1958
2018-06-21,-3.4e-05,-0.006888,-0.006854,-0.006888,11678072.0,11678072.0,10678072.0,10.678072,0,0.5324,0.6,1959
2018-06-22,-0.002568,0.00522,0.007788,0.00522,11648079.0,11648079.0,10648079.0,10.648079,0,0.5321,0.55,1960
2018-06-25,0.009376,-0.012091,-0.021467,-0.012091,11757292.0,11757292.0,10757292.0,10.757292,1,0.5324,0.55,1961
2018-06-26,0.00096,0.012364,0.011404,0.012364,11768582.0,11768582.0,10768582.0,10.768582,1,0.5326,0.55,1962
2018-06-27,-0.022446,-0.018986,0.003461,-0.018986,11504423.0,11504423.0,10504423.0,10.504423,0,0.5323,0.5,1963
2018-06-28,0.005334,-0.001005,-0.006339,-0.001005,11565785.0,11565785.0,10565785.0,10.565785,1,0.5326,0.5,1964
2018-06-29,0.008847,0.008472,-0.000375,0.008472,11668110.0,11668110.0,10668110.0,10.66811,1,0.5328,0.55,1965
2018-07-02,-0.002226,-0.015761,-0.013534,-0.015761,11642132.0,11642132.0,10642132.0,10.642132,0,0.5326,0.5,1966
2018-07-03,0.008108,0.001147,-0.006961,0.001147,11736532.0,11736532.0,10736532.0,10.736532,1,0.5328,0.5,1967
2018-07-05,-0.009422,-0.011158,-0.001737,-0.011158,11625951.0,11625951.0,10625951.0,10.625951,0,0.5325,0.45,1968
2018-07-06,0.002881,0.008041,0.00516,0.008041,11659443.0,11659443.0,10659443.0,10.659443,1,0.5328,0.5,1969
2018-07-09,0.004972,0.003962,-0.00101,0.003962,11717418.0,11717418.0,10717418.0,10.717418,1,0.533,0.5,1970
2018-07-10,0.010396,-0.002346,-0.012742,-0.002346,11839230.0,11839230.0,10839230.0,10.83923,1,0.5332,0.55,1971
2018-07-11,-0.009414,-0.010607,-0.001192,-0.010607,11727771.0,11727771.0,10727771.0,10.727771,0,0.533,0.55,1972
2018-07-12,-0.006996,-0.007597,-0.000602,-0.007597,11645725.0,11645725.0,10645725.0,10.645725,0,0.5327,0.55,1973
2018-07-13,0.005559,-0.000783,-0.006342,-0.000783,11710460.0,11710460.0,10710460.0,10.71046,1,0.5329,0.55,1974
2018-07-16,0.0,0.0,0.0,0.0,11710460.0,11710460.0,10710460.0,10.71046,0,0.5327,0.55,1975
2018-07-17,-0.012566,0.001249,0.013815,0.001249,11563311.0,11563311.0,10563311.0,10.563311,0,0.5324,0.5,1976
2018-07-18,-0.010405,-0.01402,-0.003614,-0.01402,11442994.0,11442994.0,10442994.0,10.442994,0,0.5321,0.5,1977
2018-07-19,0.012799,0.0112,-0.001599,0.0112,11589457.0,11589457.0,10589457.0,10.589457,1,0.5324,0.5,1978
2018-07-20,-0.00111,-0.002972,-0.001861,-0.002972,11576589.0,11576589.0,10576589.0,10.576589,0,0.5321,0.5,1979
2018-07-23,-0.003029,0.005927,0.008955,0.005927,11541528.0,11541528.0,10541528.0,10.541528,0,0.5318,0.5,1980
2018-07-24,0.006906,0.000755,-0.00615,0.000755,11621228.0,11621228.0,10621228.0,10.621228,1,0.5321,0.5,1981
2018-07-25,0.007417,0.006994,-0.000424,0.006994,11707428.0,11707428.0,10707428.0,10.707428,1,0.5323,0.5,1982
2018-07-26,0.004803,0.009001,0.004198,0.009001,11763655.0,11763655.0,10763655.0,10.763655,1,0.5325,0.55,1983
2018-07-27,0.001866,0.008418,0.006552,0.008418,11785602.0,11785602.0,10785602.0,10.785602,1,0.5328,0.55,1984
2018-07-30,0.014705,0.004825,-0.009879,0.004825,11958903.0,11958903.0,10958903.0,10.958903,1,0.533,0.55,1985
2018-07-31,-0.002365,-0.000915,0.001451,-0.000915,11930615.0,11930615.0,10930615.0,10.930615,0,0.5327,0.55,1986
2018-08-01,-0.0112,0.001928,0.013129,0.001928,11796988.0,11796988.0,10796988.0,10.796988,0,0.5325,0.5,1987
2018-08-02,-0.004514,-0.011645,-0.007131,-0.011645,11743732.0,11743732.0,10743732.0,10.743732,0,0.5322,0.5,1988
2018-08-03,-0.006232,-0.012062,-0.00583,-0.012062,11670541.0,11670541.0,10670541.0,10.670541,0,0.5319,0.45,1989
2018-08-06,0.007023,0.002873,-0.00415,0.002873,11752503.0,11752503.0,10752503.0,10.752503,1,0.5322,0.45,1990
2018-08-07,-0.008612,0.004374,0.012987,0.004374,11651291.0,11651291.0,10651291.0,10.651291,0,0.5319,0.4,1991
2018-08-08,-0.010641,-0.01403,-0.003389,-0.01403,11527313.0,11527313.0,10527313.0,10.527313,0,0.5316,0.4,1992
2018-08-09,-0.000903,-4.9e-05,0.000854,-4.9e-05,11516904.0,11516904.0,10516904.0,10.516904,0,0.5314,0.4,1993
2018-08-10,0.016376,-0.00049,-0.016866,-0.00049,11705507.0,11705507.0,10705507.0,10.705507,1,0.5316,0.4,1994
2018-08-13,0.013308,-0.004223,-0.017531,-0.004223,11861280.0,11861280.0,10861280.0,10.86128,1,0.5318,0.45,1995
2018-08-14,-0.006119,0.006848,0.012967,0.006848,11788704.0,11788704.0,10788704.0,10.788704,0,0.5316,0.45,1996
2018-08-15,-0.00982,-0.008074,0.001746,-0.008074,11672942.0,11672942.0,10672942.0,10.672942,0,0.5313,0.45,1997
2018-08-16,-0.008358,-0.000982,0.007376,-0.000982,11575380.0,11575380.0,10575380.0,10.57538,0,0.531,0.4,1998
2018-08-17,-0.009347,0.003082,0.012428,0.003082,11467188.0,11467188.0,10467188.0,10.467188,0,0.5308,0.4,1999
2018-08-20,-0.01082,0.000267,0.011087,0.000267,11343114.0,11343114.0,10343114.0,10.343114,0,0.5305,0.4,2000
2018-08-21,-0.000634,-0.003373,-0.002739,-0.003373,11335924.0,11335924.0,10335924.0,10.335924,0,0.5302,0.35,2001
2018-08-22,0.01506,0.014179,-0.000881,0.014179,11506641.0,11506641.0,10506641.0,10.506641,1,0.5305,0.35,2002
2018-08-23,-0.006545,-0.006684,-0.00014,-0.006684,11431334.0,11431334.0,10431334.0,10.431334,0,0.5302,0.3,2003
2018-08-24,0.005331,0.005598,0.000267,0.005598,11492276.0,11492276.0,10492276.0,10.492276,1,0.5304,0.3,2004
2018-08-27,0.01199,0.007473,-0.004518,0.007473,11630072.0,11630072.0,10630072.0,10.630072,1,0.5307,0.3,2005
2018-08-28,0.008351,-0.008584,-0.016935,-0.008584,11727193.0,11727193.0,10727193.0,10.727193,1,0.5309,0.35,2006
2018-08-29,0.0207,0.010449,-0.010251,0.010449,11969941.0,11969941.0,10969941.0,10.969941,1,0.5311,0.4,2007
2018-08-30,0.017349,0.002072,-0.015277,0.002072,12177603.0,12177603.0,11177603.0,11.177603,1,0.5314,0.45,2008
2018-08-31,0.008786,0.007338,-0.001448,0.007338,12284595.0,12284595.0,11284595.0,11.284595,1,0.5316,0.5,2009
2018-09-04,0.005369,-0.00207,-0.007439,-0.00207,12350555.0,12350555.0,11350555.0,11.350555,1,0.5318,0.5,2010
2018-09-05,-0.001294,-0.004401,-0.003107,-0.004401,12334574.0,12334574.0,11334574.0,11.334574,0,0.5316,0.5,2011
2018-09-06,-0.001416,-0.015305,-0.013889,-0.015305,12317111.0,12317111.0,11317111.0,11.317111,0,0.5313,0.5,2012
2018-09-07,0.015605,0.012445,-0.00316,0.012445,12509315.0,12509315.0,11509315.0,11.509315,1,0.5315,0.55,2013
2018-09-10,0.007902,0.004163,-0.003739,0.004163,12608167.0,12608167.0,11608167.0,11.608167,1,0.5318,0.55,2014
2018-09-11,-0.006523,0.002077,0.008599,0.002077,12525928.0,12525928.0,11525928.0,11.525928,0,0.5315,0.5,2015
2018-09-12,-0.006655,-0.011532,-0.004877,-0.011532,12442574.0,12442574.0,11442574.0,11.442574,0,0.5312,0.5,2016
2018-09-13,-0.005285,0.012798,0.018083,0.012798,12376814.0,12376814.0,11376814.0,11.376814,0,0.531,0.5,2017
2018-09-14,0.00129,0.002118,0.000829,0.002118,12392776.0,12392776.0,11392776.0,11.392776,1,0.5312,0.55,2018
2018-09-17,0.0,0.0,0.0,0.0,12392776.0,12392776.0,11392776.0,11.392776,0,0.531,0.55,2019
2018-09-18,0.017257,0.031472,0.014215,0.031472,12606635.0,12606635.0,11606635.0,11.606635,1,0.5312,0.6,2020
2018-09-19,-0.004642,0.000158,0.0048,0.000158,12548121.0,12548121.0,11548121.0,11.548121,0,0.5309,0.6,2021
2018-09-20,-0.007829,-0.00495,0.002879,-0.00495,12449879.0,12449879.0,11449879.0,11.449879,0,0.5307,0.55,2022
2018-09-21,-0.031103,0.008317,0.03942,0.008317,12062652.0,12062652.0,11062652.0,11.062652,0,0.5304,0.55,2023
2018-09-24,0.0,0.0,0.0,0.0,12062652.0,12062652.0,11062652.0,11.062652,0,0.5301,0.5,2024
2018-09-25,0.001487,0.011363,0.009876,0.011363,12080588.0,12080588.0,11080588.0,11.080588,1,0.5304,0.5,2025
2018-09-26,-0.004692,0.004214,0.008906,0.004214,12023910.0,12023910.0,11023910.0,11.02391,0,0.5301,0.45,2026
2018-09-27,-0.008028,-0.007898,0.00013,-0.007898,11927377.0,11927377.0,10927377.0,10.927377,0,0.5298,0.4,2027
2018-09-28,-0.00715,0.004379,0.01153,0.004379,11842092.0,11842092.0,10842092.0,10.842092,0,0.5296,0.35,2028
2018-10-01,-0.016344,-0.013821,0.002522,-0.013821,11648550.0,11648550.0,10648550.0,10.64855,0,0.5293,0.3,2029
2018-10-02,-0.005435,0.001793,0.007228,0.001793,11585245.0,11585245.0,10585245.0,10.585245,0,0.5291,0.25,2030
2018-10-03,0.015991,0.002434,-0.013556,0.002434,11770499.0,11770499.0,10770499.0,10.770499,1,0.5293,0.3,2031
2018-10-04,0.012131,-0.003569,-0.0157,-0.003569,11913292.0,11913292.0,10913292.0,10.913292,1,0.5295,0.35,2032
2018-10-05,0.018752,0.006661,-0.012091,0.006661,12136692.0,12136692.0,11136692.0,11.136692,1,0.5298,0.35,2033
2018-10-08,0.0,0.0,0.0,0.0,12136692.0,12136692.0,11136692.0,11.136692,0,0.5295,0.3,2034
2018-10-09,-0.001215,-0.000129,0.001086,-0.000129,12121947.0,12121947.0,11121947.0,11.121947,0,0.5292,0.3,2035
2018-10-10,0.00566,0.00089,-0.004769,0.00089,12190555.0,12190555.0,11190555.0,11.190555,1,0.5295,0.35,2036
2018-10-11,-0.002824,-0.003553,-0.000729,-0.003553,12156130.0,12156130.0,11156130.0,11.15613,0,0.5292,0.35,2037
2018-10-12,-0.035038,0.002523,0.037561,0.002523,11730203.0,11730203.0,10730203.0,10.730203,0,0.5289,0.3,2038
2018-10-15,-0.00838,-0.013098,-0.004718,-0.013098,11631905.0,11631905.0,10631905.0,10.631905,0,0.5287,0.3,2039
2018-10-16,0.002033,0.010942,0.008908,0.010942,11655557.0,11655557.0,10655557.0,10.655557,1,0.5289,0.3,2040
2018-10-17,0.00421,0.006486,0.002276,0.006486,11704627.0,11704627.0,10704627.0,10.704627,1,0.5292,0.35,2041
2018-10-18,0.009927,-0.002827,-0.012754,-0.002827,11820818.0,11820818.0,10820818.0,10.820818,1,0.5294,0.4,2042
2018-10-19,-0.008163,0.008076,0.016239,0.008076,11724327.0,11724327.0,10724327.0,10.724327,0,0.5291,0.4,2043
2018-10-22,-0.009919,-0.000124,0.009795,-0.000124,11608035.0,11608035.0,10608035.0,10.608035,0,0.5289,0.4,2044
2018-10-23,-0.00775,-0.017444,-0.009694,-0.017444,11518074.0,11518074.0,10518074.0,10.518074,0,0.5286,0.35,2045
2018-10-24,-0.00174,-0.000354,0.001386,-0.000354,11498031.0,11498031.0,10498031.0,10.498031,0,0.5283,0.35,2046
2018-10-25,-0.002615,-0.008713,-0.006097,-0.008713,11467958.0,11467958.0,10467958.0,10.467958,0,0.5281,0.35,2047
2018-10-26,-0.005781,-0.011024,-0.005242,-0.011024,11401661.0,11401661.0,10401661.0,10.401661,0,0.5278,0.35,2048
2018-10-29,-0.007568,-0.011773,-0.004204,-0.011773,11315372.0,11315372.0,10315372.0,10.315372,0,0.5276,0.35,2049
2018-10-30,-0.004436,0.017081,0.021518,0.017081,11265171.0,11265171.0,10265171.0,10.265171,0,0.5273,0.35,2050
2018-10-31,-0.017866,-0.005714,0.012152,-0.005714,11063906.0,11063906.0,10063906.0,10.063906,0,0.5271,0.3,2051
2018-11-01,-0.015524,-0.012736,0.002788,-0.012736,10892153.0,10892153.0,9892153.0,9.892153,0,0.5268,0.25,2052
2018-11-02,0.028177,0.020378,-0.007798,0.020378,11199056.0,11199056.0,10199056.0,10.199056,1,0.527,0.25,2053
2018-11-05,-0.006133,-0.003846,0.002287,-0.003846,11130374.0,11130374.0,10130374.0,10.130374,0,0.5268,0.25,2054
2018-11-06,0.014195,0.012711,-0.001484,0.012711,11288367.0,11288367.0,10288367.0,10.288367,1,0.527,0.3,2055
2018-11-07,-0.01593,-0.017375,-0.001445,-0.017375,11108542.0,11108542.0,10108542.0,10.108542,0,0.5268,0.25,2056
2018-11-08,0.019549,0.020577,0.001028,0.020577,11325705.0,11325705.0,10325705.0,10.325705,1,0.527,0.3,2057
2018-11-09,0.028809,0.013403,-0.015406,0.013403,11651983.0,11651983.0,10651983.0,10.651983,1,0.5272,0.35,2058
2018-11-12,0.015351,0.009296,-0.006055,0.009296,11830856.0,11830856.0,10830856.0,10.830856,1,0.5274,0.4,2059
2018-11-13,0.001037,0.00085,-0.000187,0.00085,11843124.0,11843124.0,10843124.0,10.843124,1,0.5277,0.4,2060
2018-11-14,0.010757,0.017969,0.007212,0.017969,11970526.0,11970526.0,10970526.0,10.970526,1,0.5279,0.4,2061
2018-11-15,-0.029929,-0.009737,0.020191,-0.009737,11612265.0,11612265.0,10612265.0,10.612265,0,0.5276,0.35,2062
2018-11-16,-0.011008,-0.007318,0.00369,-0.007318,11484432.0,11484432.0,10484432.0,10.484432,0,0.5274,0.35,2063
2018-11-19,-0.009646,-0.012307,-0.002661,-0.012307,11373649.0,11373649.0,10373649.0,10.373649,0,0.5271,0.35,2064
2018-11-20,0.010314,0.008265,-0.002049,0.008265,11490960.0,11490960.0,10490960.0,10.49096,1,0.5274,0.4,2065
2018-11-21,-0.011339,-8.8e-05,0.011251,-8.8e-05,11360663.0,11360663.0,10360663.0,10.360663,0,0.5271,0.4,2066
2018-11-23,0.0,0.0,0.0,0.0,11360663.0,11360663.0,10360663.0,10.360663,1,0.5273,0.45,2067
2018-11-26,-0.021132,-0.011495,0.009637,-0.011495,11120590.0,11120590.0,10120590.0,10.12059,0,0.5271,0.45,2068
2018-11-27,0.006503,0.005974,-0.000529,0.005974,11192902.0,11192902.0,10192902.0,10.192902,1,0.5273,0.5,2069
2018-11-28,0.011917,0.002045,-0.009872,0.002045,11326287.0,11326287.0,10326287.0,10.326287,1,0.5275,0.55,2070
2018-11-29,-0.00609,-0.001429,0.004661,-0.001429,11257307.0,11257307.0,10257307.0,10.257307,0,0.5273,0.55,2071
2018-11-30,0.002012,0.001481,-0.000531,0.001481,11279953.0,11279953.0,10279953.0,10.279953,1,0.5275,0.6,2072
2018-12-03,-0.024585,-0.012564,0.012021,-0.012564,11002637.0,11002637.0,10002637.0,10.002637,0,0.5273,0.55,2073
2018-12-04,-0.010531,-0.034093,-0.023562,-0.034093,10886773.0,10886773.0,9886773.0,9.886773,0,0.527,0.55,2074
2018-12-06,0.006264,-0.006006,-0.012269,-0.006006,10954965.0,10954965.0,9954965.0,9.954965,1,0.5272,0.55,2075
2018-12-07,0.019591,0.01254,-0.00705,0.01254,11169579.0,11169579.0,10169579.0,10.169579,1,0.5275,0.6,2076
2018-12-10,0.027823,0.00109,-0.026733,0.00109,11480354.0,11480354.0,10480354.0,10.480354,1,0.5277,0.6,2077
2018-12-11,0.015483,-0.004679,-0.020162,-0.004679,11658109.0,11658109.0,10658109.0,10.658109,1,0.5279,0.6,2078
2018-12-12,-0.010605,0.002974,0.013579,0.002974,11534471.0,11534471.0,10534471.0,10.534471,0,0.5277,0.55,2079
2018-12-13,-0.001792,-0.001698,9.4e-05,-0.001698,11513804.0,11513804.0,10513804.0,10.513804,0,0.5274,0.5,2080
2018-12-14,0.005415,-0.004685,-0.0101,-0.004685,11576148.0,11576148.0,10576148.0,10.576148,1,0.5276,0.5,2081
2018-12-17,0.005441,-0.003407,-0.008847,-0.003407,11639129.0,11639129.0,10639129.0,10.639129,1,0.5279,0.55,2082
2018-12-18,0.008351,-0.006832,-0.015183,-0.006832,11736330.0,11736330.0,10736330.0,10.73633,1,0.5281,0.6,2083
2018-12-19,-0.008394,-0.00194,0.006454,-0.00194,11637818.0,11637818.0,10637818.0,10.637818,0,0.5278,0.6,2084
2018-12-20,0.031222,-0.010957,-0.042179,-0.010957,12001177.0,12001177.0,11001177.0,11.001177,1,0.5281,0.6,2085
2018-12-21,-0.009905,-0.018264,-0.008359,-0.018264,11882310.0,11882310.0,10882310.0,10.88231,0,0.5278,0.6,2086
2018-12-24,0.0,0.0,0.0,0.0,11882310.0,11882310.0,10882310.0,10.88231,0,0.5276,0.55,2087
2018-12-26,0.004259,0.007246,0.002987,0.007246,11932918.0,11932918.0,10932918.0,10.932918,1,0.5278,0.6,2088
2018-12-27,-0.011161,-0.000851,0.010311,-0.000851,11799730.0,11799730.0,10799730.0,10.79973,0,0.5275,0.55,2089
2018-12-28,0.016146,0.010023,-0.006123,0.010023,11990251.0,11990251.0,10990251.0,10.990251,1,0.5278,0.55,2090
2018-12-31,0.0,0.0,0.0,0.0,11990251.0,11990251.0,10990251.0,10.990251,0,0.5275,0.55,2091
2019-01-04,-0.018793,0.00353,0.022323,0.00353,11764918.0,11764918.0,10764918.0,10.764918,0,0.5272,0.5,2092
2019-01-07,-0.005615,-0.010065,-0.00445,-0.010065,11698855.0,11698855.0,10698855.0,10.698855,0,0.527,0.5,2093
2019-01-08,0.018229,0.007455,-0.010774,0.007455,11912116.0,11912116.0,10912116.0,10.912116,1,0.5272,0.55,2094
2019-01-09,-0.000951,0.005979,0.00693,0.005979,11900793.0,11900793.0,10900793.0,10.900793,0,0.527,0.5,2095
2019-01-10,-0.018798,-0.00601,0.012788,-0.00601,11677078.0,11677078.0,10677078.0,10.677078,0,0.5267,0.45,2096
2019-01-11,-0.007705,-0.004728,0.002977,-0.004728,11587104.0,11587104.0,10587104.0,10.587104,0,0.5265,0.4,2097
2019-01-15,-0.022976,-0.007567,0.015409,-0.007567,11320875.0,11320875.0,10320875.0,10.320875,0,0.5262,0.35,2098
2019-01-16,0.020187,0.005902,-0.014285,0.005902,11549409.0,11549409.0,10549409.0,10.549409,1,0.5264,0.4,2099
2019-01-17,0.016689,-0.002495,-0.019183,-0.002495,11742152.0,11742152.0,10742152.0,10.742152,1,0.5267,0.45,2100
2019-01-18,-0.003688,-0.003811,-0.000123,-0.003811,11698850.0,11698850.0,10698850.0,10.69885,0,0.5264,0.4,2101
2019-01-22,-0.007232,-0.015484,-0.008252,-0.015484,11614247.0,11614247.0,10614247.0,10.614247,0,0.5262,0.35,2102
2019-01-23,-6e-06,-0.005863,-0.005857,-0.005863,11614178.0,11614178.0,10614178.0,10.614178,0,0.5259,0.3,2103
2019-01-24,-0.016588,0.001979,0.018567,0.001979,11421520.0,11421520.0,10421520.0,10.42152,0,0.5257,0.3,2104
2019-01-25,0.009979,0.019064,0.009085,0.019064,11535496.0,11535496.0,10535496.0,10.535496,1,0.5259,0.3,2105
2019-01-28,-0.001153,-0.002811,-0.001658,-0.002811,11522199.0,11522199.0,10522199.0,10.522199,0,0.5256,0.3,2106
2019-01-29,-0.010679,-0.002434,0.008245,-0.002434,11399156.0,11399156.0,10399156.0,10.399156,0,0.5254,0.3,2107
2019-01-30,-0.011081,-0.008113,0.002968,-0.008113,11272843.0,11272843.0,10272843.0,10.272843,0,0.5251,0.25,2108
2019-01-31,-0.02011,-0.024813,-0.004704,-0.024813,11046150.0,11046150.0,10046150.0,10.04615,0,0.5249,0.25,2109
2019-02-01,0.023973,0.001578,-0.022395,0.001578,11310956.0,11310956.0,10310956.0,10.310956,1,0.5251,0.25,2110
2019-02-04,0.007796,0.016085,0.00829,0.016085,11399133.0,11399133.0,10399133.0,10.399133,1,0.5253,0.3,2111
2019-02-05,0.001078,-0.00085,-0.001928,-0.00085,11411422.0,11411422.0,10411422.0,10.411422,1,0.5256,0.35,2112
2019-02-06,0.006748,-0.00095,-0.007698,-0.00095,11488426.0,11488426.0,10488426.0,10.488426,1,0.5258,0.4,2113
2019-02-07,0.01426,-0.005036,-0.019296,-0.005036,11652247.0,11652247.0,10652247.0,10.652247,1,0.526,0.4,2114
2019-02-08,0.013099,-0.005149,-0.018249,-0.005149,11804885.0,11804885.0,10804885.0,10.804885,1,0.5262,0.45,2115
2019-02-12,-0.030492,0.00097,0.031462,0.00097,11444930.0,11444930.0,10444930.0,10.44493,0,0.526,0.45,2116
2019-02-13,0.007543,0.006432,-0.00111,0.006432,11531255.0,11531255.0,10531255.0,10.531255,1,0.5262,0.5,2117
2019-02-14,-0.001682,-0.005614,-0.003932,-0.005614,11511861.0,11511861.0,10511861.0,10.511861,0,0.526,0.5,2118
2019-02-15,-0.000816,-0.002352,-0.001536,-0.002352,11502465.0,11502465.0,10502465.0,10.502465,0,0.5257,0.45,2119
2019-02-19,-0.005805,0.005163,0.010968,0.005163,11435698.0,11435698.0,10435698.0,10.435698,0,0.5255,0.4,2120
2019-02-20,-0.004185,0.004415,0.0086,0.004415,11387838.0,11387838.0,10387838.0,10.387838,0,0.5252,0.4,2121
2019-02-21,-0.019313,-0.017216,0.002097,-0.017216,11167902.0,11167902.0,10167902.0,10.167902,0,0.525,0.4,2122
2019-02-22,0.003178,0.004232,0.001054,0.004232,11203392.0,11203392.0,10203392.0,10.203392,1,0.5252,0.45,2123
2019-02-25,0.011082,0.005419,-0.005663,0.005419,11327548.0,11327548.0,10327548.0,10.327548,1,0.5254,0.5,2124
2019-02-26,0.005273,0.001243,-0.00403,0.001243,11387277.0,11387277.0,10387277.0,10.387277,1,0.5256,0.5,2125
2019-02-27,0.00332,0.006407,0.003087,0.006407,11425081.0,11425081.0,10425081.0,10.425081,1,0.5259,0.55,2126
2019-02-28,-0.004355,-0.006836,-0.00248,-0.006836,11375321.0,11375321.0,10375321.0,10.375321,0,0.5256,0.55,2127
2019-03-01,0.005107,0.006219,0.001111,0.006219,11433420.0,11433420.0,10433420.0,10.43342,1,0.5258,0.6,2128
2019-03-04,0.003667,-0.001041,-0.004708,-0.001041,11475349.0,11475349.0,10475349.0,10.475349,1,0.5261,0.65,2129
2019-03-05,-5.4e-05,0.00219,0.002243,0.00219,11474733.0,11474733.0,10474733.0,10.474733,0,0.5258,0.6,2130
2019-03-06,0.002667,0.000857,-0.00181,0.000857,11505340.0,11505340.0,10505340.0,10.50534,1,0.526,0.6,2131
2019-03-07,0.015701,0.00286,-0.012841,0.00286,11685986.0,11685986.0,10685986.0,10.685986,1,0.5263,0.6,2132
2019-03-08,0.037492,0.018296,-0.019196,0.018296,12124116.0,12124116.0,11124116.0,11.124116,1,0.5265,0.6,2133
2019-03-11,-0.010136,0.005116,0.015252,0.005116,12001227.0,12001227.0,11001227.0,11.001227,0,0.5262,0.55,2134
2019-03-12,0.003686,0.005703,0.002017,0.005703,12045462.0,12045462.0,11045462.0,11.045462,1,0.5265,0.55,2135
2019-03-13,0.012462,0.00323,-0.009233,0.00323,12195577.0,12195577.0,11195577.0,11.195577,1,0.5267,0.6,2136
2019-03-14,0.010969,0.003232,-0.007738,0.003232,12329354.0,12329354.0,11329354.0,11.329354,1,0.5269,0.6,2137
2019-03-15,-0.000246,0.003777,0.004024,0.003777,12326319.0,12326319.0,11326319.0,11.326319,0,0.5267,0.6,2138
2019-03-18,-0.010816,-0.01661,-0.005795,-0.01661,12192999.0,12192999.0,11192999.0,11.192999,0,0.5264,0.6,2139
2019-03-19,-0.007387,0.00163,0.009017,0.00163,12102926.0,12102926.0,11102926.0,11.102926,0,0.5262,0.6,2140
2019-03-20,0.0037,0.016969,0.013269,0.016969,12147712.0,12147712.0,11147712.0,11.147712,1,0.5264,0.65,2141
2019-03-22,-0.022263,-0.011212,0.01105,-0.011212,11877271.0,11877271.0,10877271.0,10.877271,0,0.5261,0.65,2142
2019-03-25,0.005162,-0.005229,-0.010392,-0.005229,11938584.0,11938584.0,10938584.0,10.938584,1,0.5264,0.65,2143
2019-03-26,0.005095,0.017423,0.012328,0.017423,11999417.0,11999417.0,10999417.0,10.999417,1,0.5266,0.65,2144
2019-03-27,-0.004763,-0.003212,0.001551,-0.003212,11942266.0,11942266.0,10942266.0,10.942266,0,0.5263,0.6,2145
2019-03-28,-0.006962,-0.015046,-0.008084,-0.015046,11859128.0,11859128.0,10859128.0,10.859128,0,0.5261,0.55,2146
2019-03-29,-0.004164,-0.002,0.002164,-0.002,11809745.0,11809745.0,10809745.0,10.809745,0,0.5259,0.55,2147
2019-04-01,-0.022967,0.000132,0.023099,0.000132,11538508.0,11538508.0,10538508.0,10.538508,0,0.5256,0.5,2148
2019-04-02,0.015108,-0.009803,-0.024911,-0.009803,11712834.0,11712834.0,10712834.0,10.712834,1,0.5258,0.5,2149
2019-04-03,0.0059,0.008871,0.002971,0.008871,11781943.0,11781943.0,10781943.0,10.781943,1,0.526,0.55,2150
2019-04-04,0.010735,0.005412,-0.005323,0.005412,11908422.0,11908422.0,10908422.0,10.908422,1,0.5263,0.55,2151
2019-04-05,0.002474,0.002625,0.000151,0.002625,11937883.0,11937883.0,10937883.0,10.937883,1,0.5265,0.55,2152
2019-04-08,0.004534,-0.002464,-0.006998,-0.002464,11992014.0,11992014.0,10992014.0,10.992014,1,0.5267,0.55,2153
2019-04-09,-0.012651,-0.012925,-0.000274,-0.012925,11840306.0,11840306.0,10840306.0,10.840306,0,0.5265,0.55,2154
2019-04-10,-0.006524,0.000951,0.007475,0.000951,11763063.0,11763063.0,10763063.0,10.763063,0,0.5262,0.5,2155
2019-04-11,0.004078,-0.00147,-0.005549,-0.00147,11811038.0,11811038.0,10811038.0,10.811038,1,0.5264,0.5,2156
2019-04-12,-0.009307,-0.009845,-0.000538,-0.009845,11701116.0,11701116.0,10701116.0,10.701116,0,0.5262,0.45,2157
2019-04-15,0.005882,0.002666,-0.003216,0.002666,11769938.0,11769938.0,10769938.0,10.769938,1,0.5264,0.5,2158
2019-04-16,0.008565,0.011074,0.002509,0.011074,11870745.0,11870745.0,10870745.0,10.870745,1,0.5266,0.55,2159
2019-04-17,0.001951,0.002863,0.000912,0.002863,11893900.0,11893900.0,10893900.0,10.8939,1,0.5269,0.6,2160
2019-04-18,0.004647,-0.006908,-0.011555,-0.006908,11949172.0,11949172.0,10949172.0,10.949172,1,0.5271,0.6,2161
2019-04-22,0.002733,0.000807,-0.001927,0.000807,11981835.0,11981835.0,10981835.0,10.981835,1,0.5273,0.65,2162
2019-04-23,0.002606,0.001007,-0.0016,0.001007,12013064.0,12013064.0,11013064.0,11.013064,1,0.5275,0.65,2163
2019-04-24,0.002849,-0.017148,-0.019998,-0.017148,12047295.0,12047295.0,11047295.0,11.047295,1,0.5277,0.65,2164
2019-04-25,0.000204,0.003832,0.003627,0.003832,12049756.0,12049756.0,11049756.0,11.049756,1,0.5279,0.7,2165
2019-04-26,0.012865,0.006581,-0.006283,0.006581,12204773.0,12204773.0,11204773.0,11.204773,1,0.5282,0.75,2166
2019-05-07,0.033713,0.006717,-0.026996,0.006717,12616227.0,12616227.0,11616227.0,11.616227,1,0.5284,0.8,2167
2019-05-08,0.007556,-0.002011,-0.009567,-0.002011,12711555.0,12711555.0,11711555.0,11.711555,1,0.5286,0.85,2168
2019-05-09,0.026752,0.007858,-0.018893,0.007858,13051609.0,13051609.0,12051609.0,12.051609,1,0.5288,0.85,2169
2019-05-10,-0.001087,0.005185,0.006272,0.005185,13037417.0,13037417.0,12037417.0,12.037417,0,0.5286,0.8,2170
2019-05-13,0.009603,0.019967,0.010364,0.019967,13162615.0,13162615.0,12162615.0,12.162615,1,0.5288,0.8,2171
2019-05-14,0.004537,-0.000603,-0.00514,-0.000603,13222336.0,13222336.0,12222336.0,12.222336,1,0.529,0.8,2172
2019-05-15,-0.008502,-0.006614,0.001888,-0.006614,13109919.0,13109919.0,12109919.0,12.109919,0,0.5288,0.75,2173
2019-05-16,0.007111,0.008887,0.001776,0.008887,13203138.0,13203138.0,12203138.0,12.203138,1,0.529,0.8,2174
2019-05-17,-0.007833,-0.010405,-0.002572,-0.010405,13099719.0,13099719.0,12099719.0,12.099719,0,0.5287,0.8,2175
2019-05-20,0.001309,-0.006503,-0.007812,-0.006503,13116864.0,13116864.0,12116864.0,12.116864,1,0.529,0.8,2176
2019-05-21,0.003132,0.00333,0.000197,0.00333,13157950.0,13157950.0,12157950.0,12.15795,1,0.5292,0.85,2177
2019-05-22,0.001672,-0.004147,-0.005819,-0.004147,13179948.0,13179948.0,12179948.0,12.179948,1,0.5294,0.85,2178
2019-05-23,0.009605,0.006141,-0.003464,0.006141,13306543.0,13306543.0,12306543.0,12.306543,1,0.5296,0.85,2179
2019-05-24,-0.002029,0.001905,0.003934,0.001905,13279541.0,13279541.0,12279541.0,12.279541,0,0.5294,0.8,2180
2019-05-28,0.006229,-0.001407,-0.007636,-0.001407,13362257.0,13362257.0,12362257.0,12.362257,1,0.5296,0.8,2181
2019-05-29,0.013747,0.006839,-0.006909,0.006839,13545953.0,13545953.0,12545953.0,12.545953,1,0.5298,0.8,2182
2019-05-30,0.026522,0.020317,-0.006205,0.020317,13905219.0,13905219.0,12905219.0,12.905219,1,0.53,0.8,2183
2019-05-31,0.004219,-0.005634,-0.009854,-0.005634,13963891.0,13963891.0,12963891.0,12.963891,1,0.5302,0.8,2184
2019-06-03,-0.004403,-0.001365,0.003038,-0.001365,13902407.0,13902407.0,12902407.0,12.902407,0,0.53,0.75,2185
2019-06-04,0.018425,0.008602,-0.009823,0.008602,14158556.0,14158556.0,13158556.0,13.158556,1,0.5302,0.75,2186
2019-06-05,0.001308,0.005765,0.004457,0.005765,14177074.0,14177074.0,13177074.0,13.177074,1,0.5304,0.75,2187
2019-06-06,-0.001676,-0.005312,-0.003636,-0.005312,14153320.0,14153320.0,13153320.0,13.15332,0,0.5302,0.7,2188
2019-06-07,0.002129,0.005044,0.002916,0.005044,14183446.0,14183446.0,13183446.0,13.183446,1,0.5304,0.7,2189
2019-06-10,0.000627,0.003421,0.002795,0.003421,14192336.0,14192336.0,13192336.0,13.192336,1,0.5306,0.75,2190
2019-06-11,0.003525,0.004961,0.001437,0.004961,14242357.0,14242357.0,13242357.0,13.242357,1,0.5308,0.75,2191
2019-06-12,-0.008535,-0.005947,0.002589,-0.005947,14120792.0,14120792.0,13120792.0,13.120792,0,0.5306,0.7,2192
2019-06-13,0.004104,-0.002844,-0.006948,-0.002844,14178744.0,14178744.0,13178744.0,13.178744,1,0.5308,0.75,2193
2019-06-14,-0.014894,-0.001565,0.013329,-0.001565,13967563.0,13967563.0,12967563.0,12.967563,0,0.5305,0.7,2194
2019-06-17,-0.000858,0.002606,0.003463,0.002606,13955583.0,13955583.0,12955583.0,12.955583,0,0.5303,0.7,2195
2019-06-18,0.018892,-0.006059,-0.02495,-0.006059,14219227.0,14219227.0,13219227.0,13.219227,1,0.5305,0.7,2196
2019-06-19,0.006251,0.01076,0.004509,0.01076,14308112.0,14308112.0,13308112.0,13.308112,1,0.5307,0.7,2197
2019-06-20,0.017515,0.008126,-0.009389,0.008126,14558716.0,14558716.0,13558716.0,13.558716,1,0.5309,0.7,2198
2019-06-21,-0.009088,-0.011119,-0.002031,-0.011119,14426403.0,14426403.0,13426403.0,13.426403,0,0.5307,0.65,2199
2019-06-24,-0.018717,-0.007777,0.010941,-0.007777,14156382.0,14156382.0,13156382.0,13.156382,0,0.5305,0.65,2200
2019-06-25,0.000329,-0.002996,-0.003325,-0.002996,14161035.0,14161035.0,13161035.0,13.161035,1,0.5307,0.65,2201
2019-06-26,-0.003794,-0.001777,0.002018,-0.001777,14107302.0,14107302.0,13107302.0,13.107302,0,0.5304,0.6,2202
2019-06-27,0.001469,0.010134,0.008664,0.010134,14128029.0,14128029.0,13128029.0,13.128029,1,0.5306,0.6,2203
2019-06-28,0.008534,0.005524,-0.00301,0.005524,14248601.0,14248601.0,13248601.0,13.248601,1,0.5309,0.6,2204
2019-07-01,-0.00262,0.004704,0.007324,0.004704,14211269.0,14211269.0,13211269.0,13.211269,0,0.5306,0.6,2205
2019-07-02,-0.006794,-0.003698,0.003096,-0.003698,14114718.0,14114718.0,13114718.0,13.114718,0,0.5304,0.55,2206
2019-07-03,-0.005004,-0.00786,-0.002856,-0.00786,14044090.0,14044090.0,13044090.0,13.04409,0,0.5301,0.5,2207
2019-07-05,-0.011478,-0.005282,0.006197,-0.005282,13882887.0,13882887.0,12882887.0,12.882887,0,0.5299,0.5,2208
2019-07-08,0.010519,-0.005342,-0.015862,-0.005342,14028927.0,14028927.0,13028927.0,13.028927,1,0.5301,0.5,2209
2019-07-09,0.001766,-0.003888,-0.005654,-0.003888,14053700.0,14053700.0,13053700.0,13.0537,1,0.5303,0.5,2210
2019-07-10,0.000894,0.004764,0.00387,0.004764,14066262.0,14066262.0,13066262.0,13.066262,1,0.5305,0.5,2211
2019-07-11,-0.004828,-0.000364,0.004464,-0.000364,13998346.0,13998346.0,12998346.0,12.998346,0,0.5303,0.5,2212
2019-07-12,0.002034,0.001042,-0.000992,0.001042,14026819.0,14026819.0,13026819.0,13.026819,1,0.5305,0.5,2213
2019-07-16,-0.004114,-0.004478,-0.000364,-0.004478,13969116.0,13969116.0,12969116.0,12.969116,0,0.5303,0.5,2214
2019-07-17,0.007742,0.005388,-0.002354,0.005388,14077262.0,14077262.0,13077262.0,13.077262,1,0.5305,0.55,2215
2019-07-18,0.006139,-0.010965,-0.017104,-0.010965,14163678.0,14163678.0,13163678.0,13.163678,1,0.5307,0.55,2216
2019-07-19,0.0096,0.024142,0.014542,0.024142,14299654.0,14299654.0,13299654.0,13.299654,1,0.5309,0.55,2217
2019-07-22,0.001812,-0.003613,-0.005426,-0.003613,14325571.0,14325571.0,13325571.0,13.325571,1,0.5311,0.55,2218
2019-07-23,4.7e-05,0.006807,0.006759,0.006807,14326250.0,14326250.0,13326250.0,13.32625,1,0.5313,0.6,2219
2019-07-24,0.004523,-0.004587,-0.00911,-0.004587,14391049.0,14391049.0,13391049.0,13.391049,1,0.5315,0.65,2220
2019-07-25,-0.004387,-1e-06,0.004386,-1e-06,14327911.0,14327911.0,13327911.0,13.327911,0,0.5313,0.6,2221
2019-07-26,0.011016,0.006863,-0.004153,0.006863,14485751.0,14485751.0,13485751.0,13.485751,1,0.5315,0.65,2222
2019-07-29,0.000294,-0.001122,-0.001415,-0.001122,14490006.0,14490006.0,13490006.0,13.490006,1,0.5317,0.65,2223
2019-07-30,0.008202,0.006138,-0.002064,0.006138,14608855.0,14608855.0,13608855.0,13.608855,1,0.5319,0.65,2224
2019-07-31,-0.017789,-0.019697,-0.001908,-0.019697,14348981.0,14348981.0,13348981.0,13.348981,0,0.5317,0.65,2225
2019-08-01,0.018016,0.023803,0.005787,0.023803,14607495.0,14607495.0,13607495.0,13.607495,1,0.5319,0.7,2226
2019-08-02,0.006578,0.002915,-0.003662,0.002915,14703577.0,14703577.0,13703577.0,13.703577,1,0.5321,0.75,2227
2019-08-05,-0.004834,-0.016336,-0.011502,-0.016336,14632500.0,14632500.0,13632500.0,13.6325,0,0.5319,0.75,2228
2019-08-06,0.01163,0.025951,0.014321,0.025951,14802676.0,14802676.0,13802676.0,13.802676,1,0.5321,0.75,2229
2019-08-07,-0.002939,-0.002703,0.000236,-0.002703,14759176.0,14759176.0,13759176.0,13.759176,0,0.5318,0.7,2230
2019-08-08,-0.003655,0.000944,0.004599,0.000944,14705233.0,14705233.0,13705233.0,13.705233,0,0.5316,0.65,2231
2019-08-09,-0.005342,-0.000558,0.004785,-0.000558,14626675.0,14626675.0,13626675.0,13.626675,0,0.5314,0.65,2232
2019-08-13,0.010152,-0.01054,-0.020692,-0.01054,14775170.0,14775170.0,13775170.0,13.77517,1,0.5316,0.65,2233
2019-08-14,0.027106,0.021842,-0.005264,0.021842,15175664.0,15175664.0,14175664.0,14.175664,1,0.5318,0.7,2234
2019-08-15,0.004756,0.018404,0.013647,0.018404,15247847.0,15247847.0,14247847.0,14.247847,1,0.532,0.7,2235
2019-08-16,-0.013457,-0.003148,0.010309,-0.003148,15042651.0,15042651.0,14042651.0,14.042651,0,0.5318,0.65,2236
2019-08-19,0.011852,0.001449,-0.010403,0.001449,15220940.0,15220940.0,14220940.0,14.22094,1,0.532,0.65,2237
2019-08-20,0.007265,0.004196,-0.003068,0.004196,15331518.0,15331518.0,14331518.0,14.331518,1,0.5322,0.65,2238
2019-08-21,-0.002388,0.004436,0.006823,0.004436,15294914.0,15294914.0,14294914.0,14.294914,0,0.5319,0.6,2239
2019-08-22,0.006324,0.001061,-0.005264,0.001061,15391646.0,15391646.0,14391646.0,14.391646,1,0.5321,0.6,2240
2019-08-23,-0.000222,-0.00091,-0.000688,-0.00091,15388225.0,15388225.0,14388225.0,14.388225,0,0.5319,0.6,2241
2019-08-26,0.00277,0.008972,0.006202,0.008972,15430851.0,15430851.0,14430851.0,14.430851,1,0.5321,0.6,2242
2019-08-27,-0.006567,0.004278,0.010845,0.004278,15329519.0,15329519.0,14329519.0,14.329519,0,0.5319,0.55,2243
2019-08-28,-0.001676,-0.001043,0.000634,-0.001043,15303819.0,15303819.0,14303819.0,14.303819,0,0.5316,0.5,2244
2019-08-29,0.013504,0.00248,-0.011024,0.00248,15510483.0,15510483.0,14510483.0,14.510483,1,0.5318,0.55,2245
2019-08-30,0.004647,0.008472,0.003825,0.008472,15582556.0,15582556.0,14582556.0,14.582556,1,0.5321,0.55,2246
2019-09-03,-0.008145,0.00645,0.014595,0.00645,15455635.0,15455635.0,14455635.0,14.455635,0,0.5318,0.5,2247
2019-09-04,0.010605,0.003167,-0.007438,0.003167,15619539.0,15619539.0,14619539.0,14.619539,1,0.532,0.55,2248
2019-09-05,0.000439,0.0126,0.012161,0.0126,15626403.0,15626403.0,14626403.0,14.626403,1,0.5322,0.55,2249
2019-09-06,0.012208,0.003298,-0.00891,0.003298,15817174.0,15817174.0,14817174.0,14.817174,1,0.5324,0.6,2250
2019-09-09,-0.005942,0.007369,0.013312,0.007369,15723184.0,15723184.0,14723184.0,14.723184,0,0.5322,0.6,2251
2019-09-10,0.025356,0.018203,-0.007153,0.018203,16121855.0,16121855.0,15121855.0,15.121855,1,0.5324,0.65,2252
2019-09-11,-0.010936,0.008673,0.019609,0.008673,15945552.0,15945552.0,14945552.0,14.945552,0,0.5322,0.6,2253
2019-09-12,0.002473,-0.003824,-0.006297,-0.003824,15984990.0,15984990.0,14984990.0,14.98499,1,0.5324,0.6,2254
2019-09-13,-0.0111,0.000234,0.011334,0.000234,15807554.0,15807554.0,14807554.0,14.807554,0,0.5322,0.55,2255
2019-09-17,-0.010807,-0.004033,0.006774,-0.004033,15636717.0,15636717.0,14636717.0,14.636717,0,0.5319,0.55,2256
2019-09-18,-0.01119,-0.012844,-0.001654,-0.012844,15461748.0,15461748.0,14461748.0,14.461748,0,0.5317,0.5,2257
2019-09-19,0.008556,0.004566,-0.00399,0.004566,15594042.0,15594042.0,14594042.0,14.594042,1,0.5319,0.5,2258
2019-09-20,-0.001473,-0.002509,-0.001036,-0.002509,15571073.0,15571073.0,14571073.0,14.571073,0,0.5317,0.5,2259
2019-09-24,-0.001274,-0.005454,-0.00418,-0.005454,15551233.0,15551233.0,14551233.0,14.551233,0,0.5314,0.45,2260
2019-09-25,-0.001692,0.002476,0.004168,0.002476,15524920.0,15524920.0,14524920.0,14.52492,0,0.5312,0.45,2261
2019-09-26,0.009586,0.001808,-0.007778,0.001808,15673743.0,15673743.0,14673743.0,14.673743,1,0.5314,0.45,2262
2019-09-27,0.003694,-0.008779,-0.012472,-0.008779,15731641.0,15731641.0,14731641.0,14.731641,1,0.5316,0.5,2263
2019-09-30,-0.002714,-0.007046,-0.004332,-0.007046,15688952.0,15688952.0,14688952.0,14.688952,0,0.5314,0.5,2264
2019-10-01,-0.019385,0.002324,0.02171,0.002324,15384816.0,15384816.0,14384816.0,14.384816,0,0.5311,0.45,2265
2019-10-02,-0.002645,0.000579,0.003224,0.000579,15344119.0,15344119.0,14344119.0,14.344119,0,0.5309,0.4,2266
2019-10-03,0.002223,0.002375,0.000153,0.002375,15378222.0,15378222.0,14378222.0,14.378222,1,0.5311,0.45,2267
2019-10-04,0.017459,0.011534,-0.005925,0.011534,15646705.0,15646705.0,14646705.0,14.646705,1,0.5313,0.45,2268
2019-10-07,0.002519,-0.000993,-0.003513,-0.000993,15686122.0,15686122.0,14686122.0,14.686122,1,0.5315,0.45,2269
2019-10-08,-0.001558,-0.003584,-0.002026,-0.003584,15661682.0,15661682.0,14661682.0,14.661682,0,0.5313,0.4,2270
2019-10-09,0.004917,0.007655,0.002737,0.007655,15738696.0,15738696.0,14738696.0,14.738696,1,0.5315,0.45,2271
2019-10-10,-0.008428,-0.005389,0.003039,-0.005389,15606048.0,15606048.0,14606048.0,14.606048,0,0.5312,0.4,2272
2019-10-11,0.006381,0.002493,-0.003888,0.002493,15705628.0,15705628.0,14705628.0,14.705628,1,0.5315,0.45,2273
2019-10-15,-0.011169,-0.001601,0.009568,-0.001601,15530213.0,15530213.0,14530213.0,14.530213,0,0.5312,0.4,2274
2019-10-16,-0.005088,-0.009824,-0.004735,-0.009824,15451191.0,15451191.0,14451191.0,14.451191,0,0.531,0.4,2275
2019-10-17,-0.013811,-0.011628,0.002183,-0.011628,15237801.0,15237801.0,14237801.0,14.237801,0,0.5308,0.4,2276
2019-10-18,-0.00738,-0.007016,0.000364,-0.007016,15125340.0,15125340.0,14125340.0,14.12534,0,0.5305,0.4,2277
2019-10-21,0.002971,0.007517,0.004546,0.007517,15170272.0,15170272.0,14170272.0,14.170272,1,0.5307,0.4,2278
2019-10-23,0.007153,0.006955,-0.000198,0.006955,15278789.0,15278789.0,14278789.0,14.278789,1,0.5309,0.45,2279
2019-10-24,0.014824,0.002063,-0.012761,0.002063,15505280.0,15505280.0,14505280.0,14.50528,1,0.5311,0.5,2280
2019-10-25,0.007495,0.010006,0.002511,0.010006,15621491.0,15621491.0,14621491.0,14.621491,1,0.5313,0.55,2281
2019-10-28,-0.00146,-0.003961,-0.002501,-0.003961,15598681.0,15598681.0,14598681.0,14.598681,0,0.5311,0.5,2282
2019-10-29,-0.019724,-0.01097,0.008753,-0.01097,15291016.0,15291016.0,14291016.0,14.291016,0,0.5309,0.45,2283
2019-10-30,0.000873,-0.000771,-0.001644,-0.000771,15304359.0,15304359.0,14304359.0,14.304359,1,0.5311,0.5,2284
2019-10-31,-0.009231,-0.003782,0.005448,-0.003782,15163089.0,15163089.0,14163089.0,14.163089,0,0.5309,0.5,2285
2019-11-01,0.013257,0.001017,-0.01224,0.001017,15364101.0,15364101.0,14364101.0,14.364101,1,0.5311,0.55,2286
2019-11-05,-0.002334,0.001568,0.003902,0.001568,15328239.0,15328239.0,14328239.0,14.328239,0,0.5308,0.5,2287
2019-11-06,0.013165,-0.00306,-0.016224,-0.00306,15530028.0,15530028.0,14530028.0,14.530028,1,0.531,0.5,2288
2019-11-07,0.007442,0.012138,0.004696,0.012138,15645609.0,15645609.0,14645609.0,14.645609,1,0.5312,0.5,2289
2019-11-08,-0.001711,-0.005707,-0.003996,-0.005707,15618836.0,15618836.0,14618836.0,14.618836,0,0.531,0.5,2290
2019-11-11,0.008335,0.004095,-0.00424,0.004095,15749016.0,15749016.0,14749016.0,14.749016,1,0.5312,0.5,2291
2019-11-12,0.020263,0.009207,-0.011055,0.009207,16068133.0,16068133.0,15068133.0,15.068133,1,0.5314,0.55,2292
2019-11-13,-0.012347,-0.01396,-0.001613,-0.01396,15869735.0,15869735.0,14869735.0,14.869735,0,0.5312,0.5,2293
2019-11-14,0.003957,-0.00859,-0.012547,-0.00859,15932530.0,15932530.0,14932530.0,14.93253,1,0.5314,0.55,2294
2019-11-15,-0.002064,0.008019,0.010083,0.008019,15899642.0,15899642.0,14899642.0,14.899642,0,0.5312,0.55,2295
2019-11-18,0.009059,0.002948,-0.006111,0.002948,16043673.0,16043673.0,15043673.0,15.043673,1,0.5314,0.6,2296
2019-11-19,0.008272,0.002383,-0.005889,0.002383,16176379.0,16176379.0,15176379.0,15.176379,1,0.5316,0.65,2297
2019-11-20,0.003656,-0.001152,-0.004808,-0.001152,16235517.0,16235517.0,15235517.0,15.235517,1,0.5318,0.65,2298
2019-11-21,-0.002582,-0.005672,-0.00309,-0.005672,16193600.0,16193600.0,15193600.0,15.1936,0,0.5315,0.6,2299
2019-11-22,0.010824,-0.000567,-0.011392,-0.000567,16368884.0,16368884.0,15368884.0,15.368884,1,0.5317,0.6,2300
2019-11-25,0.000445,0.003395,0.00295,0.003395,16376175.0,16376175.0,15376175.0,15.376175,1,0.5319,0.6,2301
2019-11-26,0.010544,-0.000566,-0.01111,-0.000566,16548846.0,16548846.0,15548846.0,15.548846,1,0.5321,0.65,2302
2019-11-27,0.005711,0.008289,0.002578,0.008289,16643348.0,16643348.0,15643348.0,15.643348,1,0.5323,0.7,2303
2019-11-29,0.00055,-0.012604,-0.013154,-0.012604,16652505.0,16652505.0,15652505.0,15.652505,1,0.5326,0.7,2304
2019-12-02,-0.00456,0.001193,0.005753,0.001193,16576565.0,16576565.0,15576565.0,15.576565,0,0.5323,0.7,2305
2019-12-03,-0.007129,0.004638,0.011767,0.004638,16458390.0,16458390.0,15458390.0,15.45839,0,0.5321,0.65,2306
2019-12-04,0.003415,0.00623,0.002814,0.00623,16514599.0,16514599.0,15514599.0,15.514599,1,0.5323,0.7,2307
2019-12-05,-0.00269,-0.005178,-0.002488,-0.005178,16470183.0,16470183.0,15470183.0,15.470183,0,0.5321,0.65,2308
2019-12-06,-0.00883,-0.002437,0.006393,-0.002437,16324751.0,16324751.0,15324751.0,15.324751,0,0.5318,0.6,2309
2019-12-09,0.001367,0.003841,0.002474,0.003841,16347071.0,16347071.0,15347071.0,15.347071,1,0.532,0.65,2310
2019-12-10,0.003807,-0.002288,-0.006095,-0.002288,16409312.0,16409312.0,15409312.0,15.409312,1,0.5322,0.65,2311
2019-12-11,-0.004084,-0.008707,-0.004623,-0.008707,16342301.0,16342301.0,15342301.0,15.342301,0,0.532,0.6,2312
2019-12-12,-0.004369,-0.009753,-0.005384,-0.009753,16270904.0,16270904.0,15270904.0,15.270904,0,0.5318,0.6,2313
2019-12-13,0.00767,0.002866,-0.004804,0.002866,16395701.0,16395701.0,15395701.0,15.395701,1,0.532,0.6,2314
2019-12-16,-0.002762,-0.003472,-0.00071,-0.003472,16350423.0,16350423.0,15350423.0,15.350423,0,0.5317,0.6,2315
2019-12-17,0.001292,-0.000361,-0.001653,-0.000361,16371550.0,16371550.0,15371550.0,15.37155,1,0.532,0.6,2316
2019-12-18,-0.004275,-0.005072,-0.000796,-0.005072,16301554.0,16301554.0,15301554.0,15.301554,0,0.5317,0.55,2317
2019-12-19,-0.005038,-0.001672,0.003366,-0.001672,16219427.0,16219427.0,15219427.0,15.219427,0,0.5315,0.5,2318
2019-12-20,0.002438,-0.002515,-0.004954,-0.002515,16258975.0,16258975.0,15258975.0,15.258975,1,0.5317,0.55,2319
2019-12-23,0.000794,-0.000317,-0.001112,-0.000317,16271891.0,16271891.0,15271891.0,15.271891,1,0.5319,0.55,2320
2019-12-24,-0.007646,-0.003965,0.003681,-0.003965,16147477.0,16147477.0,15147477.0,15.147477,0,0.5317,0.5,2321
2019-12-26,0.001937,0.006553,0.004616,0.006553,16178760.0,16178760.0,15178760.0,15.17876,1,0.5319,0.5,2322
2019-12-27,-0.001643,0.004672,0.006315,0.004672,16152175.0,16152175.0,15152175.0,15.152175,0,0.5316,0.45,2323
2019-12-30,0.00184,-0.002761,-0.004601,-0.002761,16181903.0,16181903.0,15181903.0,15.181903,1,0.5318,0.45,2324
2020-01-06,0.015246,0.006437,-0.008808,0.006437,16428606.0,16428606.0,15428606.0,15.428606,1,0.532,0.5,2325
2020-01-07,-0.001312,0.006393,0.007705,0.006393,16407049.0,16407049.0,15407049.0,15.407049,0,0.5318,0.5,2326
2020-01-08,0.001793,0.001557,-0.000236,0.001557,16436471.0,16436471.0,15436471.0,15.436471,1,0.532,0.5,2327
2020-01-09,0.003624,-0.001021,-0.004645,-0.001021,16496038.0,16496038.0,15496038.0,15.496038,1,0.5322,0.55,2328
2020-01-10,0.016978,0.009029,-0.007949,0.009029,16776110.0,16776110.0,15776110.0,15.77611,1,0.5324,0.6,2329
2020-01-14,-0.016353,-0.019154,-0.002801,-0.019154,16501766.0,16501766.0,15501766.0,15.501766,0,0.5322,0.55,2330
2020-01-15,0.006364,0.005765,-0.000599,0.005765,16606779.0,16606779.0,15606779.0,15.606779,1,0.5324,0.55,2331
2020-01-16,0.010516,0.000676,-0.009839,0.000676,16781412.0,16781412.0,15781412.0,15.781412,1,0.5326,0.6,2332
2020-01-17,-0.013251,-0.004529,0.008722,-0.004529,16559049.0,16559049.0,15559049.0,15.559049,0,0.5324,0.6,2333
2020-01-21,0.00103,-0.004204,-0.005235,-0.004204,16576108.0,16576108.0,15576108.0,15.576108,1,0.5326,0.6,2334
2020-01-22,0.002891,0.009447,0.006556,0.009447,16624035.0,16624035.0,15624035.0,15.624035,1,0.5328,0.65,2335
2020-01-23,0.007004,0.005861,-0.001143,0.005861,16740464.0,16740464.0,15740464.0,15.740464,1,0.533,0.65,2336
2020-01-24,-0.003321,-0.009268,-0.005948,-0.009268,16684872.0,16684872.0,15684872.0,15.684872,0,0.5327,0.65,2337
2020-01-27,-0.002017,0.006432,0.00845,0.006432,16651210.0,16651210.0,15651210.0,15.65121,0,0.5325,0.65,2338
2020-01-28,-0.003669,-0.00263,0.001039,-0.00263,16590111.0,16590111.0,15590111.0,15.590111,0,0.5323,0.6,2339
2020-01-29,-0.000584,0.002026,0.00261,0.002026,16580425.0,16580425.0,15580425.0,15.580425,0,0.5321,0.55,2340
2020-01-30,-0.004083,-0.012879,-0.008796,-0.012879,16512720.0,16512720.0,15512720.0,15.51272,0,0.5318,0.55,2341
2020-01-31,0.001368,0.003243,0.001875,0.003243,16535317.0,16535317.0,15535317.0,15.535317,1,0.532,0.55,2342
2020-02-03,-0.014625,0.005544,0.020169,0.005544,16293480.0,16293480.0,15293480.0,15.29348,0,0.5318,0.55,2343
2020-02-04,0.00536,0.00868,0.00332,0.00868,16380809.0,16380809.0,15380809.0,15.380809,1,0.532,0.55,2344
2020-02-05,-0.006412,-0.004393,0.002019,-0.004393,16275775.0,16275775.0,15275775.0,15.275775,0,0.5318,0.5,2345
2020-02-06,-0.000675,0.001365,0.002039,0.001365,16264790.0,16264790.0,15264790.0,15.26479,0,0.5315,0.5,2346
2020-02-07,-0.006203,-0.008784,-0.00258,-0.008784,16163894.0,16163894.0,15163894.0,15.163894,0,0.5313,0.45,2347
2020-02-10,0.004602,0.005885,0.001283,0.005885,16238279.0,16238279.0,15238279.0,15.238279,1,0.5315,0.45,2348
2020-02-12,-0.002923,-0.00562,-0.002697,-0.00562,16190815.0,16190815.0,15190815.0,15.190815,0,0.5313,0.4,2349
2020-02-13,-0.006675,-0.00242,0.004254,-0.00242,16082746.0,16082746.0,15082746.0,15.082746,0,0.5311,0.4,2350
2020-02-14,0.005526,0.006546,0.00102,0.006546,16171619.0,16171619.0,15171619.0,15.171619,1,0.5313,0.4,2351
2020-02-18,0.005094,-0.003846,-0.008939,-0.003846,16253991.0,16253991.0,15253991.0,15.253991,1,0.5315,0.4,2352
2020-02-19,0.018563,0.011897,-0.006666,0.011897,16555720.0,16555720.0,15555720.0,15.55572,1,0.5317,0.45,2353
2020-02-20,0.000109,0.000146,3.7e-05,0.000146,16557523.0,16557523.0,15557523.0,15.557523,1,0.5319,0.45,2354
2020-02-21,0.006317,0.006101,-0.000216,0.006101,16662121.0,16662121.0,15662121.0,15.662121,1,0.5321,0.45,2355
2020-02-25,0.011851,0.006784,-0.005067,0.006784,16859582.0,16859582.0,15859582.0,15.859582,1,0.5323,0.45,2356
2020-02-26,-0.00463,0.002486,0.007116,0.002486,16781514.0,16781514.0,15781514.0,15.781514,0,0.532,0.45,2357
2020-02-27,-0.007504,-0.017875,-0.010371,-0.017875,16655584.0,16655584.0,15655584.0,15.655584,0,0.5318,0.45,2358
2020-02-28,0.026221,0.001263,-0.024958,0.001263,17092309.0,17092309.0,16092309.0,16.092309,1,0.532,0.5,2359
2020-03-02,-0.017307,0.019043,0.03635,0.019043,16796496.0,16796496.0,15796496.0,15.796496,0,0.5318,0.5,2360
2020-03-03,0.005429,-0.026361,-0.031791,-0.026361,16887690.0,16887690.0,15887690.0,15.88769,1,0.532,0.55,2361
2020-03-04,-0.02013,0.002338,0.022468,0.002338,16547745.0,16547745.0,15547745.0,15.547745,0,0.5318,0.5,2362
2020-03-05,-0.010827,-0.018818,-0.007991,-0.018818,16368587.0,16368587.0,15368587.0,15.368587,0,0.5315,0.5,2363
2020-03-06,-0.011109,-0.02664,-0.015531,-0.02664,16186746.0,16186746.0,15186746.0,15.186746,0,0.5313,0.45,2364
2020-03-09,0.010857,-0.015362,-0.026219,-0.015362,16362481.0,16362481.0,15362481.0,15.362481,1,0.5315,0.5,2365
2020-03-10,-0.003002,0.026887,0.029889,0.026887,16313354.0,16313354.0,15313354.0,15.313354,0,0.5313,0.5,2366
2020-03-11,-0.013853,-0.005233,0.00862,-0.005233,16087362.0,16087362.0,15087362.0,15.087362,0,0.5311,0.5,2367
2020-03-12,0.001468,-0.029448,-0.030916,-0.029448,16110976.0,16110976.0,15110976.0,15.110976,1,0.5312,0.5,2368
2020-03-13,0.03357,0.035071,0.001501,0.035071,16651820.0,16651820.0,15651820.0,15.65182,1,0.5314,0.55,2369
2020-03-16,0.040184,0.008319,-0.031866,0.008319,17320963.0,17320963.0,16320963.0,16.320963,1,0.5316,0.6,2370
2020-03-17,-0.06766,0.034623,0.102282,0.034623,16149034.0,16149034.0,15149034.0,15.149034,0,0.5314,0.55,2371
2020-03-18,0.028451,0.011564,-0.016887,0.011564,16608495.0,16608495.0,15608495.0,15.608495,1,0.5316,0.55,2372
2020-03-19,-0.051825,-0.048988,0.002837,-0.048988,15747764.0,15747764.0,14747764.0,14.747764,0,0.5314,0.5,2373
2020-03-23,0.007502,0.002409,-0.005093,0.002409,15865898.0,15865898.0,14865898.0,14.865898,1,0.5316,0.5,2374
2020-03-24,-0.04325,-0.005239,0.038012,-0.005239,15179694.0,15179694.0,14179694.0,14.179694,0,0.5314,0.45,2375
2020-03-25,-0.023056,0.030418,0.053474,0.030418,14829711.0,14829711.0,13829711.0,13.829711,0,0.5311,0.4,2376
2020-03-26,0.008787,0.003285,-0.005502,0.003285,14960020.0,14960020.0,13960020.0,13.96002,1,0.5313,0.45,2377
2020-03-27,0.044702,0.035001,-0.009701,0.035001,15628770.0,15628770.0,14628770.0,14.62877,1,0.5315,0.5,2378
2020-03-30,-0.01573,0.008958,0.024688,0.008958,15382925.0,15382925.0,14382925.0,14.382925,0,0.5313,0.45,2379
2020-03-31,0.002764,-0.020897,-0.023662,-0.020897,15425445.0,15425445.0,14425445.0,14.425445,1,0.5315,0.5,2380
2020-04-01,0.015946,-0.018679,-0.034625,-0.018679,15671419.0,15671419.0,14671419.0,14.671419,1,0.5317,0.5,2381
2020-04-02,-0.003986,-0.01572,-0.011734,-0.01572,15608955.0,15608955.0,14608955.0,14.608955,0,0.5315,0.5,2382
2020-04-03,-0.005646,-0.015985,-0.01034,-0.015985,15520829.0,15520829.0,14520829.0,14.520829,0,0.5313,0.5,2383
2020-04-06,0.012994,0.042222,0.029228,0.042222,15722510.0,15722510.0,14722510.0,14.72251,1,0.5315,0.55,2384
2020-04-07,-0.027064,-0.013693,0.013371,-0.013693,15297004.0,15297004.0,14297004.0,14.297004,0,0.5312,0.5,2385
2020-04-08,-0.015554,0.005029,0.020583,0.005029,15059068.0,15059068.0,14059068.0,14.059068,0,0.531,0.5,2386
2020-04-09,-0.006131,-0.000264,0.005867,-0.000264,14966739.0,14966739.0,13966739.0,13.966739,0,0.5308,0.5,2387
2020-04-13,0.001201,-0.017052,-0.018254,-0.017052,14984717.0,14984717.0,13984717.0,13.984717,1,0.531,0.5,2388
2020-04-14,-0.007112,0.002789,0.009901,0.002789,14878152.0,14878152.0,13878152.0,13.878152,0,0.5308,0.45,2389
2020-04-15,0.014005,0.011419,-0.002586,0.011419,15086524.0,15086524.0,14086524.0,14.086524,1,0.531,0.45,2390
2020-04-16,-0.01891,-0.014175,0.004736,-0.014175,14801232.0,14801232.0,13801232.0,13.801232,0,0.5307,0.45,2391
2020-04-17,-0.020078,-0.008828,0.01125,-0.008828,14504058.0,14504058.0,13504058.0,13.504058,0,0.5305,0.4,2392
2020-04-20,-0.017752,-0.006854,0.010898,-0.006854,14246585.0,14246585.0,13246585.0,13.246585,0,0.5303,0.4,2393
2020-04-21,0.008441,0.003787,-0.004654,0.003787,14366841.0,14366841.0,13366841.0,13.366841,1,0.5305,0.4,2394
2020-04-22,0.009939,0.006769,-0.00317,0.006769,14509634.0,14509634.0,13509634.0,13.509634,1,0.5307,0.45,2395
2020-04-23,-0.007877,0.021836,0.029713,0.021836,14395338.0,14395338.0,13395338.0,13.395338,0,0.5305,0.45,2396
2020-04-24,0.00558,-0.000739,-0.00632,-0.000739,14475665.0,14475665.0,13475665.0,13.475665,1,0.5307,0.45,2397
2020-04-27,0.015139,0.031186,0.016048,0.031186,14694811.0,14694811.0,13694811.0,13.694811,1,0.5309,0.45,2398
2020-04-28,-0.013811,-0.001744,0.012068,-0.001744,14491856.0,14491856.0,13491856.0,13.491856,0,0.5306,0.45,2399
2020-04-30,0.035375,0.014538,-0.020837,0.014538,15004503.0,15004503.0,14004503.0,14.004503,1,0.5308,0.45,2400
2020-05-01,-0.034887,-0.031746,0.003141,-0.031746,14481039.0,14481039.0,13481039.0,13.481039,0,0.5306,0.4,2401
2020-05-07,0.007207,-0.000245,-0.007451,-0.000245,14585398.0,14585398.0,13585398.0,13.585398,1,0.5308,0.45,2402
2020-05-08,0.006681,0.020468,0.013787,0.020468,14682843.0,14682843.0,13682843.0,13.682843,1,0.531,0.5,2403
2020-05-11,-0.00976,0.016817,0.026577,0.016817,14539542.0,14539542.0,13539542.0,13.539542,0,0.5308,0.45,2404
2020-05-12,0.006244,-0.006483,-0.012727,-0.006483,14630332.0,14630332.0,13630332.0,13.630332,1,0.531,0.5,2405
2020-05-13,0.004924,0.012135,0.007211,0.012135,14702374.0,14702374.0,13702374.0,13.702374,1,0.5312,0.55,2406
2020-05-14,-0.003979,-0.025696,-0.021717,-0.025696,14643871.0,14643871.0,13643871.0,13.643871,0,0.531,0.55,2407
2020-05-15,0.003931,-0.019165,-0.023096,-0.019165,14701442.0,14701442.0,13701442.0,13.701442,1,0.5311,0.55,2408
2020-05-18,0.002474,0.005014,0.00254,0.005014,14737814.0,14737814.0,13737814.0,13.737814,1,0.5313,0.6,2409
2020-05-19,-0.00426,0.002403,0.006662,0.002403,14675037.0,14675037.0,13675037.0,13.675037,0,0.5311,0.55,2410
2020-05-20,0.015458,0.018264,0.002806,0.018264,14901891.0,14901891.0,13901891.0,13.901891,1,0.5313,0.6,2411
2020-05-21,0.008903,-0.003449,-0.012352,-0.003449,15034562.0,15034562.0,14034562.0,14.034562,1,0.5315,0.65,2412
2020-05-22,-0.01212,-0.021996,-0.009876,-0.021996,14852342.0,14852342.0,13852342.0,13.852342,0,0.5313,0.65,2413
2020-05-26,-0.008833,0.001749,0.010582,0.001749,14721158.0,14721158.0,13721158.0,13.721158,0,0.5311,0.6,2414
2020-05-27,-0.006549,0.014238,0.020787,0.014238,14624748.0,14624748.0,13624748.0,13.624748,0,0.5308,0.55,2415
2020-05-28,0.008271,-0.001302,-0.009574,-0.001302,14745715.0,14745715.0,13745715.0,13.745715,1,0.531,0.6,2416
2020-05-29,0.007762,0.003195,-0.004566,0.003195,14860165.0,14860165.0,13860165.0,13.860165,1,0.5312,0.6,2417
2020-06-01,-0.000544,0.002182,0.002727,0.002182,14852079.0,14852079.0,13852079.0,13.852079,0,0.531,0.55,2418
2020-06-02,0.001208,0.008401,0.007193,0.008401,14870023.0,14870023.0,13870023.0,13.870023,1,0.5312,0.6,2419
2020-06-03,0.010849,0.000846,-0.010003,0.000846,15031355.0,15031355.0,14031355.0,14.031355,1,0.5314,0.6,2420
2020-06-04,-0.024498,-0.025287,-0.000789,-0.025287,14663117.0,14663117.0,13663117.0,13.663117,0,0.5312,0.6,2421
2020-06-05,0.000369,0.007494,0.007125,0.007494,14668524.0,14668524.0,13668524.0,13.668524,1,0.5314,0.6,2422
2020-06-08,-0.004566,-0.000969,0.003597,-0.000969,14601540.0,14601540.0,13601540.0,13.60154,0,0.5312,0.55,2423
2020-06-09,-0.001865,-0.008042,-0.006177,-0.008042,14574311.0,14574311.0,13574311.0,13.574311,0,0.5309,0.55,2424
2020-06-10,0.001842,0.008124,0.006281,0.008124,14601161.0,14601161.0,13601161.0,13.601161,1,0.5311,0.55,2425
2020-06-11,-0.00072,-0.018199,-0.017479,-0.018199,14590650.0,14590650.0,13590650.0,13.59065,0,0.5309,0.5,2426
2020-06-12,-0.024686,-0.005098,0.019589,-0.005098,14230460.0,14230460.0,13230460.0,13.23046,0,0.5307,0.5,2427
2020-06-15,-0.011436,-0.022577,-0.011141,-0.022577,14067718.0,14067718.0,13067718.0,13.067718,0,0.5305,0.45,2428
2020-06-16,0.01129,0.022387,0.011097,0.022387,14226543.0,14226543.0,13226543.0,13.226543,1,0.5307,0.45,2429
2020-06-17,-0.002336,-0.010782,-0.008446,-0.010782,14193305.0,14193305.0,13193305.0,13.193305,0,0.5305,0.45,2430
2020-06-18,0.002574,0.008935,0.006361,0.008935,14229835.0,14229835.0,13229835.0,13.229835,1,0.5306,0.45,2431
2020-06-19,0.008959,-0.003354,-0.012314,-0.003354,14357323.0,14357323.0,13357323.0,13.357323,1,0.5308,0.45,2432
2020-06-22,-0.001375,-0.004951,-0.003575,-0.004951,14337579.0,14337579.0,13337579.0,13.337579,0,0.5306,0.45,2433
2020-06-23,-0.007619,-0.006254,0.001366,-0.006254,14228334.0,14228334.0,13228334.0,13.228334,0,0.5304,0.45,2434
2020-06-24,0.026311,-0.000283,-0.026594,-0.000283,14602693.0,14602693.0,13602693.0,13.602693,1,0.5306,0.5,2435
2020-06-25,0.003074,-1.5e-05,-0.003089,-1.5e-05,14647587.0,14647587.0,13647587.0,13.647587,1,0.5308,0.5,2436
2020-06-26,-0.00396,-0.005479,-0.001519,-0.005479,14589581.0,14589581.0,13589581.0,13.589581,0,0.5306,0.45,2437
2020-06-29,0.011151,0.002861,-0.00829,0.002861,14752272.0,14752272.0,13752272.0,13.752272,1,0.5308,0.5,2438
2020-06-30,0.011653,-0.007403,-0.019056,-0.007403,14924187.0,14924187.0,13924187.0,13.924187,1,0.531,0.5,2439
2020-07-01,-0.013724,-0.028521,-0.014797,-0.028521,14719373.0,14719373.0,13719373.0,13.719373,0,0.5307,0.45,2440
2020-07-02,0.006744,0.007085,0.000341,0.007085,14818635.0,14818635.0,13818635.0,13.818635,1,0.5309,0.5,2441
2020-07-06,-0.000545,0.022313,0.022857,0.022313,14810562.0,14810562.0,13810562.0,13.810562,0,0.5307,0.45,2442
2020-07-07,-0.018653,-0.010532,0.008121,-0.010532,14534303.0,14534303.0,13534303.0,13.534303,0,0.5305,0.45,2443
2020-07-08,-0.008468,-0.015382,-0.006915,-0.015382,14411229.0,14411229.0,13411229.0,13.411229,0,0.5303,0.45,2444
2020-07-09,0.009467,0.007889,-0.001578,0.007889,14547656.0,14547656.0,13547656.0,13.547656,1,0.5305,0.45,2445
2020-07-10,-0.020986,-0.035264,-0.014278,-0.035264,14242352.0,14242352.0,13242352.0,13.242352,0,0.5303,0.45,2446
2020-07-13,0.01976,0.014016,-0.005745,0.014016,14523787.0,14523787.0,13523787.0,13.523787,1,0.5304,0.5,2447
2020-07-14,0.00384,-0.001165,-0.005005,-0.001165,14579559.0,14579559.0,13579559.0,13.579559,1,0.5306,0.55,2448
2020-07-15,0.012178,0.01494,0.002762,0.01494,14757111.0,14757111.0,13757111.0,13.757111,1,0.5308,0.55,2449
2020-07-16,0.004217,-0.008572,-0.012789,-0.008572,14819341.0,14819341.0,13819341.0,13.819341,1,0.531,0.6,2450
2020-07-17,0.009261,0.000344,-0.008917,0.000344,14956576.0,14956576.0,13956576.0,13.956576,1,0.5312,0.6,2451
2020-07-20,-0.002267,-6.2e-05,0.002204,-6.2e-05,14922675.0,14922675.0,13922675.0,13.922675,0,0.531,0.55,2452
2020-07-21,-0.008098,-0.014844,-0.006746,-0.014844,14801834.0,14801834.0,13801834.0,13.801834,0,0.5308,0.55,2453
2020-07-22,-0.01111,-0.00757,0.00354,-0.00757,14637385.0,14637385.0,13637385.0,13.637385,0,0.5306,0.55,2454
2020-07-27,-0.024783,-0.006255,0.018528,-0.006255,14274629.0,14274629.0,13274629.0,13.274629,0,0.5303,0.5,2455
2020-07-28,-0.010004,-0.011691,-0.001686,-0.011691,14131820.0,14131820.0,13131820.0,13.13182,0,0.5301,0.45,2456
2020-07-29,0.0024,-0.002952,-0.005352,-0.002952,14165739.0,14165739.0,13165739.0,13.165739,1,0.5303,0.5,2457
2020-07-30,-0.006161,-0.017023,-0.010862,-0.017023,14078460.0,14078460.0,13078460.0,13.07846,0,0.5301,0.45,2458
2020-07-31,0.001323,-0.025778,-0.027101,-0.025778,14097085.0,14097085.0,13097085.0,13.097085,1,0.5303,0.45,2459
2020-08-03,0.020215,0.01726,-0.002954,0.01726,14382055.0,14382055.0,13382055.0,13.382055,1,0.5305,0.5,2460
2020-08-04,0.009249,0.023865,0.014616,0.023865,14515073.0,14515073.0,13515073.0,13.515073,1,0.5307,0.5,2461
2020-08-05,0.016994,0.020408,0.003413,0.020408,14761745.0,14761745.0,13761745.0,13.761745,1,0.5309,0.55,2462
2020-08-06,0.006434,0.003934,-0.0025,0.003934,14856722.0,14856722.0,13856722.0,13.856722,1,0.5311,0.6,2463
2020-08-07,0.009977,0.011121,0.001144,0.011121,15004953.0,15004953.0,14004953.0,14.004953,1,0.5312,0.65,2464
2020-08-11,0.012927,0.01294,1.4e-05,0.01294,15198915.0,15198915.0,14198915.0,14.198915,1,0.5314,0.65,2465
2020-08-12,0.004121,0.0246,0.020479,0.0246,15261551.0,15261551.0,14261551.0,14.261551,1,0.5316,0.7,2466
2020-08-13,0.011007,0.006357,-0.004649,0.006357,15429528.0,15429528.0,14429528.0,14.429528,1,0.5318,0.7,2467
2020-08-14,-0.008614,-0.00657,0.002044,-0.00657,15296621.0,15296621.0,14296621.0,14.296621,0,0.5316,0.65,2468
2020-08-17,0.007364,-0.007299,-0.014663,-0.007299,15409260.0,15409260.0,14409260.0,14.40926,1,0.5318,0.65,2469
2020-08-18,0.015995,0.008024,-0.00797,0.008024,15655727.0,15655727.0,14655727.0,14.655727,1,0.532,0.65,2470
2020-08-19,0.004729,0.003504,-0.001225,0.003504,15729762.0,15729762.0,14729762.0,14.729762,1,0.5322,0.65,2471
2020-08-20,-0.000282,-0.003771,-0.003489,-0.003771,15725334.0,15725334.0,14725334.0,14.725334,0,0.532,0.65,2472
2020-08-21,0.002295,-0.000977,-0.003272,-0.000977,15761429.0,15761429.0,14761429.0,14.761429,1,0.5321,0.7,2473
2020-08-24,0.001688,0.005795,0.004107,0.005795,15788040.0,15788040.0,14788040.0,14.78804,1,0.5323,0.75,2474
2020-08-25,-0.003495,-0.004463,-0.000968,-0.004463,15732858.0,15732858.0,14732858.0,14.732858,0,0.5321,0.75,2475
2020-08-26,-0.003535,0.003647,0.007183,0.003647,15677236.0,15677236.0,14677236.0,14.677236,0,0.5319,0.75,2476
2020-08-27,0.00456,-0.000876,-0.005437,-0.000876,15748729.0,15748729.0,14748729.0,14.748729,1,0.5321,0.75,2477
2020-08-28,0.011612,-0.003878,-0.015489,-0.003878,15931597.0,15931597.0,14931597.0,14.931597,1,0.5323,0.8,2478
2020-08-31,-0.02418,-0.007527,0.016653,-0.007527,15546375.0,15546375.0,14546375.0,14.546375,0,0.5321,0.75,2479
2020-09-01,-0.010698,-0.006377,0.004321,-0.006377,15380054.0,15380054.0,14380054.0,14.380054,0,0.5319,0.7,2480
2020-09-02,0.013003,-0.002485,-0.015489,-0.002485,15580046.0,15580046.0,14580046.0,14.580046,1,0.532,0.7,2481
2020-09-03,-3.9e-05,-0.007491,-0.007453,-0.007491,15579443.0,15579443.0,14579443.0,14.579443,0,0.5318,0.65,2482
2020-09-04,0.016233,0.014176,-0.002057,0.014176,15832344.0,15832344.0,14832344.0,14.832344,1,0.532,0.65,2483
2020-09-08,-0.01132,0.00351,0.01483,0.00351,15653120.0,15653120.0,14653120.0,14.65312,0,0.5318,0.6,2484
2020-09-09,0.006246,0.001363,-0.004883,0.001363,15750891.0,15750891.0,14750891.0,14.750891,1,0.532,0.6,2485
2020-09-10,-0.007529,-0.003335,0.004194,-0.003335,15632304.0,15632304.0,14632304.0,14.632304,0,0.5318,0.55,2486
2020-09-11,0.001983,0.011493,0.00951,0.011493,15663303.0,15663303.0,14663303.0,14.663303,1,0.532,0.55,2487
2020-09-14,-0.003477,0.00465,0.008127,0.00465,15608847.0,15608847.0,14608847.0,14.608847,0,0.5318,0.55,2488
2020-09-15,-0.0078,-0.007269,0.000532,-0.007269,15487093.0,15487093.0,14487093.0,14.487093,0,0.5315,0.5,2489
2020-09-16,0.011679,0.009493,-0.002186,0.009493,15667964.0,15667964.0,14667964.0,14.667964,1,0.5317,0.5,2490
2020-09-17,-0.018216,-0.008832,0.009384,-0.008832,15382561.0,15382561.0,14382561.0,14.382561,0,0.5315,0.45,2491
2020-09-18,-0.000351,-0.000276,7.6e-05,-0.000276,15377155.0,15377155.0,14377155.0,14.377155,0,0.5313,0.45,2492
2020-09-23,-0.00242,0.000232,0.002652,0.000232,15339936.0,15339936.0,14339936.0,14.339936,0,0.5311,0.4,2493
2020-09-24,0.00926,-0.002981,-0.012242,-0.002981,15481990.0,15481990.0,14481990.0,14.48199,1,0.5313,0.4,2494
2020-09-25,-0.004999,-0.001877,0.003123,-0.001877,15404588.0,15404588.0,14404588.0,14.404588,0,0.5311,0.4,2495
2020-09-28,-0.015452,-0.00348,0.011972,-0.00348,15166556.0,15166556.0,14166556.0,14.166556,0,0.5308,0.4,2496
2020-09-29,-0.003691,-0.002101,0.00159,-0.002101,15110575.0,15110575.0,14110575.0,14.110575,0,0.5306,0.35,2497
2020-09-30,0.017039,-0.013182,-0.030221,-0.013182,15368050.0,15368050.0,14368050.0,14.36805,1,0.5308,0.35,2498
2020-10-02,-0.006407,-0.014208,-0.007801,-0.014208,15269589.0,15269589.0,14269589.0,14.269589,0,0.5306,0.35,2499
2020-10-05,-0.013301,0.006598,0.0199,0.006598,15066484.0,15066484.0,14066484.0,14.066484,0,0.5304,0.35,2500
2020-10-06,0.003965,0.009019,0.005054,0.009019,15126224.0,15126224.0,14126224.0,14.126224,1,0.5306,0.35,2501
2020-10-07,-0.013512,0.000903,0.014414,0.000903,14921843.0,14921843.0,13921843.0,13.921843,0,0.5304,0.35,2502
2020-10-08,0.008359,0.002833,-0.005527,0.002833,15046579.0,15046579.0,14046579.0,14.046579,1,0.5306,0.35,2503
2020-10-09,-0.003897,-0.007399,-0.003502,-0.007399,14987939.0,14987939.0,13987939.0,13.987939,0,0.5304,0.35,2504
2020-10-12,0.006092,0.001081,-0.005011,0.001081,15079244.0,15079244.0,14079244.0,14.079244,1,0.5305,0.35,2505
2020-10-13,-0.001926,-0.002921,-0.000995,-0.002921,15050208.0,15050208.0,14050208.0,14.050208,0,0.5303,0.35,2506
2020-10-14,0.007937,0.000827,-0.00711,0.000827,15169662.0,15169662.0,14169662.0,14.169662,1,0.5305,0.35,2507
2020-10-15,0.002955,0.000386,-0.002569,0.000386,15214487.0,15214487.0,14214487.0,14.214487,1,0.5307,0.4,2508
2020-10-16,0.006902,-0.004591,-0.011493,-0.004591,15319501.0,15319501.0,14319501.0,14.319501,1,0.5309,0.45,2509
2020-10-19,0.004424,0.01351,0.009086,0.01351,15387276.0,15387276.0,14387276.0,14.387276,1,0.5311,0.45,2510
2020-10-20,0.010478,-0.01109,-0.021568,-0.01109,15548510.0,15548510.0,14548510.0,14.54851,1,0.5313,0.5,2511
2020-10-21,0.018282,0.016262,-0.002019,0.016262,15832760.0,15832760.0,14832760.0,14.83276,1,0.5314,0.55,2512
2020-10-22,-0.015755,-0.013124,0.002632,-0.013124,15583311.0,15583311.0,14583311.0,14.583311,0,0.5312,0.55,2513
2020-10-23,-0.002919,-0.002151,0.000767,-0.002151,15537825.0,15537825.0,14537825.0,14.537825,0,0.531,0.5,2514
2020-10-26,0.006847,-0.001001,-0.007848,-0.001001,15644205.0,15644205.0,14644205.0,14.644205,1,0.5312,0.55,2515
2020-10-27,0.002516,-0.003212,-0.005728,-0.003212,15683570.0,15683570.0,14683570.0,14.68357,1,0.5314,0.6,2516
2020-10-28,-0.004903,-0.000481,0.004422,-0.000481,15606675.0,15606675.0,14606675.0,14.606675,0,0.5312,0.6,2517
2020-10-29,0.016883,0.015243,-0.001639,0.015243,15870159.0,15870159.0,14870159.0,14.870159,1,0.5314,0.6,2518
2020-10-30,-0.017087,-0.036021,-0.018934,-0.036021,15598992.0,15598992.0,14598992.0,14.598992,0,0.5312,0.6,2519
2020-11-02,0.005241,0.012218,0.006977,0.012218,15680750.0,15680750.0,14680750.0,14.68075,1,0.5313,0.65,2520
2020-11-04,-0.015892,-0.013853,0.002039,-0.013853,15431549.0,15431549.0,14431549.0,14.431549,0,0.5311,0.6,2521
2020-11-05,0.016844,0.012685,-0.004159,0.012685,15691480.0,15691480.0,14691480.0,14.69148,1,0.5313,0.65,2522
2020-11-06,0.010507,0.015732,0.005226,0.015732,15856345.0,15856345.0,14856345.0,14.856345,1,0.5315,0.65,2523
2020-11-09,-0.001832,-0.004409,-0.002577,-0.004409,15827292.0,15827292.0,14827292.0,14.827292,0,0.5313,0.65,2524
2020-11-10,-0.011264,-0.016463,-0.005199,-0.016463,15649009.0,15649009.0,14649009.0,14.649009,0,0.5311,0.6,2525
2020-11-11,0.000954,-0.004983,-0.005936,-0.004983,15663934.0,15663934.0,14663934.0,14.663934,1,0.5313,0.65,2526
2020-11-12,0.003776,-0.00144,-0.005216,-0.00144,15723081.0,15723081.0,14723081.0,14.723081,1,0.5315,0.65,2527
2020-11-13,-0.009228,-0.011618,-0.002391,-0.011618,15577994.0,15577994.0,14577994.0,14.577994,0,0.5312,0.6,2528
2020-11-16,0.002758,0.009336,0.006578,0.009336,15620959.0,15620959.0,14620959.0,14.620959,1,0.5314,0.6,2529
2020-11-17,-0.005739,-0.007336,-0.001597,-0.007336,15531306.0,15531306.0,14531306.0,14.531306,0,0.5312,0.55,2530
2020-11-18,-0.003212,-0.003416,-0.000204,-0.003416,15481415.0,15481415.0,14481415.0,14.481415,0,0.531,0.5,2531
2020-11-19,-0.010835,-0.002522,0.008313,-0.002522,15313678.0,15313678.0,14313678.0,14.313678,0,0.5308,0.45,2532
2020-11-20,0.020791,0.012645,-0.008146,0.012645,15632069.0,15632069.0,14632069.0,14.632069,1,0.531,0.5,2533
2020-11-24,0.009514,0.005955,-0.003559,0.005955,15780792.0,15780792.0,14780792.0,14.780792,1,0.5312,0.55,2534
2020-11-25,0.002046,-0.011317,-0.013364,-0.011317,15813087.0,15813087.0,14813087.0,14.813087,1,0.5314,0.55,2535
2020-11-27,0.004967,0.001189,-0.003778,0.001189,15891627.0,15891627.0,14891627.0,14.891627,1,0.5315,0.55,2536
2020-11-30,0.024712,-0.019325,-0.044037,-0.019325,16284342.0,16284342.0,15284342.0,15.284342,1,0.5317,0.6,2537
2020-12-01,-0.017996,-0.011824,0.006172,-0.011824,15991291.0,15991291.0,14991291.0,14.991291,0,0.5315,0.55,2538
2020-12-02,0.009274,0.01047,0.001196,0.01047,16139592.0,16139592.0,15139592.0,15.139592,1,0.5317,0.6,2539
2020-12-03,0.011401,0.005078,-0.006322,0.005078,16323593.0,16323593.0,15323593.0,15.323593,1,0.5319,0.6,2540
2020-12-04,0.003711,0.005252,0.001541,0.005252,16384176.0,16384176.0,15384176.0,15.384176,1,0.5321,0.65,2541
2020-12-07,-0.014778,-0.019141,-0.004362,-0.019141,16142045.0,16142045.0,15142045.0,15.142045,0,0.5319,0.6,2542
2020-12-08,-0.00656,-0.006083,0.000477,-0.006083,16036157.0,16036157.0,15036157.0,15.036157,0,0.5317,0.55,2543
2020-12-09,-0.002585,0.004468,0.007053,0.004468,15994708.0,15994708.0,14994708.0,14.994708,0,0.5314,0.55,2544
2020-12-10,-0.004049,-0.008969,-0.00492,-0.008969,15929950.0,15929950.0,14929950.0,14.92995,0,0.5312,0.55,2545
2020-12-11,0.001252,0.006086,0.004834,0.006086,15949895.0,15949895.0,14949895.0,14.949895,1,0.5314,0.55,2546
2020-12-14,-0.007223,0.004461,0.011685,0.004461,15834682.0,15834682.0,14834682.0,14.834682,0,0.5312,0.5,2547
2020-12-15,-0.008902,-0.006954,0.001947,-0.006954,15693730.0,15693730.0,14693730.0,14.69373,0,0.531,0.5,2548
2020-12-16,0.011487,-0.004815,-0.016302,-0.004815,15874003.0,15874003.0,14874003.0,14.874003,1,0.5312,0.5,2549
2020-12-17,-0.000521,-0.004401,-0.00388,-0.004401,15865738.0,15865738.0,14865738.0,14.865738,0,0.531,0.5,2550
2020-12-18,0.002163,0.008518,0.006355,0.008518,15900054.0,15900054.0,14900054.0,14.900054,1,0.5312,0.55,2551
2020-12-21,-0.014017,-0.011372,0.002645,-0.011372,15677178.0,15677178.0,14677178.0,14.677178,0,0.531,0.55,2552
2020-12-22,0.006884,-0.004534,-0.011418,-0.004534,15785096.0,15785096.0,14785096.0,14.785096,1,0.5311,0.55,2553
2020-12-23,0.008398,-0.005153,-0.013551,-0.005153,15917666.0,15917666.0,14917666.0,14.917666,1,0.5313,0.55,2554
2020-12-24,-0.000137,0.001128,0.001265,0.001128,15915489.0,15915489.0,14915489.0,14.915489,0,0.5311,0.5,2555
2020-12-28,0.005852,0.003768,-0.002084,0.003768,16008625.0,16008625.0,15008625.0,15.008625,1,0.5313,0.5,2556
2020-12-29,0.030211,0.036075,0.005864,0.036075,16492256.0,16492256.0,15492256.0,15.492256,1,0.5315,0.5,2557
2020-12-30,0.015838,0.007418,-0.00842,0.007418,16753461.0,16753461.0,15753461.0,15.753461,1,0.5317,0.55,2558
2021-01-04,-0.011104,-0.013286,-0.002183,-0.013286,16567433.0,16567433.0,15567433.0,15.567433,0,0.5315,0.5,2559
2021-01-05,-0.009394,0.005194,0.014588,0.005194,16411794.0,16411794.0,15411794.0,15.411794,0,0.5312,0.45,2560
2021-01-06,-0.008579,0.013205,0.021784,0.013205,16270997.0,16270997.0,15270997.0,15.270997,0,0.531,0.4,2561
2021-01-07,0.014082,0.003384,-0.010698,0.003384,16500128.0,16500128.0,15500128.0,15.500128,1,0.5312,0.45,2562
2021-01-08,0.002425,0.013546,0.011121,0.013546,16540147.0,16540147.0,15540147.0,15.540147,1,0.5314,0.5,2563
2021-01-12,-0.007455,-0.009249,-0.001795,-0.009249,16416843.0,16416843.0,15416843.0,15.416843,0,0.5312,0.5,2564
2021-01-13,0.014915,0.011945,-0.00297,0.011945,16661702.0,16661702.0,15661702.0,15.661702,1,0.5314,0.55,2565
2021-01-14,0.007692,0.007611,-8.2e-05,0.007611,16789870.0,16789870.0,15789870.0,15.78987,1,0.5316,0.55,2566
2021-01-15,-0.014565,-0.01709,-0.002526,-0.01709,16545331.0,16545331.0,15545331.0,15.545331,0,0.5314,0.55,2567
2021-01-19,-0.003841,-0.008875,-0.005034,-0.008875,16481788.0,16481788.0,15481788.0,15.481788,0,0.5312,0.55,2568
2021-01-20,0.02032,0.021526,0.001206,0.021526,16816700.0,16816700.0,15816700.0,15.8167,1,0.5313,0.55,2569
2021-01-21,0.001752,-0.004005,-0.005757,-0.004005,16846167.0,16846167.0,15846167.0,15.846167,1,0.5315,0.6,2570
2021-01-22,0.027118,0.033812,0.006694,0.033812,17303002.0,17303002.0,16303002.0,16.303002,1,0.5317,0.6,2571
2021-01-25,0.011571,0.011939,0.000368,0.011939,17503213.0,17503213.0,16503213.0,16.503213,1,0.5319,0.65,2572
2021-01-26,0.022015,0.019982,-0.002033,0.019982,17888551.0,17888551.0,16888551.0,16.888551,1,0.5321,0.65,2573
2021-01-27,0.000256,-0.001567,-0.001823,-0.001567,17893137.0,17893137.0,16893137.0,16.893137,1,0.5322,0.65,2574
2021-01-28,-0.011561,0.014357,0.025918,0.014357,17686280.0,17686280.0,16686280.0,16.68628,0,0.532,0.65,2575
2021-01-29,-0.027007,-0.037337,-0.01033,-0.037337,17208627.0,17208627.0,16208627.0,16.208627,0,0.5318,0.6,2576
2021-02-01,0.016669,0.025317,0.008648,0.025317,17495478.0,17495478.0,16495478.0,16.495478,1,0.532,0.6,2577
2021-02-02,0.002708,0.005588,0.00288,0.005588,17542854.0,17542854.0,16542854.0,16.542854,1,0.5322,0.6,2578
2021-02-03,0.015521,0.009656,-0.005865,0.009656,17815136.0,17815136.0,16815136.0,16.815136,1,0.5324,0.65,2579
2021-02-04,-0.006049,-0.001765,0.004284,-0.001765,17707376.0,17707376.0,16707376.0,16.707376,0,0.5322,0.65,2580
2021-02-05,-0.003359,-0.011931,-0.008572,-0.011931,17647899.0,17647899.0,16647899.0,16.647899,0,0.532,0.65,2581
2021-02-08,-0.009704,0.014873,0.024577,0.014873,17476639.0,17476639.0,16476639.0,16.476639,0,0.5318,0.6,2582
2021-02-09,-0.024947,-0.021874,0.003074,-0.021874,17040643.0,17040643.0,16040643.0,16.040643,0,0.5316,0.55,2583
2021-02-10,-0.016781,0.003192,0.019973,0.003192,16754679.0,16754679.0,15754679.0,15.754679,0,0.5313,0.55,2584
2021-02-12,0.006973,-0.005464,-0.012437,-0.005464,16871507.0,16871507.0,15871507.0,15.871507,1,0.5315,0.55,2585
2021-02-16,-0.002056,0.002405,0.004461,0.002405,16836823.0,16836823.0,15836823.0,15.836823,0,0.5313,0.5,2586
2021-02-17,0.019633,0.00591,-0.013723,0.00591,17167379.0,17167379.0,16167379.0,16.167379,1,0.5315,0.55,2587
2021-02-18,-0.010254,-0.027887,-0.017633,-0.027887,16991349.0,16991349.0,15991349.0,15.991349,0,0.5313,0.55,2588
2021-02-19,-0.008826,-0.010959,-0.002133,-0.010959,16841387.0,16841387.0,15841387.0,15.841387,0,0.5311,0.5,2589
2021-02-22,-0.003452,-0.002819,0.000632,-0.002819,16783258.0,16783258.0,15783258.0,15.783258,0,0.5309,0.45,2590
2021-02-24,0.000988,-0.011965,-0.012953,-0.011965,16799844.0,16799844.0,15799844.0,15.799844,1,0.5311,0.45,2591
2021-02-25,0.013191,-0.002155,-0.015347,-0.002155,17021453.0,17021453.0,16021453.0,16.021453,1,0.5312,0.45,2592
2021-02-26,-0.0125,-0.022179,-0.009679,-0.022179,16808684.0,16808684.0,15808684.0,15.808684,0,0.531,0.4,2593
2021-03-01,-0.009776,0.009233,0.019009,0.009233,16644366.0,16644366.0,15644366.0,15.644366,0,0.5308,0.35,2594
2021-03-02,-0.004775,-0.021828,-0.017053,-0.021828,16564885.0,16564885.0,15564885.0,15.564885,0,0.5306,0.35,2595
2021-03-03,-0.0072,0.007662,0.014863,0.007662,16445616.0,16445616.0,15445616.0,15.445616,0,0.5304,0.35,2596
2021-03-04,-0.004618,-0.006468,-0.00185,-0.006468,16369674.0,16369674.0,15369674.0,15.369674,0,0.5302,0.3,2597
2021-03-05,0.001212,0.010459,0.009248,0.010459,16389506.0,16389506.0,15389506.0,15.389506,1,0.5304,0.3,2598
2021-03-08,0.011999,0.009893,-0.002106,0.009893,16586169.0,16586169.0,15586169.0,15.586169,1,0.5306,0.3,2599
2021-03-09,-0.021689,0.000438,0.022127,0.000438,16226433.0,16226433.0,15226433.0,15.226433,0,0.5304,0.3,2600
2021-03-10,-0.014666,-0.00673,0.007936,-0.00673,15988450.0,15988450.0,14988450.0,14.98845,0,0.5302,0.3,2601
2021-03-11,-0.016016,0.002059,0.018075,0.002059,15732374.0,15732374.0,14732374.0,14.732374,0,0.53,0.3,2602
2021-03-12,0.0011,0.003252,0.002151,0.003252,15749688.0,15749688.0,14749688.0,14.749688,1,0.5302,0.35,2603
2021-03-15,0.012834,0.010898,-0.001936,0.010898,15951811.0,15951811.0,14951811.0,14.951811,1,0.5303,0.4,2604
2021-03-16,0.003176,0.001183,-0.001993,0.001183,16002468.0,16002468.0,15002468.0,15.002468,1,0.5305,0.4,2605
2021-03-17,-0.015809,-0.01338,0.002429,-0.01338,15749491.0,15749491.0,14749491.0,14.749491,0,0.5303,0.4,2606
2021-03-18,0.010085,0.013679,0.003593,0.013679,15908327.0,15908327.0,14908327.0,14.908327,1,0.5305,0.4,2607
2021-03-19,-0.032272,0.001002,0.033274,0.001002,15394930.0,15394930.0,14394930.0,14.39493,0,0.5303,0.4,2608
2021-03-22,0.016913,0.02297,0.006057,0.02297,15655309.0,15655309.0,14655309.0,14.655309,1,0.5305,0.45,2609
2021-03-23,0.013318,-0.008159,-0.021477,-0.008159,15863810.0,15863810.0,14863810.0,14.86381,1,0.5307,0.5,2610
2021-03-24,0.005232,-0.011843,-0.017075,-0.011843,15946805.0,15946805.0,14946805.0,14.946805,1,0.5308,0.5,2611
2021-03-25,-0.010887,0.005986,0.016873,0.005986,15773190.0,15773190.0,14773190.0,14.77319,0,0.5306,0.45,2612
2021-03-26,-0.013892,-0.008654,0.005238,-0.008654,15554069.0,15554069.0,14554069.0,14.554069,0,0.5304,0.45,2613
2021-03-29,-0.031252,-0.02588,0.005373,-0.02588,15067968.0,15067968.0,14067968.0,14.067968,0,0.5302,0.45,2614
2021-03-30,0.02224,0.028936,0.006695,0.028936,15403084.0,15403084.0,14403084.0,14.403084,1,0.5304,0.5,2615
2021-03-31,-0.014572,-0.011528,0.003044,-0.011528,15178630.0,15178630.0,14178630.0,14.17863,0,0.5302,0.5,2616
2021-04-01,0.004268,-0.009909,-0.014178,-0.009909,15243417.0,15243417.0,14243417.0,14.243417,1,0.5304,0.55,2617
2021-04-05,-0.005288,0.01784,0.023128,0.01784,15162810.0,15162810.0,14162810.0,14.16281,0,0.5302,0.5,2618
2021-04-06,-0.000567,-0.010888,-0.01032,-0.010888,15154209.0,15154209.0,14154209.0,14.154209,0,0.53,0.45,2619
2021-04-07,-0.00095,-0.004674,-0.003724,-0.004674,15139806.0,15139806.0,14139806.0,14.139806,0,0.5298,0.45,2620
2021-04-08,0.002465,-0.012935,-0.015399,-0.012935,15177121.0,15177121.0,14177121.0,14.177121,1,0.53,0.5,2621
2021-04-09,0.010698,-0.000353,-0.011051,-0.000353,15339480.0,15339480.0,14339480.0,14.33948,1,0.5301,0.55,2622
2021-04-12,-0.002702,-0.006967,-0.004265,-0.006967,15298035.0,15298035.0,14298035.0,14.298035,0,0.5299,0.5,2623
2021-04-13,0.005449,0.005963,0.000514,0.005963,15381386.0,15381386.0,14381386.0,14.381386,1,0.5301,0.5,2624
2021-04-14,-0.002485,-0.006819,-0.004335,-0.006819,15343167.0,15343167.0,14343167.0,14.343167,0,0.5299,0.45,2625
2021-04-15,-0.003304,-0.000785,0.00252,-0.000785,15292466.0,15292466.0,14292466.0,14.292466,0,0.5297,0.45,2626
2021-04-16,-0.016815,-0.021192,-0.004377,-0.021192,15035317.0,15035317.0,14035317.0,14.035317,0,0.5295,0.4,2627
2021-04-19,0.00196,-0.006448,-0.008408,-0.006448,15064783.0,15064783.0,14064783.0,14.064783,1,0.5297,0.45,2628
2021-04-20,0.002367,-0.010866,-0.013233,-0.010866,15100448.0,15100448.0,14100448.0,14.100448,1,0.5299,0.45,2629
2021-04-21,-0.002207,-0.002559,-0.000352,-0.002559,15067118.0,15067118.0,14067118.0,14.067118,0,0.5297,0.4,2630
2021-04-22,-0.009747,-0.002851,0.006896,-0.002851,14920258.0,14920258.0,13920258.0,13.920258,0,0.5295,0.35,2631
2021-04-23,0.008421,0.008956,0.000535,0.008956,15045908.0,15045908.0,14045908.0,14.045908,1,0.5296,0.4,2632
2021-04-26,0.00313,-0.000922,-0.004052,-0.000922,15092995.0,15092995.0,14092995.0,14.092995,1,0.5298,0.45,2633
2021-04-27,0.001256,0.001385,0.000129,0.001385,15111955.0,15111955.0,14111955.0,14.111955,1,0.53,0.5,2634
2021-04-28,0.015852,0.002917,-0.012934,0.002917,15351504.0,15351504.0,14351504.0,14.351504,1,0.5302,0.5,2635
2021-04-30,-0.012231,-0.006481,0.00575,-0.006481,15163743.0,15163743.0,14163743.0,14.163743,0,0.53,0.5,2636
2021-05-06,0.007696,0.009972,0.002275,0.009972,15280448.0,15280448.0,14280448.0,14.280448,1,0.5301,0.5,2637
2021-05-07,-0.000569,0.004887,0.005456,0.004887,15271754.0,15271754.0,14271754.0,14.271754,0,0.5299,0.5,2638
2021-05-10,-0.011919,0.004952,0.01687,0.004952,15089734.0,15089734.0,14089734.0,14.089734,0,0.5297,0.5,2639
2021-05-11,0.000991,-0.00978,-0.01077,-0.00978,15104683.0,15104683.0,14104683.0,14.104683,1,0.5299,0.55,2640
2021-05-12,0.012285,0.001306,-0.010979,0.001306,15290248.0,15290248.0,14290248.0,14.290248,1,0.5301,0.55,2641
2021-05-13,-0.013836,0.003179,0.017015,0.003179,15078693.0,15078693.0,14078693.0,14.078693,0,0.5299,0.5,2642
2021-05-14,-0.00196,0.001512,0.003472,0.001512,15049137.0,15049137.0,14049137.0,14.049137,0,0.5297,0.5,2643
2021-05-17,-0.036774,-0.009934,0.02684,-0.009934,14495727.0,14495727.0,13495727.0,13.495727,0,0.5295,0.45,2644
2021-05-18,0.008908,0.0063,-0.002608,0.0063,14624862.0,14624862.0,13624862.0,13.624862,1,0.5297,0.5,2645
2021-05-19,0.007777,0.007993,0.000216,0.007993,14738601.0,14738601.0,13738601.0,13.738601,1,0.5299,0.55,2646
2021-05-20,0.000505,0.003094,0.002588,0.003094,14746049.0,14746049.0,13746049.0,13.746049,1,0.53,0.6,2647
2021-05-21,0.012552,0.009516,-0.003037,0.009516,14931148.0,14931148.0,13931148.0,13.931148,1,0.5302,0.6,2648
2021-05-24,0.003742,0.00493,0.001188,0.00493,14987015.0,14987015.0,13987015.0,13.987015,1,0.5304,0.6,2649
2021-05-25,0.003495,-0.00163,-0.005125,-0.00163,15039398.0,15039398.0,14039398.0,14.039398,1,0.5306,0.65,2650
2021-05-26,-0.001115,-0.000403,0.000712,-0.000403,15022624.0,15022624.0,14022624.0,14.022624,0,0.5304,0.65,2651
2021-05-27,-0.008407,-0.002228,0.006179,-0.002228,14896327.0,14896327.0,13896327.0,13.896327,0,0.5302,0.6,2652
2021-05-28,0.012149,0.015963,0.003814,0.015963,15077305.0,15077305.0,14077305.0,14.077305,1,0.5303,0.6,2653
2021-06-01,-0.016874,-0.017356,-0.000482,-0.017356,14822887.0,14822887.0,13822887.0,13.822887,0,0.5301,0.55,2654
2021-06-02,-0.014175,0.009322,0.023497,0.009322,14612772.0,14612772.0,13612772.0,13.612772,0,0.5299,0.5,2655
2021-06-03,-0.010813,0.000728,0.011541,0.000728,14454758.0,14454758.0,13454758.0,13.454758,0,0.5297,0.5,2656
2021-06-04,-0.008156,-0.004508,0.003649,-0.004508,14336862.0,14336862.0,13336862.0,13.336862,0,0.5295,0.45,2657
2021-06-07,0.0038,-0.000981,-0.004781,-0.000981,14391349.0,14391349.0,13391349.0,13.391349,1,0.5297,0.5,2658
2021-06-08,0.004157,0.009522,0.005365,0.009522,14451181.0,14451181.0,13451181.0,13.451181,1,0.5299,0.55,2659
2021-06-09,-0.015396,-0.003849,0.011547,-0.003849,14228689.0,14228689.0,13228689.0,13.228689,0,0.5297,0.5,2660
2021-06-10,-0.013194,-0.0093,0.003895,-0.0093,14040949.0,14040949.0,13040949.0,13.040949,0,0.5295,0.45,2661
2021-06-11,0.011535,0.009032,-0.002502,0.009032,14202907.0,14202907.0,13202907.0,13.202907,1,0.5297,0.5,2662
2021-06-14,0.004666,-0.010739,-0.015405,-0.010739,14269174.0,14269174.0,13269174.0,13.269174,1,0.5299,0.55,2663
2021-06-15,0.004217,0.009477,0.00526,0.009477,14329348.0,14329348.0,13329348.0,13.329348,1,0.53,0.6,2664
2021-06-16,-0.00419,0.006268,0.010458,0.006268,14269301.0,14269301.0,13269301.0,13.269301,0,0.5298,0.55,2665
2021-06-17,-0.014276,-0.001341,0.012934,-0.001341,14065596.0,14065596.0,13065596.0,13.065596,0,0.5296,0.5,2666
2021-06-18,0.003929,-0.010853,-0.014782,-0.010853,14120862.0,14120862.0,13120862.0,13.120862,1,0.5298,0.5,2667
2021-06-21,-0.025654,-0.005291,0.020362,-0.005291,13758613.0,13758613.0,12758613.0,12.758613,0,0.5296,0.45,2668
2021-06-22,-0.008306,0.003267,0.011573,0.003267,13644332.0,13644332.0,12644332.0,12.644332,0,0.5294,0.4,2669
2021-06-23,0.017316,0.005676,-0.01164,0.005676,13880597.0,13880597.0,12880597.0,12.880597,1,0.5296,0.4,2670
2021-06-24,-0.00982,0.005509,0.015329,0.005509,13744286.0,13744286.0,12744286.0,12.744286,0,0.5294,0.4,2671
2021-06-25,0.007728,0.013197,0.005469,0.013197,13850503.0,13850503.0,12850503.0,12.850503,1,0.5296,0.45,2672
2021-06-28,0.008883,0.017211,0.008328,0.017211,13973535.0,13973535.0,12973535.0,12.973535,1,0.5297,0.45,2673
2021-06-29,-0.002112,-0.00251,-0.000398,-0.00251,13944027.0,13944027.0,12944027.0,12.944027,0,0.5295,0.45,2674
2021-06-30,0.003875,-0.012131,-0.016006,-0.012131,13998062.0,13998062.0,12998062.0,12.998062,1,0.5297,0.5,2675
2021-07-01,-0.018839,-0.021124,-0.002285,-0.021124,13734351.0,13734351.0,12734351.0,12.734351,0,0.5295,0.5,2676
2021-07-02,0.00032,0.003942,0.003622,0.003942,13738750.0,13738750.0,12738750.0,12.73875,1,0.5297,0.55,2677
2021-07-06,-0.002565,-0.004592,-0.002027,-0.004592,13703513.0,13703513.0,12703513.0,12.703513,0,0.5295,0.5,2678
2021-07-07,-0.007709,-0.008443,-0.000734,-0.008443,13597874.0,13597874.0,12597874.0,12.597874,0,0.5293,0.45,2679
2021-07-08,-0.011386,-0.017139,-0.005753,-0.017139,13443043.0,13443043.0,12443043.0,12.443043,0,0.5291,0.45,2680
2021-07-09,0.011516,0.01933,0.007815,0.01933,13597848.0,13597848.0,12597848.0,12.597848,1,0.5293,0.5,2681
2021-07-12,-0.005123,-0.004507,0.000615,-0.004507,13528193.0,13528193.0,12528193.0,12.528193,0,0.5291,0.45,2682
2021-07-13,0.003139,0.005488,0.002349,0.005488,13570658.0,13570658.0,12570658.0,12.570658,1,0.5293,0.45,2683
2021-07-14,0.013804,0.01231,-0.001494,0.01231,13757982.0,13757982.0,12757982.0,12.757982,1,0.5294,0.45,2684
2021-07-15,-0.013783,-0.018808,-0.005025,-0.018808,13568349.0,13568349.0,12568349.0,12.568349,0,0.5292,0.45,2685
2021-07-16,-0.002146,-0.003691,-0.001545,-0.003691,13539235.0,13539235.0,12539235.0,12.539235,0,0.529,0.45,2686
2021-07-19,-0.010828,-0.011033,-0.000205,-0.011033,13392637.0,13392637.0,12392637.0,12.392637,0,0.5288,0.4,2687
2021-07-20,0.001196,-0.001541,-0.002737,-0.001541,13408652.0,13408652.0,12408652.0,12.408652,1,0.529,0.45,2688
2021-07-21,-0.004824,-0.010952,-0.006128,-0.010952,13343964.0,13343964.0,12343964.0,12.343964,0,0.5288,0.45,2689
2021-07-26,0.006063,-0.004616,-0.010679,-0.004616,13424872.0,13424872.0,12424872.0,12.424872,1,0.529,0.45,2690
2021-07-27,0.000386,-0.004713,-0.005099,-0.004713,13430057.0,13430057.0,12430057.0,12.430057,1,0.5292,0.5,2691
2021-07-28,-0.006109,-0.007246,-0.001137,-0.007246,13348013.0,13348013.0,12348013.0,12.348013,0,0.529,0.45,2692
2021-07-29,0.008431,-0.001045,-0.009476,-0.001045,13460554.0,13460554.0,12460554.0,12.460554,1,0.5291,0.45,2693
2021-07-30,0.01712,-0.006619,-0.023739,-0.006619,13691000.0,13691000.0,12691000.0,12.691,1,0.5293,0.5,2694
2021-08-02,0.001536,0.015145,0.013609,0.015145,13712036.0,13712036.0,12712036.0,12.712036,1,0.5295,0.5,2695
2021-08-03,0.003593,0.003769,0.000176,0.003769,13761299.0,13761299.0,12761299.0,12.761299,1,0.5297,0.55,2696
2021-08-04,-0.003304,-0.007112,-0.003808,-0.007112,13715825.0,13715825.0,12715825.0,12.715825,0,0.5295,0.5,2697
2021-08-05,-0.007631,0.001236,0.008866,0.001236,13611165.0,13611165.0,12611165.0,12.611165,0,0.5293,0.5,2698
2021-08-06,-0.011256,0.005686,0.016942,0.005686,13457958.0,13457958.0,12457958.0,12.457958,0,0.5291,0.5,2699
2021-08-10,-0.023007,-0.008423,0.014584,-0.008423,13148336.0,13148336.0,12148336.0,12.148336,0,0.5289,0.5,2700
2021-08-11,-0.002389,0.004027,0.006416,0.004027,13116928.0,13116928.0,12116928.0,12.116928,0,0.5287,0.45,2701
2021-08-12,0.004455,-0.006083,-0.010538,-0.006083,13175361.0,13175361.0,12175361.0,12.175361,1,0.5289,0.5,2702
2021-08-13,0.000632,-0.015568,-0.0162,-0.015568,13183684.0,13183684.0,12183684.0,12.183684,1,0.529,0.5,2703
2021-08-16,0.000998,-0.013293,-0.014291,-0.013293,13196841.0,13196841.0,12196841.0,12.196841,1,0.5292,0.5,2704
2021-08-17,-0.004087,-0.012458,-0.008371,-0.012458,13142905.0,13142905.0,12142905.0,12.142905,0,0.529,0.5,2705
2021-08-18,-0.013066,-0.005716,0.00735,-0.005716,12971176.0,12971176.0,11971176.0,11.971176,0,0.5288,0.5,2706
2021-08-19,-0.029957,-0.019342,0.010615,-0.019342,12582593.0,12582593.0,11582593.0,11.582593,0,0.5286,0.5,2707
2021-08-20,0.011558,-0.002064,-0.013622,-0.002064,12728022.0,12728022.0,11728022.0,11.728022,1,0.5288,0.5,2708
2021-08-23,0.032743,0.033187,0.000444,0.033187,13144773.0,13144773.0,12144773.0,12.144773,1,0.529,0.55,2709
2021-08-24,-0.000629,0.000359,0.000988,0.000359,13136502.0,13136502.0,12136502.0,12.136502,0,0.5288,0.5,2710
2021-08-25,-0.02299,-0.003704,0.019286,-0.003704,12834494.0,12834494.0,11834494.0,11.834494,0,0.5286,0.45,2711
2021-08-26,-0.004908,-0.008244,-0.003336,-0.008244,12771497.0,12771497.0,11771497.0,11.771497,0,0.5284,0.45,2712
2021-08-27,0.005659,0.001891,-0.003767,0.001891,12843767.0,12843767.0,11843767.0,11.843767,1,0.5286,0.45,2713
2021-08-30,0.000866,0.00841,0.007545,0.00841,12854885.0,12854885.0,11854885.0,11.854885,1,0.5287,0.45,2714
2021-08-31,-0.013454,-0.007468,0.005986,-0.007468,12681934.0,12681934.0,11681934.0,11.681934,0,0.5285,0.4,2715
2021-09-01,0.015347,0.008224,-0.007123,0.008224,12876560.0,12876560.0,11876560.0,11.87656,1,0.5287,0.4,2716
2021-09-02,0.023486,0.019439,-0.004047,0.019439,13178976.0,13178976.0,12178976.0,12.178976,1,0.5289,0.45,2717
2021-09-03,-0.002509,0.005322,0.007831,0.005322,13145906.0,13145906.0,12145906.0,12.145906,0,0.5287,0.45,2718
2021-09-07,0.002103,0.0046,0.002497,0.0046,13173549.0,13173549.0,12173549.0,12.173549,1,0.5289,0.5,2719
2021-09-08,0.008375,0.004118,-0.004258,0.004118,13283882.0,13283882.0,12283882.0,12.283882,1,0.529,0.55,2720
2021-09-09,0.034088,0.030397,-0.00369,0.030397,13736698.0,13736698.0,12736698.0,12.736698,1,0.5292,0.6,2721
2021-09-10,-0.010371,-0.001677,0.008694,-0.001677,13594232.0,13594232.0,12594232.0,12.594232,0,0.529,0.55,2722
2021-09-13,6.6e-05,0.018202,0.018136,0.018202,13595132.0,13595132.0,12595132.0,12.595132,1,0.5292,0.55,2723
2021-09-14,0.000763,0.004979,0.004217,0.004979,13605500.0,13605500.0,12605500.0,12.6055,1,0.5294,0.55,2724
2021-09-15,0.005038,-0.000367,-0.005405,-0.000367,13674048.0,13674048.0,12674048.0,12.674048,1,0.5295,0.6,2725
2021-09-16,-0.012444,-0.00393,0.008514,-0.00393,13503887.0,13503887.0,12503887.0,12.503887,0,0.5293,0.6,2726
2021-09-17,0.004769,-0.002259,-0.007027,-0.002259,13568284.0,13568284.0,12568284.0,12.568284,1,0.5295,0.65,2727
2021-09-21,0.011638,0.002868,-0.00877,0.002868,13726194.0,13726194.0,12726194.0,12.726194,1,0.5297,0.65,2728
2021-09-22,-0.01791,-0.009168,0.008742,-0.009168,13480352.0,13480352.0,12480352.0,12.480352,0,0.5295,0.6,2729
2021-09-24,0.004003,-0.0026,-0.006603,-0.0026,13534318.0,13534318.0,12534318.0,12.534318,1,0.5297,0.65,2730
2021-09-27,-0.008648,0.005755,0.014404,0.005755,13417270.0,13417270.0,12417270.0,12.41727,0,0.5295,0.65,2731
2021-09-28,0.012968,0.006646,-0.006323,0.006646,13591267.0,13591267.0,12591267.0,12.591267,1,0.5296,0.7,2732
2021-09-29,-0.020086,0.004826,0.024912,0.004826,13318269.0,13318269.0,12318269.0,12.318269,0,0.5295,0.65,2733
2021-09-30,-0.032278,-0.044044,-0.011766,-0.044044,12888376.0,12888376.0,11888376.0,11.888376,0,0.5293,0.6,2734
2021-10-01,-0.008607,-0.011091,-0.002484,-0.011091,12777448.0,12777448.0,11777448.0,11.777448,0,0.5291,0.6,2735
2021-10-04,-0.017604,-0.008795,0.008809,-0.008795,12552513.0,12552513.0,11552513.0,11.552513,0,0.5289,0.55,2736
2021-10-05,0.005522,0.003166,-0.002356,0.003166,12621826.0,12621826.0,11621826.0,11.621826,1,0.529,0.55,2737
2021-10-06,0.021072,0.024253,0.003181,0.024253,12887799.0,12887799.0,11887799.0,11.887799,1,0.5292,0.6,2738
2021-10-07,0.004483,0.001474,-0.003009,0.001474,12945569.0,12945569.0,11945569.0,11.945569,1,0.5294,0.6,2739
2021-10-08,0.015447,0.009473,-0.005974,0.009473,13145541.0,13145541.0,12145541.0,12.145541,1,0.5296,0.6,2740
2021-10-11,0.017184,0.015789,-0.001395,0.015789,13371432.0,13371432.0,12371432.0,12.371432,1,0.5297,0.6,2741
2021-10-12,0.006546,0.006063,-0.000484,0.006063,13458967.0,13458967.0,12458967.0,12.458967,1,0.5299,0.65,2742
2021-10-13,-0.000129,-0.003939,-0.00381,-0.003939,13457224.0,13457224.0,12457224.0,12.457224,0,0.5297,0.6,2743
2021-10-14,-0.016335,-0.01274,0.003595,-0.01274,13237401.0,13237401.0,12237401.0,12.237401,0,0.5295,0.55,2744
2021-10-15,-0.004269,0.00083,0.005099,0.00083,13180887.0,13180887.0,12180887.0,12.180887,0,0.5293,0.5,2745
2021-10-18,0.026148,0.013127,-0.013021,0.013127,13525540.0,13525540.0,12525540.0,12.52554,1,0.5295,0.55,2746
2021-10-19,-0.009216,-0.013626,-0.00441,-0.013626,13400888.0,13400888.0,12400888.0,12.400888,0,0.5293,0.5,2747
2021-10-20,0.002996,-0.00615,-0.009146,-0.00615,13441040.0,13441040.0,12441040.0,12.44104,1,0.5295,0.5,2748
2021-10-21,0.001879,-0.009388,-0.011268,-0.009388,13466299.0,13466299.0,12466299.0,12.466299,1,0.5296,0.55,2749
2021-10-22,-0.013964,-0.006897,0.007067,-0.006897,13278260.0,13278260.0,12278260.0,12.27826,0,0.5295,0.5,2750
2021-10-25,0.005753,-0.000875,-0.006628,-0.000875,13354656.0,13354656.0,12354656.0,12.354656,1,0.5296,0.55,2751
2021-10-26,-0.005592,0.001538,0.007131,0.001538,13279975.0,13279975.0,12279975.0,12.279975,0,0.5294,0.5,2752
2021-10-27,-0.022691,-0.019441,0.00325,-0.019441,12978634.0,12978634.0,11978634.0,11.978634,0,0.5292,0.5,2753
2021-10-28,0.007817,0.005873,-0.001944,0.005873,13080090.0,13080090.0,12080090.0,12.08009,1,0.5294,0.55,2754
2021-10-29,-0.008645,-0.00762,0.001025,-0.00762,12967016.0,12967016.0,11967016.0,11.967016,0,0.5292,0.55,2755
2021-11-01,0.002977,-0.001348,-0.004325,-0.001348,13005623.0,13005623.0,12005623.0,12.005623,1,0.5294,0.6,2756
2021-11-02,-0.009779,-0.016277,-0.006499,-0.016277,12878445.0,12878445.0,11878445.0,11.878445,0,0.5292,0.55,2757
2021-11-04,-0.024198,-0.012673,0.011525,-0.012673,12566816.0,12566816.0,11566816.0,11.566816,0,0.529,0.5,2758
2021-11-05,0.008922,0.001364,-0.007558,0.001364,12678941.0,12678941.0,11678941.0,11.678941,1,0.5292,0.5,2759
2021-11-08,0.021576,0.006224,-0.015352,0.006224,12952505.0,12952505.0,11952505.0,11.952505,1,0.5293,0.5,2760
2021-11-09,0.010119,-0.013632,-0.023751,-0.013632,13083568.0,13083568.0,12083568.0,12.083568,1,0.5295,0.5,2761
2021-11-10,-0.002908,-0.009471,-0.006562,-0.009471,13045516.0,13045516.0,12045516.0,12.045516,0,0.5293,0.45,2762
2021-11-11,0.006997,-0.001528,-0.008524,-0.001528,13136790.0,13136790.0,12136790.0,12.13679,1,0.5295,0.5,2763
2021-11-12,-0.003902,-0.00135,0.002551,-0.00135,13085534.0,13085534.0,12085534.0,12.085534,0,0.5293,0.5,2764
2021-11-15,-0.001537,-0.000741,0.000796,-0.000741,13065419.0,13065419.0,12065419.0,12.065419,0,0.5291,0.5,2765
2021-11-16,-0.010344,-0.007719,0.002625,-0.007719,12930265.0,12930265.0,11930265.0,11.930265,0,0.5289,0.45,2766
2021-11-17,-0.006131,-0.011439,-0.005308,-0.011439,12850988.0,12850988.0,11850988.0,11.850988,0,0.5287,0.45,2767
2021-11-18,0.000638,-0.002799,-0.003437,-0.002799,12859185.0,12859185.0,11859185.0,11.859185,1,0.5289,0.45,2768
2021-11-19,-0.008226,-0.006004,0.002222,-0.006004,12753411.0,12753411.0,11753411.0,11.753411,0,0.5287,0.4,2769
2021-11-22,0.00294,0.005231,0.002291,0.005231,12790911.0,12790911.0,11790911.0,11.790911,1,0.5289,0.45,2770
2021-11-24,0.008795,-0.004934,-0.013729,-0.004934,12903405.0,12903405.0,11903405.0,11.903405,1,0.5291,0.45,2771
2021-11-26,-0.000826,-0.012156,-0.01133,-0.012156,12892749.0,12892749.0,11892749.0,11.892749,0,0.5289,0.45,2772
2021-11-29,0.002327,-0.011738,-0.014065,-0.011738,12922753.0,12922753.0,11922753.0,11.922753,1,0.529,0.5,2773
2021-11-30,0.006067,-0.018484,-0.024551,-0.018484,13001155.0,13001155.0,12001155.0,12.001155,1,0.5292,0.5,2774
2021-12-01,0.013595,0.013484,-0.000111,0.013484,13177907.0,13177907.0,12177907.0,12.177907,1,0.5294,0.55,2775
2021-12-02,-0.004509,-0.000755,0.003753,-0.000755,13118492.0,13118492.0,12118492.0,12.118492,0,0.5292,0.5,2776
2021-12-03,-0.01389,0.016138,0.030028,0.016138,12936275.0,12936275.0,11936275.0,11.936275,0,0.529,0.5,2777
2021-12-06,0.009122,0.003761,-0.00536,0.003761,13054277.0,13054277.0,12054277.0,12.054277,1,0.5292,0.55,2778
2021-12-07,-0.012498,0.007895,0.020393,0.007895,12891129.0,12891129.0,11891129.0,11.891129,0,0.529,0.5,2779
2021-12-08,-0.000654,-0.006107,-0.005453,-0.006107,12882704.0,12882704.0,11882704.0,11.882704,0,0.5288,0.45,2780
2021-12-09,0.026185,0.018787,-0.007398,0.018787,13220033.0,13220033.0,12220033.0,12.220033,1,0.5289,0.45,2781
2021-12-10,-0.011527,-0.01552,-0.003993,-0.01552,13067643.0,13067643.0,12067643.0,12.067643,0,0.5288,0.45,2782
2021-12-13,-0.013071,-0.026837,-0.013766,-0.026837,12896833.0,12896833.0,11896833.0,11.896833,0,0.5286,0.4,2783
2021-12-14,0.00368,0.007059,0.003379,0.007059,12944300.0,12944300.0,11944300.0,11.9443,1,0.5287,0.45,2784
2021-12-15,-0.00048,0.005236,0.005717,0.005236,12938085.0,12938085.0,11938085.0,11.938085,0,0.5285,0.45,2785
2021-12-16,0.009126,0.011949,0.002823,0.011949,13056152.0,13056152.0,12056152.0,12.056152,1,0.5287,0.5,2786
2021-12-17,-0.003523,-0.005793,-0.002269,-0.005793,13010148.0,13010148.0,12010148.0,12.010148,0,0.5285,0.5,2787
2021-12-20,0.011331,-0.015501,-0.026832,-0.015501,13157565.0,13157565.0,12157565.0,12.157565,1,0.5287,0.5,2788
2021-12-21,-0.014356,-0.01721,-0.002854,-0.01721,12968675.0,12968675.0,11968675.0,11.968675,0,0.5285,0.5,2789
2021-12-22,-0.0164,-0.006516,0.009885,-0.006516,12755985.0,12755985.0,11755985.0,11.755985,0,0.5283,0.45,2790
2021-12-23,-0.017479,-0.004601,0.012878,-0.004601,12533025.0,12533025.0,11533025.0,11.533025,0,0.5281,0.4,2791
2021-12-27,-0.00311,-0.000969,0.002141,-0.000969,12494042.0,12494042.0,11494042.0,11.494042,0,0.5279,0.4,2792
2021-12-28,0.002659,0.003418,0.000759,0.003418,12527267.0,12527267.0,11527267.0,11.527267,1,0.5281,0.4,2793
2021-12-29,0.010949,0.00356,-0.007389,0.00356,12664428.0,12664428.0,11664428.0,11.664428,1,0.5283,0.4,2794
2021-12-30,0.00336,0.003052,-0.000308,0.003052,12706984.0,12706984.0,11706984.0,11.706984,1,0.5284,0.4,2795
2022-01-04,0.012013,0.011053,-0.00096,0.011053,12859637.0,12859637.0,11859637.0,11.859637,1,0.5286,0.45,2796
2022-01-05,0.020876,0.010181,-0.010695,0.010181,13128089.0,13128089.0,12128089.0,12.128089,1,0.5288,0.5,2797
2022-01-06,-0.004366,-0.005852,-0.001486,-0.005852,13070771.0,13070771.0,12070771.0,12.070771,0,0.5286,0.45,2798
2022-01-07,-0.019742,-0.003457,0.016286,-0.003457,12812722.0,12812722.0,11812722.0,11.812722,0,0.5284,0.45,2799
2022-01-11,0.045857,0.015153,-0.030704,0.015153,13400273.0,13400273.0,12400273.0,12.400273,1,0.5286,0.5,2800
2022-01-12,-0.009999,-0.002458,0.007541,-0.002458,13266283.0,13266283.0,12266283.0,12.266283,0,0.5284,0.45,2801
2022-01-13,0.017137,0.001999,-0.015137,0.001999,13493623.0,13493623.0,12493623.0,12.493623,1,0.5286,0.5,2802
2022-01-14,0.020512,0.00017,-0.020342,0.00017,13770406.0,13770406.0,12770406.0,12.770406,1,0.5287,0.55,2803
2022-01-18,0.005635,-0.015561,-0.021196,-0.015561,13848001.0,13848001.0,12848001.0,12.848001,1,0.5289,0.55,2804
2022-01-19,-0.00116,-0.016727,-0.015567,-0.016727,13831935.0,13831935.0,12831935.0,12.831935,0,0.5287,0.55,2805
2022-01-20,0.022671,0.019059,-0.003612,0.019059,14145518.0,14145518.0,13145518.0,13.145518,1,0.5289,0.55,2806
2022-01-21,0.009656,0.014597,0.00494,0.014597,14282112.0,14282112.0,13282112.0,13.282112,1,0.529,0.6,2807
2022-01-24,-0.011238,0.006313,0.017551,0.006313,14121611.0,14121611.0,13121611.0,13.121611,0,0.5288,0.55,2808
2022-01-25,0.000472,-0.008896,-0.009368,-0.008896,14128277.0,14128277.0,13128277.0,13.128277,1,0.529,0.6,2809
2022-01-26,-0.020971,-0.01564,0.005331,-0.01564,13831989.0,13831989.0,12831989.0,12.831989,0,0.5288,0.6,2810
2022-01-27,0.015705,-0.008298,-0.024003,-0.008298,14049225.0,14049225.0,13049225.0,13.049225,1,0.529,0.65,2811
2022-01-28,-0.001923,0.011959,0.013881,0.011959,14022213.0,14022213.0,13022213.0,13.022213,0,0.5288,0.65,2812
2022-01-31,0.014987,0.021912,0.006925,0.021912,14232365.0,14232365.0,13232365.0,13.232365,1,0.529,0.65,2813
2022-02-01,0.018171,0.01767,-0.000501,0.01767,14490978.0,14490978.0,13490978.0,13.490978,1,0.5291,0.65,2814
2022-02-02,-0.029763,-0.009662,0.020101,-0.009662,14059683.0,14059683.0,13059683.0,13.059683,0,0.529,0.6,2815
2022-02-03,0.00102,0.005129,0.004109,0.005129,14074020.0,14074020.0,13074020.0,13.07402,1,0.5291,0.6,2816
2022-02-04,-0.008684,-0.002121,0.006562,-0.002121,13951805.0,13951805.0,12951805.0,12.951805,0,0.5289,0.55,2817
2022-02-07,-0.00073,0.011969,0.012699,0.011969,13941620.0,13941620.0,12941620.0,12.94162,0,0.5287,0.55,2818
2022-02-08,-0.003391,0.007628,0.01102,0.007628,13894338.0,13894338.0,12894338.0,12.894338,0,0.5286,0.55,2819
2022-02-09,-0.001803,0.001733,0.003535,0.001733,13869293.0,13869293.0,12869293.0,12.869293,0,0.5284,0.5,2820
2022-02-10,-0.038028,-0.008343,0.029684,-0.008343,13341877.0,13341877.0,12341877.0,12.341877,0,0.5282,0.5,2821
2022-02-14,0.022129,0.002183,-0.019946,0.002183,13637121.0,13637121.0,12637121.0,12.637121,1,0.5283,0.5,2822
2022-02-15,-0.002424,-0.004906,-0.002482,-0.004906,13604060.0,13604060.0,12604060.0,12.60406,0,0.5282,0.45,2823
2022-02-16,0.024165,0.019269,-0.004895,0.019269,13932799.0,13932799.0,12932799.0,12.932799,1,0.5283,0.45,2824
2022-02-17,0.010957,0.006023,-0.004935,0.006023,14085466.0,14085466.0,13085466.0,13.085466,1,0.5285,0.5,2825
2022-02-18,0.014625,0.024171,0.009546,0.024171,14291461.0,14291461.0,13291461.0,13.291461,1,0.5287,0.5,2826
2022-02-22,0.002615,0.001414,-0.001201,0.001414,14328830.0,14328830.0,13328830.0,13.32883,1,0.5288,0.5,2827
2022-02-24,0.012033,-0.000377,-0.01241,-0.000377,14501245.0,14501245.0,13501245.0,13.501245,1,0.529,0.55,2828
2022-02-25,0.01537,0.006936,-0.008433,0.006936,14724124.0,14724124.0,13724124.0,13.724124,1,0.5292,0.55,2829
2022-02-28,0.005565,0.019505,0.01394,0.019505,14806057.0,14806057.0,13806057.0,13.806057,1,0.5293,0.6,2830
2022-03-01,0.001446,-0.007997,-0.009444,-0.007997,14827472.0,14827472.0,13827472.0,13.827472,1,0.5295,0.6,2831
2022-03-02,0.004718,0.003452,-0.001267,0.003452,14897434.0,14897434.0,13897434.0,13.897434,1,0.5297,0.65,2832
2022-03-03,0.003396,0.004449,0.001053,0.004449,14948027.0,14948027.0,13948027.0,13.948027,1,0.5298,0.65,2833
2022-03-04,-0.012963,-0.020399,-0.007436,-0.020399,14754253.0,14754253.0,13754253.0,13.754253,0,0.5296,0.6,2834
2022-03-07,0.008873,-0.006177,-0.015051,-0.006177,14885170.0,14885170.0,13885170.0,13.88517,1,0.5298,0.65,2835
2022-03-08,0.019032,-0.019226,-0.038258,-0.019226,15168464.0,15168464.0,14168464.0,14.168464,1,0.53,0.65,2836
2022-03-09,0.009186,-0.005834,-0.015021,-0.005834,15307807.0,15307807.0,14307807.0,14.307807,1,0.5301,0.7,2837
2022-03-10,0.015737,0.018338,0.002601,0.018338,15548708.0,15548708.0,14548708.0,14.548708,1,0.5303,0.75,2838
2022-03-11,0.00995,0.011981,0.002031,0.011981,15703413.0,15703413.0,14703413.0,14.703413,1,0.5305,0.8,2839
2022-03-14,-3.9e-05,0.00119,0.001229,0.00119,15702802.0,15702802.0,14702802.0,14.702802,0,0.5303,0.8,2840
2022-03-15,0.021068,0.02982,0.008751,0.02982,16033634.0,16033634.0,15033634.0,15.033634,1,0.5304,0.85,2841
2022-03-16,0.004615,0.00736,0.002746,0.00736,16107624.0,16107624.0,15107624.0,15.107624,1,0.5306,0.85,2842
2022-03-17,-0.000526,0.009882,0.010408,0.009882,16099155.0,16099155.0,15099155.0,15.099155,0,0.5304,0.85,2843
2022-03-18,0.000438,0.004741,0.004303,0.004741,16106209.0,16106209.0,15106209.0,15.106209,1,0.5306,0.85,2844
2022-03-22,-0.029368,-0.012347,0.017022,-0.012347,15633195.0,15633195.0,14633195.0,14.633195,0,0.5304,0.8,2845
2022-03-23,0.009401,0.017038,0.007637,0.017038,15780166.0,15780166.0,14780166.0,14.780166,1,0.5306,0.8,2846
2022-03-24,0.005239,0.004482,-0.000758,0.004482,15862845.0,15862845.0,14862845.0,14.862845,1,0.5307,0.8,2847
2022-03-25,-0.004699,-0.002806,0.001893,-0.002806,15788302.0,15788302.0,14788302.0,14.788302,0,0.5305,0.75,2848
2022-03-28,-0.002967,-0.00652,-0.003553,-0.00652,15741460.0,15741460.0,14741460.0,14.74146,0,0.5304,0.7,2849
2022-03-29,-0.004275,-0.004601,-0.000325,-0.004601,15674161.0,15674161.0,14674161.0,14.674161,0,0.5302,0.65,2850
2022-03-30,0.001314,0.003406,0.002092,0.003406,15694750.0,15694750.0,14694750.0,14.69475,1,0.5303,0.65,2851
2022-03-31,0.009007,0.002686,-0.006321,0.002686,15836111.0,15836111.0,14836111.0,14.836111,1,0.5305,0.65,2852
2022-04-01,-0.018566,-0.00392,0.014646,-0.00392,15542104.0,15542104.0,14542104.0,14.542104,0,0.5303,0.6,2853
2022-04-04,0.021591,0.0231,0.001509,0.0231,15877677.0,15877677.0,14877677.0,14.877677,1,0.5305,0.65,2854
2022-04-05,-0.008877,-0.013498,-0.004621,-0.013498,15736732.0,15736732.0,14736732.0,14.736732,0,0.5303,0.6,2855
2022-04-06,0.013577,0.006677,-0.0069,0.006677,15950390.0,15950390.0,14950390.0,14.95039,1,0.5305,0.6,2856
2022-04-07,-0.003597,-0.005381,-0.001784,-0.005381,15893022.0,15893022.0,14893022.0,14.893022,0,0.5303,0.55,2857
2022-04-08,-0.005659,-0.007409,-0.00175,-0.007409,15803083.0,15803083.0,14803083.0,14.803083,0,0.5301,0.5,2858
2022-04-11,-0.03771,0.005417,0.043127,0.005417,15207147.0,15207147.0,14207147.0,14.207147,0,0.5299,0.45,2859
2022-04-12,0.022929,-0.001614,-0.024543,-0.001614,15555830.0,15555830.0,14555830.0,14.55583,1,0.5301,0.5,2860
2022-04-13,-0.000711,0.002961,0.003672,0.002961,15544774.0,15544774.0,14544774.0,14.544774,0,0.5299,0.45,2861
2022-04-14,-0.018763,0.004265,0.023028,0.004265,15253114.0,15253114.0,14253114.0,14.253114,0,0.5297,0.4,2862
2022-04-18,0.005165,0.005863,0.000698,0.005863,15331897.0,15331897.0,14331897.0,14.331897,1,0.5299,0.45,2863
2022-04-19,0.002406,0.00425,0.001844,0.00425,15368789.0,15368789.0,14368789.0,14.368789,1,0.53,0.45,2864
2022-04-20,-0.004783,-0.003537,0.001246,-0.003537,15295280.0,15295280.0,14295280.0,14.29528,0,0.5298,0.45,2865
2022-04-21,0.001444,-0.000243,-0.001688,-0.000243,15317372.0,15317372.0,14317372.0,14.317372,1,0.53,0.45,2866
2022-04-22,-0.00924,-0.008578,0.000662,-0.008578,15175836.0,15175836.0,14175836.0,14.175836,0,0.5298,0.4,2867
2022-04-25,0.005563,0.001096,-0.004467,0.001096,15260260.0,15260260.0,14260260.0,14.26026,1,0.53,0.45,2868
2022-04-26,0.006723,-8.7e-05,-0.00681,-8.7e-05,15362857.0,15362857.0,14362857.0,14.362857,1,0.5301,0.5,2869
2022-04-27,-0.012075,-0.002602,0.009472,-0.002602,15177358.0,15177358.0,14177358.0,14.177358,0,0.53,0.5,2870
2022-04-28,-0.000683,0.016242,0.016926,0.016242,15166985.0,15166985.0,14166985.0,14.166985,0,0.5298,0.45,2871
2022-05-02,-0.006134,0.006021,0.012156,0.006021,15073944.0,15073944.0,14073944.0,14.073944,0,0.5296,0.4,2872
2022-05-06,-0.017704,0.004631,0.022335,0.004631,14807073.0,14807073.0,13807073.0,13.807073,0,0.5294,0.4,2873
2022-05-09,0.003591,-0.003496,-0.007086,-0.003496,14860239.0,14860239.0,13860239.0,13.860239,1,0.5296,0.4,2874
2022-05-10,0.020642,-0.003823,-0.024465,-0.003823,15166991.0,15166991.0,14166991.0,14.166991,1,0.5297,0.45,2875
2022-05-11,0.005513,-0.01608,-0.021593,-0.01608,15250601.0,15250601.0,14250601.0,14.250601,1,0.5299,0.45,2876
2022-05-12,0.019458,-0.000838,-0.020296,-0.000838,15547354.0,15547354.0,14547354.0,14.547354,1,0.5301,0.5,2877
2022-05-13,0.006759,0.02621,0.019451,0.02621,15652434.0,15652434.0,14652434.0,14.652434,1,0.5302,0.55,2878
2022-05-16,-0.037099,-0.008146,0.028953,-0.008146,15071751.0,15071751.0,14071751.0,14.071751,0,0.53,0.55,2879
2022-05-17,0.022965,0.028081,0.005116,0.028081,15417873.0,15417873.0,14417873.0,14.417873,1,0.5302,0.55,2880
2022-05-18,-0.005758,0.003322,0.009079,0.003322,15329100.0,15329100.0,14329100.0,14.3291,0,0.53,0.55,2881
2022-05-19,0.006065,0.021578,0.015513,0.021578,15422071.0,15422071.0,14422071.0,14.422071,1,0.5302,0.6,2882
2022-05-20,0.022923,0.006441,-0.016482,0.006441,15775592.0,15775592.0,14775592.0,14.775592,1,0.5304,0.6,2883
2022-05-23,0.01547,0.015381,-8.9e-05,0.015381,16019640.0,16019640.0,15019640.0,15.01964,1,0.5305,0.6,2884
2022-05-24,-0.009941,-0.010616,-0.000674,-0.010616,15860383.0,15860383.0,14860383.0,14.860383,0,0.5303,0.6,2885
2022-05-25,0.01648,0.020023,0.003543,0.020023,16121764.0,16121764.0,15121764.0,15.121764,1,0.5305,0.6,2886
2022-05-26,-0.003129,-0.007082,-0.003953,-0.007082,16071318.0,16071318.0,15071318.0,15.071318,0,0.5303,0.6,2887
2022-05-27,0.006372,-0.003261,-0.009634,-0.003261,16173732.0,16173732.0,15173732.0,15.173732,1,0.5305,0.6,2888
2022-05-31,0.005287,-0.005633,-0.01092,-0.005633,16259248.0,16259248.0,15259248.0,15.259248,1,0.5306,0.6,2889
2022-06-01,-0.001473,0.017197,0.018671,0.017197,16235293.0,16235293.0,15235293.0,15.235293,0,0.5304,0.6,2890
2022-06-02,0.017112,0.011097,-0.006015,0.011097,16513111.0,16513111.0,15513111.0,15.513111,1,0.5306,0.65,2891
2022-06-03,-0.026374,-0.009317,0.017057,-0.009317,16077600.0,16077600.0,15077600.0,15.0776,0,0.5304,0.65,2892
2022-06-06,0.016449,0.020319,0.00387,0.020319,16342069.0,16342069.0,15342069.0,15.342069,1,0.5306,0.7,2893
2022-06-07,0.00459,0.005247,0.000656,0.005247,16417084.0,16417084.0,15417084.0,15.417084,1,0.5308,0.7,2894
2022-06-08,-0.014681,0.010933,0.025614,0.010933,16176057.0,16176057.0,15176057.0,15.176057,0,0.5306,0.65,2895
2022-06-09,-0.021616,-0.009443,0.012173,-0.009443,15826395.0,15826395.0,14826395.0,14.826395,0,0.5304,0.6,2896
2022-06-10,0.000566,-0.002462,-0.003029,-0.002462,15835360.0,15835360.0,14835360.0,14.83536,1,0.5305,0.6,2897
2022-06-13,0.010013,0.012849,0.002837,0.012849,15993912.0,15993912.0,14993912.0,14.993912,1,0.5307,0.6,2898
2022-06-14,-0.006885,0.01231,0.019195,0.01231,15883789.0,15883789.0,14883789.0,14.883789,0,0.5305,0.6,2899
2022-06-15,0.001915,-0.017339,-0.019254,-0.017339,15914204.0,15914204.0,14914204.0,14.914204,1,0.5307,0.6,2900
2022-06-16,-0.014487,-0.011837,0.00265,-0.011837,15683662.0,15683662.0,14683662.0,14.683662,0,0.5305,0.6,2901
2022-06-17,0.002696,0.012535,0.009838,0.012535,15725949.0,15725949.0,14725949.0,14.725949,1,0.5307,0.6,2902
2022-06-21,-0.003052,0.003189,0.006242,0.003189,15677949.0,15677949.0,14677949.0,14.677949,0,0.5305,0.55,2903
2022-06-22,-0.00148,-0.011599,-0.01012,-0.011599,15654753.0,15654753.0,14654753.0,14.654753,0,0.5303,0.5,2904
2022-06-23,0.025405,0.024412,-0.000993,0.024412,16052466.0,16052466.0,15052466.0,15.052466,1,0.5305,0.55,2905
2022-06-24,-0.001032,-0.000381,0.000652,-0.000381,16035894.0,16035894.0,15035894.0,15.035894,0,0.5303,0.5,2906
2022-06-27,-0.026236,-0.003925,0.022311,-0.003925,15615175.0,15615175.0,14615175.0,14.615175,0,0.5301,0.5,2907
2022-06-28,-0.022961,0.009301,0.032261,0.009301,15256641.0,15256641.0,14256641.0,14.256641,0,0.5299,0.45,2908
2022-06-29,-0.040095,-0.004921,0.035174,-0.004921,14644933.0,14644933.0,13644933.0,13.644933,0,0.5297,0.4,2909
2022-06-30,-0.011652,-0.007268,0.004384,-0.007268,14474298.0,14474298.0,13474298.0,13.474298,0,0.5296,0.4,2910
2022-07-01,-0.016353,-0.023893,-0.00754,-0.023893,14237600.0,14237600.0,13237600.0,13.2376,0,0.5294,0.35,2911
2022-07-05,0.00651,0.004894,-0.001616,0.004894,14330288.0,14330288.0,13330288.0,13.330288,1,0.5295,0.4,2912
2022-07-06,-0.025753,-0.026691,-0.000938,-0.026691,13961243.0,13961243.0,12961243.0,12.961243,0,0.5294,0.35,2913
2022-07-07,-0.024151,-0.012511,0.011641,-0.012511,13624061.0,13624061.0,12624061.0,12.624061,0,0.5292,0.3,2914
2022-07-08,0.001668,0.001187,-0.000482,0.001187,13646792.0,13646792.0,12646792.0,12.646792,1,0.5293,0.35,2915
2022-07-11,0.017907,0.013012,-0.004895,0.013012,13891169.0,13891169.0,12891169.0,12.891169,1,0.5295,0.4,2916
2022-07-12,0.002722,-0.011057,-0.013779,-0.011057,13928982.0,13928982.0,12928982.0,12.928982,1,0.5297,0.4,2917
2022-07-13,-0.004276,0.002061,0.006337,0.002061,13869421.0,13869421.0,12869421.0,12.869421,0,0.5295,0.35,2918
2022-07-14,-0.032529,-0.006366,0.026163,-0.006366,13418256.0,13418256.0,12418256.0,12.418256,0,0.5293,0.35,2919
2022-07-15,0.001844,-0.004567,-0.006411,-0.004567,13443003.0,13443003.0,12443003.0,12.443003,1,0.5295,0.35,2920
2022-07-19,0.008221,0.000872,-0.007349,0.000872,13553517.0,13553517.0,12553517.0,12.553517,1,0.5296,0.4,2921
2022-07-20,-0.003204,0.000222,0.003426,0.000222,13510085.0,13510085.0,12510085.0,12.510085,0,0.5294,0.35,2922
2022-07-21,-0.001728,0.005093,0.006821,0.005093,13486740.0,13486740.0,12486740.0,12.48674,0,0.5293,0.35,2923
2022-07-22,-0.037419,-0.03528,0.00214,-0.03528,12982076.0,12982076.0,11982076.0,11.982076,0,0.5291,0.35,2924
2022-07-25,0.001276,9e-06,-0.001267,9e-06,12998634.0,12998634.0,11998634.0,11.998634,1,0.5292,0.35,2925
2022-07-26,0.014575,-0.001577,-0.016153,-0.001577,13188094.0,13188094.0,12188094.0,12.188094,1,0.5294,0.4,2926
2022-07-27,-0.008532,-0.00718,0.001352,-0.00718,13075580.0,13075580.0,12075580.0,12.07558,0,0.5292,0.4,2927
2022-07-28,-0.026717,-0.00902,0.017696,-0.00902,12726244.0,12726244.0,11726244.0,11.726244,0,0.529,0.4,2928
2022-07-29,-0.013874,-0.009533,0.00434,-0.009533,12549682.0,12549682.0,11549682.0,11.549682,0,0.5288,0.4,2929
2022-08-01,0.012717,0.009431,-0.003286,0.009431,12709274.0,12709274.0,11709274.0,11.709274,1,0.529,0.45,2930
2022-08-02,-0.023309,-0.029525,-0.006216,-0.029525,12413034.0,12413034.0,11413034.0,11.413034,0,0.5288,0.45,2931
2022-08-03,-0.020209,-0.01083,0.009379,-0.01083,12162177.0,12162177.0,11162177.0,11.162177,0,0.5286,0.4,2932
2022-08-04,-0.01251,-0.017813,-0.005303,-0.017813,12010028.0,12010028.0,11010028.0,11.010028,0,0.5285,0.4,2933
2022-08-05,-0.008427,0.003751,0.012178,0.003751,11908815.0,11908815.0,10908815.0,10.908815,0,0.5283,0.4,2934
2022-08-08,0.009643,0.014772,0.005129,0.014772,12023657.0,12023657.0,11023657.0,11.023657,1,0.5284,0.4,2935
2022-08-09,-0.005358,-0.00299,0.002368,-0.00299,11959228.0,11959228.0,10959228.0,10.959228,0,0.5283,0.35,2936
2022-08-10,-0.004639,0.007598,0.012237,0.007598,11903752.0,11903752.0,10903752.0,10.903752,0,0.5281,0.3,2937
2022-08-12,0.016701,0.009829,-0.006872,0.009829,12102561.0,12102561.0,11102561.0,11.102561,1,0.5283,0.35,2938
2022-08-15,0.020476,0.018827,-0.001649,0.018827,12350377.0,12350377.0,11350377.0,11.350377,1,0.5284,0.4,2939
2022-08-16,-4.9e-05,-0.003977,-0.003928,-0.003977,12349765.0,12349765.0,11349765.0,11.349765,0,0.5282,0.35,2940
2022-08-17,8.7e-05,-0.000604,-0.000691,-0.000604,12350837.0,12350837.0,11350837.0,11.350837,1,0.5284,0.35,2941
2022-08-18,0.013101,-0.005033,-0.018134,-0.005033,12512644.0,12512644.0,11512644.0,11.512644,1,0.5286,0.4,2942
2022-08-19,0.004623,0.001926,-0.002697,0.001926,12570493.0,12570493.0,11570493.0,11.570493,1,0.5287,0.45,2943
2022-08-22,0.017407,0.023962,0.006555,0.023962,12789312.0,12789312.0,11789312.0,11.789312,1,0.5289,0.5,2944
2022-08-23,-0.019812,-0.005902,0.01391,-0.005902,12535925.0,12535925.0,11535925.0,11.535925,0,0.5287,0.45,2945
2022-08-24,-0.025284,-0.002378,0.022906,-0.002378,12218970.0,12218970.0,11218970.0,11.21897,0,0.5285,0.4,2946
2022-08-25,0.003841,0.00048,-0.003361,0.00048,12265903.0,12265903.0,11265903.0,11.265903,1,0.5287,0.45,2947
2022-08-26,-0.014509,-0.003407,0.011102,-0.003407,12087931.0,12087931.0,11087931.0,11.087931,0,0.5285,0.45,2948
2022-08-29,0.015951,0.014366,-0.001585,0.014366,12280744.0,12280744.0,11280744.0,11.280744,1,0.5287,0.5,2949
2022-08-30,-0.00564,0.001976,0.007616,0.001976,12211484.0,12211484.0,11211484.0,11.211484,0,0.5285,0.45,2950
2022-08-31,-0.001237,0.004521,0.005758,0.004521,12196383.0,12196383.0,11196383.0,11.196383,0,0.5283,0.45,2951
2022-09-01,0.001131,-0.005228,-0.006359,-0.005228,12210179.0,12210179.0,11210179.0,11.210179,1,0.5285,0.5,2952
2022-09-02,-0.000475,-0.001823,-0.001348,-0.001823,12204374.0,12204374.0,11204374.0,11.204374,0,0.5283,0.5,2953
2022-09-06,0.01584,-0.002152,-0.017992,-0.002152,12397697.0,12397697.0,11397697.0,11.397697,1,0.5284,0.55,2954
2022-09-07,0.001107,0.001091,-1.6e-05,0.001091,12411417.0,12411417.0,11411417.0,11.411417,1,0.5286,0.55,2955
2022-09-08,-0.011777,0.003044,0.014822,0.003044,12265243.0,12265243.0,11265243.0,11.265243,0,0.5284,0.55,2956
2022-09-09,0.002264,0.004854,0.00259,0.004854,12293008.0,12293008.0,11293008.0,11.293008,1,0.5286,0.6,2957
2022-09-12,-0.040191,-0.007057,0.033134,-0.007057,11798938.0,11798938.0,10798938.0,10.798938,0,0.5284,0.55,2958
2022-09-13,0.003468,0.000343,-0.003125,0.000343,11839862.0,11839862.0,10839862.0,10.839862,1,0.5286,0.55,2959
2022-09-14,0.003786,0.000818,-0.002968,0.000818,11884684.0,11884684.0,10884684.0,10.884684,1,0.5287,0.6,2960
2022-09-15,0.006136,0.00679,0.000654,0.00679,11957611.0,11957611.0,10957611.0,10.957611,1,0.5289,0.6,2961
2022-09-16,0.005514,0.009848,0.004334,0.009848,12023541.0,12023541.0,11023541.0,11.023541,1,0.529,0.6,2962
2022-09-20,0.010497,0.015365,0.004868,0.015365,12149751.0,12149751.0,11149751.0,11.149751,1,0.5292,0.6,2963
2022-09-21,-0.012,-0.022499,-0.010498,-0.022499,12003951.0,12003951.0,11003951.0,11.003951,0,0.529,0.55,2964
2022-09-22,-0.011379,-0.004788,0.006591,-0.004788,11867363.0,11867363.0,10867363.0,10.867363,0,0.5288,0.55,2965
2022-09-26,0.028754,0.00896,-0.019794,0.00896,12208596.0,12208596.0,11208596.0,11.208596,1,0.529,0.6,2966
2022-09-27,0.001629,0.00249,0.000861,0.00249,12228489.0,12228489.0,11228489.0,11.228489,1,0.5292,0.6,2967
2022-09-28,-0.006189,-0.004724,0.001465,-0.004724,12152810.0,12152810.0,11152810.0,11.15281,0,0.529,0.6,2968
2022-09-29,-0.003636,0.003856,0.007492,0.003856,12108622.0,12108622.0,11108622.0,11.108622,0,0.5288,0.55,2969
2022-09-30,0.002952,-0.007815,-0.010767,-0.007815,12144370.0,12144370.0,11144370.0,11.14437,1,0.529,0.6,2970
2022-10-03,0.014679,0.006529,-0.00815,0.006529,12322637.0,12322637.0,11322637.0,11.322637,1,0.5291,0.65,2971
2022-10-04,-0.004006,0.013514,0.01752,0.013514,12273268.0,12273268.0,11273268.0,11.273268,0,0.5289,0.6,2972
2022-10-05,0.006577,-0.004363,-0.01094,-0.004363,12353995.0,12353995.0,11353995.0,11.353995,1,0.5291,0.65,2973
2022-10-06,0.016438,0.004075,-0.012362,0.004075,12557066.0,12557066.0,11557066.0,11.557066,1,0.5293,0.65,2974
2022-10-07,-0.011302,-0.001245,0.010057,-0.001245,12415151.0,12415151.0,11415151.0,11.415151,0,0.5291,0.6,2975
2022-10-11,0.002862,0.003421,0.000559,0.003421,12450683.0,12450683.0,11450683.0,11.450683,1,0.5292,0.65,2976
2022-10-12,0.001103,-0.005406,-0.006509,-0.005406,12464410.0,12464410.0,11464410.0,11.46441,1,0.5294,0.65,2977
2022-10-13,0.003087,-0.004701,-0.007788,-0.004701,12502890.0,12502890.0,11502890.0,11.50289,1,0.5296,0.7,2978
2022-10-14,-0.029951,-0.001307,0.028644,-0.001307,12128412.0,12128412.0,11128412.0,11.128412,0,0.5294,0.65,2979
2022-10-17,0.007071,0.006746,-0.000326,0.006746,12214175.0,12214175.0,11214175.0,11.214175,1,0.5295,0.65,2980
2022-10-18,-0.008607,-0.003343,0.005263,-0.003343,12109053.0,12109053.0,11109053.0,11.109053,0,0.5294,0.6,2981
2022-10-19,-0.004127,-0.001666,0.002461,-0.001666,12059079.0,12059079.0,11059079.0,11.059079,0,0.5292,0.55,2982
2022-10-20,0.002686,-0.001411,-0.004098,-0.001411,12091475.0,12091475.0,11091475.0,11.091475,1,0.5293,0.55,2983
2022-10-21,0.015578,0.00241,-0.013168,0.00241,12279830.0,12279830.0,11279830.0,11.27983,1,0.5295,0.6,2984
2022-10-24,-0.003897,-0.010228,-0.006331,-0.010228,12231974.0,12231974.0,11231974.0,11.231974,0,0.5293,0.6,2985
2022-10-25,-0.010434,-0.001727,0.008707,-0.001727,12104349.0,12104349.0,11104349.0,11.104349,0,0.5291,0.55,2986
2022-10-26,0.002762,-0.004804,-0.007565,-0.004804,12137777.0,12137777.0,11137777.0,11.137777,1,0.5293,0.55,2987
2022-10-27,-0.015728,-0.018514,-0.002786,-0.018514,11946874.0,11946874.0,10946874.0,10.946874,0,0.5291,0.55,2988
2022-10-28,-0.010027,-0.007295,0.002733,-0.007295,11827080.0,11827080.0,10827080.0,10.82708,0,0.5289,0.55,2989
2022-10-31,0.004347,0.001274,-0.003073,0.001274,11878490.0,11878490.0,10878490.0,10.87849,1,0.5291,0.55,2990
2022-11-01,0.017636,0.007253,-0.010383,0.007253,12087974.0,12087974.0,11087974.0,11.087974,1,0.5293,0.55,2991
2022-11-02,0.036805,0.015499,-0.021306,0.015499,12532876.0,12532876.0,11532876.0,11.532876,1,0.5294,0.6,2992
2022-11-04,0.015273,0.007055,-0.008218,0.007055,12724286.0,12724286.0,11724286.0,11.724286,1,0.5296,0.6,2993
2022-11-07,5.5e-05,0.007491,0.007436,0.007491,12724992.0,12724992.0,11724992.0,11.724992,1,0.5297,0.6,2994
2022-11-08,0.006287,-0.002173,-0.00846,-0.002173,12804994.0,12804994.0,11804994.0,11.804994,1,0.5299,0.65,2995
2022-11-09,-0.002139,0.001774,0.003913,0.001774,12777605.0,12777605.0,11777605.0,11.777605,0,0.5297,0.6,2996
2022-11-10,0.001979,0.007024,0.005046,0.007024,12802886.0,12802886.0,11802886.0,11.802886,1,0.5299,0.6,2997
2022-11-11,0.010705,-0.001336,-0.012041,-0.001336,12939945.0,12939945.0,11939945.0,11.939945,1,0.53,0.6,2998
2022-11-14,-0.023389,-0.022485,0.000904,-0.022485,12637291.0,12637291.0,11637291.0,11.637291,0,0.5298,0.6,2999
2022-11-15,-0.014345,-0.008335,0.00601,-0.008335,12456011.0,12456011.0,11456011.0,11.456011,0,0.5297,0.55,3000
2022-11-16,0.01656,0.009643,-0.006917,0.009643,12662281.0,12662281.0,11662281.0,11.662281,1,0.5298,0.6,3001
2022-11-17,0.016906,0.014251,-0.002655,0.014251,12876346.0,12876346.0,11876346.0,11.876346,1,0.53,0.65,3002
2022-11-18,0.015541,0.015586,4.5e-05,0.015586,13076452.0,13076452.0,12076452.0,12.076452,1,0.5301,0.65,3003
2022-11-21,-0.004885,0.000886,0.005771,0.000886,13012569.0,13012569.0,12012569.0,12.012569,0,0.53,0.6,3004
2022-11-22,-0.006293,0.004374,0.010667,0.004374,12930681.0,12930681.0,11930681.0,11.930681,0,0.5298,0.6,3005
2022-11-25,-0.016083,-0.001106,0.014977,-0.001106,12722712.0,12722712.0,11722712.0,11.722712,0,0.5296,0.6,3006
2022-11-28,0.025156,0.002235,-0.022922,0.002235,13042771.0,13042771.0,12042771.0,12.042771,1,0.5298,0.6,3007
2022-11-29,0.0022,-0.001399,-0.003599,-0.001399,13071464.0,13071464.0,12071464.0,12.071464,1,0.5299,0.65,3008
2022-11-30,0.004763,-0.005472,-0.010235,-0.005472,13133727.0,13133727.0,12133727.0,12.133727,1,0.5301,0.7,3009
2022-12-01,-0.001343,-0.012386,-0.011043,-0.012386,13116084.0,13116084.0,12116084.0,12.116084,0,0.5299,0.65,3010
2022-12-02,0.003657,-0.001311,-0.004968,-0.001311,13164043.0,13164043.0,12164043.0,12.164043,1,0.5301,0.65,3011
2022-12-05,-0.006352,-0.011275,-0.004923,-0.011275,13080428.0,13080428.0,12080428.0,12.080428,0,0.5299,0.6,3012
2022-12-06,-0.001347,0.006357,0.007704,0.006357,13062803.0,13062803.0,12062803.0,12.062803,0,0.5297,0.55,3013
2022-12-07,0.015576,0.012218,-0.003358,0.012218,13266265.0,13266265.0,12266265.0,12.266265,1,0.5299,0.55,3014
2022-12-08,-0.021823,-0.017479,0.004344,-0.017479,12976750.0,12976750.0,11976750.0,11.97675,0,0.5297,0.5,3015
2022-12-09,0.028393,0.032109,0.003716,0.032109,13345195.0,13345195.0,12345195.0,12.345195,1,0.5298,0.55,3016
2022-12-12,-0.001331,3e-05,0.001361,3e-05,13327437.0,13327437.0,12327437.0,12.327437,0,0.5297,0.5,3017
2022-12-13,0.005636,0.004168,-0.001468,0.004168,13402555.0,13402555.0,12402555.0,12.402555,1,0.5298,0.5,3018
2022-12-14,0.008843,0.005001,-0.003842,0.005001,13521071.0,13521071.0,12521071.0,12.521071,1,0.53,0.55,3019
2022-12-15,-0.00831,0.002892,0.011203,0.002892,13408709.0,13408709.0,12408709.0,12.408709,0,0.5298,0.55,3020
2022-12-16,0.000759,-0.002946,-0.003705,-0.002946,13418892.0,13418892.0,12418892.0,12.418892,1,0.53,0.55,3021
2022-12-19,-0.000709,0.002235,0.002944,0.002235,13409373.0,13409373.0,12409373.0,12.409373,0,0.5298,0.5,3022
2022-12-20,0.007209,-0.016806,-0.024014,-0.016806,13506039.0,13506039.0,12506039.0,12.506039,1,0.5299,0.5,3023
2022-12-21,-0.014142,-0.011407,0.002735,-0.011407,13315036.0,13315036.0,12315036.0,12.315036,0,0.5298,0.5,3024
2022-12-22,-0.003575,-0.000528,0.003047,-0.000528,13267432.0,13267432.0,12267432.0,12.267432,0,0.5296,0.5,3025
2022-12-23,-0.016649,-0.016695,-4.6e-05,-0.016695,13046548.0,13046548.0,12046548.0,12.046548,0,0.5294,0.5,3026
2022-12-27,-0.005978,-0.004419,0.001559,-0.004419,12968558.0,12968558.0,11968558.0,11.968558,0,0.5292,0.45,3027
2022-12-28,-0.00814,-0.004071,0.004069,-0.004071,12862993.0,12862993.0,11862993.0,11.862993,0,0.5291,0.4,3028
2022-12-29,-0.006932,-0.001072,0.00586,-0.001072,12773822.0,12773822.0,11773822.0,11.773822,0,0.5289,0.35,3029
2022-12-30,0.008128,0.001222,-0.006906,0.001222,12877652.0,12877652.0,11877652.0,11.877652,1,0.529,0.4,3030
2023-01-04,0.024272,-0.002617,-0.026889,-0.002617,13190214.0,13190214.0,12190214.0,12.190214,1,0.5292,0.4,3031
2023-01-05,0.007203,-0.000103,-0.007307,-0.000103,13285230.0,13285230.0,12285230.0,12.28523,1,0.5294,0.45,3032
2023-01-06,0.0068,0.000356,-0.006445,0.000356,13375576.0,13375576.0,12375576.0,12.375576,1,0.5295,0.5,3033
2023-01-10,-0.024231,-0.020262,0.003969,-0.020262,13051466.0,13051466.0,12051466.0,12.051466,0,0.5293,0.45,3034
2023-01-11,0.005708,0.008135,0.002427,0.008135,13125958.0,13125958.0,12125958.0,12.125958,1,0.5295,0.5,3035
2023-01-12,0.042438,0.015331,-0.027107,0.015331,13682999.0,13682999.0,12682999.0,12.682999,1,0.5296,0.5,3036
2023-01-13,0.010437,0.017742,0.007305,0.017742,13825808.0,13825808.0,12825808.0,12.825808,1,0.5298,0.55,3037
2023-01-17,0.004581,0.003788,-0.000793,0.003788,13889147.0,13889147.0,12889147.0,12.889147,1,0.53,0.55,3038
2023-01-18,0.000916,0.011442,0.010526,0.011442,13901865.0,13901865.0,12901865.0,12.901865,1,0.5301,0.55,3039
2023-01-19,0.001909,-0.005505,-0.007414,-0.005505,13928403.0,13928403.0,12928403.0,12.928403,1,0.5303,0.6,3040
2023-01-20,-0.008551,0.004196,0.012747,0.004196,13809306.0,13809306.0,12809306.0,12.809306,0,0.5301,0.55,3041
2023-01-23,0.009422,-0.000112,-0.009535,-0.000112,13939418.0,13939418.0,12939418.0,12.939418,1,0.5302,0.6,3042
2023-01-24,-0.013687,-0.003471,0.010216,-0.003471,13748633.0,13748633.0,12748633.0,12.748633,0,0.5301,0.55,3043
2023-01-25,0.009735,0.010781,0.001046,0.010781,13882474.0,13882474.0,12882474.0,12.882474,1,0.5302,0.6,3044
2023-01-26,-0.005036,-0.006471,-0.001435,-0.006471,13812562.0,13812562.0,12812562.0,12.812562,0,0.53,0.6,3045
2023-01-27,0.004449,0.005389,0.000941,0.005389,13874011.0,13874011.0,12874011.0,12.874011,1,0.5302,0.65,3046
2023-01-30,-0.000264,0.000459,0.000724,0.000459,13870342.0,13870342.0,12870342.0,12.870342,0,0.53,0.65,3047
2023-01-31,0.016374,0.008687,-0.007686,0.008687,14097448.0,14097448.0,13097448.0,13.097448,1,0.5302,0.7,3048
2023-02-01,0.01064,-0.00108,-0.011721,-0.00108,14247448.0,14247448.0,13247448.0,13.247448,1,0.5303,0.75,3049
2023-02-02,0.000655,-0.015569,-0.016224,-0.015569,14256780.0,14256780.0,13256780.0,13.25678,1,0.5305,0.75,3050
2023-02-03,0.007684,0.009211,0.001527,0.009211,14366325.0,14366325.0,13366325.0,13.366325,1,0.5306,0.75,3051
2023-02-06,-0.007679,-0.002306,0.005373,-0.002306,14256006.0,14256006.0,13256006.0,13.256006,0,0.5305,0.7,3052
2023-02-07,-0.009733,-0.009561,0.000172,-0.009561,14117255.0,14117255.0,13117255.0,13.117255,0,0.5303,0.65,3053
2023-02-08,-0.001919,0.004058,0.005977,0.004058,14090158.0,14090158.0,13090158.0,13.090158,0,0.5301,0.65,3054
2023-02-09,0.011627,0.005668,-0.005958,0.005668,14253982.0,14253982.0,13253982.0,13.253982,1,0.5303,0.65,3055
2023-02-10,0.007414,-0.001404,-0.008818,-0.001404,14359662.0,14359662.0,13359662.0,13.359662,1,0.5304,0.65,3056
2023-02-13,-6.2e-05,-0.003679,-0.003616,-0.003679,14358764.0,14358764.0,13358764.0,13.358764,0,0.5303,0.6,3057
2023-02-14,-0.000189,0.002837,0.003025,0.002837,14356058.0,14356058.0,13356058.0,13.356058,0,0.5301,0.55,3058
2023-02-15,0.012182,-0.004736,-0.016918,-0.004736,14530937.0,14530937.0,13530937.0,13.530937,1,0.5302,0.55,3059
2023-02-16,0.022134,0.017197,-0.004937,0.017197,14852565.0,14852565.0,13852565.0,13.852565,1,0.5304,0.55,3060
2023-02-17,-0.011445,0.002392,0.013837,0.002392,14682570.0,14682570.0,13682570.0,13.68257,0,0.5302,0.55,3061
2023-02-21,-0.010896,0.002166,0.013062,0.002166,14522595.0,14522595.0,13522595.0,13.522595,0,0.53,0.5,3062
2023-02-22,0.005717,-0.002351,-0.008068,-0.002351,14605627.0,14605627.0,13605627.0,13.605627,1,0.5302,0.55,3063
2023-02-24,0.003953,0.001648,-0.002305,0.001648,14663369.0,14663369.0,13663369.0,13.663369,1,0.5304,0.55,3064
2023-02-27,0.008874,0.004824,-0.00405,0.004824,14793493.0,14793493.0,13793493.0,13.793493,1,0.5305,0.6,3065
2023-02-28,-0.019419,-0.01367,0.005749,-0.01367,14506218.0,14506218.0,13506218.0,13.506218,0,0.5303,0.55,3066
2023-03-01,0.006495,0.007544,0.001049,0.007544,14600433.0,14600433.0,13600433.0,13.600433,1,0.5305,0.6,3067
2023-03-02,-0.009097,-0.008563,0.000534,-0.008563,14467617.0,14467617.0,13467617.0,13.467617,0,0.5303,0.55,3068
2023-03-03,0.005304,0.009681,0.004376,0.009681,14544360.0,14544360.0,13544360.0,13.54436,1,0.5305,0.55,3069
2023-03-06,0.00174,0.003103,0.001363,0.003103,14569666.0,14569666.0,13569666.0,13.569666,1,0.5306,0.55,3070
2023-03-07,-0.013822,-0.003771,0.010051,-0.003771,14368285.0,14368285.0,13368285.0,13.368285,0,0.5304,0.5,3071
2023-03-08,-0.004998,-0.003347,0.001651,-0.003347,14296478.0,14296478.0,13296478.0,13.296478,0,0.5303,0.5,3072
2023-03-09,0.008076,0.009193,0.001117,0.009193,14411940.0,14411940.0,13411940.0,13.41194,1,0.5304,0.55,3073
2023-03-10,0.017415,0.002158,-0.015258,0.002158,14662930.0,14662930.0,13662930.0,13.66293,1,0.5306,0.6,3074
2023-03-13,-0.007254,-0.011035,-0.003782,-0.011035,14556569.0,14556569.0,13556569.0,13.556569,0,0.5304,0.55,3075
2023-03-14,-0.001541,-0.012591,-0.01105,-0.012591,14534131.0,14534131.0,13534131.0,13.534131,0,0.5302,0.5,3076
2023-03-15,0.008368,0.003283,-0.005085,0.003283,14655755.0,14655755.0,13655755.0,13.655755,1,0.5304,0.55,3077
2023-03-16,0.00791,0.014633,0.006723,0.014633,14771678.0,14771678.0,13771678.0,13.771678,1,0.5305,0.6,3078
2023-03-17,0.014304,0.009357,-0.004947,0.009357,14982969.0,14982969.0,13982969.0,13.982969,1,0.5307,0.6,3079
2023-03-20,-0.02394,-0.027758,-0.003818,-0.027758,14624275.0,14624275.0,13624275.0,13.624275,0,0.5305,0.55,3080
2023-03-22,-0.007759,-0.006301,0.001458,-0.006301,14510802.0,14510802.0,13510802.0,13.510802,0,0.5303,0.55,3081
2023-03-23,-0.011899,0.002274,0.014173,0.002274,14338136.0,14338136.0,13338136.0,13.338136,0,0.5302,0.55,3082
2023-03-24,0.008291,0.013894,0.005603,0.013894,14457007.0,14457007.0,13457007.0,13.457007,1,0.5303,0.55,3083
2023-03-27,-0.004189,-0.005186,-0.000997,-0.005186,14396442.0,14396442.0,13396442.0,13.396442,0,0.5302,0.5,3084
2023-03-28,0.010661,-0.000402,-0.011063,-0.000402,14549916.0,14549916.0,13549916.0,13.549916,1,0.5303,0.5,3085
2023-03-29,-0.006935,0.008651,0.015586,0.008651,14449008.0,14449008.0,13449008.0,13.449008,0,0.5301,0.5,3086
2023-03-30,-0.005093,-0.002434,0.002659,-0.002434,14375417.0,14375417.0,13375417.0,13.375417,0,0.53,0.45,3087
2023-03-31,-0.004116,0.004827,0.008943,0.004827,14316241.0,14316241.0,13316241.0,13.316241,0,0.5298,0.45,3088
2023-04-03,0.002604,0.006162,0.003559,0.006162,14353516.0,14353516.0,13353516.0,13.353516,1,0.5299,0.45,3089
2023-04-04,0.008758,0.003389,-0.005369,0.003389,14479219.0,14479219.0,13479219.0,13.479219,1,0.5301,0.45,3090
2023-04-05,-0.010927,-0.023082,-0.012155,-0.023082,14321012.0,14321012.0,13321012.0,13.321012,0,0.5299,0.45,3091
2023-04-06,0.004249,4.9e-05,-0.0042,4.9e-05,14381857.0,14381857.0,13381857.0,13.381857,1,0.5301,0.5,3092
2023-04-10,0.0065,0.004655,-0.001844,0.004655,14475336.0,14475336.0,13475336.0,13.475336,1,0.5302,0.5,3093
2023-04-11,-0.000231,0.009841,0.010072,0.009841,14471985.0,14471985.0,13471985.0,13.471985,0,0.5301,0.45,3094
2023-04-12,0.002975,0.001469,-0.001507,0.001469,14515047.0,14515047.0,13515047.0,13.515047,1,0.5302,0.5,3095
2023-04-13,-0.012691,-0.001952,0.010739,-0.001952,14330843.0,14330843.0,13330843.0,13.330843,0,0.53,0.5,3096
2023-04-14,0.007015,0.009205,0.00219,0.009205,14431377.0,14431377.0,13431377.0,13.431377,1,0.5302,0.5,3097
2023-04-17,0.020637,0.000709,-0.019928,0.000709,14729196.0,14729196.0,13729196.0,13.729196,1,0.5303,0.5,3098
2023-04-18,0.00013,0.000103,-2.7e-05,0.000103,14731111.0,14731111.0,13731111.0,13.731111,1,0.5305,0.5,3099
2023-04-19,-0.004713,-0.002281,0.002432,-0.002281,14661688.0,14661688.0,13661688.0,13.661688,0,0.5303,0.5,3100
2023-04-20,-0.015033,-0.011493,0.003541,-0.011493,14441272.0,14441272.0,13441272.0,13.441272,0,0.5302,0.5,3101
2023-04-21,0.002365,0.002515,0.00015,0.002515,14475429.0,14475429.0,13475429.0,13.475429,1,0.5303,0.55,3102
2023-04-24,-0.007822,-0.005487,0.002335,-0.005487,14362203.0,14362203.0,13362203.0,13.362203,0,0.5301,0.5,3103
2023-04-25,-0.000593,-0.005129,-0.004536,-0.005129,14353686.0,14353686.0,13353686.0,13.353686,0,0.53,0.5,3104
2023-04-26,-0.004021,-0.002897,0.001124,-0.002897,14295976.0,14295976.0,13295976.0,13.295976,0,0.5298,0.45,3105
2023-04-27,-0.006761,0.008433,0.015194,0.008433,14199324.0,14199324.0,13199324.0,13.199324,0,0.5296,0.45,3106
2023-04-28,-0.004949,0.002143,0.007092,0.002143,14129057.0,14129057.0,13129057.0,13.129057,0,0.5294,0.45,3107
2023-05-01,-0.001044,0.00219,0.003234,0.00219,14114312.0,14114312.0,13114312.0,13.114312,0,0.5293,0.45,3108
2023-05-02,-0.008359,-0.013339,-0.00498,-0.013339,13996332.0,13996332.0,12996332.0,12.996332,0,0.5291,0.4,3109
2023-05-08,0.001719,-0.002013,-0.003732,-0.002013,14020391.0,14020391.0,13020391.0,13.020391,1,0.5293,0.4,3110
2023-05-09,0.020839,0.028558,0.007719,0.028558,14312558.0,14312558.0,13312558.0,13.312558,1,0.5294,0.45,3111
2023-05-10,0.01059,-0.001646,-0.012236,-0.001646,14464131.0,14464131.0,13464131.0,13.464131,1,0.5296,0.45,3112
2023-05-11,-0.027261,-0.005584,0.021677,-0.005584,14069827.0,14069827.0,13069827.0,13.069827,0,0.5294,0.4,3113
2023-05-12,0.014137,0.012815,-0.001322,0.012815,14268738.0,14268738.0,13268738.0,13.268738,1,0.5295,0.45,3114
2023-05-15,-0.017604,-0.003002,0.014603,-0.003002,14017545.0,14017545.0,13017545.0,13.017545,0,0.5294,0.4,3115
2023-05-16,-0.019912,-0.004136,0.015776,-0.004136,13738431.0,13738431.0,12738431.0,12.738431,0,0.5292,0.4,3116
2023-05-17,0.011756,0.021307,0.00955,0.021307,13899942.0,13899942.0,12899942.0,12.899942,1,0.5294,0.4,3117
2023-05-18,0.019707,0.000799,-0.018909,0.000799,14173874.0,14173874.0,13173874.0,13.173874,1,0.5295,0.4,3118
2023-05-19,-0.020941,-0.014847,0.006094,-0.014847,13877060.0,13877060.0,12877060.0,12.87706,0,0.5293,0.35,3119
2023-05-22,0.004125,0.008549,0.004424,0.008549,13934303.0,13934303.0,12934303.0,12.934303,1,0.5295,0.4,3120
2023-05-23,0.005338,-0.006578,-0.011916,-0.006578,14008685.0,14008685.0,13008685.0,13.008685,1,0.5296,0.45,3121
2023-05-24,0.000768,-0.003016,-0.003784,-0.003016,14019443.0,14019443.0,13019443.0,13.019443,1,0.5298,0.45,3122
2023-05-25,0.017412,0.004349,-0.013062,0.004349,14263544.0,14263544.0,13263544.0,13.263544,1,0.5299,0.5,3123
2023-05-26,0.004614,0.001624,-0.00299,0.001624,14329352.0,14329352.0,13329352.0,13.329352,1,0.5301,0.55,3124
2023-05-30,0.008538,0.00723,-0.001308,0.00723,14451695.0,14451695.0,13451695.0,13.451695,1,0.5302,0.6,3125
2023-05-31,0.012514,-0.004116,-0.01663,-0.004116,14632547.0,14632547.0,13632547.0,13.632547,1,0.5304,0.65,3126
2023-06-01,0.014212,0.014701,0.000489,0.014701,14840506.0,14840506.0,13840506.0,13.840506,1,0.5305,0.7,3127
2023-06-02,-0.011,0.008091,0.019092,0.008091,14677253.0,14677253.0,13677253.0,13.677253,0,0.5304,0.7,3128
2023-06-05,0.014892,0.00146,-0.013432,0.00146,14895831.0,14895831.0,13895831.0,13.895831,1,0.5305,0.75,3129
2023-06-06,0.002999,0.018914,0.015915,0.018914,14940504.0,14940504.0,13940504.0,13.940504,1,0.5307,0.75,3130
2023-06-07,-0.001186,-0.012704,-0.011518,-0.012704,14922790.0,14922790.0,13922790.0,13.92279,0,0.5305,0.7,3131
2023-06-08,-0.00578,-0.008005,-0.002225,-0.008005,14836539.0,14836539.0,13836539.0,13.836539,0,0.5303,0.65,3132
2023-06-09,0.002553,0.002088,-0.000464,0.002088,14874412.0,14874412.0,13874412.0,13.874412,1,0.5305,0.7,3133
2023-06-12,-0.026064,-0.018059,0.008005,-0.018059,14486725.0,14486725.0,13486725.0,13.486725,0,0.5303,0.65,3134
2023-06-13,-0.009158,-0.000552,0.008606,-0.000552,14354051.0,14354051.0,13354051.0,13.354051,0,0.5301,0.65,3135
2023-06-14,0.027411,0.00652,-0.020891,0.00652,14747513.0,14747513.0,13747513.0,13.747513,1,0.5303,0.7,3136
2023-06-15,-0.009647,-0.006806,0.002841,-0.006806,14605243.0,14605243.0,13605243.0,13.605243,0,0.5301,0.65,3137
2023-06-16,0.001649,0.013617,0.011969,0.013617,14629322.0,14629322.0,13629322.0,13.629322,1,0.5303,0.65,3138
2023-06-20,-0.000536,-0.007358,-0.006822,-0.007358,14621478.0,14621478.0,13621478.0,13.621478,0,0.5301,0.65,3139
2023-06-21,-0.001549,0.010872,0.012421,0.010872,14598836.0,14598836.0,13598836.0,13.598836,0,0.5299,0.6,3140
2023-06-22,0.00363,0.011071,0.00744,0.011071,14651836.0,14651836.0,13651836.0,13.651836,1,0.5301,0.6,3141
2023-06-23,0.027027,0.019438,-0.007589,0.019438,15047828.0,15047828.0,14047828.0,14.047828,1,0.5302,0.6,3142
2023-06-26,0.012834,-0.003219,-0.016053,-0.003219,15240947.0,15240947.0,14240947.0,14.240947,1,0.5304,0.6,3143
2023-06-27,0.023368,0.009227,-0.01414,0.009227,15597092.0,15597092.0,14597092.0,14.597092,1,0.5305,0.6,3144
2023-06-28,0.002788,0.022184,0.019396,0.022184,15640578.0,15640578.0,14640578.0,14.640578,1,0.5307,0.6,3145
2023-06-29,-0.004034,-0.003241,0.000793,-0.003241,15577479.0,15577479.0,14577479.0,14.577479,0,0.5305,0.55,3146
2023-06-30,-0.006773,-0.002823,0.00395,-0.002823,15471977.0,15471977.0,14471977.0,14.471977,0,0.5303,0.5,3147
2023-07-03,0.001982,0.013491,0.011508,0.013491,15502650.0,15502650.0,14502650.0,14.50265,1,0.5305,0.55,3148
2023-07-05,0.002947,0.004338,0.001391,0.004338,15548344.0,15548344.0,14548344.0,14.548344,1,0.5306,0.55,3149
2023-07-06,0.001986,-0.00513,-0.007117,-0.00513,15579225.0,15579225.0,14579225.0,14.579225,1,0.5308,0.55,3150
2023-07-07,-0.006064,-0.006005,5.9e-05,-0.006005,15484746.0,15484746.0,14484746.0,14.484746,0,0.5306,0.55,3151
2023-07-10,0.001706,-0.011164,-0.012871,-0.011164,15511168.0,15511168.0,14511168.0,14.511168,1,0.5308,0.6,3152
2023-07-11,0.003698,-0.017431,-0.021129,-0.017431,15568533.0,15568533.0,14568533.0,14.568533,1,0.5309,0.6,3153
2023-07-12,0.006552,-0.00983,-0.016383,-0.00983,15670541.0,15670541.0,14670541.0,14.670541,1,0.5311,0.65,3154
2023-07-13,-0.007162,0.000686,0.007848,0.000686,15558311.0,15558311.0,14558311.0,14.558311,0,0.5309,0.65,3155
2023-07-14,-0.009496,-0.011624,-0.002128,-0.011624,15410573.0,15410573.0,14410573.0,14.410573,0,0.5307,0.6,3156
2023-07-18,-0.000554,0.009306,0.00986,0.009306,15402032.0,15402032.0,14402032.0,14.402032,0,0.5306,0.6,3157
2023-07-19,0.014187,0.000975,-0.013212,0.000975,15620534.0,15620534.0,14620534.0,14.620534,1,0.5307,0.6,3158
2023-07-20,-0.00035,-0.004253,-0.003904,-0.004253,15615070.0,15615070.0,14615070.0,14.61507,0,0.5305,0.6,3159
2023-07-21,0.006096,0.00513,-0.000967,0.00513,15710264.0,15710264.0,14710264.0,14.710264,1,0.5307,0.65,3160
2023-07-24,0.000119,0.006793,0.006674,0.006793,15712135.0,15712135.0,14712135.0,14.712135,1,0.5308,0.65,3161
2023-07-25,0.009638,0.005864,-0.003775,0.005864,15863572.0,15863572.0,14863572.0,14.863572,1,0.531,0.65,3162
2023-07-26,0.010914,0.007984,-0.00293,0.007984,16036710.0,16036710.0,15036710.0,15.03671,1,0.5311,0.65,3163
2023-07-27,-0.008704,0.003333,0.012037,0.003333,15897124.0,15897124.0,14897124.0,14.897124,0,0.531,0.6,3164
2023-07-28,-0.007153,0.001367,0.008521,0.001367,15783405.0,15783405.0,14783405.0,14.783405,0,0.5308,0.55,3165
2023-07-31,0.000906,0.001702,0.000797,0.001702,15797701.0,15797701.0,14797701.0,14.797701,1,0.531,0.6,3166
2023-08-01,-0.010677,0.006724,0.017401,0.006724,15629029.0,15629029.0,14629029.0,14.629029,0,0.5308,0.6,3167
2023-08-02,0.006132,-0.001771,-0.007903,-0.001771,15724862.0,15724862.0,14724862.0,14.724862,1,0.5309,0.6,3168
2023-08-03,0.005519,-0.000835,-0.006354,-0.000835,15811654.0,15811654.0,14811654.0,14.811654,1,0.5311,0.6,3169
2023-08-04,0.012495,0.01308,0.000586,0.01308,16009214.0,16009214.0,15009214.0,15.009214,1,0.5312,0.6,3170
2023-08-07,0.022272,0.01254,-0.009732,0.01254,16365776.0,16365776.0,15365776.0,15.365776,1,0.5314,0.65,3171
2023-08-08,0.006543,0.011055,0.004512,0.011055,16472857.0,16472857.0,15472857.0,15.472857,1,0.5315,0.65,3172
2023-08-09,0.029008,0.009761,-0.019247,0.009761,16950701.0,16950701.0,15950701.0,15.950701,1,0.5317,0.65,3173
2023-08-10,0.011034,0.020408,0.009373,0.020408,17137742.0,17137742.0,16137742.0,16.137742,1,0.5318,0.65,3174
2023-08-14,-0.01038,-0.015506,-0.005126,-0.015506,16959850.0,16959850.0,15959850.0,15.95985,0,0.5317,0.65,3175
2023-08-15,0.011793,0.011225,-0.000568,0.011225,17159860.0,17159860.0,16159860.0,16.15986,1,0.5318,0.7,3176
2023-08-16,0.025221,0.021898,-0.003323,0.021898,17592641.0,17592641.0,16592641.0,16.592641,1,0.5319,0.75,3177
2023-08-17,0.002729,0.00561,0.002881,0.00561,17640655.0,17640655.0,16640655.0,16.640655,1,0.5321,0.75,3178
2023-08-18,0.010193,-0.006063,-0.016256,-0.006063,17820467.0,17820467.0,16820467.0,16.820467,1,0.5322,0.8,3179
2023-08-21,0.016515,0.010846,-0.005669,0.010846,18114779.0,18114779.0,17114779.0,17.114779,1,0.5324,0.8,3180
2023-08-22,-0.009762,0.003249,0.013011,0.003249,17937938.0,17937938.0,16937938.0,16.937938,0,0.5322,0.75,3181
2023-08-23,-0.004455,0.004291,0.008746,0.004291,17858026.0,17858026.0,16858026.0,16.858026,0,0.5321,0.7,3182
2023-08-24,-0.007728,-0.00323,0.004497,-0.00323,17720025.0,17720025.0,16720025.0,16.720025,0,0.5319,0.65,3183
2023-08-25,-0.004509,-0.001075,0.003433,-0.001075,17640128.0,17640128.0,16640128.0,16.640128,0,0.5317,0.65,3184
2023-08-28,-0.008592,0.000937,0.009528,0.000937,17488567.0,17488567.0,16488567.0,16.488567,0,0.5316,0.65,3185
2023-08-29,-0.035343,-0.010686,0.024657,-0.010686,16870472.0,16870472.0,15870472.0,15.870472,0,0.5314,0.6,3186
2023-08-30,-0.002128,-0.006092,-0.003964,-0.006092,16834574.0,16834574.0,15834574.0,15.834574,0,0.5312,0.6,3187
2023-08-31,0.011943,0.013717,0.001774,0.013717,17035628.0,17035628.0,16035628.0,16.035628,1,0.5314,0.6,3188
2023-09-01,0.007874,0.014894,0.00702,0.014894,17169760.0,17169760.0,16169760.0,16.16976,1,0.5315,0.6,3189
2023-09-05,-0.009213,-0.001623,0.00759,-0.001623,17011577.0,17011577.0,16011577.0,16.011577,0,0.5313,0.55,3190
2023-09-06,-0.025706,-0.015414,0.010292,-0.015414,16574282.0,16574282.0,15574282.0,15.574282,0,0.5312,0.5,3191
2023-09-07,-0.000311,0.002721,0.003032,0.002721,16569119.0,16569119.0,15569119.0,15.569119,0,0.531,0.45,3192
2023-09-08,0.008131,0.006225,-0.001906,0.006225,16703846.0,16703846.0,15703846.0,15.703846,1,0.5312,0.45,3193
2023-09-11,-0.009055,-0.002056,0.006999,-0.002056,16552593.0,16552593.0,15552593.0,15.552593,0,0.531,0.4,3194
2023-09-12,0.013986,0.011456,-0.00253,0.011456,16784103.0,16784103.0,15784103.0,15.784103,1,0.5311,0.45,3195
2023-09-13,0.0051,-0.001295,-0.006395,-0.001295,16869698.0,16869698.0,15869698.0,15.869698,1,0.5313,0.45,3196
2023-09-14,-0.003966,0.00662,0.010586,0.00662,16802789.0,16802789.0,15802789.0,15.802789,0,0.5311,0.4,3197
2023-09-15,-0.013208,-0.000937,0.012271,-0.000937,16580857.0,16580857.0,15580857.0,15.580857,0,0.531,0.35,3198
2023-09-19,0.020855,0.022554,0.0017,0.022554,16926642.0,16926642.0,15926642.0,15.926642,1,0.5311,0.35,3199
2023-09-20,0.011314,-0.010533,-0.021846,-0.010533,17118142.0,17118142.0,16118142.0,16.118142,1,0.5312,0.35,3200
2023-09-21,0.014529,0.008138,-0.00639,0.008138,17366846.0,17366846.0,16366846.0,16.366846,1,0.5314,0.4,3201
2023-09-22,-0.008108,0.002376,0.010483,0.002376,17226044.0,17226044.0,16226044.0,16.226044,0,0.5312,0.4,3202
2023-09-25,0.010405,0.000493,-0.009912,0.000493,17405279.0,17405279.0,16405279.0,16.405279,1,0.5314,0.45,3203
2023-09-26,0.008444,0.002043,-0.006401,0.002043,17552242.0,17552242.0,16552242.0,16.552242,1,0.5315,0.5,3204
2023-09-27,0.008758,0.008047,-0.000711,0.008047,17705963.0,17705963.0,16705963.0,16.705963,1,0.5317,0.55,3205
2023-09-28,-0.012085,-0.010701,0.001384,-0.010701,17491982.0,17491982.0,16491982.0,16.491982,0,0.5315,0.55,3206
2023-09-29,-0.017573,-0.022931,-0.005358,-0.022931,17184591.0,17184591.0,16184591.0,16.184591,0,0.5313,0.55,3207
2023-10-02,-0.027262,-0.031711,-0.004449,-0.031711,16716113.0,16716113.0,15716113.0,15.716113,0,0.5312,0.5,3208
2023-10-03,-0.010117,-0.03506,-0.024944,-0.03506,16547001.0,16547001.0,15547001.0,15.547001,0,0.531,0.45,3209
2023-10-04,0.006839,-0.02593,-0.032769,-0.02593,16660164.0,16660164.0,15660164.0,15.660164,1,0.5312,0.5,3210
2023-10-05,-0.010942,0.003991,0.014934,0.003991,16477861.0,16477861.0,15477861.0,15.477861,0,0.531,0.5,3211
2023-10-06,-0.006379,-0.004505,0.001874,-0.004505,16372745.0,16372745.0,15372745.0,15.372745,0,0.5308,0.5,3212
2023-10-10,-0.003606,0.009943,0.013549,0.009943,16313701.0,16313701.0,15313701.0,15.313701,0,0.5307,0.45,3213
2023-10-11,0.001919,0.001176,-0.000743,0.001176,16345000.0,16345000.0,15345000.0,15.345,1,0.5308,0.5,3214
2023-10-12,0.024512,0.01475,-0.009763,0.01475,16745656.0,16745656.0,15745656.0,15.745656,1,0.5309,0.5,3215
2023-10-13,-0.008016,-0.007525,0.000491,-0.007525,16611430.0,16611430.0,15611430.0,15.61143,0,0.5308,0.45,3216
2023-10-16,-0.020828,-0.016155,0.004673,-0.016155,16265454.0,16265454.0,15265454.0,15.265454,0,0.5306,0.45,3217
2023-10-17,0.008241,0.002691,-0.005551,0.002691,16399500.0,16399500.0,15399500.0,15.3995,1,0.5308,0.5,3218
2023-10-18,0.010456,-4.7e-05,-0.010503,-4.7e-05,16570968.0,16570968.0,15570968.0,15.570968,1,0.5309,0.5,3219
2023-10-19,0.003552,0.002729,-0.000823,0.002729,16629834.0,16629834.0,15629834.0,15.629834,1,0.5311,0.5,3220
2023-10-20,-0.01345,-0.006958,0.006492,-0.006958,16406161.0,16406161.0,15406161.0,15.406161,0,0.5309,0.45,3221
2023-10-23,0.004184,-0.005662,-0.009847,-0.005662,16474807.0,16474807.0,15474807.0,15.474807,1,0.531,0.5,3222
2023-10-24,0.013041,0.012772,-0.000269,0.012772,16689658.0,16689658.0,15689658.0,15.689658,1,0.5312,0.5,3223
2023-10-25,-0.004631,-0.001955,0.002676,-0.001955,16612366.0,16612366.0,15612366.0,15.612366,0,0.531,0.45,3224
2023-10-26,0.000543,-0.000779,-0.001322,-0.000779,16621393.0,16621393.0,15621393.0,15.621393,1,0.5312,0.45,3225
2023-10-27,0.005326,0.016784,0.011458,0.016784,16709919.0,16709919.0,15709919.0,15.709919,1,0.5313,0.5,3226
2023-10-30,0.004419,-0.003652,-0.008071,-0.003652,16783760.0,16783760.0,15783760.0,15.78376,1,0.5315,0.55,3227
2023-10-31,0.012409,0.013558,0.001149,0.013558,16992030.0,16992030.0,15992030.0,15.99203,1,0.5316,0.6,3228
2023-11-01,0.034905,0.0149,-0.020005,0.0149,17585131.0,17585131.0,16585131.0,16.585131,1,0.5317,0.65,3229
2023-11-02,0.017846,0.006828,-0.011017,0.006828,17898947.0,17898947.0,16898947.0,16.898947,1,0.5319,0.65,3230
2023-11-06,8e-06,0.01068,0.010672,0.01068,17899082.0,17899082.0,16899082.0,16.899082,1,0.532,0.7,3231
2023-11-07,-0.012529,-0.015052,-0.002522,-0.015052,17674818.0,17674818.0,16674818.0,16.674818,0,0.5319,0.7,3232
2023-11-08,0.055441,0.005036,-0.050405,0.005036,18654735.0,18654735.0,17654735.0,17.654735,1,0.532,0.75,3233
2023-11-09,0.014291,0.018797,0.004506,0.018797,18921325.0,18921325.0,17921325.0,17.921325,1,0.5322,0.75,3234
2023-11-10,0.007871,0.016111,0.00824,0.016111,19070260.0,19070260.0,18070260.0,18.07026,1,0.5323,0.75,3235
2023-11-13,0.010226,-0.007001,-0.017227,-0.007001,19265279.0,19265279.0,18265279.0,18.265279,1,0.5324,0.8,3236
2023-11-14,-0.009584,-0.000543,0.009041,-0.000543,19080642.0,19080642.0,18080642.0,18.080642,0,0.5323,0.8,3237
2023-11-15,-0.006998,-0.004922,0.002076,-0.004922,18947110.0,18947110.0,17947110.0,17.94711,0,0.5321,0.75,3238
2023-11-16,0.004048,-0.009557,-0.013605,-0.009557,19023811.0,19023811.0,18023811.0,18.023811,1,0.5323,0.75,3239
2023-11-17,-0.002025,0.013458,0.015482,0.013458,18985297.0,18985297.0,17985297.0,17.985297,0,0.5321,0.7,3240
2023-11-20,-0.012378,-0.019153,-0.006775,-0.019153,18750292.0,18750292.0,17750292.0,17.750292,0,0.5319,0.7,3241
2023-11-21,0.00142,-0.006878,-0.008298,-0.006878,18776923.0,18776923.0,17776923.0,17.776923,1,0.5321,0.7,3242
2023-11-22,-0.010584,0.000676,0.011261,0.000676,18578183.0,18578183.0,17578183.0,17.578183,0,0.5319,0.65,3243
2023-11-24,-0.006129,-0.003659,0.002471,-0.003659,18464310.0,18464310.0,17464310.0,17.46431,0,0.5318,0.65,3244
2023-11-27,-0.004612,-0.007893,-0.003281,-0.007893,18379147.0,18379147.0,17379147.0,17.379147,0,0.5316,0.6,3245
2023-11-28,0.006696,0.003823,-0.002873,0.003823,18502210.0,18502210.0,17502210.0,17.50221,1,0.5317,0.6,3246
2023-11-29,-0.010467,-0.013888,-0.003422,-0.013888,18308553.0,18308553.0,17308553.0,17.308553,0,0.5316,0.55,3247
2023-11-30,-0.001553,-0.002447,-0.000894,-0.002447,18280118.0,18280118.0,17280118.0,17.280118,0,0.5314,0.5,3248
2023-12-01,-0.001697,-0.003856,-0.002159,-0.003856,18249101.0,18249101.0,17249101.0,17.249101,0,0.5312,0.45,3249
2023-12-04,-0.015209,-0.008198,0.007011,-0.008198,17971551.0,17971551.0,16971551.0,16.971551,0,0.5311,0.4,3250
2023-12-05,-0.016674,-0.017807,-0.001133,-0.017807,17671895.0,17671895.0,16671895.0,16.671895,0,0.5309,0.35,3251
2023-12-06,-0.006245,0.012243,0.018488,0.012243,17561530.0,17561530.0,16561530.0,16.56153,0,0.5308,0.35,3252
2023-12-07,0.006275,-0.004216,-0.010491,-0.004216,17671728.0,17671728.0,16671728.0,16.671728,1,0.5309,0.35,3253
2023-12-08,0.00346,-0.004412,-0.007872,-0.004412,17732867.0,17732867.0,16732867.0,16.732867,1,0.531,0.35,3254
2023-12-11,-0.008224,0.008441,0.016665,0.008441,17587032.0,17587032.0,16587032.0,16.587032,0,0.5309,0.3,3255
2023-12-12,0.002067,-0.006578,-0.008645,-0.006578,17623385.0,17623385.0,16623385.0,16.623385,1,0.531,0.3,3256
2023-12-13,-0.002227,-0.010466,-0.008238,-0.010466,17584135.0,17584135.0,16584135.0,16.584135,0,0.5309,0.3,3257
2023-12-14,-0.005417,-0.028671,-0.023255,-0.028671,17488886.0,17488886.0,16488886.0,16.488886,0,0.5307,0.3,3258
2023-12-15,0.024655,0.007923,-0.016732,0.007923,17920083.0,17920083.0,16920083.0,16.920083,1,0.5308,0.3,3259
2023-12-18,-0.008775,-0.011798,-0.003023,-0.011798,17762841.0,17762841.0,16762841.0,16.762841,0,0.5307,0.3,3260
2023-12-19,-0.007085,-0.001776,0.00531,-0.001776,17636983.0,17636983.0,16636983.0,16.636983,0,0.5305,0.3,3261
2023-12-20,0.00093,-0.006278,-0.007207,-0.006278,17653377.0,17653377.0,16653377.0,16.653377,1,0.5307,0.3,3262
2023-12-21,0.000609,-0.00546,-0.006069,-0.00546,17664133.0,17664133.0,16664133.0,16.664133,1,0.5308,0.35,3263
2023-12-22,0.00108,0.010381,0.009302,0.010381,17683201.0,17683201.0,16683201.0,16.683201,1,0.5309,0.4,3264
2023-12-26,-0.001587,-0.005271,-0.003684,-0.005271,17655141.0,17655141.0,16655141.0,16.655141,0,0.5308,0.4,3265
2023-12-27,-0.007909,0.00989,0.017798,0.00989,17515514.0,17515514.0,16515514.0,16.515514,0,0.5306,0.35,3266
2023-12-28,-0.006657,0.002008,0.008665,0.002008,17398914.0,17398914.0,16398914.0,16.398914,0,0.5305,0.35,3267
2023-12-29,0.007309,0.004798,-0.002511,0.004798,17526091.0,17526091.0,16526091.0,16.526091,1,0.5306,0.4,3268
2024-01-04,0.00979,0.036513,0.026722,0.036513,17697674.0,17697674.0,16697674.0,16.697674,1,0.5307,0.45,3269
2024-01-05,-0.011729,-0.010922,0.000807,-0.010922,17490098.0,17490098.0,16490098.0,16.490098,0,0.5306,0.45,3270
2024-01-09,-0.04652,-0.009624,0.036896,-0.009624,16676461.0,16676461.0,15676461.0,15.676461,0,0.5304,0.45,3271
2024-01-10,-0.001499,0.004044,0.005543,0.004044,16651467.0,16651467.0,15651467.0,15.651467,0,0.5303,0.45,3272
2024-01-11,-0.015578,-0.0148,0.000778,-0.0148,16392070.0,16392070.0,15392070.0,15.39207,0,0.5301,0.4,3273
2024-01-12,-0.011158,-0.012463,-0.001305,-0.012463,16209174.0,16209174.0,15209174.0,15.209174,0,0.5299,0.35,3274
2024-01-16,-0.003274,-0.000365,0.002909,-0.000365,16156101.0,16156101.0,15156101.0,15.156101,0,0.5298,0.35,3275
2024-01-17,-0.022208,-0.021328,0.000881,-0.021328,15797299.0,15797299.0,14797299.0,14.797299,0,0.5296,0.3,3276
2024-01-18,0.014481,0.014832,0.000351,0.014832,16026059.0,16026059.0,15026059.0,15.026059,1,0.5298,0.35,3277
2024-01-19,-0.008756,-0.01404,-0.005283,-0.01404,15885730.0,15885730.0,14885730.0,14.88573,0,0.5296,0.35,3278
2024-01-22,0.004496,0.00245,-0.002046,0.00245,15957146.0,15957146.0,14957146.0,14.957146,1,0.5297,0.35,3279
2024-01-23,-0.002454,-0.009094,-0.00664,-0.009094,15917987.0,15917987.0,14917987.0,14.917987,0,0.5296,0.35,3280
2024-01-24,-0.032052,-0.015349,0.016702,-0.015349,15407791.0,15407791.0,14407791.0,14.407791,0,0.5294,0.35,3281
2024-01-25,-0.001829,-0.003726,-0.001897,-0.003726,15379605.0,15379605.0,14379605.0,14.379605,0,0.5293,0.3,3282
2024-01-26,0.004044,-0.011745,-0.015789,-0.011745,15441797.0,15441797.0,14441797.0,14.441797,1,0.5294,0.3,3283
2024-01-29,0.006831,0.012173,0.005341,0.012173,15547288.0,15547288.0,14547288.0,14.547288,1,0.5295,0.3,3284
2024-01-30,-0.002791,-0.005198,-0.002407,-0.005198,15503889.0,15503889.0,14503889.0,14.503889,0,0.5294,0.3,3285
2024-01-31,0.008301,0.017624,0.009322,0.017624,15632590.0,15632590.0,14632590.0,14.63259,1,0.5295,0.35,3286
2024-02-01,-0.005181,0.001051,0.006233,0.001051,15551593.0,15551593.0,14551593.0,14.551593,0,0.5294,0.35,3287
2024-02-02,-0.007983,-0.001344,0.006638,-0.001344,15427451.0,15427451.0,14427451.0,14.427451,0,0.5292,0.3,3288
2024-02-05,-0.036944,-0.023272,0.013671,-0.023272,14857503.0,14857503.0,13857503.0,13.857503,0,0.529,0.25,3289
2024-02-06,0.010052,-0.001699,-0.011751,-0.001699,15006853.0,15006853.0,14006853.0,14.006853,1,0.5292,0.3,3290
2024-02-07,0.007596,0.014285,0.006688,0.014285,15120852.0,15120852.0,14120852.0,14.120852,1,0.5293,0.35,3291
2024-02-08,0.003907,-0.003941,-0.007848,-0.003941,15179925.0,15179925.0,14179925.0,14.179925,1,0.5295,0.4,3292
2024-02-09,0.006807,0.010865,0.004058,0.010865,15283262.0,15283262.0,14283262.0,14.283262,1,0.5296,0.45,3293
2024-02-13,-0.013005,0.003436,0.01644,0.003436,15084511.0,15084511.0,14084511.0,14.084511,0,0.5294,0.45,3294
2024-02-14,0.012714,-0.008679,-0.021392,-0.008679,15276293.0,15276293.0,14276293.0,14.276293,1,0.5296,0.5,3295
2024-02-15,-0.003682,-0.004673,-0.00099,-0.004673,15220041.0,15220041.0,14220041.0,14.220041,0,0.5294,0.5,3296
2024-02-16,-0.006922,0.012905,0.019827,0.012905,15114687.0,15114687.0,14114687.0,14.114687,0,0.5293,0.45,3297
2024-02-20,0.005086,-0.004914,-0.01,-0.004914,15191565.0,15191565.0,14191565.0,14.191565,1,0.5294,0.5,3298
2024-02-21,-0.005007,-0.009078,-0.004071,-0.009078,15115503.0,15115503.0,14115503.0,14.115503,0,0.5293,0.45,3299
2024-02-22,-0.004998,0.002608,0.007605,0.002608,15039963.0,15039963.0,14039963.0,14.039963,0,0.5291,0.45,3300
2024-02-26,0.006243,0.009626,0.003382,0.009626,15133864.0,15133864.0,14133864.0,14.133864,1,0.5292,0.5,3301
2024-02-27,0.007634,-0.000604,-0.008238,-0.000604,15249398.0,15249398.0,14249398.0,14.249398,1,0.5294,0.55,3302
2024-02-28,-0.008601,-0.00951,-0.000908,-0.00951,15118232.0,15118232.0,14118232.0,14.118232,0,0.5292,0.5,3303
2024-02-29,0.008327,-0.001307,-0.009634,-0.001307,15244116.0,15244116.0,14244116.0,14.244116,1,0.5294,0.5,3304
2024-03-01,0.017788,0.006661,-0.011127,0.006661,15515277.0,15515277.0,14515277.0,14.515277,1,0.5295,0.55,3305
2024-03-04,-0.005165,-0.016896,-0.01173,-0.016896,15435138.0,15435138.0,14435138.0,14.435138,0,0.5293,0.5,3306
2024-03-05,-0.003745,0.005588,0.009333,0.005588,15377341.0,15377341.0,14377341.0,14.377341,0,0.5292,0.5,3307
2024-03-06,-0.022627,0.01513,0.037757,0.01513,15029391.0,15029391.0,14029391.0,14.029391,0,0.529,0.5,3308
2024-03-07,0.018375,0.003896,-0.014478,0.003896,15305554.0,15305554.0,14305554.0,14.305554,1,0.5292,0.55,3309
2024-03-08,0.002788,0.007113,0.004325,0.007113,15348226.0,15348226.0,14348226.0,14.348226,1,0.5293,0.55,3310
2024-03-11,-0.023013,-0.023395,-0.000381,-0.023395,14995013.0,14995013.0,13995013.0,13.995013,0,0.5291,0.5,3311
2024-03-12,-0.005976,0.00233,0.008306,0.00233,14905398.0,14905398.0,13905398.0,13.905398,0,0.529,0.45,3312
2024-03-13,0.015085,-0.003675,-0.01876,-0.003675,15130250.0,15130250.0,14130250.0,14.13025,1,0.5291,0.45,3313
2024-03-14,-0.009897,0.003006,0.012903,0.003006,14980499.0,14980499.0,13980499.0,13.980499,0,0.529,0.45,3314
2024-03-15,0.000231,0.006617,0.006385,0.006617,14983961.0,14983961.0,13983961.0,13.983961,1,0.5291,0.45,3315
2024-03-18,-0.007819,0.003211,0.01103,0.003211,14866802.0,14866802.0,13866802.0,13.866802,0,0.529,0.45,3316
2024-03-19,-0.006493,0.00293,0.009423,0.00293,14770265.0,14770265.0,13770265.0,13.770265,0,0.5288,0.45,3317
2024-03-21,-0.018529,0.000326,0.018856,0.000326,14496580.0,14496580.0,13496580.0,13.49658,0,0.5286,0.4,3318
2024-03-22,-0.000347,0.003816,0.004163,0.003816,14491551.0,14491551.0,13491551.0,13.491551,0,0.5285,0.4,3319
2024-03-25,-0.000193,-0.003965,-0.003773,-0.003965,14488756.0,14488756.0,13488756.0,13.488756,0,0.5283,0.4,3320
2024-03-26,0.003588,-0.000765,-0.004353,-0.000765,14540737.0,14540737.0,13540737.0,13.540737,1,0.5285,0.4,3321
2024-03-27,-0.001636,-0.002067,-0.000431,-0.002067,14516953.0,14516953.0,13516953.0,13.516953,0,0.5283,0.35,3322
2024-03-28,0.001126,-0.008827,-0.009953,-0.008827,14533300.0,14533300.0,13533300.0,13.5333,1,0.5284,0.4,3323
2024-04-01,-0.024967,-0.033066,-0.008099,-0.033066,14170446.0,14170446.0,13170446.0,13.170446,0,0.5283,0.35,3324
2024-04-02,0.01259,-0.000631,-0.01322,-0.000631,14348847.0,14348847.0,13348847.0,13.348847,1,0.5284,0.35,3325
2024-04-03,0.012386,0.011252,-0.001134,0.011252,14526568.0,14526568.0,13526568.0,13.526568,1,0.5286,0.4,3326
2024-04-04,-0.007771,-0.001806,0.005965,-0.001806,14413676.0,14413676.0,13413676.0,13.413676,0,0.5284,0.4,3327
2024-04-05,-0.003203,0.006801,0.010004,0.006801,14367508.0,14367508.0,13367508.0,13.367508,0,0.5282,0.4,3328
2024-04-08,0.034755,0.010095,-0.02466,0.010095,14866849.0,14866849.0,13866849.0,13.866849,1,0.5284,0.4,3329
2024-04-09,0.008249,0.011608,0.00336,0.011608,14989482.0,14989482.0,13989482.0,13.989482,1,0.5285,0.4,3330
2024-04-10,-0.022593,-0.013565,0.009027,-0.013565,14650831.0,14650831.0,13650831.0,13.650831,0,0.5284,0.4,3331
2024-04-11,-0.013291,0.008273,0.021565,0.008273,14456100.0,14456100.0,13456100.0,13.4561,0,0.5282,0.4,3332
2024-04-12,-0.002196,-0.003506,-0.00131,-0.003506,14424359.0,14424359.0,13424359.0,13.424359,0,0.5281,0.35,3333
2024-04-15,0.008271,0.02021,0.01194,0.02021,14543659.0,14543659.0,13543659.0,13.543659,1,0.5282,0.4,3334
2024-04-16,0.011536,-0.01021,-0.021746,-0.01021,14711441.0,14711441.0,13711441.0,13.711441,1,0.5283,0.4,3335
2024-04-17,-0.001437,-0.023835,-0.022399,-0.023835,14690304.0,14690304.0,13690304.0,13.690304,0,0.5282,0.4,3336
2024-04-18,-0.021729,0.000923,0.022653,0.000923,14371092.0,14371092.0,13371092.0,13.371092,0,0.528,0.4,3337
2024-04-19,0.000901,-0.006814,-0.007714,-0.006814,14384033.0,14384033.0,13384033.0,13.384033,1,0.5282,0.45,3338
2024-04-22,-0.021258,0.002109,0.023367,0.002109,14078258.0,14078258.0,13078258.0,13.078258,0,0.528,0.45,3339
2024-04-23,0.004051,0.001031,-0.00302,0.001031,14135291.0,14135291.0,13135291.0,13.135291,1,0.5281,0.5,3340
2024-04-24,-0.007538,0.00178,0.009318,0.00178,14028736.0,14028736.0,13028736.0,13.028736,0,0.528,0.45,3341
2024-04-25,-0.0048,-0.012891,-0.008091,-0.012891,13961398.0,13961398.0,12961398.0,12.961398,0,0.5278,0.45,3342
2024-04-26,0.000295,0.010398,0.010103,0.010398,13965518.0,13965518.0,12965518.0,12.965518,1,0.528,0.45,3343
2024-04-30,0.006557,0.00693,0.000373,0.00693,14057096.0,14057096.0,13057096.0,13.057096,1,0.5281,0.5,3344
2024-05-01,0.000637,0.00116,0.000523,0.00116,14066056.0,14066056.0,13066056.0,13.066056,1,0.5283,0.5,3345
2024-05-02,0.000694,0.01267,0.011976,0.01267,14075814.0,14075814.0,13075814.0,13.075814,1,0.5284,0.5,3346
2024-05-07,-0.001633,-0.015039,-0.013406,-0.015039,14052830.0,14052830.0,13052830.0,13.05283,0,0.5282,0.5,3347
2024-05-08,0.013383,0.005138,-0.008246,0.005138,14240906.0,14240906.0,13240906.0,13.240906,1,0.5284,0.55,3348
2024-05-09,0.021094,0.030055,0.008961,0.030055,14541304.0,14541304.0,13541304.0,13.541304,1,0.5285,0.55,3349
2024-05-10,-0.014451,0.001096,0.015547,0.001096,14331169.0,14331169.0,13331169.0,13.331169,0,0.5284,0.5,3350
2024-05-13,0.000373,0.000715,0.000342,0.000715,14336521.0,14336521.0,13336521.0,13.336521,1,0.5285,0.55,3351
2024-05-14,-0.018102,0.007179,0.025281,0.007179,14077004.0,14077004.0,13077004.0,13.077004,0,0.5283,0.55,3352
2024-05-15,-0.000292,-0.007658,-0.007366,-0.007658,14072900.0,14072900.0,13072900.0,13.0729,0,0.5282,0.55,3353
2024-05-16,0.010011,0.001184,-0.008827,0.001184,14213787.0,14213787.0,13213787.0,13.213787,1,0.5283,0.55,3354
2024-05-17,-0.006129,0.004331,0.01046,0.004331,14126666.0,14126666.0,13126666.0,13.126666,0,0.5282,0.5,3355
2024-05-20,0.025987,0.022671,-0.003316,0.022671,14493771.0,14493771.0,13493771.0,13.493771,1,0.5283,0.55,3356
2024-05-21,-0.012459,-0.008276,0.004183,-0.008276,14313192.0,14313192.0,13313192.0,13.313192,0,0.5282,0.55,3357
2024-05-22,0.004436,0.004962,0.000526,0.004962,14376679.0,14376679.0,13376679.0,13.376679,1,0.5283,0.55,3358
2024-05-23,0.001047,0.000489,-0.000558,0.000489,14391729.0,14391729.0,13391729.0,13.391729,1,0.5284,0.6,3359
2024-05-24,0.012192,0.012153,-3.8e-05,0.012153,14567189.0,14567189.0,13567189.0,13.567189,1,0.5286,0.6,3360
2024-05-28,-0.005719,0.01538,0.021099,0.01538,14483883.0,14483883.0,13483883.0,13.483883,0,0.5284,0.6,3361
2024-05-29,0.002495,-0.00775,-0.010245,-0.00775,14520026.0,14520026.0,13520026.0,13.520026,1,0.5286,0.65,3362
2024-05-30,-0.012191,-0.000193,0.011998,-0.000193,14343009.0,14343009.0,13343009.0,13.343009,0,0.5284,0.6,3363
2024-05-31,-0.005849,0.017598,0.023448,0.017598,14259113.0,14259113.0,13259113.0,13.259113,0,0.5282,0.55,3364
2024-06-03,0.006794,0.001314,-0.00548,0.001314,14355986.0,14355986.0,13355986.0,13.355986,1,0.5284,0.55,3365
2024-06-04,0.035257,0.015159,-0.020098,0.015159,14862133.0,14862133.0,13862133.0,13.862133,1,0.5285,0.55,3366
2024-06-05,0.001905,-0.006784,-0.008689,-0.006784,14890449.0,14890449.0,13890449.0,13.890449,1,0.5287,0.6,3367
2024-06-06,0.003785,-0.000787,-0.004573,-0.000787,14946813.0,14946813.0,13946813.0,13.946813,1,0.5288,0.6,3368
2024-06-07,-0.000243,0.001068,0.001311,0.001068,14943179.0,14943179.0,13943179.0,13.943179,0,0.5286,0.55,3369
2024-06-10,0.010827,0.011013,0.000186,0.011013,15104976.0,15104976.0,14104976.0,14.104976,1,0.5288,0.6,3370
2024-06-11,0.013301,0.007433,-0.005868,0.007433,15305888.0,15305888.0,14305888.0,14.305888,1,0.5289,0.6,3371
2024-06-12,-0.011674,-0.009917,0.001757,-0.009917,15127204.0,15127204.0,14127204.0,14.127204,0,0.5288,0.6,3372
2024-06-13,0.012247,-0.017557,-0.029804,-0.017557,15312469.0,15312469.0,14312469.0,14.312469,1,0.5289,0.65,3373
2024-06-14,0.004125,0.017934,0.013809,0.017934,15375627.0,15375627.0,14375627.0,14.375627,1,0.529,0.65,3374
2024-06-17,0.000608,-0.014914,-0.015522,-0.014914,15384978.0,15384978.0,14384978.0,14.384978,1,0.5292,0.7,3375
2024-06-18,-0.002324,-0.00676,-0.004436,-0.00676,15349230.0,15349230.0,14349230.0,14.34923,0,0.529,0.65,3376
2024-06-20,-0.011938,0.000333,0.012271,0.000333,15165986.0,15165986.0,14165986.0,14.165986,0,0.5289,0.65,3377
2024-06-21,-0.007788,-0.008307,-0.000519,-0.008307,15047879.0,15047879.0,14047879.0,14.047879,0,0.5287,0.6,3378
2024-06-24,0.00336,0.009396,0.006036,0.009396,15098434.0,15098434.0,14098434.0,14.098434,1,0.5289,0.6,3379
2024-06-25,0.013859,0.013288,-0.000572,0.013288,15307687.0,15307687.0,14307687.0,14.307687,1,0.529,0.6,3380
2024-06-26,0.008748,0.004849,-0.003899,0.004849,15441594.0,15441594.0,14441594.0,14.441594,1,0.5291,0.65,3381
2024-06-27,0.006073,0.001059,-0.005014,0.001059,15535371.0,15535371.0,14535371.0,14.535371,1,0.5293,0.65,3382
2024-06-28,0.009411,0.003238,-0.006173,0.003238,15681573.0,15681573.0,14681573.0,14.681573,1,0.5294,0.7,3383
2024-07-01,-0.00089,0.00027,0.001159,0.00027,15667621.0,15667621.0,14667621.0,14.667621,0,0.5293,0.7,3384
2024-07-02,-0.004961,0.002645,0.007606,0.002645,15589887.0,15589887.0,14589887.0,14.589887,0,0.5291,0.65,3385
2024-07-03,-0.008939,-0.007506,0.001433,-0.007506,15450524.0,15450524.0,14450524.0,14.450524,0,0.5289,0.6,3386
2024-07-05,-0.012812,-0.017934,-0.005121,-0.017934,15252567.0,15252567.0,14252567.0,14.252567,0,0.5288,0.55,3387
2024-07-08,0.001316,-0.006616,-0.007932,-0.006616,15272639.0,15272639.0,14272639.0,14.272639,1,0.5289,0.55,3388
2024-07-09,-0.001423,-0.007082,-0.005659,-0.007082,15250910.0,15250910.0,14250910.0,14.25091,0,0.5288,0.55,3389
2024-07-10,0.008776,0.009308,0.000532,0.009308,15384754.0,15384754.0,14384754.0,14.384754,1,0.5289,0.55,3390
2024-07-11,0.010095,0.001408,-0.008687,0.001408,15540063.0,15540063.0,14540063.0,14.540063,1,0.529,0.55,3391
2024-07-12,-0.01629,-0.002962,0.013328,-0.002962,15286919.0,15286919.0,14286919.0,14.286919,0,0.5289,0.55,3392
2024-07-16,-0.009664,-0.007611,0.002053,-0.007611,15139186.0,15139186.0,14139186.0,14.139186,0,0.5287,0.5,3393
2024-07-17,-0.000328,0.000625,0.000953,0.000625,15134223.0,15134223.0,14134223.0,14.134223,0,0.5286,0.45,3394
2024-07-18,-0.009247,-0.002045,0.007202,-0.002045,14994272.0,14994272.0,13994272.0,13.994272,0,0.5284,0.4,3395
2024-07-19,0.003171,-0.008053,-0.011224,-0.008053,15041825.0,15041825.0,14041825.0,14.041825,1,0.5286,0.45,3396
2024-07-22,0.010296,0.001512,-0.008783,0.001512,15196693.0,15196693.0,14196693.0,14.196693,1,0.5287,0.5,3397
2024-07-23,-0.01874,-0.011756,0.006984,-0.011756,14911914.0,14911914.0,13911914.0,13.911914,0,0.5285,0.5,3398
2024-07-24,0.001216,-0.018653,-0.019869,-0.018653,14930041.0,14930041.0,13930041.0,13.930041,1,0.5287,0.5,3399
2024-07-25,0.002224,-0.007355,-0.009579,-0.007355,14963246.0,14963246.0,13963246.0,13.963246,1,0.5288,0.5,3400
2024-07-26,-0.001085,-0.004171,-0.003086,-0.004171,14947006.0,14947006.0,13947006.0,13.947006,0,0.5287,0.45,3401
2024-07-29,0.009429,0.012132,0.002703,0.012132,15087944.0,15087944.0,14087944.0,14.087944,1,0.5288,0.45,3402
2024-07-30,-0.011733,-0.007496,0.004237,-0.007496,14910920.0,14910920.0,13910920.0,13.91092,0,0.5287,0.4,3403
2024-07-31,0.00393,0.016987,0.013057,0.016987,14969516.0,14969516.0,13969516.0,13.969516,1,0.5288,0.45,3404
2024-08-01,-0.036035,-0.037905,-0.001869,-0.037905,14430083.0,14430083.0,13430083.0,13.430083,0,0.5286,0.45,3405
2024-08-02,0.041741,0.002515,-0.039226,0.002515,15032414.0,15032414.0,14032414.0,14.032414,1,0.5288,0.5,3406
2024-08-05,0.037802,-0.068369,-0.106171,-0.068369,15600663.0,15600663.0,14600663.0,14.600663,1,0.5289,0.55,3407
2024-08-06,-0.035644,-0.012174,0.02347,-0.012174,15044592.0,15044592.0,14044592.0,14.044592,0,0.5288,0.5,3408
2024-08-07,0.009494,0.058673,0.049179,0.058673,15187430.0,15187430.0,14187430.0,14.18743,1,0.5289,0.55,3409
2024-08-08,-0.010377,-0.004058,0.006319,-0.004058,15029833.0,15029833.0,14029833.0,14.029833,0,0.5287,0.5,3410
2024-08-09,-0.005725,-0.017734,-0.012009,-0.017734,14943793.0,14943793.0,13943793.0,13.943793,0,0.5286,0.45,3411
2024-08-13,-0.003298,-0.000763,0.002535,-0.000763,14894513.0,14894513.0,13894513.0,13.894513,0,0.5284,0.45,3412
2024-08-14,-0.013386,-0.002057,0.01133,-0.002057,14695131.0,14695131.0,13695131.0,13.695131,0,0.5283,0.45,3413
2024-08-15,0.004855,0.017791,0.012936,0.017791,14766476.0,14766476.0,13766476.0,13.766476,1,0.5284,0.5,3414
2024-08-16,0.000731,-0.001191,-0.001922,-0.001191,14777275.0,14777275.0,13777275.0,13.777275,1,0.5286,0.55,3415
2024-08-19,-0.008337,-0.01689,-0.008552,-0.01689,14654070.0,14654070.0,13654070.0,13.65407,0,0.5284,0.5,3416
2024-08-20,0.038323,0.023621,-0.014702,0.023621,15215652.0,15215652.0,14215652.0,14.215652,1,0.5285,0.5,3417
2024-08-21,-0.017197,-0.00983,0.007366,-0.00983,14953994.0,14953994.0,13953994.0,13.953994,0,0.5284,0.5,3418
2024-08-22,-0.000657,-0.008229,-0.007573,-0.008229,14944171.0,14944171.0,13944171.0,13.944171,0,0.5282,0.45,3419
2024-08-23,0.000294,0.00578,0.005486,0.00578,14948570.0,14948570.0,13948570.0,13.94857,1,0.5284,0.45,3420
2024-08-26,0.012879,-0.00353,-0.016409,-0.00353,15141098.0,15141098.0,14141098.0,14.141098,1,0.5285,0.5,3421
2024-08-27,0.010822,0.007913,-0.002909,0.007913,15304957.0,15304957.0,14304957.0,14.304957,1,0.5286,0.5,3422
2024-08-28,-0.001947,0.007139,0.009086,0.007139,15275158.0,15275158.0,14275158.0,14.275158,0,0.5285,0.5,3423
2024-08-29,-0.007468,0.002468,0.009936,0.002468,15161086.0,15161086.0,14161086.0,14.161086,0,0.5283,0.45,3424
2024-08-30,-0.019916,0.002043,0.021959,0.002043,14859136.0,14859136.0,13859136.0,13.859136,0,0.5282,0.45,3425
2024-09-03,-0.008407,-0.003724,0.004683,-0.003724,14734217.0,14734217.0,13734217.0,13.734217,0,0.528,0.4,3426
2024-09-04,0.00185,-0.007561,-0.009411,-0.007561,14761477.0,14761477.0,13761477.0,13.761477,1,0.5282,0.4,3427
2024-09-05,-0.006561,0.007995,0.014555,0.007995,14664630.0,14664630.0,13664630.0,13.66463,0,0.528,0.4,3428
2024-09-06,-0.002411,-0.011903,-0.009492,-0.011903,14629280.0,14629280.0,13629280.0,13.62928,0,0.5279,0.35,3429
2024-09-09,-0.015501,0.007969,0.023469,0.007969,14402518.0,14402518.0,13402518.0,13.402518,0,0.5277,0.35,3430
2024-09-10,-0.001774,-0.00384,-0.002065,-0.00384,14376962.0,14376962.0,13376962.0,13.376962,0,0.5275,0.35,3431
2024-09-11,-0.009536,-0.018982,-0.009446,-0.018982,14239863.0,14239863.0,13239863.0,13.239863,0,0.5274,0.35,3432
2024-09-12,0.003358,0.004375,0.001017,0.004375,14287676.0,14287676.0,13287676.0,13.287676,1,0.5275,0.4,3433
2024-09-13,-0.004066,-0.005724,-0.001657,-0.005724,14229580.0,14229580.0,13229580.0,13.22958,0,0.5274,0.35,3434
2024-09-17,0.020793,0.007217,-0.013577,0.007217,14525460.0,14525460.0,13525460.0,13.52546,1,0.5275,0.35,3435
2024-09-18,-0.000853,-0.002606,-0.001753,-0.002606,14513072.0,14513072.0,13513072.0,13.513072,0,0.5274,0.35,3436
2024-09-19,-0.012953,0.000312,0.013265,0.000312,14325081.0,14325081.0,13325081.0,13.325081,0,0.5272,0.3,3437
2024-09-20,-0.001554,-0.007794,-0.006239,-0.007794,14302813.0,14302813.0,13302813.0,13.302813,0,0.5271,0.3,3438
2024-09-24,0.010125,-0.000313,-0.010438,-0.000313,14447625.0,14447625.0,13447625.0,13.447625,1,0.5272,0.35,3439
2024-09-25,0.001412,0.003939,0.002527,0.003939,14468025.0,14468025.0,13468025.0,13.468025,1,0.5273,0.35,3440
2024-09-26,0.009708,0.019736,0.010028,0.019736,14608478.0,14608478.0,13608478.0,13.608478,1,0.5275,0.35,3441
2024-09-27,0.003504,-0.001392,-0.004896,-0.001392,14659663.0,14659663.0,13659663.0,13.659663,1,0.5276,0.35,3442
2024-09-30,0.024128,0.015851,-0.008277,0.015851,15013375.0,15013375.0,14013375.0,14.013375,1,0.5277,0.4,3443
2024-10-01,0.002789,0.014745,0.011956,0.014745,15055246.0,15055246.0,14055246.0,14.055246,1,0.5279,0.45,3444
2024-10-02,-8.8e-05,-0.004638,-0.00455,-0.004638,15053927.0,15053927.0,14053927.0,14.053927,0,0.5277,0.45,3445
2024-10-03,-0.019975,-0.017682,0.002294,-0.017682,14753222.0,14753222.0,13753222.0,13.753222,0,0.5276,0.45,3446
2024-10-04,-0.001078,0.005435,0.006514,0.005435,14737312.0,14737312.0,13737312.0,13.737312,0,0.5274,0.4,3447
2024-10-07,0.010122,-0.002237,-0.012359,-0.002237,14886482.0,14886482.0,13886482.0,13.886482,1,0.5276,0.45,3448
2024-10-08,-0.001963,-0.015054,-0.01309,-0.015054,14857258.0,14857258.0,13857258.0,13.857258,0,0.5274,0.45,3449
2024-10-09,0.007516,-0.012138,-0.019654,-0.012138,14968920.0,14968920.0,13968920.0,13.96892,1,0.5275,0.5,3450
2024-10-10,-0.011616,-0.007531,0.004085,-0.007531,14795034.0,14795034.0,13795034.0,13.795034,0,0.5274,0.5,3451
2024-10-11,0.004973,-0.005435,-0.010409,-0.005435,14868616.0,14868616.0,13868616.0,13.868616,1,0.5275,0.55,3452
2024-10-15,-0.008577,-0.015096,-0.006519,-0.015096,14741086.0,14741086.0,13741086.0,13.741086,0,0.5274,0.5,3453
2024-10-16,0.010909,0.005997,-0.004913,0.005997,14901900.0,14901900.0,13901900.0,13.9019,1,0.5275,0.55,3454
2024-10-17,-0.007135,-0.005852,0.001282,-0.005852,14795580.0,14795580.0,13795580.0,13.79558,0,0.5274,0.5,3455
2024-10-18,-0.006643,-0.015729,-0.009086,-0.015729,14697288.0,14697288.0,13697288.0,13.697288,0,0.5272,0.5,3456
2024-10-21,0.000367,-0.003905,-0.004273,-0.003905,14702688.0,14702688.0,13702688.0,13.702688,1,0.5273,0.55,3457
2024-10-22,-0.002862,-0.007343,-0.004481,-0.007343,14660607.0,14660607.0,13660607.0,13.660607,0,0.5272,0.55,3458
2024-10-23,-0.000547,-0.006601,-0.006054,-0.006601,14652594.0,14652594.0,13652594.0,13.652594,0,0.527,0.5,3459
2024-10-24,0.003391,0.005015,0.001624,0.005015,14702287.0,14702287.0,13702287.0,13.702287,1,0.5272,0.5,3460
2024-10-25,0.00325,-0.003553,-0.006803,-0.003553,14750063.0,14750063.0,13750063.0,13.750063,1,0.5273,0.5,3461
2024-10-28,0.008209,0.023746,0.015537,0.023746,14871142.0,14871142.0,13871142.0,13.871142,1,0.5274,0.5,3462
2024-10-29,0.003166,0.008144,0.004979,0.008144,14918219.0,14918219.0,13918219.0,13.918219,1,0.5276,0.5,3463
2024-10-30,0.002518,0.004635,0.002117,0.004635,14955790.0,14955790.0,13955790.0,13.95579,1,0.5277,0.5,3464
2024-10-31,-0.009672,-0.010687,-0.001015,-0.010687,14811136.0,14811136.0,13811136.0,13.811136,0,0.5276,0.5,3465
2024-11-01,0.00628,0.004709,-0.001571,0.004709,14904154.0,14904154.0,13904154.0,13.904154,1,0.5277,0.55,3466
2024-11-05,-0.004477,-0.004518,-4.1e-05,-0.004518,14837425.0,14837425.0,13837425.0,13.837425,0,0.5275,0.55,3467
2024-11-06,-0.022971,0.001837,0.024807,0.001837,14496599.0,14496599.0,13496599.0,13.496599,0,0.5274,0.5,3468
2024-11-07,0.000572,-0.009986,-0.010557,-0.009986,14504889.0,14504889.0,13504889.0,13.504889,1,0.5275,0.55,3469
2024-11-08,0.008254,-0.00512,-0.013375,-0.00512,14624616.0,14624616.0,13624616.0,13.624616,1,0.5277,0.55,3470
2024-11-11,-0.012431,-0.01862,-0.006189,-0.01862,14442812.0,14442812.0,13442812.0,13.442812,0,0.5275,0.55,3471
2024-11-12,-0.024626,-0.011631,0.012996,-0.011631,14087138.0,14087138.0,13087138.0,13.087138,0,0.5274,0.5,3472
2024-11-13,-0.032421,-0.014188,0.018234,-0.014188,13630413.0,13630413.0,12630413.0,12.630413,0,0.5272,0.5,3473
2024-11-14,-0.007964,0.002116,0.010079,0.002116,13521865.0,13521865.0,12521865.0,12.521865,0,0.5271,0.45,3474
2024-11-15,0.002651,0.001926,-0.000725,0.001926,13557709.0,13557709.0,12557709.0,12.557709,1,0.5272,0.5,3475
2024-11-18,-0.005696,-0.002819,0.002877,-0.002819,13480484.0,13480484.0,12480484.0,12.480484,0,0.527,0.5,3476
2024-11-19,0.002561,-0.000586,-0.003148,-0.000586,13515014.0,13515014.0,12515014.0,12.515014,1,0.5272,0.5,3477
2024-11-20,0.007444,-0.000824,-0.008268,-0.000824,13615624.0,13615624.0,12615624.0,12.615624,1,0.5273,0.55,3478
2024-11-21,0.002883,-0.000485,-0.003368,-0.000485,13654882.0,13654882.0,12654882.0,12.654882,1,0.5275,0.6,3479
2024-11-22,0.00519,0.010748,0.005559,0.010748,13725745.0,13725745.0,12725745.0,12.725745,1,0.5276,0.6,3480
2024-11-25,0.001656,-0.007208,-0.008864,-0.007208,13748479.0,13748479.0,12748479.0,12.748479,1,0.5277,0.6,3481
2024-11-26,0.015428,0.011051,-0.004376,0.011051,13960584.0,13960584.0,12960584.0,12.960584,1,0.5279,0.6,3482
2024-11-27,-0.005719,-0.005912,-0.000192,-0.005912,13880737.0,13880737.0,12880737.0,12.880737,0,0.5277,0.55,3483
2024-11-29,0.003406,0.006081,0.002676,0.006081,13928013.0,13928013.0,12928013.0,12.928013,1,0.5278,0.55,3484
2024-12-02,-0.005785,0.000569,0.006353,0.000569,13847442.0,13847442.0,12847442.0,12.847442,0,0.5277,0.55,3485
2024-12-03,0.006526,0.009369,0.002843,0.009369,13937804.0,13937804.0,12937804.0,12.937804,1,0.5278,0.55,3486
2024-12-04,0.001662,-0.00923,-0.010892,-0.00923,13960976.0,13960976.0,12960976.0,12.960976,1,0.528,0.6,3487
2024-12-05,0.015488,0.006819,-0.008669,0.006819,14177201.0,14177201.0,13177201.0,13.177201,1,0.5281,0.65,3488
2024-12-06,-0.015241,-0.019799,-0.004558,-0.019799,13961126.0,13961126.0,12961126.0,12.961126,0,0.5279,0.6,3489
2024-12-09,0.001504,-0.001125,-0.002629,-0.001125,13982120.0,13982120.0,12982120.0,12.98212,1,0.5281,0.6,3490
2024-12-10,-0.000966,-0.010045,-0.00908,-0.010045,13968614.0,13968614.0,12968614.0,12.968614,0,0.5279,0.6,3491
2024-12-11,-0.002182,-0.007239,-0.005057,-0.007239,13938133.0,13938133.0,12938133.0,12.938133,0,0.5278,0.6,3492
2024-12-12,0.006049,0.000688,-0.005362,0.000688,14022451.0,14022451.0,13022451.0,13.022451,1,0.5279,0.65,3493
2024-12-13,-0.006639,-0.006216,0.000423,-0.006216,13929355.0,13929355.0,12929355.0,12.929355,0,0.5278,0.65,3494
2024-12-16,0.011022,-0.00061,-0.011632,-0.00061,14082884.0,14082884.0,13082884.0,13.082884,1,0.5279,0.65,3495
2024-12-17,0.012333,0.001168,-0.011165,0.001168,14256568.0,14256568.0,13256568.0,13.256568,1,0.528,0.7,3496
2024-12-18,-0.007771,-0.007598,0.000173,-0.007598,14145781.0,14145781.0,13145781.0,13.145781,0,0.5279,0.65,3497
2024-12-19,-0.005439,0.006665,0.012104,0.006665,14068838.0,14068838.0,13068838.0,13.068838,0,0.5277,0.6,3498
2024-12-20,0.01216,0.007859,-0.004301,0.007859,14239914.0,14239914.0,13239914.0,13.239914,1,0.5279,0.6,3499
2024-12-23,0.01036,0.004192,-0.006168,0.004192,14387436.0,14387436.0,13387436.0,13.387436,1,0.528,0.6,3500
2024-12-24,0.004787,0.003226,-0.001561,0.003226,14456303.0,14456303.0,13456303.0,13.456303,1,0.5281,0.6,3501
2024-12-26,-0.00446,0.01207,0.01653,0.01207,14391832.0,14391832.0,13391832.0,13.391832,0,0.528,0.55,3502
2024-12-27,0.001311,0.010284,0.008973,0.010284,14410706.0,14410706.0,13410706.0,13.410706,1,0.5281,0.6,3503
2024-12-30,0.006766,-0.00638,-0.013146,-0.00638,14508211.0,14508211.0,13508211.0,13.508211,1,0.5283,0.6,3504
2025-01-06,0.010922,-0.010436,-0.021359,-0.010436,14666672.0,14666672.0,13666672.0,13.666672,1,0.5284,0.65,3505
2025-01-07,0.001659,-0.002841,-0.0045,-0.002841,14691006.0,14691006.0,13691006.0,13.691006,1,0.5285,0.65,3506
2025-01-08,0.02629,0.006263,-0.020027,0.006263,15077236.0,15077236.0,14077236.0,14.077236,1,0.5287,0.65,3507
2025-01-10,0.006658,-0.0074,-0.014058,-0.0074,15177618.0,15177618.0,14177618.0,14.177618,1,0.5288,0.65,3508
2025-01-14,-0.00478,-0.007714,-0.002934,-0.007714,15105062.0,15105062.0,14105062.0,14.105062,0,0.5286,0.65,3509
2025-01-15,-0.007936,-0.008048,-0.000112,-0.008048,14985184.0,14985184.0,13985184.0,13.985184,0,0.5285,0.6,3510
2025-01-16,0.009333,0.0,-0.009332,0.0,15125033.0,15125033.0,14125033.0,14.125033,1,0.5286,0.65,3511
2025-01-17,-0.007295,0.004627,0.011922,0.004627,15014696.0,15014696.0,14014696.0,14.014696,0,0.5285,0.65,3512
2025-01-21,-0.006496,-0.012217,-0.005721,-0.012217,14917163.0,14917163.0,13917163.0,13.917163,0,0.5283,0.6,3513
2025-01-22,0.002536,-0.005199,-0.007735,-0.005199,14954991.0,14954991.0,13954991.0,13.954991,1,0.5285,0.65,3514
2025-01-23,-0.012903,-0.006237,0.006666,-0.006237,14762025.0,14762025.0,13762025.0,13.762025,0,0.5283,0.6,3515
2025-01-24,0.022881,0.009865,-0.013016,0.009865,15099791.0,15099791.0,14099791.0,14.099791,1,0.5284,0.6,3516
2025-01-27,0.001601,0.003221,0.00162,0.003221,15123971.0,15123971.0,14123971.0,14.123971,1,0.5286,0.65,3517
2025-01-28,0.025043,0.022929,-0.002114,0.022929,15502722.0,15502722.0,14502722.0,14.502722,1,0.5287,0.7,3518
2025-01-29,0.003125,2.7e-05,-0.003098,2.7e-05,15551168.0,15551168.0,14551168.0,14.551168,1,0.5288,0.7,3519
2025-01-30,0.00449,0.012894,0.008405,0.012894,15620991.0,15620991.0,14620991.0,14.620991,1,0.529,0.7,3520
2025-01-31,-0.033739,-0.01596,0.017778,-0.01596,15093960.0,15093960.0,14093960.0,14.09396,0,0.5288,0.65,3521
2025-02-03,-0.000414,-0.005304,-0.00489,-0.005304,15087709.0,15087709.0,14087709.0,14.087709,0,0.5287,0.65,3522
2025-02-04,-0.009836,-0.003415,0.006421,-0.003415,14939306.0,14939306.0,13939306.0,13.939306,0,0.5285,0.6,3523
2025-02-05,-0.010999,-0.016458,-0.005459,-0.016458,14774989.0,14774989.0,13774989.0,13.774989,0,0.5284,0.55,3524
2025-02-06,0.000335,-0.009621,-0.009956,-0.009621,14779936.0,14779936.0,13779936.0,13.779936,1,0.5285,0.55,3525
2025-02-07,0.004812,-0.004706,-0.009518,-0.004706,14851057.0,14851057.0,13851057.0,13.851057,1,0.5286,0.55,3526
2025-02-10,-0.003442,-0.004261,-0.000819,-0.004261,14799934.0,14799934.0,13799934.0,13.799934,0,0.5285,0.5,3527
2025-02-12,0.003681,-0.009207,-0.012888,-0.009207,14854408.0,14854408.0,13854408.0,13.854408,1,0.5286,0.5,3528
2025-02-13,-0.032638,-0.022266,0.010372,-0.022266,14369585.0,14369585.0,13369585.0,13.369585,0,0.5285,0.5,3529
2025-02-14,0.013758,0.005937,-0.007821,0.005937,14567280.0,14567280.0,13567280.0,13.56728,1,0.5286,0.55,3530
2025-02-18,0.005096,0.002044,-0.003052,0.002044,14641512.0,14641512.0,13641512.0,13.641512,1,0.5287,0.55,3531
2025-02-19,-0.002623,-0.011369,-0.008746,-0.011369,14603107.0,14603107.0,13603107.0,13.603107,0,0.5286,0.55,3532
2025-02-20,-0.007523,-0.00753,-7e-06,-0.00753,14493246.0,14493246.0,13493246.0,13.493246,0,0.5284,0.55,3533
2025-02-21,-0.001914,0.007904,0.009819,0.007904,14465501.0,14465501.0,13465501.0,13.465501,0,0.5283,0.5,3534
2025-02-25,0.005921,0.004583,-0.001338,0.004583,14551155.0,14551155.0,13551155.0,13.551155,1,0.5284,0.55,3535
2025-02-26,0.006836,0.000922,-0.005914,0.000922,14650627.0,14650627.0,13650627.0,13.650627,1,0.5286,0.55,3536
2025-02-27,0.015844,0.011586,-0.004257,0.011586,14882747.0,14882747.0,13882747.0,13.882747,1,0.5287,0.55,3537
2025-02-28,-0.006711,-0.018621,-0.01191,-0.018621,14782871.0,14782871.0,13782871.0,13.782871,0,0.5285,0.5,3538
2025-03-03,0.006504,0.004028,-0.002476,0.004028,14879023.0,14879023.0,13879023.0,13.879023,1,0.5287,0.5,3539
2025-03-04,0.012031,0.004784,-0.007247,0.004784,15058026.0,15058026.0,14058026.0,14.058026,1,0.5288,0.5,3540
2025-03-05,-0.002293,0.008965,0.011258,0.008965,15023500.0,15023500.0,14023500.0,14.0235,0,0.5287,0.5,3541
2025-03-06,0.025742,0.007272,-0.018469,0.007272,15410229.0,15410229.0,14410229.0,14.410229,1,0.5288,0.55,3542
2025-03-07,-0.002209,0.004504,0.006713,0.004504,15376181.0,15376181.0,14376181.0,14.376181,0,0.5286,0.55,3543
2025-03-10,0.012089,0.005845,-0.006244,0.005845,15562063.0,15562063.0,14562063.0,14.562063,1,0.5288,0.6,3544
2025-03-11,0.014879,0.011439,-0.00344,0.011439,15793605.0,15793605.0,14793605.0,14.793605,1,0.5289,0.6,3545
2025-03-12,0.002055,0.010433,0.008378,0.010433,15826059.0,15826059.0,14826059.0,14.826059,1,0.529,0.6,3546
2025-03-13,-0.008291,0.001637,0.009928,0.001637,15694846.0,15694846.0,14694846.0,14.694846,0,0.5289,0.6,3547
2025-03-14,0.002407,0.015972,0.013565,0.015972,15732625.0,15732625.0,14732625.0,14.732625,1,0.529,0.6,3548
2025-03-17,-0.000911,0.010078,0.010988,0.010078,15718298.0,15718298.0,14718298.0,14.718298,0,0.5289,0.6,3549
2025-03-18,0.008399,0.004277,-0.004123,0.004277,15850323.0,15850323.0,14850323.0,14.850323,1,0.529,0.6,3550
2025-03-19,-0.000367,0.012868,0.013235,0.012868,15844504.0,15844504.0,14844504.0,14.844504,0,0.5289,0.55,3551
2025-03-21,0.010496,0.006813,-0.003683,0.006813,16010804.0,16010804.0,15010804.0,15.010804,1,0.529,0.6,3552
2025-03-24,-0.003408,-0.004571,-0.001162,-0.004571,15956233.0,15956233.0,14956233.0,14.956233,0,0.5288,0.6,3553
2025-03-25,-0.003489,-0.00166,0.001828,-0.00166,15900567.0,15900567.0,14900567.0,14.900567,0,0.5287,0.6,3554
2025-03-26,0.011647,0.001041,-0.010606,0.001041,16085765.0,16085765.0,15085765.0,15.085765,1,0.5288,0.6,3555
2025-03-27,0.009179,0.018078,0.0089,0.018078,16233408.0,16233408.0,15233408.0,15.233408,1,0.529,0.6,3556
2025-03-28,0.011057,-0.006634,-0.017691,-0.006634,16412894.0,16412894.0,15412894.0,15.412894,1,0.5291,0.6,3557
2025-03-31,-0.000768,-0.009774,-0.009006,-0.009774,16400287.0,16400287.0,15400287.0,15.400287,0,0.5289,0.6,3558
2025-04-01,0.008938,-0.008025,-0.016962,-0.008025,16546869.0,16546869.0,15546869.0,15.546869,1,0.5291,0.6,3559
2025-04-02,0.00958,-0.009463,-0.019043,-0.009463,16705387.0,16705387.0,15705387.0,15.705387,1,0.5292,0.6,3560
2025-04-03,-0.007247,0.010544,0.017791,0.010544,16584317.0,16584317.0,15584317.0,15.584317,0,0.5291,0.6,3561
2025-04-04,0.025017,0.00448,-0.020537,0.00448,16999211.0,16999211.0,15999211.0,15.999211,1,0.5292,0.6,3562
2025-04-07,0.008842,0.011789,0.002947,0.011789,17149522.0,17149522.0,16149522.0,16.149522,1,0.5293,0.65,3563
2025-04-08,0.010617,0.018269,0.007651,0.018269,17331606.0,17331606.0,16331606.0,16.331606,1,0.5295,0.65,3564
2025-04-09,-0.00529,-0.019606,-0.014316,-0.019606,17239918.0,17239918.0,16239918.0,16.239918,0,0.5293,0.6,3565
2025-04-10,-0.04668,-0.030192,0.016487,-0.030192,16435164.0,16435164.0,15435164.0,15.435164,0,0.5292,0.55,3566
2025-04-11,-0.015034,0.006344,0.021378,0.006344,16188081.0,16188081.0,15188081.0,15.188081,0,0.529,0.55,3567
2025-04-14,0.000793,-0.001183,-0.001976,-0.001183,16200921.0,16200921.0,15200921.0,15.200921,1,0.5291,0.55,3568
2025-04-15,-0.008166,-0.011754,-0.003589,-0.011754,16068629.0,16068629.0,15068629.0,15.068629,0,0.529,0.55,3569
2025-04-16,-0.004972,-0.010582,-0.00561,-0.010582,15988728.0,15988728.0,14988728.0,14.988728,0,0.5289,0.5,3570
2025-04-17,0.007234,0.013513,0.006279,0.013513,16104385.0,16104385.0,15104385.0,15.104385,1,0.529,0.55,3571
2025-04-21,-0.011296,-0.015258,-0.003962,-0.015258,15922465.0,15922465.0,14922465.0,14.922465,0,0.5288,0.5,3572
2025-04-22,0.016049,0.013639,-0.002411,0.013639,16178010.0,16178010.0,15178010.0,15.17801,1,0.529,0.55,3573
2025-04-23,-0.020069,-0.009337,0.010731,-0.009337,15853340.0,15853340.0,14853340.0,14.85334,0,0.5288,0.55,3574
2025-04-24,-0.006424,-0.008097,-0.001672,-0.008097,15751491.0,15751491.0,14751491.0,14.751491,0,0.5287,0.5,3575
2025-04-25,0.015024,0.008722,-0.006302,0.008722,15988145.0,15988145.0,14988145.0,14.988145,1,0.5288,0.5,3576
2025-04-28,0.011007,0.008337,-0.00267,0.008337,16164124.0,16164124.0,15164124.0,15.164124,1,0.5289,0.5,3577
2025-04-30,-0.008266,-0.002145,0.006122,-0.002145,16030503.0,16030503.0,15030503.0,15.030503,0,0.5288,0.5,3578
2025-05-01,-0.005121,-0.006982,-0.001861,-0.006982,15948412.0,15948412.0,14948412.0,14.948412,0,0.5286,0.45,3579
2025-05-02,-0.00827,-0.004625,0.003645,-0.004625,15816514.0,15816514.0,14816514.0,14.816514,0,0.5285,0.4,3580
2025-05-07,0.000324,0.000642,0.000318,0.000642,15821642.0,15821642.0,14821642.0,14.821642,1,0.5286,0.45,3581
2025-05-08,0.003035,0.003982,0.000946,0.003982,15869664.0,15869664.0,14869664.0,14.869664,1,0.5288,0.45,3582
2025-05-09,0.001863,0.010696,0.008832,0.010696,15899231.0,15899231.0,14899231.0,14.899231,1,0.5289,0.45,3583
2025-05-12,-0.010668,-0.007486,0.003182,-0.007486,15729618.0,15729618.0,14729618.0,14.729618,0,0.5287,0.4,3584
2025-05-13,0.005388,-0.01412,-0.019508,-0.01412,15814372.0,15814372.0,14814372.0,14.814372,1,0.5289,0.45,3585
2025-05-14,0.014702,-0.003791,-0.018494,-0.003791,16046883.0,16046883.0,15046883.0,15.046883,1,0.529,0.5,3586
2025-05-15,-0.01979,-0.004278,0.015512,-0.004278,15729312.0,15729312.0,14729312.0,14.729312,0,0.5289,0.5,3587
2025-05-16,0.006564,0.000828,-0.005736,0.000828,15832553.0,15832553.0,14832553.0,14.832553,1,0.529,0.5,3588
2025-05-19,-0.007182,-0.008518,-0.001336,-0.008518,15718845.0,15718845.0,14718845.0,14.718845,0,0.5288,0.5,3589
2025-05-20,-0.012352,-0.018729,-0.006376,-0.018729,15524680.0,15524680.0,14524680.0,14.52468,0,0.5287,0.5,3590
2025-05-21,0.002017,0.003262,0.001245,0.003262,15555997.0,15555997.0,14555997.0,14.555997,1,0.5288,0.5,3591
2025-05-22,-0.008791,-0.001317,0.007474,-0.001317,15419243.0,15419243.0,14419243.0,14.419243,0,0.5287,0.5,3592
2025-05-23,0.005028,0.003106,-0.001922,0.003106,15496765.0,15496765.0,14496765.0,14.496765,1,0.5288,0.5,3593
2025-05-27,0.003937,0.006738,0.002801,0.006738,15557772.0,15557772.0,14557772.0,14.557772,1,0.5289,0.55,3594
2025-05-28,0.011762,0.003916,-0.007847,0.003916,15740769.0,15740769.0,14740769.0,14.740769,1,0.5291,0.6,3595
2025-05-29,0.016515,0.011887,-0.004627,0.011887,16000724.0,16000724.0,15000724.0,15.000724,1,0.5292,0.6,3596
2025-05-30,0.001916,0.015298,0.013381,0.015298,16031385.0,16031385.0,15031385.0,15.031385,1,0.5293,0.6,3597
2025-06-02,-0.008982,-0.006302,0.00268,-0.006302,15887388.0,15887388.0,14887388.0,14.887388,0,0.5292,0.6,3598
2025-06-03,-0.005299,-0.004493,0.000807,-0.004493,15803199.0,15803199.0,14803199.0,14.803199,0,0.529,0.6,3599
2025-06-04,0.008365,0.005398,-0.002967,0.005398,15935392.0,15935392.0,14935392.0,14.935392,1,0.5292,0.65,3600
2025-06-05,-0.003772,-0.005399,-0.001627,-0.005399,15875278.0,15875278.0,14875278.0,14.875278,0,0.529,0.6,3601
2025-06-06,0.010849,0.005677,-0.005173,0.005677,16047516.0,16047516.0,15047516.0,15.047516,1,0.5292,0.6,3602
2025-06-09,0.00665,0.001162,-0.005488,0.001162,16154233.0,16154233.0,15154233.0,15.154233,1,0.5293,0.6,3603
2025-06-10,-0.025635,-0.011833,0.013802,-0.011833,15740123.0,15740123.0,14740123.0,14.740123,0,0.5291,0.6,3604
2025-06-11,0.006422,0.010605,0.004182,0.010605,15841214.0,15841214.0,14841214.0,14.841214,1,0.5293,0.6,3605
2025-06-12,0.00687,0.001757,-0.005113,0.001757,15950046.0,15950046.0,14950046.0,14.950046,1,0.5294,0.6,3606
2025-06-13,0.009385,0.000711,-0.008673,0.000711,16099734.0,16099734.0,15099734.0,15.099734,1,0.5295,0.65,3607
2025-06-16,-0.020659,-0.007453,0.013206,-0.007453,15767130.0,15767130.0,14767130.0,14.76713,0,0.5294,0.6,3608
2025-06-17,0.001847,0.007124,0.005277,0.007124,15796259.0,15796259.0,14796259.0,14.796259,1,0.5295,0.65,3609
2025-06-18,-0.006105,0.008068,0.014172,0.008068,15699831.0,15699831.0,14699831.0,14.699831,0,0.5294,0.65,3610
2025-06-20,-0.006038,-0.007316,-0.001278,-0.007316,15605033.0,15605033.0,14605033.0,14.605033,0,0.5292,0.6,3611
2025-06-23,-0.004006,-0.008301,-0.004295,-0.008301,15542513.0,15542513.0,14542513.0,14.542513,0,0.5291,0.6,3612
2025-06-24,0.000506,0.000423,-8.4e-05,0.000423,15550383.0,15550383.0,14550383.0,14.550383,1,0.5292,0.6,3613
2025-06-25,-0.007744,-0.014465,-0.006721,-0.014465,15429963.0,15429963.0,14429963.0,14.429963,0,0.5291,0.55,3614
2025-06-26,-0.005295,0.002197,0.007492,0.002197,15348264.0,15348264.0,14348264.0,14.348264,0,0.5289,0.5,3615
2025-06-27,-0.003456,0.005299,0.008755,0.005299,15295217.0,15295217.0,14295217.0,14.295217,0,0.5288,0.45,3616
2025-06-30,-0.004989,-0.007671,-0.002682,-0.007671,15218909.0,15218909.0,14218909.0,14.218909,0,0.5286,0.4,3617
2025-07-01,0.022677,0.031579,0.008902,0.031579,15564031.0,15564031.0,14564031.0,14.564031,1,0.5287,0.45,3618
2025-07-02,0.02107,0.01274,-0.00833,0.01274,15891972.0,15891972.0,14891972.0,14.891972,1,0.5289,0.5,3619
2025-07-03,0.004,0.019363,0.015363,0.019363,15955544.0,15955544.0,14955544.0,14.955544,1,0.529,0.5,3620
2025-07-07,-0.012731,-0.022762,-0.010031,-0.022762,15752412.0,15752412.0,14752412.0,14.752412,0,0.5289,0.5,3621
2025-07-08,-0.007142,0.000778,0.00792,0.000778,15639911.0,15639911.0,14639911.0,14.639911,0,0.5287,0.45,3622
2025-07-09,0.01064,0.007076,-0.003564,0.007076,15806322.0,15806322.0,14806322.0,14.806322,1,0.5288,0.45,3623
2025-07-10,-0.016578,-0.019483,-0.002904,-0.019483,15544279.0,15544279.0,14544279.0,14.544279,0,0.5287,0.45,3624
2025-07-11,-0.013263,-0.00891,0.004353,-0.00891,15338117.0,15338117.0,14338117.0,14.338117,0,0.5286,0.4,3625
2025-07-14,-0.002311,-0.001847,0.000464,-0.001847,15302677.0,15302677.0,14302677.0,14.302677,0,0.5284,0.35,3626
2025-07-15,0.002349,0.002316,-3.2e-05,0.002316,15338615.0,15338615.0,14338615.0,14.338615,1,0.5285,0.35,3627
2025-07-16,0.0018,-0.000288,-0.002089,-0.000288,15366232.0,15366232.0,14366232.0,14.366232,1,0.5287,0.4,3628
2025-07-17,-0.002559,0.005442,0.008001,0.005442,15326907.0,15326907.0,14326907.0,14.326907,0,0.5285,0.35,3629
2025-07-18,0.000413,-0.0099,-0.010313,-0.0099,15333236.0,15333236.0,14333236.0,14.333236,1,0.5287,0.4,3630
2025-07-22,0.004726,0.006252,0.001526,0.006252,15405708.0,15405708.0,14405708.0,14.405708,1,0.5288,0.45,3631
2025-07-23,-0.000635,0.026093,0.026729,0.026093,15395921.0,15395921.0,14395921.0,14.395921,0,0.5286,0.45,3632
2025-07-24,-0.002285,0.005438,0.007723,0.005438,15360741.0,15360741.0,14360741.0,14.360741,0,0.5285,0.4,3633
2025-07-25,0.012585,0.002165,-0.01042,0.002165,15554056.0,15554056.0,14554056.0,14.554056,1,0.5286,0.45,3634
2025-07-28,-0.013987,-0.010124,0.003862,-0.010124,15336505.0,15336505.0,14336505.0,14.336505,0,0.5285,0.45,3635
2025-07-29,0.004694,0.008573,0.003879,0.008573,15408495.0,15408495.0,14408495.0,14.408495,1,0.5286,0.5,3636
2025-07-30,-0.013759,0.001319,0.015078,0.001319,15196485.0,15196485.0,14196485.0,14.196485,0,0.5285,0.5,3637
2025-07-31,-0.009831,-0.007111,0.00272,-0.007111,15047093.0,15047093.0,14047093.0,14.047093,0,0.5283,0.45,3638
2025-08-01,0.01958,0.021725,0.002145,0.021725,15341715.0,15341715.0,14341715.0,14.341715,1,0.5284,0.45,3639
2025-08-04,-0.013391,0.006062,0.019453,0.006062,15136273.0,15136273.0,14136273.0,14.136273,0,0.5283,0.4,3640
2025-08-05,0.008449,0.012678,0.004229,0.012678,15264153.0,15264153.0,14264153.0,14.264153,1,0.5284,0.45,3641
2025-08-06,0.012254,0.013911,0.001657,0.013911,15451203.0,15451203.0,14451203.0,14.451203,1,0.5286,0.5,3642
2025-08-07,0.000137,0.010597,0.01046,0.010597,15453320.0,15453320.0,14453320.0,14.45332,1,0.5287,0.5,3643
2025-08-08,-0.015991,-0.00707,0.008922,-0.00707,15206202.0,15206202.0,14206202.0,14.206202,0,0.5285,0.5,3644
2025-08-12,0.006786,0.003736,-0.00305,0.003736,15309385.0,15309385.0,14309385.0,14.309385,1,0.5287,0.55,3645
2025-08-13,-0.025699,3.2e-05,0.025732,3.2e-05,14915942.0,14915942.0,13915942.0,13.915942,0,0.5285,0.55,3646
2025-08-14,-0.010622,-0.00392,0.006701,-0.00392,14757510.0,14757510.0,13757510.0,13.75751,0,0.5284,0.5,3647
2025-08-15,0.008661,0.014431,0.00577,0.014431,14885323.0,14885323.0,13885323.0,13.885323,1,0.5285,0.5,3648
2025-08-18,-0.005922,-0.002581,0.003341,-0.002581,14797175.0,14797175.0,13797175.0,13.797175,0,0.5284,0.5,3649
2025-08-19,0.012147,0.012233,8.7e-05,0.012233,14976914.0,14976914.0,13976914.0,13.976914,1,0.5285,0.5,3650
2025-08-20,0.000269,-0.001652,-0.001922,-0.001652,14980950.0,14980950.0,13980950.0,13.98095,1,0.5286,0.5,3651
2025-08-21,0.01594,-0.001836,-0.017777,-0.001836,15219748.0,15219748.0,14219748.0,14.219748,1,0.5288,0.55,3652
2025-08-22,0.007221,0.004664,-0.002557,0.004664,15329645.0,15329645.0,14329645.0,14.329645,1,0.5289,0.6,3653
2025-08-25,-0.006472,-0.001523,0.004949,-0.001523,15230432.0,15230432.0,14230432.0,14.230432,0,0.5287,0.55,3654
2025-08-26,0.010293,-0.002893,-0.013186,-0.002893,15387198.0,15387198.0,14387198.0,14.387198,1,0.5289,0.6,3655
2025-08-27,-0.014895,-0.009374,0.005521,-0.009374,15158008.0,15158008.0,14158008.0,14.158008,0,0.5287,0.55,3656
2025-08-28,0.011333,0.01309,0.001756,0.01309,15329799.0,15329799.0,14329799.0,14.329799,1,0.5288,0.6,3657
2025-08-29,-0.003599,-0.00186,0.001739,-0.00186,15274620.0,15274620.0,14274620.0,14.27462,0,0.5287,0.6,3658
2025-09-02,0.014109,0.020058,0.005949,0.020058,15490123.0,15490123.0,14490123.0,14.490123,1,0.5288,0.6,3659
2025-09-03,0.014338,-0.001262,-0.015599,-0.001262,15712218.0,15712218.0,14712218.0,14.712218,1,0.529,0.65,3660
2025-09-04,0.006319,0.013424,0.007105,0.013424,15811501.0,15811501.0,14811501.0,14.811501,1,0.5291,0.65,3661
2025-09-05,0.001175,0.002164,0.000989,0.002164,15830074.0,15830074.0,14830074.0,14.830074,1,0.5292,0.65,3662
2025-09-08,-0.013076,-0.008772,0.004304,-0.008772,15623079.0,15623079.0,14623079.0,14.623079,0,0.5291,0.6,3663
2025-09-09,-0.006678,-0.008462,-0.001784,-0.008462,15518754.0,15518754.0,14518754.0,14.518754,0,0.5289,0.6,3664
2025-09-10,-0.007568,0.000157,0.007725,0.000157,15401315.0,15401315.0,14401315.0,14.401315,0,0.5288,0.55,3665
2025-09-11,0.003809,0.007852,0.004043,0.007852,15459983.0,15459983.0,14459983.0,14.459983,1,0.5289,0.6,3666
2025-09-12,0.000365,-0.009868,-0.010232,-0.009868,15465622.0,15465622.0,14465622.0,14.465622,1,0.529,0.65,3667
2025-09-16,0.012148,0.012078,-7e-05,0.012078,15653502.0,15653502.0,14653502.0,14.653502,1,0.5292,0.65,3668
2025-09-17,-0.001879,-0.006389,-0.00451,-0.006389,15624088.0,15624088.0,14624088.0,14.624088,0,0.529,0.65,3669
2025-09-18,0.005226,8.5e-05,-0.005141,8.5e-05,15705735.0,15705735.0,14705735.0,14.705735,1,0.5292,0.65,3670
2025-09-19,-0.003558,-0.002876,0.000682,-0.002876,15649855.0,15649855.0,14649855.0,14.649855,0,0.529,0.6,3671
2025-09-22,-0.003724,0.006886,0.01061,0.006886,15591573.0,15591573.0,14591573.0,14.591573,0,0.5289,0.55,3672
2025-09-24,-0.007834,-0.009324,-0.00149,-0.009324,15469432.0,15469432.0,14469432.0,14.469432,0,0.5287,0.5,3673
2025-09-25,-0.006606,-0.004887,0.001719,-0.004887,15367248.0,15367248.0,14367248.0,14.367248,0,0.5286,0.5,3674
2025-09-26,-0.006699,0.005301,0.012,0.005301,15264309.0,15264309.0,14264309.0,14.264309,0,0.5284,0.45,3675
2025-09-29,-0.000875,-0.005209,-0.004334,-0.005209,15250958.0,15250958.0,14250958.0,14.250958,0,0.5283,0.45,3676
2025-09-30,-0.00417,0.000119,0.004289,0.000119,15187363.0,15187363.0,14187363.0,14.187363,0,0.5281,0.4,3677
2025-10-01,-0.007872,-0.016135,-0.008263,-0.016135,15067801.0,15067801.0,14067801.0,14.067801,0,0.528,0.4,3678
2025-10-02,-0.004008,-0.002876,0.001133,-0.002876,15007407.0,15007407.0,14007407.0,14.007407,0,0.5279,0.35,3679
2025-10-03,-0.022812,0.011429,0.034241,0.011429,14665064.0,14665064.0,13665064.0,13.665064,0,0.5277,0.3,3680
2025-10-06,-0.002966,-0.010436,-0.007471,-0.010436,14621572.0,14621572.0,13621572.0,13.621572,0,0.5276,0.25,3681
2025-10-07,-0.004662,-0.002282,0.00238,-0.002282,14553411.0,14553411.0,13553411.0,13.553411,0,0.5274,0.2,3682
2025-10-08,0.005496,0.005023,-0.000473,0.005023,14633391.0,14633391.0,13633391.0,13.633391,1,0.5276,0.25,3683
2025-10-09,-0.00588,0.005513,0.011394,0.005513,14547344.0,14547344.0,13547344.0,13.547344,0,0.5274,0.25,3684
2025-10-10,0.012549,-0.004323,-0.016872,-0.004323,14729895.0,14729895.0,13729895.0,13.729895,1,0.5275,0.3,3685
2025-10-14,0.002156,-0.001053,-0.003209,-0.001053,14761649.0,14761649.0,13761649.0,13.761649,1,0.5277,0.3,3686
2025-10-15,0.00275,0.01322,0.01047,0.01322,14802244.0,14802244.0,13802244.0,13.802244,1,0.5278,0.3,3687
2025-10-16,0.009194,0.008588,-0.000606,0.008588,14938341.0,14938341.0,13938341.0,13.938341,1,0.5279,0.3,3688
2025-10-17,-0.000809,-0.004507,-0.003699,-0.004507,14926259.0,14926259.0,13926259.0,13.926259,0,0.5278,0.3,3689
2025-10-20,0.003262,0.004596,0.001334,0.004596,14974954.0,14974954.0,13974954.0,13.974954,1,0.5279,0.3,3690
2025-10-21,-0.017328,-0.005853,0.011475,-0.005853,14715469.0,14715469.0,13715469.0,13.715469,0,0.5278,0.3,3691
2025-10-22,0.010882,0.010393,-0.000489,0.010393,14875596.0,14875596.0,13875596.0,13.875596,1,0.5279,0.35,3692
2025-10-23,0.006545,0.006133,-0.000412,0.006133,14972954.0,14972954.0,13972954.0,13.972954,1,0.528,0.4,3693
2025-10-24,0.004688,-0.000235,-0.004923,-0.000235,15043150.0,15043150.0,14043150.0,14.04315,1,0.5282,0.45,3694
2025-10-27,-0.005176,0.001323,0.006499,0.001323,14965288.0,14965288.0,13965288.0,13.965288,0,0.528,0.45,3695
2025-10-28,-0.00332,-0.015231,-0.011911,-0.015231,14915603.0,14915603.0,13915603.0,13.915603,0,0.5279,0.45,3696
2025-10-29,-0.00966,-0.019944,-0.010283,-0.019944,14771513.0,14771513.0,13771513.0,13.771513,0,0.5277,0.45,3697
2025-10-30,-0.006453,0.010939,0.017392,0.010939,14676190.0,14676190.0,13676190.0,13.67619,0,0.5276,0.45,3698
2025-10-31,-0.023672,-0.015874,0.007797,-0.015874,14328781.0,14328781.0,13328781.0,13.328781,0,0.5274,0.45,3699
2025-11-04,-0.00949,-0.001968,0.007521,-0.001968,14192806.0,14192806.0,13192806.0,13.192806,0,0.5273,0.45,3700
2025-11-05,-0.010052,0.012018,0.022069,0.012018,14050143.0,14050143.0,13050143.0,13.050143,0,0.5272,0.45,3701
2025-11-06,0.016311,0.009388,-0.006924,0.009388,14279319.0,14279319.0,13279319.0,13.279319,1,0.5273,0.5,3702
2025-11-07,-0.000797,0.002607,0.003404,0.002607,14267941.0,14267941.0,13267941.0,13.267941,0,0.5271,0.45,3703
2025-11-10,0.004126,0.004179,5.3e-05,0.004179,14326807.0,14326807.0,13326807.0,13.326807,1,0.5273,0.5,3704
2025-11-11,0.00813,-0.004973,-0.013104,-0.004973,14443291.0,14443291.0,13443291.0,13.443291,1,0.5274,0.5,3705
2025-11-12,0.004041,0.010078,0.006037,0.010078,14501657.0,14501657.0,13501657.0,13.501657,1,0.5275,0.5,3706
2025-11-13,0.009258,0.022827,0.013569,0.022827,14635915.0,14635915.0,13635915.0,13.635915,1,0.5277,0.5,3707
2025-11-14,0.020695,0.006555,-0.01414,0.006555,14938803.0,14938803.0,13938803.0,13.938803,1,0.5278,0.5,3708
2025-11-17,0.008657,0.000145,-0.008512,0.000145,15068129.0,15068129.0,14068129.0,14.068129,1,0.5279,0.55,3709
2025-11-18,0.008683,-0.014376,-0.023059,-0.014376,15198968.0,15198968.0,14198968.0,14.198968,1,0.528,0.55,3710
2025-11-19,0.029515,0.00644,-0.023076,0.00644,15647568.0,15647568.0,14647568.0,14.647568,1,0.5282,0.6,3711
2025-11-20,0.017412,0.0033,-0.014113,0.0033,15920030.0,15920030.0,14920030.0,14.92003,1,0.5283,0.6,3712
2025-11-21,-0.008664,-0.000266,0.008399,-0.000266,15782092.0,15782092.0,14782092.0,14.782092,0,0.5281,0.55,3713
2025-11-25,0.0249,-0.004987,-0.029887,-0.004987,16175059.0,16175059.0,15175059.0,15.175059,1,0.5283,0.55,3714
2025-11-26,0.006565,0.018149,0.011584,0.018149,16281245.0,16281245.0,15281245.0,15.281245,1,0.5284,0.6,3715
2025-11-28,-0.008756,-0.002294,0.006463,-0.002294,16138680.0,16138680.0,15138680.0,15.13868,0,0.5283,0.6,3716
2025-12-01,0.025506,-0.014836,-0.040342,-0.014836,16550309.0,16550309.0,15550309.0,15.550309,1,0.5284,0.65,3717
2025-12-02,0.001638,0.004945,0.003307,0.004945,16577426.0,16577426.0,15577426.0,15.577426,1,0.5285,0.7,3718
2025-12-03,-0.002784,-0.010517,-0.007734,-0.010517,16531279.0,16531279.0,15531279.0,15.531279,0,0.5284,0.7,3719
2025-12-04,-0.00117,0.005809,0.006979,0.005809,16511944.0,16511944.0,15511944.0,15.511944,0,0.5282,0.7,3720
2025-12-05,0.008742,-0.002909,-0.011651,-0.002909,16656291.0,16656291.0,15656291.0,15.656291,1,0.5284,0.75,3721
2025-12-08,0.014494,0.005166,-0.009329,0.005166,16897709.0,16897709.0,15897709.0,15.897709,1,0.5285,0.75,3722
2025-12-09,0.004398,0.002601,-0.001797,0.002601,16972022.0,16972022.0,15972022.0,15.972022,1,0.5286,0.8,3723
2025-12-10,-0.001014,0.008285,0.009299,0.008285,16954812.0,16954812.0,15954812.0,15.954812,0,0.5285,0.75,3724
2025-12-11,-0.001271,-0.016094,-0.014823,-0.016094,16933259.0,16933259.0,15933259.0,15.933259,0,0.5283,0.7,3725
2025-12-12,0.014395,0.016236,0.001841,0.016236,17177009.0,17177009.0,16177009.0,16.177009,1,0.5284,0.7,3726
2025-12-15,0.015472,0.009664,-0.005808,0.009664,17442769.0,17442769.0,16442769.0,16.442769,1,0.5286,0.7,3727
2025-12-16,0.004237,-0.007421,-0.011657,-0.007421,17516668.0,17516668.0,16516668.0,16.516668,1,0.5287,0.7,3728
2025-12-17,-0.00125,-0.00573,-0.00448,-0.00573,17494773.0,17494773.0,16494773.0,16.494773,0,0.5286,0.65,3729
2025-12-18,-0.017431,-0.005138,0.012293,-0.005138,17189822.0,17189822.0,16189822.0,16.189822,0,0.5284,0.6,3730
2025-12-19,-0.012469,0.001248,0.013717,0.001248,16975482.0,16975482.0,15975482.0,15.975482,0,0.5283,0.55,3731
2025-12-22,-0.005186,-0.010101,-0.004915,-0.010101,16887450.0,16887450.0,15887450.0,15.88745,0,0.5281,0.5,3732
2025-12-23,-0.00141,0.002193,0.003604,0.002193,16863636.0,16863636.0,15863636.0,15.863636,0,0.528,0.5,3733
2025-12-24,0.002466,-0.006027,-0.008493,-0.006027,16905222.0,16905222.0,15905222.0,15.905222,1,0.5281,0.5,3734
2025-12-26,0.006993,0.00222,-0.004772,0.00222,17023433.0,17023433.0,16023433.0,16.023433,1,0.5282,0.5,3735
2025-12-29,0.00327,0.006907,0.003637,0.006907,17079103.0,17079103.0,16079103.0,16.079103,1,0.5284,0.55,3736
2025-12-30,0.013382,0.000368,-0.013013,0.000368,17307651.0,17307651.0,16307651.0,16.307651,1,0.5285,0.55,3737
2026-01-05,-0.023016,0.00537,0.028386,0.00537,16909303.0,16909303.0,15909303.0,15.909303,0,0.5284,0.5,3738
2026-01-06,0.003289,0.023974,0.020685,0.023974,16964917.0,16964917.0,15964917.0,15.964917,1,0.5285,0.55,3739
2026-01-07,0.006097,0.004363,-0.001734,0.004363,17068356.0,17068356.0,16068356.0,16.068356,1,0.5286,0.6,3740
2026-01-08,0.020752,0.018778,-0.001973,0.018778,17422555.0,17422555.0,16422555.0,16.422555,1,0.5287,0.6,3741
2026-01-09,0.001919,-0.000419,-0.002339,-0.000419,17455993.0,17455993.0,16455993.0,16.455993,1,0.5289,0.6,3742
2026-01-13,-0.003126,0.00589,0.009016,0.00589,17401425.0,17401425.0,16401425.0,16.401425,0,0.5287,0.55,3743
2026-01-14,0.001065,0.005868,0.004803,0.005868,17419955.0,17419955.0,16419955.0,16.419955,1,0.5288,0.6,3744
2026-01-15,0.012819,0.012154,-0.000665,0.012154,17643266.0,17643266.0,16643266.0,16.643266,1,0.529,0.65,3745
2026-01-16,-0.007424,0.003094,0.010518,0.003094,17512281.0,17512281.0,16512281.0,16.512281,0,0.5288,0.6,3746
2026-01-20,-0.006505,-0.00667,-0.000165,-0.00667,17398367.0,17398367.0,16398367.0,16.398367,0,0.5287,0.55,3747
2026-01-21,0.008361,0.018057,0.009695,0.018057,17543842.0,17543842.0,16543842.0,16.543842,1,0.5288,0.55,3748
2026-01-22,0.006564,-0.00185,-0.008414,-0.00185,17658999.0,17658999.0,16658999.0,16.658999,1,0.5289,0.6,3749
2026-01-23,-0.008828,0.001041,0.009869,0.001041,17503099.0,17503099.0,16503099.0,16.503099,0,0.5288,0.6,3750
2026-01-26,-0.00728,-0.007491,-0.00021,-0.007491,17375670.0,17375670.0,16375670.0,16.37567,0,0.5287,0.6,3751
2026-01-27,-0.034986,-0.026366,0.00862,-0.026366,16767757.0,16767757.0,15767757.0,15.767757,0,0.5285,0.6,3752
2026-01-28,-0.027836,-0.028034,-0.000198,-0.028034,16301014.0,16301014.0,15301014.0,15.301014,0,0.5284,0.6,3753
2026-01-29,-0.008017,0.004568,0.012585,0.004568,16170336.0,16170336.0,15170336.0,15.170336,0,0.5282,0.55,3754
2026-01-30,0.000648,-0.001346,-0.001994,-0.001346,16180817.0,16180817.0,15180817.0,15.180817,1,0.5284,0.55,3755
2026-02-02,0.026321,-0.007862,-0.034182,-0.007862,16606709.0,16606709.0,15606709.0,15.606709,1,0.5285,0.55,3756
2026-02-03,-0.000767,0.017772,0.018539,0.017772,16593969.0,16593969.0,15593969.0,15.593969,0,0.5283,0.5,3757
2026-02-04,-0.00015,-0.000119,3.1e-05,-0.000119,16591477.0,16591477.0,15591477.0,15.591477,0,0.5282,0.5,3758
2026-02-05,0.017991,0.001667,-0.016324,0.001667,16889981.0,16889981.0,15889981.0,15.889981,1,0.5283,0.5,3759
2026-02-06,-0.030287,-0.001619,0.028668,-0.001619,16378439.0,16378439.0,15378439.0,15.378439,0,0.5282,0.45,3760
2026-02-09,-0.002052,-0.008029,-0.005977,-0.008029,16344830.0,16344830.0,15344830.0,15.34483,0,0.5281,0.4,3761
2026-02-10,0.023275,0.015353,-0.007922,0.015353,16725248.0,16725248.0,15725248.0,15.725248,1,0.5282,0.4,3762
2026-02-12,0.033821,0.000658,-0.033163,0.000658,17290910.0,17290910.0,16290910.0,16.29091,1,0.5283,0.45,3763
2026-02-13,0.000861,-0.013073,-0.013934,-0.013073,17305797.0,17305797.0,16305797.0,16.305797,1,0.5284,0.45,3764
2026-02-17,0.002138,-0.009684,-0.011823,-0.009684,17342804.0,17342804.0,16342804.0,16.342804,1,0.5286,0.45,3765
2026-02-18,-0.008676,-0.001168,0.007508,-0.001168,17192331.0,17192331.0,16192331.0,16.192331,0,0.5284,0.45,3766
2026-02-19,0.002078,0.001119,-0.000959,0.001119,17228051.0,17228051.0,16228051.0,16.228051,1,0.5285,0.5,3767
2026-02-20,0.008439,-0.005794,-0.014233,-0.005794,17373435.0,17373435.0,16373435.0,16.373435,1,0.5287,0.5,3768
2026-02-24,0.010721,-0.002516,-0.013237,-0.002516,17559696.0,17559696.0,16559696.0,16.559696,1,0.5288,0.5,3769
2026-02-25,0.006283,0.001052,-0.005231,0.001052,17670024.0,17670024.0,16670024.0,16.670024,1,0.5289,0.55,3770
2026-02-26,0.016355,0.006056,-0.010299,0.006056,17959023.0,17959023.0,16959023.0,16.959023,1,0.529,0.6,3771
2026-02-27,0.003948,0.027538,0.023589,0.027538,18029933.0,18029933.0,17029933.0,17.029933,1,0.5292,0.65,3772
2026-03-02,-0.016056,-0.001377,0.014679,-0.001377,17740450.0,17740450.0,16740450.0,16.74045,0,0.529,0.65,3773
2026-03-03,-0.01472,-0.037012,-0.022292,-0.037012,17479311.0,17479311.0,16479311.0,16.479311,0,0.5289,0.65,3774
2026-03-04,-0.009466,-0.002195,0.007271,-0.002195,17313850.0,17313850.0,16313850.0,16.31385,0,0.5287,0.6,3775
2026-03-05,-0.025484,-0.017918,0.007567,-0.017918,16872617.0,16872617.0,15872617.0,15.872617,0,0.5286,0.55,3776
2026-03-06,-0.002837,0.012793,0.01563,0.012793,16824746.0,16824746.0,15824746.0,15.824746,0,0.5285,0.55,3777
2026-03-09,0.02092,0.023022,0.002102,0.023022,17176721.0,17176721.0,16176721.0,16.176721,1,0.5286,0.6,3778
2026-03-10,-0.023679,-0.009679,0.014,-0.009679,16769992.0,16769992.0,15769992.0,15.769992,0,0.5284,0.55,3779
2026-03-11,0.017513,0.006346,-0.011167,0.006346,17063692.0,17063692.0,16063692.0,16.063692,1,0.5286,0.6,3780
2026-03-12,-0.02761,-0.015988,0.011622,-0.015988,16592570.0,16592570.0,15592570.0,15.59257,0,0.5284,0.6,3781
2026-03-13,0.002564,0.013855,0.011291,0.013855,16635111.0,16635111.0,15635111.0,15.635111,1,0.5286,0.6,3782
2026-03-16,0.00736,-0.004633,-0.011993,-0.004633,16757542.0,16757542.0,15757542.0,15.757542,1,0.5287,0.6,3783
2026-03-17,0.009436,0.003199,-0.006238,0.003199,16915667.0,16915667.0,15915667.0,15.915667,1,0.5288,0.6,3784
2026-03-18,0.007227,0.022116,0.01489,0.022116,17037914.0,17037914.0,16037914.0,16.037914,1,0.5289,0.6,3785
2026-03-19,0.007094,-0.016894,-0.023988,-0.016894,17158784.0,17158784.0,16158784.0,16.158784,1,0.5291,0.65,3786
2026-03-23,0.017333,0.002761,-0.014572,0.002761,17456191.0,17456191.0,16456191.0,16.456191,1,0.5292,0.65,3787
2026-03-24,-0.000329,0.002752,0.003081,0.002752,17450447.0,17450447.0,16450447.0,16.450447,0,0.529,0.6,3788
2026-03-25,-0.011861,-0.011239,0.000622,-0.011239,17243462.0,17243462.0,16243462.0,16.243462,0,0.5289,0.55,3789
2026-03-26,-0.001736,-0.005155,-0.003418,-0.005155,17213520.0,17213520.0,16213520.0,16.21352,0,0.5288,0.5,3790
2026-03-27,0.015478,0.021505,0.006026,0.021505,17479957.0,17479957.0,16479957.0,16.479957,1,0.5289,0.5,3791
2026-03-30,-0.015411,0.017407,0.032817,0.017407,17210578.0,17210578.0,16210578.0,16.210578,0,0.5287,0.45,3792
