date,strategy_return,long_return,short_return,long_only_return,capital,capital_long_only,pnl,pnl_pct,is_correct,win_rate_total,win_rate_20d,total_days
2021-04-20,-0.000735,-0.009503,-0.008768,-0.009503,999265.0,990497.0,-735.0,-0.000735,0,0.0,0.0,1
2021-04-21,0.004149,-0.001815,-0.005964,-0.001815,1003410.0,988699.0,3410.0,0.00341,1,0.5,0.5,2
2021-04-22,-0.00598,-0.0015,0.00448,-0.0015,997410.0,987216.0,-2590.0,-0.00259,0,0.3333,0.3333,3
2021-04-23,0.003364,0.003828,0.000464,0.003828,1000765.0,990995.0,765.0,0.000765,1,0.5,0.5,4
2021-04-26,0.001845,-0.00215,-0.003995,-0.00215,1002611.0,988864.0,2611.0,0.002611,1,0.6,0.6,5
2021-04-27,0.011998,0.001902,-0.010096,0.001902,1014641.0,990745.0,14641.0,0.014641,1,0.6667,0.6667,6
2021-04-28,0.006097,0.00736,0.001263,0.00736,1020827.0,998037.0,20827.0,0.020827,1,0.7143,0.7143,7
2021-04-30,-0.004641,-0.00778,-0.003139,-0.00778,1016090.0,990273.0,16090.0,0.01609,0,0.625,0.625,8
2021-05-06,-0.001519,0.007592,0.009111,0.007592,1014546.0,997791.0,14546.0,0.014546,0,0.5556,0.5556,9
2021-05-07,0.005723,0.000564,-0.005158,0.000564,1020352.0,998354.0,20352.0,0.020352,1,0.6,0.6,10
2021-05-10,0.004009,0.008696,0.004687,0.008696,1024443.0,1007035.0,24443.0,0.024443,1,0.6364,0.6364,11
2021-05-11,0.009334,-0.003845,-0.013179,-0.003845,1034004.0,1003163.0,34004.0,0.034004,1,0.6667,0.6667,12
2021-05-12,0.021179,-0.004312,-0.025491,-0.004312,1055904.0,998838.0,55904.0,0.055904,1,0.6923,0.6923,13
2021-05-13,-0.001791,-0.002702,-0.000911,-0.002702,1054013.0,996140.0,54013.0,0.054013,0,0.6429,0.6429,14
2021-05-14,0.011351,0.003414,-0.007937,0.003414,1065977.0,999541.0,65977.0,0.065977,1,0.6667,0.6667,15
2021-05-17,-0.010811,-0.011122,-0.000311,-0.011122,1054452.0,988424.0,54452.0,0.054452,0,0.625,0.625,16
2021-05-18,0.009552,0.010032,0.00048,0.010032,1064524.0,998339.0,64524.0,0.064524,1,0.6471,0.6471,17
2021-05-19,0.00454,0.000322,-0.004218,0.000322,1069357.0,998661.0,69357.0,0.069357,1,0.6667,0.6667,18
2021-05-20,-0.003257,-0.000929,0.002329,-0.000929,1065874.0,997733.0,65874.0,0.065874,0,0.6316,0.6316,19
2021-05-21,0.01063,-0.006204,-0.016834,-0.006204,1077205.0,991543.0,77205.0,0.077205,1,0.65,0.65,20
2021-05-24,0.007663,0.009095,0.001432,0.009095,1085460.0,1000562.0,85460.0,0.08546,1,0.6667,0.7,21
2021-05-25,-0.003071,-0.002365,0.000706,-0.002365,1082126.0,998195.0,82126.0,0.082126,0,0.6364,0.65,22
2021-05-26,-0.001941,0.001402,0.003344,0.001402,1080025.0,999595.0,80025.0,0.080025,0,0.6087,0.65,23
2021-05-27,-0.007193,-0.006728,0.000465,-0.006728,1072257.0,992870.0,72257.0,0.072257,0,0.5833,0.6,24
2021-05-28,0.003279,0.007516,0.004237,0.007516,1075773.0,1000332.0,75773.0,0.075773,1,0.6,0.6,25
2021-06-01,-0.009411,-0.00962,-0.000209,-0.00962,1065648.0,990709.0,65648.0,0.065648,0,0.5769,0.55,26
2021-06-02,0.00306,0.002579,-0.000482,0.002579,1068909.0,993264.0,68909.0,0.068909,1,0.5926,0.55,27
2021-06-03,-0.001518,0.005995,0.007513,0.005995,1067287.0,999219.0,67287.0,0.067287,0,0.5714,0.55,28
2021-06-04,-0.008386,-0.000799,0.007586,-0.000799,1058337.0,998420.0,58337.0,0.058337,0,0.5517,0.55,29
2021-06-07,0.004896,-0.004481,-0.009377,-0.004481,1063519.0,993946.0,63519.0,0.063519,1,0.5667,0.55,30
2021-06-08,0.018894,0.020241,0.001347,0.020241,1083613.0,1014065.0,83613.0,0.083613,1,0.5806,0.55,31
2021-06-09,-0.000788,-0.004154,-0.003366,-0.004154,1082759.0,1009853.0,82759.0,0.082759,0,0.5625,0.5,32
2021-06-10,-0.004153,-0.005277,-0.001124,-0.005277,1078263.0,1004524.0,78263.0,0.078263,0,0.5455,0.45,33
2021-06-11,0.002914,-0.001108,-0.004021,-0.001108,1081405.0,1003412.0,81405.0,0.081405,1,0.5588,0.5,34
2021-06-14,0.004689,-0.001337,-0.006026,-0.001337,1086476.0,1002070.0,86476.0,0.086476,1,0.5714,0.5,35
2021-06-15,-0.001716,0.007244,0.008961,0.007244,1084611.0,1009329.0,84611.0,0.084611,0,0.5556,0.5,36
2021-06-16,0.006719,0.004764,-0.001955,0.004764,1091898.0,1014138.0,91898.0,0.091898,1,0.5676,0.5,37
2021-06-17,0.000289,-0.007048,-0.007338,-0.007048,1092215.0,1006990.0,92215.0,0.092215,1,0.5789,0.5,38
2021-06-18,0.009522,-0.00141,-0.010932,-0.00141,1102615.0,1005570.0,102615.0,0.102615,1,0.5897,0.55,39
2021-06-21,0.005049,-0.000464,-0.005513,-0.000464,1108182.0,1005104.0,108182.0,0.108182,1,0.6,0.55,40
2021-06-22,0.001049,0.011408,0.010359,0.011408,1109344.0,1016570.0,109344.0,0.109344,1,0.6098,0.55,41
2021-06-23,0.005084,0.001961,-0.003123,0.001961,1114984.0,1018564.0,114984.0,0.114984,1,0.619,0.6,42
2021-06-24,0.003034,0.004679,0.001645,0.004679,1118367.0,1023330.0,118367.0,0.118367,1,0.6279,0.65,43
2021-06-25,0.00098,0.002079,0.001099,0.002079,1119463.0,1025458.0,119463.0,0.119463,1,0.6364,0.7,44
2021-06-28,0.001815,0.000564,-0.001251,0.000564,1121495.0,1026036.0,121495.0,0.121495,1,0.6444,0.7,45
2021-06-29,0.00432,0.000663,-0.003656,0.000663,1126339.0,1026716.0,126339.0,0.126339,1,0.6522,0.75,46
2021-06-30,-0.001646,-0.00611,-0.004464,-0.00611,1124485.0,1020443.0,124485.0,0.124485,0,0.6383,0.7,47
2021-07-01,0.002784,-0.003488,-0.006272,-0.003488,1127615.0,1016884.0,127615.0,0.127615,1,0.6458,0.75,48
2021-07-02,0.00631,0.006299,-1.1e-05,0.006299,1134730.0,1023289.0,134730.0,0.13473,1,0.6531,0.8,49
2021-07-06,-0.009652,-0.005696,0.003956,-0.005696,1123778.0,1017460.0,123778.0,0.123778,0,0.64,0.75,50
2021-07-07,0.009604,-0.000339,-0.009943,-0.000339,1134570.0,1017115.0,134570.0,0.13457,1,0.6471,0.75,51
2021-07-08,-0.002965,-0.007678,-0.004713,-0.007678,1131207.0,1009306.0,131207.0,0.131207,0,0.6346,0.75,52
2021-07-09,-0.007293,0.007309,0.014601,0.007309,1122957.0,1016683.0,122957.0,0.122957,0,0.6226,0.75,53
2021-07-12,-0.002437,0.000174,0.002612,0.000174,1120220.0,1016860.0,120220.0,0.12022,0,0.6111,0.7,54
2021-07-13,0.001348,0.006644,0.005296,0.006644,1121730.0,1023616.0,121730.0,0.12173,1,0.6182,0.7,55
2021-07-14,0.002903,0.004011,0.001108,0.004011,1124987.0,1027721.0,124987.0,0.124987,1,0.625,0.75,56
2021-07-15,-0.005533,-0.009113,-0.003579,-0.009113,1118761.0,1018356.0,118761.0,0.118761,0,0.614,0.7,57
2021-07-16,-0.001727,-0.001387,0.000339,-0.001387,1116830.0,1016944.0,116830.0,0.11683,0,0.6034,0.65,58
2021-07-19,0.002837,-0.001568,-0.004405,-0.001568,1119998.0,1015349.0,119998.0,0.119998,1,0.6102,0.65,59
2021-07-20,0.005767,0.003476,-0.002292,0.003476,1126458.0,1018878.0,126458.0,0.126458,1,0.6167,0.65,60
2021-07-21,-0.009549,-0.011503,-0.001954,-0.011503,1115701.0,1007158.0,115701.0,0.115701,0,0.6066,0.6,61
2021-07-26,0.001406,-0.004646,-0.006051,-0.004646,1117269.0,1002480.0,117269.0,0.117269,1,0.6129,0.6,62
2021-07-27,0.005776,0.003465,-0.002311,0.003465,1123723.0,1005953.0,123723.0,0.123723,1,0.619,0.6,63
2021-07-28,-0.000515,0.001424,0.001939,0.001424,1123145.0,1007385.0,123145.0,0.123145,0,0.6094,0.55,64
2021-07-29,0.008139,-0.001452,-0.009592,-0.001452,1132286.0,1005922.0,132286.0,0.132286,1,0.6154,0.55,65
2021-07-30,0.002647,-0.007761,-0.010409,-0.007761,1135284.0,998115.0,135284.0,0.135284,1,0.6212,0.55,66
2021-08-02,-0.011747,0.0053,0.017047,0.0053,1121948.0,1003405.0,121948.0,0.121948,0,0.6119,0.55,67
2021-08-03,-0.005964,-0.002325,0.003638,-0.002325,1115257.0,1001072.0,115257.0,0.115257,0,0.6029,0.5,68
2021-08-04,0.002277,-0.00367,-0.005947,-0.00367,1117796.0,997397.0,117796.0,0.117796,1,0.6087,0.5,69
2021-08-05,-0.000625,0.004066,0.004692,0.004066,1117097.0,1001453.0,117097.0,0.117097,0,0.6,0.5,70
2021-08-06,0.005518,0.006311,0.000794,0.006311,1123261.0,1007774.0,123261.0,0.123261,1,0.6056,0.5,71
2021-08-10,-0.010092,-0.00277,0.007322,-0.00277,1111925.0,1004982.0,111925.0,0.111925,0,0.5972,0.5,72
2021-08-11,0.003582,0.003984,0.000402,0.003984,1115908.0,1008986.0,115908.0,0.115908,1,0.6027,0.55,73
2021-08-12,0.002552,-0.002037,-0.00459,-0.002037,1118756.0,1006931.0,118756.0,0.118756,1,0.6081,0.6,74
2021-08-13,0.004912,-0.000556,-0.005469,-0.000556,1124252.0,1006370.0,124252.0,0.124252,1,0.6133,0.6,75
2021-08-16,-9.3e-05,-0.012886,-0.012793,-0.012886,1124148.0,993403.0,124148.0,0.124148,0,0.6053,0.55,76
2021-08-17,0.005491,0.000188,-0.005303,0.000188,1130320.0,993589.0,130320.0,0.13032,1,0.6104,0.6,77
2021-08-18,-0.004074,0.000289,0.004363,0.000289,1125715.0,993876.0,125715.0,0.125715,0,0.6026,0.6,78
2021-08-19,-0.017476,-0.013091,0.004385,-0.013091,1106042.0,980866.0,106042.0,0.106042,0,0.5949,0.55,79
2021-08-20,0.010353,0.004609,-0.005744,0.004609,1117493.0,985386.0,117493.0,0.117493,1,0.6,0.55,80
2021-08-23,-0.001837,0.001249,0.003086,0.001249,1115441.0,986617.0,115441.0,0.115441,0,0.5926,0.55,81
2021-08-24,0.001146,0.001654,0.000509,0.001654,1116718.0,988249.0,116718.0,0.116718,1,0.5976,0.55,82
2021-08-25,-0.001166,-0.002553,-0.001387,-0.002553,1115416.0,985726.0,115416.0,0.115416,0,0.5904,0.5,83
2021-08-26,-0.001515,-0.002386,-0.00087,-0.002386,1113726.0,983375.0,113726.0,0.113726,0,0.5833,0.5,84
2021-08-27,0.001988,-0.002642,-0.00463,-0.002642,1115941.0,980777.0,115941.0,0.115941,1,0.5882,0.5,85
2021-08-30,-0.000297,0.001378,0.001675,0.001378,1115609.0,982128.0,115609.0,0.115609,0,0.5814,0.45,86
2021-08-31,-0.00032,0.00548,0.005801,0.00548,1115252.0,987510.0,115252.0,0.115252,0,0.5747,0.45,87
2021-09-01,0.001188,0.010202,0.009014,0.010202,1116577.0,997585.0,116577.0,0.116577,1,0.5795,0.5,88
2021-09-02,0.001291,-0.000547,-0.001839,-0.000547,1118019.0,997039.0,118019.0,0.118019,1,0.5843,0.5,89
2021-09-03,0.002323,0.012315,0.009992,0.012315,1120616.0,1009317.0,120616.0,0.120616,1,0.5889,0.55,90
2021-09-07,-0.007024,-0.004844,0.00218,-0.004844,1112745.0,1004429.0,112745.0,0.112745,0,0.5824,0.5,91
2021-09-08,0.0039,0.010267,0.006367,0.010267,1117085.0,1014741.0,117085.0,0.117085,1,0.587,0.55,92
2021-09-09,0.010191,0.007646,-0.002545,0.007646,1128469.0,1022499.0,128469.0,0.128469,1,0.5914,0.55,93
2021-09-10,0.009857,0.007992,-0.001864,0.007992,1139592.0,1030672.0,139592.0,0.139592,1,0.5957,0.55,94
2021-09-13,0.005445,0.008993,0.003548,0.008993,1145797.0,1039940.0,145797.0,0.145797,1,0.6,0.55,95
2021-09-14,0.004102,0.002608,-0.001494,0.002608,1150497.0,1042652.0,150497.0,0.150497,1,0.6042,0.6,96
2021-09-15,-0.002442,-0.00371,-0.001267,-0.00371,1147687.0,1038784.0,147687.0,0.147687,0,0.5979,0.55,97
2021-09-16,-0.008161,-0.004988,0.003173,-0.004988,1138321.0,1033603.0,138321.0,0.138321,0,0.5918,0.55,98
2021-09-17,-0.002098,0.000774,0.002872,0.000774,1135932.0,1034402.0,135932.0,0.135932,0,0.5859,0.55,99
2021-09-21,-0.002328,0.006882,0.009209,0.006882,1133288.0,1041521.0,133288.0,0.133288,0,0.58,0.5,100
2021-09-22,-0.004415,-0.006863,-0.002448,-0.006863,1128285.0,1034373.0,128285.0,0.128285,0,0.5743,0.5,101
2021-09-24,0.002837,0.000936,-0.001901,0.000936,1131486.0,1035342.0,131486.0,0.131486,1,0.5784,0.5,102
2021-09-27,0.006943,0.000132,-0.006812,0.000132,1139342.0,1035478.0,139342.0,0.139342,1,0.5825,0.55,103
2021-09-28,0.006748,0.002,-0.004747,0.002,1147030.0,1037549.0,147030.0,0.14703,1,0.5865,0.6,104
2021-09-29,-0.004232,-0.00464,-0.000408,-0.00464,1142176.0,1032735.0,142176.0,0.142176,0,0.581,0.55,105
2021-09-30,0.000772,-0.004791,-0.005563,-0.004791,1143058.0,1027787.0,143058.0,0.143058,1,0.5849,0.6,106
2021-10-01,-0.002084,-0.010457,-0.008373,-0.010457,1140676.0,1017040.0,140676.0,0.140676,0,0.5794,0.6,107
2021-10-04,-0.026783,-0.020086,0.006697,-0.020086,1110125.0,996612.0,110125.0,0.110125,0,0.5741,0.55,108
2021-10-05,0.009342,0.004916,-0.004426,0.004916,1120496.0,1001512.0,120496.0,0.120496,1,0.578,0.55,109
2021-10-06,-0.007415,0.0042,0.011615,0.0042,1112188.0,1005718.0,112188.0,0.112188,0,0.5727,0.5,110
2021-10-07,-0.00198,-0.004069,-0.002089,-0.004069,1109986.0,1001626.0,109986.0,0.109986,0,0.5676,0.5,111
2021-10-08,0.010524,0.002369,-0.008154,0.002369,1121667.0,1003999.0,121667.0,0.121667,1,0.5714,0.5,112
2021-10-11,0.028482,0.022631,-0.005851,0.022631,1153614.0,1026721.0,153614.0,0.153614,1,0.5752,0.5,113
2021-10-12,0.010145,0.002727,-0.007418,0.002727,1165317.0,1029521.0,165317.0,0.165317,1,0.5789,0.5,114
2021-10-13,-0.00317,-0.0076,-0.00443,-0.0076,1161623.0,1021696.0,161623.0,0.161623,0,0.5739,0.45,115
2021-10-14,0.007585,0.000561,-0.007024,0.000561,1170434.0,1022270.0,170434.0,0.170434,1,0.5776,0.45,116
2021-10-15,-0.00803,-2.8e-05,0.008002,-2.8e-05,1161036.0,1022241.0,161036.0,0.161036,0,0.5726,0.45,117
2021-10-18,0.018776,0.003604,-0.015172,0.003604,1182835.0,1025925.0,182835.0,0.182835,1,0.5763,0.5,118
2021-10-19,-0.005108,-0.009278,-0.00417,-0.009278,1176792.0,1016406.0,176792.0,0.176792,0,0.5714,0.5,119
2021-10-20,0.005933,-0.002598,-0.008531,-0.002598,1183775.0,1013766.0,183775.0,0.183775,1,0.575,0.55,120
2021-10-21,-0.00063,-0.010629,-0.009999,-0.010629,1183029.0,1002990.0,183029.0,0.183029,0,0.5702,0.55,121
2021-10-22,-0.005021,-0.00471,0.000311,-0.00471,1177090.0,998266.0,177090.0,0.17709,0,0.5656,0.5,122
2021-10-25,0.011851,0.008234,-0.003617,0.008234,1191040.0,1006486.0,191040.0,0.19104,1,0.5691,0.5,123
2021-10-26,-0.006527,-0.00237,0.004157,-0.00237,1183265.0,1004101.0,183265.0,0.183265,0,0.5645,0.45,124
2021-10-27,-0.005096,-0.007346,-0.00225,-0.007346,1177236.0,996725.0,177236.0,0.177236,0,0.56,0.45,125
2021-10-28,0.005335,-0.000708,-0.006042,-0.000708,1183516.0,996019.0,183516.0,0.183516,1,0.5635,0.45,126
2021-10-29,-0.002036,-0.000165,0.001871,-0.000165,1181107.0,995855.0,181107.0,0.181107,0,0.5591,0.45,127
2021-11-01,-0.001831,0.006464,0.008295,0.006464,1178944.0,1002292.0,178944.0,0.178944,0,0.5547,0.45,128
2021-11-02,-0.002033,-0.010374,-0.008341,-0.010374,1176547.0,991894.0,176547.0,0.176547,0,0.5504,0.4,129
2021-11-04,-0.005767,-0.00308,0.002688,-0.00308,1169762.0,988839.0,169762.0,0.169762,0,0.5462,0.4,130
2021-11-05,0.004581,-0.001202,-0.005783,-0.001202,1175120.0,987651.0,175120.0,0.17512,1,0.5496,0.45,131
2021-11-08,0.008985,-0.003401,-0.012386,-0.003401,1185678.0,984291.0,185678.0,0.185678,1,0.553,0.45,132
2021-11-09,-0.011943,-0.015897,-0.003954,-0.015897,1171518.0,968644.0,171518.0,0.171518,0,0.5489,0.4,133
2021-11-10,-0.000135,-0.003731,-0.003595,-0.003731,1171359.0,965030.0,171359.0,0.171359,0,0.5448,0.35,134
2021-11-11,0.006089,0.004548,-0.001541,0.004548,1178492.0,969420.0,178492.0,0.178492,1,0.5481,0.4,135
2021-11-12,0.000587,0.003323,0.002736,0.003323,1179184.0,972641.0,179184.0,0.179184,1,0.5515,0.4,136
2021-11-15,0.004942,-0.00037,-0.005312,-0.00037,1185011.0,972281.0,185011.0,0.185011,1,0.5547,0.45,137
2021-11-16,0.001558,-0.00195,-0.003508,-0.00195,1186857.0,970385.0,186857.0,0.186857,1,0.558,0.45,138
2021-11-17,-0.000616,-0.007704,-0.007088,-0.007704,1186126.0,962909.0,186126.0,0.186126,0,0.554,0.45,139
2021-11-18,-0.000669,-0.00866,-0.007991,-0.00866,1185332.0,954570.0,185332.0,0.185332,0,0.55,0.4,140
2021-11-19,-0.00633,0.000866,0.007195,0.000866,1177830.0,955396.0,177830.0,0.17783,0,0.5461,0.4,141
2021-11-22,0.003242,0.006179,0.002937,0.006179,1181648.0,961299.0,181648.0,0.181648,1,0.5493,0.45,142
2021-11-24,0.00693,-0.000544,-0.007475,-0.000544,1189837.0,960776.0,189837.0,0.189837,1,0.5524,0.45,143
2021-11-26,-0.005431,-0.015985,-0.010554,-0.015985,1183375.0,945418.0,183375.0,0.183375,0,0.5486,0.45,144
2021-11-29,-0.009541,-0.015711,-0.00617,-0.015711,1172085.0,930565.0,172085.0,0.172085,0,0.5448,0.45,145
2021-11-30,-0.0147,-0.027474,-0.012774,-0.027474,1154855.0,904999.0,154855.0,0.154855,0,0.5411,0.4,146
2021-12-01,0.015633,0.015042,-0.00059,0.015042,1172908.0,918612.0,172908.0,0.172908,1,0.5442,0.45,147
2021-12-02,-0.014404,-0.00874,0.005664,-0.00874,1156013.0,910583.0,156013.0,0.156013,0,0.5405,0.45,148
2021-12-03,0.009985,0.011413,0.001428,0.011413,1167556.0,920975.0,167556.0,0.167556,1,0.5436,0.5,149
2021-12-06,-0.011308,-0.007434,0.003874,-0.007434,1154353.0,914128.0,154353.0,0.154353,0,0.54,0.5,150
2021-12-07,-0.011769,0.008656,0.020425,0.008656,1140768.0,922042.0,140768.0,0.140768,0,0.5364,0.45,151
2021-12-08,0.002221,-0.001633,-0.003854,-0.001633,1143301.0,920536.0,143301.0,0.143301,1,0.5395,0.45,152
2021-12-09,0.003594,-0.002618,-0.006212,-0.002618,1147411.0,918126.0,147411.0,0.147411,1,0.5425,0.5,153
2021-12-10,0.009589,0.001112,-0.008477,0.001112,1158413.0,919147.0,158413.0,0.158413,1,0.5455,0.55,154
2021-12-13,0.004078,-0.005596,-0.009674,-0.005596,1163137.0,914003.0,163137.0,0.163137,1,0.5484,0.55,155
2021-12-14,0.006506,0.003856,-0.00265,0.003856,1170704.0,917528.0,170704.0,0.170704,1,0.5513,0.55,156
2021-12-15,0.006517,0.008398,0.001881,0.008398,1178334.0,925233.0,178334.0,0.178334,1,0.5541,0.55,157
2021-12-16,-0.002708,0.002067,0.004775,0.002067,1175143.0,927146.0,175143.0,0.175143,0,0.5506,0.5,158
2021-12-17,0.007074,-0.001115,-0.008189,-0.001115,1183456.0,926112.0,183456.0,0.183456,1,0.5535,0.55,159
2021-12-20,-0.00904,-0.021975,-0.012935,-0.021975,1172758.0,905761.0,172758.0,0.172758,0,0.55,0.55,160
2021-12-21,0.005966,0.00929,0.003324,0.00929,1179754.0,914176.0,179754.0,0.179754,1,0.5528,0.6,161
2021-12-22,-0.005392,-0.006739,-0.001347,-0.006739,1173393.0,908015.0,173393.0,0.173393,0,0.5494,0.55,162
2021-12-23,-0.010439,-0.003481,0.006959,-0.003481,1161144.0,904855.0,161144.0,0.161144,0,0.546,0.5,163
2021-12-27,-0.001666,-0.003493,-0.001827,-0.003493,1159210.0,901694.0,159210.0,0.15921,0,0.5427,0.5,164
2021-12-28,-0.006173,-0.003404,0.002769,-0.003404,1152053.0,898625.0,152053.0,0.152053,0,0.5394,0.5,165
2021-12-29,0.00221,0.006614,0.004404,0.006614,1154600.0,904569.0,154600.0,0.1546,1,0.5422,0.55,166
2021-12-30,-0.004651,-0.003487,0.001164,-0.003487,1149230.0,901415.0,149230.0,0.14923,0,0.5389,0.5,167
2022-01-04,0.006706,0.011372,0.004666,0.011372,1156936.0,911665.0,156936.0,0.156936,1,0.5417,0.55,168
2022-01-05,0.011219,0.01109,-0.000129,0.01109,1169916.0,921775.0,169916.0,0.169916,1,0.5444,0.55,169
2022-01-06,0.00506,-0.00595,-0.01101,-0.00595,1175835.0,916291.0,175835.0,0.175835,1,0.5471,0.6,170
2022-01-07,0.020224,0.008194,-0.012029,0.008194,1199615.0,923799.0,199615.0,0.199615,1,0.5497,0.65,171
2022-01-11,0.00968,0.001646,-0.008033,0.001646,1211227.0,925320.0,211227.0,0.211227,1,0.5523,0.65,172
2022-01-12,0.008196,0.00973,0.001535,0.00973,1221153.0,934324.0,221153.0,0.221153,1,0.5549,0.65,173
2022-01-13,0.016874,0.01308,-0.003794,0.01308,1241759.0,946545.0,241759.0,0.241759,1,0.5575,0.65,174
2022-01-14,0.006298,0.00337,-0.002928,0.00337,1249580.0,949735.0,249580.0,0.24958,1,0.56,0.65,175
2022-01-18,0.003095,-0.007519,-0.010614,-0.007519,1253447.0,942593.0,253447.0,0.253447,1,0.5625,0.65,176
2022-01-19,0.002167,-0.011149,-0.013316,-0.011149,1256163.0,932084.0,256163.0,0.256163,1,0.565,0.65,177
2022-01-20,0.001063,0.010762,0.009699,0.010762,1257498.0,942115.0,257498.0,0.257498,1,0.5674,0.7,178
2022-01-21,0.006584,0.00597,-0.000614,0.00597,1265778.0,947740.0,265778.0,0.265778,1,0.5698,0.7,179
2022-01-24,-0.013937,0.009243,0.02318,0.009243,1248137.0,956500.0,248137.0,0.248137,0,0.5667,0.7,180
2022-01-25,-0.009409,-0.007771,0.001638,-0.007771,1236393.0,949066.0,236393.0,0.236393,0,0.5635,0.65,181
2022-01-26,-0.00083,-0.003748,-0.002918,-0.003748,1235367.0,945509.0,235367.0,0.235367,0,0.5604,0.65,182
2022-01-27,0.01092,-0.008817,-0.019737,-0.008817,1248858.0,937173.0,248858.0,0.248858,1,0.5628,0.7,183
2022-01-28,-0.007215,0.008098,0.015313,0.008098,1239847.0,944762.0,239847.0,0.239847,0,0.5598,0.7,184
2022-01-31,-0.003508,0.004269,0.007776,0.004269,1235498.0,948795.0,235498.0,0.235498,0,0.5568,0.7,185
2022-02-01,0.011083,-0.00042,-0.011503,-0.00042,1249191.0,948396.0,249191.0,0.249191,1,0.5591,0.7,186
2022-02-02,0.018946,0.017727,-0.001218,0.017727,1272857.0,965209.0,272857.0,0.272857,1,0.5615,0.75,187
2022-02-03,0.006932,0.008939,0.002007,0.008939,1281681.0,973837.0,281681.0,0.281681,1,0.5638,0.75,188
2022-02-04,-0.003437,0.001534,0.00497,0.001534,1277276.0,975331.0,277276.0,0.277276,0,0.5608,0.7,189
2022-02-07,0.00536,0.008991,0.003631,0.008991,1284122.0,984100.0,284122.0,0.284122,1,0.5632,0.7,190
2022-02-08,-0.012743,-0.003102,0.009641,-0.003102,1267759.0,981047.0,267759.0,0.267759,0,0.5602,0.65,191
2022-02-09,-0.001132,-0.00356,-0.002428,-0.00356,1266324.0,977555.0,266324.0,0.266324,0,0.5573,0.6,192
2022-02-10,-0.003104,-0.002621,0.000483,-0.002621,1262393.0,974993.0,262393.0,0.262393,0,0.5544,0.55,193
2022-02-14,0.008393,0.013398,0.005005,0.013398,1272989.0,988056.0,272989.0,0.272989,1,0.5567,0.55,194
2022-02-15,0.008563,-0.001119,-0.009682,-0.001119,1283889.0,986950.0,283889.0,0.283889,1,0.559,0.55,195
2022-02-16,-0.003817,-0.001767,0.00205,-0.001767,1278988.0,985206.0,278988.0,0.278988,0,0.5561,0.5,196
2022-02-17,0.001281,-0.004958,-0.006239,-0.004958,1280627.0,980321.0,280627.0,0.280627,1,0.5584,0.5,197
2022-02-18,0.005115,0.001204,-0.003912,0.001204,1287178.0,981500.0,287178.0,0.287178,1,0.5606,0.5,198
2022-02-22,-0.010569,-0.007404,0.003165,-0.007404,1273573.0,974233.0,273573.0,0.273573,0,0.5578,0.45,199
2022-02-24,-0.014479,-0.006254,0.008225,-0.006254,1255134.0,968141.0,255134.0,0.255134,0,0.555,0.45,200
2022-02-25,-0.017259,-0.016655,0.000604,-0.016655,1233472.0,952016.0,233472.0,0.233472,0,0.5522,0.45,201
2022-02-28,0.009488,0.008134,-0.001353,0.008134,1245175.0,959760.0,245175.0,0.245175,1,0.5545,0.5,202
2022-03-01,0.000551,-0.002555,-0.003106,-0.002555,1245861.0,957308.0,245861.0,0.245861,1,0.5567,0.5,203
2022-03-02,-0.003942,-0.010919,-0.006977,-0.010919,1240950.0,946855.0,240950.0,0.24095,0,0.5539,0.5,204
2022-03-03,0.002696,0.008138,0.005441,0.008138,1244296.0,954560.0,244296.0,0.244296,1,0.5561,0.55,205
2022-03-04,-0.00817,-0.012305,-0.004135,-0.012305,1234130.0,942815.0,234130.0,0.23413,0,0.5534,0.5,206
2022-03-07,0.012336,0.000253,-0.012083,0.000253,1249354.0,943053.0,249354.0,0.249354,1,0.5556,0.5,207
2022-03-08,0.01258,-0.02063,-0.03321,-0.02063,1265072.0,923598.0,265072.0,0.265072,1,0.5577,0.5,208
2022-03-09,0.007472,-0.001439,-0.008912,-0.001439,1274525.0,922269.0,274525.0,0.274525,1,0.5598,0.55,209
2022-03-10,-0.021303,0.009295,0.030598,0.009295,1247373.0,930841.0,247373.0,0.247373,0,0.5571,0.5,210
2022-03-11,0.022189,0.019504,-0.002685,0.019504,1275051.0,948997.0,275051.0,0.275051,1,0.5592,0.55,211
2022-03-14,0.00175,0.004897,0.003147,0.004897,1277283.0,953644.0,277283.0,0.277283,1,0.5613,0.6,212
2022-03-15,0.008483,0.014752,0.00627,0.014752,1288118.0,967713.0,288118.0,0.288118,1,0.5634,0.65,213
2022-03-16,0.006929,0.010544,0.003615,0.010544,1297043.0,977916.0,297043.0,0.297043,1,0.5654,0.65,214
2022-03-17,0.009677,0.004588,-0.00509,0.004588,1309595.0,982403.0,309595.0,0.309595,1,0.5674,0.65,215
2022-03-18,0.004341,-0.000217,-0.004558,-0.000217,1315279.0,982189.0,315279.0,0.315279,1,0.5694,0.7,216
2022-03-22,-0.021135,-0.002032,0.019103,-0.002032,1287481.0,980194.0,287481.0,0.287481,0,0.5668,0.65,217
2022-03-23,0.003052,0.011098,0.008046,0.011098,1291410.0,991072.0,291410.0,0.29141,1,0.5688,0.65,218
2022-03-24,0.000201,0.00259,0.002389,0.00259,1291670.0,993639.0,291670.0,0.29167,1,0.5708,0.7,219
2022-03-25,-0.000167,0.000154,0.000322,0.000154,1291454.0,993792.0,291454.0,0.291454,0,0.5682,0.7,220
2022-03-28,-0.004593,-0.007431,-0.002838,-0.007431,1285523.0,986407.0,285523.0,0.285523,0,0.5656,0.7,221
2022-03-29,0.007936,0.006238,-0.001699,0.006238,1295725.0,992560.0,295725.0,0.295725,1,0.5676,0.7,222
2022-03-30,-0.004609,-0.009548,-0.004939,-0.009548,1289753.0,983083.0,289753.0,0.289753,0,0.565,0.65,223
2022-03-31,-0.007751,-0.009187,-0.001436,-0.009187,1279755.0,974051.0,279755.0,0.279755,0,0.5625,0.65,224
2022-04-01,-0.000305,0.007324,0.007629,0.007324,1279365.0,981185.0,279365.0,0.279365,0,0.56,0.6,225
2022-04-04,-0.003175,0.004178,0.007353,0.004178,1275304.0,985284.0,275304.0,0.275304,0,0.5575,0.6,226
2022-04-05,-0.009941,-0.01612,-0.00618,-0.01612,1262626.0,969401.0,262626.0,0.262626,0,0.5551,0.55,227
2022-04-06,-0.004332,-0.007915,-0.003583,-0.007915,1257156.0,961729.0,257156.0,0.257156,0,0.5526,0.5,228
2022-04-07,0.00257,-0.001629,-0.004198,-0.001629,1260387.0,960162.0,260387.0,0.260387,1,0.5546,0.5,229
2022-04-08,0.012435,-0.006931,-0.019366,-0.006931,1276060.0,953508.0,276060.0,0.27606,1,0.5565,0.55,230
2022-04-11,-0.001144,0.003526,0.004669,0.003526,1274601.0,956869.0,274601.0,0.274601,0,0.5541,0.5,231
2022-04-12,-0.001421,-0.009055,-0.007635,-0.009055,1272790.0,948205.0,272790.0,0.27279,0,0.5517,0.45,232
2022-04-13,0.007185,0.006155,-0.00103,0.006155,1281935.0,954041.0,281935.0,0.281935,1,0.5536,0.45,233
2022-04-14,-0.01677,-0.007441,0.009329,-0.007441,1260437.0,946942.0,260437.0,0.260437,0,0.5513,0.4,234
2022-04-18,0.007994,0.000156,-0.007839,0.000156,1270513.0,947089.0,270513.0,0.270513,1,0.5532,0.4,235
2022-04-19,0.012573,0.004514,-0.008059,0.004514,1286487.0,951365.0,286487.0,0.286487,1,0.5551,0.4,236
2022-04-20,0.005899,0.007986,0.002088,0.007986,1294075.0,958963.0,294075.0,0.294075,1,0.557,0.45,237
2022-04-21,0.002341,0.002506,0.000165,0.002506,1297104.0,961366.0,297104.0,0.297104,1,0.5588,0.45,238
2022-04-22,0.001774,0.000478,-0.001296,0.000478,1299406.0,961825.0,299406.0,0.299406,1,0.5607,0.45,239
2022-04-25,-0.002595,-0.004597,-0.002002,-0.004597,1296034.0,957404.0,296034.0,0.296034,0,0.5583,0.45,240
2022-04-26,0.01395,0.002951,-0.010999,0.002951,1314114.0,960229.0,314114.0,0.314114,1,0.5602,0.5,241
2022-04-27,-0.006489,0.000982,0.007471,0.000982,1305587.0,961172.0,305587.0,0.305587,0,0.5579,0.45,242
2022-04-28,-0.011213,0.010563,0.021777,0.010563,1290947.0,971325.0,290947.0,0.290947,0,0.5556,0.45,243
2022-05-02,0.001636,-0.001447,-0.003083,-0.001447,1293059.0,969920.0,293059.0,0.293059,1,0.5574,0.5,244
2022-05-06,-0.014264,0.000526,0.01479,0.000526,1274615.0,970430.0,274615.0,0.274615,0,0.5551,0.5,245
2022-05-09,0.008796,-0.0077,-0.016496,-0.0077,1285826.0,962957.0,285826.0,0.285826,1,0.5569,0.55,246
2022-05-10,0.022996,0.007427,-0.015569,0.007427,1315395.0,970109.0,315395.0,0.315395,1,0.5587,0.6,247
2022-05-11,0.009674,0.002413,-0.007261,0.002413,1328119.0,972449.0,328119.0,0.328119,1,0.5605,0.65,248
2022-05-12,0.010304,-0.002049,-0.012353,-0.002049,1341804.0,970457.0,341804.0,0.341804,1,0.5622,0.65,249
2022-05-13,0.011302,0.011017,-0.000286,0.011017,1356970.0,981148.0,356970.0,0.35697,1,0.564,0.65,250
2022-05-16,-0.013579,-0.022306,-0.008726,-0.022306,1338543.0,959263.0,338543.0,0.338543,0,0.5618,0.65,251
2022-05-17,-0.013993,-0.005694,0.008299,-0.005694,1319813.0,953801.0,319813.0,0.319813,0,0.5595,0.65,252
2022-05-18,0.001907,0.002105,0.000197,0.002105,1322330.0,955808.0,322330.0,0.32233,1,0.5613,0.65,253
2022-05-19,0.012075,0.01791,0.005835,0.01791,1338297.0,972926.0,338297.0,0.338297,1,0.563,0.7,254
2022-05-20,0.00272,0.002893,0.000173,0.002893,1341937.0,975741.0,341937.0,0.341937,1,0.5647,0.7,255
2022-05-23,0.002105,0.001694,-0.000411,0.001694,1344762.0,977393.0,344762.0,0.344762,1,0.5664,0.7,256
2022-05-24,-0.003396,-0.005441,-0.002045,-0.005441,1340195.0,972075.0,340195.0,0.340195,0,0.5642,0.65,257
2022-05-25,0.001269,0.005201,0.003933,0.005201,1341895.0,977131.0,341895.0,0.341895,1,0.5659,0.65,258
2022-05-26,-0.006162,-0.010289,-0.004127,-0.010289,1333626.0,967077.0,333626.0,0.333626,0,0.5637,0.6,259
2022-05-27,0.008723,-0.006282,-0.015005,-0.006282,1345260.0,961002.0,345260.0,0.34526,1,0.5654,0.65,260
2022-05-31,0.003425,-0.00525,-0.008674,-0.00525,1349867.0,955957.0,349867.0,0.349867,1,0.567,0.65,261
2022-06-01,0.000276,0.004359,0.004083,0.004359,1350239.0,960124.0,350239.0,0.350239,1,0.5687,0.7,262
2022-06-02,0.010104,-0.000409,-0.010512,-0.000409,1363881.0,959732.0,363881.0,0.363881,1,0.5703,0.75,263
2022-06-03,-0.002626,-0.006288,-0.003662,-0.006288,1360300.0,953697.0,360300.0,0.3603,0,0.5682,0.7,264
2022-06-06,0.000382,0.011515,0.011132,0.011515,1360820.0,964678.0,360820.0,0.36082,1,0.5698,0.75,265
2022-06-07,0.000756,0.002938,0.002182,0.002938,1361849.0,967512.0,361849.0,0.361849,1,0.5714,0.75,266
2022-06-08,0.004271,0.013787,0.009516,0.013787,1367666.0,980852.0,367666.0,0.367666,1,0.573,0.75,267
2022-06-09,0.005206,0.010572,0.005366,0.010572,1374786.0,991221.0,374786.0,0.374786,1,0.5746,0.75,268
2022-06-10,-0.000245,-0.009685,-0.009441,-0.009685,1374450.0,981621.0,374450.0,0.37445,0,0.5725,0.7,269
2022-06-13,0.00224,0.006416,0.004176,0.006416,1377528.0,987919.0,377528.0,0.377528,1,0.5741,0.7,270
2022-06-14,0.004877,0.003093,-0.001784,0.003093,1384247.0,990975.0,384247.0,0.384247,1,0.5756,0.75,271
2022-06-15,-0.002442,-0.011674,-0.009232,-0.011674,1380866.0,979406.0,380866.0,0.380866,0,0.5735,0.75,272
2022-06-16,-0.009329,-0.003734,0.005595,-0.003734,1367984.0,975749.0,367984.0,0.367984,0,0.5714,0.7,273
2022-06-17,0.003905,0.010531,0.006626,0.010531,1373326.0,986025.0,373326.0,0.373326,1,0.573,0.7,274
2022-06-21,-0.016575,0.002808,0.019383,0.002808,1350562.0,988794.0,350562.0,0.350562,0,0.5709,0.65,275
2022-06-22,0.025612,0.004619,-0.020993,0.004619,1385153.0,993361.0,385153.0,0.385153,1,0.5725,0.65,276
2022-06-23,0.014134,0.011841,-0.002293,0.011841,1404732.0,1005124.0,404732.0,0.404732,1,0.574,0.7,277
2022-06-24,0.008755,0.00536,-0.003395,0.00536,1417029.0,1010510.0,417029.0,0.417029,1,0.5755,0.7,278
2022-06-27,-0.000202,0.004131,0.004333,0.004131,1416744.0,1014685.0,416744.0,0.416744,0,0.5735,0.7,279
2022-06-28,-0.008307,0.010659,0.018967,0.010659,1404975.0,1025501.0,404975.0,0.404975,0,0.5714,0.65,280
2022-06-29,-0.009927,-0.003387,0.00654,-0.003387,1391027.0,1022028.0,391027.0,0.391027,0,0.5694,0.6,281
2022-06-30,0.008747,-0.000181,-0.008928,-0.000181,1403194.0,1021844.0,403194.0,0.403194,1,0.5709,0.6,282
2022-07-01,-0.008685,-0.018243,-0.009558,-0.018243,1391008.0,1003202.0,391008.0,0.391008,0,0.5689,0.55,283
2022-07-05,-0.008626,-0.003968,0.004658,-0.003968,1379010.0,999222.0,379010.0,0.37901,0,0.5669,0.55,284
2022-07-06,-0.005901,-0.021087,-0.015186,-0.021087,1370872.0,978151.0,370872.0,0.370872,0,0.5649,0.5,285
2022-07-07,0.003482,0.003937,0.000455,0.003937,1375646.0,982002.0,375646.0,0.375646,1,0.5664,0.5,286
2022-07-08,-0.000862,-0.000974,-0.000112,-0.000974,1374460.0,981046.0,374460.0,0.37446,0,0.5645,0.45,287
2022-07-11,0.007908,0.00405,-0.003858,0.00405,1385329.0,985019.0,385329.0,0.385329,1,0.566,0.45,288
2022-07-12,-0.0041,-0.004213,-0.000113,-0.004213,1379650.0,980870.0,379650.0,0.37965,0,0.564,0.45,289
2022-07-13,0.006236,0.005966,-0.000269,0.005966,1388253.0,986722.0,388253.0,0.388253,1,0.5655,0.45,290
2022-07-14,0.011904,0.013866,0.001962,0.013866,1404778.0,1000403.0,404778.0,0.404778,1,0.567,0.45,291
2022-07-15,0.007211,0.001167,-0.006044,0.001167,1414908.0,1001571.0,414908.0,0.414908,1,0.5685,0.5,292
2022-07-19,0.012083,0.001162,-0.01092,0.001162,1432004.0,1002735.0,432004.0,0.432004,1,0.57,0.55,293
2022-07-20,0.007534,0.00519,-0.002344,0.00519,1442793.0,1007940.0,442793.0,0.442793,1,0.5714,0.55,294
2022-07-21,-0.002199,0.003535,0.005734,0.003535,1439620.0,1011502.0,439620.0,0.43962,0,0.5695,0.55,295
2022-07-22,0.0004,-0.000443,-0.000843,-0.000443,1440196.0,1011054.0,440196.0,0.440196,1,0.5709,0.55,296
2022-07-25,0.003043,0.004788,0.001744,0.004788,1444579.0,1015895.0,444579.0,0.444579,1,0.5724,0.55,297
2022-07-26,0.011152,0.002691,-0.008461,0.002691,1460689.0,1018628.0,460689.0,0.460689,1,0.5738,0.55,298
2022-07-27,-0.005993,0.001293,0.007286,0.001293,1451935.0,1019946.0,451935.0,0.451935,0,0.5719,0.55,299
2022-07-28,-0.012325,-0.005847,0.006479,-0.005847,1434040.0,1013983.0,434040.0,0.43404,0,0.57,0.55,300
2022-07-29,-0.00659,-0.007499,-0.000909,-0.007499,1424589.0,1006378.0,424589.0,0.424589,0,0.5681,0.55,301
2022-08-01,0.00882,0.007247,-0.001572,0.007247,1437153.0,1013672.0,437153.0,0.437153,1,0.5695,0.55,302
2022-08-02,0.001199,-0.014776,-0.015974,-0.014776,1438876.0,998694.0,438876.0,0.438876,1,0.571,0.6,303
2022-08-03,-0.014483,-0.007664,0.006819,-0.007664,1418037.0,991040.0,418037.0,0.418037,0,0.5691,0.6,304
2022-08-04,-0.000354,-0.006778,-0.006424,-0.006778,1417535.0,984323.0,417535.0,0.417535,0,0.5672,0.6,305
2022-08-05,0.000832,0.008608,0.007776,0.008608,1418715.0,992796.0,418715.0,0.418715,1,0.5686,0.6,306
2022-08-08,0.00193,0.013367,0.011437,0.013367,1421454.0,1006067.0,421454.0,0.421454,1,0.57,0.65,307
2022-08-09,0.002477,-0.00836,-0.010837,-0.00836,1424975.0,997657.0,424975.0,0.424975,1,0.5714,0.65,308
2022-08-10,-0.001961,-0.003244,-0.001283,-0.003244,1422180.0,994420.0,422180.0,0.42218,0,0.5696,0.65,309
2022-08-12,0.004903,0.013215,0.008312,0.013215,1429153.0,1007561.0,429153.0,0.429153,1,0.571,0.65,310
2022-08-15,0.002128,0.001095,-0.001034,0.001095,1432194.0,1008664.0,432194.0,0.432194,1,0.5723,0.65,311
2022-08-16,0.001807,0.000956,-0.000851,0.000956,1434782.0,1009628.0,434782.0,0.434782,1,0.5737,0.65,312
2022-08-17,-0.002695,0.004398,0.007093,0.004398,1430916.0,1014069.0,430916.0,0.430916,0,0.5719,0.6,313
2022-08-18,-0.00302,-0.006185,-0.003164,-0.006185,1426594.0,1007797.0,426594.0,0.426594,0,0.5701,0.55,314
2022-08-19,0.007466,0.003314,-0.004153,0.003314,1437246.0,1011136.0,437246.0,0.437246,1,0.5714,0.6,315
2022-08-22,-0.000483,0.00665,0.007132,0.00665,1436552.0,1017860.0,436552.0,0.436552,0,0.5696,0.55,316
2022-08-23,0.001227,-0.002764,-0.00399,-0.002764,1438314.0,1015047.0,438314.0,0.438314,1,0.571,0.55,317
2022-08-24,-0.000868,-0.002679,-0.001811,-0.002679,1437065.0,1012327.0,437065.0,0.437065,0,0.5692,0.5,318
2022-08-25,0.000727,0.002984,0.002257,0.002984,1438110.0,1015348.0,438110.0,0.43811,1,0.5705,0.55,319
2022-08-26,-0.002419,-0.004161,-0.001742,-0.004161,1434631.0,1011123.0,434631.0,0.434631,0,0.5687,0.55,320
2022-08-29,0.006904,0.011121,0.004217,0.011121,1444535.0,1022368.0,444535.0,0.444535,1,0.5701,0.6,321
2022-08-30,-0.000802,0.007585,0.008387,0.007585,1443377.0,1030123.0,443377.0,0.443377,0,0.5683,0.55,322
2022-08-31,0.001517,0.001465,-5.2e-05,0.001465,1445566.0,1031632.0,445566.0,0.445566,1,0.5697,0.55,323
2022-09-01,-0.011674,-0.01423,-0.002556,-0.01423,1428691.0,1016952.0,428691.0,0.428691,0,0.5679,0.55,324
2022-09-02,0.001661,-0.002918,-0.004578,-0.002918,1431063.0,1013985.0,431063.0,0.431063,1,0.5692,0.6,325
2022-09-06,-0.003124,-0.006753,-0.003629,-0.006753,1426592.0,1007137.0,426592.0,0.426592,0,0.5675,0.55,326
2022-09-07,-0.001057,-0.006471,-0.005413,-0.006471,1425084.0,1000620.0,425084.0,0.425084,0,0.5657,0.5,327
2022-09-08,-0.002314,0.008513,0.010827,0.008513,1421786.0,1009139.0,421786.0,0.421786,0,0.564,0.45,328
2022-09-09,-0.011573,-0.005165,0.006408,-0.005165,1405332.0,1003927.0,405332.0,0.405332,0,0.5623,0.45,329
2022-09-12,-0.004117,-0.008534,-0.004417,-0.008534,1399546.0,995359.0,399546.0,0.399546,0,0.5606,0.4,330
2022-09-13,0.00037,0.001657,0.001287,0.001657,1400064.0,997009.0,400064.0,0.400064,1,0.5619,0.4,331
2022-09-14,0.006774,0.004128,-0.002645,0.004128,1409548.0,1001125.0,409548.0,0.409548,1,0.5633,0.4,332
2022-09-15,0.002659,0.002117,-0.000541,0.002117,1413296.0,1003245.0,413296.0,0.413296,1,0.5646,0.45,333
2022-09-16,-0.000397,0.004027,0.004425,0.004027,1412734.0,1007285.0,412734.0,0.412734,0,0.5629,0.45,334
2022-09-20,-0.002579,-0.005001,-0.002423,-0.005001,1409091.0,1002247.0,409091.0,0.409091,0,0.5612,0.4,335
2022-09-21,-0.002156,-0.00719,-0.005034,-0.00719,1406053.0,995041.0,406053.0,0.406053,0,0.5595,0.4,336
2022-09-22,-0.003968,0.00603,0.009998,0.00603,1400473.0,1001041.0,400473.0,0.400473,0,0.5579,0.35,337
2022-09-26,0.026608,0.003516,-0.023092,0.003516,1437737.0,1004561.0,437737.0,0.437737,1,0.5592,0.4,338
2022-09-27,0.004439,0.007273,0.002834,0.007273,1444119.0,1011867.0,444119.0,0.444119,1,0.5605,0.4,339
2022-09-28,0.006721,-0.005552,-0.012273,-0.005552,1453825.0,1006250.0,453825.0,0.453825,1,0.5618,0.45,340
2022-09-29,-0.014374,-0.002777,0.011597,-0.002777,1432927.0,1003456.0,432927.0,0.432927,0,0.5601,0.4,341
2022-09-30,-0.004086,-0.007617,-0.003531,-0.007617,1427072.0,995812.0,427072.0,0.427072,0,0.5585,0.4,342
2022-10-03,0.02229,0.010396,-0.011894,0.010396,1458881.0,1006164.0,458881.0,0.458881,1,0.5598,0.4,343
2022-10-04,0.00924,0.023201,0.013961,0.023201,1472361.0,1029509.0,472361.0,0.472361,1,0.561,0.45,344
2022-10-05,-0.001755,-0.007931,-0.006176,-0.007931,1469777.0,1021344.0,469777.0,0.469777,0,0.5594,0.4,345
2022-10-06,0.008843,0.002571,-0.006272,0.002571,1482774.0,1023970.0,482774.0,0.482774,1,0.5607,0.45,346
2022-10-07,-0.001614,0.001118,0.002732,0.001118,1480381.0,1025115.0,480381.0,0.480381,0,0.5591,0.45,347
2022-10-11,0.000821,-0.002524,-0.003344,-0.002524,1481596.0,1022528.0,481596.0,0.481596,1,0.5603,0.5,348
2022-10-12,0.009357,0.00563,-0.003727,0.00563,1495458.0,1028284.0,495458.0,0.495458,1,0.5616,0.55,349
2022-10-13,0.001769,-0.005711,-0.00748,-0.005711,1498104.0,1022411.0,498104.0,0.498104,1,0.5629,0.6,350
2022-10-14,-0.007795,0.002042,0.009837,0.002042,1486426.0,1024499.0,486426.0,0.486426,0,0.5613,0.55,351
2022-10-17,-0.00163,-0.005235,-0.003605,-0.005235,1484003.0,1019136.0,484003.0,0.484003,0,0.5597,0.5,352
2022-10-18,0.001781,-0.001696,-0.003477,-0.001696,1486646.0,1017407.0,486646.0,0.486646,1,0.5609,0.5,353
2022-10-19,0.006357,0.007141,0.000785,0.007141,1496096.0,1024673.0,496096.0,0.496096,1,0.5621,0.55,354
2022-10-20,0.002869,0.003905,0.001036,0.003905,1500388.0,1028674.0,500388.0,0.500388,1,0.5634,0.6,355
2022-10-21,-0.001421,-0.005203,-0.003781,-0.005203,1498256.0,1023322.0,498256.0,0.498256,0,0.5618,0.6,356
2022-10-24,-0.006139,-0.01116,-0.005021,-0.01116,1489058.0,1011902.0,489058.0,0.489058,0,0.5602,0.6,357
2022-10-25,-0.000561,0.005646,0.006207,0.005646,1488223.0,1017615.0,488223.0,0.488223,0,0.5587,0.55,358
2022-10-26,-0.009374,-0.005993,0.003381,-0.005993,1474271.0,1011516.0,474271.0,0.474271,0,0.5571,0.5,359
2022-10-27,-0.01418,-0.013123,0.001057,-0.013123,1453367.0,998242.0,453367.0,0.453367,0,0.5556,0.45,360
2022-10-28,-0.011411,-0.006285,0.005126,-0.006285,1436782.0,991967.0,436782.0,0.436782,0,0.554,0.45,361
2022-10-31,-0.003875,0.000678,0.004553,0.000678,1431215.0,992640.0,431215.0,0.431215,0,0.5525,0.45,362
2022-11-01,0.015613,0.010913,-0.004699,0.010913,1453560.0,1003473.0,453560.0,0.45356,1,0.5537,0.45,363
2022-11-02,0.011099,0.011036,-6.2e-05,0.011036,1469693.0,1014548.0,469693.0,0.469693,1,0.5549,0.45,364
2022-11-04,-0.001579,-0.005211,-0.003632,-0.005211,1467373.0,1009261.0,467373.0,0.467373,0,0.5534,0.45,365
2022-11-07,0.002681,0.004958,0.002277,0.004958,1471306.0,1014265.0,471306.0,0.471306,1,0.5546,0.45,366
2022-11-08,0.003152,0.003212,6e-05,0.003212,1475944.0,1017522.0,475944.0,0.475944,1,0.5559,0.5,367
2022-11-09,-0.006939,-0.008743,-0.001804,-0.008743,1465702.0,1008626.0,465702.0,0.465702,0,0.5543,0.45,368
2022-11-10,-0.000442,0.009021,0.009463,0.009021,1465054.0,1017724.0,465054.0,0.465054,0,0.5528,0.4,369
2022-11-11,0.019355,0.006595,-0.01276,0.006595,1493410.0,1024437.0,493410.0,0.49341,1,0.5541,0.4,370
2022-11-14,-0.001088,-0.008367,-0.00728,-0.008367,1491786.0,1015865.0,491786.0,0.491786,0,0.5526,0.4,371
2022-11-15,-0.00359,0.003046,0.006636,0.003046,1486430.0,1018959.0,486430.0,0.48643,0,0.5511,0.4,372
2022-11-16,0.005696,0.003582,-0.002114,0.003582,1494897.0,1022610.0,494897.0,0.494897,1,0.5523,0.4,373
2022-11-17,0.012563,0.008949,-0.003614,0.008949,1513678.0,1031761.0,513678.0,0.513678,1,0.5535,0.4,374
2022-11-18,0.011033,0.01119,0.000158,0.01119,1530378.0,1043307.0,530378.0,0.530378,1,0.5547,0.4,375
2022-11-21,-0.002479,-0.002231,0.000248,-0.002231,1526584.0,1040980.0,526584.0,0.526584,0,0.5532,0.4,376
2022-11-22,0.000691,0.011698,0.011007,0.011698,1527639.0,1053157.0,527639.0,0.527639,1,0.5544,0.45,377
2022-11-25,-0.002816,0.00038,0.003196,0.00038,1523337.0,1053556.0,523337.0,0.523337,0,0.5529,0.45,378
2022-11-28,0.007152,-0.003407,-0.010559,-0.003407,1534231.0,1049967.0,534231.0,0.534231,1,0.5541,0.5,379
2022-11-29,-0.002858,-0.004731,-0.001874,-0.004731,1529847.0,1044999.0,529847.0,0.529847,0,0.5526,0.5,380
2022-11-30,0.010806,-0.001647,-0.012453,-0.001647,1546379.0,1043278.0,546379.0,0.546379,1,0.5538,0.55,381
2022-12-01,-0.002894,-0.008587,-0.005694,-0.008587,1541904.0,1034319.0,541904.0,0.541904,0,0.5524,0.55,382
2022-12-02,0.015855,-0.007982,-0.023837,-0.007982,1566351.0,1026063.0,566351.0,0.566351,1,0.5535,0.55,383
2022-12-05,0.003429,-0.00391,-0.007339,-0.00391,1571722.0,1022051.0,571722.0,0.571722,1,0.5547,0.55,384
2022-12-06,0.000768,0.006496,0.005728,0.006496,1572928.0,1028690.0,572928.0,0.572928,1,0.5558,0.6,385
2022-12-07,0.003254,0.003003,-0.00025,0.003003,1578046.0,1031780.0,578046.0,0.578046,1,0.557,0.6,386
2022-12-08,0.006577,-0.000111,-0.006687,-0.000111,1588425.0,1031665.0,588425.0,0.588425,1,0.5581,0.6,387
2022-12-09,0.002775,0.007442,0.004666,0.007442,1592834.0,1039343.0,592834.0,0.592834,1,0.5593,0.65,388
2022-12-12,0.0,0.002129,0.002129,0.002129,1592834.0,1041556.0,592834.0,0.592834,1,0.5604,0.7,389
2022-12-13,0.011883,0.008224,-0.003659,0.008224,1611761.0,1050122.0,611761.0,0.611761,1,0.5615,0.7,390
2022-12-14,0.000745,0.002857,0.002113,0.002857,1612962.0,1053122.0,612962.0,0.612962,1,0.5627,0.75,391
2022-12-15,-0.003146,0.001046,0.004192,0.001046,1607887.0,1054224.0,607887.0,0.607887,0,0.5612,0.75,392
2022-12-16,2.9e-05,-0.005377,-0.005405,-0.005377,1607933.0,1048556.0,607933.0,0.607933,1,0.5623,0.75,393
2022-12-19,0.008465,0.004498,-0.003967,0.004498,1621545.0,1053273.0,621545.0,0.621545,1,0.5635,0.75,394
2022-12-20,0.011843,-0.005493,-0.017337,-0.005493,1640750.0,1047487.0,640750.0,0.64075,1,0.5646,0.75,395
2022-12-21,-0.014763,-0.00825,0.006513,-0.00825,1616527.0,1038845.0,616527.0,0.616527,0,0.5631,0.75,396
2022-12-22,-0.002088,0.00143,0.003518,0.00143,1613152.0,1040331.0,613152.0,0.613152,0,0.5617,0.7,397
2022-12-23,0.000534,0.007016,0.006483,0.007016,1614013.0,1047630.0,614013.0,0.614013,1,0.5628,0.75,398
2022-12-27,0.001452,0.003491,0.002038,0.003491,1616358.0,1051287.0,616358.0,0.616358,1,0.5639,0.75,399
2022-12-28,-0.006708,-0.000802,0.005906,-0.000802,1605515.0,1050444.0,605515.0,0.605515,0,0.5625,0.75,400
2022-12-29,0.00203,-0.004463,-0.006493,-0.004463,1608775.0,1045756.0,608775.0,0.608775,1,0.5636,0.75,401
2022-12-30,-0.003676,-0.007511,-0.003835,-0.007511,1602861.0,1037902.0,602861.0,0.602861,0,0.5622,0.75,402
2023-01-04,0.015157,-0.008563,-0.02372,-0.008563,1627156.0,1029014.0,627156.0,0.627156,1,0.5633,0.75,403
2023-01-05,0.009674,0.001486,-0.008188,0.001486,1642897.0,1030543.0,642897.0,0.642897,1,0.5644,0.75,404
2023-01-06,0.007925,0.009594,0.001669,0.009594,1655917.0,1040430.0,655917.0,0.655917,1,0.5654,0.75,405
2023-01-10,-0.008701,-0.010938,-0.002237,-0.010938,1641509.0,1029050.0,641509.0,0.641509,0,0.564,0.7,406
2023-01-11,0.01972,0.01668,-0.00304,0.01668,1673879.0,1046214.0,673879.0,0.673879,1,0.5651,0.7,407
2023-01-12,0.016033,0.017249,0.001216,0.017249,1700716.0,1064260.0,700716.0,0.700716,1,0.5662,0.7,408
2023-01-13,-0.00407,0.002127,0.006197,0.002127,1693794.0,1066523.0,693794.0,0.693794,0,0.5648,0.65,409
2023-01-17,-0.003921,-7.2e-05,0.00385,-7.2e-05,1687152.0,1066447.0,687152.0,0.687152,0,0.5634,0.6,410
2023-01-18,-0.003685,0.00491,0.008595,0.00491,1680935.0,1071684.0,680935.0,0.680935,0,0.562,0.55,411
2023-01-19,-0.003656,-0.004937,-0.00128,-0.004937,1674789.0,1066393.0,674789.0,0.674789,0,0.5607,0.55,412
2023-01-20,0.003801,0.010609,0.006807,0.010609,1681156.0,1077706.0,681156.0,0.681156,1,0.5617,0.55,413
2023-01-23,0.001916,0.001613,-0.000303,0.001613,1684377.0,1079445.0,684377.0,0.684377,1,0.5628,0.55,414
2023-01-24,-0.007827,0.003325,0.011153,0.003325,1671193.0,1083035.0,671193.0,0.671193,0,0.5614,0.5,415
2023-01-25,0.002979,0.008,0.005021,0.008,1676171.0,1091699.0,676171.0,0.676171,1,0.5625,0.55,416
2023-01-26,-0.001676,-0.005649,-0.003972,-0.005649,1673361.0,1085532.0,673361.0,0.673361,0,0.5612,0.55,417
2023-01-27,0.001758,0.001583,-0.000174,0.001583,1676303.0,1087251.0,676303.0,0.676303,1,0.5622,0.55,418
2023-01-30,-0.000858,-0.000989,-0.000131,-0.000989,1674864.0,1086176.0,674864.0,0.674864,0,0.5609,0.5,419
2023-01-31,0.023659,0.011956,-0.011702,0.011956,1714489.0,1099162.0,714489.0,0.714489,1,0.5619,0.55,420
2023-02-01,0.002546,-0.002752,-0.005297,-0.002752,1718854.0,1096138.0,718854.0,0.718854,1,0.5629,0.55,421
2023-02-02,0.004317,-0.003843,-0.00816,-0.003843,1726275.0,1091925.0,726275.0,0.726275,1,0.564,0.6,422
2023-02-03,0.008088,0.002764,-0.005324,0.002764,1740237.0,1094943.0,740237.0,0.740237,1,0.565,0.6,423
2023-02-06,0.006488,-0.000156,-0.006644,-0.000156,1751528.0,1094772.0,751528.0,0.751528,1,0.566,0.6,424
2023-02-07,-0.008436,-0.002783,0.005652,-0.002783,1736752.0,1091725.0,736752.0,0.736752,0,0.5647,0.55,425
2023-02-08,-0.003125,-0.001097,0.002028,-0.001097,1731325.0,1090527.0,731325.0,0.731325,0,0.5634,0.55,426
2023-02-09,0.006552,0.007716,0.001165,0.007716,1742668.0,1098942.0,742668.0,0.742668,1,0.5644,0.55,427
2023-02-10,-0.005842,-0.002386,0.003456,-0.002386,1732487.0,1096320.0,732487.0,0.732487,0,0.5631,0.5,428
2023-02-13,-0.002828,-0.00296,-0.000131,-0.00296,1727587.0,1093075.0,727587.0,0.727587,0,0.5618,0.5,429
2023-02-14,0.005321,0.003259,-0.002063,0.003259,1736780.0,1096637.0,736780.0,0.73678,1,0.5628,0.55,430
2023-02-15,-0.000432,-0.006217,-0.005784,-0.006217,1736029.0,1089819.0,736029.0,0.736029,0,0.5615,0.55,431
2023-02-16,0.005204,0.003819,-0.001384,0.003819,1745062.0,1093982.0,745062.0,0.745062,1,0.5625,0.6,432
2023-02-17,-0.001239,0.001576,0.002816,0.001576,1742899.0,1095706.0,742899.0,0.742899,0,0.5612,0.55,433
2023-02-21,-0.007071,-0.005032,0.002039,-0.005032,1730576.0,1090193.0,730576.0,0.730576,0,0.5599,0.5,434
2023-02-22,-0.00034,-0.006522,-0.006182,-0.006522,1729988.0,1083083.0,729988.0,0.729988,0,0.5586,0.5,435
2023-02-24,-0.001941,0.000331,0.002272,0.000331,1726630.0,1083442.0,726630.0,0.72663,0,0.5573,0.45,436
2023-02-27,0.00117,0.007453,0.006282,0.007453,1728651.0,1091516.0,728651.0,0.728651,1,0.5584,0.5,437
2023-02-28,0.001166,-0.000982,-0.002148,-0.000982,1730667.0,1090445.0,730667.0,0.730667,1,0.5594,0.5,438
2023-03-01,0.008631,0.007688,-0.000943,0.007688,1745605.0,1098828.0,745605.0,0.745605,1,0.5604,0.55,439
2023-03-02,-5.7e-05,-0.006369,-0.006312,-0.006369,1745505.0,1091829.0,745505.0,0.745505,0,0.5591,0.5,440
2023-03-03,-0.001325,0.007324,0.00865,0.007324,1743192.0,1099826.0,743192.0,0.743192,0,0.5578,0.45,441
2023-03-06,0.00099,-0.000729,-0.001719,-0.000729,1744918.0,1099024.0,744918.0,0.744918,1,0.5588,0.45,442
2023-03-07,-0.006582,0.003165,0.009747,0.003165,1733432.0,1102502.0,733432.0,0.733432,0,0.5576,0.4,443
2023-03-08,0.009006,0.011635,0.002629,0.011635,1749044.0,1115330.0,749044.0,0.749044,1,0.5586,0.4,444
2023-03-09,0.007615,0.007309,-0.000306,0.007309,1762362.0,1123482.0,762362.0,0.762362,1,0.5596,0.45,445
2023-03-10,0.011882,-0.001745,-0.013626,-0.001745,1783302.0,1121522.0,783302.0,0.783302,1,0.5605,0.5,446
2023-03-13,-0.000893,-0.003799,-0.002905,-0.003799,1781709.0,1117262.0,781709.0,0.781709,0,0.5593,0.45,447
2023-03-14,0.013714,-0.003781,-0.017495,-0.003781,1806143.0,1113038.0,806143.0,0.806143,1,0.5603,0.5,448
2023-03-15,0.003192,-0.003546,-0.006738,-0.003546,1811909.0,1109091.0,811909.0,0.811909,1,0.5612,0.55,449
2023-03-16,-0.000364,0.014993,0.015357,0.014993,1811250.0,1125719.0,811250.0,0.81125,0,0.56,0.5,450
2023-03-17,-0.005064,1.1e-05,0.005075,1.1e-05,1802077.0,1125731.0,802077.0,0.802077,0,0.5588,0.5,451
2023-03-20,-0.005976,-0.01116,-0.005184,-0.01116,1791307.0,1113168.0,791307.0,0.791307,0,0.5575,0.45,452
2023-03-22,-0.000806,0.002705,0.003512,0.002705,1789863.0,1116179.0,789863.0,0.789863,0,0.5563,0.45,453
2023-03-23,-0.00659,0.001697,0.008287,0.001697,1778068.0,1118074.0,778068.0,0.778068,0,0.5551,0.45,454
2023-03-24,0.000543,0.005999,0.005455,0.005999,1779034.0,1124781.0,779034.0,0.779034,1,0.556,0.5,455
2023-03-27,0.002475,-0.000975,-0.00345,-0.000975,1783437.0,1123684.0,783437.0,0.783437,1,0.557,0.55,456
2023-03-28,0.001134,0.002052,0.000918,0.002052,1785459.0,1125990.0,785459.0,0.785459,1,0.558,0.55,457
2023-03-29,0.000949,0.011242,0.010293,0.011242,1787154.0,1138649.0,787154.0,0.787154,1,0.559,0.55,458
2023-03-30,-0.002854,-0.001659,0.001195,-0.001659,1782053.0,1136759.0,782053.0,0.782053,0,0.5577,0.5,459
2023-03-31,-0.009857,-0.000539,0.009318,-0.000539,1764488.0,1136147.0,764488.0,0.764488,0,0.5565,0.5,460
2023-04-03,0.011372,0.010298,-0.001074,0.010298,1784554.0,1147847.0,784554.0,0.784554,1,0.5575,0.55,461
2023-04-04,-0.002608,0.002678,0.005286,0.002678,1779900.0,1150921.0,779900.0,0.7799,0,0.5563,0.5,462
2023-04-05,-0.005359,-0.012703,-0.007344,-0.012703,1770362.0,1136301.0,770362.0,0.770362,0,0.5551,0.5,463
2023-04-06,0.016109,0.008797,-0.007312,0.008797,1798882.0,1146298.0,798882.0,0.798882,1,0.556,0.5,464
2023-04-10,0.000494,0.000841,0.000347,0.000841,1799771.0,1147262.0,799771.0,0.799771,1,0.557,0.5,465
2023-04-11,0.004693,0.003402,-0.001291,0.003402,1808217.0,1151165.0,808217.0,0.808217,1,0.5579,0.5,466
2023-04-12,0.002837,0.001909,-0.000927,0.001909,1813346.0,1153363.0,813346.0,0.813346,1,0.5589,0.55,467
2023-04-13,-0.001069,-0.000426,0.000643,-0.000426,1811407.0,1152871.0,811407.0,0.811407,0,0.5577,0.5,468
2023-04-14,-0.003653,0.006216,0.009868,0.006216,1804790.0,1160037.0,804790.0,0.80479,0,0.5565,0.45,469
2023-04-17,-0.003521,-0.005171,-0.00165,-0.005171,1798435.0,1154038.0,798435.0,0.798435,0,0.5553,0.45,470
2023-04-18,-0.008309,-0.001523,0.006785,-0.001523,1783493.0,1152280.0,783493.0,0.783493,0,0.5541,0.45,471
2023-04-19,-0.00059,-0.002595,-0.002005,-0.002595,1782442.0,1149290.0,782442.0,0.782442,0,0.553,0.45,472
2023-04-20,-0.005642,-3e-05,0.005611,-3e-05,1772386.0,1149256.0,772386.0,0.772386,0,0.5518,0.45,473
2023-04-21,0.010858,0.005362,-0.005495,0.005362,1791630.0,1155418.0,791630.0,0.79163,1,0.5527,0.5,474
2023-04-24,0.004023,0.001871,-0.002151,0.001871,1798837.0,1157581.0,798837.0,0.798837,1,0.5537,0.5,475
2023-04-25,-0.002667,-0.001958,0.000709,-0.001958,1794039.0,1155314.0,794039.0,0.794039,0,0.5525,0.45,476
2023-04-26,0.007908,0.002429,-0.005479,0.002429,1808226.0,1158121.0,808226.0,0.808226,1,0.5535,0.45,477
2023-04-27,0.009954,0.011968,0.002014,0.011968,1826225.0,1171981.0,826225.0,0.826225,1,0.5544,0.45,478
2023-04-28,0.007555,0.009485,0.001931,0.009485,1840022.0,1183098.0,840022.0,0.840022,1,0.5553,0.5,479
2023-05-01,1e-06,0.004753,0.004752,0.004753,1840024.0,1188721.0,840024.0,0.840024,1,0.5563,0.55,480
2023-05-02,-0.005208,-0.007797,-0.002589,-0.007797,1830442.0,1179453.0,830442.0,0.830442,0,0.5551,0.5,481
2023-05-08,-0.007009,-0.009372,-0.002363,-0.009372,1817612.0,1168399.0,817612.0,0.817612,0,0.5539,0.5,482
2023-05-09,0.004579,0.013278,0.008699,0.013278,1825935.0,1183914.0,825935.0,0.825935,1,0.5549,0.55,483
2023-05-10,0.006267,-0.005226,-0.011494,-0.005226,1837379.0,1177726.0,837379.0,0.837379,1,0.5558,0.55,484
2023-05-11,-0.008967,-0.000514,0.008453,-0.000514,1820903.0,1177121.0,820903.0,0.820903,0,0.5546,0.5,485
2023-05-12,0.021088,0.015666,-0.005422,0.015666,1859302.0,1195562.0,859302.0,0.859302,1,0.5556,0.5,486
2023-05-15,-0.008429,-0.001993,0.006437,-0.001993,1843629.0,1193179.0,843629.0,0.843629,0,0.5544,0.45,487
2023-05-16,-0.013044,-0.005625,0.007419,-0.005625,1819582.0,1186468.0,819582.0,0.819582,0,0.5533,0.45,488
2023-05-17,-0.010457,-0.006442,0.004015,-0.006442,1800554.0,1178824.0,800554.0,0.800554,0,0.5521,0.45,489
2023-05-18,0.022459,0.006866,-0.015594,0.006866,1840994.0,1186917.0,840994.0,0.840994,1,0.5531,0.5,490
2023-05-19,-0.00779,-0.005088,0.002703,-0.005088,1826652.0,1180879.0,826652.0,0.826652,0,0.5519,0.5,491
2023-05-22,9.8e-05,0.013054,0.012956,0.013054,1826831.0,1196294.0,826831.0,0.826831,1,0.5528,0.55,492
2023-05-23,-0.003431,-0.00787,-0.004439,-0.00787,1820564.0,1186879.0,820564.0,0.820564,0,0.5517,0.55,493
2023-05-24,0.007724,0.010152,0.002428,0.010152,1834626.0,1198929.0,834626.0,0.834626,1,0.5526,0.55,494
2023-05-25,-0.005411,-0.002622,0.00279,-0.002622,1824699.0,1195785.0,824699.0,0.824699,0,0.5515,0.5,495
2023-05-26,-0.004998,-0.005702,-0.000704,-0.005702,1815579.0,1188967.0,815579.0,0.815579,0,0.5504,0.5,496
2023-05-30,0.005339,0.002625,-0.002714,0.002625,1825273.0,1192088.0,825273.0,0.825273,1,0.5513,0.5,497
2023-05-31,-0.005252,-0.007387,-0.002135,-0.007387,1815686.0,1183281.0,815686.0,0.815686,0,0.5502,0.45,498
2023-06-01,-0.004529,0.009902,0.014431,0.009902,1807463.0,1194998.0,807463.0,0.807463,0,0.5491,0.4,499
2023-06-02,-0.000547,0.00871,0.009257,0.00871,1806474.0,1205406.0,806474.0,0.806474,0,0.548,0.35,500
2023-06-05,0.008616,0.003138,-0.005478,0.003138,1822038.0,1209189.0,822038.0,0.822038,1,0.5489,0.4,501
2023-06-06,-0.01225,0.010534,0.022784,0.010534,1799719.0,1221927.0,799719.0,0.799719,0,0.5478,0.4,502
2023-06-07,0.010887,-3.9e-05,-0.010926,-3.9e-05,1819312.0,1221879.0,819312.0,0.819312,1,0.5487,0.4,503
2023-06-08,-0.008469,-0.008858,-0.000389,-0.008858,1803904.0,1211055.0,803904.0,0.803904,0,0.5476,0.35,504
2023-06-09,0.002802,0.008069,0.005268,0.008069,1808958.0,1220828.0,808958.0,0.808958,1,0.5485,0.4,505
2023-06-12,-0.004353,6.9e-05,0.004422,6.9e-05,1801083.0,1220912.0,801083.0,0.801083,0,0.5474,0.35,506
2023-06-13,-0.00486,-0.001431,0.003429,-0.001431,1792329.0,1219165.0,792329.0,0.792329,0,0.5464,0.35,507
2023-06-14,0.011704,0.009501,-0.002204,0.009501,1813307.0,1230748.0,813307.0,0.813307,1,0.5472,0.4,508
2023-06-15,-0.007367,-0.004694,0.002673,-0.004694,1799948.0,1224970.0,799948.0,0.799948,0,0.5462,0.4,509
2023-06-16,-0.001389,0.008767,0.010156,0.008767,1797448.0,1235710.0,797448.0,0.797448,0,0.5451,0.35,510
2023-06-20,0.001608,-0.002085,-0.003694,-0.002085,1800340.0,1233133.0,800340.0,0.80034,1,0.546,0.4,511
2023-06-21,-0.023484,0.007279,0.030763,0.007279,1758060.0,1242109.0,758060.0,0.75806,0,0.5449,0.35,512
2023-06-22,0.006478,0.004269,-0.002209,0.004269,1769449.0,1247412.0,769449.0,0.769449,1,0.5458,0.4,513
2023-06-23,0.01481,-0.003599,-0.018409,-0.003599,1795654.0,1242922.0,795654.0,0.795654,1,0.5467,0.4,514
2023-06-26,0.005177,0.001125,-0.004052,0.001125,1804951.0,1244321.0,804951.0,0.804951,1,0.5476,0.45,515
2023-06-27,0.001625,-0.004134,-0.005759,-0.004134,1807884.0,1239176.0,807884.0,0.807884,1,0.5484,0.5,516
2023-06-28,-0.000281,0.011462,0.011743,0.011462,1807376.0,1253380.0,807376.0,0.807376,0,0.5474,0.45,517
2023-06-29,-0.004726,-0.009326,-0.0046,-0.009326,1798835.0,1241690.0,798835.0,0.798835,0,0.5463,0.45,518
2023-06-30,-0.002225,-0.005276,-0.003051,-0.005276,1794832.0,1235138.0,794832.0,0.794832,0,0.5453,0.45,519
2023-07-03,-0.006186,0.004863,0.011049,0.004863,1783730.0,1241145.0,783730.0,0.78373,0,0.5442,0.45,520
2023-07-05,-0.002103,5.1e-05,0.002155,5.1e-05,1779978.0,1241209.0,779978.0,0.779978,0,0.5432,0.4,521
2023-07-06,0.005774,-0.0016,-0.007374,-0.0016,1790256.0,1239224.0,790256.0,0.790256,1,0.5441,0.45,522
2023-07-07,-0.005137,-0.006708,-0.00157,-0.006708,1781059.0,1230911.0,781059.0,0.781059,0,0.543,0.4,523
2023-07-10,-0.003292,-0.00971,-0.006417,-0.00971,1775194.0,1218960.0,775194.0,0.775194,0,0.542,0.4,524
2023-07-11,0.002216,-0.008485,-0.010701,-0.008485,1779128.0,1208617.0,779128.0,0.779128,1,0.5429,0.4,525
2023-07-12,-0.006173,-0.013744,-0.007571,-0.013744,1768145.0,1192006.0,768145.0,0.768145,0,0.5418,0.4,526
2023-07-13,-0.000574,0.006152,0.006726,0.006152,1767130.0,1199340.0,767130.0,0.76713,0,0.5408,0.4,527
2023-07-14,-0.014876,-0.019768,-0.004892,-0.019768,1740842.0,1175631.0,740842.0,0.740842,0,0.5398,0.35,528
2023-07-18,-0.001928,0.006864,0.008792,0.006864,1737485.0,1183700.0,737485.0,0.737485,0,0.5388,0.35,529
2023-07-19,-0.002512,0.001153,0.003664,0.001153,1733121.0,1185065.0,733121.0,0.733121,0,0.5377,0.35,530
2023-07-20,-0.001034,-0.004372,-0.003338,-0.004372,1731330.0,1179884.0,731330.0,0.73133,0,0.5367,0.3,531
2023-07-21,0.008866,0.013693,0.004827,0.013693,1746680.0,1196040.0,746680.0,0.74668,1,0.5376,0.35,532
2023-07-24,0.00308,0.004554,0.001474,0.004554,1752060.0,1201487.0,752060.0,0.75206,1,0.5385,0.35,533
2023-07-25,0.009034,0.004045,-0.004989,0.004045,1767889.0,1206347.0,767889.0,0.767889,1,0.5393,0.35,534
2023-07-26,0.008286,0.001748,-0.006538,0.001748,1782537.0,1208456.0,782537.0,0.782537,1,0.5402,0.35,535
2023-07-27,-0.000152,0.008302,0.008454,0.008302,1782266.0,1218489.0,782266.0,0.782266,0,0.5392,0.3,536
2023-07-28,0.002906,0.009435,0.006529,0.009435,1787445.0,1229985.0,787445.0,0.787445,1,0.54,0.35,537
2023-07-31,0.003533,0.003687,0.000154,0.003687,1793760.0,1234520.0,793760.0,0.79376,1,0.5409,0.4,538
2023-08-01,-0.014415,-0.000216,0.014198,-0.000216,1767904.0,1234253.0,767904.0,0.767904,0,0.5399,0.4,539
2023-08-02,0.009595,-0.003204,-0.012799,-0.003204,1784868.0,1230299.0,784868.0,0.784868,1,0.5407,0.45,540
2023-08-03,0.00052,-0.005543,-0.006063,-0.005543,1785795.0,1223479.0,785795.0,0.785795,1,0.5416,0.5,541
2023-08-04,0.003552,0.010125,0.006573,0.010125,1792138.0,1235867.0,792138.0,0.792138,1,0.5424,0.5,542
2023-08-07,0.012789,0.011096,-0.001693,0.011096,1815057.0,1249579.0,815057.0,0.815057,1,0.5433,0.55,543
2023-08-08,-0.007663,-0.002844,0.004819,-0.002844,1801148.0,1246026.0,801148.0,0.801148,0,0.5423,0.55,544
2023-08-09,0.006514,0.001831,-0.004683,0.001831,1812881.0,1248307.0,812881.0,0.812881,1,0.5431,0.55,545
2023-08-10,0.012557,0.021421,0.008864,0.021421,1835645.0,1275047.0,835645.0,0.835645,1,0.544,0.6,546
2023-08-14,-0.007249,-0.012855,-0.005606,-0.012855,1822338.0,1258656.0,822338.0,0.822338,0,0.543,0.6,547
2023-08-15,0.006127,0.003147,-0.00298,0.003147,1833504.0,1262617.0,833504.0,0.833504,1,0.5438,0.65,548
2023-08-16,0.01429,0.004873,-0.009418,0.004873,1859705.0,1268769.0,859705.0,0.859705,1,0.5446,0.7,549
2023-08-17,-0.011772,-0.005793,0.005979,-0.005793,1837812.0,1261419.0,837812.0,0.837812,0,0.5436,0.7,550
2023-08-18,0.013052,0.001828,-0.011224,0.001828,1861799.0,1263725.0,861799.0,0.861799,1,0.5445,0.75,551
2023-08-21,0.005047,0.003847,-0.0012,0.003847,1871195.0,1268587.0,871195.0,0.871195,1,0.5453,0.75,552
2023-08-22,-0.00708,0.0029,0.009981,0.0029,1857946.0,1272266.0,857946.0,0.857946,0,0.5443,0.7,553
2023-08-23,0.004011,0.010081,0.00607,0.010081,1865398.0,1285091.0,865398.0,0.865398,1,0.5451,0.7,554
2023-08-24,0.001776,0.007154,0.005379,0.007154,1868710.0,1294285.0,868710.0,0.86871,1,0.5459,0.7,555
2023-08-25,-0.002059,0.003642,0.005701,0.003642,1864863.0,1298999.0,864863.0,0.864863,0,0.545,0.7,556
2023-08-28,-0.007356,0.001315,0.008671,0.001315,1851145.0,1300707.0,851145.0,0.851145,0,0.544,0.65,557
2023-08-29,-0.008186,-0.003554,0.004632,-0.003554,1835992.0,1296085.0,835992.0,0.835992,0,0.543,0.6,558
2023-08-30,-0.003467,-0.001104,0.002363,-0.001104,1829627.0,1294654.0,829627.0,0.829627,0,0.542,0.6,559
2023-08-31,-0.001655,0.002689,0.004345,0.002689,1826598.0,1298135.0,826598.0,0.826598,0,0.5411,0.55,560
2023-09-01,0.006869,0.011644,0.004775,0.011644,1839145.0,1313251.0,839145.0,0.839145,1,0.5419,0.55,561
2023-09-05,-0.004195,-0.004719,-0.000524,-0.004719,1831429.0,1307053.0,831429.0,0.831429,0,0.5409,0.5,562
2023-09-06,-0.013072,-0.004712,0.00836,-0.004712,1807488.0,1300894.0,807488.0,0.807488,0,0.54,0.45,563
2023-09-07,-0.006926,-0.004446,0.00248,-0.004446,1794970.0,1295110.0,794970.0,0.79497,0,0.539,0.45,564
2023-09-08,0.009084,0.002687,-0.006397,0.002687,1811276.0,1298590.0,811276.0,0.811276,1,0.5398,0.45,565
2023-09-11,-0.009887,-0.00323,0.006657,-0.00323,1793367.0,1294395.0,793367.0,0.793367,0,0.5389,0.4,566
2023-09-12,0.012313,0.009152,-0.003161,0.009152,1815449.0,1306242.0,815449.0,0.815449,1,0.5397,0.45,567
2023-09-13,0.00527,0.002508,-0.002762,0.002508,1825016.0,1309518.0,825016.0,0.825016,1,0.5405,0.45,568
2023-09-14,-0.000336,0.007142,0.007477,0.007142,1824404.0,1318870.0,824404.0,0.824404,0,0.5395,0.4,569
2023-09-15,-0.011969,-0.001159,0.01081,-0.001159,1802566.0,1317341.0,802566.0,0.802566,0,0.5386,0.4,570
2023-09-19,0.00849,0.007456,-0.001034,0.007456,1817870.0,1327163.0,817870.0,0.81787,1,0.5394,0.4,571
2023-09-20,0.002568,-0.016257,-0.018825,-0.016257,1822538.0,1305588.0,822538.0,0.822538,1,0.5402,0.4,572
2023-09-21,0.005143,0.002883,-0.00226,0.002883,1831912.0,1309352.0,831912.0,0.831912,1,0.541,0.45,573
2023-09-22,-0.021119,-0.003371,0.017747,-0.003371,1793224.0,1304937.0,793224.0,0.793224,0,0.5401,0.4,574
2023-09-25,0.009919,0.00327,-0.006649,0.00327,1811011.0,1309204.0,811011.0,0.811011,1,0.5409,0.4,575
2023-09-26,0.002171,0.000382,-0.00179,0.000382,1814943.0,1309704.0,814943.0,0.814943,1,0.5417,0.45,576
2023-09-27,-0.001795,0.003426,0.005222,0.003426,1811684.0,1314191.0,811684.0,0.811684,0,0.5407,0.45,577
2023-09-28,-0.007663,-0.006847,0.000816,-0.006847,1797802.0,1305193.0,797802.0,0.797802,0,0.5398,0.45,578
2023-09-29,-0.002994,-0.015804,-0.01281,-0.015804,1792420.0,1284566.0,792420.0,0.79242,0,0.5389,0.45,579
2023-10-02,-0.001737,-0.013086,-0.011349,-0.013086,1789306.0,1267756.0,789306.0,0.789306,0,0.5379,0.45,580
2023-10-03,-0.002728,-0.024336,-0.021608,-0.024336,1784424.0,1236904.0,784424.0,0.784424,0,0.537,0.4,581
2023-10-04,0.008595,-0.012039,-0.020634,-0.012039,1799761.0,1222012.0,799761.0,0.799761,1,0.5378,0.45,582
2023-10-05,-0.00735,0.009105,0.016455,0.009105,1786533.0,1233139.0,786533.0,0.786533,0,0.5369,0.45,583
2023-10-06,-0.003791,0.001302,0.005093,0.001302,1779759.0,1234744.0,779759.0,0.779759,0,0.536,0.45,584
2023-10-10,-0.001028,0.00447,0.005498,0.00447,1777930.0,1240264.0,777930.0,0.77793,0,0.535,0.4,585
2023-10-11,-0.001585,-0.003763,-0.002179,-0.003763,1775112.0,1235596.0,775112.0,0.775112,0,0.5341,0.4,586
2023-10-12,0.017016,0.016627,-0.000388,0.016627,1805318.0,1256141.0,805318.0,0.805318,1,0.5349,0.4,587
2023-10-13,0.001373,-0.004516,-0.005888,-0.004516,1807795.0,1250468.0,807795.0,0.807795,1,0.5357,0.4,588
2023-10-16,-0.009876,-0.015389,-0.005514,-0.015389,1789942.0,1231224.0,789942.0,0.789942,0,0.5348,0.4,589
2023-10-17,0.002104,-0.002899,-0.005003,-0.002899,1793708.0,1227655.0,793708.0,0.793708,1,0.5356,0.45,590
2023-10-18,0.009509,0.01075,0.001241,0.01075,1810765.0,1240852.0,810765.0,0.810765,1,0.5364,0.45,591
2023-10-19,0.007168,0.000726,-0.006442,0.000726,1823745.0,1241753.0,823745.0,0.823745,1,0.5372,0.45,592
2023-10-20,-0.006769,-0.001115,0.005654,-0.001115,1811399.0,1240369.0,811399.0,0.811399,0,0.5363,0.4,593
2023-10-23,0.007914,-0.00092,-0.008834,-0.00092,1825734.0,1239227.0,825734.0,0.825734,1,0.537,0.45,594
2023-10-24,-0.002071,-0.002111,-3.9e-05,-0.002111,1821952.0,1236612.0,821952.0,0.821952,0,0.5361,0.4,595
2023-10-25,-0.001243,0.001962,0.003206,0.001962,1819687.0,1239038.0,819687.0,0.819687,0,0.5352,0.35,596
2023-10-26,0.010508,7.4e-05,-0.010434,7.4e-05,1838809.0,1239130.0,838809.0,0.838809,1,0.536,0.4,597
2023-10-27,0.009582,0.011919,0.002337,0.011919,1856428.0,1253899.0,856428.0,0.856428,1,0.5368,0.45,598
2023-10-30,-0.013732,-0.002632,0.011101,-0.002632,1830935.0,1250599.0,830935.0,0.830935,0,0.5359,0.45,599
2023-10-31,0.004628,0.003048,-0.001581,0.003048,1839409.0,1254411.0,839409.0,0.839409,1,0.5367,0.5,600
2023-11-01,-0.008714,0.00367,0.012384,0.00367,1823381.0,1259015.0,823381.0,0.823381,0,0.5358,0.5,601
2023-11-02,0.005156,-0.001827,-0.006983,-0.001827,1832782.0,1256714.0,832782.0,0.832782,1,0.5365,0.5,602
2023-11-06,-0.000297,-0.002903,-0.002606,-0.002903,1832237.0,1253066.0,832237.0,0.832237,0,0.5357,0.5,603
2023-11-07,0.003478,-0.00496,-0.008438,-0.00496,1838610.0,1246851.0,838610.0,0.83861,1,0.5364,0.55,604
2023-11-08,0.015084,-0.020113,-0.035196,-0.020113,1866343.0,1221773.0,866343.0,0.866343,1,0.5372,0.6,605
2023-11-09,0.012454,0.015807,0.003353,0.015807,1889587.0,1241086.0,889587.0,0.889587,1,0.538,0.65,606
2023-11-10,0.011539,0.019519,0.00798,0.019519,1911392.0,1265311.0,911392.0,0.911392,1,0.5387,0.65,607
2023-11-13,0.003543,-0.001767,-0.00531,-0.001767,1918164.0,1263075.0,918164.0,0.918164,1,0.5395,0.65,608
2023-11-14,-0.000842,0.000111,0.000954,0.000111,1916548.0,1263215.0,916548.0,0.916548,0,0.5386,0.65,609
2023-11-15,0.002882,0.003794,0.000912,0.003794,1922073.0,1268009.0,922073.0,0.922073,1,0.5393,0.65,610
2023-11-16,-0.01056,-0.0108,-0.00024,-0.0108,1901775.0,1254314.0,901775.0,0.901775,0,0.5385,0.6,611
2023-11-17,-0.011387,0.007089,0.018476,0.007089,1880120.0,1263206.0,880120.0,0.88012,0,0.5376,0.55,612
2023-11-20,0.001889,-0.002361,-0.00425,-0.002361,1883672.0,1260224.0,883672.0,0.883672,1,0.5383,0.6,613
2023-11-21,0.003064,-0.002216,-0.005279,-0.002216,1889443.0,1257431.0,889443.0,0.889443,1,0.5391,0.6,614
2023-11-22,0.002062,0.007995,0.005933,0.007995,1893339.0,1267484.0,893339.0,0.893339,1,0.5398,0.65,615
2023-11-24,-0.006161,-0.007392,-0.001232,-0.007392,1881675.0,1258115.0,881675.0,0.881675,0,0.539,0.65,616
2023-11-27,-0.002989,-0.009247,-0.006259,-0.009247,1876051.0,1246480.0,876051.0,0.876051,0,0.5381,0.6,617
2023-11-28,0.001696,-0.002533,-0.004229,-0.002533,1879232.0,1243323.0,879232.0,0.879232,1,0.5388,0.6,618
2023-11-29,-0.006079,-0.011394,-0.005315,-0.011394,1867808.0,1229157.0,867808.0,0.867808,0,0.538,0.6,619
2023-11-30,-0.006506,0.000766,0.007272,0.000766,1855656.0,1230098.0,855656.0,0.855656,0,0.5371,0.55,620
2023-12-01,-0.003651,-0.003954,-0.000302,-0.003954,1848880.0,1225235.0,848880.0,0.84888,0,0.5362,0.55,621
2023-12-04,-0.008096,-0.007527,0.000569,-0.007527,1833912.0,1216012.0,833912.0,0.833912,0,0.5354,0.5,622
2023-12-05,0.007914,0.000829,-0.007085,0.000829,1848426.0,1217021.0,848426.0,0.848426,1,0.5361,0.55,623
2023-12-06,-0.000912,0.011168,0.01208,0.011168,1846740.0,1230612.0,846740.0,0.84674,0,0.5353,0.5,624
2023-12-07,-0.012163,-0.008097,0.004066,-0.008097,1824278.0,1220649.0,824278.0,0.824278,0,0.5344,0.45,625
2023-12-08,-0.00049,-0.010972,-0.010482,-0.010972,1823384.0,1207256.0,823384.0,0.823384,0,0.5335,0.4,626
2023-12-11,-0.004703,-0.00439,0.000314,-0.00439,1814808.0,1201957.0,814808.0,0.814808,0,0.5327,0.35,627
2023-12-12,0.002491,-0.004225,-0.006716,-0.004225,1819329.0,1196879.0,819329.0,0.819329,1,0.5334,0.35,628
2023-12-13,-0.004963,-0.008588,-0.003625,-0.008588,1810299.0,1186600.0,810299.0,0.810299,0,0.5326,0.35,629
2023-12-14,-0.001409,-0.023048,-0.021638,-0.023048,1807748.0,1159252.0,807748.0,0.807748,0,0.5317,0.3,630
2023-12-15,0.01007,0.002117,-0.007953,0.002117,1825951.0,1161706.0,825951.0,0.825951,1,0.5325,0.35,631
2023-12-18,0.006266,0.002317,-0.003948,0.002317,1837392.0,1164398.0,837392.0,0.837392,1,0.5332,0.4,632
2023-12-19,-3.9e-05,-0.000506,-0.000467,-0.000506,1837320.0,1163808.0,837320.0,0.83732,0,0.5324,0.35,633
2023-12-20,0.000922,0.003416,0.002494,0.003416,1839013.0,1167783.0,839013.0,0.839013,1,0.5331,0.35,634
2023-12-21,0.007642,-0.000851,-0.008493,-0.000851,1853067.0,1166789.0,853067.0,0.853067,1,0.5339,0.35,635
2023-12-22,-0.004007,0.005153,0.00916,0.005153,1845642.0,1172802.0,845642.0,0.845642,0,0.533,0.35,636
2023-12-26,-0.000993,-0.000867,0.000126,-0.000867,1843810.0,1171786.0,843810.0,0.84381,0,0.5322,0.35,637
2023-12-27,0.009331,0.012072,0.002741,0.012072,1861014.0,1185931.0,861014.0,0.861014,1,0.5329,0.35,638
2023-12-28,0.000685,0.002605,0.001921,0.002605,1862288.0,1189021.0,862288.0,0.862288,1,0.5336,0.4,639
2023-12-29,0.002075,-0.001388,-0.003463,-0.001388,1866152.0,1187371.0,866152.0,0.866152,1,0.5344,0.45,640
2024-01-04,-0.002186,0.014371,0.016556,0.014371,1862074.0,1204434.0,862074.0,0.862074,0,0.5335,0.45,641
2024-01-05,-0.004851,-0.001019,0.003833,-0.001019,1853040.0,1203207.0,853040.0,0.85304,0,0.5327,0.45,642
2024-01-09,-0.01196,-0.011299,0.000661,-0.011299,1830878.0,1189612.0,830878.0,0.830878,0,0.5319,0.4,643
2024-01-10,0.00542,0.010869,0.005449,0.010869,1840802.0,1202542.0,840802.0,0.840802,1,0.5326,0.45,644
2024-01-11,-0.002485,0.001787,0.004272,0.001787,1836228.0,1204690.0,836228.0,0.836228,0,0.5318,0.45,645
2024-01-12,0.011676,0.010016,-0.001661,0.010016,1857668.0,1216756.0,857668.0,0.857668,1,0.5325,0.5,646
2024-01-16,-0.001557,0.01195,0.013507,0.01195,1854776.0,1231296.0,854776.0,0.854776,0,0.5317,0.5,647
2024-01-17,0.003603,-0.008415,-0.012019,-0.008415,1861459.0,1220934.0,861459.0,0.861459,1,0.5324,0.5,648
2024-01-18,-0.001828,-0.001958,-0.00013,-0.001958,1858056.0,1218544.0,858056.0,0.858056,0,0.5316,0.5,649
2024-01-19,-0.005573,-0.010055,-0.004482,-0.010055,1847701.0,1206292.0,847701.0,0.847701,0,0.5308,0.5,650
2024-01-22,-0.002874,0.002751,0.005625,0.002751,1842392.0,1209611.0,842392.0,0.842392,0,0.53,0.45,651
2024-01-23,-0.00242,-0.003277,-0.000858,-0.003277,1837934.0,1205647.0,837934.0,0.837934,0,0.5291,0.4,652
2024-01-24,0.000633,-0.006709,-0.007341,-0.006709,1839097.0,1197558.0,839097.0,0.839097,1,0.5299,0.45,653
2024-01-25,-0.004875,-0.000137,0.004739,-0.000137,1830130.0,1197395.0,830130.0,0.83013,0,0.5291,0.4,654
2024-01-26,-0.010164,-0.011365,-0.001201,-0.011365,1811529.0,1183786.0,811529.0,0.811529,0,0.5282,0.35,655
2024-01-29,0.004385,0.013572,0.009187,0.013572,1819474.0,1199853.0,819474.0,0.819474,1,0.529,0.4,656
2024-01-30,-0.001271,-0.005808,-0.004537,-0.005808,1817161.0,1192884.0,817161.0,0.817161,0,0.5282,0.4,657
2024-01-31,-0.000188,0.010438,0.010627,0.010438,1816819.0,1205336.0,816819.0,0.816819,0,0.5274,0.35,658
2024-02-01,0.004694,0.004681,-1.3e-05,0.004681,1825347.0,1210978.0,825347.0,0.825347,1,0.5281,0.35,659
2024-02-02,-0.002423,-0.007144,-0.00472,-0.007144,1820923.0,1202327.0,820923.0,0.820923,0,0.5273,0.3,660
2024-02-05,0.005159,0.004037,-0.001122,0.004037,1830318.0,1207181.0,830318.0,0.830318,1,0.528,0.35,661
2024-02-06,0.007782,-0.006026,-0.013808,-0.006026,1844561.0,1199906.0,844561.0,0.844561,1,0.5287,0.4,662
2024-02-07,0.001804,0.002322,0.000518,0.002322,1847888.0,1202692.0,847888.0,0.847888,1,0.5294,0.45,663
2024-02-08,-0.00842,-0.004559,0.003862,-0.004559,1832328.0,1197209.0,832328.0,0.832328,0,0.5286,0.4,664
2024-02-09,0.002284,0.002747,0.000463,0.002747,1836513.0,1200498.0,836513.0,0.836513,1,0.5293,0.45,665
2024-02-13,-0.002359,0.002589,0.004948,0.002589,1832181.0,1203606.0,832181.0,0.832181,0,0.5285,0.4,666
2024-02-14,-0.005041,-0.008413,-0.003372,-0.008413,1822945.0,1193480.0,822945.0,0.822945,0,0.5277,0.4,667
2024-02-15,-0.00163,-0.008798,-0.007168,-0.008798,1819974.0,1182980.0,819974.0,0.819974,0,0.5269,0.35,668
2024-02-16,0.001689,0.00775,0.006062,0.00775,1823047.0,1192149.0,823047.0,0.823047,1,0.5277,0.4,669
2024-02-20,0.009268,-0.00084,-0.010108,-0.00084,1839943.0,1191147.0,839943.0,0.839943,1,0.5284,0.45,670
2024-02-21,0.0126,0.004292,-0.008309,0.004292,1863127.0,1196259.0,863127.0,0.863127,1,0.5291,0.5,671
2024-02-22,0.006958,0.006461,-0.000497,0.006461,1876091.0,1203988.0,876091.0,0.876091,1,0.5298,0.55,672
2024-02-26,0.008433,0.004398,-0.004035,0.004398,1891912.0,1209284.0,891912.0,0.891912,1,0.5305,0.55,673
2024-02-27,0.007634,-0.003548,-0.011182,-0.003548,1906355.0,1204993.0,906355.0,0.906355,1,0.5312,0.6,674
2024-02-28,0.017109,0.006619,-0.01049,0.006619,1938972.0,1212969.0,938972.0,0.938972,1,0.5319,0.65,675
2024-02-29,-0.000104,0.002982,0.003087,0.002982,1938770.0,1216587.0,938770.0,0.93877,0,0.5311,0.6,676
2024-03-01,0.018385,0.016634,-0.001751,0.016634,1974415.0,1236824.0,974415.0,0.974415,1,0.5318,0.65,677
2024-03-04,0.011827,-0.00612,-0.017947,-0.00612,1997767.0,1229255.0,997767.0,0.997767,1,0.5324,0.7,678
2024-03-05,-0.008978,0.004152,0.01313,0.004152,1979831.0,1234359.0,979831.0,0.979831,0,0.5317,0.65,679
2024-03-06,-0.005338,0.003959,0.009297,0.003959,1969262.0,1239246.0,969262.0,0.969262,0,0.5309,0.65,680
2024-03-07,0.00687,-0.003484,-0.010353,-0.003484,1982790.0,1234928.0,982790.0,0.98279,1,0.5316,0.65,681
2024-03-08,-0.003137,0.001583,0.00472,0.001583,1976571.0,1236883.0,976571.0,0.976571,0,0.5308,0.6,682
2024-03-11,-0.016911,-0.024376,-0.007465,-0.024376,1943145.0,1206733.0,943145.0,0.943145,0,0.53,0.55,683
2024-03-12,0.001024,0.002554,0.00153,0.002554,1945134.0,1209815.0,945134.0,0.945134,1,0.5307,0.6,684
2024-03-13,0.011452,-0.004701,-0.016154,-0.004701,1967410.0,1204128.0,967410.0,0.96741,1,0.5314,0.6,685
2024-03-14,-0.007395,0.000861,0.008256,0.000861,1952861.0,1205165.0,952861.0,0.952861,0,0.5306,0.6,686
2024-03-15,-0.003284,0.007335,0.010619,0.007335,1946447.0,1214005.0,946447.0,0.946447,0,0.5298,0.6,687
2024-03-18,0.015817,0.010371,-0.005446,0.010371,1977234.0,1226594.0,977234.0,0.977234,1,0.5305,0.65,688
2024-03-19,-0.005339,0.002935,0.008274,0.002935,1966678.0,1230195.0,966678.0,0.966678,0,0.5298,0.6,689
2024-03-21,-0.007035,0.010687,0.017722,0.010687,1952842.0,1243342.0,952842.0,0.952842,0,0.529,0.55,690
2024-03-22,-0.006852,-0.008522,-0.00167,-0.008522,1939462.0,1232746.0,939462.0,0.939462,0,0.5282,0.5,691
2024-03-25,0.006988,-0.00546,-0.012448,-0.00546,1953015.0,1226015.0,953015.0,0.953015,1,0.5289,0.5,692
2024-03-26,-0.005306,-0.000231,0.005076,-0.000231,1942651.0,1225732.0,942651.0,0.942651,0,0.5281,0.45,693
2024-03-27,0.002437,0.002268,-0.00017,0.002268,1947386.0,1228512.0,947386.0,0.947386,1,0.5288,0.45,694
2024-03-28,0.003221,-0.006406,-0.009627,-0.006406,1953659.0,1220642.0,953659.0,0.953659,1,0.5295,0.45,695
2024-04-01,0.000795,-0.008558,-0.009354,-0.008558,1955212.0,1210196.0,955212.0,0.955212,1,0.5302,0.5,696
2024-04-02,0.003921,-0.008946,-0.012867,-0.008946,1962879.0,1199369.0,962879.0,0.962879,1,0.5308,0.5,697
2024-04-03,0.009299,0.011803,0.002504,0.011803,1981133.0,1213525.0,981133.0,0.981133,1,0.5315,0.5,698
2024-04-04,0.004066,0.001402,-0.002664,0.001402,1989188.0,1215227.0,989188.0,0.989188,1,0.5322,0.55,699
2024-04-05,-0.003772,-0.001816,0.001956,-0.001816,1981684.0,1213020.0,981684.0,0.981684,0,0.5314,0.55,700
2024-04-08,-0.004238,-0.001648,0.00259,-0.001648,1973286.0,1211021.0,973286.0,0.973286,0,0.5307,0.5,701
2024-04-09,0.008607,0.005953,-0.002654,0.005953,1990271.0,1218230.0,990271.0,0.990271,1,0.5313,0.55,702
2024-04-10,-0.004357,-0.003166,0.001191,-0.003166,1981599.0,1214373.0,981599.0,0.981599,0,0.5306,0.55,703
2024-04-11,-0.012848,0.012739,0.025587,0.012739,1956140.0,1229843.0,956140.0,0.95614,0,0.5298,0.5,704
2024-04-12,-0.003303,-0.001475,0.001828,-0.001475,1949680.0,1228030.0,949680.0,0.94968,0,0.5291,0.45,705
2024-04-15,0.004082,0.010763,0.006681,0.010763,1957638.0,1241247.0,957638.0,0.957638,1,0.5297,0.5,706
2024-04-16,0.014555,-0.009135,-0.023691,-0.009135,1986132.0,1229908.0,986132.0,0.986132,1,0.5304,0.55,707
2024-04-17,-0.004415,-0.022523,-0.018108,-0.022523,1977364.0,1202207.0,977364.0,0.977364,0,0.5297,0.5,708
2024-04-18,-0.011376,0.006188,0.017564,0.006188,1954869.0,1209646.0,954869.0,0.954869,0,0.5289,0.5,709
2024-04-19,-0.004958,-0.000832,0.004125,-0.000832,1945178.0,1208639.0,945178.0,0.945178,0,0.5282,0.5,710
2024-04-22,-0.008208,0.005934,0.014142,0.005934,1929212.0,1215811.0,929212.0,0.929212,0,0.5274,0.5,711
2024-04-23,0.002374,-0.002705,-0.005079,-0.002705,1933792.0,1212522.0,933792.0,0.933792,1,0.5281,0.5,712
2024-04-24,-0.009361,0.001918,0.011279,0.001918,1915690.0,1214848.0,915690.0,0.91569,0,0.5273,0.5,713
2024-04-25,0.000728,-0.007595,-0.008322,-0.007595,1917084.0,1205621.0,917084.0,0.917084,1,0.528,0.5,714
2024-04-26,-0.005695,0.002068,0.007763,0.002068,1906166.0,1208114.0,906166.0,0.906166,0,0.5273,0.45,715
2024-04-30,-0.003593,0.008689,0.012283,0.008689,1899316.0,1218612.0,899316.0,0.899316,0,0.5265,0.4,716
2024-05-01,0.009687,0.006285,-0.003402,0.006285,1917716.0,1226271.0,917716.0,0.917716,1,0.5272,0.4,717
2024-05-02,-0.00021,0.005665,0.005875,0.005665,1917313.0,1233218.0,917313.0,0.917313,0,0.5265,0.35,718
2024-05-07,-0.000322,-0.007238,-0.006916,-0.007238,1916696.0,1224292.0,916696.0,0.916696,0,0.5257,0.3,719
2024-05-08,0.005022,-0.008003,-0.013025,-0.008003,1926323.0,1214495.0,926323.0,0.926323,1,0.5264,0.35,720
2024-05-09,-0.008241,-0.004608,0.003633,-0.004608,1910448.0,1208898.0,910448.0,0.910448,0,0.5257,0.35,721
2024-05-10,-0.008516,0.007439,0.015955,0.007439,1894179.0,1217891.0,894179.0,0.894179,0,0.5249,0.3,722
2024-05-13,-0.004802,-0.001537,0.003265,-0.001537,1885083.0,1216019.0,885083.0,0.885083,0,0.5242,0.3,723
2024-05-14,-0.010888,-0.00184,0.009048,-0.00184,1864557.0,1213781.0,864557.0,0.864557,0,0.5235,0.3,724
2024-05-15,0.004665,-0.002427,-0.007093,-0.002427,1873256.0,1210835.0,873256.0,0.873256,1,0.5241,0.35,725
2024-05-16,0.00947,-0.000758,-0.010228,-0.000758,1890996.0,1209917.0,890996.0,0.890996,1,0.5248,0.35,726
2024-05-17,-0.007364,0.000935,0.008298,0.000935,1877071.0,1211048.0,877071.0,0.877071,0,0.5241,0.3,727
2024-05-20,0.019982,0.022145,0.002163,0.022145,1914579.0,1237867.0,914579.0,0.914579,1,0.5247,0.35,728
2024-05-21,-0.00414,-0.002316,0.001824,-0.002316,1906652.0,1235000.0,906652.0,0.906652,0,0.524,0.35,729
2024-05-22,0.003781,-0.005937,-0.009718,-0.005937,1913861.0,1227667.0,913861.0,0.913861,1,0.5247,0.4,730
2024-05-23,0.005837,0.004586,-0.001252,0.004586,1925033.0,1233297.0,925033.0,0.925033,1,0.5253,0.45,731
2024-05-24,-0.00242,0.00793,0.01035,0.00793,1920375.0,1243077.0,920375.0,0.920375,0,0.5246,0.4,732
2024-05-28,0.000475,0.006039,0.005565,0.006039,1921287.0,1250584.0,921287.0,0.921287,1,0.5252,0.45,733
2024-05-29,-0.000125,-0.008248,-0.008122,-0.008248,1921046.0,1240270.0,921046.0,0.921046,0,0.5245,0.4,734
2024-05-30,0.003151,0.004347,0.001196,0.004347,1927100.0,1245662.0,927100.0,0.9271,1,0.5252,0.45,735
2024-05-31,0.004276,0.021082,0.016807,0.021082,1935339.0,1271923.0,935339.0,0.935339,1,0.5258,0.5,736
2024-06-03,0.012842,0.007595,-0.005247,0.007595,1960192.0,1281583.0,960192.0,0.960192,1,0.5265,0.5,737
2024-06-04,0.011298,-0.001491,-0.012788,-0.001491,1982338.0,1279673.0,982338.0,0.982338,1,0.5271,0.55,738
2024-06-05,0.011057,0.001843,-0.009213,0.001843,2004257.0,1282032.0,1004257.0,1.004257,1,0.5277,0.6,739
2024-06-06,-0.004429,-0.007555,-0.003125,-0.007555,1995379.0,1272347.0,995379.0,0.995379,0,0.527,0.55,740
2024-06-07,-0.004804,-0.002378,0.002426,-0.002378,1985793.0,1269321.0,985793.0,0.985793,0,0.5263,0.55,741
2024-06-10,0.000253,0.007935,0.007681,0.007935,1986297.0,1279393.0,986297.0,0.986297,1,0.527,0.6,742
2024-06-11,0.010246,0.000612,-0.009634,0.000612,2006649.0,1280176.0,1006649.0,1.006649,1,0.5276,0.65,743
2024-06-12,-0.005233,-0.004499,0.000734,-0.004499,1996148.0,1274416.0,996148.0,0.996148,0,0.5269,0.65,744
2024-06-13,-0.001492,-0.015679,-0.014187,-0.015679,1993169.0,1254434.0,993169.0,0.993169,0,0.5262,0.6,745
2024-06-14,-0.008507,0.00265,0.011157,0.00265,1976212.0,1257758.0,976212.0,0.976212,0,0.5255,0.55,746
2024-06-17,0.017358,-0.002671,-0.020028,-0.002671,2010515.0,1254399.0,1010515.0,1.010515,1,0.5261,0.6,747
2024-06-18,-0.006833,-0.014995,-0.008162,-0.014995,1996776.0,1235589.0,996776.0,0.996776,0,0.5254,0.55,748
2024-06-20,0.000194,0.002033,0.001839,0.002033,1997163.0,1238100.0,997163.0,0.997163,1,0.526,0.6,749
2024-06-21,-0.006707,-0.008882,-0.002175,-0.008882,1983768.0,1227103.0,983768.0,0.983768,0,0.5253,0.55,750
2024-06-24,-0.004345,0.001614,0.00596,0.001614,1975148.0,1229084.0,975148.0,0.975148,0,0.5246,0.5,751
2024-06-25,0.010489,0.020783,0.010294,0.020783,1995865.0,1254628.0,995865.0,0.995865,1,0.5253,0.55,752
2024-06-26,0.003783,0.001041,-0.002742,0.001041,2003416.0,1255934.0,1003416.0,1.003416,1,0.5259,0.55,753
2024-06-27,-0.009026,-0.009867,-0.000841,-0.009867,1985332.0,1243542.0,985332.0,0.985332,0,0.5252,0.55,754
2024-06-28,0.009418,0.003061,-0.006357,0.003061,2004029.0,1247348.0,1004029.0,1.004029,1,0.5258,0.55,755
2024-07-01,0.005556,0.005993,0.000437,0.005993,2015163.0,1254824.0,1015163.0,1.015163,1,0.5265,0.55,756
2024-07-02,-0.011013,0.00497,0.015983,0.00497,1992971.0,1261061.0,992971.0,0.992971,0,0.5258,0.5,757
2024-07-03,-0.009205,-0.006632,0.002573,-0.006632,1974625.0,1252698.0,974625.0,0.974625,0,0.5251,0.45,758
2024-07-05,-0.002842,-0.009438,-0.006596,-0.009438,1969014.0,1240875.0,969014.0,0.969014,0,0.5244,0.4,759
2024-07-08,0.006159,0.001817,-0.004342,0.001817,1981142.0,1243130.0,981142.0,0.981142,1,0.525,0.45,760
2024-07-09,-0.002115,0.005205,0.00732,0.005205,1976951.0,1249600.0,976951.0,0.976951,0,0.5243,0.45,761
2024-07-10,-0.003193,0.004735,0.007928,0.004735,1970639.0,1255517.0,970639.0,0.970639,0,0.5236,0.4,762
2024-07-11,0.010158,0.009219,-0.000939,0.009219,1990657.0,1267092.0,990657.0,0.990657,1,0.5242,0.4,763
2024-07-12,-0.011464,-0.006252,0.005212,-0.006252,1967836.0,1259170.0,967836.0,0.967836,0,0.5236,0.4,764
2024-07-16,-0.004279,-0.008244,-0.003964,-0.008244,1959415.0,1248789.0,959415.0,0.959415,0,0.5229,0.4,765
2024-07-17,-0.004182,-0.000193,0.00399,-0.000193,1951220.0,1248549.0,951220.0,0.95122,0,0.5222,0.4,766
2024-07-18,-0.007111,0.005117,0.012227,0.005117,1937346.0,1254937.0,937346.0,0.937346,0,0.5215,0.35,767
2024-07-19,0.003969,-0.000664,-0.004632,-0.000664,1945034.0,1254104.0,945034.0,0.945034,1,0.5221,0.4,768
2024-07-22,0.007402,-0.002432,-0.009835,-0.002432,1959432.0,1251054.0,959432.0,0.959432,1,0.5228,0.4,769
2024-07-23,0.002696,0.002109,-0.000588,0.002109,1964714.0,1253692.0,964714.0,0.964714,1,0.5234,0.45,770
2024-07-24,-0.00187,-0.017621,-0.015751,-0.017621,1961040.0,1231601.0,961040.0,0.96104,0,0.5227,0.45,771
2024-07-25,0.022116,0.007335,-0.014782,0.007335,2004412.0,1240634.0,1004412.0,1.004412,1,0.5233,0.45,772
2024-07-26,0.00432,0.005144,0.000824,0.005144,2013070.0,1247015.0,1013070.0,1.01307,1,0.5239,0.45,773
2024-07-29,0.002525,0.014093,0.011568,0.014093,2018152.0,1264589.0,1018152.0,1.018152,1,0.5245,0.5,774
2024-07-30,0.000469,3e-05,-0.000439,3e-05,2019099.0,1264627.0,1019099.0,1.019099,1,0.5252,0.5,775
2024-07-31,0.021413,0.03551,0.014097,0.03551,2062333.0,1309534.0,1062333.0,1.062333,1,0.5258,0.5,776
2024-08-01,-0.004671,-0.034166,-0.029495,-0.034166,2052701.0,1264792.0,1052701.0,1.052701,0,0.5251,0.5,777
2024-08-02,0.01296,-0.009673,-0.022633,-0.009673,2079305.0,1252558.0,1079305.0,1.079305,1,0.5257,0.55,778
2024-08-05,0.040519,-0.024017,-0.064536,-0.024017,2163557.0,1222476.0,1163557.0,1.163557,1,0.5263,0.6,779
2024-08-06,0.025978,0.011866,-0.014112,0.011866,2219762.0,1236982.0,1219762.0,1.219762,1,0.5269,0.6,780
2024-08-07,0.007862,0.060279,0.052417,0.060279,2237215.0,1311546.0,1237215.0,1.237215,1,0.5275,0.65,781
2024-08-08,-0.013126,-0.002817,0.010309,-0.002817,2207850.0,1307851.0,1207850.0,1.20785,0,0.5269,0.65,782
2024-08-09,-0.00712,-0.024805,-0.017685,-0.024805,2192131.0,1275411.0,1192131.0,1.192131,0,0.5262,0.6,783
2024-08-13,-0.006793,0.009044,0.015837,0.009044,2177239.0,1286945.0,1177239.0,1.177239,0,0.5255,0.6,784
2024-08-14,-0.006603,0.004193,0.010796,0.004193,2162862.0,1292341.0,1162862.0,1.162862,0,0.5248,0.6,785
2024-08-15,0.010619,0.014545,0.003926,0.014545,2185829.0,1311137.0,1185829.0,1.185829,1,0.5254,0.65,786
2024-08-16,-0.009906,0.001262,0.011168,0.001262,2164177.0,1312792.0,1164177.0,1.164177,0,0.5248,0.65,787
2024-08-19,0.015318,0.005152,-0.010166,0.005152,2197328.0,1319556.0,1197328.0,1.197328,1,0.5254,0.65,788
2024-08-20,0.00572,0.004268,-0.001452,0.004268,2209897.0,1325189.0,1209897.0,1.209897,1,0.526,0.65,789
2024-08-21,-0.00164,0.005125,0.006765,0.005125,2206274.0,1331980.0,1206274.0,1.206274,0,0.5253,0.6,790
2024-08-22,0.004929,0.00823,0.003302,0.00823,2217148.0,1342943.0,1217148.0,1.217148,1,0.5259,0.65,791
2024-08-23,-0.00168,0.004716,0.006396,0.004716,2213423.0,1349276.0,1213423.0,1.213423,0,0.5253,0.6,792
2024-08-26,0.000572,-0.0045,-0.005072,-0.0045,2214688.0,1343204.0,1214688.0,1.214688,1,0.5259,0.6,793
2024-08-27,-0.000808,0.007392,0.0082,0.007392,2212899.0,1353133.0,1212899.0,1.212899,0,0.5252,0.55,794
2024-08-28,0.005938,0.001247,-0.004691,0.001247,2226039.0,1354821.0,1226039.0,1.226039,1,0.5258,0.55,795
2024-08-29,-0.002174,0.00341,0.005584,0.00341,2221200.0,1359441.0,1221200.0,1.2212,0,0.5251,0.5,796
2024-08-30,0.011315,0.005622,-0.005692,0.005622,2246332.0,1367084.0,1246332.0,1.246332,1,0.5257,0.55,797
2024-09-03,0.012492,0.012779,0.000287,0.012779,2274392.0,1384553.0,1274392.0,1.274392,1,0.5263,0.55,798
2024-09-04,0.009095,-0.007594,-0.016689,-0.007594,2295078.0,1374039.0,1295078.0,1.295078,1,0.5269,0.55,799
2024-09-05,-0.011882,-0.005029,0.006853,-0.005029,2267807.0,1367129.0,1267807.0,1.267807,0,0.5262,0.5,800
2024-09-06,0.011354,-0.003207,-0.014561,-0.003207,2293555.0,1362745.0,1293555.0,1.293555,1,0.5268,0.5,801
2024-09-09,-0.005388,0.016207,0.021596,0.016207,2281197.0,1384831.0,1281197.0,1.281197,0,0.5262,0.5,802
2024-09-10,0.005066,-0.003405,-0.008471,-0.003405,2292753.0,1380115.0,1292753.0,1.292753,1,0.5268,0.55,803
2024-09-11,-0.010431,-0.016994,-0.006563,-0.016994,2268836.0,1356661.0,1268836.0,1.268836,0,0.5261,0.55,804
2024-09-12,0.001333,-0.00026,-0.001593,-0.00026,2271861.0,1356308.0,1271861.0,1.271861,1,0.5267,0.6,805
2024-09-13,0.009031,-0.005655,-0.014687,-0.005655,2292379.0,1348637.0,1292379.0,1.292379,1,0.5273,0.6,806
2024-09-17,0.008353,0.002819,-0.005534,0.002819,2311526.0,1352439.0,1311526.0,1.311526,1,0.5279,0.65,807
2024-09-18,0.000118,-0.00992,-0.010038,-0.00992,2311800.0,1339022.0,1311800.0,1.3118,1,0.5285,0.65,808
2024-09-19,0.011557,0.010833,-0.000724,0.010833,2338517.0,1353528.0,1338517.0,1.338517,1,0.529,0.65,809
2024-09-20,-0.000579,-0.007128,-0.006549,-0.007128,2337164.0,1343880.0,1337164.0,1.337164,0,0.5284,0.65,810
2024-09-24,-0.014484,-0.011194,0.003289,-0.011194,2303313.0,1328836.0,1303313.0,1.303313,0,0.5277,0.6,811
2024-09-25,0.009469,0.002169,-0.0073,0.002169,2325124.0,1331718.0,1325124.0,1.325124,1,0.5283,0.65,812
2024-09-26,0.002541,0.013407,0.010865,0.013407,2331033.0,1349572.0,1331033.0,1.331033,1,0.5289,0.65,813
2024-09-27,-0.006765,0.005898,0.012663,0.005898,2315264.0,1357532.0,1315264.0,1.315264,0,0.5283,0.65,814
2024-09-30,0.006264,0.012606,0.006342,0.012606,2329767.0,1374645.0,1329767.0,1.329767,1,0.5288,0.65,815
2024-10-01,0.019286,0.011943,-0.007343,0.011943,2374700.0,1391062.0,1374700.0,1.3747,1,0.5294,0.7,816
2024-10-02,0.011364,0.002987,-0.008376,0.002987,2401685.0,1395218.0,1401685.0,1.401685,1,0.53,0.7,817
2024-10-03,-0.01106,-0.010194,0.000866,-0.010194,2375123.0,1380995.0,1375123.0,1.375123,0,0.5293,0.65,818
2024-10-04,-0.001426,0.005676,0.007102,0.005676,2371736.0,1388834.0,1371736.0,1.371736,0,0.5287,0.6,819
2024-10-07,0.009451,2.8e-05,-0.009422,2.8e-05,2394151.0,1388873.0,1394151.0,1.394151,1,0.5293,0.65,820
2024-10-08,-0.00572,-0.011044,-0.005323,-0.011044,2380456.0,1373535.0,1380456.0,1.380456,0,0.5286,0.6,821
2024-10-09,0.011102,0.001734,-0.009368,0.001734,2406884.0,1375917.0,1406884.0,1.406884,1,0.5292,0.65,822
2024-10-10,-0.008164,-0.010965,-0.002801,-0.010965,2387235.0,1360830.0,1387235.0,1.387235,0,0.5286,0.6,823
2024-10-11,-0.000337,-0.003096,-0.00276,-0.003096,2386431.0,1356617.0,1386431.0,1.386431,0,0.5279,0.6,824
2024-10-15,-0.017842,-0.018237,-0.000395,-0.018237,2343852.0,1331876.0,1343852.0,1.343852,0,0.5273,0.55,825
2024-10-16,0.000658,0.003456,0.002798,0.003456,2345394.0,1336479.0,1345394.0,1.345394,1,0.5278,0.55,826
2024-10-17,-0.005243,-0.002131,0.003113,-0.002131,2333096.0,1333631.0,1333096.0,1.333096,0,0.5272,0.5,827
2024-10-18,-0.013247,-0.012622,0.000625,-0.012622,2302189.0,1316798.0,1302189.0,1.302189,0,0.5266,0.45,828
2024-10-21,-0.001241,-0.004402,-0.003161,-0.004402,2299332.0,1311001.0,1299332.0,1.299332,0,0.5259,0.4,829
2024-10-22,-0.000764,-0.006288,-0.005524,-0.006288,2297574.0,1302758.0,1297574.0,1.297574,0,0.5253,0.4,830
2024-10-23,0.002841,-0.003963,-0.006805,-0.003963,2304102.0,1297594.0,1304102.0,1.304102,1,0.5259,0.45,831
2024-10-24,0.006016,0.012469,0.006452,0.012469,2317964.0,1313773.0,1317964.0,1.317964,1,0.5264,0.45,832
2024-10-25,-0.000774,-0.00901,-0.008235,-0.00901,2316170.0,1301937.0,1316170.0,1.31617,0,0.5258,0.4,833
2024-10-28,0.006155,0.020357,0.014203,0.020357,2330425.0,1328441.0,1330425.0,1.330425,1,0.5264,0.45,834
2024-10-29,0.004174,0.010687,0.006513,0.010687,2340152.0,1342637.0,1340152.0,1.340152,1,0.5269,0.45,835
2024-10-30,-0.002708,0.008363,0.011071,0.008363,2333815.0,1353866.0,1333815.0,1.333815,0,0.5263,0.4,836
2024-10-31,-0.004215,-0.002946,0.00127,-0.002946,2323977.0,1349878.0,1323977.0,1.323977,0,0.5257,0.35,837
2024-11-01,-0.002789,0.002445,0.005234,0.002445,2317497.0,1353179.0,1317497.0,1.317497,0,0.5251,0.35,838
2024-11-05,0.002449,0.005719,0.003271,0.005719,2323171.0,1360918.0,1323171.0,1.323171,1,0.5256,0.4,839
2024-11-06,-0.013579,0.000402,0.013981,0.000402,2291625.0,1361465.0,1291625.0,1.291625,0,0.525,0.35,840
2024-11-07,-0.007074,-0.009988,-0.002914,-0.009988,2275414.0,1347866.0,1275414.0,1.275414,0,0.5244,0.35,841
2024-11-08,0.016202,0.003619,-0.012582,0.003619,2312279.0,1352744.0,1312279.0,1.312279,1,0.5249,0.35,842
2024-11-11,-0.002759,0.000898,0.003657,0.000898,2305900.0,1353959.0,1305900.0,1.3059,0,0.5243,0.35,843
2024-11-12,-0.00104,-0.006505,-0.005465,-0.006505,2303501.0,1345151.0,1303501.0,1.303501,0,0.5237,0.35,844
2024-11-13,-0.007258,-0.006348,0.00091,-0.006348,2286783.0,1336612.0,1286783.0,1.286783,0,0.5231,0.35,845
2024-11-14,0.006422,-0.000342,-0.006764,-0.000342,2301469.0,1336156.0,1301469.0,1.301469,1,0.5236,0.35,846
2024-11-15,-0.002623,-0.00135,0.001272,-0.00135,2295433.0,1334351.0,1295433.0,1.295433,0,0.523,0.35,847
2024-11-18,0.005504,-0.001638,-0.007142,-0.001638,2308068.0,1332166.0,1308068.0,1.308068,1,0.5236,0.4,848
2024-11-19,0.01229,0.006476,-0.005814,0.006476,2336434.0,1340793.0,1336434.0,1.336434,1,0.5241,0.45,849
2024-11-20,0.003668,-0.004982,-0.00865,-0.004982,2345004.0,1334113.0,1345004.0,1.345004,1,0.5247,0.5,850
2024-11-21,-0.002374,-0.006333,-0.003959,-0.006333,2339437.0,1325664.0,1339437.0,1.339437,0,0.5241,0.45,851
2024-11-22,-0.006758,0.004556,0.011314,0.004556,2323627.0,1331704.0,1323627.0,1.323627,0,0.5235,0.4,852
2024-11-25,-0.003171,-0.003553,-0.000382,-0.003553,2316259.0,1326973.0,1316259.0,1.316259,0,0.5229,0.4,853
2024-11-26,0.014487,-0.004257,-0.018744,-0.004257,2349814.0,1321324.0,1349814.0,1.349814,1,0.5234,0.4,854
2024-11-27,0.009296,-0.002406,-0.011702,-0.002406,2371658.0,1318144.0,1371658.0,1.371658,1,0.524,0.4,855
2024-11-29,0.002398,0.001594,-0.000804,0.001594,2377345.0,1320246.0,1377345.0,1.377345,1,0.5245,0.45,856
2024-12-02,-0.006293,0.004527,0.010819,0.004527,2362385.0,1326222.0,1362385.0,1.362385,0,0.5239,0.45,857
2024-12-03,5.5e-05,0.000627,0.000572,0.000627,2362516.0,1327054.0,1362516.0,1.362516,1,0.5245,0.5,858
2024-12-04,-0.006451,-0.012025,-0.005574,-0.012025,2347274.0,1311095.0,1347274.0,1.347274,0,0.5239,0.45,859
2024-12-05,-0.010901,-0.019909,-0.009009,-0.019909,2321687.0,1284992.0,1321687.0,1.321687,0,0.5233,0.45,860
2024-12-06,-0.003316,-0.003202,0.000114,-0.003202,2313989.0,1280877.0,1313989.0,1.313989,0,0.5226,0.45,861
2024-12-09,0.000648,-0.003925,-0.004573,-0.003925,2315488.0,1275850.0,1315488.0,1.315488,1,0.5232,0.45,862
2024-12-10,0.001158,-0.005043,-0.006201,-0.005043,2318170.0,1269417.0,1318170.0,1.31817,1,0.5238,0.5,863
2024-12-11,-0.003592,-0.00265,0.000942,-0.00265,2309843.0,1266053.0,1309843.0,1.309843,0,0.5231,0.5,864
2024-12-12,-0.006767,-0.002152,0.004614,-0.002152,2294213.0,1263328.0,1294213.0,1.294213,0,0.5225,0.5,865
2024-12-13,0.002594,-0.004787,-0.007381,-0.004787,2300164.0,1257280.0,1300164.0,1.300164,1,0.5231,0.5,866
2024-12-16,-0.002067,-0.008939,-0.006872,-0.008939,2295409.0,1246041.0,1295409.0,1.295409,0,0.5225,0.5,867
2024-12-17,0.011933,-0.001354,-0.013287,-0.001354,2322799.0,1244353.0,1322799.0,1.322799,1,0.523,0.5,868
2024-12-18,0.004334,0.002669,-0.001665,0.002669,2332866.0,1247675.0,1332866.0,1.332866,1,0.5236,0.5,869
2024-12-19,-0.013103,-0.004024,0.009079,-0.004024,2302299.0,1242654.0,1302299.0,1.302299,0,0.523,0.45,870
2024-12-20,-0.003108,-0.009994,-0.006887,-0.009994,2295144.0,1230234.0,1295144.0,1.295144,0,0.5224,0.45,871
2024-12-23,0.002045,0.009263,0.007218,0.009263,2299838.0,1241630.0,1299838.0,1.299838,1,0.5229,0.5,872
2024-12-24,0.003616,0.003541,-7.5e-05,0.003541,2308155.0,1246027.0,1308155.0,1.308155,1,0.5235,0.55,873
2024-12-26,-0.004102,0.011908,0.01601,0.011908,2298687.0,1260864.0,1298687.0,1.298687,0,0.5229,0.5,874
2024-12-27,0.00523,0.010676,0.005446,0.010676,2310708.0,1274325.0,1310708.0,1.310708,1,0.5234,0.5,875
2024-12-30,0.002821,-0.004504,-0.007325,-0.004504,2317227.0,1268586.0,1317227.0,1.317227,1,0.524,0.5,876
2025-01-06,0.008323,-0.007663,-0.015986,-0.007663,2336514.0,1258864.0,1336514.0,1.336514,1,0.5245,0.55,877
2025-01-07,0.011341,0.002739,-0.008602,0.002739,2363012.0,1262312.0,1363012.0,1.363012,1,0.5251,0.55,878
2025-01-08,0.011664,0.000783,-0.010881,0.000783,2390574.0,1263300.0,1390574.0,1.390574,1,0.5256,0.6,879
2025-01-10,-0.006831,-0.011049,-0.004218,-0.011049,2374243.0,1249342.0,1374243.0,1.374243,0,0.525,0.6,880
2025-01-14,0.000794,-0.003757,-0.004552,-0.003757,2376129.0,1244647.0,1376129.0,1.376129,1,0.5255,0.65,881
2025-01-15,8.4e-05,-0.007693,-0.007777,-0.007693,2376329.0,1235073.0,1376329.0,1.376329,1,0.5261,0.65,882
2025-01-16,0.006113,-0.000383,-0.006496,-0.000383,2390855.0,1234599.0,1390855.0,1.390855,1,0.5266,0.65,883
2025-01-17,0.00231,0.004158,0.001848,0.004158,2396378.0,1239733.0,1396378.0,1.396378,1,0.5271,0.7,884
2025-01-21,-0.002916,-0.006258,-0.003343,-0.006258,2389391.0,1231974.0,1389391.0,1.389391,0,0.5266,0.7,885
2025-01-22,0.001802,9.9e-05,-0.001703,9.9e-05,2393697.0,1232097.0,1393697.0,1.393697,1,0.5271,0.7,886
2025-01-23,-0.008289,-0.004845,0.003444,-0.004845,2373856.0,1226127.0,1373856.0,1.373856,0,0.5265,0.7,887
2025-01-24,0.004095,0.005099,0.001004,0.005099,2383577.0,1232379.0,1383577.0,1.383577,1,0.527,0.7,888
2025-01-27,0.003697,0.002162,-0.001535,0.002162,2392388.0,1235043.0,1392388.0,1.392388,1,0.5276,0.7,889
2025-01-28,-0.005795,-0.002007,0.003788,-0.002007,2378523.0,1232564.0,1378523.0,1.378523,0,0.527,0.7,890
2025-01-29,-0.002475,0.001519,0.003994,0.001519,2372636.0,1234436.0,1372636.0,1.372636,0,0.5264,0.7,891
2025-01-30,0.005959,0.004859,-0.001099,0.004859,2386774.0,1240434.0,1386774.0,1.386774,1,0.5269,0.7,892
2025-01-31,-0.007483,-0.00018,0.007304,-0.00018,2368913.0,1240211.0,1368913.0,1.368913,0,0.5263,0.65,893
2025-02-03,-0.004674,-0.005592,-0.000918,-0.005592,2357841.0,1233276.0,1357841.0,1.357841,0,0.5257,0.65,894
2025-02-04,0.00234,-0.013578,-0.015918,-0.013578,2363358.0,1216531.0,1363358.0,1.363358,1,0.5263,0.65,895
2025-02-05,0.003558,-0.00533,-0.008888,-0.00533,2371767.0,1210047.0,1371767.0,1.371767,1,0.5268,0.65,896
2025-02-06,0.003251,0.00347,0.00022,0.00347,2379477.0,1214247.0,1379477.0,1.379477,1,0.5273,0.65,897
2025-02-07,-0.003872,-0.005853,-0.001982,-0.005853,2370264.0,1207139.0,1370264.0,1.370264,0,0.5267,0.6,898
2025-02-10,-0.002281,-0.00224,4.1e-05,-0.00224,2364858.0,1204435.0,1364858.0,1.364858,0,0.5261,0.55,899
2025-02-12,-0.010372,-0.010169,0.000203,-0.010169,2340330.0,1192187.0,1340330.0,1.34033,0,0.5256,0.55,900
2025-02-13,0.009157,0.015771,0.006615,0.015771,2361760.0,1210990.0,1361760.0,1.36176,1,0.5261,0.55,901
2025-02-14,0.013961,0.002007,-0.011954,0.002007,2394732.0,1213420.0,1394732.0,1.394732,1,0.5266,0.55,902
2025-02-18,-0.000481,0.003255,0.003736,0.003255,2393579.0,1217369.0,1393579.0,1.393579,0,0.526,0.5,903
2025-02-19,0.00802,-0.003316,-0.011336,-0.003316,2412775.0,1213332.0,1412775.0,1.412775,1,0.5265,0.5,904
2025-02-20,0.007185,0.000587,-0.006599,0.000587,2430112.0,1214044.0,1430112.0,1.430112,1,0.5271,0.55,905
2025-02-21,0.00161,0.006286,0.004676,0.006286,2434024.0,1221675.0,1434024.0,1.434024,1,0.5276,0.55,906
2025-02-25,0.019709,0.014097,-0.005612,0.014097,2481995.0,1238897.0,1481995.0,1.481995,1,0.5281,0.6,907
2025-02-26,0.020308,0.003597,-0.016711,0.003597,2532400.0,1243353.0,1532400.0,1.5324,1,0.5286,0.6,908
2025-02-27,0.011484,0.003909,-0.007576,0.003909,2561483.0,1248213.0,1561483.0,1.561483,1,0.5292,0.6,909
2025-02-28,-0.000684,-0.003651,-0.002967,-0.003651,2559730.0,1243655.0,1559730.0,1.55973,0,0.5286,0.6,910
2025-03-03,-0.006685,-0.002784,0.003901,-0.002784,2542618.0,1240193.0,1542618.0,1.542618,0,0.528,0.6,911
2025-03-04,0.00833,-0.002702,-0.011032,-0.002702,2563797.0,1236841.0,1563797.0,1.563797,1,0.5285,0.6,912
2025-03-05,0.005694,0.008082,0.002388,0.008082,2578396.0,1246838.0,1578396.0,1.578396,1,0.529,0.65,913
2025-03-06,0.017784,0.012779,-0.005005,0.012779,2624250.0,1262771.0,1624250.0,1.62425,1,0.5295,0.7,914
2025-03-07,-0.006131,-0.007789,-0.001658,-0.007789,2608162.0,1252936.0,1608162.0,1.608162,0,0.529,0.65,915
2025-03-10,0.002306,-0.003619,-0.005925,-0.003619,2614175.0,1248401.0,1614175.0,1.614175,1,0.5295,0.65,916
2025-03-11,-0.001469,0.002957,0.004427,0.002957,2610334.0,1252093.0,1610334.0,1.610334,0,0.5289,0.6,917
2025-03-12,0.000772,0.018497,0.017724,0.018497,2612351.0,1275252.0,1612351.0,1.612351,1,0.5294,0.65,918
2025-03-13,3.8e-05,-2.4e-05,-6.1e-05,-2.4e-05,2612449.0,1275222.0,1612449.0,1.612449,1,0.5299,0.7,919
2025-03-14,-0.00906,0.001757,0.010817,0.001757,2588779.0,1277462.0,1588779.0,1.588779,0,0.5293,0.7,920
2025-03-17,0.004964,0.003744,-0.00122,0.003744,2601629.0,1282245.0,1601629.0,1.601629,1,0.5299,0.7,921
2025-03-18,0.013188,0.004801,-0.008387,0.004801,2635939.0,1288401.0,1635939.0,1.635939,1,0.5304,0.7,922
2025-03-19,-0.007301,0.005335,0.012637,0.005335,2616693.0,1295275.0,1616693.0,1.616693,0,0.5298,0.7,923
2025-03-21,0.009319,0.013157,0.003838,0.013157,2641079.0,1312317.0,1641079.0,1.641079,1,0.5303,0.7,924
2025-03-24,0.00657,-0.002112,-0.008682,-0.002112,2658431.0,1309546.0,1658431.0,1.658431,1,0.5308,0.7,925
2025-03-25,-0.002672,-0.001544,0.001127,-0.001544,2651329.0,1307523.0,1651329.0,1.651329,0,0.5302,0.65,926
2025-03-26,0.001071,-0.005954,-0.007025,-0.005954,2654169.0,1299738.0,1654169.0,1.654169,1,0.5307,0.65,927
2025-03-27,-0.002807,0.002444,0.00525,0.002444,2646719.0,1302914.0,1646719.0,1.646719,0,0.5302,0.6,928
2025-03-28,0.012218,0.000613,-0.011605,0.000613,2679057.0,1303713.0,1679057.0,1.679057,1,0.5307,0.6,929
2025-03-31,0.015129,-0.009383,-0.024513,-0.009383,2719589.0,1291480.0,1719589.0,1.719589,1,0.5312,0.65,930
2025-04-01,0.013029,-0.000164,-0.013193,-0.000164,2755022.0,1291269.0,1755022.0,1.755022,1,0.5317,0.7,931
2025-04-02,0.01401,-0.013888,-0.027898,-0.013888,2793620.0,1273335.0,1793620.0,1.79362,1,0.5322,0.7,932
2025-04-03,-0.03173,-0.00968,0.022051,-0.00968,2704978.0,1261010.0,1704978.0,1.704978,0,0.5316,0.65,933
2025-04-04,0.03801,0.016817,-0.021193,0.016817,2807795.0,1282216.0,1807795.0,1.807795,1,0.5321,0.65,934
2025-04-07,-0.029363,0.010096,0.039459,0.010096,2725349.0,1295161.0,1725349.0,1.725349,0,0.5316,0.65,935
2025-04-08,-0.016895,0.003339,0.020233,0.003339,2679305.0,1299485.0,1679305.0,1.679305,0,0.531,0.6,936
2025-04-09,0.017136,-0.013535,-0.030671,-0.013535,2725219.0,1281896.0,1725219.0,1.725219,1,0.5315,0.65,937
2025-04-10,-0.030685,-0.03313,-0.002446,-0.03313,2641597.0,1239427.0,1641597.0,1.641597,0,0.5309,0.6,938
2025-04-11,0.002436,0.002478,4.2e-05,0.002478,2648032.0,1242498.0,1648032.0,1.648032,1,0.5314,0.6,939
2025-04-14,-0.010788,-0.004509,0.006278,-0.004509,2619466.0,1236895.0,1619466.0,1.619466,0,0.5309,0.6,940
2025-04-15,0.002113,-0.006814,-0.008927,-0.006814,2625003.0,1228467.0,1625003.0,1.625003,1,0.5313,0.6,941
2025-04-16,-0.021584,-0.019004,0.00258,-0.019004,2568344.0,1205122.0,1568344.0,1.568344,0,0.5308,0.55,942
2025-04-17,0.024856,0.023581,-0.001275,0.023581,2632184.0,1233540.0,1632184.0,1.632184,1,0.5313,0.6,943
2025-04-21,-0.010395,-0.014111,-0.003716,-0.014111,2604823.0,1216134.0,1604823.0,1.604823,0,0.5307,0.55,944
2025-04-22,0.001985,0.011883,0.009898,0.011883,2609994.0,1230585.0,1609994.0,1.609994,1,0.5312,0.55,945
2025-04-23,0.004815,0.001826,-0.002989,0.001826,2622561.0,1232832.0,1622561.0,1.622561,1,0.5317,0.6,946
2025-04-24,-0.007677,-0.017129,-0.009452,-0.017129,2602427.0,1211715.0,1602427.0,1.602427,0,0.5312,0.55,947
2025-04-25,0.0024,-0.001876,-0.004275,-0.001876,2608672.0,1209442.0,1608672.0,1.608672,1,0.5316,0.6,948
2025-04-28,-0.004047,-0.004529,-0.000481,-0.004529,2598114.0,1203965.0,1598114.0,1.598114,0,0.5311,0.55,949
2025-04-30,-0.002299,0.000578,0.002877,0.000578,2592141.0,1204661.0,1592141.0,1.592141,0,0.5305,0.5,950
2025-05-01,0.007181,0.001902,-0.005279,0.001902,2610755.0,1206952.0,1610755.0,1.610755,1,0.531,0.5,951
2025-05-02,-0.010936,-0.010759,0.000177,-0.010759,2582203.0,1193966.0,1582203.0,1.582203,0,0.5305,0.45,952
2025-05-07,0.017831,0.013403,-0.004428,0.013403,2628246.0,1209969.0,1628246.0,1.628246,1,0.531,0.5,953
2025-05-08,-0.011308,-0.010895,0.000413,-0.010895,2598525.0,1196786.0,1598525.0,1.598525,0,0.5304,0.45,954
2025-05-09,0.01875,0.011102,-0.007647,0.011102,2647246.0,1210073.0,1647246.0,1.647246,1,0.5309,0.5,955
2025-05-12,0.013447,-0.005305,-0.018752,-0.005305,2682844.0,1203654.0,1682844.0,1.682844,1,0.5314,0.55,956
2025-05-13,0.000762,-0.010348,-0.01111,-0.010348,2684889.0,1191198.0,1684889.0,1.684889,1,0.5319,0.55,957
2025-05-14,0.004463,-0.003821,-0.008284,-0.003821,2696873.0,1186647.0,1696873.0,1.696873,1,0.5324,0.6,958
2025-05-15,-0.013064,-0.006449,0.006615,-0.006449,2661641.0,1178994.0,1661641.0,1.661641,0,0.5318,0.55,959
2025-05-16,0.008714,0.001644,-0.00707,0.001644,2684836.0,1180932.0,1684836.0,1.684836,1,0.5323,0.6,960
2025-05-19,0.017057,0.013704,-0.003353,0.013704,2730630.0,1197115.0,1730630.0,1.73063,1,0.5328,0.6,961
2025-05-20,-0.018763,-0.018854,-9.2e-05,-0.018854,2679396.0,1174545.0,1679396.0,1.679396,0,0.5322,0.6,962
2025-05-21,0.000828,-0.00088,-0.001708,-0.00088,2681616.0,1173511.0,1681616.0,1.681616,1,0.5327,0.6,963
2025-05-22,-0.004612,-0.003659,0.000953,-0.003659,2669248.0,1169217.0,1669248.0,1.669248,0,0.5322,0.6,964
2025-05-23,0.002331,0.00282,0.000489,0.00282,2675470.0,1172515.0,1675470.0,1.67547,1,0.5326,0.6,965
2025-05-27,-0.006909,0.001299,0.008208,0.001299,2656986.0,1174038.0,1656986.0,1.656986,0,0.5321,0.55,966
2025-05-28,-0.00112,-0.005113,-0.003992,-0.005113,2654009.0,1168036.0,1654009.0,1.654009,0,0.5315,0.55,967
2025-05-29,0.010311,0.009001,-0.00131,0.009001,2681374.0,1178549.0,1681374.0,1.681374,1,0.532,0.55,968
2025-05-30,-0.001646,0.00621,0.007856,0.00621,2676961.0,1185868.0,1676961.0,1.676961,0,0.5315,0.55,969
2025-06-02,-0.000821,0.000981,0.001802,0.000981,2674763.0,1187031.0,1674763.0,1.674763,0,0.5309,0.55,970
2025-06-03,0.00777,0.000787,-0.006982,0.000787,2695546.0,1187965.0,1695546.0,1.695546,1,0.5314,0.55,971
2025-06-04,0.002113,0.002721,0.000608,0.002721,2701242.0,1191198.0,1701242.0,1.701242,1,0.5319,0.6,972
2025-06-05,-0.000202,-0.005131,-0.004929,-0.005131,2700697.0,1185086.0,1700697.0,1.700697,0,0.5313,0.55,973
2025-06-06,-0.001549,-0.000409,0.001141,-0.000409,2696513.0,1184601.0,1696513.0,1.696513,0,0.5308,0.55,974
2025-06-09,-0.000392,-0.002501,-0.002109,-0.002501,2695455.0,1181639.0,1695455.0,1.695455,0,0.5303,0.5,975
2025-06-10,-0.008268,-0.006312,0.001956,-0.006312,2673168.0,1174180.0,1673168.0,1.673168,0,0.5297,0.45,976
2025-06-11,0.004927,0.001179,-0.003748,0.001179,2686337.0,1175564.0,1686337.0,1.686337,1,0.5302,0.45,977
2025-06-12,-0.006668,-0.001584,0.005085,-0.001584,2668424.0,1173702.0,1668424.0,1.668424,0,0.5297,0.4,978
2025-06-13,0.002308,-0.001262,-0.003569,-0.001262,2674581.0,1172221.0,1674581.0,1.674581,1,0.5301,0.45,979
2025-06-16,-0.011854,-0.007994,0.00386,-0.007994,2642876.0,1162851.0,1642876.0,1.642876,0,0.5296,0.4,980
2025-06-17,0.007266,0.004806,-0.002461,0.004806,2662080.0,1168439.0,1662080.0,1.66208,1,0.5301,0.4,981
2025-06-18,-0.0011,0.013727,0.014827,0.013727,2659151.0,1184478.0,1659151.0,1.659151,0,0.5295,0.4,982
2025-06-20,-0.001082,-0.005347,-0.004265,-0.005347,2656273.0,1178144.0,1656273.0,1.656273,0,0.529,0.35,983
2025-06-23,0.005073,-0.001262,-0.006335,-0.001262,2669747.0,1176657.0,1669747.0,1.669747,1,0.5295,0.4,984
2025-06-24,-0.001813,-0.005408,-0.003596,-0.005408,2664908.0,1170293.0,1664908.0,1.664908,0,0.5289,0.35,985
2025-06-25,-0.004432,-0.008075,-0.003642,-0.008075,2653097.0,1160843.0,1653097.0,1.653097,0,0.5284,0.35,986
2025-06-26,-0.001532,0.003379,0.004911,0.003379,2649033.0,1164766.0,1649033.0,1.649033,0,0.5279,0.35,987
2025-06-27,0.006188,0.006161,-2.6e-05,0.006161,2665424.0,1171943.0,1665424.0,1.665424,1,0.5283,0.35,988
2025-06-30,0.010463,0.005032,-0.005432,0.005032,2693313.0,1177840.0,1693313.0,1.693313,1,0.5288,0.4,989
2025-07-01,0.006757,0.003041,-0.003715,0.003041,2711510.0,1181422.0,1711510.0,1.71151,1,0.5293,0.45,990
2025-07-02,-0.00039,0.005882,0.006272,0.005882,2710453.0,1188371.0,1710453.0,1.710453,0,0.5288,0.4,991
2025-07-03,0.006457,0.003143,-0.003314,0.003143,2727954.0,1192106.0,1727954.0,1.727954,1,0.5292,0.4,992
2025-07-07,0.007597,-0.002874,-0.010471,-0.002874,2748678.0,1188680.0,1748678.0,1.748678,1,0.5297,0.45,993
2025-07-08,-0.013311,-0.004775,0.008536,-0.004775,2712089.0,1183004.0,1712089.0,1.712089,0,0.5292,0.45,994
2025-07-09,0.00232,0.001885,-0.000434,0.001885,2718380.0,1185234.0,1718380.0,1.71838,1,0.5296,0.5,995
2025-07-10,-0.001756,-0.009701,-0.007945,-0.009701,2713607.0,1173736.0,1713607.0,1.713607,0,0.5291,0.5,996
2025-07-11,-0.010375,-0.006962,0.003412,-0.006962,2685455.0,1165565.0,1685455.0,1.685455,0,0.5286,0.45,997
2025-07-14,-0.005243,0.000146,0.005388,0.000146,2671376.0,1165735.0,1671376.0,1.671376,0,0.5281,0.45,998
2025-07-15,-0.005489,-0.004788,0.0007,-0.004788,2656714.0,1160153.0,1656714.0,1.656714,0,0.5275,0.4,999
2025-07-16,0.003705,0.002018,-0.001687,0.002018,2666557.0,1162494.0,1666557.0,1.666557,1,0.528,0.45,1000
2025-07-17,-0.00343,0.001961,0.005391,0.001961,2657409.0,1164773.0,1657409.0,1.657409,0,0.5275,0.4,1001
2025-07-18,-0.003043,-0.007368,-0.004325,-0.007368,2649322.0,1156192.0,1649322.0,1.649322,0,0.5269,0.4,1002
2025-07-22,-0.006374,-0.005358,0.001016,-0.005358,2632436.0,1149997.0,1632436.0,1.632436,0,0.5264,0.4,1003
2025-07-23,0.00843,0.021288,0.012858,0.021288,2654626.0,1174478.0,1654626.0,1.654626,1,0.5269,0.4,1004
2025-07-24,0.002003,0.008341,0.006338,0.008341,2659942.0,1184274.0,1659942.0,1.659942,1,0.5274,0.45,1005
2025-07-25,0.002547,-0.001137,-0.003683,-0.001137,2666717.0,1182928.0,1666717.0,1.666717,1,0.5278,0.5,1006
2025-07-28,-0.011251,-0.011223,2.8e-05,-0.011223,2636714.0,1169652.0,1636714.0,1.636714,0,0.5273,0.5,1007
2025-07-29,0.007684,0.003243,-0.004441,0.003243,2656973.0,1173445.0,1656973.0,1.656973,1,0.5278,0.5,1008
2025-07-30,0.003695,0.00685,0.003156,0.00685,2666790.0,1181484.0,1666790.0,1.66679,1,0.5282,0.5,1009
2025-07-31,-0.009368,0.001099,0.010467,0.001099,2641807.0,1182782.0,1641807.0,1.641807,0,0.5277,0.45,1010
2025-08-01,0.009743,0.010018,0.000275,0.010018,2667545.0,1194630.0,1667545.0,1.667545,1,0.5282,0.5,1011
2025-08-04,-0.006317,0.00569,0.012007,0.00569,2650694.0,1201428.0,1650694.0,1.650694,0,0.5277,0.45,1012
2025-08-05,0.002462,0.00469,0.002228,0.00469,2657220.0,1207063.0,1657220.0,1.65722,1,0.5281,0.45,1013
2025-08-06,0.003046,0.011346,0.0083,0.011346,2665314.0,1220758.0,1665314.0,1.665314,1,0.5286,0.5,1014
2025-08-07,-0.006106,0.003693,0.009799,0.003693,2649039.0,1225266.0,1649039.0,1.649039,0,0.5281,0.45,1015
2025-08-08,0.000262,0.002697,0.002434,0.002697,2649734.0,1228570.0,1649734.0,1.649734,1,0.5285,0.5,1016
2025-08-12,0.009864,0.01209,0.002225,0.01209,2675872.0,1243424.0,1675872.0,1.675872,1,0.529,0.55,1017
2025-08-13,-0.00182,-8.3e-05,0.001738,-8.3e-05,2671001.0,1243321.0,1671001.0,1.671001,0,0.5285,0.55,1018
2025-08-14,-0.004996,-0.008192,-0.003197,-0.008192,2657657.0,1233135.0,1657657.0,1.657657,0,0.528,0.55,1019
2025-08-15,0.019406,0.021683,0.002277,0.021683,2709233.0,1259873.0,1709233.0,1.709233,1,0.5284,0.55,1020
2025-08-18,-0.000312,-0.002106,-0.001794,-0.002106,2708388.0,1257220.0,1708388.0,1.708388,0,0.5279,0.55,1021
2025-08-19,0.017468,0.0092,-0.008268,0.0092,2755699.0,1268787.0,1755699.0,1.755699,1,0.5284,0.6,1022
2025-08-20,-0.007543,-0.000115,0.007429,-0.000115,2734911.0,1268641.0,1734911.0,1.734911,0,0.5279,0.6,1023
2025-08-21,0.007362,-0.001897,-0.009259,-0.001897,2755044.0,1266234.0,1755044.0,1.755044,1,0.5283,0.6,1024
2025-08-22,0.002668,0.006796,0.004128,0.006796,2762396.0,1274839.0,1762396.0,1.762396,1,0.5288,0.6,1025
2025-08-25,0.005634,-0.004741,-0.010375,-0.004741,2777960.0,1268796.0,1777960.0,1.77796,1,0.5292,0.6,1026
2025-08-26,-0.00109,-0.008892,-0.007803,-0.008892,2774933.0,1257513.0,1774933.0,1.774933,0,0.5287,0.6,1027
2025-08-27,-0.003334,-0.002559,0.000774,-0.002559,2765683.0,1254294.0,1765683.0,1.765683,0,0.5282,0.55,1028
2025-08-28,0.00832,0.011058,0.002737,0.011058,2788694.0,1268164.0,1788694.0,1.788694,1,0.5287,0.55,1029
2025-08-29,0.00171,-0.005404,-0.007114,-0.005404,2793463.0,1261311.0,1793463.0,1.793463,1,0.5291,0.6,1030
2025-09-02,0.010017,0.009132,-0.000884,0.009132,2821444.0,1272830.0,1821444.0,1.821444,1,0.5296,0.6,1031
2025-09-03,0.008075,-0.00308,-0.011155,-0.00308,2844227.0,1268909.0,1844227.0,1.844227,1,0.53,0.65,1032
2025-09-04,0.000706,0.007443,0.006737,0.007443,2846235.0,1278354.0,1846235.0,1.846235,1,0.5305,0.65,1033
2025-09-05,-0.000872,0.000721,0.001593,0.000721,2843752.0,1279276.0,1843752.0,1.843752,0,0.53,0.6,1034
2025-09-08,-0.002848,-0.000173,0.002675,-0.000173,2835653.0,1279054.0,1835653.0,1.835653,0,0.5295,0.6,1035
2025-09-09,0.000954,-0.01098,-0.011934,-0.01098,2838358.0,1265010.0,1838358.0,1.838358,1,0.5299,0.6,1036
2025-09-10,-0.011568,-0.003178,0.00839,-0.003178,2805523.0,1260989.0,1805523.0,1.805523,0,0.5294,0.55,1037
2025-09-11,0.000141,-0.001643,-0.001784,-0.001643,2805918.0,1258917.0,1805918.0,1.805918,1,0.5299,0.6,1038
2025-09-12,0.002123,-0.002914,-0.005037,-0.002914,2811874.0,1255248.0,1811874.0,1.811874,1,0.5303,0.65,1039
2025-09-16,-0.00374,-0.002192,0.001548,-0.002192,2801358.0,1252497.0,1801358.0,1.801358,0,0.5298,0.6,1040
2025-09-17,0.000505,-0.001252,-0.001757,-0.001252,2802773.0,1250929.0,1802773.0,1.802773,1,0.5303,0.65,1041
2025-09-18,0.005273,0.008365,0.003092,0.008365,2817551.0,1261393.0,1817551.0,1.817551,1,0.5307,0.65,1042
2025-09-19,0.002203,-0.009126,-0.011329,-0.009126,2823759.0,1249882.0,1823759.0,1.823759,1,0.5312,0.7,1043
2025-09-22,-0.015019,-0.005901,0.009119,-0.005901,2781348.0,1242507.0,1781348.0,1.781348,0,0.5307,0.65,1044
2025-09-24,-0.001257,0.002419,0.003675,0.002419,2777853.0,1245512.0,1777853.0,1.777853,0,0.5301,0.6,1045
2025-09-25,-0.004727,-0.002497,0.00223,-0.002497,2764722.0,1242402.0,1764722.0,1.764722,0,0.5296,0.55,1046
2025-09-26,-0.001177,0.003332,0.004509,0.003332,2761468.0,1246542.0,1761468.0,1.761468,0,0.5291,0.55,1047
2025-09-29,-0.005943,-0.019311,-0.013367,-0.019311,2745056.0,1222470.0,1745056.0,1.745056,0,0.5286,0.55,1048
2025-09-30,0.003912,-0.001263,-0.005175,-0.001263,2755794.0,1220926.0,1755794.0,1.755794,1,0.5291,0.55,1049
2025-10-01,0.001587,-0.007422,-0.009009,-0.007422,2760167.0,1211864.0,1760167.0,1.760167,1,0.5295,0.55,1050
2025-10-02,-0.019462,-0.017232,0.00223,-0.017232,2706448.0,1190982.0,1706448.0,1.706448,0,0.529,0.5,1051
2025-10-03,-0.005682,0.003829,0.009511,0.003829,2691070.0,1195542.0,1691070.0,1.69107,0,0.5285,0.45,1052
2025-10-06,0.001934,0.003995,0.002061,0.003995,2696275.0,1200318.0,1696275.0,1.696275,1,0.529,0.45,1053
2025-10-07,0.010483,-0.000417,-0.010901,-0.000417,2724540.0,1199817.0,1724540.0,1.72454,1,0.5294,0.5,1054
2025-10-08,-0.007923,-0.005295,0.002627,-0.005295,2702955.0,1193464.0,1702955.0,1.702955,0,0.5289,0.5,1055
2025-10-09,-0.00362,0.001198,0.004818,0.001198,2693171.0,1194894.0,1693171.0,1.693171,0,0.5284,0.45,1056
2025-10-10,0.012656,-0.005472,-0.018128,-0.005472,2727254.0,1188355.0,1727254.0,1.727254,1,0.5289,0.5,1057
2025-10-14,0.018237,0.005628,-0.012609,0.005628,2776990.0,1195042.0,1776990.0,1.77699,1,0.5293,0.5,1058
2025-10-15,0.011965,0.014483,0.002518,0.014483,2810216.0,1212350.0,1810216.0,1.810216,1,0.5297,0.5,1059
2025-10-16,0.00994,0.003216,-0.006724,0.003216,2838149.0,1216248.0,1838149.0,1.838149,1,0.5302,0.55,1060
2025-10-17,0.010524,-0.001916,-0.01244,-0.001916,2868016.0,1213917.0,1868016.0,1.868016,1,0.5306,0.55,1061
2025-10-20,0.014926,0.016501,0.001574,0.016501,2910825.0,1233948.0,1910825.0,1.910825,1,0.5311,0.55,1062
2025-10-21,-0.003787,-0.003396,0.00039,-0.003396,2899802.0,1229757.0,1899802.0,1.899802,0,0.5306,0.5,1063
2025-10-22,-0.009561,-0.000595,0.008966,-0.000595,2872078.0,1229025.0,1872078.0,1.872078,0,0.5301,0.5,1064
2025-10-23,-0.003947,0.004426,0.008373,0.004426,2860742.0,1234464.0,1860742.0,1.860742,0,0.5296,0.5,1065
2025-10-27,0.008737,0.008684,-5.3e-05,0.008684,2885736.0,1245184.0,1885736.0,1.885736,1,0.53,0.55,1066
2025-10-28,0.014589,-0.007537,-0.022126,-0.007537,2927835.0,1235799.0,1927835.0,1.927835,1,0.5305,0.6,1067
2025-10-29,0.011348,-0.003775,-0.015123,-0.003775,2961061.0,1231134.0,1961061.0,1.961061,1,0.5309,0.65,1068
2025-10-30,-0.010641,0.00216,0.012802,0.00216,2929552.0,1233794.0,1929552.0,1.929552,0,0.5304,0.6,1069
2025-10-31,-0.019667,-0.002629,0.017037,-0.002629,2871937.0,1230550.0,1871937.0,1.871937,0,0.5299,0.55,1070
2025-11-04,0.008775,0.005253,-0.003521,0.005253,2897137.0,1237014.0,1897137.0,1.897137,1,0.5303,0.6,1071
2025-11-05,-0.007269,0.002693,0.009962,0.002693,2876079.0,1240346.0,1876079.0,1.876079,0,0.5299,0.6,1072
2025-11-06,0.007365,0.012522,0.005157,0.012522,2897261.0,1255877.0,1897261.0,1.897261,1,0.5303,0.6,1073
2025-11-07,-0.006882,-0.00202,0.004862,-0.00202,2877322.0,1253340.0,1877322.0,1.877322,0,0.5298,0.55,1074
2025-11-10,0.00445,0.000533,-0.003917,0.000533,2890126.0,1254008.0,1890126.0,1.890126,1,0.5302,0.6,1075
2025-11-11,-0.017409,-0.011804,0.005605,-0.011804,2839813.0,1239206.0,1839813.0,1.839813,0,0.5297,0.6,1076
2025-11-12,-0.014965,0.002371,0.017336,0.002371,2797314.0,1242144.0,1797314.0,1.797314,0,0.5292,0.55,1077
2025-11-13,-0.005484,0.001248,0.006731,0.001248,2781974.0,1243693.0,1781974.0,1.781974,0,0.5288,0.5,1078
2025-11-14,0.001658,0.01025,0.008592,0.01025,2786586.0,1256441.0,1786586.0,1.786586,1,0.5292,0.5,1079
2025-11-17,-0.010859,-0.004799,0.006061,-0.004799,2756326.0,1250412.0,1756326.0,1.756326,0,0.5287,0.45,1080
2025-11-18,0.021099,-0.005255,-0.026354,-0.005255,2814482.0,1243841.0,1814482.0,1.814482,1,0.5291,0.45,1081
2025-11-19,0.002657,0.004561,0.001905,0.004561,2821959.0,1249514.0,1821959.0,1.821959,1,0.5296,0.45,1082
2025-11-20,0.00523,-0.009837,-0.015067,-0.009837,2836717.0,1237223.0,1836717.0,1.836717,1,0.53,0.5,1083
2025-11-21,0.003252,0.013486,0.010234,0.013486,2845943.0,1253908.0,1845943.0,1.845943,1,0.5304,0.55,1084
2025-11-25,-0.003511,-0.007733,-0.004222,-0.007733,2835951.0,1244211.0,1835951.0,1.835951,0,0.53,0.55,1085
2025-11-26,0.000494,0.016162,0.015668,0.016162,2837352.0,1264321.0,1837352.0,1.837352,1,0.5304,0.55,1086
2025-11-28,-0.005239,0.001437,0.006677,0.001437,2822487.0,1266138.0,1822487.0,1.822487,0,0.5299,0.5,1087
2025-12-01,-0.000292,-0.008854,-0.008562,-0.008854,2821663.0,1254928.0,1821663.0,1.821663,0,0.5294,0.45,1088
2025-12-02,0.001589,-0.007137,-0.008727,-0.007137,2826148.0,1245971.0,1826148.0,1.826148,1,0.5298,0.5,1089
2025-12-03,0.000332,-0.008759,-0.009091,-0.008759,2827086.0,1235058.0,1827086.0,1.827086,1,0.5303,0.55,1090
2025-12-04,0.011018,0.01779,0.006772,0.01779,2858236.0,1257030.0,1858236.0,1.858236,1,0.5307,0.55,1091
2025-12-05,0.001508,-0.005316,-0.006824,-0.005316,2862545.0,1250347.0,1862545.0,1.862545,1,0.5311,0.6,1092
2025-12-08,0.003649,0.001933,-0.001716,0.001933,2872990.0,1252765.0,1872990.0,1.87299,1,0.5316,0.6,1093
2025-12-09,0.003083,-0.000628,-0.003711,-0.000628,2881846.0,1251977.0,1881846.0,1.881846,1,0.532,0.65,1094
2025-12-10,-0.005411,-0.003724,0.001688,-0.003724,2866252.0,1247316.0,1866252.0,1.866252,0,0.5315,0.6,1095
2025-12-11,0.001939,-0.009318,-0.011257,-0.009318,2871809.0,1235693.0,1871809.0,1.871809,1,0.5319,0.65,1096
2025-12-12,0.018084,0.008251,-0.009833,0.008251,2923744.0,1245889.0,1923744.0,1.923744,1,0.5324,0.7,1097
2025-12-15,-0.004657,0.008756,0.013413,0.008756,2910129.0,1256798.0,1910129.0,1.910129,0,0.5319,0.7,1098
2025-12-16,0.009782,-0.013654,-0.023436,-0.013654,2938597.0,1239638.0,1938597.0,1.938597,1,0.5323,0.7,1099
2025-12-17,-0.001604,-0.007483,-0.005878,-0.007483,2933883.0,1230362.0,1933883.0,1.933883,0,0.5318,0.7,1100
2025-12-18,-0.01006,-0.00072,0.00934,-0.00072,2904369.0,1229477.0,1904369.0,1.904369,0,0.5313,0.65,1101
2025-12-19,0.000435,0.006066,0.005632,0.006066,2905632.0,1236935.0,1905632.0,1.905632,1,0.5318,0.65,1102
2025-12-22,0.015065,0.000637,-0.014428,0.000637,2949405.0,1237723.0,1949405.0,1.949405,1,0.5322,0.65,1103
2025-12-23,-0.006514,-0.003014,0.0035,-0.003014,2930192.0,1233993.0,1930192.0,1.930192,0,0.5317,0.6,1104
2025-12-24,-0.001333,-0.005592,-0.004259,-0.005592,2926286.0,1227092.0,1926286.0,1.926286,0,0.5312,0.6,1105
2025-12-26,-0.002322,-0.003174,-0.000852,-0.003174,2919492.0,1223198.0,1919492.0,1.919492,0,0.5307,0.55,1106
2025-12-29,0.006484,0.003203,-0.00328,0.003203,2938421.0,1227116.0,1938421.0,1.938421,1,0.5312,0.6,1107
2025-12-30,0.000738,-0.00072,-0.001458,-0.00072,2940589.0,1226232.0,1940589.0,1.940589,1,0.5316,0.65,1108
2026-01-05,-0.001686,0.002926,0.004612,0.002926,2935631.0,1229820.0,1935631.0,1.935631,0,0.5311,0.6,1109
2026-01-06,0.011146,0.015629,0.004483,0.015629,2968353.0,1249042.0,1968353.0,1.968353,1,0.5315,0.6,1110
2026-01-07,-0.007296,-0.00976,-0.002464,-0.00976,2946696.0,1236852.0,1946696.0,1.946696,0,0.5311,0.55,1111
2026-01-08,0.009107,0.007602,-0.001506,0.007602,2973533.0,1246254.0,1973533.0,1.973533,1,0.5315,0.55,1112
2026-01-09,0.001586,0.005057,0.003471,0.005057,2978247.0,1252556.0,1978247.0,1.978247,1,0.5319,0.55,1113
2026-01-13,0.009764,-0.003731,-0.013495,-0.003731,3007327.0,1247882.0,2007327.0,2.007327,1,0.5323,0.55,1114
2026-01-14,-0.012655,-0.004798,0.007857,-0.004798,2969270.0,1241895.0,1969270.0,1.96927,0,0.5318,0.55,1115
2026-01-15,0.009753,0.008119,-0.001634,0.008119,2998229.0,1251978.0,1998229.0,1.998229,1,0.5323,0.55,1116
2026-01-16,-0.009845,-0.006634,0.00321,-0.006634,2968712.0,1243672.0,1968712.0,1.968712,0,0.5318,0.5,1117
2026-01-20,-0.01496,-0.008723,0.006236,-0.008723,2924300.0,1232823.0,1924300.0,1.9243,0,0.5313,0.5,1118
2026-01-21,-0.014539,-0.006154,0.008385,-0.006154,2881784.0,1225236.0,1881784.0,1.881784,0,0.5308,0.45,1119
2026-01-22,0.003131,-0.000749,-0.00388,-0.000749,2890807.0,1224318.0,1890807.0,1.890807,1,0.5312,0.5,1120
2026-01-23,-0.000389,0.001354,0.001743,0.001354,2889684.0,1225976.0,1889684.0,1.889684,0,0.5308,0.5,1121
2026-01-26,0.002532,-0.001587,-0.004119,-0.001587,2897002.0,1224030.0,1897002.0,1.897002,1,0.5312,0.5,1122
2026-01-27,-0.014562,-0.00536,0.009203,-0.00536,2854815.0,1217470.0,1854815.0,1.854815,0,0.5307,0.45,1123
2026-01-28,-0.016055,-0.013889,0.002166,-0.013889,2808980.0,1200561.0,1808980.0,1.80898,0,0.5302,0.45,1124
2026-01-29,-0.002607,0.000787,0.003394,0.000787,2801656.0,1201505.0,1801656.0,1.801656,0,0.5298,0.45,1125
2026-01-30,-0.011858,0.001329,0.013187,0.001329,2768434.0,1203103.0,1768434.0,1.768434,0,0.5293,0.45,1126
2026-02-02,0.024302,-0.003805,-0.028107,-0.003805,2835713.0,1198525.0,1835713.0,1.835713,1,0.5297,0.45,1127
2026-02-03,-0.013491,0.004419,0.01791,0.004419,2797456.0,1203821.0,1797456.0,1.797456,0,0.5293,0.4,1128
2026-02-04,-0.002127,0.00616,0.008287,0.00616,2791505.0,1211237.0,1791505.0,1.791505,0,0.5288,0.4,1129
2026-02-05,-0.025695,-0.012392,0.013304,-0.012392,2719776.0,1196227.0,1719776.0,1.719776,0,0.5283,0.35,1130
2026-02-06,-0.022551,0.005068,0.027618,0.005068,2658444.0,1202289.0,1658444.0,1.658444,0,0.5279,0.35,1131
2026-02-09,-0.015544,-0.018681,-0.003137,-0.018681,2617121.0,1179830.0,1617121.0,1.617121,0,0.5274,0.3,1132
2026-02-10,0.012757,0.011291,-0.001466,0.011291,2650508.0,1193151.0,1650508.0,1.650508,1,0.5278,0.3,1133
2026-02-12,0.010294,0.007959,-0.002335,0.007959,2677793.0,1202647.0,1677793.0,1.677793,1,0.5282,0.3,1134
2026-02-13,0.039209,0.011776,-0.027433,0.011776,2782785.0,1216810.0,1782785.0,1.782785,1,0.5286,0.35,1135
2026-02-17,0.012954,0.000818,-0.012136,0.000818,2818833.0,1217805.0,1818833.0,1.818833,1,0.529,0.35,1136
2026-02-18,0.003381,0.005359,0.001978,0.005359,2828363.0,1224332.0,1828363.0,1.828363,1,0.5295,0.4,1137
2026-02-19,-0.000622,0.003339,0.003961,0.003339,2826604.0,1228419.0,1826604.0,1.826604,0,0.529,0.4,1138
2026-02-20,0.000947,-0.005107,-0.006054,-0.005107,2829281.0,1222145.0,1829281.0,1.829281,1,0.5294,0.45,1139
2026-02-24,-0.007659,-0.005472,0.002187,-0.005472,2807610.0,1215457.0,1807610.0,1.80761,0,0.5289,0.4,1140
2026-02-25,0.006601,0.004352,-0.002249,0.004352,2826143.0,1220747.0,1826143.0,1.826143,1,0.5294,0.45,1141
2026-02-26,-0.009963,-0.004962,0.005001,-0.004962,2797987.0,1214690.0,1797987.0,1.797987,0,0.5289,0.4,1142
2026-02-27,0.005506,0.011821,0.006315,0.011821,2813391.0,1229049.0,1813391.0,1.813391,1,0.5293,0.45,1143
2026-03-02,0.003057,-0.011712,-0.014769,-0.011712,2821992.0,1214654.0,1821992.0,1.821992,1,0.5297,0.5,1144
2026-03-03,-0.011859,-0.031102,-0.019243,-0.031102,2788526.0,1176876.0,1788526.0,1.788526,0,0.5293,0.5,1145
2026-03-04,0.014082,-0.014488,-0.02857,-0.014488,2827795.0,1159826.0,1827795.0,1.827795,1,0.5297,0.55,1146
2026-03-05,-0.011229,-0.019262,-0.008032,-0.019262,2796041.0,1137485.0,1796041.0,1.796041,0,0.5292,0.5,1147
2026-03-06,-0.002973,0.002516,0.00549,0.002516,2787728.0,1140348.0,1787728.0,1.787728,0,0.5287,0.5,1148
2026-03-09,0.021185,0.030478,0.009293,0.030478,2846787.0,1175103.0,1846787.0,1.846787,1,0.5292,0.55,1149
2026-03-10,-0.013341,-0.010294,0.003047,-0.010294,2808809.0,1163007.0,1808809.0,1.808809,0,0.5287,0.55,1150
2026-03-11,-0.002807,-0.000778,0.002029,-0.000778,2800923.0,1162102.0,1800923.0,1.800923,0,0.5282,0.55,1151
2026-03-12,0.001537,-0.006313,-0.00785,-0.006313,2805228.0,1154765.0,1805228.0,1.805228,1,0.5286,0.6,1152
2026-03-13,0.010445,0.012338,0.001893,0.012338,2834529.0,1169012.0,1834529.0,1.834529,1,0.5291,0.6,1153
2026-03-16,0.006273,0.002175,-0.004098,0.002175,2852310.0,1171555.0,1852310.0,1.85231,1,0.5295,0.6,1154
2026-03-17,0.006869,0.00241,-0.004459,0.00241,2871904.0,1174379.0,1871904.0,1.871904,1,0.5299,0.6,1155
2026-03-18,0.012521,0.016502,0.003981,0.016502,2907862.0,1193758.0,1907862.0,1.907862,1,0.5303,0.6,1156
2026-03-19,0.005818,-0.006714,-0.012532,-0.006714,2924781.0,1185743.0,1924781.0,1.924781,1,0.5307,0.6,1157
2026-03-23,-0.037491,-0.023974,0.013516,-0.023974,2815129.0,1157316.0,1815129.0,1.815129,0,0.5302,0.6,1158
2026-03-24,-0.014968,-0.004641,0.010327,-0.004641,2772993.0,1151945.0,1772993.0,1.772993,0,0.5298,0.55,1159
2026-03-25,-0.028734,-0.005615,0.023119,-0.005615,2693314.0,1145477.0,1693314.0,1.693314,0,0.5293,0.55,1160
2026-03-26,-0.012158,-0.012067,9.1e-05,-0.012067,2660569.0,1131655.0,1660569.0,1.660569,0,0.5289,0.5,1161
2026-03-27,-0.00599,0.013529,0.019519,0.013529,2644632.0,1146965.0,1644632.0,1.644632,0,0.5284,0.5,1162
2026-03-30,0.003889,0.015413,0.011524,0.015413,2654917.0,1164643.0,1654917.0,1.654917,1,0.5288,0.5,1163
2026-03-31,-0.030438,-0.026329,0.004108,-0.026329,2574107.0,1133979.0,1574107.0,1.574107,0,0.5284,0.45,1164
2026-04-01,-0.028981,0.002466,0.031446,0.002466,2499508.0,1136775.0,1499508.0,1.499508,0,0.5279,0.45,1165
2026-04-02,0.007439,-0.017058,-0.024497,-0.017058,2518102.0,1117383.0,1518102.0,1.518102,1,0.5283,0.45,1166
2026-04-06,-0.009133,-0.006238,0.002895,-0.006238,2495103.0,1110413.0,1495103.0,1.495103,0,0.5278,0.45,1167
2026-04-07,-0.012854,-0.010422,0.002432,-0.010422,2463031.0,1098840.0,1463031.0,1.463031,0,0.5274,0.45,1168
2026-04-08,-0.030011,-0.014496,0.015515,-0.014496,2389113.0,1082911.0,1389113.0,1.389113,0,0.5269,0.4,1169
2026-04-09,-0.010252,-0.022708,-0.012456,-0.022708,2364619.0,1058321.0,1364619.0,1.364619,0,0.5265,0.4,1170
2026-04-10,-0.015881,-0.022909,-0.007028,-0.022909,2327067.0,1034076.0,1327067.0,1.327067,0,0.526,0.4,1171
2026-04-13,-0.0121,-0.002398,0.009702,-0.002398,2298909.0,1031596.0,1298909.0,1.298909,0,0.5256,0.35,1172
2026-04-14,-0.01027,-0.010449,-0.00018,-0.010449,2275300.0,1020817.0,1275300.0,1.2753,0,0.5251,0.3,1173
2026-04-15,0.007302,-0.002699,-0.010002,-0.002699,2291915.0,1018061.0,1291915.0,1.291915,1,0.5256,0.3,1174
2026-04-16,-0.010911,-0.006904,0.004007,-0.006904,2266908.0,1011033.0,1266908.0,1.266908,0,0.5251,0.25,1175
2026-04-17,-0.014345,-0.019908,-0.005563,-0.019908,2234389.0,990905.0,1234389.0,1.234389,0,0.5247,0.2,1176
2026-04-20,0.002192,-0.007321,-0.009513,-0.007321,2239287.0,983650.0,1239287.0,1.239287,1,0.5251,0.2,1177
2026-04-21,-0.012801,-0.008226,0.004575,-0.008226,2210621.0,975559.0,1210621.0,1.210621,0,0.5246,0.2,1178
2026-04-22,-0.013141,-0.006678,0.006464,-0.006678,2181570.0,969044.0,1181570.0,1.18157,0,0.5242,0.2,1179
2026-04-23,-0.016782,-0.007886,0.008896,-0.007886,2144959.0,961403.0,1144959.0,1.144959,0,0.5237,0.2,1180
2026-04-24,-0.014961,-0.013996,0.000964,-0.013996,2112869.0,947947.0,1112869.0,1.112869,0,0.5233,0.2,1181
2026-04-27,0.000742,-0.005933,-0.006675,-0.005933,2114437.0,942323.0,1114437.0,1.114437,1,0.5237,0.25,1182
2026-04-28,0.008688,0.028997,0.020309,0.028997,2132808.0,969647.0,1132808.0,1.132808,1,0.5241,0.25,1183
2026-04-30,-0.02072,-0.013379,0.007341,-0.013379,2088616.0,956675.0,1088616.0,1.088616,0,0.5236,0.25,1184
2026-05-01,-0.016436,-0.002408,0.014028,-0.002408,2054287.0,954371.0,1054287.0,1.054287,0,0.5232,0.25,1185
2026-05-07,0.005558,0.009737,0.004179,0.009737,2065705.0,963663.0,1065705.0,1.065705,1,0.5236,0.25,1186
2026-05-08,-0.012812,-0.012279,0.000532,-0.012279,2039240.0,951830.0,1039240.0,1.03924,0,0.5232,0.25,1187
2026-05-11,0.003704,0.00748,0.003776,0.00748,2046794.0,958950.0,1046794.0,1.046794,1,0.5236,0.3,1188
2026-05-12,0.019748,0.009926,-0.009823,0.009926,2087214.0,968468.0,1087214.0,1.087214,1,0.524,0.35,1189
2026-05-13,-0.018868,-0.004598,0.01427,-0.004598,2047833.0,964016.0,1047833.0,1.047833,0,0.5235,0.35,1190
2026-05-14,0.006659,-0.005028,-0.011687,-0.005028,2061470.0,959169.0,1061470.0,1.06147,1,0.5239,0.4,1191
2026-05-15,-0.003091,-0.006041,-0.00295,-0.006041,2055097.0,953374.0,1055097.0,1.055097,0,0.5235,0.4,1192
2026-05-18,0.003927,-0.011499,-0.015426,-0.011499,2063168.0,942411.0,1063168.0,1.063168,1,0.5239,0.45,1193
2026-05-19,-0.030027,-0.012248,0.017779,-0.012248,2001217.0,930869.0,1001217.0,1.001217,0,0.5235,0.4,1194
2026-05-20,-0.003609,-0.017882,-0.014273,-0.017882,1993995.0,914223.0,993995.0,0.993995,0,0.523,0.4,1195
2026-05-21,0.008879,0.001211,-0.007669,0.001211,2011700.0,915330.0,1011700.0,1.0117,1,0.5234,0.45,1196
2026-05-22,-0.01294,-0.008163,0.004777,-0.008163,1985669.0,907858.0,985669.0,0.985669,0,0.523,0.4,1197
2026-05-26,-0.001133,-0.008217,-0.007084,-0.008217,1983419.0,900398.0,983419.0,0.983419,0,0.5225,0.4,1198
2026-05-27,-0.008999,-0.003935,0.005063,-0.003935,1965570.0,896854.0,965570.0,0.96557,0,0.5221,0.4,1199
2026-05-28,-0.012732,-0.004299,0.008433,-0.004299,1940545.0,892998.0,940545.0,0.940545,0,0.5217,0.4,1200
2026-05-29,0.002265,0.011195,0.00893,0.011195,1944940.0,902995.0,944940.0,0.94494,1,0.5221,0.45,1201
2026-06-01,0.011744,-0.00724,-0.018984,-0.00724,1967781.0,896457.0,967781.0,0.967781,1,0.5225,0.45,1202
2026-06-02,0.004807,0.005302,0.000495,0.005302,1977240.0,901210.0,977240.0,0.97724,1,0.5229,0.45,1203
2026-06-03,0.014961,0.018504,0.003543,0.018504,2006821.0,917886.0,1006821.0,1.006821,1,0.5233,0.5,1204
2026-06-04,-0.008607,-0.002437,0.00617,-0.002437,1989549.0,915649.0,989549.0,0.989549,0,0.5228,0.5,1205
2026-06-05,0.003143,-0.00172,-0.004864,-0.00172,1995803.0,914074.0,995803.0,0.995803,1,0.5232,0.5,1206
2026-06-08,0.003171,0.009856,0.006685,0.009856,2002131.0,923083.0,1002131.0,1.002131,1,0.5236,0.55,1207
2026-06-09,-0.016951,-0.015623,0.001328,-0.015623,1968193.0,908662.0,968193.0,0.968193,0,0.5232,0.5,1208
