date,signal_strength,signal_spread,signal_food,signal_energy,signal_construction,signal_materials,signal_pharma,signal_auto,signal_steel,signal_machinery,signal_electronics,signal_it_services,signal_utilities,signal_transport,signal_trading,signal_retail,signal_banks,signal_finance,signal_realestate,rank_electronics,rank_banks,rank_energy,rank_trading,rank_realestate,rank_finance,rank_machinery,rank_steel,rank_construction,rank_auto,rank_materials,rank_transport,rank_it_services,rank_food,rank_retail,rank_pharma,rank_utilities
2021-04-20,0.123921,0.118645,-0.052936,0.057749,0.000722,-0.000517,-0.060118,0.00067,0.001132,0.002531,0.05863,-0.005571,-0.065291,-0.00088,0.055169,-0.055905,0.058244,0.003704,0.004608,1,2,3,4,5,6,7,8,9,10,11,12,13,14,15,16,17
2021-04-21,0.636111,0.620622,0.315974,-0.303495,-0.001183,-0.004932,0.311186,0.000328,-0.012889,-0.015375,-0.300889,-0.001636,0.332616,-0.011842,-0.292043,0.301625,-0.297705,-0.010213,0.003521,16,15,17,14,5,10,13,12,7,6,9,11,8,2,4,3,1
2021-04-22,0.244642,0.240755,-0.126422,0.117186,0.001362,0.002409,-0.119129,3.3e-05,0.006473,0.00685,0.115858,0.006775,-0.127456,0.008116,0.114665,-0.11683,0.116214,0.003948,-0.003178,3,2,1,4,13,9,6,8,11,12,10,5,7,16,14,15,17
2021-04-23,0.091392,0.084469,0.050228,-0.039595,-0.000204,-0.000851,0.037598,0.000936,-0.002683,-0.002204,-0.037303,-0.01147,0.041172,-0.00858,-0.041165,0.042999,-0.03825,-9.1e-05,0.006364,14,15,16,17,5,7,10,11,8,6,9,12,13,1,2,4,3
2021-04-26,0.309873,0.303844,-0.157796,0.148721,0.001656,-0.000748,-0.152646,-0.001256,0.00493,0.005838,0.143857,0.006581,-0.161152,0.009953,0.144879,-0.149609,0.146337,0.004088,-0.004149,4,2,1,3,13,9,7,8,10,12,11,5,6,16,14,15,17
2021-04-27,0.383928,0.37091,-0.184164,0.181155,0.000108,0.001205,-0.186147,-0.001201,0.005401,0.007303,0.179669,-0.004899,-0.202773,0.003805,0.174384,-0.180028,0.178821,0.005771,0.001614,2,3,1,4,9,6,5,7,11,12,10,8,13,15,14,16,17
2021-04-28,0.318698,0.309147,-0.150125,0.152349,-4.1e-05,0.001078,-0.154589,-0.000987,0.004407,0.007315,0.152505,-0.002425,-0.166193,0.004929,0.146991,-0.148368,0.15168,0.0055,0.003757,1,3,2,4,9,6,5,8,11,12,10,7,13,15,14,16,17
2021-04-30,0.347264,0.337594,-0.164915,0.166363,-0.00083,0.000413,-0.169658,-0.00229,0.00614,0.008496,0.164581,-0.000878,-0.18056,0.00694,0.158826,-0.162176,0.166704,0.006367,0.001561,3,1,2,4,9,7,5,8,11,13,10,6,12,15,14,16,17
2021-05-06,0.353874,0.348719,0.177572,-0.170977,0.000206,0.001983,0.174343,0.003475,-0.002082,-0.006425,-0.17091,-0.005415,0.182897,-0.010217,-0.165994,0.171451,-0.169457,-0.005544,0.000342,16,15,17,14,7,11,12,9,8,5,6,13,10,2,4,3,1
2021-05-07,0.14335,0.136716,0.061604,-0.065244,0.004063,-0.000615,0.07159,0.00032,-0.004887,-0.005303,-0.064618,0.006809,0.075758,0.00319,-0.059984,0.065347,-0.067592,-0.00309,0.001055,15,17,16,14,8,11,13,12,6,9,10,7,5,4,3,2,1
2021-05-10,0.169535,0.165833,-0.086521,0.083014,0.002373,-0.002684,-0.082954,-0.003565,-0.002636,-0.000601,0.079692,0.002708,-0.086288,0.007041,0.07903,-0.081886,0.07846,0.000647,0.000702,2,4,1,3,8,9,10,11,7,13,12,5,6,17,14,15,16
2021-05-11,0.126341,0.12408,0.066099,-0.060242,-0.000226,0.004055,0.062884,0.004813,0.004438,0.002569,-0.05824,-0.000324,0.065939,-0.003906,-0.058422,0.063299,-0.058158,0.000203,0.000741,15,14,17,16,9,10,8,6,11,5,7,13,12,1,3,4,2
2021-05-12,0.062387,0.053223,0.031192,-0.028569,-0.009248,0.002853,0.020536,0.004118,0.008062,0.007097,-0.024252,-0.008501,0.017207,-0.013461,-0.031195,0.023925,-0.02351,-0.001279,-0.004307,15,14,16,17,10,9,6,5,12,7,8,13,11,1,2,3,4
2021-05-13,0.245263,0.227486,-0.091265,0.106432,-0.013712,0.002013,-0.115478,0.007094,0.023906,0.018027,0.109259,-0.015512,-0.129472,-0.011484,0.092967,-0.106024,0.115792,0.007101,-0.005119,2,1,3,4,10,7,6,5,12,8,9,11,13,14,15,16,17
2021-05-14,0.390896,0.371992,0.17084,-0.174442,0.009497,0.004324,0.188284,-0.004153,-0.010461,-0.008568,-0.180874,0.008493,0.205124,0.001554,-0.160355,0.181481,-0.185773,-0.012476,0.006474,16,17,15,14,7,13,11,12,5,10,8,9,6,4,3,2,1
2021-05-17,0.223258,0.212942,-0.115818,0.105317,0.004017,0.000588,-0.102357,-0.011431,-0.009315,0.002056,0.099575,0.000805,-0.107884,0.008825,0.10744,-0.102791,0.097844,-0.003953,0.003987,3,4,2,1,7,11,8,12,6,13,10,5,9,17,15,14,16
2021-05-18,0.468799,0.455776,-0.225212,0.222227,-0.001852,-0.003389,-0.226907,-0.001934,0.006322,0.009435,0.225641,0.00051,-0.243158,0.006344,0.210881,-0.224563,0.224183,0.00873,-0.002111,1,2,3,4,12,6,5,8,10,11,13,7,9,15,14,16,17
2021-05-19,0.378234,0.372481,0.192514,-0.184933,-0.003614,-0.001319,0.182206,0.009146,0.006052,-0.006833,-0.182679,-0.002753,0.193301,-0.010808,-0.18181,0.181498,-0.179856,-0.001361,-0.002569,16,14,17,15,9,8,12,6,11,5,7,13,10,2,4,3,1
2021-05-20,0.423773,0.418312,0.212674,-0.206959,-0.003703,-0.001306,0.206394,0.009199,0.004143,-0.008117,-0.206942,-0.001921,0.216813,-0.011021,-0.20472,0.206827,-0.203829,-0.002791,-0.000257,16,14,17,15,7,10,12,6,11,5,8,13,9,2,3,4,1
2021-05-21,0.491236,0.474441,0.228421,-0.229706,0.002302,0.003074,0.238993,-0.005135,-0.012162,-0.011608,-0.236286,0.000599,0.254951,-0.004418,-0.217436,0.236622,-0.226764,-0.012509,0.001174,17,15,16,14,7,13,11,12,6,10,5,9,8,4,3,2,1
2021-05-24,0.096079,0.093621,-0.045393,0.046403,0.000773,0.000482,-0.046424,0.000638,0.001901,0.002851,0.047101,0.000624,-0.048978,0.002075,0.044771,-0.046108,0.045849,0.002308,0.000689,1,3,2,4,10,6,5,8,9,11,13,7,12,14,15,16,17
2021-05-25,0.139306,0.134225,-0.071515,0.064873,0.002877,0.001483,-0.065353,-0.007909,-0.008567,0.001943,0.06464,3.7e-05,-0.066122,0.004525,0.067792,-0.067733,0.062221,-0.004894,0.000242,3,4,2,1,9,11,7,13,6,12,8,5,10,17,16,14,15
2021-05-26,0.128491,0.1239,0.064447,-0.062153,-0.00411,-0.002972,0.059744,0.005586,0.0067,-0.0031,-0.060449,-0.00108,0.058539,-0.005387,-0.064044,0.060862,-0.059472,0.002504,-0.001345,15,14,16,17,9,7,11,5,12,6,10,13,8,1,2,3,4
2021-05-27,0.271015,0.267021,-0.132478,0.132232,-0.000673,-5.6e-05,-0.134507,-0.001473,-0.000561,0.005827,0.132466,-0.001363,-0.13855,0.002151,0.126113,-0.133699,0.129612,0.003208,-0.00189,1,3,2,4,13,6,5,9,10,12,8,7,11,14,15,16,17
2021-05-28,0.510352,0.496754,-0.246012,0.244746,-0.000418,0.003125,-0.24756,-0.00107,-0.00147,0.014243,0.252421,0.001055,-0.257931,-0.000163,0.235205,-0.247558,0.240046,0.006428,-0.005267,1,3,2,4,13,6,5,12,10,11,7,9,8,14,15,16,17
2021-06-01,0.089841,0.087517,0.043652,-0.042635,0.000708,-4.4e-05,0.044071,0.000418,0.00014,-0.00192,-0.043941,0.000493,0.0459,0.000657,-0.040554,0.043964,-0.042039,-0.000818,0.001273,17,15,16,14,5,12,13,10,6,9,11,7,8,4,3,2,1
2021-06-02,1.252795,1.218925,-0.606892,0.597148,-0.000779,0.009085,-0.609942,-0.004012,-0.003476,0.036661,0.622769,0.002387,-0.630026,-0.001609,0.575148,-0.609066,0.587826,0.013611,-0.013898,1,3,2,4,13,6,5,11,9,12,7,10,8,14,15,16,17
2021-06-03,0.065217,0.064128,-0.032189,0.031965,0.000299,0.000989,-0.032115,0.000213,-0.001056,0.002509,0.032611,-9.7e-05,-0.032607,0.000502,0.03075,-0.032171,0.030841,0.000561,-0.000213,1,3,2,4,12,7,5,13,9,10,6,8,11,16,15,14,17
2021-06-04,0.153796,0.152146,0.07699,-0.07603,-0.001143,-0.002669,0.07588,0.00042,0.004171,-0.005918,-0.076806,0.000231,0.076372,-0.002023,-0.073768,0.076473,-0.072501,-0.000709,-2.8e-05,17,14,16,15,8,9,13,5,10,6,12,11,7,1,2,4,3
2021-06-07,0.158749,0.153332,0.072475,-0.074148,0.00041,-0.000729,0.07761,-0.005552,-0.003414,-0.00512,-0.078466,-0.000186,0.080283,-0.001184,-0.068102,0.074531,-0.07496,-0.005884,-0.0013,17,16,15,14,9,13,11,10,5,12,7,8,6,4,3,2,1
2021-06-08,0.202232,0.20044,0.103136,-0.098789,-0.000817,-0.00218,0.101845,0.002284,0.006615,-0.006333,-0.099096,0.002472,0.10116,-0.001048,-0.096073,0.102381,-0.094048,0.000174,0.000863,17,14,16,15,8,9,13,5,10,7,12,11,6,1,2,3,4
2021-06-09,0.50008,0.487002,-0.242453,0.237286,-0.001054,0.001086,-0.247361,0.006997,-0.000492,0.016134,0.247554,-0.001861,-0.252526,0.001292,0.221646,-0.2443,0.23198,0.007687,-0.002397,1,3,2,4,13,6,5,10,11,7,9,8,12,14,15,16,17
2021-06-10,0.515284,0.506081,0.2562,-0.247699,-0.002801,-0.010017,0.25962,-0.001747,0.009107,-0.020538,-0.25454,0.003354,0.260743,-0.003023,-0.239439,0.252972,-0.239073,-0.004334,0.001502,17,14,16,15,7,11,13,5,9,8,12,10,6,3,4,2,1
2021-06-11,0.75504,0.738026,0.36975,-0.353529,-0.000877,-0.005344,0.37238,-0.014389,0.0049,-0.021401,-0.371222,0.005168,0.383818,-0.002859,-0.338378,0.37737,-0.355758,-0.016109,0.002311,17,16,15,14,7,12,13,6,8,11,10,9,5,4,2,3,1
2021-06-14,0.082362,0.080017,-0.040181,0.037392,-0.00085,-0.000502,-0.040757,0.00147,-0.000679,0.001328,0.039732,-0.001043,-0.04263,-0.000568,0.035272,-0.041506,0.038035,0.00134,-0.00102,1,2,3,4,12,6,7,10,11,5,8,9,13,14,16,15,17
2021-06-15,0.378479,0.374485,0.187952,-0.181871,-0.002615,-0.00562,0.189882,-0.004713,0.006742,-0.011643,-0.186217,0.003489,0.192125,-0.002434,-0.176104,0.192262,-0.1811,-0.00831,0.000364,17,15,16,14,7,12,13,5,9,10,11,8,6,4,1,3,2
2021-06-16,0.123144,0.118771,-0.059049,0.054594,-0.001698,-0.002038,-0.060084,0.003231,0.00089,0.001331,0.059147,-0.001583,-0.063996,-0.00103,0.050512,-0.061657,0.056834,0.002384,-0.001342,1,2,3,4,10,6,7,8,12,5,13,9,11,14,16,15,17
2021-06-17,0.349129,0.335596,-0.16115,0.154238,-0.00385,-0.006189,-0.166967,0.015874,0.009502,0.003432,0.168904,-0.001605,-0.180225,-0.000669,0.140121,-0.169453,0.167003,0.010812,-0.002456,1,2,3,4,11,6,8,7,12,5,13,9,10,14,16,15,17
2021-06-18,1.324547,1.315259,0.663135,-0.636333,-0.012739,-0.008224,0.672121,-0.016234,0.015461,-0.02913,-0.643178,0.017559,0.6696,-0.022496,-0.617297,0.675108,-0.649439,-0.032653,-0.009848,16,17,15,14,8,13,12,6,9,10,7,11,5,4,1,2,3
2021-06-21,0.177095,0.156466,-0.06648,0.065318,-0.007203,-0.011764,-0.07386,0.021146,0.018817,-0.000968,0.081159,-0.001788,-0.095936,-0.010381,0.045964,-0.074351,0.078773,0.00867,-0.007077,1,2,3,4,10,7,8,6,11,5,13,12,9,14,16,15,17
2021-06-22,0.468156,0.462699,-0.23276,0.225071,0.012787,0.010572,-0.240654,-0.002473,-0.018585,0.013726,0.204591,-0.014077,-0.219312,0.01582,0.227502,-0.235993,0.226118,0.015219,0.006745,4,2,3,1,10,6,7,13,8,11,9,5,12,15,16,17,14
2021-06-23,0.004132,0.003841,-0.00263,0.001452,0.000213,-0.000582,-0.002385,-0.001625,-0.001986,-7.3e-05,-0.001099,-0.001479,-0.000718,0.000971,0.001502,-0.002228,0.001327,-0.000257,0.00018,11,3,2,1,6,8,7,14,5,13,9,4,12,17,15,16,10
2021-06-24,0.291694,0.287982,-0.141426,0.139854,0.000189,-2.3e-05,-0.145311,0.00555,0.00403,0.004479,0.145139,-0.001197,-0.146554,0.001482,0.134393,-0.144612,0.142476,0.004353,0.000477,1,2,3,4,10,7,6,8,11,5,12,9,13,14,15,16,17
2021-06-25,0.049993,0.044061,0.020047,-0.020045,0.001126,-0.000194,0.020837,-0.002675,-0.003853,0.000453,-0.025479,-0.001434,0.024514,0.002441,-0.019131,0.020614,-0.020694,4.8e-05,0.001276,17,16,15,14,6,9,8,13,7,12,10,5,11,4,3,2,1
2021-06-28,0.077853,0.071391,0.034144,-0.03224,0.002013,0.000657,0.035765,-0.002051,-0.003441,0.001153,-0.038184,-0.000517,0.039668,0.003265,-0.030758,0.03501,-0.033306,0.000593,0.001993,17,16,15,14,7,10,8,13,6,12,9,5,11,4,3,2,1
2021-06-29,0.597318,0.589813,0.293769,-0.291942,-0.006703,-7.5e-05,0.30321,-0.00444,0.002009,-0.012047,-0.286142,0.005084,0.296305,-0.007225,-0.27916,0.297731,-0.294108,-0.00953,-0.002809,15,17,16,14,8,12,13,6,10,9,7,11,5,4,2,1,3
2021-06-30,0.141156,0.135926,-0.066763,0.064093,-0.00112,-0.001213,-0.068934,0.002779,0.001822,-0.000296,0.069212,0.000175,-0.071943,-0.001519,0.061786,-0.067772,0.065822,0.000137,-0.001023,1,2,3,4,10,8,9,6,11,5,12,13,7,14,15,16,17
2021-07-01,0.004542,0.003282,0.00107,-0.001393,5.4e-05,-0.000227,0.00111,-0.000768,-0.000903,6.9e-05,-0.002673,-0.000637,0.001869,0.00023,-0.001464,0.000914,-0.001659,-8.8e-05,-6e-05,17,16,14,15,8,9,6,13,7,12,10,5,11,3,4,2,1
2021-07-02,0.080709,0.078469,-0.038825,0.039993,0.003575,0.000413,-0.040203,-0.002609,-0.004676,0.004632,0.030415,-0.003145,-0.034853,0.004535,0.037451,-0.040716,0.038218,0.001784,0.002005,4,2,1,3,8,9,5,13,7,11,10,6,12,15,17,16,14
2021-07-06,0.357285,0.350127,0.17525,-0.170551,-0.000749,5e-06,0.177422,-0.007343,-0.002069,-0.00461,-0.176061,-0.001043,0.181224,-0.000743,-0.167943,0.176799,-0.168325,-0.001415,-0.001272,17,15,16,14,9,10,12,11,7,13,5,6,8,4,3,2,1
2021-07-07,0.508676,0.499488,0.249421,-0.249663,-0.003433,0.002567,0.259013,-0.005705,0.004104,-0.008831,-0.228033,0.010319,0.245929,-0.008212,-0.240161,0.255556,-0.244652,0.001102,-0.003467,14,16,17,15,10,8,13,6,9,11,7,12,5,3,2,1,4
2021-07-08,0.265012,0.26229,0.129584,-0.129824,-0.000831,-0.000106,0.133507,-0.00743,-0.004952,-0.003283,-0.131108,-0.001164,0.133905,-0.002078,-0.128006,0.129628,-0.128899,-0.002234,-0.001512,17,15,16,14,8,10,11,12,6,13,5,9,7,4,3,2,1
2021-07-09,0.114769,0.108674,0.052821,-0.055473,-0.003722,0.000574,0.055909,0.002179,0.008691,-0.005529,-0.036347,0.008788,0.043948,-0.006133,-0.049525,0.059296,-0.052998,0.003151,-0.003119,14,16,17,15,10,7,12,6,11,8,9,13,5,3,1,2,4
2021-07-12,0.676108,0.662208,-0.328405,0.333579,0.007423,0.000227,-0.342529,0.007603,-0.007993,0.011852,0.297175,-0.016633,-0.321051,0.013307,0.316621,-0.33938,0.326109,-0.001266,0.006579,4,2,1,3,9,11,6,12,8,7,10,5,13,15,16,17,14
2021-07-13,0.207633,0.202726,-0.099853,0.103415,0.002381,0.001255,-0.104218,0.002719,-0.000425,0.003648,0.092514,-0.003205,-0.098881,0.004466,0.097423,-0.103381,0.099886,0.000651,0.001372,4,2,1,3,9,11,6,12,8,7,10,5,13,15,16,17,14
2021-07-14,0.393009,0.382581,0.187575,-0.195876,-0.004721,-0.00208,0.197134,-0.003971,0.002451,-0.006329,-0.171624,0.007483,0.184962,-0.008998,-0.183201,0.195522,-0.188434,2e-06,-0.002734,14,16,17,15,9,7,12,6,11,10,8,13,5,3,2,1,4
2021-07-15,0.529185,0.522821,0.260629,-0.260004,-0.00108,-0.001096,0.269181,-0.009177,-0.003868,-0.007901,-0.248986,0.003899,0.269007,-0.005725,-0.251588,0.264084,-0.254597,-0.002652,-0.000833,14,16,17,15,6,9,12,10,7,13,8,11,5,4,3,1,2
2021-07-16,0.090344,0.088645,0.042979,-0.045603,-0.001637,-0.001313,0.044741,-0.002366,-0.00045,-0.002118,-0.040539,0.000851,0.042143,-0.003283,-0.043656,0.044548,-0.044406,-0.001008,-0.001489,14,16,17,15,9,7,11,6,10,12,8,13,5,3,2,1,4
2021-07-19,0.619805,0.608839,0.302905,-0.305926,-0.003962,-0.001472,0.313879,-0.011206,0.000317,-0.007714,-0.279072,0.009706,0.300843,-0.011942,-0.294669,0.309943,-0.299195,-0.003336,-0.003022,14,16,17,15,8,9,11,6,10,12,7,13,5,3,2,1,4
2021-07-20,0.373461,0.356409,0.174482,-0.185178,-0.006947,-0.002706,0.179595,0.000373,0.012578,-0.007074,-0.151006,0.012746,0.155064,-0.020257,-0.168501,0.188283,-0.173187,0.007084,-0.005148,14,16,17,15,10,7,12,6,11,8,9,13,5,3,1,2,4
2021-07-21,0.298196,0.285035,-0.137994,0.14861,0.004888,0.002906,-0.148241,-0.000985,-0.007788,0.005102,0.12363,-0.009993,-0.12919,0.011418,0.130962,-0.149586,0.139711,-0.006025,0.003266,4,2,1,3,8,11,6,12,7,10,9,5,13,15,17,16,14
2021-07-26,0.604363,0.592408,-0.292292,0.298448,0.003918,0.002352,-0.305916,0.012019,-0.000184,0.006191,0.277089,-0.008302,-0.295122,0.008336,0.285777,-0.300241,0.291721,0.003946,0.002108,4,2,1,3,11,8,7,12,9,5,10,6,13,14,16,17,15
2021-07-27,0.446423,0.438807,-0.216797,0.220225,0.002328,0.003186,-0.226198,0.01091,0.001699,0.00376,0.206531,-0.005024,-0.22014,0.006249,0.212332,-0.22122,0.216306,0.005682,0.001949,4,2,1,3,11,7,8,12,10,5,9,6,13,14,16,17,15
2021-07-28,0.20338,0.199842,0.099452,-0.099838,-0.001158,-0.001244,0.103542,-0.004636,-0.00098,-0.002149,-0.094122,0.003067,0.101632,-0.002546,-0.096098,0.100225,-0.098191,-0.00162,-0.000235,14,16,17,15,6,10,11,7,8,13,9,12,5,4,3,1,2
2021-07-29,0.232482,0.229952,-0.115192,0.11275,0.000502,0.000512,-0.118505,0.006974,0.002857,0.000888,0.109117,-0.00178,-0.119732,0.001881,0.11175,-0.114323,0.111927,0.003533,0.00063,4,2,1,3,10,6,9,7,12,5,11,8,13,15,14,16,17
2021-07-30,0.059044,0.056348,-0.027352,0.02923,0.000841,0.002038,-0.029815,-0.000183,-0.001212,0.003295,0.026075,-0.002877,-0.026591,0.000691,0.025153,-0.029039,0.027536,-0.002094,-0.000854,3,2,1,4,10,12,5,11,7,9,6,8,13,15,16,17,14
2021-08-02,0.014586,0.012653,0.004079,-0.008696,-0.002123,-0.003483,0.00559,0.000174,0.000272,-0.004725,-0.006701,0.001081,0.002127,-0.001572,-0.004666,0.00589,-0.007002,0.001483,-1.1e-05,15,16,17,13,9,5,14,7,11,8,12,10,6,3,1,2,4
2021-08-03,0.172132,0.168877,0.085221,-0.083886,-0.000241,-0.001782,0.088246,-0.002992,0.000963,-0.002348,-0.079724,0.004661,0.086404,0.000156,-0.080094,0.086698,-0.081304,0.000842,0.001168,14,16,17,15,6,8,12,7,10,13,11,9,5,4,2,1,3
2021-08-04,0.080267,0.073663,0.035891,-0.032629,0.000339,0.002587,0.03561,-0.005356,-0.003949,0.004937,-0.034444,-0.002938,0.041224,-0.000239,-0.039043,0.033375,-0.034776,-0.00595,-0.002565,15,16,14,17,9,13,5,11,7,12,6,8,10,2,4,3,1
2021-08-05,0.077491,0.074049,0.036762,-0.039119,-0.001178,-0.004739,0.038003,0.001614,0.002011,-0.007115,-0.033691,0.005357,0.033364,-0.00253,-0.034005,0.038372,-0.035886,0.005925,0.00252,14,16,17,15,7,5,13,8,10,9,12,11,6,3,1,2,4
2021-08-06,0.112649,0.110177,-0.054565,0.057301,0.002654,0.005889,-0.055348,0.002294,-0.000116,0.006946,0.053456,-0.003265,-0.053682,0.003706,0.054251,-0.053863,0.055204,-0.002485,-0.000318,4,2,1,3,11,12,5,10,8,9,6,7,13,16,15,17,14
2021-08-10,0.508522,0.499739,-0.251059,0.24801,0.000612,0.005068,-0.257058,0.011697,0.003178,0.005918,0.235761,-0.009132,-0.260513,0.00514,0.241625,-0.250948,0.240951,0.001683,-0.000864,4,3,1,2,12,10,6,9,11,5,8,7,13,15,14,16,17
2021-08-11,0.294205,0.29009,-0.146368,0.144543,4.3e-05,0.004458,-0.149596,0.00554,0.000559,0.003974,0.136867,-0.006458,-0.149662,0.003363,0.139765,-0.145558,0.140336,-0.000211,-0.000906,4,2,1,3,12,11,7,9,10,5,6,8,13,15,14,16,17
2021-08-12,0.457857,0.451331,-0.226735,0.225669,0.000827,0.00767,-0.231897,0.009856,0.002198,0.006751,0.213982,-0.009477,-0.232188,0.005772,0.218412,-0.226282,0.219091,0.000975,-0.000636,4,2,1,3,12,10,7,9,11,5,6,8,13,15,14,16,17
2021-08-13,0.183709,0.180564,0.090567,-0.090166,-0.001033,-0.002108,0.09271,-0.004169,-0.002636,-0.002562,-0.085198,0.002758,0.093543,-0.00189,-0.088012,0.088615,-0.086695,-0.001707,-0.00207,14,15,17,16,9,7,11,12,6,13,10,8,5,3,4,2,1
2021-08-16,0.53427,0.523564,0.258818,-0.261128,-0.001421,-0.007644,0.268587,-0.012959,-0.007326,-0.00751,-0.244469,0.013009,0.273142,-0.004649,-0.255299,0.256371,-0.253719,-0.005957,-0.00627,14,15,17,16,9,8,11,10,6,13,12,7,5,3,4,2,1
2021-08-17,0.708459,0.693394,0.343118,-0.346659,-0.003169,-0.012406,0.355861,-0.018082,-0.002997,-0.013155,-0.32469,0.02065,0.361801,-0.010519,-0.335919,0.341712,-0.336824,-0.008809,-0.007916,14,16,17,15,8,9,12,6,7,13,11,10,5,3,4,2,1
2021-08-18,0.351138,0.344966,0.167301,-0.173279,-0.003017,-0.007883,0.173067,-0.011621,-0.003205,-0.009996,-0.163395,0.011193,0.17698,-0.00818,-0.16397,0.177859,-0.169743,-0.003412,0.000731,14,16,17,15,6,9,12,8,7,13,10,11,5,4,1,3,2
2021-08-19,0.369801,0.361594,-0.176699,0.180782,0.007354,0.008983,-0.184223,0.007415,0.00086,0.006022,0.169694,-0.010816,-0.183444,0.000172,0.185577,-0.170522,0.174056,0.010472,0.009476,4,3,2,1,6,5,10,11,9,8,7,12,13,15,14,17,16
2021-08-20,0.696017,0.685088,0.339588,-0.344205,-0.0069,-0.01305,0.350582,-0.019089,-0.005076,-0.01311,-0.322894,0.020475,0.351812,-0.008205,-0.332775,0.339482,-0.336301,-0.010513,-0.004242,14,16,17,15,6,10,12,7,8,13,11,9,5,3,4,2,1
2021-08-23,0.266773,0.260458,0.129592,-0.126863,-0.005085,-0.003544,0.136963,-0.005502,0.002575,-0.000708,-0.122715,0.009678,0.13394,0.004033,-0.129809,0.129861,-0.123937,-0.003573,-0.003299,14,15,16,17,9,11,8,7,12,13,10,6,5,4,3,1,2
2021-08-24,0.542329,0.530416,-0.264305,0.268054,0.003136,0.008361,-0.274276,0.022543,0.013414,0.011812,0.249076,-0.018022,-0.271134,0.010025,0.25402,-0.265293,0.258471,0.006981,0.000573,4,2,1,3,12,10,7,6,11,5,9,8,13,14,15,17,16
2021-08-25,0.568865,0.558779,-0.276165,0.280729,0.007624,0.010943,-0.288136,0.024278,0.010923,0.012047,0.265026,-0.015374,-0.28706,0.006838,0.272846,-0.276379,0.271187,0.00769,0.0049,4,3,1,2,12,9,6,8,10,5,7,11,13,14,15,17,16
2021-08-26,0.352375,0.344973,-0.170485,0.173469,0.003447,0.005907,-0.178906,0.013913,0.007753,0.008515,0.164396,-0.008688,-0.178465,0.005921,0.167161,-0.16982,0.166435,0.00376,0.00232,4,3,1,2,12,10,6,7,11,5,9,8,13,15,14,17,16
2021-08-27,0.120884,0.114836,-0.056413,0.053298,0.004598,0.002739,-0.061594,0.002093,-0.003034,0.000442,0.051621,-0.005029,-0.062138,-0.004718,0.058746,-0.05612,0.052321,0.001227,0.001569,4,3,2,1,8,9,10,11,5,7,6,12,13,15,14,16,17
2021-08-30,0.475467,0.461316,-0.229925,0.235813,0.000413,0.004339,-0.239655,0.019153,0.017004,0.010746,0.218603,-0.012061,-0.236135,0.010439,0.218175,-0.22818,0.223818,0.004911,-0.000121,3,2,1,4,12,9,7,6,11,5,10,8,13,15,14,17,16
2021-08-31,0.439136,0.430625,0.210391,-0.215901,-0.008581,-0.008268,0.223234,-0.017742,-0.009968,-0.010121,-0.202329,0.011679,0.22208,-0.004786,-0.210878,0.21178,-0.208002,-0.007845,-0.005012,14,15,17,16,7,8,12,11,10,13,9,6,5,4,3,1,2
2021-09-01,0.138943,0.136886,-0.067763,0.067465,0.001693,0.001526,-0.071478,0.003301,0.002392,0.001451,0.064734,-0.00315,-0.071448,0.00019,0.06684,-0.067833,0.065595,0.001562,-0.000385,4,3,1,2,12,8,10,6,7,5,9,11,13,14,15,17,16
2021-09-02,0.221666,0.218277,0.105155,-0.109824,-0.005874,-0.005465,0.110965,-0.007821,-0.00633,-0.005532,-0.106331,0.001893,0.111842,-0.001548,-0.109703,0.10514,-0.107342,-0.004701,-0.001571,14,15,17,16,7,8,10,12,11,13,9,6,5,3,4,2,1
2021-09-03,0.036542,0.035246,-0.01913,0.016984,-0.005039,-0.001442,-0.019212,-0.000256,0.002203,-0.001132,0.015986,-0.001742,-0.019558,0.001437,0.011835,-0.018934,0.014869,-0.001811,-0.004053,2,3,1,4,12,11,8,5,13,7,9,6,10,15,14,16,17
2021-09-07,0.064539,0.063271,0.031176,-0.032102,0.001845,-0.001109,0.032394,-0.001986,-0.003638,-0.001328,-0.031481,-0.00021,0.032438,-0.001932,-0.028537,0.031095,-0.030225,-0.000513,0.001617,16,15,17,14,6,8,10,13,5,12,9,11,7,3,4,2,1
2021-09-08,0.284874,0.277598,-0.130934,0.139163,0.011851,0.007776,-0.139232,0.01145,0.006468,0.007699,0.133219,-0.003554,-0.141763,0.001465,0.14311,-0.132787,0.136739,0.005934,0.004703,4,3,2,1,11,10,8,9,5,6,7,12,13,14,15,16,17
2021-09-09,0.458264,0.447921,0.221029,-0.225467,-0.004045,-0.005673,0.227321,-0.013655,-0.012226,-0.006754,-0.215553,0.004681,0.232798,-0.005926,-0.219908,0.220757,-0.217241,-0.003546,0.000352,14,15,17,16,6,7,11,12,8,13,9,10,5,3,4,2,1
2021-09-10,0.351655,0.3438,-0.165413,0.173303,0.011616,0.009347,-0.174042,0.01344,0.009134,0.007673,0.164583,-0.00389,-0.177473,0.005871,0.174182,-0.163876,0.166987,0.005263,0.007156,4,3,2,1,10,12,9,8,6,5,7,11,13,15,14,16,17
2021-09-13,0.462717,0.454744,-0.224024,0.225535,0.009425,0.007523,-0.236335,0.012917,0.008503,0.004665,0.214574,-0.010986,-0.235902,0.004207,0.226383,-0.221681,0.216054,0.00161,0.005586,4,3,2,1,9,12,10,7,6,5,8,11,13,15,14,17,16
2021-09-14,0.549895,0.53686,-0.263819,0.26889,0.00341,0.00794,-0.278057,0.016118,0.015602,0.005537,0.258057,-0.005856,-0.281005,0.009245,0.260753,-0.261953,0.257055,0.002081,0.002246,3,4,1,2,11,12,9,6,10,5,8,7,13,15,14,16,17
2021-09-15,0.220728,0.214988,0.104663,-0.110381,0.003952,-0.001491,0.109947,-0.006388,-0.009954,-0.002395,-0.104701,0.001385,0.110348,-0.005847,-0.101179,0.106693,-0.102895,-0.000813,0.002339,16,15,17,14,6,8,10,13,5,12,9,11,7,4,3,2,1
2021-09-16,0.276333,0.269336,-0.131127,0.137786,-0.00499,0.001112,-0.137487,0.007559,0.011149,0.001675,0.132169,-0.00257,-0.138547,0.006277,0.127654,-0.133478,0.128541,-0.001429,-0.002292,2,3,1,4,11,10,8,5,13,6,9,7,12,14,15,16,17
2021-09-17,0.061523,0.058646,-0.027304,0.027637,0.00438,0.003353,-0.030911,0.001483,0.000327,0.000982,0.02844,0.000625,-0.029933,0.000236,0.030611,-0.026963,0.028739,0.001988,0.002874,3,2,4,1,7,8,10,12,5,9,6,13,11,15,14,17,16
2021-09-21,0.124192,0.116329,-0.055536,0.051996,0.00921,0.005311,-0.064044,0.000204,-0.003153,-0.000325,0.053022,-0.001781,-0.061335,-0.002635,0.060149,-0.054741,0.054904,0.002559,0.004525,3,2,4,1,7,8,10,13,5,9,6,12,11,15,14,17,16
2021-09-22,0.030501,0.029622,-0.013967,0.014265,0.002147,0.001142,-0.015988,0.000753,-0.000969,-0.000146,0.012373,-0.000604,-0.015633,0.001178,0.014513,-0.014067,0.014401,0.001268,0.001256,4,2,3,1,7,6,11,13,5,10,9,8,12,14,15,17,16
2021-09-24,0.414688,0.403838,-0.196203,0.198436,-0.004291,0.007928,-0.207131,0.012119,0.01716,0.003967,0.205718,-0.001491,-0.208969,-0.002618,0.194287,-0.196971,0.188976,-0.001064,-0.006176,1,4,2,3,13,9,8,5,12,6,7,11,10,14,15,16,17
2021-09-27,0.065184,0.063717,-0.028876,0.03378,0.002977,0.003579,-0.031347,0.004399,0.0039,0.002544,0.032845,0.001757,-0.031405,0.003573,0.0329,-0.028643,0.03246,0.002977,0.002967,3,4,1,2,11,9,12,6,10,5,7,8,13,15,14,16,17
2021-09-28,1.130374,1.106977,-0.54072,0.549993,0.009846,0.020247,-0.580381,0.038883,0.026288,0.003507,0.534607,-0.008541,-0.578947,0.027977,0.535478,-0.541526,0.530359,0.016206,0.013482,3,4,1,2,10,9,12,7,11,5,8,6,13,14,15,17,16
2021-09-29,0.927763,0.896388,-0.43484,0.445522,0.0104,0.004386,-0.482241,0.030919,0.001951,-0.014562,0.398103,-0.015921,-0.472007,0.036876,0.423793,-0.431076,0.43076,0.019169,0.018454,4,2,1,3,8,7,12,11,9,6,10,5,13,15,14,17,16
2021-09-30,0.543441,0.526327,0.255388,-0.266866,-0.006043,-0.001307,0.276575,-0.023652,-0.011811,0.005494,-0.239396,0.008985,0.274806,-0.005362,-0.250038,0.249161,-0.255308,-0.011141,-0.01162,14,16,17,15,11,10,6,12,9,13,7,8,5,3,4,1,2
2021-10-01,0.173053,0.16427,-0.07199,0.085978,0.015559,0.000323,-0.087075,0.013836,-0.002176,-0.000358,0.058835,-0.005094,-0.085316,0.002388,0.077863,-0.067064,0.084589,0.013458,0.012886,4,2,1,3,8,7,11,12,5,6,10,9,13,15,14,17,16
2021-10-04,0.509597,0.498378,-0.250029,0.249509,-0.006429,0.00512,-0.260088,0.019211,0.021438,-0.001668,0.246133,-0.004108,-0.248051,0.00136,0.235837,-0.237429,0.241323,0.005077,-0.000104,2,3,1,4,10,8,11,5,13,6,7,9,12,16,14,17,15
2021-10-05,0.437322,0.420859,-0.203347,0.212128,-0.00224,-0.000202,-0.219155,0.014714,0.005142,-0.002795,0.189987,-0.005877,-0.225194,0.001004,0.200053,-0.193638,0.202701,0.009984,0.012482,4,2,1,3,6,7,12,8,11,5,10,9,13,15,14,16,17
2021-10-06,0.11107,0.103803,0.046958,-0.051642,0.000595,0.002964,0.054612,-0.001436,0.004515,0.001352,-0.038977,0.003842,0.059428,-0.001113,-0.048896,0.045597,-0.049874,-0.00456,-0.008714,14,16,17,15,13,12,8,5,9,11,7,10,6,3,4,2,1
2021-10-07,0.524568,0.508221,0.246757,-0.259203,0.002919,0.000647,0.264408,-0.019234,-0.010693,0.005211,-0.230959,0.007556,0.265364,-0.002098,-0.242656,0.237279,-0.246275,-0.011913,-0.012506,14,16,17,15,12,11,6,10,7,13,8,9,5,3,4,2,1
2021-10-08,0.097954,0.089088,0.040414,-0.041416,-0.001537,0.001944,0.045071,-0.003683,0.004366,-0.000458,-0.036225,0.000715,0.054429,-0.002886,-0.043524,0.036823,-0.042408,-0.004975,-0.010564,14,16,15,17,13,12,8,5,9,11,6,10,7,3,4,2,1
2021-10-11,0.337573,0.327574,-0.159861,0.166757,-0.001644,-0.001051,-0.170816,0.013301,0.007629,-0.003802,0.152302,-0.003797,-0.16715,0.001484,0.158574,-0.154197,0.159564,0.006672,0.0089,4,2,1,3,6,8,13,7,11,5,10,9,12,15,14,17,16
2021-10-12,0.25623,0.250126,-0.122112,0.123776,-0.00291,-0.004494,-0.131831,0.007402,-0.000465,-0.005635,0.111659,-0.004375,-0.132453,-0.001029,0.119882,-0.116301,0.120324,0.004299,0.010615,4,2,1,3,5,7,13,8,10,6,12,9,11,15,14,16,17
2021-10-13,0.159754,0.154776,-0.076694,0.079197,-0.000483,0.00045,-0.080557,0.006497,0.004975,-0.001556,0.073111,-0.001394,-0.078787,0.000777,0.074121,-0.072531,0.074972,0.002558,0.002147,4,2,1,3,8,7,13,6,11,5,10,9,12,15,14,17,16
2021-10-14,0.26558,0.258313,0.127362,-0.129617,0.000632,0.001537,0.134544,-0.009706,-0.003183,0.004384,-0.118203,0.002211,0.135963,-0.000622,-0.123677,0.118977,-0.123776,-0.004664,-0.009254,14,16,17,15,12,11,5,10,8,13,7,9,6,3,4,2,1
2021-10-15,0.215902,0.206547,0.097535,-0.103507,-0.001485,0.002442,0.102863,-0.00824,0.007636,0.005079,-0.087832,-0.003503,0.112395,-0.006161,-0.102234,0.085312,-0.101107,-0.008894,-0.02285,14,15,17,16,13,12,6,5,8,11,7,10,9,3,4,2,1
2021-10-18,0.134229,0.129856,-0.065319,0.065731,0.000129,0.001146,-0.068497,0.005134,0.008422,0.00074,0.064769,-0.00125,-0.064142,-0.002173,0.06087,-0.062771,0.06111,-0.00031,-0.002635,2,3,1,4,13,10,8,5,9,6,7,12,11,16,14,17,15
2021-10-19,0.261369,0.253127,-0.1247,0.129657,0.000857,0.000827,-0.131712,0.011541,0.008441,-0.001116,0.119145,-0.002164,-0.12775,-0.000854,0.122622,-0.118022,0.122941,0.005075,0.004652,4,2,1,3,8,7,12,6,9,5,10,11,13,15,14,17,16
2021-10-20,0.299669,0.290572,0.142439,-0.149758,-0.001746,0.002085,0.149911,-0.015024,-0.004599,0.006056,-0.127446,0.005756,0.147165,-0.001249,-0.141066,0.13401,-0.141377,-0.009594,-0.011962,14,16,17,15,12,11,5,10,9,13,7,8,6,3,4,1,2
2021-10-21,0.198843,0.191363,0.090998,-0.101025,-0.001725,0.000707,0.09595,-0.011594,-0.002926,0.006645,-0.080112,0.005415,0.097818,-0.000954,-0.093066,0.086823,-0.095233,-0.009942,-0.012817,14,16,17,15,13,11,5,10,9,12,7,8,6,3,4,2,1
2021-10-22,0.360408,0.347142,0.176243,-0.17748,0.001264,0.001819,0.182928,-0.01746,-0.013105,0.006857,-0.154927,0.011515,0.175172,0.005877,-0.165754,0.167753,-0.163848,-0.005576,-0.003263,14,15,17,16,10,11,6,12,9,13,8,7,5,2,4,1,3
2021-10-25,0.006317,0.005459,-0.004207,0.001343,-0.000935,-0.000797,-0.003909,-0.000831,0.000339,-0.000383,0.00211,-0.000913,-0.002896,-0.00068,0.001282,-0.003526,0.001114,-0.001723,-0.001758,1,4,2,3,13,12,6,5,11,9,8,7,10,17,15,16,14
2021-10-26,0.291172,0.278817,-0.141675,0.145393,0.002267,0.002188,-0.145779,0.016685,0.018808,0.000671,0.131131,-0.004566,-0.133699,-0.000168,0.135411,-0.134069,0.134124,0.004336,0.002271,4,3,1,2,8,7,11,5,9,6,10,12,13,16,15,17,14
2021-10-27,0.196455,0.188622,0.094496,-0.098862,-0.000848,1.2e-05,0.097593,-0.010813,-0.009122,0.002832,-0.084961,0.005027,0.092943,0.001684,-0.091484,0.091229,-0.090488,-0.004591,-0.003171,14,15,17,16,10,11,6,12,9,13,8,7,5,2,4,1,3
2021-10-28,0.443167,0.425424,0.223322,-0.217591,0.001049,0.000606,0.225576,-0.019693,-0.029214,0.002317,-0.197296,0.012483,0.203944,0.001424,-0.199977,0.211586,-0.198222,0.000764,0.004281,14,15,17,16,6,10,7,13,9,12,11,8,5,2,3,1,4
2021-10-29,0.078778,0.071833,-0.042519,0.032368,-0.00053,-0.000609,-0.039022,0.00028,0.013838,0.002905,0.036259,-0.001969,-0.024874,0.003949,0.028695,-0.036012,0.02932,-0.006385,-0.006038,1,3,2,4,12,13,7,5,9,8,10,6,11,17,15,16,14
2021-11-01,0.475394,0.456044,0.233198,-0.235753,-1.2e-05,0.002575,0.239641,-0.021176,-0.022289,0.007665,-0.206155,0.012604,0.220836,0.002803,-0.217609,0.224684,-0.217246,-0.006869,-0.003926,14,15,17,16,10,11,6,13,9,12,8,7,5,2,3,1,4
2021-11-02,0.152586,0.146207,-0.075392,0.075529,0.001874,0.001387,-0.077057,0.008082,0.012143,4.9e-05,0.069067,-0.002853,-0.066097,0.001962,0.070326,-0.070116,0.0702,0.001905,0.001928,4,3,1,2,8,9,12,5,10,6,11,7,13,16,15,17,14
2021-11-04,0.215065,0.20785,0.1004,-0.111377,-0.00273,-0.000135,0.103688,-0.012793,-0.00837,0.002803,-0.092632,0.002999,0.102162,0.001637,-0.104071,0.099384,-0.10185,-0.009046,-0.005718,14,15,17,16,10,12,6,11,9,13,8,7,5,3,4,1,2
2021-11-05,0.344972,0.330298,0.169383,-0.169692,0.00197,0.004016,0.17528,-0.013037,-0.01393,0.008247,-0.146802,0.011227,0.162552,0.004939,-0.156401,0.164718,-0.155421,-0.004436,-0.001301,14,15,17,16,10,11,6,13,9,12,8,7,5,2,3,1,4
2021-11-08,0.090444,0.086912,-0.046121,0.04399,0.000814,0.001333,-0.046454,0.003828,0.009579,0.000739,0.043048,-0.001075,-0.035622,0.003181,0.036847,-0.040885,0.040239,0.000204,0.000908,2,3,1,4,9,12,11,5,10,6,8,7,13,16,15,17,14
2021-11-09,0.529361,0.508408,-0.256742,0.262569,-0.001335,-0.006492,-0.266792,0.022331,0.019767,-0.011492,0.224106,-0.01635,-0.252949,-0.007591,0.245376,-0.25352,0.240224,0.009177,0.00252,4,3,1,2,8,7,12,6,9,5,10,11,13,16,15,17,14
2021-11-10,0.028901,0.026936,0.01212,-0.015569,-0.002709,-0.00271,0.012941,-0.003389,-0.005679,-0.002798,-0.015961,-0.002065,0.008297,-0.003547,-0.012952,0.010027,-0.014189,-0.001998,-0.00257,17,15,16,14,7,5,10,13,8,11,9,12,6,2,3,1,4
2021-11-11,0.507214,0.478742,0.24342,-0.25041,0.00012,0.001167,0.256804,-0.022305,-0.027362,0.006006,-0.220723,0.009714,0.225661,-0.004147,-0.226464,0.233479,-0.225648,-0.008385,-0.004954,14,15,17,16,10,11,6,13,8,12,7,9,5,2,3,1,4
2021-11-12,0.270204,0.257995,-0.12901,0.134413,-0.001459,-0.002887,-0.135791,0.011647,0.009942,-0.0056,0.113227,-0.007243,-0.126973,-0.000741,0.125085,-0.127597,0.122087,0.006093,0.001944,4,3,1,2,8,7,12,6,10,5,11,9,13,16,15,17,14
2021-11-15,0.128105,0.124385,0.057586,-0.064359,0.000456,0.001774,0.059506,-0.0073,-0.00232,0.003376,-0.04962,0.002826,0.063746,0.00297,-0.064114,0.06084,-0.060589,-0.005724,-0.001336,14,15,17,16,10,12,5,11,9,13,8,6,7,4,2,3,1
2021-11-16,0.180822,0.173842,0.085304,-0.091311,0.000583,0.001307,0.08951,-0.009346,-0.008367,0.002817,-0.076301,0.002515,0.084962,-0.000189,-0.086397,0.084123,-0.08404,-0.004984,-0.001325,14,15,17,16,10,11,5,12,8,13,7,9,6,2,4,1,3
2021-11-17,0.151076,0.144236,0.074993,-0.072288,0.003723,0.003927,0.078788,-0.003861,-0.00556,0.005057,-0.062329,0.00603,0.071841,0.001523,-0.067103,0.073838,-0.065699,-0.000216,0.002086,14,15,17,16,9,11,6,13,8,12,7,10,5,2,3,1,4
2021-11-18,0.330673,0.315,0.159809,-0.161918,0.002321,0.002952,0.168756,-0.012835,-0.018369,0.006535,-0.143109,0.007841,0.150327,-0.002337,-0.150073,0.156874,-0.147571,-0.00414,0.000143,14,15,17,16,9,11,6,13,8,12,7,10,5,2,3,1,4
2021-11-19,0.218287,0.20968,0.107097,-0.107614,0.002475,0.002053,0.110673,-0.004885,-0.008175,0.00418,-0.095627,0.005326,0.103745,9e-05,-0.098513,0.105883,-0.099261,-0.000976,0.001255,14,16,17,15,9,11,6,13,7,12,8,10,5,2,3,1,4
2021-11-22,0.650844,0.62663,0.314856,-0.327043,0.004509,0.003755,0.323801,-0.013467,-0.0253,0.010662,-0.290773,0.012101,0.305454,-0.004007,-0.299646,0.310714,-0.303831,-0.009365,-0.002188,14,16,17,15,9,11,6,13,7,12,8,10,5,2,3,1,4
2021-11-24,0.206978,0.199925,-0.101198,0.103265,-0.003312,-0.003871,-0.103713,0.00255,0.005638,-0.005057,0.089354,-0.005483,-0.099866,-0.000725,0.094785,-0.10052,0.096296,0.003145,-0.00056,4,2,1,3,8,6,12,5,10,7,11,9,13,16,15,17,14
2021-11-26,0.059454,0.057322,-0.028299,0.030611,0.0004,0.000251,-0.028843,0.001738,0.003211,-0.000419,0.027185,-0.000413,-0.027021,0.001051,0.027623,-0.027922,0.02867,0.00172,0.000866,4,2,1,3,9,7,13,5,10,6,11,8,12,16,15,17,14
2021-11-29,0.565941,0.543998,0.276105,-0.276732,-0.003456,-0.001195,0.289209,0.004079,-0.035848,0.00791,-0.264669,0.006496,0.244083,-0.012879,-0.234694,0.26919,-0.256089,-0.000656,0.00182,16,15,17,14,8,9,5,13,11,7,10,12,6,2,3,1,4
2021-11-30,0.343458,0.335571,0.163413,-0.176553,0.007655,0.007435,0.165335,-0.012618,-0.002996,0.008965,-0.143044,0.010464,0.166905,0.00935,-0.167257,0.164582,-0.16608,-0.008675,-0.002917,14,15,17,16,10,12,7,11,8,13,9,6,5,4,3,2,1
2021-12-01,0.337938,0.323337,-0.140009,0.169752,-0.016079,-0.007733,-0.151075,0.026741,-0.006867,-0.011299,0.12317,-0.01724,-0.165892,-0.017275,0.172045,-0.149519,0.161729,0.017342,0.017222,4,3,2,1,7,6,10,8,11,5,9,13,12,14,15,16,17
2021-12-02,0.299598,0.289008,0.150022,-0.149576,-0.005467,0.004995,0.143595,0.000318,-0.018118,0.003581,-0.140251,-0.001809,0.139133,-0.004619,-0.13587,0.141659,-0.14192,-0.002379,0.007842,15,16,17,14,5,10,7,13,12,8,6,11,9,1,3,2,4
2021-12-03,0.629507,0.606156,-0.315213,0.314294,0.005899,-0.00642,-0.303295,-0.001279,0.030641,-0.010398,0.289691,-0.000106,-0.295901,0.006133,0.282373,-0.299199,0.296776,0.004689,-0.016379,3,2,1,4,13,8,12,5,7,10,11,6,9,17,15,16,14
2021-12-06,0.593383,0.576705,0.291381,-0.302002,0.000964,0.005192,0.28919,-0.011897,-0.02042,0.008765,-0.264197,0.012043,0.281922,-0.001924,-0.277401,0.283467,-0.286676,-0.013419,-0.00102,14,16,17,15,9,12,6,13,8,11,7,10,5,1,3,2,4
2021-12-07,0.133676,0.120594,0.048455,-0.061289,0.011262,-0.002541,0.061535,-0.011994,0.006291,0.007025,-0.043577,0.011458,0.0665,0.004348,-0.067177,0.053383,-0.0519,-0.004824,-0.017571,14,15,16,17,13,11,7,8,6,12,10,9,5,4,3,2,1
2021-12-08,0.035864,0.031096,-0.01914,0.008438,0.008965,-0.003458,-0.011846,-0.015492,0.010665,0.004293,0.015283,0.004133,7.9e-05,0.001783,-0.005099,-0.011032,0.012128,-0.003495,-0.02058,1,2,5,12,17,11,6,3,4,15,10,8,7,16,13,14,9
2021-12-09,0.082313,0.080482,0.038923,-0.042498,0.001409,-0.000253,0.039578,-0.004156,-0.001762,0.00136,-0.036869,0.001931,0.039815,0.000393,-0.040522,0.039054,-0.039979,-0.002885,-0.003227,14,15,17,16,12,11,7,10,6,13,9,8,5,4,3,2,1
2021-12-10,0.297672,0.287974,0.147858,-0.149813,-0.002495,0.004014,0.143962,-9.9e-05,-0.012235,0.003136,-0.133453,0.003076,0.139981,-0.000634,-0.135656,0.143308,-0.143325,-0.00502,0.005117,14,16,17,15,5,12,7,13,11,9,6,10,8,1,3,2,4
2021-12-13,0.461023,0.451077,0.223159,-0.234799,0.009048,0.003618,0.225691,-0.016776,-0.007771,0.010787,-0.202251,0.013041,0.226224,0.005056,-0.221863,0.223359,-0.221294,-0.011048,-0.011981,14,15,17,16,12,11,6,10,7,13,9,8,5,4,3,2,1
2021-12-14,0.715793,0.697447,0.349788,-0.366005,0.001431,0.006125,0.346808,-0.013167,-0.025026,0.010529,-0.320093,0.01258,0.336578,0.001057,-0.338051,0.345629,-0.34606,-0.015208,-0.003693,14,16,17,15,10,12,6,13,8,11,7,9,5,1,3,2,4
2021-12-15,0.200788,0.195505,-0.095805,0.103193,-0.006567,-0.002224,-0.094649,0.010497,0.002322,-0.005067,0.086371,-0.005422,-0.097594,-0.001571,0.097795,-0.096704,0.095423,0.005132,0.009077,4,3,1,2,6,7,11,8,13,5,10,9,12,15,16,14,17
2021-12-16,0.829259,0.807471,0.403486,-0.425773,0.0176,0.011236,0.395067,-0.025955,-0.016809,0.019471,-0.362385,0.019142,0.398186,0.004945,-0.39889,0.399485,-0.396592,-0.01624,-0.02412,14,15,17,16,12,10,5,11,7,13,8,9,6,1,2,4,3
2021-12-17,0.332701,0.322389,-0.163605,0.169096,-0.002331,-0.003292,-0.16004,0.003897,0.009188,-0.006027,0.146431,-0.006109,-0.157423,-0.001368,0.156232,-0.159758,0.158436,0.005581,0.004305,4,2,1,3,7,6,12,5,10,8,11,9,13,17,15,16,14
2021-12-20,0.090324,0.081954,-0.036725,0.042369,-0.013707,-0.001314,-0.032943,0.008943,-0.009361,-0.007001,0.03273,-0.006833,-0.044427,-0.004193,0.045898,-0.041093,0.035348,-0.000682,0.013756,4,3,2,1,5,7,11,12,13,6,8,9,10,15,16,14,17
2021-12-21,0.440851,0.42473,0.218453,-0.222398,-0.003761,0.003643,0.212109,0.002153,-0.013951,0.004167,-0.197354,0.001706,0.205092,-0.003612,-0.198493,0.210284,-0.212453,-0.007094,0.009458,14,16,17,15,5,12,6,13,11,8,7,10,9,1,3,2,4
2021-12-22,0.473957,0.454157,-0.236733,0.237225,0.006625,-0.0066,-0.228611,-0.001106,0.014938,-0.003377,0.210794,-0.003273,-0.217045,0.003682,0.209672,-0.220764,0.228345,0.010043,-0.008875,3,2,1,4,13,6,11,5,7,9,12,8,10,17,15,16,14
2021-12-23,0.131205,0.126404,0.061627,-0.068762,0.00568,0.001136,0.06005,-0.00648,-0.001654,0.005956,-0.053457,0.006954,0.060855,0.002043,-0.065786,0.062444,-0.059739,-0.001322,-0.010676,14,15,17,16,13,10,6,11,7,12,9,8,5,2,1,4,3
2021-12-27,0.039132,0.037268,-0.019501,0.017669,0.003862,-0.000398,-0.018442,-0.002332,0.002273,0.001957,0.019176,0.00231,-0.017384,0.001782,0.014739,-0.016608,0.019631,0.001785,-0.005184,2,1,3,4,13,9,8,7,5,12,11,10,6,17,14,16,15
2021-12-28,0.156471,0.150475,-0.079954,0.07275,0.009045,-0.00289,-0.075687,-0.005923,0.006609,0.003439,0.073992,0.003953,-0.072525,0.003536,0.06438,-0.072286,0.076517,0.005075,-0.014591,2,1,3,4,13,7,10,6,5,12,11,9,8,17,14,16,15
2021-12-29,0.026029,0.025231,-0.013305,0.012725,0.000641,-0.000395,-0.012504,-0.000202,0.000687,1e-06,0.011961,-0.000203,-0.01239,2.6e-05,0.011585,-0.01256,0.012639,0.000641,-0.001027,3,2,1,4,13,7,9,5,6,10,12,8,11,17,16,15,14
2021-12-30,0.167807,0.1631,0.082545,-0.085263,0.000586,0.000786,0.080216,-0.002083,-0.003672,0.003058,-0.074251,0.004609,0.07845,-0.001208,-0.080418,0.082351,-0.078508,-0.001337,-0.001406,14,15,17,16,11,10,6,13,8,12,7,9,5,1,2,3,4
2022-01-04,0.004634,0.004031,0.000866,-8.7e-05,-0.001314,3.8e-05,-0.000694,0.001336,-0.000684,-0.001943,-0.002801,-0.002403,0.001832,-0.000664,0.000459,-0.000632,-0.002002,-0.001524,0.001719,17,15,7,5,2,13,14,10,12,3,6,9,16,4,8,11,1
2022-01-05,0.989821,0.965971,-0.489389,0.500432,0.006883,-0.002983,-0.471114,0.012524,0.026212,-0.008567,0.448565,-0.01955,-0.465876,0.008891,0.478277,-0.483483,0.475217,0.015992,0.007242,4,3,1,2,9,6,12,5,10,7,11,8,13,17,16,15,14
2022-01-06,0.05527,0.045024,0.02747,-0.008895,-0.001345,0.008587,0.019066,0.014985,0.004054,-0.004758,-0.024002,-0.005173,0.031268,0.001113,-0.008882,0.019702,-0.023736,-0.003979,0.012192,17,16,15,14,6,11,12,8,10,5,7,9,13,2,3,4,1
2022-01-07,0.675125,0.6626,-0.336261,0.338864,0.00099,7.4e-05,-0.328349,0.018731,0.017633,-0.005988,0.304939,-0.022017,-0.322313,0.00594,0.328066,-0.333651,0.322609,0.014333,0.010612,4,3,1,2,8,7,12,6,10,5,11,9,13,17,16,15,14
2022-01-11,0.21964,0.21532,-0.106931,0.112553,0.00118,0.001002,-0.105942,0.008333,0.00762,-0.00157,0.097103,-0.007868,-0.101929,0.002986,0.107027,-0.107087,0.106419,0.006287,0.004645,4,3,1,2,8,7,12,6,10,5,11,9,13,16,17,15,14
2022-01-12,0.445364,0.435082,-0.222706,0.222657,0.003753,-0.00208,-0.208844,0.004801,0.011195,0.00061,0.201548,-0.007476,-0.214078,0.005042,0.210626,-0.216062,0.219117,0.01059,0.000274,4,2,1,3,11,6,10,5,9,8,12,7,13,17,16,14,15
2022-01-13,0.166779,0.162625,-0.083437,0.083342,0.000397,-0.001462,-0.078776,0.002443,0.004333,-0.000816,0.073932,-0.003933,-0.079491,0.001244,0.078707,-0.081538,0.08136,0.003763,0.000213,4,2,1,3,10,6,11,5,9,7,12,8,13,17,16,14,15
2022-01-14,0.201899,0.191879,-0.08807,0.102244,-0.001046,0.001994,-0.099656,0.015322,0.010019,-0.005507,0.078961,-0.017267,-0.085756,0.001616,0.096206,-0.099247,0.090215,0.004937,0.010467,4,3,1,2,6,8,12,7,11,5,9,10,13,15,16,17,14
2022-01-18,0.09947,0.096005,0.050568,-0.048012,-0.000776,0.001774,0.044475,0.001472,-0.001532,-0.001102,-0.045044,-0.000154,0.047944,-0.000668,-0.045326,0.047262,-0.048902,-0.00214,0.001738,14,17,16,15,6,13,11,12,10,7,5,9,8,1,3,4,2
2022-01-19,0.477746,0.456525,-0.217486,0.23906,-0.003557,-0.001305,-0.234401,0.029831,0.025624,-0.012829,0.185293,-0.038528,-0.21329,-0.0018,0.225054,-0.238686,0.214889,0.011959,0.016163,4,3,1,2,7,8,12,6,11,5,9,10,13,15,17,16,14
2022-01-20,0.391107,0.381569,0.197943,-0.193164,-0.000173,0.00519,0.183292,-0.001624,-0.008532,0.00044,-0.172442,0.008344,0.184919,-0.001149,-0.182734,0.193327,-0.192618,-0.00757,0.003091,14,16,17,15,7,12,8,13,9,11,6,10,5,1,2,4,3
2022-01-21,0.109669,0.097279,0.053233,-0.043951,-0.001666,0.002145,0.038911,0.007016,0.00046,-0.004402,-0.048099,-0.006463,0.044803,-0.001448,-0.043184,0.045314,-0.056436,-0.001885,0.008116,16,17,15,14,5,11,12,8,10,6,7,9,13,1,2,4,3
2022-01-24,0.332313,0.306791,0.165367,-0.15046,-0.003771,0.009338,0.137435,0.008962,0.000426,-0.00528,-0.143504,-0.003264,0.145665,-0.004336,-0.1403,0.14843,-0.166946,-0.01316,0.010661,15,17,16,14,5,13,12,8,10,7,6,11,9,1,2,4,3
2022-01-25,0.378391,0.369777,-0.18792,0.189996,-0.001141,-0.002186,-0.179769,0.006935,0.006637,0.004195,0.170245,-0.009392,-0.18314,-0.002099,0.176902,-0.188395,0.182978,0.002966,-0.000657,4,2,1,3,9,8,7,6,10,5,12,11,13,16,17,14,15
2022-01-26,0.973703,0.950252,-0.471915,0.492893,-0.0018,-0.001359,-0.471908,0.025141,0.020389,0.004993,0.439072,-0.032065,-0.469004,0.003248,0.465047,-0.48081,0.468183,0.006702,0.014435,4,2,1,3,7,8,9,6,12,5,11,10,13,16,17,15,14
2022-01-27,0.021743,0.016021,-7.4e-05,0.006523,-0.000286,0.000234,-0.012318,0.003897,0.001472,-0.004883,0.003401,-0.005594,-0.004238,0.002685,0.009425,-0.006426,-0.00021,9.2e-05,0.007777,5,11,3,1,2,9,14,7,12,4,8,6,15,10,16,17,13
2022-01-28,0.391119,0.38306,0.194473,-0.196646,0.001086,0.001809,0.186006,-0.006187,-0.005295,-0.003734,-0.176904,0.010227,0.190506,0.001921,-0.18281,0.194016,-0.19073,-0.000348,0.000866,14,16,17,15,9,10,11,12,8,13,7,6,5,1,2,4,3
2022-01-31,0.542673,0.525642,0.254113,-0.270735,-0.000662,-0.002857,0.271938,-0.021445,-0.014766,0.005263,-0.240752,0.025133,0.255722,-0.007791,-0.266423,0.26391,-0.248197,-0.005327,-0.026922,14,15,17,16,13,9,6,11,7,12,8,10,5,4,2,1,3
2022-02-01,0.190771,0.180393,0.079885,-0.087441,0.002838,-0.006552,0.101039,-0.008692,-0.009458,0.009071,-0.081247,0.0077,0.087442,-0.003039,-0.089732,0.094279,-0.072448,-0.000561,-0.012792,15,14,16,17,13,8,5,12,7,11,10,9,6,4,2,1,3
2022-02-02,0.737619,0.722486,-0.3681,0.369519,0.000674,0.004297,-0.347657,0.012775,0.010568,0.011879,0.34121,-0.007299,-0.36713,-0.004122,0.347025,-0.355984,0.3597,0.00131,-0.002483,4,2,1,3,11,9,6,7,10,5,8,12,13,17,15,14,16
2022-02-03,0.385265,0.377049,0.179674,-0.189106,0.001556,-0.002012,0.196159,-0.011761,-0.008451,0.00258,-0.179075,0.012606,0.185918,-0.002312,-0.186507,0.191754,-0.181703,-0.002347,-0.012798,14,15,17,16,13,10,6,11,7,12,8,9,5,4,2,1,3
2022-02-04,0.176477,0.159881,0.092936,-0.079386,-0.001027,-0.001039,0.055692,0.004262,0.001748,-0.013948,-0.073465,-0.010582,0.086668,0.003016,-0.065641,0.063648,-0.083541,0.003533,0.018129,15,17,16,14,5,7,13,9,10,6,11,8,12,1,3,4,2
2022-02-07,0.334127,0.329187,-0.16667,0.165217,-0.002268,0.000544,-0.166761,0.005214,0.004033,0.002088,0.156553,-0.00772,-0.168909,-0.000682,0.159076,-0.164783,0.160925,-0.001579,0.001911,4,2,1,3,8,11,7,6,12,5,9,10,13,15,14,16,17
2022-02-08,0.146436,0.144614,-0.072835,0.072937,-0.000754,0.00055,-0.073283,0.002558,0.00234,0.000446,0.069073,-0.003006,-0.0735,0.000461,0.070409,-0.072134,0.07088,-9.2e-05,0.001463,4,2,1,3,7,11,10,6,12,5,8,9,13,15,14,16,17
2022-02-09,0.200876,0.195863,0.097539,-0.096597,0.003825,0.001939,0.104279,-0.002826,-0.001608,0.005505,-0.089915,0.008838,0.098434,0.001562,-0.094403,0.101999,-0.091877,0.001622,-0.003541,14,15,17,16,13,9,6,11,7,12,8,10,5,4,2,1,3
2022-02-10,0.288242,0.276806,-0.147814,0.13628,0.000705,0.003143,-0.121921,-0.001773,0.002699,0.016485,0.133189,0.005658,-0.148179,0.000124,0.124761,-0.124892,0.140063,-0.001335,-0.013382,3,1,2,4,13,11,5,8,9,12,7,10,6,16,15,14,17
2022-02-14,0.539143,0.52007,-0.250102,0.267679,-0.00163,0.004015,-0.271463,0.014942,0.008611,-0.010721,0.246857,-0.017107,-0.25705,-0.00522,0.25285,-0.261758,0.249409,0.005477,0.019085,4,3,1,2,5,8,12,7,10,6,9,11,13,14,16,17,15
2022-02-15,0.150879,0.143655,0.079919,-0.070832,-0.001182,-0.000782,0.064989,-0.000792,-0.00506,-0.008532,-0.068244,-0.00386,0.076021,0.001907,-0.061684,0.063879,-0.07096,0.00139,0.008215,15,17,16,14,5,7,13,12,10,9,8,6,11,1,4,3,2
2022-02-16,0.024492,0.020867,-0.006794,-0.005226,0.003508,0.001764,0.013274,0.001003,0.005809,0.012777,0.000399,0.010586,0.000254,0.001498,-0.007427,0.011112,0.00259,0.000656,-0.011217,12,7,14,16,17,11,2,5,6,10,8,9,4,15,3,1,13
2022-02-17,0.107785,0.104541,-0.055749,0.051827,0.00089,0.001657,-0.048862,0.001847,0.003335,0.004498,0.05096,0.001594,-0.054187,-0.000955,0.047447,-0.048838,0.052036,0.000133,-0.002794,3,1,2,4,13,11,5,6,10,7,8,12,9,17,14,15,16
2022-02-18,0.217315,0.202734,0.114685,-0.096605,-0.004216,-0.00248,0.086311,-0.002969,-0.009684,-0.016909,-0.099579,-0.009638,0.108127,0.001548,-0.085222,0.086576,-0.10263,0.002246,0.017271,16,17,15,14,5,6,13,12,10,9,8,7,11,1,3,4,2
2022-02-22,0.076363,0.072759,-0.032523,0.038206,-0.001209,0.001444,-0.038157,0.001321,0.000539,-0.002918,0.033324,-0.003291,-0.034279,-0.000105,0.036694,-0.037618,0.033112,0.001815,0.005156,3,4,1,2,5,6,12,9,11,8,7,10,13,14,16,17,15
2022-02-24,0.126374,0.116364,0.067119,-0.054033,-0.002369,-0.000572,0.049895,-0.000903,-0.005094,-0.009875,-0.056491,-0.005781,0.062299,0.002528,-0.046277,0.049113,-0.059255,0.00241,0.011016,16,17,15,14,5,7,13,11,10,9,8,6,12,1,4,3,2
2022-02-25,0.169416,0.163011,0.075806,-0.086118,0.001161,-0.003554,0.083298,-0.003281,-0.002868,0.003116,-0.076792,0.004128,0.07821,-3.5e-05,-0.081643,0.082481,-0.077283,-0.003822,-0.009003,14,15,17,16,13,12,6,9,7,10,11,8,5,4,2,1,3
2022-02-28,0.357842,0.338525,0.142791,-0.169731,0.012482,-0.00162,0.18406,-0.001999,0.005278,0.021188,-0.146715,0.021187,0.158573,0.002141,-0.173782,0.182715,-0.145171,-0.006852,-0.032826,15,14,16,17,13,12,5,8,7,11,10,9,6,4,2,1,3
2022-03-01,0.053742,0.050148,-0.02275,0.026092,-0.001626,-0.000987,-0.027337,-0.000782,-0.001258,-0.004835,0.019585,-0.00442,-0.022122,-0.002255,0.022953,-0.02765,0.023664,0.001837,0.002242,4,2,1,3,5,6,13,9,10,7,8,11,12,15,17,16,14
2022-03-02,0.126796,0.108823,0.062519,-0.045153,-0.002976,-0.004507,0.041868,-0.005084,-0.007584,-0.018261,-0.061321,-0.011656,0.065475,-0.00304,-0.046447,0.03809,-0.048838,0.007637,0.011144,17,16,14,15,5,6,13,11,7,10,9,8,12,2,4,3,1
2022-03-03,0.168428,0.141667,-0.082576,0.052226,0.002296,0.004238,-0.052146,0.006077,0.010038,0.023357,0.077049,0.013331,-0.091379,0.003655,0.058857,-0.049997,0.062995,-0.009275,-0.017918,1,2,4,3,13,12,5,7,11,8,9,10,6,16,14,15,17
2022-03-04,0.227793,0.223038,0.113018,-0.114503,0.001031,-0.001893,0.11227,-0.002694,-0.004922,-0.000628,-0.106141,0.003329,0.113289,0.0026,-0.106396,0.111008,-0.109637,-0.002481,-0.000449,14,16,17,15,8,11,9,13,7,12,10,6,5,2,4,3,1
2022-03-07,0.115409,0.112664,0.05765,-0.057184,0.001249,-0.00033,0.056919,-0.000743,-0.002387,-0.000428,-0.053315,0.001677,0.058225,0.001834,-0.05324,0.056401,-0.0547,-0.000499,0.001002,15,16,17,14,8,11,10,13,7,12,9,5,6,2,4,3,1
2022-03-08,0.160619,0.131194,0.079541,-0.053139,0.005413,-0.006248,0.046808,-0.004844,-0.017376,-0.031897,-0.073815,-0.016368,0.086804,-0.010676,-0.053475,0.03467,-0.048253,0.016048,0.018626,17,14,15,16,5,6,13,12,7,8,9,10,11,2,4,3,1
2022-03-09,0.833917,0.811115,-0.395045,0.427395,-0.002466,0.000302,-0.405059,0.001614,0.017425,-0.009291,0.376074,-0.013303,-0.396497,-0.01353,0.393836,-0.406522,0.404036,0.014139,0.001967,4,2,1,3,7,6,11,5,10,8,9,13,12,14,17,16,15
2022-03-10,0.045218,0.035644,-0.010634,-0.013295,-0.000442,0.008518,0.012069,0.009358,0.012852,0.023819,0.014422,0.017468,-0.021399,0.011718,-0.003037,0.020319,-0.009312,-0.007831,-0.008283,4,14,16,11,13,12,1,5,10,8,9,7,3,15,2,6,17
2022-03-11,0.370765,0.365002,-0.186253,0.1817,-0.001798,0.001032,-0.183063,0.003535,0.006213,0.005047,0.176248,-0.002302,-0.189065,-0.004343,0.173804,-0.181704,0.178676,0.003114,-0.002643,3,2,1,4,12,8,6,5,10,7,9,13,11,16,14,15,17
2022-03-14,0.11182,0.099547,-0.036421,0.056872,0.003585,8e-06,-0.051422,-0.004282,-0.004837,-0.012044,0.040117,-0.0084,-0.029933,-0.005644,0.046931,-0.054948,0.052047,0.007265,0.006271,4,2,1,3,6,5,13,10,7,9,8,11,12,15,17,16,14
2022-03-15,0.247569,0.240453,0.124665,-0.114691,0.002609,-0.000997,0.119441,-0.003174,-0.005107,-0.0065,-0.116764,-0.000364,0.130806,0.001927,-0.112388,0.117919,-0.114993,0.000296,0.004151,17,16,15,14,5,8,13,12,6,11,10,7,9,2,4,3,1
2022-03-16,0.915881,0.894727,0.434953,-0.45839,-0.005231,-0.002997,0.45171,0.000757,-0.007537,0.007528,-0.420211,0.017175,0.438233,0.012007,-0.430889,0.457491,-0.447469,-0.021282,-0.004156,14,16,17,15,10,13,7,12,11,8,9,6,5,4,1,2,3
2022-03-17,0.129157,0.10684,-0.062044,0.032886,-0.004746,0.00389,-0.044362,0.00989,0.006466,0.019406,0.058977,0.011902,-0.07018,0.004699,0.042084,-0.03903,0.042874,-0.006358,-0.007365,1,2,4,3,13,12,5,8,11,7,10,9,6,16,14,15,17
2022-03-18,0.302935,0.283492,-0.153269,0.126935,-0.005701,0.003917,-0.132556,0.010694,0.013194,0.020289,0.141695,0.010778,-0.16124,0.00357,0.130751,-0.129336,0.130966,-0.004278,-0.008566,1,2,4,3,13,11,5,6,12,8,9,10,7,16,14,15,17
2022-03-22,0.081248,0.073887,0.03051,-0.042886,-0.001462,0.000643,0.036391,0.002432,-0.001853,0.00419,-0.029288,0.005183,0.031546,0.00192,-0.03588,0.038362,-0.036597,-0.003581,-0.001831,14,16,17,15,11,13,6,12,10,7,9,8,5,4,1,2,3
2022-03-23,0.116907,0.106812,0.044861,-0.061231,-0.001556,0.001407,0.053321,0.003584,-0.00218,0.006313,-0.042045,0.007885,0.046313,0.003046,-0.051334,0.055677,-0.052562,-0.004536,-0.002166,14,16,17,15,11,13,6,12,10,7,9,8,5,4,1,2,3
2022-03-24,0.222438,0.207729,-0.092384,0.115046,0.001255,-0.003166,-0.104453,-0.003961,0.004808,-0.008727,0.084801,-0.012402,-0.09525,-0.00599,0.099209,-0.107391,0.101837,0.007194,0.002348,4,2,1,3,7,5,12,6,8,10,9,11,13,14,17,16,15
2022-03-25,0.243428,0.226464,0.098849,-0.127087,-0.002557,0.00206,0.112215,0.002773,-0.005711,0.008398,-0.094234,0.011545,0.102484,0.00615,-0.109056,0.116341,-0.11221,-0.008999,-0.004257,14,16,17,15,11,13,6,12,10,8,9,7,5,4,1,2,3
2022-03-28,0.121333,0.111669,-0.063372,0.045136,-0.001226,0.002253,-0.05063,0.006032,0.006418,0.011436,0.056257,0.005955,-0.065076,1.2e-05,0.050651,-0.048877,0.049022,-0.003167,-0.005801,1,3,4,2,13,12,5,6,11,7,9,10,8,16,14,15,17
2022-03-29,0.48244,0.467199,0.229971,-0.241753,0.001916,-0.001296,0.228034,-0.003508,-0.015215,-0.004889,-0.213808,0.006836,0.240687,0.007491,-0.224908,0.235757,-0.22852,-0.008176,0.00209,14,16,17,15,7,12,11,13,8,10,9,5,6,3,2,4,1
2022-03-30,0.139364,0.125362,0.048924,-0.074034,-0.001393,0.003146,0.06142,0.005492,-0.000557,0.009923,-0.04771,0.009872,0.051694,0.00363,-0.059797,0.06533,-0.06381,-0.008263,-0.006101,14,16,17,15,12,13,5,10,11,7,9,8,6,4,1,2,3
2022-03-31,0.115462,0.112242,0.058507,-0.053858,0.000779,-0.001984,0.053247,-0.003276,-0.005651,-0.005533,-0.054242,-0.001639,0.06122,0.000609,-0.053975,0.054923,-0.053511,6.7e-05,0.002577,17,14,15,16,5,8,12,13,6,11,10,7,9,2,3,4,1
2022-04-01,0.294581,0.279038,0.150691,-0.125166,0.002971,-0.006895,0.129861,-0.011509,-0.015648,-0.020474,-0.138201,-0.008843,0.15638,0.001823,-0.131329,0.131664,-0.128849,0.004863,0.010832,17,15,14,16,5,6,13,12,7,11,9,8,10,2,3,4,1
2022-04-04,0.094404,0.086086,0.034708,-0.049501,-0.00041,0.0011,0.041144,0.00303,-0.000998,0.005352,-0.033857,0.006656,0.038958,0.001009,-0.041337,0.044902,-0.042416,-0.004913,-0.004216,14,16,17,15,12,13,6,11,10,7,8,9,5,4,1,2,3
2022-04-05,0.038215,0.037294,-0.019954,0.017348,-0.000609,0.000316,-0.018157,0.000683,0.001548,0.001696,0.017834,0.000608,-0.020381,-0.000577,0.017573,-0.018441,0.017699,-0.000427,-0.001606,1,2,4,3,13,10,5,6,12,7,9,11,8,16,15,14,17
2022-04-06,0.235101,0.229731,0.120726,-0.108865,0.001868,-0.003775,0.110334,-0.006001,-0.011336,-0.011999,-0.111434,-0.005175,0.123668,0.001436,-0.110405,0.111926,-0.111035,0.000324,0.007684,17,16,14,15,5,8,13,12,6,11,9,7,10,2,3,4,1
2022-04-07,0.439148,0.428679,0.211949,-0.218858,0.001018,-0.003582,0.206444,-0.003558,-0.017149,-0.007908,-0.198279,0.004005,0.22029,0.002452,-0.208987,0.215207,-0.210746,-0.007458,0.00346,14,16,17,15,6,11,12,13,8,9,10,7,5,3,2,4,1
2022-04-08,0.286352,0.277283,0.133061,-0.145257,0.000656,-0.000211,0.135119,0.001494,-0.008997,-8.4e-05,-0.124699,0.007326,0.140053,0.002122,-0.134786,0.141095,-0.135539,-0.005584,1.5e-05,14,16,17,15,9,12,10,13,8,7,11,6,5,4,1,3,2
2022-04-11,0.318653,0.311425,-0.1586,0.155705,-0.00124,0.001639,-0.153953,0.000149,0.011412,0.006928,0.145582,-0.00114,-0.162949,-0.003304,0.150626,-0.155465,0.15093,0.001504,-0.006301,4,2,1,3,13,8,6,5,11,9,7,12,10,16,15,14,17
2022-04-12,0.194167,0.178747,-0.073487,0.105509,0.004429,-0.000584,-0.084509,-0.009165,0.001508,-0.009721,0.07293,-0.010171,-0.081347,0.000722,0.088563,-0.088659,0.087656,0.007752,0.009576,4,3,1,2,5,6,12,8,7,11,10,9,13,14,17,16,15
2022-04-13,0.105086,0.101819,-0.049436,0.053824,0.000189,-3.8e-05,-0.050066,-0.002122,0.002144,-0.000618,0.045882,-0.002311,-0.050714,-0.000753,0.050171,-0.051262,0.049418,0.001433,0.000465,4,3,1,2,7,6,10,5,8,12,9,11,13,14,17,15,16
2022-04-14,0.104915,0.095618,-0.052018,0.036768,-0.000292,0.003953,-0.0447,0.006673,0.007299,0.01117,0.050778,0.0084,-0.054137,0.000662,0.043571,-0.040779,0.041651,-0.002879,-0.006493,1,3,4,2,13,12,5,7,11,8,9,10,6,16,14,15,17
2022-04-18,0.073973,0.065934,-0.02701,0.039503,0.000271,-0.001898,-0.031392,-0.005439,-0.001032,-0.00623,0.024017,-0.00652,-0.027351,-0.001241,0.032112,-0.03447,0.032973,0.003611,0.003633,4,2,1,3,5,6,12,8,7,11,10,9,13,14,17,16,15
2022-04-19,0.441124,0.429294,-0.213723,0.221797,-4.9e-05,0.003095,-0.21129,-0.003481,0.010147,0.005305,0.20332,-4e-06,-0.219327,-0.000545,0.211766,-0.212535,0.208734,0.003005,-0.001228,4,3,1,2,12,8,6,5,10,13,7,11,9,16,15,14,17
2022-04-20,0.180468,0.164139,0.070255,-0.09662,-0.000549,0.004229,0.079304,0.01331,0.004242,0.013641,-0.062875,0.014511,0.071691,0.000821,-0.079619,0.083847,-0.081335,-0.006655,-0.008064,14,16,17,15,13,12,6,8,11,7,9,10,5,4,1,2,3
2022-04-21,0.123808,0.119738,0.056044,-0.0648,-0.000842,-0.00041,0.057421,0.002498,-0.002622,0.001117,-0.053893,0.00246,0.057509,-0.000724,-0.060037,0.059008,-0.060438,-0.002978,-0.002816,14,16,17,15,12,13,7,11,10,5,8,9,6,4,1,3,2
2022-04-22,0.160298,0.144405,0.082994,-0.051696,0.003758,-0.004795,0.07083,-0.011586,-0.009469,-0.018194,-0.077275,-0.013614,0.083023,0.001875,-0.062162,0.065365,-0.056932,0.006609,0.01365,17,15,14,16,5,6,13,10,7,11,9,8,12,2,4,3,1
2022-04-25,0.09048,0.071876,-0.007856,0.058416,0.007235,-0.008015,-0.023562,-0.024663,-0.013468,-0.026199,0.004992,-0.025736,-0.012146,0.000582,0.031287,-0.032064,0.041925,0.015633,0.021975,7,2,1,3,4,5,16,12,6,14,10,8,15,9,17,13,11
2022-04-26,0.427966,0.421784,0.21489,-0.210531,0.003037,-0.000276,0.211699,0.004493,-0.011875,-0.004249,-0.198766,-0.000674,0.217435,-0.001102,-0.208104,0.209858,-0.202694,-0.003695,0.002978,14,15,17,16,7,11,12,13,6,5,8,10,9,2,4,3,1
2022-04-27,0.290467,0.268162,-0.113143,0.152762,0.002945,-0.004905,-0.126971,-0.021022,-0.005316,-0.014636,0.104317,-0.021282,-0.121488,0.001658,0.129578,-0.137705,0.135981,0.014238,0.011325,4,2,1,3,6,5,11,10,7,12,9,8,13,14,17,16,15
2022-04-28,0.138294,0.13682,-0.069932,0.068275,-0.000462,0.000627,-0.068215,-0.000633,0.005386,0.002665,0.065237,0.001533,-0.070019,0.001201,0.068136,-0.067148,0.065882,0.00204,-0.000699,4,3,1,2,13,7,6,5,11,12,10,9,8,16,14,15,17
2022-05-02,0.070604,0.053724,0.005063,-0.04069,-0.005624,0.003166,0.020206,0.014089,0.012868,0.012791,-0.008397,0.015054,0.012666,-0.004126,-0.022836,0.029914,-0.032472,-0.009823,-0.011856,12,16,17,15,14,13,6,5,11,4,9,10,3,8,1,2,7
2022-05-06,0.136549,0.133708,-0.064866,0.06939,-0.000483,-0.000563,-0.066812,-0.003469,0.002186,-3.8e-05,0.060742,-0.000912,-0.066855,0.002054,0.065746,-0.067159,0.065163,0.002933,0.000893,4,3,1,2,8,5,9,6,10,13,11,7,12,14,17,15,16
2022-05-09,0.079334,0.074988,0.041324,-0.032788,0.001425,-0.001525,0.037194,-0.002669,-0.006376,-0.004155,-0.03801,-0.004292,0.038997,0.00093,-0.036344,0.035189,-0.033093,0.00079,0.003624,17,15,14,16,5,8,11,13,6,10,9,7,12,1,4,3,2
2022-05-10,0.873441,0.853687,0.451899,-0.400016,0.010171,-0.00358,0.425875,-0.014108,-0.051155,-0.032651,-0.421542,-0.028614,0.4418,0.005186,-0.419929,0.417778,-0.397133,-0.004715,0.023444,17,14,15,16,5,9,12,13,6,10,8,7,11,1,4,3,2
2022-05-11,0.116631,0.112473,0.058743,-0.050954,0.002303,-0.000611,0.055131,-0.001754,-0.00762,-0.004183,-0.055226,-0.004317,0.060344,0.000972,-0.056287,0.054921,-0.051687,-0.000234,0.002719,16,15,14,17,5,8,11,13,6,10,9,7,12,2,4,3,1
2022-05-12,0.262208,0.252911,-0.121542,0.135693,0.000817,-0.001859,-0.124551,-0.006452,0.000885,-0.003137,0.110862,-0.004974,-0.12314,0.006242,0.125107,-0.126515,0.123726,0.008656,0.00582,4,3,1,2,7,5,11,8,9,13,10,6,12,14,17,16,15
2022-05-13,0.124674,0.122381,-0.061605,0.061729,-0.000792,0.000167,-0.06025,0.000206,0.005106,0.001845,0.057437,0.001785,-0.062686,0.001343,0.061989,-0.060636,0.058499,0.002479,0.000508,4,3,2,1,10,6,7,5,13,11,12,9,8,16,15,14,17
2022-05-16,0.086803,0.073713,-0.044438,0.010594,-0.006175,0.002859,-0.030212,0.015952,0.02386,0.013896,0.042253,0.014847,-0.04455,-0.01062,0.035827,-0.028764,0.020859,-0.0055,-0.010918,1,4,8,2,13,10,7,3,11,5,9,12,6,16,14,15,17
2022-05-17,0.077458,0.07568,0.038887,-0.037233,0.000945,0.000441,0.038002,-9.5e-05,-0.003228,-0.001255,-0.035459,-0.000337,0.039525,7.8e-05,-0.037933,0.037904,-0.035341,-0.000836,0.000315,15,14,16,17,7,11,12,13,5,9,6,8,10,2,4,3,1
2022-05-18,0.321363,0.307644,-0.163135,0.136282,-0.006796,-0.003086,-0.151079,0.009714,0.02715,0.012084,0.150941,0.010914,-0.16542,-0.005255,0.155943,-0.148161,0.136414,-5e-06,-0.008978,2,3,4,1,13,9,6,5,12,8,10,11,7,16,14,15,17
2022-05-19,0.615428,0.578055,-0.26139,0.318919,0.004182,-0.000808,-0.289361,-0.029323,-0.019195,-0.015179,0.231365,-0.034261,-0.264802,0.022921,0.277752,-0.296508,0.286823,0.018902,0.025744,4,2,1,3,5,7,10,11,8,12,9,6,13,14,17,16,15
2022-05-20,0.236807,0.231509,-0.113735,0.11889,-0.002113,-0.002014,-0.114662,-0.002446,0.004979,0.000912,0.103256,-0.003654,-0.114046,0.005197,0.117141,-0.117917,0.111872,0.005456,0.003976,4,3,1,2,8,5,9,7,11,12,10,6,13,14,17,16,15
2022-05-23,0.076715,0.074835,0.036384,-0.03888,0.000233,0.000386,0.036766,0.000464,-0.002196,-0.000745,-0.033643,0.00082,0.036422,-0.001784,-0.038157,0.037835,-0.036443,-0.00204,-0.001582,14,15,17,16,10,12,9,13,8,6,7,11,5,4,1,2,3
2022-05-24,0.150289,0.139047,-0.076002,0.059089,-0.003543,-0.004808,-0.061705,0.005077,0.018281,0.007085,0.070056,0.009714,-0.078358,-0.004929,0.071931,-0.057626,0.051145,0.000452,-0.006783,2,4,3,1,13,9,7,5,10,8,11,12,6,16,14,15,17
2022-05-25,0.266864,0.262554,0.130668,-0.133438,0.001916,0.003387,0.129771,0.00118,-0.009075,-0.002559,-0.119896,0.002767,0.132449,-0.004131,-0.134415,0.131875,-0.124817,-0.004478,-0.002334,14,15,16,17,9,12,10,13,7,8,5,11,6,3,2,4,1
2022-05-26,0.234747,0.225598,-0.11573,0.110831,-0.002014,-0.003603,-0.108354,0.001357,0.012888,0.004695,0.106429,0.002242,-0.11768,0.001403,0.117067,-0.109056,0.102384,0.005265,-0.00099,3,4,2,1,11,6,7,5,12,10,13,9,8,16,15,14,17
2022-05-27,0.112955,0.102293,-0.056812,0.042213,-0.002506,-0.00351,-0.043059,0.004088,0.013846,0.005256,0.051842,0.00702,-0.058244,-0.003029,0.054711,-0.041909,0.03629,0.004154,-0.004959,2,4,3,1,13,8,7,5,10,9,12,11,6,16,14,15,17
2022-05-31,0.05591,0.045623,-0.030454,0.008088,-0.002235,-0.005272,-0.012146,0.005431,0.014367,0.004597,0.02442,0.011737,-0.031489,-0.006274,0.023994,-0.008458,0.004257,0.003299,-0.008008,1,8,5,2,13,9,7,3,10,6,11,12,4,16,14,15,17
2022-06-01,0.079891,0.070432,-0.025889,0.040575,0.000159,0.001318,-0.034336,-0.002785,-0.004036,-0.002238,0.026479,-0.006093,-0.024537,0.003435,0.032029,-0.039316,0.039152,-0.00166,0.004308,4,2,1,3,5,9,10,12,8,11,7,6,13,15,17,16,14
2022-06-02,0.116405,0.109824,-0.047925,0.058506,-0.001393,0.001063,-0.054413,-0.001909,-0.001245,0.001999,0.048297,-0.004114,-0.049649,0.00619,0.054786,-0.057899,0.054219,-0.002883,0.003782,4,3,1,2,6,12,7,9,10,11,8,5,13,14,17,16,15
2022-06-03,0.035431,0.029028,-0.022848,0.008196,0.001517,-0.004482,-0.006796,0.00134,0.012583,-0.00076,0.012475,0.006936,-0.019596,-0.007443,0.012138,-0.004552,0.004612,0.009741,-0.00516,2,7,5,3,13,4,10,1,8,9,11,15,6,17,12,14,16
2022-06-06,0.192311,0.185556,-0.083424,0.095914,-0.002628,0.001002,-0.091134,-0.00175,-0.001509,0.002355,0.082,-0.007021,-0.088022,0.008672,0.093537,-0.096398,0.091663,-0.003374,0.005561,4,3,1,2,6,12,7,9,11,10,8,5,13,14,17,16,15
2022-06-07,0.022366,0.021064,-0.012257,0.009146,0.000627,-0.000686,-0.009973,0.000839,0.002045,0.00037,0.009857,0.000829,-0.01185,-0.000811,0.010109,-0.009802,0.008898,0.002495,0.000195,2,4,3,1,11,5,10,6,9,7,12,13,8,17,14,15,16
2022-06-08,0.078615,0.073618,-0.043171,0.031627,0.002336,-0.002435,-0.03464,0.003146,0.00747,0.001348,0.034461,0.003101,-0.04151,-0.002989,0.035444,-0.034012,0.030952,0.009253,0.000734,2,4,3,1,11,5,10,6,9,7,12,13,8,17,14,15,16
2022-06-09,0.026706,0.022311,0.002625,0.015056,-0.00404,0.002051,-0.008536,-0.005698,-0.007512,-0.000611,0.004743,-0.005467,-0.000704,0.007796,0.009437,-0.010748,0.011506,-0.01165,0.001053,5,2,1,3,8,17,9,14,11,13,7,4,12,6,16,15,10
2022-06-10,0.097748,0.087644,-0.033233,0.047191,-0.003417,0.006746,-0.042312,-0.005368,-0.014224,0.007157,0.040951,-0.007249,-0.035261,0.013538,0.044092,-0.050557,0.043517,-0.018985,0.006556,4,3,1,2,8,13,6,12,9,10,7,5,11,14,17,16,15
2022-06-13,0.361299,0.34656,0.188815,-0.168854,-0.001629,0.011274,0.172671,-0.004594,-0.034673,0.001639,-0.15524,0.000996,0.180003,0.006546,-0.172484,0.162266,-0.156853,-0.028349,0.002319,14,15,16,17,7,12,8,13,10,11,5,6,9,1,4,3,2
2022-06-14,0.098776,0.083317,-0.018689,0.044379,-0.006621,0.008761,-0.037021,-0.00194,-0.027295,0.011547,0.023581,-0.007919,-0.027523,0.014868,0.039575,-0.050064,0.048712,-0.030199,0.013638,4,1,2,3,6,15,7,13,10,9,8,5,11,12,17,16,14
2022-06-15,0.287608,0.27866,-0.139511,0.148097,-0.002029,-0.00352,-0.13463,-0.000991,0.008846,0.004198,0.122418,-0.005898,-0.133091,0.006365,0.142589,-0.136524,0.134629,0.002043,0.006553,4,3,1,2,6,9,8,5,11,10,12,7,13,17,16,15,14
2022-06-16,0.142835,0.135701,0.061384,-0.072601,0.002879,0.000801,0.065721,0.001305,0.002793,-0.002414,-0.056484,0.005085,0.06099,-0.004757,-0.067751,0.070235,-0.069409,0.004351,-0.005645,14,16,17,15,13,6,11,8,7,9,10,12,5,3,1,2,4
2022-06-17,0.377417,0.359413,0.202769,-0.1686,-0.008872,0.001857,0.169839,-0.007511,-0.039635,-0.004485,-0.168762,-0.004631,0.193621,0.005985,-0.174648,0.158189,-0.153445,-0.031933,0.007601,16,14,15,17,5,12,8,13,11,10,7,6,9,1,4,3,2
2022-06-21,0.143043,0.138987,0.071788,-0.071255,-0.001828,-3.3e-05,0.06783,-0.001543,-0.006149,-0.002793,-0.067082,-7e-06,0.068515,-0.002071,-0.070493,0.066122,-0.067059,-0.00554,-0.001642,15,14,17,16,8,12,11,13,9,7,6,10,5,1,4,3,2
2022-06-22,0.182789,0.166549,0.065704,-0.083568,0.009868,0.001818,0.082315,-0.001471,0.020069,-0.004305,-0.072076,0.009637,0.063388,-0.006655,-0.085271,0.09178,-0.091009,0.015054,-0.011209,14,17,15,16,13,6,11,5,7,10,9,12,8,3,1,2,4
2022-06-23,0.399011,0.38714,0.201961,-0.197051,-0.00057,0.001491,0.19084,-0.003253,-0.01273,-0.005142,-0.182989,0.002665,0.190266,-0.00492,-0.195158,0.190386,-0.186026,-0.011539,-0.003351,14,15,17,16,9,12,11,13,7,8,6,10,5,1,3,2,4
2022-06-24,0.898188,0.873669,0.452549,-0.445638,0.003184,0.001527,0.434626,-0.002209,-0.023239,-0.014092,-0.4076,0.009446,0.423965,-0.015131,-0.445367,0.430288,-0.412537,-0.008675,-0.007349,14,15,17,16,9,10,11,13,6,8,7,12,5,1,3,2,4
2022-06-27,0.207964,0.195933,-0.118135,0.089829,0.010138,-0.002318,-0.091762,-0.002402,0.030804,-0.005526,0.089778,0.006001,-0.112999,-0.00045,0.085297,-0.078709,0.063311,0.025443,-0.013205,2,4,1,3,13,6,12,5,7,11,10,9,8,17,14,15,16
2022-06-28,0.027876,0.027022,-0.013061,0.014799,0.001655,0.00151,-0.012061,0.00151,0.002685,0.001889,0.01402,0.001128,-0.012309,0.001784,0.014815,-0.011806,0.01319,0.001997,0.001074,3,4,2,1,13,6,7,5,9,10,11,8,12,17,14,15,16
2022-06-29,0.412466,0.405353,-0.202795,0.208563,-0.001516,0.000352,-0.201012,0.006645,0.009158,0.012903,0.184034,-0.011343,-0.185631,0.009813,0.207121,-0.203903,0.192666,0.001706,0.005778,4,3,1,2,9,10,5,7,12,8,11,6,13,16,17,15,14
2022-06-30,0.457188,0.442597,0.23247,-0.224719,-0.003609,-0.002124,0.220589,-0.003655,-0.018549,-0.009852,-0.208379,0.005492,0.217044,-0.009039,-0.224301,0.217334,-0.202612,-0.010512,0.000366,15,14,17,16,6,12,11,13,8,9,7,10,5,1,3,2,4
2022-07-01,0.255845,0.24774,0.131732,-0.124112,-0.001662,-0.000922,0.123313,-0.001255,-0.010943,-0.004454,-0.116684,0.002595,0.123878,-0.003803,-0.123501,0.120746,-0.110356,-0.007102,0.002395,15,14,17,16,6,12,11,13,9,8,7,10,5,1,4,3,2
2022-07-05,0.102196,0.094742,0.037472,-0.049902,0.008168,0.004501,0.046463,-0.005671,0.007551,-0.005837,-0.033842,0.009093,0.028819,-0.000265,-0.048192,0.052283,-0.049913,0.007671,-0.008649,14,17,16,15,13,7,12,8,6,11,9,10,5,3,1,2,4
2022-07-06,0.010856,0.008924,0.00088,0.000398,-0.004903,-0.004247,-0.003031,0.000142,-0.006629,-0.00094,-0.004604,-0.00531,0.004227,-0.0022,0.000302,-0.006527,0.002075,-0.006138,0.001177,12,2,5,6,3,15,8,17,13,7,11,9,14,4,16,10,1
2022-07-07,0.2587,0.251527,0.129631,-0.129069,0.001469,0.001179,0.125046,-0.004926,-0.007394,-0.007039,-0.115699,0.004925,0.118113,-0.001936,-0.126814,0.126593,-0.117428,-0.004616,-0.002046,14,15,17,16,9,10,12,13,6,11,7,8,5,1,2,3,4
2022-07-08,0.277354,0.268505,-0.147232,0.130121,0.006453,0.003806,-0.13108,-2.9e-05,0.021147,0.00495,0.129173,0.000522,-0.13935,0.004092,0.128557,-0.121218,0.111657,0.014067,-0.00443,2,4,1,3,13,6,8,5,7,12,10,9,11,17,14,15,16
2022-07-11,0.073801,0.070785,0.038407,-0.035394,-0.00019,0.000409,0.035993,-0.000269,-0.003545,-0.001179,-0.032825,0.001306,0.035057,-0.000313,-0.034678,0.034533,-0.031485,-0.002357,0.000644,15,14,17,16,6,12,11,13,8,9,7,10,5,1,4,2,3
2022-07-12,0.059795,0.055134,0.031184,-0.024145,-0.002584,-0.001833,0.026037,0.001199,-0.00588,-0.000198,-0.027509,-0.001336,0.032286,-0.000649,-0.02424,0.021662,-0.018874,-0.003839,0.002464,17,14,15,16,5,12,7,13,11,6,10,8,9,2,4,3,1
2022-07-13,0.09814,0.095157,-0.046993,0.048039,-0.003707,-0.004127,-0.048031,0.001616,-0.000353,0.001827,0.037678,-0.005062,-0.03795,-0.000656,0.046202,-0.050101,0.046104,-0.000285,0.001149,4,3,1,2,7,8,5,9,11,6,12,10,13,15,17,16,14
2022-07-14,0.010526,0.007565,-0.00101,0.00396,-0.002286,-0.001697,-0.002516,0.000917,-0.00206,0.000171,-0.000197,-0.00162,0.001579,-0.000381,0.003407,-0.005331,0.005196,-0.001204,0.001123,8,1,2,3,5,11,7,14,15,6,13,9,12,10,17,16,4
2022-07-15,0.468438,0.447974,0.241367,-0.22707,-0.001918,0.002754,0.225134,-0.004467,-0.023423,-0.01015,-0.20832,0.007644,0.217668,-0.002912,-0.222033,0.219997,-0.201368,-0.014916,0.002667,15,14,17,16,7,12,11,13,8,10,6,9,5,1,3,2,4
2022-07-19,0.267901,0.255997,-0.141958,0.117736,0.00967,0.004964,-0.124538,-0.001892,0.022293,0.004005,0.125943,0.001452,-0.139133,0.001824,0.118682,-0.109378,0.097615,0.014409,-0.007056,1,4,3,2,13,6,9,5,7,12,8,10,11,17,14,15,16
2022-07-20,0.38682,0.370824,-0.203633,0.17092,0.013436,0.007231,-0.180879,-0.003383,0.029878,0.007259,0.183187,0.00157,-0.201475,0.003469,0.172378,-0.15913,0.142019,0.017411,-0.011424,1,4,3,2,13,6,8,5,7,12,9,10,11,17,14,15,16
2022-07-21,0.297469,0.286476,-0.153058,0.144411,-0.000107,-0.002561,-0.14597,0.003877,0.0137,0.007434,0.13285,-0.007549,-0.141549,-0.000607,0.141589,-0.140859,0.129466,0.009921,-0.002534,3,4,1,2,11,6,7,5,9,8,12,10,13,17,14,16,15
2022-07-22,0.116002,0.110002,0.049696,-0.057482,0.005013,0.00327,0.050927,-0.005267,0.001469,-0.004314,-0.045988,0.003422,0.039075,-3.7e-05,-0.056688,0.05852,-0.056693,-0.001163,-0.005038,14,16,17,15,12,10,11,8,5,13,7,9,6,3,1,2,4
2022-07-25,0.137612,0.133478,0.071045,-0.066567,-0.001675,-0.000501,0.067376,-0.001307,-0.007813,-0.004061,-0.062914,0.002311,0.067097,-0.000452,-0.065435,0.063817,-0.058578,-0.005018,0.001624,15,14,17,16,6,12,11,13,10,9,8,7,5,1,4,2,3
2022-07-26,0.123379,0.121169,-0.063798,0.059514,0.006018,0.003668,-0.058571,0.001646,0.011813,0.005402,0.059582,0.000831,-0.063444,0.002886,0.058598,-0.051044,0.051039,0.007914,-0.001715,1,4,2,3,13,6,8,5,7,11,9,10,12,17,14,15,16
2022-07-27,0.150628,0.147139,0.079329,-0.071299,-0.003437,-0.000884,0.074039,-0.000684,-0.010064,-0.003975,-0.06931,0.002271,0.0772,-0.000825,-0.070239,0.066942,-0.062387,-0.006306,0.003564,15,14,17,16,5,12,11,13,10,7,9,8,6,1,4,3,2
2022-07-28,0.061889,0.043337,-0.024915,0.008761,0.013303,0.006792,-0.016793,-0.005961,0.013111,0.001276,0.023626,0.003572,-0.038263,0.003255,0.008595,0.002009,3.9e-05,0.007929,-0.008882,1,12,4,5,14,6,11,3,2,13,7,9,8,16,10,15,17
2022-07-29,0.143443,0.132716,0.056623,-0.069752,0.011865,0.005675,0.06046,-0.011528,0.004465,-0.003985,-0.048637,0.004827,0.034411,0.005677,-0.067868,0.072114,-0.071329,0.003318,-0.010964,14,17,16,15,12,10,11,9,5,13,7,6,8,3,1,2,4
2022-08-01,0.445396,0.434406,-0.230292,0.215105,0.008321,0.002807,-0.216366,0.004541,0.027582,0.015131,0.207382,-0.007364,-0.221244,0.004096,0.21283,-0.205868,0.190131,0.018687,-0.007052,3,4,1,2,12,6,7,5,8,9,11,10,13,17,14,15,16
2022-08-02,0.301995,0.293201,0.153958,-0.148037,-0.002317,-0.000188,0.147767,-0.005155,-0.015885,-0.010642,-0.138416,0.004632,0.14528,-0.003157,-0.146144,0.142342,-0.134173,-0.011555,0.000812,15,14,17,16,6,12,11,13,8,10,7,9,5,1,4,2,3
2022-08-03,0.063049,0.056889,0.031948,-0.023649,-0.006168,-0.001561,0.029126,0.004028,-0.005905,-0.001393,-0.028151,-0.000903,0.034898,-0.003382,-0.022895,0.021559,-0.018397,-0.004407,0.00474,17,14,16,15,5,11,8,12,13,6,9,10,7,2,4,3,1
2022-08-04,0.310027,0.303589,0.151606,-0.155167,0.008206,0.003379,0.14713,-0.014182,-0.010052,-0.009785,-0.135543,0.009994,0.133165,0.004967,-0.153576,0.15486,-0.148428,-0.006846,-0.006027,14,15,17,16,9,10,11,12,6,13,8,7,5,2,1,3,4
2022-08-05,0.074565,0.07309,0.037312,-0.037253,-0.00308,-0.001833,0.035397,-0.001694,-0.00604,-0.004121,-0.036375,-0.000915,0.036279,-0.002903,-0.036653,0.032768,-0.033181,-0.004965,-0.000246,15,14,17,16,5,12,11,13,10,7,8,9,6,1,4,3,2
2022-08-08,0.318561,0.309766,-0.16132,0.157241,-0.001051,-0.001358,-0.155508,0.008146,0.015069,0.010786,0.144395,-0.006836,-0.149264,0.000431,0.155249,-0.153956,0.146026,0.010736,0.000471,4,3,1,2,9,7,6,5,11,8,12,10,13,17,15,16,14
2022-08-09,0.171,0.164705,-0.088158,0.082842,0.000338,-0.001039,-0.083859,0.002484,0.008256,0.005324,0.07663,-0.004064,-0.081203,0.000536,0.080992,-0.081636,0.075216,0.006011,-0.001554,3,4,1,2,12,6,7,5,10,8,11,9,13,17,15,16,14
2022-08-10,0.17474,0.170286,-0.088229,0.086511,-0.000402,-0.000217,-0.084359,0.00486,0.008634,0.007065,0.079458,-0.004376,-0.079598,-0.001286,0.085488,-0.084992,0.081279,0.005383,1e-06,4,3,1,2,9,7,6,5,11,8,10,12,13,17,16,15,14
2022-08-12,0.202344,0.192632,-0.108588,0.091767,0.015693,0.003722,-0.098637,-0.010021,0.013827,0.00784,0.093756,-0.00027,-0.103633,0.009523,0.081515,-0.081556,0.070539,0.014231,-0.013927,1,4,2,3,13,6,9,7,5,12,10,8,11,17,14,15,16
2022-08-15,0.044714,0.033579,0.003271,-0.013243,0.013196,0.004631,0.007429,-0.011402,0.003481,-0.001217,-0.005911,0.005345,0.000415,0.009547,-0.020039,0.020922,-0.023792,0.005577,-0.010395,12,17,15,16,13,5,11,8,2,14,7,3,6,9,1,4,10
2022-08-16,0.319322,0.311637,0.161697,-0.157625,0.002011,0.001559,0.154958,-0.008521,-0.014283,-0.011183,-0.14538,0.006827,0.147139,0.002728,-0.155379,0.155928,-0.149324,-0.009462,0.000989,14,15,17,16,9,11,12,13,7,10,8,6,5,1,2,3,4
2022-08-17,0.008768,0.006828,0.001808,-0.003411,0.001599,0.000776,0.002298,-0.001699,7.2e-05,-0.000251,-0.00245,0.000434,0.001092,0.000912,-0.004198,0.00399,-0.004778,0.000524,-0.001321,14,17,15,16,12,8,11,10,4,13,7,6,9,3,1,2,5
2022-08-18,0.069809,0.064808,-0.028398,0.033365,-0.005958,-0.003836,-0.027995,0.006924,0.001957,0.00222,0.027226,-0.002445,-0.022824,-0.003089,0.034856,-0.034396,0.035413,-0.00057,0.00448,4,1,3,2,6,9,7,8,13,5,12,11,10,16,17,15,14
2022-08-19,0.123122,0.119779,-0.061826,0.061296,0.002439,0.002186,-0.060592,0.00297,0.006698,0.005569,0.056708,-0.001454,-0.057028,0.001161,0.059556,-0.058253,0.057812,0.004931,-0.000239,4,3,1,2,12,7,6,5,9,8,10,11,13,17,15,16,14
2022-08-22,0.208326,0.203395,0.111344,-0.094571,-0.008097,-0.00863,0.108241,0.004391,-0.011024,-0.00837,-0.096982,0.001176,0.107757,-0.005358,-0.09129,0.097728,-0.086783,-0.008465,0.009786,17,14,16,15,5,11,10,13,9,6,12,8,7,1,4,2,3
2022-08-23,0.170983,0.163642,-0.071331,0.089129,-0.012575,-0.013655,-0.07388,0.017235,0.001122,0.001885,0.063938,-0.012449,-0.056426,-0.011243,0.087659,-0.081854,0.087073,-0.001411,0.010408,4,3,1,2,6,9,7,8,12,5,13,10,11,15,17,16,14
2022-08-24,0.481103,0.470106,-0.24268,0.238422,0.00079,-0.000289,-0.238303,0.012789,0.019264,0.015191,0.215281,-0.013142,-0.221318,-0.002234,0.232317,-0.232625,0.225969,0.017128,-0.001778,4,3,1,2,11,6,7,5,9,8,10,12,13,17,15,16,14
2022-08-25,0.150527,0.146984,-0.077948,0.072579,0.003004,0.003537,-0.077193,0.000842,0.007945,0.006402,0.069274,-0.002281,-0.073647,0.002522,0.070311,-0.072039,0.067408,0.00556,-0.003274,3,4,1,2,13,7,6,5,9,11,8,10,12,17,14,16,15
2022-08-26,0.171189,0.165958,-0.090699,0.074386,0.00929,0.011161,-0.090416,-0.004642,0.012628,0.009972,0.08049,0.001759,-0.08977,0.006798,0.072112,-0.076875,0.068003,0.00641,-0.010317,1,4,2,3,13,10,7,5,8,12,6,9,11,17,14,16,15
2022-08-29,0.368159,0.353964,-0.163041,0.189562,-0.018685,-0.027355,-0.16388,0.026086,-0.000493,-0.000706,0.137055,-0.024846,-0.134792,-0.017051,0.183183,-0.178597,0.183629,0.009366,0.017556,4,2,1,3,6,7,9,8,11,5,13,10,12,15,17,16,14
2022-08-30,0.094292,0.092975,-0.046089,0.048204,-0.001433,-0.001982,-0.044863,0.005005,0.003332,0.002903,0.039865,-0.004066,-0.039492,-0.001577,0.047467,-0.045875,0.046428,0.004229,0.002905,4,3,1,2,8,6,9,7,10,5,12,11,13,17,16,15,14
2022-08-31,0.040755,0.029738,0.014619,-0.008837,-0.008173,-0.009577,0.015426,0.006122,-0.00572,-0.005058,-0.019311,-0.007072,0.021443,-0.006931,-0.007198,0.009291,-0.004762,0.000153,0.010101,17,8,15,13,4,7,9,10,14,6,16,11,12,3,5,2,1
2022-09-01,0.080936,0.078664,-0.038734,0.041319,-0.004656,-0.005952,-0.036432,0.004075,0.000833,0.000126,0.030242,-0.005222,-0.030557,-0.003752,0.040387,-0.039617,0.039504,0.00212,0.004797,4,3,1,2,5,7,9,8,11,6,13,10,12,16,17,15,14
2022-09-02,0.513944,0.504244,0.260217,-0.253727,0.001155,0.004046,0.254861,-0.010998,-0.019922,-0.014156,-0.225086,0.014946,0.234379,0.004066,-0.248607,0.25257,-0.24275,-0.015009,0.0012,14,15,17,16,8,12,11,13,9,10,7,6,5,1,3,2,4
2022-09-06,0.473533,0.465279,-0.237622,0.235911,-0.006929,-0.008448,-0.232122,0.014527,0.016199,0.011809,0.202626,-0.017985,-0.20817,-0.004423,0.232179,-0.231536,0.226467,0.016985,0.00446,4,3,1,2,9,5,8,6,11,7,12,10,13,17,15,16,14
2022-09-07,0.112654,0.110348,-0.057154,0.055499,-0.001153,-0.001603,-0.056004,0.002398,0.003515,0.002586,0.048459,-0.004068,-0.050979,-0.001163,0.054261,-0.055098,0.053027,0.003413,-0.000305,4,3,1,2,9,6,7,5,10,8,12,11,13,17,15,16,14
2022-09-08,0.309752,0.304504,0.150195,-0.158309,0.014762,0.01723,0.144105,-0.018519,-0.005738,-0.004892,-0.118656,0.021299,0.118279,0.008468,-0.155854,0.151442,-0.153607,-0.016178,-0.015932,14,15,17,16,11,12,9,10,7,13,6,8,5,2,1,3,4
2022-09-09,0.152046,0.150643,-0.078511,0.073534,0.005671,0.005564,-0.077045,0.000445,0.00803,0.007173,0.073289,0.000918,-0.076718,0.002274,0.072831,-0.072141,0.068053,0.003364,-0.003966,2,4,1,3,13,9,6,5,7,12,8,10,11,17,14,16,15
2022-09-12,0.095889,0.083626,-0.043827,0.035051,0.01006,0.0108,-0.041723,-0.004889,0.006056,0.006752,0.044106,0.008021,-0.051783,0.002111,0.034388,-0.035496,0.02864,-0.001471,-0.008796,1,4,2,3,13,11,8,9,6,12,5,10,7,16,14,15,17
2022-09-13,0.055796,0.049638,-0.026787,0.021034,0.007289,0.00682,-0.024844,-0.002618,0.003624,0.003818,0.026115,0.005325,-0.029681,0.001766,0.020452,-0.020986,0.01748,-0.000651,-0.004027,1,4,2,3,13,11,8,9,5,12,6,10,7,16,14,15,17
2022-09-14,0.435586,0.425732,-0.212523,0.217933,-0.036244,-0.03311,-0.201667,0.040978,0.018262,0.014326,0.170668,-0.03745,-0.168981,-0.014024,0.223063,-0.206348,0.215662,0.019233,0.007652,4,3,2,1,9,6,8,7,12,5,11,10,13,17,16,15,14
2022-09-15,0.117284,0.114326,0.060365,-0.056919,0.00065,0.001236,0.059387,-0.000528,-0.003724,-0.002434,-0.051165,0.003866,0.055487,0.000613,-0.055662,0.057995,-0.052651,-0.001854,0.000899,14,15,17,16,7,11,12,13,8,10,6,9,5,1,3,2,4
2022-09-16,0.097671,0.094613,-0.045614,0.049185,-0.009313,-0.006202,-0.041923,0.008635,0.006353,0.003939,0.037067,-0.006375,-0.03683,0.003995,0.05157,-0.046102,0.049445,0.004264,0.005165,4,2,3,1,7,8,10,6,13,5,11,9,12,16,17,15,14
2022-09-20,0.228675,0.22244,0.114455,-0.112488,-0.007401,-0.003936,0.116187,-0.001375,-0.010265,-0.008079,-0.104434,0.003799,0.109957,0.002802,-0.108237,0.111521,-0.102258,-0.004922,0.001695,15,14,17,16,7,10,12,13,11,8,9,6,5,2,3,1,4
2022-09-21,0.119025,0.113588,0.056104,-0.054446,-0.010977,-0.007804,0.061818,0.002507,-0.00554,-0.005274,-0.057206,-0.001254,0.06069,0.006046,-0.050375,0.056227,-0.044758,0.000139,0.00523,17,14,16,15,6,8,10,11,13,7,12,5,9,4,3,1,2
2022-09-22,0.061476,0.051828,0.023654,-0.024175,-0.013067,-0.009783,0.02818,0.005444,-0.005321,-0.005693,-0.031056,-0.003058,0.03042,0.004183,-0.017998,0.022338,-0.016771,0.004527,0.00496,17,14,16,15,6,7,11,10,13,5,12,8,9,3,4,2,1
2022-09-26,0.2494,0.241951,0.124538,-0.123871,-0.005167,-0.000684,0.125529,-0.002344,-0.010372,-0.00812,-0.113305,0.006681,0.118074,0.001989,-0.116213,0.122397,-0.113277,-0.005692,0.002599,15,14,17,16,6,11,12,13,10,9,8,7,5,2,3,1,4
2022-09-27,0.244924,0.236939,0.121248,-0.120648,-0.008613,-0.002902,0.124277,0.000635,-0.00939,-0.008099,-0.115025,0.00388,0.118667,0.003884,-0.110673,0.118947,-0.109721,-0.002052,0.003413,16,14,17,15,7,9,11,13,12,8,10,5,6,2,3,1,4
2022-09-28,0.427835,0.418812,-0.208644,0.216497,-0.005808,-0.006346,-0.211338,0.008507,0.013767,0.007188,0.189664,-0.009371,-0.193654,0.003259,0.207716,-0.207745,0.204496,0.015789,0.006121,4,3,1,2,9,5,8,6,11,7,12,10,13,16,15,17,14
2022-09-29,0.290655,0.277619,-0.140771,0.143275,0.014507,0.006574,-0.14738,0.003659,0.014995,0.013707,0.131958,-0.006204,-0.13578,-0.007923,0.124674,-0.14135,0.128123,0.008434,8.4e-05,2,3,1,4,11,8,7,5,6,10,9,13,12,15,16,17,14
2022-09-30,0.472343,0.461498,-0.227477,0.236082,-0.012684,-0.01049,-0.236261,0.009245,0.014115,0.001858,0.207927,-0.010915,-0.219144,0.009397,0.234039,-0.220546,0.230087,0.018083,0.005764,4,3,1,2,9,5,10,6,13,8,11,7,12,16,15,17,14
2022-10-03,0.661873,0.649471,-0.322842,0.333806,-0.007446,-0.010039,-0.328067,0.008544,0.017549,0.006963,0.295687,-0.014691,-0.309147,0.002765,0.323465,-0.32088,0.319354,0.019529,0.00502,4,3,1,2,9,5,8,6,11,7,12,10,13,16,15,17,14
2022-10-04,0.106369,0.098168,-0.051175,0.051393,0.010066,0.00793,-0.049295,0.004971,0.007321,0.013465,0.050886,-0.003047,-0.029748,-0.009399,0.036778,-0.054976,0.036772,-0.004683,-0.008507,2,4,1,3,12,11,5,8,6,9,7,13,10,16,17,15,14
2022-10-05,0.166562,0.150816,-0.079437,0.076522,0.011855,0.007596,-0.069017,0.020672,0.011493,0.023144,0.07632,-0.007987,-0.053928,-0.006078,0.061113,-0.09004,0.045297,-0.004989,-0.008556,2,4,1,3,13,10,5,8,7,6,9,11,12,16,17,15,14
2022-10-06,0.035789,0.031747,-0.01204,0.016854,-0.001093,-0.000231,-0.013819,-0.000963,0.001331,-0.000957,0.013431,0.000473,-0.015175,0.005237,0.016738,-0.0114,0.020615,0.003285,0.00347,4,1,2,3,6,7,11,8,13,12,10,5,9,15,14,16,17
2022-10-07,0.300003,0.293262,-0.140575,0.149991,-0.004728,-1.3e-05,-0.144706,-0.002087,0.005174,0.000904,0.136628,-0.003872,-0.150012,0.008759,0.144059,-0.141465,0.149554,0.006757,0.005465,4,2,1,3,7,6,9,8,13,11,10,5,12,14,15,16,17
2022-10-11,0.24422,0.226589,-0.105028,0.110783,-0.008425,-0.003161,-0.110993,-0.007449,-0.001233,-0.005894,0.103871,-0.003704,-0.123788,0.009873,0.108745,-0.104143,0.120431,0.006163,0.008092,4,1,2,3,6,7,11,8,13,12,9,5,10,15,14,16,17
2022-10-12,0.198011,0.19211,0.095827,-0.100643,-0.001224,-0.001534,0.095945,-0.004017,-0.005406,-0.006113,-0.092396,0.002878,0.094246,0.000481,-0.094153,0.097368,-0.090037,-0.00265,-0.000333,15,14,17,16,7,10,13,12,8,11,9,6,5,3,1,2,4
2022-10-13,0.127922,0.124155,-0.059529,0.064015,-0.001007,0.000845,-0.060604,0.000566,0.001721,0.001292,0.059784,-0.000864,-0.063907,0.003836,0.061224,-0.060227,0.062487,0.00275,0.00291,4,2,1,3,6,7,9,8,13,11,10,5,12,14,15,16,17
2022-10-14,0.104305,0.095419,-0.049693,0.052889,0.00973,0.004117,-0.04492,0.011931,0.011476,0.014634,0.043742,-0.002676,-0.028282,-0.015204,0.043597,-0.051417,0.027425,0.00156,-0.00817,2,4,1,3,12,10,5,7,8,6,9,13,11,16,17,15,14
2022-10-17,0.263239,0.249535,0.130476,-0.132763,-0.006617,-0.004681,0.122966,-0.014289,-0.013357,-0.013008,-0.118513,0.007142,0.11059,0.015796,-0.115149,0.128738,-0.104603,0.00065,0.011272,16,14,17,15,6,8,11,12,10,13,9,5,7,1,2,3,4
2022-10-18,0.072824,0.058416,-0.035157,0.037666,0.012294,0.006097,-0.027332,0.014712,0.011587,0.009828,0.024835,-0.004786,-0.012695,-0.014655,0.019723,-0.030533,0.007901,-0.006745,-0.013114,2,8,1,3,13,11,7,6,5,4,9,14,10,17,16,15,12
2022-10-19,0.034496,0.023834,0.001537,-0.003204,0.007171,0.002005,0.00681,0.00858,0.003657,0.003595,-0.007453,-0.003354,0.017279,-0.008591,-0.012665,0.005322,-0.017217,-0.003831,-0.007524,13,17,10,16,14,12,7,6,3,2,8,15,11,9,5,4,1
2022-10-20,0.088215,0.082566,-0.036772,0.039757,-0.004025,-0.001232,-0.040154,-0.003381,0.000784,-0.00023,0.036851,-0.000438,-0.045494,0.004363,0.040728,-0.038843,0.04272,0.002324,0.003765,4,1,3,2,6,7,9,8,13,12,11,5,10,14,15,16,17
2022-10-21,0.215136,0.209677,-0.099224,0.105938,-0.005747,-0.001239,-0.103464,-0.003159,0.003231,0.001775,0.09685,-0.002066,-0.109199,0.005905,0.103332,-0.102123,0.104975,0.003615,0.005037,4,2,1,3,6,7,9,8,13,12,10,5,11,14,15,16,17
2022-10-24,0.063886,0.043219,0.008696,-0.011486,0.012261,0.006408,0.019967,0.013668,0.005121,0.00525,-0.009687,-0.001622,0.033282,-0.011439,-0.020649,0.013366,-0.030604,-0.005731,-0.010069,12,17,15,16,13,11,8,9,5,3,7,14,10,6,4,2,1
2022-10-25,0.505974,0.492862,0.24054,-0.256199,0.005849,0.001348,0.244731,0.000736,-0.005753,-0.004274,-0.230005,0.007953,0.249775,-0.006034,-0.241076,0.246787,-0.240019,-0.004843,-0.003493,14,15,17,16,9,11,10,12,6,8,7,13,5,4,2,3,1
2022-10-26,0.060955,0.050562,-0.032172,0.02661,0.004239,0.003934,-0.021671,0.011643,0.00437,0.005877,0.028782,-0.001005,-0.012565,-0.015812,0.015526,-0.026924,0.009487,-0.005544,-0.011834,1,5,2,3,12,11,6,7,8,4,9,14,10,17,16,15,13
2022-10-27,0.076303,0.074343,-0.036467,0.038921,-0.000504,-3e-05,-0.036865,0.000292,0.000965,0.000921,0.035219,-0.001125,-0.037299,0.000901,0.036505,-0.037382,0.036057,0.000655,0.000142,4,3,1,2,10,8,6,5,12,9,11,7,13,14,17,15,16
2022-10-28,0.099622,0.097171,-0.046684,0.050111,-0.001343,-0.000777,-0.048022,-0.001022,0.00095,0.000648,0.044991,-0.00189,-0.049511,0.002932,0.047714,-0.048694,0.04746,0.001087,0.000866,4,3,1,2,8,6,9,7,12,11,10,5,13,14,16,15,17
2022-10-31,0.482849,0.473511,0.225238,-0.245738,0.007281,0.004207,0.235148,0.012221,-0.00254,0.000115,-0.215683,0.008477,0.237111,-0.021396,-0.234213,0.236145,-0.232178,-0.005815,-0.007552,14,15,17,16,12,11,9,10,7,5,8,13,6,4,2,3,1
2022-11-01,0.137525,0.134576,-0.064221,0.070105,-0.001339,-0.001008,-0.066875,-0.003334,0.001388,0.000681,0.062172,-0.002285,-0.06742,0.005096,0.066739,-0.067058,0.065531,0.001368,0.000753,4,3,1,2,8,7,9,6,11,13,10,5,12,14,16,15,17
2022-11-02,0.121007,0.116873,-0.057926,0.061956,-8.7e-05,0.000343,-0.057888,0.001269,0.002123,0.001968,0.056213,-0.001695,-0.057484,0.000887,0.057584,-0.05905,0.055813,0.000468,-0.000802,3,4,1,2,12,9,6,5,11,7,10,8,13,16,17,15,14
2022-11-04,0.041827,0.026901,0.012427,-0.006507,-0.004559,-0.005682,0.003032,-0.021347,-0.004243,-0.005226,-0.01103,-0.000763,-0.003043,0.02048,0.002523,0.005245,0.00631,0.005863,0.008912,16,4,15,8,3,5,13,11,12,17,14,1,9,2,6,7,10
2022-11-07,0.184485,0.174614,-0.093079,0.091406,0.003589,0.005433,-0.084911,0.015315,0.004967,0.005987,0.086201,-0.001385,-0.079397,-0.011834,0.079749,-0.088494,0.075503,-0.004898,-0.004742,2,4,1,3,11,12,6,8,9,5,7,13,10,17,16,15,14
2022-11-08,0.041909,0.038056,-0.0214,0.020509,0.001851,0.003591,-0.017094,0.00781,0.00295,0.003111,0.019831,0.000324,-0.01426,-0.004864,0.01704,-0.018293,0.015674,-0.002085,-0.000899,2,4,1,3,11,12,7,8,9,5,6,13,10,17,16,15,14
2022-11-09,0.022899,0.020712,0.005625,-0.009889,0.001142,0.002365,0.00954,0.005157,0.00073,0.001018,-0.00782,0.00047,0.01178,-0.004717,-0.010807,0.009001,-0.011119,-0.002368,-0.000956,14,17,15,16,11,12,8,9,7,5,6,13,10,4,3,2,1
2022-11-10,0.258704,0.246715,0.129841,-0.128863,-0.001975,-0.008281,0.121179,-0.01866,-0.010345,-0.009368,-0.120743,0.002985,0.114399,0.013902,-0.11581,0.123709,-0.107521,0.006236,0.004677,16,14,17,15,7,6,11,12,9,13,10,5,8,1,2,3,4
2022-11-11,0.100558,0.075213,-0.056674,0.029792,0.003555,0.015298,-0.020254,0.043883,0.008022,0.0114,0.031959,0.004551,-0.009839,-0.036255,0.008069,-0.027076,0.003644,-0.018,-0.007301,2,9,3,6,11,13,5,7,10,1,4,16,8,17,15,14,12
2022-11-14,0.401351,0.388412,-0.192732,0.205352,-0.001103,0.00145,-0.192993,0.008082,0.01086,0.008038,0.187465,-0.006166,-0.192374,-0.004739,0.190697,-0.195998,0.181706,-0.001643,-0.004765,3,4,1,2,12,10,7,5,9,6,8,11,13,15,17,16,14
2022-11-15,0.106775,0.101806,0.05391,-0.052865,-0.000134,-0.001905,0.049514,-0.0046,-0.002305,-0.002068,-0.049755,0.001504,0.048758,0.007197,-0.047474,0.051899,-0.044655,0.00203,0.003933,16,14,17,15,6,7,11,12,9,13,10,5,8,1,2,3,4
2022-11-16,0.112933,0.110418,0.050914,-0.056503,0.001963,-0.000668,0.054905,0.001045,-0.002592,-0.002821,-0.052934,0.001364,0.056431,-0.004607,-0.056075,0.054044,-0.053295,-0.002256,-0.001258,14,15,17,16,9,10,12,11,5,7,8,13,6,4,3,2,1
2022-11-17,0.350033,0.342629,0.170481,-0.178186,0.001211,-0.006058,0.16582,-0.009459,-0.01073,-0.008667,-0.169118,0.00254,0.169593,0.007773,-0.168663,0.171847,-0.160455,-0.000323,0.004988,16,14,17,15,6,9,11,13,8,12,10,5,7,2,1,4,3
2022-11-18,0.055352,0.053201,0.02805,-0.027302,3.2e-05,-0.000989,0.025348,-0.003096,-0.001955,-0.000898,-0.026201,0.000904,0.025912,0.004268,-0.024741,0.027398,-0.024012,0.000659,0.002346,16,14,17,15,6,8,10,12,9,13,11,5,7,1,2,4,3
2022-11-21,0.288765,0.283202,0.136666,-0.146734,0.003482,-0.003569,0.13915,-0.002822,-0.008157,-0.007698,-0.138551,0.002471,0.142032,8.5e-05,-0.142173,0.140965,-0.133328,-0.002693,0.001534,15,14,17,16,7,9,12,13,5,10,11,8,6,4,2,3,1
2022-11-22,0.112287,0.110227,0.053857,-0.057833,0.000417,-0.002491,0.052872,-0.003189,-0.004475,-0.003649,-0.054905,0.0001,0.054454,0.001082,-0.055262,0.054368,-0.05209,-0.000965,0.000808,15,14,17,16,6,9,12,13,7,11,10,5,8,3,2,4,1
2022-11-25,0.104605,0.098034,-0.051401,0.053204,0.001758,0.002857,-0.044175,0.009319,0.005963,0.002042,0.04931,-0.001247,-0.044544,-0.010643,0.046318,-0.049326,0.044218,-0.000366,-0.005209,2,4,1,3,12,10,8,6,9,5,7,13,11,17,16,14,15
2022-11-28,0.065941,0.064717,0.031514,-0.033494,0.000566,-0.001347,0.031362,-0.001263,-0.00234,-0.0021,-0.03225,-5.1e-05,0.032447,4.3e-05,-0.032573,0.031872,-0.030755,-0.000551,0.000113,15,14,17,16,6,9,12,13,5,10,11,7,8,3,2,4,1
2022-11-29,0.34462,0.335171,0.169239,-0.175381,7e-05,-0.006346,0.15858,-0.015956,-0.013503,-0.007354,-0.166658,0.00338,0.162803,0.01734,-0.162963,0.168468,-0.154473,0.000378,0.009567,16,14,17,15,6,8,11,12,9,13,10,5,7,1,2,4,3
2022-11-30,0.409605,0.402796,-0.200323,0.206972,-0.004909,0.00603,-0.196309,0.009063,0.013822,0.009215,0.198421,-0.003335,-0.202633,-0.009758,0.198445,-0.201594,0.187643,-0.000362,-0.005936,3,4,1,2,12,9,6,5,11,7,8,13,10,15,16,14,17
2022-12-01,0.474973,0.459083,0.219591,-0.23421,0.011313,-0.001517,0.226279,0.004752,-0.007381,-0.008976,-0.22272,0.000401,0.240763,-0.013159,-0.22809,0.225184,-0.217359,-0.003293,-0.001715,15,14,17,16,9,10,12,11,5,6,8,13,7,4,3,2,1
2022-12-02,0.059222,0.05804,0.029115,-0.03009,0.000542,-0.000985,0.028193,-0.001791,-0.002469,-0.001218,-0.028532,0.000647,0.029004,0.002286,-0.028247,0.029133,-0.026905,0.000116,0.001222,16,14,17,15,6,9,11,13,8,12,10,5,7,2,1,4,3
2022-12-05,0.052187,0.051041,0.025105,-0.026885,0.000275,-0.001028,0.024583,-0.001534,-0.002254,-0.001452,-0.025346,0.000118,0.025302,0.001141,-0.025299,0.025187,-0.02405,-0.0003,0.000471,16,14,17,15,6,9,11,13,7,12,10,5,8,3,2,4,1
2022-12-06,0.268211,0.25723,0.13208,-0.136132,0.000699,-0.006337,0.121398,-0.016378,-0.016593,-0.005977,-0.126587,0.004191,0.12343,0.016278,-0.124072,0.12939,-0.1166,0.000705,0.007749,16,14,17,15,6,8,10,13,9,12,11,5,7,1,2,4,3
2022-12-07,0.147056,0.140979,0.071933,-0.075124,-0.000858,-0.004104,0.06524,-0.01188,-0.009595,-0.003854,-0.070394,0.001747,0.0654,0.009568,-0.068184,0.071903,-0.064912,-0.00078,0.003312,16,14,17,15,6,8,10,12,9,13,11,5,7,1,2,4,3
2022-12-08,0.121486,0.118746,0.058932,-0.061871,0.000739,-0.001793,0.057423,-0.00313,-0.004435,-0.002781,-0.05849,0.000648,0.059615,0.002813,-0.057768,0.059563,-0.055375,-0.00026,0.00156,16,14,17,15,6,9,11,13,7,12,10,5,8,3,2,4,1
2022-12-09,0.217478,0.211038,0.102145,-0.109194,0.002147,-0.002576,0.103312,-0.000462,-0.006002,-0.005444,-0.103898,-0.000517,0.108284,0.000183,-0.104034,0.104392,-0.099313,-0.001119,0.000922,15,14,17,16,6,10,12,13,5,8,11,7,9,4,2,3,1
2022-12-12,0.027209,0.024975,-0.010336,0.009725,-0.002672,-0.001338,-0.014581,-0.00536,-0.001854,-0.000131,0.010431,0.000528,-0.015144,0.003734,0.012065,-0.011016,0.011689,0.001176,0.001246,3,2,4,1,6,7,9,11,12,13,10,5,8,14,15,16,17
2022-12-13,0.13253,0.128441,0.06028,-0.061951,0.004699,-0.000265,0.066939,0.006485,-0.000699,-0.002953,-0.062389,-0.001707,0.068729,-0.004774,-0.063801,0.061515,-0.061436,-0.002937,-0.001222,16,14,15,17,9,11,12,8,6,5,7,13,10,4,3,2,1
2022-12-14,0.268325,0.260332,-0.130412,0.136646,-0.001169,0.004936,-0.1252,0.010009,0.009247,0.006457,0.127979,-0.002323,-0.129467,-0.009053,0.124814,-0.131679,0.120525,-0.000849,-0.00507,2,4,1,3,12,9,7,6,10,5,8,13,11,16,17,14,15
2022-12-15,0.224153,0.216873,0.108282,-0.11403,0.000793,-0.004191,0.10377,-0.008496,-0.007874,-0.005588,-0.106639,0.001921,0.107675,0.007736,-0.103871,0.110123,-0.100505,0.000327,0.004541,16,14,17,15,6,9,11,12,8,13,10,5,7,2,1,4,3
2022-12-16,0.227811,0.219464,-0.102609,0.103678,-0.006692,0.000569,-0.115237,-0.008726,0.001229,0.004451,0.108343,0.00345,-0.117129,-0.002007,0.110682,-0.101502,0.104391,0.006544,0.007098,2,3,4,1,5,6,7,9,12,13,10,11,8,15,14,16,17
2022-12-19,0.060807,0.056359,-0.024188,0.024953,-0.003028,-0.000815,-0.031183,-0.005068,-0.000759,0.001421,0.026726,0.001982,-0.029223,0.002139,0.029623,-0.022238,0.028132,0.003631,0.004793,3,2,4,1,5,6,9,10,12,13,11,7,8,15,14,17,16
2022-12-20,0.043986,0.03925,0.020718,-0.021983,-0.001242,-0.001978,0.015078,-0.005395,-0.002677,-0.001178,-0.019046,0.001382,0.017866,0.002948,-0.016136,0.022003,-0.015333,0.002206,0.004146,16,14,17,15,5,7,9,12,10,13,11,6,8,2,1,4,3
2022-12-21,0.158719,0.155225,-0.076709,0.080894,-0.00063,0.003101,-0.075193,0.004011,0.005161,0.004432,0.0772,-0.000256,-0.077639,-0.003321,0.075408,-0.077825,0.073488,0.000858,-0.001679,2,4,1,3,12,9,6,5,11,7,8,13,10,15,17,14,16
2022-12-22,0.094257,0.090128,0.041253,-0.041274,0.003997,0.000915,0.048491,0.006945,0.000554,-0.002074,-0.042873,-0.001147,0.047628,-0.002195,-0.045766,0.039291,-0.044374,-0.003791,-0.004305,15,16,14,17,13,12,10,8,6,5,7,11,9,3,4,1,2
2022-12-23,0.111019,0.103578,0.051634,-0.057835,-0.000595,-0.003223,0.046575,-0.007437,-0.006584,-0.002034,-0.049853,0.001298,0.047653,0.006891,-0.046662,0.053184,-0.050573,0.00016,0.006665,15,16,17,14,6,8,10,12,9,13,11,5,7,2,1,4,3
2022-12-27,0.199163,0.191069,-0.094957,0.101715,-0.000782,0.00373,-0.091932,0.006665,0.007386,0.004557,0.093749,-0.002016,-0.093019,-0.006766,0.091512,-0.097449,0.092317,0.001365,-0.006381,2,3,1,4,12,9,7,5,10,6,8,13,11,16,17,14,15
2022-12-28,0.02481,0.023684,-0.011488,0.011019,-0.000569,-0.000232,-0.012258,-0.000788,-0.000334,0.000567,0.01147,-0.000101,-0.012935,0.00013,0.011875,-0.011494,0.010554,0.000141,0.000702,2,4,3,1,5,7,6,11,12,13,10,8,9,14,15,16,17
2022-12-29,0.03404,0.028996,0.01499,-0.018644,-0.000304,-0.00129,0.009785,-0.006564,-0.004531,0.000649,-0.013516,0.001568,0.008758,0.005914,-0.009239,0.015395,-0.014657,0.002177,0.008622,15,16,17,14,5,7,9,12,10,13,11,6,8,2,1,3,4
2022-12-30,0.024332,0.020152,-0.010123,0.014209,0.001225,0.001392,-0.007931,0.006713,0.005859,-0.001189,0.00816,-0.001758,-0.007691,-0.003462,0.003671,-0.009469,0.010563,-0.001378,-0.006772,3,2,1,6,13,10,9,5,8,4,7,12,11,17,16,15,14
2023-01-04,0.086518,0.084567,-0.04073,0.040972,-0.001377,0.000815,-0.043002,-0.000986,0.000824,0.003363,0.043041,0.000231,-0.04244,0.000673,0.043516,-0.039729,0.040445,0.001337,0.001653,2,4,3,1,6,7,5,8,13,12,9,10,11,15,14,17,16
2023-01-05,0.236139,0.22655,-0.112814,0.119923,-0.000619,0.001801,-0.108872,0.007289,0.007904,0.004498,0.110688,-0.001397,-0.116217,-0.006389,0.106023,-0.113985,0.105927,-0.000949,-0.005793,2,4,1,3,12,10,7,5,9,6,8,13,11,15,16,14,17
2023-01-06,0.291285,0.287182,-0.140329,0.139836,-0.003177,0.002074,-0.144763,0.003095,0.004019,0.011786,0.146523,0.001177,-0.144525,-0.000553,0.14557,-0.136527,0.139277,0.00533,0.002497,1,4,3,2,9,6,5,7,13,8,10,12,11,15,14,17,16
2023-01-10,0.038617,0.027937,0.006703,-0.004855,0.002204,-0.002308,0.01372,0.000428,0.003833,-0.01066,-0.011415,0.000534,0.009426,-0.003284,-0.024897,-0.00059,0.013694,0.002102,-0.008639,16,2,13,17,14,7,15,5,6,9,11,12,8,4,10,1,3
2023-01-11,0.070867,0.06864,-0.033347,0.035046,0.000248,0.000192,-0.031213,0.001812,0.003448,-0.000269,0.033124,0.000787,-0.033537,-0.002885,0.028241,-0.033725,0.037141,0.000833,-0.002989,3,1,2,4,13,7,11,5,9,6,10,12,8,15,17,14,16
2023-01-12,0.214611,0.210042,-0.10356,0.105949,7.8e-05,0.000976,-0.099665,0.004243,0.009505,0.001865,0.102327,0.001328,-0.105691,-0.008217,0.091146,-0.103677,0.10892,0.000818,-0.005742,3,1,2,4,12,10,7,5,11,6,9,13,8,15,16,14,17
2023-01-13,0.40388,0.401469,-0.198292,0.199769,-0.001342,0.002561,-0.202126,0.004914,0.013019,0.010773,0.201754,0.002145,-0.201957,-0.013223,0.194885,-0.194846,0.200509,0.004045,-0.004988,1,2,3,4,12,8,6,5,11,7,9,13,10,15,14,17,16
2023-01-17,0.021689,0.021164,0.01007,-0.010543,-3.4e-05,-0.000365,0.010702,-0.000362,-0.000829,-0.001029,-0.010793,-0.000296,0.010351,0.00058,-0.010987,0.009904,-0.010589,-0.00056,-4.6e-05,16,15,14,17,7,11,13,12,6,9,10,5,8,3,4,1,2
2023-01-18,0.08543,0.082338,0.039915,-0.041683,0.000615,0.001502,0.037246,-0.002207,-0.004972,0.001422,-0.038961,-0.000301,0.041025,0.002375,-0.032231,0.041804,-0.043626,0.000189,0.0038,15,17,16,14,5,10,8,13,9,12,7,6,11,3,1,4,2
2023-01-19,0.3323,0.311544,-0.149686,0.1449,-0.004416,0.005568,-0.165565,0.001809,0.004107,0.016852,0.154416,-0.001464,-0.153332,-0.015817,0.166735,-0.139674,0.138176,0.003769,0.001417,2,4,3,1,10,8,5,7,12,9,6,13,11,15,14,17,16
2023-01-20,0.141684,0.133807,-0.06345,0.064711,0.001302,0.004884,-0.069423,0.00335,0.003029,0.008977,0.06718,0.001064,-0.064396,-0.003874,0.072261,-0.061,0.05709,0.000759,0.001658,2,4,3,1,9,12,5,8,10,7,6,13,11,15,14,17,16
2023-01-23,0.095824,0.083904,-0.037529,0.039669,-0.006247,-0.005611,-0.02973,0.000468,0.007032,-0.002657,0.037643,0.002711,-0.041047,-0.006588,0.029056,-0.042438,0.053386,0.007041,-0.005019,3,1,2,4,10,5,9,6,12,8,11,13,7,15,17,14,16
2023-01-24,0.070458,0.064912,0.031364,-0.029201,-0.001904,-0.00322,0.035721,-0.00108,0.000455,-0.00395,-0.032494,0.000344,0.031219,0.000854,-0.034737,0.029084,-0.024497,0.001522,-0.000198,16,14,15,17,9,5,13,7,11,10,12,6,8,2,4,1,3
2023-01-25,0.012951,0.011895,0.005465,-0.006029,0.00047,0.000426,0.004856,-0.000345,-0.001078,-0.000173,-0.005629,-0.000426,0.005609,0.000519,-0.004858,0.005818,-0.007133,-0.000779,0.000285,15,17,16,14,8,12,9,13,6,10,7,5,11,3,1,4,2
2023-01-26,0.201346,0.198087,-0.097336,0.096396,-0.00148,0.001358,-0.101197,0.002193,0.006487,0.00723,0.100148,0.00139,-0.100405,-0.006921,0.097906,-0.097045,0.097269,0.002397,-0.002786,1,3,4,2,12,7,5,6,11,8,10,13,9,15,14,17,16
2023-01-27,0.312973,0.304129,-0.147398,0.151409,-0.00318,-0.002082,-0.147202,0.00385,0.014164,0.007802,0.149008,0.002458,-0.15189,-0.010206,0.144821,-0.151599,0.161084,0.010238,-0.005417,3,1,2,4,12,6,7,5,11,8,10,13,9,15,16,14,17
2023-01-30,0.025092,0.023639,0.011577,-0.011535,0.000641,0.000863,0.011271,0.000161,-0.000889,0.000277,-0.010702,0.000167,0.012013,0.001098,-0.01036,0.012265,-0.012826,-0.000622,0.000632,15,17,16,14,8,12,9,13,7,11,6,5,10,3,1,4,2
2023-01-31,0.141577,0.127521,0.059244,-0.064306,0.003158,0.003934,0.055175,-0.000311,-0.009855,0.001907,-0.056183,-0.000271,0.061252,0.004151,-0.053877,0.065434,-0.076144,-0.008895,0.00142,15,17,16,14,9,12,8,13,7,11,6,5,10,3,1,4,2
2023-02-01,0.036074,0.023479,-0.005848,0.011145,-0.003749,-0.007574,0.00156,-0.002429,0.006792,-0.008219,-0.001745,-0.001391,-0.006552,-0.00226,-0.000885,-0.013277,0.022797,0.007424,-0.001156,9,1,2,6,7,3,16,4,12,11,15,10,8,13,17,5,14
2023-02-02,0.381654,0.373591,0.18516,-0.18127,0.004913,-0.003711,0.18517,-0.003542,-0.009712,-0.01398,-0.188749,-0.002597,0.192905,0.016192,-0.183816,0.181587,-0.184973,-0.0064,0.004111,17,16,14,15,7,11,13,12,6,9,10,5,8,3,4,2,1
2023-02-03,0.038734,0.030038,-0.012384,0.016643,-0.000653,-0.003674,-0.010897,-0.00106,0.005033,-0.002806,0.010442,0.000232,-0.01134,-0.002427,0.011013,-0.016832,0.021902,0.003922,-0.002344,4,1,2,3,10,6,12,5,8,9,13,11,7,16,17,14,15
2023-02-06,0.019628,0.018292,-0.005201,0.000864,0.001489,0.008314,-0.009465,0.002882,-0.005405,0.006405,0.009773,9.9e-05,-0.009319,0.001883,0.010163,0.00246,-0.007843,-0.004755,0.004322,2,15,10,1,5,12,4,14,9,6,3,8,11,13,7,17,16
2023-02-07,0.141344,0.135176,0.066974,-0.0671,0.002147,0.002195,0.064606,-0.000598,-0.006474,-0.001127,-0.064394,-0.001086,0.065716,0.00633,-0.062121,0.068413,-0.072931,-0.004804,0.002558,15,17,16,14,6,12,11,13,8,9,7,5,10,2,1,4,3
2023-02-08,0.254123,0.245148,-0.119849,0.122212,-0.003404,-0.003508,-0.116634,0.002616,0.012088,0.003514,0.119371,0.002166,-0.119889,-0.011436,0.113829,-0.122587,0.131536,0.008924,-0.004677,3,1,2,4,12,6,7,5,10,8,11,13,9,15,17,14,16
2023-02-09,0.167742,0.159898,-0.085457,0.06866,-0.001228,0.012443,-0.079967,0.005112,-0.002676,0.011211,0.082285,0.001962,-0.082805,-0.002991,0.080521,-0.071167,0.067702,-0.001789,0.006428,1,4,3,2,7,11,6,12,10,8,5,13,9,17,14,15,16
2023-02-10,0.038729,0.026905,0.00454,-0.015163,0.000395,0.011336,0.008079,0.002521,-0.007409,0.006418,-0.00654,-0.000606,0.006298,0.00556,-0.002154,0.016114,-0.022616,-0.006245,0.007888,14,17,16,12,4,13,5,15,10,9,2,7,11,8,1,3,6
2023-02-13,0.108627,0.104041,0.056421,-0.04527,0.001662,-0.007005,0.051384,-0.002165,0.002191,-0.005692,-0.052206,-0.000311,0.055008,0.00281,-0.051835,0.048422,-0.043424,0.001897,-0.003287,17,14,15,16,11,7,12,6,8,10,13,5,9,1,4,3,2
2023-02-14,0.258783,0.250376,0.132137,-0.118232,0.004074,-0.009864,0.121403,-0.005846,0.000992,-0.010519,-0.126646,-0.004366,0.130072,0.006293,-0.122637,0.118468,-0.116488,-0.001209,-0.00534,17,14,15,16,10,8,13,7,6,11,12,5,9,1,4,3,2
2023-02-15,0.110816,0.10764,-0.054784,0.050887,-0.000108,0.003959,-0.051121,-1.4e-05,-0.001091,0.003346,0.055037,0.001098,-0.055778,-0.001987,0.054932,-0.050933,0.051268,0.00177,0.002813,1,3,4,2,7,8,6,12,11,10,5,13,9,16,14,15,17
2023-02-16,0.103422,0.10203,0.0515,-0.049704,0.000645,-0.00084,0.049336,0.000363,-0.000293,-0.001852,-0.050866,1.6e-05,0.052468,0.002232,-0.050474,0.049828,-0.050954,-0.001605,-0.000761,16,17,14,15,10,12,13,9,6,7,11,5,8,2,3,4,1
2023-02-17,0.095109,0.078566,-0.037873,0.031837,0.000965,0.010911,-0.03134,-0.005663,-0.011731,0.001799,0.039539,-0.000214,-0.046076,0.003682,0.049033,-0.030583,0.02139,-0.004972,0.010095,2,4,3,1,6,11,8,13,9,12,5,7,10,16,14,15,17
2023-02-21,0.782745,0.764169,0.381242,-0.377304,0.004122,0.005434,0.372352,-0.00409,-0.018547,-0.014252,-0.375943,-0.002492,0.380218,0.021911,-0.362484,0.376299,-0.401503,-0.021872,0.005164,15,17,16,14,7,13,11,12,8,10,6,5,9,1,3,4,2
2023-02-22,0.046912,0.038164,0.000587,-0.010203,-0.001844,0.016843,0.008595,-0.004573,-0.017375,-0.000701,0.005198,-0.002446,-0.015488,0.009639,0.019409,0.010913,-0.027504,-0.008107,0.017873,7,17,14,1,2,13,9,16,10,12,3,5,11,8,4,6,15
2023-02-24,0.055775,0.053706,-0.027237,0.025801,-0.00029,0.001088,-0.025314,-0.00083,-0.000963,0.000515,0.026424,-0.000139,-0.028688,-0.000943,0.027087,-0.025882,0.02477,0.000413,0.001486,2,4,3,1,5,8,7,13,10,11,6,12,9,16,15,14,17
2023-02-27,0.310062,0.302389,-0.152092,0.147755,0.000344,0.004209,-0.143058,-0.00227,-0.003396,0.003672,0.150277,-0.000479,-0.158291,-0.008129,0.151771,-0.146981,0.146807,0.007571,0.006591,2,4,3,1,6,5,8,12,9,11,7,13,10,16,15,14,17
2023-02-28,0.156864,0.151043,-0.075172,0.074448,7.9e-05,-0.002596,-0.074215,3.3e-05,0.00237,0.002037,0.073374,0.001453,-0.073869,-0.004143,0.068699,-0.074226,0.081693,0.005413,-0.001756,3,1,2,4,11,5,7,6,9,10,12,13,8,17,16,15,14
2023-03-01,0.405812,0.398037,-0.200207,0.195707,0.002675,-9.8e-05,-0.19393,-0.002834,-0.002473,0.005438,0.196931,-0.001016,-0.205482,-0.009777,0.193994,-0.195454,0.20033,0.01177,0.004169,2,1,3,4,7,5,6,11,8,12,9,13,10,16,15,14,17
2023-03-02,0.404817,0.39667,-0.199271,0.195424,0.002028,-0.000528,-0.193774,-0.002576,-0.002959,0.005254,0.195739,-0.000169,-0.203641,-0.009508,0.190868,-0.194758,0.201176,0.012107,0.004266,2,1,3,4,7,5,6,12,8,11,10,13,9,16,15,14,17
2023-03-03,0.409302,0.397348,0.193725,-0.196931,-0.001867,-0.003706,0.191377,0.002328,0.005196,-0.007551,-0.196586,0.002829,0.208942,0.009926,-0.20036,0.195501,-0.187996,-0.009423,-0.00864,15,14,16,17,12,13,11,6,9,8,10,5,7,3,2,4,1
2023-03-06,0.081801,0.060568,-0.028482,0.025145,-0.001257,-0.012539,-0.02973,0.00462,0.012848,9.5e-05,0.020421,0.004713,-0.012401,-0.001979,0.00623,-0.025855,0.052071,0.006152,-0.015606,3,1,2,5,14,6,9,4,10,8,13,11,7,16,15,17,12
2023-03-07,0.35582,0.347114,0.172378,-0.17033,0.000262,0.004676,0.170429,-0.001912,-0.001762,-0.007306,-0.170416,-0.000198,0.172398,0.010533,-0.16338,0.174331,-0.18149,-0.010973,0.002973,16,17,15,14,7,13,12,10,8,11,6,5,9,3,1,4,2
2023-03-08,0.263749,0.234231,0.112877,-0.110896,-0.00056,0.016662,0.116523,-0.00064,-0.010815,-0.005437,-0.106924,-0.008603,0.093896,0.013617,-0.086678,0.108245,-0.147225,-0.009747,0.021634,15,17,16,14,5,12,10,13,8,9,6,7,11,2,3,1,4
2023-03-09,0.072808,0.071361,0.035391,-0.034736,0.000382,-0.000571,0.034239,-1.8e-05,0.000937,-0.001212,-0.034694,0.001223,0.037386,0.001759,-0.035422,0.036453,-0.032983,-0.001662,-0.001357,15,14,16,17,12,13,11,7,8,9,10,5,6,3,2,4,1
2023-03-10,0.660061,0.622857,0.305631,-0.301942,0.004918,0.018259,0.308937,0.000351,-0.018046,-0.016453,-0.299756,-0.00823,0.293664,0.029627,-0.270813,0.301181,-0.351124,-0.019242,0.028159,15,17,16,14,6,13,11,12,8,9,7,5,10,2,3,1,4
2023-03-13,0.345405,0.321888,0.15583,-0.15802,0.004376,0.013343,0.158371,-0.002472,-0.012015,-0.009976,-0.15311,-0.006061,0.141903,0.017515,-0.133748,0.153299,-0.187034,-0.00907,0.018315,15,17,16,14,5,11,12,13,8,9,7,6,10,2,3,1,4
2023-03-14,1.038518,1.018367,0.510115,-0.501288,0.011847,0.010682,0.501276,-0.006092,-0.008563,-0.017895,-0.497217,-0.001043,0.511698,0.026771,-0.484629,0.507963,-0.52682,-0.033897,0.009364,15,17,16,14,8,13,12,11,6,10,7,5,9,2,3,4,1
2023-03-15,0.143096,0.127493,0.055591,-0.05838,-0.00496,-0.009946,0.051146,-0.00229,0.008187,-0.004023,-0.05879,0.006107,0.071908,0.000538,-0.071188,0.066621,-0.036568,0.000293,-0.016017,16,14,15,17,13,8,10,5,11,9,12,7,6,3,2,4,1
2023-03-16,1.271763,1.241296,0.619552,-0.602555,-0.005042,0.011662,0.620764,-0.015812,-0.020457,-0.033898,-0.609684,-0.010591,0.620333,0.047498,-0.596874,0.616228,-0.650999,-0.050646,0.017306,16,17,15,14,6,13,12,11,8,10,7,5,9,3,4,1,2
2023-03-17,0.084719,0.07356,0.035733,-0.031009,-0.006624,-0.008078,0.032005,-0.004043,0.005975,-0.002767,-0.029707,0.005186,0.041363,0.003874,-0.043356,0.039511,-0.022417,-0.005045,-0.010809,15,14,16,17,13,10,8,5,11,9,12,7,6,3,2,4,1
2023-03-20,0.330991,0.319168,0.157125,-0.157568,0.00841,0.010593,0.159977,-0.001996,-0.006984,-0.007041,-0.160111,-0.009136,0.151709,0.009796,-0.141351,0.148948,-0.171014,-0.004,0.013424,16,17,15,14,5,10,12,11,8,9,6,7,13,2,4,1,3
2023-03-22,0.043935,0.034044,-0.014018,0.01681,-0.006638,-0.009134,-0.018301,-0.001202,0.005689,-0.001241,0.018234,0.007087,-0.004698,-0.004959,0.003483,-0.008185,0.025634,-0.004424,-0.008535,2,1,3,6,14,9,8,5,12,7,15,11,4,16,13,17,10
2023-03-23,0.166027,0.148679,0.070102,-0.07857,0.012129,0.015726,0.077052,-0.001421,-0.010462,-0.00139,-0.072012,-0.009031,0.05331,0.009183,-0.05386,0.059326,-0.088975,0.003134,0.014438,15,17,16,14,6,9,10,13,7,11,5,8,12,2,3,1,4
2023-03-24,0.133129,0.13055,0.06511,-0.065155,0.000398,0.001876,0.065739,-0.001938,-0.002619,-0.003099,-0.063231,-0.000257,0.065024,0.00418,-0.062131,0.063878,-0.06739,-0.003503,0.001671,15,17,16,14,7,13,12,11,8,10,6,5,9,2,4,1,3
2023-03-27,0.533938,0.517525,0.257159,-0.252283,-0.008255,-0.009698,0.250885,-0.011385,-0.002174,-0.018755,-0.248416,0.004422,0.275698,0.014799,-0.25824,0.260778,-0.244638,-0.020613,0.000395,15,14,16,17,7,13,12,8,9,11,10,5,6,3,2,4,1
2023-03-28,0.273755,0.270362,-0.135292,0.134439,-0.000913,-0.004441,-0.136349,0.00512,0.006664,0.007153,0.132116,0.002901,-0.135485,-0.008953,0.127315,-0.131541,0.137406,0.004842,-0.00219,3,1,2,4,11,8,5,6,10,7,12,13,9,15,14,17,16
2023-03-29,0.236913,0.233338,-0.116567,0.116004,0.001558,0.000272,-0.115737,0.005658,0.005134,0.0082,0.114793,0.003078,-0.119996,-0.006872,0.113301,-0.114403,0.116917,0.007115,0.000181,3,1,2,4,12,6,5,8,10,7,11,13,9,16,14,15,17
2023-03-30,0.137043,0.12669,-0.059395,0.066008,-0.004334,-0.012686,-0.065079,0.003737,0.007534,3.5e-05,0.062399,0.003172,-0.049421,-0.00187,0.050369,-0.055226,0.071964,-0.004299,-0.002687,3,1,2,4,10,11,8,5,12,6,13,9,7,16,15,17,14
2023-03-31,0.073083,0.067373,0.033915,-0.030299,-0.001818,-0.005207,0.03077,8.3e-05,0.000408,-0.0038,-0.031025,0.001181,0.037661,0.003015,-0.035423,0.03364,-0.030456,-0.006347,0.000125,16,15,14,17,8,13,11,7,10,9,12,5,6,2,3,4,1
2023-04-03,0.029857,0.025615,-0.007115,0.013786,-0.005051,-0.01424,-0.014589,0.003146,0.003995,-0.003766,0.011051,0.003389,-0.001334,0.001302,-0.000935,-0.007675,0.015268,-0.007909,-0.000875,3,1,2,9,8,15,11,4,12,6,16,7,5,13,14,17,10
2023-04-04,0.228012,0.22466,-0.112098,0.111975,-0.000424,-0.003651,-0.113296,0.005244,0.00562,0.005198,0.1094,0.002154,-0.112496,-0.008514,0.106577,-0.109761,0.114716,0.003508,-0.002292,3,1,2,4,11,8,7,5,10,6,12,13,9,15,14,17,16
2023-04-05,0.320604,0.313802,0.153977,-0.158425,-0.000676,0.005905,0.158183,-0.007857,-0.008998,-0.007109,-0.152495,-0.003027,0.155905,0.010616,-0.148026,0.149404,-0.162422,-0.005595,0.003235,15,17,16,14,7,10,11,13,8,12,6,5,9,3,4,1,2
2023-04-06,0.452069,0.442124,0.220365,-0.219682,-0.0015,-0.000127,0.219609,-0.007762,-0.008296,-0.012973,-0.214648,-0.002619,0.229039,0.015964,-0.214032,0.217167,-0.22303,-0.014636,0.001913,15,17,16,14,6,13,12,11,8,10,7,5,9,2,4,3,1
2023-04-10,0.178806,0.174477,0.086216,-0.087971,-0.000693,-0.003042,0.084171,-0.002422,-0.003358,-0.005891,-0.08515,0.000383,0.090835,0.005022,-0.086237,0.087023,-0.084877,-0.004847,0.000294,15,14,17,16,7,12,13,11,8,9,10,5,6,3,2,4,1
2023-04-11,0.26782,0.260877,-0.129319,0.13354,0.000464,0.000957,-0.129364,0.004243,0.007703,0.008459,0.128298,-0.001541,-0.13428,-0.007054,0.126573,-0.126394,0.12783,0.002871,-0.003481,2,3,1,4,12,8,5,6,10,7,9,13,11,15,14,16,17
2023-04-12,0.302746,0.296238,-0.147465,0.150451,-0.00116,-0.001019,-0.14944,0.003299,0.007231,0.007912,0.144649,-0.002646,-0.152296,-0.008962,0.14283,-0.143954,0.144412,0.001255,-0.00451,2,3,1,4,12,8,5,6,10,7,9,13,11,15,14,16,17
2023-04-13,0.160783,0.154813,-0.07764,0.076834,0.000595,0.002521,-0.074204,0.001179,0.001727,0.005265,0.074068,-0.001364,-0.083949,-0.004585,0.074993,-0.076955,0.0733,0.005094,-0.002089,3,4,1,2,12,6,5,8,10,9,7,13,11,16,15,14,17
2023-04-14,0.205213,0.196008,0.097685,-0.094447,-0.002965,-0.007959,0.087324,-0.001381,-0.001602,-0.009974,-0.093154,0.001451,0.110766,0.005079,-0.094337,0.097635,-0.089187,-0.011902,0.001531,15,14,17,16,6,13,12,9,10,8,11,5,7,2,3,4,1
2023-04-17,0.360777,0.349078,-0.173671,0.176395,0.002669,0.006361,-0.169804,0.004755,0.005078,0.012611,0.170346,-0.001304,-0.184382,-0.006044,0.171764,-0.170677,0.166104,0.010126,-8.1e-05,3,4,1,2,11,6,5,8,10,9,7,13,12,16,15,14,17
2023-04-18,0.150738,0.144401,-0.071381,0.075101,-0.00173,-0.00228,-0.075637,0.002688,0.002141,0.001424,0.070531,0.000229,-0.070029,-0.002383,0.070401,-0.067598,0.070524,-0.003046,-0.000398,2,3,1,4,9,13,7,6,10,5,11,12,8,16,14,17,15
2023-04-19,0.237166,0.230818,-0.114007,0.118222,0.00117,0.00261,-0.113988,0.004487,0.003868,0.00733,0.113605,0.000212,-0.118945,-0.002822,0.113686,-0.110855,0.112083,0.004145,0.000461,3,4,1,2,11,7,5,8,10,6,9,13,12,16,14,15,17
2023-04-20,0.018147,0.017715,0.008326,-0.009531,-0.00053,-0.000611,0.008393,-0.000836,-0.000769,-0.001025,-0.009154,-0.000456,0.008616,-0.000214,-0.009126,0.00804,-0.008996,-0.000705,-0.000501,16,14,17,15,7,10,13,11,8,12,9,5,6,3,4,2,1
2023-04-21,0.057467,0.052751,0.024957,-0.02858,0.00124,0.002603,0.028887,-0.002285,-0.000916,0.000633,-0.026419,-0.001812,0.022261,-0.00081,-0.024901,0.024038,-0.025372,0.00482,-0.000561,16,15,17,14,9,5,8,11,7,13,6,10,12,2,3,1,4
2023-04-24,0.349891,0.339242,0.169,-0.172957,-0.001029,-0.00318,0.168088,-0.005884,-0.005704,-0.011242,-0.165068,0.002276,0.176933,0.006175,-0.165679,0.163831,-0.162945,-0.007837,0.000386,15,14,17,16,7,12,13,10,8,11,9,5,6,2,4,3,1
2023-04-25,0.050209,0.047435,-0.023082,0.025025,-0.000658,-0.001276,-0.025184,0.001441,0.000324,0.00011,0.023663,0.000669,-0.021968,-0.000262,0.023079,-0.022165,0.023185,-0.00206,-0.0,2,3,1,4,9,13,8,7,11,5,12,10,6,16,15,17,14
2023-04-26,0.162406,0.150631,0.071358,-0.081128,0.002551,0.006676,0.081279,-0.006381,-0.001077,0.002117,-0.076029,-0.003453,0.063063,-0.001517,-0.073192,0.067965,-0.074134,0.01166,-0.001214,16,15,17,14,10,5,8,9,7,13,6,11,12,2,3,1,4
2023-04-27,0.203227,0.190542,-0.095195,0.093049,0.002413,0.008531,-0.087264,0.003171,0.003896,0.011102,0.088816,-0.001542,-0.110178,-0.005994,0.091242,-0.091997,0.089964,0.016592,-0.000405,4,3,1,2,11,5,6,8,10,9,7,13,12,16,15,14,17
2023-04-28,0.053272,0.029938,0.006543,-0.001933,-0.00821,-0.013902,-0.002249,0.002746,-0.001088,-0.006564,0.001156,0.002309,0.029971,0.005812,-0.005608,0.007887,-0.004272,-0.023301,-0.004267,7,12,9,13,11,17,14,8,15,5,16,4,6,3,2,10,1
2023-05-01,0.237604,0.231997,-0.115276,0.119516,-0.003271,-0.006547,-0.118089,0.009276,0.005692,0.005307,0.117442,-0.000172,-0.108116,-0.00485,0.111784,-0.113332,0.112336,-0.007477,-0.00301,2,3,1,4,9,13,7,6,10,5,12,11,8,16,15,17,14
2023-05-02,0.219475,0.214459,0.106856,-0.109486,0.000641,-0.000438,0.106585,-0.005465,-0.005292,-0.005847,-0.105909,0.000939,0.109989,0.004465,-0.104553,0.103875,-0.103813,-0.002166,0.001478,16,14,17,15,6,10,13,11,8,12,9,5,7,2,4,3,1
2023-05-08,0.379199,0.370059,0.183656,-0.19186,0.003281,0.007185,0.187339,-0.015207,-0.010291,-0.009837,-0.187332,-0.000813,0.177508,0.005926,-0.178194,0.179171,-0.180818,0.007656,0.001844,16,15,17,14,9,5,11,12,8,13,6,7,10,2,3,1,4
2023-05-09,0.137341,0.133306,-0.066095,0.067847,0.0005,0.000834,-0.06721,0.002682,0.003462,0.00305,0.064151,-0.000506,-0.069494,-0.003317,0.065121,-0.064446,0.06388,0.003081,-0.00123,3,4,1,2,12,6,7,5,10,8,9,13,11,15,14,16,17
2023-05-10,0.192188,0.185117,-0.091199,0.09444,0.002154,0.00344,-0.091882,0.003506,0.005978,0.00522,0.088546,0.000113,-0.097748,-0.004364,0.091441,-0.088348,0.088642,0.007852,-0.001303,4,3,1,2,12,5,7,6,10,8,9,13,11,15,14,16,17
2023-05-11,0.214081,0.20695,0.102105,-0.106225,-0.002001,-0.002841,0.104526,-0.003546,-0.006227,-0.00487,-0.098108,0.000195,0.107857,0.004767,-0.101513,0.099139,-0.098625,-0.007114,0.001564,14,15,17,16,6,13,11,12,8,10,9,5,7,3,4,2,1
2023-05-12,0.070496,0.068139,0.033186,-0.035573,0.000305,0.001513,0.034923,-0.003647,-0.000741,-0.001494,-0.03416,0.000535,0.031981,0.000419,-0.033251,0.032895,-0.033681,0.002143,0.000187,16,15,17,14,10,5,12,11,9,13,6,8,7,2,3,1,4
2023-05-15,0.008048,0.007688,-0.003746,0.003912,-0.0003,-0.00066,-0.004136,0.000587,-8.1e-05,-5.2e-05,0.003881,-0.000217,-0.003366,-9.1e-05,0.003501,-0.003842,0.003547,-0.001075,-4.4e-05,2,3,1,4,6,13,7,8,11,5,12,9,10,15,16,17,14
2023-05-16,0.439019,0.427338,-0.212954,0.222653,0.003063,0.000789,-0.215194,0.010266,0.009202,0.011255,0.204071,6.8e-05,-0.216366,-0.008299,0.209133,-0.204556,0.205714,0.00756,-0.003378,4,3,1,2,12,8,5,7,9,6,10,13,11,15,14,16,17
2023-05-17,0.067757,0.064142,0.029671,-0.035135,0.003156,0.00785,0.031297,-0.007858,0.000728,0.001172,-0.033409,0.002206,0.023626,-0.001362,-0.029261,0.032623,-0.030291,0.013683,-0.001285,16,15,17,14,11,5,9,10,7,13,6,12,8,3,1,2,4
2023-05-18,0.532397,0.51391,-0.254331,0.274108,0.000304,-0.005027,-0.258289,0.021844,0.009809,0.010922,0.247476,0.001119,-0.25398,-0.004432,0.253546,-0.246293,0.246875,-0.000904,0.002121,3,4,1,2,8,11,6,7,10,5,13,12,9,16,14,17,15
2023-05-19,0.183474,0.178864,-0.088954,0.09452,0.000551,-0.001633,-0.088841,0.009732,0.00342,0.004228,0.087873,0.00329,-0.086558,0.001485,0.089847,-0.083785,0.087436,-0.000275,0.002224,3,4,1,2,9,12,6,7,11,5,13,10,8,17,14,16,15
2023-05-22,0.059184,0.057154,-0.028826,0.029019,-0.000136,0.000238,-0.0288,0.001151,0.00073,0.0016,0.026915,-0.000121,-0.030165,-0.001711,0.027735,-0.027051,0.026638,0.001156,-0.001023,3,4,1,2,12,6,5,8,11,7,9,13,10,16,14,15,17
2023-05-23,0.348223,0.336365,-0.167843,0.172416,0.000686,0.002554,-0.168295,0.008242,0.005411,0.010465,0.159848,0.000944,-0.175806,-0.007888,0.164886,-0.15751,0.158039,0.007988,-0.003947,3,4,1,2,12,7,5,8,11,6,9,13,10,15,14,16,17
2023-05-24,0.313061,0.297014,-0.145135,0.154599,0.005444,0.006648,-0.147968,6.4e-05,0.00748,0.011692,0.136355,-0.000775,-0.158462,-0.009138,0.143495,-0.138822,0.141383,0.017352,-0.006534,4,3,1,2,12,5,6,7,9,10,8,13,11,15,14,16,17
2023-05-25,0.073601,0.067006,-0.031662,0.036428,0.0039,0.00562,-0.032087,-0.00478,0.00415,0.003563,0.024933,-0.001492,-0.037173,-0.004936,0.030287,-0.031223,0.033381,0.011956,-0.003928,4,2,1,3,11,5,9,7,8,12,6,13,10,15,14,16,17
2023-05-26,0.029105,0.028942,0.017215,-0.011626,0.00348,0.003518,0.017171,0.000887,0.00275,0.002441,-0.01171,0.002637,0.017278,0.002946,-0.011827,0.016341,-0.010225,0.004217,0.002473,16,14,15,17,11,5,12,9,7,13,6,8,10,2,4,3,1
2023-05-30,0.043123,0.04013,0.019606,-0.021215,-0.002139,-0.002754,0.021082,0.00692,-0.002007,-0.002325,-0.011616,0.003743,0.021709,0.006509,-0.015084,0.019887,-0.021414,-0.011624,0.006991,13,17,16,15,5,14,11,9,10,6,12,7,8,4,3,2,1
2023-05-31,0.29332,0.28633,-0.142052,0.147684,0.001192,0.001739,-0.142631,0.008076,0.00748,0.009363,0.133993,-0.001114,-0.145636,-0.009603,0.141706,-0.135823,0.139281,0.01062,-0.006844,4,3,1,2,12,5,6,8,10,7,9,13,11,15,14,16,17
2023-06-01,0.431736,0.425199,0.210907,-0.217427,0.00214,-0.001436,0.210951,-0.019888,-0.009476,-0.013754,-0.207795,-0.002829,0.214309,0.007617,-0.214208,0.200597,-0.20344,-0.005979,0.004071,15,14,17,16,6,10,12,11,7,13,8,5,9,3,4,2,1
2023-06-02,0.359268,0.355517,-0.176304,0.178546,-0.00336,-0.000166,-0.17588,0.018997,0.005956,0.010124,0.176553,0.002772,-0.1793,-0.002804,0.179968,-0.166869,0.165361,-0.002123,-0.001932,3,4,2,1,10,11,6,7,13,5,9,12,8,16,14,15,17
2023-06-05,0.43916,0.432455,-0.216088,0.208987,-0.008855,-0.002876,-0.213192,0.029208,-0.0018,0.009766,0.221524,0.007305,-0.217636,0.004784,0.219939,-0.199997,0.195221,-0.015568,0.00586,1,4,3,2,8,13,6,10,12,5,11,9,7,16,14,15,17
2023-06-06,0.050443,0.049402,0.024275,-0.024836,-4.1e-05,-0.000875,0.023462,-0.004316,-0.000941,-0.00217,-0.026168,-0.002086,0.024067,-0.000914,-0.025397,0.022053,-0.023228,0.00024,-0.001914,17,14,15,16,10,5,12,9,6,13,7,8,11,1,4,3,2
2023-06-07,0.637692,0.627645,-0.318495,0.31692,-0.000537,0.003806,-0.308881,0.022221,0.010132,0.015459,0.304777,0.00216,-0.320772,-0.012345,0.31309,-0.295528,0.300808,0.009616,-0.007581,3,4,1,2,12,8,6,7,11,5,9,13,10,16,14,15,17
2023-06-08,0.654863,0.644953,-0.32688,0.325038,-0.002196,0.003309,-0.31725,0.023655,0.009604,0.015762,0.313791,0.001816,-0.329825,-0.013082,0.322075,-0.304187,0.306477,0.008291,-0.006459,3,4,1,2,12,8,6,7,11,5,9,13,10,16,14,15,17
2023-06-09,0.471589,0.461688,0.233432,-0.234531,-0.000559,-0.002789,0.227403,-0.010532,-0.008375,-0.007253,-0.223397,0.003095,0.237059,0.014366,-0.229242,0.217765,-0.222153,-0.011696,0.01018,15,14,17,16,6,13,10,11,8,12,9,5,7,2,4,3,1
2023-06-12,0.093098,0.092234,0.04727,-0.045591,0.001092,0.000722,0.046186,-0.003939,-0.000721,-0.000919,-0.045828,-0.000616,0.046856,0.001711,-0.044971,0.043349,-0.042482,0.000467,0.000141,17,14,16,15,9,8,12,11,6,13,7,5,10,1,4,3,2
2023-06-13,0.210799,0.203319,0.102489,-0.103013,-0.000482,-0.00108,0.100077,-0.000708,-0.002127,-0.001713,-0.096662,0.003486,0.107786,0.009419,-0.098858,0.096747,-0.097733,-0.006528,0.006188,14,15,17,16,6,13,11,12,8,9,10,5,7,2,4,3,1
2023-06-14,0.274495,0.27191,-0.13725,0.135568,1.4e-05,-0.000624,-0.136118,0.014462,0.005886,0.005442,0.137245,0.003285,-0.135872,-0.004091,0.133677,-0.127283,0.1254,-0.001256,0.003222,1,4,2,3,9,12,7,6,10,5,11,13,8,17,14,16,15
2023-06-15,0.114641,0.113871,0.058068,-0.056389,0.00063,0.000508,0.05722,-0.005642,-0.002201,-0.001662,-0.056573,-0.000843,0.057781,0.001833,-0.055582,0.052932,-0.051978,0.000318,-0.000123,17,14,16,15,9,8,11,12,6,13,7,5,10,1,4,3,2
2023-06-16,0.341337,0.32031,0.153403,-0.166682,-0.001009,-0.00534,0.150174,0.002395,-0.007133,-0.002775,-0.151182,0.007172,0.174655,0.006107,-0.156674,0.148676,-0.15934,-0.016156,0.009685,14,16,17,15,5,13,10,12,9,8,11,7,6,2,4,3,1
2023-06-20,0.010588,0.008001,-0.003068,0.004556,-0.001229,-0.000115,-0.00193,-0.003616,-0.001412,-0.001519,0.001472,-0.002521,-0.006032,-0.000916,0.002396,-0.003709,0.003695,0.000646,-0.003018,4,2,1,3,13,5,10,9,8,15,6,7,12,14,16,11,17
2023-06-21,0.120779,0.114597,0.062352,-0.0459,-0.001475,0.004178,0.066593,-0.013247,-0.006857,-0.003052,-0.054116,-0.002037,0.054367,0.004372,-0.054186,0.055927,-0.050616,0.002215,-0.00446,16,15,14,17,11,7,10,12,8,13,6,5,9,2,3,1,4
2023-06-22,0.050451,0.046824,-0.023491,0.023846,-0.001749,-0.001164,-0.022518,-0.002315,-0.001196,-0.001821,0.020879,-0.002749,-0.026605,-0.003394,0.021837,-0.022914,0.021779,-0.000361,-0.003124,4,3,1,2,12,5,9,7,8,10,6,13,11,16,15,14,17
2023-06-23,0.598537,0.587783,0.297221,-0.285631,0.00065,0.000745,0.293005,-0.017824,-0.013961,-0.005633,-0.289473,-0.002347,0.309064,0.012172,-0.287419,0.27642,-0.287169,-0.008395,0.002666,17,15,14,16,6,11,10,12,8,13,7,5,9,2,4,3,1
2023-06-26,0.209299,0.194398,-0.087541,0.106901,-0.000699,0.000594,-0.089169,-0.004426,0.003922,-0.001099,0.09387,-0.007072,-0.102397,-0.007213,0.101933,-0.088402,0.09439,0.002984,-0.003627,4,3,1,2,10,6,9,5,8,11,7,13,12,14,15,16,17
2023-06-27,0.553878,0.540064,-0.271888,0.261072,-0.002476,0.000468,-0.268691,0.015231,0.011351,0.006253,0.267254,0.002966,-0.286624,-0.013706,0.264663,-0.252615,0.260363,0.006433,-0.003087,1,4,3,2,12,7,8,6,11,5,10,13,9,16,14,15,17
2023-06-28,0.209546,0.203425,-0.106183,0.089186,0.001937,0.003541,-0.10369,0.016845,0.007444,0.007895,0.102986,0.010587,-0.106561,-0.001534,0.093717,-0.093431,0.097138,0.004636,0.004827,1,2,4,3,9,10,7,8,12,5,11,13,6,16,14,15,17
2023-06-29,0.425032,0.412911,-0.2023,0.209186,-0.001486,0.002405,-0.202009,0.007643,0.010344,0.003428,0.204423,-0.001491,-0.215846,-0.007751,0.20497,-0.190656,0.202259,0.00456,-0.007144,3,4,1,2,12,7,8,5,10,6,9,13,11,16,14,15,17
2023-06-30,0.494181,0.485342,-0.247296,0.234221,-0.000268,0.003942,-0.244372,0.019941,0.013852,0.008763,0.240773,0.009067,-0.253408,-0.004509,0.232858,-0.225083,0.235956,0.006828,-0.004182,1,2,3,4,12,9,8,6,11,5,10,13,7,16,14,15,17
2023-07-03,0.375291,0.356359,0.168716,-0.187496,-0.002139,-0.001602,0.168356,0.000661,-0.006383,-0.000185,-0.176366,0.004749,0.187795,0.01063,-0.180348,0.163223,-0.172114,-0.000492,0.006498,15,14,17,16,6,10,9,13,12,8,11,5,7,2,4,3,1
2023-07-05,0.137031,0.134707,-0.071104,0.062354,-0.001167,0.000766,-0.068541,0.006439,0.003949,0.0031,0.065927,0.002048,-0.070362,-0.002781,0.061988,-0.062518,0.065833,0.00133,-0.002128,1,2,3,4,12,9,7,6,11,5,10,13,8,17,14,15,16
2023-07-06,0.373396,0.366371,0.184384,-0.179444,-0.00164,-0.005192,0.179973,-0.015527,-0.011928,-0.010492,-0.183463,-0.00558,0.189933,0.003401,-0.176404,0.166966,-0.181916,-0.009176,0.001641,17,16,15,14,6,10,11,12,7,13,8,5,9,2,4,3,1
2023-07-07,0.079908,0.073278,0.043454,-0.022162,0.004166,-0.000926,0.044329,-0.013936,-0.003249,-0.006801,-0.034873,-0.007846,0.037052,-0.003625,-0.024547,0.033156,-0.035578,-0.006749,-0.000172,16,17,14,15,6,10,11,8,5,13,7,9,12,2,4,1,3
2023-07-10,0.954296,0.934052,-0.468892,0.463872,0.004728,0.011277,-0.456943,0.022035,0.023207,0.017965,0.464879,0.001734,-0.489417,-0.018861,0.458153,-0.431788,0.457894,0.009678,-0.013166,1,4,2,3,12,9,7,5,10,6,8,13,11,16,14,15,17
2023-07-11,0.053497,0.050995,-0.026936,0.021773,0.000492,0.00189,-0.026408,0.006159,0.002758,0.003903,0.025678,0.003745,-0.02509,0.002138,0.022311,-0.022126,0.026561,0.003758,0.000442,2,1,4,3,13,7,6,9,12,5,11,10,8,17,14,16,15
2023-07-12,0.380611,0.372632,-0.194815,0.169947,-0.003048,0.003181,-0.1908,0.018803,0.010051,0.01013,0.181845,0.008896,-0.193589,-0.000963,0.171052,-0.171556,0.185796,0.010967,-0.006041,2,1,4,3,13,6,7,8,12,5,10,11,9,17,14,15,16
2023-07-13,0.047193,0.042615,-0.027147,0.011459,-0.002061,0.00051,-0.027096,0.006749,0.001051,0.004626,0.018709,0.004267,-0.022239,0.001835,0.012609,-0.018602,0.020046,0.00284,-0.000946,2,1,4,3,12,8,6,10,13,5,11,9,7,17,14,16,15
2023-07-14,0.133686,0.127931,0.058308,-0.068468,-0.000966,-0.000456,0.055898,0.002101,-0.002843,0.001949,-0.063777,0.002494,0.065218,0.00408,-0.06834,0.059683,-0.061887,0.000225,0.001869,15,14,17,16,9,10,8,13,12,7,11,5,6,3,2,4,1
2023-07-18,0.740182,0.726785,0.366878,-0.357039,0.007325,-0.002465,0.356198,-0.011168,-0.016924,-0.008472,-0.361743,-0.008942,0.378439,0.011417,-0.356007,0.336591,-0.360058,-0.009601,0.014424,17,16,15,14,5,11,9,13,7,12,8,6,10,2,4,3,1
2023-07-19,0.096451,0.094172,-0.048385,0.04366,-0.001187,0.002065,-0.047528,0.004777,0.004069,0.005026,0.047794,0.005475,-0.04705,0.001025,0.043693,-0.040428,0.048066,0.0043,-0.001407,2,1,4,3,13,8,6,9,12,7,10,11,5,17,14,16,15
2023-07-20,0.261187,0.254208,0.12422,-0.131109,0.000527,-0.000978,0.118146,-0.000209,-0.004496,0.000219,-0.127322,0.000346,0.130078,0.004359,-0.131063,0.118831,-0.124008,-0.001325,0.002418,15,14,17,16,6,12,9,13,7,10,11,5,8,2,3,4,1
2023-07-21,0.340913,0.335474,0.1706,-0.164938,0.005615,0.0007,0.164805,0.000504,-0.00433,-0.000853,-0.16617,-0.001654,0.174743,0.007993,-0.165167,0.157155,-0.16181,-0.001267,0.008495,17,14,15,16,5,11,10,13,7,9,8,6,12,2,4,3,1
2023-07-24,0.366996,0.360452,0.179379,-0.180784,0.002441,-0.002365,0.172535,-0.001576,-0.006295,-0.002946,-0.181663,-0.003994,0.18523,0.006034,-0.181766,0.166525,-0.177643,-0.00404,0.006367,16,14,15,17,5,12,10,13,7,8,9,6,11,2,4,3,1
2023-07-25,0.42015,0.412137,-0.20845,0.198044,-0.005184,0.004114,-0.203423,0.004116,0.007243,0.007921,0.207794,0.010528,-0.212356,-0.006488,0.202015,-0.187122,0.202373,0.005785,-0.008458,1,2,4,3,13,8,6,7,11,9,10,12,5,16,14,15,17
2023-07-26,0.049612,0.048522,0.02395,-0.024142,0.000214,-0.000536,0.023253,-0.000265,-0.000801,-0.000522,-0.024649,-0.000704,0.024964,0.000837,-0.024609,0.022398,-0.024008,-0.000426,0.000599,17,14,15,16,6,9,10,13,7,8,11,5,12,2,4,3,1
2023-07-27,0.216878,0.213212,-0.107368,0.104134,-0.00112,0.002433,-0.104904,0.001248,0.004033,0.004333,0.108098,0.002417,-0.10878,-0.003129,0.106352,-0.098438,0.10405,0.001183,-0.003849,1,4,3,2,13,10,5,6,11,9,7,12,8,16,14,15,17
2023-07-28,0.027721,0.022834,0.001713,0.016225,0.005334,-0.000576,0.005422,-0.003658,-0.002452,-0.007294,0.005885,-0.011236,-0.005375,-0.001403,0.016293,-0.011428,0.006024,-0.005504,0.004362,4,3,2,1,7,14,15,11,6,12,9,10,16,8,17,5,13
2023-07-31,0.306149,0.299259,0.147556,-0.151402,0.00067,-0.000157,0.141784,0.002502,-0.003402,0.001025,-0.14981,0.005447,0.152138,0.006391,-0.15401,0.14286,-0.144031,0.003766,0.003611,15,14,16,17,8,7,10,13,11,9,12,5,6,2,3,4,1
2023-08-01,0.605156,0.594214,-0.298162,0.290655,-0.002139,0.004464,-0.292477,0.002248,0.008431,0.009602,0.298242,0.004278,-0.306915,-0.007408,0.294518,-0.271515,0.292327,0.004674,-0.01112,1,3,4,2,13,7,5,6,11,10,8,12,9,16,14,15,17
2023-08-02,0.23049,0.228107,-0.110406,0.117006,0.000991,0.000993,-0.104179,-0.000393,0.004388,0.000737,0.115855,-0.004412,-0.111564,-0.006217,0.118926,-0.110566,0.111863,-0.003332,-0.001083,3,4,2,1,10,11,8,5,7,9,6,13,12,15,16,14,17
2023-08-03,0.320326,0.309993,0.155677,-0.138727,0.001432,-0.008932,0.160419,-0.004031,-0.003018,-0.009442,-0.151254,-0.016459,0.168089,-0.004246,-0.142303,0.123813,-0.152237,-0.016457,0.008639,16,17,14,15,5,12,11,7,6,8,10,9,13,3,4,2,1
2023-08-04,0.32961,0.326478,-0.156723,0.171126,0.003937,0.003066,-0.150901,0.003588,0.00757,0.004808,0.167457,-0.001924,-0.158484,-0.004699,0.170431,-0.155212,0.161377,-0.002232,-0.000106,3,4,1,2,10,12,6,5,7,8,9,13,11,16,15,14,17
2023-08-07,0.330311,0.327035,-0.158488,0.169431,0.002117,0.000966,-0.154143,0.001151,0.005478,0.002499,0.165511,-0.003915,-0.160701,-0.004853,0.16961,-0.157363,0.16117,-0.00384,-0.001576,3,4,2,1,10,11,6,5,7,8,9,13,12,16,15,14,17
2023-08-08,0.025757,0.022607,-0.005714,-0.013435,-0.002417,0.00552,-0.007213,-0.000105,-0.001379,0.004996,-0.000164,0.012322,-0.009435,0.004408,-0.010587,0.012151,-0.001995,0.009891,-0.002894,8,10,17,16,12,3,5,9,11,7,4,6,1,13,2,14,15
2023-08-09,0.324272,0.315219,0.160151,-0.148431,0.002027,-0.007407,0.156103,-0.00102,-0.004641,-0.007885,-0.157833,-0.01143,0.166439,7.4e-05,-0.150983,0.134972,-0.154148,-0.010475,0.005144,17,16,14,15,5,12,11,9,6,8,10,7,13,2,4,3,1
2023-08-10,0.030832,0.024471,-0.008497,0.013884,-4.3e-05,-0.00437,-0.009879,-0.001337,-0.001928,-0.003295,0.009127,-0.007024,-0.007265,-0.00281,0.013979,-0.016852,0.010321,-0.005701,-0.000895,4,3,2,1,6,12,10,8,5,7,11,9,13,15,17,16,14
2023-08-14,0.023297,0.020528,-0.007881,0.011629,0.000952,-0.000817,-0.008434,0.000424,0.000446,-0.000381,0.009969,-0.002087,-0.007514,-0.00037,0.012068,-0.011229,0.010343,-0.001419,0.000354,4,3,2,1,8,12,10,6,5,7,11,9,13,15,17,16,14
2023-08-15,0.188159,0.183318,0.092973,-0.085969,0.003476,-0.000674,0.092249,0.000121,0.000327,-0.001732,-0.091156,-0.002286,0.097002,0.003894,-0.087604,0.082111,-0.088969,-0.001863,0.00462,17,16,14,15,5,12,11,8,7,9,10,6,13,2,4,3,1
2023-08-16,0.30388,0.284488,0.152768,-0.115559,0.009678,-0.013031,0.145246,-0.002204,-0.003627,-0.013929,-0.141793,-0.027215,0.162087,0.001427,-0.117522,0.102024,-0.134049,-0.02292,0.008922,17,16,14,15,6,12,11,9,5,8,10,7,13,2,4,3,1
2023-08-17,0.190716,0.177748,0.091845,-0.075503,0.003261,-0.010456,0.089586,-0.000884,-0.000619,-0.007701,-0.090575,-0.013482,0.100141,0.002535,-0.075307,0.06492,-0.085595,-0.010158,0.003871,17,16,15,14,5,11,10,8,6,9,12,7,13,2,4,3,1
2023-08-18,0.351102,0.346952,-0.165475,0.176684,-0.001763,-0.005372,-0.168755,0.001261,0.001092,0.00101,0.174297,-0.007834,-0.170017,-0.004256,0.180266,-0.170836,0.174067,-0.003578,-0.003243,3,4,2,1,9,10,7,6,8,5,12,11,13,14,17,15,16
2023-08-21,0.070013,0.069375,0.032797,-0.035915,-0.000425,4e-06,0.033515,-0.00105,-0.001089,-0.001054,-0.035634,0.000193,0.033958,1.1e-05,-0.035776,0.032905,-0.036054,-0.000807,-0.000384,14,17,16,15,8,10,12,13,9,11,7,6,5,4,3,2,1
2023-08-22,0.246685,0.241116,0.120521,-0.116907,0.004264,-0.000663,0.120832,0.000783,-0.00099,-0.002492,-0.120096,5.1e-05,0.126589,0.005416,-0.114482,0.112033,-0.118402,-0.001515,0.003461,17,16,15,14,7,12,13,11,6,8,10,5,9,3,4,2,1
2023-08-23,0.079774,0.074714,0.037947,-0.033862,0.001344,-0.004642,0.037025,-0.000475,-0.002272,-0.003858,-0.038264,-0.004446,0.04151,0.000943,-0.03176,0.028452,-0.035534,-0.003927,0.00071,17,16,15,14,7,11,10,9,5,8,13,6,12,2,4,3,1
2023-08-24,0.134659,0.122629,0.050191,-0.064223,-0.001781,0.009853,0.055406,-0.00169,0.0008,0.001891,-0.058917,0.009507,0.050395,0.000457,-0.06823,0.066429,-0.063206,0.005849,-0.00106,14,15,16,17,11,7,8,9,13,12,5,10,6,4,1,2,3
2023-08-25,0.380937,0.372163,-0.171085,0.187313,-0.002692,-0.011388,-0.177677,0.002975,-0.003912,-0.001188,0.183659,-0.011702,-0.183032,-0.002507,0.194964,-0.185973,0.187532,-0.009224,-0.003462,4,2,3,1,9,11,6,10,8,5,12,7,13,14,17,15,16
2023-08-28,0.251599,0.247457,0.115222,-0.125583,0.001316,0.003848,0.119233,-0.001228,0.00075,-0.001872,-0.124142,0.003558,0.124037,0.002258,-0.127562,0.120027,-0.125929,0.002894,0.002338,14,16,15,17,8,7,13,11,10,12,5,9,6,4,2,3,1
2023-08-29,0.102207,0.100212,-0.054075,0.046992,-0.002073,0.00657,-0.04948,0.00134,0.004877,0.004774,0.048132,0.004928,-0.053917,-0.005782,0.040427,-0.038977,0.048042,0.00777,-0.000252,1,2,3,4,11,5,9,8,12,10,6,13,7,17,14,15,16
2023-08-30,0.054732,0.038818,0.005287,-0.017697,-0.000712,0.011789,0.013538,0.002643,0.009122,0.00687,-0.016535,0.009519,0.011795,-0.007201,-0.028606,0.026126,-0.01687,0.013617,0.002816,14,15,16,17,10,2,8,7,12,11,5,13,6,9,1,3,4
2023-08-31,0.053529,0.052311,-0.025764,0.025784,-0.000518,0.001569,-0.025594,0.000681,0.001246,0.001843,0.026475,0.001298,-0.027054,-0.001584,0.024317,-0.023002,0.026263,0.001955,0.000169,1,2,3,4,11,5,6,9,12,10,7,13,8,16,14,15,17
2023-09-01,0.207584,0.201979,-0.089314,0.102019,0.000153,-0.001722,-0.095155,0.00228,-0.002039,0.002945,0.103231,-0.001927,-0.101826,-0.00037,0.105758,-0.096768,0.1032,-0.000841,-0.0027,2,3,4,1,13,9,5,12,7,6,10,8,11,14,16,15,17
2023-09-05,0.693421,0.675779,-0.3273,0.333317,-0.009487,0.006316,-0.334725,0.003369,0.002497,0.013984,0.340115,0.001725,-0.353305,-0.019319,0.324204,-0.313574,0.338575,0.009313,-0.008947,1,2,3,4,11,6,5,9,12,8,7,13,10,15,14,16,17
2023-09-06,0.066596,0.06316,0.040253,-0.025302,0.005747,-0.006535,0.036611,0.002672,-0.004996,-0.004967,-0.024756,-0.001562,0.036214,0.010759,-0.013275,0.021697,-0.026343,-0.005092,0.002794,15,17,16,14,7,12,10,11,6,8,13,5,9,1,4,2,3
2023-09-07,0.122197,0.11867,-0.053922,0.058008,-0.001748,-0.003103,-0.057659,-0.00078,-0.00421,-0.000501,0.059307,-0.002868,-0.06136,-0.000745,0.060838,-0.058497,0.058351,-0.002443,-0.001455,2,3,4,1,8,10,5,13,9,7,12,6,11,14,16,15,17
2023-09-08,0.191799,0.185185,0.087318,-0.093307,0.000843,-0.003175,0.090215,-0.002244,-0.002164,-0.00665,-0.092915,-0.00228,0.0965,0.003037,-0.090331,0.084742,-0.095299,-0.004699,0.00042,15,17,16,14,7,12,13,8,6,9,11,5,10,3,4,2,1
2023-09-11,0.143287,0.138484,0.066125,-0.069494,0.001394,-0.001065,0.068354,-0.001309,-0.000842,-0.004312,-0.068073,0.00035,0.071904,0.001906,-0.068192,0.065259,-0.071383,-0.002248,0.00207,14,17,16,15,5,12,13,9,7,11,10,6,8,3,4,2,1
2023-09-12,0.495569,0.48044,0.227531,-0.238705,0.005967,-0.000487,0.236862,-0.002945,0.000583,-0.012502,-0.236748,0.003196,0.250149,0.005764,-0.240807,0.229378,-0.24542,-0.004619,0.007926,14,17,15,16,5,12,13,9,6,11,10,7,8,4,3,2,1
2023-09-13,0.716708,0.695357,-0.336655,0.343487,-0.011304,0.007001,-0.344333,0.002643,0.00257,0.021929,0.344888,0.000905,-0.366864,-0.014333,0.343373,-0.329451,0.349844,0.008987,-0.011717,2,1,3,4,12,6,5,9,11,8,7,13,10,15,14,16,17
2023-09-14,0.640623,0.621004,0.301702,-0.307926,0.009607,-0.01033,0.30565,-0.001929,-0.00678,-0.021724,-0.307112,-0.003638,0.325733,0.014086,-0.302174,0.289426,-0.31489,-0.011515,0.009731,15,17,16,14,6,12,13,10,7,8,11,5,9,3,4,2,1
2023-09-15,0.197544,0.189523,-0.100558,0.089452,-0.005033,0.010962,-0.09621,-0.003593,0.013986,0.010758,0.086153,0.005465,-0.09921,-0.015474,0.074721,-0.079167,0.096986,0.010913,-0.00723,3,1,2,4,12,7,8,5,11,10,6,13,9,17,14,15,16
2023-09-19,0.100718,0.090301,-0.03018,0.039684,0.000563,-0.007103,-0.040611,0.001872,-0.014972,0.000773,0.04551,-0.002795,-0.04438,0.007249,0.053352,-0.047365,0.037279,-0.004638,0.003898,2,4,3,1,6,11,8,13,9,7,12,5,10,14,17,15,16
2023-09-20,0.161778,0.15577,0.077681,-0.076894,0.003044,-0.005061,0.075682,0.001394,-0.005052,-0.006092,-0.075275,-0.001473,0.081297,0.006527,-0.072515,0.068765,-0.080481,-0.004368,0.003953,15,17,16,14,6,10,13,11,7,8,12,5,9,2,4,3,1
2023-09-21,0.286086,0.274964,0.136379,-0.135695,0.004943,-0.009475,0.13333,0.002164,-0.00904,-0.011467,-0.133401,-0.002144,0.144064,0.011214,-0.130356,0.120403,-0.142022,-0.006618,0.006114,15,17,16,14,6,10,13,11,7,8,12,5,9,2,4,3,1
2023-09-22,0.559316,0.536899,0.272353,-0.263922,0.015377,-0.023337,0.25976,0.008048,-0.023429,-0.021,-0.255347,-0.003163,0.280599,0.03248,-0.24828,0.228802,-0.278717,-0.012309,0.01794,15,17,16,14,6,10,11,13,7,8,12,5,9,2,4,3,1
2023-09-25,0.119732,0.114851,0.058244,-0.056704,0.002887,-0.003174,0.054837,0.001707,-0.003068,-0.003853,-0.055036,-0.001581,0.061415,0.005309,-0.051606,0.049518,-0.058317,-0.002886,0.003326,15,17,16,14,6,10,13,11,7,8,12,5,9,2,4,3,1
2023-09-26,0.179348,0.173605,-0.086083,0.087175,-0.002735,0.004055,-0.083126,-0.000806,0.00329,0.00622,0.085084,0.001863,-0.089758,-0.005454,0.081279,-0.077337,0.08959,0.004967,-0.003359,3,1,2,4,12,6,5,8,11,10,7,13,9,16,14,15,17
2023-09-27,0.17552,0.159936,-0.065779,0.074565,0.003897,-0.005395,-0.081937,0.011382,-0.008975,0.002915,0.077139,-0.005826,-0.068083,0.005422,0.083281,-0.092239,0.077128,0.004338,0.007164,2,3,4,1,6,8,10,13,9,5,11,7,12,14,17,16,15
2023-09-28,0.607809,0.594568,-0.290837,0.298183,-0.004755,0.00662,-0.292303,0.004433,0.003283,0.019117,0.294573,-0.00063,-0.300037,-0.013073,0.292344,-0.2845,0.307772,0.018384,-0.00301,3,1,2,4,11,6,5,9,12,8,7,13,10,15,14,16,17
2023-09-29,0.428862,0.415906,-0.205868,0.207456,-0.005736,0.006329,-0.198029,-0.000855,0.005773,0.015415,0.207502,8.4e-05,-0.216199,-0.016753,0.200901,-0.192027,0.212664,0.011269,-0.00314,2,1,3,4,11,6,5,8,12,10,7,13,9,16,14,15,17
2023-10-02,0.25765,0.25109,0.124607,-0.126275,0.005478,-0.00257,0.120647,0.001088,-0.004032,-0.008561,-0.124092,-0.001657,0.130666,0.011589,-0.120755,0.118429,-0.126984,-0.006471,0.002452,15,17,16,14,7,12,13,11,6,8,10,5,9,2,4,3,1
2023-10-03,0.203352,0.193981,0.099439,-0.096535,0.007505,-0.002574,0.088464,0.007014,-0.005797,-0.00767,-0.095363,-0.003743,0.106816,0.015839,-0.091155,0.087047,-0.095325,-0.002718,0.004648,16,15,17,14,8,10,13,12,6,7,9,5,11,2,4,3,1
2023-10-04,0.207145,0.196254,0.099728,-0.101197,0.007376,-0.003449,0.08646,0.005275,-0.007735,-0.0077,-0.097688,-0.006049,0.105948,0.012402,-0.094263,0.08608,-0.09774,-0.005678,0.003818,15,16,17,14,8,10,12,13,6,7,9,5,11,2,4,3,1
2023-10-05,0.307763,0.298662,0.142601,-0.146356,0.002692,0.001451,0.15303,-0.007094,0.000887,-0.005937,-0.145034,0.005747,0.143728,0.002982,-0.145682,0.152456,-0.154732,-0.00946,0.000915,14,17,16,15,9,13,11,10,7,12,8,6,5,4,2,1,3
2023-10-06,0.207191,0.201321,-0.094173,0.101199,0.000876,0.001219,-0.099314,0.006414,0.00396,0.006095,0.099904,-0.001832,-0.095054,-7.4e-05,0.101206,-0.100934,0.106257,0.007777,0.002472,4,1,3,2,9,5,7,8,11,6,10,12,13,14,17,16,15
2023-10-10,0.116572,0.105664,0.044748,-0.039769,-0.000708,0.00423,0.060902,-0.005551,0.004342,0.00227,-0.045478,0.01044,0.043339,-0.002186,-0.049291,0.061416,-0.055157,-0.001244,0.00033,15,17,14,16,9,11,8,6,10,13,7,12,5,3,1,2,4
2023-10-11,0.156791,0.146723,0.064245,-0.068505,-0.003895,-0.002253,0.076443,-0.008544,-0.00184,-0.005207,-0.07124,0.003992,0.062167,-0.002625,-0.072765,0.075127,-0.080348,-0.006245,-0.002634,15,17,14,16,9,12,11,6,10,13,7,8,5,3,2,1,4
2023-10-12,0.102109,0.097223,-0.049023,0.051303,-0.00327,0.000806,-0.042103,-0.001904,0.002578,0.003083,0.047945,0.002414,-0.050805,-0.005333,0.046639,-0.045953,0.045879,0.00279,-0.001172,2,4,1,3,10,6,5,7,12,11,9,13,8,16,15,14,17
2023-10-13,0.062632,0.046662,-0.014937,0.017442,0.005497,7.3e-05,-0.031678,0.007508,0.000271,0.00095,0.019187,-0.004924,-0.012615,0.007238,0.020926,-0.022303,0.030954,0.001958,0.00392,3,1,4,2,8,9,10,11,7,5,12,6,13,15,16,17,14
2023-10-16,0.047486,0.046114,0.021696,-0.022957,-0.000291,-0.000811,0.022813,-0.001781,-0.000921,-0.002078,-0.02339,0.000284,0.02165,0.000405,-0.022912,0.022952,-0.024534,-0.001812,-0.0008,16,17,15,14,8,12,13,10,7,11,9,5,6,3,1,2,4
2023-10-17,0.074164,0.063671,0.022482,-0.019574,-0.000935,-6.6e-05,0.03801,-0.006049,0.003514,-0.004486,-0.03268,0.005174,0.021181,-0.00219,-0.028512,0.033175,-0.036154,-0.001029,-0.002909,16,17,14,15,11,9,12,6,8,13,7,10,5,3,2,1,4
2023-10-18,0.296264,0.290322,-0.145083,0.149294,-0.003902,0.000526,-0.140374,0.004777,0.006506,0.005294,0.135493,-0.005367,-0.145463,-0.01149,0.1388,-0.14697,0.145356,0.006506,-0.002753,4,2,1,3,10,6,7,5,11,8,9,13,12,15,17,14,16
2023-10-19,0.542675,0.526166,0.262022,-0.280653,0.005822,-0.005447,0.24344,-0.008763,-0.019854,-0.011425,-0.242345,0.00369,0.261572,0.022395,-0.253948,0.259145,-0.261158,-0.016809,0.002843,14,16,17,15,8,12,11,13,6,10,9,5,7,1,3,4,2
2023-10-20,0.204849,0.192444,0.099586,-0.105263,0.006339,-0.002241,0.081837,-0.000369,-0.009846,-0.002233,-0.082987,0.000442,0.097425,0.014814,-0.090422,0.094814,-0.089823,-0.004775,0.001717,14,15,17,16,7,12,10,13,6,9,11,5,8,1,3,4,2
2023-10-23,0.237152,0.226218,0.115084,-0.122068,0.003652,-0.004213,0.094064,-0.003526,-0.012873,-0.006429,-0.103612,-0.000696,0.112193,0.014661,-0.109892,0.110332,-0.109086,-0.008034,0.001749,14,15,17,16,7,12,11,13,6,9,10,5,8,1,3,4,2
2023-10-24,0.302631,0.298884,0.15038,-0.152251,0.003597,-0.002157,0.142132,-0.00701,-0.00799,-0.007946,-0.142308,0.004142,0.148456,0.012272,-0.144761,0.149919,-0.150886,-0.008682,0.002358,14,16,17,15,8,13,11,12,7,10,9,5,6,1,2,4,3
2023-10-25,0.347031,0.336619,0.157796,-0.159988,-0.00441,-0.000255,0.17177,-0.013942,-0.001828,-0.010232,-0.168291,0.006669,0.159306,-0.002157,-0.1647,0.17053,-0.175261,-0.007349,-0.002264,16,17,14,15,9,11,12,7,10,13,6,8,5,4,2,1,3
2023-10-26,0.257663,0.244345,0.126343,-0.13132,0.003134,-0.006796,0.109531,-0.005621,-0.014007,-0.008433,-0.114613,-0.002383,0.122267,0.013318,-0.119785,0.113507,-0.119811,-0.01158,0.001764,14,16,17,15,7,12,11,13,6,9,10,5,8,1,3,4,2
2023-10-27,0.654832,0.640008,-0.317534,0.317535,-0.004312,0.000687,-0.31834,0.015814,0.008887,0.014944,0.311782,-0.010796,-0.316685,-0.016163,0.311012,-0.328395,0.326437,0.01525,-0.003278,3,1,2,4,10,6,7,8,11,5,9,13,12,15,17,16,14
2023-10-30,0.043278,0.030853,0.02191,-0.021368,0.002839,-0.005504,0.004132,0.001591,-0.007192,0.000124,-0.010873,-0.002644,0.01567,0.008269,-0.01348,0.009259,-0.004176,-0.002289,0.000751,15,12,17,16,8,10,9,14,6,7,13,4,11,1,3,5,2
2023-10-31,0.141263,0.122556,0.040793,-0.043761,-0.008147,0.004811,0.07029,-0.006797,0.004191,-0.004733,-0.05649,0.002833,0.053554,-0.010806,-0.055819,0.060543,-0.070973,-0.00096,3.1e-05,16,17,14,15,8,9,10,6,12,11,5,13,7,4,2,1,3
2023-11-01,0.148188,0.131395,-0.075099,0.073089,-0.00666,0.006124,-0.056287,-0.000988,0.008011,0.001101,0.063634,-0.000717,-0.058107,-0.011112,0.060885,-0.06337,0.053438,0.002836,-0.00055,2,4,1,3,9,7,8,5,12,11,6,13,10,17,16,14,15
2023-11-02,0.250611,0.242443,0.115679,-0.110903,-0.000615,0.004565,0.124657,-0.007874,0.001004,-0.007382,-0.113666,0.006589,0.121424,-0.00198,-0.116973,0.125041,-0.12557,-0.003407,0.003773,15,17,14,16,7,11,12,8,9,13,6,10,5,4,1,2,3
2023-11-06,0.377014,0.348207,-0.183223,0.193791,-0.013224,0.014091,-0.153454,0.000468,0.019929,0.001277,0.169669,-0.001939,-0.163752,-0.028101,0.163953,-0.170232,0.14925,0.006521,-0.001966,2,4,1,3,11,7,8,5,12,9,6,13,10,17,16,14,15
2023-11-07,0.552694,0.544453,0.276134,-0.273938,0.003058,-0.001592,0.26917,-0.011089,-0.009061,-0.015074,-0.263443,0.007487,0.268608,0.011816,-0.264717,0.278756,-0.270644,-0.008304,0.002715,14,16,17,15,8,10,13,11,7,12,9,5,6,2,1,3,4
2023-11-08,0.684288,0.672581,0.340994,-0.340745,0.005119,0.000622,0.328032,-0.010761,-0.006355,-0.012051,-0.320289,0.012649,0.331195,0.011043,-0.323855,0.343543,-0.33741,-0.009443,0.003309,14,16,17,15,8,11,13,10,7,12,9,6,5,2,1,4,3
2023-11-09,0.10699,0.10483,-0.052163,0.053093,-0.000314,-3.3e-05,-0.051385,0.001764,0.001099,0.002244,0.050063,-0.001845,-0.051019,-0.000811,0.050949,-0.053897,0.053004,0.001421,-4.1e-05,4,2,1,3,10,7,5,8,11,6,9,12,13,16,17,15,14
2023-11-10,0.320973,0.311497,-0.149221,0.151664,0.002442,-0.003624,-0.156578,0.006434,0.003629,0.005801,0.143298,-0.008279,-0.154924,0.002355,0.150352,-0.159882,0.16109,0.005289,-0.001655,4,1,2,3,11,7,6,8,9,5,12,10,13,14,17,16,15
2023-11-13,0.047051,0.036582,0.005861,-0.007032,-0.004918,0.00525,0.023228,-0.004098,0.000659,-0.000772,-0.006773,0.003706,0.023511,-0.006766,-0.014392,0.018043,-0.023539,-0.003326,0.002703,14,17,15,16,7,10,9,8,12,11,5,13,6,4,3,2,1
2023-11-14,0.006374,0.005901,0.002246,-0.002807,-0.000514,-0.000131,0.002817,-0.000647,-0.000304,-0.000367,-0.002762,-0.000217,0.002916,-0.000454,-0.003016,0.002688,-0.003458,-0.000449,-0.000244,14,17,15,16,7,10,9,8,12,13,5,11,6,4,3,2,1
2023-11-15,0.373035,0.348392,-0.188582,0.184453,-0.013109,0.002792,-0.15991,-0.010539,0.004612,0.004683,0.170936,-0.007793,-0.147172,-0.008922,0.167222,-0.174072,0.156233,9.7e-05,-0.004491,2,4,1,3,9,8,5,6,13,12,7,11,10,17,16,15,14
2023-11-16,0.010859,0.00881,0.000527,-0.002236,-0.002707,-0.001023,0.003423,-0.002466,-0.000394,-0.000678,-0.003388,-0.001823,0.004842,-0.001818,-0.004835,0.003925,-0.006017,-0.001772,-0.001893,15,17,12,16,11,8,6,5,14,13,7,9,10,4,2,3,1
2023-11-17,0.093291,0.090346,0.046601,-0.04669,0.001067,-0.000155,0.044732,-0.000292,-0.001029,-0.001154,-0.042962,0.002284,0.042415,0.001207,-0.043531,0.045532,-0.043951,-0.00019,0.000996,14,16,17,15,8,10,13,12,7,11,9,6,5,1,2,3,4
2023-11-20,0.363943,0.354208,-0.179598,0.184344,-0.000362,0.002877,-0.174217,0.005114,0.006275,0.006756,0.170859,-0.004705,-0.164872,-0.001737,0.172346,-0.176383,0.175737,0.002706,-0.001703,4,2,1,3,11,9,5,6,10,7,8,12,13,17,16,15,14
2023-11-21,0.075495,0.072779,0.033338,-0.032408,-0.002121,0.000473,0.037264,-0.002596,0.000512,0.000336,-0.031829,-0.000198,0.037983,-0.000432,-0.035186,0.038377,-0.037118,-0.000894,-0.000281,14,17,15,16,9,11,7,5,12,13,6,10,8,4,1,3,2
2023-11-22,0.119064,0.116915,0.05834,-0.060724,-0.00112,-0.001485,0.057244,-0.002316,-0.002368,-0.002277,-0.056788,0.000462,0.05468,-0.000427,-0.057477,0.058199,-0.058761,-0.001533,-0.000122,14,16,17,15,6,10,11,13,8,12,9,7,5,1,2,3,4
2023-11-24,0.217928,0.213882,0.104849,-0.106122,-0.003805,-0.001351,0.107873,-0.004851,-0.003294,-0.002185,-0.101401,0.001178,0.104065,-0.00117,-0.104874,0.109813,-0.108114,-0.001962,-0.000862,14,17,16,15,6,9,10,11,12,13,8,7,5,3,1,2,4
2023-11-27,0.023028,0.019381,-0.011675,0.011354,-0.001839,-0.000179,-0.008981,-0.001686,-1.1e-05,0.000372,0.009539,-0.001194,-0.007836,-0.0015,0.00801,-0.008584,0.007966,-0.0006,-0.00158,2,4,1,3,11,8,5,6,13,12,7,10,9,17,15,16,14
2023-11-28,0.083859,0.081046,-0.039079,0.038852,0.00164,-0.000205,-0.041106,0.002565,0.00076,-5e-05,0.037005,-0.000716,-0.039727,0.000969,0.039594,-0.042665,0.041194,0.000559,0.000898,4,1,3,2,8,10,11,9,6,5,12,7,13,14,17,16,15
2023-11-29,0.037267,0.034729,-0.018893,0.018374,-0.001038,-0.000121,-0.017121,-0.000705,0.000158,0.000225,0.016694,-0.001142,-0.015916,-0.000955,0.015931,-0.016949,0.016158,-0.000381,-0.001121,2,3,1,4,12,8,5,6,11,9,7,10,13,17,15,16,14
2023-11-30,0.359192,0.352726,-0.179603,0.17959,0.000862,0.000581,-0.175892,0.004189,0.004639,0.003044,0.167215,-0.004936,-0.166209,0.000127,0.169912,-0.178328,0.174854,0.001011,-0.000668,4,2,1,3,12,8,7,5,9,6,10,11,13,17,16,15,14
2023-12-01,0.038262,0.03321,0.009622,-0.008975,-0.00495,0.000622,0.017217,-0.005018,-0.00063,0.000571,-0.010564,-0.002071,0.016924,-0.004632,-0.016663,0.019356,-0.018906,-0.001112,-0.005111,15,17,14,16,13,8,6,7,11,12,5,10,9,4,1,2,3
2023-12-04,0.21522,0.19812,-0.107328,0.107892,-0.00488,0.001312,-0.094015,-0.002565,0.002481,0.003563,0.098505,-0.005243,-0.088729,-0.004089,0.092496,-0.094124,0.092129,-0.000374,-0.005835,2,4,1,3,13,8,5,6,11,9,7,10,12,17,16,15,14
2023-12-05,0.023722,0.019231,0.011335,-0.012387,0.001364,-0.000873,0.007291,0.000886,-0.000683,-0.001192,-0.010906,0.000857,0.006864,0.000857,-0.008834,0.00694,-0.007999,-0.00042,0.001454,16,14,17,15,5,10,13,11,6,7,12,8,9,1,3,2,4
2023-12-06,0.302014,0.286887,0.151279,-0.150736,0.00362,-0.001621,0.139643,-0.001163,-0.002752,-0.003785,-0.139566,0.00566,0.13168,0.002742,-0.136917,0.140847,-0.138591,-0.000364,0.004411,16,15,17,14,6,9,13,12,7,10,11,8,5,1,2,3,4
2023-12-07,0.262377,0.254345,0.130738,-0.131639,-0.00018,-0.002293,0.125038,-0.002908,-0.004028,-0.003681,-0.123539,0.002979,0.11776,0.000793,-0.123359,0.126185,-0.125897,-0.000707,0.001042,15,16,17,14,6,9,12,13,8,11,10,7,5,1,2,3,4
2023-12-08,0.065886,0.061679,0.026798,-0.027519,-0.003542,0.000288,0.031623,-0.003437,-0.001407,0.000757,-0.026578,-0.00145,0.029599,-0.002579,-0.030411,0.033092,-0.032794,-0.000722,-0.002942,14,17,15,16,11,7,5,8,13,12,6,10,9,4,1,2,3
2023-12-11,0.237994,0.229036,-0.117251,0.120743,0.000353,0.002358,-0.111368,0.002841,0.004167,0.004078,0.111617,-0.002649,-0.104887,-4.8e-05,0.11128,-0.112007,0.114123,0.001636,-0.000514,3,2,1,4,12,9,6,5,10,7,8,11,13,17,16,15,14
2023-12-12,0.224053,0.216663,0.105489,-0.106017,-0.003809,0.000524,0.109317,-0.005034,-0.003093,0.000692,-0.098929,0.001001,0.104035,-0.001921,-0.105113,0.112349,-0.111704,-0.000218,-0.001752,14,17,16,15,9,8,6,11,12,13,7,10,5,3,1,2,4
2023-12-13,0.126154,0.122568,0.059445,-0.06115,-0.003005,-0.00048,0.061165,-0.003299,-0.002762,-0.000619,-0.057077,0.000366,0.058172,-0.001404,-0.059789,0.062664,-0.06349,-0.001316,-0.001527,14,17,16,15,10,8,7,11,12,13,6,9,5,3,1,2,4
2023-12-14,0.275285,0.256438,0.113819,-0.11366,-0.011627,0.002847,0.131476,-0.011631,-0.006086,0.00527,-0.106901,-0.001237,0.126325,-0.004921,-0.122567,0.1391,-0.136185,-0.002426,-0.005786,14,17,15,16,10,8,5,11,12,13,6,9,7,4,1,2,3
2023-12-15,1.384286,1.348773,-0.689264,0.695022,-0.00035,0.003025,-0.670389,0.010678,0.017554,0.013128,0.641169,-0.020964,-0.627985,0.002577,0.642688,-0.672209,0.676747,0.003426,-0.005367,4,2,1,3,12,8,6,5,11,7,9,10,13,17,16,15,14
2023-12-18,0.015904,0.010568,0.008821,-0.007083,0.003027,-0.001588,0.002481,0.002771,0.002052,-0.002959,-0.007042,0.000197,0.000628,0.000866,-0.001713,0.002153,1.9e-05,0.001877,0.001077,16,12,17,14,8,7,15,6,2,3,13,9,11,1,5,4,10
2023-12-19,0.080227,0.078416,0.036793,-0.036792,-0.00284,0.0001,0.040136,-0.002007,-0.002633,0.001237,-0.034222,0.000657,0.040093,-0.00079,-0.037999,0.040484,-0.039743,0.000139,-0.000745,14,17,15,16,9,7,5,12,13,11,8,10,6,4,1,2,3
2023-12-20,0.162523,0.150354,-0.081966,0.080557,-0.002703,0.003761,-0.071897,-0.003001,-0.000631,0.005726,0.075784,-0.00121,-0.066926,0.000487,0.068928,-0.071931,0.068608,-0.002767,-0.001456,2,4,1,3,10,12,5,8,11,13,6,7,9,17,16,15,14
2023-12-21,0.315317,0.305707,-0.141097,0.142449,0.013737,-0.001857,-0.153983,0.008993,0.00849,-0.007359,0.134079,0.000657,-0.162556,0.003994,0.14906,-0.156313,0.152761,-0.001006,0.00572,4,1,3,2,8,11,13,7,5,6,12,9,10,14,16,15,17
2023-12-22,0.115595,0.104919,0.045922,-0.045094,-0.006475,-0.001259,0.052749,-0.004529,-0.003928,0.001255,-0.0445,-0.000749,0.062735,-0.002249,-0.05286,0.051114,-0.050207,-0.001253,-0.00231,14,16,15,17,10,7,5,11,13,12,8,9,6,4,3,2,1
2023-12-26,0.07619,0.074053,0.036318,-0.036529,-0.002151,-0.001243,0.036839,-0.001517,-0.001817,-0.000562,-0.03487,-0.000272,0.039145,-0.00051,-0.037045,0.0366,-0.036002,4.4e-05,-0.000653,14,15,16,17,9,5,8,12,13,11,10,7,6,4,3,2,1
2023-12-27,0.063726,0.058853,-0.031336,0.03239,-0.001721,0.001587,-0.027957,-0.002241,0.000165,0.001574,0.028379,-0.001071,-0.020374,0.001037,0.025599,-0.028001,0.028495,-0.000724,-0.001434,3,2,1,4,11,9,6,8,12,13,5,7,10,17,16,15,14
2023-12-28,0.044343,0.043574,0.021546,-0.022261,-0.001277,-0.001132,0.021561,-0.000987,-0.001246,-0.001012,-0.021297,-0.000627,0.022082,-0.000533,-0.021935,0.021427,-0.021337,3.7e-05,-0.0006,14,15,17,16,7,5,10,12,13,9,11,6,8,3,4,2,1
2023-12-29,0.230592,0.223188,0.115147,-0.115444,-0.001975,-0.004594,0.112145,0.000607,-0.002899,-0.003366,-0.108349,0.000351,0.106032,-0.002747,-0.107763,0.110338,-0.10814,0.002586,0.001,16,15,17,14,6,5,12,11,9,7,13,10,8,1,3,2,4
2024-01-04,0.196111,0.187085,0.098561,-0.09755,0.000557,-0.003452,0.093496,0.0034,-5e-06,-0.002508,-0.090517,0.001742,0.083318,-0.002159,-0.087028,0.091705,-0.089425,0.003735,0.002102,16,15,17,14,7,5,12,10,9,6,13,11,8,1,3,2,4
2024-01-05,0.116349,0.110408,0.057247,-0.059102,-8.1e-05,-0.003462,0.053814,0.002072,-0.000572,-0.002964,-0.054666,0.000711,0.044792,-0.002184,-0.050818,0.052495,-0.053901,0.001772,0.000397,16,15,17,14,8,6,12,10,9,5,13,11,7,1,3,2,4
2024-01-09,0.108718,0.106817,-0.054495,0.054223,0.001451,0.00229,-0.053775,0.000455,0.001361,0.001677,0.052108,0.000619,-0.053528,0.000764,0.052321,-0.052656,0.051197,-0.001298,0.000263,3,4,1,2,12,13,6,8,7,11,5,9,10,17,14,16,15
2024-01-10,0.446044,0.432641,0.224666,-0.221379,0.00276,-0.010562,0.217772,0.006114,-0.000103,-0.008731,-0.214505,-0.00044,0.200841,-0.000852,-0.204415,0.210335,-0.209266,0.007172,0.004048,16,15,17,14,7,5,12,9,8,6,13,11,10,1,3,2,4
2024-01-11,0.222369,0.217555,0.111384,-0.110986,-0.001732,-0.004609,0.109669,-0.000276,-0.002725,-0.002926,-0.104945,-0.000998,0.109694,-0.001512,-0.105989,0.107114,-0.103284,0.002545,0.0007,15,14,17,16,6,5,12,11,10,7,13,9,8,1,4,3,2
2024-01-12,0.085228,0.0761,-0.035571,0.036387,0.004079,8e-06,-0.037248,0.002795,0.002361,-0.000481,0.032444,0.001299,-0.046533,0.000849,0.038694,-0.036995,0.0314,4.3e-05,0.001452,3,4,2,1,8,11,13,7,5,6,12,10,9,14,15,16,17
2024-01-16,0.092239,0.089715,-0.046389,0.045849,6.5e-05,0.001866,-0.045785,-0.000275,0.000707,0.000955,0.043183,-0.000438,-0.044547,0.000696,0.043214,-0.044494,0.043359,-0.001103,-0.000649,4,2,1,3,12,13,6,7,9,10,5,8,11,17,14,16,15
2024-01-17,0.268546,0.261591,0.136184,-0.132362,0.0074,-0.008662,0.131421,0.007322,0.001284,-0.00448,-0.128816,0.003612,0.108908,-0.002897,-0.115999,0.125093,-0.130898,0.005827,0.00544,15,16,17,14,8,7,12,10,5,6,13,11,9,1,3,2,4
2024-01-18,0.085084,0.079433,0.042186,-0.038227,0.006618,-0.005549,0.037708,0.005182,0.002621,-0.004508,-0.042899,0.003027,0.022081,0.000904,-0.029776,0.035371,-0.04191,0.003426,0.001992,17,16,15,14,10,7,12,9,5,6,13,11,8,1,3,2,4
2024-01-19,0.120991,0.115567,0.056403,-0.057856,-0.003562,-0.000899,0.058442,-0.001868,-0.002856,0.000168,-0.051665,-0.001614,0.062795,-0.002456,-0.058196,0.05536,-0.05301,-7.7e-05,-5.2e-05,14,15,16,17,6,7,5,12,13,10,8,11,9,3,4,2,1
2024-01-22,0.154659,0.14642,-0.07845,0.068471,-0.005572,0.005817,-0.073495,-0.00554,-0.004272,0.00419,0.076208,-0.001924,-0.060634,0.000562,0.0619,-0.070425,0.07221,-0.005872,-0.002094,1,2,3,4,9,13,6,10,12,11,5,7,8,17,15,16,14
2024-01-23,0.234853,0.230499,-0.119632,0.115221,0.00089,0.005168,-0.118947,-0.001871,0.000841,0.003238,0.111926,-0.000418,-0.115531,0.002083,0.10995,-0.113882,0.110239,-0.004112,-0.001575,2,3,1,4,11,13,6,9,8,12,5,7,10,17,14,16,15
2024-01-24,0.189653,0.186267,0.095112,-0.093419,-0.002294,-0.003579,0.09532,-9.8e-05,-0.002351,-0.001691,-0.08791,-0.000968,0.096234,-0.001997,-0.090807,0.091703,-0.087432,0.00226,0.000216,15,14,17,16,6,5,9,12,11,7,13,10,8,3,4,2,1
2024-01-25,0.378142,0.366781,-0.184709,0.183527,0.007646,0.006075,-0.185708,0.003202,0.008721,0.002364,0.168397,0.004844,-0.194615,0.004053,0.183386,-0.179803,0.167943,-0.002505,0.000657,3,4,1,2,12,13,11,5,6,10,7,9,8,15,14,16,17
2024-01-26,0.240115,0.236744,-0.120421,0.119694,-0.001683,0.009343,-0.11901,-0.005387,-0.002898,0.005812,0.118761,-0.002663,-0.100988,0.004743,0.104252,-0.11338,0.118968,-0.005492,0.000625,3,2,1,4,8,13,6,11,9,12,5,7,10,17,15,16,14
2024-01-29,0.042122,0.041552,-0.020781,0.020943,0.000531,0.001035,-0.020881,0.00045,0.000835,0.000467,0.019333,0.000488,-0.021179,0.000425,0.020477,-0.02023,0.020395,4e-05,-0.000207,4,3,1,2,13,12,9,6,7,10,5,11,8,15,14,16,17
2024-01-30,0.262446,0.256509,0.128932,-0.126467,-0.003536,-0.004368,0.12991,-0.003334,-0.006101,-0.000691,-0.114873,-0.003132,0.135683,-0.001208,-0.126763,0.123345,-0.121773,-0.000138,0.003601,14,15,16,17,5,6,7,13,11,10,12,8,9,3,4,2,1
2024-01-31,0.268141,0.264896,-0.136456,0.131685,0.000441,0.00538,-0.136445,-0.000974,0.001199,0.001928,0.124625,-0.000401,-0.132858,0.001793,0.126742,-0.13128,0.130503,-0.002983,-0.00308,4,2,1,3,13,12,6,8,9,11,5,7,10,17,14,16,15
2024-02-01,0.213413,0.204114,0.095877,-0.100425,0.012158,-0.004823,0.102318,0.014595,0.01607,-0.006868,-0.10358,0.014859,0.054297,-0.004485,-0.072429,0.099048,-0.111095,0.011736,0.000528,16,17,15,14,10,9,13,5,8,7,12,11,6,3,2,1,4
2024-02-02,0.592071,0.573308,0.295665,-0.275472,-0.001329,-0.012549,0.284889,-0.009306,-0.010792,-0.002822,-0.265059,-0.005802,0.304517,0.004206,-0.287555,0.283407,-0.271827,-0.002215,0.001647,14,15,16,17,6,8,9,12,7,11,13,5,10,2,4,3,1
2024-02-05,0.074078,0.072258,-0.038475,0.03462,-0.003653,-0.001014,-0.039458,-0.005019,-0.00528,-0.000902,0.032343,-0.004246,-0.03369,-0.000838,0.027805,-0.037458,0.034419,-0.005422,-0.004417,3,2,1,4,10,13,6,12,8,11,7,5,9,16,15,17,14
2024-02-06,0.424273,0.416411,0.208222,-0.214077,0.002585,-0.013074,0.210196,0.008361,0.009333,-0.012621,-0.202127,0.004005,0.179627,-0.011319,-0.180239,0.200822,-0.21379,0.012366,0.005989,15,16,17,14,8,5,12,6,10,7,13,11,9,2,3,1,4
2024-02-07,0.218839,0.213539,-0.108762,0.110077,-0.000148,0.009035,-0.107176,-0.002286,-0.00113,0.006833,0.104436,0.002227,-0.094487,0.00667,0.098471,-0.102494,0.107674,-0.004219,-0.003094,3,2,1,4,12,13,6,10,9,11,5,7,8,17,15,16,14
2024-02-08,0.073059,0.068545,-0.033841,0.037556,-0.001764,0.000987,-0.035503,-0.003928,-0.001481,0.000398,0.031489,-0.002623,-0.028442,0.003494,0.027789,-0.033365,0.03388,-0.004742,-0.00669,3,2,1,4,13,12,7,8,9,11,6,5,10,16,15,17,14
2024-02-09,0.172964,0.17121,-0.089588,0.083376,-2.3e-05,0.006072,-0.089278,0.001601,0.002366,0.003283,0.082441,0.002347,-0.085267,-0.002466,0.083016,-0.085115,0.083105,-0.000315,0.000234,4,2,1,3,10,12,6,7,11,9,5,13,8,17,14,16,15
2024-02-13,0.120375,0.11734,0.059807,-0.060568,-0.000943,-0.005472,0.059508,-0.001704,-0.003131,-0.003724,-0.057734,-0.001725,0.055054,-0.000878,-0.057311,0.056171,-0.05823,0.000925,0.00095,15,16,17,14,5,6,12,11,8,9,13,7,10,1,3,2,4
2024-02-14,0.058898,0.047084,-0.021102,-0.005062,0.002423,0.002279,-0.013918,0.007927,0.002723,-0.00025,0.01263,0.010725,-0.036176,-0.015109,0.02208,-0.019483,0.014161,0.01969,0.022722,5,4,12,2,1,3,11,8,9,7,10,14,6,16,15,13,17
2024-02-15,0.042214,0.036756,0.018198,-0.0031,0.00116,-0.002207,0.012039,-0.004778,-0.002389,-0.000642,-0.017697,-0.007646,0.023289,0.006794,-0.018925,0.018207,-0.01395,-0.01305,-0.003308,16,15,10,17,11,14,7,9,6,12,8,5,13,3,2,4,1
2024-02-16,0.734448,0.707753,-0.368159,0.366289,-0.003772,0.024007,-0.357664,0.004555,0.008518,0.016871,0.346269,0.003392,-0.342109,0.000729,0.336184,-0.338028,0.342769,-0.023737,-0.012008,2,3,1,4,12,13,6,7,11,8,5,10,9,17,14,16,15
2024-02-20,0.075955,0.067564,0.035778,-0.040178,0.002497,0.000425,0.03565,0.002877,0.002319,-0.004146,-0.030157,0.005509,0.028086,0.00022,-0.027118,0.030949,-0.029979,0.007002,0.003559,16,15,17,14,7,5,13,10,9,8,11,12,6,1,3,2,4
2024-02-21,0.17354,0.169016,0.09018,-0.083359,0.003302,-0.003542,0.087052,0.00307,0.003011,-0.0064,-0.081646,0.001677,0.080918,0.00284,-0.077807,0.087003,-0.076455,0.004877,0.003043,16,14,17,15,8,5,13,9,6,7,12,10,11,1,3,2,4
2024-02-22,0.249988,0.245966,-0.127551,0.122437,0.000291,0.009021,-0.123199,0.002139,0.002436,0.01061,0.12123,0.003564,-0.116757,-0.001031,0.119945,-0.123536,0.118548,0.003493,-0.000413,2,4,1,3,12,8,5,9,11,10,6,13,7,17,16,15,14
2024-02-26,0.269587,0.263133,0.134549,-0.117827,0.002282,-0.011183,0.127912,-0.008615,-0.012562,-0.004909,-0.128157,-0.008383,0.138174,0.009555,-0.131413,0.126061,-0.129194,-0.018569,-0.001756,15,16,14,17,7,13,8,12,6,10,11,5,9,2,4,3,1
2024-02-27,0.165354,0.160749,-0.084927,0.069381,-0.004191,0.003851,-0.078354,0.003167,0.006738,-0.000499,0.075173,0.004826,-0.086714,-0.007303,0.07844,-0.078033,0.07864,0.011231,-0.000971,3,1,4,2,11,5,10,6,12,9,8,13,7,16,14,15,17
2024-02-28,0.118933,0.117027,0.061124,-0.055442,0.000878,-0.004077,0.058323,-0.00183,-0.002524,-0.00313,-0.057223,-0.002185,0.059377,0.002809,-0.057809,0.057843,-0.057227,-0.00458,-8e-05,15,16,14,17,7,13,11,10,6,8,12,5,9,1,4,3,2
2024-02-29,0.338032,0.332658,-0.175629,0.159154,-0.003782,0.010053,-0.169051,0.002447,0.004595,0.009558,0.162403,0.002943,-0.16805,-0.008795,0.162056,-0.168517,0.160318,0.007716,-0.001596,1,3,4,2,11,7,6,8,12,10,5,13,9,17,15,16,14
2024-03-01,0.301196,0.297321,-0.156428,0.142715,-0.003354,0.008679,-0.152748,0.000327,0.002681,0.008997,0.144768,0.000826,-0.1479,-0.007614,0.143161,-0.152145,0.141124,0.003648,-0.002172,1,4,3,2,11,7,5,8,12,10,6,13,9,17,15,16,14
2024-03-04,0.09844,0.094553,0.050586,-0.039649,0.002727,-0.001743,0.045539,-0.001406,-0.002969,0.000964,-0.043228,-0.00242,0.05207,0.00557,-0.045868,0.04538,-0.04637,-0.006942,0.000979,15,17,14,16,7,13,8,12,6,9,10,5,11,2,4,3,1
2024-03-05,0.054356,0.053373,0.028394,-0.025653,0.001399,-0.0008,0.028703,0.001345,0.001307,-0.001382,-0.025213,0.001451,0.02605,0.001379,-0.024104,0.02805,-0.02386,0.001545,0.001082,16,14,17,15,11,5,13,10,7,9,12,8,6,2,3,1,4
2024-03-06,0.319415,0.31366,-0.166457,0.141204,-0.005228,0.008919,-0.153877,0.004915,0.007661,0.004924,0.150046,0.006211,-0.165091,-0.014073,0.152958,-0.153564,0.15255,0.016979,-0.000399,3,2,4,1,11,5,9,7,12,10,6,13,8,17,14,15,16
2024-03-07,0.214773,0.211064,0.112097,-0.096595,0.001597,-0.004205,0.105623,-0.002054,-0.004297,-0.003927,-0.100354,-0.000799,0.110401,0.00989,-0.102042,0.104378,-0.102676,-0.008832,0.002613,15,17,14,16,6,13,10,12,7,9,11,5,8,1,4,3,2
2024-03-08,0.21902,0.214911,0.11424,-0.095951,0.001319,-0.003524,0.103733,-0.00351,-0.006539,-0.004514,-0.102634,-0.00268,0.113494,0.009572,-0.104593,0.104991,-0.10478,-0.012819,0.003119,15,17,14,16,6,13,11,12,7,9,10,5,8,1,3,4,2
2024-03-11,0.453319,0.445335,-0.235278,0.208157,-0.00213,0.012043,-0.223208,0.005582,0.00822,0.014118,0.218041,0.001294,-0.229318,-0.015081,0.216757,-0.223465,0.213146,0.013097,-0.002865,1,3,4,2,12,6,5,8,11,9,7,13,10,17,15,14,16
2024-03-12,0.140058,0.137462,-0.071938,0.06579,0.000922,0.004691,-0.069312,0.001009,0.002903,0.005015,0.06812,0.000672,-0.068666,-0.003995,0.067225,-0.069154,0.066637,0.003674,0.000439,1,3,4,2,12,7,5,8,10,9,6,13,11,17,15,16,14
2024-03-13,0.303639,0.298642,0.158803,-0.139423,-0.001923,-0.007808,0.151191,-0.002508,-0.006223,-0.008462,-0.144836,-0.000137,0.152736,0.012507,-0.144517,0.150309,-0.143843,-0.008907,0.000726,17,15,14,16,6,13,12,10,8,9,11,5,7,1,4,3,2
2024-03-14,0.468661,0.46067,-0.244315,0.217084,0.001407,0.011248,-0.236948,0.000141,0.004183,0.012798,0.224346,8e-05,-0.229258,-0.014709,0.221164,-0.236346,0.218891,0.008576,-0.000271,1,3,4,2,12,7,5,8,9,10,6,13,11,17,15,16,14
2024-03-15,0.036979,0.031017,-0.016982,0.005017,0.000226,-0.001184,-0.008571,0.003491,0.005693,-0.001477,0.012175,0.001233,-0.021104,-0.008448,0.015813,-0.011102,0.015875,0.007874,-0.002616,3,1,6,2,12,4,11,5,9,7,10,13,8,16,15,14,17
2024-03-18,0.24196,0.236854,-0.126771,0.104068,0.000548,0.004535,-0.117733,0.003183,0.006902,0.005066,0.113964,0.000638,-0.121505,-0.01377,0.115189,-0.119523,0.11361,0.010594,-0.001996,2,3,4,1,12,5,7,6,11,9,8,13,10,17,15,14,16
2024-03-19,0.08401,0.07972,0.042535,-0.034396,-0.000563,-0.001569,0.037052,-0.002844,-0.004711,-0.000947,-0.037875,-0.001143,0.040194,0.00591,-0.041475,0.038205,-0.038877,-0.005928,0.000451,15,16,14,17,6,13,8,12,7,11,10,5,9,1,3,4,2
2024-03-21,0.163958,0.157346,0.084162,-0.071033,-0.000882,-0.002892,0.077155,-0.002916,-0.005965,-0.002209,-0.075406,-0.000485,0.078068,0.008941,-0.079796,0.078587,-0.076019,-0.007785,0.001382,15,16,14,17,6,13,9,12,8,11,10,5,7,1,2,4,3
2024-03-22,0.273278,0.270782,-0.141273,0.129013,0.001557,0.008728,-0.139942,4.5e-05,0.001401,0.008224,0.132005,8.2e-05,-0.132145,-0.007147,0.130326,-0.139786,0.126932,0.003298,0.001538,1,4,3,2,9,7,6,10,8,12,5,13,11,17,15,16,14
2024-03-25,0.391109,0.388494,0.200284,-0.186251,-0.004074,-0.007809,0.202715,-0.006058,-0.003847,-0.013765,-0.188393,0.004481,0.184876,0.012672,-0.188185,0.199653,-0.185149,-0.005795,-0.00163,17,14,15,16,7,10,13,8,9,11,12,5,6,2,3,1,4
2024-03-26,0.110112,0.104685,-0.056448,0.044424,-0.001311,0.000227,-0.050472,0.001504,0.001921,0.001193,0.04962,0.000431,-0.05031,-0.008101,0.052093,-0.051759,0.053663,0.006826,-0.003325,3,1,4,2,12,5,8,6,11,7,10,13,9,17,16,15,14
2024-03-27,0.027455,0.024194,0.011011,-0.013365,-0.001078,-0.001054,0.01409,0.000609,0.001459,-0.001373,-0.011325,0.001238,0.011056,-0.00042,-0.009798,0.012949,-0.008659,0.002416,-0.001262,16,14,17,15,12,5,13,6,11,8,10,9,7,4,2,1,3
2024-03-28,0.053157,0.045129,0.022056,-0.005075,0.00625,0.002516,0.009435,-0.004098,-0.006814,0.002183,-0.019371,-0.006506,0.019642,0.012191,-0.027107,0.016111,-0.031101,-0.017461,0.00956,15,17,11,16,5,14,9,13,7,10,8,4,12,1,3,6,2
2024-04-01,0.290579,0.285581,-0.150895,0.133585,0.001644,0.004093,-0.145032,0.003332,0.002248,0.008367,0.137223,-0.002455,-0.136184,-0.012814,0.139684,-0.144673,0.139235,0.009855,-0.002644,3,2,4,1,12,5,6,9,10,8,7,13,11,17,15,16,14
2024-04-02,0.182863,0.172396,-0.091634,0.072152,-0.004096,-0.004514,-0.081035,0.003273,0.003957,-0.000325,0.078373,0.000635,-0.069581,-0.011736,0.084113,-0.090805,0.091229,0.013073,-0.008771,3,1,4,2,12,5,9,6,10,7,11,13,8,17,16,15,14
2024-04-03,0.492156,0.476412,-0.253414,0.208718,-0.006426,-0.005137,-0.235225,0.003197,0.003728,0.007036,0.222185,-0.003453,-0.213744,-0.026964,0.233765,-0.245906,0.238742,0.020405,-0.015514,3,1,4,2,12,5,6,7,11,8,10,13,9,17,16,15,14
2024-04-04,0.447619,0.43842,-0.231023,0.20729,0.000451,0.005378,-0.221076,0.006433,0.006842,0.014054,0.21224,-0.003671,-0.204276,-0.021471,0.212103,-0.222221,0.216596,0.018459,-0.003362,2,1,4,3,11,5,6,7,10,8,9,13,12,17,16,15,14
2024-04-05,0.150111,0.13132,-0.069995,0.048903,-0.007944,-0.008113,-0.056681,-0.001225,0.004982,-0.005731,0.057044,0.000142,-0.04466,-0.012711,0.06013,-0.076904,0.073207,0.012939,-0.013598,3,1,4,2,13,5,9,6,10,8,11,12,7,16,17,15,14
2024-04-08,0.124343,0.117658,-0.05679,0.060366,0.005043,0.005966,-0.06146,0.002857,-0.000549,0.009875,0.055674,-0.003225,-0.063976,0.0001,0.054705,-0.047731,0.047402,-0.001109,0.008831,2,4,1,3,6,12,5,11,8,9,7,10,13,15,14,16,17
2024-04-09,0.106997,0.104843,-0.055391,0.050103,0.000324,0.001212,-0.053252,0.001311,0.001603,0.003173,0.050054,-0.001428,-0.048566,-0.004834,0.050876,-0.053301,0.051606,0.004083,-0.000742,4,1,3,2,11,5,6,7,10,8,9,13,12,17,16,15,14
2024-04-10,0.2824,0.275454,0.145548,-0.131463,-0.000435,-0.001552,0.137499,-0.002937,-0.006119,-0.004865,-0.128876,0.004862,0.123,0.013662,-0.132732,0.142267,-0.136853,-0.011719,0.006065,14,17,15,16,6,13,11,12,8,10,9,5,7,1,2,3,4
2024-04-11,0.346162,0.329682,0.165091,-0.172825,-0.012237,-0.008467,0.173338,-0.005774,-0.004258,-0.019528,-0.146962,0.012021,0.172117,-0.000504,-0.158713,0.151785,-0.145049,-0.001885,-0.013347,15,14,17,16,12,7,13,8,11,9,10,6,5,3,4,1,2
2024-04-12,0.257703,0.252116,0.133294,-0.121122,-0.001319,-0.001427,0.127358,-0.001691,-0.003139,-0.006468,-0.119226,0.003767,0.117022,0.012737,-0.121424,0.128741,-0.124409,-0.009265,0.004432,14,17,15,16,6,13,12,11,8,10,9,5,7,1,2,3,4
2024-04-15,0.139425,0.111578,0.046521,-0.060062,-0.006801,-0.001702,0.059569,-0.000649,0.007678,-0.018444,-0.039515,0.005528,0.079363,-0.006166,-0.049705,0.033309,-0.033022,0.005842,-0.016105,15,14,17,16,12,6,13,5,11,8,9,10,7,3,4,2,1
2024-04-16,0.101849,0.086352,0.039908,-0.047923,-0.003474,0.000213,0.046074,-0.003431,0.003514,-0.014985,-0.031243,0.003172,0.053927,-0.002673,-0.039983,0.022923,-0.030575,0.001767,-0.001462,15,14,17,16,9,7,13,5,12,11,8,10,6,3,4,2,1
2024-04-17,0.425049,0.413384,0.21823,-0.206818,-0.003787,-0.002061,0.209377,-0.005271,-0.000534,-0.019506,-0.196125,0.004709,0.204494,0.01843,-0.201109,0.202054,-0.200124,-0.010706,0.007405,14,15,17,16,6,12,13,8,10,11,9,5,7,1,4,2,3
2024-04-18,0.237614,0.233414,0.121561,-0.116053,-0.00273,-0.002455,0.11757,-0.003609,-0.003293,-0.009249,-0.112877,0.00112,0.10919,0.007795,-0.114651,0.114621,-0.115787,-0.008361,0.003408,14,16,17,15,6,12,13,10,9,11,8,5,7,1,3,2,4
2024-04-19,0.068251,0.066526,0.034126,-0.034125,-0.001471,-0.000961,0.033461,-0.001642,-0.001239,-0.003702,-0.032242,-0.000178,0.031555,0.001361,-0.033291,0.031125,-0.033021,-0.002727,0.000412,14,15,17,16,6,12,13,9,10,11,8,5,7,1,4,2,3
2024-04-22,0.151108,0.147128,-0.078165,0.072944,0.000159,-0.000745,-0.076792,0.000687,-0.000343,0.005385,0.068506,-0.002439,-0.072627,-0.005933,0.070966,-0.071688,0.069893,0.00292,-0.003865,4,3,1,2,12,6,5,9,8,7,10,13,11,17,14,16,15
2024-04-23,0.12015,0.109709,0.054893,-0.043726,0.000297,-0.00209,0.048729,-0.000629,-0.003877,0.003595,-0.055548,-9.8e-05,0.035453,0.008695,-0.049808,0.063387,-0.056763,-0.005423,0.003144,16,17,14,15,7,13,6,12,8,10,11,5,9,2,1,3,4
2024-04-24,0.403172,0.394107,0.210322,-0.182996,0.002705,0.001147,0.194024,-0.003015,-0.008635,-0.003365,-0.189628,0.006265,0.167086,0.027402,-0.185176,0.210817,-0.192355,-0.01245,0.005386,16,17,14,15,7,13,11,12,8,10,9,5,6,2,1,3,4
2024-04-25,0.197349,0.193823,0.102154,-0.095195,0.000331,-4.1e-05,0.096882,-0.003166,-0.003972,-0.004854,-0.0929,0.002943,0.087542,0.00965,-0.093731,0.098564,-0.094943,-0.006062,0.001744,14,16,17,15,7,13,12,11,8,10,9,5,6,1,2,3,4
2024-04-26,0.164476,0.158478,-0.084382,0.072291,1e-06,0.000166,-0.076377,0.00274,0.004949,0.001108,0.078381,-0.003022,-0.065254,-0.010941,0.075039,-0.086095,0.075161,0.004871,-0.000185,1,2,4,3,11,6,8,5,10,7,9,13,12,16,17,15,14
2024-04-30,0.048493,0.046456,0.027276,-0.017989,0.002728,0.002707,0.024919,0.002136,0.001053,0.002612,-0.020283,0.003844,0.021134,0.005835,-0.019172,0.02821,-0.019508,0.001378,0.002815,17,16,14,15,7,12,10,13,8,11,9,5,6,2,1,3,4
2024-05-01,0.717992,0.694477,0.35616,-0.361832,-0.003362,0.00469,0.352192,-0.010687,-0.000305,-0.028945,-0.317066,0.007635,0.350957,0.0233,-0.342349,0.319368,-0.319939,-0.015066,0.005807,14,15,17,16,7,12,13,9,10,11,8,5,6,1,4,2,3
2024-05-02,0.076921,0.074013,0.037642,-0.038304,-1.3e-05,0.001084,0.038617,-0.000589,0.000551,-0.001915,-0.033301,0.000732,0.037166,0.0027,-0.03594,0.03378,-0.034371,-0.001991,0.000493,14,15,17,16,9,13,12,8,10,11,6,5,7,2,4,1,3
2024-05-07,0.198409,0.190111,0.103585,-0.085412,0.001185,0.000223,0.090102,-0.002031,-0.006328,-0.000522,-0.092473,0.006168,0.080098,0.013753,-0.089275,0.105936,-0.088962,-0.002814,0.002577,17,15,14,16,7,12,10,13,8,11,9,5,6,2,1,3,4
2024-05-08,0.183436,0.177273,0.094157,-0.085178,-0.002087,-0.00345,0.082916,-0.00532,-0.00797,-0.003753,-0.08921,0.001654,0.074786,0.00922,-0.085543,0.094225,-0.085767,-0.005346,0.000218,17,16,14,15,7,12,10,13,8,11,9,5,6,2,1,3,4
2024-05-09,0.155595,0.151311,0.077768,-0.077827,-0.0011,0.000596,0.076639,-0.002648,-0.002413,-0.004025,-0.071388,0.001222,0.072683,0.005166,-0.075525,0.071852,-0.073491,-0.005154,-0.000277,14,15,17,16,8,13,12,10,9,11,7,5,6,1,4,2,3
2024-05-10,0.186229,0.175179,-0.081559,0.090492,-0.000875,-0.00784,-0.095736,-0.000365,-0.004842,0.008855,0.069452,-0.000289,-0.09305,-0.005858,0.084898,-0.064581,0.0798,0.008054,0.001878,4,3,1,2,7,6,5,11,10,9,13,12,8,15,14,17,16
2024-05-13,0.255292,0.249061,0.130717,-0.124574,-0.00091,0.001145,0.125611,-0.003169,-0.00377,-0.00347,-0.118221,0.004795,0.118643,0.011139,-0.121559,0.124065,-0.120657,-0.006559,0.001487,14,15,17,16,7,13,11,12,9,10,8,5,6,1,3,2,4
2024-05-14,0.073661,0.071123,0.035375,-0.03537,0.000232,0.002056,0.038292,0.000695,0.001128,-0.001913,-0.030053,0.001416,0.036867,0.004328,-0.033134,0.030687,-0.034331,-0.002626,-0.000205,14,16,17,15,11,13,12,8,10,9,6,5,7,3,4,1,2
2024-05-15,0.018525,0.015542,-0.003564,0.009249,0.001142,-0.000438,-0.008983,-0.000889,-0.001079,0.003412,0.004525,0.001525,-0.009275,-0.000314,0.006678,-0.000555,0.008877,0.00316,0.002533,4,2,1,3,7,6,5,14,9,13,11,10,8,15,12,16,17
2024-05-16,0.387062,0.374005,0.201395,-0.177071,-2.7e-05,-0.003606,0.177773,-0.010459,-0.011577,0.000186,-0.185667,0.008403,0.16493,0.015184,-0.180231,0.199877,-0.175232,-0.004448,0.00927,17,14,15,16,6,11,8,13,9,12,10,5,7,1,2,3,4
2024-05-17,0.423737,0.41502,0.216596,-0.207141,0.000212,0.002045,0.214325,-0.003259,-0.003993,-0.00844,-0.197492,0.005829,0.202697,0.019843,-0.199812,0.203707,-0.203478,-0.011689,0.003858,14,16,17,15,7,13,12,11,9,10,8,5,6,1,3,2,4
2024-05-20,0.507664,0.498038,-0.257752,0.249912,-0.00029,-0.002224,-0.256738,0.006806,0.007,0.009699,0.234248,-0.010024,-0.243335,-0.02207,0.239322,-0.24351,0.246881,0.017064,-0.003832,4,2,1,3,11,5,6,7,9,8,10,13,12,17,15,16,14
2024-05-21,0.29104,0.28385,0.14292,-0.141576,0.001361,0.002835,0.149464,-0.003676,-0.003384,-0.007249,-0.130627,0.004679,0.141405,0.013224,-0.134625,0.134151,-0.141561,-0.014405,0.002212,14,16,17,15,8,13,12,10,9,11,7,5,6,2,4,1,3
2024-05-22,0.267628,0.260547,0.13687,-0.130758,-0.001972,-0.000521,0.129628,-0.005169,-0.006663,-0.001046,-0.124538,0.00697,0.121539,0.008443,-0.125954,0.129653,-0.128778,-0.002163,0.001999,14,16,17,15,7,11,9,13,10,12,8,5,6,1,2,3,4
2024-05-23,0.473779,0.459254,0.229716,-0.226379,0.003014,0.007832,0.242908,-0.002402,-0.00113,0.00059,-0.206406,0.008493,0.232803,0.018959,-0.215084,0.214576,-0.230871,-0.010542,0.007877,14,17,16,15,7,13,10,11,9,12,8,5,6,3,4,1,2
2024-05-24,0.068464,0.050606,-0.036388,0.016415,0.005281,0.007218,-0.001774,0.005657,0.010848,-0.002029,0.028862,-0.010932,0.00791,-0.000717,0.018955,-0.039603,0.005642,-0.011597,0.000135,1,8,3,2,10,15,13,4,9,7,6,11,14,16,17,12,5
2024-05-28,0.097286,0.089788,-0.037061,0.045828,-0.00065,-0.003567,-0.048297,-0.000686,-0.00024,0.000675,0.034049,0.001317,-0.049601,-0.003312,0.040892,-0.033407,0.047685,0.004963,0.000394,4,1,2,3,8,5,7,9,10,11,13,12,6,15,14,16,17
2024-05-29,0.224857,0.21609,-0.116338,0.104534,0.002304,0.003288,-0.103377,0.007032,0.006726,0.003924,0.108519,-0.008986,-0.093102,-0.007622,0.102853,-0.11265,0.100176,-0.002466,-0.001845,1,4,2,3,10,11,7,6,9,5,8,12,13,17,16,15,14
2024-05-30,0.215047,0.195994,0.088153,-0.097069,0.004983,0.011163,0.100176,0.005237,0.003469,0.003466,-0.070466,-0.002817,0.110288,0.009033,-0.087538,0.074034,-0.104759,-0.00875,0.002397,14,17,16,15,11,13,10,9,8,7,5,6,12,3,4,2,1
2024-05-31,0.465781,0.457556,-0.233159,0.231921,0.000838,-0.004039,-0.232918,0.005471,0.007525,0.00204,0.21021,-0.008065,-0.222191,-0.014566,0.219855,-0.216608,0.232622,0.007555,-0.003491,4,1,2,3,10,5,8,6,9,7,11,13,12,17,14,16,15
2024-06-03,0.195099,0.167666,-0.063975,0.082164,-0.002954,-0.012152,-0.086524,-0.006946,-0.00662,-0.003773,0.053003,0.00772,-0.101734,-0.005581,0.075236,-0.051561,0.093365,0.009575,-0.002338,4,1,2,3,7,5,9,11,8,12,13,10,6,15,14,16,17
2024-06-04,0.589417,0.577627,0.296014,-0.29138,0.001104,0.005982,0.293062,-0.003417,-0.009771,-0.000148,-0.265069,0.009129,0.282368,0.022984,-0.276654,0.279223,-0.293403,-0.006929,0.005292,14,17,16,15,8,12,10,13,9,11,7,5,6,1,4,2,3
2024-06-05,0.513263,0.502014,0.262145,-0.251117,-0.000347,0.003927,0.254033,-0.006076,-0.010184,-0.001032,-0.235724,0.013475,0.238593,0.020566,-0.239745,0.249183,-0.249818,-0.001774,0.005737,14,16,17,15,7,11,10,13,9,12,8,5,6,1,3,2,4
2024-06-06,0.062528,0.053996,0.030435,-0.022388,-0.000943,-0.002817,0.024378,-0.002906,-0.002458,-0.001565,-0.029637,0.006812,0.016096,0.001798,-0.02226,0.032891,-0.019266,0.001544,0.00162,17,14,16,15,7,8,10,11,9,13,12,6,5,2,1,3,4
2024-06-07,0.175204,0.172002,-0.087906,0.087298,0.001354,-0.000345,-0.086825,0.003851,0.005925,0.001792,0.080082,-0.003894,-0.078839,-0.005166,0.083399,-0.083661,0.086916,0.003719,-0.002261,4,2,1,3,11,7,8,5,9,6,10,13,12,17,15,16,14
2024-06-10,0.013845,0.009052,-0.000178,-0.004164,0.000586,0.003064,0.002582,0.001937,0.001611,0.001308,0.002288,-0.003131,0.007725,0.000629,-0.0035,-0.003174,-0.00612,-0.000943,-2.2e-05,4,17,16,15,10,12,7,6,9,5,2,8,13,11,14,3,1
2024-06-11,0.141257,0.138745,0.073146,-0.068112,-0.000813,-0.001741,0.070064,-0.003342,-0.005521,-0.001569,-0.066599,0.006212,0.057839,0.003752,-0.064769,0.07157,-0.066746,-0.002568,0.002566,15,16,17,14,7,11,9,13,8,12,10,6,5,1,2,3,4
2024-06-12,0.272458,0.267291,0.136373,-0.136004,0.000489,0.003367,0.136454,-0.005137,-0.00681,-0.001131,-0.121278,0.006395,0.127207,0.008599,-0.129054,0.128312,-0.135675,-0.004784,0.005081,14,16,17,15,7,11,10,13,9,12,8,5,6,2,3,1,4
2024-06-13,0.091732,0.089965,-0.045809,0.045425,-0.000871,-0.002147,-0.046102,0.001108,0.001599,-0.000521,0.03946,-0.002363,-0.044029,-0.003367,0.0429,-0.042856,0.04563,0.001134,-0.002386,4,1,2,3,12,6,8,5,9,7,10,13,11,16,14,17,15
2024-06-14,0.161125,0.157348,0.080081,-0.081044,5.9e-05,0.00111,0.080033,-0.003565,-0.004545,-0.001019,-0.071914,0.003889,0.074229,0.004466,-0.075715,0.075491,-0.07968,-0.002902,0.003141,14,16,17,15,7,11,10,13,9,12,8,5,6,1,3,2,4
2024-06-17,0.298077,0.291618,0.148334,-0.149494,0.00124,0.004744,0.148583,-0.00497,-0.005918,-0.00062,-0.130079,0.007165,0.141279,0.009547,-0.139784,0.138628,-0.147381,-0.003771,0.007087,14,16,17,15,7,11,10,13,9,12,8,5,6,2,4,1,3
2024-06-18,0.10555,0.098269,-0.043954,0.051148,-0.001397,-0.008122,-0.04794,-0.000145,-0.000349,-0.002936,0.03447,0.000128,-0.053881,-0.005477,0.046215,-0.036747,0.051669,0.000974,-0.003086,4,1,2,3,11,5,10,8,9,7,13,12,6,15,14,16,17
2024-06-20,0.177953,0.172836,-0.088385,0.089261,-0.001081,-0.003003,-0.088692,0.002781,0.003604,6.2e-05,0.077895,-0.005093,-0.083069,-0.005172,0.082261,-0.082673,0.086839,0.002122,-0.004271,4,2,1,3,11,7,8,5,9,6,10,13,12,16,14,17,15
2024-06-21,0.387023,0.375497,-0.191058,0.194691,-0.000582,-0.003619,-0.192332,0.009107,0.009857,0.003044,0.171714,-0.008726,-0.179002,-0.008719,0.17937,-0.17822,0.190039,0.006941,-0.007856,4,2,1,3,11,7,8,5,9,6,10,12,13,16,14,17,15
2024-06-24,0.03195,0.031256,0.017085,-0.014865,0.000803,0.000398,0.016785,-0.000204,-0.000246,0.00016,-0.014304,0.001967,0.014758,0.001236,-0.013769,0.016464,-0.014264,0.000185,0.001283,16,15,17,14,6,10,11,13,8,12,9,7,5,1,3,2,4
2024-06-25,0.52821,0.511876,-0.256348,0.270731,-0.003417,-0.007067,-0.257479,0.010684,0.013539,0.003763,0.231482,-0.009416,-0.245046,-0.008306,0.244077,-0.238485,0.261948,0.01002,-0.011074,4,2,1,3,13,7,8,5,9,6,10,11,12,16,14,17,15
2024-06-26,0.325194,0.317307,0.158507,-0.166427,0.002604,0.005817,0.158767,-0.007856,-0.00741,-0.001208,-0.142523,0.005374,0.153249,0.004953,-0.150731,0.147607,-0.164238,-0.005266,0.00678,14,16,17,15,5,11,10,12,9,13,6,8,7,2,4,1,3
2024-06-27,0.019739,0.017663,0.006831,-0.010289,-0.000365,0.001148,0.007245,-0.000576,-0.000548,-0.000231,-0.006508,-0.001429,0.00896,-0.0001,-0.008885,0.005328,-0.010779,-0.000501,6.7e-05,14,17,16,15,6,10,8,11,9,12,5,7,13,3,4,2,1
2024-06-28,0.208473,0.202506,-0.102654,0.105819,-0.00083,-0.001268,-0.102361,0.005241,0.005643,0.002884,0.094605,-0.004108,-0.096004,-0.002747,0.096271,-0.097169,0.103245,0.003294,-0.003215,4,2,1,3,12,7,8,5,9,6,10,11,13,17,15,16,14
2024-07-01,0.512021,0.499098,-0.257724,0.254297,-0.002938,-0.000242,-0.255418,0.011383,0.013344,0.006103,0.236353,-0.015599,-0.233818,-0.007776,0.232031,-0.246976,0.246527,0.00689,-0.007808,3,2,1,4,12,7,8,5,10,6,9,11,13,17,15,16,14
2024-07-02,0.029563,0.022833,0.006412,-0.01386,0.000727,0.004953,0.007853,0.000475,0.000536,0.001612,-0.003341,-0.003282,0.013701,0.000639,-0.010811,0.00474,-0.015862,0.00056,0.003351,14,17,16,15,6,10,7,11,8,12,4,9,13,3,5,2,1
2024-07-03,0.126555,0.118765,-0.055762,0.062533,-0.002913,-0.009003,-0.056402,-0.001168,-0.000578,-0.002535,0.044418,0.000693,-0.061957,-0.003039,0.055042,-0.051649,0.064598,-0.001461,-0.007562,4,1,2,3,12,8,9,6,10,7,13,11,5,15,14,16,17
2024-07-05,0.155135,0.151389,-0.077335,0.077127,-0.002305,-0.005143,-0.076106,0.000807,0.000797,-0.000643,0.065726,-0.003564,-0.075198,-0.002398,0.070602,-0.072927,0.0778,0.001434,-0.005547,4,1,2,3,13,5,8,7,9,6,12,10,11,17,14,16,15
2024-07-08,0.554735,0.544259,0.284849,-0.269886,0.003076,0.001654,0.279689,-0.013042,-0.008853,-0.003695,-0.257262,0.015623,0.259991,0.005682,-0.254293,0.27234,-0.268751,-0.010033,0.009562,15,16,17,14,6,12,10,11,8,13,9,7,5,1,3,2,4
2024-07-09,0.016943,0.016269,-0.010038,0.00592,-0.001418,-0.000923,-0.010027,-0.000672,-0.000932,-0.001201,0.006889,-0.00247,-0.008496,-0.001304,0.005879,-0.010053,0.005739,-0.001067,-0.001344,1,4,2,3,11,8,9,7,12,5,6,10,13,16,17,15,14
2024-07-10,0.151113,0.147615,0.076553,-0.074004,0.001192,0.002203,0.07587,-0.002797,-0.001946,-0.000444,-0.06777,0.00375,0.07224,0.001702,-0.068894,0.072964,-0.07456,-0.002226,0.004158,14,17,16,15,5,12,10,11,9,13,7,8,6,1,3,2,4
2024-07-11,0.050595,0.041156,0.021306,-0.011753,-0.003081,-0.008106,0.023602,-0.007247,-0.005717,-0.004376,-0.025517,0.008009,0.009668,-0.006139,-0.016213,0.025078,-0.007145,-0.003186,-0.007721,17,11,15,16,13,7,8,9,6,12,14,10,5,3,1,2,4
2024-07-12,0.878494,0.854985,-0.438554,0.434852,-0.004624,-0.014861,-0.432327,0.017361,0.011652,0.006199,0.389341,-0.01747,-0.416605,-0.007428,0.402301,-0.41698,0.43994,0.015917,-0.023413,4,1,2,3,13,6,8,7,9,5,11,10,12,17,15,16,14
2024-07-16,0.015097,0.012331,0.002831,0.002444,-0.002237,-0.006452,0.002251,-0.005281,-0.004216,-0.007336,-0.0079,0.002405,-0.000605,-0.00433,-0.004711,0.007196,0.003952,-0.00352,-0.007778,17,2,4,12,16,9,15,10,8,13,14,11,5,3,1,6,7
2024-07-17,0.186299,0.176376,-0.084807,0.094131,-0.003417,-0.015966,-0.088573,-0.007237,-0.006329,-0.01467,0.066447,0.00048,-0.08834,-0.008586,0.075553,-0.076715,0.097725,-0.006343,-0.015388,4,1,2,3,12,8,11,7,6,9,13,10,5,15,14,17,16
2024-07-18,0.502257,0.487536,-0.258566,0.24135,0.002885,-0.000495,-0.246657,0.013839,0.010787,0.013381,0.23139,-0.011597,-0.237746,-0.001567,0.232885,-0.239459,0.243691,0.014959,-0.014211,4,1,2,3,13,5,7,8,9,6,10,11,12,17,15,16,14
2024-07-19,0.201973,0.191024,-0.105719,0.088578,-0.004863,0.006086,-0.096988,0.009224,0.004425,0.011611,0.096254,-0.008126,-0.095851,0.000587,0.089682,-0.091633,0.0863,0.007581,-0.005521,1,4,3,2,12,7,5,9,11,6,8,10,13,17,14,16,15
2024-07-22,0.307026,0.295457,0.158299,-0.145101,-0.005874,0.007743,0.142495,-0.005541,-0.004438,-0.005138,-0.134421,0.002065,0.146784,0.007397,-0.137798,0.149665,-0.148727,-0.007593,0.010199,14,17,16,15,5,13,10,9,12,11,6,7,8,1,2,4,3
2024-07-23,0.23521,0.22991,0.122042,-0.113168,-0.000582,-0.005174,0.115327,-0.009963,-0.007165,-0.010743,-0.112808,0.005734,0.114008,-0.001392,-0.11085,0.110986,-0.112375,-0.010454,0.004663,16,15,17,14,6,12,13,10,7,11,9,8,5,1,4,2,3
2024-07-24,0.141169,0.137173,-0.074879,0.065432,-0.001283,0.001868,-0.070698,0.004074,0.003336,0.005381,0.06629,-0.005042,-0.069241,-0.001984,0.064404,-0.067919,0.064978,0.004578,-0.00458,1,3,2,4,12,6,5,8,10,7,9,11,13,17,14,16,15
2024-07-25,0.400514,0.384894,0.209531,-0.183674,-0.008173,0.018093,0.186356,-0.001064,0.000629,-0.003651,-0.168701,0.001734,0.196641,0.017565,-0.172746,0.201108,-0.190983,-0.004224,0.019147,14,17,16,15,5,12,11,9,13,10,6,7,8,1,2,4,3
2024-07-26,0.666129,0.640104,-0.345563,0.307528,0.006584,0.000356,-0.319851,0.017567,0.010587,0.018762,0.30504,-0.011227,-0.321764,-0.005144,0.302162,-0.319639,0.320566,0.020379,-0.027551,3,1,2,4,13,5,6,8,9,7,10,11,12,17,14,15,16
2024-07-29,0.256155,0.243644,-0.129416,0.119245,0.009923,-0.005685,-0.116135,0.001091,0.003294,0.004314,0.108438,0.004474,-0.118731,-0.00392,0.112021,-0.124778,0.126739,0.005343,-0.007364,4,1,2,3,13,6,8,9,5,10,12,11,7,17,16,14,15
2024-07-30,0.02649,0.025437,0.01438,-0.010757,0.001307,0.000174,0.014011,-0.00089,0.000153,3.1e-05,-0.012111,0.001551,0.013408,0.000822,-0.011344,0.013041,-0.011058,-0.000625,0.00227,17,15,14,16,5,12,11,10,7,13,9,8,6,1,4,2,3
2024-07-31,0.766586,0.737514,-0.396399,0.356929,0.008995,-0.000993,-0.367281,0.016108,0.011807,0.024192,0.352021,-0.005519,-0.369725,-0.007079,0.346783,-0.365812,0.370187,0.021008,-0.026599,3,1,2,4,13,6,5,8,9,7,10,12,11,17,14,15,16
2024-08-01,0.340772,0.329912,0.177597,-0.156963,-0.001397,-0.001385,0.166717,-0.014619,-0.007347,-0.011447,-0.163175,0.003477,0.164179,0.000494,-0.156146,0.161842,-0.161105,-0.013769,0.012081,17,16,15,14,5,12,11,10,9,13,8,7,6,1,4,2,3
2024-08-02,0.691321,0.668232,0.36327,-0.323311,-0.011359,0.003768,0.323695,-0.018963,-0.011813,-0.027758,-0.319049,0.00412,0.33569,0.007235,-0.314831,0.335324,-0.328051,-0.01237,0.019213,15,17,16,14,5,11,13,10,9,12,8,6,7,1,3,4,2
2024-08-05,0.883217,0.853462,0.449297,-0.423587,-0.025538,-0.000709,0.392389,-0.01966,-0.02096,-0.040755,-0.411317,-0.001011,0.420591,0.001094,-0.408685,0.421672,-0.43392,-0.015054,0.013945,15,17,16,14,5,9,13,11,12,10,7,6,8,1,2,4,3
2024-08-06,0.214786,0.187285,-0.087281,0.088325,-0.010477,0.006896,-0.116284,0.022923,0.01192,0.000836,0.098502,0.002074,-0.073576,0.006072,0.090464,-0.081,0.077475,0.020177,0.005068,1,4,3,2,10,6,12,7,13,5,8,9,11,16,15,17,14
2024-08-07,0.259814,0.251678,-0.124245,0.122382,0.002756,-0.008942,-0.13117,-0.001744,0.001019,0.005039,0.120729,-0.001289,-0.12542,0.002648,0.123173,-0.12219,0.128644,0.001103,-0.001512,4,1,3,2,11,8,5,9,6,12,13,7,10,15,14,17,16
2024-08-08,0.020842,0.01888,-0.011903,0.007936,-0.002244,0.002312,-0.008282,0.001069,-0.001361,-0.001572,0.008939,-0.001569,-0.009279,-0.000888,0.007352,-0.011231,0.005149,0.000231,0.000565,1,4,2,3,7,8,12,10,13,6,5,9,11,17,16,14,15
2024-08-09,0.040989,0.031534,0.020396,-0.011714,0.002207,-0.009507,0.003897,-0.000485,0.000846,0.002106,-0.017982,-0.000674,0.011996,0.006094,-0.008616,0.023007,-0.008439,0.003659,0.003439,17,13,16,14,7,6,9,10,8,11,15,4,12,2,1,5,3
2024-08-13,0.026432,0.023245,0.01245,-0.010378,0.000232,-0.001646,0.010351,-0.000181,0.000775,0.000453,-0.011964,-3e-06,0.01081,0.001411,-0.009666,0.014468,-0.009079,0.001251,0.001373,17,14,16,15,6,7,9,8,10,12,13,5,11,2,1,4,3
2024-08-14,0.319272,0.314815,0.160012,-0.152758,-0.001272,-0.003219,0.162931,-0.004666,0.000647,-0.002314,-0.156341,0.00091,0.149679,0.00029,-0.150509,0.161893,-0.146419,-0.001241,0.000737,17,14,16,15,6,9,11,7,10,13,12,8,5,3,2,1,4
2024-08-15,0.152244,0.146301,-0.073599,0.071157,0.000147,-0.003888,-0.08053,0.001026,0.000119,0.000716,0.069003,-0.001916,-0.071198,0.002345,0.071714,-0.069016,0.070704,0.002763,0.00154,4,3,2,1,7,5,9,11,10,8,13,6,12,16,14,17,15
2024-08-16,0.062235,0.049833,0.025118,-0.021633,-0.002964,-0.00665,0.018503,-0.003065,0.000994,0.001445,-0.027369,-0.000982,0.020454,0.003265,-0.020058,0.034866,-0.018807,0.003585,0.003493,17,14,16,15,6,5,8,9,11,12,13,7,10,2,1,4,3
2024-08-19,0.019284,0.017827,0.009493,-0.007847,-3.4e-05,-0.000317,0.009136,0.000121,0.000713,0.000681,-0.008718,0.000292,0.008669,0.000734,-0.007721,0.010566,-0.007355,0.000777,0.000808,17,14,16,15,5,6,9,8,12,11,13,7,10,2,1,3,4
2024-08-20,0.05964,0.051917,0.026473,-0.023438,-0.002074,-0.004108,0.023576,-0.00129,0.001147,0.001166,-0.027699,-0.001007,0.02347,0.001886,-0.022623,0.03194,-0.021333,0.002181,0.002153,17,14,16,15,6,5,8,9,12,11,13,7,10,2,1,3,4
2024-08-21,0.440716,0.425217,0.21432,-0.209439,-0.002801,0.007272,0.230451,-0.003265,-0.001018,-0.002748,-0.204073,0.002742,0.20544,-0.006975,-0.210265,0.204047,-0.205735,-0.008213,-0.004966,14,15,16,17,11,13,8,7,9,10,5,12,6,2,4,1,3
2024-08-22,0.07574,0.069836,0.034509,-0.033713,-0.00317,-0.003794,0.032259,-0.0027,-0.000198,-0.001253,-0.037111,-0.002143,0.031789,-0.000187,-0.033289,0.038629,-0.032073,-0.000337,0.000507,17,14,16,15,5,8,9,7,12,11,13,6,10,2,1,3,4
2024-08-23,0.403885,0.39559,-0.200548,0.193178,0.003183,-0.002828,-0.210707,0.003486,-0.001396,0.001765,0.192131,-0.002272,-0.190565,0.0029,0.193106,-0.197101,0.188342,0.004789,0.001864,3,4,1,2,9,5,10,11,7,6,13,8,12,16,15,17,14
2024-08-26,0.487453,0.464991,-0.232672,0.226101,-0.002025,-0.014517,-0.258098,0.001733,-0.001348,0.003819,0.21765,-0.006309,-0.223609,0.008634,0.229355,-0.212532,0.225136,0.011966,0.007728,4,3,2,1,7,5,8,10,11,9,13,6,12,16,14,17,15
2024-08-27,0.071554,0.068755,-0.035033,0.033237,-0.000372,-0.002002,-0.038101,-6.9e-05,-0.000658,7.2e-05,0.032241,-0.001171,-0.03364,0.000586,0.033453,-0.032817,0.032802,0.001013,0.000411,4,3,2,1,7,5,8,11,10,9,13,6,12,16,14,17,15
2024-08-28,0.034273,0.032612,-0.015862,0.016342,0.001416,0.001478,-0.015137,0.001084,0.000389,0.000423,0.016936,0.000818,-0.015296,0.000282,0.016062,-0.017337,0.015393,0.000301,0.000298,1,4,2,3,12,11,9,10,6,7,5,13,8,16,17,14,15
2024-08-29,0.060124,0.054041,-0.025839,0.025724,0.003219,0.004333,-0.021896,0.0018,0.000132,-0.000159,0.028326,0.001731,-0.025331,-0.001022,0.025105,-0.031798,0.023175,-0.001725,-0.001299,1,4,2,3,12,13,10,9,6,7,5,11,8,16,17,14,15
2024-08-30,0.372749,0.359995,-0.181784,0.177302,0.002259,-0.004399,-0.194709,0.002064,-0.000748,0.002588,0.173803,-0.002842,-0.173906,0.005183,0.17804,-0.174346,0.173377,0.006257,0.003851,3,4,2,1,7,5,8,11,9,10,13,6,12,16,15,17,14
2024-09-03,0.023524,0.01598,0.002309,-0.001641,-0.004039,-0.007987,-0.009874,-0.002716,-0.000125,0.001643,-0.006568,-0.003431,0.001616,0.004496,-0.000101,0.01365,0.001927,0.005364,0.003664,15,6,11,9,4,2,7,10,14,12,16,3,13,5,1,17,8
2024-09-04,0.444671,0.416993,0.205028,-0.202007,0.002994,0.015404,0.239681,0.00202,0.000934,-0.005508,-0.190164,0.007538,0.197365,-0.011898,-0.20499,0.182128,-0.20191,-0.015089,-0.009182,14,15,16,17,11,13,10,9,7,8,5,12,6,2,4,1,3
2024-09-05,0.333073,0.320671,0.162023,-0.15677,-0.000723,0.004355,0.175243,-0.001044,0.001052,-0.002273,-0.154073,0.003178,0.156075,-0.004134,-0.15783,0.155703,-0.152709,-0.004804,-0.003358,15,14,16,17,11,13,10,7,8,9,5,12,6,2,4,1,3
2024-09-06,0.0263,0.018104,0.006522,-0.006204,0.004233,0.006588,0.018603,0.002028,-3.8e-05,-0.001676,-0.00263,0.003716,0.007683,-0.003493,-0.007538,-0.001112,-0.007697,-0.003714,-0.002544,12,17,15,16,11,14,10,8,5,7,3,13,6,4,9,1,2
2024-09-09,0.074687,0.060145,0.023962,-0.02759,0.005698,0.009688,0.044497,0.000203,-0.0028,-0.00588,-0.02111,0.004813,0.024261,-0.009015,-0.029933,0.007595,-0.03019,-0.010407,-0.007647,14,17,15,16,11,13,10,9,6,8,4,12,7,3,5,1,2
2024-09-10,0.079783,0.069944,-0.03209,0.032229,-0.005942,-0.009202,-0.046639,-0.001429,0.004179,0.005027,0.0268,-0.004846,-0.032907,0.006339,0.033144,-0.01849,0.032822,0.007366,0.004911,4,2,3,1,8,5,7,9,12,10,13,6,11,15,14,17,16
2024-09-11,0.287823,0.282059,0.14179,-0.13914,-0.003489,-2.6e-05,0.14828,-0.0023,0.000612,-0.002838,-0.13804,2.2e-05,0.135862,-0.003273,-0.139544,0.139384,-0.135201,-0.003835,-0.003161,15,14,16,17,10,13,9,5,12,8,7,11,6,2,3,1,4
2024-09-12,0.175945,0.170551,0.086765,-0.083367,-6.3e-05,0.002525,0.092273,-3.2e-05,0.000509,-0.001297,-0.081865,0.001707,0.08371,-0.00163,-0.083672,0.083412,-0.08107,-0.002129,-0.001378,15,14,16,17,11,13,10,7,9,8,5,12,6,2,4,1,3
2024-09-13,0.03294,0.027795,-0.01244,0.012258,-0.004054,-0.006263,-0.020176,-0.001214,0.003174,0.002521,0.009047,-0.00281,-0.013488,0.002876,0.012764,-0.004645,0.012259,0.003649,0.002353,4,2,3,1,9,5,8,6,12,10,14,7,11,15,13,17,16
2024-09-17,0.103157,0.095485,0.046983,-0.046248,-0.005311,-0.005846,0.04162,-0.002088,0.003453,0.00166,-0.049091,-0.002742,0.043703,0.001296,-0.046364,0.054066,-0.045112,0.001753,0.000764,17,14,15,16,9,6,7,5,12,10,13,8,11,2,1,4,3
2024-09-18,0.557463,0.546886,-0.275858,0.268196,0.005728,-0.001194,-0.286637,0.003235,-0.002137,0.003849,0.267401,-0.000604,-0.264597,0.006027,0.270826,-0.271741,0.262651,0.006899,0.005603,3,4,2,1,8,5,9,13,7,10,12,6,11,16,15,17,14
2024-09-19,0.196854,0.193456,-0.096975,0.09462,0.004237,0.002942,-0.096427,0.001837,-0.003116,-0.000515,0.096262,0.001182,-0.092845,0.000647,0.095491,-0.100592,0.092695,0.00035,0.000384,1,4,3,2,10,11,12,13,5,7,6,9,8,16,17,15,14
2024-09-20,0.443972,0.425507,-0.213268,0.209608,0.000209,-0.008238,-0.232539,0.001218,0.004666,0.007955,0.203381,-0.004025,-0.205793,0.009421,0.211433,-0.199203,0.203881,0.010282,0.008655,4,3,2,1,7,5,8,9,11,10,13,6,12,16,14,17,15
2024-09-24,0.573131,0.557594,0.280474,-0.274367,-0.004931,0.003653,0.296134,-0.003902,-0.000888,-0.005489,-0.271033,0.001845,0.269788,-0.007689,-0.276997,0.273777,-0.267479,-0.008281,-0.006627,15,14,16,17,11,13,10,7,9,8,5,12,6,2,3,1,4
2024-09-25,0.208245,0.203256,-0.103134,0.098949,0.001071,-0.002061,-0.108325,0.000488,-0.001109,0.000644,0.09806,-0.001467,-0.099016,0.001743,0.09992,-0.101381,0.096555,0.001771,0.001277,3,4,2,1,7,5,9,11,8,10,13,6,12,16,15,17,14
2024-09-26,0.323522,0.307739,0.154306,-0.150069,0.000841,0.007702,0.171862,0.000231,-0.003698,-0.005153,-0.144852,0.004566,0.149869,-0.006779,-0.15166,0.143438,-0.14545,-0.007086,-0.005478,14,15,16,17,11,13,10,9,7,8,5,12,6,2,4,1,3
2024-09-27,0.070442,0.069242,0.035557,-0.03316,-1e-05,0.00106,0.037017,0.000275,0.001256,0.000556,-0.033029,0.000983,0.034125,0.000235,-0.033426,0.035538,-0.032291,7.9e-05,0.000314,15,14,16,17,9,12,8,5,13,10,6,11,7,2,3,1,4
2024-09-30,0.170642,0.163945,-0.082712,0.080109,-0.000764,-0.004006,-0.090134,-0.000243,0.000371,0.000713,0.077629,-0.002414,-0.080689,0.002442,0.080508,-0.078568,0.077683,0.003156,0.001893,4,3,2,1,7,5,8,9,11,10,13,6,12,16,14,17,15
2024-10-01,0.025742,0.023689,-0.011467,0.011256,-0.001045,-0.002014,-0.014431,-0.000516,0.000913,0.0005,0.009859,-0.001016,-0.011776,0.001041,0.011311,-0.008818,0.010827,0.001387,0.00084,4,3,2,1,8,5,9,7,12,10,13,6,11,15,14,17,16
2024-10-02,0.281344,0.277327,-0.139621,0.135936,0.002151,-0.001726,-0.145128,7.3e-05,-0.00252,-0.000866,0.134605,-0.002131,-0.134618,0.00157,0.136216,-0.140475,0.132106,0.001487,0.000361,3,4,2,1,8,7,10,13,5,9,11,6,12,15,16,17,14
2024-10-03,0.217529,0.216423,-0.108333,0.106271,0.00349,0.001104,-0.1106,0.001194,-0.002248,0.000147,0.106536,-0.00017,-0.104069,0.001007,0.106848,-0.110681,0.10333,0.000676,0.000715,2,4,3,1,9,10,11,13,5,6,7,8,12,15,17,16,14
2024-10-04,0.213377,0.207619,-0.103934,0.101887,0.004576,0.00316,-0.101999,0.001758,-0.004077,-0.001171,0.102753,0.000541,-0.098213,-0.001053,0.101662,-0.110624,0.097513,-0.001895,-0.000282,1,4,2,3,9,12,11,13,5,7,6,10,8,16,17,15,14
2024-10-07,0.207882,0.198542,-0.095731,0.100587,0.001688,-0.003435,-0.107295,0.001704,0.005584,0.004542,0.094667,-0.001289,-0.093733,0.006869,0.100234,-0.088873,0.098046,0.008543,0.005835,4,3,1,2,7,5,9,8,11,10,13,6,12,16,14,17,15
2024-10-08,0.449344,0.441709,-0.221788,0.217374,0.007267,0.003869,-0.219393,0.002359,-0.007447,-0.001295,0.218079,0.000767,-0.211778,-3.6e-05,0.217229,-0.231265,0.208234,-0.001107,0.00098,1,4,2,3,8,11,12,13,5,7,6,10,9,16,17,15,14
2024-10-09,0.516738,0.505171,0.254392,-0.249903,-0.001822,0.005809,0.266835,0.000466,0.001485,-0.000347,-0.243669,0.004219,0.245821,-0.003509,-0.249346,0.251366,-0.242529,-0.006064,-0.003004,15,14,17,16,11,13,9,7,10,8,5,12,6,2,3,1,4
2024-10-10,0.058684,0.054098,-0.024972,0.027291,-0.000386,-0.002925,-0.031393,-0.000244,0.003285,0.002248,0.023726,-0.001718,-0.025236,0.003031,0.027026,-0.020111,0.026376,0.003946,0.002777,4,3,1,2,8,5,9,6,11,10,13,7,12,15,14,17,16
2024-10-11,0.151755,0.147687,-0.073386,0.072889,0.002784,0.002568,-0.072291,0.001731,-0.00213,-0.000996,0.074041,0.001964,-0.07023,-0.000309,0.072742,-0.077714,0.070897,0.000284,-0.000494,1,4,2,3,11,9,12,13,5,8,6,10,7,16,17,15,14
2024-10-15,0.207383,0.19545,-0.094834,0.097031,-0.001178,-0.007966,-0.110352,-0.002157,0.005382,0.004087,0.088119,-0.005019,-0.094454,0.005894,0.096065,-0.084225,0.093613,0.008168,0.005269,4,3,1,2,8,5,9,7,10,11,13,6,12,16,14,17,15
2024-10-16,0.020049,0.014791,-0.006172,0.006156,0.001641,0.002695,-0.003082,0.001453,-0.001532,-0.001269,0.008479,0.001941,-0.005504,-0.001183,0.006492,-0.011569,0.006127,-0.00179,-0.000874,1,4,3,2,9,13,11,12,7,8,5,10,6,16,17,14,15
2024-10-17,0.127535,0.11843,-0.057401,0.05804,-0.003869,-0.006838,-0.069495,-0.002769,0.002932,0.00187,0.051427,-0.005034,-0.057424,0.003729,0.05712,-0.045768,0.05581,0.005247,0.003466,4,3,1,2,7,5,9,8,11,10,13,6,12,15,14,17,16
2024-10-18,0.320436,0.317337,-0.156216,0.158135,0.004516,0.001041,-0.162301,0.002879,-0.000156,0.000449,0.15632,0.001485,-0.151681,0.00263,0.157931,-0.161107,0.153848,0.00418,0.002632,3,4,1,2,8,6,12,13,5,7,11,9,10,15,16,17,14
2024-10-21,0.10135,0.097276,0.047995,-0.047721,-0.002507,-0.001946,0.046822,-0.001878,0.00094,0.000225,-0.048947,-0.001738,0.045781,-5.8e-05,-0.047941,0.052404,-0.046716,-0.000139,-9e-06,17,14,15,16,7,9,6,5,13,11,12,8,10,2,1,3,4
2024-10-22,0.118081,0.104447,0.047915,-0.050225,0.006427,0.010965,0.067856,0.005787,-0.003528,-0.000909,-0.039534,0.009082,0.049897,-0.004265,-0.048976,0.032837,-0.048471,-0.006905,-0.004557,14,15,17,16,12,13,9,10,7,8,5,11,6,3,4,1,2
2024-10-23,0.147186,0.139037,0.067069,-0.069623,0.000849,0.003961,0.077563,0.001135,-0.001902,-0.000973,-0.064475,0.003005,0.066189,-0.002966,-0.069012,0.06251,-0.067656,-0.004573,-0.003144,14,15,17,16,12,13,9,10,8,7,5,11,6,2,4,1,3
2024-10-24,0.1234,0.119156,-0.060552,0.056944,0.000738,7.3e-05,-0.059678,0.000384,-0.003113,-0.002523,0.057787,0.000225,-0.058067,-0.001516,0.056894,-0.065614,0.055146,-0.001668,-0.001661,1,4,2,3,10,11,12,13,5,6,8,9,7,16,17,15,14
2024-10-25,0.087981,0.086244,-0.041161,0.043954,0.00274,0.00211,-0.041967,0.002578,0.000687,0.00086,0.043834,0.002174,-0.039477,0.00186,0.043791,-0.044026,0.042551,0.001904,0.001712,2,4,1,3,11,9,12,13,5,6,8,10,7,15,17,16,14
2024-10-28,0.129781,0.118582,-0.057235,0.057593,0.005156,0.006218,-0.051671,0.00481,-0.002383,-0.001277,0.061288,0.005338,-0.05362,-0.00023,0.057516,-0.068494,0.055361,-0.001358,-0.000831,1,4,2,3,10,12,11,13,7,8,5,9,6,16,17,14,15
2024-10-29,0.101439,0.094546,-0.044572,0.04728,-0.001178,-0.004242,-0.05416,-0.000563,0.002831,0.001424,0.04296,-0.002511,-0.044239,0.003184,0.047143,-0.03858,0.046244,0.005038,0.003255,4,3,1,2,6,5,9,8,11,10,13,7,12,16,14,17,15
2024-10-30,0.048149,0.03632,-0.014946,0.016648,0.005908,0.008326,-0.005796,0.004663,-0.002297,0.000231,0.021466,0.006327,-0.012851,-0.000937,0.016367,-0.026684,0.015771,-0.002615,-0.000683,1,4,2,3,10,13,9,12,7,8,5,11,6,16,17,14,15
2024-10-31,0.435053,0.4205,-0.206364,0.210221,0.001985,-0.002642,-0.224832,0.000665,0.000974,0.000223,0.202806,-0.002729,-0.201411,0.00418,0.209158,-0.206825,0.204098,0.008181,0.004912,4,3,1,2,6,5,11,9,8,10,12,7,13,15,16,17,14
2024-11-01,0.28189,0.261755,0.12404,-0.130096,0.003582,0.011251,0.151793,0.00248,-0.007471,-0.003214,-0.117825,0.007978,0.123081,-0.007865,-0.129997,0.105509,-0.126258,-0.013289,-0.008464,14,15,17,16,12,13,9,10,7,8,5,11,6,2,4,1,3
2024-11-05,0.060554,0.056919,0.028533,-0.027203,0.001623,0.00287,0.033328,0.001318,0.000252,0.00075,-0.025097,0.002472,0.028135,1.3e-05,-0.027225,0.025975,-0.026333,-0.001038,-0.000278,14,15,16,17,12,13,9,10,7,8,5,11,6,2,4,1,3
2024-11-06,0.182666,0.162263,0.077535,-0.077504,-0.009532,-0.011231,0.068382,-0.002146,0.006524,0.002855,-0.082545,-0.005684,0.073352,0.003068,-0.074997,0.100121,-0.075733,0.004773,0.004862,17,15,16,14,6,7,9,5,12,10,13,8,11,2,1,4,3
2024-11-07,1.511407,1.450745,-0.744918,0.738597,-0.015207,-0.03862,-0.772811,0.004147,0.018774,0.000864,0.671883,-0.034696,-0.67871,0.01972,0.72582,-0.685763,0.684327,0.056493,0.046362,4,3,1,2,6,5,10,8,11,9,13,7,12,16,15,17,14
2024-11-08,0.436076,0.430871,0.212147,-0.217344,-0.010517,-0.000186,0.213408,-0.003071,-0.007032,-0.009397,-0.207314,-0.003866,0.203356,0.009807,-0.213637,0.217279,-0.218797,-0.010719,0.003857,14,17,16,15,6,13,11,10,12,8,7,5,9,3,1,2,4
2024-11-11,0.470625,0.463819,0.225554,-0.233771,-0.013163,-0.003332,0.231188,-0.006457,-0.004162,-0.009477,-0.223637,-0.006418,0.219098,0.00914,-0.230318,0.236065,-0.23456,-0.014391,0.002702,14,17,16,15,6,13,11,8,12,10,7,5,9,3,1,2,4
2024-11-12,0.290423,0.28598,-0.145152,0.143017,0.005466,-0.00102,-0.142765,0.001575,0.00655,0.008192,0.134107,-0.001154,-0.140103,-0.011226,0.141633,-0.137602,0.145271,0.00806,-0.000922,4,1,2,3,10,6,5,7,8,9,11,13,12,17,14,16,15
2024-11-13,0.096437,0.090312,0.049122,-0.041317,0.004958,0.004128,0.042965,0.004754,-0.010978,-0.01052,-0.038984,0.00551,0.049365,0.00885,-0.041095,0.0252,-0.047073,-0.000311,-0.001573,14,17,16,15,11,10,12,13,7,8,9,5,6,2,4,3,1
2024-11-14,0.22417,0.219887,-0.11282,0.108774,-0.000884,-0.002131,-0.111483,-0.000355,0.005127,0.007899,0.102771,-0.003255,-0.10817,-0.009869,0.107063,-0.105357,0.11135,0.005482,-0.000105,4,1,2,3,8,6,5,7,10,9,11,13,12,17,14,16,15
2024-11-15,0.21584,0.205241,-0.096089,0.101046,0.003385,0.001745,-0.103183,0.006355,-0.006608,0.000749,0.097721,0.002421,-0.091354,-0.004909,0.100005,-0.114795,0.100606,0.009959,0.000383,4,2,1,3,11,5,10,13,7,6,9,12,8,15,17,16,14
2024-11-18,0.466375,0.453255,-0.224393,0.221042,-0.000518,-0.004598,-0.226615,0.006213,-0.002046,0.008503,0.210448,-0.005937,-0.224168,-0.026034,0.221339,-0.239674,0.226701,0.013613,-0.001799,4,1,3,2,9,5,6,10,8,7,11,13,12,15,17,16,14
2024-11-19,0.035423,0.032185,-0.020313,0.01422,-0.00143,-0.001145,-0.016006,-0.004732,0.007515,0.004459,0.013674,-0.001309,-0.017233,-0.000635,0.013492,-0.002892,0.01511,-0.002399,7.1e-05,3,1,2,4,7,12,6,5,11,14,9,8,10,17,13,15,16
2024-11-20,0.271227,0.266738,0.134219,-0.133334,-0.000485,0.001159,0.134529,-0.002308,-0.006593,-0.011115,-0.125456,0.00274,0.129541,0.011353,-0.131893,0.12593,-0.136698,-0.008491,-0.001902,14,17,16,15,9,12,13,11,8,10,7,5,6,2,4,1,3
2024-11-21,0.029387,0.028268,-0.013889,0.015498,0.001781,0.001515,-0.012699,0.000641,0.004735,0.004597,0.014836,0.001356,-0.012458,0.001131,0.01464,-0.008241,0.015424,0.001633,0.001468,3,2,1,4,10,8,6,5,7,13,9,12,11,17,14,16,15
2024-11-22,0.2919,0.280104,0.133333,-0.13815,-0.001586,-0.001049,0.137105,-0.008386,0.005131,-0.001929,-0.13187,0.000627,0.133097,0.011563,-0.139825,0.14882,-0.14308,-0.013751,-0.004788,14,17,15,16,11,13,10,6,9,12,8,5,7,3,1,2,4
2024-11-25,0.113197,0.110548,-0.059234,0.053963,-0.000715,-0.001315,-0.057243,-0.004077,0.008593,0.007238,0.050721,-0.002915,-0.055568,-0.00508,0.051762,-0.04756,0.053874,-0.000989,-0.001038,4,2,1,3,9,8,6,5,7,12,10,13,11,17,14,16,15
2024-11-26,0.192355,0.18704,0.090187,-0.093102,-0.00242,-0.001473,0.091492,-0.005947,0.002081,-0.00369,-0.089675,-0.00049,0.089153,0.005624,-0.093984,0.095194,-0.097161,-0.010035,-0.003134,14,17,15,16,10,13,11,6,9,12,8,5,7,3,1,2,4
2024-11-27,0.520918,0.511524,0.25527,-0.255125,-0.003825,-0.000428,0.258394,-0.005804,-0.007841,-0.013336,-0.243712,0.003376,0.249397,0.018173,-0.253863,0.248657,-0.262524,-0.016632,-0.00615,14,17,16,15,10,13,12,11,8,9,7,5,6,2,4,1,3
2024-11-29,0.002066,0.001523,-0.001205,-0.000451,-0.000999,-0.001067,-0.001458,-0.000627,-0.001763,-0.001458,-0.000433,-0.001016,-0.001398,-0.001059,-0.000283,-0.002341,-0.000275,-0.000654,-0.000969,3,1,4,2,7,6,15,16,8,5,11,10,9,12,17,14,13
2024-12-02,0.175059,0.171917,0.085114,-0.083977,0.000737,0.002561,0.087727,-0.00156,0.001997,-0.001657,-0.079052,0.003285,0.084272,0.007816,-0.083874,0.08872,-0.086339,-0.005195,0.000552,14,17,16,15,10,13,12,8,9,11,7,5,6,3,1,2,4
2024-12-03,0.159544,0.156647,0.084359,-0.075101,0.003695,0.004011,0.082508,0.005234,-0.006917,-0.005792,-0.070433,0.005482,0.080457,0.009475,-0.07233,0.071817,-0.075186,0.00198,0.003183,14,17,16,15,10,11,12,13,9,7,8,5,6,1,4,2,3
2024-12-04,0.031723,0.026777,-0.008796,0.013756,0.00167,0.001306,-0.01076,0.004277,-0.0022,-0.000186,0.013662,0.00178,-0.009426,0.001014,0.015638,-0.016085,0.014666,0.004323,0.002198,4,2,3,1,7,5,12,13,9,6,10,11,8,14,17,16,15
2024-12-05,0.615336,0.605614,0.304259,-0.304017,-0.002435,0.003957,0.305517,-0.001107,-0.014909,-0.020613,-0.28416,0.006175,0.296484,0.023375,-0.296747,0.287935,-0.309818,-0.01588,-0.00121,14,17,16,15,9,12,13,11,10,8,7,5,6,2,4,1,3
2024-12-06,0.066574,0.063256,0.031922,-0.033214,-0.002604,-0.001087,0.030002,0.00145,-0.007482,-0.005784,-0.02985,-0.00062,0.029879,0.001146,-0.030099,0.022309,-0.034652,-0.001758,-0.000829,14,17,16,15,8,10,12,13,11,5,9,6,7,1,4,2,3
2024-12-09,0.055663,0.053042,-0.023553,0.026607,0.000877,0.000598,-0.024934,0.004065,-0.000651,0.001441,0.026667,0.000361,-0.024174,-0.00032,0.028067,-0.027596,0.027687,0.004145,0.001866,3,2,4,1,7,5,8,13,9,6,10,12,11,14,17,16,15
2024-12-10,0.021193,0.017376,0.008374,-0.010328,-0.00526,-0.003891,0.007967,0.005015,-0.007459,-0.006025,-0.006814,-0.002604,0.005009,-0.001106,-0.007623,-0.006797,-0.012819,0.001274,-0.001987,13,17,16,15,7,5,11,14,10,3,9,6,8,1,12,2,4
2024-12-11,0.255943,0.247882,0.126615,-0.120236,0.000278,0.004,0.129155,0.004923,-0.00319,-0.006327,-0.112445,0.006959,0.122786,0.010932,-0.118066,0.114892,-0.126788,-0.002951,0.001898,14,17,16,15,9,11,13,12,10,7,8,5,6,2,4,1,3
2024-12-12,0.311326,0.304429,-0.148859,0.153015,0.002947,-0.001548,-0.153362,0.00441,0.007134,0.009799,0.145405,-0.003255,-0.147931,-0.008546,0.152157,-0.144989,0.157964,0.009906,0.002811,4,1,2,3,10,5,6,7,9,8,11,13,12,16,14,17,15
2024-12-13,0.171422,0.164605,0.082076,-0.083422,-0.003678,-0.000956,0.083527,0.002819,-0.006138,-0.008406,-0.075506,0.002157,0.077297,0.004347,-0.079599,0.068555,-0.087895,-0.004469,-0.001839,14,17,16,15,9,11,13,12,10,6,8,5,7,2,4,1,3
2024-12-16,0.284958,0.275944,0.136353,-0.138655,-0.00328,0.001095,0.139316,0.000169,-0.00813,-0.011213,-0.127657,0.004781,0.132223,0.009616,-0.135643,0.124004,-0.145641,-0.008713,-0.002292,14,17,16,15,9,12,13,11,10,8,7,5,6,2,4,1,3
2024-12-17,0.163741,0.157139,0.080129,-0.076403,-0.00031,0.002346,0.081086,0.004572,-0.002503,-0.004964,-0.069537,0.005178,0.076499,0.0079,-0.074646,0.068774,-0.082655,-0.002661,0.00128,14,17,16,15,9,12,13,11,10,7,8,5,6,2,4,1,3
2024-12-18,0.184039,0.175991,0.087126,-0.087969,-0.002827,-2.5e-05,0.088535,0.003247,-0.00569,-0.008066,-0.079813,0.003491,0.082954,0.005762,-0.085886,0.073354,-0.095504,-0.004999,-0.000854,14,17,16,15,9,11,13,12,10,7,8,5,6,2,4,1,3
2024-12-19,0.4649,0.429492,0.221799,-0.211492,-0.005704,0.001658,0.222328,0.030394,-0.017389,-0.022932,-0.176797,0.019418,0.193264,0.01866,-0.197022,0.15155,-0.242572,-0.009974,0.004942,14,17,16,15,8,11,13,12,10,5,9,7,6,2,4,1,3
2024-12-20,0.162861,0.153901,0.07522,-0.076966,-0.001327,0.001408,0.079241,0.008407,-0.000927,-0.005492,-0.067763,0.004057,0.074046,0.008258,-0.072611,0.063388,-0.08362,-0.00287,0.002492,14,17,16,15,8,12,13,10,11,5,9,6,7,2,4,1,3
2024-12-23,0.049649,0.028238,0.003646,-0.001637,0.002741,0.001461,-0.001716,-0.022183,-0.003109,0.003173,-0.011939,-0.000496,0.006076,-0.005303,-0.01048,0.027466,0.00657,-0.004927,-0.004681,16,2,9,15,12,13,5,11,6,17,7,14,8,4,1,10,3
2024-12-24,0.084757,0.079583,0.03801,-0.037523,0.00084,0.00104,0.037702,-0.007155,-0.002327,-0.001716,-0.039066,0.000658,0.038096,0.00074,-0.040985,0.043772,-0.038821,-0.003964,0.000378,16,15,14,17,9,12,10,11,6,13,5,7,8,3,1,4,2
2024-12-26,0.036316,0.020761,0.003383,0.000826,0.003541,0.002101,0.000304,-0.014653,-0.001088,0.002496,-0.009938,-0.00148,0.004636,-0.003787,-0.00785,0.021663,0.001299,-0.004073,0.002571,16,8,9,15,5,14,6,11,3,17,7,13,12,4,1,10,2
2024-12-27,0.081904,0.080229,0.039001,-0.040033,-0.000907,0.00036,0.039861,-0.001475,-0.002208,-0.003111,-0.03805,0.001018,0.038975,0.00235,-0.040773,0.03822,-0.042043,-0.003058,-0.000721,14,17,15,16,8,12,13,11,9,10,7,5,6,2,4,1,3
2024-12-30,0.106494,0.097484,-0.044808,0.04164,-0.002201,-0.00291,-0.044671,0.009758,0.002124,0.001407,0.048902,0.000219,-0.04897,-0.001275,0.04935,-0.057143,0.043277,0.005321,-0.001502,2,3,4,1,11,6,8,7,12,5,13,10,9,15,17,14,16
2025-01-06,0.275859,0.263662,-0.127573,0.119742,-0.002311,-0.005224,-0.125546,0.014717,0.008939,0.006746,0.128166,-0.00307,-0.133177,-0.007323,0.134976,-0.140883,0.12621,0.011767,-0.001578,2,3,4,1,9,6,8,7,10,5,12,13,11,15,17,14,16
2025-01-07,0.116431,0.11415,-0.054423,0.057979,0.002443,0.001108,-0.054982,0.003565,0.00542,0.006246,0.056458,6e-06,-0.053789,-0.001794,0.059784,-0.053832,0.061449,0.006233,0.003428,4,1,3,2,9,6,5,7,10,8,11,13,12,16,15,17,14
2025-01-08,0.215386,0.209513,-0.103108,0.10016,-0.00059,-0.002416,-0.103185,0.004695,0.006827,0.007498,0.100931,-0.004007,-0.102719,-0.005341,0.105931,-0.106726,0.10866,0.008685,0.000995,3,1,4,2,9,5,6,7,10,8,11,13,12,15,17,16,14
2025-01-10,0.053747,0.051082,-0.025468,0.026123,0.000927,-5.3e-05,-0.026874,-0.003491,-4.1e-05,0.002321,0.021876,-0.00176,-0.024035,-0.002802,0.023873,-0.019492,0.026873,0.000398,0.002784,4,1,2,3,5,8,6,9,7,13,10,12,11,16,14,17,15
2025-01-14,0.070266,0.054329,-0.019704,0.016314,-0.003859,-0.002914,-0.01449,0.014641,0.005151,0.000536,0.029128,0.00153,-0.022986,0.00019,0.027612,-0.041138,0.022418,0.007656,-0.009885,1,3,4,2,13,6,9,7,12,5,11,10,8,15,17,14,16
2025-01-15,0.539927,0.523153,-0.264703,0.255542,0.002094,-0.004985,-0.265505,-0.00625,0.008759,0.021512,0.241438,-0.015528,-0.256013,-0.01839,0.253275,-0.241207,0.274422,0.012966,0.012031,4,1,2,3,7,6,5,8,9,11,10,13,12,16,14,17,15
2025-01-16,0.300095,0.285708,-0.145817,0.143666,0.004292,-0.001368,-0.144898,-0.011549,-0.001673,0.008609,0.121799,-0.013946,-0.135264,-0.011467,0.133201,-0.109632,0.154278,0.007418,0.012633,4,1,2,3,5,7,6,10,8,12,9,11,13,17,14,16,15
2025-01-17,0.026151,0.015995,0.000231,-0.001571,-0.000366,-0.001941,-0.004369,-0.009994,-0.005274,-0.00439,-0.010337,-0.005055,0.001243,-0.002518,-0.007128,0.015814,0.000115,-0.001056,0.003468,17,5,8,15,2,7,12,14,6,16,9,10,13,4,1,11,3
2025-01-21,0.111449,0.104345,-0.05254,0.053476,0.001806,-0.000447,-0.054463,-0.007125,-0.000508,0.002853,0.042744,-0.004747,-0.048493,-0.004914,0.047079,-0.036396,0.056986,0.004344,0.006961,4,1,2,3,5,6,7,10,8,13,9,12,11,16,14,17,15
2025-01-22,0.27727,0.267714,0.134642,-0.124465,0.005156,0.003851,0.123396,-0.010371,-0.006264,-0.011258,-0.129832,0.004634,0.130908,0.006258,-0.131235,0.146035,-0.130489,-0.004544,0.006446,15,16,14,17,5,10,13,11,7,12,9,6,8,2,1,4,3
2025-01-23,0.398123,0.383542,0.198416,-0.187104,-0.000116,0.006469,0.196676,0.010218,-0.001117,-0.01143,-0.17486,0.015046,0.188295,0.015914,-0.180428,0.177238,-0.199707,-0.007554,-0.00926,14,17,16,15,12,11,13,10,9,7,8,5,6,1,4,2,3
2025-01-24,0.113408,0.106083,0.053186,-0.051392,0.003769,0.002867,0.047313,-0.006332,-0.002017,-0.00517,-0.050534,0.000321,0.049239,0.002659,-0.052459,0.060949,-0.051024,-0.003758,0.003206,14,15,16,17,6,11,12,10,5,13,7,8,9,2,1,4,3
2025-01-27,0.265444,0.256487,0.131592,-0.128404,0.000332,0.003299,0.12708,0.002067,-0.000372,-0.00849,-0.119104,0.00812,0.124822,0.008268,-0.123711,0.122209,-0.133851,-0.0075,-0.004744,14,17,16,15,11,12,13,10,9,8,7,5,6,1,4,2,3
2025-01-28,0.168441,0.162861,0.084368,-0.080989,0.00147,0.002513,0.079455,-0.000312,-0.000205,-0.005618,-0.076278,0.005041,0.079905,0.005593,-0.078969,0.080279,-0.084073,-0.004399,-0.001322,14,17,16,15,11,12,13,9,8,10,7,5,6,1,2,4,3
2025-01-29,0.05642,0.051055,-0.023834,0.024694,-0.001471,-0.000414,-0.020754,0.004943,0.002721,0.003923,0.025604,0.000734,-0.022245,-0.001738,0.026204,-0.030216,0.025062,0.002554,-0.002784,2,3,4,1,13,8,6,7,11,5,10,12,9,16,17,14,15
2025-01-30,0.013982,0.012869,0.006782,-0.006443,-0.000859,-6.6e-05,0.007336,0.001846,0.00036,2.3e-05,-0.005122,0.001168,0.006272,0.000174,-0.005127,0.002956,-0.006646,-3.3e-05,-0.001297,14,17,16,15,13,10,9,7,12,5,11,8,6,2,4,1,3
2025-01-31,0.176774,0.166439,0.081498,-0.080206,0.004354,0.002078,0.073971,-0.008372,-0.004556,-0.009063,-0.080741,0.000867,0.077182,0.007396,-0.083124,0.092509,-0.084265,-0.00625,0.005427,15,17,14,16,6,11,13,10,7,12,8,5,9,2,1,4,3
2025-02-03,0.218809,0.211157,0.109693,-0.105706,-0.00228,0.002048,0.109155,0.008598,0.000676,-0.004648,-0.094506,0.011311,0.10289,0.007191,-0.096913,0.088158,-0.109116,-0.004959,-0.005459,14,17,16,15,13,12,11,9,10,6,8,7,5,1,4,2,3
2025-02-04,0.048999,0.047241,0.024442,-0.02368,-0.00038,0.000371,0.024198,0.001503,2.4e-05,-0.001218,-0.021403,0.002297,0.022966,0.00166,-0.021881,0.020326,-0.024557,-0.001274,-0.001151,14,17,16,15,11,13,12,9,10,7,8,6,5,1,4,2,3
2025-02-05,0.465973,0.452637,-0.231377,0.227504,0.002433,-0.003071,-0.22535,-0.002155,0.002506,0.016398,0.213054,-0.016766,-0.220252,-0.015947,0.218831,-0.211165,0.234596,0.013726,0.004279,4,1,2,3,7,6,5,8,9,10,11,12,13,17,14,16,15
2025-02-06,0.220363,0.21621,0.109095,-0.10708,0.000194,0.000839,0.10297,-0.004844,-0.003602,-0.01079,-0.105046,0.004807,0.104173,0.008376,-0.108097,0.108916,-0.111268,-0.008285,0.0009,14,17,15,16,7,12,13,10,9,11,8,5,6,1,2,4,3
2025-02-07,0.023328,0.022599,-0.010878,0.011827,0.000713,0.000629,-0.01074,0.000435,0.000798,0.001407,0.011102,-0.000189,-0.010545,-0.000172,0.011358,-0.009458,0.01245,0.001424,0.001108,4,1,2,3,7,5,6,8,9,11,10,12,13,17,14,16,15
2025-02-10,0.081742,0.075407,0.037589,-0.038586,-0.002213,-0.001169,0.040703,0.004708,-0.000429,-0.00081,-0.032373,0.00407,0.03593,0.000717,-0.031707,0.025187,-0.041039,-0.002718,-0.005242,15,17,16,14,13,12,9,8,11,5,10,7,6,2,4,1,3
2025-02-12,0.06927,0.061848,0.028076,-0.028573,0.000711,5.7e-05,0.022616,-0.006425,-0.002699,-0.006034,-0.031837,-0.001777,0.027616,0.002471,-0.033415,0.035855,-0.028746,-0.003814,0.002884,16,15,14,17,5,11,12,10,7,13,8,6,9,2,1,4,3
2025-02-13,0.413848,0.401551,0.206879,-0.196914,3.3e-05,0.001204,0.203006,0.003808,-0.003233,-0.013886,-0.187754,0.017559,0.199899,0.016112,-0.190987,0.184323,-0.206969,-0.010772,-0.005739,14,17,16,15,11,12,13,10,9,7,8,6,5,1,4,2,3
2025-02-14,0.174961,0.160355,-0.079178,0.093238,0.004046,0.003568,-0.081722,-0.004478,-0.000882,-0.005249,0.072165,-0.011617,-0.074183,0.005001,0.073257,-0.067396,0.079487,0.006157,0.006086,4,2,1,3,6,5,12,10,8,11,9,7,13,16,14,17,15
2025-02-18,0.368859,0.365209,-0.184018,0.182969,-0.002648,-0.000928,-0.172995,0.004162,0.003986,0.008629,0.173717,-0.012777,-0.180737,-0.010283,0.18002,-0.185889,0.181992,0.009686,-0.001709,4,2,1,3,10,5,6,8,11,7,9,12,13,16,17,14,15
2025-02-19,0.292453,0.28098,-0.143396,0.149056,-0.000876,0.000999,-0.138669,-0.004146,-0.002419,-0.002457,0.131855,-0.016766,-0.138496,-0.003394,0.132947,-0.135573,0.140375,0.006845,0.000589,4,2,1,3,7,5,10,9,8,12,6,11,13,17,14,16,15
2025-02-20,0.432036,0.426863,0.214789,-0.215439,0.004701,0.000569,0.205368,-0.002806,-0.004254,-0.00998,-0.208367,0.011326,0.209957,0.009466,-0.207605,0.215112,-0.216924,-0.012302,0.004535,15,17,16,14,8,13,12,11,7,10,9,6,5,2,1,4,3
2025-02-21,0.037848,0.034327,0.016233,-0.020878,-0.002728,-0.001583,0.01697,0.000793,0.001531,0.001387,-0.015405,0.003355,0.015361,-0.001266,-0.015483,0.014076,-0.018055,-0.001652,-0.001943,14,16,17,15,12,11,7,6,13,8,10,9,5,2,4,1,3
2025-02-25,0.612959,0.593537,0.296988,-0.315971,-0.011513,-0.005271,0.292024,0.005146,0.007459,0.001224,-0.282515,0.031983,0.289677,0.010713,-0.280541,0.287427,-0.303436,-0.019009,-0.006592,15,16,17,14,11,13,9,7,12,8,10,6,5,1,4,2,3
2025-02-26,0.100348,0.09893,0.051618,-0.048729,0.002564,0.001638,0.050118,0.001087,0.000779,-0.000334,-0.046795,0.003646,0.049019,0.002715,-0.045879,0.051102,-0.048427,-0.00163,0.002454,15,16,17,14,8,13,12,11,7,10,9,6,5,1,2,3,4
2025-02-27,0.211594,0.209506,-0.107979,0.103614,-0.004705,-0.002306,-0.104053,-0.000344,0.003027,0.004349,0.102232,-0.002221,-0.10305,-0.005594,0.093641,-0.107808,0.10283,0.003765,-0.004682,3,2,1,4,11,6,5,7,12,8,10,13,9,17,16,15,14
2025-02-28,0.791219,0.778895,-0.394861,0.396359,-0.004522,0.000365,-0.382031,0.002179,0.015179,0.018964,0.383062,-0.002216,-0.374805,-0.014942,0.35394,-0.387549,0.392822,0.026119,-0.010699,3,2,1,4,12,5,6,7,11,8,9,13,10,17,16,15,14
2025-03-03,0.024956,0.022302,-0.001403,0.011399,0.0117,0.00205,-0.00094,-0.007841,-0.008971,-0.013256,-0.003517,-0.010561,-0.00422,-0.001126,-0.002899,0.01102,0.009838,0.001311,0.008495,12,4,2,11,5,7,17,15,1,14,6,9,16,10,3,8,13
2025-03-04,0.569472,0.553537,0.278262,-0.29121,-0.006903,0.003277,0.276922,0.00528,-0.005646,-0.002412,-0.260843,0.013228,0.267805,0.013165,-0.248718,0.268275,-0.285099,-0.024161,0.006718,15,16,17,14,7,13,10,11,12,8,9,6,5,1,3,2,4
2025-03-05,0.231846,0.214682,0.103709,-0.128138,-0.009178,-0.003553,0.102308,0.008522,0.007549,0.010427,-0.092757,0.014196,0.103208,0.003104,-0.087924,0.087736,-0.113926,-0.014848,-0.005136,15,16,17,14,11,13,6,8,12,7,10,9,5,1,4,3,2
2025-03-06,0.178515,0.166177,-0.080104,0.098391,0.007043,0.00349,-0.080125,-0.000768,0.001687,-0.007033,0.0761,-0.007032,-0.074062,-0.002733,0.071722,-0.067845,0.089749,0.011594,0.003544,3,2,1,4,7,5,13,9,6,10,8,11,12,16,14,17,15
2025-03-07,0.039791,0.024689,0.003114,-0.018688,-0.006862,-0.002221,0.005723,0.002758,0.005648,0.021104,0.002916,0.011536,0.000719,0.003577,0.002299,-0.009389,-0.007621,-0.000905,-0.007626,7,14,17,9,15,11,1,4,13,8,12,5,2,6,16,3,10
2025-03-10,0.115545,0.11212,0.055214,-0.047725,0.002007,-0.001998,0.055046,-0.003047,-0.008317,-0.01897,-0.059345,-0.008487,0.055326,-0.000209,-0.053807,0.0562,-0.056467,-0.005598,0.007434,17,16,14,15,5,10,13,11,6,9,8,7,12,3,1,4,2
2025-03-11,0.100779,0.080784,0.035429,-0.063387,-0.010108,-0.00105,0.037393,-0.001641,0.000896,0.022739,-0.029344,0.013672,0.026626,0.000164,-0.034308,0.029647,-0.04219,-0.005245,-0.010983,14,16,17,15,13,11,5,7,12,10,9,8,6,2,3,1,4
2025-03-12,0.197102,0.192572,-0.100394,0.082032,-0.00798,5.8e-05,-0.09854,-0.00091,0.006913,0.01903,0.096708,0.008558,-0.100201,-0.006072,0.085862,-0.097835,0.096012,0.005091,-0.014764,1,2,4,3,13,8,5,7,12,10,9,11,6,17,14,15,16
2025-03-13,0.418406,0.4095,-0.213755,0.20201,-0.00489,-0.004835,-0.210973,-0.003649,0.00759,0.008071,0.194823,-0.002426,-0.202287,-0.014299,0.180141,-0.20135,0.204651,0.012725,-0.015984,3,1,2,4,13,5,6,7,11,9,10,12,8,17,14,16,15
2025-03-14,0.060874,0.051675,0.024721,-0.036064,-0.007599,0.001347,0.02481,-0.00019,-0.000163,0.012396,-0.020207,0.007905,0.018769,0.00138,-0.021599,0.021347,-0.026485,-0.004788,-0.006216,14,16,17,15,12,11,5,9,13,10,8,7,6,2,3,1,4
2025-03-17,0.399364,0.374673,-0.191416,0.207949,0.013498,-0.005317,-0.190419,6.5e-05,0.006182,-0.023404,0.169987,-0.019802,-0.170004,-0.01445,0.162953,-0.17749,0.186758,0.016514,0.00246,3,2,1,4,8,5,13,7,6,9,10,11,12,17,15,16,14
2025-03-18,0.149399,0.13854,-0.065106,0.082157,0.011669,-0.000392,-0.067242,0.003042,0.007288,-0.014023,0.062552,-0.013195,-0.056307,-0.008448,0.060321,-0.064148,0.074415,0.009921,0.004759,3,2,1,4,8,6,13,7,5,9,10,11,12,16,15,17,14
2025-03-19,0.279601,0.275093,-0.141289,0.134806,-0.006556,0.000452,-0.140537,-0.000714,0.007083,0.015482,0.135088,0.006586,-0.135247,-0.003387,0.125177,-0.131845,0.138313,0.008636,-0.011956,2,1,3,4,13,6,5,7,12,10,9,11,8,17,14,16,15
2025-03-21,0.224542,0.213192,-0.105617,0.114385,0.00653,-0.001963,-0.110157,-0.000698,0.004092,-0.006294,0.097499,-0.013028,-0.096825,-0.012994,0.093709,-0.105344,0.106573,0.008767,-7.2e-05,3,2,1,4,8,5,11,7,6,9,10,12,13,16,15,17,14
2025-03-24,0.225611,0.219041,0.10895,-0.113436,-0.002144,0.000467,0.112174,-0.000216,-0.004959,-0.002323,-0.104071,0.003694,0.103845,0.007353,-0.099659,0.106333,-0.112158,-0.010048,0.003395,15,16,17,14,7,13,11,12,10,9,8,5,6,2,3,1,4
2025-03-25,0.297933,0.281774,-0.138257,0.156709,0.013029,-0.00021,-0.139151,0.001408,0.006701,-0.010145,0.129827,-0.0197,-0.121778,-0.017524,0.127733,-0.141224,0.140154,0.012984,0.004473,3,2,1,4,8,6,11,7,5,9,10,12,13,15,17,16,14
2025-03-26,0.473449,0.461655,-0.232599,0.232809,-0.002412,-0.002386,-0.24064,-0.001962,0.010117,0.011765,0.221,-0.000819,-0.225734,-0.011464,0.208998,-0.224581,0.232184,0.018212,-0.014366,3,2,1,4,13,5,6,7,11,9,10,12,8,16,14,17,15
2025-03-27,0.025289,0.024381,-0.011204,0.012551,0.000504,0.000978,-0.011912,0.000912,0.001599,0.002509,0.012764,0.001758,-0.011337,0.000907,0.011971,-0.010536,0.013376,0.001986,-0.000446,2,1,3,4,13,6,5,8,12,10,9,11,7,15,14,17,16
2025-03-28,0.268658,0.259987,0.131419,-0.132909,6.8e-05,0.001565,0.135749,0.001495,-0.005335,-0.003992,-0.123873,0.002803,0.126701,0.008926,-0.116892,0.127112,-0.128898,-0.010294,0.005878,15,16,17,14,6,13,11,12,10,9,8,5,7,2,3,1,4
2025-03-31,0.284717,0.269601,0.134166,-0.150288,-0.009852,0.000592,0.13443,-0.001706,-0.006904,0.007721,-0.127926,0.012353,0.123347,0.018209,-0.12075,0.132965,-0.129029,-0.008943,-0.009625,15,16,17,14,12,11,7,10,13,9,8,5,6,2,3,1,4
2025-04-01,0.029657,0.027099,0.002441,0.003206,0.005269,7.5e-05,0.012743,0.007724,0.003111,-0.010719,-0.007346,-0.012301,0.017356,-0.006261,-0.005964,0.00114,-0.011153,0.002081,0.017026,14,16,6,12,2,9,15,7,5,4,11,13,17,8,10,3,1
2025-04-02,0.292265,0.285402,-0.145908,0.143985,-0.001162,-0.001241,-0.14828,0.000844,0.007198,0.004966,0.137104,-0.001201,-0.141458,-0.007875,0.129286,-0.140811,0.139471,0.008497,-0.004302,3,2,1,4,12,5,7,6,9,8,11,13,10,16,14,17,15
2025-04-03,0.089718,0.083275,-0.04495,0.044768,0.002263,-0.000676,-0.039463,0.006546,0.00402,-0.003983,0.038279,-0.007356,-0.031838,-0.005557,0.037983,-0.043236,0.039129,0.003832,0.006075,3,2,1,4,6,8,11,7,9,5,10,12,13,17,16,15,14
2025-04-04,1.729809,1.687135,0.88036,-0.849448,-0.000135,-0.00098,0.857886,-0.059139,-0.053485,-0.014495,-0.80873,0.038031,0.791371,0.068046,-0.767003,0.840766,-0.824216,-0.057594,-0.003837,15,16,17,14,9,12,10,11,7,13,8,5,6,1,3,2,4
2025-04-07,0.133351,0.127843,0.067568,-0.059187,-0.02281,-0.003242,0.033476,-0.065783,-0.025716,0.028911,-0.023931,0.061705,0.009135,0.067242,0.012758,0.056063,-0.062045,-0.03008,-0.034046,11,16,15,7,14,13,6,12,10,17,9,2,3,1,4,5,8
2025-04-08,0.090608,0.086688,0.04472,-0.045133,-0.003533,-0.005313,0.04471,-0.011517,-0.008764,0.008198,-0.036478,0.006881,0.036924,0.010496,-0.02919,0.043137,-0.045888,-0.008848,0.010557,15,17,16,14,5,12,7,11,9,13,10,6,8,1,3,2,4
2025-04-09,0.209895,0.201834,0.10234,-0.102729,-0.009392,-0.008698,0.102495,-0.025575,-0.017002,0.010698,-0.092634,0.008551,0.089111,0.015214,-0.080849,0.097903,-0.1074,-0.014557,0.015688,15,17,16,14,5,11,7,12,10,13,9,6,8,2,3,1,4
2025-04-10,0.372731,0.341519,-0.186678,0.186053,0.046462,0.017419,-0.153209,0.092075,0.031124,-0.052951,0.144738,-0.053624,-0.118786,-0.053606,0.10199,-0.175853,0.178026,0.019754,-0.049132,3,2,1,4,10,8,11,7,6,5,9,12,13,17,16,15,14
2025-04-11,0.406596,0.382221,0.195087,-0.183866,-0.015287,-0.003191,0.210302,-0.030013,-0.014822,0.007467,-0.178417,0.010243,0.175374,0.011675,-0.169221,0.1827,-0.196294,-0.000826,0.018348,15,17,16,14,5,9,8,11,12,13,10,6,7,2,3,1,4
2025-04-14,0.107006,0.095864,-0.050339,0.045183,0.006885,0.000205,-0.053127,0.014262,0.006716,-0.005055,0.038657,-0.006919,-0.035314,-0.004131,0.039912,-0.04515,0.053879,-3.1e-05,-0.005693,4,1,2,3,12,9,11,7,6,5,8,10,13,16,15,17,14
2025-04-15,0.154534,0.144876,0.068269,-0.069048,0.010734,-0.000885,0.069726,0.006146,0.002784,-0.00384,-0.073077,-0.003537,0.081457,0.002279,-0.06909,0.072229,-0.064895,-0.002815,0.001549,17,14,15,16,9,11,13,7,5,6,10,8,12,4,2,3,1
2025-04-16,0.12747,0.125841,-0.062479,0.061326,-0.001398,0.000227,-0.064644,0.00119,0.000826,0.00104,0.061605,0.000957,-0.065776,-0.002121,0.059536,-0.062199,0.061694,0.002205,-0.002222,2,1,3,4,13,5,7,9,11,6,10,12,8,15,14,16,17
2025-04-17,0.35673,0.346209,-0.167748,0.168828,-0.005117,0.002123,-0.173738,0.002187,0.002452,0.006768,0.172812,0.007082,-0.183918,-0.004158,0.165715,-0.17063,0.1687,0.007991,-0.003275,1,3,2,4,11,5,7,8,13,9,10,12,6,14,15,16,17
2025-04-21,0.098637,0.092112,-0.046565,0.045528,0.007065,0.001847,-0.048637,0.008887,0.006081,-0.000598,0.042101,-0.001511,-0.037082,-0.001333,0.042043,-0.043504,0.049999,0.001107,-0.0031,3,1,2,4,13,9,10,7,6,5,8,11,12,16,15,17,14
2025-04-22,0.128608,0.111683,-0.047392,0.051526,-0.011459,0.000405,-0.048288,-0.009482,-0.005503,0.006453,0.058607,0.00852,-0.070001,-0.000466,0.054535,-0.052093,0.045938,0.005602,0.003656,1,4,3,2,8,7,6,11,13,12,9,10,5,14,16,15,17
2025-04-23,0.03145,0.028539,-0.014377,0.008456,0.014382,0.000676,-0.014984,0.015922,0.009421,-0.006126,-0.000895,-0.008409,0.010017,-0.002024,0.001225,-0.009488,0.016466,-0.004125,-0.007787,9,1,6,7,13,11,12,5,3,2,8,10,14,16,15,17,4
2025-04-24,0.052722,0.044701,0.01779,-0.021609,0.002795,-0.001481,0.018719,0.002109,0.000636,-0.004345,-0.025352,-0.004793,0.02737,-0.00122,-0.022388,0.018663,-0.020351,-0.00389,-0.002783,17,14,15,16,10,11,12,7,5,6,9,8,13,4,3,2,1
2025-04-25,0.148632,0.140982,-0.074123,0.06552,0.004943,-0.001309,-0.07771,0.009039,0.004448,-0.005109,0.061185,-0.006223,-0.062871,-0.005716,0.061459,-0.073212,0.070922,-0.003046,-0.00906,4,1,2,3,13,9,10,7,6,5,8,11,12,16,15,17,14
2025-04-28,0.134443,0.132546,0.064785,-0.065241,-0.000575,-0.001862,0.066713,-0.003739,-0.003324,-0.003264,-0.066456,-0.003096,0.067719,0.001722,-0.063498,0.064541,-0.066725,-0.004038,0.001488,16,17,15,14,6,13,10,11,7,12,8,5,9,3,4,2,1
2025-04-30,0.081498,0.078925,-0.040402,0.037846,0.002006,0.000695,-0.041323,0.004453,0.003116,-6.5e-05,0.037097,-0.000712,-0.036773,-0.002671,0.036358,-0.039933,0.040175,0.00091,-0.003449,3,1,2,4,13,8,10,6,7,5,9,12,11,16,15,17,14
2025-05-01,0.17378,0.171502,0.085572,-0.082922,0.000422,-0.000722,0.08812,-0.00355,-0.002882,-0.002312,-0.084112,-0.002136,0.088578,0.003418,-0.080593,0.08532,-0.085202,-0.003479,0.003479,16,17,15,14,5,12,10,11,7,13,8,6,9,3,4,2,1
2025-05-02,0.296517,0.292198,-0.146027,0.141776,0.000358,0.001785,-0.150535,0.007799,0.006084,0.004094,0.14307,0.003063,-0.149204,-0.005216,0.13744,-0.145176,0.145983,0.005598,-0.006149,2,1,3,4,13,7,8,6,11,5,10,12,9,15,14,17,16
2025-05-07,0.108577,0.102305,-0.054194,0.047424,0.007246,0.001418,-0.054767,0.01175,0.007207,-0.003199,0.043396,-0.004745,-0.038975,-0.00649,0.044874,-0.051847,0.05381,-0.000478,-0.008818,4,1,2,3,13,9,10,7,6,5,8,12,11,16,15,17,14
2025-05-08,0.148036,0.14544,0.071616,-0.070604,0.001252,-0.000505,0.074139,-0.002144,-0.002175,-0.002805,-0.071927,-0.002482,0.076106,0.001576,-0.068743,0.071348,-0.07193,-0.003303,0.001798,16,17,15,14,5,13,12,10,7,9,8,6,11,3,4,2,1
2025-05-09,0.316416,0.30909,-0.156703,0.149162,0.001246,0.001047,-0.161353,0.009635,0.006938,0.001716,0.149039,0.000759,-0.155948,-0.007293,0.144267,-0.154903,0.155063,0.004203,-0.008987,3,1,2,4,13,7,8,6,9,5,10,12,11,16,14,17,15
2025-05-12,0.271938,0.267026,-0.133527,0.129205,0.000537,0.001446,-0.138304,0.007692,0.005825,0.003401,0.130139,0.002589,-0.13627,-0.004983,0.125358,-0.132014,0.133634,0.004912,-0.005786,2,1,3,4,13,7,8,6,11,5,10,12,9,15,14,17,16
2025-05-13,0.059177,0.052959,-0.033022,0.020355,0.00761,-0.000619,-0.031301,0.010366,0.004713,-0.007394,0.014811,-0.008857,-0.012497,-0.009182,0.018003,-0.030041,0.026155,-0.005269,-0.012521,4,1,2,3,14,9,10,7,6,5,8,12,11,17,15,16,13
2025-05-14,0.307835,0.302275,-0.151309,0.145597,-0.000906,0.000375,-0.158151,0.006098,0.004037,0.002842,0.146454,0.001894,-0.15563,-0.006034,0.141048,-0.149541,0.149684,0.004693,-0.007451,2,1,3,4,13,6,8,7,11,5,10,12,9,15,14,17,16
2025-05-15,0.11059,0.105419,-0.051102,0.050413,-0.003423,-0.000183,-0.052818,-0.000243,-3.3e-05,0.002229,0.052515,0.002751,-0.058075,-0.000645,0.049535,-0.051365,0.051072,0.00228,-0.000772,1,2,3,4,12,6,7,8,13,10,9,11,5,14,15,16,17
2025-05-16,0.284604,0.274491,0.1366,-0.129832,0.009072,0.00165,0.139437,0.001395,-0.00031,-0.004648,-0.135052,-0.005015,0.149552,0.004698,-0.127121,0.134931,-0.132999,-0.004871,0.004527,17,16,15,14,7,12,11,10,5,9,8,6,13,3,4,2,1
2025-05-19,0.256824,0.248409,0.123412,-0.118334,0.007419,0.000493,0.125094,-0.000972,-0.00155,-0.005077,-0.123102,-0.005788,0.133722,0.004494,-0.115512,0.121832,-0.121562,-0.005742,0.003268,17,16,15,14,7,12,11,10,5,9,8,6,13,3,4,2,1
2025-05-20,0.181338,0.178202,0.090093,-0.085412,0.001551,-0.000887,0.092163,-0.004295,-0.00302,-0.002429,-0.086974,-0.001858,0.090789,0.004178,-0.08298,0.088245,-0.089175,-0.003373,0.004561,16,17,15,14,5,12,10,11,7,13,8,6,9,3,4,1,2
2025-05-21,0.206268,0.200071,0.101921,-0.096037,-0.000661,-0.001759,0.105192,-0.007013,-0.004524,-0.002,-0.096683,-0.000993,0.099207,0.004819,-0.093011,0.099303,-0.101075,-0.003468,0.006919,16,17,15,14,5,11,10,12,7,13,9,6,8,2,3,1,4
2025-05-22,0.079473,0.063879,-0.026249,0.02731,-0.012044,-0.001797,-0.023926,-0.008879,-0.005598,0.004548,0.034534,0.005948,-0.044939,-0.00034,0.028759,-0.029844,0.025298,0.003093,0.005464,1,4,3,2,6,8,7,11,13,12,10,9,5,15,16,14,17
2025-05-23,0.191486,0.188183,-0.094758,0.089825,-0.003097,0.000686,-0.096653,0.003333,0.001997,0.003192,0.091827,0.001868,-0.098103,-0.004617,0.087732,-0.094088,0.093383,0.003136,-0.00461,2,1,3,4,12,7,6,8,11,5,10,13,9,15,14,16,17
2025-05-27,0.108966,0.106453,0.054774,-0.050176,0.001188,3.9e-05,0.056196,-0.002476,-0.00127,-0.00069,-0.050818,5.9e-05,0.054627,0.003509,-0.048872,0.053834,-0.05277,-0.000994,0.004046,16,17,15,14,5,11,10,12,7,13,9,6,8,2,4,1,3
2025-05-28,0.033337,0.026413,-0.01547,0.009619,0.008418,0.001138,-0.019241,0.009296,0.00541,-0.003955,0.006164,-0.004425,-0.000409,-0.002556,0.008877,-0.011516,0.014097,-0.001696,-0.007416,6,1,2,4,14,10,12,7,5,3,8,11,13,16,15,17,9
2025-05-29,0.066755,0.061151,-0.029073,0.028781,-0.004438,-0.000476,-0.028478,-0.002579,-0.001458,0.002263,0.030921,0.002082,-0.035834,-0.000874,0.028439,-0.030123,0.02872,0.001424,0.000582,1,3,2,4,8,7,5,11,13,12,9,10,6,15,16,14,17
2025-05-30,0.01475,0.011935,0.005174,-0.004777,0.002825,0.000874,0.004465,0.002542,0.001715,-0.00047,-0.005799,-0.000483,0.008951,0.000379,-0.005125,0.005978,-0.004211,2.4e-05,-0.0005,17,14,15,16,13,10,11,7,5,6,8,9,12,3,2,4,1
2025-06-02,0.220778,0.217353,0.11023,-0.103635,0.003003,-0.000811,0.112371,-0.005079,-0.002668,-0.002567,-0.105346,-0.001016,0.11207,0.005566,-0.102313,0.109247,-0.108408,-0.003395,0.00603,16,17,15,14,5,12,10,11,7,13,8,6,9,3,4,1,2
2025-06-03,0.053757,0.051292,-0.026745,0.024011,0.001084,0.000314,-0.027896,0.003093,0.001633,-0.000435,0.023676,-0.000832,-0.023878,-0.001929,0.023231,-0.025687,0.02586,0.000226,-0.002771,3,1,2,4,13,9,10,6,7,5,8,12,11,16,15,17,14
2025-06-04,0.02807,0.025863,-0.014336,0.011138,0.001254,-0.000102,-0.015343,0.002492,0.00113,-0.001101,0.01075,-0.001418,-0.010741,-0.001635,0.010792,-0.013252,0.012727,-0.000651,-0.002707,4,1,2,3,13,9,10,7,6,5,8,12,11,16,15,17,14
2025-06-05,0.124068,0.120926,-0.061074,0.057467,-0.003659,-0.000753,-0.061367,0.00025,-0.00046,0.001056,0.058801,0.000567,-0.064875,-0.003753,0.056305,-0.060715,0.059193,0.001374,-0.002715,2,1,3,4,11,5,6,9,12,8,10,13,7,15,14,16,17
2025-06-06,0.080983,0.077115,-0.037422,0.037632,-0.003023,1.7e-05,-0.037357,-0.000561,-0.000274,0.001713,0.038802,0.001842,-0.042181,-0.001712,0.036858,-0.037402,0.037907,0.001759,-0.00013,1,2,3,4,9,6,7,10,13,11,8,12,5,16,15,14,17
2025-06-09,0.033394,0.029489,-0.016445,0.012121,0.00437,0.000579,-0.018229,0.005645,0.002784,-0.001147,0.010995,-0.002316,-0.008885,-0.001167,0.011707,-0.014801,0.015166,-0.000529,-0.004126,4,1,2,3,13,9,10,7,6,5,8,11,12,16,15,17,14
2025-06-10,0.0801,0.078981,-0.040366,0.037526,-0.001573,-0.000318,-0.040766,0.001353,0.000301,0.000236,0.038184,6.4e-05,-0.041119,-0.0026,0.036769,-0.039837,0.03898,0.000751,-0.002194,2,1,3,4,12,6,8,7,11,5,10,13,9,15,14,16,17
2025-06-11,0.043757,0.0399,-0.021826,0.017308,0.003118,0.000388,-0.023425,0.004589,0.002201,-0.000529,0.01702,-0.001733,-0.016389,-0.001633,0.016784,-0.019792,0.020332,-0.00032,-0.004172,3,1,2,4,13,9,10,7,6,5,8,11,12,16,15,17,14
2025-06-12,0.010832,0.009442,0.005278,-0.003931,-0.001502,-0.000314,0.005936,-0.001891,-0.000884,0.000302,-0.003632,0.000701,0.003112,0.000333,-0.003657,0.004628,-0.004896,0.00025,0.001459,14,17,16,15,5,9,8,11,12,13,10,7,6,2,3,1,4
2025-06-13,0.211683,0.208788,0.10575,-0.100192,0.002867,-0.000309,0.106689,-0.0048,-0.002001,-0.001641,-0.102049,-0.001414,0.107589,0.005864,-0.098133,0.104259,-0.104094,-0.003165,0.004688,16,17,15,14,6,12,10,11,7,13,8,5,9,3,4,2,1
2025-06-16,0.120457,0.113766,-0.055199,0.054794,-0.006127,-0.000861,-0.053703,-0.002614,-0.001437,0.001662,0.057355,0.003116,-0.063103,-0.003025,0.054514,-0.056136,0.054711,0.002879,0.001573,1,3,2,4,8,6,7,10,13,11,9,12,5,15,16,14,17
2025-06-17,0.09525,0.091314,-0.047707,0.042596,0.0012,0.000297,-0.049309,0.004823,0.00196,-0.000295,0.04263,-0.001292,-0.044378,-0.003067,0.041276,-0.04576,0.045941,0.000296,-0.005043,2,1,3,4,13,9,10,6,7,5,8,12,11,16,15,17,14
2025-06-18,0.260511,0.255371,-0.127099,0.124359,-0.005768,0.000235,-0.126463,0.003335,0.00172,0.003461,0.126959,0.003958,-0.133527,-0.006608,0.121338,-0.127184,0.126985,0.005483,-0.002041,2,1,3,4,11,5,7,9,12,8,10,13,6,15,16,14,17
2025-06-20,0.049436,0.047822,0.024803,-0.022636,-0.00019,-0.000172,0.025355,-0.002081,-0.000835,2.6e-05,-0.022743,0.000154,0.023849,0.001375,-0.021972,0.0238,-0.024082,-0.000366,0.002173,16,17,15,14,5,11,8,12,10,13,9,6,7,2,4,1,3
2025-06-23,0.026308,0.025862,0.013984,-0.01172,0.000821,0.00058,0.013982,-0.000142,0.000298,0.000496,-0.011881,0.000607,0.013694,0.001401,-0.01133,0.01358,-0.012324,0.000397,0.001537,16,17,15,14,5,11,10,12,7,13,9,6,8,1,4,2,3
2025-06-24,0.178556,0.175403,0.088568,-0.084616,0.007102,0.001235,0.083732,0.001271,0.001131,-0.002519,-0.086796,-0.00201,0.09176,0.006246,-0.082275,0.089825,-0.084644,-0.002286,0.000804,17,16,15,14,10,12,13,9,5,7,8,6,11,3,2,4,1
2025-06-25,0.087092,0.084913,0.041535,-0.041883,0.003555,-0.000287,0.038839,0.000548,-6.9e-05,-0.002435,-0.043371,-0.002336,0.043721,0.002307,-0.041154,0.042911,-0.041318,-0.00225,-0.001412,17,15,16,14,10,11,13,8,5,7,9,6,12,3,2,4,1
2025-06-26,0.064231,0.056153,0.027898,-0.026611,-0.007301,-0.003549,0.031936,-0.009453,-0.005765,-0.001077,-0.02598,-0.000419,0.022298,-0.001403,-0.02572,0.023742,-0.032294,-0.001744,0.006757,15,17,16,14,5,9,7,11,12,13,10,8,6,2,3,1,4
2025-06-27,0.051255,0.046047,-0.024372,0.020648,0.0029,0.00072,-0.026941,0.004677,0.002237,-0.000678,0.020256,-0.001141,-0.020887,-0.000782,0.020049,-0.021609,0.024314,-0.000179,-0.005688,3,1,2,4,13,9,10,7,6,5,8,11,12,16,15,17,14
2025-06-30,0.007031,0.006073,0.002065,-0.00269,0.002432,0.000682,0.000374,0.00223,0.001336,-0.000248,-0.003092,-0.000505,0.003938,0.000827,-0.002546,0.00352,-0.001132,-0.000158,-0.002209,17,13,16,15,14,10,11,6,3,4,8,7,12,5,2,9,1
2025-07-01,0.111994,0.111433,0.056332,-0.054267,0.003042,-6.2e-05,0.054526,-0.001057,-0.000246,-0.001413,-0.055096,-0.001121,0.056898,0.003633,-0.052595,0.056669,-0.055035,-0.001905,0.000635,17,16,15,14,7,13,12,9,6,10,8,5,11,3,2,4,1
2025-07-02,0.046646,0.040969,-0.020817,0.01886,0.004012,0.001505,-0.023904,0.005282,0.003101,-6e-06,0.018478,-0.000522,-0.017196,0.000198,0.018448,-0.018106,0.022742,0.000575,-0.005511,3,1,2,4,13,9,11,7,6,5,8,10,12,16,15,17,14
2025-07-03,0.291888,0.286243,-0.147255,0.137301,-0.001867,0.001456,-0.147322,0.009529,0.004639,0.002564,0.138938,0.000476,-0.143247,-0.00844,0.133553,-0.143345,0.144566,0.004199,-0.009829,2,1,3,4,13,7,8,6,11,5,9,12,10,16,15,17,14
2025-07-07,0.048799,0.047386,0.023691,-0.023002,0.002705,0.000246,0.021565,0.000509,0.000459,-0.00091,-0.023634,-0.000677,0.025165,0.001941,-0.022292,0.024335,-0.022331,-0.001012,-0.001354,17,15,16,14,13,12,11,8,5,7,9,6,10,3,2,4,1
2025-07-08,0.149022,0.140246,0.072645,-0.065649,-0.003664,-0.000915,0.076897,-0.00773,-0.004317,0.001015,-0.064829,0.001996,0.066011,0.003,-0.063871,0.068594,-0.072125,-0.000682,0.010611,15,17,16,14,5,9,8,12,11,13,10,6,7,2,3,1,4
2025-07-09,0.272266,0.268912,-0.139446,0.129735,-0.005514,-0.000595,-0.137192,0.003982,0.001976,-0.000431,0.130054,-0.00115,-0.135391,-0.007684,0.127049,-0.137491,0.13282,0.00229,-0.007248,2,1,3,4,12,6,8,7,11,5,9,13,10,17,16,15,14
2025-07-10,0.070031,0.069185,0.035849,-0.03348,0.001287,-4.1e-05,0.035233,-0.001224,-0.00087,-0.000455,-0.033678,0.000111,0.03453,0.001613,-0.032887,0.035133,-0.034183,-0.0007,0.001286,16,17,15,14,7,11,10,12,6,13,9,5,8,1,3,2,4
2025-07-11,0.017412,0.016285,0.008586,-0.007575,0.002822,0.000573,0.007087,0.001236,0.000606,0.000275,-0.006696,0.000392,0.009838,0.003062,-0.005757,0.009064,-0.007098,-0.000545,0.000717,15,16,17,14,8,13,12,9,6,7,10,5,11,3,2,4,1
2025-07-14,0.02745,0.023482,-0.00977,0.012691,-0.005433,0.000961,-0.003564,-0.001839,0.000381,0.001863,0.010243,0.001633,-0.014758,-0.00602,0.006958,-0.011586,0.011397,0.004996,0.00128,3,2,1,4,8,5,6,10,13,11,9,14,7,15,16,12,17
2025-07-15,0.060114,0.058911,0.032073,-0.026505,0.00346,0.001353,0.031409,0.000129,0.000135,0.000475,-0.026942,0.001591,0.031572,0.003535,-0.025863,0.031598,-0.028041,0.000438,0.00294,16,17,15,14,7,11,10,12,6,13,9,5,8,1,2,4,3
2025-07-16,0.378451,0.36361,0.199348,-0.151614,-0.002563,-0.009822,0.201465,-0.015658,-0.033504,-0.016027,-0.176986,-0.001155,0.16741,0.009638,-0.167653,0.181557,-0.163821,-0.018303,0.028456,17,15,14,16,5,12,11,13,8,10,9,6,7,2,3,1,4
2025-07-17,0.115625,0.112505,0.056697,-0.054769,-6.4e-05,-0.001091,0.053619,-0.005624,-0.005431,-0.004042,-0.055566,-0.002726,0.055759,0.002834,-0.051665,0.055798,-0.058928,-0.003694,0.002775,16,17,15,14,6,10,11,12,7,13,8,5,9,1,2,4,3
2025-07-18,0.059013,0.055325,-0.030273,0.021584,-0.000565,0.002783,-0.030855,0.003884,0.005485,0.001827,0.028158,0.001455,-0.024415,-0.001239,0.026292,-0.027421,0.022975,0.004436,-0.004256,1,3,4,2,13,6,9,5,11,7,8,12,10,16,15,17,14
2025-07-22,0.162066,0.157113,0.083318,-0.071859,0.003538,-0.004126,0.080624,-0.007858,-0.009625,-0.004499,-0.078748,-0.001679,0.075028,0.004379,-0.073426,0.078715,-0.076506,-0.007094,0.0077,17,16,14,15,5,11,10,13,7,12,9,6,8,1,3,2,4
2025-07-23,0.023408,0.018336,-0.012035,-0.004278,-0.001755,-0.000407,-0.016718,0.002624,0.00147,-0.002257,0.00669,-0.000182,-0.007316,-0.002255,0.006594,-0.010067,-0.003969,0.002904,-0.005134,1,11,12,2,13,3,10,5,8,4,7,9,6,16,15,17,14
2025-07-24,0.167522,0.161826,-0.086921,0.067211,-0.003051,0.00491,-0.086711,0.01126,0.011956,0.004546,0.080601,0.001622,-0.074805,-0.005014,0.077424,-0.080509,0.073312,0.009216,-0.009251,1,3,4,2,13,7,9,5,11,6,8,12,10,17,15,16,14
2025-07-25,0.034318,0.025394,0.014155,-0.001265,-0.000576,-0.000617,0.019483,-0.004042,-0.002469,0.001131,-0.012057,-7.8e-05,0.007923,-0.000849,-0.014835,0.010815,-0.004838,-0.003436,0.001631,16,15,11,17,5,13,6,12,8,14,9,10,7,2,3,1,4
2025-07-28,0.03424,0.032327,-0.018669,0.011413,-0.001448,-0.000665,-0.019308,0.00126,0.000133,-0.000496,0.014933,-0.000994,-0.016167,-0.001906,0.01416,-0.016605,0.013306,0.000787,-0.002793,1,3,4,2,13,6,8,7,11,5,9,12,10,16,15,17,14
2025-07-29,0.028896,0.022133,0.000577,0.023179,-0.001292,0.004171,0.009502,-0.00523,0.002854,0.002543,0.007223,0.000341,-0.00501,0.000555,0.007506,-0.005717,0.01776,-0.003248,0.004284,5,2,1,4,6,14,9,8,13,16,7,11,12,10,17,3,15
2025-07-30,0.057598,0.054073,0.026342,-0.024667,-0.001815,-0.002188,0.028956,-0.005046,-0.003211,-0.002378,-0.028642,-0.002292,0.023745,-0.003088,-0.027515,0.023005,-0.027018,-0.003521,-0.001028,17,15,14,16,5,12,9,11,6,13,7,10,8,2,4,1,3
2025-07-31,0.615218,0.593849,0.311557,-0.270084,0.008463,-0.005755,0.320157,-0.025033,-0.017656,-0.006657,-0.295061,0.000109,0.285554,-0.001922,-0.282168,0.283857,-0.287048,-0.012691,0.012539,17,16,14,15,5,11,10,12,6,13,9,8,7,2,4,1,3
2025-08-01,0.079822,0.066003,0.034264,-0.015546,-0.003046,0.001689,0.047713,-0.009574,0.002624,0.000497,-0.032109,-0.003155,0.02952,-0.005451,-0.030103,0.02528,-0.0243,-0.003629,0.001486,17,15,14,16,7,11,8,5,9,13,6,12,10,2,4,1,3
2025-08-04,0.641033,0.616237,0.319355,-0.27615,0.001093,-0.011268,0.330856,-0.039456,-0.014421,-0.009302,-0.310177,-0.012994,0.288757,0.00019,-0.298029,0.288952,-0.301344,-0.02354,0.008805,17,16,14,15,5,12,8,11,6,13,9,7,10,2,3,1,4
2025-08-05,0.364846,0.355786,0.182115,-0.180758,0.013563,-0.007294,0.159732,-0.000986,-0.015374,-0.006044,-0.172043,0.004843,0.171492,0.013034,-0.165268,0.17822,-0.182731,-0.005975,0.01299,15,17,16,14,7,10,11,13,5,9,12,6,8,1,2,4,3
2025-08-06,0.407576,0.397139,-0.208337,0.192147,-0.013712,0.009274,-0.192234,0.009419,0.013331,0.008375,0.199239,-0.001794,-0.19515,-0.011562,0.184276,-0.197518,0.199025,0.00784,-0.021336,1,2,3,4,13,9,8,5,12,6,7,11,10,17,16,14,15
2025-08-07,0.332672,0.320942,0.169175,-0.150076,0.009152,-0.007769,0.160515,-0.012551,-0.011025,-0.007391,-0.163497,0.000112,0.156256,0.00706,-0.151225,0.158751,-0.159663,-0.008495,0.017061,17,16,14,15,5,11,9,12,6,13,10,7,8,1,3,2,4
2025-08-08,0.284103,0.273612,0.142563,-0.127473,0.006575,-0.008163,0.135621,-0.014063,-0.010701,-0.006682,-0.141539,-0.001809,0.130612,0.003706,-0.130066,0.133513,-0.137532,-0.009587,0.012705,17,16,14,15,5,11,9,12,6,13,10,7,8,1,3,2,4
2025-08-12,0.018449,0.015886,-0.00702,0.004703,0.001183,0.000921,-0.009002,0.004174,0.001156,0.00118,0.009448,0.001256,-0.006196,0.001741,0.008735,-0.005382,0.007257,0.002277,0.000657,1,3,4,2,13,6,10,11,9,5,12,7,8,16,14,17,15
2025-08-13,0.097796,0.087163,-0.041902,0.025961,-0.000938,-0.001244,-0.040008,0.015576,0.003555,9.7e-05,0.051378,0.006975,-0.046418,0.003298,0.045121,-0.040177,0.036492,0.003422,0.000182,1,3,4,2,10,8,11,7,12,5,13,9,6,16,15,14,17
2025-08-14,0.38172,0.365061,-0.191501,0.164496,-0.008683,-0.000916,-0.18054,0.019356,0.012583,0.004003,0.19022,0.002228,-0.182317,-0.008788,0.174554,-0.180634,0.175958,0.008246,-0.012248,1,2,4,3,13,7,8,6,11,5,10,12,9,17,15,14,16
2025-08-15,0.119261,0.111696,-0.05563,0.063468,-0.000741,0.005439,-0.052961,-0.000991,0.004132,0.003841,0.051375,-0.003102,-0.049888,-0.00165,0.050781,-0.055794,0.055861,0.000872,-0.003756,3,2,1,4,13,8,7,6,9,10,5,11,12,16,17,15,14
2025-08-18,0.114596,0.10987,0.056551,-0.052648,0.000618,-0.001698,0.053076,-0.00657,-0.004955,-0.003053,-0.058044,-0.001693,0.053335,0.000668,-0.054042,0.053444,-0.054194,-0.003283,0.002261,17,16,14,15,5,11,10,12,7,13,9,6,8,1,2,4,3
2025-08-19,0.137098,0.129802,0.069228,-0.056744,0.003199,0.001444,0.064611,-0.007745,-0.003848,-0.001396,-0.067871,-0.001271,0.064977,0.00362,-0.061796,0.064507,-0.060924,-0.002241,0.004232,17,15,14,16,5,11,10,12,7,13,8,6,9,1,4,3,2
2025-08-20,0.188327,0.180172,-0.098216,0.07993,-0.006253,-0.003908,-0.091686,0.005559,0.00216,-0.00069,0.090111,-0.003672,-0.091648,-0.007423,0.083254,-0.09319,0.084058,-0.000793,-0.00818,1,2,4,3,13,8,7,6,11,5,10,12,9,17,16,15,14
2025-08-21,0.14923,0.145401,-0.076701,0.070622,-0.002285,0.000624,-0.072149,0.003661,0.003418,0.001282,0.072529,-0.002183,-0.071984,-0.002844,0.069322,-0.07361,0.070592,0.001154,-0.005336,1,3,2,4,13,8,7,6,11,5,9,12,10,17,16,15,14
2025-08-22,0.431289,0.421898,-0.218308,0.212981,-0.004461,0.00827,-0.206881,0.005438,0.012265,0.006634,0.209693,-0.002065,-0.205851,-0.004693,0.200407,-0.210954,0.206877,0.007735,-0.01465,2,3,1,4,13,7,8,5,11,9,6,12,10,17,16,15,14
2025-08-25,0.657506,0.626181,-0.332236,0.283534,-0.009485,-0.000885,-0.304019,0.038463,0.022838,0.012724,0.32527,-0.001203,-0.302419,-0.018518,0.305373,-0.310192,0.301452,0.006804,-0.016684,1,3,4,2,12,8,7,6,11,5,9,13,10,17,16,15,14
2025-08-26,0.565905,0.552916,-0.283777,0.282128,-0.006614,0.017668,-0.274947,0.00333,0.019446,0.008756,0.27276,-0.003985,-0.265588,-0.00628,0.26195,-0.275591,0.269545,0.009732,-0.020317,2,3,1,4,13,7,8,5,12,9,6,11,10,17,16,15,14
2025-08-27,0.038446,0.036377,-0.019556,0.015752,-0.000512,-0.001061,-0.017469,0.002589,0.001298,0.000314,0.01889,-0.000539,-0.017347,-0.001407,0.017653,-0.018166,0.017397,0.00035,-0.001365,1,3,4,2,12,7,8,6,9,5,11,13,10,17,16,15,14
2025-08-28,0.137665,0.132658,-0.069442,0.062727,-0.001314,0.001163,-0.064271,0.006681,0.006014,0.003079,0.068223,-0.000733,-0.063857,-0.003355,0.065251,-0.065873,0.064913,0.002746,-0.004215,1,3,4,2,13,8,7,6,11,5,9,12,10,17,16,15,14
2025-08-29,0.27959,0.273317,-0.14131,0.13581,-0.002238,0.008272,-0.134476,0.008223,0.013465,0.008063,0.13828,0.000522,-0.131599,-0.00398,0.134541,-0.135499,0.134573,0.005894,-0.007371,1,3,2,4,13,9,8,5,11,7,6,12,10,17,16,15,14
2025-09-02,0.225579,0.220768,-0.117234,0.108346,-0.005813,0.0052,-0.112363,0.000679,0.007449,0.002733,0.106058,-0.003238,-0.110423,-0.005925,0.104932,-0.113371,0.104622,0.001373,-0.009554,2,4,1,3,13,8,7,5,11,9,6,12,10,17,16,15,14
2025-09-03,0.234285,0.223765,0.118838,-0.097585,0.003257,0.004874,0.107136,-0.016187,-0.007645,-0.003301,-0.115447,0.003885,0.107114,0.008413,-0.110705,0.111244,-0.107926,-0.002755,0.007976,17,15,14,16,6,10,11,12,9,13,7,5,8,1,2,3,4
2025-09-04,0.429719,0.417072,0.22137,-0.197203,0.006756,-0.004271,0.206211,-0.013598,-0.016347,-0.00777,-0.208349,0.004192,0.205423,0.01258,-0.203362,0.210566,-0.201359,-0.004323,0.015059,17,15,14,16,5,10,11,13,7,12,9,6,8,1,2,3,4
2025-09-05,0.283111,0.271259,-0.143477,0.122696,-0.0022,-0.001827,-0.130753,0.016418,0.010165,0.007219,0.139634,-1e-05,-0.127063,-0.009072,0.133467,-0.133929,0.132517,0.004488,-0.008608,1,3,4,2,12,8,7,6,11,5,10,13,9,17,16,15,14
2025-09-08,0.366113,0.355915,0.187393,-0.169526,0.003295,-0.003928,0.174697,-0.013502,-0.014618,-0.008903,-0.17872,0.001075,0.169499,0.00997,-0.174837,0.178463,-0.173633,-0.006688,0.011598,17,15,14,16,5,10,11,13,7,12,9,6,8,1,2,3,4
2025-09-09,0.070833,0.068495,-0.032696,0.037961,0.001696,0.005731,-0.032199,0.001647,0.005547,0.003923,0.034219,0.001335,-0.031182,0.001377,0.035075,-0.032872,0.034683,0.003657,0.000294,4,3,1,2,13,8,7,6,9,10,5,11,12,16,17,15,14
2025-09-10,0.347203,0.340645,0.178353,-0.166327,0.002852,-0.006378,0.168758,-0.010198,-0.014277,-0.008121,-0.16885,0.00155,0.162782,0.008301,-0.167452,0.171968,-0.166554,-0.006834,0.010574,17,15,14,16,5,10,11,13,7,12,9,6,8,1,2,3,4
2025-09-11,0.026339,0.025086,0.0127,-0.013294,0.000281,-0.001422,0.01271,0.000662,-0.001023,-0.000435,-0.011434,0.000527,0.012516,0.000371,-0.011886,0.013045,-0.011622,-0.000226,0.000808,14,15,17,16,5,10,11,12,9,6,13,8,7,3,1,2,4
2025-09-12,0.222379,0.207959,-0.11408,0.079917,-0.006132,-0.013144,-0.099778,0.019413,0.004423,0.001479,0.108299,0.000446,-0.09323,-0.012931,0.099855,-0.099486,0.10238,0.002834,-0.011595,1,2,4,3,11,7,8,6,10,5,13,12,9,17,15,16,14
2025-09-16,0.198662,0.191138,0.101173,-0.088926,0.001147,0.000778,0.093624,-0.009531,-0.008372,-0.005547,-0.097489,-0.002627,0.087001,0.006815,-0.093051,0.09446,-0.093617,-0.003877,0.007402,17,16,14,15,5,10,11,12,7,13,8,6,9,1,2,3,4
2025-09-17,0.366491,0.362822,-0.184111,0.182379,-0.00025,0.015252,-0.178183,0.008503,0.019733,0.011646,0.180764,0.000542,-0.173318,-0.005557,0.18107,-0.18196,0.179843,0.011242,-0.008638,3,4,1,2,13,8,7,5,11,9,6,12,10,17,16,15,14
2025-09-18,0.058226,0.056629,-0.031632,0.025427,-0.002353,-0.001679,-0.029756,0.000452,0.000526,-0.000256,0.026594,-0.001579,-0.027915,-0.003546,0.025787,-0.030343,0.025777,-0.000691,-0.004122,1,3,4,2,13,8,7,5,11,6,10,12,9,17,16,15,14
2025-09-19,0.112301,0.111479,0.059475,-0.05277,0.003433,-0.000687,0.057781,-0.000194,-0.002564,-0.000239,-0.052538,0.003394,0.055937,0.004986,-0.052826,0.059047,-0.051893,-0.000178,0.006627,15,14,16,17,5,9,11,13,7,10,12,6,8,1,2,3,4
2025-09-22,0.393582,0.3882,0.201047,-0.190475,0.00374,-0.007834,0.193048,-0.010746,-0.015844,-0.009102,-0.192535,0.00219,0.185098,0.010609,-0.19076,0.196735,-0.188287,-0.008126,0.014709,17,14,15,16,5,10,11,13,7,12,9,6,8,1,2,3,4
2025-09-24,0.118821,0.116364,0.060514,-0.057002,0.000926,-0.001868,0.057705,-0.003929,-0.004749,-0.003019,-0.058307,1.5e-05,0.054975,0.003116,-0.057198,0.058366,-0.056643,-0.002495,0.004165,17,14,15,16,5,10,11,13,7,12,9,6,8,1,2,3,4
2025-09-25,0.168837,0.161777,0.086242,-0.076787,0.001948,0.001805,0.080169,-0.008318,-0.005041,-0.004416,-0.082595,-0.001354,0.073528,0.00612,-0.077883,0.080181,-0.078262,-0.00227,0.006611,17,16,14,15,5,10,11,12,7,13,8,6,9,1,2,3,4
2025-09-26,0.473676,0.468475,-0.233316,0.234908,-0.005589,0.024172,-0.230993,0.002774,0.021228,0.012292,0.229949,-0.008619,-0.238768,-0.008083,0.231667,-0.235923,0.230842,0.011259,-0.020372,4,3,1,2,13,8,7,6,10,9,5,11,12,15,16,14,17
2025-09-29,0.044314,0.031436,-0.02509,0.004366,-0.000929,-0.015158,-0.012967,0.010853,-0.005848,6.3e-05,0.019224,0.00551,-0.002381,-0.008964,0.007401,-0.014052,0.009932,-0.002357,-0.002857,1,3,6,4,11,9,7,12,8,2,16,13,5,17,15,14,10
2025-09-30,0.295508,0.292804,0.148041,-0.146237,0.002885,-0.008753,0.143964,-0.008406,-0.014045,-0.008855,-0.147467,0.001247,0.142125,0.005684,-0.145897,0.146806,-0.145109,-0.006646,0.011909,17,14,16,15,5,9,12,13,7,10,11,6,8,1,2,3,4
2025-10-01,0.546128,0.541399,0.276489,-0.267237,0.009054,-0.012868,0.269521,-0.011456,-0.02282,-0.013011,-0.269639,0.006251,0.266837,0.014024,-0.266904,0.274408,-0.264795,-0.008244,0.025415,17,14,16,15,5,9,12,13,7,10,11,6,8,1,2,3,4
2025-10-02,0.868002,0.862193,0.441101,-0.426891,0.012684,-0.015887,0.429677,-0.018949,-0.029385,-0.016576,-0.426229,0.003943,0.413217,0.023549,-0.426901,0.435781,-0.420763,-0.009247,0.036921,15,14,16,17,5,9,11,13,7,12,10,6,8,1,2,3,4
2025-10-03,0.026825,0.025012,-0.009987,0.013274,-0.001027,0.003377,-0.012757,-0.002606,0.002565,0.000773,0.01023,-0.001505,-0.013551,0.000796,0.012413,-0.011778,0.011265,0.00018,-0.001777,4,3,1,2,12,9,8,6,10,13,5,7,11,14,15,16,17
2025-10-06,0.010742,0.008169,-0.008111,-0.000557,-0.001849,-0.00556,-0.005562,0.00063,-0.004154,-0.002836,0.002632,-0.00105,-0.003788,-0.004305,0.000283,-0.006169,0.001405,-0.002271,-0.001994,1,2,5,4,8,9,10,12,7,3,14,13,6,17,16,15,11
2025-10-07,0.144066,0.142499,0.073248,-0.070818,0.002181,-0.001904,0.072511,-0.000781,-0.005089,-0.003141,-0.068526,0.00195,0.07138,0.005466,-0.069674,0.072721,-0.067954,-0.001285,0.006837,15,14,17,16,5,10,12,13,7,9,11,6,8,1,2,3,4
2025-10-08,0.209762,0.206327,0.106619,-0.102183,-0.001496,0.000519,0.102475,-0.007517,-0.004687,-0.005544,-0.102999,-0.003591,0.097928,0.006459,-0.103142,0.101562,-0.102143,-0.003982,0.004677,16,14,15,17,6,10,12,11,8,13,7,5,9,1,3,2,4
2025-10-09,0.384747,0.382002,0.194174,-0.190573,0.004304,-0.003407,0.192836,-0.002619,-0.00957,-0.006541,-0.182416,0.001529,0.191146,0.013287,-0.189779,0.191794,-0.186851,-0.004664,0.014196,14,15,17,16,5,11,12,13,7,9,10,6,8,1,3,2,4
2025-10-10,0.423152,0.416106,0.214332,-0.20344,-0.002631,0.003929,0.206516,-0.015353,-0.003811,-0.011922,-0.208819,-0.01002,0.197969,0.015188,-0.207595,0.203061,-0.207995,-0.009835,0.008464,17,16,14,15,6,10,12,9,8,13,7,5,11,1,3,2,4
2025-10-14,0.367172,0.347894,0.180538,-0.158904,-0.010764,0.019927,0.16927,-0.034514,0.016241,-0.014003,-0.186634,-0.022818,0.150513,0.011639,-0.170402,0.161422,-0.175417,-0.011097,-0.002729,17,16,14,15,8,10,11,6,9,13,5,7,12,1,3,2,4
2025-10-15,0.119783,0.11403,-0.065683,0.051331,-0.000792,-0.007391,-0.05653,0.004246,-0.008149,-0.000987,0.0541,-5.4e-05,-0.050643,-0.011352,0.048255,-0.063082,0.051366,-0.001699,-0.002061,1,2,3,4,10,9,8,12,7,5,11,13,6,17,16,15,14
2025-10-16,0.189051,0.186608,0.090523,-0.095863,0.000882,-0.006826,0.090499,0.000272,-0.011533,-0.005847,-0.090665,-0.001064,0.092004,0.00524,-0.095905,0.093145,-0.092383,-0.005107,0.006339,14,15,16,17,5,10,11,13,7,8,12,6,9,3,1,4,2
2025-10-17,0.35058,0.341074,0.18007,-0.170509,-0.004204,0.000326,0.165223,-0.008232,0.001612,-0.010341,-0.161954,0.002175,0.157913,0.020642,-0.161257,0.176321,-0.169146,-0.00326,0.00727,15,16,17,14,6,10,13,8,11,12,9,5,7,1,2,3,4
2025-10-20,0.040891,0.038004,-0.020836,0.018794,0.002299,-0.000827,-0.01758,0.003233,-0.004318,0.002577,0.017422,-0.000838,-0.015,-0.003477,0.017008,-0.019325,0.020055,0.000567,0.000815,3,1,2,4,8,9,6,13,7,5,10,12,11,17,16,15,14
2025-10-21,0.454976,0.447566,-0.227551,0.227425,0.002143,0.00771,-0.217833,0.008104,0.008603,0.016112,0.213712,-0.00091,-0.21013,-0.022424,0.22106,-0.226485,0.222343,0.008172,-0.011407,4,2,1,3,12,7,5,6,10,8,9,13,11,17,16,15,14
2025-10-22,0.166546,0.164016,-0.080383,0.085532,0.001258,0.006025,-0.077513,0.002966,0.008807,0.006411,0.081058,0.00345,-0.078064,-0.004484,0.084182,-0.081014,0.082873,0.005829,-0.003656,4,3,1,2,12,8,6,5,11,10,7,13,9,16,17,14,15
2025-10-23,0.093517,0.091978,-0.047949,0.044293,-0.003908,0.000558,-0.046973,-0.003391,0.004567,-0.000651,0.041739,-0.001658,-0.04796,-0.005372,0.044336,-0.049181,0.042217,0.000199,-0.006389,4,3,2,1,13,7,8,5,11,10,6,12,9,15,17,14,16
2025-10-27,0.385848,0.379862,-0.189771,0.19486,-0.0009,0.008643,-0.183691,0.00255,0.012462,0.011242,0.18454,0.005916,-0.183521,-0.017267,0.19,-0.190988,0.190275,0.009342,-0.011194,4,2,1,3,12,7,6,5,11,10,8,13,9,16,17,15,14
2025-10-28,0.116417,0.112556,0.057745,-0.053301,0.004814,-0.00189,0.057626,0.003032,-0.007885,0.00137,-0.050731,0.002405,0.059475,0.005928,-0.055896,0.060521,-0.050222,-0.001092,0.008403,15,14,16,17,5,11,10,13,7,8,12,6,9,3,1,4,2
2025-10-29,0.028787,0.025163,-0.006759,0.014493,0.001345,0.005665,-0.008332,0.001623,0.00987,0.000446,0.013838,0.001969,-0.010792,0.005575,0.017996,-0.010041,0.01276,0.006008,0.001501,3,4,2,1,11,6,13,5,12,10,7,8,9,14,16,15,17
2025-10-30,0.166148,0.158974,0.089606,-0.076543,0.002245,0.00161,0.083411,0.002059,0.004915,-0.005525,-0.070531,0.002763,0.08167,0.016669,-0.070328,0.085242,-0.07159,0.006558,0.011668,15,16,17,14,6,7,13,8,10,11,12,5,9,1,2,3,4
2025-10-31,0.072124,0.071378,-0.037953,0.032161,-0.003661,-0.002192,-0.037401,-0.003979,0.008118,-0.003956,0.033434,-0.000926,-0.037959,-0.005441,0.033334,-0.03869,0.032762,0.000774,-0.007533,1,3,4,2,13,6,10,5,9,11,8,12,7,15,17,14,16
2025-11-04,0.297081,0.29219,-0.148131,0.14895,0.001297,0.006813,-0.143443,0.00146,0.015761,0.010854,0.14206,0.00411,-0.143017,-0.013117,0.144825,-0.147853,0.143369,0.005199,-0.011862,4,3,1,2,12,8,6,5,11,10,7,13,9,17,16,15,14
2025-11-05,0.101585,0.099756,-0.053553,0.046732,-0.00358,-0.001593,-0.050677,-0.001844,0.008814,-0.00355,0.045512,-0.001729,-0.051097,-0.010263,0.047808,-0.053777,0.0463,0.000297,-0.008093,4,3,2,1,12,6,10,5,11,9,7,13,8,16,17,14,15
2025-11-06,0.117874,0.115357,-0.058122,0.058729,0.002145,0.002068,-0.059145,0.000351,0.00153,0.004602,0.052613,0.001838,-0.055992,-0.003149,0.056779,-0.057317,0.055979,0.001897,-0.001837,4,3,1,2,12,8,5,10,6,11,7,13,9,16,15,17,14
2025-11-07,0.299575,0.294289,-0.152182,0.145952,-0.001656,0.003868,-0.144681,0.001277,0.022266,0.003297,0.139797,0.000815,-0.147283,-0.019969,0.142747,-0.153623,0.14108,0.003606,-0.01206,4,3,1,2,12,7,8,5,11,9,6,13,10,16,17,14,15
2025-11-10,0.160742,0.154365,-0.078201,0.078484,0.002936,0.001685,-0.082258,-0.001462,-0.005301,0.00537,0.06648,0.001869,-0.074948,-0.001566,0.074125,-0.076114,0.073914,0.001334,-0.003442,4,3,1,2,12,9,5,13,6,10,8,11,7,16,15,17,14
2025-11-11,0.036311,0.03203,-0.015429,0.018821,0.004488,0.002514,-0.01749,0.000402,-0.008505,0.003272,0.010388,0.004046,-0.01171,0.008634,0.017187,-0.010333,0.015453,0.001739,0.003504,4,3,1,2,8,11,9,13,6,12,10,5,7,16,14,17,15
2025-11-12,0.023029,0.015664,-0.006832,0.004882,0.002308,0.000123,-0.009941,-0.004077,-0.014726,-0.000792,-0.004547,0.000359,-0.001628,0.008304,0.001947,0.000392,0.000375,-0.002327,0.002028,14,7,2,5,4,12,10,17,3,13,9,1,8,15,6,16,11
2025-11-13,0.294451,0.289887,0.145112,-0.149339,-0.004265,-0.008524,0.143194,-0.0024,-0.016705,-0.010502,-0.136855,-0.003481,0.140829,0.01186,-0.144515,0.144658,-0.142845,-0.007501,0.005016,14,15,17,16,6,10,12,13,9,7,11,5,8,1,2,3,4
2025-11-14,0.072054,0.064477,-0.025013,0.023389,-0.009601,0.000176,-0.023229,0.003372,0.02516,4.5e-05,0.034794,-0.00533,-0.035712,-0.019405,0.028607,-0.03726,0.032046,0.002536,-0.006729,1,2,5,3,11,7,9,4,12,6,8,13,10,15,17,14,16
2025-11-17,0.045067,0.043583,-0.019572,0.023015,0.001613,0.003356,-0.018758,0.002781,0.007617,0.003559,0.023432,0.001464,-0.01929,-0.001787,0.023389,-0.021314,0.023753,0.003384,-9.9e-05,2,1,4,3,12,7,6,5,10,9,8,13,11,16,17,14,15
2025-11-18,0.654422,0.641753,0.32763,-0.326791,-0.009961,-0.011908,0.326746,0.002098,-0.012685,-0.017751,-0.294173,-0.00841,0.315106,0.019924,-0.317662,0.31849,-0.307939,-0.007539,0.009522,14,15,17,16,6,8,13,12,10,7,11,5,9,1,3,2,4
2025-11-19,0.206596,0.203846,-0.104919,0.101677,-0.000337,0.003425,-0.103222,0.000384,0.009628,0.004584,0.096234,-0.000794,-0.103288,-0.010578,0.100725,-0.103151,0.097708,0.00187,-0.005638,4,3,1,2,12,8,6,5,10,9,7,13,11,17,14,15,16
2025-11-20,0.121698,0.119015,-0.05884,0.05859,-0.000845,0.003305,-0.057632,0.001877,0.01132,0.003913,0.058338,-0.000657,-0.058794,-0.008605,0.059556,-0.062142,0.059123,0.002537,-0.003842,4,2,3,1,12,8,6,5,11,9,7,13,10,16,17,14,15
2025-11-21,0.186053,0.176146,0.08878,-0.094281,-0.009498,-0.006693,0.091772,-0.002554,0.010734,-0.006846,-0.079182,-0.011223,0.085378,-0.009986,-0.088997,0.071688,-0.079229,-0.001781,-0.005381,14,15,17,16,8,6,10,5,11,7,9,12,13,2,4,1,3
2025-11-25,0.195829,0.180886,-0.095125,0.09352,0.005803,0.000313,-0.10231,-0.00203,-0.026621,-0.00112,0.070719,0.008503,-0.088575,0.00695,0.087075,-0.070065,0.076055,-0.001211,0.003257,4,3,1,2,8,11,10,13,7,12,9,6,5,16,14,17,15
2025-11-26,0.131614,0.110261,0.04701,-0.049192,0.003905,-0.002275,0.036918,-0.001514,-0.037174,-0.012804,-0.06197,0.003068,0.049527,0.016467,-0.049635,0.069645,-0.052997,-0.000423,0.009238,17,16,14,15,6,9,12,13,7,10,11,5,8,3,1,4,2
2025-11-28,0.038228,0.024732,-0.000285,0.000896,0.004812,0.002186,-0.003552,-0.001201,-0.021139,-0.005176,-0.01032,0.001585,0.002451,0.011967,-0.001438,0.017089,-0.005155,-0.003143,0.008505,16,14,8,11,3,12,15,17,4,10,6,2,7,9,1,13,5
2025-12-01,0.248598,0.241701,-0.122281,0.125072,0.006191,0.007041,-0.123526,0.000846,-0.007435,0.003632,0.110026,0.003533,-0.120494,0.001588,0.12106,-0.108507,0.112672,-0.001961,0.002797,4,3,1,2,9,12,7,13,6,11,5,10,8,16,14,17,15
2025-12-02,0.446253,0.432546,-0.210542,0.215397,-0.000901,0.00346,-0.20438,0.003734,0.039128,0.017607,0.217455,0.000895,-0.215044,-0.025359,0.210403,-0.228798,0.207019,0.002591,-0.016281,1,4,2,3,12,9,6,5,11,7,8,13,10,15,17,14,16
2025-12-03,0.036626,0.03443,0.018415,-0.017292,-0.001118,-0.000846,0.019334,0.001009,0.006271,0.001259,-0.012792,-0.00012,0.017446,-0.001555,-0.016657,0.013491,-0.014144,0.001558,-0.001299,14,15,17,16,12,6,7,5,11,8,10,13,9,2,4,1,3
2025-12-04,0.544433,0.53658,-0.271508,0.272925,0.007304,0.010099,-0.270633,0.000981,0.003268,0.011988,0.252902,0.00375,-0.271489,-0.00844,0.26634,-0.259078,0.256846,-0.001039,-0.005797,4,3,1,2,12,11,5,9,7,10,6,13,8,17,14,15,16
2025-12-05,0.24209,0.239399,-0.11991,0.120722,0.001239,0.003373,-0.118039,0.000828,0.011184,0.008544,0.117447,0.001833,-0.121336,-0.008962,0.117415,-0.121368,0.115371,0.001763,-0.004387,2,4,1,3,12,9,6,5,10,11,7,13,8,15,17,14,16
2025-12-08,0.098067,0.096945,-0.049244,0.0482,-0.000293,0.000829,-0.047925,2e-06,0.003789,0.002864,0.046907,0.000375,-0.049867,-0.004108,0.047247,-0.049369,0.046015,0.000296,-0.002518,3,4,1,2,12,9,6,5,11,10,7,13,8,15,16,14,17
2025-12-09,0.087379,0.074915,-0.031254,0.030588,-0.005465,-0.002002,-0.025787,0.003041,0.025317,0.007931,0.043181,-0.000531,-0.036433,-0.011431,0.030115,-0.044198,0.039092,0.002478,-0.011383,1,2,3,4,12,8,6,5,11,7,10,13,9,15,17,14,16
2025-12-10,0.022322,0.019496,-0.00821,0.008379,-0.000493,-0.000388,-0.007131,0.000942,0.00581,0.001957,0.010856,-0.000141,-0.009478,-0.002073,0.008542,-0.011466,0.009937,0.001022,-0.001653,1,2,4,3,12,7,6,5,11,8,10,13,9,15,17,14,16
2025-12-11,0.341321,0.33088,-0.169685,0.170151,0.004943,0.010523,-0.171171,-0.002989,-0.014493,0.00446,0.148107,0.006283,-0.167587,-0.001838,0.163851,-0.150277,0.150195,-0.002823,0.003755,4,3,1,2,9,11,8,13,7,12,5,10,6,16,14,17,15
2025-12-12,0.239207,0.230992,-0.119841,0.11829,0.002864,0.007248,-0.120917,-0.001992,-0.011121,0.002024,0.1018,0.003701,-0.117078,-0.000619,0.113234,-0.10574,0.103615,-0.002381,0.002777,4,3,1,2,8,12,9,13,7,11,5,10,6,16,14,17,15
2025-12-15,0.065708,0.06098,-0.031528,0.024794,-0.004348,-0.004196,-0.029579,-0.002654,0.006979,0.00067,0.028597,-0.003398,-0.034097,-0.008258,0.02456,-0.037111,0.026812,-0.002377,-0.006902,1,2,3,4,12,7,6,5,11,8,10,13,9,15,17,14,16
2025-12-16,0.288894,0.28571,0.143475,-0.141404,-4.3e-05,-0.003099,0.139044,-0.002029,-0.015954,-0.010397,-0.139559,-0.001548,0.14749,0.010776,-0.13949,0.145712,-0.13633,-0.002167,0.005166,16,14,17,15,6,10,12,13,7,9,11,5,8,3,2,4,1
2025-12-17,0.281704,0.275391,0.139707,-0.140238,-0.003535,-0.008882,0.138554,-0.001665,0.008691,-0.004706,-0.124995,-0.001466,0.140722,0.001552,-0.140982,0.125105,-0.12597,-0.000932,-0.004897,14,15,16,17,12,7,11,5,10,9,13,6,8,2,4,3,1
2025-12-18,0.627454,0.622478,-0.31574,0.307145,0.002582,0.007585,-0.306321,0.002697,0.032019,0.023574,0.303764,0.004409,-0.320309,-0.02443,0.306652,-0.313823,0.294282,0.003999,-0.00925,3,4,1,2,12,9,6,5,11,10,7,13,8,16,15,14,17
2025-12-19,0.440385,0.437879,0.224132,-0.214204,-0.001366,-0.003777,0.216604,-0.000973,-0.022319,-0.015603,-0.214143,-0.003015,0.226181,0.019506,-0.214081,0.220897,-0.207392,-0.002644,0.006432,16,14,17,15,6,9,12,13,8,7,11,5,10,2,3,4,1
2025-12-22,0.157465,0.154943,-0.080313,0.075994,0.000365,0.002373,-0.077707,-0.000142,0.002947,0.004034,0.073349,-0.000193,-0.080561,-0.006303,0.076904,-0.076067,0.072453,0.000159,-0.000831,3,4,2,1,12,9,5,6,8,10,7,13,11,16,14,15,17
2025-12-23,0.470567,0.461121,-0.237244,0.229793,0.00513,0.011264,-0.231186,0.002014,0.001603,0.011557,0.215225,0.001277,-0.235691,-0.012032,0.233323,-0.218674,0.216126,0.003017,0.002522,4,3,2,1,9,8,5,11,7,10,6,13,12,17,14,15,16
2025-12-24,0.163293,0.161019,-0.083163,0.079978,0.001472,0.00466,-0.079436,0.001989,0.00635,0.006333,0.077938,0.001825,-0.082413,-0.007383,0.080129,-0.07867,0.076803,0.001248,0.000311,3,4,2,1,12,11,6,5,10,8,7,13,9,17,14,15,16
2025-12-26,0.122792,0.114439,0.055827,-0.051984,0.000261,0.001349,0.052393,-0.001397,-0.01788,-0.008182,-0.059805,-0.002225,0.058032,0.009859,-0.051954,0.062987,-0.054682,-0.000983,0.005016,17,16,15,14,6,9,12,13,8,10,7,5,11,3,1,4,2
2025-12-29,0.003795,0.003198,-0.001707,0.000954,-0.000369,-0.000538,-0.001598,-0.000251,0.000638,3.1e-05,0.001509,-0.000219,-0.001885,-0.000781,0.00098,-0.002286,0.001227,-0.000258,-0.000646,1,2,4,3,12,9,6,5,10,8,11,13,7,15,17,14,16
2025-12-30,0.027581,0.024035,-0.010341,0.010512,0.000678,-0.000399,-0.009035,0.001267,0.00666,0.003186,0.014134,0.001415,-0.011289,-0.002452,0.010687,-0.013448,0.012206,0.001336,-0.001123,1,2,4,3,12,8,6,5,10,9,11,13,7,15,17,14,16
2026-01-05,0.142418,0.141161,-0.073032,0.068893,0.001437,0.003066,-0.068258,0.001657,0.008689,0.006529,0.069386,0.002135,-0.072452,-0.007774,0.069109,-0.07061,0.06732,0.001413,-0.000974,1,4,3,2,12,11,6,5,10,9,7,13,8,17,15,14,16
2026-01-06,1.108325,1.090232,-0.573583,0.534742,0.007127,0.025035,-0.535241,0.008754,0.044529,0.04047,0.525764,0.011387,-0.564457,-0.056341,0.532973,-0.539176,0.514119,0.004502,-0.007131,3,4,1,2,12,11,6,5,10,9,7,13,8,17,15,14,16
2026-01-07,0.416602,0.405897,0.207537,-0.188964,-0.00338,-0.004112,0.190722,-0.004145,-0.037231,-0.02324,-0.204116,-0.007075,0.207718,0.0317,-0.19119,0.212486,-0.194643,-0.005846,0.010841,17,16,14,15,6,10,12,13,7,9,8,5,11,3,1,4,2
2026-01-08,0.276938,0.264195,0.143063,-0.133875,-0.00152,-0.013642,0.129086,-0.000219,0.010061,-0.005177,-0.117852,-0.001999,0.132704,0.006597,-0.133046,0.116993,-0.120811,0.002002,-0.003325,14,15,17,16,11,7,12,5,9,8,13,6,10,1,4,3,2
2026-01-09,0.539747,0.524837,-0.282756,0.256991,-0.001049,0.012389,-0.262195,0.00033,0.006707,0.014298,0.248573,0.004214,-0.267803,-0.028675,0.256194,-0.25745,0.24576,-0.003831,-0.00617,3,4,1,2,12,11,5,7,10,9,6,13,8,17,14,15,16
2026-01-13,0.238488,0.226029,0.112687,-0.096293,0.000154,-0.001931,0.103988,-0.002632,-0.028164,-0.013748,-0.116644,-0.0056,0.114758,0.018591,-0.102955,0.121844,-0.109198,-0.004292,0.009107,17,16,14,15,6,10,12,13,7,9,8,5,11,3,1,4,2
2026-01-14,0.1799,0.175024,0.090812,-0.080759,-0.00087,-0.003704,0.083305,-0.001839,-0.012572,-0.009901,-0.089088,-0.003986,0.088732,0.01191,-0.083063,0.090353,-0.083024,-0.001393,0.003768,17,15,14,16,6,8,12,13,7,9,10,5,11,1,2,4,3
2026-01-15,0.040153,0.03587,-0.018729,0.021424,0.00172,0.003481,-0.017065,0.001696,-0.004789,0.001053,0.015175,0.000923,-0.015413,0.001213,0.01921,-0.011946,0.015769,-0.000422,0.003412,4,3,1,2,6,12,10,13,7,8,5,9,11,17,14,16,15
2026-01-16,0.048648,0.043831,0.022147,-0.015676,0.0012,0.00134,0.020594,0.000679,-0.006802,-0.002196,-0.022179,0.000102,0.023143,0.005656,-0.017819,0.026469,-0.019736,5e-05,0.004032,17,16,14,15,6,11,12,13,8,9,7,5,10,3,1,4,2
2026-01-20,0.372438,0.362647,-0.187573,0.169067,0.003849,0.009733,-0.172929,0.006664,0.026541,0.021304,0.184362,0.006735,-0.181818,-0.024319,0.17332,-0.188076,0.172791,0.002627,-0.00652,1,3,4,2,12,11,6,5,10,9,7,13,8,16,17,14,15
2026-01-21,0.383787,0.370743,0.196636,-0.187151,-0.001091,-0.012792,0.191281,-0.003104,0.016332,-0.011906,-0.169131,-0.007402,0.182829,0.014937,-0.185201,0.156966,-0.162929,0.008365,-0.00245,15,14,17,16,9,7,12,5,8,10,13,6,11,1,4,2,3
2026-01-22,0.167761,0.151485,-0.088943,0.078819,0.006263,0.008959,-0.078125,0.003036,-0.020798,0.002146,0.062743,0.004936,-0.06988,-0.0089,0.075946,-0.063291,0.061425,-0.004258,0.004081,3,4,1,2,8,11,10,13,6,9,5,12,7,17,14,16,15
2026-01-23,0.06154,0.059514,-0.036113,0.025427,-0.002088,-0.001356,-0.033373,-0.002242,-0.002316,-0.000509,0.025367,-0.002654,-0.03211,-0.00812,0.025095,-0.033167,0.022782,-0.004676,-0.004375,2,4,1,3,11,12,5,9,7,8,6,13,10,17,15,16,14
2026-01-26,0.060313,0.057958,0.030341,-0.028373,-0.002351,-0.002949,0.027772,-0.002427,-0.003894,-0.004352,-0.029972,-0.002095,0.02732,0.003494,-0.028396,0.029021,-0.027472,-0.000502,-0.00012,17,14,15,16,6,7,13,12,9,10,11,5,8,1,2,3,4
2026-01-27,0.155816,0.149236,0.07625,-0.066912,-0.001321,-0.003958,0.074358,-0.002097,-0.013434,-0.009625,-0.076221,-0.001724,0.075619,0.012315,-0.069607,0.079595,-0.070418,0.000269,0.004719,17,16,14,15,6,7,12,13,8,10,11,5,9,2,1,4,3
2026-01-28,0.190757,0.184238,0.099124,-0.084124,-0.001804,-0.0045,0.093828,-0.00248,-0.010675,-0.009697,-0.091632,-0.001078,0.091776,0.016681,-0.085532,0.098474,-0.083739,0.00256,0.005482,17,14,15,16,6,7,12,13,9,10,11,5,8,1,2,3,4
2026-01-29,0.141191,0.133362,-0.065271,0.053904,-0.00264,0.001362,-0.066807,-0.000514,0.015103,0.007507,0.067098,-0.000415,-0.069909,-0.013778,0.05907,-0.074093,0.06311,-1.1e-05,-0.008215,1,2,4,3,12,8,6,5,11,10,7,13,9,14,17,15,16
2026-01-30,0.627436,0.605537,-0.326604,0.286994,0.012656,0.012414,-0.304624,0.013529,0.032313,0.036049,0.300832,0.009428,-0.290563,-0.049311,0.28614,-0.311416,0.270159,-0.00751,-0.009306,1,4,2,3,12,11,5,6,8,7,9,13,10,17,16,15,14
2026-02-02,0.264684,0.256208,0.13765,-0.118762,-0.002026,-0.003283,0.130243,-0.004215,-0.01555,-0.014094,-0.127033,-0.001574,0.125433,0.022582,-0.119181,0.135753,-0.115562,0.003178,0.007153,17,14,15,16,6,7,12,13,9,11,10,5,8,1,2,3,4
2026-02-03,0.304155,0.29353,0.153473,-0.136617,-0.003764,-0.004909,0.146504,-0.00493,-0.024325,-0.0192,-0.149476,-0.00244,0.142413,0.024897,-0.138926,0.154679,-0.137531,-0.00033,0.006468,17,15,14,16,6,7,12,13,9,11,10,5,8,2,1,3,4
2026-02-04,0.249985,0.243044,-0.125221,0.119086,0.007707,0.007708,-0.117914,0.007881,0.019907,0.017921,0.124764,0.00486,-0.108992,-0.017739,0.118336,-0.123812,0.115065,0.004224,0.000471,1,4,2,3,12,11,6,5,9,7,8,13,10,17,16,15,14
2026-02-05,0.761515,0.742691,-0.390133,0.358586,0.018527,0.017313,-0.367213,0.016782,0.049346,0.04617,0.371382,0.005629,-0.337817,-0.060162,0.357414,-0.383346,0.344758,0.009016,-0.002251,1,4,2,3,12,10,6,5,7,9,8,13,11,17,16,15,14
2026-02-06,0.471693,0.449201,0.247943,-0.22375,-0.013864,-0.010106,0.226997,-0.012868,-0.012148,-0.017846,-0.21125,0.010042,0.196839,0.036103,-0.211123,0.226541,-0.198442,0.005516,-0.001918,16,14,17,15,8,7,13,10,12,11,9,5,6,1,3,2,4
2026-02-09,0.086704,0.05566,-0.044134,0.042569,0.010887,0.008038,-0.029221,0.01381,-0.01425,-0.002765,0.016526,0.001429,0.000322,-0.002516,0.020277,-0.011138,0.011609,-0.010042,0.009683,3,5,1,2,7,13,12,15,6,4,8,11,9,17,14,16,10
2026-02-10,0.232516,0.227564,-0.118794,0.106832,0.000563,0.00173,-0.120045,0.001838,0.014596,0.012473,0.110521,-0.003551,-0.105048,-0.019844,0.104504,-0.121995,0.102421,-0.002291,-0.006169,1,4,2,3,12,10,6,5,9,7,8,13,11,15,17,16,14
2026-02-12,0.157179,0.154335,-0.078197,0.077189,0.004365,0.004251,-0.07999,0.005569,0.01019,0.010077,0.07629,-0.000275,-0.065555,-0.010125,0.073109,-0.07823,0.070857,-4.8e-05,-0.000637,2,4,1,3,12,10,6,5,8,7,9,13,11,15,16,17,14
2026-02-13,0.71384,0.707667,0.373259,-0.337861,-0.003925,-0.004562,0.375135,-0.008401,-0.037511,-0.03506,-0.338704,0.009675,0.317403,0.063078,-0.324033,0.374007,-0.315032,0.009395,0.013526,17,14,16,15,6,8,12,13,9,11,10,5,7,3,2,1,4
2026-02-17,0.259762,0.249743,0.131405,-0.104076,0.008498,0.002724,0.12644,0.01115,-0.021399,-0.010811,-0.119976,0.001705,0.128647,0.021087,-0.115737,0.139785,-0.113678,-0.000473,0.009695,17,15,14,16,7,11,12,13,8,6,9,5,10,2,1,4,3
2026-02-18,0.353676,0.34354,-0.182231,0.159193,0.002778,0.001471,-0.177248,-0.007709,0.027299,0.017633,0.167457,0.004444,-0.163537,-0.025253,0.158272,-0.186219,0.156996,-0.00016,-0.006191,1,4,2,3,11,10,6,5,8,12,9,13,7,16,17,15,14
2026-02-19,0.252194,0.245358,-0.132382,0.112776,0.000887,-0.001868,-0.128664,-0.004295,0.014955,0.01014,0.117958,0.001095,-0.116791,-0.021882,0.110056,-0.134236,0.109144,-0.002877,-0.007029,1,4,2,3,12,10,6,5,8,11,9,13,7,16,17,15,14
2026-02-20,0.163344,0.159197,0.083792,-0.076032,-0.002448,-0.000922,0.081627,-0.00143,-0.010376,-0.008971,-0.078433,-0.001927,0.072773,0.012608,-0.072794,0.084911,-0.072514,0.000315,0.002175,17,14,16,15,6,7,12,13,11,9,8,5,10,2,1,3,4
2026-02-24,0.034661,0.032127,-0.018307,0.015141,-0.000501,-0.000867,-0.019521,0.004863,-0.003602,0.001321,0.013772,-0.004165,-0.011189,-0.005583,0.011278,-0.018008,0.011635,-0.003354,-0.003118,2,3,1,4,9,10,6,11,7,5,8,13,12,16,15,17,14
2026-02-25,0.203392,0.196982,0.103491,-0.090556,-0.002647,-0.000582,0.098052,0.00944,-0.021437,-0.009705,-0.097781,-0.007877,0.097519,0.01155,-0.093439,0.105611,-0.092574,-0.003644,0.001641,17,15,14,16,7,10,12,13,9,6,8,5,11,2,1,3,4
2026-02-26,0.094462,0.091624,0.04293,-0.048735,-0.006657,-0.005686,0.041841,-0.005496,-0.010773,-0.010691,-0.049325,-0.006103,0.035816,0.003252,-0.04604,0.045137,-0.046903,-0.005069,-0.003362,17,15,16,14,6,7,12,13,11,8,9,5,10,2,1,3,4
2026-02-27,0.432791,0.421658,-0.22125,0.201213,0.007734,0.002373,-0.212706,-0.004251,0.030998,0.026396,0.205249,0.009326,-0.192783,-0.034199,0.192082,-0.227542,0.197012,0.003745,-0.006407,1,3,2,4,12,9,6,5,8,11,10,13,7,16,17,15,14
2026-03-02,0.48731,0.475526,0.254504,-0.221613,-0.003795,0.002298,0.242609,0.01158,-0.031041,-0.024954,-0.227847,-0.012439,0.224245,0.039723,-0.212143,0.259463,-0.220543,-0.003555,0.009671,17,15,16,14,7,9,12,13,10,6,8,5,11,2,1,3,4
2026-03-03,0.558431,0.546228,-0.287168,0.258037,0.007279,0.000979,-0.275749,-0.008117,0.040281,0.03308,0.266762,0.018242,-0.252284,-0.041821,0.247605,-0.29167,0.259299,0.011075,-0.004638,1,2,3,4,11,8,6,5,9,12,10,13,7,16,17,15,14
2026-03-04,0.031052,0.023773,-0.006144,-0.003781,-0.005037,-0.003437,-0.007245,-0.012181,-0.005351,-0.014292,-0.004213,0.005032,-0.022518,0.006464,0.008535,0.004921,0.006221,0.007329,0.004621,10,4,9,1,7,2,16,12,11,15,8,3,5,13,6,14,17
2026-03-05,0.157922,0.155375,0.077783,-0.080139,-0.006377,-0.004895,0.074426,-0.002973,-0.015019,-0.011366,-0.078489,-0.008652,0.07032,0.0027,-0.076986,0.076045,-0.079242,-0.007816,-0.005976,15,16,17,14,8,10,12,13,9,6,7,5,11,1,2,3,4
2026-03-06,0.231037,0.226779,-0.123579,0.102176,-0.005268,-0.007867,-0.11764,-0.017914,0.006383,-0.000282,0.097737,-0.008435,-0.121504,-0.008362,0.105564,-0.120055,0.107458,0.00207,-0.001478,4,1,3,2,8,6,7,5,9,13,10,11,12,17,15,14,16
2026-03-09,0.317362,0.302651,0.157514,-0.144285,-0.002861,-0.000887,0.157898,-0.012496,-0.017844,-0.016166,-0.147327,-0.002415,0.133385,0.030094,-0.124963,0.170035,-0.130894,0.008397,0.010406,17,15,16,14,6,7,12,13,10,11,8,5,9,3,1,2,4
2026-03-10,0.466448,0.454114,0.233259,-0.224209,-0.006795,-0.00444,0.229747,0.001556,-0.028505,-0.026783,-0.219565,-0.002632,0.206713,0.026218,-0.209102,0.242239,-0.213321,-0.006972,0.001338,16,15,17,14,7,11,12,13,10,6,9,5,8,2,1,3,4
2026-03-11,0.055933,0.051124,0.023876,-0.027543,-0.003524,-0.002307,0.025166,-0.008746,-0.006405,-0.005914,-0.026228,-0.002832,0.019018,0.003826,-0.021191,0.028389,-0.022169,0.000525,0.002008,16,15,17,14,6,7,11,12,10,13,8,5,9,3,1,2,4
2026-03-12,0.209349,0.206305,-0.107726,0.100461,0.002663,0.002153,-0.104329,-0.005819,0.010735,0.010137,0.09881,-0.000424,-0.092964,-0.010502,0.097505,-0.108888,0.0987,0.003343,0.00112,2,3,1,4,10,7,6,5,8,12,9,13,11,16,17,15,14
2026-03-13,0.084333,0.077858,-0.03709,0.038492,0.004913,0.006304,-0.03137,-0.011861,0.008521,0.007712,0.041261,0.003685,-0.030236,0.005033,0.047243,-0.031835,0.044774,0.010626,0.012679,3,2,4,1,5,6,8,7,11,13,9,10,12,17,16,15,14
2026-03-16,0.189985,0.18295,0.093835,-0.089745,-0.002371,-0.000793,0.094532,-0.001978,-0.008771,-0.008418,-0.086644,0.001601,0.081614,0.011548,-0.081943,0.100241,-0.083853,0.000513,0.003639,16,15,17,14,6,8,12,13,11,10,9,5,7,3,1,2,4
2026-03-17,0.112508,0.107667,0.056936,-0.054187,-0.001915,-0.004269,0.050956,0.007005,-0.006988,-0.007287,-0.054317,-0.002541,0.04501,0.003205,-0.0546,0.05062,-0.055572,-0.003366,-0.002572,15,17,14,16,9,10,13,12,7,5,11,6,8,1,3,2,4
2026-03-18,0.386191,0.373775,-0.192294,0.183441,0.005752,0.002906,-0.191049,0.002461,0.018523,0.018529,0.178713,-0.002323,-0.165481,-0.0219,0.169432,-0.20275,0.173077,0.000202,-0.004683,2,3,1,4,12,10,5,6,7,9,8,13,11,16,17,15,14
2026-03-19,0.159816,0.145163,-0.086095,0.068375,-0.001904,0.003744,-0.071473,-0.021614,0.005022,0.005077,0.067367,0.000243,-0.060513,-0.006049,0.071154,-0.064671,0.07372,0.001701,0.001049,4,1,3,2,9,8,5,6,11,13,7,12,10,17,15,16,14
2026-03-23,0.130764,0.127155,-0.068939,0.061824,0.000792,0.000343,-0.064293,-0.004886,0.007081,0.007136,0.059221,-0.001045,-0.053111,-0.008033,0.057106,-0.068449,0.058737,0.000555,-0.002125,2,3,1,4,11,8,5,6,7,12,9,13,10,17,16,15,14
2026-03-24,0.145668,0.138021,-0.066529,0.06512,0.002613,-0.001533,-0.074405,0.014962,0.007955,0.007684,0.065308,-0.000222,-0.065713,-0.009496,0.052622,-0.08036,0.062342,-0.003092,-0.005654,1,3,2,4,12,11,7,6,8,5,10,13,9,15,17,16,14
2026-03-25,0.195242,0.186699,-0.090371,0.094894,0.006073,0.00414,-0.091763,0.008526,0.014098,0.013975,0.092059,0.002613,-0.079136,-0.009212,0.083952,-0.100347,0.090663,0.00362,0.000888,2,3,1,4,12,10,6,5,8,7,9,13,11,15,17,16,14
2026-03-26,0.221392,0.211287,0.108987,-0.107689,-0.001085,-0.002454,0.104382,0.003252,-0.010826,-0.012364,-0.099265,0.002253,0.089015,0.013087,-0.097042,0.113703,-0.099834,0.001239,0.000467,15,16,17,14,9,8,13,12,10,6,11,5,7,2,1,3,4
2026-03-27,0.343493,0.32325,-0.16332,0.169815,0.00377,0.005511,-0.158068,-0.00091,0.015923,0.0197,0.151898,-0.000804,-0.132018,-0.014203,0.14999,-0.173677,0.152971,-0.001936,-0.000287,3,2,1,4,9,12,5,6,8,11,7,13,10,16,17,15,14
2026-03-30,0.137205,0.129972,0.068605,-0.055436,0.001869,0.006074,0.074818,-0.008389,-0.003107,-0.002533,-0.058147,0.006331,0.067416,0.014588,-0.04508,0.079058,-0.053853,0.006345,0.008018,17,15,16,14,6,7,11,12,10,13,9,5,8,3,1,2,4
2026-03-31,0.045883,0.043681,-0.024766,0.01978,-0.002287,-0.002487,-0.024471,-0.002052,-0.000816,-0.000331,0.017941,-0.002473,-0.021547,-0.00403,0.017983,-0.026102,0.017757,-0.003203,-0.003052,3,4,1,2,11,12,5,6,8,7,10,13,9,16,17,15,14
2026-04-01,0.13672,0.123843,0.060068,-0.076652,-0.003615,-0.007654,0.049266,0.007752,-0.014272,-0.015679,-0.062349,-0.005627,0.036698,-0.003171,-0.057524,0.058556,-0.064637,-0.002926,-0.00581,15,16,17,14,10,6,13,12,8,5,11,7,9,1,2,3,4
2026-04-02,0.427396,0.408668,0.20857,-0.207662,-0.003618,-6.6e-05,0.202094,-0.008233,-0.019071,-0.021876,-0.193621,-0.002934,0.177711,0.011838,-0.194324,0.219734,-0.191893,0.004809,0.00482,15,14,17,16,6,7,13,12,10,11,8,5,9,2,1,3,4
2026-04-06,0.108867,0.105204,-0.054209,0.0513,0.000257,-0.001249,-0.053636,0.002814,0.003469,0.004208,0.0489,-0.000169,-0.047953,-0.004293,0.050002,-0.057566,0.048111,-0.002051,-0.00244,3,4,1,2,12,11,5,6,8,7,10,13,9,16,17,15,14
2026-04-07,0.045647,0.043381,-0.022256,0.019074,-0.000105,-0.0014,-0.023624,0.002723,0.000343,0.000635,0.019544,-0.000597,-0.021957,-0.002635,0.021141,-0.024506,0.018867,-0.001291,-0.001916,2,4,3,1,12,10,6,7,8,5,11,13,9,15,17,16,14
2026-04-08,0.138786,0.13188,-0.069162,0.067269,-0.0005,-0.000944,-0.065231,-0.000962,0.005246,0.006204,0.061314,-0.00042,-0.056772,-0.004849,0.060296,-0.071517,0.061147,-0.002879,-0.002398,2,3,1,4,11,12,5,6,8,10,9,13,7,16,17,15,14
2026-04-09,0.447827,0.407581,0.208806,-0.225854,0.010634,0.003866,0.190307,0.014388,-0.009923,-0.01925,-0.180949,0.001244,0.162579,0.006755,-0.188844,0.221973,-0.18696,0.008468,0.010936,14,15,17,16,6,8,13,12,7,5,10,9,11,2,1,3,4
2026-04-10,0.25893,0.244593,0.123473,-0.129997,0.000854,0.000674,0.119306,-0.000989,-0.00826,-0.011897,-0.113099,-0.001055,0.103983,0.004383,-0.117636,0.128932,-0.114435,0.002571,0.003814,14,15,17,16,6,7,13,12,8,10,9,5,11,2,1,3,4
2026-04-13,0.265479,0.250413,-0.127792,0.13442,-0.00213,-0.000535,-0.122803,-0.000624,0.00909,0.012464,0.115205,-0.000376,-0.105043,-0.005693,0.118536,-0.131059,0.116628,-0.003435,-0.004706,4,3,1,2,12,11,5,6,10,9,8,13,7,16,17,15,14
2026-04-14,0.435475,0.423153,-0.217073,0.211144,-0.000192,-0.003564,-0.216997,0.009052,0.014737,0.016646,0.195895,-0.001827,-0.193352,-0.013854,0.204021,-0.224331,0.194821,-0.007351,-0.009706,3,4,1,2,12,11,5,6,8,7,10,13,9,16,17,15,14
2026-04-15,0.302019,0.28816,0.1446,-0.15326,-0.001504,-0.001357,0.140944,-0.005453,-0.012777,-0.016142,-0.135649,-0.002248,0.122624,0.004943,-0.14041,0.14876,-0.136508,0.001545,0.002826,14,15,17,16,6,7,13,12,9,11,8,5,10,2,1,3,4
2026-04-16,0.118295,0.111028,-0.05961,0.057438,-0.004478,-0.003543,-0.056691,-0.003852,0.000459,0.00255,0.047856,-0.003064,-0.049009,-0.005479,0.049683,-0.060857,0.048804,-0.004674,-0.005213,4,3,1,2,12,11,5,6,10,9,8,13,7,16,17,15,14
2026-04-17,0.106108,0.103814,-0.052555,0.04991,0.001279,-0.000407,-0.053649,0.004436,0.004737,0.004184,0.04922,0.000899,-0.048878,-0.003089,0.051701,-0.054407,0.048033,-0.000957,-0.001637,3,4,2,1,12,11,7,5,8,6,10,13,9,15,17,16,14
2026-04-20,0.402838,0.381125,0.19292,-0.205309,0.001885,5.6e-05,0.185024,-0.001795,-0.014684,-0.020836,-0.177359,-0.000684,0.159665,0.007465,-0.182672,0.197528,-0.17992,0.00389,0.005047,14,15,17,16,6,7,13,12,8,11,9,5,10,2,1,3,4
2026-04-21,0.397372,0.384152,-0.196886,0.19765,-0.000757,-0.001912,-0.19049,0.007766,0.014047,0.018728,0.180557,0.002124,-0.170817,-0.008517,0.187151,-0.199721,0.179304,-0.004769,-0.005346,3,4,1,2,12,11,5,6,9,7,10,13,8,16,17,15,14
2026-04-22,0.163747,0.147739,-0.07632,0.086977,-0.004002,-0.000858,-0.067242,-0.005866,0.00385,0.009119,0.067014,-0.000162,-0.055325,-0.002633,0.066285,-0.07677,0.068895,-0.002863,-0.001679,3,2,1,4,9,11,5,6,12,13,8,10,7,16,17,15,14
2026-04-23,0.263209,0.25549,0.129259,-0.131649,0.00215,0.002551,0.127992,-0.003779,-0.008223,-0.011139,-0.119994,-0.000556,0.116334,0.004217,-0.125293,0.131559,-0.120717,0.003319,0.003948,14,15,17,16,6,7,13,12,9,11,8,5,10,2,1,3,4
2026-04-24,0.408466,0.392224,0.20058,-0.205347,0.005646,0.005549,0.194083,-0.000801,-0.010965,-0.016837,-0.182484,0.001989,0.175563,0.008367,-0.189174,0.203119,-0.184369,0.006664,0.007606,14,15,17,16,6,7,13,12,8,11,9,5,10,2,1,3,4
2026-04-27,0.151386,0.148917,0.073889,-0.074373,-0.000181,0.001194,0.075258,-0.004433,-0.005394,-0.00658,-0.071326,-0.00115,0.07082,0.001195,-0.075583,0.075802,-0.071847,0.000448,0.001708,14,15,16,17,5,8,13,12,9,11,7,6,10,3,1,2,4
2026-04-28,0.112178,0.105879,-0.054739,0.057439,-0.001536,-0.000867,-0.051471,-0.001294,0.003286,0.005645,0.049796,-0.000804,-0.044518,-0.003203,0.049984,-0.054199,0.049807,-0.002245,-0.001955,4,3,1,2,11,12,5,6,10,9,8,13,7,17,16,15,14
2026-04-30,0.109682,0.108419,-0.055013,0.054232,-0.001008,-0.001245,-0.054789,0.001487,0.003422,0.004694,0.05199,0.000367,-0.050721,-0.002384,0.053782,-0.05545,0.050938,-0.001561,-0.001985,3,4,1,2,12,11,5,6,9,7,10,13,8,16,17,15,14
2026-05-01,0.453946,0.428803,0.224704,-0.229242,0.005709,0.000748,0.206463,0.001701,-0.011204,-0.023826,-0.203497,0.002491,0.180211,0.008292,-0.203164,0.219337,-0.202786,0.00997,0.008638,16,14,17,15,6,5,13,12,8,10,11,7,9,1,2,3,4
2026-05-07,0.160919,0.155531,0.075761,-0.073604,-0.000792,0.000401,0.079728,-0.005731,-0.005461,-0.006475,-0.076226,-0.002857,0.077275,0.001614,-0.081191,0.078035,-0.074139,0.000476,0.001619,16,15,14,17,5,7,13,11,9,12,8,6,10,4,2,1,3
2026-05-08,0.269417,0.258103,0.122034,-0.123723,0.000547,0.002466,0.13175,-0.013263,-0.005232,-0.008924,-0.122962,-0.001776,0.130312,0.001832,-0.137668,0.127896,-0.121949,-0.000516,0.000994,15,14,16,17,7,9,12,11,8,13,5,6,10,4,3,1,2
2026-05-11,0.136003,0.133551,0.066781,-0.066821,0.001259,0.001047,0.067217,-0.003825,-0.002144,-0.005531,-0.063833,-0.000271,0.064599,0.001563,-0.068659,0.067344,-0.063079,0.0021,0.001819,15,14,16,17,6,5,13,11,8,12,9,7,10,3,1,2,4
2026-05-12,0.338264,0.330415,-0.162692,0.165596,-0.002262,-0.001627,-0.166181,0.011454,0.005667,0.014193,0.158936,0.001792,-0.160561,-0.002764,0.172083,-0.165756,0.156947,-0.004348,-0.003146,3,4,2,1,12,13,5,7,10,6,9,11,8,15,16,17,14
2026-05-13,0.21734,0.212547,0.108602,-0.108738,0.001865,0.000752,0.104521,-0.003042,-0.004039,-0.010124,-0.102328,-0.002447,0.097865,0.003625,-0.106136,0.107315,-0.100137,0.003947,0.003435,15,14,17,16,7,5,13,12,8,11,9,6,10,1,2,3,4
2026-05-14,0.322138,0.315315,0.159049,-0.156861,0.001677,0.004411,0.157821,-0.005761,0.000617,-0.007953,-0.150075,-0.000836,0.154983,0.00554,-0.162869,0.159269,-0.148051,0.004948,0.003842,15,14,16,17,8,6,13,10,9,12,7,5,11,2,1,3,4
2026-05-15,0.257175,0.250958,0.128546,-0.128629,-6.2e-05,0.002557,0.123649,-0.002556,-0.003939,-0.010625,-0.120027,-0.002483,0.116866,0.004184,-0.126446,0.125578,-0.118769,0.004031,0.001023,15,14,17,16,8,6,13,12,9,11,7,5,10,1,2,3,4
2026-05-18,0.312079,0.292196,-0.152723,0.159356,-0.004437,-0.006129,-0.143481,-0.000236,0.003371,0.015617,0.137096,0.002441,-0.118831,-0.002996,0.133965,-0.146154,0.137777,-0.007706,-0.006021,3,2,1,4,11,13,5,6,10,8,12,9,7,17,16,15,14
2026-05-19,0.282981,0.273668,-0.138504,0.13204,-0.00077,-0.004891,-0.137129,0.002852,0.000951,0.005994,0.129879,0.002642,-0.13923,-0.006418,0.143751,-0.137601,0.126856,-0.004175,-0.002913,3,4,2,1,10,11,5,8,9,6,12,13,7,16,15,14,17
2026-05-20,0.509238,0.497713,0.252183,-0.251931,-0.002758,0.000153,0.246138,-0.006072,-0.016361,-0.019795,-0.239239,-0.002584,0.234155,0.008733,-0.257055,0.246593,-0.231079,0.008246,-0.000202,15,14,16,17,8,6,13,12,10,11,7,5,9,1,2,3,4
2026-05-21,0.119727,0.108286,-0.053408,0.046482,0.000383,1e-06,-0.054411,0.001033,0.002524,0.000831,0.049882,-0.001835,-0.059654,-0.004482,0.060073,-0.052878,0.047432,-0.001741,0.000415,2,3,4,1,8,11,7,5,9,6,10,13,12,15,14,16,17
2026-05-22,0.159358,0.156009,0.079696,-0.079663,0.001885,0.001608,0.076667,-0.002779,-0.003407,-0.007589,-0.07464,0.001725,0.071402,0.003589,-0.079033,0.078328,-0.072965,0.003391,0.0019,15,14,17,16,7,6,13,12,8,11,10,5,9,1,2,3,4
2026-05-26,0.180328,0.17276,0.089174,-0.091154,0.003849,0.003575,0.084721,-0.002573,-0.002413,-0.00937,-0.08182,0.002744,0.074472,0.003746,-0.083613,0.087797,-0.080899,0.00479,0.00365,15,14,17,16,8,5,13,11,6,12,9,7,10,1,2,3,4
2026-05-27,0.051483,0.050502,-0.025051,0.026376,0.000215,0.000314,-0.024133,0.001686,0.001913,0.003179,0.024921,0.000229,-0.022616,-0.00045,0.026432,-0.024592,0.024379,-0.000329,0.000229,3,4,2,1,9,12,5,6,11,7,8,13,10,17,16,15,14
2026-05-28,0.324986,0.317096,0.161365,-0.157602,0.002608,0.002658,0.157537,-0.005869,-0.00773,-0.013815,-0.152033,0.002175,0.150599,0.007724,-0.163621,0.159128,-0.148209,0.006602,0.002407,15,14,16,17,9,6,13,12,8,11,7,5,10,1,2,3,4
2026-05-29,0.179721,0.175469,0.090341,-0.085784,0.002453,0.002608,0.088373,-0.001751,-0.004263,-0.006373,-0.083064,0.003253,0.084118,0.005083,-0.08938,0.089467,-0.080204,0.005275,0.002708,15,14,16,17,8,5,13,12,10,11,9,6,7,1,2,3,4
2026-06-01,0.075176,0.069714,-0.035002,0.040175,-0.001179,-0.001474,-0.031956,0.001746,0.002467,0.00616,0.033999,-0.001098,-0.023714,0.000675,0.030984,-0.03484,0.033169,-0.001802,-0.001175,2,3,1,4,10,13,5,6,11,7,12,8,9,17,16,15,14
2026-06-02,0.330106,0.324737,-0.162473,0.166285,-0.003724,-0.002228,-0.159702,0.003806,0.014188,0.018173,0.159715,0.000388,-0.141828,-0.008017,0.162216,-0.163821,0.151765,-0.007317,-0.004748,3,4,1,2,11,12,5,6,10,7,9,13,8,16,17,15,14
2026-06-03,0.14214,0.133851,-0.066026,0.062229,0.000269,0.000549,-0.066635,0.002344,0.005597,0.003666,0.064525,-0.000432,-0.068832,-0.004292,0.073308,-0.06574,0.061324,-0.001966,0.000577,2,4,3,1,8,12,6,5,10,7,9,13,11,15,14,16,17
2026-06-04,0.040293,0.038645,0.019882,-0.017321,0.000647,0.000614,0.01989,0.000564,-0.000814,-0.000519,-0.018286,0.000819,0.019999,0.002053,-0.020295,0.019803,-0.017584,0.001062,0.000734,16,15,14,17,8,6,12,13,9,11,10,5,7,3,4,2,1
2026-06-05,0.358893,0.343485,-0.172826,0.157402,0.001003,-0.001551,-0.169516,-0.003945,0.012462,0.011812,0.166381,-0.007884,-0.17124,-0.012076,0.186067,-0.171779,0.162161,-0.006122,-0.002125,2,3,4,1,9,11,6,5,7,10,8,13,12,17,16,14,15
2026-06-08,0.246997,0.236172,0.116077,-0.110462,-0.003794,-0.00306,0.113866,-0.001224,-0.012734,-0.011494,-0.1187,0.001807,0.114062,0.007041,-0.13092,0.114568,-0.11419,0.001776,-0.001154,16,15,14,17,8,7,12,13,11,9,10,5,6,1,2,4,3
2026-06-09,0.179883,0.172202,0.08675,-0.073769,-0.004153,-0.004576,0.084034,0.000827,-0.009648,-0.0089,-0.086312,0.002989,0.085972,0.008489,-0.093133,0.084642,-0.079798,0.004095,-0.000455,16,15,14,17,9,6,12,13,10,8,11,5,7,1,3,4,2
2026-06-10,0.168399,0.158496,-0.078061,0.061173,0.00649,0.005998,-0.07582,-6.2e-05,0.008739,0.008299,0.080086,-0.004022,-0.081949,-0.007856,0.086451,-0.075612,0.073121,-0.002248,0.003316,2,3,4,1,9,11,6,5,7,10,8,13,12,16,14,15,17
2026-06-11,0.197203,0.188632,0.091923,-0.078805,-0.009332,-0.01017,0.087396,-0.00302,-0.016017,-0.014516,-0.09937,-0.000775,0.094831,0.006543,-0.102372,0.089309,-0.088091,0.000828,-0.000922,16,15,14,17,8,6,12,13,10,9,11,5,7,2,3,4,1
2026-06-12,0.029367,0.020656,0.013321,-0.016046,0.008617,0.010104,0.011255,0.00095,0.004055,0.002655,-0.003144,-0.003639,-0.002562,0.002942,0.000666,0.011495,-0.006212,0.00301,0.005381,14,16,17,12,6,8,10,7,5,11,4,9,15,1,2,3,13
2026-06-15,0.312594,0.304408,-0.155364,0.133537,0.006102,0.009336,-0.14843,0.000575,0.021107,0.019243,0.156952,-0.000567,-0.151646,-0.015331,0.15723,-0.152754,0.139278,-0.007995,-0.005147,2,3,4,1,11,12,6,5,8,9,7,13,10,17,16,14,15
2026-06-16,0.390401,0.378128,0.199556,-0.17308,-0.00121,-0.002597,0.189196,-0.001305,-0.020663,-0.020056,-0.190845,-0.002992,0.180915,0.021653,-0.187679,0.194029,-0.172617,0.012137,0.010875,17,14,15,16,7,6,12,13,8,9,10,5,11,1,2,3,4
2026-06-17,0.317314,0.307424,-0.160303,0.141073,0.003455,0.005276,-0.152053,0.000991,0.019865,0.01837,0.157011,0.002418,-0.14796,-0.016518,0.155584,-0.15602,0.141301,-0.008539,-0.007703,1,3,4,2,11,12,6,5,8,10,7,13,9,17,16,15,14
2026-06-18,0.056836,0.044395,-0.016746,0.037436,-0.007122,-0.009931,-0.0194,0.002251,-0.005112,0.001396,0.017631,0.011776,0.000368,-0.002221,0.009842,-0.01876,0.023211,0.003814,-0.002575,3,2,1,5,11,6,8,12,13,7,14,10,4,15,16,17,9
2026-06-22,0.413973,0.402312,0.210846,-0.185349,-0.002783,-0.00578,0.200513,-0.000876,-0.025646,-0.022111,-0.203127,-0.002329,0.193455,0.022321,-0.202837,0.204265,-0.182801,0.011636,0.010928,17,14,15,16,7,6,12,13,10,8,11,5,9,1,2,3,4
2026-06-23,0.242967,0.236792,-0.12258,0.111766,0.002403,0.004392,-0.116688,0.001654,0.015732,0.014434,0.120387,0.002583,-0.112832,-0.012593,0.119674,-0.119283,0.108336,-0.005675,-0.005678,1,4,3,2,12,11,6,5,9,10,7,13,8,17,16,15,14
2026-06-24,0.205143,0.199179,0.099055,-0.096433,-0.006519,-0.009476,0.095844,-0.005306,-0.017628,-0.016519,-0.106087,-0.007067,0.091431,0.008877,-0.102428,0.09769,-0.094189,0.001569,0.001723,17,14,15,16,6,7,12,13,9,8,11,5,10,1,2,3,4
2026-06-25,0.413278,0.40054,0.209069,-0.185949,-0.003191,-0.011158,0.202489,-0.001863,-0.026566,-0.025703,-0.204209,-0.004669,0.191939,0.02845,-0.194391,0.205512,-0.179569,0.010263,0.015109,17,14,15,16,6,7,12,13,9,8,11,5,10,1,2,3,4
