date,weekday,month,long_1,long_2,long_3,short_1,short_2,short_3,signal_strength,signal_spread,long_return,short_return,strategy_return,long_only_return,is_correct
2010-04-07,Wed,4,electronics,trading,banks,pharma,food,utilities,0.052592,0.050859,0.00989,0.00117,0.00872,0.00989,1
2010-04-08,Thu,4,electronics,trading,energy,retail,food,pharma,0.181218,0.172875,0.005282,-0.00134,0.006622,0.005282,1
2010-04-09,Fri,4,electronics,trading,banks,pharma,food,utilities,0.204655,0.201055,0.001754,-0.001144,0.002897,0.001754,1
2010-04-12,Mon,4,pharma,food,retail,banks,trading,electronics,0.217422,0.209425,-0.001414,0.005773,-0.007187,-0.001414,0
2010-04-13,Tue,4,pharma,food,retail,banks,trading,electronics,0.047295,0.045724,-0.005325,-0.006396,0.00107,-0.005325,1
2010-04-14,Wed,4,electronics,trading,banks,retail,food,pharma,0.030437,0.029261,-0.005994,-0.000295,-0.005699,-0.005994,0
2010-04-15,Thu,4,electronics,energy,trading,pharma,food,utilities,0.257176,0.244483,0.003256,-0.000273,0.003529,0.003256,1
2010-04-16,Fri,4,pharma,food,retail,banks,trading,electronics,0.02257,0.021663,-0.002657,-0.00973,0.007073,-0.002657,1
2010-04-19,Mon,4,utilities,food,retail,trading,energy,electronics,0.21253,0.190487,-0.001447,0.003124,-0.00457,-0.001447,0
2010-04-20,Tue,4,pharma,food,retail,trading,energy,electronics,0.150165,0.144262,-0.00046,-0.011326,0.010866,-0.00046,1
2010-04-21,Wed,4,steel,auto,pharma,materials,realestate,utilities,0.025645,0.01776,0.001005,0.005337,-0.004332,0.001005,0
2010-04-22,Thu,4,electronics,energy,trading,retail,food,pharma,0.154941,0.149194,0.004955,-0.00381,0.008765,0.004955,1
2010-04-23,Fri,4,electronics,energy,trading,food,pharma,utilities,0.292917,0.284776,0.001601,0.00115,0.000451,0.001601,1
2010-04-26,Mon,4,electronics,banks,energy,pharma,food,utilities,0.110274,0.102074,0.006582,-0.000685,0.007267,0.006582,1
2010-04-27,Tue,4,energy,electronics,trading,retail,food,pharma,0.147927,0.142281,0.001472,-0.003374,0.004846,0.001472,1
2010-04-28,Wed,4,energy,utilities,realestate,retail,auto,pharma,0.06925,0.057458,0.003163,-0.000603,0.003766,0.003163,1
2010-04-30,Fri,4,pharma,food,retail,trading,energy,electronics,0.13639,0.129222,0.000614,-0.007582,0.008195,0.000614,1
2010-05-06,Thu,5,materials,electronics,trading,auto,food,pharma,0.04746,0.03484,-0.006958,0.006156,-0.013114,-0.006958,0
2010-05-07,Fri,5,electronics,energy,trading,retail,food,pharma,0.698926,0.668508,0.007108,-0.0002,0.007308,0.007108,1
2010-05-10,Mon,5,electronics,energy,trading,food,pharma,retail,0.245378,0.234854,0.020816,0.008466,0.01235,0.020816,1
2010-05-11,Tue,5,pharma,retail,food,trading,energy,electronics,0.577126,0.557242,-0.000935,-0.00256,0.001626,-0.000935,1
2010-05-12,Wed,5,utilities,food,pharma,trading,banks,energy,0.151545,0.14533,0.00365,-0.000335,0.003985,0.00365,1
2010-05-13,Thu,5,pharma,retail,utilities,banks,trading,electronics,0.247077,0.232808,-0.003705,0.008059,-0.011763,-0.003705,0
2010-05-14,Fri,5,electronics,trading,banks,utilities,retail,pharma,0.137999,0.123975,0.004351,-0.001497,0.005849,0.004351,1
2010-05-17,Mon,5,electronics,trading,banks,utilities,retail,pharma,0.060577,0.04561,-0.011989,0.003866,-0.015855,-0.011989,0
2010-05-18,Tue,5,pharma,utilities,food,trading,energy,electronics,0.360397,0.350232,-3.6e-05,-0.015962,0.015926,-3.6e-05,1
2010-05-19,Wed,5,electronics,trading,banks,utilities,retail,pharma,0.058635,0.049365,0.006658,0.001185,0.005472,0.006658,1
2010-05-20,Thu,5,electronics,trading,banks,retail,utilities,pharma,0.203932,0.193177,-0.0017,-0.00036,-0.001341,-0.0017,0
2010-05-21,Fri,5,electronics,banks,trading,retail,utilities,pharma,0.532256,0.491969,0.00966,-0.005433,0.015093,0.00966,1
2010-05-24,Mon,5,energy,electronics,trading,pharma,utilities,food,0.406441,0.397183,0.000894,-0.003389,0.004283,0.000894,1
2010-05-25,Tue,5,food,pharma,utilities,trading,electronics,energy,0.280569,0.272975,-0.002625,-0.018678,0.016053,-0.002625,1
2010-05-26,Wed,5,electronics,energy,trading,food,utilities,pharma,0.547965,0.537896,-0.011857,0.001855,-0.013712,-0.011857,0
2010-05-27,Thu,5,electronics,banks,trading,retail,utilities,pharma,0.12428,0.120159,0.019947,-0.000968,0.020915,0.019947,1
2010-05-28,Fri,5,retail,pharma,utilities,trading,electronics,banks,0.18782,0.177049,0.001984,-0.010881,0.012865,0.001984,1
2010-06-01,Tue,6,utilities,pharma,food,electronics,energy,trading,0.301263,0.294375,0.002987,0.002607,0.00038,0.002987,1
2010-06-02,Wed,6,pharma,utilities,food,electronics,energy,trading,0.277659,0.267306,0.003559,-0.00798,0.011539,0.003559,1
2010-06-03,Thu,6,retail,pharma,utilities,energy,electronics,banks,0.217714,0.206625,0.001467,0.006111,-0.004644,0.001467,0
2010-06-04,Fri,6,utilities,pharma,food,energy,electronics,trading,0.366034,0.35727,-0.00089,0.000631,-0.001521,-0.00089,0
2010-06-07,Mon,6,electronics,banks,trading,retail,pharma,utilities,0.541071,0.526263,-0.022204,-0.000949,-0.021254,-0.022204,0
2010-06-08,Tue,6,utilities,food,pharma,energy,electronics,trading,0.167431,0.164214,0.005312,0.006849,-0.001537,0.005312,0
2010-06-09,Wed,6,it_services,retail,pharma,construction,banks,materials,0.017925,0.012864,-0.00038,-0.004423,0.004043,-0.00038,1
2010-06-10,Thu,6,banks,energy,electronics,retail,pharma,utilities,0.038853,0.037312,0.009997,-0.000291,0.010288,0.009997,1
2010-06-11,Fri,6,utilities,retail,pharma,electronics,energy,banks,0.141567,0.130024,-0.001025,-0.014362,0.013337,-0.001025,1
2010-06-14,Mon,6,electronics,trading,energy,pharma,food,utilities,0.043281,0.042345,0.001269,0.000259,0.00101,0.001269,1
2010-06-15,Tue,6,utilities,pharma,food,energy,electronics,trading,0.282319,0.275804,0.002965,0.002621,0.000344,0.002965,1
2010-06-16,Wed,6,utilities,pharma,food,electronics,trading,banks,0.260219,0.250875,0.001715,-0.00023,0.001945,0.001715,1
2010-06-17,Thu,6,utilities,pharma,food,energy,electronics,trading,0.065657,0.064065,0.00032,-0.004553,0.004873,0.00032,1
2010-06-18,Fri,6,utilities,pharma,food,energy,electronics,trading,0.298596,0.291234,-0.002764,-0.007423,0.004659,-0.002764,1
2010-06-21,Mon,6,trading,electronics,energy,food,pharma,utilities,0.204765,0.200288,0.010279,0.000287,0.009993,0.010279,1
2010-06-22,Tue,6,trading,electronics,energy,food,pharma,utilities,0.19556,0.191175,-0.011686,0.002565,-0.014251,-0.011686,0
2010-06-23,Wed,6,banks,trading,electronics,retail,pharma,utilities,0.112945,0.107721,0.00027,0.007001,-0.006731,0.00027,0
2010-06-24,Thu,6,food,utilities,pharma,trading,electronics,energy,0.010676,0.01039,0.006277,0.000815,0.005462,0.006277,1
2010-06-25,Fri,6,banks,materials,realestate,pharma,it_services,retail,0.023319,0.018606,-0.008217,0.001877,-0.010094,-0.008217,0
2010-06-28,Mon,6,trading,electronics,energy,food,pharma,utilities,0.31144,0.304642,-0.010385,0.003397,-0.013782,-0.010385,0
2010-06-29,Tue,6,utilities,pharma,food,energy,electronics,trading,0.413882,0.403807,-0.001971,-0.016645,0.014674,-0.001971,1
2010-06-30,Wed,6,banks,trading,electronics,retail,pharma,utilities,0.227459,0.214559,0.001066,0.000636,0.00043,0.001066,1
2010-07-01,Thu,7,banks,trading,electronics,food,pharma,utilities,0.152477,0.147115,-0.00441,0.008056,-0.012466,-0.00441,0
2010-07-02,Fri,7,banks,trading,electronics,retail,pharma,utilities,0.01158,0.010741,-0.00027,0.000931,-0.001201,-0.00027,0
2010-07-06,Tue,7,utilities,pharma,food,energy,electronics,trading,0.12992,0.126552,-0.000319,0.007819,-0.008138,-0.000319,0
2010-07-07,Wed,7,utilities,pharma,food,energy,banks,trading,0.24763,0.237352,0.00202,0.001956,6.5e-05,0.00202,1
2010-07-08,Thu,7,utilities,pharma,retail,electronics,trading,banks,0.2952,0.272995,0.003609,-0.000366,0.003975,0.003609,1
2010-07-09,Fri,7,utilities,pharma,retail,electronics,trading,banks,0.168088,0.156521,-0.001541,-0.004494,0.002953,-0.001541,1
2010-07-12,Mon,7,trading,energy,electronics,food,pharma,utilities,0.133033,0.130701,0.001475,-0.007027,0.008501,0.001475,1
2010-07-13,Tue,7,utilities,pharma,food,energy,electronics,trading,0.18619,0.179228,-0.003454,-0.012572,0.009119,-0.003454,1
2010-07-14,Wed,7,trading,energy,electronics,retail,pharma,food,0.064525,0.061818,0.001652,0.000329,0.001322,0.001652,1
2010-07-15,Thu,7,utilities,pharma,food,energy,electronics,trading,0.128338,0.124144,-0.006249,-0.012788,0.006539,-0.006249,1
2010-07-16,Fri,7,utilities,pharma,food,banks,electronics,trading,0.184075,0.177951,-0.006335,-0.011157,0.004822,-0.006335,1
2010-07-21,Wed,7,banks,trading,electronics,retail,pharma,utilities,0.213134,0.195801,-0.008056,-0.000861,-0.007195,-0.008056,0
2010-07-22,Thu,7,banks,trading,electronics,food,pharma,utilities,0.319897,0.30926,0.002041,0.002493,-0.000452,0.002041,0
2010-07-23,Fri,7,pharma,utilities,retail,energy,trading,banks,0.11526,0.10292,-0.001073,0.011105,-0.012179,-0.001073,0
2010-07-26,Mon,7,energy,electronics,trading,retail,utilities,food,0.041294,0.040118,-0.001988,0.0,-0.001988,-0.001988,0
2010-07-27,Tue,7,utilities,pharma,retail,electronics,trading,banks,0.15842,0.151566,0.0,0.00145,-0.00145,0.0,0
2010-07-28,Wed,7,utilities,pharma,food,energy,electronics,trading,0.281424,0.270591,0.002331,0.00968,-0.007349,0.002331,0
2010-07-29,Thu,7,trading,electronics,banks,retail,pharma,utilities,0.226762,0.218133,-0.003677,0.000365,-0.004042,-0.003677,0
2010-07-30,Fri,7,trading,electronics,energy,retail,pharma,utilities,0.379463,0.364367,-0.002939,-0.00045,-0.00249,-0.002939,0
2010-08-02,Mon,8,electronics,energy,trading,food,pharma,utilities,0.029478,0.028331,-0.001257,-0.006334,0.005077,-0.001257,1
2010-08-03,Tue,8,pharma,utilities,retail,energy,trading,banks,0.149526,0.137033,-0.001142,0.003176,-0.004317,-0.001142,0
2010-08-04,Wed,8,utilities,pharma,food,energy,trading,electronics,0.090157,0.086193,-0.00055,-0.006801,0.006251,-0.00055,1
2010-08-05,Thu,8,utilities,pharma,retail,energy,trading,banks,0.111511,0.10661,0.001786,0.002212,-0.000426,0.001786,0
2010-08-06,Fri,8,trading,electronics,banks,retail,pharma,utilities,0.116136,0.111382,0.009113,0.003524,0.005589,0.009113,1
2010-08-09,Mon,8,utilities,pharma,retail,energy,trading,electronics,0.197239,0.188825,0.000607,0.002045,-0.001438,0.000607,0
2010-08-10,Tue,8,pharma,utilities,food,energy,trading,banks,0.076342,0.071777,-0.002533,-0.008411,0.005878,-0.002533,1
2010-08-11,Wed,8,utilities,pharma,retail,energy,trading,electronics,0.209142,0.199755,-0.004081,-0.014384,0.010303,-0.004081,1
2010-08-12,Thu,8,banks,trading,energy,retail,utilities,pharma,0.266712,0.247625,0.007791,0.007039,0.000752,0.007791,1
2010-08-13,Fri,8,trading,banks,energy,retail,pharma,utilities,0.063807,0.061639,0.014209,0.000914,0.013295,0.014209,1
2010-08-16,Mon,8,utilities,retail,food,energy,trading,electronics,0.01246,0.010977,0.00486,0.00059,0.00427,0.00486,1
2010-08-17,Tue,8,trading,electronics,energy,retail,pharma,utilities,0.067596,0.065279,-0.00373,0.004094,-0.007824,-0.00373,0
2010-08-18,Wed,8,pharma,utilities,retail,energy,trading,banks,0.143589,0.136238,0.006536,0.009186,-0.002649,0.006536,0
2010-08-19,Thu,8,electronics,trading,energy,retail,pharma,utilities,0.016185,0.014929,-0.000116,-0.000664,0.000548,-0.000116,1
2010-08-20,Fri,8,banks,trading,energy,retail,utilities,pharma,0.210815,0.203683,-0.009168,-0.003248,-0.00592,-0.009168,0
2010-08-23,Mon,8,utilities,pharma,retail,energy,trading,electronics,0.073513,0.069399,0.004091,-0.000422,0.004513,0.004091,1
2010-08-24,Tue,8,utilities,pharma,retail,energy,trading,electronics,0.191178,0.182346,0.004547,-0.003519,0.008067,0.004547,1
2010-08-25,Wed,8,banks,trading,energy,food,utilities,pharma,0.05382,0.047404,-0.008101,-0.002288,-0.005813,-0.008101,0
2010-08-26,Thu,8,utilities,pharma,retail,electronics,energy,trading,0.139084,0.132645,0.001885,-0.000525,0.00241,0.001885,1
2010-08-27,Fri,8,trading,energy,banks,retail,pharma,utilities,0.216094,0.206164,0.009474,0.006847,0.002627,0.009474,1
2010-08-30,Mon,8,electronics,energy,trading,utilities,food,retail,0.070635,0.062078,-0.003182,0.000298,-0.003479,-0.003182,0
2010-08-31,Tue,8,trading,banks,energy,retail,pharma,utilities,0.204545,0.19395,-0.0151,-0.006824,-0.008276,-0.0151,0
2010-09-01,Wed,9,electronics,energy,trading,retail,pharma,utilities,0.102583,0.098924,0.009251,0.005525,0.003726,0.009251,1
2010-09-02,Thu,9,pharma,utilities,retail,energy,trading,banks,0.197598,0.184947,0.00051,-0.009908,0.010419,0.00051,1
2010-09-03,Fri,9,energy,electronics,machinery,utilities,retail,food,0.020913,0.016629,0.005196,-0.005266,0.010462,0.005196,1
2010-09-07,Tue,9,pharma,utilities,retail,electronics,trading,banks,0.040803,0.035297,0.001298,-0.002119,0.003417,0.001298,1
2010-09-08,Wed,9,utilities,food,retail,trading,electronics,energy,0.090427,0.086026,0.00105,-0.00087,0.00192,0.00105,1
2010-09-09,Thu,9,energy,electronics,trading,pharma,retail,utilities,0.095027,0.09122,-0.000371,0.0,-0.000371,-0.000371,0
2010-09-10,Fri,9,utilities,pharma,retail,banks,trading,electronics,0.227001,0.219228,-0.001898,0.003447,-0.005346,-0.001898,0
2010-09-13,Mon,9,energy,electronics,trading,retail,food,utilities,0.05622,0.055218,0.001713,-0.002366,0.004079,0.001713,1
2010-09-14,Tue,9,electronics,energy,trading,pharma,food,utilities,0.121529,0.118703,-0.002209,-0.002089,-0.00012,-0.002209,0
2010-09-16,Thu,9,utilities,pharma,retail,trading,energy,electronics,0.196088,0.189097,-0.006725,-0.004408,-0.002317,-0.006725,0
2010-09-17,Fri,9,banks,trading,electronics,retail,pharma,utilities,0.011773,0.011122,0.004391,-0.001542,0.005933,0.004391,1
2010-09-21,Tue,9,utilities,pharma,retail,energy,trading,electronics,0.056533,0.054463,-0.00325,-0.014187,0.010937,-0.00325,1
2010-09-22,Wed,9,banks,trading,electronics,retail,pharma,utilities,0.013582,0.01184,-0.000415,0.001653,-0.002068,-0.000415,0
2010-09-24,Fri,9,utilities,pharma,retail,trading,energy,electronics,0.248947,0.240179,0.000122,0.004115,-0.003993,0.000122,0
2010-09-27,Mon,9,utilities,pharma,retail,electronics,trading,banks,0.156966,0.145557,0.00277,0.005301,-0.002531,0.00277,0
2010-09-28,Tue,9,banks,trading,electronics,retail,utilities,pharma,0.020915,0.017729,0.002861,-0.003451,0.006312,0.002861,1
2010-09-29,Wed,9,utilities,pharma,retail,trading,banks,electronics,0.118796,0.115822,-0.009942,0.00689,-0.016832,-0.009942,0
2010-09-30,Thu,9,electronics,trading,banks,retail,pharma,utilities,0.143413,0.139382,-0.013811,-0.014987,0.001176,-0.013811,1
2010-10-01,Fri,10,electronics,banks,trading,retail,pharma,utilities,0.156421,0.150559,-0.007077,0.003744,-0.010821,-0.007077,0
2010-10-04,Mon,10,electronics,energy,trading,pharma,retail,utilities,0.246992,0.237196,-0.011391,-0.007745,-0.003646,-0.011391,0
2010-10-05,Tue,10,banks,finance,trading,auto,pharma,machinery,0.016746,0.013201,0.024799,0.005041,0.019759,0.024799,1
2010-10-06,Wed,10,utilities,pharma,retail,electronics,trading,banks,0.085196,0.078817,-0.001216,0.005711,-0.006927,-0.001216,0
2010-10-07,Thu,10,electronics,energy,trading,retail,pharma,utilities,0.276616,0.266682,-0.00333,-0.003891,0.000561,-0.00333,1
2010-10-08,Fri,10,utilities,retail,pharma,trading,energy,electronics,0.13081,0.126864,-0.00809,0.004241,-0.012331,-0.00809,0
2010-10-12,Tue,10,electronics,energy,trading,food,retail,utilities,0.160316,0.155319,-0.019878,-0.027213,0.007335,-0.019878,1
2010-10-13,Wed,10,energy,electronics,trading,pharma,retail,utilities,0.039557,0.038223,-0.00176,-0.002041,0.000281,-0.00176,1
2010-10-14,Thu,10,utilities,pharma,retail,energy,electronics,trading,0.110762,0.105286,0.0,0.007246,-0.007246,0.0,0
2010-10-15,Fri,10,utilities,retail,pharma,trading,electronics,energy,0.196733,0.189856,-0.002642,-0.002655,1.3e-05,-0.002642,1
2010-10-18,Mon,10,utilities,pharma,retail,energy,electronics,trading,0.414353,0.396789,0.004747,0.001162,0.003586,0.004747,1
2010-10-19,Tue,10,energy,trading,banks,utilities,retail,food,0.021093,0.018005,0.000657,0.000867,-0.00021,0.000657,0
2010-10-20,Wed,10,trading,electronics,banks,retail,pharma,utilities,0.12617,0.118904,0.008655,-0.000337,0.008992,0.008655,1
2010-10-21,Thu,10,utilities,pharma,retail,banks,trading,electronics,0.095071,0.086933,-0.000338,-0.000965,0.000628,-0.000338,1
2010-10-22,Fri,10,utilities,pharma,retail,energy,electronics,trading,0.010056,0.009608,-0.00067,-0.003417,0.002747,-0.00067,1
2010-10-25,Mon,10,trading,electronics,energy,retail,pharma,utilities,0.031321,0.029388,-0.002292,-0.005027,0.002735,-0.002292,1
2010-10-26,Tue,10,trading,energy,electronics,pharma,food,utilities,0.108262,0.105101,0.004338,-6.9e-05,0.004408,0.004338,1
2010-10-27,Wed,10,trading,electronics,energy,retail,pharma,utilities,0.176124,0.165921,-0.001411,-0.006358,0.004947,-0.001411,1
2010-10-28,Thu,10,electronics,trading,banks,retail,pharma,utilities,0.126041,0.117444,-0.00039,0.00204,-0.00243,-0.00039,0
2010-10-29,Fri,10,utilities,pharma,retail,energy,electronics,trading,0.190202,0.180711,0.011136,-0.009113,0.020249,0.011136,1
2010-11-01,Mon,11,trading,energy,electronics,food,pharma,utilities,0.0463,0.043886,0.00155,-0.004779,0.00633,0.00155,1
2010-11-02,Tue,11,trading,electronics,energy,retail,pharma,utilities,0.306978,0.288845,-0.000318,0.000374,-0.000692,-0.000318,0
2010-11-04,Thu,11,utilities,pharma,retail,energy,electronics,trading,0.348449,0.323495,-0.001647,0.004131,-0.005778,-0.001647,0
2010-11-05,Fri,11,trading,energy,banks,retail,utilities,food,0.301105,0.290056,0.005519,-1.2e-05,0.005531,0.005519,1
2010-11-08,Mon,11,trading,energy,electronics,food,pharma,utilities,0.546159,0.518536,0.003193,-0.001639,0.004832,0.003193,1
2010-11-09,Tue,11,trading,electronics,energy,retail,pharma,utilities,0.181092,0.169128,-0.003514,0.000985,-0.0045,-0.003514,0
2010-11-10,Wed,11,food,retail,pharma,banks,trading,energy,0.071883,0.065898,0.00333,0.009893,-0.006563,0.00333,0
2010-11-11,Thu,11,trading,energy,electronics,food,pharma,utilities,0.442931,0.421182,-0.004655,-0.00098,-0.003675,-0.004655,0
2010-11-12,Fri,11,trading,energy,electronics,retail,pharma,utilities,0.275004,0.259016,-0.005691,-0.000981,-0.00471,-0.005691,0
2010-11-15,Mon,11,electronics,trading,energy,retail,pharma,utilities,0.143342,0.125025,0.000537,0.001969,-0.001432,0.000537,0
2010-11-16,Tue,11,utilities,pharma,food,electronics,energy,trading,0.117684,0.112531,-0.006544,-0.005731,-0.000813,-0.006544,0
2010-11-17,Wed,11,trading,electronics,energy,retail,pharma,utilities,0.409749,0.373654,0.005208,0.001649,0.003559,0.005208,1
2010-11-18,Thu,11,utilities,pharma,food,electronics,energy,trading,0.048247,0.045518,0.006217,0.012328,-0.006111,0.006217,0
2010-11-19,Fri,11,utilities,pharma,retail,banks,electronics,trading,0.310201,0.281421,-0.002578,-0.010066,0.007487,-0.002578,1
2010-11-22,Mon,11,trading,electronics,energy,food,pharma,utilities,0.181692,0.170868,0.008951,0.00129,0.007661,0.008951,1
2010-11-24,Wed,11,utilities,pharma,food,energy,electronics,trading,0.283058,0.266895,0.001964,0.013557,-0.011593,0.001964,0
2010-11-26,Fri,11,utilities,pharma,retail,banks,electronics,trading,0.123492,0.108484,0.002985,-0.00385,0.006835,0.002985,1
2010-11-29,Mon,11,electronics,trading,banks,retail,pharma,utilities,0.135272,0.119385,0.004895,0.002962,0.001933,0.004895,1
2010-11-30,Tue,11,trading,electronics,energy,retail,pharma,utilities,0.377832,0.354614,-0.006448,-0.002927,-0.003521,-0.006448,0
2010-12-01,Wed,12,trading,electronics,energy,retail,pharma,utilities,0.33435,0.311207,0.003788,0.0,0.003788,0.003788,1
2010-12-02,Thu,12,utilities,pharma,retail,energy,electronics,trading,0.422672,0.388836,-0.002607,-0.003306,0.000699,-0.002607,1
2010-12-03,Fri,12,trading,energy,banks,retail,utilities,food,0.199985,0.195355,-0.001605,-0.000328,-0.001277,-0.001605,0
2010-12-06,Mon,12,trading,electronics,energy,retail,pharma,utilities,0.085453,0.080552,0.000715,0.000656,5.8e-05,0.000715,1
2010-12-07,Tue,12,trading,electronics,energy,retail,pharma,utilities,0.270783,0.255508,-0.00648,0.002292,-0.008772,-0.00648,0
2010-12-08,Wed,12,food,retail,utilities,energy,banks,trading,0.022187,0.0211,-0.000325,0.004064,-0.004388,-0.000325,0
2010-12-09,Thu,12,utilities,pharma,retail,electronics,energy,trading,0.143555,0.135678,-0.000974,-0.000711,-0.000263,-0.000974,0
2010-12-10,Fri,12,banks,trading,energy,materials,retail,food,0.006174,0.005279,0.003869,-0.001149,0.005018,0.003869,1
2010-12-13,Mon,12,utilities,pharma,retail,energy,electronics,trading,0.144903,0.137826,-4e-06,0.00793,-0.007934,-4e-06,0
2010-12-14,Tue,12,trading,electronics,energy,retail,pharma,utilities,0.040333,0.03822,0.006443,0.000653,0.005791,0.006443,1
2010-12-15,Wed,12,utilities,pharma,retail,electronics,energy,trading,0.552456,0.523351,-0.000648,-0.002368,0.00172,-0.000648,1
2010-12-16,Thu,12,electronics,trading,energy,retail,pharma,utilities,0.088095,0.083165,0.000806,5.7e-05,0.00075,0.000806,1
2010-12-17,Fri,12,utilities,pharma,retail,energy,electronics,trading,0.388466,0.368475,-0.000651,-0.004341,0.00369,-0.000651,1
2010-12-20,Mon,12,utilities,pharma,retail,energy,electronics,trading,0.071138,0.0674,-0.002871,-0.008337,0.005466,-0.002871,1
2010-12-21,Tue,12,trading,electronics,energy,retail,pharma,utilities,0.109731,0.104234,0.007316,0.002895,0.004421,0.007316,1
2010-12-22,Wed,12,trading,electronics,energy,retail,pharma,utilities,0.420621,0.399491,-0.005115,-0.004104,-0.001011,-0.005115,0
2010-12-27,Mon,12,utilities,pharma,retail,energy,electronics,trading,0.088101,0.083628,0.00064,0.005848,-0.005208,0.00064,0
2010-12-28,Tue,12,trading,energy,electronics,retail,pharma,utilities,0.154145,0.146058,0.000468,-0.001931,0.002399,0.000468,1
2010-12-29,Wed,12,utilities,pharma,retail,energy,electronics,trading,0.096459,0.091157,0.003258,0.00151,0.001748,0.003258,1
2010-12-30,Thu,12,trading,energy,electronics,retail,pharma,utilities,0.172861,0.162814,-0.005619,-0.004767,-0.000852,-0.005619,0
2011-01-04,Tue,1,trading,energy,electronics,retail,pharma,utilities,0.133894,0.125566,0.009972,-0.000654,0.010626,0.009972,1
2011-01-05,Wed,1,utilities,pharma,food,energy,electronics,trading,0.397432,0.377246,-0.000888,0.00941,-0.010298,-0.000888,0
2011-01-06,Thu,1,trading,electronics,energy,food,pharma,utilities,0.204668,0.193845,0.000887,0.000131,0.000756,0.000887,1
2011-01-07,Fri,1,utilities,pharma,food,energy,electronics,trading,0.380527,0.361709,-0.001948,0.000383,-0.002331,-0.001948,0
2011-01-11,Tue,1,trading,energy,electronics,retail,pharma,utilities,0.095008,0.089902,0.00544,-0.000647,0.006087,0.00544,1
2011-01-12,Wed,1,trading,energy,electronics,retail,pharma,utilities,0.240348,0.22673,-0.010085,-0.00308,-0.007005,-0.010085,0
2011-01-13,Thu,1,utilities,pharma,retail,electronics,energy,trading,0.112764,0.109279,-0.000654,0.000329,-0.000983,-0.000654,0
2011-01-14,Fri,1,utilities,food,pharma,banks,energy,trading,0.098609,0.093051,-0.000342,-0.004345,0.004003,-0.000342,1
2011-01-18,Tue,1,trading,electronics,banks,pharma,food,utilities,0.047962,0.045382,0.004461,-0.00022,0.004681,0.004461,1
2011-01-19,Wed,1,utilities,pharma,retail,electronics,energy,trading,0.111724,0.106841,-0.000321,0.001543,-0.001864,-0.000321,0
2011-01-20,Thu,1,utilities,food,pharma,banks,energy,trading,0.323735,0.309837,0.00062,-0.004245,0.004865,0.00062,1
2011-01-21,Fri,1,utilities,pharma,food,electronics,energy,trading,0.49163,0.468323,-0.002014,-0.025264,0.02325,-0.002014,1
2011-01-24,Mon,1,trading,energy,electronics,retail,pharma,utilities,0.172321,0.164314,0.003684,0.003214,0.00047,0.003684,1
2011-01-25,Tue,1,utilities,pharma,retail,electronics,energy,trading,0.254512,0.243545,0.003112,0.00999,-0.006878,0.003112,0
2011-01-26,Wed,1,utilities,pharma,food,electronics,energy,trading,0.185618,0.176479,-0.004604,-0.002605,-0.001998,-0.004604,0
2011-01-27,Thu,1,trading,energy,electronics,retail,pharma,utilities,0.654618,0.620806,-0.00204,-0.002882,0.000842,-0.00204,1
2011-01-28,Fri,1,utilities,pharma,food,electronics,energy,trading,0.032161,0.030673,-0.006203,-0.001443,-0.004761,-0.006203,0
2011-01-31,Mon,1,trading,energy,electronics,retail,pharma,utilities,0.937539,0.897107,0.006306,0.004548,0.001758,0.006306,1
2011-02-01,Tue,2,trading,energy,electronics,food,pharma,utilities,0.519943,0.495202,0.001024,0.00115,-0.000126,0.001024,0
2011-02-02,Wed,2,utilities,pharma,retail,electronics,energy,trading,0.387818,0.368114,0.003545,0.007401,-0.003856,0.003545,0
2011-02-03,Thu,2,electronics,trading,energy,retail,pharma,utilities,0.114831,0.109197,-0.004776,0.003208,-0.007984,-0.004776,0
2011-02-04,Fri,2,utilities,pharma,retail,electronics,trading,energy,0.259655,0.250257,0.00158,-0.005675,0.007255,0.00158,1
2011-02-07,Mon,2,utilities,pharma,retail,trading,electronics,energy,0.269109,0.25831,-0.000732,-0.006227,0.005496,-0.000732,1
2011-02-08,Tue,2,energy,trading,banks,pharma,utilities,food,0.024296,0.021972,0.001356,-0.001127,0.002483,0.001356,1
2011-02-09,Wed,2,utilities,pharma,retail,trading,energy,electronics,0.211529,0.202619,0.002215,-0.010974,0.01319,0.002215,1
2011-02-10,Thu,2,utilities,pharma,retail,electronics,trading,energy,0.366089,0.350479,-0.002768,-0.000929,-0.001838,-0.002768,0
2011-02-14,Mon,2,energy,electronics,trading,retail,pharma,utilities,0.249012,0.238263,0.157781,-0.000363,0.158143,0.157781,1
2011-02-15,Tue,2,energy,electronics,banks,retail,pharma,utilities,0.60696,0.583116,0.00032,0.000312,8e-06,0.00032,1
2011-02-16,Wed,2,utilities,pharma,retail,electronics,banks,energy,0.28219,0.273247,0.001362,0.00529,-0.003928,0.001362,0
2011-02-17,Thu,2,energy,banks,trading,food,pharma,utilities,0.145251,0.141686,-0.00314,0.006683,-0.009822,-0.00314,0
2011-02-18,Fri,2,utilities,pharma,retail,banks,energy,electronics,0.137531,0.132728,0.003102,0.000755,0.002347,0.003102,1
2011-02-22,Tue,2,utilities,pharma,retail,electronics,banks,energy,0.208067,0.202234,0.001961,-0.015828,0.017789,0.001961,1
2011-02-23,Wed,2,electronics,trading,energy,pharma,retail,utilities,0.175912,0.160124,-0.001265,-0.000316,-0.00095,-0.001265,0
2011-02-24,Thu,2,energy,electronics,banks,pharma,retail,utilities,0.643424,0.627636,-0.010341,-0.00726,-0.003081,-0.010341,0
2011-02-25,Fri,2,utilities,pharma,retail,electronics,energy,banks,0.208838,0.201624,-0.000322,0.00931,-0.009632,-0.000322,0
2011-02-28,Mon,2,retail,utilities,pharma,banks,energy,electronics,0.108075,0.0991,0.004674,0.008687,-0.004013,0.004674,0
2011-03-01,Tue,3,utilities,retail,pharma,energy,banks,electronics,0.474847,0.468651,0.001454,0.010955,-0.009502,0.001454,0
2011-03-02,Wed,3,electronics,energy,banks,pharma,utilities,retail,0.163583,0.14396,-0.000314,-0.006248,0.005934,-0.000314,1
2011-03-03,Thu,3,utilities,pharma,retail,electronics,banks,energy,0.087738,0.086383,0.000313,-0.001325,0.001638,0.000313,1
2011-03-04,Fri,3,utilities,retail,pharma,electronics,banks,energy,0.561464,0.55336,-0.001876,-0.006337,0.004461,-0.001876,1
2011-03-07,Mon,3,energy,electronics,banks,pharma,retail,utilities,0.090779,0.090384,-0.009991,-0.003986,-0.006005,-0.009991,0
2011-03-08,Tue,3,utilities,pharma,food,energy,trading,banks,0.022773,0.02084,-0.002229,-0.006778,0.004548,-0.002229,1
2011-03-09,Wed,3,utilities,pharma,retail,banks,energy,electronics,0.527345,0.514086,0.002187,-0.002324,0.00451,0.002187,1
2011-03-10,Thu,3,pharma,utilities,retail,banks,electronics,energy,0.629305,0.6201,-0.001558,-0.012988,0.01143,-0.001558,1
2011-03-11,Fri,3,electronics,energy,trading,utilities,food,pharma,0.11682,0.110159,-0.016541,-0.006053,-0.010487,-0.016541,0
2011-03-14,Mon,3,banks,energy,electronics,retail,pharma,utilities,0.278538,0.271451,0.05907,0.04764,0.01143,0.05907,1
2011-03-15,Tue,3,electronics,energy,banks,food,pharma,utilities,0.638942,0.622864,-0.052294,-0.071623,0.019329,-0.052294,1
2011-03-16,Wed,3,electronics,energy,banks,food,utilities,pharma,0.891302,0.880023,0.042861,0.042239,0.000621,0.042861,1
2011-03-17,Thu,3,electronics,banks,energy,utilities,food,pharma,0.751787,0.746548,0.003216,0.0354,-0.032183,0.003216,0
2011-03-18,Fri,3,banks,energy,electronics,pharma,food,retail,0.159006,0.147536,0.013199,-0.00033,0.01353,0.013199,1
2011-03-22,Tue,3,pharma,utilities,food,trading,energy,electronics,0.287411,0.278803,0.00398,0.009897,-0.005917,0.00398,0
2011-03-23,Wed,3,retail,food,pharma,electronics,energy,banks,0.091873,0.0901,-0.004913,-0.017985,0.013072,-0.004913,1
2011-03-24,Thu,3,banks,energy,trading,utilities,food,retail,0.037334,0.034779,0.017721,-0.007643,0.025365,0.017721,1
2011-03-25,Fri,3,pharma,utilities,food,banks,energy,electronics,0.648364,0.629017,-0.003448,-0.011072,0.007624,-0.003448,1
2011-03-28,Mon,3,banks,energy,electronics,pharma,retail,utilities,0.082513,0.081951,0.0015,-0.00491,0.006411,0.0015,1
2011-03-29,Tue,3,retail,food,utilities,trading,energy,banks,0.01061,0.00804,-0.008229,0.00388,-0.012108,-0.008229,0
2011-03-30,Wed,3,pharma,utilities,food,energy,banks,electronics,0.280611,0.268092,0.002227,0.00499,-0.002763,0.002227,0
2011-03-31,Thu,3,pharma,utilities,food,energy,banks,electronics,0.30373,0.290726,-0.002871,-0.004826,0.001956,-0.002871,1
2011-04-01,Fri,4,banks,electronics,energy,food,utilities,pharma,0.07579,0.072926,0.00287,-0.01358,0.01645,0.00287,1
2011-04-04,Mon,4,pharma,utilities,food,energy,electronics,banks,0.19863,0.190419,-0.001918,-0.012715,0.010797,-0.001918,1
2011-04-05,Tue,4,pharma,utilities,food,energy,banks,electronics,0.038145,0.03646,-0.004067,-0.019363,0.015295,-0.004067,1
2011-04-06,Wed,4,banks,energy,electronics,food,utilities,pharma,0.300312,0.293195,-0.010161,-0.006282,-0.003879,-0.010161,0
2011-04-07,Thu,4,pharma,utilities,food,electronics,energy,banks,0.472122,0.460356,-0.002092,-0.007,0.004908,-0.002092,1
2011-04-08,Fri,4,electronics,trading,banks,construction,utilities,pharma,0.00859,0.005964,0.020664,0.019207,0.001456,0.020664,1
2011-04-11,Mon,4,electronics,banks,energy,food,utilities,pharma,0.085504,0.07907,0.003456,0.005621,-0.002165,0.003456,0
2011-04-12,Tue,4,pharma,utilities,food,electronics,banks,energy,0.282836,0.279813,-0.006917,-0.008945,0.002028,-0.006917,1
2011-04-13,Wed,4,utilities,pharma,food,electronics,energy,banks,0.413298,0.409033,0.003592,0.006301,-0.00271,0.003592,0
2011-04-14,Thu,4,pharma,utilities,food,electronics,energy,banks,0.215241,0.211158,-0.000322,0.004505,-0.004827,-0.000322,0
2011-04-15,Fri,4,pharma,utilities,food,electronics,energy,banks,0.309067,0.301277,-0.001063,-0.00823,0.007166,-0.001063,1
2011-04-18,Mon,4,pharma,utilities,food,energy,electronics,banks,0.264542,0.254185,-0.001564,-0.008849,0.007285,-0.001564,1
2011-04-19,Tue,4,banks,electronics,trading,food,utilities,pharma,0.195082,0.180705,-0.000829,-0.001202,0.000373,-0.000829,1
2011-04-20,Wed,4,energy,banks,electronics,utilities,food,retail,0.113704,0.111017,0.002917,2.8e-05,0.002889,0.002917,1
2011-04-21,Thu,4,pharma,utilities,food,energy,electronics,banks,0.406467,0.387331,-0.001544,-0.000968,-0.000577,-0.001544,0
2011-04-25,Mon,4,energy,banks,electronics,utilities,food,retail,0.068412,0.066621,0.004819,-0.006401,0.01122,0.004819,1
2011-04-26,Tue,4,utilities,food,pharma,electronics,banks,energy,0.117599,0.11643,-0.005209,-0.006538,0.001329,-0.005209,1
2011-04-27,Wed,4,pharma,utilities,food,energy,electronics,banks,0.317495,0.303954,-0.001011,-0.001858,0.000847,-0.001011,1
2011-04-28,Thu,4,pharma,utilities,food,energy,electronics,banks,0.440021,0.427603,0.010642,0.006224,0.004418,0.010642,1
2011-05-02,Mon,5,pharma,utilities,food,electronics,energy,banks,0.283423,0.2753,-0.002237,-0.00235,0.000113,-0.002237,1
2011-05-06,Fri,5,pharma,utilities,food,electronics,banks,energy,0.366301,0.361365,0.006175,-0.003376,0.009551,0.006175,1
2011-05-09,Mon,5,pharma,utilities,food,electronics,trading,banks,0.054557,0.049581,-0.005542,-0.002028,-0.003515,-0.005542,0
2011-05-10,Tue,5,energy,banks,electronics,utilities,food,retail,0.105878,0.103853,0.002392,0.000547,0.001845,0.002392,1
2011-05-11,Wed,5,pharma,utilities,food,banks,trading,energy,0.335548,0.322122,-0.00502,-0.007407,0.002387,-0.00502,1
2011-05-12,Thu,5,food,utilities,retail,electronics,banks,energy,0.42448,0.418281,-0.007844,-0.002832,-0.005012,-0.007844,0
2011-05-13,Fri,5,pharma,utilities,food,trading,banks,energy,0.783299,0.763697,-0.008352,-0.027727,0.019374,-0.008352,1
2011-05-16,Mon,5,trading,banks,electronics,food,utilities,pharma,0.076488,0.067539,-0.005875,0.000338,-0.006213,-0.005875,0
2011-05-17,Tue,5,trading,energy,banks,food,utilities,pharma,0.102928,0.097445,0.006639,-0.019094,0.025733,0.006639,1
2011-05-18,Wed,5,utilities,pharma,food,electronics,banks,energy,0.133291,0.130989,0.000132,0.006245,-0.006113,0.000132,0
2011-05-19,Thu,5,energy,banks,electronics,retail,food,utilities,0.368172,0.360595,-0.014658,-0.01164,-0.003018,-0.014658,0
2011-05-20,Fri,5,pharma,utilities,food,electronics,trading,energy,0.075937,0.073561,-0.00725,-0.006508,-0.000742,-0.00725,0
2011-05-23,Mon,5,trading,electronics,energy,food,utilities,pharma,0.138299,0.129547,-0.012236,0.000244,-0.012481,-0.012236,0
2011-05-24,Tue,5,trading,energy,electronics,food,utilities,pharma,0.405705,0.391666,0.003814,0.012718,-0.008904,0.003814,0
2011-05-25,Wed,5,energy,trading,electronics,food,pharma,utilities,0.393107,0.38551,-0.004912,-0.00516,0.000248,-0.004912,1
2011-05-26,Thu,5,energy,trading,electronics,food,pharma,utilities,0.537293,0.525407,0.005042,0.002107,0.002935,0.005042,1
2011-05-27,Fri,5,energy,trading,electronics,utilities,food,retail,0.066492,0.063198,0.005505,0.002896,0.002609,0.005505,1
2011-05-31,Tue,5,energy,trading,electronics,food,retail,utilities,0.137501,0.133911,0.01863,0.009843,0.008786,0.01863,1
2011-06-01,Wed,6,pharma,utilities,food,banks,energy,trading,0.318282,0.308017,-0.005281,0.003125,-0.008406,-0.005281,0
2011-06-02,Thu,6,banks,electronics,trading,machinery,utilities,pharma,0.060555,0.045414,-0.002352,0.00534,-0.007691,-0.002352,0
2011-06-03,Fri,6,energy,trading,electronics,food,utilities,pharma,0.455382,0.44613,-0.013538,-0.007463,-0.006076,-0.013538,0
2011-06-06,Mon,6,energy,trading,electronics,food,utilities,pharma,0.572308,0.560626,-0.006536,-0.023626,0.017089,-0.006536,1
2011-06-07,Tue,6,retail,food,utilities,trading,banks,energy,0.120836,0.109385,0.001051,0.008632,-0.007581,0.001051,0
2011-06-08,Wed,6,energy,trading,electronics,food,utilities,pharma,0.114451,0.112147,0.001211,0.001145,6.5e-05,0.001211,1
2011-06-09,Thu,6,retail,food,utilities,trading,banks,energy,0.125009,0.120708,0.001873,-0.004725,0.006598,0.001873,1
2011-06-10,Fri,6,energy,banks,trading,utilities,food,retail,0.188509,0.178302,0.003551,-0.007478,0.01103,0.003551,1
2011-06-13,Mon,6,trading,electronics,energy,food,utilities,pharma,0.556485,0.541353,-0.001385,0.007152,-0.008537,-0.001385,0
2011-06-14,Tue,6,pharma,utilities,food,electronics,trading,energy,0.329561,0.321783,0.031395,0.009771,0.021624,0.031395,1
2011-06-15,Wed,6,pharma,utilities,food,banks,electronics,trading,0.101682,0.090898,-0.001791,-0.005431,0.00364,-0.001791,1
2011-06-16,Thu,6,trading,electronics,banks,food,pharma,utilities,0.349692,0.330114,-0.004926,-0.00075,-0.004176,-0.004926,0
2011-06-17,Fri,6,pharma,utilities,food,electronics,trading,energy,0.282845,0.274706,0.001432,-0.012679,0.014112,0.001432,1
2011-06-20,Mon,6,utilities,pharma,food,energy,electronics,trading,0.144552,0.134719,0.010256,-0.003196,0.013452,0.010256,1
2011-06-21,Tue,6,utilities,pharma,retail,trading,energy,banks,0.314091,0.310835,0.01283,-0.001025,0.013855,0.01283,1
2011-06-22,Wed,6,energy,trading,electronics,utilities,retail,food,0.434582,0.419875,0.012306,-0.004071,0.016378,0.012306,1
2011-06-23,Thu,6,energy,trading,banks,pharma,retail,utilities,0.432117,0.420291,0.000556,-0.003139,0.003695,0.000556,1
2011-06-24,Fri,6,trading,energy,banks,pharma,retail,utilities,0.130126,0.122645,0.009012,0.004897,0.004115,0.009012,1
2011-06-27,Mon,6,trading,energy,banks,pharma,retail,utilities,0.319772,0.30172,-0.007584,-0.0081,0.000516,-0.007584,1
2011-06-28,Tue,6,utilities,retail,pharma,banks,energy,trading,0.253045,0.240929,-0.002724,-0.000694,-0.00203,-0.002724,0
2011-06-29,Wed,6,energy,banks,electronics,pharma,retail,food,0.109253,0.098938,0.003481,0.005003,-0.001522,0.003481,0
2011-06-30,Thu,6,energy,trading,banks,pharma,retail,food,0.240052,0.233015,0.003155,0.00141,0.001746,0.003155,1
2011-07-01,Fri,7,utilities,retail,pharma,banks,electronics,trading,0.052994,0.042854,-0.006653,0.002108,-0.008761,-0.006653,0
2011-07-05,Tue,7,utilities,retail,pharma,electronics,energy,trading,0.380382,0.351302,0.002136,-0.000407,0.002543,0.002136,1
2011-07-06,Wed,7,trading,energy,electronics,pharma,retail,utilities,0.19278,0.184173,0.008937,-0.002401,0.011338,0.008937,1
2011-07-07,Thu,7,utilities,retail,pharma,electronics,energy,trading,0.237457,0.229239,-0.005855,0.002958,-0.008814,-0.005855,0
2011-07-08,Fri,7,energy,trading,banks,retail,pharma,food,0.201265,0.1985,-0.000247,-0.003065,0.002817,-0.000247,1
2011-07-11,Mon,7,trading,electronics,energy,pharma,retail,utilities,0.065549,0.055535,-0.001214,0.004617,-0.005831,-0.001214,0
2011-07-12,Tue,7,trading,electronics,energy,pharma,retail,utilities,0.145349,0.123107,-0.004759,0.00208,-0.006839,-0.004759,0
2011-07-13,Wed,7,trading,energy,electronics,pharma,retail,utilities,0.040983,0.036676,0.011601,0.008281,0.003319,0.011601,1
2011-07-14,Thu,7,trading,energy,banks,pharma,utilities,retail,0.193041,0.188745,-0.004654,-0.001946,-0.002709,-0.004654,0
2011-07-15,Fri,7,energy,trading,electronics,pharma,retail,utilities,0.142825,0.132449,-0.000109,0.002835,-0.002944,-0.000109,0
2011-07-19,Tue,7,energy,trading,banks,pharma,utilities,retail,0.257231,0.252373,-0.001534,-0.002165,0.000631,-0.001534,1
2011-07-20,Wed,7,utilities,retail,pharma,electronics,energy,trading,0.404398,0.377465,-0.000398,-4e-05,-0.000358,-0.000398,0
2011-07-21,Thu,7,energy,trading,electronics,pharma,retail,utilities,0.154024,0.149785,-0.000526,0.003135,-0.003661,-0.000526,0
2011-07-22,Fri,7,utilities,retail,pharma,electronics,energy,trading,0.165831,0.149568,-0.005092,0.004318,-0.00941,-0.005092,0
2011-07-25,Mon,7,trading,energy,electronics,pharma,retail,utilities,0.114849,0.109671,-0.005416,-0.003472,-0.001944,-0.005416,0
2011-07-26,Tue,7,trading,energy,electronics,pharma,retail,utilities,0.233799,0.223251,0.00181,-0.000467,0.002277,0.00181,1
2011-07-27,Wed,7,electronics,trading,energy,pharma,retail,utilities,0.082385,0.074302,0.0,-0.012447,0.012447,0.0,1
2011-07-28,Thu,7,electronics,trading,energy,pharma,retail,utilities,0.26834,0.242968,-0.003234,0.003351,-0.006585,-0.003234,0
2011-07-29,Fri,7,trading,energy,electronics,pharma,retail,utilities,0.148014,0.140354,-5e-05,-0.010834,0.010784,-5e-05,1
2011-08-01,Mon,8,trading,energy,electronics,pharma,retail,utilities,0.314449,0.298246,-0.000144,0.005219,-0.005363,-0.000144,0
2011-08-02,Tue,8,energy,trading,electronics,pharma,retail,utilities,0.239799,0.22803,-0.000109,-0.001905,0.001796,-0.000109,1
2011-08-03,Wed,8,trading,electronics,energy,pharma,retail,utilities,0.366733,0.328672,-0.009415,-0.002929,-0.006486,-0.009415,0
2011-08-04,Thu,8,utilities,retail,pharma,electronics,energy,trading,0.181423,0.170806,-0.003776,-0.007238,0.003462,-0.003776,1
2011-08-05,Fri,8,trading,electronics,energy,pharma,retail,utilities,0.535894,0.468854,-0.015078,0.004648,-0.019726,-0.015078,0
2011-08-08,Mon,8,utilities,retail,pharma,banks,energy,trading,0.69888,0.668845,-0.011586,-0.004793,-0.006793,-0.011586,0
2011-08-09,Tue,8,trading,electronics,banks,pharma,retail,utilities,0.726123,0.620458,-0.002725,0.012617,-0.015342,-0.002725,0
2011-08-10,Wed,8,utilities,retail,pharma,electronics,banks,trading,0.325213,0.279109,0.017512,-0.015752,0.033264,0.017512,1
2011-08-11,Thu,8,trading,energy,banks,pharma,retail,utilities,0.683002,0.609187,0.004496,0.029841,-0.025345,0.004496,0
2011-08-12,Fri,8,utilities,retail,pharma,banks,energy,trading,0.702713,0.62934,-0.006282,-0.010918,0.004636,-0.006282,1
2011-08-15,Mon,8,utilities,retail,pharma,electronics,energy,trading,0.196506,0.180889,-0.007077,-0.003749,-0.003329,-0.007077,0
2011-08-16,Tue,8,utilities,retail,pharma,banks,energy,trading,0.374255,0.341287,-0.011039,-0.002461,-0.008577,-0.011039,0
2011-08-17,Wed,8,utilities,retail,pharma,banks,electronics,trading,0.241769,0.237284,-0.00099,0.001876,-0.002866,-0.00099,0
2011-08-18,Thu,8,utilities,retail,pharma,energy,banks,trading,0.055991,0.050767,0.004759,-0.008002,0.012761,0.004759,1
2011-08-19,Fri,8,materials,it_services,energy,retail,realestate,utilities,0.09612,0.055134,-0.005,0.002226,-0.007226,-0.005,0
2011-08-22,Mon,8,materials,it_services,energy,retail,realestate,utilities,0.023286,0.014152,-0.008426,0.005531,-0.013956,-0.008426,0
2011-08-23,Tue,8,utilities,retail,pharma,energy,electronics,trading,0.144088,0.13703,0.003977,-0.00496,0.008938,0.003977,1
2011-08-24,Wed,8,utilities,retail,pharma,banks,energy,trading,0.325429,0.286128,-0.009105,-0.017375,0.008271,-0.009105,1
2011-08-25,Thu,8,utilities,retail,pharma,banks,energy,trading,0.163705,0.144365,-0.014471,0.008748,-0.02322,-0.014471,0
2011-08-26,Fri,8,trading,energy,banks,pharma,retail,utilities,0.382378,0.355169,0.007815,-0.000352,0.008167,0.007815,1
2011-08-29,Mon,8,utilities,retail,pharma,banks,energy,trading,0.053117,0.037088,1.2e-05,-0.004419,0.004431,1.2e-05,1
2011-08-30,Tue,8,utilities,retail,pharma,banks,energy,trading,0.227363,0.19275,-0.00624,0.002516,-0.008756,-0.00624,0
2011-08-31,Wed,8,utilities,retail,pharma,banks,energy,trading,0.033312,0.028466,0.000696,0.004467,-0.003771,0.000696,0
2011-09-01,Thu,9,realestate,utilities,electronics,food,it_services,materials,0.008758,0.008088,0.000524,0.004087,-0.003563,0.000524,0
2011-09-02,Fri,9,materials,trading,energy,retail,realestate,utilities,0.022037,0.015128,-0.008368,-0.003227,-0.005141,-0.008368,0
2011-09-06,Tue,9,energy,trading,banks,pharma,retail,utilities,0.124278,0.100013,-0.01387,0.008566,-0.022436,-0.01387,0
2011-09-07,Wed,9,pharma,food,retail,trading,energy,electronics,0.057553,0.055668,0.001504,0.002554,-0.00105,0.001504,0
2011-09-08,Thu,9,utilities,realestate,retail,banks,energy,trading,0.065675,0.045972,-0.000847,-0.006017,0.00517,-0.000847,1
2011-09-09,Fri,9,pharma,food,retail,trading,energy,electronics,0.071331,0.067688,0.001455,-0.008154,0.009609,0.001455,1
2011-09-12,Mon,9,trading,energy,banks,pharma,retail,utilities,0.310728,0.276341,0.002807,-0.00311,0.005917,0.002807,1
2011-09-13,Tue,9,utilities,pharma,retail,banks,energy,trading,0.131256,0.119133,-0.002079,0.009898,-0.011977,-0.002079,0
2011-09-14,Wed,9,utilities,retail,pharma,banks,energy,trading,0.101464,0.087896,-0.001377,-0.005915,0.004538,-0.001377,1
2011-09-15,Thu,9,utilities,retail,pharma,banks,energy,trading,0.132487,0.114841,0.001406,0.00452,-0.003114,0.001406,0
2011-09-16,Fri,9,utilities,retail,pharma,energy,banks,trading,0.079011,0.062133,-0.003488,0.016468,-0.019956,-0.003488,0
2011-09-20,Tue,9,utilities,pharma,retail,banks,energy,trading,0.241772,0.222561,-0.006853,-0.00937,0.002517,-0.006853,1
2011-09-21,Wed,9,utilities,pharma,retail,energy,electronics,trading,0.291238,0.273745,-0.000689,0.000896,-0.001585,-0.000689,0
2011-09-22,Thu,9,it_services,food,materials,utilities,electronics,realestate,0.046337,0.036457,-0.001955,0.003025,-0.00498,-0.001955,0
2011-09-26,Mon,9,it_services,food,materials,utilities,electronics,realestate,0.046304,0.035682,-0.010567,-0.02568,0.015113,-0.010567,1
2011-09-27,Tue,9,electronics,energy,banks,retail,pharma,food,0.14086,0.132584,0.006377,0.002743,0.003633,0.006377,1
2011-09-28,Wed,9,utilities,pharma,retail,banks,energy,trading,0.057963,0.045858,0.009538,0.011708,-0.002171,0.009538,0
2011-09-29,Thu,9,materials,it_services,transport,electronics,utilities,realestate,0.02314,0.020423,0.007744,0.022298,-0.014554,0.007744,0
2011-09-30,Fri,9,utilities,pharma,retail,banks,energy,trading,0.070739,0.060216,0.000969,-0.004086,0.005055,0.000969,1
2011-10-03,Mon,10,it_services,materials,retail,finance,realestate,electronics,0.024593,0.021954,0.005372,-0.008436,0.013808,0.005372,1
2011-10-04,Tue,10,trading,energy,banks,food,pharma,utilities,0.251847,0.220241,-0.002881,-0.001937,-0.000943,-0.002881,0
2011-10-05,Wed,10,electronics,energy,banks,retail,food,utilities,0.297839,0.287835,-0.011991,-0.010017,-0.001974,-0.011991,0
2011-10-06,Thu,10,electronics,energy,banks,pharma,retail,food,0.183712,0.177353,0.009424,0.000906,0.008517,0.009424,1
2011-10-07,Fri,10,utilities,pharma,retail,banks,energy,trading,0.090358,0.072778,-0.010751,-0.000526,-0.010226,-0.010751,0
2011-10-11,Tue,10,utilities,pharma,food,trading,energy,electronics,0.309927,0.297561,-0.003422,0.000599,-0.004021,-0.003422,0
2011-10-12,Wed,10,electronics,energy,trading,food,pharma,utilities,0.112745,0.108666,0.008057,-0.004597,0.012654,0.008057,1
2011-10-13,Thu,10,electronics,energy,trading,food,utilities,pharma,0.1159,0.112156,0.001684,-0.011343,0.013027,0.001684,1
2011-10-14,Fri,10,utilities,pharma,retail,energy,trading,electronics,0.135619,0.130255,-0.007498,-0.001638,-0.00586,-0.007498,0
2011-10-17,Mon,10,electronics,energy,banks,retail,pharma,food,0.066529,0.060213,0.006309,-0.000682,0.006991,0.006309,1
2011-10-18,Tue,10,pharma,food,retail,banks,energy,electronics,0.045513,0.039517,-0.001449,-0.000172,-0.001277,-0.001449,0
2011-10-19,Wed,10,electronics,energy,trading,food,utilities,pharma,0.241728,0.232236,-0.008313,0.003858,-0.012171,-0.008313,0
2011-10-20,Thu,10,pharma,retail,food,banks,energy,electronics,0.069393,0.065491,-0.002374,-0.005439,0.003065,-0.002374,1
2011-10-21,Fri,10,electronics,energy,trading,retail,pharma,utilities,0.087819,0.084659,0.002483,-0.000687,0.00317,0.002483,1
2011-10-24,Mon,10,utilities,food,retail,banks,energy,trading,0.190878,0.167209,0.001664,0.009056,-0.007393,0.001664,0
2011-10-25,Tue,10,electronics,energy,trading,retail,pharma,utilities,0.179603,0.172557,-0.009032,-0.008471,-0.00056,-0.009032,0
2011-10-26,Wed,10,trading,energy,banks,retail,food,utilities,0.134843,0.117028,0.003006,-0.003447,0.006453,0.003006,1
2011-10-27,Thu,10,electronics,energy,banks,food,retail,pharma,0.029182,0.024799,0.028382,0.0007,0.027683,0.028382,1
2011-10-28,Fri,10,electronics,energy,realestate,food,retail,pharma,0.063601,0.050875,-0.006909,0.003299,-0.010208,-0.006909,0
2011-10-31,Mon,10,trading,electronics,energy,pharma,food,utilities,0.145024,0.139296,-0.000952,-0.00391,0.002958,-0.000952,1
2011-11-01,Tue,11,pharma,food,retail,banks,energy,electronics,0.120788,0.11292,-0.003439,-0.0018,-0.001639,-0.003439,0
2011-11-02,Wed,11,trading,energy,banks,pharma,food,utilities,0.20947,0.188298,-0.004297,-0.011854,0.007557,-0.004297,1
2011-11-04,Fri,11,electronics,energy,banks,food,pharma,retail,0.037273,0.030588,-0.00181,0.00021,-0.002021,-0.00181,0
2011-11-07,Mon,11,trading,energy,electronics,pharma,food,utilities,0.147845,0.139375,0.000562,-9.9e-05,0.000661,0.000562,1
2011-11-08,Tue,11,utilities,food,pharma,electronics,energy,trading,0.132732,0.125107,-0.003894,-0.015755,0.011861,-0.003894,1
2011-11-09,Wed,11,utilities,food,pharma,banks,energy,trading,0.072659,0.066176,0.0056,0.00532,0.00028,0.0056,1
2011-11-10,Thu,11,trading,energy,banks,pharma,food,utilities,0.205446,0.189656,-0.010718,0.002503,-0.013221,-0.010718,0
2011-11-11,Fri,11,utilities,food,pharma,banks,energy,trading,0.097109,0.090936,-0.003891,0.004512,-0.008403,-0.003891,0
2011-11-14,Mon,11,food,utilities,pharma,banks,energy,trading,0.187758,0.174778,0.002717,-3.3e-05,0.00275,0.002717,1
2011-11-15,Tue,11,trading,energy,banks,pharma,utilities,food,0.143317,0.135767,-0.001126,-0.002125,0.000999,-0.001126,1
2011-11-16,Wed,11,utilities,food,pharma,electronics,energy,trading,0.12974,0.125013,-0.001569,-0.005484,0.003915,-0.001569,1
2011-11-17,Thu,11,trading,energy,banks,pharma,utilities,food,0.195067,0.184498,0.010108,0.009692,0.000416,0.010108,1
2011-11-18,Fri,11,retail,utilities,pharma,banks,energy,electronics,0.039301,0.031427,-0.001941,-0.002633,0.000692,-0.001941,1
2011-11-21,Mon,11,electronics,energy,banks,food,retail,utilities,0.00182,0.001728,-0.005509,0.006467,-0.011976,-0.005509,0
2011-11-22,Tue,11,trading,energy,banks,pharma,food,utilities,0.319901,0.309108,0.02058,0.0028,0.01778,0.02058,1
2011-11-25,Fri,11,retail,utilities,food,machinery,energy,electronics,0.010852,0.00831,0.005807,-0.001525,0.007332,0.005807,1
2011-11-28,Mon,11,utilities,food,pharma,trading,energy,electronics,0.069117,0.068039,-0.009712,0.01106,-0.020772,-0.009712,0
2011-11-29,Tue,11,pharma,food,utilities,banks,energy,trading,0.241277,0.228505,0.001664,0.007541,-0.005876,0.001664,0
2011-11-30,Wed,11,pharma,food,utilities,electronics,energy,trading,0.148771,0.146436,0.006249,0.001024,0.005225,0.006249,1
2011-12-01,Thu,12,pharma,food,retail,energy,banks,trading,0.264903,0.24212,-0.012577,0.00306,-0.015637,-0.012577,0
2011-12-02,Fri,12,utilities,food,retail,trading,energy,electronics,0.06643,0.064248,-0.00283,-0.003907,0.001077,-0.00283,1
2011-12-05,Mon,12,electronics,trading,energy,utilities,pharma,food,0.272535,0.269997,-0.000945,0.003809,-0.004754,-0.000945,0
2011-12-06,Tue,12,pharma,food,auto,energy,banks,trading,0.021234,0.017303,-0.006662,0.00178,-0.008442,-0.006662,0
2011-12-07,Wed,12,food,pharma,utilities,banks,electronics,trading,0.013,0.012278,0.0088,0.005092,0.003707,0.0088,1
2011-12-08,Thu,12,food,pharma,utilities,energy,electronics,trading,0.051669,0.050805,0.000649,-0.003227,0.003875,0.000649,1
2011-12-09,Fri,12,trading,banks,energy,retail,food,pharma,0.104302,0.091145,-0.002461,-0.000961,-0.0015,-0.002461,0
2011-12-12,Mon,12,food,pharma,utilities,energy,banks,trading,0.195117,0.18374,-0.002864,-0.000211,-0.002652,-0.002864,0
2011-12-13,Tue,12,trading,banks,energy,utilities,food,pharma,0.065176,0.056989,0.004348,0.007221,-0.002872,0.004348,0
2011-12-14,Wed,12,retail,utilities,food,trading,electronics,energy,0.10562,0.101674,-0.000578,-0.002578,0.002001,-0.000578,1
2011-12-15,Thu,12,trading,banks,energy,utilities,pharma,food,0.045487,0.039963,-0.007286,-0.004217,-0.003069,-0.007286,0
2011-12-16,Fri,12,food,pharma,utilities,electronics,energy,trading,0.285266,0.279195,0.000399,-0.007871,0.00827,0.000399,1
2011-12-19,Mon,12,energy,electronics,trading,utilities,pharma,food,0.174344,0.171553,-0.008539,-0.001598,-0.006941,-0.008539,0
2011-12-20,Tue,12,retail,utilities,food,trading,electronics,energy,0.065996,0.060698,-0.005698,0.005045,-0.010743,-0.005698,0
2011-12-21,Wed,12,food,pharma,utilities,energy,banks,trading,0.287216,0.267241,0.002402,-0.002537,0.004939,0.002402,1
2011-12-22,Thu,12,food,pharma,utilities,electronics,energy,trading,0.119282,0.115343,0.003823,0.000552,0.003271,0.003823,1
2011-12-27,Tue,12,energy,electronics,trading,pharma,retail,utilities,0.067749,0.064865,0.001816,0.002713,-0.000897,0.001816,0
2011-12-28,Wed,12,food,pharma,utilities,electronics,trading,energy,0.131962,0.130483,-0.000354,-0.001343,0.000989,-0.000354,1
2011-12-29,Thu,12,retail,utilities,it_services,auto,energy,electronics,0.02322,0.019507,0.001174,0.001202,-2.9e-05,0.001174,0
2011-12-30,Fri,12,food,pharma,utilities,energy,trading,banks,0.05848,0.053696,0.006768,0.001102,0.005666,0.006768,1
2012-01-04,Wed,1,trading,energy,banks,utilities,pharma,food,0.161258,0.158669,0.010124,0.005698,0.004426,0.010124,1
2012-01-05,Thu,1,energy,trading,electronics,utilities,pharma,food,0.168397,0.167367,-0.00421,-0.006495,0.002286,-0.00421,1
2012-01-06,Fri,1,energy,electronics,trading,pharma,utilities,retail,0.004434,0.003899,-0.006742,-0.003796,-0.002946,-0.006742,0
2012-01-10,Tue,1,trading,banks,electronics,utilities,food,pharma,0.08365,0.081395,-0.002143,0.013806,-0.015949,-0.002143,0
2012-01-11,Wed,1,energy,electronics,trading,pharma,retail,utilities,0.113345,0.109072,-0.002202,-0.00618,0.003979,-0.002202,1
2012-01-12,Thu,1,energy,trading,electronics,pharma,utilities,food,0.134479,0.134133,-0.00208,-0.003084,0.001005,-0.00208,1
2012-01-13,Fri,1,energy,electronics,trading,pharma,utilities,retail,0.018487,0.017541,0.004398,0.004633,-0.000235,0.004398,0
2012-01-17,Tue,1,banks,trading,electronics,utilities,pharma,food,0.01935,0.017268,0.004942,0.000707,0.004235,0.004942,1
2012-01-18,Wed,1,food,utilities,pharma,electronics,energy,trading,0.0834,0.082832,0.001317,0.015251,-0.013934,0.001317,0
2012-01-19,Thu,1,energy,electronics,trading,pharma,utilities,retail,0.075393,0.07001,-0.002886,-0.005279,0.002393,-0.002886,1
2012-01-20,Fri,1,energy,electronics,trading,pharma,retail,utilities,0.114447,0.112553,0.002766,-0.003109,0.005875,0.002766,1
2012-01-23,Mon,1,retail,utilities,food,trading,electronics,energy,0.014077,0.012666,-0.002773,-0.004685,0.001912,-0.002773,1
2012-01-24,Tue,1,energy,electronics,trading,food,pharma,utilities,0.054174,0.053924,0.00021,-0.001975,0.002185,0.00021,1
2012-01-25,Wed,1,trading,electronics,energy,food,utilities,pharma,0.16702,0.166033,0.00633,0.00189,0.00444,0.00633,1
2012-01-26,Thu,1,pharma,food,utilities,banks,electronics,trading,0.289092,0.28638,-0.000129,-0.005316,0.005187,-0.000129,1
2012-01-27,Fri,1,retail,utilities,food,trading,electronics,energy,0.015294,0.012231,0.002513,0.005398,-0.002885,0.002513,0
2012-01-30,Mon,1,trading,energy,electronics,utilities,food,pharma,0.263916,0.260546,-0.005636,-0.000457,-0.005179,-0.005636,0
2012-01-31,Tue,1,trading,banks,energy,utilities,food,pharma,0.080649,0.078105,-0.004895,-0.006142,0.001247,-0.004895,1
2012-02-01,Wed,2,food,retail,pharma,trading,electronics,energy,0.085164,0.08481,0.0,0.001163,-0.001163,0.0,0
2012-02-02,Thu,2,pharma,food,utilities,electronics,trading,banks,0.131369,0.127905,-0.006469,0.006338,-0.012808,-0.006469,0
2012-02-03,Fri,2,energy,electronics,trading,utilities,pharma,retail,0.055596,0.055032,0.004925,0.001873,0.003052,0.004925,1
2012-02-06,Mon,2,energy,electronics,trading,pharma,utilities,retail,0.16369,0.151989,-0.01045,-0.00128,-0.00917,-0.01045,0
2012-02-07,Tue,2,trading,energy,banks,utilities,food,pharma,0.153385,0.150695,0.000571,0.009306,-0.008735,0.000571,0
2012-02-08,Wed,2,pharma,food,utilities,electronics,energy,trading,0.128144,0.126046,-9.1e-05,0.004679,-0.00477,-9.1e-05,0
2012-02-09,Thu,2,food,pharma,utilities,electronics,banks,trading,0.020277,0.019796,0.010449,0.00453,0.005919,0.010449,1
2012-02-10,Fri,2,pharma,utilities,retail,electronics,trading,energy,0.061705,0.060878,0.005493,-0.002557,0.00805,0.005493,1
2012-02-13,Mon,2,retail,utilities,pharma,trading,electronics,energy,0.067414,0.062116,-0.001101,0.00272,-0.00382,-0.001101,0
2012-02-14,Tue,2,food,pharma,utilities,energy,trading,banks,0.036252,0.033204,0.007302,0.004654,0.002648,0.007302,1
2012-02-15,Wed,2,utilities,pharma,retail,electronics,trading,energy,0.240201,0.235969,0.008651,0.013547,-0.004897,0.008651,0
2012-02-16,Thu,2,trading,banks,electronics,utilities,food,pharma,0.088742,0.086069,-0.001303,0.002118,-0.003421,-0.001303,0
2012-02-17,Fri,2,food,pharma,retail,electronics,banks,trading,0.110948,0.106244,-0.000764,-0.005263,0.004499,-0.000764,1
2012-02-21,Tue,2,energy,trading,electronics,retail,utilities,pharma,0.151254,0.149068,-0.00346,-0.000137,-0.003323,-0.00346,0
2012-02-22,Wed,2,trading,energy,electronics,retail,utilities,pharma,0.326339,0.321805,0.008503,0.001358,0.007145,0.008503,1
2012-02-23,Thu,2,realestate,finance,steel,electronics,food,energy,0.009887,0.006582,0.011138,-0.001085,0.012223,0.011138,1
2012-02-24,Fri,2,energy,electronics,trading,utilities,pharma,retail,0.017688,0.015903,0.010181,-0.007172,0.017353,0.010181,1
2012-02-27,Mon,2,utilities,pharma,retail,electronics,energy,trading,0.232215,0.22851,-0.000497,-0.012432,0.011934,-0.000497,1
2012-02-28,Tue,2,trading,energy,electronics,food,pharma,utilities,0.03678,0.035716,0.003194,0.003706,-0.000512,0.003194,0
2012-02-29,Wed,2,utilities,pharma,retail,electronics,trading,energy,0.053059,0.052127,-0.004726,-0.005232,0.000506,-0.004726,1
2012-03-01,Thu,3,pharma,retail,utilities,trading,electronics,energy,0.14956,0.143371,-0.00197,-0.012824,0.010854,-0.00197,1
2012-03-02,Fri,3,energy,trading,electronics,retail,utilities,pharma,0.143478,0.140286,-0.002903,0.005757,-0.00866,-0.002903,0
2012-03-05,Mon,3,pharma,retail,utilities,electronics,trading,energy,0.076983,0.073686,0.000302,-0.005528,0.00583,0.000302,1
2012-03-06,Tue,3,pharma,utilities,retail,electronics,trading,energy,0.234964,0.231044,0.002972,-0.010466,0.013437,0.002972,1
2012-03-07,Wed,3,trading,steel,banks,retail,food,utilities,0.07733,0.061354,0.012069,0.003655,0.008414,0.012069,1
2012-03-08,Thu,3,energy,electronics,trading,utilities,retail,pharma,0.057119,0.052771,0.005932,0.002048,0.003884,0.005932,1
2012-03-09,Fri,3,utilities,food,retail,electronics,banks,trading,0.183215,0.167529,-0.004472,0.002326,-0.006798,-0.004472,0
2012-03-12,Mon,3,utilities,pharma,retail,banks,energy,trading,0.181655,0.171905,-0.006761,-0.005177,-0.001584,-0.006761,0
2012-03-13,Tue,3,utilities,pharma,retail,energy,electronics,trading,0.441461,0.425392,0.00381,-0.001536,0.005346,0.00381,1
2012-03-14,Wed,3,food,machinery,energy,it_services,realestate,steel,0.03285,0.026433,0.002658,0.004762,-0.002104,0.002658,0
2012-03-15,Thu,3,trading,electronics,banks,retail,pharma,utilities,0.271601,0.259037,-0.003382,0.002204,-0.005587,-0.003382,0
2012-03-16,Fri,3,trading,electronics,energy,retail,pharma,utilities,0.2529,0.245684,0.001834,-0.000773,0.002606,0.001834,1
2012-03-19,Mon,3,trading,electronics,energy,retail,pharma,utilities,0.302016,0.29245,0.00047,-0.004905,0.005375,0.00047,1
2012-03-21,Wed,3,trading,electronics,energy,retail,pharma,utilities,0.255949,0.249074,0.000419,0.004253,-0.003835,0.000419,0
2012-03-22,Thu,3,pharma,utilities,retail,energy,electronics,trading,0.149823,0.146422,0.006406,-0.000728,0.007134,0.006406,1
2012-03-23,Fri,3,utilities,pharma,retail,energy,electronics,trading,0.562161,0.550047,0.002388,-0.000702,0.00309,0.002388,1
2012-03-26,Mon,3,trading,electronics,energy,retail,pharma,utilities,0.255493,0.249638,0.002881,-0.00381,0.006691,0.002881,1
2012-03-27,Tue,3,utilities,pharma,retail,banks,electronics,trading,0.533664,0.512876,0.008185,0.009882,-0.001697,0.008185,0
2012-03-28,Wed,3,pharma,utilities,retail,energy,electronics,trading,0.397928,0.388951,-0.00155,-0.00257,0.00102,-0.00155,1
2012-03-29,Thu,3,banks,electronics,trading,retail,food,utilities,0.108332,0.100174,-0.009246,0.003502,-0.012748,-0.009246,0
2012-03-30,Fri,3,pharma,utilities,retail,energy,electronics,trading,0.176719,0.17278,-0.004665,-0.000655,-0.00401,-0.004665,0
2012-04-02,Mon,4,utilities,pharma,retail,banks,trading,electronics,0.17269,0.169977,-0.007438,-0.001888,-0.005551,-0.007438,0
2012-04-03,Tue,4,utilities,pharma,food,trading,electronics,banks,0.187274,0.184382,-0.000796,-0.008026,0.007231,-0.000796,1
2012-04-04,Wed,4,retail,pharma,utilities,electronics,energy,trading,0.046342,0.042374,-0.011254,-0.01766,0.006406,-0.011254,1
2012-04-05,Thu,4,retail,pharma,utilities,electronics,energy,trading,0.074409,0.065688,0.006362,-0.001758,0.00812,0.006362,1
2012-04-09,Mon,4,banks,electronics,trading,pharma,food,utilities,0.039121,0.037693,-0.014399,-0.003762,-0.010638,-0.014399,0
2012-04-10,Tue,4,electronics,banks,trading,food,pharma,utilities,0.319512,0.310268,0.000431,3.1e-05,0.000399,0.000431,1
2012-04-11,Wed,4,banks,electronics,trading,food,pharma,utilities,0.312655,0.304473,0.006581,-0.005282,0.011863,0.006581,1
2012-04-12,Thu,4,energy,trading,electronics,it_services,utilities,retail,0.033237,0.028902,-0.001713,-0.002633,0.00092,-0.001713,1
2012-04-13,Fri,4,trading,energy,electronics,pharma,retail,utilities,0.554393,0.534712,-0.007681,0.001795,-0.009476,-0.007681,0
2012-04-16,Mon,4,utilities,retail,it_services,electronics,trading,energy,0.056626,0.046583,0.005188,-0.006984,0.012172,0.005188,1
2012-04-17,Tue,4,utilities,pharma,retail,banks,electronics,trading,0.128581,0.12497,0.002573,-0.003271,0.005844,0.002573,1
2012-04-18,Wed,4,pharma,utilities,food,trading,electronics,banks,0.466955,0.454423,-0.005423,0.001069,-0.006492,-0.005423,0
2012-04-19,Thu,4,banks,electronics,trading,food,pharma,utilities,0.127481,0.124087,0.000296,-0.00139,0.001686,0.000296,1
2012-04-20,Fri,4,banks,electronics,trading,food,pharma,utilities,0.22174,0.214854,0.000129,-0.004723,0.004853,0.000129,1
2012-04-23,Mon,4,utilities,pharma,retail,banks,electronics,trading,0.595355,0.571561,-0.006978,-0.002455,-0.004523,-0.006978,0
2012-04-24,Tue,4,banks,electronics,trading,food,pharma,utilities,0.626602,0.609577,-0.002861,0.005564,-0.008425,-0.002861,0
2012-04-25,Wed,4,energy,trading,electronics,retail,pharma,utilities,0.057348,0.054012,-0.005413,0.001095,-0.006508,-0.005413,0
2012-04-26,Thu,4,utilities,pharma,food,trading,banks,electronics,0.388482,0.369531,-0.006427,-0.007065,0.000638,-0.006427,1
2012-04-27,Fri,4,utilities,pharma,food,trading,banks,electronics,0.20922,0.197783,-0.003945,-0.009971,0.006026,-0.003945,1
2012-05-01,Tue,5,trading,energy,electronics,retail,pharma,utilities,0.077217,0.073462,-0.013275,-0.001447,-0.011828,-0.013275,0
2012-05-02,Wed,5,energy,trading,electronics,retail,pharma,utilities,0.130724,0.123309,0.001162,-0.002945,0.004107,0.001162,1
2012-05-07,Mon,5,utilities,pharma,retail,electronics,energy,trading,0.14143,0.134689,-0.000848,-0.008068,0.007221,-0.000848,1
2012-05-08,Tue,5,electronics,banks,trading,food,pharma,utilities,0.110498,0.104638,0.000666,-0.00444,0.005107,0.000666,1
2012-05-09,Wed,5,utilities,retail,pharma,electronics,trading,energy,0.048614,0.043675,-0.005589,-0.01129,0.005702,-0.005589,1
2012-05-10,Thu,5,banks,electronics,trading,pharma,utilities,food,0.038537,0.033322,0.001208,0.011091,-0.009883,0.001208,0
2012-05-11,Fri,5,utilities,pharma,food,trading,banks,electronics,0.347104,0.328938,-0.007634,-0.011756,0.004122,-0.007634,1
2012-05-14,Mon,5,utilities,pharma,retail,electronics,trading,energy,0.116096,0.11056,0.007701,-0.006029,0.01373,0.007701,1
2012-05-15,Tue,5,utilities,pharma,retail,electronics,trading,energy,0.224008,0.210408,-0.002932,-0.008905,0.005973,-0.002932,1
2012-05-16,Wed,5,retail,utilities,finance,transport,trading,energy,0.024098,0.01639,-0.006007,-0.006875,0.000867,-0.006007,1
2012-05-17,Thu,5,utilities,pharma,retail,trading,electronics,energy,0.330386,0.318174,-0.006551,0.01064,-0.01719,-0.006551,0
2012-05-18,Fri,5,banks,electronics,trading,pharma,food,utilities,0.2429,0.22493,-0.012175,-0.004217,-0.007958,-0.012175,0
2012-05-21,Mon,5,electronics,banks,trading,food,pharma,utilities,0.347395,0.333792,0.000878,0.00406,-0.003181,0.000878,0
2012-05-22,Tue,5,energy,trading,electronics,pharma,retail,utilities,0.19419,0.177624,0.003349,-0.009449,0.012798,0.003349,1
2012-05-23,Wed,5,utilities,pharma,food,trading,banks,electronics,0.073537,0.070944,-0.003437,-0.012392,0.008956,-0.003437,1
2012-05-24,Thu,5,electronics,energy,banks,food,pharma,utilities,0.573283,0.552498,-0.00355,0.002626,-0.006176,-0.00355,0
2012-05-25,Fri,5,utilities,pharma,food,trading,banks,electronics,0.334029,0.323549,0.006275,-0.004495,0.010771,0.006275,1
2012-05-29,Tue,5,utilities,pharma,retail,electronics,trading,energy,0.052793,0.050233,-0.005364,0.005994,-0.011357,-0.005364,0
2012-05-30,Wed,5,energy,trading,electronics,pharma,retail,utilities,0.143654,0.133856,0.0,0.005347,-0.005347,0.0,0
2012-05-31,Thu,5,utilities,retail,pharma,electronics,trading,energy,0.202256,0.186595,0.006065,0.005531,0.000534,0.006065,1
2012-06-01,Fri,6,banks,electronics,trading,food,utilities,pharma,0.079285,0.077276,-0.006868,-0.001019,-0.005849,-0.006868,0
2012-06-04,Mon,6,banks,electronics,trading,utilities,food,pharma,0.406973,0.386532,-0.003776,0.011559,-0.015335,-0.003776,0
2012-06-05,Tue,6,utilities,pharma,food,trading,banks,electronics,0.294979,0.286849,0.001789,0.013037,-0.011248,0.001789,0
2012-06-06,Wed,6,energy,trading,electronics,retail,utilities,pharma,0.196682,0.187088,0.012531,-0.007814,0.020345,0.012531,1
2012-06-07,Thu,6,food,utilities,pharma,trading,electronics,banks,0.251024,0.230415,0.005871,-0.000222,0.006092,0.005871,1
2012-06-08,Fri,6,pharma,utilities,food,trading,banks,electronics,0.129517,0.12771,-0.004317,-0.016439,0.012122,-0.004317,1
2012-06-11,Mon,6,pharma,utilities,food,trading,electronics,banks,0.21029,0.205428,-0.000525,-0.000505,-2e-05,-0.000525,0
2012-06-12,Tue,6,retail,utilities,pharma,transport,machinery,energy,0.039818,0.030078,-0.005752,0.004831,-0.010583,-0.005752,0
2012-06-13,Wed,6,energy,trading,electronics,retail,pharma,utilities,0.161779,0.153964,0.00027,0.004594,-0.004324,0.00027,0
2012-06-14,Thu,6,pharma,utilities,food,electronics,trading,energy,0.160529,0.156228,-0.003745,-0.000485,-0.00326,-0.003745,0
2012-06-15,Fri,6,pharma,utilities,food,trading,electronics,banks,0.354838,0.345826,0.005857,-0.006243,0.012099,0.005857,1
2012-06-18,Mon,6,energy,electronics,trading,food,pharma,utilities,0.194153,0.18766,-0.000359,-0.004394,0.004035,-0.000359,1
2012-06-19,Tue,6,pharma,utilities,food,banks,trading,electronics,0.368327,0.363531,-0.006661,-0.001146,-0.005516,-0.006661,0
2012-06-20,Wed,6,energy,electronics,trading,food,pharma,utilities,0.423883,0.416349,0.004462,0.008135,-0.003673,0.004462,0
2012-06-21,Thu,6,electronics,trading,banks,food,utilities,pharma,0.38206,0.377672,0.002328,0.006235,-0.003907,0.002328,0
2012-06-22,Fri,6,banks,electronics,trading,utilities,pharma,food,0.117012,0.105447,0.002016,0.002957,-0.00094,0.002016,0
2012-06-25,Mon,6,utilities,pharma,food,trading,electronics,banks,0.091767,0.090171,-0.007168,-0.008764,0.001596,-0.007168,1
2012-06-26,Tue,6,banks,electronics,trading,food,pharma,utilities,0.115249,0.110559,-0.007743,0.002252,-0.009995,-0.007743,0
2012-06-27,Wed,6,energy,trading,electronics,retail,food,pharma,0.074293,0.07075,-0.000561,-0.000332,-0.000229,-0.000561,0
2012-06-28,Thu,6,utilities,pharma,food,trading,electronics,banks,0.16097,0.154662,0.005799,0.006766,-0.000966,0.005799,0
2012-06-29,Fri,6,electronics,energy,trading,food,pharma,utilities,0.105405,0.104391,0.012834,0.011562,0.001272,0.012834,1
2012-07-02,Mon,7,utilities,pharma,food,trading,electronics,banks,0.2428,0.229964,-0.007162,-0.011442,0.004281,-0.007162,1
2012-07-03,Tue,7,utilities,pharma,food,trading,energy,electronics,0.29451,0.287997,0.005008,0.001542,0.003466,0.005008,1
2012-07-05,Thu,7,energy,electronics,trading,food,pharma,utilities,0.349999,0.343603,-0.004887,-0.006762,0.001876,-0.004887,1
2012-07-06,Fri,7,banks,electronics,trading,food,pharma,utilities,0.101665,0.09806,-0.005512,-0.003778,-0.001734,-0.005512,0
2012-07-09,Mon,7,banks,electronics,trading,food,pharma,utilities,0.089994,0.084586,-0.003006,0.011305,-0.014311,-0.003006,0
2012-07-10,Tue,7,food,retail,pharma,electronics,trading,energy,0.023866,0.022266,-0.000905,-0.006358,0.005453,-0.000905,1
2012-07-11,Wed,7,pharma,food,utilities,trading,electronics,energy,0.169558,0.165324,-0.004136,-0.007072,0.002936,-0.004136,1
2012-07-12,Thu,7,electronics,energy,trading,food,pharma,utilities,0.180766,0.177523,-0.012918,-0.000599,-0.012318,-0.012918,0
2012-07-13,Fri,7,pharma,utilities,food,trading,electronics,energy,0.099858,0.098407,-0.011954,0.000701,-0.012655,-0.011954,0
2012-07-17,Tue,7,utilities,pharma,food,electronics,trading,banks,0.098465,0.086357,-0.008553,-0.002569,-0.005985,-0.008553,0
2012-07-18,Wed,7,utilities,pharma,machinery,electronics,trading,banks,0.027929,0.023476,-0.003569,-0.006544,0.002975,-0.003569,1
2012-07-19,Thu,7,utilities,pharma,food,trading,electronics,banks,0.1193,0.117245,0.001068,-0.001524,0.002593,0.001068,1
2012-07-20,Fri,7,energy,electronics,trading,pharma,utilities,food,0.03782,0.036596,-0.013094,-0.017041,0.003946,-0.013094,1
2012-07-23,Mon,7,electronics,banks,trading,food,utilities,pharma,0.282926,0.276119,-0.005816,-0.001109,-0.004706,-0.005816,0
2012-07-24,Tue,7,electronics,energy,trading,food,utilities,pharma,0.373946,0.365486,-0.001748,-0.009134,0.007386,-0.001748,1
2012-07-25,Wed,7,electronics,energy,trading,food,utilities,pharma,0.292971,0.286534,-0.017581,-0.001458,-0.016123,-0.017581,0
2012-07-26,Thu,7,energy,electronics,trading,utilities,food,pharma,0.068169,0.067415,0.000818,-0.009283,0.010101,0.000818,1
2012-07-27,Fri,7,pharma,food,utilities,trading,energy,electronics,0.525077,0.510349,-0.008431,-0.000439,-0.007992,-0.008431,0
2012-07-30,Mon,7,pharma,food,utilities,trading,energy,electronics,0.531225,0.516408,-0.012342,-0.007796,-0.004545,-0.012342,0
2012-07-31,Tue,7,pharma,food,utilities,trading,electronics,energy,0.046015,0.045499,0.015759,0.008035,0.007724,0.015759,1
2012-08-01,Wed,8,electronics,energy,trading,food,utilities,pharma,0.171893,0.166961,-0.000712,-0.00348,0.002768,-0.000712,1
2012-08-02,Thu,8,electronics,energy,trading,utilities,food,pharma,0.347445,0.340049,-0.001428,0.006243,-0.00767,-0.001428,0
2012-08-03,Fri,8,electronics,energy,trading,utilities,food,pharma,0.209657,0.201805,0.006806,0.005043,0.001762,0.006806,1
2012-08-06,Mon,8,pharma,food,utilities,trading,energy,electronics,0.270197,0.253839,0.001972,0.008539,-0.006566,0.001972,0
2012-08-07,Tue,8,energy,electronics,trading,utilities,food,pharma,0.184119,0.181469,0.008069,0.019471,-0.011402,0.008069,0
2012-08-08,Wed,8,electronics,energy,trading,utilities,food,pharma,0.605083,0.595148,-0.004514,-0.002009,-0.002505,-0.004514,0
2012-08-09,Thu,8,pharma,food,utilities,trading,energy,electronics,0.156843,0.153466,0.003011,0.007962,-0.00495,0.003011,0
2012-08-10,Fri,8,electronics,energy,trading,utilities,food,pharma,0.187624,0.184199,-0.001549,-0.004566,0.003017,-0.001549,1
2012-08-13,Mon,8,pharma,food,utilities,trading,energy,electronics,0.094724,0.092424,0.005277,0.000995,0.004282,0.005277,1
2012-08-14,Tue,8,food,utilities,pharma,electronics,trading,energy,0.014084,0.0128,0.012646,-0.006591,0.019237,0.012646,1
2012-08-15,Wed,8,pharma,food,utilities,trading,electronics,energy,0.109098,0.107505,-0.008705,0.000661,-0.009365,-0.008705,0
2012-08-16,Thu,8,electronics,energy,trading,utilities,food,pharma,0.132494,0.130652,0.004824,-0.000174,0.004998,0.004824,1
2012-08-17,Fri,8,energy,electronics,trading,utilities,pharma,food,0.236462,0.231989,0.007685,-0.001633,0.009318,0.007685,1
2012-08-20,Mon,8,electronics,energy,trading,food,utilities,pharma,0.11143,0.109291,-0.007057,0.000233,-0.007291,-0.007057,0
2012-08-21,Tue,8,pharma,food,utilities,trading,electronics,energy,0.085067,0.083462,-0.006191,0.001425,-0.007617,-0.006191,0
2012-08-22,Wed,8,electronics,energy,trading,utilities,food,pharma,0.439992,0.42854,-0.002688,-0.00244,-0.000248,-0.002688,0
2012-08-23,Thu,8,electronics,energy,trading,utilities,food,pharma,0.189396,0.185173,0.002667,0.00342,-0.000753,0.002667,0
2012-08-24,Fri,8,electronics,trading,banks,food,utilities,pharma,0.105202,0.1003,-0.002906,0.004648,-0.007554,-0.002906,0
2012-08-27,Mon,8,pharma,food,utilities,trading,energy,electronics,0.345657,0.336275,-0.003297,-0.000589,-0.002708,-0.003297,0
2012-08-28,Tue,8,pharma,food,utilities,trading,energy,electronics,0.147138,0.145125,-0.016711,-0.012988,-0.003724,-0.016711,0
2012-08-29,Wed,8,electronics,energy,trading,food,pharma,utilities,0.067236,0.064563,0.004061,0.004991,-0.00093,0.004061,0
2012-08-30,Thu,8,electronics,banks,energy,retail,utilities,pharma,0.014354,0.01362,-0.001483,-0.002759,0.001276,-0.001483,1
2012-08-31,Fri,8,electronics,banks,energy,utilities,retail,pharma,0.117269,0.111662,-0.008753,0.003606,-0.012358,-0.008753,0
2012-09-04,Tue,9,electronics,energy,trading,utilities,pharma,food,0.183669,0.182021,-0.008397,-0.01396,0.005563,-0.008397,1
2012-09-05,Wed,9,pharma,utilities,food,trading,energy,electronics,0.447863,0.44041,-0.001447,-0.013134,0.011687,-0.001447,1
2012-09-06,Thu,9,electronics,energy,trading,food,utilities,pharma,0.175838,0.170178,-0.005665,-0.008746,0.003081,-0.005665,1
2012-09-07,Fri,9,retail,pharma,utilities,energy,banks,electronics,0.251589,0.23523,0.001467,0.004912,-0.003446,0.001467,0
2012-09-10,Mon,9,electronics,energy,trading,food,utilities,pharma,0.779751,0.763138,0.004132,-0.002897,0.007029,0.004132,1
2012-09-11,Tue,9,electronics,banks,trading,utilities,pharma,retail,0.069597,0.065415,-0.001999,-0.00406,0.002061,-0.001999,1
2012-09-12,Wed,9,electronics,energy,trading,utilities,food,pharma,0.314917,0.309419,0.001775,0.000591,0.001184,0.001775,1
2012-09-13,Thu,9,electronics,energy,trading,utilities,food,pharma,0.242913,0.238041,0.005936,0.009779,-0.003843,0.005936,0
2012-09-14,Fri,9,pharma,retail,utilities,energy,banks,electronics,0.246569,0.23398,-0.002545,0.020903,-0.023448,-0.002545,0
2012-09-18,Tue,9,electronics,energy,trading,utilities,pharma,food,0.645024,0.633187,0.006535,0.004943,0.001592,0.006535,1
2012-09-19,Wed,9,pharma,food,retail,trading,electronics,energy,0.291292,0.284679,-0.000183,0.014418,-0.014601,-0.000183,0
2012-09-20,Thu,9,pharma,food,retail,trading,electronics,energy,0.147055,0.144161,-0.000681,-0.00891,0.008229,-0.000681,1
2012-09-21,Fri,9,pharma,food,retail,trading,electronics,energy,0.335879,0.328163,0.002222,-0.001698,0.00392,0.002222,1
2012-09-24,Mon,9,food,pharma,retail,electronics,trading,energy,0.103216,0.10003,0.001583,-0.000725,0.002308,0.001583,1
2012-09-25,Tue,9,pharma,food,retail,trading,electronics,energy,0.342435,0.33658,0.001894,0.006206,-0.004312,0.001894,0
2012-09-26,Wed,9,food,pharma,utilities,electronics,trading,energy,0.184643,0.177105,0.006712,0.0,0.006712,0.006712,1
2012-09-27,Thu,9,food,pharma,retail,electronics,trading,energy,0.131118,0.127749,0.005675,0.002018,0.003657,0.005675,1
2012-09-28,Fri,9,energy,electronics,trading,retail,pharma,food,0.192876,0.188572,-0.008788,-0.004335,-0.004453,-0.008788,0
2012-10-01,Mon,10,food,retail,pharma,electronics,trading,energy,0.052543,0.050984,-0.001894,0.001916,-0.00381,-0.001894,0
2012-10-02,Tue,10,energy,trading,electronics,retail,pharma,food,0.024413,0.023757,7.1e-05,-0.001261,0.001332,7.1e-05,1
2012-10-03,Wed,10,food,pharma,retail,trading,energy,electronics,0.273671,0.268023,-0.004135,-0.005436,0.001301,-0.004135,1
2012-10-04,Thu,10,food,pharma,retail,trading,energy,electronics,0.483623,0.474091,0.003221,-0.000626,0.003846,0.003221,1
2012-10-05,Fri,10,energy,trading,electronics,retail,pharma,food,0.133683,0.129431,0.001793,-0.000366,0.002159,0.001793,1
2012-10-09,Tue,10,electronics,energy,trading,retail,pharma,food,0.027864,0.027291,-0.006876,0.002338,-0.009214,-0.006876,0
2012-10-10,Wed,10,electronics,energy,trading,retail,food,pharma,0.421018,0.412262,-0.000606,-0.003846,0.00324,-0.000606,1
2012-10-11,Thu,10,food,pharma,retail,electronics,trading,energy,0.105339,0.101619,0.001955,0.006765,-0.00481,0.001955,0
2012-10-12,Fri,10,energy,electronics,trading,retail,food,pharma,0.263248,0.258386,0.005222,0.002265,0.002957,0.005222,1
2012-10-15,Mon,10,pharma,retail,food,trading,electronics,energy,0.202817,0.197499,0.000323,0.009718,-0.009395,0.000323,0
2012-10-16,Tue,10,utilities,food,pharma,trading,energy,electronics,0.242246,0.240174,0.00121,-0.002984,0.004195,0.00121,1
2012-10-17,Wed,10,energy,banks,electronics,food,retail,pharma,0.091158,0.083909,0.005486,0.004185,0.001301,0.005486,1
2012-10-18,Thu,10,energy,electronics,banks,retail,food,pharma,0.160856,0.154254,0.007909,0.002043,0.005866,0.007909,1
2012-10-19,Fri,10,energy,banks,trading,retail,pharma,food,0.181715,0.178765,0.003424,-0.000441,0.003865,0.003424,1
2012-10-22,Mon,10,trading,electronics,energy,retail,food,utilities,0.368246,0.358728,0.014847,-0.004939,0.019786,0.014847,1
2012-10-23,Tue,10,pharma,food,retail,electronics,banks,energy,0.091438,0.088866,0.0,-0.00724,0.00724,0.0,1
2012-10-24,Wed,10,pharma,food,retail,electronics,banks,energy,0.108721,0.091659,0.003495,0.004636,-0.001141,0.003495,0
2012-10-25,Thu,10,banks,electronics,trading,retail,food,utilities,0.075081,0.070464,0.0,0.007451,-0.007451,0.0,0
2012-10-26,Fri,10,food,utilities,pharma,electronics,trading,banks,0.282975,0.280448,-0.008689,-0.005229,-0.00346,-0.008689,0
2012-10-31,Wed,10,banks,trading,electronics,retail,food,utilities,0.068238,0.067408,0.001433,0.004051,-0.002619,0.001433,0
2012-11-01,Thu,11,energy,electronics,banks,food,retail,pharma,0.024191,0.023232,-0.004222,0.004723,-0.008944,-0.004222,0
2012-11-02,Fri,11,energy,electronics,banks,food,pharma,retail,0.31525,0.305509,-0.003773,-0.000923,-0.002849,-0.003773,0
2012-11-05,Mon,11,trading,materials,realestate,pharma,auto,utilities,0.037979,0.022036,-0.001812,-0.005181,0.003369,-0.001812,1
2012-11-06,Tue,11,banks,energy,electronics,pharma,retail,food,0.434261,0.43193,0.000999,0.001019,-2e-05,0.000999,0
2012-11-07,Wed,11,energy,banks,electronics,pharma,food,retail,0.217793,0.212031,-0.000484,-0.002471,0.001988,-0.000484,1
2012-11-08,Thu,11,trading,banks,energy,food,pharma,utilities,0.370935,0.3397,-0.00148,0.003545,-0.005025,-0.00148,0
2012-11-09,Fri,11,trading,energy,banks,pharma,food,utilities,0.168347,0.163338,-0.000866,-0.005273,0.004407,-0.000866,1
2012-11-12,Mon,11,food,retail,pharma,electronics,banks,energy,0.045049,0.044719,-0.000684,-0.006075,0.005391,-0.000684,1
2012-11-13,Tue,11,energy,banks,electronics,pharma,retail,food,0.091043,0.090144,-0.001001,-0.005196,0.004195,-0.001001,1
2012-11-14,Wed,11,retail,food,pharma,electronics,energy,banks,0.12852,0.126988,0.002876,-0.003177,0.006053,0.002876,1
2012-11-15,Thu,11,trading,energy,banks,pharma,food,utilities,0.108581,0.10385,0.007662,0.008394,-0.000732,0.007662,0
2012-11-16,Fri,11,banks,energy,trading,retail,pharma,food,0.198267,0.195936,0.004897,-0.000953,0.005851,0.004897,1
2012-11-19,Mon,11,food,pharma,retail,energy,banks,trading,0.353621,0.345597,0.0,0.006197,-0.006197,0.0,0
2012-11-20,Tue,11,utilities,food,pharma,banks,energy,trading,0.128101,0.118051,-0.006743,-0.008167,0.001425,-0.006743,1
2012-11-21,Wed,11,food,pharma,retail,energy,banks,trading,0.102764,0.099856,0.00068,-0.003506,0.004186,0.00068,1
2012-11-26,Mon,11,banks,energy,trading,pharma,food,retail,0.074411,0.073085,-0.004206,-0.001555,-0.002651,-0.004206,0
2012-11-27,Tue,11,food,retail,pharma,energy,trading,banks,0.244843,0.241769,0.00627,0.004181,0.002089,0.00627,1
2012-11-28,Wed,11,retail,food,pharma,electronics,energy,banks,0.149687,0.145246,0.002642,-0.003269,0.005911,0.002642,1
2012-11-29,Thu,11,food,pharma,retail,banks,energy,trading,0.316564,0.305386,0.001679,0.002093,-0.000414,0.001679,0
2012-11-30,Fri,11,food,pharma,retail,energy,banks,trading,0.268659,0.260827,0.0017,-0.004306,0.006006,0.0017,1
2012-12-03,Mon,12,food,pharma,retail,energy,trading,banks,0.322268,0.317049,-0.003675,-0.002076,-0.001599,-0.003675,0
2012-12-04,Tue,12,retail,pharma,food,banks,energy,electronics,0.097656,0.091351,0.001237,-2.5e-05,0.001262,0.001237,1
2012-12-05,Wed,12,trading,banks,energy,utilities,pharma,food,0.044428,0.042085,0.003857,-0.001372,0.00523,0.003857,1
2012-12-06,Thu,12,food,pharma,retail,energy,banks,trading,0.151493,0.145557,0.000558,-0.000284,0.000842,0.000558,1
2012-12-07,Fri,12,electronics,energy,banks,construction,realestate,retail,0.007549,0.005939,0.000957,0.00058,0.000378,0.000957,1
2012-12-10,Mon,12,energy,banks,electronics,pharma,food,retail,0.100432,0.095693,-0.005236,-0.000611,-0.004625,-0.005236,0
2012-12-11,Tue,12,food,pharma,retail,energy,trading,banks,0.096006,0.093359,0.0,0.000698,-0.000698,0.0,0
2012-12-12,Wed,12,food,pharma,retail,energy,trading,banks,0.222846,0.21526,-0.004758,-0.000618,-0.00414,-0.004758,0
2012-12-13,Thu,12,banks,trading,energy,pharma,retail,food,0.189682,0.186889,0.000263,-0.003064,0.003327,0.000263,1
2012-12-14,Fri,12,banks,trading,energy,utilities,pharma,food,0.142641,0.136557,0.005219,0.007788,-0.002569,0.005219,0
2012-12-17,Mon,12,banks,electronics,trading,retail,pharma,food,0.286479,0.280359,-0.006094,-0.006168,7.5e-05,-0.006094,1
2012-12-18,Tue,12,food,pharma,utilities,electronics,banks,trading,0.147097,0.135286,-0.009259,0.008875,-0.018134,-0.009259,0
2012-12-19,Wed,12,electronics,energy,banks,food,pharma,retail,0.100236,0.088153,0.010478,0.004456,0.006022,0.010478,1
2012-12-20,Thu,12,electronics,banks,trading,retail,pharma,food,0.399157,0.389654,0.006782,0.000296,0.006487,0.006782,1
2012-12-21,Fri,12,electronics,energy,banks,pharma,food,retail,0.138263,0.130996,-0.010888,-0.001828,-0.00906,-0.010888,0
2012-12-26,Wed,12,banks,trading,electronics,utilities,pharma,food,0.122592,0.118513,0.002924,-0.005464,0.008389,0.002924,1
2012-12-27,Thu,12,banks,electronics,trading,pharma,retail,food,0.456977,0.450204,0.000764,0.001475,-0.000711,0.000764,0
2012-12-28,Fri,12,retail,food,pharma,trading,banks,electronics,0.112755,0.110097,-0.001227,0.003718,-0.004944,-0.001227,0
2013-01-04,Fri,1,banks,trading,electronics,utilities,pharma,food,0.240936,0.234022,0.013394,0.010715,0.002679,0.013394,1
2013-01-07,Mon,1,electronics,banks,energy,pharma,food,retail,0.211191,0.203393,-0.021634,0.002067,-0.023701,-0.021634,0
2013-01-08,Tue,1,banks,trading,electronics,pharma,utilities,food,0.083944,0.081558,-0.002928,-0.000712,-0.002216,-0.002928,0
2013-01-09,Wed,1,banks,trading,electronics,utilities,pharma,food,0.053147,0.05143,0.020893,0.006772,0.014121,0.020893,1
2013-01-10,Thu,1,food,pharma,retail,trading,electronics,banks,0.245669,0.240017,0.00151,0.006821,-0.005312,0.00151,0
2013-01-11,Fri,1,food,pharma,utilities,electronics,trading,banks,0.128294,0.12466,0.004848,-0.002107,0.006956,0.004848,1
2013-01-15,Tue,1,food,retail,pharma,trading,banks,electronics,0.215992,0.212936,0.003935,-0.003554,0.007488,0.003935,1
2013-01-16,Wed,1,banks,electronics,energy,pharma,food,retail,0.069923,0.066606,-0.019047,-0.004147,-0.0149,-0.019047,0
2013-01-17,Thu,1,banks,electronics,trading,utilities,pharma,food,0.024076,0.023325,-0.009078,0.0,-0.009078,-0.009078,0
2013-01-18,Fri,1,food,pharma,retail,trading,electronics,banks,0.321205,0.313237,0.005091,0.001722,0.00337,0.005091,1
2013-01-22,Tue,1,food,pharma,utilities,trading,banks,electronics,0.093538,0.090959,-0.007645,-0.005793,-0.001852,-0.007645,0
2013-01-23,Wed,1,banks,energy,electronics,pharma,food,retail,0.080943,0.075752,-0.002006,0.0,-0.002006,-0.002006,0
2013-01-24,Thu,1,retail,food,pharma,trading,electronics,banks,0.239856,0.235737,0.005887,0.012893,-0.007006,0.005887,0
2013-01-25,Fri,1,banks,electronics,energy,pharma,food,retail,0.08656,0.082792,-0.000167,0.006858,-0.007025,-0.000167,0
2013-01-28,Mon,1,food,pharma,retail,trading,banks,electronics,0.177574,0.172099,-0.0043,-0.006609,0.002309,-0.0043,1
2013-01-29,Tue,1,retail,food,pharma,trading,electronics,banks,0.227728,0.219287,0.003232,0.010013,-0.006781,0.003232,0
2013-01-30,Wed,1,food,pharma,retail,trading,electronics,banks,0.164571,0.159301,0.007235,0.006973,0.000262,0.007235,1
2013-01-31,Thu,1,retail,food,pharma,electronics,energy,banks,0.098266,0.090488,-0.005948,0.004869,-0.010817,-0.005948,0
2013-02-01,Fri,2,retail,food,pharma,trading,electronics,banks,0.182899,0.17379,8.8e-05,-0.006275,0.006363,8.8e-05,1
2013-02-04,Mon,2,food,pharma,utilities,trading,electronics,banks,0.115905,0.109604,-0.004631,0.008943,-0.013573,-0.004631,0
2013-02-05,Tue,2,banks,electronics,trading,retail,pharma,food,0.328177,0.30941,0.004575,-0.001024,0.005599,0.004575,1
2013-02-06,Wed,2,food,retail,pharma,trading,electronics,banks,0.43798,0.414794,0.008021,0.01081,-0.002789,0.008021,0
2013-02-07,Thu,2,food,retail,pharma,trading,electronics,banks,0.052228,0.049824,-0.001571,0.004108,-0.005679,-0.001571,0
2013-02-08,Fri,2,retail,food,pharma,trading,electronics,banks,0.237893,0.229025,0.011354,-0.008548,0.019902,0.011354,1
2013-02-12,Tue,2,food,utilities,pharma,trading,electronics,banks,0.048445,0.04274,-0.000314,-0.000295,-1.9e-05,-0.000314,0
2013-02-13,Wed,2,banks,electronics,trading,pharma,food,retail,0.155982,0.149742,-0.012366,-0.00499,-0.007375,-0.012366,0
2013-02-14,Thu,2,banks,electronics,trading,pharma,food,retail,0.053071,0.051011,-0.002504,-0.000968,-0.001536,-0.002504,0
2013-02-15,Fri,2,banks,electronics,trading,pharma,food,retail,0.22153,0.215024,-0.013275,-0.007714,-0.005561,-0.013275,0
2013-02-19,Tue,2,retail,food,pharma,trading,electronics,banks,0.380167,0.36762,0.005056,-0.001621,0.006677,0.005056,1
2013-02-20,Wed,2,food,utilities,retail,trading,electronics,banks,0.396891,0.384214,0.009079,-0.000824,0.009903,0.009079,1
2013-02-21,Thu,2,retail,food,pharma,trading,electronics,banks,0.56133,0.534787,-0.000509,-0.007302,0.006793,-0.000509,1
2013-02-22,Fri,2,retail,pharma,food,banks,trading,energy,0.096997,0.085946,0.002299,0.001122,0.001176,0.002299,1
2013-02-25,Mon,2,food,utilities,pharma,trading,electronics,banks,0.092249,0.082572,0.002306,0.000852,0.001454,0.002306,1
2013-02-26,Tue,2,retail,pharma,utilities,electronics,trading,energy,0.169943,0.13995,0.002408,0.006101,-0.003692,0.002408,0
2013-02-27,Wed,2,banks,electronics,trading,pharma,food,retail,0.125316,0.116927,-0.014665,-0.008352,-0.006313,-0.014665,0
2013-02-28,Thu,2,utilities,food,pharma,realestate,it_services,banks,0.059292,0.051211,0.006055,0.012147,-0.006092,0.006055,0
2013-03-01,Fri,3,retail,food,pharma,electronics,banks,trading,0.009149,0.00828,0.01026,0.007066,0.003194,0.01026,1
2013-03-04,Mon,3,utilities,food,retail,trading,electronics,banks,0.224931,0.218767,0.003277,-0.00085,0.004126,0.003277,1
2013-03-05,Tue,3,utilities,food,retail,trading,electronics,banks,0.433121,0.420554,-0.001042,-0.008334,0.007292,-0.001042,1
2013-03-06,Wed,3,utilities,food,pharma,energy,electronics,banks,0.283607,0.270381,0.004035,0.00094,0.003095,0.004035,1
2013-03-07,Thu,3,banks,electronics,trading,utilities,retail,food,0.315508,0.31128,-0.010631,-0.005147,-0.005484,-0.010631,0
2013-03-08,Fri,3,banks,electronics,trading,retail,food,utilities,0.3106,0.306351,0.00453,-0.005527,0.010057,0.00453,1
2013-03-11,Mon,3,trading,banks,electronics,pharma,food,retail,0.080013,0.074868,0.020137,-0.006254,0.02639,0.020137,1
2013-03-12,Tue,3,utilities,food,pharma,electronics,banks,energy,0.021867,0.01909,-0.005453,-0.011237,0.005784,-0.005453,1
2013-03-13,Wed,3,energy,it_services,electronics,pharma,food,utilities,0.015455,0.011756,-0.004383,-0.002529,-0.001854,-0.004383,0
2013-03-14,Thu,3,utilities,food,retail,trading,electronics,banks,0.176651,0.173858,0.002037,-0.003392,0.005429,0.002037,1
2013-03-15,Fri,3,banks,trading,electronics,pharma,food,retail,0.119787,0.115747,0.003494,0.012163,-0.008669,0.003494,0
2013-03-18,Mon,3,banks,electronics,trading,retail,food,utilities,0.151292,0.147649,-0.007896,-0.008248,0.000352,-0.007896,1
2013-03-19,Tue,3,it_services,retail,steel,banks,trading,utilities,0.021982,0.015422,-0.000462,0.009004,-0.009465,-0.000462,0
2013-03-21,Thu,3,food,utilities,retail,electronics,trading,banks,0.54197,0.53528,0.005206,0.001118,0.004088,0.005206,1
2013-03-22,Fri,3,it_services,energy,electronics,pharma,food,utilities,0.041729,0.032709,-0.008109,-0.007592,-0.000517,-0.008109,0
2013-03-25,Mon,3,utilities,food,retail,energy,electronics,banks,0.321403,0.31059,0.003304,-0.002136,0.00544,0.003304,1
2013-03-26,Tue,3,it_services,retail,pharma,electronics,banks,trading,0.016299,0.013928,0.003702,-0.00029,0.003993,0.003702,1
2013-03-27,Wed,3,utilities,food,retail,energy,trading,banks,0.446437,0.425767,0.010874,0.001219,0.009655,0.010874,1
2013-03-28,Thu,3,utilities,food,retail,electronics,trading,banks,0.143457,0.139222,-0.00135,-0.01121,0.00986,-0.00135,1
2013-04-01,Mon,4,utilities,food,retail,electronics,trading,banks,0.514461,0.498998,-0.02245,-0.029064,0.006614,-0.02245,1
2013-04-02,Tue,4,retail,pharma,utilities,electronics,banks,trading,0.045611,0.039023,-0.003969,0.012075,-0.016044,-0.003969,0
2013-04-03,Wed,4,utilities,food,retail,electronics,trading,banks,0.82926,0.807694,0.018769,-0.001629,0.020398,0.018769,1
2013-04-04,Thu,4,electronics,energy,trading,pharma,utilities,food,0.077342,0.068022,0.02686,0.020568,0.006292,0.02686,1
2013-04-05,Fri,4,food,utilities,retail,trading,energy,electronics,0.12179,0.117979,0.000143,-0.018772,0.018915,0.000143,1
2013-04-08,Mon,4,electronics,trading,energy,retail,food,utilities,0.367468,0.36043,-0.031069,-0.001659,-0.02941,-0.031069,0
2013-04-09,Tue,4,food,utilities,retail,trading,energy,electronics,0.176114,0.17063,-0.010585,0.005319,-0.015904,-0.010585,0
2013-04-10,Wed,4,trading,electronics,banks,food,retail,utilities,0.364988,0.351545,0.028628,0.021331,0.007297,0.028628,1
2013-04-11,Thu,4,utilities,food,retail,energy,trading,electronics,0.587085,0.578038,0.010934,-0.004637,0.015571,0.010934,1
2013-04-12,Fri,4,food,utilities,retail,trading,energy,electronics,0.037234,0.034262,0.013583,0.00285,0.010733,0.013583,1
2013-04-15,Mon,4,utilities,retail,food,electronics,energy,trading,0.593171,0.571263,0.015842,-0.00234,0.018183,0.015842,1
2013-04-16,Tue,4,electronics,energy,it_services,retail,utilities,food,0.136756,0.107905,0.015279,0.026341,-0.011062,0.015279,0
2013-04-17,Wed,4,food,utilities,retail,trading,energy,electronics,0.470953,0.455005,-0.013207,0.002753,-0.01596,-0.013207,0
2013-04-18,Thu,4,electronics,energy,trading,pharma,retail,food,0.153897,0.138891,-0.00225,-0.0054,0.003151,-0.00225,1
2013-04-19,Fri,4,electronics,energy,trading,retail,food,utilities,0.418579,0.404623,-0.00255,0.007798,-0.010348,-0.00255,0
2013-04-22,Mon,4,utilities,food,retail,trading,energy,electronics,0.537483,0.519436,-0.003115,-0.003574,0.000459,-0.003115,1
2013-04-23,Tue,4,trading,energy,banks,food,retail,utilities,0.147434,0.136009,-0.01137,0.006261,-0.017632,-0.01137,0
2013-04-24,Wed,4,trading,banks,energy,pharma,retail,utilities,0.133976,0.117984,0.006601,-0.008399,0.015001,0.006601,1
2013-04-25,Thu,4,trading,energy,electronics,retail,food,utilities,1.11779,1.060139,0.007296,-0.000626,0.007922,0.007296,1
2013-04-26,Fri,4,trading,energy,banks,retail,food,utilities,0.144011,0.131943,-0.013075,-0.008465,-0.004609,-0.013075,0
2013-04-30,Tue,4,utilities,retail,food,banks,energy,trading,0.174586,0.160223,0.009555,0.003253,0.006302,0.009555,1
2013-05-01,Wed,5,trading,energy,electronics,retail,food,utilities,0.16048,0.150852,-0.004333,-0.000704,-0.003629,-0.004333,0
2013-05-02,Thu,5,energy,electronics,banks,pharma,utilities,food,0.117328,0.108149,0.000429,-0.000762,0.001191,0.000429,1
2013-05-07,Tue,5,trading,banks,electronics,pharma,retail,utilities,0.043953,0.033635,0.00168,0.008752,-0.007071,0.00168,0
2013-05-08,Wed,5,food,pharma,utilities,banks,electronics,energy,0.043502,0.038407,0.004067,0.002286,0.001781,0.004067,1
2013-05-09,Thu,5,trading,energy,electronics,retail,food,utilities,0.34445,0.323993,-0.011587,-0.011863,0.000276,-0.011587,1
2013-05-10,Fri,5,energy,trading,electronics,pharma,food,utilities,0.488348,0.465446,-0.008085,-0.00625,-0.001835,-0.008085,0
2013-05-13,Mon,5,utilities,food,pharma,electronics,trading,energy,0.292984,0.278001,-0.002452,-0.006639,0.004187,-0.002452,1
2013-05-14,Tue,5,energy,it_services,electronics,construction,food,pharma,0.005558,0.004484,0.004917,0.002375,0.002542,0.004917,1
2013-05-15,Wed,5,trading,banks,electronics,it_services,retail,utilities,0.042466,0.032553,0.000217,0.002534,-0.002317,0.000217,0
2013-05-16,Thu,5,utilities,food,pharma,electronics,trading,energy,0.303658,0.292062,-0.012855,-0.007026,-0.005829,-0.012855,0
2013-05-17,Fri,5,energy,trading,electronics,pharma,food,utilities,0.291372,0.280733,0.005006,-0.003355,0.008361,0.005006,1
2013-05-20,Mon,5,trading,electronics,banks,food,retail,utilities,0.145001,0.129741,0.002194,0.009181,-0.006986,0.002194,0
2013-05-21,Tue,5,trading,energy,electronics,pharma,food,utilities,0.739989,0.712703,0.020414,-0.015532,0.035945,0.020414,1
2013-05-22,Wed,5,utilities,pharma,food,electronics,energy,trading,0.125457,0.1241,-0.005925,-0.000645,-0.00528,-0.005925,0
2013-05-23,Thu,5,energy,electronics,trading,utilities,food,pharma,0.190223,0.17793,-0.053139,-0.045008,-0.008131,-0.053139,0
2013-05-24,Fri,5,energy,trading,electronics,food,utilities,pharma,0.228211,0.223443,-0.019397,-0.007425,-0.011972,-0.019397,0
2013-05-28,Tue,5,energy,electronics,trading,utilities,food,pharma,0.053382,0.050021,0.03608,0.003058,0.033022,0.03608,1
2013-05-29,Wed,5,trading,energy,electronics,pharma,food,utilities,0.379317,0.367539,-0.008005,0.017188,-0.025194,-0.008005,0
2013-05-30,Thu,5,energy,trading,electronics,pharma,food,utilities,0.948688,0.935059,-0.003123,-0.009698,0.006575,-0.003123,1
2013-05-31,Fri,5,trading,energy,electronics,food,retail,utilities,0.030585,0.027442,-0.013433,-0.012257,-0.001175,-0.013433,0
2013-06-03,Mon,6,energy,electronics,trading,retail,food,pharma,0.281229,0.263701,-0.00294,-0.008186,0.005246,-0.00294,1
2013-06-04,Tue,6,pharma,food,utilities,electronics,trading,energy,0.155311,0.150273,0.024531,0.0271,-0.002569,0.024531,0
2013-06-05,Wed,6,it_services,electronics,transport,auto,construction,pharma,0.013359,0.009377,-0.011345,-0.021751,0.010406,-0.011345,1
2013-06-06,Thu,6,electronics,energy,banks,retail,food,pharma,0.111178,0.094708,0.006226,0.002553,0.003674,0.006226,1
2013-06-07,Fri,6,pharma,utilities,food,trading,electronics,energy,0.159849,0.151489,0.025825,0.001118,0.024706,0.025825,1
2013-06-10,Mon,6,pharma,utilities,food,banks,energy,electronics,0.079269,0.064452,0.013781,-0.003868,0.017649,0.013781,1
2013-06-11,Tue,6,energy,electronics,trading,food,utilities,pharma,0.010332,0.009616,-0.011946,-0.011279,-0.000667,-0.011946,0
2013-06-12,Wed,6,retail,utilities,food,electronics,energy,trading,0.171568,0.160879,0.016955,0.028973,-0.012018,0.016955,0
2013-06-13,Thu,6,energy,electronics,trading,food,utilities,pharma,0.277367,0.268782,-0.018196,-0.02222,0.004024,-0.018196,1
2013-06-14,Fri,6,pharma,utilities,food,banks,electronics,energy,0.171826,0.155066,0.007097,-0.022733,0.02983,0.007097,1
2013-06-17,Mon,6,utilities,retail,food,electronics,energy,trading,0.17371,0.168256,0.00638,0.014566,-0.008186,0.00638,0
2013-06-18,Tue,6,trading,energy,banks,utilities,food,retail,0.071963,0.064892,-0.004504,-0.000895,-0.003609,-0.004504,0
2013-06-19,Wed,6,pharma,utilities,food,trading,energy,electronics,0.171581,0.166158,-0.003945,-0.01569,0.011746,-0.003945,1
2013-06-20,Thu,6,electronics,energy,trading,food,pharma,utilities,0.775583,0.762452,-0.011317,-0.005841,-0.005477,-0.011317,0
2013-06-21,Fri,6,electronics,trading,energy,food,pharma,utilities,0.707164,0.68671,0.013968,0.019879,-0.005911,0.013968,0
2013-06-24,Mon,6,utilities,pharma,food,energy,electronics,trading,0.415426,0.406056,-0.005216,-0.010691,0.005475,-0.005216,1
2013-06-25,Tue,6,retail,utilities,food,electronics,energy,trading,0.205878,0.199725,-0.01154,-0.013354,0.001814,-0.01154,1
2013-06-26,Wed,6,energy,trading,electronics,utilities,food,retail,0.057192,0.051897,-0.015423,-0.011138,-0.004285,-0.015423,0
2013-06-27,Thu,6,pharma,utilities,retail,energy,electronics,trading,0.353819,0.342595,0.006736,-0.000246,0.006983,0.006736,1
2013-06-28,Fri,6,pharma,utilities,food,banks,trading,electronics,0.038785,0.034798,0.004904,0.01801,-0.013106,0.004904,0
2013-07-01,Mon,7,electronics,trading,banks,food,utilities,pharma,0.044276,0.041159,-0.006101,4.2e-05,-0.006143,-0.006101,0
2013-07-02,Tue,7,trading,energy,electronics,food,retail,utilities,0.157456,0.15523,0.007543,0.01139,-0.003847,0.007543,0
2013-07-03,Wed,7,retail,food,utilities,electronics,trading,energy,0.017334,0.016833,-0.007301,0.003374,-0.010675,-0.007301,0
2013-07-05,Fri,7,utilities,pharma,food,electronics,energy,trading,0.024007,0.023496,0.001891,0.00565,-0.003759,0.001891,0
2013-07-08,Mon,7,energy,trading,electronics,utilities,food,retail,0.157621,0.152189,-0.014866,-0.0078,-0.007066,-0.014866,0
2013-07-09,Tue,7,pharma,utilities,food,banks,electronics,trading,0.195375,0.189124,0.009796,0.00014,0.009655,0.009796,1
2013-07-10,Wed,7,energy,trading,electronics,utilities,food,retail,0.095226,0.089878,-0.007656,-0.006521,-0.001135,-0.007656,0
2013-07-11,Thu,7,utilities,pharma,food,electronics,energy,trading,0.356325,0.347885,0.004576,0.010045,-0.005469,0.004576,0
2013-07-12,Fri,7,pharma,utilities,food,electronics,banks,trading,0.485498,0.471081,0.004506,-0.000284,0.00479,0.004506,1
2013-07-16,Tue,7,pharma,utilities,food,electronics,banks,trading,0.033599,0.032324,0.01268,-0.001217,0.013897,0.01268,1
2013-07-17,Wed,7,retail,food,utilities,electronics,trading,energy,0.01789,0.013231,0.004879,0.001895,0.002985,0.004879,1
2013-07-18,Thu,7,energy,trading,electronics,utilities,food,retail,0.141972,0.139714,0.000598,0.001278,-0.00068,0.000598,0
2013-07-19,Fri,7,energy,trading,electronics,utilities,food,retail,0.110707,0.104163,-0.01243,-0.013558,0.001128,-0.01243,1
2013-07-22,Mon,7,energy,trading,electronics,utilities,food,retail,0.260007,0.257898,-0.002682,-0.005564,0.002882,-0.002682,1
2013-07-23,Tue,7,retail,food,utilities,electronics,trading,energy,0.03192,0.03168,0.001842,0.005357,-0.003515,0.001842,0
2013-07-24,Wed,7,trading,electronics,banks,food,utilities,pharma,0.097956,0.095346,0.000307,0.000405,-9.8e-05,0.000307,0
2013-07-25,Thu,7,retail,food,utilities,electronics,trading,energy,0.165827,0.156764,-0.013967,-0.006,-0.007967,-0.013967,0
2013-07-26,Fri,7,pharma,utilities,food,banks,electronics,trading,0.085385,0.081722,-0.008201,-0.019022,0.01082,-0.008201,1
2013-07-29,Mon,7,pharma,food,retail,electronics,energy,trading,0.261007,0.259332,-0.013831,-0.012217,-0.001614,-0.013831,0
2013-07-30,Tue,7,food,retail,utilities,banks,electronics,energy,0.049568,0.045372,0.01857,0.0102,0.00837,0.01857,1
2013-07-31,Wed,7,food,pharma,retail,energy,electronics,trading,0.181174,0.17976,-0.006637,0.001652,-0.008288,-0.006637,0
2013-08-01,Thu,8,trading,electronics,banks,food,utilities,pharma,0.151705,0.149827,0.015286,0.017128,-0.001843,0.015286,0
2013-08-02,Fri,8,energy,pharma,realestate,it_services,steel,transport,0.022535,0.020155,0.006173,0.006585,-0.000412,0.006173,0
2013-08-05,Mon,8,pharma,utilities,food,banks,electronics,trading,0.063658,0.062312,0.001452,-0.000913,0.002366,0.001452,1
2013-08-06,Tue,8,food,retail,utilities,trading,banks,energy,0.041211,0.03719,0.002418,0.002048,0.00037,0.002418,1
2013-08-07,Wed,8,food,retail,utilities,trading,banks,energy,0.091936,0.081731,-0.012345,-0.013551,0.001205,-0.012345,1
2013-08-08,Thu,8,food,retail,utilities,trading,banks,energy,0.080255,0.075136,-0.002645,0.003571,-0.006215,-0.002645,0
2013-08-09,Fri,8,energy,banks,trading,utilities,retail,food,0.124042,0.116339,-0.00487,-0.005462,0.000592,-0.00487,1
2013-08-12,Mon,8,trading,electronics,banks,food,utilities,pharma,0.292946,0.286755,0.005679,0.006353,-0.000675,0.005679,0
2013-08-13,Tue,8,food,retail,utilities,trading,banks,energy,0.068982,0.065914,0.000218,0.001087,-0.000869,0.000218,0
2013-08-14,Wed,8,energy,banks,trading,utilities,retail,food,0.023498,0.019808,-0.002178,0.002208,-0.004385,-0.002178,0
2013-08-15,Thu,8,trading,electronics,banks,retail,utilities,pharma,0.184387,0.17862,-0.001623,-0.000247,-0.001376,-0.001623,0
2013-08-16,Fri,8,trading,electronics,banks,retail,utilities,pharma,0.584543,0.56999,-0.00188,-0.000932,-0.000948,-0.00188,0
2013-08-19,Mon,8,trading,banks,electronics,retail,pharma,utilities,0.130946,0.127964,0.002294,-0.001261,0.003555,0.002294,1
2013-08-20,Tue,8,food,retail,utilities,trading,banks,energy,0.294864,0.2874,-0.003651,-0.007009,0.003357,-0.003651,1
2013-08-21,Wed,8,energy,banks,electronics,utilities,retail,food,0.070905,0.063154,-0.005533,-0.007983,0.00245,-0.005533,1
2013-08-22,Thu,8,trading,electronics,banks,retail,utilities,pharma,0.12674,0.122197,-0.000434,-0.002972,0.002538,-0.000434,1
2013-08-23,Fri,8,energy,banks,electronics,utilities,retail,food,0.192873,0.179387,0.005081,-0.002344,0.007425,0.005081,1
2013-08-26,Mon,8,utilities,pharma,retail,electronics,banks,trading,0.159776,0.156458,-0.012013,-0.005122,-0.006891,-0.012013,0
2013-08-27,Tue,8,trading,banks,electronics,retail,pharma,utilities,0.249848,0.244601,0.002594,0.007035,-0.004441,0.002594,0
2013-08-28,Wed,8,steel,trading,it_services,pharma,utilities,energy,0.040228,0.033094,0.010571,-0.008805,0.019376,0.010571,1
2013-08-29,Thu,8,banks,energy,trading,retail,utilities,food,0.209376,0.207402,0.004995,-0.006165,0.011161,0.004995,1
2013-08-30,Fri,8,utilities,food,retail,electronics,banks,trading,0.192496,0.188952,-0.007325,-0.013742,0.006417,-0.007325,1
2013-09-03,Tue,9,food,retail,utilities,electronics,banks,energy,0.017727,0.013675,0.003027,0.010313,-0.007286,0.003027,0
2013-09-04,Wed,9,banks,trading,energy,retail,food,utilities,0.34184,0.337194,0.011249,0.006893,0.004356,0.011249,1
2013-09-05,Thu,9,retail,utilities,pharma,electronics,banks,trading,0.16156,0.156422,0.003062,0.001061,0.002001,0.003062,1
2013-09-06,Fri,9,banks,trading,energy,food,retail,utilities,0.144465,0.142279,-0.001034,-0.002351,0.001317,-0.001034,1
2013-09-09,Mon,9,retail,utilities,food,electronics,trading,banks,0.198825,0.195016,-0.008308,-0.010235,0.001927,-0.008308,1
2013-09-10,Tue,9,energy,banks,electronics,pharma,utilities,food,0.081743,0.063126,0.002754,-0.001907,0.004661,0.002754,1
2013-09-11,Wed,9,retail,pharma,utilities,electronics,banks,trading,0.068079,0.060855,-0.003363,-0.001215,-0.002148,-0.003363,0
2013-09-12,Thu,9,banks,energy,trading,retail,food,utilities,0.196333,0.193516,0.003595,-0.007285,0.01088,0.003595,1
2013-09-13,Fri,9,utilities,food,retail,energy,trading,banks,0.323513,0.32116,-0.000565,-0.001064,0.000499,-0.000565,1
2013-09-17,Tue,9,retail,pharma,utilities,electronics,banks,trading,0.194113,0.185812,-0.006123,0.003452,-0.009575,-0.006123,0
2013-09-18,Wed,9,pharma,retail,utilities,electronics,banks,trading,0.173199,0.166679,0.001393,0.011317,-0.009924,0.001393,0
2013-09-19,Thu,9,pharma,retail,utilities,electronics,banks,trading,0.376658,0.351831,0.005426,0.005897,-0.000471,0.005426,0
2013-09-20,Fri,9,trading,electronics,banks,utilities,pharma,retail,0.09444,0.08854,0.002038,0.000148,0.001889,0.002038,1
2013-09-24,Tue,9,trading,electronics,banks,utilities,pharma,retail,0.179487,0.164506,0.003449,0.001312,0.002137,0.003449,1
2013-09-25,Wed,9,trading,banks,electronics,utilities,food,retail,0.217119,0.21005,-0.001207,0.002805,-0.004012,-0.001207,0
2013-09-26,Thu,9,trading,banks,electronics,utilities,retail,food,0.592735,0.580702,0.011221,0.007115,0.004106,0.011221,1
2013-09-27,Fri,9,retail,pharma,food,electronics,banks,trading,0.121916,0.116833,0.002112,-0.003801,0.005914,0.002112,1
2013-09-30,Mon,9,trading,electronics,banks,food,pharma,retail,0.027502,0.02177,-0.001036,-0.000973,-6.3e-05,-0.001036,0
2013-10-01,Tue,10,trading,electronics,banks,food,pharma,retail,0.096899,0.087817,-5e-05,0.001211,-0.001262,-5e-05,0
2013-10-02,Wed,10,retail,food,pharma,electronics,banks,trading,0.340324,0.326945,-0.013204,-0.008985,-0.004219,-0.013204,0
2013-10-03,Thu,10,trading,banks,electronics,utilities,food,retail,0.131726,0.127582,0.003089,0.006079,-0.002989,0.003089,0
2013-10-04,Fri,10,trading,banks,electronics,food,pharma,retail,0.217496,0.201786,0.000965,0.002506,-0.001542,0.000965,0
2013-10-07,Mon,10,energy,banks,trading,pharma,food,utilities,0.178368,0.166998,-0.015213,-0.012149,-0.003064,-0.015213,0
2013-10-08,Tue,10,utilities,food,pharma,trading,banks,energy,0.120748,0.10341,0.008734,0.003516,0.005219,0.008734,1
2013-10-09,Wed,10,utilities,food,pharma,banks,trading,energy,0.205529,0.186352,0.010559,0.02641,-0.015851,0.010559,0
2013-10-10,Thu,10,food,retail,utilities,energy,banks,trading,0.12722,0.124599,0.002817,0.0,0.002817,0.002817,1
2013-10-11,Fri,10,retail,pharma,food,electronics,banks,trading,0.381524,0.348303,0.000813,0.011531,-0.010718,0.000813,0
2013-10-15,Tue,10,retail,pharma,food,electronics,trading,banks,0.068166,0.06151,0.000245,-0.003876,0.004121,0.000245,1
2013-10-16,Wed,10,trading,banks,electronics,food,pharma,retail,0.358057,0.345808,5.1e-05,-0.001788,0.001839,5.1e-05,1
2013-10-17,Thu,10,retail,pharma,food,electronics,trading,banks,0.331897,0.319797,0.004454,-0.005405,0.009859,0.004454,1
2013-10-18,Fri,10,retail,pharma,food,electronics,trading,banks,0.299856,0.289723,-0.000242,-0.004398,0.004156,-0.000242,1
2013-10-21,Mon,10,retail,pharma,food,electronics,trading,banks,0.077463,0.073479,0.003137,-0.005207,0.008345,0.003137,1
2013-10-22,Tue,10,utilities,food,retail,energy,banks,trading,0.049622,0.047601,-0.004488,0.000499,-0.004988,-0.004488,0
2013-10-23,Wed,10,retail,pharma,food,electronics,banks,trading,0.282577,0.274963,-0.000965,-0.010439,0.009474,-0.000965,1
2013-10-24,Thu,10,utilities,food,retail,energy,banks,trading,0.413157,0.401318,-0.002679,-0.002341,-0.000338,-0.002679,0
2013-10-25,Fri,10,trading,banks,energy,retail,food,utilities,0.195196,0.189844,-0.01113,-0.007399,-0.003731,-0.01113,0
2013-10-28,Mon,10,pharma,retail,food,energy,trading,banks,0.133445,0.13013,0.000818,-0.002445,0.003264,0.000818,1
2013-10-29,Tue,10,retail,pharma,food,energy,banks,trading,0.443052,0.435695,0.003184,0.000272,0.002912,0.003184,1
2013-10-30,Wed,10,retail,pharma,food,energy,banks,trading,0.236063,0.231914,0.001689,-0.003212,0.004901,0.001689,1
2013-10-31,Thu,10,banks,trading,electronics,food,pharma,retail,0.140257,0.13486,0.000296,0.003111,-0.002815,0.000296,0
2013-11-01,Fri,11,banks,trading,electronics,food,pharma,retail,0.047366,0.043507,-0.013959,-0.001656,-0.012303,-0.013959,0
2013-11-05,Tue,11,retail,pharma,food,energy,banks,trading,0.359939,0.355193,-0.00071,-0.009586,0.008876,-0.00071,1
2013-11-06,Wed,11,utilities,food,pharma,electronics,energy,trading,0.118425,0.111941,0.010942,0.011481,-0.000539,0.010942,0
2013-11-07,Thu,11,retail,pharma,food,energy,banks,trading,0.323451,0.316693,0.000942,0.000892,4.9e-05,0.000942,1
2013-11-08,Fri,11,banks,trading,electronics,food,pharma,retail,0.195056,0.179747,-0.001015,-0.002075,0.00106,-0.001015,1
2013-11-11,Mon,11,trading,energy,electronics,pharma,food,utilities,0.393489,0.374409,-0.008231,-0.003561,-0.00467,-0.008231,0
2013-11-12,Tue,11,energy,trading,banks,food,retail,pharma,0.029094,0.028646,0.00463,0.002787,0.001842,0.00463,1
2013-11-13,Wed,11,utilities,food,retail,electronics,energy,trading,0.254425,0.249653,0.000472,-0.000833,0.001305,0.000472,1
2013-11-14,Thu,11,pharma,retail,food,electronics,energy,banks,0.131507,0.123935,0.007013,0.001091,0.005922,0.007013,1
2013-11-15,Fri,11,pharma,retail,food,electronics,energy,banks,0.02306,0.019478,0.005359,0.007677,-0.002318,0.005359,0
2013-11-18,Mon,11,trading,energy,electronics,retail,food,utilities,0.027597,0.024219,-0.005969,-0.004285,-0.001684,-0.005969,0
2013-11-19,Tue,11,banks,electronics,energy,food,retail,pharma,0.037677,0.032219,-0.002996,0.001278,-0.004274,-0.002996,0
2013-11-20,Wed,11,banks,energy,trading,food,retail,pharma,0.246717,0.240826,-0.003214,0.000694,-0.003907,-0.003214,0
2013-11-21,Thu,11,banks,electronics,energy,food,retail,pharma,0.08229,0.075161,0.008966,0.005419,0.003547,0.008966,1
2013-11-22,Fri,11,energy,trading,electronics,retail,food,utilities,0.210475,0.203117,0.000795,-0.00687,0.007665,0.000795,1
2013-11-25,Mon,11,pharma,retail,food,energy,electronics,banks,0.041725,0.036858,0.001818,0.002434,-0.000616,0.001818,0
2013-11-26,Tue,11,utilities,food,retail,electronics,trading,energy,0.176011,0.172423,0.001558,-0.000489,0.002047,0.001558,1
2013-11-27,Wed,11,energy,banks,electronics,food,retail,pharma,0.100097,0.096818,0.006187,0.0,0.006187,0.006187,1
2013-11-29,Fri,11,pharma,retail,food,electronics,trading,energy,0.146894,0.144087,0.000706,-0.000659,0.001365,0.000706,1
2013-12-02,Mon,12,utilities,food,retail,electronics,trading,energy,0.093191,0.091371,0.002821,-0.000833,0.003654,0.002821,1
2013-12-03,Tue,12,energy,banks,electronics,food,retail,pharma,0.222484,0.214625,0.004637,0.004676,-3.9e-05,0.004637,0
2013-12-04,Wed,12,food,retail,utilities,electronics,trading,energy,0.32154,0.315099,0.00143,0.002424,-0.000994,0.00143,0
2013-12-05,Thu,12,energy,banks,electronics,food,retail,pharma,0.114559,0.11125,-0.011041,0.0,-0.011041,-0.011041,0
2013-12-06,Fri,12,banks,energy,electronics,food,retail,pharma,0.154802,0.147761,0.006429,0.002039,0.00439,0.006429,1
2013-12-09,Mon,12,pharma,retail,food,electronics,energy,banks,0.334281,0.321837,-0.00174,-0.002202,0.000462,-0.00174,1
2013-12-10,Tue,12,energy,electronics,trading,food,pharma,retail,0.132994,0.131172,0.001855,-0.001266,0.003121,0.001855,1
2013-12-11,Wed,12,energy,banks,electronics,utilities,retail,pharma,0.390982,0.383255,-0.000566,-0.005664,0.005097,-0.000566,1
2013-12-12,Thu,12,utilities,food,retail,electronics,energy,trading,0.116419,0.112063,-0.001893,0.002416,-0.004309,-0.001893,0
2013-12-13,Fri,12,energy,electronics,banks,utilities,retail,pharma,0.549462,0.5389,-0.0,-0.004145,0.004145,-0.0,1
2013-12-16,Mon,12,energy,electronics,banks,utilities,retail,pharma,0.151904,0.149609,-0.002099,-0.003201,0.001102,-0.002099,1
2013-12-17,Tue,12,trading,energy,electronics,retail,utilities,food,0.037122,0.034738,-0.001083,0.00146,-0.002543,-0.001083,0
2013-12-18,Wed,12,energy,banks,electronics,utilities,retail,pharma,0.121454,0.118352,0.010794,0.002585,0.00821,0.010794,1
2013-12-19,Thu,12,pharma,retail,utilities,electronics,energy,banks,0.311197,0.293193,0.005822,0.001325,0.004497,0.005822,1
2013-12-20,Fri,12,energy,electronics,banks,utilities,retail,pharma,0.224221,0.221216,0.001378,-0.000449,0.001827,0.001378,1
2013-12-24,Tue,12,pharma,retail,utilities,banks,electronics,energy,0.301662,0.29427,-0.005918,0.011931,-0.017849,-0.005918,0
2013-12-26,Thu,12,electronics,trading,energy,food,utilities,retail,0.184127,0.183574,0.007901,0.009527,-0.001626,0.007901,0
2013-12-27,Fri,12,banks,electronics,trading,retail,food,utilities,0.107824,0.106957,-0.001662,0.001711,-0.003373,-0.001662,0
2013-12-30,Mon,12,energy,banks,electronics,retail,utilities,pharma,0.059955,0.059275,0.008958,0.001256,0.007702,0.008958,1
2014-01-06,Mon,1,utilities,retail,pharma,energy,electronics,banks,0.180431,0.17929,-0.00451,-0.003492,-0.001018,-0.00451,0
2014-01-07,Tue,1,energy,banks,electronics,utilities,retail,pharma,0.11825,0.112266,-0.006378,-0.00561,-0.000768,-0.006378,0
2014-01-08,Wed,1,pharma,utilities,retail,electronics,energy,banks,0.46521,0.455513,0.005433,0.004273,0.00116,0.005433,1
2014-01-09,Thu,1,banks,energy,electronics,retail,utilities,pharma,0.168594,0.16381,-0.008354,-0.001062,-0.007292,-0.008354,0
2014-01-10,Fri,1,pharma,food,utilities,energy,electronics,banks,0.215539,0.212267,0.002843,-0.001496,0.004339,0.002843,1
2014-01-14,Tue,1,pharma,utilities,retail,electronics,energy,banks,0.298029,0.29109,-0.009274,0.008935,-0.018208,-0.009274,0
2014-01-15,Wed,1,pharma,auto,utilities,steel,electronics,energy,0.035028,0.024019,-0.00316,0.000461,-0.003621,-0.00316,0
2014-01-16,Thu,1,banks,electronics,trading,pharma,retail,food,0.084106,0.081769,-0.002551,-0.002621,7.1e-05,-0.002551,1
2014-01-17,Fri,1,food,pharma,retail,energy,electronics,banks,0.148193,0.146589,0.001092,0.003475,-0.002382,0.001092,0
2014-01-21,Tue,1,energy,electronics,banks,retail,utilities,pharma,0.202904,0.192607,0.00337,0.002603,0.000767,0.00337,1
2014-01-22,Wed,1,pharma,utilities,retail,banks,electronics,energy,0.169375,0.162671,0.001265,-0.001006,0.002271,0.001265,1
2014-01-23,Thu,1,food,pharma,retail,trading,electronics,banks,0.056926,0.055672,-0.003284,-0.005287,0.002003,-0.003284,1
2014-01-24,Fri,1,food,pharma,retail,energy,electronics,banks,0.353011,0.342087,-0.006409,-0.01124,0.00483,-0.006409,1
2014-01-27,Mon,1,food,retail,energy,realestate,banks,auto,0.071825,0.049736,-0.002316,-0.003655,0.00134,-0.002316,1
2014-01-28,Tue,1,energy,trading,banks,retail,utilities,pharma,0.182592,0.175913,-0.006852,-0.002568,-0.004284,-0.006852,0
2014-01-29,Wed,1,banks,electronics,trading,pharma,retail,food,0.160874,0.154262,0.00177,-0.001353,0.003123,0.00177,1
2014-01-30,Thu,1,energy,banks,trading,retail,utilities,pharma,0.486401,0.4747,-0.010423,-0.008796,-0.001627,-0.010423,0
2014-01-31,Fri,1,pharma,utilities,retail,banks,trading,energy,0.464311,0.45037,-0.002577,-0.009951,0.007374,-0.002577,1
2014-02-03,Mon,2,pharma,food,retail,energy,electronics,banks,0.448287,0.443718,-0.002308,-0.011322,0.009014,-0.002308,1
2014-02-04,Tue,2,energy,trading,banks,retail,utilities,pharma,0.219364,0.191876,-0.012191,-0.021428,0.009236,-0.012191,1
2014-02-05,Wed,2,banks,electronics,trading,retail,pharma,food,0.288493,0.282585,0.001461,-0.000345,0.001806,0.001461,1
2014-02-06,Thu,2,energy,materials,electronics,steel,pharma,utilities,0.005804,0.004637,-0.003622,-0.001819,-0.001803,-0.003622,0
2014-02-07,Fri,2,banks,trading,electronics,retail,pharma,food,0.126604,0.114616,0.005752,0.002887,0.002865,0.005752,1
2014-02-10,Mon,2,utilities,retail,pharma,trading,electronics,energy,0.178398,0.164591,-0.001559,-0.002321,0.000762,-0.001559,1
2014-02-12,Wed,2,pharma,utilities,food,banks,electronics,energy,0.329223,0.325128,0.003669,0.001103,0.002566,0.003669,1
2014-02-13,Thu,2,pharma,food,retail,trading,electronics,banks,0.04964,0.048728,-0.003837,-0.008336,0.004499,-0.003837,1
2014-02-14,Fri,2,utilities,pharma,food,banks,electronics,energy,0.256224,0.252245,-0.012252,-0.007718,-0.004534,-0.012252,0
2014-02-18,Tue,2,banks,trading,electronics,food,retail,pharma,0.065401,0.062192,0.019202,0.004329,0.014873,0.019202,1
2014-02-19,Wed,2,banks,electronics,trading,food,retail,pharma,0.035441,0.03454,0.000516,0.001196,-0.00068,0.000516,0
2014-02-20,Thu,2,energy,electronics,trading,retail,food,utilities,0.043591,0.038355,-0.015179,-0.00402,-0.011158,-0.015179,0
2014-02-21,Fri,2,utilities,food,pharma,trading,electronics,energy,0.081693,0.07619,0.011029,0.002136,0.008893,0.011029,1
2014-02-24,Mon,2,materials,energy,construction,transport,steel,utilities,0.004728,0.003422,-0.001951,-0.000488,-0.001463,-0.001951,0
2014-02-25,Tue,2,banks,electronics,trading,retail,food,pharma,0.144755,0.141335,0.002932,0.00022,0.002712,0.002932,1
2014-02-26,Wed,2,energy,electronics,banks,food,pharma,utilities,0.03428,0.033884,0.000269,0.008361,-0.008092,0.000269,0
2014-02-27,Thu,2,electronics,banks,energy,food,utilities,pharma,0.094231,0.093195,-0.005384,-0.001699,-0.003685,-0.005384,0
2014-02-28,Fri,2,utilities,food,pharma,banks,trading,energy,0.015368,0.011664,-4.9e-05,-0.002745,0.002696,-4.9e-05,1
2014-03-03,Mon,3,utilities,food,pharma,banks,trading,energy,0.053333,0.050473,-0.007232,-5.6e-05,-0.007176,-0.007232,0
2014-03-04,Tue,3,energy,banks,electronics,food,pharma,utilities,0.380324,0.375257,0.006471,0.008707,-0.002236,0.006471,0
2014-03-05,Wed,3,utilities,food,pharma,electronics,banks,energy,0.156661,0.146213,-0.003426,0.000385,-0.003812,-0.003426,0
2014-03-06,Thu,3,banks,electronics,energy,utilities,food,pharma,0.266274,0.26269,0.005934,0.0001,0.005834,0.005934,1
2014-03-07,Fri,3,banks,electronics,energy,utilities,food,pharma,0.412021,0.404898,-0.000421,0.000437,-0.000858,-0.000421,0
2014-03-10,Mon,3,energy,banks,electronics,food,utilities,pharma,0.023059,0.022708,-0.00825,-0.00135,-0.0069,-0.00825,0
2014-03-11,Tue,3,energy,banks,electronics,food,utilities,pharma,0.041074,0.039994,0.006381,0.004162,0.002219,0.006381,1
2014-03-12,Wed,3,pharma,food,retail,trading,electronics,banks,0.272018,0.266686,-0.003711,-0.003261,-0.00045,-0.003711,0
2014-03-13,Thu,3,pharma,utilities,food,energy,electronics,banks,0.326516,0.321186,-0.001253,0.000951,-0.002204,-0.001253,0
2014-03-14,Fri,3,food,pharma,retail,banks,electronics,trading,0.097822,0.097094,-0.004838,-0.007048,0.00221,-0.004838,1
2014-03-17,Mon,3,energy,banks,electronics,retail,utilities,pharma,0.034396,0.032409,-0.004466,-0.00272,-0.001746,-0.004466,0
2014-03-18,Tue,3,pharma,retail,utilities,electronics,banks,energy,0.199263,0.193553,-0.002435,-0.001413,-0.001022,-0.002435,0
2014-03-19,Wed,3,pharma,retail,utilities,banks,electronics,energy,0.05365,0.050484,0.002156,0.009999,-0.007843,0.002156,0
2014-03-20,Thu,3,energy,banks,electronics,retail,utilities,pharma,0.371982,0.365877,-0.008706,-0.018224,0.009517,-0.008706,1
2014-03-24,Mon,3,banks,electronics,trading,utilities,food,pharma,0.281058,0.276631,0.000189,0.010133,-0.009944,0.000189,0
2014-03-25,Tue,3,energy,banks,materials,pharma,utilities,retail,0.014761,0.012274,0.011019,0.003663,0.007356,0.011019,1
2014-03-26,Wed,3,pharma,utilities,retail,electronics,energy,banks,0.197654,0.195558,-0.004713,-0.002445,-0.002268,-0.004713,0
2014-03-27,Thu,3,food,pharma,utilities,electronics,banks,trading,0.068097,0.066014,0.006755,0.006818,-6.2e-05,0.006755,0
2014-03-28,Fri,3,food,pharma,utilities,electronics,banks,trading,0.0089,0.008432,-0.00067,0.006339,-0.007009,-0.00067,0
2014-03-31,Mon,3,banks,electronics,trading,utilities,food,pharma,0.313521,0.309491,0.007158,-0.010087,0.017245,0.007158,1
2014-04-01,Tue,4,pharma,utilities,retail,electronics,energy,banks,0.342279,0.33751,-0.01125,-0.002516,-0.008734,-0.01125,0
2014-04-02,Wed,4,banks,trading,electronics,food,utilities,pharma,0.156133,0.153529,0.00756,-0.005338,0.012898,0.00756,1
2014-04-03,Thu,4,trading,electronics,banks,retail,utilities,pharma,0.181404,0.178796,-0.002554,-0.002268,-0.000286,-0.002554,0
2014-04-04,Fri,4,banks,energy,electronics,food,utilities,pharma,0.148414,0.146655,0.001688,-0.000157,0.001845,0.001688,1
2014-04-07,Mon,4,energy,banks,electronics,utilities,pharma,retail,0.129338,0.127938,0.00109,-0.004129,0.00522,0.00109,1
2014-04-08,Tue,4,pharma,utilities,food,banks,electronics,trading,0.391518,0.384601,-0.010925,-0.002073,-0.008852,-0.010925,0
2014-04-09,Wed,4,pharma,utilities,retail,electronics,banks,energy,0.151598,0.149956,-0.002101,-0.006093,0.003992,-0.002101,1
2014-04-10,Thu,4,retail,food,utilities,electronics,banks,energy,0.077742,0.075367,-0.007613,-0.007321,-0.000292,-0.007613,0
2014-04-11,Fri,4,energy,banks,electronics,food,utilities,retail,0.279675,0.277448,0.006273,0.009055,-0.002782,0.006273,0
2014-04-14,Mon,4,electronics,banks,energy,food,retail,utilities,0.067231,0.06275,0.010123,-0.002226,0.012349,0.010123,1
2014-04-15,Tue,4,utilities,food,retail,energy,banks,electronics,0.046683,0.044921,-0.005097,-0.008104,0.003007,-0.005097,1
2014-04-16,Wed,4,utilities,pharma,food,energy,banks,electronics,0.118886,0.115319,0.00335,0.015706,-0.012356,0.00335,0
2014-04-17,Thu,4,utilities,food,pharma,energy,banks,electronics,0.028837,0.026006,0.006834,0.006735,9.9e-05,0.006834,1
2014-04-21,Mon,4,banks,electronics,energy,pharma,retail,utilities,0.495583,0.492282,0.009865,7.4e-05,0.009791,0.009865,1
2014-04-22,Tue,4,utilities,pharma,retail,energy,banks,electronics,0.067252,0.065817,-0.00108,-0.011035,0.009954,-0.00108,1
2014-04-23,Wed,4,utilities,pharma,food,energy,banks,electronics,0.071454,0.069244,-0.002874,-0.003977,0.001103,-0.002874,1
2014-04-24,Thu,4,electronics,banks,energy,pharma,retail,utilities,0.354464,0.350822,0.002525,-0.006011,0.008536,0.002525,1
2014-04-25,Fri,4,utilities,retail,pharma,trading,banks,electronics,0.345913,0.342573,-0.000225,-0.002497,0.002272,-0.000225,1
2014-04-28,Mon,4,retail,pharma,utilities,energy,banks,trading,0.304371,0.298319,-0.003671,0.001952,-0.005623,-0.003671,0
2014-04-30,Wed,4,utilities,retail,pharma,trading,banks,electronics,0.628348,0.620656,0.000551,0.0,0.000551,0.000551,1
2014-05-01,Thu,5,trading,energy,banks,food,pharma,retail,0.015736,0.014571,0.009069,0.003727,0.005342,0.009069,1
2014-05-02,Fri,5,retail,utilities,pharma,trading,banks,electronics,0.164307,0.162364,-0.000297,0.002244,-0.002541,-0.000297,0
2014-05-07,Wed,5,electronics,banks,trading,pharma,retail,utilities,0.717407,0.703235,-0.010984,-0.004546,-0.006438,-0.010984,0
2014-05-08,Thu,5,utilities,food,retail,trading,banks,electronics,0.11874,0.109471,0.0038,0.004138,-0.000338,0.0038,0
2014-05-09,Fri,5,retail,pharma,food,electronics,trading,energy,0.027209,0.023155,0.003243,-0.001581,0.004824,0.003243,1
2014-05-12,Mon,5,banks,electronics,trading,pharma,retail,utilities,0.070495,0.068671,-0.000327,-0.004213,0.003886,-0.000327,1
2014-05-13,Tue,5,trading,electronics,banks,pharma,utilities,retail,0.334788,0.327064,0.0,-0.005225,0.005225,0.0,1
2014-05-14,Wed,5,retail,utilities,pharma,trading,electronics,banks,0.036935,0.036321,0.0,0.000989,-0.000989,0.0,0
2014-05-15,Thu,5,banks,electronics,trading,food,utilities,pharma,0.035146,0.033557,0.003328,0.002105,0.001222,0.003328,1
2014-05-16,Fri,5,retail,utilities,food,banks,trading,energy,0.056221,0.048821,-0.002646,-0.003862,0.001217,-0.002646,1
2014-05-19,Mon,5,utilities,retail,pharma,trading,electronics,banks,0.302982,0.298164,0.000851,-0.007906,0.008757,0.000851,1
2014-05-20,Tue,5,banks,electronics,trading,pharma,retail,utilities,0.374379,0.368168,-0.002134,0.004035,-0.006169,-0.002134,0
2014-05-21,Wed,5,electronics,trading,banks,retail,utilities,pharma,0.042607,0.041185,-0.001125,0.005395,-0.00652,-0.001125,0
2014-05-22,Thu,5,it_services,transport,energy,food,retail,utilities,0.015335,0.012894,0.003636,-0.000527,0.004163,0.003636,1
2014-05-23,Fri,5,utilities,retail,pharma,trading,electronics,banks,0.100117,0.098778,0.002195,0.007183,-0.004988,0.002195,0
2014-05-27,Tue,5,energy,trading,banks,pharma,retail,utilities,0.052091,0.04987,0.003997,0.000252,0.003745,0.003997,1
2014-05-28,Wed,5,retail,utilities,pharma,trading,electronics,banks,0.208021,0.205216,-0.003082,0.001953,-0.005034,-0.003082,0
2014-05-29,Thu,5,banks,electronics,trading,pharma,utilities,retail,0.040673,0.040241,0.005249,0.0,0.005249,0.005249,1
2014-05-30,Fri,5,pharma,food,retail,trading,banks,electronics,0.087297,0.085139,0.0,-0.000419,0.000419,0.0,1
2014-06-02,Mon,6,utilities,retail,pharma,electronics,trading,banks,0.340441,0.333976,0.009555,0.009188,0.000367,0.009555,1
2014-06-03,Tue,6,banks,trading,electronics,pharma,retail,utilities,0.196387,0.19192,0.002761,0.000382,0.002378,0.002761,1
2014-06-04,Wed,6,banks,trading,electronics,pharma,retail,utilities,0.093361,0.091882,0.00556,-0.00253,0.00809,0.00556,1
2014-06-05,Thu,6,utilities,retail,pharma,electronics,trading,banks,0.06572,0.064039,-0.000738,-0.002214,0.001476,-0.000738,1
2014-06-06,Fri,6,energy,it_services,finance,realestate,utilities,retail,0.015323,0.013167,0.007003,-0.005579,0.012583,0.007003,1
2014-06-09,Mon,6,banks,trading,energy,pharma,retail,utilities,0.337626,0.327951,-0.003434,-0.00459,0.001156,-0.003434,1
2014-06-10,Tue,6,trading,banks,electronics,pharma,retail,utilities,0.299974,0.289976,-0.002491,-0.005191,0.0027,-0.002491,1
2014-06-11,Wed,6,retail,utilities,pharma,it_services,banks,energy,0.007731,0.006152,0.000591,0.007468,-0.006878,0.000591,0
2014-06-12,Thu,6,trading,banks,electronics,pharma,retail,utilities,0.246434,0.237273,0.002701,-0.003044,0.005745,0.002701,1
2014-06-13,Fri,6,trading,electronics,banks,pharma,food,utilities,0.15609,0.150422,0.005798,0.005647,0.000151,0.005798,1
2014-06-16,Mon,6,energy,banks,trading,pharma,retail,utilities,0.088834,0.086084,-0.006205,-0.005195,-0.00101,-0.006205,0
2014-06-17,Tue,6,utilities,retail,pharma,electronics,banks,trading,0.261002,0.253239,0.001538,0.000308,0.001231,0.001538,1
2014-06-18,Wed,6,trading,banks,energy,pharma,retail,utilities,0.214285,0.208055,0.004171,-0.001013,0.005185,0.004171,1
2014-06-19,Thu,6,utilities,retail,pharma,electronics,banks,trading,0.507883,0.493831,0.008001,0.009565,-0.001564,0.008001,0
2014-06-20,Fri,6,utilities,retail,pharma,electronics,banks,trading,0.228936,0.221561,-0.000781,-0.003456,0.002675,-0.000781,1
2014-06-23,Mon,6,trading,banks,energy,pharma,retail,utilities,0.495447,0.481534,-0.002207,-0.005126,0.002919,-0.002207,1
2014-06-24,Tue,6,trading,banks,electronics,pharma,retail,utilities,0.371615,0.360932,0.006439,0.003109,0.00333,0.006439,1
2014-06-25,Wed,6,utilities,retail,pharma,energy,banks,trading,0.606274,0.589184,0.00122,0.000728,0.000492,0.00122,1
2014-06-26,Thu,6,energy,banks,trading,pharma,retail,utilities,0.066003,0.061791,-0.003038,0.001561,-0.004598,-0.003038,0
2014-06-27,Fri,6,trading,electronics,banks,it_services,pharma,food,0.0079,0.006823,-0.004528,-0.002411,-0.002116,-0.004528,0
2014-06-30,Mon,6,utilities,retail,pharma,electronics,banks,trading,0.141947,0.137207,0.008544,0.001493,0.007051,0.008544,1
2014-07-01,Tue,7,trading,electronics,banks,utilities,pharma,food,0.014881,0.014522,0.008825,0.000918,0.007907,0.008825,1
2014-07-02,Wed,7,pharma,food,utilities,electronics,banks,trading,0.05476,0.053518,-0.00095,0.001799,-0.002749,-0.00095,0
2014-07-03,Thu,7,trading,banks,electronics,pharma,retail,utilities,0.120316,0.117109,-0.002079,0.00072,-0.002799,-0.002079,0
2014-07-07,Mon,7,trading,banks,energy,pharma,retail,utilities,0.259651,0.252334,-0.002362,0.0,-0.002362,-0.002362,0
2014-07-08,Tue,7,retail,utilities,pharma,electronics,banks,trading,0.397733,0.386418,-0.000963,0.001798,-0.002761,-0.000963,0
2014-07-09,Wed,7,electronics,trading,banks,utilities,pharma,food,0.035941,0.032179,0.001224,0.003524,-0.0023,0.001224,0
2014-07-10,Thu,7,energy,electronics,banks,pharma,utilities,retail,0.04142,0.036492,-0.002407,-0.002409,2e-06,-0.002407,1
2014-07-11,Fri,7,utilities,retail,pharma,electronics,trading,energy,0.417922,0.405073,0.007786,0.006372,0.001414,0.007786,1
2014-07-14,Mon,7,utilities,retail,pharma,electronics,banks,trading,0.106511,0.103531,0.006349,0.000534,0.005815,0.006349,1
2014-07-15,Tue,7,electronics,trading,energy,pharma,retail,utilities,0.216255,0.208022,-0.002109,-0.002113,4e-06,-0.002109,1
2014-07-16,Wed,7,trading,electronics,banks,pharma,utilities,retail,0.456188,0.446779,0.000747,0.000199,0.000549,0.000747,1
2014-07-17,Thu,7,electronics,trading,energy,food,pharma,utilities,0.27269,0.264433,0.000645,-0.002579,0.003225,0.000645,1
2014-07-18,Fri,7,banks,trading,energy,pharma,food,retail,0.116001,0.095263,-0.002178,-0.002568,0.00039,-0.002178,1
2014-07-22,Tue,7,retail,pharma,utilities,banks,electronics,trading,0.578679,0.560457,0.001073,-0.001613,0.002687,0.001073,1
2014-07-23,Wed,7,electronics,energy,trading,food,pharma,utilities,0.024245,0.020713,0.000349,-0.004084,0.004433,0.000349,1
2014-07-24,Thu,7,electronics,trading,banks,retail,pharma,utilities,0.116775,0.112956,-0.000245,-0.006144,0.005898,-0.000245,1
2014-07-25,Fri,7,utilities,pharma,food,trading,energy,electronics,0.014694,0.01333,0.000842,0.0004,0.000443,0.000842,1
2014-07-28,Mon,7,trading,banks,energy,pharma,food,retail,0.148875,0.140071,0.007454,-0.001712,0.009166,0.007454,1
2014-07-29,Tue,7,utilities,pharma,retail,energy,trading,electronics,0.098519,0.095556,-0.000948,0.002977,-0.003925,-0.000948,0
2014-07-30,Wed,7,utilities,pharma,food,trading,energy,electronics,0.038214,0.0321,0.002385,-0.004269,0.006654,0.002385,1
2014-07-31,Thu,7,electronics,trading,energy,pharma,utilities,retail,0.310919,0.305909,-0.00545,-0.003591,-0.001859,-0.00545,0
2014-08-01,Fri,8,banks,trading,energy,utilities,food,retail,0.242632,0.210306,0.00201,0.001996,1.4e-05,0.00201,1
2014-08-04,Mon,8,utilities,pharma,food,trading,energy,electronics,0.45197,0.441451,0.003156,0.002004,0.001152,0.003156,1
2014-08-05,Tue,8,electronics,energy,trading,food,pharma,utilities,0.51738,0.503863,-0.006294,-0.00242,-0.003874,-0.006294,0
2014-08-06,Wed,8,pharma,utilities,food,trading,energy,electronics,0.149035,0.135185,-0.015335,-0.003397,-0.011939,-0.015335,0
2014-08-07,Thu,8,electronics,trading,energy,food,utilities,pharma,0.345442,0.338486,-0.002247,-0.006501,0.004253,-0.002247,1
2014-08-08,Fri,8,pharma,utilities,food,energy,trading,electronics,0.047584,0.04018,-0.012812,0.000662,-0.013474,-0.012812,0
2014-08-11,Mon,8,retail,utilities,food,energy,trading,banks,0.22547,0.198387,0.001529,0.003387,-0.001858,0.001529,0
2014-08-12,Tue,8,utilities,retail,pharma,banks,trading,electronics,0.184111,0.180997,0.002023,0.000658,0.001365,0.002023,1
2014-08-13,Wed,8,banks,trading,electronics,food,utilities,retail,0.056364,0.054739,0.001315,-0.00299,0.004304,0.001315,1
2014-08-14,Thu,8,utilities,retail,food,trading,electronics,banks,0.291759,0.286873,-0.000315,-0.000267,-4.8e-05,-0.000315,0
2014-08-15,Fri,8,utilities,retail,food,banks,trading,electronics,0.439779,0.430813,0.002503,0.001632,0.00087,0.002503,1
2014-08-18,Mon,8,utilities,food,retail,energy,trading,electronics,0.004426,0.00431,0.000753,0.010292,-0.009539,0.000753,0
2014-08-19,Tue,8,electronics,energy,trading,utilities,food,pharma,0.0845,0.07645,0.009285,0.001937,0.007348,0.009285,1
2014-08-20,Wed,8,utilities,retail,food,trading,banks,electronics,0.263544,0.260351,0.0,-0.001294,0.001294,0.0,1
2014-08-21,Thu,8,electronics,trading,energy,utilities,pharma,food,0.127187,0.122869,0.001038,0.007381,-0.006343,0.001038,0
2014-08-22,Fri,8,electronics,energy,trading,retail,food,pharma,0.043092,0.040935,-0.000589,-0.000438,-0.000152,-0.000589,0
2014-08-25,Mon,8,pharma,food,retail,trading,energy,electronics,0.167665,0.161266,-0.002163,0.005008,-0.007171,-0.002163,0
2014-08-26,Tue,8,electronics,energy,trading,it_services,food,pharma,0.025696,0.02132,-0.002214,-0.004297,0.002083,-0.002214,1
2014-08-27,Wed,8,electronics,trading,banks,food,utilities,retail,0.290418,0.282155,-0.001931,0.001835,-0.003766,-0.001931,0
2014-08-28,Thu,8,retail,utilities,food,energy,trading,electronics,0.225035,0.218168,-2.5e-05,0.0,-2.5e-05,-2.5e-05,0
2014-08-29,Fri,8,food,retail,pharma,energy,trading,electronics,0.103944,0.100682,0.0,0.000284,-0.000284,0.0,0
2014-09-02,Tue,9,retail,utilities,food,electronics,trading,banks,0.040314,0.037032,0.001094,0.007835,-0.006741,0.001094,0
2014-09-03,Wed,9,pharma,food,retail,trading,energy,electronics,0.06178,0.058756,0.001312,-0.000109,0.001421,0.001312,1
2014-09-04,Thu,9,banks,trading,electronics,food,utilities,retail,0.006315,0.005536,-0.004163,0.001493,-0.005655,-0.004163,0
2014-09-05,Fri,9,food,pharma,retail,energy,trading,electronics,0.140861,0.135929,-0.002165,-0.004662,0.002497,-0.002165,1
2014-09-08,Mon,9,retail,utilities,food,trading,banks,electronics,0.307047,0.298344,0.004058,-0.00126,0.005318,0.004058,1
2014-09-09,Tue,9,pharma,food,retail,trading,energy,electronics,0.051738,0.046864,-0.000437,-0.002996,0.002559,-0.000437,1
2014-09-10,Wed,9,banks,it_services,finance,food,utilities,retail,0.034232,0.025148,0.006142,0.003452,0.002691,0.006142,1
2014-09-11,Thu,9,retail,utilities,food,banks,trading,electronics,0.202036,0.197415,-0.003039,-0.00161,-0.001429,-0.003039,0
2014-09-12,Fri,9,retail,utilities,food,banks,trading,electronics,0.05592,0.054556,0.004322,0.004712,-0.00039,0.004322,0
2014-09-16,Tue,9,electronics,banks,trading,food,retail,utilities,0.359371,0.352366,-0.000386,-0.001913,0.001527,-0.000386,1
2014-09-17,Wed,9,utilities,retail,food,trading,banks,electronics,0.358651,0.354425,-0.001443,-0.002516,0.001073,-0.001443,1
2014-09-18,Thu,9,electronics,trading,energy,utilities,retail,food,0.214507,0.206585,0.005867,-0.003832,0.009699,0.005867,1
2014-09-19,Fri,9,electronics,energy,trading,utilities,food,pharma,0.120727,0.115727,0.002694,0.002079,0.000615,0.002694,1
2014-09-22,Mon,9,food,retail,utilities,energy,trading,electronics,0.209936,0.202628,0.0,-0.00372,0.00372,0.0,1
2014-09-24,Wed,9,banks,trading,electronics,food,utilities,retail,0.095037,0.083948,0.000865,0.001458,-0.000593,0.000865,0
2014-09-25,Thu,9,retail,utilities,food,trading,electronics,banks,0.309354,0.301132,0.004839,0.002143,0.002696,0.004839,1
2014-09-26,Fri,9,banks,electronics,trading,food,utilities,retail,0.310401,0.283327,0.007855,0.006317,0.001538,0.007855,1
2014-09-29,Mon,9,electronics,trading,energy,retail,pharma,food,0.256128,0.246172,-0.005307,-0.004323,-0.000983,-0.005307,0
2014-09-30,Tue,9,food,pharma,retail,energy,trading,electronics,0.20111,0.194138,-0.001458,-0.012677,0.011219,-0.001458,1
2014-10-01,Wed,10,food,pharma,retail,energy,trading,electronics,0.421057,0.407281,0.002979,-0.0029,0.005879,0.002979,1
2014-10-02,Thu,10,pharma,food,retail,energy,trading,electronics,0.422731,0.411435,-0.01241,-0.009491,-0.00292,-0.01241,0
2014-10-03,Fri,10,electronics,banks,energy,pharma,food,retail,0.005946,0.005712,0.000517,0.001657,-0.001139,0.000517,0
2014-10-06,Mon,10,retail,food,pharma,energy,banks,electronics,0.514924,0.494678,0.007133,0.002526,0.004607,0.007133,1
2014-10-07,Tue,10,electronics,banks,energy,pharma,food,retail,0.078252,0.075678,-0.002658,0.000841,-0.003498,-0.002658,0
2014-10-08,Wed,10,pharma,food,utilities,energy,electronics,trading,0.072344,0.066049,0.002788,0.00282,-3.1e-05,0.002788,0
2014-10-09,Thu,10,retail,food,pharma,energy,electronics,banks,0.663277,0.639934,-0.00381,-0.00316,-0.00065,-0.00381,0
2014-10-10,Fri,10,food,pharma,utilities,energy,electronics,trading,0.201071,0.187562,0.003335,0.002653,0.000682,0.003335,1
2014-10-14,Tue,10,food,pharma,retail,energy,electronics,trading,0.171166,0.164588,-0.004481,-0.000289,-0.004192,-0.004481,0
2014-10-15,Wed,10,retail,pharma,utilities,energy,electronics,banks,0.025967,0.022837,-0.002137,-0.003687,0.00155,-0.002137,1
2014-10-16,Thu,10,electronics,banks,energy,pharma,retail,food,0.640137,0.628198,-0.010887,-0.000959,-0.009928,-0.010887,0
2014-10-17,Fri,10,electronics,energy,banks,pharma,retail,food,0.728323,0.712786,-0.009588,-0.020414,0.010826,-0.009588,1
2014-10-20,Mon,10,retail,pharma,food,energy,electronics,banks,0.184059,0.169974,9.2e-05,-0.003921,0.004014,9.2e-05,1
2014-10-21,Tue,10,retail,food,pharma,energy,electronics,banks,0.289707,0.278852,-0.004053,-0.016136,0.012083,-0.004053,1
2014-10-22,Wed,10,energy,trading,electronics,retail,pharma,food,0.270179,0.258822,0.00112,0.004608,-0.003488,0.00112,0
2014-10-23,Thu,10,food,pharma,retail,trading,electronics,energy,0.411681,0.408002,-0.002823,0.003222,-0.006045,-0.002823,0
2014-10-24,Fri,10,trading,energy,construction,food,retail,pharma,0.026695,0.022293,-0.00627,0.00043,-0.0067,-0.00627,0
2014-10-27,Mon,10,food,retail,pharma,energy,banks,electronics,0.334268,0.328397,-0.000573,0.000487,-0.001061,-0.000573,0
2014-10-28,Tue,10,food,pharma,retail,energy,trading,electronics,0.468038,0.464965,0.004803,-0.003361,0.008164,0.004803,1
2014-10-29,Wed,10,trading,energy,electronics,food,retail,pharma,0.158542,0.150093,0.00784,-0.001695,0.009535,0.00784,1
2014-10-30,Thu,10,banks,electronics,energy,pharma,retail,food,0.111604,0.10953,-0.001237,0.002675,-0.003912,-0.001237,0
2014-10-31,Fri,10,pharma,food,retail,banks,energy,electronics,0.534857,0.523712,-0.000747,0.007337,-0.008084,-0.000747,0
2014-11-04,Tue,11,trading,electronics,energy,retail,pharma,food,0.322093,0.314018,-0.027036,-0.003907,-0.023129,-0.027036,0
2014-11-05,Wed,11,pharma,food,utilities,trading,electronics,energy,0.285698,0.283285,0.010932,-0.00267,0.013602,0.010932,1
2014-11-06,Thu,11,food,pharma,retail,trading,electronics,banks,0.022958,0.019194,-0.006842,-0.00927,0.002429,-0.006842,1
2014-11-07,Fri,11,energy,electronics,trading,utilities,food,pharma,0.522008,0.505256,-0.000657,0.002827,-0.003485,-0.000657,0
2014-11-10,Mon,11,energy,electronics,trading,food,utilities,pharma,0.152759,0.147691,0.004375,-0.007671,0.012046,0.004375,1
2014-11-11,Tue,11,pharma,food,utilities,trading,electronics,energy,0.229437,0.22329,0.008848,0.000111,0.008737,0.008848,1
2014-11-12,Wed,11,energy,electronics,trading,utilities,food,pharma,0.197849,0.19179,-0.001289,-0.002496,0.001207,-0.001289,1
2014-11-13,Thu,11,energy,electronics,banks,utilities,food,pharma,0.259852,0.252944,-0.004161,0.003927,-0.008087,-0.004161,0
2014-11-14,Fri,11,pharma,utilities,food,trading,electronics,energy,0.080437,0.07682,0.001083,-0.006178,0.007261,0.001083,1
2014-11-17,Mon,11,energy,electronics,trading,food,utilities,pharma,0.390965,0.378258,-0.014851,-0.020877,0.006026,-0.014851,1
2014-11-18,Tue,11,pharma,utilities,food,trading,electronics,energy,0.367767,0.356016,0.007709,0.004335,0.003374,0.007709,1
2014-11-19,Wed,11,utilities,food,pharma,energy,banks,electronics,0.068701,0.06756,0.00252,-3.3e-05,0.002553,0.00252,1
2014-11-20,Thu,11,energy,electronics,banks,food,utilities,pharma,0.165128,0.160795,-0.000156,-0.007154,0.006998,-0.000156,1
2014-11-21,Fri,11,energy,electronics,trading,food,utilities,pharma,0.402324,0.389188,0.001361,-0.000559,0.001919,0.001361,1
2014-11-25,Tue,11,energy,electronics,trading,food,utilities,pharma,0.229832,0.2197,-0.005512,-0.013042,0.00753,-0.005512,1
2014-11-26,Wed,11,pharma,utilities,retail,trading,electronics,energy,0.196097,0.187715,-0.000688,-0.006295,0.005607,-0.000688,1
2014-11-28,Fri,11,pharma,utilities,food,trading,electronics,energy,0.39947,0.385154,-0.005265,-0.006129,0.000864,-0.005265,1
2014-12-01,Mon,12,pharma,utilities,food,trading,electronics,energy,1.468686,1.410958,0.009231,-0.002737,0.011968,0.009231,1
2014-12-02,Tue,12,energy,electronics,banks,food,pharma,utilities,0.198585,0.194403,0.003839,-0.000327,0.004167,0.003839,1
2014-12-03,Wed,12,energy,trading,electronics,retail,utilities,pharma,0.108021,0.099097,0.001654,-0.003857,0.005511,0.001654,1
2014-12-04,Thu,12,energy,electronics,trading,retail,pharma,utilities,0.631989,0.597134,0.002501,-0.005675,0.008176,0.002501,1
2014-12-05,Fri,12,energy,electronics,banks,retail,pharma,utilities,0.115443,0.110761,0.000443,0.005369,-0.004926,0.000443,0
2014-12-08,Mon,12,energy,electronics,trading,retail,pharma,utilities,0.101823,0.096309,-0.006976,-0.008717,0.001741,-0.006976,1
2014-12-09,Tue,12,utilities,pharma,retail,trading,electronics,energy,0.417978,0.390658,-0.00071,-0.004508,0.003799,-0.00071,1
2014-12-10,Wed,12,energy,electronics,trading,retail,pharma,utilities,0.245024,0.23251,-0.002732,-0.003128,0.000396,-0.002732,1
2014-12-11,Thu,12,banks,electronics,energy,retail,pharma,utilities,0.175338,0.166214,0.019711,-0.00546,0.025171,0.019711,1
2014-12-12,Fri,12,utilities,pharma,retail,banks,electronics,energy,0.302212,0.287824,0.009384,0.005324,0.00406,0.009384,1
2014-12-15,Mon,12,banks,electronics,energy,pharma,food,utilities,0.116829,0.11079,0.001422,0.001511,-8.9e-05,0.001422,0
2014-12-16,Tue,12,energy,electronics,banks,retail,pharma,utilities,0.287571,0.278431,-0.008474,-0.005616,-0.002858,-0.008474,0
2014-12-17,Wed,12,energy,electronics,banks,retail,pharma,utilities,0.366698,0.349439,0.009919,0.001573,0.008346,0.009919,1
2014-12-18,Thu,12,materials,energy,construction,auto,it_services,banks,0.02496,0.022076,0.000419,-0.005625,0.006043,0.000419,1
2014-12-19,Fri,12,utilities,pharma,retail,banks,electronics,energy,0.553429,0.535382,-0.006183,0.000555,-0.006737,-0.006183,0
2014-12-22,Mon,12,energy,electronics,trading,food,pharma,utilities,0.454137,0.430259,0.010041,-0.003049,0.013089,0.010041,1
2014-12-24,Wed,12,utilities,pharma,retail,banks,electronics,energy,0.156988,0.152727,-0.001989,-0.005262,0.003274,-0.001989,1
2014-12-26,Fri,12,utilities,pharma,food,trading,electronics,energy,0.358141,0.341345,0.008135,0.007175,0.00096,0.008135,1
2014-12-29,Mon,12,utilities,pharma,food,trading,electronics,energy,0.215119,0.206584,-0.001651,-0.006781,0.005129,-0.001651,1
2014-12-30,Tue,12,energy,trading,electronics,food,pharma,utilities,0.086191,0.081098,0.004428,-0.003904,0.008331,0.004428,1
2015-01-05,Mon,1,energy,electronics,trading,retail,food,utilities,0.511112,0.49085,-0.001087,-0.006738,0.005651,-0.001087,1
2015-01-06,Tue,1,pharma,utilities,food,electronics,trading,energy,0.267876,0.241558,-0.008437,-0.012,0.003564,-0.008437,1
2015-01-07,Wed,1,utilities,pharma,food,electronics,trading,energy,0.123014,0.109469,0.003192,0.00461,-0.001418,0.003192,0
2015-01-08,Thu,1,utilities,food,retail,banks,electronics,energy,0.481339,0.464517,-0.000241,-0.000695,0.000454,-0.000241,1
2015-01-09,Fri,1,food,retail,utilities,trading,electronics,banks,0.125415,0.116691,-0.006015,-0.002147,-0.003869,-0.006015,0
2015-01-13,Tue,1,banks,energy,electronics,pharma,utilities,food,0.183372,0.179976,-0.008044,0.008926,-0.01697,-0.008044,0
2015-01-14,Wed,1,utilities,pharma,retail,electronics,trading,energy,0.102493,0.094935,0.003716,-0.006632,0.010348,0.003716,1
2015-01-15,Thu,1,utilities,pharma,retail,electronics,trading,energy,0.16546,0.152884,0.008112,0.000449,0.007663,0.008112,1
2015-01-16,Fri,1,utilities,pharma,retail,trading,electronics,energy,0.039375,0.03321,0.003923,0.006705,-0.002782,0.003923,0
2015-01-20,Tue,1,energy,electronics,trading,retail,pharma,utilities,0.0541,0.044837,0.002984,0.007432,-0.004447,0.002984,0
2015-01-21,Wed,1,utilities,pharma,food,electronics,trading,energy,0.149218,0.142537,-0.002029,-0.001082,-0.000948,-0.002029,0
2015-01-22,Thu,1,energy,electronics,trading,retail,pharma,utilities,0.123741,0.116271,0.000465,-0.004762,0.005227,0.000465,1
2015-01-23,Fri,1,energy,electronics,trading,retail,pharma,utilities,0.143854,0.132433,0.000866,-0.004548,0.005414,0.000866,1
2015-01-26,Mon,1,banks,it_services,realestate,machinery,food,energy,0.014281,0.010458,0.005483,0.000922,0.004561,0.005483,1
2015-01-27,Tue,1,energy,trading,electronics,food,pharma,utilities,0.335445,0.318765,0.008222,0.018483,-0.010262,0.008222,0
2015-01-28,Wed,1,energy,trading,banks,utilities,food,pharma,0.542022,0.525158,0.001615,0.010367,-0.008752,0.001615,0
2015-01-29,Thu,1,utilities,pharma,retail,electronics,trading,energy,0.10839,0.091576,0.010502,0.000556,0.009945,0.010502,1
2015-01-30,Fri,1,food,pharma,retail,trading,energy,banks,0.189427,0.185343,0.000761,0.00214,-0.001378,0.000761,0
2015-02-02,Mon,2,energy,trading,banks,utilities,retail,pharma,0.899798,0.864949,-0.001795,0.002458,-0.004253,-0.001795,0
2015-02-03,Tue,2,energy,electronics,trading,retail,pharma,utilities,0.167645,0.148318,-0.005466,-0.017292,0.011826,-0.005466,1
2015-02-04,Wed,2,energy,electronics,trading,retail,pharma,utilities,0.328583,0.298518,0.001804,-0.002499,0.004302,0.001804,1
2015-02-05,Thu,2,banks,energy,trading,food,retail,pharma,0.138162,0.135967,0.007273,0.003776,0.003497,0.007273,1
2015-02-06,Fri,2,energy,electronics,steel,retail,food,utilities,0.040629,0.02657,-0.00236,-0.002571,0.00021,-0.00236,1
2015-02-09,Mon,2,energy,trading,banks,utilities,pharma,retail,0.964107,0.915241,-0.000581,-0.005169,0.004588,-0.000581,1
2015-02-10,Tue,2,energy,trading,banks,food,pharma,retail,0.370294,0.354093,0.009294,-0.000842,0.010135,0.009294,1
2015-02-12,Thu,2,pharma,retail,utilities,banks,trading,energy,0.620058,0.60039,0.010367,-0.001927,0.012294,0.010367,1
2015-02-13,Fri,2,energy,trading,electronics,pharma,retail,utilities,0.250794,0.234735,0.001839,-0.007428,0.009266,0.001839,1
2015-02-17,Tue,2,energy,trading,electronics,utilities,pharma,retail,0.4275,0.408932,0.001339,0.005327,-0.003988,0.001339,0
2015-02-18,Wed,2,energy,trading,electronics,pharma,retail,utilities,0.019459,0.018193,0.001974,0.001385,0.000589,0.001974,1
2015-02-19,Thu,2,retail,pharma,utilities,banks,trading,energy,0.524921,0.50482,0.005647,0.009168,-0.003521,0.005647,0
2015-02-20,Fri,2,energy,trading,banks,food,retail,pharma,0.166864,0.161201,-0.002653,0.000333,-0.002986,-0.002653,0
2015-02-23,Mon,2,pharma,retail,food,trading,energy,banks,0.100417,0.097996,0.002353,-0.013289,0.015642,0.002353,1
2015-02-24,Tue,2,retail,pharma,utilities,banks,trading,energy,0.236269,0.22592,0.002777,-0.001197,0.003974,0.002777,1
2015-02-25,Wed,2,energy,trading,electronics,retail,food,utilities,0.015467,0.012487,0.00552,-0.009029,0.014549,0.00552,1
2015-02-26,Thu,2,energy,trading,banks,utilities,retail,pharma,0.405564,0.389064,0.007878,0.001235,0.006644,0.007878,1
2015-02-27,Fri,2,utilities,retail,pharma,electronics,trading,energy,0.257325,0.243184,-0.006303,-0.003045,-0.003258,-0.006303,0
2015-03-02,Mon,3,utilities,food,retail,electronics,trading,energy,0.020955,0.017723,-0.003121,0.000863,-0.003984,-0.003121,0
2015-03-03,Tue,3,energy,trading,electronics,food,retail,utilities,0.19186,0.181553,-0.004185,0.002221,-0.006406,-0.004185,0
2015-03-04,Wed,3,energy,banks,trading,food,retail,pharma,0.146157,0.142026,-0.00348,0.000135,-0.003615,-0.00348,0
2015-03-05,Thu,3,banks,energy,trading,food,retail,pharma,0.074939,0.070106,0.011317,0.009181,0.002137,0.011317,1
2015-03-06,Fri,3,retail,pharma,food,banks,trading,energy,0.192493,0.183932,0.00943,0.002663,0.006767,0.00943,1
2015-03-09,Mon,3,energy,banks,trading,food,retail,pharma,0.678251,0.665384,0.002399,-0.009535,0.011934,0.002399,1
2015-03-10,Tue,3,retail,pharma,food,trading,banks,energy,0.200032,0.196911,-0.009183,-0.01289,0.003706,-0.009183,1
2015-03-11,Wed,3,banks,trading,electronics,food,pharma,retail,0.06362,0.042325,0.006853,0.003827,0.003026,0.006853,1
2015-03-12,Thu,3,energy,trading,banks,food,retail,pharma,0.356376,0.347586,0.004645,0.004415,0.00023,0.004645,1
2015-03-13,Fri,3,retail,pharma,food,energy,trading,banks,0.284615,0.273454,-0.004233,0.006025,-0.010258,-0.004233,0
2015-03-16,Mon,3,banks,trading,energy,food,pharma,retail,0.106374,0.100034,-0.005768,-0.007964,0.002196,-0.005768,1
2015-03-17,Tue,3,pharma,retail,food,trading,banks,energy,0.493956,0.484772,-0.000331,-0.002562,0.00223,-0.000331,1
2015-03-18,Wed,3,utilities,pharma,food,electronics,trading,energy,0.027306,0.024023,0.007441,0.004222,0.003219,0.007441,1
2015-03-19,Thu,3,retail,pharma,food,trading,energy,banks,0.19665,0.187149,-0.008082,-0.005089,-0.002994,-0.008082,0
2015-03-20,Fri,3,utilities,pharma,food,electronics,trading,energy,0.289824,0.279614,0.003375,-0.003305,0.00668,0.003375,1
2015-03-23,Mon,3,pharma,retail,food,trading,energy,banks,0.051445,0.045549,0.017864,0.00491,0.012954,0.017864,1
2015-03-24,Tue,3,utilities,pharma,food,electronics,trading,energy,0.080317,0.077011,0.00586,0.002917,0.002943,0.00586,1
2015-03-25,Wed,3,energy,banks,trading,food,pharma,retail,0.173188,0.170175,-0.000785,-0.001736,0.000951,-0.000785,1
2015-03-26,Thu,3,energy,trading,banks,food,pharma,retail,0.476657,0.465031,0.002598,-0.005847,0.008446,0.002598,1
2015-03-27,Fri,3,energy,trading,banks,utilities,pharma,retail,0.190423,0.184722,-0.016083,-0.001074,-0.015009,-0.016083,0
2015-03-30,Mon,3,retail,pharma,utilities,banks,trading,energy,0.336946,0.32488,0.000282,-0.009565,0.009847,0.000282,1
2015-03-31,Tue,3,it_services,electronics,energy,materials,food,utilities,0.0315,0.023721,-0.001914,-0.016464,0.01455,-0.001914,1
2015-04-01,Wed,4,energy,trading,banks,food,pharma,retail,0.227329,0.218413,-0.002872,-0.013815,0.010943,-0.002872,1
2015-04-02,Thu,4,energy,trading,electronics,food,retail,pharma,0.13013,0.12584,0.001839,0.003627,-0.001788,0.001839,0
2015-04-06,Mon,4,pharma,food,retail,banks,trading,energy,0.057455,0.055755,0.002313,-0.00213,0.004443,0.002313,1
2015-04-07,Tue,4,pharma,food,retail,banks,trading,energy,0.12162,0.118529,-0.002717,0.013173,-0.01589,-0.002717,0
2015-04-08,Wed,4,energy,trading,banks,food,retail,pharma,0.114987,0.111985,0.008565,0.009671,-0.001106,0.008565,0
2015-04-09,Thu,4,pharma,retail,food,electronics,trading,energy,0.12813,0.123897,0.007055,0.001285,0.005769,0.007055,1
2015-04-10,Fri,4,energy,electronics,trading,food,pharma,utilities,0.087397,0.083111,-0.001818,-0.010976,0.009158,-0.001818,1
2015-04-13,Mon,4,retail,pharma,food,electronics,trading,energy,0.209321,0.201484,-0.009057,-0.003325,-0.005731,-0.009057,0
2015-04-14,Tue,4,trading,energy,electronics,pharma,food,retail,0.177616,0.169731,-5.4e-05,-0.001742,0.001688,-5.4e-05,1
2015-04-15,Wed,4,energy,trading,electronics,pharma,retail,utilities,0.143893,0.138778,0.002041,-0.001048,0.003089,0.002041,1
2015-04-16,Thu,4,energy,trading,electronics,pharma,utilities,retail,0.265091,0.255565,0.017586,-0.002331,0.019918,0.017586,1
2015-04-17,Fri,4,trading,energy,electronics,pharma,food,retail,0.01161,0.009778,-0.001241,-0.002709,0.001468,-0.001241,1
2015-04-20,Mon,4,trading,energy,electronics,pharma,food,retail,0.078485,0.066724,-0.001706,0.006015,-0.007721,-0.001706,0
2015-04-21,Tue,4,retail,food,pharma,banks,trading,energy,0.384693,0.362741,0.004257,0.009443,-0.005186,0.004257,0
2015-04-22,Wed,4,retail,food,utilities,banks,trading,energy,0.326379,0.308256,0.003398,0.00729,-0.003892,0.003398,0
2015-04-23,Thu,4,retail,food,pharma,electronics,energy,trading,0.016761,0.013272,0.000429,0.006606,-0.006177,0.000429,0
2015-04-24,Fri,4,it_services,retail,food,steel,trading,machinery,0.004777,0.00376,0.000575,0.0,0.000575,0.000575,1
2015-04-27,Mon,4,retail,food,pharma,banks,trading,energy,0.165404,0.154848,-0.001857,-0.004468,0.002611,-0.001857,1
2015-04-28,Tue,4,energy,trading,banks,utilities,food,retail,0.4952,0.468038,0.004955,0.003407,0.001548,0.004955,1
2015-04-30,Thu,4,retail,food,utilities,banks,trading,energy,0.078612,0.074097,-0.020947,-0.004417,-0.01653,-0.020947,0
2015-05-01,Fri,5,energy,trading,banks,utilities,retail,food,0.318161,0.296747,-0.003201,0.002491,-0.005692,-0.003201,0
2015-05-07,Thu,5,food,retail,utilities,electronics,trading,energy,0.240277,0.220674,0.001505,-0.001807,0.003313,0.001505,1
2015-05-08,Fri,5,food,retail,utilities,banks,trading,energy,0.246557,0.229528,0.000453,0.017181,-0.016729,0.000453,0
2015-05-11,Mon,5,food,it_services,retail,steel,trading,energy,0.05438,0.041856,-0.00488,0.00254,-0.00742,-0.00488,0
2015-05-12,Tue,5,pharma,retail,utilities,trading,energy,banks,0.150126,0.144149,0.001521,0.001453,6.9e-05,0.001521,1
2015-05-13,Wed,5,energy,trading,electronics,utilities,retail,food,0.070152,0.059606,0.003543,-0.001923,0.005465,0.003543,1
2015-05-14,Thu,5,energy,trading,electronics,utilities,retail,food,0.020352,0.016368,-0.007265,-0.003592,-0.003674,-0.007265,0
2015-05-15,Fri,5,food,retail,utilities,banks,trading,energy,0.599717,0.553269,-0.00032,-0.001555,0.001236,-0.00032,1
2015-05-18,Mon,5,food,retail,pharma,banks,trading,energy,0.143266,0.133119,0.004667,0.019611,-0.014944,0.004667,0
2015-05-19,Tue,5,food,retail,pharma,banks,trading,energy,0.097911,0.091068,0.004672,-0.002356,0.007028,0.004672,1
2015-05-20,Wed,5,retail,pharma,food,banks,trading,energy,0.146047,0.142484,-0.002482,-0.002865,0.000383,-0.002482,1
2015-05-21,Thu,5,energy,trading,steel,it_services,materials,food,0.006806,0.004586,0.000795,0.000793,2e-06,0.000795,1
2015-05-22,Fri,5,banks,electronics,trading,utilities,pharma,retail,0.056667,0.054283,-0.000701,-0.003178,0.002477,-0.000701,1
2015-05-26,Tue,5,energy,trading,banks,pharma,retail,food,0.126853,0.115921,0.001189,-0.004235,0.005424,0.001189,1
2015-05-27,Wed,5,energy,trading,steel,materials,retail,food,0.074781,0.049835,0.004783,-0.00621,0.010993,0.004783,1
2015-05-28,Thu,5,food,retail,pharma,banks,trading,energy,0.377039,0.34366,0.000747,0.002291,-0.001544,0.000747,0
2015-05-29,Fri,5,energy,trading,electronics,pharma,retail,food,0.017622,0.013825,0.001714,-0.001789,0.003503,0.001714,1
2015-06-01,Mon,6,energy,trading,electronics,pharma,retail,food,0.081661,0.064734,0.000413,0.007102,-0.006689,0.000413,0
2015-06-02,Tue,6,food,retail,pharma,banks,trading,energy,0.117538,0.110079,0.002022,-0.009841,0.011863,0.002022,1
2015-06-03,Wed,6,energy,trading,banks,pharma,retail,food,0.530385,0.509344,-0.000959,-0.005759,0.0048,-0.000959,1
2015-06-04,Thu,6,energy,trading,banks,pharma,food,retail,0.2154,0.207965,-0.00277,-0.00524,0.00247,-0.00277,1
2015-06-05,Fri,6,utilities,retail,pharma,trading,electronics,banks,0.098832,0.089693,-0.004211,-0.005218,0.001008,-0.004211,1
2015-06-08,Mon,6,energy,trading,banks,pharma,retail,food,0.617033,0.587385,-0.005332,-0.000932,-0.0044,-0.005332,0
2015-06-09,Tue,6,energy,trading,electronics,pharma,retail,food,0.119981,0.102454,0.002499,-0.004645,0.007143,0.002499,1
2015-06-10,Wed,6,energy,trading,banks,pharma,food,retail,0.033599,0.03214,-0.002298,0.001988,-0.004287,-0.002298,0
2015-06-11,Thu,6,food,pharma,retail,electronics,trading,energy,0.177363,0.144696,0.013708,0.002986,0.010722,0.013708,1
2015-06-12,Fri,6,food,pharma,retail,banks,trading,energy,0.185211,0.171364,8.5e-05,-0.003237,0.003323,8.5e-05,1
2015-06-15,Mon,6,energy,trading,banks,retail,pharma,food,0.276212,0.242,0.004933,0.000158,0.004775,0.004933,1
2015-06-16,Tue,6,energy,trading,electronics,utilities,pharma,food,0.084891,0.068457,-0.004175,0.005671,-0.009846,-0.004175,0
2015-06-17,Wed,6,food,pharma,retail,banks,trading,energy,0.207842,0.18528,0.001685,-0.004959,0.006643,0.001685,1
2015-06-18,Thu,6,food,retail,pharma,banks,trading,energy,0.268687,0.25183,-0.007886,-0.010137,0.002251,-0.007886,1
2015-06-19,Fri,6,food,pharma,retail,banks,trading,energy,0.56564,0.522167,0.000354,-0.001378,0.001732,0.000354,1
2015-06-22,Mon,6,retail,utilities,pharma,trading,energy,banks,0.201203,0.191599,0.009811,0.011053,-0.001243,0.009811,0
2015-06-23,Tue,6,energy,banks,trading,utilities,pharma,retail,0.189537,0.182195,0.003706,0.012068,-0.008362,0.003706,0
2015-06-24,Wed,6,energy,trading,banks,pharma,retail,food,0.315952,0.299989,0.004219,0.002024,0.002196,0.004219,1
2015-06-25,Thu,6,energy,trading,construction,auto,pharma,food,0.036229,0.029356,0.001749,-0.003023,0.004772,0.001749,1
2015-06-26,Fri,6,retail,food,utilities,trading,banks,energy,0.169869,0.160931,-0.008008,0.000786,-0.008795,-0.008008,0
2015-06-29,Mon,6,energy,trading,banks,pharma,food,retail,0.054597,0.052534,0.004986,0.00737,-0.002385,0.004986,0
2015-06-30,Tue,6,trading,energy,electronics,utilities,pharma,food,0.191211,0.162845,0.002431,0.003844,-0.001413,0.002431,0
2015-07-01,Wed,7,energy,trading,banks,utilities,retail,food,0.215833,0.207997,-0.000795,-0.004143,0.003348,-0.000795,1
2015-07-02,Thu,7,food,pharma,retail,banks,trading,energy,0.523376,0.493944,-0.003116,0.004855,-0.007971,-0.003116,0
2015-07-06,Mon,7,retail,food,pharma,banks,trading,energy,0.182374,0.175781,-0.004697,-0.00472,2.4e-05,-0.004697,1
2015-07-07,Tue,7,retail,food,utilities,banks,trading,energy,0.353495,0.341048,0.014217,-0.000532,0.014749,0.014217,1
2015-07-08,Wed,7,food,retail,pharma,banks,trading,energy,0.848415,0.812244,-0.019424,-0.029877,0.010453,-0.019424,1
2015-07-09,Thu,7,retail,transport,utilities,trading,banks,electronics,0.075841,0.061425,0.000614,0.014076,-0.013462,0.000614,0
2015-07-10,Fri,7,energy,trading,banks,utilities,retail,food,0.417319,0.402857,0.019503,0.002174,0.017328,0.019503,1
2015-07-13,Mon,7,food,pharma,utilities,banks,trading,energy,0.273656,0.248333,0.010753,-0.007172,0.017925,0.010753,1
2015-07-14,Tue,7,pharma,food,utilities,banks,trading,energy,0.053923,0.042763,-0.000426,-0.008066,0.00764,-0.000426,1
2015-07-15,Wed,7,banks,trading,electronics,food,utilities,retail,0.048785,0.04471,0.003018,0.004398,-0.00138,0.003018,0
2015-07-16,Thu,7,food,utilities,retail,banks,trading,energy,0.259076,0.252847,0.008549,0.000187,0.008361,0.008549,1
2015-07-17,Fri,7,utilities,food,pharma,banks,trading,energy,0.523309,0.511818,-0.006172,0.003398,-0.009569,-0.006172,0
2015-07-21,Tue,7,utilities,food,retail,energy,banks,trading,0.274127,0.268996,0.01442,-0.002588,0.017008,0.01442,1
2015-07-22,Wed,7,energy,trading,banks,pharma,food,utilities,0.323245,0.311522,-0.003387,0.003827,-0.007214,-0.003387,0
2015-07-23,Thu,7,energy,trading,banks,pharma,food,utilities,0.062365,0.059416,-0.001882,0.006589,-0.008471,-0.001882,0
2015-07-24,Fri,7,energy,trading,banks,pharma,food,utilities,0.107435,0.09663,-0.007473,-0.006019,-0.001454,-0.007473,0
2015-07-27,Mon,7,retail,food,utilities,trading,banks,electronics,0.197836,0.178609,-0.01647,-0.001644,-0.014826,-0.01647,0
2015-07-28,Tue,7,utilities,food,pharma,banks,energy,trading,0.472853,0.460825,0.016315,0.001011,0.015305,0.016315,1
2015-07-29,Wed,7,electronics,banks,trading,utilities,food,retail,0.208524,0.185166,0.001544,0.004751,-0.003207,0.001544,0
2015-07-30,Thu,7,electronics,banks,trading,utilities,food,retail,0.239766,0.23484,0.003239,-0.00438,0.007618,0.003239,1
2015-07-31,Fri,7,utilities,food,pharma,banks,trading,energy,0.020396,0.019423,0.010095,0.003475,0.00662,0.010095,1
2015-08-03,Mon,8,utilities,food,pharma,banks,energy,trading,0.53729,0.523077,0.004399,-0.009884,0.014283,0.004399,1
2015-08-04,Tue,8,utilities,food,retail,energy,banks,trading,0.331758,0.322387,0.010006,-0.012549,0.022555,0.010006,1
2015-08-05,Wed,8,trading,energy,banks,pharma,food,utilities,0.428126,0.415889,0.008153,-0.002422,0.010576,0.008153,1
2015-08-06,Thu,8,utilities,food,pharma,banks,energy,trading,0.356353,0.343603,-0.006502,0.004821,-0.011324,-0.006502,0
2015-08-07,Fri,8,trading,energy,banks,pharma,food,utilities,0.719598,0.693848,0.004024,-0.005472,0.009496,0.004024,1
2015-08-10,Mon,8,utilities,pharma,retail,electronics,energy,trading,0.395762,0.382852,0.011013,-0.002433,0.013445,0.011013,1
2015-08-11,Tue,8,trading,electronics,energy,pharma,utilities,retail,0.614297,0.602852,0.003038,-0.018071,0.021109,0.003038,1
2015-08-12,Wed,8,energy,trading,construction,pharma,food,utilities,0.043814,0.03294,-0.008959,-0.002859,-0.0061,-0.008959,0
2015-08-13,Thu,8,utilities,pharma,food,electronics,trading,energy,0.168136,0.156943,0.014488,0.004079,0.01041,0.014488,1
2015-08-14,Fri,8,energy,trading,electronics,food,pharma,utilities,0.046046,0.042262,-0.007086,-0.001709,-0.005378,-0.007086,0
2015-08-17,Mon,8,utilities,pharma,food,electronics,trading,energy,0.101592,0.090954,0.006088,-0.004925,0.011013,0.006088,1
2015-08-18,Tue,8,utilities,pharma,food,electronics,trading,energy,0.162324,0.147435,-0.001083,-0.004274,0.00319,-0.001083,1
2015-08-19,Wed,8,trading,energy,electronics,food,pharma,utilities,0.148888,0.138505,-0.009312,-0.004112,-0.005199,-0.009312,0
2015-08-20,Thu,8,retail,utilities,pharma,banks,electronics,trading,0.272718,0.266931,-0.004687,-0.011925,0.007238,-0.004687,1
2015-08-21,Fri,8,energy,trading,electronics,pharma,food,utilities,0.277967,0.238176,-0.011153,-0.021056,0.009902,-0.011153,1
2015-08-24,Mon,8,energy,trading,electronics,pharma,food,utilities,0.593722,0.530827,-0.022862,-0.029363,0.006501,-0.022862,1
2015-08-25,Tue,8,energy,trading,electronics,pharma,food,utilities,0.76456,0.674138,0.013928,-0.016545,0.030473,0.013928,1
2015-08-26,Wed,8,energy,trading,electronics,pharma,food,utilities,0.310549,0.284078,0.009448,0.019294,-0.009846,0.009448,0
2015-08-27,Thu,8,utilities,food,pharma,electronics,trading,energy,0.763676,0.693282,-0.007378,-0.008229,0.000851,-0.007378,1
2015-08-28,Fri,8,banks,electronics,trading,food,pharma,retail,0.303621,0.274668,0.004897,-0.014011,0.018907,0.004897,1
2015-08-31,Mon,8,trading,energy,electronics,retail,pharma,utilities,0.315115,0.304901,-0.015125,-0.002986,-0.012139,-0.015125,0
2015-09-01,Tue,9,energy,trading,electronics,food,pharma,utilities,0.542262,0.518781,-0.028144,-0.040829,0.012685,-0.028144,1
2015-09-02,Wed,9,energy,trading,electronics,pharma,food,utilities,0.365971,0.329144,-0.016703,0.016549,-0.033252,-0.016703,0
2015-09-03,Thu,9,utilities,food,pharma,electronics,trading,energy,0.300907,0.276097,0.004977,0.013842,-0.008865,0.004977,0
2015-09-04,Fri,9,banks,electronics,trading,pharma,utilities,retail,0.073221,0.071992,-0.029169,-0.013909,-0.01526,-0.029169,0
2015-09-08,Tue,9,energy,trading,electronics,pharma,food,utilities,0.195429,0.177686,-0.012717,-0.040055,0.027339,-0.012717,1
2015-09-09,Wed,9,utilities,food,pharma,electronics,trading,energy,0.473904,0.437813,0.009712,0.010516,-0.000804,0.009712,0
2015-09-10,Thu,9,energy,trading,electronics,pharma,food,utilities,0.311271,0.290082,-0.012552,0.000769,-0.013322,-0.012552,0
2015-09-11,Fri,9,utilities,retail,food,electronics,trading,energy,0.049888,0.043862,0.003775,-0.006224,0.009999,0.003775,1
2015-09-14,Mon,9,utilities,retail,pharma,electronics,trading,energy,0.276065,0.26285,-0.002527,-0.013868,0.011341,-0.002527,1
2015-09-15,Tue,9,pharma,utilities,food,electronics,banks,trading,0.089541,0.087575,0.00867,0.000404,0.008266,0.00867,1
2015-09-16,Wed,9,utilities,retail,food,electronics,trading,energy,0.160273,0.14248,-0.021691,-0.002766,-0.018925,-0.021691,0
2015-09-17,Thu,9,banks,trading,electronics,retail,food,pharma,0.112087,0.105749,-0.001985,-0.006732,0.004748,-0.001985,1
2015-09-18,Fri,9,utilities,pharma,retail,electronics,trading,energy,0.309643,0.300317,-0.013107,-0.021216,0.008109,-0.013107,1
2015-09-24,Thu,9,pharma,food,retail,electronics,trading,banks,0.072316,0.061862,-0.008178,-0.008117,-6.1e-05,-0.008178,0
2015-09-25,Fri,9,utilities,pharma,retail,electronics,energy,trading,0.030263,0.029248,0.011741,0.00486,0.006882,0.011741,1
2015-09-28,Mon,9,trading,energy,electronics,retail,pharma,utilities,0.244776,0.236637,-0.012283,-0.003648,-0.008635,-0.012283,0
2015-09-29,Tue,9,energy,construction,electronics,food,retail,utilities,0.071244,0.052826,-0.029475,-0.021618,-0.007858,-0.029475,0
2015-09-30,Wed,9,trading,electronics,banks,retail,utilities,pharma,0.036078,0.034848,0.014702,0.007887,0.006814,0.014702,1
2015-10-01,Thu,10,utilities,retail,food,trading,electronics,energy,0.161427,0.139896,-0.004631,0.017515,-0.022146,-0.004631,0
2015-10-02,Fri,10,trading,energy,electronics,retail,pharma,utilities,0.189853,0.183958,-0.008826,-0.012106,0.00328,-0.008826,1
2015-10-05,Mon,10,utilities,retail,food,trading,electronics,energy,0.079659,0.063139,-0.002577,0.015215,-0.017793,-0.002577,0
2015-10-06,Tue,10,trading,banks,electronics,retail,food,pharma,0.105762,0.098243,-0.000198,-0.010767,0.010569,-0.000198,1
2015-10-07,Wed,10,energy,trading,electronics,food,retail,utilities,0.562536,0.543028,0.018792,-0.006034,0.024826,0.018792,1
2015-10-08,Thu,10,trading,banks,electronics,retail,food,pharma,0.032337,0.028925,-0.000319,-0.021446,0.021127,-0.000319,1
2015-10-09,Fri,10,utilities,retail,food,trading,electronics,energy,0.051467,0.041585,0.013638,0.011002,0.002635,0.013638,1
2015-10-13,Tue,10,utilities,retail,pharma,trading,electronics,energy,0.128865,0.125621,0.005517,-0.012628,0.018144,0.005517,1
2015-10-14,Wed,10,energy,electronics,trading,food,retail,utilities,0.078342,0.07041,-0.015713,-0.007323,-0.00839,-0.015713,0
2015-10-15,Thu,10,energy,electronics,trading,pharma,retail,utilities,0.410361,0.398576,0.013449,0.018626,-0.005177,0.013449,0
2015-10-16,Fri,10,utilities,retail,food,trading,electronics,energy,0.253396,0.237419,0.003521,0.00351,1.1e-05,0.003521,1
2015-10-19,Mon,10,energy,trading,electronics,pharma,retail,utilities,1.057126,1.035002,-0.00237,-0.003961,0.00159,-0.00237,1
2015-10-20,Tue,10,utilities,retail,pharma,trading,electronics,energy,0.152738,0.148919,-0.00827,-0.008549,0.000279,-0.00827,1
2015-10-21,Wed,10,energy,electronics,trading,pharma,retail,utilities,0.168042,0.164707,0.01809,0.00211,0.01598,0.01809,1
2015-10-22,Thu,10,pharma,food,utilities,electronics,energy,trading,0.076323,0.073404,-0.00156,-0.001914,0.000355,-0.00156,1
2015-10-23,Fri,10,trading,banks,energy,utilities,food,pharma,0.146961,0.136015,-0.00463,0.008652,-0.013282,-0.00463,0
2015-10-26,Mon,10,utilities,retail,pharma,trading,electronics,energy,0.295656,0.289327,0.005696,0.004975,0.000721,0.005696,1
2015-10-27,Tue,10,utilities,pharma,retail,electronics,trading,energy,0.19082,0.188108,0.003961,-0.008373,0.012334,0.003961,1
2015-10-28,Wed,10,utilities,retail,pharma,electronics,trading,energy,0.245976,0.241701,-0.001215,0.002001,-0.003216,-0.001215,0
2015-10-29,Thu,10,energy,trading,electronics,retail,pharma,utilities,0.349544,0.344832,-0.000551,-0.004323,0.003773,-0.000551,1
2015-10-30,Fri,10,energy,electronics,trading,pharma,retail,utilities,0.134661,0.132148,0.007734,0.018813,-0.011078,0.007734,0
2015-11-02,Mon,11,pharma,food,utilities,energy,banks,trading,0.025397,0.023006,-0.022541,-0.022014,-0.000527,-0.022541,0
2015-11-04,Wed,11,retail,utilities,food,banks,electronics,energy,0.044346,0.038948,-0.012033,0.001687,-0.01372,-0.012033,0
2015-11-05,Thu,11,utilities,pharma,retail,electronics,trading,energy,0.214218,0.210805,0.010411,0.004122,0.006289,0.010411,1
2015-11-06,Fri,11,steel,pharma,food,trading,materials,retail,0.003969,0.003344,-0.000348,0.002447,-0.002796,-0.000348,0
2015-11-09,Mon,11,food,pharma,utilities,electronics,energy,trading,0.129621,0.124678,0.000635,-0.001784,0.00242,0.000635,1
2015-11-10,Tue,11,pharma,food,utilities,electronics,energy,trading,0.107602,0.104371,0.005786,0.002501,0.003285,0.005786,1
2015-11-11,Wed,11,trading,energy,banks,utilities,food,pharma,0.010058,0.007919,0.011078,0.002315,0.008763,0.011078,1
2015-11-12,Thu,11,utilities,pharma,food,electronics,trading,energy,0.093868,0.092458,-0.002704,-0.000591,-0.002113,-0.002704,0
2015-11-13,Fri,11,pharma,food,utilities,electronics,energy,trading,0.060568,0.053489,0.00176,-0.004222,0.005982,0.00176,1
2015-11-16,Mon,11,energy,electronics,trading,food,utilities,retail,0.175282,0.168468,0.016315,-0.004601,0.020915,0.016315,1
2015-11-17,Tue,11,retail,utilities,food,banks,electronics,energy,0.180579,0.171223,0.007313,0.004475,0.002837,0.007313,1
2015-11-18,Wed,11,energy,electronics,trading,food,retail,utilities,0.264036,0.259402,-0.006335,-0.006951,0.000616,-0.006335,1
2015-11-19,Thu,11,trading,energy,electronics,utilities,food,pharma,0.057906,0.051797,0.007791,0.001418,0.006373,0.007791,1
2015-11-20,Fri,11,utilities,retail,food,trading,electronics,energy,0.063035,0.06194,-0.002685,0.003212,-0.005897,-0.002685,0
2015-11-24,Tue,11,retail,utilities,food,trading,electronics,energy,0.079949,0.077998,-0.000183,0.000847,-0.00103,-0.000183,0
2015-11-25,Wed,11,utilities,food,retail,trading,electronics,energy,0.057691,0.056851,0.003181,0.005252,-0.002071,0.003181,0
2015-11-27,Fri,11,utilities,food,pharma,trading,electronics,energy,0.084444,0.083585,-0.008092,0.002426,-0.010518,-0.008092,0
2015-11-30,Mon,11,utilities,retail,food,trading,energy,electronics,0.047594,0.046887,-0.016686,-0.000265,-0.016421,-0.016686,0
2015-12-01,Tue,12,energy,electronics,trading,pharma,utilities,retail,0.285226,0.280865,0.006385,0.007125,-0.00074,0.006385,0
2015-12-02,Wed,12,retail,machinery,food,construction,energy,banks,0.032411,0.02097,-0.003846,0.003015,-0.006861,-0.003846,0
2015-12-03,Thu,12,food,utilities,pharma,electronics,energy,trading,0.28199,0.276265,-0.001614,0.009014,-0.010628,-0.001614,0
2015-12-04,Fri,12,utilities,food,pharma,electronics,energy,trading,0.157888,0.151565,-0.004139,-0.007717,0.003578,-0.004139,1
2015-12-07,Mon,12,retail,pharma,utilities,electronics,energy,banks,0.298902,0.272298,-0.001166,-0.00131,0.000144,-0.001166,1
2015-12-08,Tue,12,utilities,retail,food,trading,electronics,energy,0.564798,0.554423,-0.001072,-0.006693,0.005621,-0.001072,1
2015-12-09,Wed,12,utilities,food,pharma,electronics,trading,energy,0.319259,0.311959,-0.011058,0.003039,-0.014097,-0.011058,0
2015-12-10,Thu,12,energy,electronics,trading,food,utilities,retail,0.665753,0.63906,0.002874,0.005406,-0.002532,0.002874,0
2015-12-11,Fri,12,banks,electronics,energy,utilities,pharma,retail,0.017629,0.014064,0.005123,0.003175,0.001948,0.005123,1
2015-12-14,Mon,12,utilities,food,pharma,electronics,trading,energy,0.310216,0.299876,-0.007603,0.008717,-0.016319,-0.007603,0
2015-12-15,Tue,12,retail,utilities,pharma,banks,electronics,energy,0.377848,0.359034,-0.003978,-0.010425,0.006447,-0.003978,1
2015-12-16,Wed,12,energy,electronics,trading,food,retail,utilities,0.294013,0.28309,0.002621,0.002237,0.000384,0.002621,1
2015-12-17,Thu,12,retail,pharma,food,electronics,banks,energy,0.428081,0.410144,0.001197,0.00292,-0.001723,0.001197,0
2015-12-18,Fri,12,utilities,food,pharma,electronics,trading,energy,0.108318,0.1012,0.010734,-0.016494,0.027229,0.010734,1
2015-12-21,Mon,12,banks,electronics,energy,utilities,pharma,retail,0.10624,0.090406,0.005907,-0.00401,0.009917,0.005907,1
2015-12-22,Tue,12,retail,pharma,food,energy,electronics,banks,0.093102,0.08627,0.001227,0.005962,-0.004735,0.001227,0
2015-12-24,Thu,12,trading,energy,electronics,pharma,food,utilities,0.0346,0.029914,-0.002798,-0.007127,0.004328,-0.002798,1
2015-12-28,Mon,12,food,pharma,utilities,electronics,trading,energy,0.050544,0.047679,0.012668,0.006116,0.006551,0.012668,1
2015-12-29,Tue,12,food,pharma,retail,electronics,trading,energy,0.179813,0.17261,0.010884,-0.001803,0.012688,0.010884,1
2015-12-30,Wed,12,energy,trading,electronics,utilities,construction,food,0.025862,0.020583,0.001195,0.007306,-0.006111,0.001195,0
2016-01-04,Mon,1,food,pharma,utilities,banks,trading,energy,0.058508,0.053394,-0.024814,-0.001813,-0.023001,-0.024814,0
2016-01-05,Tue,1,food,utilities,pharma,banks,energy,trading,0.072469,0.06259,-0.012635,0.01058,-0.023215,-0.012635,0
2016-01-06,Wed,1,energy,trading,electronics,retail,food,pharma,0.212364,0.201813,-0.013401,0.000792,-0.014193,-0.013401,0
2016-01-07,Thu,1,pharma,food,retail,banks,trading,energy,0.535487,0.506031,0.000676,-0.01805,0.018726,0.000676,1
2016-01-08,Fri,1,food,pharma,utilities,banks,trading,energy,0.141902,0.131978,0.026666,-0.005697,0.032363,0.026666,1
2016-01-12,Tue,1,pharma,utilities,food,banks,trading,energy,0.102049,0.092791,-0.019609,-0.036413,0.016804,-0.019609,1
2016-01-13,Wed,1,retail,pharma,food,banks,electronics,energy,0.224997,0.216291,0.007015,0.005209,0.001806,0.007015,1
2016-01-14,Thu,1,electronics,banks,energy,pharma,food,retail,0.155513,0.128188,-0.014064,-0.00774,-0.006323,-0.014064,0
2016-01-15,Fri,1,retail,pharma,food,construction,banks,electronics,0.066869,0.045012,-0.00304,-0.015706,0.012666,-0.00304,1
2016-01-19,Tue,1,food,construction,utilities,materials,it_services,energy,0.033123,0.028366,-0.003805,-0.005822,0.002016,-0.003805,1
2016-01-20,Wed,1,pharma,retail,utilities,trading,banks,energy,0.530307,0.5131,-0.027502,-0.032619,0.005118,-0.027502,1
2016-01-21,Thu,1,food,utilities,pharma,banks,trading,energy,0.170181,0.158511,-0.005697,-0.016353,0.010655,-0.005697,1
2016-01-22,Fri,1,energy,banks,trading,utilities,food,pharma,0.370671,0.355286,0.014643,0.023275,-0.008632,0.014643,0
2016-01-25,Mon,1,energy,banks,trading,utilities,pharma,food,0.090497,0.073645,0.006564,-0.006821,0.013385,0.006564,1
2016-01-26,Tue,1,pharma,food,utilities,trading,banks,energy,0.374703,0.355161,-0.000853,-0.010453,0.009601,-0.000853,1
2016-01-27,Wed,1,energy,banks,trading,retail,food,pharma,0.377797,0.359892,0.006943,0.008191,-0.001248,0.006943,0
2016-01-28,Thu,1,electronics,banks,trading,pharma,retail,utilities,0.133217,0.130713,-0.001049,-0.00439,0.003341,-0.001049,1
2016-01-29,Fri,1,utilities,pharma,retail,trading,banks,electronics,0.032675,0.029027,0.019891,-0.00014,0.020032,0.019891,1
2016-02-01,Mon,2,utilities,retail,pharma,trading,banks,electronics,0.171513,0.157332,0.011291,-0.008336,0.019628,0.011291,1
2016-02-02,Tue,2,utilities,retail,food,trading,banks,electronics,0.039931,0.035548,0.005091,-0.004909,0.010001,0.005091,1
2016-02-03,Wed,2,pharma,food,retail,banks,trading,energy,0.166453,0.158513,-0.000169,-0.006332,0.006163,-0.000169,1
2016-02-04,Thu,2,energy,banks,trading,retail,utilities,pharma,0.471358,0.459005,-0.00988,-0.014347,0.004467,-0.00988,1
2016-02-05,Fri,2,energy,banks,trading,retail,utilities,pharma,0.653781,0.644451,0.001223,-0.018034,0.019258,0.001223,1
2016-02-08,Mon,2,pharma,food,retail,trading,realestate,energy,0.049368,0.039024,0.013276,0.011728,0.001548,0.013276,1
2016-02-09,Tue,2,pharma,retail,food,trading,banks,energy,0.597372,0.572122,-0.016767,-0.028483,0.011716,-0.016767,1
2016-02-10,Wed,2,utilities,pharma,retail,electronics,banks,energy,0.203777,0.200735,-0.037333,-0.029698,-0.007635,-0.037333,0
2016-02-12,Fri,2,energy,banks,trading,utilities,food,pharma,0.01629,0.01419,-0.018652,-0.002206,-0.016447,-0.018652,0
2016-02-16,Tue,2,energy,banks,trading,food,utilities,pharma,0.566186,0.533787,0.022098,-0.00111,0.023208,0.022098,1
2016-02-17,Wed,2,utilities,retail,food,trading,banks,electronics,0.159682,0.149839,-0.021856,-0.007666,-0.01419,-0.021856,0
2016-02-18,Thu,2,energy,banks,trading,utilities,retail,pharma,0.40831,0.389999,-0.007261,-0.002795,-0.004467,-0.007261,0
2016-02-19,Fri,2,pharma,utilities,retail,electronics,banks,energy,0.047622,0.046876,0.002812,-0.016343,0.019155,0.002812,1
2016-02-22,Mon,2,electronics,banks,trading,food,retail,utilities,0.01286,0.012,0.003393,0.00209,0.001302,0.003393,1
2016-02-23,Tue,2,energy,banks,trading,utilities,food,pharma,0.167486,0.15656,-0.009413,-0.011078,0.001665,-0.009413,1
2016-02-24,Wed,2,pharma,food,utilities,trading,banks,energy,0.326596,0.316705,-0.009151,-0.003302,-0.005849,-0.009151,0
2016-02-25,Thu,2,realestate,transport,retail,banks,trading,electronics,0.013677,0.010211,0.016802,0.017688,-0.000886,0.016802,0
2016-02-26,Fri,2,retail,utilities,food,energy,banks,electronics,0.178384,0.172293,0.011489,-0.014806,0.026295,0.011489,1
2016-02-29,Mon,2,energy,banks,electronics,retail,utilities,pharma,0.939885,0.926238,-0.003901,-0.020443,0.016542,-0.003901,1
2016-03-01,Tue,3,electronics,banks,energy,food,retail,utilities,0.069908,0.065846,0.008192,0.004026,0.004166,0.008192,1
2016-03-02,Wed,3,energy,banks,trading,utilities,food,pharma,0.365464,0.349556,0.009289,0.017131,-0.007842,0.009289,0
2016-03-03,Thu,3,energy,banks,trading,utilities,food,pharma,0.188545,0.183046,0.029256,0.015667,0.013589,0.029256,1
2016-03-04,Fri,3,energy,banks,trading,utilities,food,pharma,0.125315,0.121012,0.020264,0.001603,0.018661,0.020264,1
2016-03-07,Mon,3,banks,energy,trading,retail,food,pharma,0.052606,0.049412,-0.005566,0.002494,-0.008059,-0.005566,0
2016-03-08,Tue,3,energy,banks,electronics,utilities,food,pharma,0.239755,0.234915,-0.01696,-0.001007,-0.015953,-0.01696,0
2016-03-09,Wed,3,pharma,food,retail,trading,banks,energy,0.484802,0.471981,-0.001851,-7.7e-05,-0.001774,-0.001851,0
2016-03-10,Thu,3,food,utilities,retail,banks,trading,electronics,0.08137,0.077756,-0.006289,0.000544,-0.006834,-0.006289,0
2016-03-11,Fri,3,energy,banks,electronics,utilities,food,pharma,0.026909,0.026518,0.013302,0.001011,0.01229,0.013302,1
2016-03-14,Mon,3,energy,banks,trading,retail,food,pharma,0.358068,0.343245,0.008484,0.008816,-0.000332,0.008484,0
2016-03-15,Tue,3,pharma,food,utilities,trading,energy,banks,0.030812,0.029515,0.000913,-0.006282,0.007195,0.000913,1
2016-03-16,Wed,3,banks,electronics,energy,utilities,pharma,food,0.163316,0.161972,-0.007003,-0.002243,-0.00476,-0.007003,0
2016-03-17,Thu,3,food,utilities,pharma,energy,banks,electronics,0.21164,0.206987,-0.003623,-0.011368,0.007745,-0.003623,1
2016-03-18,Fri,3,banks,energy,electronics,utilities,food,pharma,0.590359,0.575811,-0.020312,-0.008657,-0.011655,-0.020312,0
2016-03-22,Tue,3,banks,energy,electronics,utilities,food,pharma,0.068193,0.0667,-0.001666,0.007942,-0.009608,-0.001666,0
2016-03-23,Wed,3,pharma,food,utilities,trading,energy,banks,0.107918,0.104288,0.001099,-0.002645,0.003744,0.001099,1
2016-03-24,Thu,3,pharma,food,utilities,electronics,energy,banks,0.28578,0.278598,0.005599,-0.009542,0.01514,0.005599,1
2016-03-28,Mon,3,pharma,food,utilities,trading,energy,banks,0.024986,0.024277,0.006905,-0.004567,0.011472,0.006905,1
2016-03-29,Tue,3,banks,energy,electronics,utilities,pharma,food,0.146239,0.144204,-0.004987,0.004544,-0.009531,-0.004987,0
2016-03-30,Wed,3,utilities,food,pharma,banks,trading,electronics,0.295755,0.288031,-0.00806,-0.005645,-0.002415,-0.00806,0
2016-03-31,Thu,3,utilities,food,retail,banks,trading,electronics,0.013846,0.012219,-0.002503,0.002495,-0.004998,-0.002503,0
2016-04-01,Fri,4,electronics,trading,banks,retail,food,utilities,0.032102,0.030241,-0.030405,-0.028548,-0.001856,-0.030405,0
2016-04-04,Mon,4,utilities,food,pharma,energy,banks,electronics,0.277457,0.274677,0.016058,-0.007845,0.023903,0.016058,1
2016-04-05,Tue,4,pharma,food,utilities,electronics,energy,banks,0.201511,0.194942,-1.2e-05,-0.018577,0.018565,-1.2e-05,1
2016-04-06,Wed,4,electronics,banks,trading,pharma,food,utilities,0.357412,0.348907,-0.000672,0.005872,-0.006544,-0.000672,0
2016-04-07,Thu,4,utilities,food,pharma,banks,trading,electronics,0.160567,0.152345,0.003874,0.007847,-0.003972,0.003874,0
2016-04-08,Fri,4,electronics,trading,banks,retail,food,utilities,0.076322,0.065458,0.008537,0.00957,-0.001033,0.008537,0
2016-04-11,Mon,4,banks,energy,electronics,utilities,food,pharma,0.182686,0.177862,-0.008279,-0.002565,-0.005714,-0.008279,0
2016-04-12,Tue,4,electronics,banks,energy,pharma,utilities,food,0.348979,0.341992,0.026033,0.007766,0.018267,0.026033,1
2016-04-13,Wed,4,banks,energy,trading,retail,food,pharma,0.119827,0.11318,0.006071,0.005302,0.000769,0.006071,1
2016-04-14,Thu,4,banks,energy,electronics,retail,pharma,food,0.31592,0.307216,0.013421,0.006639,0.006782,0.013421,1
2016-04-15,Fri,4,electronics,trading,banks,pharma,utilities,food,0.109244,0.104589,-0.004595,0.001067,-0.005662,-0.004595,0
2016-04-18,Mon,4,food,pharma,utilities,energy,electronics,banks,0.143135,0.138703,-0.003236,-0.006862,0.003626,-0.003236,1
2016-04-19,Tue,4,food,utilities,retail,energy,trading,electronics,0.058788,0.052336,0.001225,-0.004115,0.005339,0.001225,1
2016-04-20,Wed,4,banks,electronics,energy,utilities,pharma,food,0.417854,0.404608,0.004725,-0.010976,0.015701,0.004725,1
2016-04-21,Thu,4,electronics,banks,trading,retail,utilities,food,0.551969,0.530962,0.000281,0.003174,-0.002893,0.000281,0
2016-04-22,Fri,4,electronics,trading,energy,utilities,retail,food,0.247407,0.226893,0.005729,-0.001659,0.007387,0.005729,1
2016-04-25,Mon,4,banks,energy,electronics,pharma,utilities,food,0.321814,0.31197,-0.008017,-0.009414,0.001397,-0.008017,1
2016-04-26,Tue,4,food,pharma,utilities,electronics,energy,banks,0.222619,0.214067,0.002389,-0.003845,0.006234,0.002389,1
2016-04-27,Wed,4,banks,energy,electronics,pharma,utilities,food,0.415174,0.399738,-0.012828,0.000121,-0.012949,-0.012828,0
2016-04-28,Thu,4,food,retail,utilities,banks,trading,electronics,0.07002,0.066046,-0.00942,-0.0333,0.023881,-0.00942,1
2016-05-02,Mon,5,pharma,utilities,food,trading,energy,banks,0.144792,0.128985,0.013227,-0.015449,0.028676,0.013227,1
2016-05-06,Fri,5,food,retail,pharma,trading,energy,electronics,0.330527,0.321928,0.001779,-0.016973,0.018752,0.001779,1
2016-05-09,Mon,5,banks,energy,electronics,utilities,pharma,food,0.10976,0.107208,0.003081,0.004855,-0.001774,0.003081,0
2016-05-10,Tue,5,food,pharma,retail,electronics,energy,banks,0.556701,0.543644,0.00363,-0.000927,0.004558,0.00363,1
2016-05-11,Wed,5,banks,transport,finance,utilities,pharma,materials,0.030124,0.023197,-0.002716,0.004043,-0.006759,-0.002716,0
2016-05-12,Thu,5,trading,electronics,energy,retail,food,transport,0.037253,0.032736,0.000289,0.001236,-0.000948,0.000289,0
2016-05-13,Fri,5,utilities,pharma,food,electronics,energy,banks,0.008818,0.0075,-0.004005,-0.005072,0.001066,-0.004005,1
2016-05-16,Mon,5,retail,pharma,utilities,electronics,energy,banks,0.176618,0.160269,-0.005775,-0.005067,-0.000708,-0.005775,0
2016-05-17,Tue,5,transport,banks,finance,pharma,utilities,materials,0.026724,0.020669,0.003476,0.00095,0.002527,0.003476,1
2016-05-18,Wed,5,electronics,trading,energy,pharma,retail,food,0.604082,0.572621,0.010104,-0.007039,0.017143,0.010104,1
2016-05-19,Thu,5,electronics,trading,energy,retail,transport,food,0.040189,0.035768,-0.004866,-0.003599,-0.001268,-0.004866,0
2016-05-20,Fri,5,food,pharma,retail,trading,electronics,banks,0.301949,0.294057,0.001645,0.001637,8e-06,0.001645,1
2016-05-23,Mon,5,banks,transport,energy,materials,pharma,utilities,0.018317,0.014315,-0.009997,-0.0053,-0.004697,-0.009997,0
2016-05-24,Tue,5,electronics,energy,trading,pharma,retail,food,0.277662,0.266873,0.00468,0.005286,-0.000606,0.00468,0
2016-05-25,Wed,5,food,retail,pharma,energy,trading,electronics,0.447928,0.422453,-0.008455,-0.00701,-0.001445,-0.008455,0
2016-05-26,Thu,5,banks,energy,trading,pharma,retail,food,0.288875,0.280863,-0.006409,0.001094,-0.007503,-0.006409,0
2016-05-27,Fri,5,food,retail,pharma,electronics,trading,banks,0.623238,0.608682,-0.000165,-0.006524,0.006359,-0.000165,1
2016-05-31,Tue,5,food,retail,pharma,energy,trading,electronics,0.112172,0.10723,0.003538,0.0,0.003538,0.003538,1
2016-06-01,Wed,6,food,retail,pharma,trading,energy,banks,0.239288,0.233528,-0.015507,-0.003937,-0.01157,-0.015507,0
2016-06-02,Thu,6,food,retail,pharma,energy,trading,banks,0.277587,0.271198,-0.013428,-0.026928,0.0135,-0.013428,1
2016-06-03,Fri,6,food,retail,pharma,electronics,energy,trading,0.101982,0.098266,0.001494,0.000704,0.00079,0.001494,1
2016-06-06,Mon,6,food,retail,pharma,trading,energy,banks,0.399704,0.392031,0.006341,-0.005513,0.011854,0.006341,1
2016-06-07,Tue,6,banks,trading,energy,pharma,retail,food,0.352461,0.345211,0.002096,0.000165,0.001932,0.002096,1
2016-06-08,Wed,6,banks,energy,trading,pharma,retail,food,0.242841,0.238867,0.014249,0.005771,0.008478,0.014249,1
2016-06-09,Thu,6,food,retail,pharma,banks,trading,energy,0.188934,0.184556,0.006033,0.001112,0.00492,0.006033,1
2016-06-10,Fri,6,retail,food,pharma,energy,trading,banks,0.478265,0.464896,-0.000327,-0.002836,0.002509,-0.000327,1
2016-06-13,Mon,6,retail,pharma,utilities,electronics,trading,banks,0.390984,0.375551,-0.011379,-0.020855,0.009476,-0.011379,1
2016-06-14,Tue,6,energy,trading,electronics,pharma,retail,food,0.140738,0.123597,-0.011997,-0.017929,0.005932,-0.011997,1
2016-06-15,Wed,6,retail,food,pharma,electronics,trading,banks,0.631127,0.614865,0.008063,-0.001198,0.009261,0.008063,1
2016-06-16,Thu,6,banks,trading,electronics,pharma,food,retail,0.453488,0.4441,-0.025948,-0.018121,-0.007827,-0.025948,0
2016-06-17,Fri,6,food,retail,pharma,energy,banks,trading,0.216082,0.211279,0.001382,-0.005249,0.006631,0.001382,1
2016-06-20,Mon,6,banks,trading,energy,pharma,retail,food,0.422704,0.414464,0.000448,0.005549,-0.005101,0.000448,0
2016-06-21,Tue,6,banks,electronics,trading,utilities,retail,pharma,0.107027,0.101585,-0.00522,0.005778,-0.010998,-0.00522,0
2016-06-22,Wed,6,banks,trading,electronics,food,pharma,retail,0.128244,0.124958,-0.003123,0.001508,-0.00463,-0.003123,0
2016-06-23,Thu,6,pharma,retail,utilities,trading,electronics,banks,0.023719,0.020745,0.002201,0.014226,-0.012025,0.002201,0
2016-06-24,Fri,6,banks,electronics,trading,utilities,retail,pharma,0.23762,0.219937,-0.054535,-0.043177,-0.011357,-0.054535,0
2016-06-27,Mon,6,pharma,retail,utilities,trading,electronics,banks,0.771022,0.723695,0.029801,5.2e-05,0.029749,0.029801,1
2016-06-28,Tue,6,retail,pharma,food,trading,electronics,banks,0.930564,0.89258,0.017758,0.005154,0.012605,0.017758,1
2016-06-29,Wed,6,banks,electronics,trading,utilities,pharma,retail,0.27056,0.256198,-0.003901,0.009085,-0.012986,-0.003901,0
2016-06-30,Thu,6,banks,electronics,trading,utilities,pharma,retail,0.205824,0.194819,-0.00787,-0.00029,-0.007581,-0.00787,0
2016-07-01,Fri,7,food,pharma,retail,banks,trading,energy,0.494877,0.469094,0.002579,0.002879,-0.0003,0.002579,0
2016-07-05,Tue,7,food,retail,pharma,banks,trading,energy,0.035926,0.034614,0.002047,-0.002421,0.004469,0.002047,1
2016-07-06,Wed,7,retail,food,pharma,trading,electronics,banks,0.631426,0.617795,-0.004554,-0.021897,0.017343,-0.004554,1
2016-07-07,Thu,7,food,retail,pharma,trading,banks,energy,0.169534,0.164376,-0.003367,0.004539,-0.007906,-0.003367,0
2016-07-08,Fri,7,energy,trading,banks,pharma,retail,food,0.188525,0.181756,0.003156,-0.007916,0.011072,0.003156,1
2016-07-11,Mon,7,banks,electronics,trading,utilities,pharma,retail,0.158313,0.143684,0.019938,0.010514,0.009424,0.019938,1
2016-07-12,Tue,7,banks,electronics,trading,pharma,food,retail,0.193956,0.188027,0.024438,0.003981,0.020457,0.024438,1
2016-07-13,Wed,7,banks,electronics,trading,pharma,food,retail,0.785677,0.764091,-0.004624,-0.024868,0.020243,-0.004624,1
2016-07-14,Thu,7,food,retail,pharma,energy,electronics,banks,0.246771,0.239441,0.005162,0.001857,0.003305,0.005162,1
2016-07-15,Fri,7,banks,electronics,trading,pharma,retail,food,0.173999,0.170059,0.002928,-0.004377,0.007305,0.002928,1
2016-07-19,Tue,7,retail,food,pharma,trading,banks,electronics,0.034312,0.033221,0.00465,0.001147,0.003503,0.00465,1
2016-07-20,Wed,7,energy,trading,banks,pharma,utilities,food,0.006236,0.005021,-0.005654,0.001689,-0.007343,-0.005654,0
2016-07-21,Thu,7,food,retail,pharma,energy,trading,banks,0.132949,0.128751,-0.002343,0.007614,-0.009957,-0.002343,0
2016-07-22,Fri,7,retail,food,pharma,trading,electronics,banks,0.237883,0.232266,0.001347,0.004439,-0.003092,0.001347,0
2016-07-25,Mon,7,food,retail,pharma,energy,trading,banks,0.169351,0.161925,-0.00334,-0.002328,-0.001012,-0.00334,0
2016-07-26,Tue,7,retail,food,pharma,trading,electronics,banks,0.176307,0.172347,0.001684,-0.009419,0.011103,0.001684,1
2016-07-27,Wed,7,banks,trading,electronics,pharma,retail,food,0.427827,0.411756,-0.009874,-0.001675,-0.008199,-0.009874,0
2016-07-28,Thu,7,banks,trading,energy,utilities,pharma,food,0.165187,0.158038,-0.006917,-0.01223,0.005313,-0.006917,1
2016-07-29,Fri,7,food,pharma,retail,energy,trading,banks,0.035973,0.03445,0.001706,0.023073,-0.021368,0.001706,0
2016-08-01,Mon,8,food,pharma,retail,energy,trading,banks,0.074565,0.071281,0.006633,0.011014,-0.004381,0.006633,0
2016-08-02,Tue,8,food,retail,pharma,trading,electronics,banks,0.507034,0.496699,-0.005006,-0.018274,0.013268,-0.005006,1
2016-08-03,Wed,8,banks,energy,trading,utilities,pharma,food,0.108831,0.102379,0.000727,-0.015947,0.016674,0.000727,1
2016-08-04,Thu,8,banks,trading,electronics,retail,pharma,food,0.487008,0.477182,-0.003749,-0.014888,0.011139,-0.003749,1
2016-08-05,Fri,8,food,retail,pharma,electronics,banks,trading,0.050021,0.048929,-0.008612,-0.005007,-0.003605,-0.008612,0
2016-08-08,Mon,8,trading,banks,electronics,pharma,retail,food,0.466661,0.453349,0.012435,-0.012487,0.024922,0.012435,1
2016-08-09,Tue,8,trading,banks,energy,retail,pharma,food,0.344681,0.334308,0.006439,0.0,0.006439,0.006439,1
2016-08-10,Wed,8,food,pharma,retail,energy,banks,trading,0.097341,0.095221,0.001282,0.004721,-0.003439,0.001282,0
2016-08-12,Fri,8,food,retail,pharma,electronics,banks,trading,0.180217,0.177591,0.003509,-0.006907,0.010416,0.003509,1
2016-08-15,Mon,8,food,retail,pharma,electronics,banks,trading,0.088071,0.086485,-0.005887,-0.000386,-0.005501,-0.005887,0
2016-08-16,Tue,8,banks,trading,energy,retail,pharma,food,0.544034,0.530551,-0.019197,-0.004442,-0.014755,-0.019197,0
2016-08-17,Wed,8,banks,trading,energy,utilities,pharma,food,0.315087,0.305673,0.024002,-0.000517,0.024519,0.024002,1
2016-08-18,Thu,8,food,pharma,retail,energy,trading,banks,0.231579,0.225725,-0.013116,-0.007166,-0.00595,-0.013116,0
2016-08-19,Fri,8,pharma,food,utilities,energy,trading,banks,0.042968,0.040915,-0.009916,0.012939,-0.022855,-0.009916,0
2016-08-22,Mon,8,banks,trading,energy,utilities,food,pharma,0.115046,0.111029,-0.002967,0.002033,-0.005,-0.002967,0
2016-08-23,Tue,8,food,pharma,retail,energy,trading,banks,0.148601,0.145951,0.005792,-0.001744,0.007536,0.005792,1
2016-08-24,Wed,8,banks,trading,energy,retail,pharma,food,0.27805,0.272709,-0.002179,0.003874,-0.006053,-0.002179,0
2016-08-25,Thu,8,banks,energy,trading,utilities,food,pharma,0.155562,0.150987,-0.003173,-0.003797,0.000624,-0.003173,1
2016-08-26,Fri,8,banks,trading,energy,retail,pharma,food,0.304903,0.298803,-0.002672,-0.009079,0.006408,-0.002672,1
2016-08-29,Mon,8,banks,energy,trading,retail,pharma,food,0.198657,0.193301,0.010887,-0.002099,0.012986,0.010887,1
2016-08-30,Tue,8,electronics,trading,energy,utilities,food,retail,0.085865,0.080652,0.003987,-0.000741,0.004728,0.003987,1
2016-08-31,Wed,8,banks,trading,energy,retail,pharma,food,0.38995,0.381614,0.020326,-0.003497,0.023823,0.020326,1
2016-09-01,Thu,9,food,retail,pharma,energy,banks,trading,0.301697,0.296332,0.001854,-0.001774,0.003628,0.001854,1
2016-09-02,Fri,9,banks,energy,trading,retail,pharma,food,0.045544,0.044178,-0.001199,0.001558,-0.002757,-0.001199,0
2016-09-06,Tue,9,pharma,food,utilities,trading,energy,banks,0.094783,0.090834,0.003374,-0.001235,0.004608,0.003374,1
2016-09-07,Wed,9,food,pharma,utilities,trading,energy,banks,0.132659,0.128931,0.003401,0.004028,-0.000627,0.003401,0
2016-09-08,Thu,9,banks,energy,trading,retail,pharma,food,0.260116,0.254549,-0.005464,-0.001155,-0.004308,-0.005464,0
2016-09-09,Fri,9,banks,energy,trading,utilities,food,pharma,0.084363,0.081899,-0.000708,-0.003393,0.002684,-0.000708,1
2016-09-12,Mon,9,banks,energy,trading,utilities,food,pharma,0.393689,0.374185,-0.009882,-0.006127,-0.003755,-0.009882,0
2016-09-13,Tue,9,food,pharma,retail,trading,banks,energy,0.654554,0.637845,0.00348,-0.001376,0.004856,0.00348,1
2016-09-14,Wed,9,retail,food,pharma,banks,trading,electronics,0.242986,0.2347,-0.001428,-0.002868,0.00144,-0.001428,1
2016-09-15,Thu,9,food,retail,pharma,trading,energy,banks,0.210093,0.206357,-0.001296,-0.00272,0.001424,-0.001296,1
2016-09-16,Fri,9,food,pharma,retail,trading,banks,energy,0.250185,0.244233,-0.000182,0.009104,-0.009286,-0.000182,0
2016-09-20,Tue,9,food,retail,pharma,energy,trading,banks,0.314062,0.308683,0.002114,-0.007249,0.009362,0.002114,1
2016-09-21,Wed,9,food,retail,pharma,energy,banks,trading,0.159631,0.157028,0.011928,0.02888,-0.016952,0.011928,0
2016-09-23,Fri,9,utilities,pharma,food,trading,banks,energy,0.042113,0.03827,-0.001536,-0.003632,0.002096,-0.001536,1
2016-09-26,Mon,9,energy,banks,trading,utilities,food,pharma,0.053078,0.051426,-0.018582,-0.003782,-0.014799,-0.018582,0
2016-09-27,Tue,9,energy,trading,banks,utilities,pharma,food,0.177182,0.172397,0.009687,0.009604,8.3e-05,0.009687,1
2016-09-28,Wed,9,food,pharma,retail,banks,energy,trading,0.144138,0.140061,0.002377,-0.004557,0.006934,0.002377,1
2016-09-29,Thu,9,trading,banks,energy,pharma,retail,food,0.754744,0.731544,-0.003839,-0.002811,-0.001027,-0.003839,0
2016-09-30,Fri,9,trading,energy,banks,utilities,food,pharma,0.265745,0.258045,0.004221,-0.013226,0.017447,0.004221,1
2016-10-03,Mon,10,banks,energy,electronics,pharma,retail,food,0.048147,0.044326,-0.000381,0.002129,-0.00251,-0.000381,0
2016-10-04,Tue,10,steel,trading,electronics,retail,pharma,utilities,0.01831,0.016741,0.003976,-0.00391,0.007886,0.003976,1
2016-10-05,Wed,10,trading,electronics,energy,retail,food,pharma,0.087197,0.083415,0.002704,-0.002488,0.005192,0.002704,1
2016-10-06,Thu,10,trading,energy,banks,pharma,retail,food,0.189226,0.186814,0.006247,-5.5e-05,0.006302,0.006247,1
2016-10-07,Fri,10,trading,energy,banks,pharma,retail,food,0.146424,0.144254,0.000573,-0.003871,0.004444,0.000573,1
2016-10-11,Tue,10,food,retail,pharma,banks,energy,trading,0.285106,0.28162,-0.001565,0.008439,-0.010003,-0.001565,0
2016-10-12,Wed,10,trading,energy,electronics,utilities,retail,food,0.344319,0.337726,0.00166,-0.00311,0.004771,0.00166,1
2016-10-13,Thu,10,retail,food,pharma,electronics,trading,energy,0.122804,0.120597,-0.003547,-0.006944,0.003397,-0.003547,1
2016-10-14,Fri,10,retail,food,pharma,banks,energy,trading,0.329468,0.324561,0.002603,0.005675,-0.003073,0.002603,0
2016-10-17,Mon,10,energy,trading,banks,pharma,retail,food,0.163034,0.159508,0.003276,-0.001583,0.004859,0.003276,1
2016-10-18,Tue,10,steel,electronics,energy,retail,utilities,it_services,0.008823,0.007147,0.000505,0.002991,-0.002486,0.000505,0
2016-10-19,Wed,10,utilities,retail,food,trading,electronics,energy,0.10964,0.105446,0.002747,-0.002549,0.005296,0.002747,1
2016-10-20,Thu,10,energy,trading,banks,retail,food,pharma,0.609558,0.595023,0.003027,0.001217,0.00181,0.003027,1
2016-10-21,Fri,10,food,pharma,retail,banks,trading,energy,0.074385,0.072923,-0.001414,-0.001681,0.000267,-0.001414,1
2016-10-24,Mon,10,pharma,food,retail,electronics,trading,energy,0.057251,0.055443,0.000532,-0.003653,0.004185,0.000532,1
2016-10-25,Tue,10,food,pharma,retail,electronics,trading,energy,0.273348,0.265512,0.002096,-0.003056,0.005152,0.002096,1
2016-10-26,Wed,10,food,pharma,retail,banks,trading,energy,0.272376,0.265589,0.003121,-0.006955,0.010076,0.003121,1
2016-10-27,Thu,10,energy,trading,electronics,retail,food,pharma,0.145621,0.141174,-0.000181,-0.000422,0.000241,-0.000181,1
2016-10-28,Fri,10,food,pharma,retail,banks,trading,energy,0.211102,0.206216,0.002407,0.007447,-0.00504,0.002407,0
2016-10-31,Mon,10,energy,trading,banks,retail,pharma,food,0.219666,0.212736,0.002099,-0.001755,0.003854,0.002099,1
2016-11-01,Tue,11,food,retail,pharma,electronics,trading,energy,0.190629,0.185342,0.001236,-0.000287,0.001523,0.001236,1
2016-11-02,Wed,11,energy,electronics,trading,pharma,utilities,retail,0.136947,0.131541,-0.014455,-0.00476,-0.009695,-0.014455,0
2016-11-04,Fri,11,food,pharma,retail,trading,energy,banks,0.132681,0.126338,-0.012833,-0.007282,-0.005551,-0.012833,0
2016-11-07,Mon,11,energy,banks,trading,retail,pharma,food,0.114927,0.111987,0.006912,0.002559,0.004353,0.006912,1
2016-11-08,Tue,11,retail,utilities,pharma,trading,electronics,energy,0.271682,0.255397,-0.006095,-0.00252,-0.003576,-0.006095,0
2016-11-09,Wed,11,retail,pharma,food,banks,trading,energy,0.173914,0.165114,-0.014127,-0.049424,0.035297,-0.014127,1
2016-11-10,Thu,11,energy,banks,trading,retail,pharma,food,1.14134,1.091301,0.01703,0.009374,0.007656,0.01703,1
2016-11-11,Fri,11,energy,trading,banks,pharma,retail,food,1.48334,1.418133,0.011613,-0.000696,0.012309,0.011613,1
2016-11-14,Mon,11,food,utilities,retail,trading,banks,energy,0.221922,0.208977,0.005612,0.017686,-0.012074,0.005612,0
2016-11-15,Tue,11,energy,trading,banks,retail,utilities,food,0.938703,0.886103,0.007265,0.005038,0.002228,0.007265,1
2016-11-16,Wed,11,food,utilities,retail,banks,trading,energy,0.366192,0.35011,0.000725,0.016514,-0.015788,0.000725,0
2016-11-17,Thu,11,food,retail,utilities,banks,trading,energy,0.411316,0.386709,0.004863,0.000945,0.003918,0.004863,1
2016-11-18,Fri,11,food,utilities,retail,electronics,trading,energy,0.139577,0.134358,-0.006677,0.000242,-0.006919,-0.006677,0
2016-11-21,Mon,11,energy,trading,electronics,retail,utilities,food,0.229645,0.217505,0.010641,0.00499,0.005651,0.010641,1
2016-11-22,Tue,11,utilities,retail,food,electronics,trading,energy,0.086739,0.079396,0.004034,0.006203,-0.002169,0.004034,0
2016-11-25,Fri,11,energy,banks,trading,retail,utilities,food,0.193606,0.181535,-0.004517,0.001864,-0.006381,-0.004517,0
2016-11-28,Mon,11,food,utilities,retail,electronics,trading,energy,0.408157,0.391234,0.007625,-0.002893,0.010518,0.007625,1
2016-11-29,Tue,11,food,utilities,retail,banks,trading,energy,0.553831,0.52504,0.003969,0.005295,-0.001325,0.003969,0
2016-11-30,Wed,11,food,utilities,retail,electronics,trading,energy,0.185888,0.1782,0.002422,0.000521,0.001902,0.002422,1
2016-12-01,Thu,12,energy,trading,electronics,retail,utilities,food,1.633376,1.552972,0.010846,-0.003765,0.014611,0.010846,1
2016-12-02,Fri,12,energy,trading,electronics,retail,utilities,food,0.694179,0.660532,-0.001551,-0.008859,0.007309,-0.001551,1
2016-12-05,Mon,12,food,utilities,retail,electronics,trading,energy,0.38097,0.359969,-0.005828,-0.001564,-0.004264,-0.005828,0
2016-12-06,Tue,12,energy,banks,trading,retail,utilities,food,0.187453,0.173623,0.010688,0.00504,0.005648,0.010688,1
2016-12-07,Wed,12,utilities,retail,food,electronics,energy,trading,0.020462,0.018831,0.008986,0.012266,-0.00328,0.008986,0
2016-12-08,Thu,12,banks,energy,electronics,retail,pharma,food,0.053805,0.041822,0.004556,-0.001636,0.006193,0.004556,1
2016-12-09,Fri,12,energy,trading,banks,retail,utilities,food,0.221833,0.209009,0.018791,0.000736,0.018055,0.018791,1
2016-12-12,Mon,12,food,utilities,retail,banks,trading,energy,0.618407,0.589585,0.015113,-0.011007,0.02612,0.015113,1
2016-12-13,Tue,12,food,utilities,retail,banks,trading,energy,0.292397,0.277359,0.011172,0.008268,0.002903,0.011172,1
2016-12-14,Wed,12,food,utilities,retail,banks,energy,trading,0.417433,0.397977,-0.002125,-0.006973,0.004848,-0.002125,1
2016-12-15,Thu,12,food,retail,pharma,trading,energy,banks,0.142355,0.126418,-0.001452,-0.009629,0.008177,-0.001452,1
2016-12-16,Fri,12,food,utilities,retail,banks,trading,energy,0.210548,0.199755,0.002608,0.007346,-0.004737,0.002608,0
2016-12-19,Mon,12,food,utilities,retail,banks,trading,energy,0.191659,0.180638,0.011313,0.000614,0.010699,0.011313,1
2016-12-20,Tue,12,food,utilities,retail,banks,trading,energy,0.198628,0.188307,0.001336,-0.010569,0.011906,0.001336,1
2016-12-21,Wed,12,energy,banks,trading,utilities,retail,food,0.073971,0.068865,-0.003041,-0.003399,0.000358,-0.003041,1
2016-12-22,Thu,12,food,retail,pharma,trading,energy,banks,0.064355,0.058935,-0.00292,-0.001074,-0.001846,-0.00292,0
2016-12-27,Tue,12,food,retail,utilities,trading,banks,energy,0.155306,0.145109,0.00122,0.001669,-0.000449,0.00122,0
2016-12-28,Wed,12,utilities,food,retail,electronics,banks,trading,0.01535,0.014318,0.001326,0.004615,-0.003288,0.001326,0
2016-12-29,Thu,12,food,retail,utilities,electronics,banks,energy,0.123217,0.110455,-0.001491,-0.007732,0.00624,-0.001491,1
2016-12-30,Fri,12,food,utilities,retail,banks,trading,energy,0.392916,0.373643,-0.003465,0.001719,-0.005184,-0.003465,0
2017-01-04,Wed,1,trading,energy,banks,retail,utilities,food,0.236098,0.22545,0.011267,0.012404,-0.001137,0.011267,0
2017-01-05,Thu,1,energy,banks,trading,retail,utilities,food,0.212955,0.195355,-0.012712,-0.00663,-0.006082,-0.012712,0
2017-01-06,Fri,1,food,utilities,retail,trading,energy,banks,0.421188,0.398701,0.00357,-0.003486,0.007056,0.00357,1
2017-01-10,Tue,1,food,utilities,retail,trading,energy,banks,0.186471,0.178602,-0.00988,-0.004422,-0.005458,-0.00988,0
2017-01-11,Wed,1,food,retail,utilities,trading,banks,energy,0.119485,0.111422,0.0,0.007389,-0.007389,0.0,0
2017-01-12,Thu,1,energy,banks,trading,pharma,retail,food,0.135955,0.126874,0.001205,-0.014988,0.016193,0.001205,1
2017-01-13,Fri,1,food,retail,pharma,trading,banks,energy,0.191667,0.179762,-0.002414,0.008099,-0.010514,-0.002414,0
2017-01-17,Tue,1,food,retail,utilities,trading,banks,energy,0.11189,0.106277,-0.008493,-0.011626,0.003132,-0.008493,1
2017-01-18,Wed,1,food,retail,utilities,trading,banks,energy,0.666328,0.629535,-0.001355,0.01019,-0.011545,-0.001355,0
2017-01-19,Thu,1,energy,banks,trading,utilities,retail,food,0.112128,0.105553,0.005179,-0.001077,0.006257,0.005179,1
2017-01-20,Fri,1,food,pharma,retail,trading,banks,energy,0.074448,0.067639,-0.002861,0.007159,-0.01002,-0.002861,0
2017-01-23,Mon,1,energy,banks,trading,pharma,retail,food,0.067869,0.062171,-0.005166,-0.002958,-0.002208,-0.005166,0
2017-01-24,Tue,1,food,retail,pharma,trading,banks,energy,0.098534,0.091168,-0.000703,-0.003589,0.002886,-0.000703,1
2017-01-25,Wed,1,energy,banks,trading,pharma,retail,food,0.642414,0.604648,-0.006313,-0.006564,0.000251,-0.006313,1
2017-01-26,Thu,1,energy,trading,electronics,utilities,pharma,food,0.044523,0.038561,-0.005005,-0.000259,-0.004745,-0.005005,0
2017-01-27,Fri,1,trading,energy,banks,utilities,retail,food,0.266313,0.254783,0.010005,-0.000682,0.010687,0.010005,1
2017-01-30,Mon,1,food,retail,utilities,banks,trading,energy,0.437639,0.415138,-0.000466,-0.002437,0.001971,-0.000466,1
2017-01-31,Tue,1,food,retail,pharma,banks,trading,energy,0.42769,0.403988,-0.002791,-0.000529,-0.002262,-0.002791,0
2017-02-01,Wed,2,food,retail,utilities,energy,banks,trading,0.607899,0.576557,0.008201,0.007288,0.000913,0.008201,1
2017-02-02,Thu,2,it_services,banks,trading,food,retail,utilities,0.007384,0.00625,-0.014222,-0.00819,-0.006031,-0.014222,0
2017-02-03,Fri,2,food,retail,utilities,energy,banks,trading,0.275089,0.26258,0.004355,0.007521,-0.003166,0.004355,0
2017-02-06,Mon,2,energy,trading,banks,retail,pharma,food,0.11739,0.110911,-0.004611,0.001564,-0.006175,-0.004611,0
2017-02-07,Tue,2,food,retail,pharma,banks,trading,energy,0.193821,0.185157,0.000519,0.000403,0.000115,0.000519,1
2017-02-08,Wed,2,food,retail,pharma,energy,banks,trading,0.653391,0.625683,0.003465,-0.009282,0.012747,0.003465,1
2017-02-09,Thu,2,food,retail,pharma,energy,banks,trading,0.188078,0.180492,-0.001542,-0.007245,0.005703,-0.001542,1
2017-02-10,Fri,2,energy,trading,banks,pharma,retail,food,0.258613,0.248682,0.013942,0.004799,0.009144,0.013942,1
2017-02-13,Mon,2,energy,trading,banks,pharma,retail,food,0.171376,0.165345,0.013628,0.005331,0.008297,0.013628,1
2017-02-14,Tue,2,energy,trading,banks,pharma,retail,food,0.127775,0.123234,-0.009294,-0.005005,-0.004289,-0.009294,0
2017-02-15,Wed,2,trading,energy,banks,pharma,food,retail,0.012195,0.011681,0.004126,0.0,0.004126,0.004126,1
2017-02-16,Thu,2,pharma,food,retail,energy,banks,trading,0.429126,0.411362,-0.001343,-0.002213,0.00087,-0.001343,1
2017-02-17,Fri,2,pharma,food,retail,banks,energy,trading,0.336777,0.322352,0.003074,0.000471,0.002603,0.003074,1
2017-02-21,Tue,2,pharma,food,retail,energy,banks,trading,0.266199,0.256363,0.005093,0.003281,0.001812,0.005093,1
2017-02-22,Wed,2,pharma,food,retail,energy,electronics,banks,0.132866,0.124948,-0.004656,-0.001686,-0.00297,-0.004656,0
2017-02-23,Thu,2,pharma,food,retail,energy,banks,trading,0.216204,0.208775,0.003217,0.001905,0.001312,0.003217,1
2017-02-24,Fri,2,pharma,food,retail,energy,banks,trading,0.353726,0.339905,0.004439,0.007301,-0.002862,0.004439,0
2017-02-27,Mon,2,pharma,food,retail,energy,trading,banks,0.553261,0.535286,-0.001786,-0.017537,0.015751,-0.001786,1
2017-02-28,Tue,2,trading,banks,energy,retail,food,pharma,0.366428,0.355384,0.005054,-0.003532,0.008586,0.005054,1
2017-03-01,Wed,3,pharma,retail,food,banks,energy,trading,0.086271,0.084451,0.003661,-0.000951,0.004611,0.003661,1
2017-03-02,Thu,3,trading,banks,energy,retail,food,pharma,0.736427,0.719404,0.004855,0.002121,0.002734,0.004855,1
2017-03-03,Fri,3,pharma,food,retail,energy,banks,trading,0.514193,0.503435,-0.000507,-0.006183,0.005676,-0.000507,1
2017-03-06,Mon,3,electronics,banks,energy,retail,food,pharma,0.03936,0.036971,0.004823,0.0,0.004823,0.004823,1
2017-03-07,Tue,3,electronics,banks,energy,utilities,food,pharma,0.082824,0.077488,0.002463,0.003795,-0.001332,0.002463,0
2017-03-08,Wed,3,retail,food,pharma,banks,trading,energy,0.024828,0.019263,-0.001684,-0.005653,0.003969,-0.001684,1
2017-03-09,Thu,3,retail,food,pharma,banks,energy,trading,0.29707,0.291397,-0.00118,0.00244,-0.00362,-0.00118,0
2017-03-10,Fri,3,food,retail,pharma,energy,banks,trading,0.120842,0.117681,0.009854,0.014313,-0.004459,0.009854,0
2017-03-13,Mon,3,food,pharma,retail,trading,electronics,banks,0.288862,0.283874,0.003386,0.001998,0.001388,0.003386,1
2017-03-14,Tue,3,trading,banks,electronics,retail,pharma,food,0.166625,0.163976,-0.005643,-0.002324,-0.003319,-0.005643,0
2017-03-15,Wed,3,retail,utilities,food,banks,energy,trading,0.049782,0.043447,-0.000476,-0.004551,0.004075,-0.000476,1
2017-03-16,Thu,3,trading,energy,banks,food,utilities,retail,0.068682,0.052159,-0.004244,0.0,-0.004244,-0.004244,0
2017-03-17,Fri,3,electronics,energy,banks,retail,pharma,food,0.238904,0.234884,0.001627,-0.001173,0.0028,0.001627,1
2017-03-21,Tue,3,energy,electronics,trading,pharma,retail,food,0.100267,0.09889,-0.006228,0.003404,-0.009632,-0.006228,0
2017-03-22,Wed,3,retail,utilities,food,banks,energy,trading,0.39346,0.378338,0.002412,-0.013001,0.015413,0.002412,1
2017-03-23,Thu,3,pharma,food,retail,banks,energy,electronics,0.035201,0.034225,-0.000853,0.006632,-0.007485,-0.000853,0
2017-03-24,Fri,3,energy,trading,electronics,pharma,retail,food,0.518807,0.507813,0.002545,-0.00088,0.003424,0.002545,1
2017-03-27,Mon,3,food,retail,utilities,banks,trading,energy,0.186214,0.181583,0.000476,-0.001837,0.002313,0.000476,1
2017-03-28,Tue,3,retail,utilities,food,banks,energy,trading,0.071212,0.070067,0.00428,0.006458,-0.002179,0.00428,0
2017-03-29,Wed,3,energy,trading,electronics,utilities,retail,food,0.594873,0.581497,-0.000821,0.007069,-0.00789,-0.000821,0
2017-03-30,Thu,3,energy,trading,electronics,utilities,retail,food,0.228946,0.222661,0.001656,-0.010202,0.011857,0.001656,1
2017-03-31,Fri,3,energy,trading,electronics,utilities,retail,food,0.485884,0.471596,-0.00321,0.001399,-0.004608,-0.00321,0
2017-04-03,Mon,4,electronics,energy,banks,retail,pharma,food,0.120826,0.1153,-0.00363,0.007035,-0.010665,-0.00363,0
2017-04-04,Tue,4,electronics,energy,banks,retail,pharma,food,0.04347,0.040419,-0.012272,-0.004039,-0.008233,-0.012272,0
2017-04-05,Wed,4,energy,trading,banks,utilities,retail,food,0.052563,0.050792,-0.009931,0.0,-0.009931,-0.009931,0
2017-04-06,Thu,4,electronics,energy,banks,retail,pharma,food,0.086843,0.083146,-0.005976,-0.003223,-0.002753,-0.005976,0
2017-04-07,Fri,4,energy,trading,electronics,utilities,retail,food,0.5025,0.485503,0.011783,-0.002621,0.014404,0.011783,1
2017-04-10,Mon,4,food,retail,utilities,banks,energy,trading,0.052638,0.050859,-0.00554,-0.000663,-0.004877,-0.00554,0
2017-04-11,Tue,4,trading,energy,electronics,utilities,retail,food,0.262155,0.253057,-0.004963,0.0,-0.004963,-0.004963,0
2017-04-12,Wed,4,energy,trading,electronics,retail,pharma,food,0.213338,0.205795,-0.014198,-0.000172,-0.014026,-0.014198,0
2017-04-13,Thu,4,food,utilities,retail,banks,energy,trading,0.56372,0.541987,0.002341,-0.004489,0.00683,0.002341,1
2017-04-17,Mon,4,utilities,retail,food,electronics,energy,trading,0.220438,0.210254,0.004298,-0.002333,0.006631,0.004298,1
2017-04-18,Tue,4,trading,energy,banks,food,retail,utilities,0.14281,0.128313,-0.00549,-0.006001,0.000511,-0.00549,1
2017-04-19,Wed,4,utilities,food,retail,banks,energy,trading,0.064824,0.060389,0.002341,0.000208,0.002133,0.002341,1
2017-04-20,Thu,4,electronics,energy,banks,utilities,food,pharma,0.057787,0.053636,0.009734,-0.002188,0.011923,0.009734,1
2017-04-21,Fri,4,trading,energy,banks,retail,utilities,food,0.415609,0.397236,-0.002138,0.000931,-0.003069,-0.002138,0
2017-04-24,Mon,4,utilities,retail,construction,materials,banks,trading,0.020527,0.015564,0.000714,0.002453,-0.00174,0.000714,0
2017-04-25,Tue,4,food,pharma,utilities,trading,energy,electronics,0.330238,0.314485,0.001867,-0.002173,0.00404,0.001867,1
2017-04-26,Wed,4,trading,banks,energy,retail,utilities,food,0.397843,0.383909,0.007722,-0.00218,0.009902,0.007722,1
2017-04-27,Thu,4,energy,electronics,trading,utilities,pharma,food,0.13521,0.129912,0.00078,-0.000132,0.000911,0.00078,1
2017-04-28,Fri,4,food,utilities,retail,banks,energy,trading,0.298191,0.28825,0.0,-0.004179,0.004179,0.0,1
2017-05-01,Mon,5,utilities,food,retail,banks,energy,trading,0.310315,0.30202,-0.000914,0.0081,-0.009014,-0.000914,0
2017-05-02,Tue,5,trading,energy,banks,retail,utilities,food,0.26492,0.257386,0.000407,-0.003461,0.003868,0.000407,1
2017-05-08,Mon,5,trading,energy,electronics,retail,utilities,food,0.150086,0.144255,0.006408,0.008375,-0.001967,0.006408,0
2017-05-09,Tue,5,electronics,energy,trading,retail,pharma,food,0.014497,0.011431,-0.0019,0.001656,-0.003556,-0.0019,0
2017-05-10,Wed,5,utilities,retail,food,energy,trading,banks,0.017948,0.013124,0.003921,0.002008,0.001913,0.003921,1
2017-05-11,Thu,5,trading,energy,banks,retail,utilities,food,0.386297,0.375316,0.001456,-0.003007,0.004462,0.001456,1
2017-05-12,Fri,5,food,utilities,retail,energy,banks,trading,0.234693,0.228304,0.001173,0.002557,-0.001383,0.001173,0
2017-05-15,Mon,5,utilities,food,retail,energy,banks,trading,0.177525,0.172151,0.00652,-0.00568,0.0122,0.00652,1
2017-05-16,Tue,5,banks,trading,energy,retail,food,utilities,0.052448,0.043215,-0.003022,0.000918,-0.00394,-0.003022,0
2017-05-17,Wed,5,trading,energy,electronics,utilities,retail,food,0.154308,0.148895,-0.004547,0.004867,-0.009414,-0.004547,0
2017-05-18,Thu,5,electronics,energy,trading,pharma,retail,food,0.153377,0.144746,-0.000977,0.001871,-0.002848,-0.000977,0
2017-05-19,Fri,5,food,retail,pharma,trading,electronics,energy,0.119789,0.117024,-0.003887,0.003196,-0.007084,-0.003887,0
2017-05-22,Mon,5,banks,trading,energy,retail,food,utilities,0.200978,0.185005,0.000634,-0.002716,0.00335,0.000634,1
2017-05-23,Tue,5,food,utilities,retail,electronics,energy,trading,0.457504,0.441939,-0.000877,-0.00413,0.003253,-0.000877,1
2017-05-24,Wed,5,banks,trading,energy,retail,food,utilities,0.023874,0.020984,-0.000935,0.003405,-0.00434,-0.000935,0
2017-05-25,Thu,5,food,retail,utilities,electronics,trading,energy,0.199046,0.193061,0.003463,0.000137,0.003327,0.003463,1
2017-05-26,Fri,5,food,utilities,retail,banks,energy,trading,0.743647,0.721098,0.000429,-0.005707,0.006136,0.000429,1
2017-05-30,Tue,5,food,utilities,retail,banks,energy,trading,0.068199,0.066335,0.003019,-0.001701,0.004719,0.003019,1
2017-05-31,Wed,5,utilities,food,retail,banks,energy,trading,0.368147,0.359212,-0.004713,-0.003997,-0.000716,-0.004713,0
2017-06-01,Thu,6,food,utilities,retail,banks,energy,trading,0.35929,0.350878,0.011831,1e-06,0.01183,0.011831,1
2017-06-02,Fri,6,retail,food,pharma,electronics,trading,energy,0.179958,0.171849,0.001349,0.0126,-0.011252,0.001349,0
2017-06-05,Mon,6,food,utilities,retail,electronics,energy,trading,0.354989,0.346295,0.00963,-0.000135,0.009765,0.00963,1
2017-06-06,Tue,6,energy,trading,electronics,retail,utilities,food,0.124864,0.121435,-0.001575,-0.000423,-0.001152,-0.001575,0
2017-06-07,Wed,6,trading,energy,electronics,retail,utilities,food,0.322625,0.314338,-0.00234,0.0,-0.00234,-0.00234,0
2017-06-08,Thu,6,food,utilities,retail,electronics,energy,trading,0.054437,0.053032,-0.002123,-0.001515,-0.000608,-0.002123,0
2017-06-09,Fri,6,trading,energy,banks,retail,utilities,food,0.70649,0.68654,0.002312,-0.009494,0.011805,0.002312,1
2017-06-12,Mon,6,trading,energy,banks,retail,food,utilities,1.371815,1.335659,0.001417,0.006772,-0.005355,0.001417,0
2017-06-13,Tue,6,trading,energy,banks,retail,utilities,food,0.448292,0.439717,0.005895,0.0059,-5e-06,0.005895,0
2017-06-14,Wed,6,banks,trading,energy,retail,food,utilities,0.219771,0.206942,-5.2e-05,-0.001703,0.00165,-5.2e-05,1
2017-06-15,Thu,6,food,utilities,retail,energy,banks,trading,0.717555,0.705377,0.002106,-0.012636,0.014742,0.002106,1
2017-06-16,Fri,6,food,utilities,retail,energy,trading,banks,0.134004,0.130525,-0.000986,0.001655,-0.002642,-0.000986,0
2017-06-19,Mon,6,trading,banks,energy,retail,food,utilities,0.589746,0.58079,-0.003889,0.0,-0.003889,-0.003889,0
2017-06-20,Tue,6,utilities,food,retail,banks,energy,trading,0.286934,0.276543,-0.003138,0.003468,-0.006606,-0.003138,0
2017-06-21,Wed,6,food,utilities,retail,trading,energy,banks,0.260941,0.25221,-0.002048,-0.002262,0.000214,-0.002048,1
2017-06-22,Thu,6,utilities,food,retail,energy,banks,trading,0.678203,0.665184,-0.001783,0.001158,-0.002941,-0.001783,0
2017-06-23,Fri,6,trading,energy,banks,food,retail,utilities,0.106624,0.10302,0.0,-0.000502,0.000502,0.0,1
2017-06-26,Mon,6,trading,banks,energy,retail,food,utilities,0.306822,0.301017,-0.005257,0.000433,-0.00569,-0.005257,0
2017-06-27,Tue,6,banks,energy,trading,utilities,retail,food,0.021422,0.01925,0.004583,0.0,0.004583,0.004583,1
2017-06-28,Wed,6,trading,banks,energy,food,retail,utilities,1.00359,0.97315,0.007216,-0.005165,0.012381,0.007216,1
2017-06-29,Thu,6,banks,trading,energy,food,retail,utilities,0.420765,0.411008,0.004655,-0.001004,0.005659,0.004655,1
2017-06-30,Fri,6,trading,banks,energy,food,retail,utilities,0.742901,0.717438,-9.8e-05,-0.002029,0.001931,-9.8e-05,1
2017-07-03,Mon,7,banks,trading,energy,retail,food,utilities,0.227373,0.221983,0.001992,0.000944,0.001047,0.001992,1
2017-07-05,Wed,7,banks,trading,energy,food,retail,utilities,1.138494,1.11492,0.009525,0.000876,0.008649,0.009525,1
2017-07-06,Thu,7,utilities,retail,food,energy,trading,banks,0.696557,0.679766,-0.000437,-0.003609,0.003172,-0.000437,1
2017-07-07,Fri,7,food,utilities,retail,trading,energy,banks,0.134162,0.122956,-0.003589,-0.004317,0.000728,-0.003589,1
2017-07-10,Mon,7,banks,energy,trading,retail,utilities,food,0.036125,0.029871,-0.007099,-0.001773,-0.005325,-0.007099,0
2017-07-11,Tue,7,trading,banks,energy,food,retail,utilities,0.190654,0.186097,0.001392,0.001896,-0.000504,0.001392,0
2017-07-12,Wed,7,electronics,trading,auto,utilities,pharma,retail,0.006087,0.004728,-0.005127,-0.001799,-0.003327,-0.005127,0
2017-07-13,Thu,7,utilities,retail,pharma,energy,electronics,trading,0.182882,0.175106,-0.006122,-0.005547,-0.000575,-0.006122,0
2017-07-14,Fri,7,trading,energy,banks,food,retail,utilities,0.2323,0.22884,0.002424,0.002098,0.000325,0.002424,1
2017-07-18,Tue,7,retail,utilities,food,banks,energy,trading,0.321884,0.312419,0.001819,0.000788,0.001031,0.001819,1
2017-07-19,Wed,7,retail,utilities,food,banks,trading,energy,0.349411,0.345535,0.000905,-0.001209,0.002113,0.000905,1
2017-07-20,Thu,7,banks,energy,trading,pharma,retail,food,0.082212,0.077747,0.010095,0.005444,0.004652,0.010095,1
2017-07-21,Fri,7,retail,utilities,food,trading,energy,banks,0.608953,0.604067,-0.000625,-0.005362,0.004737,-0.000625,1
2017-07-24,Mon,7,retail,utilities,food,energy,trading,banks,0.305905,0.302013,-0.004038,-0.002067,-0.001971,-0.004038,0
2017-07-25,Tue,7,trading,energy,banks,food,utilities,retail,0.389244,0.383937,0.000915,-0.000903,0.001818,0.000915,1
2017-07-26,Wed,7,energy,trading,banks,food,utilities,retail,0.733921,0.722148,0.000468,-0.000456,0.000924,0.000468,1
2017-07-27,Thu,7,retail,utilities,food,trading,banks,energy,0.291781,0.288906,0.003643,0.00058,0.003063,0.003643,1
2017-07-28,Fri,7,retail,utilities,food,trading,banks,energy,0.172549,0.170763,0.000901,-0.003939,0.00484,0.000901,1
2017-07-31,Mon,7,trading,banks,energy,pharma,retail,utilities,0.126142,0.123421,-0.003503,0.003376,-0.006878,-0.003503,0
2017-08-01,Tue,8,electronics,trading,banks,realestate,pharma,utilities,0.006108,0.005103,0.0006,0.003496,-0.002895,0.0006,0
2017-08-02,Wed,8,energy,banks,trading,utilities,retail,food,0.06505,0.062941,-0.004967,-0.001346,-0.003621,-0.004967,0
2017-08-03,Thu,8,food,retail,utilities,trading,banks,energy,0.165958,0.163571,0.001721,0.00538,-0.003659,0.001721,0
2017-08-04,Fri,8,food,retail,utilities,trading,banks,energy,0.527992,0.520442,0.000894,0.00084,5.4e-05,0.000894,1
2017-08-07,Mon,8,energy,banks,trading,utilities,food,retail,0.545794,0.539153,0.005625,-0.000699,0.006324,0.005625,1
2017-08-08,Tue,8,retail,utilities,food,trading,banks,energy,0.548835,0.542741,-0.001414,-0.001133,-0.000281,-0.001414,0
2017-08-09,Wed,8,food,retail,utilities,trading,banks,energy,0.18972,0.182063,-0.002237,-0.000507,-0.00173,-0.002237,0
2017-08-10,Thu,8,energy,trading,banks,food,utilities,retail,0.165842,0.164294,-0.005414,-0.002237,-0.003177,-0.005414,0
2017-08-11,Fri,8,food,retail,utilities,trading,banks,energy,0.280749,0.253941,0.0,0.0,-0.0,0.0,0
2017-08-14,Mon,8,retail,food,utilities,trading,banks,energy,0.314874,0.308816,-0.002252,-0.005607,0.003355,-0.002252,1
2017-08-15,Tue,8,energy,banks,trading,utilities,retail,food,0.075785,0.062127,0.000267,0.000522,-0.000255,0.000267,0
2017-08-16,Wed,8,retail,food,utilities,banks,trading,energy,0.346813,0.337673,0.0,0.000291,-0.000291,0.0,0
2017-08-17,Thu,8,retail,utilities,food,banks,trading,energy,0.204908,0.199745,-0.003612,-0.000193,-0.003419,-0.003612,0
2017-08-18,Fri,8,electronics,banks,trading,retail,pharma,utilities,0.1136,0.090358,-0.002736,-0.004553,0.001817,-0.002736,1
2017-08-21,Mon,8,auto,steel,electronics,utilities,realestate,machinery,0.008876,0.007063,-0.000503,0.004449,-0.004952,-0.000503,0
2017-08-22,Tue,8,retail,utilities,pharma,banks,trading,energy,0.173397,0.169428,0.000212,0.000639,-0.000427,0.000212,0
2017-08-23,Wed,8,energy,machinery,realestate,auto,food,retail,0.038861,0.034552,-0.003104,0.001797,-0.004901,-0.003104,0
2017-08-24,Thu,8,energy,banks,trading,utilities,food,retail,0.334529,0.325549,0.001341,-0.000456,0.001797,0.001341,1
2017-08-25,Fri,8,energy,banks,trading,food,utilities,retail,0.287424,0.280174,0.000321,0.002283,-0.001962,0.000321,0
2017-08-28,Mon,8,energy,trading,banks,pharma,food,retail,0.094367,0.089696,-0.002713,0.001045,-0.003759,-0.002713,0
2017-08-29,Tue,8,retail,food,utilities,trading,banks,energy,0.378786,0.365274,-0.00053,0.001942,-0.002472,-0.00053,0
2017-08-30,Wed,8,retail,food,pharma,trading,banks,energy,0.312493,0.300053,0.005677,-0.000541,0.006219,0.005677,1
2017-08-31,Thu,8,energy,trading,banks,pharma,food,retail,0.172843,0.162557,0.001983,0.005564,-0.003581,0.001983,0
2017-09-01,Fri,9,retail,utilities,pharma,energy,banks,electronics,0.150693,0.145477,0.000666,-7.3e-05,0.000739,0.000666,1
2017-09-05,Tue,9,energy,banks,trading,pharma,food,retail,0.32662,0.30723,-0.002768,-0.003227,0.000458,-0.002768,1
2017-09-06,Wed,9,retail,food,pharma,trading,banks,energy,0.482365,0.452447,0.00017,-0.00097,0.00114,0.00017,1
2017-09-07,Thu,9,energy,banks,trading,pharma,food,retail,0.314125,0.293296,0.001488,0.00017,0.001318,0.001488,1
2017-09-08,Fri,9,retail,utilities,food,banks,trading,energy,0.66699,0.623485,-0.001817,-0.001621,-0.000195,-0.001817,0
2017-09-11,Mon,9,energy,trading,banks,pharma,utilities,retail,0.047269,0.044789,0.005045,0.004714,0.000331,0.005045,1
2017-09-12,Tue,9,energy,trading,banks,pharma,food,retail,0.128517,0.118744,-0.001446,-0.000166,-0.00128,-0.001446,0
2017-09-13,Wed,9,energy,banks,trading,food,utilities,retail,0.661472,0.62454,0.004871,-0.000342,0.005213,0.004871,1
2017-09-14,Thu,9,energy,banks,trading,food,utilities,retail,0.406633,0.384689,0.003945,0.00034,0.003605,0.003945,1
2017-09-15,Fri,9,energy,trading,banks,utilities,food,retail,0.097838,0.092956,0.003613,-0.002729,0.006342,0.003613,1
2017-09-18,Mon,9,energy,trading,banks,utilities,food,retail,0.086905,0.082778,0.0,0.0,0.0,0.0,0
2017-09-19,Tue,9,energy,banks,trading,food,utilities,retail,0.51749,0.494068,0.018079,-5.7e-05,0.018136,0.018079,1
2017-09-20,Wed,9,energy,banks,trading,food,utilities,retail,0.342778,0.328943,0.007878,-0.00271,0.010588,0.007878,1
2017-09-21,Thu,9,energy,banks,trading,food,utilities,retail,0.730877,0.699917,0.005244,0.001597,0.003647,0.005244,1
2017-09-22,Fri,9,energy,banks,trading,pharma,utilities,retail,0.394059,0.3741,0.001586,0.002838,-0.001252,0.001586,0
2017-09-25,Mon,9,energy,banks,trading,utilities,pharma,retail,0.11743,0.11072,0.0043,0.001359,0.002941,0.0043,1
2017-09-26,Tue,9,energy,trading,banks,utilities,food,retail,0.125868,0.119971,0.00027,-0.00211,0.00238,0.00027,1
2017-09-27,Wed,9,retail,utilities,food,banks,trading,energy,0.150401,0.142351,0.0,-2e-05,2e-05,0.0,1
2017-09-28,Thu,9,energy,banks,trading,food,utilities,retail,0.553559,0.526366,0.004881,-0.004566,0.009447,0.004881,1
2017-09-29,Fri,9,energy,trading,electronics,food,utilities,retail,0.154824,0.146771,-0.003965,-0.004138,0.000173,-0.003965,1
2017-10-02,Mon,10,retail,utilities,pharma,electronics,banks,energy,0.111913,0.107909,0.00325,0.000803,0.002448,0.00325,1
2017-10-03,Tue,10,trading,electronics,banks,food,utilities,retail,0.059092,0.0536,-0.000544,0.006805,-0.007349,-0.000544,0
2017-10-04,Wed,10,energy,trading,electronics,pharma,utilities,retail,0.123558,0.118834,-0.003957,0.006635,-0.010592,-0.003957,0
2017-10-05,Thu,10,retail,utilities,pharma,electronics,banks,energy,0.384093,0.368426,0.001759,0.001755,3e-06,0.001759,1
2017-10-06,Fri,10,trading,electronics,banks,pharma,utilities,retail,0.179211,0.169264,0.002653,-0.002539,0.005192,0.002653,1
2017-10-09,Mon,10,energy,banks,electronics,utilities,pharma,food,0.031367,0.025271,0.0,0.0,0.0,0.0,0
2017-10-10,Tue,10,energy,banks,electronics,retail,utilities,food,0.132241,0.124618,-0.002544,0.002894,-0.005438,-0.002544,0
2017-10-11,Wed,10,retail,utilities,food,electronics,banks,energy,0.421549,0.404731,0.003231,0.001774,0.001457,0.003231,1
2017-10-12,Thu,10,retail,utilities,food,electronics,banks,energy,0.155398,0.148578,0.003515,-0.007229,0.010744,0.003515,1
2017-10-13,Fri,10,retail,utilities,food,electronics,banks,energy,0.244757,0.231082,0.004538,0.002742,0.001796,0.004538,1
2017-10-16,Mon,10,energy,banks,trading,food,utilities,retail,0.250504,0.238076,0.007623,0.002388,0.005235,0.007623,1
2017-10-17,Tue,10,energy,banks,trading,food,retail,utilities,0.128935,0.121532,-0.003466,-0.002222,-0.001244,-0.003466,0
2017-10-18,Wed,10,retail,utilities,food,trading,banks,energy,0.559011,0.524698,0.001333,-0.004247,0.005581,0.001333,1
2017-10-19,Thu,10,retail,utilities,pharma,banks,trading,energy,0.179351,0.16941,0.001819,-0.00108,0.0029,0.001819,1
2017-10-20,Fri,10,retail,utilities,food,trading,banks,energy,0.206469,0.193484,0.002699,-0.001754,0.004453,0.002699,1
2017-10-23,Mon,10,energy,trading,banks,pharma,utilities,retail,0.345017,0.325954,-0.001155,0.0,-0.001155,-0.001155,0
2017-10-24,Tue,10,retail,utilities,pharma,electronics,energy,trading,0.14942,0.132376,0.005224,0.006712,-0.001488,0.005224,0
2017-10-25,Wed,10,energy,trading,banks,pharma,utilities,retail,0.389955,0.364379,0.003134,-0.005926,0.00906,0.003134,1
2017-10-26,Thu,10,retail,utilities,pharma,electronics,energy,trading,0.182263,0.159834,0.001406,0.007543,-0.006137,0.001406,0
2017-10-27,Fri,10,energy,trading,banks,pharma,utilities,retail,0.504582,0.473186,0.010054,0.004411,0.005643,0.010054,1
2017-10-30,Mon,10,retail,utilities,pharma,trading,banks,energy,0.420687,0.393445,-0.001997,-0.000552,-0.001445,-0.001997,0
2017-10-31,Tue,10,energy,trading,banks,utilities,food,retail,0.436974,0.411668,-0.001675,0.0,-0.001675,-0.001675,0
2017-11-01,Wed,11,retail,food,utilities,banks,trading,energy,0.178648,0.168555,0.005777,0.007849,-0.002072,0.005777,0
2017-11-02,Thu,11,energy,trading,banks,food,utilities,retail,0.360804,0.341944,0.00207,-0.00093,0.003,0.00207,1
2017-11-03,Fri,11,energy,banks,trading,utilities,food,retail,0.073409,0.069617,0.0,0.0,0.0,0.0,0
2017-11-06,Mon,11,retail,utilities,food,banks,trading,energy,0.474154,0.450761,-0.001708,0.000944,-0.002652,-0.001708,0
2017-11-07,Tue,11,energy,trading,banks,pharma,utilities,retail,1.089205,1.02825,0.007892,-0.002605,0.010498,0.007892,1
2017-11-08,Wed,11,utilities,retail,food,banks,trading,energy,0.873449,0.832831,0.004386,-0.002373,0.006759,0.004386,1
2017-11-09,Thu,11,retail,utilities,food,banks,trading,energy,0.548735,0.526095,-0.005783,0.010984,-0.016767,-0.005783,0
2017-11-10,Fri,11,retail,utilities,pharma,electronics,energy,trading,0.159827,0.150044,-0.003664,-0.000638,-0.003026,-0.003664,0
2017-11-13,Mon,11,retail,utilities,food,banks,trading,energy,0.253039,0.242703,-0.004386,0.002761,-0.007147,-0.004386,0
2017-11-14,Tue,11,utilities,retail,food,trading,banks,energy,0.460036,0.43937,-0.004,-0.013066,0.009066,-0.004,1
2017-11-15,Wed,11,retail,utilities,food,banks,trading,energy,0.960449,0.923328,-0.003502,0.00038,-0.003882,-0.003502,0
2017-11-16,Thu,11,energy,banks,trading,utilities,pharma,food,0.137209,0.12451,-0.002655,-0.000458,-0.002197,-0.002655,0
2017-11-17,Fri,11,food,pharma,utilities,trading,banks,energy,0.541088,0.521885,-0.004579,-0.003321,-0.001258,-0.004579,0
2017-11-20,Mon,11,energy,banks,trading,utilities,food,pharma,0.440067,0.425967,0.016826,0.001347,0.015479,0.016826,1
2017-11-21,Tue,11,energy,banks,trading,utilities,food,pharma,0.122402,0.118553,0.0,0.00124,-0.00124,0.0,0
2017-11-22,Wed,11,pharma,food,utilities,trading,banks,energy,0.24972,0.238728,-0.003715,0.012803,-0.016518,-0.003715,0
2017-11-24,Fri,11,retail,utilities,food,electronics,trading,energy,0.094553,0.091053,0.0,-0.003198,0.003198,0.0,1
2017-11-27,Mon,11,electronics,trading,energy,food,utilities,retail,0.020741,0.017542,-0.001399,-0.000995,-0.000404,-0.001399,0
2017-11-28,Tue,11,utilities,food,retail,trading,banks,energy,0.614701,0.594788,0.00419,0.002061,0.002129,0.00419,1
2017-11-29,Wed,11,trading,energy,electronics,pharma,utilities,retail,0.358125,0.343127,-4.5e-05,0.0,-4.5e-05,-4.5e-05,0
2017-11-30,Thu,11,energy,trading,banks,pharma,retail,utilities,0.530812,0.514087,0.00447,0.00497,-0.0005,0.00447,0
2017-12-01,Fri,12,food,utilities,pharma,realestate,energy,banks,0.07086,0.062358,0.000622,-0.004205,0.004828,0.000622,1
2017-12-04,Mon,12,energy,banks,trading,food,pharma,utilities,0.163688,0.156557,-0.004928,0.002667,-0.007594,-0.004928,0
2017-12-05,Tue,12,energy,banks,trading,food,utilities,pharma,0.714104,0.694015,-0.009924,0.00277,-0.012694,-0.009924,0
2017-12-06,Wed,12,retail,food,utilities,electronics,energy,trading,0.12723,0.12146,-0.002747,-0.003162,0.000415,-0.002747,1
2017-12-07,Thu,12,food,utilities,pharma,trading,banks,energy,0.881678,0.846624,-0.000163,0.00359,-0.003753,-0.000163,0
2017-12-08,Fri,12,energy,banks,trading,retail,utilities,food,0.402646,0.385338,0.003106,0.0,0.003106,0.003106,1
2017-12-11,Mon,12,utilities,pharma,retail,trading,banks,energy,0.188917,0.180339,0.001558,0.008364,-0.006806,0.001558,0
2017-12-12,Tue,12,utilities,food,retail,trading,banks,energy,0.253049,0.243719,-0.00839,0.015061,-0.023452,-0.00839,0
2017-12-13,Wed,12,energy,banks,trading,retail,food,utilities,0.480317,0.465799,-0.005076,0.00046,-0.005537,-0.005076,0
2017-12-14,Thu,12,food,retail,utilities,trading,banks,energy,0.538334,0.518925,0.00122,-0.005001,0.006221,0.00122,1
2017-12-15,Fri,12,food,retail,utilities,electronics,trading,energy,0.0729,0.068709,-0.006446,0.001067,-0.007512,-0.006446,0
2017-12-18,Mon,12,pharma,food,utilities,trading,banks,energy,0.441711,0.430258,0.001076,0.007063,-0.005987,0.001076,0
2017-12-19,Tue,12,energy,trading,banks,utilities,pharma,food,0.877059,0.845795,0.001823,-0.002253,0.004076,0.001823,1
2017-12-20,Wed,12,realestate,banks,transport,materials,finance,it_services,0.025141,0.016446,0.005691,0.0,0.005691,0.005691,1
2017-12-21,Thu,12,energy,banks,trading,utilities,pharma,food,0.339846,0.334523,0.000806,-0.005233,0.006039,0.000806,1
2017-12-22,Fri,12,energy,banks,trading,retail,utilities,food,0.976961,0.952414,0.003359,-0.002825,0.006184,0.003359,1
2017-12-26,Tue,12,energy,trading,banks,utilities,pharma,food,0.186909,0.183398,0.002907,-0.00029,0.003197,0.002907,1
2017-12-27,Wed,12,energy,trading,banks,utilities,pharma,food,0.366715,0.358383,0.008183,0.001065,0.007118,0.008183,1
2017-12-28,Thu,12,food,pharma,retail,banks,trading,energy,0.119461,0.116936,0.001437,-0.006811,0.008248,0.001437,1
2017-12-29,Fri,12,energy,trading,banks,pharma,retail,food,0.142928,0.139884,-0.002352,0.0,-0.002352,-0.002352,0
2018-01-02,Tue,1,food,retail,utilities,energy,electronics,trading,0.031428,0.028466,0.0,0.0,0.0,0.0,0
2018-01-03,Wed,1,trading,energy,banks,pharma,retail,food,0.418578,0.409288,0.0,0.0,0.0,0.0,0
2018-01-04,Thu,1,energy,trading,banks,pharma,retail,food,0.346875,0.338734,-0.003937,0.007947,-0.011884,-0.003937,0
2018-01-05,Fri,1,energy,trading,banks,pharma,retail,food,0.126495,0.123942,0.01076,0.003444,0.007316,0.01076,1
2018-01-08,Mon,1,pharma,food,utilities,trading,banks,energy,0.213597,0.211197,0.0,0.0,0.0,0.0,0
2018-01-09,Tue,1,pharma,utilities,food,trading,energy,banks,0.049116,0.047652,0.002384,-0.006637,0.009022,0.002384,1
2018-01-10,Wed,1,food,retail,pharma,banks,trading,energy,0.142639,0.138603,-0.00274,0.008737,-0.011477,-0.00274,0
2018-01-11,Thu,1,banks,energy,trading,food,utilities,pharma,0.108041,0.104219,-0.000359,-0.00219,0.001831,-0.000359,1
2018-01-12,Fri,1,energy,trading,banks,pharma,retail,food,0.596428,0.57523,-0.005408,-0.003645,-0.001764,-0.005408,0
2018-01-16,Tue,1,trading,energy,electronics,pharma,retail,food,0.084328,0.080482,-0.004675,-0.000907,-0.003768,-0.004675,0
2018-01-17,Wed,1,food,retail,pharma,banks,trading,energy,0.646945,0.626138,-0.000309,-0.00358,0.003271,-0.000309,1
2018-01-18,Thu,1,food,pharma,retail,trading,energy,banks,0.422783,0.407495,-0.002521,-0.000852,-0.001669,-0.002521,0
2018-01-19,Fri,1,food,retail,utilities,banks,trading,energy,0.219218,0.209238,0.001569,0.002109,-0.000539,0.001569,0
2018-01-22,Mon,1,trading,it_services,finance,realestate,food,retail,0.015024,0.01193,0.0,-0.002596,0.002596,0.0,1
2018-01-23,Tue,1,trading,energy,banks,utilities,food,retail,0.09159,0.085484,-0.000553,0.005683,-0.006236,-0.000553,0
2018-01-24,Wed,1,energy,banks,trading,utilities,retail,food,0.105329,0.102213,-0.002855,0.0,-0.002855,-0.002855,0
2018-01-25,Thu,1,energy,banks,trading,utilities,retail,food,0.241605,0.23155,-0.004906,0.000462,-0.005367,-0.004906,0
2018-01-26,Fri,1,food,retail,utilities,trading,banks,energy,0.605586,0.580942,-0.000922,-0.013399,0.012477,-0.000922,1
2018-01-29,Mon,1,food,pharma,utilities,trading,banks,energy,0.506345,0.488734,-0.000934,-0.007421,0.006487,-0.000934,1
2018-01-30,Tue,1,retail,food,utilities,banks,energy,trading,0.212028,0.204321,-0.001941,-0.000972,-0.000969,-0.001941,0
2018-01-31,Wed,1,retail,food,utilities,banks,electronics,trading,0.109823,0.097558,-0.004032,-0.000677,-0.003355,-0.004032,0
2018-02-01,Thu,2,energy,banks,trading,utilities,retail,food,0.383064,0.371803,-0.00126,0.0,-0.00126,-0.00126,0
2018-02-02,Fri,2,energy,banks,trading,utilities,pharma,food,0.130755,0.121661,0.001391,0.000953,0.000438,0.001391,1
2018-02-05,Mon,2,retail,food,utilities,energy,electronics,trading,0.463143,0.430479,-0.020387,-0.009691,-0.010696,-0.020387,0
2018-02-06,Tue,2,retail,utilities,food,construction,it_services,finance,0.130855,0.094626,0.002687,-0.015698,0.018385,0.002687,1
2018-02-07,Wed,2,energy,electronics,banks,food,pharma,utilities,0.400996,0.386548,-0.010805,0.000524,-0.011328,-0.010805,0
2018-02-08,Thu,2,pharma,utilities,food,trading,energy,electronics,0.076241,0.067093,-0.003191,0.0,-0.003191,-0.003191,0
2018-02-09,Fri,2,pharma,utilities,food,trading,energy,electronics,0.404003,0.339833,0.001457,-0.004991,0.006448,0.001457,1
2018-02-12,Mon,2,retail,utilities,food,banks,trading,energy,0.166691,0.15068,0.0,0.0,0.0,0.0,0
2018-02-13,Tue,2,transport,machinery,materials,finance,energy,pharma,0.080427,0.066415,0.000906,-0.007049,0.007955,0.000906,1
2018-02-14,Wed,2,retail,utilities,food,trading,banks,energy,0.150911,0.143943,0.001839,-0.002721,0.004559,0.001839,1
2018-02-15,Thu,2,banks,trading,electronics,utilities,food,pharma,0.330656,0.320408,-0.002841,0.011831,-0.014672,-0.002841,0
2018-02-16,Fri,2,retail,utilities,food,trading,banks,energy,0.778312,0.746263,0.002221,-0.000853,0.003074,0.002221,1
2018-02-20,Tue,2,retail,utilities,food,trading,banks,energy,0.28478,0.279976,0.007327,-0.00217,0.009497,0.007327,1
2018-02-21,Wed,2,energy,trading,banks,food,utilities,retail,0.425854,0.404433,-0.001955,0.0,-0.001955,-0.001955,0
2018-02-22,Thu,2,energy,trading,banks,transport,materials,retail,0.062402,0.053898,0.0,0.0,0.0,0.0,1
2018-02-23,Fri,2,banks,trading,electronics,food,utilities,pharma,0.112923,0.108256,0.001146,0.000365,0.000782,0.001146,1
2018-02-26,Mon,2,retail,utilities,food,banks,trading,energy,0.222398,0.19284,-0.00207,0.000284,-0.002355,-0.00207,0
2018-02-27,Tue,2,retail,utilities,food,electronics,trading,energy,0.081134,0.070071,0.003362,-0.002401,0.005763,0.003362,1
2018-02-28,Wed,2,pharma,utilities,food,transport,materials,machinery,0.091328,0.069391,-0.003367,-0.000777,-0.00259,-0.003367,0
2018-03-01,Thu,3,pharma,utilities,food,trading,electronics,banks,0.128586,0.11434,-0.011899,-0.001473,-0.010427,-0.011899,0
2018-03-02,Fri,3,pharma,construction,utilities,transport,materials,machinery,0.053561,0.038429,-0.002705,0.0,-0.002705,-0.002705,0
2018-03-05,Mon,3,retail,utilities,food,banks,energy,trading,0.277672,0.270567,0.002196,0.003564,-0.001368,0.002196,0
2018-03-06,Tue,3,retail,machinery,materials,banks,trading,energy,0.07234,0.063984,-0.000624,-0.004564,0.003941,-0.000624,1
2018-03-07,Wed,3,trading,banks,energy,food,retail,utilities,0.363318,0.356632,0.0,-0.003416,0.003416,0.0,1
2018-03-08,Thu,3,energy,trading,electronics,utilities,food,retail,0.022196,0.01938,0.000335,-0.000499,0.000834,0.000335,1
2018-03-09,Fri,3,retail,utilities,food,electronics,energy,trading,0.229708,0.222555,-0.001984,0.00144,-0.003424,-0.001984,0
2018-03-12,Mon,3,banks,electronics,trading,food,utilities,pharma,0.240701,0.223962,-0.001804,0.000938,-0.002742,-0.001804,0
2018-03-13,Tue,3,pharma,utilities,food,electronics,banks,trading,0.038454,0.037273,0.00413,0.002708,0.001422,0.00413,1
2018-03-14,Wed,3,pharma,utilities,food,banks,electronics,trading,0.122935,0.119428,0.001466,-0.0,0.001466,0.001466,1
2018-03-15,Thu,3,utilities,pharma,food,banks,electronics,trading,0.220424,0.214894,-0.001443,0.000298,-0.001741,-0.001443,0
2018-03-16,Fri,3,pharma,utilities,food,banks,trading,electronics,0.071519,0.0688,-0.00048,-0.001003,0.000523,-0.00048,1
2018-03-19,Mon,3,electronics,banks,trading,food,utilities,pharma,0.034725,0.031309,-0.005463,0.0,-0.005463,-0.005463,0
2018-03-20,Tue,3,energy,trading,electronics,utilities,food,retail,0.119182,0.105929,-0.003436,0.003387,-0.006823,-0.003436,0
2018-03-21,Wed,3,energy,trading,electronics,pharma,retail,utilities,0.174836,0.170375,0.0,0.0,0.0,0.0,0
2018-03-22,Thu,3,trading,energy,electronics,food,retail,utilities,0.570188,0.559704,0.0,-0.002658,0.002658,0.0,1
2018-03-23,Fri,3,pharma,utilities,food,trading,banks,electronics,0.324317,0.298688,-0.003075,-0.027131,0.024056,-0.003075,1
2018-03-26,Mon,3,energy,trading,electronics,utilities,food,retail,0.135017,0.118171,0.005495,-0.000985,0.00648,0.005495,1
2018-03-27,Tue,3,machinery,retail,materials,banks,trading,energy,0.107691,0.090175,0.015392,0.019355,-0.003963,0.015392,0
2018-03-28,Wed,3,pharma,utilities,food,banks,trading,electronics,0.133701,0.126589,0.008228,0.00256,0.005668,0.008228,1
2018-03-29,Thu,3,utilities,retail,food,electronics,trading,energy,0.257789,0.255457,0.000157,0.000507,-0.00035,0.000157,0
2018-04-02,Mon,4,electronics,banks,trading,food,utilities,pharma,0.114882,0.103341,-0.004788,0.001541,-0.006329,-0.004788,0
2018-04-03,Tue,4,energy,trading,electronics,utilities,food,retail,0.172309,0.149067,-0.006553,-0.000462,-0.006091,-0.006553,0
2018-04-04,Wed,4,banks,electronics,trading,food,utilities,pharma,0.071759,0.056953,-0.00041,0.006997,-0.007407,-0.00041,0
2018-04-05,Thu,4,retail,food,utilities,electronics,trading,energy,0.203661,0.188998,0.012401,0.002066,0.010335,0.012401,1
2018-04-06,Fri,4,electronics,banks,trading,retail,pharma,utilities,0.257983,0.252002,0.0,-0.000754,0.000754,0.0,1
2018-04-09,Mon,4,pharma,utilities,auto,transport,materials,machinery,0.070496,0.050752,0.005845,0.0,0.005845,0.005845,1
2018-04-10,Tue,4,retail,food,utilities,electronics,trading,energy,0.039212,0.034544,-0.00162,0.003472,-0.005092,-0.00162,0
2018-04-11,Wed,4,banks,electronics,trading,retail,utilities,pharma,0.237544,0.231421,-0.002453,-0.005945,0.003492,-0.002453,1
2018-04-12,Thu,4,energy,trading,electronics,food,utilities,retail,0.131429,0.126889,-0.002719,0.0,-0.002719,-0.002719,0
2018-04-13,Fri,4,banks,electronics,trading,retail,pharma,utilities,0.13237,0.130234,0.00054,-0.000759,0.001299,0.00054,1
2018-04-16,Mon,4,retail,utilities,food,electronics,trading,energy,0.099515,0.096724,0.0,0.000341,-0.000341,0.0,0
2018-04-17,Tue,4,retail,food,utilities,electronics,trading,energy,0.165271,0.150458,0.000905,0.002751,-0.001846,0.000905,0
2018-04-18,Wed,4,retail,food,utilities,electronics,trading,energy,0.101734,0.087634,0.002699,0.006431,-0.003732,0.002699,0
2018-04-19,Thu,4,trading,electronics,energy,pharma,retail,utilities,0.272889,0.269641,0.002437,0.004492,-0.002056,0.002437,0
2018-04-20,Fri,4,energy,trading,electronics,food,utilities,retail,0.377697,0.363547,-0.000962,-0.00088,-8.2e-05,-0.000962,0
2018-04-23,Mon,4,energy,trading,electronics,food,utilities,retail,0.286117,0.273476,-0.001782,0.0035,-0.005281,-0.001782,0
2018-04-24,Tue,4,banks,electronics,trading,retail,utilities,pharma,0.03512,0.033789,0.003544,0.001484,0.002061,0.003544,1
2018-04-25,Wed,4,pharma,utilities,food,trading,electronics,banks,0.182144,0.172204,0.006098,0.00552,0.000578,0.006098,1
2018-04-26,Thu,4,retail,machinery,food,electronics,trading,energy,0.017034,0.013403,0.0,0.0,0.0,0.0,0
2018-04-27,Fri,4,retail,food,utilities,electronics,trading,energy,0.15844,0.143975,-0.003384,0.002803,-0.006187,-0.003384,0
2018-04-30,Mon,4,retail,utilities,food,electronics,trading,energy,0.181898,0.17497,0.0,0.0,0.0,0.0,0
2018-05-01,Tue,5,energy,trading,electronics,utilities,food,retail,0.089111,0.079877,0.007874,0.002131,0.005743,0.007874,1
2018-05-02,Wed,5,trading,electronics,energy,pharma,utilities,retail,0.070732,0.069985,-0.013467,0.001692,-0.01516,-0.013467,0
2018-05-03,Thu,5,energy,trading,electronics,utilities,food,retail,0.257128,0.246099,-0.0,0.0,-0.0,-0.0,0
2018-05-04,Fri,5,energy,trading,electronics,utilities,food,retail,0.030431,0.028949,-0.0,0.0,-0.0,-0.0,0
2018-05-07,Mon,5,food,retail,pharma,trading,electronics,energy,0.097777,0.085019,0.0,0.000408,-0.000408,0.0,0
2018-05-08,Tue,5,trading,banks,electronics,food,pharma,retail,0.187374,0.183815,0.0,0.000748,-0.000748,0.0,0
2018-05-09,Wed,5,trading,electronics,energy,food,pharma,retail,0.482365,0.474723,0.0,-0.00226,0.00226,0.0,1
2018-05-10,Thu,5,trading,banks,electronics,utilities,pharma,retail,0.479896,0.469122,0.0,-0.011396,0.011396,0.0,1
2018-05-11,Fri,5,pharma,food,retail,electronics,trading,energy,0.219675,0.216081,0.0,-0.001174,0.001174,0.0,1
2018-05-14,Mon,5,retail,pharma,food,electronics,energy,trading,0.260117,0.255315,0.00301,0.0,0.00301,0.00301,1
2018-05-15,Tue,5,retail,pharma,food,banks,energy,trading,0.023733,0.023234,0.0,0.001978,-0.001978,0.0,0
2018-05-16,Wed,5,energy,electronics,trading,retail,pharma,food,0.097081,0.092793,0.0,0.004063,-0.004063,0.0,0
2018-05-17,Thu,5,banks,trading,electronics,pharma,retail,utilities,0.01674,0.012922,0.002474,0.001922,0.000552,0.002474,1
2018-05-18,Fri,5,trading,electronics,energy,food,pharma,retail,0.168785,0.165575,0.009356,0.000146,0.00921,0.009356,1
2018-05-21,Mon,5,retail,pharma,utilities,electronics,trading,banks,0.094488,0.09199,-9.3e-05,0.00431,-0.004403,-9.3e-05,0
2018-05-22,Tue,5,banks,trading,electronics,pharma,utilities,retail,0.116101,0.111037,8.5e-05,0.0,8.5e-05,8.5e-05,1
2018-05-23,Wed,5,retail,pharma,utilities,electronics,banks,trading,0.196116,0.191328,0.000625,-0.003984,0.004609,0.000625,1
2018-05-24,Thu,5,pharma,retail,food,electronics,trading,energy,0.320585,0.316834,0.0,-0.0104,0.0104,0.0,1
2018-05-25,Fri,5,pharma,retail,food,electronics,banks,trading,0.452912,0.447966,0.0,0.001401,-0.001401,0.0,0
2018-05-29,Tue,5,pharma,retail,food,electronics,trading,energy,0.424281,0.420565,0.0,-0.003002,0.003002,0.0,1
2018-05-30,Wed,5,retail,pharma,food,electronics,trading,banks,0.340078,0.335203,-0.001949,-0.007042,0.005092,-0.001949,1
2018-05-31,Thu,5,banks,trading,electronics,pharma,utilities,retail,0.212054,0.205669,-0.0,0.002382,-0.002382,-0.0,0
2018-06-01,Fri,6,energy,utilities,auto,construction,it_services,food,0.023749,0.015976,0.004087,0.0,0.004087,0.004087,1
2018-06-04,Mon,6,banks,trading,energy,food,pharma,retail,0.329741,0.317941,0.002966,0.0,0.002966,0.002966,1
2018-06-05,Tue,6,banks,trading,it_services,retail,pharma,utilities,0.011144,0.00862,0.000912,0.004509,-0.003597,0.000912,0
2018-06-06,Wed,6,energy,banks,trading,pharma,retail,food,0.055658,0.052941,-0.005359,0.002545,-0.007903,-0.005359,0
2018-06-07,Thu,6,banks,trading,energy,pharma,food,retail,0.637031,0.618859,-0.000887,0.0,-0.000887,-0.000887,0
2018-06-08,Fri,6,food,retail,pharma,trading,electronics,energy,0.059411,0.053315,0.0,-0.002469,0.002469,0.0,1
2018-06-11,Mon,6,retail,food,pharma,banks,trading,energy,0.194854,0.186868,0.0,0.0,-0.0,0.0,0
2018-06-12,Tue,6,retail,food,pharma,banks,trading,energy,0.115357,0.110693,0.009247,0.002087,0.00716,0.009247,1
2018-06-13,Wed,6,retail,food,pharma,banks,trading,energy,0.318487,0.309077,0.001028,0.002381,-0.001353,0.001028,0
2018-06-14,Thu,6,retail,food,pharma,electronics,banks,trading,0.404707,0.390554,0.0,0.0,0.0,0.0,0
2018-06-15,Fri,6,retail,food,pharma,banks,trading,energy,0.369597,0.35687,0.001755,0.0,0.001755,0.001755,1
2018-06-18,Mon,6,retail,food,pharma,banks,energy,trading,0.629132,0.61606,0.0,-0.009097,0.009097,0.0,1
2018-06-19,Tue,6,energy,trading,banks,pharma,food,retail,0.298218,0.288162,-0.00457,0.0,-0.00457,-0.00457,0
2018-06-20,Wed,6,food,retail,pharma,energy,banks,trading,0.484238,0.4735,0.004591,0.00047,0.00412,0.004591,1
2018-06-21,Thu,6,trading,banks,energy,retail,food,pharma,0.04678,0.045738,-0.001173,0.0,-0.001173,-0.001173,0
2018-06-22,Fri,6,pharma,food,retail,energy,banks,trading,0.224275,0.219464,0.0,0.002405,-0.002405,0.0,0
2018-06-25,Mon,6,trading,banks,energy,retail,food,pharma,0.188396,0.180728,-0.00167,-0.002022,0.000352,-0.00167,1
2018-06-26,Tue,6,pharma,food,retail,energy,banks,trading,0.595126,0.577866,0.0,0.00711,-0.00711,0.0,0
2018-06-27,Wed,6,trading,banks,energy,retail,pharma,food,0.250036,0.243292,0.013216,-0.000581,0.013797,0.013216,1
2018-06-28,Thu,6,energy,electronics,trading,pharma,retail,food,0.157865,0.144586,0.003575,-0.003219,0.006794,0.003575,1
2018-06-29,Fri,6,trading,banks,electronics,retail,food,pharma,0.126368,0.119864,0.0,0.0,0.0,0.0,0
2018-07-02,Mon,7,trading,banks,energy,retail,food,pharma,0.098502,0.095212,-0.007927,-0.02065,0.012723,-0.007927,1
2018-07-03,Tue,7,food,pharma,retail,electronics,energy,trading,0.426663,0.414743,-0.001948,-0.010034,0.008086,-0.001948,1
2018-07-05,Thu,7,energy,electronics,pharma,food,it_services,transport,0.010976,0.00721,-0.011984,-0.001517,-0.010467,-0.011984,0
2018-07-06,Fri,7,food,retail,pharma,trading,electronics,energy,0.352697,0.333988,0.0,0.006548,-0.006548,0.0,0
2018-07-09,Mon,7,food,pharma,retail,trading,electronics,energy,0.288305,0.272374,0.004516,0.006015,-0.001499,0.004516,0
2018-07-10,Tue,7,trading,energy,electronics,retail,pharma,food,0.984421,0.955368,0.016313,-0.008335,0.024648,0.016313,1
2018-07-11,Wed,7,food,retail,pharma,electronics,trading,energy,0.225007,0.214154,-0.004384,0.001962,-0.006346,-0.004384,0
2018-07-12,Thu,7,food,retail,pharma,banks,electronics,trading,0.549382,0.523666,0.003392,-0.00285,0.006242,0.003392,1
2018-07-13,Fri,7,food,retail,pharma,electronics,trading,energy,0.234218,0.220421,0.00139,0.001723,-0.000333,0.00139,0
2018-07-16,Mon,7,food,retail,pharma,electronics,energy,trading,0.157313,0.154116,0.0,0.0,0.0,0.0,0
2018-07-17,Tue,7,energy,trading,electronics,pharma,retail,food,0.203235,0.194301,-0.001357,0.005952,-0.007309,-0.001357,0
2018-07-18,Wed,7,food,retail,pharma,electronics,trading,energy,0.237492,0.22974,-0.002691,0.0,-0.002691,-0.002691,0
2018-07-19,Thu,7,energy,trading,electronics,pharma,food,retail,0.368336,0.358468,0.008,-0.000426,0.008426,0.008,1
2018-07-20,Fri,7,energy,electronics,trading,retail,utilities,food,0.012941,0.009226,-0.005388,0.0,-0.005388,-0.005388,0
2018-07-23,Mon,7,retail,food,pharma,electronics,banks,trading,0.147124,0.140316,0.000236,0.003697,-0.003461,0.000236,0
2018-07-24,Tue,7,energy,trading,electronics,utilities,retail,food,0.168939,0.160855,-0.001075,0.0,-0.001075,-0.001075,0
2018-07-25,Wed,7,trading,banks,electronics,food,pharma,retail,0.069942,0.066001,0.000308,0.0,0.000308,0.000308,1
2018-07-26,Thu,7,food,utilities,retail,trading,electronics,energy,0.1575,0.139078,0.003342,0.00098,0.002361,0.003342,1
2018-07-27,Fri,7,energy,trading,electronics,utilities,food,retail,0.340514,0.329089,0.00244,0.0,0.00244,0.00244,1
2018-07-30,Mon,7,energy,trading,electronics,utilities,retail,food,0.228114,0.213975,0.001686,-0.002083,0.003769,0.001686,1
2018-07-31,Tue,7,energy,trading,electronics,utilities,food,retail,0.443572,0.423904,-0.002697,0.000248,-0.002944,-0.002697,0
2018-08-01,Wed,8,utilities,food,retail,trading,electronics,energy,0.108121,0.090949,-0.003865,0.004411,-0.008276,-0.003865,0
2018-08-02,Thu,8,pharma,retail,food,electronics,banks,trading,0.063497,0.057729,-0.008308,-0.003998,-0.00431,-0.008308,0
2018-08-03,Fri,8,food,retail,utilities,electronics,trading,energy,0.733556,0.712257,-0.007011,-0.002941,-0.00407,-0.007011,0
2018-08-06,Mon,8,food,utilities,retail,trading,electronics,energy,0.168405,0.153341,-0.005457,0.001473,-0.00693,-0.005457,0
2018-08-07,Tue,8,trading,electronics,banks,food,retail,pharma,0.015191,0.013085,-0.000425,0.000577,-0.001002,-0.000425,0
2018-08-08,Wed,8,energy,trading,electronics,utilities,food,retail,0.338663,0.333141,-0.005081,-0.006845,0.001764,-0.005081,1
2018-08-09,Thu,8,energy,banks,electronics,retail,food,utilities,0.028033,0.019929,-0.004595,-0.001754,-0.00284,-0.004595,0
2018-08-10,Fri,8,food,retail,pharma,banks,electronics,trading,0.037684,0.036159,0.0,-0.00282,0.00282,0.0,1
2018-08-13,Mon,8,pharma,retail,food,banks,electronics,trading,0.069918,0.060009,-0.005269,-0.022718,0.017449,-0.005269,1
2018-08-14,Tue,8,food,retail,utilities,electronics,energy,trading,0.388607,0.37687,0.001693,0.008498,-0.006804,0.001693,0
2018-08-15,Wed,8,trading,electronics,banks,food,retail,pharma,0.091013,0.086439,-0.002263,0.0,-0.002263,-0.002263,0
2018-08-16,Thu,8,food,retail,utilities,energy,electronics,trading,0.613185,0.596298,0.002639,0.002938,-0.000299,0.002639,0
2018-08-17,Fri,8,utilities,food,retail,trading,banks,energy,0.154592,0.133834,0.0,0.008277,-0.008277,0.0,0
2018-08-20,Mon,8,trading,electronics,banks,pharma,food,retail,0.105142,0.100809,-0.002468,-0.000133,-0.002334,-0.002468,0
2018-08-21,Tue,8,trading,energy,electronics,utilities,retail,food,0.366033,0.358834,-0.001021,0.0,-0.001021,-0.001021,0
2018-08-22,Wed,8,trading,energy,electronics,utilities,retail,food,0.347204,0.341996,0.002406,0.001773,0.000633,0.002406,1
2018-08-23,Thu,8,energy,trading,electronics,retail,food,utilities,0.178082,0.168765,0.0,0.0,0.0,0.0,0
2018-08-24,Fri,8,retail,food,pharma,banks,electronics,trading,0.174215,0.168912,0.001877,0.002567,-0.00069,0.001877,0
2018-08-27,Mon,8,trading,electronics,banks,pharma,food,retail,0.230091,0.22306,0.002554,0.001904,0.00065,0.002554,1
2018-08-28,Tue,8,trading,electronics,energy,utilities,food,retail,0.460991,0.452286,-0.001382,-0.000873,-0.000509,-0.001382,0
2018-08-29,Wed,8,energy,trading,electronics,utilities,retail,food,0.195325,0.190896,0.0,0.000875,-0.000875,0.0,0
2018-08-30,Thu,8,utilities,food,retail,electronics,trading,energy,0.193275,0.185087,-0.002187,0.0,-0.002187,-0.002187,0
2018-08-31,Fri,8,retail,food,utilities,energy,electronics,trading,0.229472,0.221508,0.000443,-0.003308,0.003752,0.000443,1
2018-09-04,Tue,9,energy,trading,electronics,retail,food,utilities,0.08051,0.076687,-0.002312,-0.003099,0.000787,-0.002312,1
2018-09-05,Wed,9,energy,trading,electronics,retail,food,utilities,0.118139,0.110743,0.0,-0.002688,0.002688,0.0,1
2018-09-06,Thu,9,food,retail,utilities,trading,electronics,energy,0.129262,0.126442,-0.001362,-0.001798,0.000436,-0.001362,1
2018-09-07,Fri,9,retail,food,utilities,trading,energy,electronics,0.205926,0.201992,0.007731,-0.002138,0.009869,0.007731,1
2018-09-10,Mon,9,energy,trading,electronics,pharma,food,utilities,0.06442,0.057508,0.0,0.005797,-0.005797,0.0,0
2018-09-11,Tue,9,electronics,banks,trading,pharma,food,retail,0.021774,0.020062,0.001703,0.006581,-0.004878,0.001703,0
2018-09-12,Wed,9,energy,electronics,trading,utilities,retail,food,0.275021,0.271238,0.001492,-0.001325,0.002816,0.001492,1
2018-09-13,Thu,9,food,utilities,retail,trading,electronics,energy,0.299329,0.294887,0.006649,0.002286,0.004363,0.006649,1
2018-09-14,Fri,9,utilities,food,retail,electronics,trading,energy,0.347981,0.339821,-0.000551,0.011675,-0.012226,-0.000551,0
2018-09-17,Mon,9,electronics,energy,trading,retail,food,utilities,0.360941,0.35763,0.0,0.0,0.0,0.0,0
2018-09-18,Tue,9,electronics,energy,trading,retail,food,utilities,0.273365,0.268684,0.010597,0.009174,0.001423,0.010597,1
2018-09-19,Wed,9,electronics,energy,banks,utilities,food,retail,0.068034,0.063055,0.012578,-0.001688,0.014265,0.012578,1
2018-09-20,Thu,9,electronics,energy,banks,food,utilities,retail,0.916001,0.90468,0.00359,0.003822,-0.000231,0.00359,0
2018-09-21,Fri,9,utilities,food,pharma,banks,electronics,energy,0.241163,0.231359,-0.00399,0.005877,-0.009868,-0.00399,0
2018-09-24,Mon,9,retail,food,utilities,banks,energy,electronics,0.035592,0.033645,0.0,0.0,0.0,0.0,0
2018-09-25,Tue,9,retail,food,pharma,trading,electronics,energy,0.116276,0.101772,0.008665,-0.001721,0.010386,0.008665,1
2018-09-26,Wed,9,electronics,energy,banks,retail,food,utilities,0.436392,0.425551,0.009305,0.000413,0.008892,0.009305,1
2018-09-27,Thu,9,retail,food,utilities,banks,electronics,energy,0.502136,0.484812,-0.00165,-0.001202,-0.000448,-0.00165,0
2018-09-28,Fri,9,retail,utilities,food,banks,energy,electronics,0.466857,0.460872,0.00165,-0.003549,0.005199,0.00165,1
2018-10-01,Mon,10,retail,utilities,food,banks,energy,electronics,0.471108,0.462559,0.0,-0.001199,0.001199,0.0,1
2018-10-02,Tue,10,electronics,energy,banks,utilities,food,retail,0.278458,0.269941,0.005495,-0.001232,0.006726,0.005495,1
2018-10-03,Wed,10,retail,utilities,food,banks,energy,electronics,0.188285,0.182876,0.000412,-0.010862,0.011274,0.000412,1
2018-10-04,Thu,10,electronics,energy,banks,food,utilities,retail,0.48541,0.47646,-0.000298,-0.001229,0.000931,-0.000298,1
2018-10-05,Fri,10,electronics,banks,energy,food,retail,utilities,0.551737,0.54102,0.002511,0.002053,0.000459,0.002511,1
2018-10-08,Mon,10,retail,food,pharma,banks,electronics,energy,0.131492,0.124456,0.0,0.0,0.0,0.0,0
2018-10-09,Tue,10,energy,electronics,banks,pharma,food,retail,0.14066,0.134609,-0.015568,-0.00476,-0.010808,-0.015568,0
2018-10-10,Wed,10,retail,food,utilities,energy,banks,electronics,0.54002,0.5201,0.001634,0.007175,-0.005541,0.001634,0
2018-10-11,Thu,10,banks,electronics,trading,food,pharma,utilities,0.235581,0.197362,-0.009884,-0.00341,-0.006474,-0.009884,0
2018-10-12,Fri,10,banks,electronics,trading,transport,steel,materials,0.124976,0.09447,0.00194,-0.006984,0.008924,0.00194,1
2018-10-15,Mon,10,retail,food,utilities,energy,electronics,banks,0.695719,0.667365,0.0,-0.009103,0.009103,0.0,1
2018-10-16,Tue,10,banks,electronics,energy,pharma,food,retail,0.056711,0.053551,0.006073,0.000279,0.005794,0.006073,1
2018-10-17,Wed,10,retail,food,pharma,energy,electronics,banks,0.321097,0.300448,0.002617,0.002288,0.000329,0.002617,1
2018-10-18,Thu,10,food,retail,utilities,banks,energy,electronics,0.062579,0.059777,0.001663,-0.01026,0.011922,0.001663,1
2018-10-19,Fri,10,food,transport,retail,auto,steel,materials,0.053278,0.037521,0.0,-0.006888,0.006888,0.0,1
2018-10-22,Mon,10,retail,food,utilities,energy,electronics,banks,0.465413,0.450934,0.002481,0.008456,-0.005975,0.002481,0
2018-10-23,Tue,10,food,retail,utilities,banks,electronics,energy,0.43237,0.414525,-0.007083,-0.012227,0.005144,-0.007083,1
2018-10-24,Wed,10,food,retail,utilities,banks,electronics,energy,0.301395,0.287783,0.005396,-0.003502,0.008898,0.005396,1
2018-10-25,Thu,10,food,retail,utilities,trading,electronics,energy,0.543388,0.499346,-0.005927,-0.013764,0.007838,-0.005927,1
2018-10-26,Fri,10,energy,electronics,banks,utilities,retail,food,0.512909,0.484121,-0.002743,-0.001277,-0.001466,-0.002743,0
2018-10-29,Mon,10,electronics,trading,banks,pharma,retail,utilities,0.368308,0.362392,-0.002002,-0.003371,0.001369,-0.002002,1
2018-10-30,Tue,10,food,retail,utilities,energy,electronics,banks,0.150473,0.145866,0.0,0.017086,-0.017086,0.0,0
2018-10-31,Wed,10,energy,banks,electronics,utilities,retail,food,0.458961,0.430313,0.009825,0.0,0.009825,0.009825,1
2018-11-01,Thu,11,banks,energy,electronics,utilities,retail,food,0.458977,0.440149,-0.006864,-0.001269,-0.005595,-0.006864,0
2018-11-02,Fri,11,banks,energy,electronics,utilities,retail,food,0.342923,0.33019,0.003892,-0.00375,0.007642,0.003892,1
2018-11-05,Mon,11,electronics,banks,energy,utilities,retail,food,0.319981,0.311238,-0.002126,-0.002167,4.1e-05,-0.002126,1
2018-11-06,Tue,11,energy,banks,electronics,utilities,retail,food,0.127184,0.118486,0.000838,0.002165,-0.001327,0.000838,0
2018-11-07,Wed,11,energy,banks,electronics,utilities,retail,food,0.12826,0.120806,-0.007227,-0.003861,-0.003366,-0.007227,0
2018-11-08,Thu,11,utilities,food,pharma,banks,trading,electronics,0.154321,0.142347,0.002088,0.0,0.002088,0.002088,1
2018-11-09,Fri,11,food,retail,utilities,electronics,energy,banks,0.158383,0.15151,0.0,-0.011971,0.011971,0.0,1
2018-11-12,Mon,11,food,retail,utilities,electronics,energy,banks,0.200893,0.19061,0.0,-0.001662,0.001662,0.0,1
2018-11-13,Tue,11,retail,food,utilities,energy,banks,materials,0.089618,0.081142,0.00042,0.003448,-0.003028,0.00042,0
2018-11-14,Wed,11,food,retail,utilities,electronics,energy,banks,0.089185,0.085786,0.006289,-0.007847,0.014136,0.006289,1
2018-11-15,Thu,11,electronics,banks,energy,retail,utilities,food,0.298108,0.289414,-0.001948,0.00287,-0.004818,-0.001948,0
2018-11-16,Fri,11,banks,energy,electronics,retail,utilities,food,0.341515,0.330663,0.000321,-0.002439,0.00276,0.000321,1
2018-11-19,Mon,11,energy,banks,electronics,utilities,retail,food,0.07567,0.073008,-0.007065,0.00504,-0.012105,-0.007065,0
2018-11-20,Tue,11,electronics,banks,trading,retail,utilities,food,0.281298,0.271303,-0.006275,-0.003228,-0.003046,-0.006275,0
2018-11-21,Wed,11,food,retail,utilities,electronics,energy,banks,0.336858,0.322482,0.0,0.002659,-0.002659,0.0,0
2018-11-23,Fri,11,banks,electronics,energy,retail,utilities,food,0.648646,0.631945,0.0,0.0,0.0,0.0,0
2018-11-26,Mon,11,food,utilities,retail,electronics,energy,banks,0.517202,0.505593,0.00081,0.000412,0.000398,0.00081,1
2018-11-27,Tue,11,energy,banks,electronics,utilities,food,retail,0.213283,0.207282,0.00377,0.001215,0.002555,0.00377,1
2018-11-28,Wed,11,food,utilities,retail,energy,electronics,banks,0.426572,0.413868,0.0,-0.002089,0.002089,0.0,1
2018-11-29,Thu,11,materials,energy,banks,food,utilities,retail,0.103792,0.086713,0.000449,-0.003619,0.004068,0.000449,1
2018-11-30,Fri,11,banks,energy,electronics,retail,utilities,food,0.123402,0.120996,0.008002,-0.000407,0.00841,0.008002,1
2018-12-03,Mon,12,food,utilities,retail,energy,electronics,banks,0.37403,0.361066,-0.00404,0.007928,-0.011968,-0.00404,0
2018-12-04,Tue,12,banks,energy,electronics,retail,food,utilities,0.307508,0.30415,-0.020999,-0.001084,-0.019915,-0.020999,0
2018-12-06,Thu,12,retail,utilities,food,electronics,banks,energy,0.462643,0.453274,0.002442,-0.013025,0.015467,0.002442,1
2018-12-07,Fri,12,food,utilities,retail,energy,electronics,banks,0.123749,0.121561,0.0,-0.002371,0.002371,0.0,1
2018-12-10,Mon,12,trading,electronics,retail,food,steel,materials,0.06247,0.041049,-0.005646,-0.004724,-0.000922,-0.005646,0
2018-12-11,Tue,12,utilities,food,retail,energy,electronics,banks,0.369528,0.363272,-0.000267,-0.006672,0.006406,-0.000267,1
2018-12-12,Wed,12,food,utilities,retail,energy,electronics,banks,0.265524,0.261178,-0.000892,0.009054,-0.009947,-0.000892,0
2018-12-13,Thu,12,energy,banks,electronics,food,retail,utilities,0.049742,0.047695,-0.000345,-0.00321,0.002865,-0.000345,1
2018-12-14,Fri,12,food,utilities,retail,energy,electronics,banks,0.26625,0.263209,-0.0004,-0.011127,0.010727,-0.0004,1
2018-12-17,Mon,12,electronics,trading,banks,retail,utilities,food,0.422637,0.406223,-0.002026,-0.002592,0.000566,-0.002026,1
2018-12-18,Tue,12,trading,electronics,banks,retail,utilities,food,0.430091,0.399673,-0.012205,-0.010477,-0.001729,-0.012205,0
2018-12-19,Wed,12,banks,electronics,trading,utilities,retail,food,0.250654,0.245269,-0.007915,-0.011647,0.003731,-0.007915,1
2018-12-20,Thu,12,trading,utilities,transport,machinery,food,materials,0.042451,0.027892,-0.003279,-0.004229,0.000949,-0.003279,1
2018-12-21,Fri,12,utilities,retail,transport,steel,energy,materials,0.057354,0.038895,-0.008271,-0.013133,0.004862,-0.008271,1
2018-12-24,Mon,12,trading,electronics,banks,retail,materials,food,0.070593,0.058407,0.0,0.0,0.0,0.0,0
2018-12-26,Wed,12,trading,electronics,banks,pharma,retail,food,0.326884,0.289043,-0.002446,-0.005842,0.003396,-0.002446,1
2018-12-27,Thu,12,banks,energy,electronics,food,retail,utilities,0.496053,0.457607,-0.00059,0.014438,-0.015028,-0.00059,0
2018-12-28,Fri,12,energy,machinery,steel,finance,utilities,transport,0.051202,0.039902,-0.000592,0.002567,-0.003159,-0.000592,0
2018-12-31,Mon,12,food,utilities,retail,banks,energy,electronics,0.065231,0.063209,0.0,0.0,0.0,0.0,0
2019-01-04,Fri,1,energy,machinery,steel,finance,utilities,transport,0.040456,0.030435,0.0,0.007653,-0.007653,0.0,0
2019-01-07,Mon,1,energy,electronics,steel,retail,utilities,transport,0.172229,0.13594,0.014286,0.001559,0.012727,0.014286,1
2019-01-08,Tue,1,energy,electronics,banks,food,retail,utilities,0.294696,0.282842,-0.006954,-0.002161,-0.004793,-0.006954,0
2019-01-09,Wed,1,food,pharma,utilities,electronics,transport,trading,0.051532,0.04386,-0.003484,-0.002928,-0.000557,-0.003484,0
2019-01-10,Thu,1,energy,electronics,banks,retail,utilities,food,0.243969,0.238188,0.007733,0.003197,0.004535,0.007733,1
2019-01-11,Fri,1,food,machinery,pharma,electronics,trading,transport,0.030601,0.026575,-0.005097,0.0,-0.005097,-0.005097,0
2019-01-15,Tue,1,retail,utilities,food,banks,electronics,energy,0.016227,0.015761,-0.000804,0.006621,-0.007425,-0.000804,0
2019-01-16,Wed,1,food,utilities,retail,banks,energy,electronics,0.342665,0.327617,0.0,-0.002655,0.002655,0.0,1
2019-01-17,Thu,1,energy,electronics,banks,retail,food,utilities,0.295571,0.286824,-0.002559,0.0,-0.002559,-0.002559,0
2019-01-18,Fri,1,energy,electronics,banks,food,retail,utilities,0.130556,0.120331,0.0,0.005119,-0.005119,0.0,0
2019-01-22,Tue,1,energy,electronics,banks,pharma,utilities,retail,0.168121,0.151246,0.0,-0.004706,0.004706,0.0,1
2019-01-23,Wed,1,retail,utilities,pharma,banks,electronics,energy,0.168389,0.15263,0.000126,0.002125,-0.001998,0.000126,0
2019-01-24,Thu,1,utilities,food,retail,banks,energy,electronics,0.404936,0.394202,-0.000678,0.010233,-0.010911,-0.000678,0
2019-01-25,Fri,1,electronics,energy,banks,food,retail,utilities,0.171718,0.167694,0.002834,0.0,0.002834,0.002834,1
2019-01-28,Mon,1,energy,electronics,banks,food,retail,utilities,0.582327,0.566567,0.0,0.0,0.0,0.0,0
2019-01-29,Tue,1,electronics,energy,banks,retail,utilities,food,0.139798,0.130028,-0.002424,-0.00135,-0.001074,-0.002424,0
2019-01-30,Wed,1,energy,electronics,banks,food,retail,utilities,0.082462,0.079589,-0.001769,-0.001804,3.5e-05,-0.001769,1
2019-01-31,Thu,1,food,utilities,retail,banks,trading,electronics,0.181273,0.160118,-0.005124,-0.001343,-0.003781,-0.005124,0
2019-02-01,Fri,2,food,utilities,retail,banks,energy,electronics,0.630534,0.606248,-0.005376,-0.004039,-0.001338,-0.005376,0
2019-02-04,Mon,2,electronics,energy,banks,utilities,retail,food,0.176584,0.172,-0.001,0.0,-0.001,-0.001,0
2019-02-05,Tue,2,food,retail,utilities,banks,trading,electronics,0.070188,0.063244,0.003759,0.000359,0.003401,0.003759,1
2019-02-06,Wed,2,energy,electronics,banks,pharma,utilities,retail,0.067039,0.061986,-0.003868,-0.002058,-0.001811,-0.003868,0
2019-02-07,Thu,2,retail,utilities,food,banks,electronics,energy,0.250333,0.238829,-0.000834,-0.012819,0.011985,-0.000834,1
2019-02-08,Fri,2,retail,utilities,food,banks,electronics,energy,0.283958,0.2681,-0.002958,-0.004362,0.001404,-0.002958,1
2019-02-12,Tue,2,retail,food,utilities,banks,electronics,energy,0.239464,0.230685,0.0,0.01215,-0.01215,0.0,0
2019-02-13,Wed,2,energy,electronics,banks,pharma,retail,utilities,0.079016,0.067054,-0.000549,-0.000418,-0.000131,-0.000549,0
2019-02-14,Thu,2,energy,electronics,banks,food,utilities,retail,0.216195,0.205395,-0.001085,0.000835,-0.00192,-0.001085,0
2019-02-15,Fri,2,electronics,banks,energy,utilities,retail,food,0.062146,0.057384,0.0,0.0,0.0,0.0,0
2019-02-19,Tue,2,energy,electronics,banks,pharma,utilities,retail,0.183769,0.164044,-0.002342,0.00655,-0.008892,-0.002342,0
2019-02-20,Wed,2,food,pharma,retail,banks,trading,electronics,0.012502,0.010735,0.0,-6.1e-05,6.1e-05,0.0,1
2019-02-21,Thu,2,energy,electronics,banks,utilities,food,retail,0.16573,0.157882,-0.001233,-0.000805,-0.000427,-0.001233,0
2019-02-22,Fri,2,retail,utilities,food,banks,electronics,energy,0.245525,0.231388,-0.003997,0.0,-0.003997,-0.003997,0
2019-02-25,Mon,2,food,retail,pharma,trading,banks,electronics,0.068785,0.063479,0.001943,0.000281,0.001663,0.001943,1
2019-02-26,Tue,2,electronics,energy,banks,utilities,food,retail,0.176143,0.169747,-0.000992,0.000794,-0.001786,-0.000992,0
2019-02-27,Wed,2,retail,utilities,pharma,banks,electronics,energy,0.074804,0.067856,0.004144,-0.001425,0.005569,0.004144,1
2019-02-28,Thu,2,electronics,energy,banks,pharma,retail,food,0.093059,0.089372,0.000136,-0.001424,0.001559,0.000136,1
2019-03-01,Fri,3,retail,food,utilities,banks,electronics,energy,0.272565,0.257631,-0.00161,-0.001775,0.000165,-0.00161,1
2019-03-04,Mon,3,energy,electronics,banks,pharma,utilities,retail,0.039922,0.03436,0.000523,-0.003236,0.003759,0.000523,1
2019-03-05,Tue,3,electronics,energy,banks,utilities,food,retail,0.207191,0.198643,0.000311,0.00041,-9.9e-05,0.000311,0
2019-03-06,Wed,3,transport,utilities,finance,steel,it_services,energy,0.012625,0.01054,0.00041,0.0,0.00041,0.00041,1
2019-03-07,Thu,3,electronics,trading,banks,pharma,retail,food,0.044361,0.03829,-0.008308,-0.003466,-0.004841,-0.008308,0
2019-03-08,Fri,3,retail,utilities,pharma,banks,electronics,energy,0.060594,0.050488,-0.010792,-0.007592,-0.0032,-0.010792,0
2019-03-11,Mon,3,retail,utilities,food,banks,electronics,energy,0.166504,0.156399,0.000669,-0.000749,0.001419,0.000669,1
2019-03-12,Tue,3,it_services,machinery,steel,materials,finance,transport,0.069651,0.055826,0.0,-0.007407,0.007407,0.0,1
2019-03-13,Wed,3,food,retail,utilities,energy,banks,electronics,0.041839,0.038559,0.001209,-0.008606,0.009815,0.001209,1
2019-03-14,Thu,3,energy,it_services,electronics,utilities,retail,transport,0.037201,0.030461,-0.000831,0.0008,-0.001631,-0.000831,0
2019-03-15,Fri,3,electronics,banks,trading,pharma,retail,food,0.026098,0.023393,-0.0,0.0,-0.0,-0.0,0
2019-03-18,Mon,3,retail,food,utilities,banks,electronics,energy,0.221528,0.213363,-0.003567,0.001434,-0.005001,-0.003567,0
2019-03-19,Tue,3,energy,electronics,banks,utilities,food,retail,0.230571,0.219336,0.0,-0.000804,0.000804,0.0,1
2019-03-20,Wed,3,retail,utilities,food,banks,electronics,energy,0.076921,0.070111,0.0,0.00252,-0.00252,0.0,0
2019-03-22,Fri,3,transport,retail,utilities,electronics,it_services,energy,0.027077,0.022053,0.0004,0.004068,-0.003669,0.0004,0
2019-03-25,Mon,3,retail,utilities,food,banks,electronics,energy,0.641551,0.595185,0.001984,-0.00878,0.010764,0.001984,1
2019-03-26,Tue,3,retail,food,utilities,banks,electronics,energy,0.034408,0.030669,-0.005536,0.001159,-0.006695,-0.005536,0
2019-03-27,Wed,3,energy,electronics,trading,food,transport,retail,0.056045,0.046014,-0.001394,0.001015,-0.002409,-0.001394,0
2019-03-28,Thu,3,electronics,energy,banks,pharma,utilities,food,0.163757,0.155628,-0.001451,-0.001564,0.000113,-0.001451,1
2019-03-29,Fri,3,energy,electronics,banks,utilities,food,retail,0.424103,0.401072,-0.006806,-0.00243,-0.004376,-0.006806,0
2019-04-01,Mon,4,food,retail,utilities,banks,energy,electronics,0.304718,0.2933,-0.001613,0.002279,-0.003892,-0.001613,0
2019-04-02,Tue,4,energy,electronics,banks,utilities,food,retail,0.630401,0.588528,-0.003587,-0.003632,4.5e-05,-0.003587,1
2019-04-03,Wed,4,electronics,energy,banks,utilities,food,retail,0.288013,0.277361,0.00911,-0.000822,0.009932,0.00911,1
2019-04-04,Thu,4,electronics,energy,banks,utilities,retail,food,0.152156,0.147521,0.001457,-0.002481,0.003938,0.001457,1
2019-04-05,Fri,4,energy,electronics,trading,utilities,food,retail,0.320905,0.311661,0.001178,0.00166,-0.000483,0.001178,0
2019-04-08,Mon,4,food,pharma,utilities,banks,energy,electronics,0.06254,0.055773,-0.000927,0.000278,-0.001205,-0.000927,0
2019-04-09,Tue,4,energy,banks,electronics,steel,food,pharma,0.013547,0.010819,-0.008661,-0.002263,-0.006397,-0.008661,0
2019-04-10,Wed,4,retail,utilities,food,energy,trading,electronics,0.359277,0.346973,-0.000741,0.001944,-0.002686,-0.000741,0
2019-04-11,Thu,4,electronics,energy,trading,food,utilities,retail,0.17874,0.173442,-0.005333,0.000846,-0.006179,-0.005333,0
2019-04-12,Fri,4,energy,electronics,trading,utilities,food,retail,0.138613,0.134634,-0.006393,0.000846,-0.007239,-0.006393,0
2019-04-15,Mon,4,electronics,trading,energy,food,utilities,retail,0.503795,0.487057,0.01228,0.002545,0.009736,0.01228,1
2019-04-16,Tue,4,retail,utilities,food,trading,energy,electronics,0.527315,0.510964,-0.00463,0.000676,-0.005306,-0.00463,0
2019-04-17,Wed,4,energy,electronics,trading,pharma,food,retail,0.442171,0.430543,0.001573,-0.002601,0.004174,0.001573,1
2019-04-18,Thu,4,energy,electronics,banks,retail,pharma,food,0.136616,0.129469,-0.001296,-0.013792,0.012496,-0.001296,1
2019-04-22,Mon,4,food,pharma,retail,electronics,banks,energy,0.023547,0.022676,0.002867,-0.002232,0.005099,0.002867,1
2019-04-23,Tue,4,retail,utilities,food,trading,energy,electronics,0.074821,0.072851,0.001738,0.00639,-0.004652,0.001738,0
2019-04-24,Wed,4,construction,electronics,trading,retail,machinery,utilities,0.026811,0.024351,-0.004178,-0.015258,0.01108,-0.004178,1
2019-04-25,Thu,4,retail,utilities,food,banks,electronics,energy,0.410569,0.400877,0.000451,0.005729,-0.005278,0.000451,0
2019-04-26,Fri,4,retail,utilities,food,trading,energy,electronics,0.322597,0.311984,0.000452,0.000276,0.000176,0.000452,1
2019-05-07,Tue,5,pharma,food,retail,electronics,banks,energy,0.078579,0.075054,0.007552,-0.018329,0.025881,0.007552,1
2019-05-08,Wed,5,machinery,finance,utilities,steel,pharma,construction,0.074534,0.049507,-0.014489,-0.02212,0.007631,-0.014489,1
2019-05-09,Thu,5,electronics,energy,banks,pharma,food,retail,0.350317,0.341226,-0.003927,-0.015322,0.011395,-0.003927,1
2019-05-10,Fri,5,energy,electronics,banks,food,retail,pharma,0.135657,0.134524,-0.002518,0.000814,-0.003332,-0.002518,0
2019-05-13,Mon,5,food,pharma,utilities,banks,energy,electronics,0.30783,0.299672,-0.002555,0.003436,-0.005992,-0.002555,0
2019-05-14,Tue,5,retail,food,utilities,trading,banks,energy,0.296462,0.262104,-0.011813,0.020072,-0.031884,-0.011813,0
2019-05-15,Wed,5,energy,electronics,banks,utilities,food,retail,0.276096,0.263442,-0.001536,-0.000954,-0.000582,-0.001536,0
2019-05-16,Thu,5,pharma,utilities,retail,banks,energy,electronics,0.181742,0.175642,0.000609,-0.011492,0.0121,0.000609,1
2019-05-17,Fri,5,pharma,utilities,food,trading,energy,electronics,0.058887,0.048491,0.000195,0.008705,-0.00851,0.000195,0
2019-05-20,Mon,5,retail,utilities,food,banks,energy,electronics,0.260266,0.248858,-0.001994,-0.001713,-0.00028,-0.001994,0
2019-05-21,Tue,5,retail,food,utilities,banks,trading,electronics,0.210898,0.195709,0.000106,-0.001426,0.001532,0.000106,1
2019-05-22,Wed,5,electronics,trading,energy,food,utilities,retail,0.40261,0.378036,0.000286,-0.001883,0.00217,0.000286,1
2019-05-23,Thu,5,retail,utilities,food,banks,energy,electronics,0.63015,0.599347,0.00319,-0.011117,0.014307,0.00319,1
2019-05-24,Fri,5,retail,food,utilities,energy,trading,electronics,0.713989,0.674185,0.000467,-0.005073,0.00554,0.000467,1
2019-05-28,Tue,5,electronics,energy,banks,utilities,food,retail,0.402875,0.388619,-0.004382,-0.002574,-0.001808,-0.004382,0
2019-05-29,Wed,5,electronics,energy,banks,food,retail,utilities,0.55748,0.54824,0.003934,-0.002833,0.006767,0.003934,1
2019-05-30,Thu,5,electronics,energy,banks,retail,food,utilities,0.440045,0.426409,0.0,-0.002861,0.002861,0.0,1
2019-05-31,Fri,5,utilities,retail,food,banks,energy,electronics,0.254277,0.248278,0.002577,-0.011118,0.013695,0.002577,1
2019-06-03,Mon,6,energy,electronics,banks,construction,pharma,utilities,0.047683,0.043141,-0.013985,0.002288,-0.016273,-0.013985,0
2019-06-04,Tue,6,electronics,energy,banks,utilities,food,retail,0.321132,0.31089,0.001567,-0.006354,0.007921,0.001567,1
2019-06-05,Wed,6,trading,electronics,banks,utilities,food,retail,0.156129,0.133401,0.00895,-0.003144,0.012094,0.00895,1
2019-06-06,Thu,6,utilities,retail,food,banks,electronics,energy,0.595406,0.57288,0.000471,-0.004804,0.005275,0.000471,1
2019-06-07,Fri,6,utilities,pharma,food,banks,electronics,energy,0.10819,0.099784,-0.001432,0.000619,-0.002051,-0.001432,0
2019-06-10,Mon,6,utilities,pharma,food,banks,electronics,energy,0.12623,0.11599,0.004276,0.004244,3.2e-05,0.004276,1
2019-06-11,Tue,6,energy,electronics,trading,utilities,food,retail,0.152417,0.146751,0.0,0.000702,-0.000702,0.0,0
2019-06-12,Wed,6,energy,electronics,banks,food,utilities,retail,0.144621,0.14016,-0.001631,-0.001397,-0.000234,-0.001631,0
2019-06-13,Thu,6,retail,utilities,food,banks,electronics,energy,0.498083,0.481465,-0.002813,-0.006494,0.003681,-0.002813,1
2019-06-14,Fri,6,energy,electronics,banks,utilities,food,retail,0.212622,0.202063,0.002235,-0.003291,0.005526,0.002235,1
2019-06-17,Mon,6,retail,food,utilities,banks,electronics,energy,0.134961,0.130308,-0.004267,0.002405,-0.006673,-0.004267,0
2019-06-18,Tue,6,energy,electronics,banks,food,utilities,retail,0.091584,0.088837,-0.004587,-0.009606,0.005019,-0.004587,1
2019-06-19,Wed,6,energy,banks,electronics,utilities,food,retail,0.340822,0.328966,0.005697,0.003951,0.001747,0.005697,1
2019-06-20,Thu,6,retail,utilities,food,electronics,banks,energy,0.404402,0.393439,0.002426,0.003562,-0.001136,0.002426,0
2019-06-21,Fri,6,electronics,energy,banks,utilities,food,retail,0.063539,0.057958,0.006187,-0.000482,0.00667,0.006187,1
2019-06-24,Mon,6,retail,food,utilities,banks,electronics,energy,0.173959,0.168243,-0.000838,-0.000683,-0.000155,-0.000838,0
2019-06-25,Tue,6,retail,food,utilities,banks,electronics,energy,0.159622,0.154528,-0.001935,-0.004764,0.002829,-0.001935,1
2019-06-26,Wed,6,energy,trading,electronics,retail,utilities,pharma,0.049926,0.044689,-0.002611,-0.001969,-0.000641,-0.002611,0
2019-06-27,Thu,6,energy,electronics,banks,food,utilities,retail,0.739139,0.724935,0.010419,0.002044,0.008375,0.010419,1
2019-06-28,Fri,6,construction,utilities,transport,food,realestate,it_services,0.008351,0.006262,0.001969,-0.001065,0.003034,0.001969,1
2019-07-01,Mon,7,energy,electronics,banks,pharma,food,retail,0.380981,0.369379,0.01166,0.003923,0.007736,0.01166,1
2019-07-02,Tue,7,utilities,pharma,retail,trading,energy,electronics,0.041717,0.034457,-0.000285,-0.000611,0.000326,-0.000285,1
2019-07-03,Wed,7,retail,utilities,food,banks,electronics,energy,0.546407,0.536892,0.002144,-0.004332,0.006476,0.002144,1
2019-07-05,Fri,7,utilities,pharma,retail,banks,electronics,energy,0.184569,0.172302,-0.004954,0.001531,-0.006484,-0.004954,0
2019-07-08,Mon,7,energy,electronics,banks,food,retail,utilities,0.161271,0.154938,-0.011924,-0.011261,-0.000662,-0.011924,0
2019-07-09,Tue,7,retail,food,pharma,electronics,banks,energy,0.041461,0.037904,-0.000263,0.000596,-0.000859,-0.000263,0
2019-07-10,Wed,7,energy,electronics,banks,food,retail,utilities,0.04252,0.040775,-0.002902,0.00421,-0.007112,-0.002902,0
2019-07-11,Thu,7,utilities,retail,food,banks,electronics,energy,0.135278,0.128772,0.000748,-0.000162,0.00091,0.000748,1
2019-07-12,Fri,7,utilities,retail,food,electronics,banks,energy,0.042006,0.04042,0.000968,-0.001698,0.002666,0.000968,1
2019-07-16,Tue,7,energy,electronics,banks,utilities,food,retail,0.471958,0.454628,-0.010157,-0.004943,-0.005214,-0.010157,0
2019-07-17,Wed,7,energy,banks,electronics,retail,pharma,utilities,0.15272,0.144879,-0.000788,3e-06,-0.000791,-0.000788,0
2019-07-18,Thu,7,retail,food,pharma,banks,electronics,energy,0.49368,0.475334,-0.013509,-0.022651,0.009142,-0.013509,1
2019-07-19,Fri,7,utilities,retail,pharma,electronics,banks,energy,0.283462,0.27151,0.012613,0.012346,0.000267,0.012613,1
2019-07-22,Mon,7,energy,banks,electronics,retail,pharma,utilities,0.474529,0.454044,-0.000402,-0.001479,0.001078,-0.000402,1
2019-07-23,Tue,7,energy,banks,electronics,pharma,retail,utilities,0.15628,0.152183,0.004596,-0.000178,0.004774,0.004596,1
2019-07-24,Wed,7,energy,electronics,banks,utilities,food,retail,0.436638,0.42336,0.0033,-0.000501,0.003801,0.0033,1
2019-07-25,Thu,7,energy,electronics,banks,food,utilities,retail,0.253753,0.247561,-0.001145,0.003022,-0.004167,-0.001145,0
2019-07-26,Fri,7,retail,food,pharma,banks,electronics,energy,0.22144,0.212043,-0.000252,-0.002249,0.001997,-0.000252,1
2019-07-29,Mon,7,utilities,pharma,retail,electronics,energy,banks,0.182376,0.171303,0.002465,-0.006781,0.009246,0.002465,1
2019-07-30,Tue,7,retail,utilities,food,banks,electronics,energy,0.330441,0.322066,0.004241,-0.00152,0.005761,0.004241,1
2019-07-31,Wed,7,energy,electronics,banks,food,retail,utilities,0.556544,0.538702,0.000911,0.003865,-0.002954,0.000911,0
2019-08-01,Thu,8,banks,energy,electronics,retail,pharma,utilities,0.459426,0.433873,0.008703,-0.002646,0.011349,0.008703,1
2019-08-02,Fri,8,utilities,retail,food,banks,electronics,energy,0.783198,0.763272,-0.009254,-0.013638,0.004384,-0.009254,1
2019-08-05,Mon,8,food,retail,pharma,trading,electronics,energy,0.045203,0.041605,-0.012084,-0.016614,0.00453,-0.012084,1
2019-08-06,Tue,8,banks,energy,trading,retail,pharma,utilities,0.270322,0.229441,0.012831,0.012253,0.000578,0.012831,1
2019-08-07,Wed,8,utilities,pharma,retail,trading,energy,banks,0.340754,0.323102,0.000487,-0.000143,0.000629,0.000487,1
2019-08-08,Thu,8,utilities,pharma,food,electronics,banks,energy,0.237763,0.228569,-0.004888,-0.016303,0.011415,-0.004888,1
2019-08-09,Fri,8,electronics,trading,energy,utilities,food,retail,0.245714,0.225272,0.000983,0.0,0.000983,0.000983,1
2019-08-13,Tue,8,utilities,retail,food,trading,energy,electronics,0.128079,0.121355,-0.002235,-0.014915,0.01268,-0.002235,1
2019-08-14,Wed,8,utilities,retail,pharma,trading,energy,banks,0.195266,0.188175,-0.004418,0.00314,-0.007558,-0.004418,0
2019-08-15,Thu,8,food,utilities,retail,energy,trading,electronics,0.393977,0.362178,0.001876,-0.006666,0.008543,0.001876,1
2019-08-16,Fri,8,utilities,pharma,retail,electronics,banks,energy,0.320134,0.306844,0.002816,0.005348,-0.002531,0.002816,0
2019-08-19,Mon,8,electronics,trading,banks,utilities,retail,food,0.07491,0.062846,0.002552,-0.001257,0.003809,0.002552,1
2019-08-20,Tue,8,electronics,trading,banks,utilities,retail,food,0.050428,0.043546,0.000518,-0.002941,0.003459,0.000518,1
2019-08-21,Wed,8,food,utilities,retail,energy,trading,electronics,0.071507,0.06679,-0.003989,-0.003129,-0.00086,-0.003989,0
2019-08-22,Thu,8,utilities,pharma,retail,electronics,banks,energy,0.109268,0.103998,0.000339,-0.004322,0.004661,0.000339,1
2019-08-23,Fri,8,energy,banks,electronics,retail,pharma,utilities,0.031625,0.030407,-0.001101,0.000502,-0.001603,-0.001101,0
2019-08-26,Mon,8,machinery,food,finance,trading,realestate,it_services,0.0695,0.051777,0.00037,0.007474,-0.007105,0.00037,0
2019-08-27,Tue,8,utilities,pharma,retail,electronics,banks,energy,0.323503,0.312801,0.00273,-0.002112,0.004842,0.00273,1
2019-08-28,Wed,8,food,utilities,pharma,energy,electronics,trading,0.025525,0.021911,0.003506,0.000371,0.003135,0.003506,1
2019-08-29,Thu,8,trading,electronics,energy,retail,food,utilities,0.205017,0.201145,-0.00092,0.0,-0.00092,-0.00092,0
2019-08-30,Fri,8,trading,electronics,energy,pharma,utilities,food,0.211421,0.206034,0.00816,0.008538,-0.000377,0.00816,0
2019-09-03,Tue,9,energy,electronics,banks,pharma,retail,utilities,0.153204,0.14987,0.00031,0.002627,-0.002317,0.00031,0
2019-09-04,Wed,9,utilities,pharma,retail,trading,electronics,energy,0.271455,0.266087,0.003772,0.001173,0.002599,0.003772,1
2019-09-05,Thu,9,trading,electronics,energy,food,pharma,utilities,0.243257,0.23849,0.010491,0.004072,0.006418,0.010491,1
2019-09-06,Fri,9,electronics,energy,trading,food,pharma,utilities,0.278345,0.273056,0.000152,-0.004254,0.004406,0.000152,1
2019-09-09,Mon,9,electronics,energy,trading,pharma,retail,utilities,0.128335,0.125737,0.002733,0.003885,-0.001151,0.002733,0
2019-09-10,Tue,9,electronics,energy,trading,pharma,retail,utilities,0.574594,0.558359,0.01203,-0.005941,0.017971,0.01203,1
2019-09-11,Wed,9,electronics,energy,trading,pharma,retail,utilities,0.207325,0.200996,0.014213,0.013554,0.000659,0.014213,1
2019-09-12,Thu,9,utilities,pharma,retail,banks,electronics,energy,0.291585,0.284888,0.007484,0.001333,0.006151,0.007484,1
2019-09-13,Fri,9,trading,electronics,energy,utilities,pharma,food,0.027699,0.027067,0.004315,0.004605,-0.00029,0.004315,0
2019-09-17,Tue,9,electronics,energy,banks,retail,pharma,utilities,0.471047,0.459203,0.013685,0.002874,0.010811,0.013685,1
2019-09-18,Wed,9,utilities,pharma,retail,banks,electronics,energy,0.176882,0.172834,0.000771,-0.007974,0.008745,0.000771,1
2019-09-19,Thu,9,utilities,pharma,retail,trading,energy,electronics,0.130849,0.127855,0.009754,0.004064,0.00569,0.009754,1
2019-09-20,Fri,9,utilities,pharma,retail,trading,electronics,energy,0.19132,0.185707,-0.001367,-0.000315,-0.001052,-0.001367,0
2019-09-24,Tue,9,utilities,pharma,food,electronics,energy,trading,0.136597,0.134103,0.003953,0.002098,0.001855,0.003953,1
2019-09-25,Wed,9,utilities,pharma,food,trading,electronics,energy,0.467883,0.457867,0.002693,0.0,0.002693,0.002693,1
2019-09-26,Thu,9,trading,electronics,energy,food,pharma,utilities,0.159312,0.156544,0.000904,-0.000189,0.001093,0.000904,1
2019-09-27,Fri,9,utilities,pharma,retail,trading,electronics,energy,0.209755,0.20463,-0.008689,-0.005343,-0.003346,-0.008689,0
2019-09-30,Mon,9,energy,electronics,banks,retail,pharma,utilities,0.225341,0.219178,-0.007482,-0.006786,-0.000695,-0.007482,0
2019-10-01,Tue,10,utilities,retail,pharma,electronics,trading,energy,0.259735,0.25233,0.004167,0.000817,0.00335,0.004167,1
2019-10-02,Wed,10,utilities,pharma,food,energy,electronics,trading,0.563996,0.549734,0.010172,-0.005331,0.015503,0.010172,1
2019-10-03,Thu,10,energy,banks,electronics,pharma,utilities,retail,0.226712,0.218049,0.002334,-0.003323,0.005657,0.002334,1
2019-10-04,Fri,10,it_services,realestate,transport,construction,machinery,finance,0.025185,0.020219,0.0,0.0,0.0,0.0,0
2019-10-07,Mon,10,utilities,retail,pharma,trading,electronics,energy,0.45232,0.447314,-0.003762,-0.001831,-0.001931,-0.003762,0
2019-10-08,Tue,10,energy,banks,electronics,pharma,utilities,retail,0.109529,0.106847,0.005356,0.002417,0.002939,0.005356,1
2019-10-09,Wed,10,banks,energy,electronics,pharma,utilities,retail,0.129045,0.117383,-0.001495,0.000308,-0.001802,-0.001495,0
2019-10-10,Thu,10,retail,realestate,it_services,electronics,energy,banks,0.033564,0.028355,0.0,-0.002169,0.002169,0.0,1
2019-10-11,Fri,10,trading,electronics,energy,food,pharma,utilities,0.287884,0.278609,0.005022,0.002701,0.002321,0.005022,1
2019-10-15,Tue,10,trading,electronics,energy,food,pharma,utilities,0.360354,0.347989,-0.000408,0.008921,-0.009329,-0.000408,0
2019-10-16,Wed,10,trading,electronics,energy,food,pharma,utilities,0.119938,0.114555,-0.003771,-0.008104,0.004333,-0.003771,1
2019-10-17,Thu,10,utilities,pharma,food,electronics,trading,energy,0.099579,0.096423,-0.005589,0.000843,-0.006432,-0.005589,0
2019-10-18,Fri,10,retail,utilities,pharma,electronics,banks,energy,0.03293,0.028808,-0.000938,-0.00019,-0.000748,-0.000938,0
2019-10-21,Mon,10,energy,electronics,trading,pharma,retail,utilities,0.128075,0.124457,0.003571,0.001427,0.002144,0.003571,1
2019-10-23,Wed,10,trading,energy,electronics,food,pharma,utilities,0.198624,0.189993,0.002754,0.00618,-0.003426,0.002754,0
2019-10-24,Thu,10,it_services,trading,realestate,food,pharma,utilities,0.010479,0.009528,0.0,0.006673,-0.006673,0.0,0
2019-10-25,Fri,10,utilities,pharma,retail,electronics,trading,energy,0.216555,0.209943,0.004499,0.000463,0.004035,0.004499,1
2019-10-28,Mon,10,energy,trading,electronics,retail,pharma,utilities,0.309215,0.30008,0.001394,-0.002127,0.003521,0.001394,1
2019-10-29,Tue,10,utilities,pharma,food,banks,electronics,trading,0.006132,0.005777,-0.000612,0.007556,-0.008168,-0.000612,0
2019-10-30,Wed,10,energy,trading,electronics,food,pharma,utilities,0.079725,0.077467,-0.005075,0.000681,-0.005755,-0.005075,0
2019-10-31,Thu,10,utilities,retail,pharma,electronics,trading,energy,0.425275,0.413466,0.001196,0.00249,-0.001294,0.001196,0
2019-11-01,Fri,11,utilities,pharma,food,electronics,energy,trading,0.299344,0.291339,-0.000377,-0.001792,0.001415,-0.000377,1
2019-11-05,Tue,11,trading,energy,electronics,food,pharma,utilities,0.504698,0.491876,0.001564,0.002446,-0.000882,0.001564,0
2019-11-06,Wed,11,energy,banks,electronics,pharma,utilities,retail,0.132098,0.128002,-0.000207,0.000144,-0.000351,-0.000207,0
2019-11-07,Thu,11,utilities,retail,pharma,electronics,banks,energy,0.249978,0.241547,0.000431,-0.005389,0.00582,0.000431,1
2019-11-08,Fri,11,energy,electronics,banks,pharma,retail,utilities,0.459019,0.443891,-0.000549,-0.001404,0.000856,-0.000549,1
2019-11-11,Mon,11,utilities,pharma,food,banks,trading,energy,0.033636,0.032847,-0.001152,-0.003696,0.002544,-0.001152,1
2019-11-12,Tue,11,energy,electronics,banks,pharma,retail,utilities,0.149135,0.143258,-0.001016,-0.002456,0.00144,-0.001016,1
2019-11-13,Wed,11,utilities,retail,pharma,banks,electronics,energy,0.251849,0.242612,-0.002475,-0.001672,-0.000802,-0.002475,0
2019-11-14,Thu,11,utilities,retail,pharma,banks,electronics,energy,0.520392,0.501587,-0.005268,-0.00504,-0.000228,-0.005268,0
2019-11-15,Fri,11,energy,electronics,trading,pharma,food,utilities,0.188274,0.183691,-0.001974,0.004426,-0.0064,-0.001974,0
2019-11-18,Mon,11,utilities,retail,food,energy,banks,electronics,0.246572,0.237866,-0.002019,-0.000362,-0.001657,-0.002019,0
2019-11-19,Tue,11,utilities,food,retail,banks,energy,electronics,0.195728,0.190388,-0.002408,-0.005634,0.003225,-0.002408,1
2019-11-20,Wed,11,utilities,food,pharma,trading,electronics,energy,0.155808,0.152965,0.001867,-0.003638,0.005505,0.001867,1
2019-11-21,Thu,11,utilities,food,pharma,trading,electronics,energy,0.206531,0.202365,-0.001136,-0.002406,0.00127,-0.001136,1
2019-11-22,Fri,11,banks,energy,electronics,pharma,retail,utilities,0.220154,0.214874,0.000642,-0.001721,0.002363,0.000642,1
2019-11-25,Mon,11,energy,electronics,banks,food,pharma,utilities,0.060618,0.059513,0.005064,0.001257,0.003807,0.005064,1
2019-11-26,Tue,11,retail,utilities,pharma,trading,energy,banks,0.023989,0.020695,0.003508,-0.00218,0.005688,0.003508,1
2019-11-27,Wed,11,utilities,retail,pharma,electronics,energy,banks,0.117312,0.115141,0.003784,-0.000754,0.004538,0.003784,1
2019-11-29,Fri,11,retail,utilities,pharma,trading,energy,banks,0.023502,0.021301,-0.002795,-0.005036,0.002241,-0.002795,1
2019-12-02,Mon,12,pharma,utilities,food,energy,trading,electronics,0.131565,0.12773,0.001967,0.000283,0.001684,0.001967,1
2019-12-03,Tue,12,utilities,pharma,food,energy,trading,electronics,0.173029,0.165634,-0.007209,0.001222,-0.008431,-0.007209,0
2019-12-04,Wed,12,utilities,pharma,food,energy,trading,electronics,0.30347,0.293444,0.002334,0.003797,-0.001464,0.002334,0
2019-12-05,Thu,12,retail,pharma,utilities,trading,energy,banks,0.059717,0.055536,0.002878,-0.000597,0.003475,0.002878,1
2019-12-06,Fri,12,electronics,energy,trading,food,pharma,utilities,0.075317,0.074034,-0.002628,0.000544,-0.003172,-0.002628,0
2019-12-09,Mon,12,electronics,trading,energy,food,pharma,utilities,0.423269,0.413579,-0.004227,-0.002452,-0.001775,-0.004227,0
2019-12-10,Tue,12,banks,energy,trading,food,pharma,utilities,0.20408,0.198947,-0.002574,-3.2e-05,-0.002543,-0.002574,0
2019-12-11,Wed,12,pharma,utilities,food,banks,trading,electronics,0.082167,0.079178,-0.000436,-0.00567,0.005235,-0.000436,1
2019-12-12,Thu,12,utilities,pharma,retail,trading,banks,energy,0.159919,0.157074,-0.002246,-0.004183,0.001936,-0.002246,1
2019-12-13,Fri,12,electronics,energy,trading,pharma,food,utilities,0.504997,0.497815,-0.000846,0.00617,-0.007016,-0.000846,0
2019-12-16,Mon,12,utilities,food,retail,banks,electronics,energy,0.560272,0.549377,0.008436,-0.000504,0.00894,0.008436,1
2019-12-17,Tue,12,retail,utilities,food,trading,banks,energy,0.230744,0.220313,0.003273,0.001176,0.002097,0.003273,1
2019-12-18,Wed,12,energy,banks,electronics,food,utilities,retail,0.033763,0.032627,-0.002722,0.002318,-0.00504,-0.002722,0
2019-12-19,Thu,12,energy,electronics,trading,retail,food,utilities,0.141743,0.139953,0.000622,0.0,0.000622,0.000622,1
2019-12-20,Fri,12,retail,utilities,food,trading,banks,energy,0.062587,0.057281,0.0,-0.000654,0.000654,0.0,1
2019-12-23,Mon,12,retail,utilities,food,trading,banks,energy,0.166746,0.15888,0.001246,-0.000987,0.002233,0.001246,1
2019-12-24,Tue,12,energy,banks,trading,food,retail,utilities,0.367208,0.358796,0.000488,-0.002825,0.003313,0.000488,1
2019-12-26,Thu,12,energy,banks,trading,food,retail,utilities,0.071098,0.06905,0.003216,0.001276,0.00194,0.003216,1
2019-12-27,Fri,12,trading,electronics,energy,food,utilities,pharma,0.149144,0.145648,0.000775,0.0028,-0.002025,0.000775,0
2019-12-30,Mon,12,utilities,pharma,food,trading,electronics,energy,0.238062,0.233828,-0.002026,-0.002573,0.000547,-0.002026,1
2020-01-06,Mon,1,energy,banks,electronics,food,utilities,retail,0.231534,0.223718,0.008033,-0.004304,0.012338,0.008033,1
2020-01-07,Tue,1,utilities,retail,food,electronics,banks,energy,0.144256,0.139202,-0.000956,-0.00076,-0.000196,-0.000956,0
2020-01-08,Wed,1,it_services,pharma,materials,trading,realestate,transport,0.020284,0.016372,0.012472,0.005348,0.007124,0.012472,1
2020-01-09,Thu,1,utilities,food,pharma,banks,electronics,energy,0.285495,0.273075,0.006541,0.00312,0.003421,0.006541,1
2020-01-10,Fri,1,food,utilities,pharma,electronics,banks,energy,0.272911,0.256696,-0.000696,0.000461,-0.001156,-0.000696,0
2020-01-14,Tue,1,pharma,food,retail,trading,energy,electronics,0.168027,0.155713,0.000267,-0.008396,0.008663,0.000267,1
2020-01-15,Wed,1,pharma,food,utilities,banks,electronics,energy,0.249891,0.238604,-0.001686,-0.004997,0.003311,-0.001686,1
2020-01-16,Thu,1,food,pharma,utilities,electronics,banks,energy,0.7855,0.758248,0.002059,0.001458,0.000601,0.002059,1
2020-01-17,Fri,1,utilities,food,retail,trading,banks,energy,0.046052,0.034009,-0.003315,0.003167,-0.006483,-0.003315,0
2020-01-21,Tue,1,food,pharma,utilities,banks,electronics,energy,0.183104,0.177234,-0.001037,-0.001308,0.000271,-0.001037,1
2020-01-22,Wed,1,pharma,food,retail,banks,electronics,energy,0.904399,0.873008,0.00088,-0.001717,0.002597,0.00088,1
2020-01-23,Thu,1,pharma,food,retail,banks,electronics,energy,0.336778,0.325659,-0.002907,-0.001989,-0.000918,-0.002907,0
2020-01-24,Fri,1,food,pharma,retail,banks,electronics,energy,0.049566,0.048084,0.000798,0.000109,0.000689,0.000798,1
2020-01-27,Mon,1,energy,banks,trading,pharma,food,utilities,0.129359,0.100696,-0.008025,-0.004101,-0.003924,-0.008025,0
2020-01-28,Tue,1,pharma,retail,food,banks,energy,electronics,0.473729,0.457477,-0.001473,-0.003771,0.002298,-0.001473,1
2020-01-29,Wed,1,electronics,trading,energy,food,pharma,retail,0.217411,0.204301,0.003254,-0.000268,0.003523,0.003254,1
2020-01-30,Thu,1,energy,banks,electronics,pharma,food,utilities,0.118357,0.111733,-0.003613,-0.001723,-0.00189,-0.003613,0
2020-01-31,Fri,1,food,pharma,utilities,banks,electronics,energy,0.297392,0.287141,0.001886,-0.000742,0.002628,0.001886,1
2020-02-03,Mon,2,retail,pharma,realestate,transport,trading,electronics,0.095154,0.080058,0.000645,0.005565,-0.00492,0.000645,0
2020-02-04,Tue,2,electronics,trading,energy,food,retail,pharma,0.109834,0.09947,0.001736,0.005396,-0.00366,0.001736,0
2020-02-05,Wed,2,electronics,trading,energy,food,retail,pharma,0.304421,0.281559,0.017848,-0.000523,0.018371,0.017848,1
2020-02-06,Thu,2,trading,electronics,energy,food,retail,pharma,0.488753,0.472585,0.006719,0.006038,0.000681,0.006719,1
2020-02-07,Fri,2,food,utilities,pharma,banks,electronics,energy,0.165978,0.159751,0.001805,-0.005557,0.007361,0.001805,1
2020-02-10,Mon,2,banks,energy,electronics,pharma,food,utilities,0.053261,0.039597,-0.003231,-0.00314,-9.1e-05,-0.003231,0
2020-02-12,Wed,2,food,utilities,retail,electronics,banks,energy,0.210939,0.199136,-0.002456,0.000351,-0.002807,-0.002456,0
2020-02-13,Thu,2,trading,energy,electronics,retail,food,pharma,0.341406,0.334939,-0.00098,-0.00013,-0.00085,-0.00098,0
2020-02-14,Fri,2,food,pharma,retail,electronics,banks,energy,0.294394,0.278459,-0.004823,-0.007544,0.002721,-0.004823,1
2020-02-18,Tue,2,food,retail,utilities,electronics,banks,energy,0.079843,0.075541,0.004053,0.0051,-0.001047,0.004053,0
2020-02-19,Wed,2,food,pharma,retail,trading,electronics,energy,0.183567,0.17703,0.004461,0.005133,-0.000672,0.004461,0
2020-02-20,Thu,2,energy,banks,electronics,pharma,retail,food,0.42022,0.400984,-0.002586,-0.003319,0.000733,-0.002586,1
2020-02-21,Fri,2,energy,banks,electronics,pharma,retail,food,0.385075,0.36375,0.001553,-0.005126,0.006679,0.001553,1
2020-02-25,Tue,2,banks,energy,electronics,food,retail,utilities,0.088083,0.075942,0.006322,-0.002424,0.008746,0.006322,1
2020-02-26,Wed,2,pharma,banks,realestate,materials,utilities,it_services,0.115188,0.100087,-0.012236,0.000661,-0.012897,-0.012236,0
2020-02-27,Thu,2,pharma,food,utilities,energy,trading,electronics,0.161607,0.152375,-0.017384,-0.022189,0.004805,-0.017384,1
2020-02-28,Fri,2,energy,banks,electronics,utilities,food,retail,0.881198,0.788757,-0.019274,-0.019592,0.000318,-0.019274,1
2020-03-02,Mon,3,energy,banks,electronics,pharma,food,retail,0.355788,0.328261,0.014674,0.002448,0.012226,0.014674,1
2020-03-03,Tue,3,retail,food,utilities,electronics,banks,energy,0.950386,0.872773,-0.015387,-0.027767,0.01238,-0.015387,1
2020-03-04,Wed,3,energy,trading,banks,food,pharma,retail,0.255608,0.238563,-0.008916,0.002426,-0.011343,-0.008916,0
2020-03-05,Thu,3,pharma,food,retail,banks,trading,energy,0.844018,0.809361,-0.00117,-0.00419,0.00302,-0.00117,1
2020-03-06,Fri,3,retail,utilities,food,trading,electronics,energy,0.404189,0.368486,-0.001989,-0.021835,0.019847,-0.001989,1
2020-03-09,Mon,3,retail,utilities,pharma,electronics,banks,energy,0.675302,0.647715,-0.026409,-0.039919,0.01351,-0.026409,1
2020-03-10,Tue,3,retail,utilities,pharma,banks,electronics,energy,1.790878,1.697485,0.014481,-0.012004,0.026484,0.014481,1
2020-03-11,Wed,3,energy,electronics,trading,pharma,utilities,retail,0.282586,0.254783,-0.015811,-0.001901,-0.013911,-0.015811,0
2020-03-12,Thu,3,banks,energy,trading,utilities,pharma,food,0.407687,0.311911,-0.038398,-0.021114,-0.017284,-0.038398,0
2020-03-13,Fri,3,banks,energy,trading,utilities,food,pharma,0.695755,0.486489,-0.031469,0.010906,-0.042376,-0.031469,0
2020-03-16,Mon,3,realestate,finance,pharma,retail,machinery,banks,0.205032,0.136289,-0.011298,0.000584,-0.011881,-0.011298,0
2020-03-17,Tue,3,retail,it_services,utilities,auto,finance,electronics,0.367835,0.278324,0.043679,0.031919,0.01176,0.043679,1
2020-03-18,Wed,3,pharma,food,utilities,energy,trading,banks,0.941826,0.885142,-0.015376,-0.011634,-0.003742,-0.015376,0
2020-03-19,Thu,3,retail,utilities,food,banks,energy,electronics,0.753932,0.638607,0.008613,-0.001508,0.010121,0.008613,1
2020-03-23,Mon,3,energy,electronics,banks,retail,food,utilities,0.888388,0.854938,0.019309,-0.003902,0.023211,0.019309,1
2020-03-24,Tue,3,retail,food,it_services,auto,energy,electronics,0.204128,0.141403,-0.013877,0.034826,-0.048702,-0.013877,0
2020-03-25,Wed,3,electronics,energy,auto,food,it_services,retail,0.622647,0.431189,0.0402,0.012515,0.027685,0.0402,1
2020-03-26,Thu,3,energy,electronics,banks,utilities,food,retail,0.392736,0.358163,-0.003274,0.009442,-0.012716,-0.003274,0
2020-03-27,Fri,3,utilities,pharma,food,energy,banks,trading,0.315501,0.274642,0.023182,-0.013128,0.03631,0.023182,1
2020-03-30,Mon,3,retail,food,utilities,banks,energy,electronics,0.159457,0.113651,0.032558,0.009397,0.023161,0.032558,1
2020-03-31,Tue,3,utilities,pharma,food,energy,banks,trading,0.337152,0.319215,-0.020735,-0.002552,-0.018183,-0.020735,0
2020-04-01,Wed,4,trading,banks,energy,pharma,food,utilities,0.17506,0.1684,-0.027868,-0.036371,0.008503,-0.027868,1
2020-04-02,Thu,4,retail,it_services,transport,steel,auto,electronics,0.118876,0.09564,-0.004149,-0.002549,-0.001601,-0.004149,0
2020-04-03,Fri,4,electronics,energy,auto,transport,it_services,retail,0.111812,0.07788,-0.02358,-0.001318,-0.022262,-0.02358,0
2020-04-06,Mon,4,trading,banks,it_services,food,pharma,utilities,0.037638,0.0344,0.028612,0.017601,0.011011,0.028612,1
2020-04-07,Tue,4,auto,electronics,steel,transport,it_services,retail,0.157829,0.135949,-0.003589,-0.004315,0.000725,-0.003589,1
2020-04-08,Wed,4,energy,electronics,banks,food,retail,utilities,0.371018,0.356959,0.001423,0.020324,-0.018901,0.001423,0
2020-04-09,Thu,4,electronics,energy,banks,utilities,food,retail,0.319242,0.249786,-0.01157,-0.006342,-0.005228,-0.01157,0
2020-04-13,Mon,4,electronics,energy,banks,utilities,food,retail,0.279642,0.246601,-0.00821,-0.01109,0.00288,-0.00821,1
2020-04-14,Tue,4,retail,food,utilities,banks,energy,electronics,0.139413,0.117327,-0.003925,0.009162,-0.013086,-0.003925,0
2020-04-15,Wed,4,utilities,food,pharma,banks,energy,trading,0.361827,0.352634,0.001605,-0.013678,0.015283,0.001605,1
2020-04-16,Thu,4,retail,food,utilities,banks,energy,electronics,0.234241,0.196258,-0.004119,-0.003285,-0.000834,-0.004119,0
2020-04-17,Fri,4,utilities,food,retail,trading,banks,energy,0.288549,0.275148,-0.003887,0.000464,-0.004351,-0.003887,0
2020-04-20,Mon,4,energy,electronics,banks,utilities,food,retail,0.438948,0.389413,-0.00031,-0.001497,0.001187,-0.00031,1
2020-04-21,Tue,4,it_services,retail,trading,utilities,auto,pharma,0.043168,0.040408,-0.002946,-0.00376,0.000814,-0.002946,1
2020-04-22,Wed,4,trading,banks,energy,food,pharma,utilities,0.192866,0.184721,-0.003312,-0.002733,-0.000578,-0.003312,0
2020-04-23,Thu,4,pharma,utilities,food,banks,it_services,trading,0.057284,0.051841,0.003232,0.00166,0.001572,0.003232,1
2020-04-24,Fri,4,energy,electronics,banks,retail,food,utilities,0.181183,0.173746,-0.004614,0.0,-0.004614,-0.004614,0
2020-04-27,Mon,4,pharma,utilities,food,energy,banks,trading,0.045251,0.040224,-0.007662,0.00818,-0.015842,-0.007662,0
2020-04-28,Tue,4,energy,electronics,banks,utilities,food,retail,0.252779,0.227865,0.003163,-0.000137,0.0033,0.003163,1
2020-04-30,Thu,4,energy,banks,electronics,retail,food,utilities,0.261235,0.250476,0.008934,-0.013698,0.022632,0.008934,1
2020-05-01,Fri,5,retail,food,utilities,banks,energy,electronics,0.074732,0.055601,-0.01237,-0.019617,0.007247,-0.01237,1
2020-05-07,Thu,5,retail,it_services,food,banks,energy,electronics,0.113512,0.077603,-0.005479,-0.019009,0.013529,-0.005479,1
2020-05-08,Fri,5,energy,electronics,banks,utilities,food,retail,0.21426,0.197544,0.006009,0.001275,0.004734,0.006009,1
2020-05-11,Mon,5,electronics,energy,banks,utilities,food,retail,0.13373,0.105492,-0.002698,0.007527,-0.010224,-0.002698,0
2020-05-12,Tue,5,food,utilities,retail,banks,electronics,energy,0.20954,0.201959,-0.0009,0.000131,-0.001031,-0.0009,0
2020-05-13,Wed,5,retail,food,utilities,banks,energy,electronics,0.096826,0.070002,-0.001865,0.000982,-0.002847,-0.001865,0
2020-05-14,Thu,5,retail,food,utilities,banks,energy,electronics,0.127773,0.105748,-0.003194,-0.013864,0.01067,-0.003194,1
2020-05-15,Fri,5,electronics,energy,banks,utilities,food,retail,0.088804,0.074053,0.002313,0.001021,0.001292,0.002313,1
2020-05-18,Mon,5,pharma,utilities,food,energy,banks,trading,0.02184,0.020269,0.007811,-0.002707,0.010519,0.007811,1
2020-05-19,Tue,5,energy,electronics,banks,utilities,food,retail,0.391583,0.345933,0.000687,-0.006023,0.006709,0.000687,1
2020-05-20,Wed,5,retail,it_services,trading,utilities,auto,pharma,0.023727,0.020556,0.001847,0.002981,-0.001134,0.001847,0
2020-05-21,Thu,5,electronics,energy,banks,utilities,food,retail,0.13937,0.118637,-0.001683,-0.002051,0.000368,-0.001683,1
2020-05-22,Fri,5,energy,trading,banks,pharma,food,utilities,0.08955,0.087622,-0.002111,-0.006589,0.004478,-0.002111,1
2020-05-26,Tue,5,pharma,utilities,food,it_services,banks,trading,0.012747,0.011222,-0.000795,-0.000411,-0.000384,-0.000795,0
2020-05-27,Wed,5,energy,electronics,banks,food,utilities,retail,0.377959,0.354947,0.015707,0.007235,0.008472,0.015707,1
2020-05-28,Thu,5,electronics,energy,banks,utilities,food,retail,0.122141,0.102175,0.003314,-0.00039,0.003704,0.003314,1
2020-05-29,Fri,5,utilities,food,pharma,trading,banks,energy,0.193362,0.183737,0.010099,-0.008168,0.018267,0.010099,1
2020-06-01,Mon,6,utilities,food,pharma,banks,trading,energy,0.141237,0.134355,0.003279,-0.009306,0.012585,0.003279,1
2020-06-02,Tue,6,energy,electronics,banks,food,utilities,retail,0.147016,0.138563,0.007902,-0.00231,0.010212,0.007902,1
2020-06-03,Wed,6,energy,electronics,banks,utilities,food,retail,0.110596,0.100967,-0.003698,-0.005151,0.001454,-0.003698,1
2020-06-04,Thu,6,energy,electronics,banks,food,utilities,retail,0.280795,0.263228,-0.010959,-8.7e-05,-0.010872,-0.010959,0
2020-06-05,Fri,6,energy,trading,banks,pharma,food,utilities,0.167964,0.161095,0.004901,0.000102,0.004799,0.004901,1
2020-06-08,Mon,6,energy,electronics,banks,utilities,food,retail,0.250224,0.21958,0.010186,-0.002055,0.012242,0.010186,1
2020-06-09,Tue,6,electronics,energy,banks,utilities,food,retail,0.072645,0.052061,-0.008993,0.004117,-0.01311,-0.008993,0
2020-06-10,Wed,6,retail,food,utilities,banks,energy,electronics,0.102835,0.08367,-0.002217,-0.002855,0.000638,-0.002217,1
2020-06-11,Thu,6,retail,utilities,food,banks,electronics,energy,0.314817,0.298213,0.000727,-0.017552,0.018279,0.000727,1
2020-06-12,Fri,6,retail,it_services,food,banks,energy,electronics,0.299237,0.210086,0.006999,0.01928,-0.01228,0.006999,0
2020-06-15,Mon,6,energy,electronics,banks,utilities,food,retail,0.246316,0.231433,-0.014083,-0.005166,-0.008918,-0.014083,0
2020-06-16,Tue,6,auto,electronics,steel,transport,it_services,retail,0.017775,0.01436,0.022019,0.007293,0.014726,0.022019,1
2020-06-17,Wed,6,utilities,pharma,food,banks,it_services,trading,0.042971,0.037661,-0.004349,-0.005231,0.000883,-0.004349,1
2020-06-18,Thu,6,retail,food,utilities,banks,electronics,energy,0.179392,0.165263,-0.001831,-0.000238,-0.001592,-0.001831,0
2020-06-19,Fri,6,retail,food,utilities,banks,electronics,energy,0.041972,0.035966,0.002059,0.000706,0.001353,0.002059,1
2020-06-22,Mon,6,machinery,it_services,trading,food,utilities,pharma,0.023087,0.019715,0.006634,0.001647,0.004986,0.006634,1
2020-06-23,Tue,6,utilities,food,retail,banks,trading,energy,0.089574,0.084973,-0.000488,0.009049,-0.009537,-0.000488,0
2020-06-24,Wed,6,energy,banks,trading,food,pharma,utilities,0.020617,0.019751,-0.003801,-0.006838,0.003038,-0.003801,1
2020-06-25,Thu,6,retail,utilities,food,electronics,trading,energy,0.130913,0.104757,-0.001567,0.002625,-0.004192,-0.001567,0
2020-06-26,Fri,6,energy,banks,trading,food,utilities,retail,0.157077,0.150419,0.000649,0.00135,-0.000702,0.000649,0
2020-06-29,Mon,6,retail,machinery,construction,banks,pharma,auto,0.069654,0.050002,-0.000178,0.000233,-0.000412,-0.000178,0
2020-06-30,Tue,6,pharma,food,utilities,electronics,banks,energy,0.121934,0.108845,-0.003642,-0.014165,0.010524,-0.003642,1
2020-07-01,Wed,7,pharma,food,utilities,electronics,machinery,energy,0.04015,0.033095,-0.025345,-0.001604,-0.023741,-0.025345,0
2020-07-02,Thu,7,utilities,pharma,food,trading,banks,energy,0.193101,0.187619,-0.00187,-0.004692,0.002821,-0.00187,1
2020-07-06,Mon,7,pharma,food,utilities,trading,energy,banks,0.021234,0.019688,0.010006,0.006675,0.003331,0.010006,1
2020-07-07,Tue,7,energy,trading,banks,food,utilities,retail,0.02849,0.022315,-0.009632,-0.001735,-0.007897,-0.009632,0
2020-07-08,Wed,7,retail,utilities,food,trading,banks,energy,0.219603,0.210861,-0.00416,-0.004566,0.000405,-0.00416,1
2020-07-09,Thu,7,utilities,food,pharma,trading,banks,energy,0.156348,0.150406,-0.013342,-0.002199,-0.011143,-0.013342,0
2020-07-10,Fri,7,food,utilities,retail,trading,banks,energy,0.146043,0.140549,-0.005401,-0.006335,0.000935,-0.005401,1
2020-07-13,Mon,7,energy,banks,trading,food,utilities,retail,0.111651,0.107856,0.027231,-0.000521,0.027751,0.027231,1
2020-07-14,Tue,7,electronics,banks,energy,retail,utilities,pharma,0.064613,0.055411,6e-05,-0.004094,0.004154,6e-05,1
2020-07-15,Wed,7,pharma,utilities,retail,trading,banks,electronics,0.103643,0.088591,0.000575,-0.00776,0.008335,0.000575,1
2020-07-16,Thu,7,energy,electronics,trading,food,retail,utilities,0.195298,0.185001,0.002099,-0.007822,0.009921,0.002099,1
2020-07-17,Fri,7,utilities,retail,food,trading,electronics,energy,0.074351,0.07123,-0.001412,-0.004893,0.003481,-0.001412,1
2020-07-20,Mon,7,utilities,pharma,retail,banks,electronics,energy,0.348733,0.342276,0.003843,-0.003271,0.007114,0.003843,1
2020-07-21,Tue,7,utilities,pharma,food,trading,electronics,energy,0.189271,0.183742,-0.001962,-0.002129,0.000167,-0.001962,1
2020-07-22,Wed,7,energy,electronics,trading,food,pharma,utilities,0.355263,0.343646,-0.000429,-0.006205,0.005776,-0.000429,1
2020-07-27,Mon,7,pharma,utilities,retail,banks,energy,electronics,0.258768,0.253704,0.007999,0.013164,-0.005165,0.007999,0
2020-07-28,Tue,7,pharma,retail,food,trading,banks,electronics,0.022282,0.021023,-0.005831,-0.002946,-0.002884,-0.005831,0
2020-07-29,Wed,7,utilities,pharma,retail,trading,electronics,energy,0.152406,0.144421,-0.009333,-0.010288,0.000955,-0.009333,1
2020-07-30,Thu,7,energy,trading,electronics,retail,pharma,utilities,0.093,0.083813,-0.01064,-0.018749,0.008109,-0.01064,1
2020-07-31,Fri,7,utilities,pharma,food,trading,electronics,energy,0.402015,0.383056,-0.015415,-0.027801,0.012385,-0.015415,1
2020-08-03,Mon,8,utilities,pharma,food,banks,electronics,energy,0.157381,0.15546,0.002732,0.004026,-0.001294,0.002732,0
2020-08-04,Tue,8,utilities,pharma,food,banks,electronics,energy,0.267627,0.26129,0.002399,0.0089,-0.006501,0.002399,0
2020-08-05,Wed,8,energy,trading,electronics,food,pharma,utilities,0.086293,0.080311,0.009109,-0.002437,0.011546,0.009109,1
2020-08-06,Thu,8,energy,banks,electronics,retail,pharma,utilities,0.264682,0.260694,-0.004617,-0.005403,0.000786,-0.004617,1
2020-08-07,Fri,8,pharma,retail,utilities,electronics,banks,energy,0.137672,0.136959,0.001611,0.010199,-0.008589,0.001611,0
2020-08-11,Tue,8,energy,electronics,banks,retail,pharma,utilities,0.162981,0.156536,0.013135,0.008925,0.00421,0.013135,1
2020-08-12,Wed,8,banks,energy,electronics,pharma,food,retail,0.443727,0.439718,0.006875,0.00429,0.002586,0.006875,1
2020-08-13,Thu,8,retail,food,pharma,electronics,energy,banks,0.49019,0.483146,0.002222,-0.000856,0.003078,0.002222,1
2020-08-14,Fri,8,utilities,pharma,retail,trading,electronics,energy,0.147506,0.1396,0.001715,0.001794,-7.8e-05,0.001715,0
2020-08-17,Mon,8,banks,energy,electronics,food,utilities,retail,0.21846,0.214063,-0.005537,-0.006303,0.000766,-0.005537,1
2020-08-18,Tue,8,retail,utilities,food,electronics,banks,energy,0.187337,0.184611,0.000713,-0.006666,0.007379,0.000713,1
2020-08-19,Wed,8,utilities,retail,food,banks,electronics,energy,0.150221,0.146392,0.005185,0.001469,0.003716,0.005185,1
2020-08-20,Thu,8,it_services,utilities,pharma,realestate,steel,energy,0.015885,0.01225,-0.002218,0.002428,-0.004645,-0.002218,0
2020-08-21,Fri,8,utilities,pharma,retail,trading,electronics,energy,0.067472,0.064449,-0.007309,0.000211,-0.00752,-0.007309,0
2020-08-24,Mon,8,retail,utilities,food,electronics,banks,energy,0.185524,0.183016,-0.003224,-0.000783,-0.002442,-0.003224,0
2020-08-25,Tue,8,energy,electronics,trading,pharma,retail,utilities,0.245659,0.235744,0.002626,-0.002695,0.005322,0.002626,1
2020-08-26,Wed,8,utilities,retail,pharma,trading,electronics,energy,0.012064,0.011109,-0.000265,0.001464,-0.001729,-0.000265,0
2020-08-27,Thu,8,retail,utilities,food,energy,electronics,banks,0.155206,0.15144,-0.002778,-0.007643,0.004865,-0.002778,1
2020-08-28,Fri,8,energy,banks,trading,pharma,retail,utilities,0.059473,0.058623,-0.00358,-0.008345,0.004765,-0.00358,1
2020-08-31,Mon,8,energy,trading,electronics,retail,pharma,utilities,0.058745,0.053942,0.007911,-0.002681,0.010592,0.007911,1
2020-09-01,Tue,9,utilities,retail,food,trading,banks,energy,0.357878,0.349339,0.002792,-0.004709,0.007501,0.002792,1
2020-09-02,Wed,9,banks,energy,trading,food,retail,utilities,0.260902,0.257183,-0.008306,0.002499,-0.010805,-0.008306,0
2020-09-03,Thu,9,retail,utilities,food,trading,electronics,banks,0.362963,0.352508,8.2e-05,-0.008023,0.008105,8.2e-05,1
2020-09-04,Fri,9,banks,trading,electronics,food,utilities,retail,0.791162,0.76266,0.008149,0.000959,0.007189,0.008149,1
2020-09-08,Tue,9,banks,trading,electronics,food,utilities,retail,0.372167,0.363223,-0.003605,0.005153,-0.008758,-0.003605,0
2020-09-09,Wed,9,banks,trading,electronics,food,utilities,retail,0.34735,0.331539,-0.002629,0.003102,-0.005731,-0.002629,0
2020-09-10,Thu,9,retail,utilities,pharma,electronics,trading,banks,0.307181,0.293297,1.3e-05,0.004702,-0.004689,1.3e-05,0
2020-09-11,Fri,9,banks,trading,electronics,pharma,utilities,retail,0.231334,0.220226,0.000908,0.007933,-0.007025,0.000908,0
2020-09-14,Mon,9,energy,banks,trading,food,utilities,retail,0.126958,0.123427,0.003516,0.005211,-0.001695,0.003516,0
2020-09-15,Tue,9,energy,banks,electronics,auto,it_services,food,0.035128,0.025404,-0.002639,0.002942,-0.005581,-0.002639,0
2020-09-16,Wed,9,retail,utilities,pharma,energy,trading,banks,0.105709,0.100527,0.001183,-0.004485,0.005668,0.001183,1
2020-09-17,Thu,9,banks,energy,trading,food,utilities,retail,0.728081,0.702299,-0.011599,0.001102,-0.012701,-0.011599,0
2020-09-18,Fri,9,trading,electronics,banks,pharma,utilities,retail,0.124295,0.116901,0.000213,-0.001937,0.00215,0.000213,1
2020-09-23,Wed,9,electronics,trading,banks,pharma,utilities,retail,0.085368,0.076383,0.002056,0.007206,-0.00515,0.002056,0
2020-09-24,Thu,9,food,pharma,retail,trading,banks,energy,0.258329,0.22198,0.001739,-0.006246,0.007986,0.001739,1
2020-09-25,Fri,9,retail,utilities,pharma,banks,electronics,trading,0.035414,0.03369,0.000134,6.1e-05,7.2e-05,0.000134,1
2020-09-28,Mon,9,retail,utilities,pharma,banks,electronics,trading,0.267226,0.256877,0.005887,0.007327,-0.00144,0.005887,0
2020-09-29,Tue,9,energy,banks,trading,pharma,retail,food,0.282621,0.258016,-0.00571,-0.002063,-0.003648,-0.00571,0
2020-09-30,Wed,9,food,retail,utilities,trading,banks,energy,0.236367,0.224065,-0.006879,-0.022114,0.015235,-0.006879,1
2020-10-02,Fri,10,retail,utilities,pharma,trading,electronics,banks,0.257544,0.250766,-0.018816,-0.01794,-0.000876,-0.018816,0
2020-10-05,Mon,10,banks,energy,trading,food,utilities,retail,0.729381,0.708676,0.00523,0.007778,-0.002548,0.00523,0
2020-10-06,Tue,10,utilities,retail,pharma,banks,trading,electronics,0.078089,0.065285,0.001101,0.000511,0.00059,0.001101,1
2020-10-07,Wed,10,food,retail,pharma,trading,banks,energy,0.064307,0.049287,-0.002685,0.003763,-0.006448,-0.002685,0
2020-10-08,Thu,10,utilities,retail,pharma,banks,trading,electronics,0.068008,0.052671,-0.003014,0.003829,-0.006844,-0.003014,0
2020-10-09,Fri,10,energy,banks,trading,pharma,retail,food,0.274019,0.261493,-0.010251,-0.002625,-0.007627,-0.010251,0
2020-10-12,Mon,10,utilities,retail,food,trading,energy,banks,0.376485,0.367223,-0.001362,-0.000488,-0.000874,-0.001362,0
2020-10-13,Tue,10,retail,utilities,food,energy,trading,banks,0.3735,0.360821,0.0,-0.00406,0.00406,0.0,1
2020-10-14,Wed,10,food,retail,utilities,trading,banks,energy,0.31347,0.300412,0.0,-0.004981,0.004981,0.0,1
2020-10-15,Thu,10,trading,banks,electronics,pharma,retail,utilities,0.119189,0.11342,-0.002167,-0.006632,0.004466,-0.002167,1
2020-10-16,Fri,10,banks,energy,trading,food,utilities,retail,0.357939,0.348288,-0.007709,-0.002236,-0.005473,-0.007709,0
2020-10-19,Mon,10,retail,utilities,food,trading,energy,banks,0.299323,0.293248,0.003215,0.005781,-0.002566,0.003215,0
2020-10-20,Tue,10,trading,electronics,banks,pharma,retail,utilities,0.143337,0.125031,-0.005536,-0.006456,0.000921,-0.005536,1
2020-10-21,Wed,10,energy,banks,trading,utilities,food,retail,0.200578,0.195578,0.00575,0.003968,0.001782,0.00575,1
2020-10-22,Thu,10,food,retail,pharma,trading,banks,energy,0.166525,0.160534,-0.014713,-0.004073,-0.01064,-0.014713,0
2020-10-23,Fri,10,energy,banks,trading,pharma,retail,food,0.206248,0.197057,0.000292,0.000396,-0.000104,0.000292,0
2020-10-26,Mon,10,energy,banks,trading,retail,pharma,food,0.029025,0.026057,-0.002389,-0.001342,-0.001047,-0.002389,0
2020-10-27,Tue,10,food,pharma,retail,trading,banks,energy,0.332268,0.3121,-0.00116,-0.001705,0.000546,-0.00116,1
2020-10-28,Wed,10,food,pharma,retail,trading,banks,energy,0.384686,0.375889,0.008794,-0.004854,0.013649,0.008794,1
2020-10-29,Thu,10,trading,banks,electronics,pharma,utilities,retail,0.558571,0.524634,0.012129,0.002493,0.009636,0.012129,1
2020-10-30,Fri,10,energy,banks,trading,pharma,retail,food,0.570879,0.555626,-0.012761,-0.01591,0.003148,-0.012761,1
2020-11-02,Mon,11,banks,trading,electronics,pharma,retail,utilities,0.349654,0.337031,0.016462,0.01145,0.005012,0.016462,1
2020-11-04,Wed,11,energy,banks,trading,utilities,pharma,food,0.323875,0.302693,-0.00596,-0.002943,-0.003016,-0.00596,0
2020-11-05,Thu,11,retail,utilities,pharma,trading,energy,banks,0.937512,0.909618,0.016665,0.000739,0.015926,0.016665,1
2020-11-06,Fri,11,banks,energy,trading,pharma,retail,food,0.241951,0.221039,0.013384,0.001206,0.012178,0.013384,1
2020-11-09,Mon,11,retail,food,pharma,trading,energy,banks,0.29674,0.285399,0.001665,0.000776,0.000889,0.001665,1
2020-11-10,Tue,11,banks,energy,trading,pharma,food,retail,2.100018,2.022178,0.007995,-0.007852,0.015847,0.007995,1
2020-11-11,Wed,11,banks,energy,trading,utilities,pharma,food,0.0552,0.048494,0.006813,0.00864,-0.001827,0.006813,0
2020-11-12,Thu,11,pharma,utilities,food,trading,energy,banks,0.471412,0.45246,-0.001331,-0.015008,0.013678,-0.001331,1
2020-11-13,Fri,11,food,pharma,utilities,trading,energy,banks,0.262519,0.248348,-0.003537,-0.01436,0.010823,-0.003537,1
2020-11-16,Mon,11,banks,energy,trading,utilities,pharma,food,0.19773,0.177922,0.004785,0.001146,0.003639,0.004785,1
2020-11-17,Tue,11,banks,energy,trading,utilities,pharma,food,0.446207,0.428786,-0.003679,0.000146,-0.003825,-0.003679,0
2020-11-18,Wed,11,banks,energy,trading,retail,utilities,pharma,0.40318,0.389278,-0.005216,-0.005284,6.8e-05,-0.005216,1
2020-11-19,Thu,11,trading,electronics,banks,retail,pharma,utilities,0.195808,0.192162,0.000783,0.009961,-0.009177,0.000783,0
2020-11-20,Fri,11,banks,energy,trading,food,utilities,pharma,0.125789,0.121186,0.005257,0.002635,0.002622,0.005257,1
2020-11-24,Tue,11,food,pharma,retail,trading,energy,banks,0.026699,0.018998,0.001018,-0.003484,0.004502,0.001018,1
2020-11-25,Wed,11,banks,energy,trading,utilities,pharma,food,0.339412,0.322814,-0.010886,-0.011454,0.000568,-0.010886,1
2020-11-27,Fri,11,pharma,utilities,food,trading,energy,banks,0.229765,0.222277,0.005631,-0.002565,0.008197,0.005631,1
2020-11-30,Mon,11,pharma,utilities,food,trading,energy,banks,0.141232,0.136298,-0.023781,-0.03327,0.009489,-0.023781,1
2020-12-01,Tue,12,pharma,utilities,food,trading,energy,banks,0.559898,0.537672,-0.007867,-0.002348,-0.005519,-0.007867,0
2020-12-02,Wed,12,utilities,pharma,retail,trading,energy,electronics,0.075048,0.072357,-0.002563,-0.001745,-0.000818,-0.002563,0
2020-12-03,Thu,12,pharma,utilities,food,energy,trading,banks,0.010683,0.010251,0.008647,-0.005844,0.014491,0.008647,1
2020-12-04,Fri,12,banks,trading,energy,retail,utilities,pharma,0.119167,0.11634,-0.001113,-0.007586,0.006473,-0.001113,1
2020-12-07,Mon,12,banks,trading,energy,retail,utilities,pharma,0.406898,0.39434,-0.005956,-0.00872,0.002764,-0.005956,1
2020-12-08,Tue,12,utilities,pharma,retail,trading,energy,banks,0.313366,0.30598,4.8e-05,0.003285,-0.003237,4.8e-05,0
2020-12-09,Wed,12,pharma,utilities,retail,trading,energy,banks,0.113236,0.111537,0.001753,0.002473,-0.00072,0.001753,0
2020-12-10,Thu,12,energy,banks,trading,utilities,retail,pharma,0.160105,0.158346,-0.002246,0.002771,-0.005017,-0.002246,0
2020-12-11,Fri,12,banks,energy,trading,retail,utilities,pharma,0.136763,0.134882,0.001337,0.005474,-0.004136,0.001337,0
2020-12-14,Mon,12,utilities,pharma,retail,energy,trading,banks,0.186158,0.182045,0.002,0.00653,-0.00453,0.002,0
2020-12-15,Tue,12,utilities,pharma,retail,energy,trading,banks,0.301179,0.292504,-0.011329,-0.003327,-0.008002,-0.011329,0
2020-12-16,Wed,12,steel,auto,trading,retail,transport,utilities,0.021825,0.018965,0.00218,-0.004694,0.006874,0.00218,1
2020-12-17,Thu,12,utilities,retail,pharma,energy,banks,trading,0.009047,0.007894,-0.001892,-0.005094,0.003202,-0.001892,1
2020-12-18,Fri,12,pharma,food,utilities,trading,banks,energy,0.159294,0.154986,-0.010079,0.004711,-0.014789,-0.010079,0
2020-12-21,Mon,12,utilities,pharma,retail,energy,trading,banks,0.214068,0.209335,-0.008458,-0.009272,0.000814,-0.008458,1
2020-12-22,Tue,12,banks,energy,trading,utilities,food,pharma,0.281339,0.273913,-0.01178,-0.002242,-0.009538,-0.01178,0
2020-12-23,Wed,12,utilities,pharma,retail,energy,banks,trading,0.048748,0.046111,0.000928,-0.007692,0.00862,0.000928,1
2020-12-24,Thu,12,banks,trading,energy,food,utilities,pharma,0.164048,0.160927,0.006273,0.001452,0.004821,0.006273,1
2020-12-28,Mon,12,pharma,food,utilities,trading,energy,banks,0.110132,0.107487,0.001874,-0.000886,0.00276,0.001874,1
2020-12-29,Tue,12,pharma,food,utilities,trading,energy,banks,0.300533,0.291394,0.008697,0.007628,0.001069,0.008697,1
2020-12-30,Wed,12,utilities,pharma,food,energy,banks,trading,0.143098,0.140513,-0.005317,0.001242,-0.00656,-0.005317,0
2021-01-04,Mon,1,banks,trading,energy,food,utilities,pharma,0.267345,0.261058,-0.013909,0.00059,-0.014499,-0.013909,0
2021-01-05,Tue,1,electronics,energy,banks,retail,food,pharma,0.071502,0.067655,0.00531,-0.006811,0.012121,0.00531,1
2021-01-06,Wed,1,trading,banks,energy,food,utilities,pharma,0.262957,0.255626,0.016883,0.005542,0.011341,0.016883,1
2021-01-07,Thu,1,trading,banks,energy,food,utilities,pharma,0.578694,0.562352,0.004028,-0.004338,0.008366,0.004028,1
2021-01-08,Fri,1,pharma,retail,food,energy,banks,electronics,0.076601,0.072759,0.007408,0.004285,0.003123,0.007408,1
2021-01-12,Tue,1,pharma,food,retail,trading,energy,banks,0.293849,0.283431,0.00153,0.006441,-0.004911,0.00153,0
2021-01-13,Wed,1,banks,energy,trading,retail,food,pharma,0.654439,0.633555,0.020877,-0.000946,0.021823,0.020877,1
2021-01-14,Thu,1,pharma,food,utilities,trading,energy,banks,0.364335,0.34982,0.013911,-0.0003,0.014212,0.013911,1
2021-01-15,Fri,1,energy,banks,trading,utilities,food,pharma,0.442218,0.424602,-0.009511,-0.008242,-0.001268,-0.009511,0
2021-01-19,Tue,1,pharma,food,utilities,trading,banks,energy,0.308223,0.300058,0.004481,-0.002417,0.006898,0.004481,1
2021-01-20,Wed,1,pharma,food,utilities,trading,banks,energy,0.146144,0.13885,-0.005571,0.002389,-0.00796,-0.005571,0
2021-01-21,Thu,1,pharma,food,retail,electronics,banks,energy,0.262937,0.247955,0.000529,-0.004913,0.005442,0.000529,1
2021-01-22,Fri,1,pharma,food,utilities,banks,trading,energy,0.43337,0.418659,0.00528,0.001071,0.004209,0.00528,1
2021-01-25,Mon,1,utilities,food,pharma,banks,energy,trading,0.027347,0.025609,0.003813,-0.005717,0.00953,0.003813,1
2021-01-26,Tue,1,pharma,food,utilities,trading,banks,energy,0.644215,0.615439,0.009964,-0.007161,0.017124,0.009964,1
2021-01-27,Wed,1,pharma,food,utilities,trading,banks,energy,0.2588,0.248959,-0.003572,-0.002295,-0.001276,-0.003572,0
2021-01-28,Thu,1,energy,electronics,banks,utilities,food,pharma,0.494802,0.464541,0.011688,0.008623,0.003065,0.011688,1
2021-01-29,Fri,1,pharma,food,retail,banks,energy,electronics,0.038735,0.029625,-0.010172,-0.019189,0.009017,-0.010172,1
2021-02-01,Mon,2,electronics,energy,banks,utilities,food,pharma,0.169715,0.148326,0.006664,0.004445,0.002219,0.006664,1
2021-02-02,Tue,2,trading,banks,energy,food,utilities,retail,0.028038,0.023188,0.00926,0.004531,0.004729,0.00926,1
2021-02-03,Wed,2,pharma,it_services,food,construction,electronics,energy,0.026294,0.020095,0.003135,0.005596,-0.00246,0.003135,0
2021-02-04,Thu,2,energy,trading,banks,utilities,food,pharma,0.320013,0.306259,0.00098,-0.00225,0.003231,0.00098,1
2021-02-05,Fri,2,pharma,food,utilities,banks,trading,energy,0.207598,0.195235,-0.000714,0.002457,-0.003171,-0.000714,0
2021-02-08,Mon,2,pharma,retail,food,banks,electronics,energy,0.016463,0.015131,0.00881,0.014426,-0.005616,0.00881,0
2021-02-09,Tue,2,energy,trading,banks,food,utilities,pharma,0.231327,0.22265,-0.007017,-0.001808,-0.005209,-0.007017,0
2021-02-10,Wed,2,pharma,utilities,food,banks,trading,energy,0.115639,0.111162,0.002027,0.00069,0.001337,0.002027,1
2021-02-12,Fri,2,energy,trading,banks,food,utilities,pharma,0.063574,0.061449,-0.001728,-0.013396,0.011668,-0.001728,1
2021-02-16,Tue,2,energy,trading,banks,food,retail,pharma,0.137075,0.134051,0.016661,0.004476,0.012185,0.016661,1
2021-02-17,Wed,2,energy,trading,banks,utilities,retail,pharma,0.50831,0.497045,0.011403,-0.003416,0.014819,0.011403,1
2021-02-18,Thu,2,energy,banks,trading,food,utilities,pharma,0.051038,0.049711,-0.020158,-0.002534,-0.017624,-0.020158,0
2021-02-19,Fri,2,pharma,utilities,food,banks,trading,energy,0.205465,0.198184,-0.008137,-0.004373,-0.003764,-0.008137,0
2021-02-22,Mon,2,energy,trading,banks,retail,utilities,pharma,1.081676,1.052506,0.005389,-0.006507,0.011896,0.005389,1
2021-02-24,Wed,2,energy,trading,banks,retail,pharma,utilities,0.872058,0.853859,-0.0135,-0.008364,-0.005136,-0.0135,0
2021-02-25,Thu,2,energy,trading,banks,retail,utilities,pharma,0.374724,0.363776,-0.005446,-0.005743,0.000296,-0.005446,1
2021-02-26,Fri,2,electronics,trading,banks,retail,food,utilities,0.154665,0.139745,-0.013012,-0.012947,-6.5e-05,-0.013012,0
2021-03-01,Mon,3,pharma,food,retail,trading,banks,energy,0.130478,0.120709,-0.002685,0.018027,-0.020712,-0.002685,0
2021-03-02,Tue,3,utilities,pharma,retail,electronics,energy,trading,0.345872,0.334948,-0.011585,-0.014779,0.003194,-0.011585,1
2021-03-03,Wed,3,energy,trading,banks,retail,pharma,utilities,0.165988,0.162264,0.007616,0.005372,0.002243,0.007616,1
2021-03-04,Thu,3,energy,trading,banks,retail,pharma,utilities,0.589492,0.574389,-0.003243,-0.004032,0.000789,-0.003243,1
2021-03-05,Fri,3,trading,energy,banks,pharma,retail,utilities,0.174429,0.169275,0.000809,0.006846,-0.006037,0.000809,0
2021-03-08,Mon,3,utilities,retail,pharma,banks,trading,energy,0.386892,0.378948,0.000981,0.003602,-0.002621,0.000981,0
2021-03-09,Tue,3,energy,trading,banks,pharma,food,utilities,0.303004,0.294836,0.005625,0.013913,-0.008289,0.005625,0
2021-03-10,Wed,3,utilities,pharma,food,banks,trading,energy,0.691626,0.674657,0.00175,-0.001258,0.003008,0.00175,1
2021-03-11,Thu,3,energy,banks,trading,utilities,pharma,food,0.282952,0.265437,-0.000217,0.007944,-0.008162,-0.000217,0
2021-03-12,Fri,3,utilities,pharma,retail,banks,trading,energy,0.145267,0.138513,7.9e-05,0.003762,-0.003683,7.9e-05,0
2021-03-15,Mon,3,utilities,it_services,retail,electronics,trading,food,0.01123,0.007966,0.010196,0.002382,0.007815,0.010196,1
2021-03-16,Tue,3,utilities,pharma,food,banks,trading,energy,0.519587,0.502288,0.002076,-0.004815,0.006891,0.002076,1
2021-03-17,Wed,3,food,pharma,utilities,banks,trading,energy,0.576013,0.558015,0.004829,0.001523,0.003306,0.004829,1
2021-03-18,Thu,3,energy,trading,banks,food,pharma,utilities,0.403837,0.390684,0.012585,0.00602,0.006565,0.012585,1
2021-03-19,Fri,3,food,realestate,pharma,banks,it_services,energy,0.025705,0.01665,0.008288,0.014832,-0.006544,0.008288,0
2021-03-22,Mon,3,utilities,pharma,food,banks,trading,energy,0.528196,0.512812,0.002099,-0.00141,0.00351,0.002099,1
2021-03-23,Tue,3,utilities,pharma,food,banks,trading,energy,0.640537,0.617099,-0.006364,-0.018715,0.012351,-0.006364,1
2021-03-24,Wed,3,food,utilities,pharma,banks,trading,energy,0.537197,0.519092,-0.016918,-0.011816,-0.005102,-0.016918,0
2021-03-25,Thu,3,energy,trading,banks,food,pharma,utilities,0.421277,0.404101,0.009875,0.010291,-0.000415,0.009875,0
2021-03-26,Fri,3,energy,trading,banks,retail,pharma,food,0.053383,0.044055,0.001627,0.005837,-0.00421,0.001627,0
2021-03-29,Mon,3,utilities,retail,pharma,banks,trading,electronics,0.061089,0.050878,-0.004142,-0.011691,0.007548,-0.004142,1
2021-03-30,Tue,3,utilities,pharma,food,banks,trading,energy,0.613428,0.591735,-0.003476,0.006603,-0.010079,-0.003476,0
2021-03-31,Wed,3,energy,trading,banks,food,pharma,utilities,0.379667,0.364104,-0.003368,-0.007821,0.004453,-0.003368,1
2021-04-01,Thu,4,utilities,pharma,food,trading,banks,energy,0.485712,0.469924,-0.01463,-0.01474,0.000111,-0.01463,1
2021-04-05,Mon,4,energy,banks,trading,pharma,food,utilities,0.417316,0.406926,0.016481,-0.000664,0.017145,0.016481,1
2021-04-06,Tue,4,utilities,pharma,food,electronics,banks,energy,0.608736,0.582341,-0.018933,-0.017054,-0.001878,-0.018933,0
2021-04-07,Wed,4,utilities,food,pharma,electronics,banks,energy,0.097604,0.09455,0.004202,0.006616,-0.002414,0.004202,0
2021-04-08,Thu,4,food,utilities,pharma,banks,trading,energy,0.112373,0.108564,-0.010457,-0.013895,0.003438,-0.010457,1
2021-04-09,Fri,4,utilities,food,pharma,electronics,banks,energy,0.325876,0.314143,0.009067,-0.000708,0.009775,0.009067,1
2021-04-12,Mon,4,utilities,pharma,retail,banks,electronics,energy,0.072258,0.06879,-0.008185,-0.006665,-0.00152,-0.008185,0
2021-04-13,Tue,4,utilities,pharma,retail,electronics,banks,energy,0.009102,0.008617,0.005201,-0.001899,0.0071,0.005201,1
2021-04-14,Wed,4,utilities,pharma,food,banks,electronics,energy,0.320467,0.308096,-0.003026,-0.004949,0.001922,-0.003026,1
2021-04-15,Thu,4,energy,electronics,trading,food,pharma,utilities,0.306298,0.29237,0.00485,0.000189,0.004661,0.00485,1
2021-04-16,Fri,4,utilities,pharma,retail,banks,electronics,energy,0.458442,0.436664,-4.7e-05,0.003567,-0.003614,-4.7e-05,0
2021-04-19,Mon,4,utilities,pharma,food,banks,electronics,energy,0.166694,0.15974,-0.008262,-0.002618,-0.005644,-0.008262,0
2021-04-20,Tue,4,electronics,banks,energy,retail,pharma,utilities,0.124593,0.118294,-0.009503,-0.008768,-0.000735,-0.009503,0
2021-04-21,Wed,4,utilities,food,pharma,banks,electronics,energy,0.661031,0.639524,-0.001815,-0.005964,0.004149,-0.001815,1
2021-04-22,Thu,4,energy,banks,electronics,pharma,food,utilities,0.256569,0.250189,-0.0015,0.00448,-0.00598,-0.0015,0
2021-04-23,Fri,4,food,retail,utilities,banks,energy,trading,0.090103,0.083748,0.003828,0.000464,0.003364,0.003828,1
2021-04-26,Mon,4,energy,banks,trading,pharma,food,utilities,0.316603,0.307159,-0.00215,-0.003995,0.001845,-0.00215,1
2021-04-27,Tue,4,energy,electronics,banks,food,pharma,utilities,0.386068,0.36943,0.001902,-0.010096,0.011998,0.001902,1
2021-04-28,Wed,4,electronics,energy,banks,food,pharma,utilities,0.330802,0.318484,0.00736,0.001263,0.006097,0.00736,1
2021-04-30,Fri,4,banks,energy,electronics,food,pharma,utilities,0.358631,0.345506,-0.00778,-0.003139,-0.004641,-0.00778,0
2021-05-06,Thu,5,utilities,food,pharma,banks,electronics,energy,0.373849,0.36547,0.007592,0.009111,-0.001519,0.007592,0
2021-05-07,Fri,5,utilities,pharma,retail,electronics,energy,banks,0.143098,0.13521,0.000564,-0.005158,0.005723,0.000564,1
2021-05-10,Mon,5,energy,electronics,banks,pharma,food,utilities,0.167153,0.16231,0.007881,0.004687,0.003194,0.007881,1
2021-05-11,Tue,5,utilities,food,pharma,electronics,banks,energy,0.126926,0.123651,-0.007041,-0.011635,0.004593,-0.007041,1
2021-05-12,Wed,5,food,retail,pharma,electronics,energy,trading,0.066633,0.057954,-0.004312,-0.025491,0.021179,-0.004312,1
2021-05-13,Thu,5,banks,electronics,energy,retail,pharma,utilities,0.267897,0.247202,-0.002702,-0.000911,-0.001791,-0.002702,0
2021-05-14,Fri,5,utilities,pharma,retail,energy,electronics,banks,0.400164,0.377317,0.003414,-0.007937,0.011351,0.003414,1
2021-05-17,Mon,5,trading,energy,electronics,retail,utilities,food,0.224116,0.215966,-0.011122,-0.000311,-0.010811,-0.011122,0
2021-05-18,Tue,5,electronics,banks,energy,food,pharma,utilities,0.479693,0.46238,0.010032,0.00048,0.009552,0.010032,1
2021-05-19,Wed,5,utilities,food,pharma,banks,electronics,energy,0.393157,0.384184,0.000322,-0.001745,0.002067,0.000322,1
2021-05-20,Thu,5,utilities,food,pharma,banks,energy,electronics,0.432491,0.42246,-0.001217,0.001033,-0.002251,-0.001217,0
2021-05-21,Fri,5,utilities,pharma,retail,banks,energy,electronics,0.506175,0.484691,-0.006204,-0.016834,0.01063,-0.006204,1
2021-05-24,Mon,5,electronics,energy,banks,retail,pharma,utilities,0.102936,0.09948,0.009095,0.001432,0.007663,0.009095,1
2021-05-25,Tue,5,trading,electronics,energy,utilities,retail,food,0.133114,0.128868,-0.002365,0.000706,-0.003071,-0.002365,0
2021-05-26,Wed,5,food,retail,pharma,electronics,energy,trading,0.13327,0.12944,0.001402,0.003344,-0.001941,0.001402,0
2021-05-27,Thu,5,electronics,energy,banks,retail,pharma,utilities,0.273407,0.267871,-0.006728,0.000465,-0.007193,-0.006728,0
2021-05-28,Fri,5,electronics,energy,banks,pharma,retail,utilities,0.521675,0.502801,0.007516,0.004237,0.003279,0.007516,1
2021-06-01,Tue,6,utilities,pharma,retail,banks,energy,electronics,0.092056,0.088808,-0.00962,-0.000209,-0.009411,-0.00962,0
2021-06-02,Wed,6,electronics,energy,banks,retail,pharma,utilities,1.268902,1.222215,0.002579,-0.000482,0.00306,0.002579,1
2021-06-03,Thu,6,electronics,energy,banks,pharma,retail,utilities,0.06607,0.064401,0.005995,0.00619,-0.000195,0.005995,0
2021-06-04,Fri,6,utilities,food,retail,trading,energy,electronics,0.149711,0.14733,-0.000799,0.007586,-0.008386,-0.000799,0
2021-06-07,Mon,6,utilities,pharma,retail,energy,banks,electronics,0.158027,0.151608,-0.004481,-0.009377,0.004896,-0.004481,1
2021-06-08,Tue,6,food,retail,utilities,trading,energy,electronics,0.210427,0.207335,0.007949,0.001347,0.006602,0.007949,1
2021-06-09,Wed,6,electronics,energy,banks,retail,pharma,utilities,0.506479,0.489321,-0.004154,-0.003366,-0.000788,-0.004154,0
2021-06-10,Thu,6,utilities,pharma,food,banks,energy,electronics,0.529074,0.514037,-0.005277,-0.000707,-0.00457,-0.005277,0
2021-06-11,Fri,6,utilities,retail,pharma,energy,banks,electronics,0.773063,0.75015,-0.001108,-0.004021,0.002914,-0.001108,1
2021-06-14,Mon,6,electronics,banks,energy,pharma,retail,utilities,0.091201,0.088178,-0.001337,-0.006026,0.004689,-0.001337,1
2021-06-15,Tue,6,utilities,retail,pharma,banks,energy,electronics,0.386589,0.380207,0.007244,0.008961,-0.001716,0.007244,0
2021-06-16,Wed,6,electronics,banks,energy,pharma,retail,utilities,0.135628,0.130643,0.004764,-0.001955,0.006719,0.004764,1
2021-06-17,Thu,6,electronics,banks,energy,pharma,retail,utilities,0.357174,0.343342,-0.007048,-0.007338,0.000289,-0.007048,1
2021-06-18,Fri,6,retail,utilities,pharma,energy,electronics,banks,1.346201,1.333569,-0.00141,-0.010932,0.009522,-0.00141,1
2021-06-21,Mon,6,electronics,banks,energy,pharma,retail,utilities,0.182049,0.161235,-0.000464,-0.005513,0.005049,-0.000464,1
2021-06-22,Tue,6,banks,trading,energy,food,retail,pharma,0.473332,0.466662,0.011408,0.010359,0.001049,0.011408,1
2021-06-23,Wed,6,energy,banks,trading,retail,pharma,food,0.007919,0.007723,0.001961,-0.003123,0.005084,0.001961,1
2021-06-24,Thu,6,electronics,banks,energy,retail,pharma,utilities,0.295375,0.292306,0.004679,0.001645,0.003034,0.004679,1
2021-06-25,Fri,6,utilities,pharma,retail,energy,banks,electronics,0.0445,0.038649,0.002079,0.001099,0.00098,0.002079,1
2021-06-28,Mon,6,utilities,pharma,retail,energy,banks,electronics,0.078728,0.072557,0.000564,-0.001251,0.001815,0.000564,1
2021-06-29,Tue,6,pharma,retail,utilities,electronics,energy,banks,0.607436,0.598002,0.000663,-0.003656,0.00432,0.000663,1
2021-06-30,Wed,6,electronics,banks,energy,retail,pharma,utilities,0.142829,0.137899,-0.00611,-0.004464,-0.001646,-0.00611,0
2021-07-01,Thu,7,energy,banks,trading,food,pharma,retail,0.007715,0.007403,-0.006627,-0.003666,-0.002961,-0.006627,0
2021-07-02,Fri,7,energy,banks,trading,food,pharma,retail,0.080498,0.078102,0.006299,-1.1e-05,0.00631,0.006299,1
2021-07-06,Tue,7,utilities,pharma,retail,banks,energy,electronics,0.362095,0.354719,-0.005696,0.003956,-0.009652,-0.005696,0
2021-07-07,Wed,7,pharma,retail,food,trading,banks,energy,0.522908,0.51145,-0.000339,-0.009943,0.009604,-0.000339,1
2021-07-08,Thu,7,pharma,utilities,retail,banks,electronics,energy,0.266531,0.264333,-0.007678,-0.004713,-0.002965,-0.007678,0
2021-07-09,Fri,7,retail,pharma,food,trading,banks,energy,0.114629,0.108472,0.007309,0.014601,-0.007293,0.007309,0
2021-07-12,Mon,7,energy,banks,trading,food,retail,pharma,0.681573,0.664584,0.000174,0.002612,-0.002437,0.000174,0
2021-07-13,Tue,7,energy,banks,trading,utilities,retail,pharma,0.204684,0.198669,0.006644,0.005162,0.001482,0.006644,1
2021-07-14,Wed,7,pharma,retail,food,trading,banks,energy,0.390272,0.377788,0.004011,0.001108,0.002903,0.004011,1
2021-07-15,Thu,7,pharma,utilities,retail,trading,banks,energy,0.536226,0.528024,-0.009113,-0.003579,-0.005533,-0.009113,0
2021-07-16,Fri,7,pharma,retail,food,trading,banks,energy,0.089645,0.087638,-0.001387,0.000339,-0.001727,-0.001387,0
2021-07-19,Mon,7,pharma,retail,food,trading,banks,energy,0.628142,0.614734,-0.001568,-0.004405,0.002837,-0.001568,1
2021-07-20,Tue,7,retail,pharma,food,trading,banks,energy,0.372521,0.355229,0.003476,-0.002292,0.005767,0.003476,1
2021-07-21,Wed,7,energy,banks,trading,food,pharma,retail,0.296694,0.283419,-0.011503,-0.001954,-0.009549,-0.011503,0
2021-07-26,Mon,7,energy,banks,trading,utilities,retail,pharma,0.616163,0.601723,-0.004646,-0.006051,0.001406,-0.004646,1
2021-07-27,Tue,7,energy,banks,trading,utilities,retail,pharma,0.455005,0.445574,0.003465,-0.002311,0.005776,0.003465,1
2021-07-28,Wed,7,pharma,utilities,retail,trading,banks,energy,0.209992,0.205641,0.001424,0.001939,-0.000515,0.001424,0
2021-07-29,Thu,7,energy,banks,trading,food,pharma,utilities,0.234655,0.231412,-0.001452,-0.009592,0.008139,-0.001452,1
2021-07-30,Fri,7,energy,banks,electronics,food,retail,pharma,0.064752,0.061548,-0.007761,-0.010409,0.002647,-0.007761,1
2021-08-02,Mon,8,retail,pharma,food,electronics,banks,energy,0.017762,0.01582,0.0053,0.017047,-0.011747,0.0053,0
2021-08-03,Tue,8,pharma,utilities,retail,trading,banks,energy,0.175038,0.171299,-0.002325,0.003638,-0.005964,-0.002325,0
2021-08-04,Wed,8,utilities,food,pharma,electronics,banks,trading,0.07851,0.071701,-0.00367,-0.005947,0.002277,-0.00367,1
2021-08-05,Thu,8,pharma,retail,food,trading,banks,energy,0.083003,0.079511,0.004066,0.004692,-0.000625,0.004066,0
2021-08-06,Fri,8,energy,banks,trading,utilities,food,pharma,0.114861,0.112031,0.006311,0.001924,0.004388,0.006311,1
2021-08-10,Tue,8,energy,trading,banks,food,pharma,utilities,0.516241,0.504659,-0.00277,0.007322,-0.010092,-0.00277,0
2021-08-11,Wed,8,energy,banks,trading,food,pharma,utilities,0.305435,0.299907,0.003984,0.000402,0.003582,0.003984,1
2021-08-12,Thu,8,energy,banks,trading,food,pharma,utilities,0.464992,0.456334,-0.002037,-0.00459,0.002552,-0.002037,1
2021-08-13,Fri,8,utilities,pharma,food,banks,trading,energy,0.188336,0.184226,-0.000556,-0.005469,0.004912,-0.000556,1
2021-08-16,Mon,8,utilities,pharma,food,banks,trading,energy,0.542111,0.528337,-0.012886,-0.012793,-9.3e-05,-0.012886,0
2021-08-17,Tue,8,utilities,pharma,food,trading,banks,energy,0.718758,0.69921,0.000188,-0.005303,0.005491,0.000188,1
2021-08-18,Wed,8,utilities,retail,pharma,trading,banks,energy,0.363768,0.356208,0.000289,0.004363,-0.004074,0.000289,0
2021-08-19,Thu,8,trading,energy,banks,food,utilities,pharma,0.375825,0.367884,-0.013091,0.004385,-0.017476,-0.013091,0
2021-08-20,Fri,8,utilities,pharma,food,trading,banks,energy,0.709392,0.695242,0.004609,-0.005744,0.010353,0.004609,1
2021-08-23,Mon,8,pharma,utilities,retail,banks,energy,trading,0.266587,0.260049,0.001249,0.003086,-0.001837,0.001249,0
2021-08-24,Tue,8,energy,banks,trading,retail,utilities,pharma,0.559774,0.544795,0.001654,0.000509,0.001146,0.001654,1
2021-08-25,Wed,8,energy,trading,banks,retail,utilities,pharma,0.584531,0.571478,-0.002553,-0.001387,-0.001166,-0.002553,0
2021-08-26,Thu,8,energy,trading,banks,food,utilities,pharma,0.362037,0.352654,-0.002386,-0.00087,-0.001515,-0.002386,0
2021-08-27,Fri,8,trading,energy,banks,food,pharma,utilities,0.117452,0.111408,-0.002642,-0.00463,0.001988,-0.002642,1
2021-08-30,Mon,8,energy,banks,trading,food,utilities,pharma,0.483392,0.465912,0.001312,0.001675,-0.000363,0.001312,0
2021-08-31,Tue,8,pharma,utilities,retail,banks,trading,energy,0.452284,0.440811,0.00548,0.005801,-0.00032,0.00548,0
2021-09-01,Wed,9,energy,trading,banks,food,utilities,pharma,0.134352,0.131726,0.010202,0.007308,0.002894,0.010202,1
2021-09-02,Thu,9,utilities,pharma,food,banks,trading,energy,0.243731,0.238663,-0.000547,-0.001839,0.001291,-0.000547,1
2021-09-03,Fri,9,energy,electronics,banks,food,pharma,utilities,0.038012,0.036464,0.012315,0.009992,0.002323,0.012315,1
2021-09-07,Tue,9,utilities,pharma,food,banks,electronics,energy,0.066566,0.064832,-0.004844,0.00218,-0.007024,-0.004844,0
2021-09-08,Wed,9,trading,energy,banks,retail,pharma,utilities,0.294677,0.286307,0.010267,0.006367,0.0039,0.010267,1
2021-09-09,Thu,9,utilities,pharma,food,banks,trading,energy,0.470589,0.457036,0.007646,-0.002545,0.010191,0.007646,1
2021-09-10,Fri,9,energy,trading,banks,food,pharma,utilities,0.375812,0.365984,0.007992,-0.001864,0.009857,0.007992,1
2021-09-13,Mon,9,energy,trading,banks,food,utilities,pharma,0.474434,0.464521,0.008993,0.003548,0.005445,0.008993,1
2021-09-14,Tue,9,energy,trading,electronics,food,pharma,utilities,0.557473,0.54113,0.002608,-0.001494,0.004102,0.002608,1
2021-09-15,Wed,9,utilities,pharma,retail,banks,electronics,energy,0.227534,0.22008,-0.00371,-0.001267,-0.002442,-0.00371,0
2021-09-16,Thu,9,energy,electronics,trading,retail,pharma,utilities,0.287173,0.278024,-0.004123,0.003173,-0.007295,-0.004123,0
2021-09-17,Fri,9,trading,banks,electronics,food,utilities,pharma,0.060016,0.056977,0.000774,0.002872,-0.002098,0.000774,0
2021-09-21,Tue,9,trading,banks,electronics,food,utilities,pharma,0.126112,0.11792,0.006882,0.009209,-0.002328,0.006882,0
2021-09-22,Wed,9,trading,energy,banks,retail,utilities,pharma,0.030283,0.029338,-0.006863,-0.002448,-0.004415,-0.006863,0
2021-09-24,Fri,9,electronics,energy,trading,retail,pharma,utilities,0.424959,0.412162,0.000936,-0.001901,0.002837,0.000936,1
2021-09-27,Mon,9,energy,electronics,trading,food,pharma,utilities,0.083545,0.081227,0.000132,-0.006812,0.006943,0.000132,1
2021-09-28,Tue,9,energy,electronics,trading,food,utilities,pharma,1.168118,1.137913,0.002,-0.004295,0.006296,0.002,1
2021-09-29,Wed,9,energy,banks,trading,food,utilities,pharma,0.929327,0.890574,-0.00464,-0.000408,-0.004232,-0.00464,0
2021-09-30,Thu,9,pharma,utilities,food,trading,banks,energy,0.560502,0.538477,-0.004791,-0.005563,0.000772,-0.004791,1
2021-10-01,Fri,10,energy,banks,trading,food,utilities,pharma,0.181913,0.171843,-0.010457,-0.008373,-0.002084,-0.010457,0
2021-10-04,Mon,10,energy,electronics,banks,food,utilities,pharma,0.524148,0.50841,-0.020086,0.006697,-0.026783,-0.020086,0
2021-10-05,Tue,10,energy,banks,trading,food,pharma,utilities,0.433174,0.413797,0.004916,-0.004426,0.009342,0.004916,1
2021-10-06,Wed,10,utilities,pharma,food,trading,banks,energy,0.093881,0.086572,0.0042,0.011615,-0.007415,0.0042,0
2021-10-07,Thu,10,pharma,utilities,food,trading,banks,energy,0.543559,0.522381,-0.004069,-0.002089,-0.00198,-0.004069,0
2021-10-08,Fri,10,utilities,pharma,food,energy,banks,trading,0.089924,0.081358,0.002369,-0.008154,0.010524,0.002369,1
2021-10-11,Mon,10,energy,banks,trading,food,utilities,pharma,0.359588,0.345379,0.022631,-0.005851,0.028482,0.022631,1
2021-10-12,Tue,10,energy,banks,trading,food,utilities,pharma,0.253411,0.24568,0.002727,-0.007418,0.010145,0.002727,1
2021-10-13,Wed,10,energy,banks,trading,food,utilities,pharma,0.145515,0.139821,-0.0076,-0.00443,-0.00317,-0.0076,0
2021-10-14,Thu,10,utilities,pharma,food,trading,banks,energy,0.27269,0.263941,0.000561,-0.007024,0.007585,0.000561,1
2021-10-15,Fri,10,utilities,pharma,food,banks,trading,energy,0.217649,0.207475,-2.8e-05,0.008002,-0.00803,-2.8e-05,0
2021-10-18,Mon,10,energy,electronics,banks,utilities,food,pharma,0.144421,0.138219,0.003604,-0.015172,0.018776,0.003604,1
2021-10-19,Tue,10,energy,banks,trading,food,utilities,pharma,0.271092,0.260278,-0.009278,-0.00417,-0.005108,-0.009278,0
2021-10-20,Wed,10,pharma,utilities,food,trading,banks,energy,0.308333,0.295665,-0.002598,-0.008531,0.005933,-0.002598,1
2021-10-21,Thu,10,pharma,utilities,food,trading,banks,energy,0.221963,0.213374,-0.010629,-0.009999,-0.00063,-0.010629,0
2021-10-22,Fri,10,pharma,food,utilities,banks,trading,energy,0.366846,0.349632,-0.00471,0.000311,-0.005021,-0.00471,0
2021-10-25,Mon,10,utilities,pharma,retail,trading,banks,energy,0.006201,0.005472,-0.001196,0.001359,-0.002556,-0.001196,0
2021-10-26,Tue,10,energy,trading,banks,utilities,food,pharma,0.308298,0.291639,-0.00237,0.003725,-0.006095,-0.00237,0
2021-10-27,Wed,10,pharma,food,utilities,banks,trading,energy,0.208546,0.197841,-0.007346,-0.00225,-0.005096,-0.007346,0
2021-10-28,Thu,10,pharma,food,retail,banks,trading,energy,0.447591,0.424464,-0.000708,-0.006042,0.005335,-0.000708,1
2021-10-29,Fri,10,electronics,energy,banks,retail,pharma,food,0.073706,0.06738,-0.000165,0.001871,-0.002036,-0.000165,0
2021-11-01,Mon,11,pharma,food,retail,banks,trading,energy,0.469824,0.445462,0.006464,0.008295,-0.001831,0.006464,0
2021-11-02,Tue,11,energy,trading,banks,retail,food,pharma,0.1636,0.155019,-0.010374,-0.008341,-0.002033,-0.010374,0
2021-11-04,Thu,11,pharma,food,utilities,banks,trading,energy,0.232176,0.221418,-0.00308,0.002688,-0.005767,-0.00308,0
2021-11-05,Fri,11,pharma,food,retail,banks,trading,energy,0.322023,0.304577,-0.001202,-0.005783,0.004581,-0.001202,1
2021-11-08,Mon,11,energy,electronics,banks,retail,food,pharma,0.100386,0.094825,-0.003401,-0.012386,0.008985,-0.003401,1
2021-11-09,Tue,11,energy,trading,banks,retail,food,pharma,0.536656,0.509248,-0.015897,-0.003954,-0.011943,-0.015897,0
2021-11-10,Wed,11,pharma,food,retail,banks,electronics,energy,0.042589,0.039528,-0.003731,-0.003595,-0.000135,-0.003731,0
2021-11-11,Thu,11,pharma,food,retail,banks,trading,energy,0.533027,0.496395,0.004548,-0.001541,0.006089,0.004548,1
2021-11-12,Fri,11,energy,trading,banks,retail,food,pharma,0.276567,0.260369,0.003323,0.002736,0.000587,0.003323,1
2021-11-15,Mon,11,utilities,retail,pharma,banks,trading,energy,0.120866,0.116956,-0.00037,-0.005312,0.004942,-0.00037,1
2021-11-16,Tue,11,pharma,food,utilities,banks,trading,energy,0.194115,0.183863,-0.00195,-0.003508,0.001558,-0.00195,1
2021-11-17,Wed,11,pharma,food,retail,banks,trading,energy,0.138429,0.130507,-0.007704,-0.007088,-0.000616,-0.007704,0
2021-11-18,Thu,11,pharma,food,retail,banks,trading,energy,0.349421,0.328828,-0.00866,-0.007991,-0.000669,-0.00866,0
2021-11-19,Fri,11,pharma,food,retail,trading,banks,energy,0.216113,0.20543,0.000866,0.007195,-0.00633,0.000866,0
2021-11-22,Mon,11,pharma,food,retail,trading,banks,energy,0.662528,0.631681,0.006179,0.002937,0.003242,0.006179,1
2021-11-24,Wed,11,energy,banks,trading,retail,food,pharma,0.207085,0.198034,-0.000544,-0.007475,0.00693,-0.000544,1
2021-11-26,Fri,11,energy,banks,trading,retail,food,pharma,0.054836,0.05237,-0.015985,-0.010554,-0.005431,-0.015985,0
2021-11-29,Mon,11,pharma,food,retail,banks,electronics,energy,0.57707,0.547799,-0.015711,-0.00617,-0.009541,-0.015711,0
2021-11-30,Tue,11,utilities,pharma,retail,banks,trading,energy,0.345161,0.33559,-0.027474,-0.012774,-0.0147,-0.027474,0
2021-12-01,Wed,12,energy,trading,banks,retail,pharma,utilities,0.346573,0.332399,0.015042,-0.00059,0.015633,0.015042,1
2021-12-02,Thu,12,food,pharma,retail,electronics,banks,energy,0.309636,0.295414,-0.00874,0.005664,-0.014404,-0.00874,0
2021-12-03,Fri,12,energy,banks,electronics,retail,pharma,food,0.631381,0.601414,0.011413,0.001428,0.009985,0.011413,1
2021-12-06,Mon,12,food,pharma,retail,trading,banks,energy,0.609768,0.588172,-0.007434,0.003874,-0.011308,-0.007434,0
2021-12-07,Tue,12,utilities,pharma,retail,banks,energy,trading,0.136469,0.124444,0.008656,0.020425,-0.011769,0.008656,0
2021-12-08,Wed,12,electronics,banks,energy,pharma,realestate,food,0.040267,0.034587,-0.009516,-0.002681,-0.006834,-0.009516,0
2021-12-09,Thu,12,utilities,pharma,food,banks,trading,energy,0.083171,0.08091,-0.004178,-0.006212,0.002033,-0.004178,1
2021-12-10,Fri,12,food,pharma,retail,trading,banks,energy,0.304943,0.293055,0.001112,-0.008477,0.009589,0.001112,1
2021-12-13,Mon,12,pharma,utilities,food,trading,banks,energy,0.462103,0.449012,-0.004415,-0.009674,0.005259,-0.004415,1
2021-12-14,Tue,12,food,pharma,retail,trading,banks,energy,0.747704,0.723347,0.003856,-0.00265,0.006506,0.003856,1
2021-12-15,Wed,12,energy,trading,banks,food,retail,utilities,0.198946,0.192891,0.008398,0.001881,0.006517,0.008398,1
2021-12-16,Thu,12,food,retail,utilities,banks,trading,energy,0.842873,0.812537,0.002067,0.004775,-0.002708,0.002067,0
2021-12-17,Fri,12,energy,banks,trading,retail,pharma,food,0.316268,0.303692,-0.001115,-0.008189,0.007074,-0.001115,1
2021-12-20,Mon,12,trading,energy,banks,food,retail,utilities,0.092396,0.084836,-0.021975,-0.012935,-0.00904,-0.021975,0
2021-12-21,Tue,12,food,pharma,retail,trading,banks,energy,0.4529,0.432066,0.00929,0.003324,0.005966,0.00929,1
2021-12-22,Wed,12,energy,banks,trading,retail,pharma,food,0.499656,0.473309,-0.006908,-0.001347,-0.00556,-0.006908,0
2021-12-23,Thu,12,retail,food,utilities,banks,trading,energy,0.130575,0.125021,-0.003481,0.006959,-0.010439,-0.003481,0
2021-12-27,Mon,12,banks,energy,electronics,utilities,pharma,food,0.045896,0.043738,-0.003493,-0.001827,-0.001666,-0.003493,0
2021-12-28,Tue,12,banks,energy,electronics,retail,pharma,food,0.157052,0.150644,-0.003404,0.005383,-0.008787,-0.003404,0
2021-12-29,Wed,12,energy,banks,electronics,pharma,retail,food,0.018692,0.017955,0.006614,0.004404,0.00221,0.006614,1
2021-12-30,Thu,12,food,retail,pharma,banks,trading,energy,0.174502,0.168155,-0.003487,0.001164,-0.004651,-0.003487,0
2022-01-04,Tue,1,utilities,food,retail,energy,banks,electronics,0.009568,0.007654,0.00486,0.00013,0.00473,0.00486,1
2022-01-05,Wed,1,energy,trading,banks,pharma,retail,food,0.997492,0.966503,0.01109,-0.000129,0.011219,0.01109,1
2022-01-06,Thu,1,utilities,food,retail,energy,electronics,banks,0.060404,0.050784,-0.00595,-0.01101,0.00506,-0.00595,1
2022-01-07,Fri,1,energy,trading,banks,pharma,retail,food,0.685657,0.669239,0.008194,-0.012029,0.020224,0.008194,1
2022-01-11,Tue,1,energy,trading,banks,pharma,retail,food,0.215671,0.210342,0.001646,-0.008033,0.00968,0.001646,1
2022-01-12,Wed,1,energy,banks,trading,utilities,retail,food,0.461772,0.447743,0.00973,0.001535,0.008196,0.00973,1
2022-01-13,Thu,1,energy,banks,trading,utilities,retail,food,0.170344,0.164784,0.01308,-0.003794,0.016874,0.01308,1
2022-01-14,Fri,1,energy,trading,banks,food,pharma,retail,0.19517,0.18456,0.00337,-0.002928,0.006298,0.00337,1
2022-01-18,Tue,1,food,retail,utilities,trading,energy,banks,0.089131,0.085617,-0.007519,-0.010614,0.003095,-0.007519,1
2022-01-19,Wed,1,energy,trading,banks,food,pharma,retail,0.482878,0.458382,-0.011149,-0.013316,0.002167,-0.011149,1
2022-01-20,Thu,1,food,retail,utilities,trading,banks,energy,0.399845,0.38718,0.010762,0.009699,0.001063,0.010762,1
2022-01-21,Fri,1,food,retail,utilities,energy,electronics,banks,0.112965,0.100247,0.00597,-0.000614,0.006584,0.00597,1
2022-01-24,Mon,1,food,retail,utilities,trading,energy,banks,0.339761,0.312915,0.009243,0.018685,-0.009442,0.009243,0
2022-01-25,Tue,1,energy,banks,trading,utilities,food,retail,0.390937,0.379109,-0.007771,0.001638,-0.009409,-0.007771,0
2022-01-26,Wed,1,energy,banks,trading,pharma,food,retail,0.985185,0.954964,-0.003748,-0.002918,-0.00083,-0.003748,0
2022-01-27,Thu,1,trading,energy,realestate,utilities,retail,pharma,0.0307,0.023344,-0.008817,-0.02075,0.011933,-0.008817,1
2022-01-28,Fri,1,food,retail,utilities,trading,banks,energy,0.394191,0.383981,0.008098,0.015313,-0.007215,0.008098,0
2022-01-31,Mon,1,pharma,retail,food,banks,trading,energy,0.551818,0.53348,0.000459,0.007776,-0.007317,0.000459,0
2022-02-01,Tue,2,pharma,retail,utilities,electronics,energy,trading,0.188269,0.178567,-0.00042,-0.011503,0.011083,-0.00042,1
2022-02-02,Wed,2,energy,banks,trading,retail,utilities,food,0.756322,0.737902,0.017727,-0.001218,0.018946,0.017727,1
2022-02-03,Thu,2,pharma,retail,utilities,banks,trading,energy,0.396548,0.387369,0.008939,0.002007,0.006932,0.008939,1
2022-02-04,Fri,2,food,utilities,retail,electronics,energy,banks,0.183834,0.167114,0.001534,0.00497,-0.003437,0.001534,0
2022-02-07,Mon,2,energy,banks,trading,pharma,food,utilities,0.350934,0.343941,0.008991,0.003631,0.00536,0.008991,1
2022-02-08,Tue,2,energy,banks,trading,pharma,food,utilities,0.14699,0.144462,-0.003102,0.009641,-0.012743,-0.003102,0
2022-02-09,Wed,2,pharma,retail,utilities,banks,trading,energy,0.195094,0.18975,-0.00356,-0.002428,-0.001132,-0.00356,0
2022-02-10,Thu,2,banks,energy,electronics,retail,food,utilities,0.287641,0.275467,-0.002621,0.000483,-0.003104,-0.002621,0
2022-02-14,Mon,2,energy,banks,trading,retail,utilities,pharma,0.550914,0.528429,0.013398,0.005005,0.008393,0.013398,1
2022-02-15,Tue,2,food,utilities,pharma,electronics,banks,energy,0.146533,0.13877,-0.001119,-0.009682,0.008563,-0.001119,1
2022-02-16,Wed,2,machinery,pharma,it_services,trading,food,realestate,0.023754,0.01984,-0.000541,0.00205,-0.00259,-0.000541,0
2022-02-17,Thu,2,energy,banks,electronics,pharma,utilities,food,0.107698,0.104008,-0.004958,-0.006239,0.001281,-0.004958,1
2022-02-18,Fri,2,food,utilities,pharma,energy,electronics,banks,0.223321,0.208493,0.005659,-0.003912,0.009571,0.005659,1
2022-02-22,Tue,2,energy,trading,electronics,utilities,retail,pharma,0.075015,0.071028,-0.007404,0.003165,-0.010569,-0.007404,0
2022-02-24,Thu,2,food,utilities,pharma,energy,electronics,banks,0.130638,0.120552,-0.006254,0.008225,-0.014479,-0.006254,0
2022-02-25,Fri,2,pharma,retail,utilities,banks,trading,energy,0.165996,0.158821,-0.016655,0.000604,-0.017259,-0.016655,0
2022-02-28,Mon,2,pharma,retail,utilities,electronics,trading,energy,0.367542,0.349498,0.008134,-0.001353,0.009488,0.008134,1
2022-03-01,Tue,3,energy,banks,trading,food,pharma,retail,0.066745,0.062838,-0.002555,-0.003106,0.000551,-0.002555,1
2022-03-02,Wed,3,utilities,food,pharma,trading,banks,electronics,0.125649,0.107785,-0.010919,-0.006977,-0.003942,-0.010919,0
2022-03-03,Thu,3,electronics,banks,trading,pharma,food,utilities,0.167236,0.140632,0.008138,0.005441,0.002696,0.008138,1
2022-03-04,Fri,3,utilities,food,pharma,trading,banks,energy,0.238049,0.231467,-0.012305,-0.004135,-0.00817,-0.012305,0
2022-03-07,Mon,3,utilities,food,pharma,electronics,banks,energy,0.119075,0.115454,0.000253,-0.012083,0.012336,0.000253,1
2022-03-08,Tue,3,utilities,food,pharma,trading,energy,electronics,0.155373,0.126482,-0.02063,-0.03321,0.01258,-0.02063,1
2022-03-09,Wed,3,energy,banks,trading,utilities,pharma,retail,0.844472,0.818034,-0.001439,-0.008912,0.007472,-0.001439,1
2022-03-10,Thu,3,retail,machinery,it_services,banks,utilities,energy,0.04146,0.037448,0.009295,0.033122,-0.023827,0.009295,0
2022-03-11,Fri,3,energy,banks,electronics,pharma,food,utilities,0.372924,0.365625,0.019504,-0.002685,0.022189,0.019504,1
2022-03-14,Mon,3,energy,banks,trading,food,pharma,retail,0.111545,0.099198,0.004897,0.003147,0.00175,0.004897,1
2022-03-15,Tue,3,utilities,food,pharma,banks,energy,electronics,0.251461,0.244186,0.014752,0.00627,0.008483,0.014752,1
2022-03-16,Wed,3,retail,pharma,utilities,trading,banks,energy,0.917645,0.896674,0.010544,0.003615,0.006929,0.010544,1
2022-03-17,Thu,3,electronics,banks,trading,pharma,food,utilities,0.125159,0.103056,0.004588,-0.00509,0.009677,0.004588,1
2022-03-18,Fri,3,electronics,banks,trading,pharma,food,utilities,0.303543,0.284016,-0.000217,-0.004558,0.004341,-0.000217,1
2022-03-22,Tue,3,retail,pharma,utilities,trading,banks,energy,0.085446,0.077817,-0.002032,0.019103,-0.021135,-0.002032,0
2022-03-23,Wed,3,retail,pharma,utilities,trading,banks,energy,0.121058,0.110564,0.011098,0.008046,0.003052,0.011098,1
2022-03-24,Thu,3,energy,banks,trading,utilities,pharma,retail,0.228951,0.213349,0.00259,0.002389,0.000201,0.00259,1
2022-03-25,Fri,3,retail,pharma,utilities,trading,banks,energy,0.246679,0.228834,0.000154,0.000322,-0.000167,0.000154,0
2022-03-28,Mon,3,electronics,trading,banks,pharma,food,utilities,0.121722,0.112133,-0.007431,-0.002838,-0.004593,-0.007431,0
2022-03-29,Tue,3,utilities,retail,food,trading,banks,energy,0.496833,0.476748,0.006238,-0.001699,0.007936,0.006238,1
2022-03-30,Wed,3,retail,pharma,utilities,trading,banks,energy,0.148277,0.133547,-0.009548,-0.004939,-0.004609,-0.009548,0
2022-03-31,Thu,3,utilities,food,retail,banks,trading,energy,0.110851,0.106935,-0.009187,-0.00665,-0.002537,-0.009187,0
2022-04-01,Fri,4,utilities,food,retail,banks,trading,electronics,0.293404,0.278126,0.007324,0.007629,-0.000305,0.007324,0
2022-04-04,Mon,4,retail,pharma,utilities,trading,banks,energy,0.098685,0.089814,0.004178,0.007353,-0.003175,0.004178,0
2022-04-05,Tue,4,banks,electronics,energy,retail,food,utilities,0.035601,0.034635,-0.013711,-0.00618,-0.007532,-0.013711,0
2022-04-06,Wed,4,utilities,food,retail,trading,energy,banks,0.237948,0.231638,-0.007915,-0.000233,-0.007682,-0.007915,0
2022-04-07,Thu,4,utilities,retail,food,trading,banks,energy,0.442331,0.428807,-0.001629,-0.004198,0.00257,-0.001629,1
2022-04-08,Fri,4,retail,utilities,pharma,trading,banks,energy,0.285242,0.274587,-0.006931,-0.019366,0.012435,-0.006931,1
2022-04-11,Mon,4,energy,banks,trading,retail,food,utilities,0.324866,0.315009,0.003526,0.004669,-0.001144,0.003526,0
2022-04-12,Tue,4,energy,trading,banks,utilities,pharma,retail,0.191365,0.175387,-0.009055,-0.007635,-0.001421,-0.009055,0
2022-04-13,Wed,4,energy,trading,banks,pharma,retail,utilities,0.108395,0.104687,0.006155,-0.00103,0.007185,0.006155,1
2022-04-14,Thu,4,electronics,trading,banks,pharma,food,utilities,0.104789,0.095528,-0.007441,0.009329,-0.01677,-0.007441,0
2022-04-18,Mon,4,energy,banks,trading,utilities,pharma,retail,0.075447,0.067209,0.000156,-0.007839,0.007994,0.000156,1
2022-04-19,Tue,4,energy,trading,banks,retail,food,utilities,0.447889,0.432414,0.004514,-0.008059,0.012573,0.004514,1
2022-04-20,Wed,4,retail,pharma,utilities,trading,banks,energy,0.187119,0.170444,0.007986,0.002088,0.005899,0.007986,1
2022-04-21,Thu,4,retail,utilities,pharma,trading,banks,energy,0.131546,0.127136,0.002506,0.000165,0.002341,0.002506,1
2022-04-22,Fri,4,utilities,food,pharma,banks,trading,electronics,0.16445,0.148682,0.000478,-0.001296,0.001774,0.000478,1
2022-04-25,Mon,4,energy,banks,trading,it_services,machinery,retail,0.093036,0.073078,-0.004597,-0.002002,-0.002595,-0.004597,0
2022-04-26,Tue,4,utilities,food,pharma,banks,trading,energy,0.43372,0.425436,0.002951,-0.010999,0.01395,0.002951,1
2022-04-27,Wed,4,energy,banks,trading,utilities,pharma,retail,0.294639,0.272106,0.000982,0.007471,-0.006489,0.000982,0
2022-04-28,Thu,4,energy,trading,banks,pharma,food,utilities,0.140469,0.138409,0.010563,0.021777,-0.011213,0.010563,0
2022-05-02,Mon,5,retail,pharma,it_services,trading,banks,energy,0.068467,0.051845,-0.001447,-0.003083,0.001636,-0.001447,1
2022-05-06,Fri,5,energy,trading,banks,pharma,retail,utilities,0.145189,0.141721,0.000526,0.01479,-0.014264,0.000526,0
2022-05-09,Mon,5,food,utilities,pharma,energy,trading,electronics,0.07239,0.068393,-0.0077,-0.012458,0.004758,-0.0077,1
2022-05-10,Tue,5,food,utilities,pharma,energy,electronics,trading,0.875655,0.855541,0.007427,-0.015569,0.022996,0.007427,1
2022-05-11,Wed,5,utilities,food,pharma,banks,electronics,trading,0.112316,0.107531,0.002413,-0.007261,0.009674,0.002413,1
2022-05-12,Thu,5,energy,trading,banks,utilities,pharma,retail,0.264629,0.254478,-0.002049,-0.012353,0.010304,-0.002049,1
2022-05-13,Fri,5,energy,trading,banks,retail,food,utilities,0.12316,0.120444,0.011017,-0.000286,0.011302,0.011017,1
2022-05-16,Mon,5,electronics,trading,steel,pharma,food,utilities,0.085839,0.073366,-0.022306,-0.008726,-0.013579,-0.022306,0
2022-05-17,Tue,5,utilities,food,pharma,banks,energy,trading,0.075817,0.073811,-0.005694,0.000533,-0.006227,-0.005694,0
2022-05-18,Wed,5,trading,electronics,energy,pharma,food,utilities,0.323607,0.307946,-0.008443,0.000197,-0.008641,-0.008443,0
2022-05-19,Thu,5,energy,banks,trading,utilities,pharma,retail,0.624354,0.584196,0.01791,0.005835,0.012075,0.01791,1
2022-05-20,Fri,5,energy,trading,banks,pharma,utilities,retail,0.238492,0.23223,0.002893,0.000173,0.00272,0.002893,1
2022-05-23,Mon,5,retail,pharma,utilities,banks,trading,energy,0.077951,0.075645,0.001694,-0.000411,0.002105,0.001694,1
2022-05-24,Tue,5,trading,electronics,energy,pharma,food,utilities,0.150136,0.13801,-0.005441,-0.002045,-0.003396,-0.005441,0
2022-05-25,Wed,5,utilities,retail,food,banks,energy,trading,0.269451,0.264008,0.005201,0.003933,0.001269,0.005201,1
2022-05-26,Thu,5,trading,energy,electronics,retail,food,utilities,0.23573,0.225165,-0.010289,-0.004127,-0.006162,-0.010289,0
2022-05-27,Fri,5,trading,electronics,energy,pharma,food,utilities,0.114788,0.103401,-0.006282,-0.015005,0.008723,-0.006282,1
2022-05-31,Tue,5,trading,electronics,steel,pharma,food,utilities,0.056278,0.046112,-0.00525,-0.008674,0.003425,-0.00525,1
2022-06-01,Wed,6,energy,banks,trading,food,pharma,retail,0.079419,0.069731,0.004359,0.004083,0.000276,0.004359,1
2022-06-02,Thu,6,energy,trading,banks,utilities,pharma,retail,0.117505,0.110426,-0.000409,-0.010512,0.010104,-0.000409,1
2022-06-03,Fri,6,steel,trading,electronics,pharma,utilities,food,0.035948,0.029496,-0.006288,-0.001382,-0.004906,-0.006288,0
2022-06-06,Mon,6,energy,trading,banks,utilities,pharma,retail,0.19262,0.184935,0.011515,0.011132,0.000382,0.011515,1
2022-06-07,Tue,6,trading,electronics,energy,pharma,utilities,food,0.023678,0.022261,0.002938,0.002182,0.000756,0.002938,1
2022-06-08,Wed,6,trading,electronics,energy,pharma,utilities,food,0.078115,0.072761,0.013787,0.009516,0.004271,0.013787,1
2022-06-09,Thu,6,energy,banks,trading,pharma,finance,retail,0.02829,0.024204,0.010572,0.005366,0.005206,0.010572,1
2022-06-10,Fri,6,energy,trading,banks,utilities,pharma,retail,0.097687,0.087232,-0.009685,-0.009441,-0.000245,-0.009685,0
2022-06-13,Mon,6,food,utilities,pharma,banks,energy,trading,0.36695,0.350236,0.006416,0.004176,0.00224,0.006416,1
2022-06-14,Tue,6,banks,energy,trading,finance,pharma,retail,0.09643,0.081917,0.003093,-0.001784,0.004877,0.003093,1
2022-06-15,Wed,6,energy,trading,banks,pharma,retail,food,0.291702,0.278596,-0.011674,-0.009232,-0.002442,-0.011674,0
2022-06-16,Thu,6,retail,pharma,food,trading,banks,energy,0.140938,0.13341,-0.003734,0.005595,-0.009329,-0.003734,0
2022-06-17,Fri,6,food,utilities,pharma,electronics,energy,trading,0.383621,0.362301,0.010531,0.006626,0.003905,0.010531,1
2022-06-21,Tue,6,food,utilities,pharma,banks,trading,energy,0.139017,0.134006,0.002808,0.014828,-0.01202,0.002808,0
2022-06-22,Wed,6,retail,pharma,food,energy,trading,banks,0.184441,0.170204,0.004619,-0.020993,0.025612,0.004619,1
2022-06-23,Thu,6,food,pharma,utilities,banks,trading,energy,0.402283,0.386524,0.011152,-0.002293,0.013445,0.011152,1
2022-06-24,Fri,6,food,pharma,retail,banks,trading,energy,0.911261,0.876366,0.00536,-0.003395,0.008755,0.00536,1
2022-06-27,Mon,6,energy,electronics,trading,pharma,utilities,food,0.210393,0.196973,0.004131,0.004333,-0.000202,0.004131,0
2022-06-28,Tue,6,energy,trading,electronics,pharma,utilities,food,0.030718,0.029514,0.010659,0.018967,-0.008307,0.010659,0
2022-06-29,Wed,6,energy,trading,banks,pharma,retail,food,0.418615,0.407615,-0.003387,0.00654,-0.009927,-0.003387,0
2022-06-30,Thu,6,food,pharma,retail,electronics,trading,energy,0.464379,0.445388,-0.000181,-0.008928,0.008747,-0.000181,1
2022-07-01,Fri,7,food,pharma,utilities,electronics,trading,energy,0.260525,0.249786,-0.018243,-0.009558,-0.008685,-0.018243,0
2022-07-05,Tue,7,retail,pharma,food,trading,banks,energy,0.106113,0.098492,-0.003968,0.004658,-0.008626,-0.003968,0
2022-07-06,Wed,7,utilities,banks,realestate,finance,steel,retail,0.010717,0.008932,-0.021087,-0.015186,-0.005901,-0.021087,0
2022-07-07,Thu,7,food,retail,pharma,banks,trading,energy,0.261717,0.25137,0.003937,0.000455,0.003482,0.003937,1
2022-07-08,Fri,7,energy,trading,electronics,pharma,utilities,food,0.286622,0.273643,-0.000974,-0.000112,-0.000862,-0.000974,0
2022-07-11,Mon,7,food,pharma,utilities,electronics,trading,energy,0.073631,0.069657,0.00405,-0.003858,0.007908,0.00405,1
2022-07-12,Tue,7,food,utilities,pharma,trading,energy,electronics,0.063041,0.059584,-0.004213,-0.000113,-0.0041,-0.004213,0
2022-07-13,Wed,7,energy,trading,banks,food,pharma,retail,0.097722,0.094648,0.005966,-0.000269,0.006236,0.005966,1
2022-07-14,Thu,7,banks,energy,trading,construction,pharma,retail,0.011776,0.008711,0.013866,0.001962,0.011904,0.013866,1
2022-07-15,Fri,7,food,pharma,retail,electronics,trading,energy,0.471742,0.445789,0.001167,-0.006044,0.007211,0.001167,1
2022-07-19,Tue,7,electronics,trading,energy,pharma,utilities,food,0.265302,0.253687,0.001162,-0.01092,0.012083,0.001162,1
2022-07-20,Wed,7,electronics,trading,energy,pharma,utilities,food,0.385971,0.370126,0.00519,-0.002344,0.007534,0.00519,1
2022-07-21,Thu,7,energy,trading,electronics,retail,pharma,food,0.307136,0.29266,0.003535,0.007378,-0.003843,0.003535,0
2022-07-22,Fri,7,retail,pharma,food,banks,trading,energy,0.118046,0.111863,-0.000443,-0.000843,0.0004,-0.000443,1
2022-07-25,Mon,7,food,pharma,utilities,electronics,trading,energy,0.145837,0.139886,0.004788,0.001744,0.003043,0.004788,1
2022-07-26,Tue,7,energy,trading,electronics,pharma,utilities,food,0.123577,0.120173,0.002691,-0.008461,0.011152,0.002691,1
2022-07-27,Wed,7,food,utilities,pharma,electronics,trading,energy,0.155777,0.150548,0.001293,0.007286,-0.005993,0.001293,0
2022-07-28,Thu,7,electronics,steel,construction,pharma,food,utilities,0.066131,0.046868,-0.005847,0.006479,-0.012325,-0.005847,0
2022-07-29,Fri,7,retail,pharma,food,trading,banks,energy,0.148678,0.139324,-0.007499,-0.000909,-0.00659,-0.007499,0
2022-08-01,Mon,8,energy,trading,electronics,pharma,utilities,food,0.454099,0.438518,0.007247,-0.001572,0.00882,0.007247,1
2022-08-02,Tue,8,food,pharma,utilities,electronics,trading,energy,0.304897,0.293102,-0.014776,-0.015974,0.001199,-0.014776,1
2022-08-03,Wed,8,utilities,food,pharma,trading,energy,electronics,0.060404,0.054871,-0.007664,0.006819,-0.014483,-0.007664,0
2022-08-04,Thu,8,retail,food,pharma,banks,trading,energy,0.309569,0.302765,-0.006778,-0.006424,-0.000354,-0.006778,0
2022-08-05,Fri,8,food,utilities,pharma,electronics,trading,energy,0.075411,0.073207,0.008608,0.007776,0.000832,0.008608,1
2022-08-08,Mon,8,energy,trading,banks,retail,pharma,food,0.320216,0.308905,0.013367,0.011437,0.00193,0.013367,1
2022-08-09,Tue,8,energy,trading,electronics,retail,pharma,food,0.169977,0.162263,-0.00836,-0.010837,0.002477,-0.00836,1
2022-08-10,Wed,8,energy,trading,banks,pharma,retail,food,0.171751,0.165906,-0.003244,-0.001283,-0.001961,-0.003244,0
2022-08-12,Fri,8,energy,electronics,trading,pharma,utilities,food,0.203269,0.193376,0.013215,0.008312,0.004903,0.013215,1
2022-08-15,Mon,8,retail,construction,transport,energy,trading,banks,0.046484,0.0349,0.001095,-0.001034,0.002128,0.001095,1
2022-08-16,Tue,8,food,retail,pharma,banks,trading,energy,0.325829,0.315228,0.000956,-0.000851,0.001807,0.000956,1
2022-08-17,Wed,8,retail,pharma,food,energy,trading,banks,0.009871,0.008056,0.004398,0.007093,-0.002695,0.004398,0
2022-08-18,Thu,8,banks,trading,energy,pharma,food,retail,0.071243,0.066769,-0.006185,-0.003164,-0.00302,-0.006185,0
2022-08-19,Fri,8,energy,trading,banks,retail,pharma,food,0.131032,0.126632,0.003314,-0.004153,0.007466,0.003314,1
2022-08-22,Mon,8,food,pharma,utilities,trading,energy,electronics,0.206682,0.202164,0.00665,0.007132,-0.000483,0.00665,0
2022-08-23,Tue,8,energy,trading,banks,food,pharma,retail,0.174832,0.16755,-0.002764,-0.00399,0.001227,-0.002764,1
2022-08-24,Wed,8,energy,trading,banks,retail,pharma,food,0.496357,0.481739,-0.002679,-0.001811,-0.000868,-0.002679,0
2022-08-25,Thu,8,energy,trading,electronics,utilities,pharma,food,0.150618,0.145542,0.002984,0.002257,0.000727,0.002984,1
2022-08-26,Fri,8,electronics,energy,trading,utilities,pharma,food,0.167342,0.162622,-0.004161,-0.001742,-0.002419,-0.004161,0
2022-08-29,Mon,8,energy,trading,banks,pharma,food,retail,0.371894,0.357466,0.011121,0.004217,0.006904,0.011121,1
2022-08-30,Tue,8,energy,trading,banks,pharma,retail,food,0.099128,0.097139,0.007585,0.008387,-0.000802,0.007585,0
2022-08-31,Wed,8,utilities,pharma,food,materials,energy,electronics,0.041608,0.030975,0.001465,-5.2e-05,0.001517,0.001465,1
2022-09-01,Thu,9,energy,trading,banks,pharma,food,retail,0.081161,0.078827,-0.01423,-0.002556,-0.011674,-0.01423,0
2022-09-02,Fri,9,food,pharma,retail,banks,trading,energy,0.52569,0.512944,-0.002918,-0.004578,0.001661,-0.002918,1
2022-09-06,Tue,9,energy,trading,banks,retail,pharma,food,0.48703,0.475713,-0.006753,-0.003629,-0.003124,-0.006753,0
2022-09-07,Wed,9,energy,trading,banks,retail,pharma,food,0.108593,0.10572,-0.006471,-0.005413,-0.001057,-0.006471,0
2022-09-08,Thu,9,food,retail,pharma,banks,trading,energy,0.322612,0.316323,0.008513,0.010827,-0.002314,0.008513,0
2022-09-09,Fri,9,energy,trading,electronics,utilities,pharma,food,0.151542,0.148547,-0.005165,0.006408,-0.011573,-0.005165,0
2022-09-12,Mon,9,electronics,energy,trading,pharma,food,utilities,0.097919,0.087472,-0.008534,-0.004417,-0.004117,-0.008534,0
2022-09-13,Tue,9,electronics,energy,trading,pharma,food,utilities,0.05696,0.051876,0.001657,0.001287,0.00037,0.001657,1
2022-09-14,Wed,9,trading,energy,banks,pharma,retail,food,0.447093,0.436048,0.004128,-0.002645,0.006774,0.004128,1
2022-09-15,Thu,9,food,pharma,retail,banks,trading,energy,0.105507,0.102118,0.002117,-0.000541,0.002659,0.002117,1
2022-09-16,Fri,9,trading,energy,banks,pharma,food,retail,0.0979,0.095028,0.004027,0.004425,-0.000397,0.004027,0
2022-09-20,Tue,9,pharma,food,retail,electronics,trading,energy,0.235883,0.227681,-0.005001,-0.002423,-0.002579,-0.005001,0
2022-09-21,Wed,9,pharma,utilities,food,trading,energy,electronics,0.106845,0.101891,-0.007989,-0.005034,-0.002955,-0.007989,0
2022-09-22,Thu,9,utilities,pharma,food,trading,energy,electronics,0.056513,0.04785,0.00603,0.009998,-0.003968,0.00603,0
2022-09-26,Mon,9,pharma,food,retail,banks,trading,energy,0.250334,0.24121,0.003516,-0.026337,0.029853,0.003516,1
2022-09-27,Tue,9,pharma,food,retail,trading,electronics,energy,0.245147,0.234099,0.007273,0.002834,0.004439,0.007273,1
2022-09-28,Wed,9,energy,trading,banks,retail,food,pharma,0.4393,0.426672,-0.005552,-0.012273,0.006721,-0.005552,1
2022-09-29,Thu,9,energy,electronics,banks,food,retail,pharma,0.29426,0.277837,-0.002777,0.011597,-0.014374,-0.002777,0
2022-09-30,Fri,9,energy,trading,banks,retail,food,pharma,0.481998,0.467525,-0.007617,-0.003531,-0.004086,-0.007617,0
2022-10-03,Mon,10,energy,trading,banks,retail,food,pharma,0.666566,0.649542,0.010396,-0.011894,0.02229,0.010396,1
2022-10-04,Tue,10,energy,electronics,trading,pharma,food,retail,0.109374,0.100486,0.023201,0.013961,0.00924,0.023201,1
2022-10-05,Wed,10,energy,electronics,trading,pharma,food,retail,0.166808,0.150194,-0.007931,-0.006176,-0.001755,-0.007931,0
2022-10-06,Thu,10,banks,energy,trading,food,pharma,utilities,0.040072,0.036675,0.002571,-0.006272,0.008843,0.002571,1
2022-10-07,Fri,10,energy,banks,trading,retail,pharma,utilities,0.306785,0.298218,0.001118,0.002732,-0.001614,0.001118,0
2022-10-11,Tue,10,banks,energy,trading,food,pharma,utilities,0.244922,0.229134,-0.002524,-0.003344,0.000821,-0.002524,1
2022-10-12,Wed,10,retail,pharma,food,electronics,trading,energy,0.203438,0.195801,0.00563,-0.003727,0.009357,0.00563,1
2022-10-13,Thu,10,energy,banks,trading,retail,pharma,utilities,0.127924,0.123267,-0.005711,-0.00748,0.001769,-0.005711,1
2022-10-14,Fri,10,energy,trading,electronics,pharma,food,retail,0.105219,0.095855,0.002042,0.009837,-0.007795,0.002042,0
2022-10-17,Mon,10,food,retail,pharma,trading,electronics,energy,0.264115,0.249043,-0.005235,-0.003605,-0.00163,-0.005235,0
2022-10-18,Tue,10,energy,electronics,trading,pharma,retail,food,0.066843,0.052607,-0.001696,-0.003477,0.001781,-0.001696,1
2022-10-19,Wed,10,utilities,auto,pharma,transport,trading,banks,0.036625,0.025129,0.00525,0.000785,0.004466,0.00525,1
2022-10-20,Thu,10,banks,energy,trading,retail,pharma,utilities,0.096165,0.091502,0.003905,0.001036,0.002869,0.003905,1
2022-10-21,Fri,10,energy,banks,trading,retail,pharma,utilities,0.218081,0.210956,-0.005203,-0.003781,-0.001421,-0.005203,0
2022-10-24,Mon,10,utilities,pharma,retail,energy,trading,banks,0.063903,0.043826,-0.019118,-0.005021,-0.014096,-0.019118,0
2022-10-25,Tue,10,utilities,retail,pharma,banks,trading,energy,0.511276,0.494074,0.005646,0.006207,-0.000561,0.005646,0
2022-10-26,Wed,10,electronics,energy,trading,pharma,retail,food,0.05327,0.043003,-0.005993,0.003381,-0.009374,-0.005993,0
2022-10-27,Thu,10,energy,trading,banks,pharma,utilities,retail,0.0775,0.074655,-0.013123,0.001057,-0.01418,-0.013123,0
2022-10-28,Fri,10,energy,trading,banks,pharma,retail,utilities,0.099088,0.095946,-0.006285,0.005126,-0.011411,-0.006285,0
2022-10-31,Mon,10,retail,utilities,pharma,banks,trading,energy,0.489555,0.47509,0.000678,0.004553,-0.003875,0.000678,0
2022-11-01,Tue,11,energy,trading,banks,pharma,utilities,retail,0.140169,0.135729,0.010913,-0.004699,0.015613,0.010913,1
2022-11-02,Wed,11,energy,trading,electronics,pharma,food,retail,0.124115,0.118647,0.011036,-6.2e-05,0.011099,0.011036,1
2022-11-04,Fri,11,transport,food,realestate,energy,electronics,auto,0.04137,0.025945,-0.005211,-0.003632,-0.001579,-0.005211,0
2022-11-07,Mon,11,energy,electronics,trading,pharma,retail,food,0.181952,0.171273,0.004958,0.002277,0.002681,0.004958,1
2022-11-08,Tue,11,energy,electronics,trading,pharma,retail,food,0.041796,0.037804,0.003212,6e-05,0.003152,0.003212,1
2022-11-09,Wed,11,utilities,pharma,retail,energy,trading,banks,0.023749,0.021871,-0.008743,-0.001804,-0.006939,-0.008743,0
2022-11-10,Thu,11,food,retail,pharma,trading,electronics,energy,0.265497,0.252056,0.009021,0.009463,-0.000442,0.009021,0
2022-11-11,Fri,11,auto,electronics,energy,retail,transport,food,0.094514,0.06815,0.006595,-0.01276,0.019355,0.006595,1
2022-11-14,Mon,11,energy,trading,electronics,utilities,pharma,retail,0.405996,0.389535,-0.008367,-0.00299,-0.005378,-0.008367,0
2022-11-15,Tue,11,food,retail,pharma,trading,electronics,energy,0.103366,0.098058,0.003046,0.006636,-0.00359,0.003046,0
2022-11-16,Wed,11,utilities,pharma,retail,electronics,trading,energy,0.114104,0.110774,0.003582,-0.001647,0.005229,0.003582,1
2022-11-17,Thu,11,retail,food,utilities,trading,electronics,energy,0.354642,0.345127,0.008949,-0.003614,0.012563,0.008949,1
2022-11-18,Fri,11,food,retail,utilities,trading,electronics,energy,0.054789,0.052524,0.01119,0.000158,0.011033,0.01119,1
2022-11-21,Mon,11,utilities,retail,pharma,electronics,trading,energy,0.293724,0.286596,-0.002231,0.000248,-0.002479,-0.002231,0
2022-11-22,Tue,11,utilities,retail,food,electronics,trading,energy,0.117393,0.11466,0.011698,0.011007,0.000691,0.011698,1
2022-11-25,Fri,11,energy,electronics,trading,utilities,retail,food,0.108162,0.101282,0.00038,0.003196,-0.002816,0.00038,0
2022-11-28,Mon,11,utilities,retail,food,electronics,trading,energy,0.068559,0.067022,-0.003407,-0.010559,0.007152,-0.003407,1
2022-11-29,Tue,11,food,retail,utilities,trading,electronics,energy,0.346642,0.336366,-0.004731,-0.001874,-0.002858,-0.004731,0
2022-11-30,Wed,11,energy,trading,electronics,food,retail,utilities,0.410665,0.40201,-0.001647,-0.012453,0.010806,-0.001647,1
2022-12-01,Thu,12,utilities,retail,pharma,electronics,trading,energy,0.480597,0.461038,-0.008587,-0.005694,-0.002894,-0.008587,0
2022-12-02,Fri,12,retail,utilities,food,trading,electronics,energy,0.059234,0.057829,-0.007982,-0.023837,0.015855,-0.007982,1
2022-12-05,Mon,12,utilities,retail,food,trading,electronics,energy,0.053678,0.052166,-0.00391,-0.007339,0.003429,-0.00391,1
2022-12-06,Tue,12,food,retail,utilities,trading,electronics,energy,0.269188,0.257325,0.006496,0.005728,0.000768,0.006496,1
2022-12-07,Wed,12,retail,food,utilities,trading,electronics,energy,0.150668,0.143931,0.003003,-0.00025,0.003254,0.003003,1
2022-12-08,Thu,12,utilities,retail,food,trading,electronics,energy,0.123422,0.11981,-0.000111,-0.006687,0.006577,-0.000111,1
2022-12-09,Fri,12,utilities,retail,pharma,trading,electronics,energy,0.221155,0.212915,0.007442,0.004666,0.002775,0.007442,1
2022-12-12,Mon,12,trading,banks,electronics,retail,pharma,utilities,0.024788,0.022518,0.002129,0.002129,0.0,0.002129,1
2022-12-13,Tue,12,utilities,pharma,retail,electronics,energy,trading,0.129727,0.125915,0.008224,-0.003659,0.011883,0.008224,1
2022-12-14,Wed,12,energy,electronics,trading,utilities,food,retail,0.270115,0.260813,0.002857,0.002113,0.000745,0.002857,1
2022-12-15,Thu,12,retail,utilities,food,trading,electronics,energy,0.224823,0.216496,0.001046,0.004192,-0.003146,0.001046,0
2022-12-16,Fri,12,trading,electronics,energy,food,pharma,utilities,0.227011,0.21885,-0.00811,-0.005405,-0.002705,-0.00811,0
2022-12-19,Mon,12,trading,banks,electronics,food,utilities,pharma,0.062238,0.057935,0.004498,-0.003967,0.008465,0.004498,1
2022-12-20,Tue,12,retail,food,utilities,trading,electronics,energy,0.043435,0.038631,-0.005493,-0.017337,0.011843,-0.005493,1
2022-12-21,Wed,12,energy,electronics,trading,food,utilities,retail,0.161733,0.157437,-0.00825,0.006513,-0.014763,-0.00825,0
2022-12-22,Thu,12,pharma,utilities,food,electronics,banks,trading,0.093311,0.089349,0.00143,0.003518,-0.002088,0.00143,0
2022-12-23,Fri,12,retail,food,utilities,electronics,banks,energy,0.113509,0.105404,0.007016,0.006483,0.000534,0.007016,1
2022-12-27,Tue,12,energy,electronics,banks,utilities,food,retail,0.202348,0.192871,0.003491,0.002038,0.001452,0.003491,1
2022-12-28,Wed,12,trading,electronics,energy,retail,pharma,utilities,0.025262,0.024158,-0.000802,0.005906,-0.006708,-0.000802,0
2022-12-29,Thu,12,retail,food,pharma,electronics,banks,energy,0.035293,0.030158,-0.004463,-0.006493,0.00203,-0.004463,1
2022-12-30,Fri,12,energy,banks,electronics,pharma,retail,food,0.022932,0.018751,-0.007511,-0.003835,-0.003676,-0.007511,0
2023-01-04,Wed,1,trading,electronics,energy,food,utilities,pharma,0.088165,0.086821,-0.008563,-0.02372,0.015157,-0.008563,1
2023-01-05,Thu,1,energy,electronics,trading,food,retail,utilities,0.233197,0.22233,0.001486,-0.008188,0.009674,0.001486,1
2023-01-06,Fri,1,electronics,trading,banks,food,pharma,utilities,0.297389,0.292752,0.001914,0.001669,0.000245,0.001914,1
2023-01-10,Tue,1,pharma,banks,utilities,machinery,electronics,trading,0.040737,0.028986,-0.010938,-0.002237,-0.008701,-0.010938,0
2023-01-11,Wed,1,banks,energy,electronics,food,retail,utilities,0.071708,0.069493,0.01668,-0.00304,0.01972,0.01668,1
2023-01-12,Thu,1,banks,energy,electronics,retail,food,utilities,0.21231,0.207321,0.017249,0.001216,0.016033,0.017249,1
2023-01-13,Fri,1,electronics,banks,energy,food,utilities,pharma,0.406768,0.40332,0.002127,0.006197,-0.00407,0.002127,0
2023-01-17,Tue,1,pharma,utilities,food,banks,electronics,trading,0.021475,0.02101,-7.2e-05,0.00385,-0.003921,-7.2e-05,0
2023-01-18,Wed,1,retail,utilities,food,electronics,energy,banks,0.083918,0.080895,0.00491,0.008595,-0.003685,0.00491,0
2023-01-19,Thu,1,trading,electronics,energy,food,utilities,pharma,0.334527,0.314227,-0.004937,-0.00128,-0.003656,-0.004937,0
2023-01-20,Fri,1,trading,electronics,energy,food,utilities,pharma,0.144019,0.136343,0.010609,0.006807,0.003801,0.010609,1
2023-01-23,Mon,1,banks,energy,electronics,food,utilities,retail,0.097902,0.086179,0.001613,-0.000303,0.001916,0.001613,1
2023-01-24,Tue,1,pharma,utilities,food,energy,electronics,trading,0.06761,0.062159,0.003325,0.011153,-0.007827,0.003325,0
2023-01-25,Wed,1,retail,utilities,food,electronics,energy,banks,0.01354,0.012496,0.008,0.005021,0.002979,0.008,1
2023-01-26,Thu,1,electronics,banks,trading,food,utilities,pharma,0.202201,0.19841,-0.005649,-0.003972,-0.001676,-0.005649,0
2023-01-27,Fri,1,banks,energy,electronics,pharma,retail,utilities,0.317452,0.307736,0.001583,0.000649,0.000934,0.001583,1
2023-01-30,Mon,1,retail,utilities,food,electronics,energy,banks,0.022635,0.021192,-0.000989,-0.000131,-0.000858,-0.000989,0
2023-01-31,Tue,1,retail,utilities,food,electronics,energy,banks,0.143094,0.129301,0.011956,-0.011702,0.023659,0.011956,1
2023-02-01,Wed,2,banks,energy,finance,materials,machinery,retail,0.034079,0.022437,-0.002752,-0.005297,0.002546,-0.002752,1
2023-02-02,Thu,2,utilities,food,pharma,trading,banks,electronics,0.381976,0.372477,-0.003843,-0.00816,0.004317,-0.003843,1
2023-02-03,Fri,2,banks,energy,trading,utilities,food,retail,0.046495,0.037861,0.002764,-0.005324,0.008088,0.002764,1
2023-02-06,Mon,2,trading,electronics,materials,banks,utilities,pharma,0.019571,0.018137,-0.000156,-0.006644,0.006488,-0.000156,1
2023-02-07,Tue,2,retail,food,utilities,electronics,energy,banks,0.141944,0.13583,-0.002783,0.005652,-0.008436,-0.002783,0
2023-02-08,Wed,2,banks,energy,electronics,utilities,food,retail,0.257223,0.248321,-0.001097,0.002028,-0.003125,-0.001097,0
2023-02-09,Thu,2,electronics,trading,banks,pharma,utilities,food,0.165985,0.157038,0.00323,0.001165,0.002066,0.00323,1
2023-02-10,Fri,2,retail,materials,realestate,steel,energy,banks,0.036874,0.025851,-0.000965,0.003456,-0.004421,-0.000965,0
2023-02-13,Mon,2,food,utilities,pharma,energy,trading,electronics,0.113492,0.107801,-0.00296,-0.000131,-0.002828,-0.00296,0
2023-02-14,Tue,2,food,utilities,pharma,banks,trading,electronics,0.261339,0.25087,0.003259,-0.002583,0.005841,0.003259,1
2023-02-15,Wed,2,electronics,trading,banks,retail,food,utilities,0.116488,0.112939,-0.006217,-0.005111,-0.001106,-0.006217,0
2023-02-16,Thu,2,utilities,food,retail,trading,electronics,banks,0.102688,0.100469,0.003819,-0.001384,0.005204,0.003819,1
2023-02-17,Fri,2,trading,electronics,energy,pharma,food,utilities,0.09398,0.077945,0.001576,0.002816,-0.001239,0.001576,0
2023-02-21,Tue,2,food,utilities,retail,electronics,energy,banks,0.792961,0.76787,-0.005032,0.002039,-0.007071,-0.005032,0
2023-02-22,Wed,2,trading,realestate,materials,utilities,steel,banks,0.046022,0.037476,-0.006522,-0.006182,-0.00034,-0.006522,0
2023-02-24,Fri,2,trading,electronics,energy,retail,food,utilities,0.055018,0.053152,0.000331,0.002272,-0.001941,0.000331,0
2023-02-27,Mon,2,banks,electronics,trading,retail,food,utilities,0.306554,0.300174,0.01071,0.006282,0.004427,0.01071,1
2023-02-28,Tue,2,banks,energy,electronics,retail,utilities,food,0.159234,0.15205,-0.000982,-0.001608,0.000627,-0.000982,1
2023-03-01,Wed,3,banks,electronics,energy,retail,food,utilities,0.40965,0.398385,0.007688,-0.000943,0.008631,0.007688,1
2023-03-02,Thu,3,banks,energy,electronics,retail,food,utilities,0.409838,0.398161,-0.006369,-0.006312,-5.7e-05,-0.006369,0
2023-03-03,Fri,3,utilities,retail,food,electronics,energy,trading,0.407162,0.396289,0.007324,0.00865,-0.001325,0.007324,0
2023-03-06,Mon,3,banks,energy,electronics,retail,food,pharma,0.081389,0.060286,-0.000729,-0.001719,0.00099,-0.000729,1
2023-03-07,Tue,3,retail,utilities,food,energy,electronics,banks,0.357957,0.346787,0.003165,0.009747,-0.006582,0.003165,0
2023-03-08,Wed,3,pharma,food,retail,electronics,energy,banks,0.259705,0.229797,0.011635,0.002629,0.009006,0.011635,1
2023-03-09,Thu,3,utilities,retail,food,energy,electronics,trading,0.073328,0.072195,0.007309,-0.000306,0.007615,0.007309,1
2023-03-10,Fri,3,pharma,food,retail,electronics,energy,banks,0.657881,0.618447,-0.001745,-0.013626,0.011882,-0.001745,1
2023-03-13,Mon,3,pharma,food,retail,electronics,energy,banks,0.343748,0.319668,-0.003799,-0.002905,-0.000893,-0.003799,0
2023-03-14,Tue,3,utilities,food,retail,electronics,energy,banks,1.047427,1.020846,-0.003781,-0.017495,0.013714,-0.003781,1
2023-03-15,Wed,3,utilities,retail,food,energy,electronics,trading,0.141419,0.125959,-0.003546,-0.006738,0.003192,-0.003546,1
2023-03-16,Thu,3,utilities,pharma,food,energy,electronics,banks,1.284587,1.245321,0.014993,0.015357,-0.000364,0.014993,0
2023-03-17,Fri,3,utilities,retail,food,electronics,energy,trading,0.079428,0.068471,1.1e-05,0.005075,-0.005064,1.1e-05,0
2023-03-20,Mon,3,pharma,food,utilities,energy,electronics,banks,0.32969,0.317206,-0.01116,-0.005184,-0.005976,-0.01116,0
2023-03-22,Wed,3,banks,electronics,energy,materials,food,pharma,0.043645,0.033805,0.002705,0.003512,-0.000806,0.002705,0
2023-03-23,Thu,3,pharma,food,retail,electronics,energy,banks,0.163212,0.145548,0.001697,0.008287,-0.00659,0.001697,0
2023-03-24,Fri,3,pharma,utilities,food,electronics,energy,banks,0.131931,0.129124,0.005999,0.005455,0.000543,0.005999,1
2023-03-27,Mon,3,utilities,retail,food,electronics,energy,trading,0.54011,0.522784,-0.000975,-0.00345,0.002475,-0.000975,1
2023-03-28,Tue,3,banks,energy,electronics,food,pharma,utilities,0.27479,0.271082,0.002052,0.000918,0.001134,0.002052,1
2023-03-29,Wed,3,banks,energy,electronics,pharma,food,utilities,0.238625,0.233919,0.011242,0.010293,0.000949,0.011242,1
2023-03-30,Thu,3,banks,energy,electronics,retail,food,pharma,0.136235,0.125783,-0.001659,0.001195,-0.002854,-0.001659,0
2023-03-31,Fri,3,utilities,food,retail,banks,electronics,trading,0.074117,0.068328,-0.000539,0.009318,-0.009857,-0.000539,0
2023-04-03,Mon,4,banks,energy,electronics,finance,pharma,materials,0.028678,0.02451,0.010298,-0.001074,0.011372,0.010298,1
2023-04-04,Tue,4,banks,energy,electronics,food,pharma,utilities,0.234962,0.230891,0.002678,0.005286,-0.002608,0.002678,0
2023-04-05,Wed,4,pharma,utilities,food,electronics,energy,banks,0.327235,0.319936,-0.012703,-0.007344,-0.005359,-0.012703,0
2023-04-06,Thu,4,utilities,food,pharma,electronics,energy,banks,0.458932,0.445998,0.008797,-0.007312,0.016109,0.008797,1
2023-04-10,Mon,4,utilities,retail,food,electronics,trading,energy,0.184954,0.179115,0.000841,0.000347,0.000494,0.000841,1
2023-04-11,Tue,4,energy,electronics,banks,pharma,food,utilities,0.272233,0.262767,0.003402,-0.001291,0.004693,0.003402,1
2023-04-12,Wed,4,energy,electronics,banks,food,pharma,utilities,0.304651,0.295335,0.001909,-0.000927,0.002837,0.001909,1
2023-04-13,Thu,4,energy,trading,electronics,retail,food,utilities,0.163857,0.156406,-0.000426,0.000643,-0.001069,-0.000426,0
2023-04-14,Fri,4,utilities,food,retail,electronics,trading,energy,0.202852,0.19203,0.006216,0.009868,-0.003653,0.006216,0
2023-04-17,Mon,4,energy,trading,electronics,pharma,food,utilities,0.369724,0.35487,-0.005171,0.000607,-0.005777,-0.005171,0
2023-04-18,Tue,4,energy,electronics,trading,utilities,food,pharma,0.144423,0.137941,-0.001626,0.006785,-0.008411,-0.001626,0
2023-04-19,Wed,4,energy,trading,electronics,pharma,food,utilities,0.243298,0.234766,-0.002595,-0.002005,-0.00059,-0.002595,0
2023-04-20,Thu,4,utilities,pharma,food,trading,electronics,energy,0.021766,0.021061,-3e-05,0.005611,-0.005642,-3e-05,0
2023-04-21,Fri,4,pharma,food,retail,banks,electronics,energy,0.056059,0.051051,0.005362,-0.005495,0.010858,0.005362,1
2023-04-24,Mon,4,utilities,food,pharma,electronics,trading,energy,0.357225,0.34337,0.001871,-0.002151,0.004023,0.001871,1
2023-04-25,Tue,4,energy,electronics,trading,utilities,food,pharma,0.053433,0.050448,-0.003896,-0.001422,-0.002474,-0.003896,0
2023-04-26,Wed,4,pharma,food,retail,banks,electronics,energy,0.17025,0.1572,0.002429,-0.005479,0.007908,0.002429,1
2023-04-27,Thu,4,energy,trading,banks,retail,food,utilities,0.207603,0.192702,0.011968,0.002014,0.009954,0.011968,1
2023-04-28,Fri,4,utilities,retail,food,trading,materials,finance,0.056258,0.033063,0.009485,-0.000783,0.010268,0.009485,1
2023-05-01,Mon,5,energy,electronics,banks,retail,food,pharma,0.241648,0.234506,0.004753,0.004752,1e-06,0.004753,1
2023-05-02,Tue,5,utilities,food,pharma,trading,electronics,energy,0.218934,0.212089,-0.007797,-0.002589,-0.005208,-0.007797,0
2023-05-08,Mon,5,pharma,food,utilities,banks,electronics,energy,0.384662,0.37281,-0.005925,-0.002363,-0.003562,-0.005925,0
2023-05-09,Tue,5,energy,trading,electronics,food,pharma,utilities,0.13898,0.13392,0.013278,0.008699,0.004579,0.013278,1
2023-05-10,Wed,5,energy,trading,electronics,food,pharma,utilities,0.194172,0.185593,-0.007752,-0.011494,0.003741,-0.007752,1
2023-05-11,Thu,5,utilities,pharma,food,banks,trading,energy,0.22253,0.213471,-0.000514,0.008453,-0.008967,-0.000514,0
2023-05-12,Fri,5,pharma,food,retail,banks,electronics,energy,0.072936,0.069764,0.015666,-0.005422,0.021088,0.015666,1
2023-05-15,Mon,5,energy,electronics,banks,food,retail,pharma,0.008021,0.00758,-0.001993,0.006437,-0.008429,-0.001993,0
2023-05-16,Tue,5,energy,trading,banks,food,pharma,utilities,0.448652,0.433102,-0.005625,0.007419,-0.013044,-0.005625,0
2023-05-17,Wed,5,retail,pharma,food,banks,electronics,energy,0.065385,0.061677,-0.006442,0.004015,-0.010457,-0.006442,0
2023-05-18,Thu,5,energy,trading,electronics,food,utilities,pharma,0.540537,0.517809,0.006866,-0.015594,0.022459,0.006866,1
2023-05-19,Fri,5,energy,trading,banks,utilities,food,pharma,0.191134,0.184937,-0.00846,0.002703,-0.011163,-0.00846,0
2023-05-22,Mon,5,energy,trading,electronics,pharma,food,utilities,0.060668,0.058082,0.013054,0.012956,9.8e-05,0.013054,1
2023-05-23,Tue,5,energy,trading,electronics,food,pharma,utilities,0.352073,0.337084,-0.00787,-0.004439,-0.003431,-0.00787,0
2023-05-24,Wed,5,energy,trading,banks,food,pharma,utilities,0.316954,0.297882,0.010152,0.002428,0.007724,0.010152,1
2023-05-25,Thu,5,energy,banks,trading,food,pharma,utilities,0.078275,0.070925,-0.002622,0.00279,-0.005411,-0.002622,0
2023-05-26,Fri,5,utilities,food,pharma,energy,electronics,trading,0.022079,0.021916,-0.005702,-0.000704,-0.004998,-0.005702,0
2023-05-30,Tue,5,utilities,pharma,retail,trading,banks,energy,0.039037,0.03606,0.002625,-0.002714,0.005339,0.002625,1
2023-05-31,Wed,5,energy,trading,banks,food,pharma,utilities,0.298124,0.289197,-0.007387,-0.002135,-0.005252,-0.007387,0
2023-06-01,Thu,6,utilities,food,pharma,electronics,trading,energy,0.448336,0.43891,0.009902,0.014431,-0.004529,0.009902,0
2023-06-02,Fri,6,trading,energy,electronics,pharma,food,utilities,0.369903,0.36502,0.00871,0.009257,-0.000547,0.00871,0
2023-06-05,Mon,6,trading,electronics,energy,pharma,food,utilities,0.438252,0.432435,0.003138,-0.005478,0.008616,0.003138,1
2023-06-06,Tue,6,food,utilities,pharma,energy,trading,electronics,0.053541,0.052642,0.010534,0.022784,-0.01225,0.010534,0
2023-06-07,Wed,6,energy,trading,electronics,pharma,food,utilities,0.645317,0.631813,-3.9e-05,-0.010926,0.010887,-3.9e-05,1
2023-06-08,Thu,6,energy,trading,electronics,pharma,food,utilities,0.651228,0.637834,-0.008858,-0.000389,-0.008469,-0.008858,0
2023-06-09,Fri,6,utilities,food,pharma,electronics,trading,energy,0.472711,0.460825,0.008069,0.005268,0.002802,0.008069,1
2023-06-12,Mon,6,food,utilities,pharma,trading,electronics,energy,0.091797,0.091004,6.9e-05,0.004422,-0.004353,6.9e-05,0
2023-06-13,Tue,6,utilities,food,pharma,banks,trading,energy,0.207175,0.198419,-0.001431,0.003429,-0.00486,-0.001431,0
2023-06-14,Wed,6,electronics,energy,trading,pharma,utilities,food,0.276383,0.274336,0.009501,-0.002204,0.011704,0.009501,1
2023-06-15,Thu,6,utilities,food,pharma,trading,electronics,energy,0.116129,0.115163,-0.004694,0.002673,-0.007367,-0.004694,0
2023-06-16,Fri,6,utilities,food,pharma,trading,banks,energy,0.345587,0.32169,0.008767,0.010156,-0.001389,0.008767,0
2023-06-20,Tue,6,energy,banks,trading,realestate,auto,utilities,0.008566,0.006407,-0.002085,-0.002781,0.000696,-0.002085,1
2023-06-21,Wed,6,pharma,food,utilities,banks,electronics,trading,0.118907,0.112617,0.006059,0.030763,-0.024704,0.006059,0
2023-06-22,Thu,6,energy,trading,banks,retail,food,utilities,0.045488,0.041733,0.004269,-0.002209,0.006478,0.004269,1
2023-06-23,Fri,6,utilities,food,pharma,banks,trading,electronics,0.602946,0.588594,-0.003599,-0.018409,0.01481,-0.003599,1
2023-06-26,Mon,6,energy,trading,electronics,food,pharma,utilities,0.208635,0.192641,0.003435,-0.003188,0.006623,0.003435,1
2023-06-27,Tue,6,electronics,trading,energy,pharma,food,utilities,0.558148,0.540067,-0.004134,-0.005759,0.001625,-0.004134,1
2023-06-28,Wed,6,electronics,banks,trading,pharma,food,utilities,0.214742,0.206802,0.011462,0.011743,-0.000281,0.011462,0
2023-06-29,Thu,6,energy,electronics,trading,pharma,food,utilities,0.427791,0.413377,-0.009326,-0.0046,-0.004726,-0.009326,0
2023-06-30,Fri,6,electronics,banks,energy,pharma,food,utilities,0.497124,0.484897,-0.005276,-0.003051,-0.002225,-0.005276,0
2023-07-03,Mon,7,utilities,food,pharma,electronics,trading,energy,0.378417,0.357638,0.004863,0.011049,-0.006186,0.004863,0
2023-07-05,Wed,7,electronics,banks,energy,pharma,food,utilities,0.137256,0.134739,5.1e-05,0.002155,-0.002103,5.1e-05,0
2023-07-06,Thu,7,utilities,food,pharma,energy,banks,electronics,0.37764,0.368013,-0.0016,-0.007374,0.005774,-0.0016,1
2023-07-07,Fri,7,pharma,food,utilities,trading,electronics,banks,0.078597,0.072387,-0.006708,-0.00157,-0.005137,-0.006708,0
2023-07-10,Mon,7,electronics,energy,banks,pharma,food,utilities,0.967432,0.940768,-0.01225,-0.006417,-0.005832,-0.01225,0
2023-07-11,Tue,7,banks,electronics,trading,utilities,pharma,food,0.054403,0.052001,-0.008485,-0.010701,0.002216,-0.008485,1
2023-07-12,Wed,7,banks,electronics,trading,pharma,food,utilities,0.38602,0.377005,-0.013744,-0.007571,-0.006173,-0.013744,0
2023-07-13,Thu,7,banks,electronics,trading,utilities,pharma,food,0.050476,0.046048,0.006152,0.006726,-0.000574,0.006152,0
2023-07-14,Fri,7,utilities,food,retail,electronics,trading,energy,0.135938,0.129051,-0.019768,-0.004892,-0.014876,-0.019768,0
2023-07-18,Tue,7,utilities,food,pharma,energy,banks,electronics,0.754856,0.736805,0.006864,0.008792,-0.001928,0.006864,0
2023-07-19,Wed,7,banks,electronics,trading,pharma,utilities,food,0.09359,0.091372,0.001153,0.003664,-0.002512,0.001153,0
2023-07-20,Thu,7,utilities,food,pharma,electronics,energy,trading,0.266182,0.257859,-0.004269,-0.003338,-0.000931,-0.004269,0
2023-07-21,Fri,7,utilities,food,pharma,energy,trading,electronics,0.349953,0.342605,0.013693,0.004827,0.008866,0.013693,1
2023-07-24,Mon,7,utilities,food,pharma,energy,trading,electronics,0.374132,0.365391,0.004554,0.001474,0.00308,0.004554,1
2023-07-25,Tue,7,electronics,trading,banks,pharma,food,utilities,0.422109,0.411176,0.004045,-0.004989,0.009034,0.004045,1
2023-07-26,Wed,7,utilities,food,pharma,energy,trading,electronics,0.048469,0.047047,0.001748,-0.006538,0.008286,0.001748,1
2023-07-27,Thu,7,electronics,trading,energy,pharma,food,utilities,0.217141,0.212259,0.008302,0.008454,-0.000152,0.008302,0
2023-07-28,Fri,7,trading,energy,electronics,machinery,it_services,retail,0.029277,0.023845,0.00045,0.006529,-0.006079,0.00045,0
2023-07-31,Mon,7,utilities,food,pharma,electronics,energy,trading,0.309045,0.300569,0.001917,0.000154,0.001763,0.001917,1
2023-08-01,Tue,8,electronics,trading,banks,pharma,food,utilities,0.61517,0.600526,-0.000216,0.014198,-0.014415,-0.000216,0
2023-08-02,Wed,8,trading,energy,electronics,retail,food,utilities,0.234065,0.229772,-0.003204,-0.012799,0.009595,-0.003204,1
2023-08-03,Thu,8,utilities,pharma,food,trading,banks,electronics,0.332004,0.320717,-0.005543,-0.006063,0.00052,-0.005543,1
2023-08-04,Fri,8,energy,trading,electronics,retail,food,utilities,0.328861,0.324032,0.010125,0.006573,0.003552,0.010125,1
2023-08-07,Mon,8,trading,energy,electronics,pharma,food,utilities,0.332623,0.327009,0.011096,-0.000365,0.011461,0.011096,1
2023-08-08,Tue,8,retail,it_services,finance,utilities,trading,energy,0.03156,0.024285,-0.002844,0.004819,-0.007663,-0.002844,0
2023-08-09,Wed,8,utilities,food,pharma,trading,banks,electronics,0.330199,0.31964,0.001831,-0.004683,0.006514,0.001831,1
2023-08-10,Thu,8,trading,energy,banks,it_services,pharma,retail,0.026229,0.020209,0.021421,0.006276,0.015145,0.021421,1
2023-08-14,Mon,8,trading,energy,banks,food,pharma,retail,0.023075,0.020559,-0.012855,-0.005606,-0.007249,-0.012855,0
2023-08-15,Tue,8,utilities,food,pharma,trading,banks,electronics,0.186986,0.180952,0.003147,-0.00298,0.006127,0.003147,1
2023-08-16,Wed,8,utilities,food,pharma,trading,banks,electronics,0.309411,0.288256,0.004873,-0.009418,0.01429,0.004873,1
2023-08-17,Thu,8,utilities,food,pharma,trading,banks,electronics,0.190792,0.17662,-0.005793,0.000951,-0.006745,-0.005793,0
2023-08-18,Fri,8,trading,electronics,energy,retail,pharma,utilities,0.351753,0.345658,0.001828,-0.011224,0.013052,0.001828,1
2023-08-21,Mon,8,utilities,pharma,food,electronics,energy,banks,0.069359,0.068349,0.00496,0.001462,0.003498,0.00496,1
2023-08-22,Tue,8,utilities,pharma,food,energy,banks,electronics,0.248678,0.241582,0.0029,0.009981,-0.00708,0.0029,0
2023-08-23,Wed,8,utilities,food,pharma,energy,banks,electronics,0.078729,0.073305,0.010081,0.00607,0.004011,0.010081,1
2023-08-24,Thu,8,retail,pharma,utilities,banks,energy,trading,0.1335,0.122944,0.007154,0.005379,0.001776,0.007154,1
2023-08-25,Fri,8,trading,banks,energy,pharma,retail,utilities,0.381436,0.373021,0.003642,0.005701,-0.002059,0.003642,0
2023-08-28,Mon,8,utilities,pharma,retail,energy,banks,trading,0.251422,0.245648,0.001315,0.008671,-0.007356,0.001315,0
2023-08-29,Tue,8,electronics,banks,energy,pharma,food,utilities,0.101755,0.099226,-0.003554,0.004632,-0.008186,-0.003554,0
2023-08-30,Wed,8,retail,pharma,utilities,banks,energy,trading,0.060388,0.044911,-0.003867,0.002363,-0.00623,-0.003867,0
2023-08-31,Thu,8,electronics,banks,energy,pharma,food,utilities,0.054418,0.052754,0.002689,0.004345,-0.001655,0.002689,0
2023-09-01,Fri,9,trading,electronics,banks,retail,pharma,utilities,0.208515,0.201992,0.011644,0.004775,0.006869,0.011644,1
2023-09-05,Tue,9,electronics,banks,energy,food,pharma,utilities,0.703367,0.680064,-0.004719,-0.000524,-0.004195,-0.004719,0
2023-09-06,Wed,9,food,utilities,pharma,electronics,energy,banks,0.073079,0.070207,-0.004712,0.00836,-0.013072,-0.004712,0
2023-09-07,Thu,9,trading,electronics,banks,retail,pharma,utilities,0.126322,0.12229,-0.004446,0.00248,-0.006926,-0.004446,0
2023-09-08,Fri,9,utilities,pharma,food,electronics,energy,banks,0.195838,0.187283,0.002687,-0.006397,0.009084,0.002687,1
2023-09-11,Mon,9,utilities,pharma,food,electronics,energy,banks,0.142642,0.136517,-0.00323,0.0062,-0.009431,-0.00323,0
2023-09-12,Tue,9,utilities,pharma,food,energy,trading,banks,0.505839,0.484731,0.008396,-0.003161,0.011557,0.008396,1
2023-09-13,Wed,9,banks,electronics,energy,food,pharma,utilities,0.721474,0.694007,0.002508,-0.002762,0.00527,0.002508,1
2023-09-14,Thu,9,utilities,pharma,food,electronics,energy,banks,0.64667,0.621563,0.007142,0.007477,-0.000336,0.007142,0
2023-09-15,Fri,9,banks,energy,electronics,pharma,food,utilities,0.198077,0.189984,-0.001159,0.01081,-0.011969,-0.001159,0
2023-09-19,Tue,9,trading,electronics,energy,pharma,utilities,retail,0.098956,0.089472,0.007456,-0.001034,0.00849,0.007456,1
2023-09-20,Wed,9,utilities,food,pharma,electronics,energy,banks,0.164656,0.157488,-0.016257,-0.018825,0.002568,-0.016257,1
2023-09-21,Thu,9,utilities,food,pharma,electronics,energy,banks,0.29125,0.277978,0.002883,-0.00226,0.005143,0.002883,1
2023-09-22,Fri,9,utilities,food,pharma,electronics,energy,banks,0.56008,0.534508,-0.003371,0.017747,-0.021119,-0.003371,0
2023-09-25,Mon,9,utilities,food,pharma,electronics,energy,banks,0.118406,0.112793,0.00327,-0.006649,0.009919,0.00327,1
2023-09-26,Tue,9,banks,energy,electronics,pharma,food,utilities,0.182701,0.175654,0.000382,-0.00179,0.002171,0.000382,1
2023-09-27,Wed,9,trading,banks,electronics,utilities,pharma,retail,0.174672,0.160845,0.003426,0.005222,-0.001795,0.003426,0
2023-09-28,Thu,9,banks,energy,electronics,food,pharma,utilities,0.618209,0.600648,-0.006847,0.000816,-0.007663,-0.006847,0
2023-09-29,Fri,9,banks,energy,electronics,pharma,food,utilities,0.431929,0.41608,-0.015804,-0.01281,-0.002994,-0.015804,0
2023-10-02,Mon,10,utilities,food,pharma,electronics,energy,banks,0.256691,0.248731,-0.013086,-0.011349,-0.001737,-0.013086,0
2023-10-03,Tue,10,utilities,food,pharma,electronics,banks,energy,0.193159,0.183569,-0.024336,-0.021608,-0.002728,-0.024336,0
2023-10-04,Wed,10,utilities,food,pharma,electronics,banks,energy,0.207206,0.195992,-0.012039,-0.020634,0.008595,-0.012039,1
2023-10-05,Thu,10,pharma,retail,utilities,trading,energy,banks,0.306648,0.296632,0.009105,0.016455,-0.00735,0.009105,0
2023-10-06,Fri,10,banks,energy,trading,utilities,pharma,retail,0.201424,0.194894,0.001302,0.005093,-0.003791,0.001302,0
2023-10-10,Tue,10,retail,pharma,food,electronics,trading,banks,0.116726,0.105406,0.00447,0.005498,-0.001028,0.00447,0
2023-10-11,Wed,10,pharma,retail,food,electronics,trading,banks,0.157446,0.147044,-0.003763,-0.002179,-0.001585,-0.003763,0
2023-10-12,Thu,10,energy,electronics,trading,retail,food,utilities,0.097798,0.092817,0.016627,-0.000388,0.017016,0.016627,1
2023-10-13,Fri,10,banks,trading,electronics,food,retail,pharma,0.064444,0.04849,-0.004516,-0.005888,0.001373,-0.004516,1
2023-10-16,Mon,10,retail,pharma,food,energy,electronics,banks,0.05044,0.048725,-0.015389,-0.005514,-0.009876,-0.015389,0
2023-10-17,Tue,10,pharma,retail,food,trading,electronics,banks,0.074266,0.063658,-0.002899,-0.005003,0.002104,-0.002899,1
2023-10-18,Wed,10,energy,banks,trading,food,utilities,retail,0.300102,0.292945,0.01075,0.001241,0.009509,0.01075,1
2023-10-19,Thu,10,food,utilities,retail,trading,banks,energy,0.53401,0.517969,0.000726,-0.006442,0.007168,0.000726,1
2023-10-20,Fri,10,food,utilities,retail,trading,banks,energy,0.20047,0.18838,-0.001115,0.005654,-0.006769,-0.001115,0
2023-10-23,Mon,10,food,utilities,retail,trading,banks,energy,0.23706,0.226314,-0.00092,-0.008834,0.007914,-0.00092,1
2023-10-24,Tue,10,retail,food,utilities,trading,banks,energy,0.304232,0.300045,-0.002111,-3.9e-05,-0.002071,-0.002111,0
2023-10-25,Wed,10,retail,pharma,utilities,trading,electronics,banks,0.351897,0.340123,0.001962,0.003206,-0.001243,0.001962,0
2023-10-26,Thu,10,food,utilities,retail,trading,banks,energy,0.245069,0.232,7.4e-05,-0.010434,0.010508,7.4e-05,1
2023-10-27,Fri,10,banks,energy,electronics,pharma,food,retail,0.652764,0.634398,0.011919,0.002337,0.009582,0.011919,1
2023-10-30,Mon,10,food,utilities,retail,electronics,trading,energy,0.048041,0.035656,-0.002632,0.011101,-0.013732,-0.002632,0
2023-10-31,Tue,10,pharma,retail,utilities,trading,electronics,banks,0.140803,0.121899,0.003048,-0.001581,0.004628,0.003048,1
2023-11-01,Wed,11,energy,electronics,trading,utilities,retail,food,0.14581,0.128894,0.00367,0.012384,-0.008714,0.00367,0
2023-11-02,Thu,11,retail,pharma,utilities,electronics,trading,banks,0.253739,0.244092,-0.001827,-0.006983,0.005156,-0.001827,1
2023-11-06,Mon,11,energy,electronics,trading,utilities,retail,food,0.377721,0.34778,-0.002903,-0.002606,-0.000297,-0.002903,0
2023-11-07,Tue,11,retail,food,pharma,trading,banks,energy,0.554259,0.543685,-0.00496,-0.008438,0.003478,-0.00496,1
2023-11-08,Wed,11,retail,food,utilities,trading,banks,energy,0.690879,0.675773,-0.020113,-0.035196,0.015084,-0.020113,1
2023-11-09,Thu,11,energy,banks,trading,pharma,food,retail,0.104974,0.102234,0.015807,0.003353,0.012454,0.015807,1
2023-11-10,Fri,11,banks,energy,trading,utilities,pharma,retail,0.323748,0.312213,0.019519,0.00798,0.011539,0.019519,1
2023-11-13,Mon,11,utilities,pharma,retail,energy,trading,banks,0.04845,0.038223,-0.001767,-0.00531,0.003543,-0.001767,1
2023-11-14,Tue,11,utilities,pharma,retail,electronics,trading,banks,0.002742,0.002251,0.000111,-0.003146,0.003258,0.000111,1
2023-11-15,Wed,11,energy,electronics,trading,pharma,retail,food,0.367636,0.341587,0.003794,0.000912,0.002882,0.003794,1
2023-11-16,Thu,11,utilities,retail,pharma,electronics,trading,banks,0.010913,0.008881,-0.0108,-0.00024,-0.01056,-0.0108,0
2023-11-17,Fri,11,food,retail,pharma,trading,banks,energy,0.100345,0.096988,0.007089,0.018476,-0.011387,0.007089,0
2023-11-20,Mon,11,energy,banks,trading,pharma,retail,food,0.368612,0.357434,-0.002361,-0.00425,0.001889,-0.002361,1
2023-11-21,Tue,11,retail,utilities,pharma,energy,trading,banks,0.076543,0.073555,-0.002216,-0.005279,0.003064,-0.002216,1
2023-11-22,Wed,11,food,retail,pharma,trading,banks,energy,0.119029,0.116335,0.007995,0.005933,0.002062,0.007995,1
2023-11-24,Fri,11,retail,pharma,food,trading,energy,banks,0.218556,0.214392,-0.007392,-0.001232,-0.006161,-0.007392,0
2023-11-27,Mon,11,energy,electronics,banks,retail,pharma,food,0.023676,0.019934,-0.005145,-0.006259,0.001113,-0.005145,1
2023-11-28,Tue,11,banks,trading,energy,food,pharma,retail,0.083655,0.08056,-0.002533,-0.002593,6e-05,-0.002533,1
2023-11-29,Wed,11,energy,electronics,banks,retail,pharma,food,0.037336,0.034613,-0.011394,-0.005315,-0.006079,-0.011394,0
2023-11-30,Thu,11,energy,banks,trading,pharma,retail,food,0.360832,0.352416,0.000766,0.007272,-0.006506,0.000766,0
2023-12-01,Fri,12,retail,pharma,utilities,electronics,trading,banks,0.036881,0.031655,-0.003954,-0.000302,-0.003651,-0.003954,0
2023-12-04,Mon,12,energy,electronics,banks,pharma,retail,food,0.215982,0.197625,-0.010414,0.000569,-0.010982,-0.010414,0
2023-12-05,Tue,12,food,pharma,retail,trading,electronics,energy,0.023864,0.019277,0.000829,-0.007085,0.007914,0.000829,1
2023-12-06,Wed,12,food,retail,pharma,electronics,banks,energy,0.305891,0.288881,0.011168,0.01208,-0.000912,0.011168,0
2023-12-07,Thu,12,food,retail,pharma,trading,banks,energy,0.265578,0.255993,-0.008097,0.003428,-0.011525,-0.008097,0
2023-12-08,Fri,12,retail,pharma,utilities,energy,trading,banks,0.066459,0.062014,-0.010972,-0.010482,-0.00049,-0.010972,0
2023-12-11,Mon,12,energy,banks,trading,pharma,retail,food,0.240173,0.229752,-0.001161,0.000314,-0.001475,-0.001161,0
2023-12-12,Tue,12,retail,pharma,food,trading,energy,banks,0.224073,0.216485,-0.004225,-0.006716,0.002491,-0.004225,1
2023-12-13,Wed,12,retail,pharma,food,trading,energy,banks,0.128562,0.124808,-0.008588,-0.003625,-0.004963,-0.008588,0
2023-12-14,Thu,12,retail,pharma,utilities,energy,trading,banks,0.277235,0.256986,-0.023048,-0.021638,-0.001409,-0.023048,0
2023-12-15,Fri,12,energy,banks,trading,pharma,retail,food,1.3956,1.352944,0.002117,-0.007953,0.01007,0.002117,1
2023-12-18,Mon,12,food,construction,auto,machinery,electronics,energy,0.014393,0.009781,0.002317,-0.003948,0.006266,0.002317,1
2023-12-19,Tue,12,retail,pharma,utilities,energy,trading,banks,0.078659,0.076775,-0.000506,-0.000467,-3.9e-05,-0.000506,0
2023-12-20,Wed,12,energy,electronics,banks,pharma,retail,food,0.16443,0.150992,0.004661,0.002494,0.002167,0.004661,1
2023-12-21,Thu,12,banks,trading,energy,pharma,retail,utilities,0.314422,0.306681,-0.000851,-0.008493,0.007642,-0.000851,1
2023-12-22,Fri,12,utilities,pharma,retail,energy,banks,trading,0.115096,0.105425,0.005153,0.00916,-0.004007,0.005153,0
2023-12-26,Tue,12,utilities,pharma,food,banks,trading,energy,0.075241,0.073405,7.9e-05,0.000126,-4.7e-05,7.9e-05,0
2023-12-27,Wed,12,energy,banks,electronics,pharma,retail,food,0.065321,0.059941,0.012072,0.002741,0.009331,0.012072,1
2023-12-28,Thu,12,utilities,food,pharma,banks,trading,energy,0.045173,0.044339,0.002605,0.001921,0.000685,0.002605,1
2023-12-29,Fri,12,food,pharma,retail,banks,electronics,energy,0.235275,0.225908,-0.001388,-0.003463,0.002075,-0.001388,1
2024-01-04,Thu,1,food,pharma,retail,banks,electronics,energy,0.196549,0.186009,0.014371,0.016556,-0.002186,0.014371,0
2024-01-05,Fri,1,food,pharma,retail,banks,electronics,energy,0.120915,0.1139,-0.001019,0.003833,-0.004851,-0.001019,0
2024-01-09,Tue,1,energy,trading,electronics,utilities,pharma,food,0.10986,0.107202,-0.011299,0.000661,-0.01196,-0.011299,0
2024-01-10,Wed,1,food,pharma,retail,banks,electronics,energy,0.450753,0.433776,0.010869,0.005449,0.00542,0.010869,1
2024-01-11,Thu,1,food,pharma,utilities,electronics,trading,energy,0.226344,0.219716,0.001787,0.004272,-0.002485,0.001787,0
2024-01-12,Fri,1,trading,energy,electronics,retail,pharma,utilities,0.085581,0.076839,0.010016,-0.001661,0.011676,0.010016,1
2024-01-16,Tue,1,energy,banks,trading,utilities,pharma,food,0.096021,0.092718,0.01195,0.013507,-0.001557,0.01195,0
2024-01-17,Wed,1,food,pharma,retail,electronics,banks,energy,0.272689,0.263448,-0.008415,-0.012019,0.003603,-0.008415,1
2024-01-18,Thu,1,food,pharma,retail,energy,banks,electronics,0.085674,0.080175,-0.001958,-0.00013,-0.001828,-0.001958,0
2024-01-19,Fri,1,utilities,pharma,food,banks,trading,energy,0.117575,0.112225,-0.010055,-0.004482,-0.005573,-0.010055,0
2024-01-22,Mon,1,electronics,banks,energy,retail,pharma,food,0.154655,0.146452,0.002751,0.005625,-0.002874,0.002751,0
2024-01-23,Tue,1,energy,electronics,trading,utilities,pharma,food,0.237241,0.231737,-0.004859,-0.000858,-0.004001,-0.004859,0
2024-01-24,Wed,1,utilities,pharma,food,electronics,trading,energy,0.191125,0.18738,-0.006709,-0.007341,0.000633,-0.006709,1
2024-01-25,Thu,1,energy,trading,electronics,food,pharma,utilities,0.384441,0.372755,-0.000137,0.004739,-0.004875,-0.000137,0
2024-01-26,Fri,1,energy,banks,electronics,retail,pharma,food,0.244123,0.239326,-0.011365,-0.001201,-0.010164,-0.011365,0
2024-01-29,Mon,1,energy,banks,trading,food,pharma,utilities,0.037265,0.036709,0.013572,0.009187,0.004385,0.013572,1
2024-01-30,Tue,1,utilities,pharma,food,banks,trading,energy,0.262122,0.256808,-0.005808,-0.004537,-0.001271,-0.005808,0
2024-01-31,Wed,1,energy,banks,trading,utilities,food,pharma,0.264769,0.260327,0.010438,0.010627,-0.000188,0.010438,0
2024-02-01,Thu,2,pharma,retail,food,energy,electronics,banks,0.223809,0.213801,0.004681,-1.3e-05,0.004694,0.004681,1
2024-02-02,Fri,2,utilities,food,pharma,banks,energy,trading,0.591997,0.578734,-0.007144,-0.00472,-0.002423,-0.007144,0
2024-02-05,Mon,2,energy,banks,electronics,retail,food,pharma,0.086716,0.084452,0.004037,-0.001122,0.005159,0.004037,1
2024-02-06,Tue,2,pharma,food,retail,electronics,energy,banks,0.421805,0.412383,-0.006026,-0.013808,0.007782,-0.006026,1
2024-02-07,Wed,2,energy,banks,electronics,retail,pharma,food,0.209439,0.203523,0.002322,0.000518,0.001804,0.002322,1
2024-02-08,Thu,2,energy,banks,electronics,retail,food,pharma,0.077871,0.073043,-0.004559,0.003862,-0.00842,-0.004559,0
2024-02-09,Fri,2,energy,banks,trading,retail,pharma,food,0.177447,0.174812,0.002747,0.001167,0.00158,0.002747,1
2024-02-13,Tue,2,food,pharma,retail,electronics,banks,energy,0.11631,0.11273,0.002589,0.004948,-0.002359,0.002589,0
2024-02-14,Wed,2,realestate,trading,finance,retail,food,utilities,0.057958,0.046005,-0.008413,-0.003372,-0.005041,-0.008413,0
2024-02-15,Thu,2,utilities,food,retail,finance,electronics,trading,0.039969,0.034688,-0.008798,-0.001252,-0.007546,-0.008798,0
2024-02-16,Fri,2,energy,electronics,banks,utilities,pharma,food,0.732502,0.70308,0.00775,0.006062,0.001689,0.00775,1
2024-02-20,Tue,2,food,pharma,retail,banks,electronics,energy,0.081168,0.072482,-0.00084,-0.010108,0.009268,-0.00084,1
2024-02-21,Wed,2,food,pharma,retail,trading,electronics,energy,0.18045,0.175376,0.004292,-0.008309,0.0126,0.004292,1
2024-02-22,Thu,2,energy,electronics,trading,pharma,retail,food,0.249116,0.244615,0.006461,-0.000497,0.006958,0.006461,1
2024-02-26,Mon,2,utilities,food,pharma,electronics,banks,trading,0.260397,0.254793,0.004398,-0.004035,0.008433,0.004398,1
2024-02-27,Tue,2,trading,banks,electronics,pharma,food,utilities,0.171924,0.168181,-0.003548,-0.011182,0.007634,-0.003548,1
2024-02-28,Wed,2,food,utilities,pharma,banks,electronics,trading,0.120097,0.117772,0.006619,-0.01049,0.017109,0.006619,1
2024-02-29,Thu,2,electronics,trading,banks,retail,pharma,food,0.334946,0.327866,0.002982,0.003087,-0.000104,0.002982,0
2024-03-01,Fri,3,electronics,trading,energy,retail,pharma,food,0.309335,0.303702,0.016634,-0.001751,0.018385,0.016634,1
2024-03-04,Mon,3,utilities,food,pharma,electronics,trading,banks,0.09316,0.089606,-0.00612,-0.017947,0.011827,-0.00612,1
2024-03-05,Tue,3,food,pharma,retail,trading,electronics,energy,0.063408,0.062547,0.004152,0.01313,-0.008978,0.004152,0
2024-03-06,Wed,3,trading,banks,electronics,pharma,utilities,food,0.316362,0.309793,0.003959,0.009297,-0.005338,0.003959,0
2024-03-07,Thu,3,food,utilities,pharma,electronics,trading,banks,0.217597,0.213264,-0.003484,-0.010353,0.00687,-0.003484,1
2024-03-08,Fri,3,food,utilities,retail,electronics,trading,banks,0.214738,0.210063,0.001583,0.00472,-0.003137,0.001583,0
2024-03-11,Mon,3,electronics,trading,banks,pharma,utilities,food,0.454077,0.443055,-0.024376,-0.005926,-0.01845,-0.024376,0
2024-03-12,Tue,3,electronics,trading,banks,retail,pharma,food,0.14136,0.137917,0.002554,0.00153,0.001024,0.002554,1
2024-03-13,Wed,3,food,utilities,pharma,banks,trading,electronics,0.301435,0.294734,-0.004701,-0.016154,0.011452,-0.004701,1
2024-03-14,Thu,3,electronics,trading,banks,retail,pharma,food,0.471996,0.461327,0.000861,0.008256,-0.007395,0.000861,0
2024-03-15,Fri,3,banks,trading,electronics,retail,food,utilities,0.04413,0.038627,0.007335,0.010619,-0.003284,0.007335,0
2024-03-18,Mon,3,trading,electronics,banks,retail,utilities,food,0.240784,0.234946,0.010371,-0.005446,0.015817,0.010371,1
2024-03-19,Tue,3,food,utilities,retail,electronics,banks,trading,0.083309,0.078671,0.002935,0.008274,-0.005339,0.002935,0
2024-03-21,Thu,3,food,retail,pharma,banks,electronics,trading,0.162183,0.1548,0.005819,0.017722,-0.011903,0.005819,0
2024-03-22,Fri,3,electronics,trading,energy,pharma,retail,food,0.275371,0.271126,-0.008522,-0.00167,-0.006852,-0.008522,0
2024-03-25,Mon,3,pharma,food,retail,banks,electronics,trading,0.38779,0.385344,-0.00546,-0.014634,0.009174,-0.00546,1
2024-03-26,Tue,3,banks,trading,electronics,pharma,retail,food,0.114177,0.108267,-0.000231,0.005076,-0.005306,-0.000231,0
2024-03-27,Wed,3,pharma,retail,food,trading,electronics,energy,0.031867,0.028916,0.005497,-0.00017,0.005666,0.005497,1
2024-03-28,Thu,3,food,utilities,retail,electronics,trading,banks,0.054903,0.046402,-0.006406,-0.009627,0.003221,-0.006406,1
2024-04-01,Mon,4,trading,banks,electronics,pharma,retail,food,0.295467,0.289078,-0.008558,-0.009354,0.000795,-0.008558,1
2024-04-02,Tue,4,banks,trading,electronics,pharma,retail,food,0.192807,0.181173,-0.008946,-0.012867,0.003921,-0.008946,1
2024-04-03,Wed,4,banks,trading,electronics,pharma,retail,food,0.507063,0.488428,0.011803,0.002504,0.009299,0.011803,1
2024-04-04,Thu,4,banks,electronics,trading,pharma,retail,food,0.453884,0.44191,0.001402,-0.002664,0.004066,0.001402,1
2024-04-05,Fri,4,banks,trading,electronics,pharma,food,retail,0.155694,0.136936,-0.001816,0.001956,-0.003772,-0.001816,0
2024-04-08,Mon,4,energy,electronics,trading,food,pharma,utilities,0.12148,0.116269,-0.001648,0.00259,-0.004238,-0.001648,0
2024-04-09,Tue,4,banks,trading,electronics,pharma,retail,food,0.106447,0.103602,0.005987,-0.002654,0.008641,0.005987,1
2024-04-10,Wed,4,food,retail,pharma,energy,trading,banks,0.289391,0.280829,-0.003166,0.001191,-0.004357,-0.003166,0
2024-04-11,Thu,4,pharma,utilities,food,banks,trading,energy,0.339353,0.321668,0.012739,0.031678,-0.018938,0.012739,0
2024-04-12,Fri,4,food,retail,pharma,energy,trading,banks,0.259248,0.252025,-0.001475,0.001828,-0.003303,-0.001475,0
2024-04-15,Mon,4,utilities,pharma,food,electronics,trading,energy,0.135434,0.108892,0.010763,0.006681,0.004082,0.010763,1
2024-04-16,Tue,4,utilities,pharma,food,electronics,trading,energy,0.103866,0.08957,-0.009135,-0.023691,0.014555,-0.009135,1
2024-04-17,Wed,4,food,pharma,retail,trading,banks,energy,0.429703,0.415799,-0.009824,-0.018108,0.008284,-0.009824,1
2024-04-18,Thu,4,food,pharma,retail,trading,energy,banks,0.239481,0.234116,0.006188,0.017564,-0.011376,0.006188,0
2024-04-19,Fri,4,food,pharma,retail,trading,banks,energy,0.072616,0.070439,-0.004258,0.004125,-0.008384,-0.004258,0
2024-04-22,Mon,4,energy,trading,banks,retail,pharma,food,0.147226,0.142418,0.005934,0.013806,-0.007872,0.005934,0
2024-04-23,Tue,4,retail,food,pharma,trading,electronics,banks,0.120655,0.110252,-0.002705,-0.005079,0.002374,-0.002705,1
2024-04-24,Wed,4,food,retail,pharma,trading,electronics,banks,0.403094,0.392194,0.001918,0.011279,-0.009361,0.001918,0
2024-04-25,Thu,4,food,retail,pharma,trading,banks,energy,0.200303,0.195402,-0.007595,-0.008322,0.000728,-0.007595,1
2024-04-26,Fri,4,electronics,trading,banks,pharma,food,retail,0.167124,0.16166,0.002068,0.007763,-0.005695,0.002068,0
2024-04-30,Tue,4,retail,food,pharma,trading,banks,electronics,0.053441,0.05168,0.008689,0.012283,-0.003593,0.008689,0
2024-05-01,Wed,5,food,pharma,utilities,banks,trading,energy,0.727678,0.696026,0.006285,-0.003402,0.009687,0.006285,1
2024-05-02,Thu,5,pharma,food,utilities,banks,trading,energy,0.076387,0.073151,0.005665,0.005875,-0.00021,0.005665,0
2024-05-07,Tue,5,retail,food,pharma,banks,trading,electronics,0.197614,0.190268,-0.007238,-0.006916,-0.000322,-0.007238,0
2024-05-08,Wed,5,food,retail,pharma,trading,energy,electronics,0.186301,0.179849,-0.008003,-0.012204,0.004202,-0.008003,1
2024-05-09,Thu,5,food,pharma,retail,banks,trading,energy,0.154146,0.14838,-0.005071,0.003633,-0.008703,-0.005071,0
2024-05-10,Fri,5,energy,trading,banks,food,utilities,pharma,0.187343,0.175647,0.007439,0.015955,-0.008516,0.007439,0
2024-05-13,Mon,5,food,pharma,retail,banks,trading,energy,0.261692,0.253387,-0.001537,0.003265,-0.004802,-0.001537,0
2024-05-14,Tue,5,pharma,utilities,food,trading,banks,energy,0.072815,0.070047,-0.00184,0.009048,-0.010888,-0.00184,0
2024-05-15,Wed,5,energy,banks,trading,food,pharma,utilities,0.017601,0.014711,-0.002427,-0.007093,0.004665,-0.002427,1
2024-05-16,Thu,5,food,retail,pharma,energy,trading,electronics,0.387019,0.37317,-0.000758,-0.010228,0.00947,-0.000758,1
2024-05-17,Fri,5,food,pharma,retail,trading,banks,energy,0.433607,0.421871,0.000935,0.008298,-0.007364,0.000935,0
2024-05-20,Mon,5,energy,banks,trading,retail,pharma,food,0.513841,0.50067,0.022145,0.002163,0.019982,0.022145,1
2024-05-21,Tue,5,pharma,food,utilities,trading,banks,energy,0.287931,0.279417,-0.002316,0.001824,-0.00414,-0.002316,0
2024-05-22,Wed,5,food,pharma,retail,trading,banks,energy,0.27316,0.264354,-0.005937,-0.009718,0.003781,-0.005937,1
2024-05-23,Thu,5,pharma,food,utilities,trading,energy,banks,0.47989,0.463303,0.004586,-0.001252,0.005837,0.004586,1
2024-05-24,Fri,5,electronics,trading,energy,finance,food,retail,0.069586,0.051803,0.00793,0.01035,-0.00242,0.00793,0
2024-05-28,Tue,5,banks,energy,trading,food,pharma,utilities,0.09742,0.090545,0.006039,0.005565,0.000475,0.006039,1
2024-05-29,Wed,5,electronics,energy,trading,pharma,retail,food,0.230864,0.222113,-0.008248,-0.008122,-0.000125,-0.008248,0
2024-05-30,Thu,5,utilities,pharma,food,trading,energy,banks,0.217516,0.200234,0.004347,0.001196,0.003151,0.004347,1
2024-05-31,Fri,5,energy,banks,trading,utilities,pharma,food,0.470883,0.458741,0.021082,0.016807,0.004276,0.021082,1
2024-06-03,Mon,6,banks,energy,trading,food,pharma,utilities,0.192196,0.166091,0.007595,-0.005247,0.012842,0.007595,1
2024-06-04,Tue,6,food,pharma,retail,trading,energy,banks,0.601919,0.585518,0.006268,-0.012788,0.019057,0.006268,1
2024-06-05,Wed,6,food,pharma,retail,trading,banks,energy,0.522761,0.507843,0.001843,-0.009213,0.011057,0.001843,1
2024-06-06,Thu,6,retail,food,pharma,trading,energy,electronics,0.065221,0.057445,-0.007555,-0.003125,-0.004429,-0.007555,0
2024-06-07,Fri,6,energy,banks,trading,retail,pharma,food,0.172585,0.168462,-0.002378,0.002426,-0.004804,-0.002378,0
2024-06-10,Mon,6,utilities,pharma,materials,trading,energy,banks,0.018791,0.013391,0.007935,0.007681,0.000253,0.007935,1
2024-06-11,Tue,6,food,retail,pharma,electronics,banks,energy,0.13625,0.132821,0.000612,-0.009634,0.010246,0.000612,1
2024-06-12,Wed,6,food,pharma,retail,trading,banks,energy,0.275882,0.269042,-0.004499,0.000734,-0.005233,-0.004499,0
2024-06-13,Thu,6,banks,energy,trading,utilities,food,pharma,0.087939,0.085691,-0.015679,-0.014187,-0.001492,-0.015679,0
2024-06-14,Fri,6,food,pharma,retail,trading,banks,energy,0.16264,0.157574,0.00265,0.011157,-0.008507,0.00265,0
2024-06-17,Mon,6,food,pharma,retail,trading,banks,energy,0.305925,0.296205,-0.001815,-0.020028,0.018213,-0.001815,1
2024-06-18,Tue,6,energy,banks,trading,food,pharma,utilities,0.10045,0.094231,-0.014995,-0.008162,-0.006833,-0.014995,0
2024-06-20,Thu,6,energy,banks,trading,retail,food,pharma,0.178827,0.172142,0.002033,0.000787,0.001245,0.002033,1
2024-06-21,Fri,6,energy,banks,trading,retail,food,pharma,0.395352,0.380203,-0.008882,0.002428,-0.01131,-0.008882,0
2024-06-24,Mon,6,food,pharma,retail,electronics,banks,energy,0.035714,0.034564,0.001614,0.00596,-0.004345,0.001614,0
2024-06-25,Tue,6,energy,banks,trading,utilities,food,pharma,0.535262,0.512743,0.020783,0.010294,0.010489,0.020783,1
2024-06-26,Wed,6,food,pharma,utilities,trading,banks,energy,0.328439,0.317066,0.001041,-0.002742,0.003783,0.001041,1
2024-06-27,Thu,6,utilities,pharma,food,trading,energy,banks,0.019434,0.017501,-0.009867,-0.000841,-0.009026,-0.009867,0
2024-06-28,Fri,6,energy,banks,trading,retail,pharma,food,0.211753,0.203914,0.003061,-0.006357,0.009418,0.003061,1
2024-07-01,Mon,7,energy,banks,electronics,retail,pharma,food,0.515262,0.497972,0.005993,0.000437,0.005556,0.005993,1
2024-07-02,Tue,7,utilities,pharma,food,trading,energy,banks,0.030317,0.023814,0.00497,0.015983,-0.011013,0.00497,0
2024-07-03,Wed,7,banks,energy,trading,food,pharma,utilities,0.121611,0.114437,-0.006632,0.002573,-0.009205,-0.006632,0
2024-07-05,Fri,7,banks,energy,trading,utilities,pharma,food,0.16278,0.157577,-0.009438,-0.006596,-0.002842,-0.009438,0
2024-07-08,Mon,7,food,pharma,retail,electronics,banks,energy,0.566909,0.552185,0.001817,-0.004342,0.006159,0.001817,1
2024-07-09,Tue,7,electronics,energy,banks,retail,pharma,food,0.020885,0.020392,0.004169,0.00732,-0.003151,0.004169,0
2024-07-10,Wed,7,food,pharma,retail,trading,energy,banks,0.153951,0.149469,0.004735,0.007928,-0.003193,0.004735,0
2024-07-11,Thu,7,retail,pharma,food,energy,trading,electronics,0.048061,0.038836,0.009219,-0.000939,0.010158,0.009219,1
2024-07-12,Fri,7,banks,energy,trading,retail,pharma,food,0.893522,0.864138,-0.006252,0.005212,-0.011464,-0.006252,0
2024-07-16,Tue,7,banks,retail,energy,materials,machinery,realestate,0.013477,0.012252,-0.00329,-0.007371,0.004082,-0.00329,1
2024-07-17,Wed,7,banks,energy,trading,food,utilities,pharma,0.186708,0.175818,-0.000193,0.00399,-0.004182,-0.000193,0
2024-07-18,Thu,7,banks,energy,trading,retail,pharma,food,0.515608,0.496135,0.005117,0.012227,-0.007111,0.005117,0
2024-07-19,Fri,7,electronics,energy,trading,utilities,pharma,food,0.198008,0.186851,-0.000664,-0.004632,0.003969,-0.000664,1
2024-07-22,Mon,7,food,retail,utilities,trading,energy,banks,0.303471,0.289139,-0.002432,-0.009835,0.007402,-0.002432,1
2024-07-23,Tue,7,food,pharma,utilities,electronics,banks,energy,0.236552,0.229165,0.002109,-0.000588,0.002696,0.002109,1
2024-07-24,Wed,7,electronics,energy,banks,utilities,pharma,food,0.139887,0.135332,-0.017621,-0.015751,-0.00187,-0.017621,0
2024-07-25,Thu,7,food,retail,utilities,trading,energy,banks,0.380791,0.361942,0.007335,-0.014782,0.022116,0.007335,1
2024-07-26,Fri,7,banks,energy,electronics,retail,utilities,food,0.676528,0.64265,0.005144,0.000133,0.005011,0.005144,1
2024-07-29,Mon,7,banks,energy,trading,utilities,retail,food,0.256029,0.240571,0.014093,0.011568,0.002525,0.014093,1
2024-07-30,Tue,7,food,pharma,utilities,trading,banks,electronics,0.028069,0.026846,3e-05,-0.000439,0.000469,3e-05,1
2024-07-31,Wed,7,banks,energy,electronics,pharma,utilities,food,0.777034,0.739532,0.03551,0.014097,0.021413,0.03551,1
2024-08-01,Thu,8,food,pharma,utilities,energy,banks,electronics,0.35137,0.33798,-0.034166,-0.029495,-0.004671,-0.034166,0
2024-08-02,Fri,8,food,utilities,retail,electronics,energy,banks,0.681705,0.653311,-0.009673,-0.022633,0.01296,-0.009673,1
2024-08-05,Mon,8,food,retail,utilities,electronics,energy,banks,0.880437,0.844178,-0.024017,-0.064536,0.040519,-0.024017,1
2024-08-06,Tue,8,electronics,trading,energy,retail,food,pharma,0.214211,0.186885,0.011866,-0.014112,0.025978,0.011866,1
2024-08-07,Wed,8,banks,trading,energy,food,utilities,pharma,0.261267,0.251424,0.060279,0.052417,0.007862,0.060279,1
2024-08-08,Thu,8,electronics,energy,trading,utilities,retail,food,0.021973,0.01991,-0.002817,0.010309,-0.013126,-0.002817,0
2024-08-09,Fri,8,retail,food,utilities,trading,energy,electronics,0.041738,0.032149,-0.024805,-0.009654,-0.01515,-0.024805,0
2024-08-13,Tue,8,retail,food,pharma,trading,energy,electronics,0.026594,0.023518,0.008372,0.015837,-0.007465,0.008372,0
2024-08-14,Wed,8,pharma,food,retail,trading,energy,electronics,0.322925,0.315608,0.004193,0.010796,-0.006603,0.004193,0
2024-08-15,Thu,8,trading,energy,banks,utilities,food,pharma,0.156835,0.149091,0.014545,0.003926,0.010619,0.014545,1
2024-08-16,Fri,8,retail,food,utilities,trading,energy,electronics,0.066119,0.054122,0.001262,0.011168,-0.009906,0.001262,0
2024-08-19,Mon,8,retail,food,pharma,trading,energy,electronics,0.018999,0.017723,0.005152,-0.010166,0.015318,0.005152,1
2024-08-20,Tue,8,retail,food,pharma,trading,energy,electronics,0.060413,0.053296,0.004268,-0.001452,0.00572,0.004268,1
2024-08-21,Wed,8,pharma,food,utilities,banks,energy,trading,0.445121,0.425032,0.005125,0.006765,-0.00164,0.005125,0
2024-08-22,Thu,8,retail,food,pharma,trading,energy,electronics,0.07696,0.071881,0.00823,0.003302,0.004929,0.00823,1
2024-08-23,Fri,8,trading,energy,electronics,retail,food,pharma,0.413692,0.400968,0.004716,0.006396,-0.00168,0.004716,0
2024-08-26,Mon,8,trading,energy,banks,utilities,food,pharma,0.492197,0.464505,-0.0045,-0.005072,0.000572,-0.0045,1
2024-08-27,Tue,8,trading,energy,banks,utilities,food,pharma,0.072283,0.068717,0.007392,0.0082,-0.000808,0.007392,0
2024-08-28,Wed,8,electronics,energy,trading,pharma,food,retail,0.03373,0.032348,0.001247,-0.001149,0.002396,0.001247,1
2024-08-29,Thu,8,electronics,energy,trading,utilities,food,retail,0.063008,0.057236,0.00341,0.005584,-0.002174,0.00341,0
2024-08-30,Fri,8,trading,energy,electronics,retail,food,pharma,0.380824,0.364205,0.005622,-0.005692,0.011315,0.005622,1
2024-09-03,Tue,9,retail,finance,transport,electronics,materials,pharma,0.023181,0.015851,0.012779,0.000287,0.012492,0.012779,1
2024-09-04,Wed,9,pharma,food,utilities,banks,energy,trading,0.446311,0.414159,-0.007594,-0.016689,0.009095,-0.007594,1
2024-09-05,Thu,9,pharma,food,retail,electronics,energy,trading,0.336905,0.320991,-0.007561,0.006853,-0.014414,-0.007561,0
2024-09-06,Fri,9,pharma,utilities,food,energy,banks,trading,0.031826,0.02346,-0.000933,-0.014561,0.013627,-0.000933,1
2024-09-09,Mon,9,pharma,utilities,food,energy,trading,banks,0.073666,0.058984,0.016207,0.021596,-0.005388,0.016207,0
2024-09-10,Tue,9,trading,banks,energy,food,utilities,pharma,0.08153,0.07108,-0.003405,-0.008471,0.005066,-0.003405,1
2024-09-11,Wed,9,pharma,food,retail,electronics,energy,trading,0.291735,0.28348,-0.016994,-0.006563,-0.010431,-0.016994,0
2024-09-12,Thu,9,pharma,food,retail,electronics,energy,trading,0.176639,0.169777,0.004538,-0.001593,0.006132,0.004538,1
2024-09-13,Fri,9,trading,energy,banks,food,utilities,pharma,0.031083,0.025829,-0.005655,-0.014687,0.009031,-0.005655,1
2024-09-17,Tue,9,retail,food,utilities,energy,trading,electronics,0.103038,0.095675,0.002819,-0.005534,0.008353,0.002819,1
2024-09-18,Wed,9,trading,energy,electronics,retail,food,pharma,0.566004,0.550581,-0.00992,-0.010038,0.000118,-0.00992,1
2024-09-19,Thu,9,electronics,trading,energy,food,pharma,retail,0.196448,0.194576,0.010833,-0.000724,0.011557,0.010833,1
2024-09-20,Fri,9,trading,energy,electronics,utilities,food,pharma,0.451201,0.428486,-0.005206,-0.006549,0.001343,-0.005206,1
2024-09-24,Tue,9,pharma,food,retail,electronics,energy,trading,0.580819,0.560245,-0.011194,0.003289,-0.014484,-0.011194,0
2024-09-25,Wed,9,trading,energy,electronics,retail,food,pharma,0.211089,0.204231,0.002169,-0.0073,0.009469,0.002169,1
2024-09-26,Thu,9,pharma,food,utilities,electronics,energy,trading,0.328223,0.309131,0.013407,0.006019,0.007388,0.013407,1
2024-09-27,Fri,9,pharma,food,retail,electronics,energy,trading,0.07026,0.06845,0.005898,0.012663,-0.006765,0.005898,0
2024-09-30,Mon,9,trading,energy,electronics,utilities,food,pharma,0.17453,0.166179,0.011176,0.006342,0.004834,0.011176,1
2024-10-01,Tue,10,trading,energy,banks,food,utilities,pharma,0.028556,0.026179,0.011943,-0.007343,0.019286,0.011943,1
2024-10-02,Wed,10,trading,energy,electronics,retail,food,pharma,0.288309,0.281616,0.002987,-0.008376,0.011364,0.002987,1
2024-10-03,Thu,10,trading,energy,electronics,food,retail,pharma,0.225017,0.221798,-0.010194,0.000866,-0.01106,-0.010194,0
2024-10-04,Fri,10,energy,trading,electronics,food,pharma,retail,0.21995,0.215878,0.005676,0.007102,-0.001426,0.005676,0
2024-10-07,Mon,10,energy,trading,banks,utilities,food,pharma,0.212135,0.200772,2.8e-05,-0.009422,0.009451,2.8e-05,1
2024-10-08,Tue,10,energy,trading,electronics,food,pharma,retail,0.451217,0.445848,-0.011044,-0.005323,-0.00572,-0.011044,0
2024-10-09,Wed,10,pharma,food,retail,electronics,trading,energy,0.524412,0.508349,0.001734,-0.009368,0.011102,0.001734,1
2024-10-10,Thu,10,energy,trading,banks,food,utilities,pharma,0.060227,0.055198,-0.010965,-0.002801,-0.008164,-0.010965,0
2024-10-11,Fri,10,electronics,energy,trading,food,pharma,retail,0.152628,0.149829,-0.003096,-0.00276,-0.000337,-0.003096,0
2024-10-15,Tue,10,energy,trading,banks,utilities,food,pharma,0.209122,0.195507,-0.018237,-0.000395,-0.017842,-0.018237,0
2024-10-16,Wed,10,electronics,materials,pharma,steel,finance,retail,0.010446,0.006215,-0.003594,0.004477,-0.008071,-0.003594,0
2024-10-17,Thu,10,energy,trading,banks,utilities,food,pharma,0.12779,0.117611,-0.002131,0.003113,-0.005243,-0.002131,0
2024-10-18,Fri,10,energy,trading,electronics,food,retail,pharma,0.326699,0.320148,-0.012622,0.000625,-0.013247,-0.012622,0
2024-10-21,Mon,10,retail,pharma,food,energy,trading,electronics,0.101744,0.098588,-0.004402,-0.003161,-0.001241,-0.004402,0
2024-10-22,Tue,10,pharma,utilities,food,banks,trading,energy,0.110689,0.096453,-0.006288,-0.005524,-0.000764,-0.006288,0
2024-10-23,Wed,10,pharma,food,utilities,banks,trading,energy,0.152357,0.14252,-0.003963,-0.006805,0.002841,-0.003963,1
2024-10-24,Thu,10,electronics,energy,trading,food,pharma,retail,0.118909,0.11564,0.012469,0.006452,0.006016,0.012469,1
2024-10-25,Fri,10,energy,trading,electronics,food,pharma,retail,0.08778,0.086236,-0.00901,-0.008235,-0.000774,-0.00901,0
2024-10-28,Mon,10,electronics,energy,trading,pharma,food,retail,0.134584,0.124031,0.020357,0.021583,-0.001226,0.020357,0
2024-10-29,Tue,10,energy,trading,banks,utilities,food,pharma,0.099865,0.09206,0.010687,0.006513,0.004174,0.010687,1
2024-10-30,Wed,10,electronics,energy,trading,utilities,food,retail,0.054722,0.043168,0.008363,0.011071,-0.002708,0.008363,0
2024-10-31,Thu,10,energy,trading,banks,food,retail,pharma,0.439049,0.419762,-0.002946,0.00127,-0.004215,-0.002946,0
2024-11-01,Fri,11,pharma,food,utilities,banks,trading,energy,0.282118,0.25908,0.002445,0.005234,-0.002789,0.002445,0
2024-11-05,Tue,11,pharma,food,utilities,banks,trading,energy,0.057597,0.05343,0.005719,0.003271,0.002449,0.005719,1
2024-11-06,Wed,11,retail,food,utilities,trading,energy,electronics,0.180227,0.160617,0.000402,0.002499,-0.002097,0.000402,0
2024-11-07,Thu,11,energy,trading,banks,retail,food,pharma,1.558361,1.480194,-0.009988,-0.002914,-0.007074,-0.009988,0
2024-11-08,Fri,11,retail,pharma,food,trading,energy,banks,0.45133,0.446681,0.003619,-0.012582,0.016202,0.003619,1
2024-11-11,Mon,11,retail,pharma,food,trading,energy,banks,0.50074,0.494934,0.000898,0.003657,-0.002759,0.000898,0
2024-11-12,Tue,11,banks,energy,trading,utilities,pharma,food,0.314261,0.307826,-0.006505,-0.005465,-0.00104,-0.006505,0
2024-11-13,Wed,11,food,utilities,pharma,trading,energy,banks,0.08559,0.079566,-0.006348,0.00091,-0.007258,-0.006348,0
2024-11-14,Thu,11,banks,energy,trading,utilities,pharma,food,0.212596,0.207254,-0.000342,-0.006764,0.006422,-0.000342,1
2024-11-15,Fri,11,banks,energy,trading,food,pharma,retail,0.215298,0.205697,-0.00135,0.001272,-0.002623,-0.00135,0
2024-11-18,Mon,11,banks,trading,energy,food,pharma,retail,0.444648,0.431845,-0.001638,-0.007142,0.005504,-0.001638,1
2024-11-19,Tue,11,banks,energy,electronics,pharma,utilities,food,0.022493,0.019509,0.006476,-0.005814,0.01229,0.006476,1
2024-11-20,Wed,11,pharma,food,utilities,trading,energy,banks,0.279075,0.273197,-0.004982,-0.00865,0.003668,-0.004982,1
2024-11-21,Thu,11,banks,energy,trading,utilities,pharma,food,0.03966,0.03823,-0.00349,-0.003959,0.000468,-0.00349,1
2024-11-22,Fri,11,retail,pharma,food,energy,trading,banks,0.305791,0.294799,0.004556,0.011314,-0.006758,0.004556,0
2024-11-25,Mon,11,banks,energy,trading,utilities,pharma,food,0.102556,0.099711,-0.003553,-0.000382,-0.003171,-0.003553,0
2024-11-26,Tue,11,retail,pharma,food,energy,trading,banks,0.215919,0.211316,-0.004257,-0.018744,0.014487,-0.004257,1
2024-11-27,Wed,11,pharma,food,utilities,trading,energy,banks,0.533826,0.52193,-0.002406,-0.011702,0.009296,-0.002406,1
2024-11-29,Fri,11,food,pharma,utilities,trading,energy,banks,0.018394,0.018015,0.002538,0.006952,-0.004414,0.002538,0
2024-12-02,Mon,12,retail,pharma,food,trading,energy,banks,0.16499,0.1622,0.004527,0.010819,-0.006293,0.004527,0
2024-12-03,Tue,12,food,pharma,utilities,trading,energy,banks,0.136732,0.13365,0.000627,0.000572,5.5e-05,0.000627,1
2024-12-04,Wed,12,trading,banks,energy,utilities,pharma,retail,0.043706,0.039256,-0.012025,-0.005574,-0.006451,-0.012025,0
2024-12-05,Thu,12,pharma,food,utilities,trading,energy,banks,0.614406,0.602114,-0.019909,-0.009009,-0.010901,-0.019909,0
2024-12-06,Fri,12,food,pharma,utilities,trading,energy,banks,0.072987,0.069376,-0.003202,0.000114,-0.003316,-0.003202,0
2024-12-09,Mon,12,banks,trading,energy,utilities,pharma,retail,0.05942,0.0571,-0.004151,-0.004573,0.000422,-0.004151,1
2024-12-10,Tue,12,food,pharma,utilities,trading,energy,banks,0.036915,0.032867,-0.008099,-0.006201,-0.001898,-0.008099,0
2024-12-11,Wed,12,pharma,food,utilities,trading,energy,banks,0.249759,0.240348,-0.00265,0.000942,-0.003592,-0.00265,0
2024-12-12,Thu,12,banks,energy,trading,utilities,food,pharma,0.327737,0.318268,-0.002152,0.004614,-0.006767,-0.002152,0
2024-12-13,Fri,12,pharma,food,utilities,trading,energy,banks,0.184577,0.176403,-0.004787,-0.007381,0.002594,-0.004787,1
2024-12-16,Mon,12,pharma,food,utilities,trading,energy,banks,0.28756,0.276682,-0.008939,-0.006872,-0.002067,-0.008939,0
2024-12-17,Tue,12,pharma,food,utilities,trading,energy,banks,0.158999,0.15155,-0.001354,-0.013287,0.011933,-0.001354,1
2024-12-18,Wed,12,pharma,food,utilities,trading,energy,banks,0.193065,0.183576,0.002669,-0.001665,0.004334,0.002669,1
2024-12-19,Thu,12,pharma,food,utilities,trading,energy,banks,0.458267,0.420515,-0.004024,0.009079,-0.013103,-0.004024,0
2024-12-20,Fri,12,pharma,food,utilities,trading,energy,banks,0.149087,0.139519,-0.009994,-0.006887,-0.003108,-0.009994,0
2024-12-23,Mon,12,retail,utilities,food,trading,electronics,auto,0.053598,0.034634,0.005089,0.007218,-0.002129,0.005089,0
2024-12-24,Tue,12,retail,food,utilities,electronics,banks,trading,0.082416,0.077641,0.003541,-7.5e-05,0.003616,0.003541,1
2024-12-26,Thu,12,retail,utilities,food,trading,electronics,auto,0.036192,0.021072,0.01254,0.01601,-0.00347,0.01254,0
2024-12-27,Fri,12,pharma,food,utilities,energy,trading,banks,0.088354,0.085873,0.010676,0.005446,0.00523,0.010676,1
2024-12-30,Mon,12,trading,electronics,banks,pharma,utilities,retail,0.104148,0.095599,-0.004504,-0.01028,0.005776,-0.004504,1
2025-01-06,Mon,1,trading,banks,electronics,food,utilities,retail,0.274218,0.262943,-0.007663,-0.015986,0.008323,-0.007663,1
2025-01-07,Tue,1,banks,trading,energy,utilities,food,pharma,0.136015,0.132277,0.002739,-0.011127,0.013865,0.002739,1
2025-01-08,Wed,1,banks,trading,energy,food,pharma,retail,0.210903,0.2044,0.000851,-0.010881,0.011732,0.000851,1
2025-01-10,Fri,1,banks,energy,trading,utilities,food,pharma,0.046545,0.043732,-0.011049,-0.004218,-0.006831,-0.011049,0
2025-01-14,Tue,1,electronics,trading,banks,food,utilities,retail,0.080237,0.06576,-0.003757,-0.004552,0.000794,-0.003757,1
2025-01-15,Wed,1,banks,energy,trading,utilities,pharma,food,0.542649,0.521855,-0.007693,-0.007777,8.4e-05,-0.007693,1
2025-01-16,Thu,1,banks,energy,trading,utilities,pharma,food,0.320723,0.302659,-0.000383,-0.006496,0.006113,-0.000383,1
2025-01-17,Fri,1,retail,utilities,food,energy,trading,electronics,0.05027,0.037621,0.000724,0.001634,-0.00091,0.000724,0
2025-01-21,Tue,1,banks,energy,trading,utilities,food,pharma,0.120042,0.112242,-0.006258,-0.003343,-0.002916,-0.006258,0
2025-01-22,Wed,1,retail,food,utilities,electronics,trading,banks,0.288356,0.278264,9.9e-05,-0.001703,0.001802,9.9e-05,1
2025-01-23,Thu,1,food,pharma,utilities,trading,energy,banks,0.385482,0.367069,-0.004845,0.003444,-0.008289,-0.004845,0
2025-01-24,Fri,1,retail,food,utilities,energy,trading,banks,0.119383,0.113314,0.005099,0.001004,0.004095,0.005099,1
2025-01-27,Mon,1,food,pharma,utilities,trading,energy,banks,0.281891,0.269296,0.002162,-0.001535,0.003697,0.002162,1
2025-01-28,Tue,1,food,utilities,pharma,trading,energy,banks,0.217145,0.207085,-0.001513,0.003788,-0.005301,-0.001513,0
2025-01-29,Wed,1,banks,trading,energy,utilities,food,retail,0.075984,0.071409,-0.002436,0.003994,-0.00643,-0.002436,0
2025-01-30,Thu,1,pharma,food,utilities,electronics,energy,banks,0.009307,0.008249,0.004859,-0.000555,0.005415,0.004859,1
2025-01-31,Fri,1,retail,food,utilities,energy,trading,banks,0.187469,0.176761,-0.00018,0.004142,-0.004322,-0.00018,0
2025-02-03,Mon,2,food,pharma,utilities,trading,energy,banks,0.229898,0.219432,-0.005592,-0.000918,-0.004674,-0.005592,0
2025-02-04,Tue,2,food,pharma,utilities,trading,energy,banks,0.060124,0.057367,-0.013578,-0.015918,0.00234,-0.013578,1
2025-02-05,Wed,2,banks,energy,trading,utilities,pharma,food,0.484227,0.466071,-0.00533,-0.008888,0.003558,-0.00533,1
2025-02-06,Thu,2,food,retail,utilities,energy,trading,banks,0.238351,0.23081,0.00347,0.00022,0.003251,0.00347,1
2025-02-07,Fri,2,banks,energy,trading,utilities,pharma,food,0.020113,0.019299,-0.005853,-0.001982,-0.003872,-0.005853,0
2025-02-10,Mon,2,pharma,food,utilities,electronics,energy,banks,0.085026,0.078281,-0.00224,4.1e-05,-0.002281,-0.00224,0
2025-02-12,Wed,2,retail,food,utilities,banks,electronics,trading,0.061564,0.054515,-0.010169,0.000203,-0.010372,-0.010169,0
2025-02-13,Thu,2,food,pharma,utilities,trading,energy,banks,0.420024,0.403936,0.015771,0.006615,0.009157,0.015771,1
2025-02-14,Fri,2,energy,banks,trading,utilities,food,pharma,0.173541,0.159461,0.002007,-0.011954,0.013961,0.002007,1
2025-02-18,Tue,2,energy,banks,trading,utilities,food,retail,0.375951,0.370981,0.003255,0.003736,-0.000481,0.003255,0
2025-02-19,Wed,2,energy,banks,trading,pharma,utilities,food,0.299093,0.285738,-0.003316,-0.011336,0.00802,-0.003316,1
2025-02-20,Thu,2,food,retail,utilities,electronics,energy,banks,0.435497,0.429011,0.000587,-0.006599,0.007185,0.000587,1
2025-02-21,Fri,2,pharma,food,utilities,trading,banks,energy,0.038995,0.035515,0.006286,0.004676,0.00161,0.006286,1
2025-02-25,Tue,2,food,pharma,utilities,electronics,banks,energy,0.620267,0.597652,0.014097,-0.005612,0.019709,0.014097,1
2025-02-26,Wed,2,food,retail,pharma,electronics,banks,energy,0.113964,0.111706,0.003597,-0.016711,0.020308,0.003597,1
2025-02-27,Thu,2,energy,banks,electronics,pharma,retail,food,0.227187,0.223602,0.003909,-0.007576,0.011484,0.003909,1
2025-02-28,Fri,2,energy,banks,electronics,pharma,retail,food,0.785268,0.768687,-0.003651,-0.002967,-0.000684,-0.003651,0
2025-03-03,Mon,3,energy,construction,banks,steel,it_services,machinery,0.025601,0.02255,-0.004049,0.003901,-0.00795,-0.004049,0
2025-03-04,Tue,3,food,pharma,retail,electronics,banks,energy,0.585745,0.567745,-0.002702,-0.011032,0.00833,-0.002702,1
2025-03-05,Wed,3,food,pharma,utilities,electronics,banks,energy,0.227461,0.209492,0.008082,0.002388,0.005694,0.008082,1
2025-03-06,Thu,3,energy,banks,electronics,utilities,pharma,food,0.17227,0.159131,0.012779,-0.005005,0.017784,0.012779,1
2025-03-07,Fri,3,machinery,it_services,steel,realestate,retail,energy,0.038369,0.024317,-0.0014,-0.001658,0.000258,-0.0014,1
2025-03-10,Mon,3,retail,food,pharma,trading,banks,electronics,0.106083,0.10287,-0.002673,-0.005925,0.003252,-0.002673,1
2025-03-11,Tue,3,pharma,food,retail,trading,banks,energy,0.095093,0.074849,0.002957,0.004427,-0.001469,0.002957,0
2025-03-12,Wed,3,banks,electronics,energy,pharma,utilities,food,0.200509,0.194335,0.022517,0.017724,0.004793,0.022517,1
2025-03-13,Thu,3,banks,energy,electronics,utilities,pharma,food,0.430553,0.419068,-2.4e-05,-6.1e-05,3.8e-05,-2.4e-05,1
2025-03-14,Fri,3,pharma,food,retail,trading,banks,energy,0.059314,0.04987,0.001757,0.010817,-0.00906,0.001757,0
2025-03-17,Mon,3,energy,banks,electronics,retail,pharma,food,0.408098,0.381007,0.003744,-0.00122,0.004964,0.003744,1
2025-03-18,Tue,3,energy,banks,electronics,retail,food,pharma,0.145444,0.133964,0.004801,-0.008387,0.013188,0.004801,1
2025-03-19,Wed,3,banks,energy,electronics,utilities,pharma,food,0.280063,0.274433,0.005335,0.012637,-0.007301,0.005335,0
2025-03-21,Fri,3,energy,banks,electronics,retail,food,pharma,0.232732,0.21922,0.013157,0.003838,0.009319,0.013157,1
2025-03-24,Mon,3,pharma,food,retail,electronics,banks,energy,0.227025,0.21876,-0.002112,-0.008682,0.00657,-0.002112,1
2025-03-25,Tue,3,energy,banks,electronics,food,retail,pharma,0.296213,0.279933,-0.001544,0.001127,-0.002672,-0.001544,0
2025-03-26,Wed,3,energy,banks,electronics,utilities,food,pharma,0.480749,0.464734,-0.005954,-0.007025,0.001071,-0.005954,1
2025-03-27,Thu,3,banks,electronics,energy,food,utilities,pharma,0.021965,0.021007,0.002444,0.00525,-0.002807,0.002444,0
2025-03-28,Fri,3,pharma,food,retail,electronics,banks,energy,0.275844,0.264491,0.000613,-0.011605,0.012218,0.000613,1
2025-03-31,Mon,3,pharma,food,retail,electronics,banks,energy,0.287143,0.269478,-0.009383,-0.024513,0.015129,-0.009383,1
2025-04-01,Tue,4,utilities,realestate,pharma,machinery,it_services,banks,0.031906,0.028816,-0.000164,-0.013193,0.013029,-0.000164,1
2025-04-02,Wed,4,energy,banks,electronics,utilities,food,pharma,0.299724,0.290731,-0.013888,-0.027898,0.01401,-0.013888,1
2025-04-03,Thu,4,energy,banks,electronics,pharma,retail,food,0.090015,0.083393,-0.00968,0.022051,-0.03173,-0.00968,0
2025-04-04,Fri,4,food,pharma,retail,electronics,banks,energy,1.75447,1.709621,0.016817,-0.021193,0.03801,0.016817,1
2025-04-07,Mon,4,transport,food,it_services,energy,banks,auto,0.131537,0.1211,0.010096,0.039459,-0.029363,0.010096,0
2025-04-08,Tue,4,pharma,food,retail,electronics,energy,banks,0.077479,0.073479,0.003339,0.020233,-0.016895,0.003339,0
2025-04-09,Wed,4,pharma,food,retail,electronics,energy,banks,0.205122,0.195916,-0.013535,-0.030671,0.017136,-0.013535,1
2025-04-10,Thu,4,energy,banks,electronics,pharma,retail,food,0.383524,0.353257,-0.03313,-0.002446,-0.030685,-0.03313,0
2025-04-11,Fri,4,pharma,food,retail,electronics,energy,banks,0.414346,0.387533,0.002478,4.2e-05,0.002436,0.002478,1
2025-04-14,Mon,4,banks,energy,trading,retail,food,pharma,0.106751,0.094895,-0.004509,0.006278,-0.010788,-0.004509,0
2025-04-15,Tue,4,utilities,retail,pharma,trading,energy,electronics,0.158445,0.148723,-0.006814,-0.008927,0.002113,-0.006814,1
2025-04-16,Wed,4,banks,electronics,energy,food,pharma,utilities,0.129659,0.127769,-0.019004,0.00258,-0.021584,-0.019004,0
2025-04-17,Thu,4,electronics,banks,energy,retail,pharma,utilities,0.355062,0.345103,0.023581,-0.001275,0.024856,0.023581,1
2025-04-21,Mon,4,banks,energy,electronics,retail,food,pharma,0.094958,0.087966,-0.014111,-0.003716,-0.010395,-0.014111,0
2025-04-22,Tue,4,electronics,trading,energy,pharma,retail,utilities,0.128931,0.111964,0.011883,0.009898,0.001985,0.011883,1
2025-04-23,Wed,4,banks,auto,construction,retail,food,pharma,0.030363,0.027477,0.001826,-0.002989,0.004815,0.001826,1
2025-04-24,Thu,4,utilities,pharma,retail,energy,trading,electronics,0.048883,0.040887,-0.017129,-0.009452,-0.007677,-0.017129,0
2025-04-25,Fri,4,banks,energy,electronics,retail,food,pharma,0.155126,0.146271,0.002817,-0.004275,0.007092,0.002817,1
2025-04-28,Mon,4,utilities,pharma,food,energy,electronics,banks,0.131446,0.129273,-0.004529,-0.000481,-0.004047,-0.004529,0
2025-04-30,Wed,4,banks,energy,electronics,retail,food,pharma,0.08225,0.079203,0.000578,0.002877,-0.002299,0.000578,0
2025-05-01,Thu,5,pharma,utilities,food,energy,electronics,banks,0.176105,0.173339,0.001902,-0.005279,0.007181,0.001902,1
2025-05-02,Fri,5,banks,electronics,energy,food,utilities,pharma,0.300979,0.295057,-0.010759,0.000177,-0.010936,-0.010759,0
2025-05-07,Wed,5,banks,energy,trading,retail,food,pharma,0.109619,0.102607,0.013403,-0.004428,0.017831,0.013403,1
2025-05-08,Thu,5,utilities,pharma,food,energy,electronics,banks,0.147014,0.144057,-0.010895,0.000413,-0.011308,-0.010895,0
2025-05-09,Fri,5,banks,electronics,energy,food,utilities,pharma,0.321419,0.312326,0.011102,-0.007647,0.01875,0.011102,1
2025-05-12,Mon,5,banks,electronics,energy,food,utilities,pharma,0.273743,0.267298,-0.005305,-0.018752,0.013447,-0.005305,1
2025-05-13,Tue,5,banks,energy,trading,retail,pharma,food,0.066209,0.059853,-0.010348,-0.01111,0.000762,-0.010348,1
2025-05-14,Wed,5,banks,electronics,energy,food,utilities,pharma,0.318252,0.310217,-0.003821,-0.008284,0.004463,-0.003821,1
2025-05-15,Thu,5,electronics,banks,energy,food,pharma,utilities,0.114212,0.109247,-0.006449,0.006095,-0.012545,-0.006449,0
2025-05-16,Fri,5,utilities,pharma,food,energy,banks,electronics,0.292758,0.283601,0.001644,-0.00707,0.008714,0.001644,1
2025-05-19,Mon,5,utilities,pharma,food,energy,banks,electronics,0.261616,0.254126,0.013704,-0.003353,0.017057,0.013704,1
2025-05-20,Tue,5,pharma,utilities,food,energy,electronics,banks,0.185502,0.181007,-0.018854,-9.2e-05,-0.018763,-0.018854,0
2025-05-21,Wed,5,pharma,food,utilities,energy,electronics,banks,0.20949,0.201747,0.001184,-0.001708,0.002892,0.001184,1
2025-05-22,Thu,5,electronics,trading,energy,food,retail,utilities,0.084366,0.06862,-0.003659,0.000953,-0.004612,-0.003659,0
2025-05-23,Fri,5,banks,electronics,energy,food,pharma,utilities,0.194919,0.191088,0.00282,0.000489,0.002331,0.00282,1
2025-05-27,Tue,5,pharma,food,utilities,energy,electronics,banks,0.113537,0.110176,0.001299,0.008208,-0.006909,0.001299,0
2025-05-28,Wed,5,banks,energy,auto,retail,food,pharma,0.03274,0.025817,-0.005113,-0.003992,-0.00112,-0.005113,0
2025-05-29,Thu,5,electronics,banks,energy,food,retail,utilities,0.067702,0.062234,0.009001,-0.00131,0.010311,0.009001,1
2025-05-30,Fri,5,utilities,retail,food,energy,trading,electronics,0.018281,0.015433,0.00621,0.007856,-0.001646,0.00621,0
2025-06-02,Mon,6,pharma,utilities,food,energy,electronics,banks,0.226138,0.221123,0.000981,0.001802,-0.000821,0.000981,0
2025-06-03,Tue,6,banks,energy,electronics,retail,food,pharma,0.054966,0.052138,0.000787,-0.006982,0.00777,0.000787,1
2025-06-04,Wed,6,banks,energy,electronics,retail,food,pharma,0.031358,0.028896,0.001409,0.000608,0.000801,0.001409,1
2025-06-05,Thu,6,banks,electronics,energy,food,pharma,utilities,0.12519,0.1217,-0.005131,-0.004929,-0.000202,-0.005131,0
2025-06-06,Fri,6,electronics,banks,energy,food,pharma,utilities,0.081447,0.077796,-0.000409,-0.002266,0.001857,-0.000409,1
2025-06-09,Mon,6,banks,energy,trading,retail,food,pharma,0.03499,0.030854,-0.002501,-0.002109,-0.000392,-0.002501,0
2025-06-10,Tue,6,banks,electronics,energy,food,pharma,utilities,0.081289,0.079953,-0.006312,0.001956,-0.008268,-0.006312,0
2025-06-11,Wed,6,banks,energy,electronics,retail,food,pharma,0.042635,0.038611,0.001179,-0.003748,0.004927,0.001179,1
2025-06-12,Thu,6,pharma,food,retail,trading,energy,banks,0.009285,0.007898,-0.001584,0.005085,-0.006668,-0.001584,0
2025-06-13,Fri,6,utilities,pharma,food,energy,electronics,banks,0.216531,0.21301,-0.001262,-0.003569,0.002308,-0.001262,1
2025-06-16,Mon,6,electronics,banks,energy,food,retail,utilities,0.123052,0.116474,-0.007994,0.00386,-0.011854,-0.007994,0
2025-06-17,Tue,6,banks,electronics,energy,retail,food,pharma,0.098558,0.094013,0.004806,-0.002461,0.007266,0.004806,1
2025-06-18,Wed,6,banks,electronics,energy,pharma,food,utilities,0.263082,0.257027,0.013727,0.011537,0.002189,0.013727,1
2025-06-20,Fri,6,pharma,food,utilities,energy,electronics,banks,0.050681,0.048796,-0.005347,-0.004265,-0.001082,-0.005347,0
2025-06-23,Mon,6,food,pharma,utilities,energy,electronics,banks,0.029033,0.028409,-0.001262,-0.006335,0.005073,-0.001262,1
2025-06-24,Tue,6,utilities,retail,food,energy,banks,electronics,0.183073,0.180342,-0.005408,-0.003596,-0.001813,-0.005408,0
2025-06-25,Wed,6,utilities,retail,food,energy,banks,electronics,0.085902,0.083932,-0.008075,-0.003642,-0.004432,-0.008075,0
2025-06-26,Thu,6,pharma,food,retail,electronics,energy,banks,0.054278,0.046228,0.003379,0.004911,-0.001532,0.003379,0
2025-06-27,Fri,6,banks,energy,electronics,retail,food,pharma,0.055349,0.049919,0.006161,-2.6e-05,0.006188,0.006161,1
2025-06-30,Mon,6,utilities,retail,food,trading,energy,electronics,0.007526,0.006454,0.009279,-0.005432,0.014711,0.009279,1
2025-07-01,Tue,7,utilities,food,retail,energy,electronics,banks,0.114995,0.11417,0.003041,-0.003715,0.006757,0.003041,1
2025-07-02,Wed,7,banks,energy,electronics,retail,food,pharma,0.037401,0.031769,0.005882,0.006272,-0.00039,0.005882,0
2025-07-03,Thu,7,banks,electronics,energy,retail,pharma,food,0.294678,0.287371,0.003143,-0.003314,0.006457,0.003143,1
2025-07-07,Mon,7,utilities,retail,food,banks,energy,electronics,0.046705,0.045417,-0.002874,-0.010471,0.007597,-0.002874,1
2025-07-08,Tue,7,pharma,food,retail,electronics,energy,banks,0.150849,0.141496,-0.004775,0.008536,-0.013311,-0.004775,0
2025-07-09,Wed,7,banks,electronics,energy,retail,pharma,food,0.2769,0.272231,0.001885,-0.000434,0.00232,0.001885,1
2025-07-10,Thu,7,food,pharma,retail,energy,electronics,banks,0.070055,0.068919,-0.009701,-0.007945,-0.001756,-0.009701,0
2025-07-11,Fri,7,utilities,retail,food,electronics,banks,energy,0.021238,0.020309,-0.006962,0.003412,-0.010375,-0.006962,0
2025-07-14,Mon,7,energy,banks,electronics,food,retail,utilities,0.028628,0.024873,0.000146,0.005388,-0.005243,0.000146,0
2025-07-15,Tue,7,food,retail,pharma,energy,electronics,banks,0.066325,0.064383,-0.004134,0.0007,-0.004835,-0.004134,0
2025-07-16,Wed,7,food,pharma,retail,trading,banks,electronics,0.358443,0.34301,0.002018,-0.001687,0.003705,0.002018,1
2025-07-17,Thu,7,food,retail,utilities,energy,electronics,banks,0.132074,0.127117,0.001961,0.005391,-0.00343,0.001961,0
2025-07-18,Fri,7,electronics,trading,banks,retail,food,pharma,0.057279,0.05358,-0.007368,-0.004325,-0.003043,-0.007368,0
2025-07-22,Tue,7,food,pharma,retail,trading,banks,electronics,0.173541,0.166576,-0.005358,0.001016,-0.006374,-0.005358,0
2025-07-23,Wed,7,utilities,retail,food,electronics,energy,banks,0.027016,0.021547,0.012559,0.018545,-0.005987,0.012559,0
2025-07-24,Thu,7,electronics,trading,banks,retail,pharma,food,0.177045,0.169384,0.008341,0.006338,0.002003,0.008341,1
2025-07-25,Fri,7,pharma,food,retail,banks,electronics,trading,0.033255,0.024579,-0.001137,-0.003683,0.002547,-0.001137,1
2025-07-28,Mon,7,electronics,trading,banks,retail,food,pharma,0.02686,0.024948,-0.011223,2.8e-05,-0.011251,-0.011223,0
2025-07-29,Tue,7,energy,banks,electronics,food,utilities,retail,0.065914,0.058153,-0.000652,-0.003528,0.002876,-0.000652,1
2025-07-30,Wed,7,pharma,food,utilities,trading,banks,electronics,0.078076,0.073928,0.00685,0.003156,0.003695,0.00685,1
2025-07-31,Thu,7,pharma,food,utilities,trading,banks,electronics,0.612501,0.587957,0.001099,0.010467,-0.009368,0.001099,0
2025-08-01,Fri,8,pharma,food,utilities,banks,trading,electronics,0.07369,0.059795,0.010018,0.000275,0.009743,0.010018,1
2025-08-04,Mon,8,pharma,food,retail,trading,banks,electronics,0.669827,0.642852,0.00569,0.012007,-0.006317,0.00569,0
2025-08-05,Tue,8,food,retail,utilities,electronics,energy,banks,0.370282,0.358035,0.00469,0.002228,0.002462,0.00469,1
2025-08-06,Wed,8,electronics,banks,energy,utilities,retail,food,0.404626,0.389235,0.011346,0.0083,0.003046,0.011346,1
2025-08-07,Thu,8,food,pharma,retail,trading,banks,electronics,0.322717,0.307714,0.003693,0.009799,-0.006106,0.003693,0
2025-08-08,Fri,8,food,pharma,retail,trading,banks,electronics,0.300504,0.285984,0.002697,0.002434,0.000262,0.002697,1
2025-08-12,Tue,8,electronics,trading,banks,utilities,food,pharma,0.029282,0.026619,0.01209,0.002225,0.009864,0.01209,1
2025-08-13,Wed,8,electronics,trading,banks,retail,food,utilities,0.104146,0.093418,-8.3e-05,0.001738,-0.00182,-8.3e-05,0
2025-08-14,Thu,8,electronics,banks,trading,retail,utilities,food,0.387856,0.366466,-0.008192,-0.003197,-0.004996,-0.008192,0
2025-08-15,Fri,8,energy,banks,electronics,pharma,retail,food,0.124552,0.116753,0.021683,0.002277,0.019406,0.021683,1
2025-08-18,Mon,8,food,retail,utilities,trading,banks,electronics,0.115088,0.109282,-0.002106,-0.001794,-0.000312,-0.002106,0
2025-08-19,Tue,8,food,utilities,retail,banks,trading,electronics,0.134925,0.126536,0.002049,-0.008268,0.010317,0.002049,1
2025-08-20,Wed,8,electronics,banks,trading,utilities,retail,food,0.179161,0.169794,-0.000115,0.007046,-0.007161,-0.000115,0
2025-08-21,Thu,8,electronics,energy,banks,pharma,retail,food,0.147722,0.142813,-0.001897,-0.009259,0.007362,-0.001897,1
2025-08-22,Fri,8,energy,electronics,banks,pharma,retail,food,0.440068,0.42899,0.006796,0.004128,0.002668,0.006796,1
2025-08-25,Mon,8,electronics,trading,banks,pharma,retail,food,0.668767,0.631103,-0.004741,-0.010375,0.005634,-0.004741,1
2025-08-26,Tue,8,energy,electronics,banks,pharma,retail,food,0.577027,0.562131,-0.008892,-0.007803,-0.00109,-0.008892,0
2025-08-27,Wed,8,electronics,trading,banks,pharma,retail,food,0.042216,0.039668,-0.002559,0.000774,-0.003334,-0.002559,0
2025-08-28,Thu,8,electronics,trading,banks,pharma,retail,food,0.140639,0.134271,0.011058,0.002737,0.00832,0.011058,1
2025-08-29,Fri,8,electronics,energy,trading,pharma,retail,food,0.29392,0.284607,-0.003499,-0.007114,0.003615,-0.003499,1
2025-09-02,Tue,9,energy,electronics,trading,pharma,retail,food,0.213388,0.208092,0.009132,-0.000884,0.010017,0.009132,1
2025-09-03,Wed,9,food,retail,pharma,banks,trading,electronics,0.228321,0.216359,-0.00308,-0.011155,0.008075,-0.00308,1
2025-09-04,Thu,9,food,retail,pharma,banks,trading,electronics,0.440658,0.42441,0.007443,0.006737,0.000706,0.007443,1
2025-09-05,Fri,9,electronics,trading,banks,pharma,retail,food,0.285865,0.272216,0.000721,0.001593,-0.000872,0.000721,0
2025-09-08,Mon,9,food,retail,pharma,banks,trading,electronics,0.378243,0.365327,-0.000173,0.002675,-0.002848,-0.000173,0
2025-09-09,Tue,9,energy,trading,banks,pharma,retail,food,0.079238,0.076601,-0.01098,-0.011934,0.000954,-0.01098,1
2025-09-10,Wed,9,food,retail,pharma,banks,trading,electronics,0.34958,0.340988,-0.003178,0.00839,-0.011568,-0.003178,0
2025-09-11,Thu,9,retail,pharma,utilities,banks,trading,energy,0.015781,0.014532,-0.000972,-0.001784,0.000812,-0.000972,1
2025-09-12,Fri,9,electronics,banks,trading,pharma,retail,food,0.211228,0.196185,-0.002914,-0.005037,0.002123,-0.002914,1
2025-09-16,Tue,9,food,retail,pharma,trading,banks,electronics,0.204239,0.195691,-0.002192,0.001548,-0.00374,-0.002192,0
2025-09-17,Wed,9,energy,electronics,trading,pharma,retail,food,0.383012,0.378336,-0.001252,-0.001757,0.000505,-0.001252,1
2025-09-18,Thu,9,electronics,trading,banks,pharma,retail,food,0.05177,0.050048,0.008365,0.003092,0.005273,0.008365,1
2025-09-19,Fri,9,food,retail,pharma,energy,electronics,trading,0.107239,0.106164,-0.009126,-0.011329,0.002203,-0.009126,1
2025-09-22,Mon,9,food,retail,pharma,energy,trading,electronics,0.400026,0.392845,-0.005901,0.009119,-0.015019,-0.005901,0
2025-09-24,Wed,9,food,retail,pharma,energy,trading,electronics,0.116688,0.113762,0.002419,0.003675,-0.001257,0.002419,0
2025-09-25,Thu,9,food,retail,pharma,trading,banks,electronics,0.164095,0.156338,-0.002497,0.00223,-0.004727,-0.002497,0
2025-09-26,Fri,9,energy,electronics,trading,food,retail,utilities,0.473563,0.471107,-0.004203,0.004509,-0.008712,-0.004203,0
2025-09-29,Mon,9,electronics,auto,banks,retail,materials,food,0.03964,0.028278,-0.019311,-0.013367,-0.005943,-0.019311,0
2025-09-30,Tue,9,food,retail,pharma,trading,energy,electronics,0.306328,0.30202,-0.001263,-0.005175,0.003912,-0.001263,1
2025-10-01,Wed,10,food,retail,pharma,trading,energy,electronics,0.547684,0.540365,-0.007422,-0.009009,0.001587,-0.007422,1
2025-10-02,Thu,10,food,retail,pharma,trading,electronics,energy,0.861162,0.853738,-0.017232,0.00223,-0.019462,-0.017232,0
2025-10-03,Fri,10,energy,trading,banks,retail,pharma,utilities,0.027937,0.026226,0.003829,0.009511,-0.005682,0.003829,0
2025-10-06,Mon,10,auto,utilities,it_services,steel,energy,materials,0.006133,0.004841,-0.009528,-0.013802,0.004274,-0.009528,1
2025-10-07,Tue,10,food,retail,pharma,electronics,trading,energy,0.13511,0.133195,-0.000417,-0.010901,0.010483,-0.000417,1
2025-10-08,Wed,10,food,pharma,retail,electronics,energy,trading,0.219075,0.214939,-0.005295,0.002627,-0.007923,-0.005295,0
2025-10-09,Thu,10,food,pharma,retail,banks,trading,energy,0.379098,0.375435,0.001198,0.004818,-0.00362,0.001198,0
2025-10-10,Fri,10,food,pharma,retail,electronics,banks,trading,0.429323,0.421903,-0.005472,-0.018128,0.012656,-0.005472,1
2025-10-14,Tue,10,food,pharma,retail,trading,banks,electronics,0.388649,0.370208,0.005628,-0.012609,0.018237,0.005628,1
2025-10-15,Wed,10,electronics,energy,banks,pharma,retail,food,0.10126,0.095558,0.014483,0.002518,0.011965,0.014483,1
2025-10-16,Thu,10,retail,food,utilities,banks,trading,energy,0.197212,0.193665,0.003216,-0.006724,0.00994,0.003216,1
2025-10-17,Fri,10,food,retail,pharma,trading,banks,energy,0.346582,0.335246,-0.001916,-0.010918,0.009002,-0.001916,1
2025-10-20,Mon,10,banks,energy,electronics,pharma,retail,food,0.035759,0.032904,0.016501,0.001574,0.014926,0.016501,1
2025-10-21,Tue,10,energy,banks,trading,pharma,retail,food,0.464962,0.455208,-0.003396,0.00039,-0.003787,-0.003396,0
2025-10-22,Wed,10,energy,trading,banks,utilities,food,retail,0.179767,0.176268,-0.000595,0.008966,-0.009561,-0.000595,0
2025-10-23,Thu,10,energy,trading,banks,utilities,food,retail,0.076979,0.075416,0.004426,0.008373,-0.003947,0.004426,0
2025-10-27,Mon,10,energy,trading,banks,utilities,food,retail,0.402796,0.394834,0.008684,-0.001356,0.01004,0.008684,1
2025-10-28,Tue,10,retail,utilities,food,electronics,energy,trading,0.101522,0.09755,-0.007537,-0.022126,0.014589,-0.007537,1
2025-10-29,Wed,10,trading,energy,electronics,pharma,utilities,retail,0.057057,0.05339,-0.003775,-0.015123,0.011348,-0.003775,1
2025-10-30,Thu,10,food,retail,pharma,electronics,banks,energy,0.129898,0.122765,0.00216,0.012802,-0.010641,0.00216,0
2025-10-31,Fri,10,electronics,trading,banks,food,utilities,retail,0.048046,0.047273,-0.002629,0.017037,-0.019667,-0.002629,0
2025-11-04,Tue,11,energy,trading,banks,utilities,retail,food,0.309829,0.303091,0.005253,-0.001459,0.006712,0.005253,1
2025-11-05,Wed,11,trading,energy,banks,utilities,food,retail,0.067136,0.06544,0.002693,0.009962,-0.007269,0.002693,0
2025-11-06,Thu,11,energy,trading,banks,retail,food,pharma,0.121375,0.118763,0.012522,0.005157,0.007365,0.012522,1
2025-11-07,Fri,11,energy,trading,banks,utilities,food,retail,0.291072,0.284597,-0.00202,0.004862,-0.006882,-0.00202,0
2025-11-10,Mon,11,energy,trading,banks,retail,food,pharma,0.140901,0.134655,0.000533,-0.003917,0.00445,0.000533,1
2025-11-11,Tue,11,energy,trading,banks,utilities,food,pharma,0.057338,0.0527,-0.011804,0.005605,-0.017409,-0.011804,0
2025-11-12,Wed,11,retail,transport,utilities,banks,electronics,steel,0.027005,0.023253,-0.004786,0.014087,-0.018872,-0.004786,0
2025-11-13,Thu,11,food,retail,pharma,banks,trading,energy,0.297086,0.291,0.001248,0.006731,-0.005484,0.001248,0
2025-11-14,Fri,11,electronics,steel,banks,transport,utilities,retail,0.054852,0.049667,0.003106,0.00642,-0.003314,0.003106,0
2025-11-17,Mon,11,banks,trading,energy,utilities,food,retail,0.050257,0.04873,1.9e-05,0.006061,-0.006042,1.9e-05,0
2025-11-18,Tue,11,food,pharma,retail,banks,trading,energy,0.6603,0.645464,-0.005255,-0.026354,0.021099,-0.005255,1
2025-11-19,Wed,11,energy,trading,banks,pharma,utilities,food,0.191813,0.188355,0.004561,0.001905,0.002657,0.004561,1
2025-11-20,Thu,11,trading,energy,banks,utilities,food,retail,0.134301,0.131781,-0.009837,-0.015067,0.00523,-0.009837,1
2025-11-21,Fri,11,pharma,food,utilities,electronics,trading,energy,0.212429,0.202151,0.013486,0.008113,0.005373,0.013486,1
2025-11-25,Tue,11,energy,trading,banks,utilities,food,pharma,0.186131,0.171154,-0.007733,-0.004222,-0.003511,-0.007733,0
2025-11-26,Wed,11,retail,utilities,food,energy,banks,electronics,0.144005,0.122999,0.016162,0.016174,-1.2e-05,0.016162,0
2025-11-28,Fri,11,retail,transport,realestate,machinery,electronics,steel,0.037045,0.023923,0.001437,0.006677,-0.005239,0.001437,0
2025-12-01,Mon,12,energy,trading,banks,utilities,food,pharma,0.253521,0.245895,-0.008854,-0.008562,-0.000292,-0.008854,0
2025-12-02,Tue,12,energy,electronics,trading,food,utilities,retail,0.451825,0.438369,-0.007137,-0.008727,0.001589,-0.007137,1
2025-12-03,Wed,12,pharma,food,utilities,banks,trading,energy,0.026531,0.024371,-0.008759,-0.009091,0.000332,-0.008759,1
2025-12-04,Thu,12,energy,trading,banks,pharma,food,utilities,0.549062,0.538543,0.01779,0.006772,0.011018,0.01779,1
2025-12-05,Fri,12,energy,electronics,trading,food,retail,utilities,0.253288,0.249671,-0.005316,-0.006824,0.001508,-0.005316,1
2025-12-08,Mon,12,energy,trading,electronics,food,retail,utilities,0.103248,0.101703,0.001933,-0.001716,0.003649,0.001933,1
2025-12-09,Tue,12,electronics,banks,energy,food,utilities,retail,0.100298,0.088349,-0.000628,-0.003711,0.003083,-0.000628,1
2025-12-10,Wed,12,electronics,banks,energy,food,utilities,retail,0.02762,0.024886,-0.003886,0.001688,-0.005573,-0.003886,0
2025-12-11,Thu,12,energy,trading,banks,utilities,food,pharma,0.340249,0.329802,-0.009318,-0.011257,0.001939,-0.009318,1
2025-12-12,Fri,12,energy,trading,banks,utilities,food,pharma,0.22459,0.21641,0.008251,-0.009833,0.018084,0.008251,1
2025-12-15,Mon,12,electronics,banks,energy,food,utilities,retail,0.044787,0.039974,0.008756,0.013413,-0.004657,0.008756,0
2025-12-16,Tue,12,utilities,retail,food,electronics,trading,energy,0.30191,0.297108,-0.013654,-0.023436,0.009782,-0.013654,1
2025-12-17,Wed,12,utilities,food,pharma,electronics,energy,trading,0.276353,0.268924,-0.007483,-0.003437,-0.004045,-0.007483,0
2025-12-18,Thu,12,energy,trading,electronics,retail,food,utilities,0.613595,0.607002,-0.00072,0.00934,-0.01006,-0.00072,0
2025-12-19,Fri,12,utilities,food,retail,electronics,trading,energy,0.432024,0.428593,0.006066,0.005632,0.000435,0.006066,1
2025-12-22,Mon,12,trading,energy,electronics,pharma,food,utilities,0.170511,0.167301,0.000637,-0.014428,0.015065,0.000637,1
2025-12-23,Tue,12,trading,energy,electronics,pharma,utilities,food,0.471501,0.460772,-0.003674,0.0035,-0.007174,-0.003674,0
2025-12-24,Wed,12,trading,energy,electronics,retail,utilities,food,0.168475,0.165961,-0.005592,-0.003089,-0.002503,-0.005592,0
2025-12-26,Fri,12,retail,utilities,food,energy,banks,electronics,0.126778,0.118425,-0.003174,-0.000852,-0.002322,-0.003174,0
2025-12-29,Mon,12,steel,electronics,machinery,transport,realestate,retail,0.001292,0.000841,0.002188,-0.006645,0.008833,0.002188,1
2025-12-30,Tue,12,electronics,banks,trading,food,utilities,retail,0.027765,0.024257,-0.00072,-0.001458,0.000738,-0.00072,1
2026-01-05,Mon,1,electronics,trading,energy,retail,utilities,food,0.142238,0.140504,0.002926,0.004612,-0.001686,0.002926,0
2026-01-06,Tue,1,energy,trading,electronics,retail,utilities,food,1.121575,1.10198,0.015629,0.004483,0.011146,0.015629,1
2026-01-07,Wed,1,retail,food,utilities,trading,banks,electronics,0.427445,0.415831,-0.00976,-0.002464,-0.007296,-0.00976,0
2026-01-08,Thu,1,food,utilities,pharma,banks,trading,energy,0.266568,0.252288,0.007602,-0.001506,0.009107,0.007602,1
2026-01-09,Fri,1,energy,trading,electronics,retail,utilities,food,0.528339,0.51211,0.005057,0.006966,-0.00191,0.005057,0
2026-01-13,Tue,1,retail,utilities,food,trading,banks,electronics,0.240179,0.226963,-0.003731,-0.013495,0.009764,-0.003731,1
2026-01-14,Wed,1,food,retail,utilities,banks,trading,electronics,0.187275,0.180575,-0.004798,0.007857,-0.012655,-0.004798,0
2026-01-15,Thu,1,energy,trading,banks,utilities,pharma,food,0.035698,0.031345,0.008119,-0.001634,0.009753,0.008119,1
2026-01-16,Fri,1,retail,utilities,food,trading,banks,electronics,0.050865,0.04573,-0.006634,0.00321,-0.009845,-0.006634,0
2026-01-20,Tue,1,electronics,trading,banks,utilities,food,retail,0.377767,0.365193,-0.008723,0.006236,-0.01496,-0.008723,0
2026-01-21,Wed,1,food,pharma,utilities,electronics,trading,energy,0.378716,0.366335,-0.006154,0.008385,-0.014539,-0.006154,0
2026-01-22,Thu,1,energy,trading,electronics,utilities,pharma,food,0.165597,0.149364,-0.000749,-0.00388,0.003131,-0.000749,1
2026-01-23,Fri,1,electronics,energy,trading,pharma,retail,food,0.059307,0.05682,0.001354,0.001743,-0.000389,0.001354,0
2026-01-26,Mon,1,food,retail,pharma,energy,trading,electronics,0.066436,0.063113,-0.001587,-0.004119,0.002532,-0.001587,1
2026-01-27,Tue,1,retail,food,utilities,trading,banks,electronics,0.154594,0.146373,-0.00536,0.009203,-0.014562,-0.00536,0
2026-01-28,Wed,1,food,retail,pharma,energy,trading,electronics,0.179335,0.171379,-0.013889,0.002166,-0.016055,-0.013889,0
2026-01-29,Thu,1,electronics,banks,trading,pharma,utilities,retail,0.149643,0.139408,0.000787,0.003394,-0.002607,0.000787,0
2026-01-30,Fri,1,electronics,trading,energy,pharma,retail,food,0.621201,0.593396,0.001329,0.013187,-0.011858,0.001329,0
2026-02-02,Mon,2,food,retail,pharma,energy,trading,electronics,0.270369,0.259135,-0.003805,-0.028107,0.024302,-0.003805,1
2026-02-03,Tue,2,retail,food,pharma,banks,trading,electronics,0.306603,0.292648,0.004419,0.01791,-0.013491,0.004419,0
2026-02-04,Wed,2,electronics,energy,trading,pharma,retail,food,0.256088,0.246879,0.00616,0.008287,-0.002127,0.00616,0
2026-02-05,Thu,2,electronics,trading,energy,pharma,retail,food,0.757727,0.73454,-0.012392,0.013304,-0.025695,-0.012392,0
2026-02-06,Fri,2,food,retail,pharma,trading,electronics,energy,0.46153,0.440415,0.005068,0.027618,-0.022551,0.005068,0
2026-02-09,Mon,2,energy,trading,electronics,retail,pharma,food,0.097134,0.065849,-0.018681,-0.007649,-0.011031,-0.018681,0
2026-02-10,Tue,2,electronics,energy,trading,food,pharma,retail,0.238765,0.230959,0.011291,-0.001466,0.012757,0.011291,1
2026-02-12,Thu,2,electronics,energy,trading,food,retail,pharma,0.155259,0.152699,0.007959,-0.002335,0.010294,0.007959,1
2026-02-13,Fri,2,retail,pharma,food,trading,energy,electronics,0.715236,0.703208,0.011776,-0.027433,0.039209,0.011776,1
2026-02-17,Tue,2,retail,food,pharma,banks,trading,electronics,0.25803,0.24462,-0.002882,-0.012136,0.009254,-0.002882,1
2026-02-18,Wed,2,electronics,energy,trading,pharma,food,retail,0.355758,0.342534,0.005359,0.001978,0.003381,0.005359,1
2026-02-19,Thu,2,electronics,energy,trading,pharma,food,retail,0.261142,0.251696,0.003339,0.003961,-0.000622,0.003339,0
2026-02-20,Fri,2,retail,food,pharma,trading,energy,electronics,0.161728,0.156072,-0.005107,-0.006054,0.000947,-0.005107,1
2026-02-24,Tue,2,energy,electronics,banks,retail,food,pharma,0.0319,0.029539,-0.005472,0.002187,-0.007659,-0.005472,0
2026-02-25,Wed,2,retail,food,pharma,banks,trading,electronics,0.201384,0.192862,0.004352,-0.002249,0.006601,0.004352,1
2026-02-26,Thu,2,retail,food,pharma,banks,energy,electronics,0.091311,0.08765,-0.004962,0.005001,-0.009963,-0.004962,0
2026-02-27,Fri,2,electronics,energy,banks,pharma,food,retail,0.43193,0.416996,0.011821,0.006315,0.005506,0.011821,1
2026-03-02,Mon,3,retail,food,pharma,banks,energy,electronics,0.493435,0.477581,-0.011712,-0.014769,0.003057,-0.011712,1
2026-03-03,Tue,3,electronics,banks,energy,pharma,food,retail,0.573905,0.556497,-0.031102,-0.019243,-0.011859,-0.031102,0
2026-03-04,Wed,3,trading,finance,transport,auto,machinery,utilities,0.029125,0.022883,-0.014488,-0.02857,0.014082,-0.014488,1
2026-03-05,Thu,3,food,retail,pharma,banks,electronics,energy,0.155733,0.152757,-0.019262,-0.008032,-0.011229,-0.019262,0
2026-03-06,Fri,3,banks,trading,energy,utilities,retail,food,0.234902,0.230188,0.002516,0.00549,-0.002973,0.002516,0
2026-03-09,Mon,3,retail,food,pharma,banks,energy,electronics,0.319865,0.30346,0.030478,0.009293,0.021185,0.030478,1
2026-03-10,Tue,3,retail,food,pharma,banks,electronics,energy,0.468323,0.452172,-0.010294,0.003047,-0.013341,-0.010294,0
2026-03-11,Wed,3,retail,pharma,food,banks,electronics,energy,0.056438,0.051258,-0.000778,0.002029,-0.002807,-0.000778,0
2026-03-12,Thu,3,energy,electronics,banks,pharma,food,retail,0.220213,0.215041,-0.006313,-0.00785,0.001537,-0.006313,1
2026-03-13,Fri,3,trading,banks,electronics,pharma,retail,food,0.082769,0.076704,0.012338,0.001893,0.010445,0.012338,1
2026-03-16,Mon,3,retail,pharma,food,banks,electronics,energy,0.193034,0.184303,0.002175,-0.004098,0.006273,0.002175,1
2026-03-17,Tue,3,food,retail,pharma,electronics,energy,banks,0.112138,0.107901,0.00241,0.000729,0.001681,0.00241,1
2026-03-18,Wed,3,energy,electronics,banks,pharma,food,retail,0.393723,0.377887,0.016502,0.003981,0.012521,0.016502,1
2026-03-19,Thu,3,banks,trading,energy,retail,pharma,food,0.166957,0.15314,-0.006714,-0.012532,0.005818,-0.006714,1
2026-03-23,Mon,3,energy,electronics,trading,pharma,retail,food,0.127146,0.123189,-0.026391,0.013516,-0.039907,-0.026391,0
2026-03-24,Tue,3,electronics,energy,banks,food,pharma,retail,0.125301,0.117591,-0.004641,0.010327,-0.014968,-0.004641,0
2026-03-25,Wed,3,energy,electronics,banks,pharma,food,retail,0.196868,0.18939,-0.005615,0.023119,-0.028734,-0.005615,0
2026-03-26,Thu,3,retail,food,pharma,electronics,banks,energy,0.222678,0.216115,-0.012067,9.1e-05,-0.012158,-0.012067,0
2026-03-27,Fri,3,energy,banks,trading,pharma,food,retail,0.352208,0.338775,0.017997,0.019519,-0.001522,0.017997,0
2026-03-30,Mon,3,retail,pharma,utilities,banks,energy,electronics,0.120593,0.112567,0.021791,0.011524,0.010267,0.021791,1
