date,weekday,month,long_1,long_2,long_3,short_1,short_2,short_3,signal_strength,signal_spread,long_return,short_return,strategy_return,long_only_return,is_correct
2021-04-20,Tue,4,electronics,banks,energy,retail,pharma,utilities,0.123921,0.118645,-0.009503,-0.008768,-0.000735,-0.009503,0
2021-04-21,Wed,4,utilities,food,pharma,banks,electronics,energy,0.636111,0.620622,-0.001815,-0.005964,0.004149,-0.001815,1
2021-04-22,Thu,4,energy,banks,electronics,pharma,food,utilities,0.244642,0.240755,-0.0015,0.00448,-0.00598,-0.0015,0
2021-04-23,Fri,4,food,retail,utilities,banks,energy,trading,0.091392,0.084469,0.003828,0.000464,0.003364,0.003828,1
2021-04-26,Mon,4,energy,banks,trading,pharma,food,utilities,0.309873,0.303844,-0.00215,-0.003995,0.001845,-0.00215,1
2021-04-27,Tue,4,energy,electronics,banks,food,pharma,utilities,0.383928,0.37091,0.001902,-0.010096,0.011998,0.001902,1
2021-04-28,Wed,4,electronics,energy,banks,food,pharma,utilities,0.318698,0.309147,0.00736,0.001263,0.006097,0.00736,1
2021-04-30,Fri,4,banks,energy,electronics,food,pharma,utilities,0.347264,0.337594,-0.00778,-0.003139,-0.004641,-0.00778,0
2021-05-06,Thu,5,utilities,food,pharma,banks,electronics,energy,0.353874,0.348719,0.007592,0.009111,-0.001519,0.007592,0
2021-05-07,Fri,5,utilities,pharma,retail,electronics,energy,banks,0.14335,0.136716,0.000564,-0.005158,0.005723,0.000564,1
2021-05-10,Mon,5,energy,electronics,trading,pharma,utilities,food,0.169535,0.165833,0.008696,0.004687,0.004009,0.008696,1
2021-05-11,Tue,5,food,utilities,retail,electronics,trading,energy,0.126341,0.12408,-0.003845,-0.013179,0.009334,-0.003845,1
2021-05-12,Wed,5,food,retail,pharma,electronics,energy,trading,0.062387,0.053223,-0.004312,-0.025491,0.021179,-0.004312,1
2021-05-13,Thu,5,banks,electronics,energy,retail,pharma,utilities,0.245263,0.227486,-0.002702,-0.000911,-0.001791,-0.002702,0
2021-05-14,Fri,5,utilities,pharma,retail,energy,electronics,banks,0.390896,0.371992,0.003414,-0.007937,0.011351,0.003414,1
2021-05-17,Mon,5,trading,energy,electronics,retail,utilities,food,0.223258,0.212942,-0.011122,-0.000311,-0.010811,-0.011122,0
2021-05-18,Tue,5,electronics,banks,energy,food,pharma,utilities,0.468799,0.455776,0.010032,0.00048,0.009552,0.010032,1
2021-05-19,Wed,5,utilities,food,pharma,trading,electronics,energy,0.378234,0.372481,0.000322,-0.004218,0.00454,0.000322,1
2021-05-20,Thu,5,utilities,food,retail,trading,electronics,energy,0.423773,0.418312,-0.000929,0.002329,-0.003257,-0.000929,0
2021-05-21,Fri,5,utilities,pharma,retail,banks,energy,electronics,0.491236,0.474441,-0.006204,-0.016834,0.01063,-0.006204,1
2021-05-24,Mon,5,electronics,energy,banks,retail,pharma,utilities,0.096079,0.093621,0.009095,0.001432,0.007663,0.009095,1
2021-05-25,Tue,5,trading,energy,electronics,utilities,retail,food,0.139306,0.134225,-0.002365,0.000706,-0.003071,-0.002365,0
2021-05-26,Wed,5,food,retail,pharma,electronics,energy,trading,0.128491,0.1239,0.001402,0.003344,-0.001941,0.001402,0
2021-05-27,Thu,5,electronics,energy,banks,retail,pharma,utilities,0.271015,0.267021,-0.006728,0.000465,-0.007193,-0.006728,0
2021-05-28,Fri,5,electronics,energy,banks,retail,pharma,utilities,0.510352,0.496754,0.007516,0.004237,0.003279,0.007516,1
2021-06-01,Tue,6,utilities,pharma,retail,banks,energy,electronics,0.089841,0.087517,-0.00962,-0.000209,-0.009411,-0.00962,0
2021-06-02,Wed,6,electronics,energy,banks,retail,pharma,utilities,1.252795,1.218925,0.002579,-0.000482,0.00306,0.002579,1
2021-06-03,Thu,6,electronics,energy,banks,retail,food,utilities,0.065217,0.064128,0.005995,0.007513,-0.001518,0.005995,0
2021-06-04,Fri,6,food,retail,utilities,trading,energy,electronics,0.153796,0.152146,-0.000799,0.007586,-0.008386,-0.000799,0
2021-06-07,Mon,6,utilities,pharma,retail,energy,banks,electronics,0.158749,0.153332,-0.004481,-0.009377,0.004896,-0.004481,1
2021-06-08,Tue,6,food,retail,pharma,trading,energy,electronics,0.202232,0.20044,0.020241,0.001347,0.018894,0.020241,1
2021-06-09,Wed,6,electronics,energy,banks,retail,pharma,utilities,0.50008,0.487002,-0.004154,-0.003366,-0.000788,-0.004154,0
2021-06-10,Thu,6,utilities,pharma,food,trading,energy,electronics,0.515284,0.506081,-0.005277,-0.001124,-0.004153,-0.005277,0
2021-06-11,Fri,6,utilities,retail,pharma,energy,banks,electronics,0.75504,0.738026,-0.001108,-0.004021,0.002914,-0.001108,1
2021-06-14,Mon,6,electronics,banks,energy,pharma,retail,utilities,0.082362,0.080017,-0.001337,-0.006026,0.004689,-0.001337,1
2021-06-15,Tue,6,retail,utilities,pharma,banks,energy,electronics,0.378479,0.374485,0.007244,0.008961,-0.001716,0.007244,0
2021-06-16,Wed,6,electronics,banks,energy,pharma,retail,utilities,0.123144,0.118771,0.004764,-0.001955,0.006719,0.004764,1
2021-06-17,Thu,6,electronics,banks,energy,pharma,retail,utilities,0.349129,0.335596,-0.007048,-0.007338,0.000289,-0.007048,1
2021-06-18,Fri,6,retail,pharma,utilities,energy,electronics,banks,1.324547,1.315259,-0.00141,-0.010932,0.009522,-0.00141,1
2021-06-21,Mon,6,electronics,banks,energy,pharma,retail,utilities,0.177095,0.156466,-0.000464,-0.005513,0.005049,-0.000464,1
2021-06-22,Tue,6,trading,banks,energy,food,retail,pharma,0.468156,0.462699,0.011408,0.010359,0.001049,0.011408,1
2021-06-23,Wed,6,trading,energy,banks,retail,pharma,food,0.004132,0.003841,0.001961,-0.003123,0.005084,0.001961,1
2021-06-24,Thu,6,electronics,banks,energy,retail,pharma,utilities,0.291694,0.287982,0.004679,0.001645,0.003034,0.004679,1
2021-06-25,Fri,6,utilities,pharma,retail,energy,banks,electronics,0.049993,0.044061,0.002079,0.001099,0.00098,0.002079,1
2021-06-28,Mon,6,utilities,pharma,retail,energy,banks,electronics,0.077853,0.071391,0.000564,-0.001251,0.001815,0.000564,1
2021-06-29,Tue,6,pharma,retail,utilities,electronics,energy,banks,0.597318,0.589813,0.000663,-0.003656,0.00432,0.000663,1
2021-06-30,Wed,6,electronics,banks,energy,retail,pharma,utilities,0.141156,0.135926,-0.00611,-0.004464,-0.001646,-0.00611,0
2021-07-01,Thu,7,utilities,pharma,food,trading,banks,electronics,0.004542,0.003282,-0.003488,-0.006272,0.002784,-0.003488,1
2021-07-02,Fri,7,energy,banks,trading,food,pharma,retail,0.080709,0.078469,0.006299,-1.1e-05,0.00631,0.006299,1
2021-07-06,Tue,7,utilities,pharma,retail,banks,energy,electronics,0.357285,0.350127,-0.005696,0.003956,-0.009652,-0.005696,0
2021-07-07,Wed,7,pharma,retail,food,trading,banks,energy,0.508676,0.499488,-0.000339,-0.009943,0.009604,-0.000339,1
2021-07-08,Thu,7,utilities,pharma,retail,banks,energy,electronics,0.265012,0.26229,-0.007678,-0.004713,-0.002965,-0.007678,0
2021-07-09,Fri,7,retail,pharma,food,trading,banks,energy,0.114769,0.108674,0.007309,0.014601,-0.007293,0.007309,0
2021-07-12,Mon,7,energy,banks,trading,food,retail,pharma,0.676108,0.662208,0.000174,0.002612,-0.002437,0.000174,0
2021-07-13,Tue,7,energy,banks,trading,food,retail,pharma,0.207633,0.202726,0.006644,0.005296,0.001348,0.006644,1
2021-07-14,Wed,7,pharma,retail,food,trading,banks,energy,0.393009,0.382581,0.004011,0.001108,0.002903,0.004011,1
2021-07-15,Thu,7,pharma,utilities,retail,trading,banks,energy,0.529185,0.522821,-0.009113,-0.003579,-0.005533,-0.009113,0
2021-07-16,Fri,7,pharma,retail,food,trading,banks,energy,0.090344,0.088645,-0.001387,0.000339,-0.001727,-0.001387,0
2021-07-19,Mon,7,pharma,retail,food,trading,banks,energy,0.619805,0.608839,-0.001568,-0.004405,0.002837,-0.001568,1
2021-07-20,Tue,7,retail,pharma,food,trading,banks,energy,0.373461,0.356409,0.003476,-0.002292,0.005767,0.003476,1
2021-07-21,Wed,7,energy,banks,trading,food,pharma,retail,0.298196,0.285035,-0.011503,-0.001954,-0.009549,-0.011503,0
2021-07-26,Mon,7,energy,banks,trading,utilities,retail,pharma,0.604363,0.592408,-0.004646,-0.006051,0.001406,-0.004646,1
2021-07-27,Tue,7,energy,banks,trading,utilities,retail,pharma,0.446423,0.438807,0.003465,-0.002311,0.005776,0.003465,1
2021-07-28,Wed,7,pharma,utilities,retail,trading,banks,energy,0.20338,0.199842,0.001424,0.001939,-0.000515,0.001424,0
2021-07-29,Thu,7,energy,banks,trading,food,pharma,utilities,0.232482,0.229952,-0.001452,-0.009592,0.008139,-0.001452,1
2021-07-30,Fri,7,energy,banks,electronics,food,retail,pharma,0.059044,0.056348,-0.007761,-0.010409,0.002647,-0.007761,1
2021-08-02,Mon,8,retail,pharma,food,electronics,banks,energy,0.014586,0.012653,0.0053,0.017047,-0.011747,0.0053,0
2021-08-03,Tue,8,pharma,retail,utilities,trading,banks,energy,0.172132,0.168877,-0.002325,0.003638,-0.005964,-0.002325,0
2021-08-04,Wed,8,utilities,food,pharma,electronics,banks,trading,0.080267,0.073663,-0.00367,-0.005947,0.002277,-0.00367,1
2021-08-05,Thu,8,retail,pharma,food,trading,banks,energy,0.077491,0.074049,0.004066,0.004692,-0.000625,0.004066,0
2021-08-06,Fri,8,energy,banks,trading,retail,food,pharma,0.112649,0.110177,0.006311,0.000794,0.005518,0.006311,1
2021-08-10,Tue,8,energy,trading,banks,food,pharma,utilities,0.508522,0.499739,-0.00277,0.007322,-0.010092,-0.00277,0
2021-08-11,Wed,8,energy,banks,trading,food,pharma,utilities,0.294205,0.29009,0.003984,0.000402,0.003582,0.003984,1
2021-08-12,Thu,8,energy,banks,trading,food,pharma,utilities,0.457857,0.451331,-0.002037,-0.00459,0.002552,-0.002037,1
2021-08-13,Fri,8,utilities,pharma,food,banks,trading,energy,0.183709,0.180564,-0.000556,-0.005469,0.004912,-0.000556,1
2021-08-16,Mon,8,utilities,pharma,food,banks,trading,energy,0.53427,0.523564,-0.012886,-0.012793,-9.3e-05,-0.012886,0
2021-08-17,Tue,8,utilities,pharma,food,trading,banks,energy,0.708459,0.693394,0.000188,-0.005303,0.005491,0.000188,1
2021-08-18,Wed,8,retail,utilities,pharma,trading,banks,energy,0.351138,0.344966,0.000289,0.004363,-0.004074,0.000289,0
2021-08-19,Thu,8,trading,energy,banks,food,utilities,pharma,0.369801,0.361594,-0.013091,0.004385,-0.017476,-0.013091,0
2021-08-20,Fri,8,utilities,pharma,food,trading,banks,energy,0.696017,0.685088,0.004609,-0.005744,0.010353,0.004609,1
2021-08-23,Mon,8,pharma,utilities,retail,banks,energy,trading,0.266773,0.260458,0.001249,0.003086,-0.001837,0.001249,0
2021-08-24,Tue,8,energy,banks,trading,retail,utilities,pharma,0.542329,0.530416,0.001654,0.000509,0.001146,0.001654,1
2021-08-25,Wed,8,energy,trading,banks,retail,utilities,pharma,0.568865,0.558779,-0.002553,-0.001387,-0.001166,-0.002553,0
2021-08-26,Thu,8,energy,trading,banks,food,utilities,pharma,0.352375,0.344973,-0.002386,-0.00087,-0.001515,-0.002386,0
2021-08-27,Fri,8,trading,energy,banks,food,pharma,utilities,0.120884,0.114836,-0.002642,-0.00463,0.001988,-0.002642,1
2021-08-30,Mon,8,energy,banks,electronics,food,utilities,pharma,0.475467,0.461316,0.001378,0.001675,-0.000297,0.001378,0
2021-08-31,Tue,8,pharma,utilities,retail,banks,trading,energy,0.439136,0.430625,0.00548,0.005801,-0.00032,0.00548,0
2021-09-01,Wed,9,energy,trading,banks,retail,utilities,pharma,0.138943,0.136886,0.010202,0.009014,0.001188,0.010202,1
2021-09-02,Thu,9,utilities,pharma,food,banks,trading,energy,0.221666,0.218277,-0.000547,-0.001839,0.001291,-0.000547,1
2021-09-03,Fri,9,energy,electronics,banks,food,pharma,utilities,0.036542,0.035246,0.012315,0.009992,0.002323,0.012315,1
2021-09-07,Tue,9,utilities,pharma,food,banks,electronics,energy,0.064539,0.063271,-0.004844,0.00218,-0.007024,-0.004844,0
2021-09-08,Wed,9,trading,energy,banks,retail,pharma,utilities,0.284874,0.277598,0.010267,0.006367,0.0039,0.010267,1
2021-09-09,Thu,9,utilities,pharma,food,banks,trading,energy,0.458264,0.447921,0.007646,-0.002545,0.010191,0.007646,1
2021-09-10,Fri,9,trading,energy,banks,food,pharma,utilities,0.351655,0.3438,0.007992,-0.001864,0.009857,0.007992,1
2021-09-13,Mon,9,trading,energy,banks,food,utilities,pharma,0.462717,0.454744,0.008993,0.003548,0.005445,0.008993,1
2021-09-14,Tue,9,energy,trading,electronics,food,pharma,utilities,0.549895,0.53686,0.002608,-0.001494,0.004102,0.002608,1
2021-09-15,Wed,9,utilities,pharma,retail,banks,electronics,energy,0.220728,0.214988,-0.00371,-0.001267,-0.002442,-0.00371,0
2021-09-16,Thu,9,energy,electronics,banks,retail,pharma,utilities,0.276333,0.269336,-0.004988,0.003173,-0.008161,-0.004988,0
2021-09-17,Fri,9,trading,banks,electronics,food,utilities,pharma,0.061523,0.058646,0.000774,0.002872,-0.002098,0.000774,0
2021-09-21,Tue,9,trading,banks,electronics,food,utilities,pharma,0.124192,0.116329,0.006882,0.009209,-0.002328,0.006882,0
2021-09-22,Wed,9,trading,banks,energy,retail,utilities,pharma,0.030501,0.029622,-0.006863,-0.002448,-0.004415,-0.006863,0
2021-09-24,Fri,9,electronics,energy,trading,retail,pharma,utilities,0.414688,0.403838,0.000936,-0.001901,0.002837,0.000936,1
2021-09-27,Mon,9,energy,trading,electronics,food,pharma,utilities,0.065184,0.063717,0.000132,-0.006812,0.006943,0.000132,1
2021-09-28,Tue,9,energy,trading,electronics,retail,utilities,pharma,1.130374,1.106977,0.002,-0.004747,0.006748,0.002,1
2021-09-29,Wed,9,energy,banks,trading,food,utilities,pharma,0.927763,0.896388,-0.00464,-0.000408,-0.004232,-0.00464,0
2021-09-30,Thu,9,pharma,utilities,food,trading,banks,energy,0.543441,0.526327,-0.004791,-0.005563,0.000772,-0.004791,1
2021-10-01,Fri,10,energy,banks,trading,food,utilities,pharma,0.173053,0.16427,-0.010457,-0.008373,-0.002084,-0.010457,0
2021-10-04,Mon,10,energy,electronics,banks,utilities,food,pharma,0.509597,0.498378,-0.020086,0.006697,-0.026783,-0.020086,0
2021-10-05,Tue,10,energy,banks,trading,food,pharma,utilities,0.437322,0.420859,0.004916,-0.004426,0.009342,0.004916,1
2021-10-06,Wed,10,utilities,pharma,food,trading,banks,energy,0.11107,0.103803,0.0042,0.011615,-0.007415,0.0042,0
2021-10-07,Thu,10,utilities,pharma,food,trading,banks,energy,0.524568,0.508221,-0.004069,-0.002089,-0.00198,-0.004069,0
2021-10-08,Fri,10,utilities,pharma,food,energy,banks,trading,0.097954,0.089088,0.002369,-0.008154,0.010524,0.002369,1
2021-10-11,Mon,10,energy,banks,trading,food,utilities,pharma,0.337573,0.327574,0.022631,-0.005851,0.028482,0.022631,1
2021-10-12,Tue,10,energy,banks,trading,food,pharma,utilities,0.25623,0.250126,0.002727,-0.007418,0.010145,0.002727,1
2021-10-13,Wed,10,energy,banks,trading,food,utilities,pharma,0.159754,0.154776,-0.0076,-0.00443,-0.00317,-0.0076,0
2021-10-14,Thu,10,utilities,pharma,food,trading,banks,energy,0.26558,0.258313,0.000561,-0.007024,0.007585,0.000561,1
2021-10-15,Fri,10,utilities,pharma,food,banks,trading,energy,0.215902,0.206547,-2.8e-05,0.008002,-0.00803,-2.8e-05,0
2021-10-18,Mon,10,energy,electronics,banks,utilities,food,pharma,0.134229,0.129856,0.003604,-0.015172,0.018776,0.003604,1
2021-10-19,Tue,10,energy,banks,trading,food,utilities,pharma,0.261369,0.253127,-0.009278,-0.00417,-0.005108,-0.009278,0
2021-10-20,Wed,10,pharma,utilities,food,trading,banks,energy,0.299669,0.290572,-0.002598,-0.008531,0.005933,-0.002598,1
2021-10-21,Thu,10,utilities,pharma,food,trading,banks,energy,0.198843,0.191363,-0.010629,-0.009999,-0.00063,-0.010629,0
2021-10-22,Fri,10,pharma,food,utilities,banks,trading,energy,0.360408,0.347142,-0.00471,0.000311,-0.005021,-0.00471,0
2021-10-25,Mon,10,electronics,energy,trading,retail,pharma,food,0.006317,0.005459,0.008234,-0.003617,0.011851,0.008234,1
2021-10-26,Tue,10,energy,trading,banks,retail,food,pharma,0.291172,0.278817,-0.00237,0.004157,-0.006527,-0.00237,0
2021-10-27,Wed,10,pharma,food,utilities,banks,trading,energy,0.196455,0.188622,-0.007346,-0.00225,-0.005096,-0.007346,0
2021-10-28,Thu,10,pharma,food,retail,banks,trading,energy,0.443167,0.425424,-0.000708,-0.006042,0.005335,-0.000708,1
2021-10-29,Fri,10,electronics,energy,banks,retail,pharma,food,0.078778,0.071833,-0.000165,0.001871,-0.002036,-0.000165,0
2021-11-01,Mon,11,pharma,food,retail,banks,trading,energy,0.475394,0.456044,0.006464,0.008295,-0.001831,0.006464,0
2021-11-02,Tue,11,energy,trading,banks,retail,food,pharma,0.152586,0.146207,-0.010374,-0.008341,-0.002033,-0.010374,0
2021-11-04,Thu,11,pharma,utilities,food,banks,trading,energy,0.215065,0.20785,-0.00308,0.002688,-0.005767,-0.00308,0
2021-11-05,Fri,11,pharma,food,retail,banks,trading,energy,0.344972,0.330298,-0.001202,-0.005783,0.004581,-0.001202,1
2021-11-08,Mon,11,energy,electronics,banks,retail,food,pharma,0.090444,0.086912,-0.003401,-0.012386,0.008985,-0.003401,1
2021-11-09,Tue,11,energy,trading,banks,retail,food,pharma,0.529361,0.508408,-0.015897,-0.003954,-0.011943,-0.015897,0
2021-11-10,Wed,11,pharma,food,retail,banks,energy,electronics,0.028901,0.026936,-0.003731,-0.003595,-0.000135,-0.003731,0
2021-11-11,Thu,11,pharma,food,retail,banks,trading,energy,0.507214,0.478742,0.004548,-0.001541,0.006089,0.004548,1
2021-11-12,Fri,11,energy,trading,banks,retail,food,pharma,0.270204,0.257995,0.003323,0.002736,0.000587,0.003323,1
2021-11-15,Mon,11,utilities,retail,pharma,banks,trading,energy,0.128105,0.124385,-0.00037,-0.005312,0.004942,-0.00037,1
2021-11-16,Tue,11,pharma,food,utilities,banks,trading,energy,0.180822,0.173842,-0.00195,-0.003508,0.001558,-0.00195,1
2021-11-17,Wed,11,pharma,food,retail,banks,trading,energy,0.151076,0.144236,-0.007704,-0.007088,-0.000616,-0.007704,0
2021-11-18,Thu,11,pharma,food,retail,banks,trading,energy,0.330673,0.315,-0.00866,-0.007991,-0.000669,-0.00866,0
2021-11-19,Fri,11,pharma,food,retail,trading,banks,energy,0.218287,0.20968,0.000866,0.007195,-0.00633,0.000866,0
2021-11-22,Mon,11,pharma,food,retail,trading,banks,energy,0.650844,0.62663,0.006179,0.002937,0.003242,0.006179,1
2021-11-24,Wed,11,energy,banks,trading,retail,food,pharma,0.206978,0.199925,-0.000544,-0.007475,0.00693,-0.000544,1
2021-11-26,Fri,11,energy,banks,trading,retail,food,pharma,0.059454,0.057322,-0.015985,-0.010554,-0.005431,-0.015985,0
2021-11-29,Mon,11,pharma,food,retail,banks,electronics,energy,0.565941,0.543998,-0.015711,-0.00617,-0.009541,-0.015711,0
2021-11-30,Tue,11,utilities,pharma,retail,banks,trading,energy,0.343458,0.335571,-0.027474,-0.012774,-0.0147,-0.027474,0
2021-12-01,Wed,12,trading,energy,banks,retail,pharma,utilities,0.337938,0.323337,0.015042,-0.00059,0.015633,0.015042,1
2021-12-02,Thu,12,food,pharma,retail,electronics,banks,energy,0.299598,0.289008,-0.00874,0.005664,-0.014404,-0.00874,0
2021-12-03,Fri,12,energy,banks,electronics,retail,pharma,food,0.629507,0.606156,0.011413,0.001428,0.009985,0.011413,1
2021-12-06,Mon,12,food,pharma,retail,trading,banks,energy,0.593383,0.576705,-0.007434,0.003874,-0.011308,-0.007434,0
2021-12-07,Tue,12,utilities,pharma,retail,banks,energy,trading,0.133676,0.120594,0.008656,0.020425,-0.011769,0.008656,0
2021-12-08,Wed,12,electronics,banks,steel,auto,food,realestate,0.035864,0.031096,-0.001633,-0.003854,0.002221,-0.001633,1
2021-12-09,Thu,12,utilities,pharma,retail,banks,trading,energy,0.082313,0.080482,-0.002618,-0.006212,0.003594,-0.002618,1
2021-12-10,Fri,12,food,pharma,retail,trading,banks,energy,0.297672,0.287974,0.001112,-0.008477,0.009589,0.001112,1
2021-12-13,Mon,12,utilities,pharma,retail,banks,trading,energy,0.461023,0.451077,-0.005596,-0.009674,0.004078,-0.005596,1
2021-12-14,Tue,12,food,pharma,retail,trading,banks,energy,0.715793,0.697447,0.003856,-0.00265,0.006506,0.003856,1
2021-12-15,Wed,12,energy,trading,banks,food,retail,utilities,0.200788,0.195505,0.008398,0.001881,0.006517,0.008398,1
2021-12-16,Thu,12,food,retail,utilities,banks,trading,energy,0.829259,0.807471,0.002067,0.004775,-0.002708,0.002067,0
2021-12-17,Fri,12,energy,banks,trading,retail,pharma,food,0.332701,0.322389,-0.001115,-0.008189,0.007074,-0.001115,1
2021-12-20,Mon,12,trading,energy,banks,food,retail,utilities,0.090324,0.081954,-0.021975,-0.012935,-0.00904,-0.021975,0
2021-12-21,Tue,12,food,pharma,retail,trading,banks,energy,0.440851,0.42473,0.00929,0.003324,0.005966,0.00929,1
2021-12-22,Wed,12,energy,banks,electronics,retail,pharma,food,0.473957,0.454157,-0.006739,-0.001347,-0.005392,-0.006739,0
2021-12-23,Thu,12,retail,food,utilities,banks,trading,energy,0.131205,0.126404,-0.003481,0.006959,-0.010439,-0.003481,0
2021-12-27,Mon,12,banks,electronics,energy,utilities,pharma,food,0.039132,0.037268,-0.003493,-0.001827,-0.001666,-0.003493,0
2021-12-28,Tue,12,banks,electronics,energy,utilities,pharma,food,0.156471,0.150475,-0.003404,0.002769,-0.006173,-0.003404,0
2021-12-29,Wed,12,energy,banks,electronics,pharma,retail,food,0.026029,0.025231,0.006614,0.004404,0.00221,0.006614,1
2021-12-30,Thu,12,food,retail,pharma,banks,trading,energy,0.167807,0.1631,-0.003487,0.001164,-0.004651,-0.003487,0
2022-01-04,Tue,1,utilities,realestate,auto,banks,it_services,electronics,0.004634,0.004031,0.011372,0.004666,0.006706,0.011372,1
2022-01-05,Wed,1,energy,trading,banks,pharma,retail,food,0.989821,0.965971,0.01109,-0.000129,0.011219,0.01109,1
2022-01-06,Thu,1,utilities,food,retail,energy,banks,electronics,0.05527,0.045024,-0.00595,-0.01101,0.00506,-0.00595,1
2022-01-07,Fri,1,energy,trading,banks,pharma,retail,food,0.675125,0.6626,0.008194,-0.012029,0.020224,0.008194,1
2022-01-11,Tue,1,energy,trading,banks,pharma,food,retail,0.21964,0.21532,0.001646,-0.008033,0.00968,0.001646,1
2022-01-12,Wed,1,energy,banks,trading,utilities,retail,food,0.445364,0.435082,0.00973,0.001535,0.008196,0.00973,1
2022-01-13,Thu,1,energy,banks,trading,utilities,retail,food,0.166779,0.162625,0.01308,-0.003794,0.016874,0.01308,1
2022-01-14,Fri,1,energy,trading,banks,food,retail,pharma,0.201899,0.191879,0.00337,-0.002928,0.006298,0.00337,1
2022-01-18,Tue,1,food,utilities,retail,trading,energy,banks,0.09947,0.096005,-0.007519,-0.010614,0.003095,-0.007519,1
2022-01-19,Wed,1,energy,trading,banks,food,pharma,retail,0.477746,0.456525,-0.011149,-0.013316,0.002167,-0.011149,1
2022-01-20,Thu,1,food,retail,utilities,trading,banks,energy,0.391107,0.381569,0.010762,0.009699,0.001063,0.010762,1
2022-01-21,Fri,1,food,retail,utilities,energy,electronics,banks,0.109669,0.097279,0.00597,-0.000614,0.006584,0.00597,1
2022-01-24,Mon,1,food,retail,utilities,electronics,energy,banks,0.332313,0.306791,0.009243,0.02318,-0.013937,0.009243,0
2022-01-25,Tue,1,energy,banks,trading,utilities,food,retail,0.378391,0.369777,-0.007771,0.001638,-0.009409,-0.007771,0
2022-01-26,Wed,1,energy,banks,trading,pharma,food,retail,0.973703,0.950252,-0.003748,-0.002918,-0.00083,-0.003748,0
2022-01-27,Thu,1,trading,realestate,energy,it_services,retail,pharma,0.021743,0.016021,-0.008817,-0.019737,0.01092,-0.008817,1
2022-01-28,Fri,1,food,retail,utilities,trading,banks,energy,0.391119,0.38306,0.008098,0.015313,-0.007215,0.008098,0
2022-01-31,Mon,1,pharma,retail,utilities,banks,trading,energy,0.542673,0.525642,0.004269,0.007776,-0.003508,0.004269,0
2022-02-01,Tue,2,pharma,retail,utilities,electronics,energy,trading,0.190771,0.180393,-0.00042,-0.011503,0.011083,-0.00042,1
2022-02-02,Wed,2,energy,banks,trading,retail,utilities,food,0.737619,0.722486,0.017727,-0.001218,0.018946,0.017727,1
2022-02-03,Thu,2,pharma,retail,utilities,banks,trading,energy,0.385265,0.377049,0.008939,0.002007,0.006932,0.008939,1
2022-02-04,Fri,2,food,utilities,retail,electronics,energy,banks,0.176477,0.159881,0.001534,0.00497,-0.003437,0.001534,0
2022-02-07,Mon,2,energy,banks,trading,food,pharma,utilities,0.334127,0.329187,0.008991,0.003631,0.00536,0.008991,1
2022-02-08,Tue,2,energy,banks,trading,food,pharma,utilities,0.146436,0.144614,-0.003102,0.009641,-0.012743,-0.003102,0
2022-02-09,Wed,2,pharma,retail,utilities,banks,trading,energy,0.200876,0.195863,-0.00356,-0.002428,-0.001132,-0.00356,0
2022-02-10,Thu,2,banks,energy,electronics,retail,food,utilities,0.288242,0.276806,-0.002621,0.000483,-0.003104,-0.002621,0
2022-02-14,Mon,2,energy,trading,banks,utilities,retail,pharma,0.539143,0.52007,0.013398,0.005005,0.008393,0.013398,1
2022-02-15,Tue,2,food,utilities,pharma,electronics,energy,banks,0.150879,0.143655,-0.001119,-0.009682,0.008563,-0.001119,1
2022-02-16,Wed,2,pharma,machinery,retail,food,trading,realestate,0.024492,0.020867,-0.001767,0.00205,-0.003817,-0.001767,0
2022-02-17,Thu,2,banks,energy,electronics,pharma,utilities,food,0.107785,0.104541,-0.004958,-0.006239,0.001281,-0.004958,1
2022-02-18,Fri,2,food,utilities,retail,energy,electronics,banks,0.217315,0.202734,0.001204,-0.003912,0.005115,0.001204,1
2022-02-22,Tue,2,energy,trading,electronics,utilities,retail,pharma,0.076363,0.072759,-0.007404,0.003165,-0.010569,-0.007404,0
2022-02-24,Thu,2,food,utilities,pharma,energy,electronics,banks,0.126374,0.116364,-0.006254,0.008225,-0.014479,-0.006254,0
2022-02-25,Fri,2,pharma,retail,utilities,banks,trading,energy,0.169416,0.163011,-0.016655,0.000604,-0.017259,-0.016655,0
2022-02-28,Mon,2,pharma,retail,utilities,electronics,energy,trading,0.357842,0.338525,0.008134,-0.001353,0.009488,0.008134,1
2022-03-01,Tue,3,energy,banks,trading,food,pharma,retail,0.053742,0.050148,-0.002555,-0.003106,0.000551,-0.002555,1
2022-03-02,Wed,3,utilities,food,pharma,trading,banks,electronics,0.126796,0.108823,-0.010919,-0.006977,-0.003942,-0.010919,0
2022-03-03,Thu,3,electronics,banks,trading,pharma,food,utilities,0.168428,0.141667,0.008138,0.005441,0.002696,0.008138,1
2022-03-04,Fri,3,utilities,food,pharma,trading,banks,energy,0.227793,0.223038,-0.012305,-0.004135,-0.00817,-0.012305,0
2022-03-07,Mon,3,utilities,food,pharma,electronics,banks,energy,0.115409,0.112664,0.000253,-0.012083,0.012336,0.000253,1
2022-03-08,Tue,3,utilities,food,pharma,energy,trading,electronics,0.160619,0.131194,-0.02063,-0.03321,0.01258,-0.02063,1
2022-03-09,Wed,3,energy,banks,trading,utilities,pharma,retail,0.833917,0.811115,-0.001439,-0.008912,0.007472,-0.001439,1
2022-03-10,Thu,3,machinery,retail,it_services,food,energy,utilities,0.045218,0.035644,0.009295,0.030598,-0.021303,0.009295,0
2022-03-11,Fri,3,energy,banks,electronics,pharma,food,utilities,0.370765,0.365002,0.019504,-0.002685,0.022189,0.019504,1
2022-03-14,Mon,3,energy,banks,trading,food,pharma,retail,0.11182,0.099547,0.004897,0.003147,0.00175,0.004897,1
2022-03-15,Tue,3,utilities,food,pharma,energy,banks,electronics,0.247569,0.240453,0.014752,0.00627,0.008483,0.014752,1
2022-03-16,Wed,3,retail,pharma,utilities,trading,banks,energy,0.915881,0.894727,0.010544,0.003615,0.006929,0.010544,1
2022-03-17,Thu,3,electronics,banks,trading,pharma,food,utilities,0.129157,0.10684,0.004588,-0.00509,0.009677,0.004588,1
2022-03-18,Fri,3,electronics,banks,trading,pharma,food,utilities,0.302935,0.283492,-0.000217,-0.004558,0.004341,-0.000217,1
2022-03-22,Tue,3,retail,pharma,utilities,trading,banks,energy,0.081248,0.073887,-0.002032,0.019103,-0.021135,-0.002032,0
2022-03-23,Wed,3,retail,pharma,utilities,trading,banks,energy,0.116907,0.106812,0.011098,0.008046,0.003052,0.011098,1
2022-03-24,Thu,3,energy,banks,trading,utilities,pharma,retail,0.222438,0.207729,0.00259,0.002389,0.000201,0.00259,1
2022-03-25,Fri,3,retail,pharma,utilities,trading,banks,energy,0.243428,0.226464,0.000154,0.000322,-0.000167,0.000154,0
2022-03-28,Mon,3,electronics,trading,banks,pharma,food,utilities,0.121333,0.111669,-0.007431,-0.002838,-0.004593,-0.007431,0
2022-03-29,Tue,3,utilities,retail,food,trading,banks,energy,0.48244,0.467199,0.006238,-0.001699,0.007936,0.006238,1
2022-03-30,Wed,3,retail,pharma,utilities,trading,banks,energy,0.139364,0.125362,-0.009548,-0.004939,-0.004609,-0.009548,0
2022-03-31,Thu,3,utilities,food,retail,energy,trading,electronics,0.115462,0.112242,-0.009187,-0.001436,-0.007751,-0.009187,0
2022-04-01,Fri,4,utilities,food,retail,banks,trading,electronics,0.294581,0.279038,0.007324,0.007629,-0.000305,0.007324,0
2022-04-04,Mon,4,retail,pharma,utilities,trading,banks,energy,0.094404,0.086086,0.004178,0.007353,-0.003175,0.004178,0
2022-04-05,Tue,4,electronics,banks,trading,retail,food,utilities,0.038215,0.037294,-0.01612,-0.00618,-0.009941,-0.01612,0
2022-04-06,Wed,4,utilities,food,retail,trading,banks,electronics,0.235101,0.229731,-0.007915,-0.003583,-0.004332,-0.007915,0
2022-04-07,Thu,4,utilities,retail,food,trading,banks,energy,0.439148,0.428679,-0.001629,-0.004198,0.00257,-0.001629,1
2022-04-08,Fri,4,retail,utilities,pharma,trading,banks,energy,0.286352,0.277283,-0.006931,-0.019366,0.012435,-0.006931,1
2022-04-11,Mon,4,energy,banks,trading,retail,food,utilities,0.318653,0.311425,0.003526,0.004669,-0.001144,0.003526,0
2022-04-12,Tue,4,energy,trading,banks,utilities,pharma,retail,0.194167,0.178747,-0.009055,-0.007635,-0.001421,-0.009055,0
2022-04-13,Wed,4,energy,trading,banks,pharma,utilities,retail,0.105086,0.101819,0.006155,-0.00103,0.007185,0.006155,1
2022-04-14,Thu,4,electronics,trading,banks,pharma,food,utilities,0.104915,0.095618,-0.007441,0.009329,-0.01677,-0.007441,0
2022-04-18,Mon,4,energy,banks,trading,utilities,pharma,retail,0.073973,0.065934,0.000156,-0.007839,0.007994,0.000156,1
2022-04-19,Tue,4,energy,trading,banks,retail,food,utilities,0.441124,0.429294,0.004514,-0.008059,0.012573,0.004514,1
2022-04-20,Wed,4,retail,pharma,utilities,trading,banks,energy,0.180468,0.164139,0.007986,0.002088,0.005899,0.007986,1
2022-04-21,Thu,4,retail,utilities,pharma,trading,banks,energy,0.123808,0.119738,0.002506,0.000165,0.002341,0.002506,1
2022-04-22,Fri,4,utilities,food,pharma,banks,trading,electronics,0.160298,0.144405,0.000478,-0.001296,0.001774,0.000478,1
2022-04-25,Mon,4,energy,banks,trading,it_services,machinery,retail,0.09048,0.071876,-0.004597,-0.002002,-0.002595,-0.004597,0
2022-04-26,Tue,4,utilities,food,pharma,banks,trading,energy,0.427966,0.421784,0.002951,-0.010999,0.01395,0.002951,1
2022-04-27,Wed,4,energy,banks,trading,utilities,pharma,retail,0.290467,0.268162,0.000982,0.007471,-0.006489,0.000982,0
2022-04-28,Thu,4,energy,trading,banks,pharma,food,utilities,0.138294,0.13682,0.010563,0.021777,-0.011213,0.010563,0
2022-05-02,Mon,5,retail,pharma,it_services,trading,banks,energy,0.070604,0.053724,-0.001447,-0.003083,0.001636,-0.001447,1
2022-05-06,Fri,5,energy,trading,banks,pharma,utilities,retail,0.136549,0.133708,0.000526,0.01479,-0.014264,0.000526,0
2022-05-09,Mon,5,food,utilities,pharma,banks,trading,electronics,0.079334,0.074988,-0.0077,-0.016496,0.008796,-0.0077,1
2022-05-10,Tue,5,food,utilities,pharma,energy,trading,electronics,0.873441,0.853687,0.007427,-0.015569,0.022996,0.007427,1
2022-05-11,Wed,5,utilities,food,pharma,banks,electronics,trading,0.116631,0.112473,0.002413,-0.007261,0.009674,0.002413,1
2022-05-12,Thu,5,energy,trading,banks,utilities,pharma,retail,0.262208,0.252911,-0.002049,-0.012353,0.010304,-0.002049,1
2022-05-13,Fri,5,trading,energy,banks,retail,food,utilities,0.124674,0.122381,0.011017,-0.000286,0.011302,0.011017,1
2022-05-16,Mon,5,electronics,trading,steel,pharma,food,utilities,0.086803,0.073713,-0.022306,-0.008726,-0.013579,-0.022306,0
2022-05-17,Tue,5,utilities,food,pharma,electronics,energy,trading,0.077458,0.07568,-0.005694,0.008299,-0.013993,-0.005694,0
2022-05-18,Wed,5,trading,electronics,banks,pharma,food,utilities,0.321363,0.307644,0.002105,0.000197,0.001907,0.002105,1
2022-05-19,Thu,5,energy,banks,trading,utilities,pharma,retail,0.615428,0.578055,0.01791,0.005835,0.012075,0.01791,1
2022-05-20,Fri,5,energy,trading,banks,utilities,pharma,retail,0.236807,0.231509,0.002893,0.000173,0.00272,0.002893,1
2022-05-23,Mon,5,retail,pharma,utilities,banks,trading,energy,0.076715,0.074835,0.001694,-0.000411,0.002105,0.001694,1
2022-05-24,Tue,5,trading,electronics,energy,pharma,food,utilities,0.150289,0.139047,-0.005441,-0.002045,-0.003396,-0.005441,0
2022-05-25,Wed,5,utilities,retail,food,banks,energy,trading,0.266864,0.262554,0.005201,0.003933,0.001269,0.005201,1
2022-05-26,Thu,5,trading,energy,electronics,retail,food,utilities,0.234747,0.225598,-0.010289,-0.004127,-0.006162,-0.010289,0
2022-05-27,Fri,5,trading,electronics,energy,pharma,food,utilities,0.112955,0.102293,-0.006282,-0.015005,0.008723,-0.006282,1
2022-05-31,Tue,5,electronics,trading,steel,pharma,food,utilities,0.05591,0.045623,-0.00525,-0.008674,0.003425,-0.00525,1
2022-06-01,Wed,6,energy,banks,trading,food,pharma,retail,0.079891,0.070432,0.004359,0.004083,0.000276,0.004359,1
2022-06-02,Thu,6,energy,trading,banks,utilities,pharma,retail,0.116405,0.109824,-0.000409,-0.010512,0.010104,-0.000409,1
2022-06-03,Fri,6,steel,electronics,trading,transport,utilities,food,0.035431,0.029028,-0.006288,-0.003662,-0.002626,-0.006288,0
2022-06-06,Mon,6,energy,trading,banks,utilities,pharma,retail,0.192311,0.185556,0.011515,0.011132,0.000382,0.011515,1
2022-06-07,Tue,6,trading,electronics,energy,pharma,utilities,food,0.022366,0.021064,0.002938,0.002182,0.000756,0.002938,1
2022-06-08,Wed,6,trading,electronics,energy,pharma,utilities,food,0.078615,0.073618,0.013787,0.009516,0.004271,0.013787,1
2022-06-09,Thu,6,energy,banks,trading,pharma,retail,finance,0.026706,0.022311,0.010572,0.005366,0.005206,0.010572,1
2022-06-10,Fri,6,energy,trading,banks,utilities,pharma,retail,0.097748,0.087644,-0.009685,-0.009441,-0.000245,-0.009685,0
2022-06-13,Mon,6,food,utilities,pharma,banks,energy,trading,0.361299,0.34656,0.006416,0.004176,0.00224,0.006416,1
2022-06-14,Tue,6,banks,energy,trading,finance,pharma,retail,0.098776,0.083317,0.003093,-0.001784,0.004877,0.003093,1
2022-06-15,Wed,6,energy,trading,banks,pharma,retail,food,0.287608,0.27866,-0.011674,-0.009232,-0.002442,-0.011674,0
2022-06-16,Thu,6,retail,pharma,food,trading,banks,energy,0.142835,0.135701,-0.003734,0.005595,-0.009329,-0.003734,0
2022-06-17,Fri,6,food,utilities,pharma,energy,electronics,trading,0.377417,0.359413,0.010531,0.006626,0.003905,0.010531,1
2022-06-21,Tue,6,food,utilities,pharma,electronics,trading,energy,0.143043,0.138987,0.002808,0.019383,-0.016575,0.002808,0
2022-06-22,Wed,6,retail,pharma,food,energy,trading,banks,0.182789,0.166549,0.004619,-0.020993,0.025612,0.004619,1
2022-06-23,Thu,6,food,pharma,retail,banks,trading,energy,0.399011,0.38714,0.011841,-0.002293,0.014134,0.011841,1
2022-06-24,Fri,6,food,pharma,retail,banks,trading,energy,0.898188,0.873669,0.00536,-0.003395,0.008755,0.00536,1
2022-06-27,Mon,6,energy,electronics,trading,pharma,utilities,food,0.207964,0.195933,0.004131,0.004333,-0.000202,0.004131,0
2022-06-28,Tue,6,trading,energy,electronics,pharma,utilities,food,0.027876,0.027022,0.010659,0.018967,-0.008307,0.010659,0
2022-06-29,Wed,6,energy,trading,banks,pharma,food,retail,0.412466,0.405353,-0.003387,0.00654,-0.009927,-0.003387,0
2022-06-30,Thu,6,food,pharma,retail,electronics,trading,energy,0.457188,0.442597,-0.000181,-0.008928,0.008747,-0.000181,1
2022-07-01,Fri,7,food,utilities,pharma,electronics,trading,energy,0.255845,0.24774,-0.018243,-0.009558,-0.008685,-0.018243,0
2022-07-05,Tue,7,retail,pharma,food,trading,energy,banks,0.102196,0.094742,-0.003968,0.004658,-0.008626,-0.003968,0
2022-07-06,Wed,7,utilities,banks,realestate,finance,retail,steel,0.010856,0.008924,-0.021087,-0.015186,-0.005901,-0.021087,0
2022-07-07,Thu,7,food,retail,pharma,banks,trading,energy,0.2587,0.251527,0.003937,0.000455,0.003482,0.003937,1
2022-07-08,Fri,7,energy,electronics,trading,pharma,utilities,food,0.277354,0.268505,-0.000974,-0.000112,-0.000862,-0.000974,0
2022-07-11,Mon,7,food,pharma,utilities,electronics,trading,energy,0.073801,0.070785,0.00405,-0.003858,0.007908,0.00405,1
2022-07-12,Tue,7,utilities,food,pharma,energy,trading,electronics,0.059795,0.055134,-0.004213,-0.000113,-0.0041,-0.004213,0
2022-07-13,Wed,7,energy,trading,banks,food,pharma,retail,0.09814,0.095157,0.005966,-0.000269,0.006236,0.005966,1
2022-07-14,Thu,7,banks,energy,trading,construction,pharma,retail,0.010526,0.007565,0.013866,0.001962,0.011904,0.013866,1
2022-07-15,Fri,7,food,pharma,retail,electronics,trading,energy,0.468438,0.447974,0.001167,-0.006044,0.007211,0.001167,1
2022-07-19,Tue,7,electronics,trading,energy,pharma,utilities,food,0.267901,0.255997,0.001162,-0.01092,0.012083,0.001162,1
2022-07-20,Wed,7,electronics,trading,energy,pharma,utilities,food,0.38682,0.370824,0.00519,-0.002344,0.007534,0.00519,1
2022-07-21,Thu,7,energy,trading,electronics,utilities,pharma,food,0.297469,0.286476,0.003535,0.005734,-0.002199,0.003535,0
2022-07-22,Fri,7,retail,pharma,food,trading,banks,energy,0.116002,0.110002,-0.000443,-0.000843,0.0004,-0.000443,1
2022-07-25,Mon,7,food,pharma,utilities,electronics,trading,energy,0.137612,0.133478,0.004788,0.001744,0.003043,0.004788,1
2022-07-26,Tue,7,electronics,energy,trading,pharma,utilities,food,0.123379,0.121169,0.002691,-0.008461,0.011152,0.002691,1
2022-07-27,Wed,7,food,utilities,pharma,electronics,trading,energy,0.150628,0.147139,0.001293,0.007286,-0.005993,0.001293,0
2022-07-28,Thu,7,electronics,construction,steel,pharma,food,utilities,0.061889,0.043337,-0.005847,0.006479,-0.012325,-0.005847,0
2022-07-29,Fri,7,retail,pharma,food,trading,energy,banks,0.143443,0.132716,-0.007499,-0.000909,-0.00659,-0.007499,0
2022-08-01,Mon,8,energy,trading,electronics,pharma,utilities,food,0.445396,0.434406,0.007247,-0.001572,0.00882,0.007247,1
2022-08-02,Tue,8,food,pharma,utilities,electronics,trading,energy,0.301995,0.293201,-0.014776,-0.015974,0.001199,-0.014776,1
2022-08-03,Wed,8,utilities,food,pharma,trading,energy,electronics,0.063049,0.056889,-0.007664,0.006819,-0.014483,-0.007664,0
2022-08-04,Thu,8,retail,food,pharma,banks,trading,energy,0.310027,0.303589,-0.006778,-0.006424,-0.000354,-0.006778,0
2022-08-05,Fri,8,food,utilities,pharma,electronics,trading,energy,0.074565,0.07309,0.008608,0.007776,0.000832,0.008608,1
2022-08-08,Mon,8,energy,trading,banks,retail,pharma,food,0.318561,0.309766,0.013367,0.011437,0.00193,0.013367,1
2022-08-09,Tue,8,energy,trading,electronics,retail,pharma,food,0.171,0.164705,-0.00836,-0.010837,0.002477,-0.00836,1
2022-08-10,Wed,8,energy,trading,banks,pharma,retail,food,0.17474,0.170286,-0.003244,-0.001283,-0.001961,-0.003244,0
2022-08-12,Fri,8,electronics,energy,trading,pharma,utilities,food,0.202344,0.192632,0.013215,0.008312,0.004903,0.013215,1
2022-08-15,Mon,8,retail,construction,transport,energy,trading,banks,0.044714,0.033579,0.001095,-0.001034,0.002128,0.001095,1
2022-08-16,Tue,8,food,retail,pharma,banks,trading,energy,0.319322,0.311637,0.000956,-0.000851,0.001807,0.000956,1
2022-08-17,Wed,8,retail,pharma,food,energy,trading,banks,0.008768,0.006828,0.004398,0.007093,-0.002695,0.004398,0
2022-08-18,Thu,8,banks,trading,energy,pharma,food,retail,0.069809,0.064808,-0.006185,-0.003164,-0.00302,-0.006185,0
2022-08-19,Fri,8,energy,trading,banks,retail,pharma,food,0.123122,0.119779,0.003314,-0.004153,0.007466,0.003314,1
2022-08-22,Mon,8,food,pharma,utilities,trading,energy,electronics,0.208326,0.203395,0.00665,0.007132,-0.000483,0.00665,0
2022-08-23,Tue,8,energy,trading,banks,food,pharma,retail,0.170983,0.163642,-0.002764,-0.00399,0.001227,-0.002764,1
2022-08-24,Wed,8,energy,trading,banks,retail,pharma,food,0.481103,0.470106,-0.002679,-0.001811,-0.000868,-0.002679,0
2022-08-25,Thu,8,energy,trading,electronics,utilities,pharma,food,0.150527,0.146984,0.002984,0.002257,0.000727,0.002984,1
2022-08-26,Fri,8,electronics,energy,trading,utilities,pharma,food,0.171189,0.165958,-0.004161,-0.001742,-0.002419,-0.004161,0
2022-08-29,Mon,8,energy,banks,trading,food,pharma,retail,0.368159,0.353964,0.011121,0.004217,0.006904,0.011121,1
2022-08-30,Tue,8,energy,trading,banks,pharma,retail,food,0.094292,0.092975,0.007585,0.008387,-0.000802,0.007585,0
2022-08-31,Wed,8,utilities,pharma,food,energy,materials,electronics,0.040755,0.029738,0.001465,-5.2e-05,0.001517,0.001465,1
2022-09-01,Thu,9,energy,trading,banks,pharma,food,retail,0.080936,0.078664,-0.01423,-0.002556,-0.011674,-0.01423,0
2022-09-02,Fri,9,food,pharma,retail,banks,trading,energy,0.513944,0.504244,-0.002918,-0.004578,0.001661,-0.002918,1
2022-09-06,Tue,9,energy,trading,banks,retail,pharma,food,0.473533,0.465279,-0.006753,-0.003629,-0.003124,-0.006753,0
2022-09-07,Wed,9,energy,trading,banks,retail,pharma,food,0.112654,0.110348,-0.006471,-0.005413,-0.001057,-0.006471,0
2022-09-08,Thu,9,retail,food,pharma,banks,trading,energy,0.309752,0.304504,0.008513,0.010827,-0.002314,0.008513,0
2022-09-09,Fri,9,energy,electronics,trading,utilities,pharma,food,0.152046,0.150643,-0.005165,0.006408,-0.011573,-0.005165,0
2022-09-12,Mon,9,electronics,energy,trading,pharma,food,utilities,0.095889,0.083626,-0.008534,-0.004417,-0.004117,-0.008534,0
2022-09-13,Tue,9,electronics,energy,trading,pharma,food,utilities,0.055796,0.049638,0.001657,0.001287,0.00037,0.001657,1
2022-09-14,Wed,9,trading,energy,banks,pharma,retail,food,0.435586,0.425732,0.004128,-0.002645,0.006774,0.004128,1
2022-09-15,Thu,9,food,pharma,retail,banks,trading,energy,0.117284,0.114326,0.002117,-0.000541,0.002659,0.002117,1
2022-09-16,Fri,9,trading,banks,energy,pharma,food,retail,0.097671,0.094613,0.004027,0.004425,-0.000397,0.004027,0
2022-09-20,Tue,9,pharma,food,retail,electronics,trading,energy,0.228675,0.22244,-0.005001,-0.002423,-0.002579,-0.005001,0
2022-09-21,Wed,9,pharma,utilities,retail,trading,energy,electronics,0.119025,0.113588,-0.00719,-0.005034,-0.002156,-0.00719,0
2022-09-22,Thu,9,utilities,pharma,food,trading,energy,electronics,0.061476,0.051828,0.00603,0.009998,-0.003968,0.00603,0
2022-09-26,Mon,9,pharma,food,retail,electronics,trading,energy,0.2494,0.241951,0.003516,-0.023092,0.026608,0.003516,1
2022-09-27,Tue,9,pharma,food,retail,trading,electronics,energy,0.244924,0.236939,0.007273,0.002834,0.004439,0.007273,1
2022-09-28,Wed,9,energy,trading,banks,retail,food,pharma,0.427835,0.418812,-0.005552,-0.012273,0.006721,-0.005552,1
2022-09-29,Thu,9,energy,electronics,banks,food,retail,pharma,0.290655,0.277619,-0.002777,0.011597,-0.014374,-0.002777,0
2022-09-30,Fri,9,energy,trading,banks,retail,food,pharma,0.472343,0.461498,-0.007617,-0.003531,-0.004086,-0.007617,0
2022-10-03,Mon,10,energy,trading,banks,retail,food,pharma,0.661873,0.649471,0.010396,-0.011894,0.02229,0.010396,1
2022-10-04,Tue,10,energy,electronics,trading,pharma,food,retail,0.106369,0.098168,0.023201,0.013961,0.00924,0.023201,1
2022-10-05,Wed,10,energy,electronics,trading,pharma,food,retail,0.166562,0.150816,-0.007931,-0.006176,-0.001755,-0.007931,0
2022-10-06,Thu,10,banks,energy,trading,food,pharma,utilities,0.035789,0.031747,0.002571,-0.006272,0.008843,0.002571,1
2022-10-07,Fri,10,energy,banks,trading,retail,pharma,utilities,0.300003,0.293262,0.001118,0.002732,-0.001614,0.001118,0
2022-10-11,Tue,10,banks,energy,trading,food,pharma,utilities,0.24422,0.226589,-0.002524,-0.003344,0.000821,-0.002524,1
2022-10-12,Wed,10,retail,pharma,food,electronics,trading,energy,0.198011,0.19211,0.00563,-0.003727,0.009357,0.00563,1
2022-10-13,Thu,10,energy,banks,trading,retail,pharma,utilities,0.127922,0.124155,-0.005711,-0.00748,0.001769,-0.005711,1
2022-10-14,Fri,10,energy,electronics,trading,pharma,food,retail,0.104305,0.095419,0.002042,0.009837,-0.007795,0.002042,0
2022-10-17,Mon,10,food,retail,pharma,trading,electronics,energy,0.263239,0.249535,-0.005235,-0.003605,-0.00163,-0.005235,0
2022-10-18,Tue,10,energy,electronics,trading,pharma,retail,food,0.072824,0.058416,-0.001696,-0.003477,0.001781,-0.001696,1
2022-10-19,Wed,10,utilities,auto,construction,transport,trading,banks,0.034496,0.023834,0.007141,0.000785,0.006357,0.007141,1
2022-10-20,Thu,10,banks,trading,energy,retail,pharma,utilities,0.088215,0.082566,0.003905,0.001036,0.002869,0.003905,1
2022-10-21,Fri,10,energy,banks,trading,retail,pharma,utilities,0.215136,0.209677,-0.005203,-0.003781,-0.001421,-0.005203,0
2022-10-24,Mon,10,utilities,pharma,auto,energy,trading,banks,0.063886,0.043219,-0.01116,-0.005021,-0.006139,-0.01116,0
2022-10-25,Tue,10,utilities,retail,pharma,banks,trading,energy,0.505974,0.492862,0.005646,0.006207,-0.000561,0.005646,0
2022-10-26,Wed,10,electronics,energy,trading,pharma,retail,food,0.060955,0.050562,-0.005993,0.003381,-0.009374,-0.005993,0
2022-10-27,Thu,10,energy,trading,banks,pharma,utilities,retail,0.076303,0.074343,-0.013123,0.001057,-0.01418,-0.013123,0
2022-10-28,Fri,10,energy,trading,banks,pharma,retail,utilities,0.099622,0.097171,-0.006285,0.005126,-0.011411,-0.006285,0
2022-10-31,Mon,10,utilities,retail,pharma,banks,trading,energy,0.482849,0.473511,0.000678,0.004553,-0.003875,0.000678,0
2022-11-01,Tue,11,energy,trading,banks,pharma,retail,utilities,0.137525,0.134576,0.010913,-0.004699,0.015613,0.010913,1
2022-11-02,Wed,11,energy,trading,electronics,pharma,food,retail,0.121007,0.116873,0.011036,-6.2e-05,0.011099,0.011036,1
2022-11-04,Fri,11,transport,food,realestate,energy,electronics,auto,0.041827,0.026901,-0.005211,-0.003632,-0.001579,-0.005211,0
2022-11-07,Mon,11,energy,electronics,trading,pharma,retail,food,0.184485,0.174614,0.004958,0.002277,0.002681,0.004958,1
2022-11-08,Tue,11,energy,electronics,trading,pharma,retail,food,0.041909,0.038056,0.003212,6e-05,0.003152,0.003212,1
2022-11-09,Wed,11,utilities,pharma,retail,energy,trading,banks,0.022899,0.020712,-0.008743,-0.001804,-0.006939,-0.008743,0
2022-11-10,Thu,11,food,retail,pharma,trading,electronics,energy,0.258704,0.246715,0.009021,0.009463,-0.000442,0.009021,0
2022-11-11,Fri,11,auto,electronics,energy,retail,transport,food,0.100558,0.075213,0.006595,-0.01276,0.019355,0.006595,1
2022-11-14,Mon,11,energy,trading,electronics,food,pharma,retail,0.401351,0.388412,-0.008367,-0.00728,-0.001088,-0.008367,0
2022-11-15,Tue,11,food,retail,pharma,trading,electronics,energy,0.106775,0.101806,0.003046,0.006636,-0.00359,0.003046,0
2022-11-16,Wed,11,utilities,pharma,retail,banks,trading,energy,0.112933,0.110418,0.003582,-0.002114,0.005696,0.003582,1
2022-11-17,Thu,11,retail,food,utilities,trading,electronics,energy,0.350033,0.342629,0.008949,-0.003614,0.012563,0.008949,1
2022-11-18,Fri,11,food,retail,utilities,trading,electronics,energy,0.055352,0.053201,0.01119,0.000158,0.011033,0.01119,1
2022-11-21,Mon,11,utilities,retail,pharma,electronics,trading,energy,0.288765,0.283202,-0.002231,0.000248,-0.002479,-0.002231,0
2022-11-22,Tue,11,utilities,retail,food,electronics,trading,energy,0.112287,0.110227,0.011698,0.011007,0.000691,0.011698,1
2022-11-25,Fri,11,energy,electronics,trading,utilities,retail,food,0.104605,0.098034,0.00038,0.003196,-0.002816,0.00038,0
2022-11-28,Mon,11,utilities,retail,food,electronics,trading,energy,0.065941,0.064717,-0.003407,-0.010559,0.007152,-0.003407,1
2022-11-29,Tue,11,food,retail,utilities,trading,electronics,energy,0.34462,0.335171,-0.004731,-0.001874,-0.002858,-0.004731,0
2022-11-30,Wed,11,energy,trading,electronics,food,retail,utilities,0.409605,0.402796,-0.001647,-0.012453,0.010806,-0.001647,1
2022-12-01,Thu,12,utilities,pharma,retail,electronics,trading,energy,0.474973,0.459083,-0.008587,-0.005694,-0.002894,-0.008587,0
2022-12-02,Fri,12,retail,food,utilities,trading,electronics,energy,0.059222,0.05804,-0.007982,-0.023837,0.015855,-0.007982,1
2022-12-05,Mon,12,utilities,retail,food,trading,electronics,energy,0.052187,0.051041,-0.00391,-0.007339,0.003429,-0.00391,1
2022-12-06,Tue,12,food,retail,utilities,trading,electronics,energy,0.268211,0.25723,0.006496,0.005728,0.000768,0.006496,1
2022-12-07,Wed,12,food,retail,utilities,trading,electronics,energy,0.147056,0.140979,0.003003,-0.00025,0.003254,0.003003,1
2022-12-08,Thu,12,utilities,retail,food,trading,electronics,energy,0.121486,0.118746,-0.000111,-0.006687,0.006577,-0.000111,1
2022-12-09,Fri,12,utilities,retail,pharma,electronics,trading,energy,0.217478,0.211038,0.007442,0.004666,0.002775,0.007442,1
2022-12-12,Mon,12,trading,banks,electronics,retail,pharma,utilities,0.027209,0.024975,0.002129,0.002129,0.0,0.002129,1
2022-12-13,Tue,12,utilities,pharma,retail,energy,electronics,trading,0.13253,0.128441,0.008224,-0.003659,0.011883,0.008224,1
2022-12-14,Wed,12,energy,electronics,trading,utilities,food,retail,0.268325,0.260332,0.002857,0.002113,0.000745,0.002857,1
2022-12-15,Thu,12,retail,food,utilities,trading,electronics,energy,0.224153,0.216873,0.001046,0.004192,-0.003146,0.001046,0
2022-12-16,Fri,12,trading,electronics,banks,food,pharma,utilities,0.227811,0.219464,-0.005377,-0.005405,2.9e-05,-0.005377,1
2022-12-19,Mon,12,trading,banks,electronics,food,utilities,pharma,0.060807,0.056359,0.004498,-0.003967,0.008465,0.004498,1
2022-12-20,Tue,12,retail,food,utilities,trading,electronics,energy,0.043986,0.03925,-0.005493,-0.017337,0.011843,-0.005493,1
2022-12-21,Wed,12,energy,electronics,trading,food,utilities,retail,0.158719,0.155225,-0.00825,0.006513,-0.014763,-0.00825,0
2022-12-22,Thu,12,pharma,utilities,food,electronics,banks,trading,0.094257,0.090128,0.00143,0.003518,-0.002088,0.00143,0
2022-12-23,Fri,12,retail,food,utilities,electronics,banks,energy,0.111019,0.103578,0.007016,0.006483,0.000534,0.007016,1
2022-12-27,Tue,12,energy,electronics,banks,utilities,food,retail,0.199163,0.191069,0.003491,0.002038,0.001452,0.003491,1
2022-12-28,Wed,12,trading,electronics,energy,retail,pharma,utilities,0.02481,0.023684,-0.000802,0.005906,-0.006708,-0.000802,0
2022-12-29,Thu,12,retail,food,pharma,electronics,banks,energy,0.03404,0.028996,-0.004463,-0.006493,0.00203,-0.004463,1
2022-12-30,Fri,12,energy,banks,electronics,pharma,retail,food,0.024332,0.020152,-0.007511,-0.003835,-0.003676,-0.007511,0
2023-01-04,Wed,1,trading,electronics,energy,food,utilities,pharma,0.086518,0.084567,-0.008563,-0.02372,0.015157,-0.008563,1
2023-01-05,Thu,1,energy,electronics,trading,food,retail,utilities,0.236139,0.22655,0.001486,-0.008188,0.009674,0.001486,1
2023-01-06,Fri,1,electronics,trading,energy,food,utilities,pharma,0.291285,0.287182,0.009594,0.001669,0.007925,0.009594,1
2023-01-10,Tue,1,pharma,banks,utilities,machinery,electronics,trading,0.038617,0.027937,-0.010938,-0.002237,-0.008701,-0.010938,0
2023-01-11,Wed,1,banks,energy,electronics,food,utilities,retail,0.070867,0.06864,0.01668,-0.00304,0.01972,0.01668,1
2023-01-12,Thu,1,banks,energy,electronics,food,retail,utilities,0.214611,0.210042,0.017249,0.001216,0.016033,0.017249,1
2023-01-13,Fri,1,electronics,banks,energy,food,utilities,pharma,0.40388,0.401469,0.002127,0.006197,-0.00407,0.002127,0
2023-01-17,Tue,1,pharma,utilities,food,banks,electronics,trading,0.021689,0.021164,-7.2e-05,0.00385,-0.003921,-7.2e-05,0
2023-01-18,Wed,1,retail,utilities,food,electronics,energy,banks,0.08543,0.082338,0.00491,0.008595,-0.003685,0.00491,0
2023-01-19,Thu,1,trading,electronics,energy,food,utilities,pharma,0.3323,0.311544,-0.004937,-0.00128,-0.003656,-0.004937,0
2023-01-20,Fri,1,trading,electronics,energy,food,utilities,pharma,0.141684,0.133807,0.010609,0.006807,0.003801,0.010609,1
2023-01-23,Mon,1,banks,energy,electronics,food,utilities,retail,0.095824,0.083904,0.001613,-0.000303,0.001916,0.001613,1
2023-01-24,Tue,1,pharma,food,utilities,energy,electronics,trading,0.070458,0.064912,0.003325,0.011153,-0.007827,0.003325,0
2023-01-25,Wed,1,retail,utilities,food,electronics,energy,banks,0.012951,0.011895,0.008,0.005021,0.002979,0.008,1
2023-01-26,Thu,1,electronics,trading,banks,food,utilities,pharma,0.201346,0.198087,-0.005649,-0.003972,-0.001676,-0.005649,0
2023-01-27,Fri,1,banks,energy,electronics,food,retail,utilities,0.312973,0.304129,0.001583,-0.000174,0.001758,0.001583,1
2023-01-30,Mon,1,retail,utilities,food,electronics,energy,banks,0.025092,0.023639,-0.000989,-0.000131,-0.000858,-0.000989,0
2023-01-31,Tue,1,retail,utilities,food,electronics,energy,banks,0.141577,0.127521,0.011956,-0.011702,0.023659,0.011956,1
2023-02-01,Wed,2,banks,energy,finance,materials,machinery,retail,0.036074,0.023479,-0.002752,-0.005297,0.002546,-0.002752,1
2023-02-02,Thu,2,utilities,pharma,food,trading,banks,electronics,0.381654,0.373591,-0.003843,-0.00816,0.004317,-0.003843,1
2023-02-03,Fri,2,banks,energy,trading,utilities,food,retail,0.038734,0.030038,0.002764,-0.005324,0.008088,0.002764,1
2023-02-06,Mon,2,trading,electronics,materials,banks,utilities,pharma,0.019628,0.018292,-0.000156,-0.006644,0.006488,-0.000156,1
2023-02-07,Tue,2,retail,food,utilities,electronics,energy,banks,0.141344,0.135176,-0.002783,0.005652,-0.008436,-0.002783,0
2023-02-08,Wed,2,banks,energy,electronics,food,utilities,retail,0.254123,0.245148,-0.001097,0.002028,-0.003125,-0.001097,0
2023-02-09,Thu,2,electronics,trading,energy,pharma,utilities,food,0.167742,0.159898,0.007716,0.001165,0.006552,0.007716,1
2023-02-10,Fri,2,retail,materials,pharma,steel,energy,banks,0.038729,0.026905,-0.002386,0.003456,-0.005842,-0.002386,0
2023-02-13,Mon,2,food,utilities,pharma,energy,trading,electronics,0.108627,0.104041,-0.00296,-0.000131,-0.002828,-0.00296,0
2023-02-14,Tue,2,food,utilities,pharma,energy,trading,electronics,0.258783,0.250376,0.003259,-0.002063,0.005321,0.003259,1
2023-02-15,Wed,2,electronics,trading,banks,pharma,food,utilities,0.110816,0.10764,-0.006217,-0.005784,-0.000432,-0.006217,0
2023-02-16,Thu,2,utilities,food,retail,trading,electronics,banks,0.103422,0.10203,0.003819,-0.001384,0.005204,0.003819,1
2023-02-17,Fri,2,trading,electronics,energy,pharma,food,utilities,0.095109,0.078566,0.001576,0.002816,-0.001239,0.001576,0
2023-02-21,Tue,2,food,utilities,retail,electronics,energy,banks,0.782745,0.764169,-0.005032,0.002039,-0.007071,-0.005032,0
2023-02-22,Wed,2,trading,realestate,materials,utilities,steel,banks,0.046912,0.038164,-0.006522,-0.006182,-0.00034,-0.006522,0
2023-02-24,Fri,2,trading,electronics,energy,retail,food,utilities,0.055775,0.053706,0.000331,0.002272,-0.001941,0.000331,0
2023-02-27,Mon,2,trading,electronics,energy,retail,food,utilities,0.310062,0.302389,0.007453,0.006282,0.00117,0.007453,1
2023-02-28,Tue,2,banks,energy,electronics,pharma,retail,food,0.156864,0.151043,-0.000982,-0.002148,0.001166,-0.000982,1
2023-03-01,Wed,3,banks,electronics,energy,retail,food,utilities,0.405812,0.398037,0.007688,-0.000943,0.008631,0.007688,1
2023-03-02,Thu,3,banks,electronics,energy,retail,food,utilities,0.404817,0.39667,-0.006369,-0.006312,-5.7e-05,-0.006369,0
2023-03-03,Fri,3,utilities,retail,food,electronics,energy,trading,0.409302,0.397348,0.007324,0.00865,-0.001325,0.007324,0
2023-03-06,Mon,3,banks,energy,electronics,retail,food,pharma,0.081801,0.060568,-0.000729,-0.001719,0.00099,-0.000729,1
2023-03-07,Tue,3,retail,utilities,food,energy,electronics,banks,0.35582,0.347114,0.003165,0.009747,-0.006582,0.003165,0
2023-03-08,Wed,3,pharma,food,retail,electronics,energy,banks,0.263749,0.234231,0.011635,0.002629,0.009006,0.011635,1
2023-03-09,Thu,3,utilities,retail,food,electronics,energy,trading,0.072808,0.071361,0.007309,-0.000306,0.007615,0.007309,1
2023-03-10,Fri,3,pharma,food,retail,electronics,energy,banks,0.660061,0.622857,-0.001745,-0.013626,0.011882,-0.001745,1
2023-03-13,Mon,3,pharma,food,retail,electronics,energy,banks,0.345405,0.321888,-0.003799,-0.002905,-0.000893,-0.003799,0
2023-03-14,Tue,3,utilities,food,retail,electronics,energy,banks,1.038518,1.018367,-0.003781,-0.017495,0.013714,-0.003781,1
2023-03-15,Wed,3,utilities,retail,food,energy,electronics,trading,0.143096,0.127493,-0.003546,-0.006738,0.003192,-0.003546,1
2023-03-16,Thu,3,pharma,utilities,food,energy,electronics,banks,1.271763,1.241296,0.014993,0.015357,-0.000364,0.014993,0
2023-03-17,Fri,3,utilities,retail,food,electronics,energy,trading,0.084719,0.07356,1.1e-05,0.005075,-0.005064,1.1e-05,0
2023-03-20,Mon,3,pharma,food,utilities,energy,electronics,banks,0.330991,0.319168,-0.01116,-0.005184,-0.005976,-0.01116,0
2023-03-22,Wed,3,banks,electronics,energy,materials,food,pharma,0.043935,0.034044,0.002705,0.003512,-0.000806,0.002705,0
2023-03-23,Thu,3,pharma,food,retail,electronics,energy,banks,0.166027,0.148679,0.001697,0.008287,-0.00659,0.001697,0
2023-03-24,Fri,3,pharma,food,utilities,electronics,energy,banks,0.133129,0.13055,0.005999,0.005455,0.000543,0.005999,1
2023-03-27,Mon,3,utilities,retail,food,electronics,energy,trading,0.533938,0.517525,-0.000975,-0.00345,0.002475,-0.000975,1
2023-03-28,Tue,3,banks,energy,electronics,food,utilities,pharma,0.273755,0.270362,0.002052,0.000918,0.001134,0.002052,1
2023-03-29,Wed,3,banks,energy,electronics,pharma,food,utilities,0.236913,0.233338,0.011242,0.010293,0.000949,0.011242,1
2023-03-30,Thu,3,banks,energy,electronics,retail,food,pharma,0.137043,0.12669,-0.001659,0.001195,-0.002854,-0.001659,0
2023-03-31,Fri,3,utilities,food,retail,banks,electronics,trading,0.073083,0.067373,-0.000539,0.009318,-0.009857,-0.000539,0
2023-04-03,Mon,4,banks,energy,electronics,finance,materials,pharma,0.029857,0.025615,0.010298,-0.001074,0.011372,0.010298,1
2023-04-04,Tue,4,banks,energy,electronics,food,utilities,pharma,0.228012,0.22466,0.002678,0.005286,-0.002608,0.002678,0
2023-04-05,Wed,4,pharma,utilities,food,electronics,energy,banks,0.320604,0.313802,-0.012703,-0.007344,-0.005359,-0.012703,0
2023-04-06,Thu,4,utilities,food,pharma,electronics,energy,banks,0.452069,0.442124,0.008797,-0.007312,0.016109,0.008797,1
2023-04-10,Mon,4,utilities,retail,food,electronics,trading,energy,0.178806,0.174477,0.000841,0.000347,0.000494,0.000841,1
2023-04-11,Tue,4,energy,electronics,banks,food,pharma,utilities,0.26782,0.260877,0.003402,-0.001291,0.004693,0.003402,1
2023-04-12,Wed,4,energy,electronics,banks,food,pharma,utilities,0.302746,0.296238,0.001909,-0.000927,0.002837,0.001909,1
2023-04-13,Thu,4,energy,trading,electronics,retail,food,utilities,0.160783,0.154813,-0.000426,0.000643,-0.001069,-0.000426,0
2023-04-14,Fri,4,utilities,food,retail,electronics,trading,energy,0.205213,0.196008,0.006216,0.009868,-0.003653,0.006216,0
2023-04-17,Mon,4,energy,trading,electronics,retail,food,utilities,0.360777,0.349078,-0.005171,-0.00165,-0.003521,-0.005171,0
2023-04-18,Tue,4,energy,electronics,banks,utilities,food,pharma,0.150738,0.144401,-0.001523,0.006785,-0.008309,-0.001523,0
2023-04-19,Wed,4,energy,trading,electronics,pharma,food,utilities,0.237166,0.230818,-0.002595,-0.002005,-0.00059,-0.002595,0
2023-04-20,Thu,4,utilities,pharma,food,trading,electronics,energy,0.018147,0.017715,-3e-05,0.005611,-0.005642,-3e-05,0
2023-04-21,Fri,4,pharma,food,retail,banks,electronics,energy,0.057467,0.052751,0.005362,-0.005495,0.010858,0.005362,1
2023-04-24,Mon,4,utilities,food,pharma,electronics,trading,energy,0.349891,0.339242,0.001871,-0.002151,0.004023,0.001871,1
2023-04-25,Tue,4,energy,electronics,banks,retail,food,pharma,0.050209,0.047435,-0.001958,0.000709,-0.002667,-0.001958,0
2023-04-26,Wed,4,pharma,food,retail,banks,electronics,energy,0.162406,0.150631,0.002429,-0.005479,0.007908,0.002429,1
2023-04-27,Thu,4,energy,trading,banks,retail,food,utilities,0.203227,0.190542,0.011968,0.002014,0.009954,0.011968,1
2023-04-28,Fri,4,utilities,retail,food,construction,materials,finance,0.053272,0.029938,0.009485,0.001931,0.007555,0.009485,1
2023-05-01,Mon,5,energy,electronics,banks,retail,food,pharma,0.237604,0.231997,0.004753,0.004752,1e-06,0.004753,1
2023-05-02,Tue,5,utilities,food,pharma,trading,electronics,energy,0.219475,0.214459,-0.007797,-0.002589,-0.005208,-0.007797,0
2023-05-08,Mon,5,pharma,food,retail,banks,electronics,energy,0.379199,0.370059,-0.009372,-0.002363,-0.007009,-0.009372,0
2023-05-09,Tue,5,energy,trading,electronics,food,pharma,utilities,0.137341,0.133306,0.013278,0.008699,0.004579,0.013278,1
2023-05-10,Wed,5,energy,trading,banks,food,pharma,utilities,0.192188,0.185117,-0.005226,-0.011494,0.006267,-0.005226,1
2023-05-11,Thu,5,utilities,pharma,food,banks,trading,energy,0.214081,0.20695,-0.000514,0.008453,-0.008967,-0.000514,0
2023-05-12,Fri,5,pharma,food,retail,banks,electronics,energy,0.070496,0.068139,0.015666,-0.005422,0.021088,0.015666,1
2023-05-15,Mon,5,energy,electronics,banks,food,retail,pharma,0.008048,0.007688,-0.001993,0.006437,-0.008429,-0.001993,0
2023-05-16,Tue,5,energy,trading,banks,food,pharma,utilities,0.439019,0.427338,-0.005625,0.007419,-0.013044,-0.005625,0
2023-05-17,Wed,5,retail,pharma,food,banks,electronics,energy,0.067757,0.064142,-0.006442,0.004015,-0.010457,-0.006442,0
2023-05-18,Thu,5,energy,trading,electronics,utilities,food,pharma,0.532397,0.51391,0.006866,-0.015594,0.022459,0.006866,1
2023-05-19,Fri,5,energy,trading,electronics,utilities,pharma,food,0.183474,0.178864,-0.005088,0.002703,-0.00779,-0.005088,0
2023-05-22,Mon,5,energy,trading,electronics,pharma,food,utilities,0.059184,0.057154,0.013054,0.012956,9.8e-05,0.013054,1
2023-05-23,Tue,5,energy,trading,electronics,food,pharma,utilities,0.348223,0.336365,-0.00787,-0.004439,-0.003431,-0.00787,0
2023-05-24,Wed,5,energy,trading,banks,food,pharma,utilities,0.313061,0.297014,0.010152,0.002428,0.007724,0.010152,1
2023-05-25,Thu,5,energy,banks,trading,food,pharma,utilities,0.073601,0.067006,-0.002622,0.00279,-0.005411,-0.002622,0
2023-05-26,Fri,5,utilities,food,pharma,energy,electronics,trading,0.029105,0.028942,-0.005702,-0.000704,-0.004998,-0.005702,0
2023-05-30,Tue,5,utilities,pharma,retail,trading,energy,banks,0.043123,0.04013,0.002625,-0.002714,0.005339,0.002625,1
2023-05-31,Wed,5,energy,trading,banks,food,pharma,utilities,0.29332,0.28633,-0.007387,-0.002135,-0.005252,-0.007387,0
2023-06-01,Thu,6,utilities,pharma,food,electronics,trading,energy,0.431736,0.425199,0.009902,0.014431,-0.004529,0.009902,0
2023-06-02,Fri,6,trading,energy,electronics,pharma,food,utilities,0.359268,0.355517,0.00871,0.009257,-0.000547,0.00871,0
2023-06-05,Mon,6,electronics,trading,energy,pharma,food,utilities,0.43916,0.432455,0.003138,-0.005478,0.008616,0.003138,1
2023-06-06,Tue,6,food,utilities,pharma,energy,trading,electronics,0.050443,0.049402,0.010534,0.022784,-0.01225,0.010534,0
2023-06-07,Wed,6,energy,trading,electronics,pharma,food,utilities,0.637692,0.627645,-3.9e-05,-0.010926,0.010887,-3.9e-05,1
2023-06-08,Thu,6,energy,trading,electronics,pharma,food,utilities,0.654863,0.644953,-0.008858,-0.000389,-0.008469,-0.008858,0
2023-06-09,Fri,6,utilities,food,pharma,electronics,trading,energy,0.471589,0.461688,0.008069,0.005268,0.002802,0.008069,1
2023-06-12,Mon,6,food,utilities,pharma,trading,energy,electronics,0.093098,0.092234,6.9e-05,0.004422,-0.004353,6.9e-05,0
2023-06-13,Tue,6,utilities,food,pharma,banks,trading,energy,0.210799,0.203319,-0.001431,0.003429,-0.00486,-0.001431,0
2023-06-14,Wed,6,electronics,energy,trading,utilities,pharma,food,0.274495,0.27191,0.009501,-0.002204,0.011704,0.009501,1
2023-06-15,Thu,6,food,utilities,pharma,trading,energy,electronics,0.114641,0.113871,-0.004694,0.002673,-0.007367,-0.004694,0
2023-06-16,Fri,6,utilities,food,pharma,trading,banks,energy,0.341337,0.32031,0.008767,0.010156,-0.001389,0.008767,0
2023-06-20,Tue,6,energy,banks,trading,auto,retail,utilities,0.010588,0.008001,-0.002085,-0.003694,0.001608,-0.002085,1
2023-06-21,Wed,6,pharma,food,retail,banks,electronics,trading,0.120779,0.114597,0.007279,0.030763,-0.023484,0.007279,0
2023-06-22,Thu,6,energy,trading,banks,retail,food,utilities,0.050451,0.046824,0.004269,-0.002209,0.006478,0.004269,1
2023-06-23,Fri,6,utilities,food,pharma,banks,trading,electronics,0.598537,0.587783,-0.003599,-0.018409,0.01481,-0.003599,1
2023-06-26,Mon,6,energy,trading,banks,retail,pharma,utilities,0.209299,0.194398,0.001125,-0.004052,0.005177,0.001125,1
2023-06-27,Tue,6,electronics,trading,energy,pharma,food,utilities,0.553878,0.540064,-0.004134,-0.005759,0.001625,-0.004134,1
2023-06-28,Wed,6,electronics,banks,trading,pharma,food,utilities,0.209546,0.203425,0.011462,0.011743,-0.000281,0.011462,0
2023-06-29,Thu,6,energy,trading,electronics,pharma,food,utilities,0.425032,0.412911,-0.009326,-0.0046,-0.004726,-0.009326,0
2023-06-30,Fri,6,electronics,banks,energy,pharma,food,utilities,0.494181,0.485342,-0.005276,-0.003051,-0.002225,-0.005276,0
2023-07-03,Mon,7,utilities,food,pharma,electronics,trading,energy,0.375291,0.356359,0.004863,0.011049,-0.006186,0.004863,0
2023-07-05,Wed,7,electronics,banks,energy,pharma,utilities,food,0.137031,0.134707,5.1e-05,0.002155,-0.002103,5.1e-05,0
2023-07-06,Thu,7,utilities,food,pharma,energy,banks,electronics,0.373396,0.366371,-0.0016,-0.007374,0.005774,-0.0016,1
2023-07-07,Fri,7,pharma,food,utilities,trading,electronics,banks,0.079908,0.073278,-0.006708,-0.00157,-0.005137,-0.006708,0
2023-07-10,Mon,7,electronics,energy,trading,pharma,food,utilities,0.954296,0.934052,-0.00971,-0.006417,-0.003292,-0.00971,0
2023-07-11,Tue,7,banks,electronics,trading,utilities,pharma,food,0.053497,0.050995,-0.008485,-0.010701,0.002216,-0.008485,1
2023-07-12,Wed,7,banks,electronics,trading,pharma,utilities,food,0.380611,0.372632,-0.013744,-0.007571,-0.006173,-0.013744,0
2023-07-13,Thu,7,banks,electronics,trading,utilities,pharma,food,0.047193,0.042615,0.006152,0.006726,-0.000574,0.006152,0
2023-07-14,Fri,7,utilities,retail,food,electronics,trading,energy,0.133686,0.127931,-0.019768,-0.004892,-0.014876,-0.019768,0
2023-07-18,Tue,7,utilities,food,pharma,energy,banks,electronics,0.740182,0.726785,0.006864,0.008792,-0.001928,0.006864,0
2023-07-19,Wed,7,banks,electronics,trading,utilities,pharma,food,0.096451,0.094172,0.001153,0.003664,-0.002512,0.001153,0
2023-07-20,Thu,7,utilities,food,retail,electronics,trading,energy,0.261187,0.254208,-0.004372,-0.003338,-0.001034,-0.004372,0
2023-07-21,Fri,7,utilities,food,pharma,energy,trading,electronics,0.340913,0.335474,0.013693,0.004827,0.008866,0.013693,1
2023-07-24,Mon,7,utilities,food,pharma,energy,electronics,trading,0.366996,0.360452,0.004554,0.001474,0.00308,0.004554,1
2023-07-25,Tue,7,electronics,banks,trading,pharma,food,utilities,0.42015,0.412137,0.004045,-0.004989,0.009034,0.004045,1
2023-07-26,Wed,7,utilities,food,pharma,energy,trading,electronics,0.049612,0.048522,0.001748,-0.006538,0.008286,0.001748,1
2023-07-27,Thu,7,electronics,trading,energy,pharma,food,utilities,0.216878,0.213212,0.008302,0.008454,-0.000152,0.008302,0
2023-07-28,Fri,7,trading,energy,banks,machinery,it_services,retail,0.027721,0.022834,0.009435,0.006529,0.002906,0.009435,1
2023-07-31,Mon,7,utilities,food,retail,electronics,energy,trading,0.306149,0.299259,0.003687,0.000154,0.003533,0.003687,1
2023-08-01,Tue,8,electronics,trading,banks,pharma,food,utilities,0.605156,0.594214,-0.000216,0.014198,-0.014415,-0.000216,0
2023-08-02,Wed,8,trading,energy,electronics,food,retail,utilities,0.23049,0.228107,-0.003204,-0.012799,0.009595,-0.003204,1
2023-08-03,Thu,8,utilities,pharma,food,trading,electronics,banks,0.320326,0.309993,-0.005543,-0.006063,0.00052,-0.005543,1
2023-08-04,Fri,8,energy,trading,electronics,retail,food,utilities,0.32961,0.326478,0.010125,0.006573,0.003552,0.010125,1
2023-08-07,Mon,8,trading,energy,electronics,retail,food,utilities,0.330311,0.327035,0.011096,-0.001693,0.012789,0.011096,1
2023-08-08,Tue,8,it_services,retail,finance,utilities,trading,energy,0.025757,0.022607,-0.002844,0.004819,-0.007663,-0.002844,0
2023-08-09,Wed,8,utilities,food,pharma,trading,banks,electronics,0.324272,0.315219,0.001831,-0.004683,0.006514,0.001831,1
2023-08-10,Thu,8,trading,energy,banks,food,pharma,retail,0.030832,0.024471,0.021421,0.008864,0.012557,0.021421,1
2023-08-14,Mon,8,trading,energy,banks,food,pharma,retail,0.023297,0.020528,-0.012855,-0.005606,-0.007249,-0.012855,0
2023-08-15,Tue,8,utilities,food,pharma,trading,banks,electronics,0.188159,0.183318,0.003147,-0.00298,0.006127,0.003147,1
2023-08-16,Wed,8,utilities,food,pharma,trading,banks,electronics,0.30388,0.284488,0.004873,-0.009418,0.01429,0.004873,1
2023-08-17,Thu,8,utilities,food,pharma,energy,banks,electronics,0.190716,0.177748,-0.005793,0.005979,-0.011772,-0.005793,0
2023-08-18,Fri,8,trading,energy,electronics,pharma,utilities,retail,0.351102,0.346952,0.001828,-0.011224,0.013052,0.001828,1
2023-08-21,Mon,8,utilities,pharma,retail,trading,energy,banks,0.070013,0.069375,0.003847,-0.0012,0.005047,0.003847,1
2023-08-22,Tue,8,utilities,pharma,food,energy,banks,electronics,0.246685,0.241116,0.0029,0.009981,-0.00708,0.0029,0
2023-08-23,Wed,8,utilities,food,pharma,energy,banks,electronics,0.079774,0.074714,0.010081,0.00607,0.004011,0.010081,1
2023-08-24,Thu,8,retail,pharma,utilities,banks,energy,trading,0.134659,0.122629,0.007154,0.005379,0.001776,0.007154,1
2023-08-25,Fri,8,trading,banks,energy,pharma,utilities,retail,0.380937,0.372163,0.003642,0.005701,-0.002059,0.003642,0
2023-08-28,Mon,8,utilities,retail,pharma,energy,banks,trading,0.251599,0.247457,0.001315,0.008671,-0.007356,0.001315,0
2023-08-29,Tue,8,electronics,banks,energy,pharma,utilities,food,0.102207,0.100212,-0.003554,0.004632,-0.008186,-0.003554,0
2023-08-30,Wed,8,retail,finance,pharma,banks,energy,trading,0.054732,0.038818,-0.001104,0.002363,-0.003467,-0.001104,0
2023-08-31,Thu,8,electronics,banks,energy,pharma,food,utilities,0.053529,0.052311,0.002689,0.004345,-0.001655,0.002689,0
2023-09-01,Fri,9,trading,electronics,banks,pharma,retail,utilities,0.207584,0.201979,0.011644,0.004775,0.006869,0.011644,1
2023-09-05,Tue,9,electronics,banks,energy,food,pharma,utilities,0.693421,0.675779,-0.004719,-0.000524,-0.004195,-0.004719,0
2023-09-06,Wed,9,food,pharma,utilities,electronics,energy,banks,0.066596,0.06316,-0.004712,0.00836,-0.013072,-0.004712,0
2023-09-07,Thu,9,trading,electronics,banks,pharma,retail,utilities,0.122197,0.11867,-0.004446,0.00248,-0.006926,-0.004446,0
2023-09-08,Fri,9,utilities,pharma,food,electronics,energy,banks,0.191799,0.185185,0.002687,-0.006397,0.009084,0.002687,1
2023-09-11,Mon,9,utilities,pharma,food,trading,energy,banks,0.143287,0.138484,-0.00323,0.006657,-0.009887,-0.00323,0
2023-09-12,Tue,9,utilities,pharma,retail,energy,trading,banks,0.495569,0.48044,0.009152,-0.003161,0.012313,0.009152,1
2023-09-13,Wed,9,banks,electronics,energy,food,pharma,utilities,0.716708,0.695357,0.002508,-0.002762,0.00527,0.002508,1
2023-09-14,Thu,9,utilities,pharma,food,electronics,energy,banks,0.640623,0.621004,0.007142,0.007477,-0.000336,0.007142,0
2023-09-15,Fri,9,banks,energy,electronics,pharma,utilities,food,0.197544,0.189523,-0.001159,0.01081,-0.011969,-0.001159,0
2023-09-19,Tue,9,trading,electronics,energy,pharma,utilities,retail,0.100718,0.090301,0.007456,-0.001034,0.00849,0.007456,1
2023-09-20,Wed,9,utilities,food,pharma,electronics,energy,banks,0.161778,0.15577,-0.016257,-0.018825,0.002568,-0.016257,1
2023-09-21,Thu,9,utilities,food,pharma,electronics,energy,banks,0.286086,0.274964,0.002883,-0.00226,0.005143,0.002883,1
2023-09-22,Fri,9,utilities,food,pharma,electronics,energy,banks,0.559316,0.536899,-0.003371,0.017747,-0.021119,-0.003371,0
2023-09-25,Mon,9,utilities,food,pharma,electronics,energy,banks,0.119732,0.114851,0.00327,-0.006649,0.009919,0.00327,1
2023-09-26,Tue,9,banks,energy,electronics,pharma,food,utilities,0.179348,0.173605,0.000382,-0.00179,0.002171,0.000382,1
2023-09-27,Wed,9,trading,electronics,banks,utilities,pharma,retail,0.17552,0.159936,0.003426,0.005222,-0.001795,0.003426,0
2023-09-28,Thu,9,banks,energy,electronics,food,pharma,utilities,0.607809,0.594568,-0.006847,0.000816,-0.007663,-0.006847,0
2023-09-29,Fri,9,banks,electronics,energy,pharma,food,utilities,0.428862,0.415906,-0.015804,-0.01281,-0.002994,-0.015804,0
2023-10-02,Mon,10,utilities,food,pharma,electronics,energy,banks,0.25765,0.25109,-0.013086,-0.011349,-0.001737,-0.013086,0
2023-10-03,Tue,10,utilities,food,pharma,banks,electronics,energy,0.203352,0.193981,-0.024336,-0.021608,-0.002728,-0.024336,0
2023-10-04,Wed,10,utilities,food,pharma,electronics,banks,energy,0.207145,0.196254,-0.012039,-0.020634,0.008595,-0.012039,1
2023-10-05,Thu,10,pharma,retail,utilities,trading,energy,banks,0.307763,0.298662,0.009105,0.016455,-0.00735,0.009105,0
2023-10-06,Fri,10,banks,trading,energy,utilities,pharma,retail,0.207191,0.201321,0.001302,0.005093,-0.003791,0.001302,0
2023-10-10,Tue,10,retail,pharma,food,electronics,trading,banks,0.116572,0.105664,0.00447,0.005498,-0.001028,0.00447,0
2023-10-11,Wed,10,pharma,retail,food,electronics,trading,banks,0.156791,0.146723,-0.003763,-0.002179,-0.001585,-0.003763,0
2023-10-12,Thu,10,energy,electronics,trading,retail,food,utilities,0.102109,0.097223,0.016627,-0.000388,0.017016,0.016627,1
2023-10-13,Fri,10,banks,trading,electronics,food,retail,pharma,0.062632,0.046662,-0.004516,-0.005888,0.001373,-0.004516,1
2023-10-16,Mon,10,retail,pharma,food,energy,electronics,banks,0.047486,0.046114,-0.015389,-0.005514,-0.009876,-0.015389,0
2023-10-17,Tue,10,pharma,retail,food,trading,electronics,banks,0.074164,0.063671,-0.002899,-0.005003,0.002104,-0.002899,1
2023-10-18,Wed,10,energy,banks,trading,food,utilities,retail,0.296264,0.290322,0.01075,0.001241,0.009509,0.01075,1
2023-10-19,Thu,10,food,utilities,retail,trading,banks,energy,0.542675,0.526166,0.000726,-0.006442,0.007168,0.000726,1
2023-10-20,Fri,10,food,utilities,retail,banks,trading,energy,0.204849,0.192444,-0.001115,0.005654,-0.006769,-0.001115,0
2023-10-23,Mon,10,food,utilities,retail,banks,trading,energy,0.237152,0.226218,-0.00092,-0.008834,0.007914,-0.00092,1
2023-10-24,Tue,10,food,retail,utilities,trading,banks,energy,0.302631,0.298884,-0.002111,-3.9e-05,-0.002071,-0.002111,0
2023-10-25,Wed,10,pharma,retail,utilities,trading,electronics,banks,0.347031,0.336619,0.001962,0.003206,-0.001243,0.001962,0
2023-10-26,Thu,10,food,utilities,retail,trading,banks,energy,0.257663,0.244345,7.4e-05,-0.010434,0.010508,7.4e-05,1
2023-10-27,Fri,10,banks,energy,electronics,food,pharma,retail,0.654832,0.640008,0.011919,0.002337,0.009582,0.011919,1
2023-10-30,Mon,10,food,utilities,retail,electronics,trading,energy,0.043278,0.030853,-0.002632,0.011101,-0.013732,-0.002632,0
2023-10-31,Tue,10,pharma,retail,utilities,trading,electronics,banks,0.141263,0.122556,0.003048,-0.001581,0.004628,0.003048,1
2023-11-01,Wed,11,energy,electronics,trading,utilities,retail,food,0.148188,0.131395,0.00367,0.012384,-0.008714,0.00367,0
2023-11-02,Thu,11,retail,pharma,utilities,electronics,trading,banks,0.250611,0.242443,-0.001827,-0.006983,0.005156,-0.001827,1
2023-11-06,Mon,11,energy,electronics,trading,utilities,retail,food,0.377014,0.348207,-0.002903,-0.002606,-0.000297,-0.002903,0
2023-11-07,Tue,11,retail,food,pharma,trading,banks,energy,0.552694,0.544453,-0.00496,-0.008438,0.003478,-0.00496,1
2023-11-08,Wed,11,retail,food,utilities,trading,banks,energy,0.684288,0.672581,-0.020113,-0.035196,0.015084,-0.020113,1
2023-11-09,Thu,11,energy,banks,trading,pharma,food,retail,0.10699,0.10483,0.015807,0.003353,0.012454,0.015807,1
2023-11-10,Fri,11,banks,energy,trading,utilities,pharma,retail,0.320973,0.311497,0.019519,0.00798,0.011539,0.019519,1
2023-11-13,Mon,11,utilities,pharma,retail,energy,trading,banks,0.047051,0.036582,-0.001767,-0.00531,0.003543,-0.001767,1
2023-11-14,Tue,11,utilities,pharma,retail,energy,trading,banks,0.006374,0.005901,0.000111,0.000954,-0.000842,0.000111,0
2023-11-15,Wed,11,energy,electronics,trading,pharma,retail,food,0.373035,0.348392,0.003794,0.000912,0.002882,0.003794,1
2023-11-16,Thu,11,utilities,retail,pharma,electronics,trading,banks,0.010859,0.00881,-0.0108,-0.00024,-0.01056,-0.0108,0
2023-11-17,Fri,11,food,retail,pharma,trading,banks,energy,0.093291,0.090346,0.007089,0.018476,-0.011387,0.007089,0
2023-11-20,Mon,11,energy,banks,trading,pharma,retail,food,0.363943,0.354208,-0.002361,-0.00425,0.001889,-0.002361,1
2023-11-21,Tue,11,retail,utilities,pharma,energy,trading,banks,0.075495,0.072779,-0.002216,-0.005279,0.003064,-0.002216,1
2023-11-22,Wed,11,food,retail,pharma,trading,banks,energy,0.119064,0.116915,0.007995,0.005933,0.002062,0.007995,1
2023-11-24,Fri,11,retail,pharma,food,trading,energy,banks,0.217928,0.213882,-0.007392,-0.001232,-0.006161,-0.007392,0
2023-11-27,Mon,11,energy,electronics,trading,retail,pharma,food,0.023028,0.019381,-0.009247,-0.006259,-0.002989,-0.009247,0
2023-11-28,Tue,11,banks,trading,energy,utilities,pharma,retail,0.083859,0.081046,-0.002533,-0.004229,0.001696,-0.002533,1
2023-11-29,Wed,11,energy,electronics,banks,retail,pharma,food,0.037267,0.034729,-0.011394,-0.005315,-0.006079,-0.011394,0
2023-11-30,Thu,11,energy,banks,trading,pharma,retail,food,0.359192,0.352726,0.000766,0.007272,-0.006506,0.000766,0
2023-12-01,Fri,12,retail,pharma,utilities,electronics,trading,banks,0.038262,0.03321,-0.003954,-0.000302,-0.003651,-0.003954,0
2023-12-04,Mon,12,energy,electronics,trading,pharma,retail,food,0.21522,0.19812,-0.007527,0.000569,-0.008096,-0.007527,0
2023-12-05,Tue,12,food,pharma,retail,trading,electronics,energy,0.023722,0.019231,0.000829,-0.007085,0.007914,0.000829,1
2023-12-06,Wed,12,food,retail,pharma,banks,electronics,energy,0.302014,0.286887,0.011168,0.01208,-0.000912,0.011168,0
2023-12-07,Thu,12,food,retail,pharma,electronics,banks,energy,0.262377,0.254345,-0.008097,0.004066,-0.012163,-0.008097,0
2023-12-08,Fri,12,retail,pharma,utilities,energy,trading,banks,0.065886,0.061679,-0.010972,-0.010482,-0.00049,-0.010972,0
2023-12-11,Mon,12,energy,banks,electronics,pharma,retail,food,0.237994,0.229036,-0.00439,0.000314,-0.004703,-0.00439,0
2023-12-12,Tue,12,retail,pharma,food,trading,energy,banks,0.224053,0.216663,-0.004225,-0.006716,0.002491,-0.004225,1
2023-12-13,Wed,12,retail,pharma,food,trading,energy,banks,0.126154,0.122568,-0.008588,-0.003625,-0.004963,-0.008588,0
2023-12-14,Thu,12,retail,pharma,utilities,energy,trading,banks,0.275285,0.256438,-0.023048,-0.021638,-0.001409,-0.023048,0
2023-12-15,Fri,12,energy,banks,trading,pharma,retail,food,1.384286,1.348773,0.002117,-0.007953,0.01007,0.002117,1
2023-12-18,Mon,12,food,construction,auto,machinery,electronics,energy,0.015904,0.010568,0.002317,-0.003948,0.006266,0.002317,1
2023-12-19,Tue,12,retail,pharma,utilities,energy,trading,banks,0.080227,0.078416,-0.000506,-0.000467,-3.9e-05,-0.000506,0
2023-12-20,Wed,12,energy,electronics,trading,pharma,retail,food,0.162523,0.150354,0.003416,0.002494,0.000922,0.003416,1
2023-12-21,Thu,12,banks,trading,energy,pharma,retail,utilities,0.315317,0.305707,-0.000851,-0.008493,0.007642,-0.000851,1
2023-12-22,Fri,12,utilities,pharma,retail,energy,banks,trading,0.115595,0.104919,0.005153,0.00916,-0.004007,0.005153,0
2023-12-26,Tue,12,utilities,pharma,retail,banks,energy,trading,0.07619,0.074053,-0.000867,0.000126,-0.000993,-0.000867,0
2023-12-27,Wed,12,energy,banks,electronics,pharma,retail,food,0.063726,0.058853,0.012072,0.002741,0.009331,0.012072,1
2023-12-28,Thu,12,utilities,pharma,food,banks,trading,energy,0.044343,0.043574,0.002605,0.001921,0.000685,0.002605,1
2023-12-29,Fri,12,food,pharma,retail,banks,electronics,energy,0.230592,0.223188,-0.001388,-0.003463,0.002075,-0.001388,1
2024-01-04,Thu,1,food,pharma,retail,banks,electronics,energy,0.196111,0.187085,0.014371,0.016556,-0.002186,0.014371,0
2024-01-05,Fri,1,food,pharma,retail,banks,electronics,energy,0.116349,0.110408,-0.001019,0.003833,-0.004851,-0.001019,0
2024-01-09,Tue,1,energy,trading,electronics,utilities,pharma,food,0.108718,0.106817,-0.011299,0.000661,-0.01196,-0.011299,0
2024-01-10,Wed,1,food,pharma,retail,banks,electronics,energy,0.446044,0.432641,0.010869,0.005449,0.00542,0.010869,1
2024-01-11,Thu,1,food,utilities,pharma,electronics,trading,energy,0.222369,0.217555,0.001787,0.004272,-0.002485,0.001787,0
2024-01-12,Fri,1,trading,energy,electronics,retail,pharma,utilities,0.085228,0.0761,0.010016,-0.001661,0.011676,0.010016,1
2024-01-16,Tue,1,energy,banks,trading,utilities,pharma,food,0.092239,0.089715,0.01195,0.013507,-0.001557,0.01195,0
2024-01-17,Wed,1,food,pharma,retail,electronics,banks,energy,0.268546,0.261591,-0.008415,-0.012019,0.003603,-0.008415,1
2024-01-18,Thu,1,food,pharma,retail,energy,banks,electronics,0.085084,0.079433,-0.001958,-0.00013,-0.001828,-0.001958,0
2024-01-19,Fri,1,utilities,pharma,food,banks,energy,trading,0.120991,0.115567,-0.010055,-0.004482,-0.005573,-0.010055,0
2024-01-22,Mon,1,electronics,banks,energy,retail,pharma,food,0.154659,0.14642,0.002751,0.005625,-0.002874,0.002751,0
2024-01-23,Tue,1,energy,electronics,banks,utilities,pharma,food,0.234853,0.230499,-0.003277,-0.000858,-0.00242,-0.003277,0
2024-01-24,Wed,1,utilities,pharma,food,electronics,trading,energy,0.189653,0.186267,-0.006709,-0.007341,0.000633,-0.006709,1
2024-01-25,Thu,1,energy,trading,electronics,food,pharma,utilities,0.378142,0.366781,-0.000137,0.004739,-0.004875,-0.000137,0
2024-01-26,Fri,1,energy,banks,electronics,retail,pharma,food,0.240115,0.236744,-0.011365,-0.001201,-0.010164,-0.011365,0
2024-01-29,Mon,1,energy,trading,banks,food,pharma,utilities,0.042122,0.041552,0.013572,0.009187,0.004385,0.013572,1
2024-01-30,Tue,1,utilities,pharma,food,banks,energy,trading,0.262446,0.256509,-0.005808,-0.004537,-0.001271,-0.005808,0
2024-01-31,Wed,1,energy,banks,trading,utilities,pharma,food,0.268141,0.264896,0.010438,0.010627,-0.000188,0.010438,0
2024-02-01,Thu,2,pharma,retail,food,energy,electronics,banks,0.213413,0.204114,0.004681,-1.3e-05,0.004694,0.004681,1
2024-02-02,Fri,2,utilities,food,pharma,banks,energy,trading,0.592071,0.573308,-0.007144,-0.00472,-0.002423,-0.007144,0
2024-02-05,Mon,2,energy,banks,electronics,retail,food,pharma,0.074078,0.072258,0.004037,-0.001122,0.005159,0.004037,1
2024-02-06,Tue,2,pharma,food,retail,electronics,banks,energy,0.424273,0.416411,-0.006026,-0.013808,0.007782,-0.006026,1
2024-02-07,Wed,2,energy,banks,electronics,retail,pharma,food,0.218839,0.213539,0.002322,0.000518,0.001804,0.002322,1
2024-02-08,Thu,2,energy,banks,electronics,retail,food,pharma,0.073059,0.068545,-0.004559,0.003862,-0.00842,-0.004559,0
2024-02-09,Fri,2,energy,banks,trading,utilities,pharma,food,0.172964,0.17121,0.002747,0.000463,0.002284,0.002747,1
2024-02-13,Tue,2,food,pharma,retail,electronics,banks,energy,0.120375,0.11734,0.002589,0.004948,-0.002359,0.002589,0
2024-02-14,Wed,2,realestate,trading,finance,retail,food,utilities,0.058898,0.047084,-0.008413,-0.003372,-0.005041,-0.008413,0
2024-02-15,Thu,2,utilities,retail,food,banks,electronics,trading,0.042214,0.036756,-0.008798,-0.007168,-0.00163,-0.008798,0
2024-02-16,Fri,2,energy,electronics,banks,utilities,pharma,food,0.734448,0.707753,0.00775,0.006062,0.001689,0.00775,1
2024-02-20,Tue,2,food,pharma,retail,banks,electronics,energy,0.075955,0.067564,-0.00084,-0.010108,0.009268,-0.00084,1
2024-02-21,Wed,2,food,pharma,retail,trading,electronics,energy,0.17354,0.169016,0.004292,-0.008309,0.0126,0.004292,1
2024-02-22,Thu,2,energy,electronics,trading,pharma,retail,food,0.249988,0.245966,0.006461,-0.000497,0.006958,0.006461,1
2024-02-26,Mon,2,utilities,food,pharma,electronics,banks,trading,0.269587,0.263133,0.004398,-0.004035,0.008433,0.004398,1
2024-02-27,Tue,2,banks,trading,electronics,pharma,food,utilities,0.165354,0.160749,-0.003548,-0.011182,0.007634,-0.003548,1
2024-02-28,Wed,2,food,utilities,pharma,electronics,banks,trading,0.118933,0.117027,0.006619,-0.01049,0.017109,0.006619,1
2024-02-29,Thu,2,electronics,trading,banks,retail,pharma,food,0.338032,0.332658,0.002982,0.003087,-0.000104,0.002982,0
2024-03-01,Fri,3,electronics,trading,energy,retail,pharma,food,0.301196,0.297321,0.016634,-0.001751,0.018385,0.016634,1
2024-03-04,Mon,3,utilities,food,pharma,electronics,trading,banks,0.09844,0.094553,-0.00612,-0.017947,0.011827,-0.00612,1
2024-03-05,Tue,3,pharma,food,retail,trading,electronics,energy,0.054356,0.053373,0.004152,0.01313,-0.008978,0.004152,0
2024-03-06,Wed,3,trading,banks,electronics,pharma,utilities,food,0.319415,0.31366,0.003959,0.009297,-0.005338,0.003959,0
2024-03-07,Thu,3,food,utilities,pharma,electronics,trading,banks,0.214773,0.211064,-0.003484,-0.010353,0.00687,-0.003484,1
2024-03-08,Fri,3,food,utilities,retail,electronics,trading,banks,0.21902,0.214911,0.001583,0.00472,-0.003137,0.001583,0
2024-03-11,Mon,3,electronics,trading,banks,retail,utilities,food,0.453319,0.445335,-0.024376,-0.007465,-0.016911,-0.024376,0
2024-03-12,Tue,3,electronics,trading,banks,retail,pharma,food,0.140058,0.137462,0.002554,0.00153,0.001024,0.002554,1
2024-03-13,Wed,3,food,utilities,pharma,banks,trading,electronics,0.303639,0.298642,-0.004701,-0.016154,0.011452,-0.004701,1
2024-03-14,Thu,3,electronics,trading,banks,retail,pharma,food,0.468661,0.46067,0.000861,0.008256,-0.007395,0.000861,0
2024-03-15,Fri,3,banks,trading,electronics,retail,food,utilities,0.036979,0.031017,0.007335,0.010619,-0.003284,0.007335,0
2024-03-18,Mon,3,trading,electronics,banks,retail,utilities,food,0.24196,0.236854,0.010371,-0.005446,0.015817,0.010371,1
2024-03-19,Tue,3,food,utilities,retail,electronics,banks,trading,0.08401,0.07972,0.002935,0.008274,-0.005339,0.002935,0
2024-03-21,Thu,3,food,retail,utilities,electronics,banks,trading,0.163958,0.157346,0.010687,0.017722,-0.007035,0.010687,0
2024-03-22,Fri,3,electronics,trading,energy,retail,pharma,food,0.273278,0.270782,-0.008522,-0.00167,-0.006852,-0.008522,0
2024-03-25,Mon,3,pharma,food,retail,energy,trading,electronics,0.391109,0.388494,-0.00546,-0.012448,0.006988,-0.00546,1
2024-03-26,Tue,3,banks,trading,electronics,pharma,retail,food,0.110112,0.104685,-0.000231,0.005076,-0.005306,-0.000231,0
2024-03-27,Wed,3,pharma,retail,utilities,trading,electronics,energy,0.027455,0.024194,0.002268,-0.00017,0.002437,0.002268,1
2024-03-28,Thu,3,food,utilities,retail,electronics,trading,banks,0.053157,0.045129,-0.006406,-0.009627,0.003221,-0.006406,1
2024-04-01,Mon,4,trading,banks,electronics,retail,pharma,food,0.290579,0.285581,-0.008558,-0.009354,0.000795,-0.008558,1
2024-04-02,Tue,4,banks,trading,electronics,pharma,retail,food,0.182863,0.172396,-0.008946,-0.012867,0.003921,-0.008946,1
2024-04-03,Wed,4,banks,trading,electronics,pharma,retail,food,0.492156,0.476412,0.011803,0.002504,0.009299,0.011803,1
2024-04-04,Thu,4,banks,electronics,trading,pharma,retail,food,0.447619,0.43842,0.001402,-0.002664,0.004066,0.001402,1
2024-04-05,Fri,4,banks,trading,electronics,pharma,food,retail,0.150111,0.13132,-0.001816,0.001956,-0.003772,-0.001816,0
2024-04-08,Mon,4,energy,electronics,trading,food,pharma,utilities,0.124343,0.117658,-0.001648,0.00259,-0.004238,-0.001648,0
2024-04-09,Tue,4,banks,trading,energy,pharma,retail,food,0.106997,0.104843,0.005953,-0.002654,0.008607,0.005953,1
2024-04-10,Wed,4,food,retail,pharma,energy,trading,banks,0.2824,0.275454,-0.003166,0.001191,-0.004357,-0.003166,0
2024-04-11,Thu,4,pharma,utilities,food,electronics,trading,energy,0.346162,0.329682,0.012739,0.025587,-0.012848,0.012739,0
2024-04-12,Fri,4,food,retail,pharma,energy,trading,banks,0.257703,0.252116,-0.001475,0.001828,-0.003303,-0.001475,0
2024-04-15,Mon,4,utilities,pharma,food,electronics,trading,energy,0.139425,0.111578,0.010763,0.006681,0.004082,0.010763,1
2024-04-16,Tue,4,utilities,pharma,food,electronics,trading,energy,0.101849,0.086352,-0.009135,-0.023691,0.014555,-0.009135,1
2024-04-17,Wed,4,food,pharma,utilities,banks,trading,energy,0.425049,0.413384,-0.022523,-0.018108,-0.004415,-0.022523,0
2024-04-18,Thu,4,food,pharma,retail,trading,banks,energy,0.237614,0.233414,0.006188,0.017564,-0.011376,0.006188,0
2024-04-19,Fri,4,food,pharma,utilities,banks,trading,energy,0.068251,0.066526,-0.000832,0.004125,-0.004958,-0.000832,0
2024-04-22,Mon,4,energy,trading,banks,utilities,pharma,food,0.151108,0.147128,0.005934,0.014142,-0.008208,0.005934,0
2024-04-23,Tue,4,retail,food,pharma,trading,electronics,banks,0.12015,0.109709,-0.002705,-0.005079,0.002374,-0.002705,1
2024-04-24,Wed,4,retail,food,pharma,trading,electronics,banks,0.403172,0.394107,0.001918,0.011279,-0.009361,0.001918,0
2024-04-25,Thu,4,food,retail,pharma,trading,banks,energy,0.197349,0.193823,-0.007595,-0.008322,0.000728,-0.007595,1
2024-04-26,Fri,4,electronics,banks,trading,pharma,food,retail,0.164476,0.158478,0.002068,0.007763,-0.005695,0.002068,0
2024-04-30,Tue,4,retail,food,pharma,trading,banks,electronics,0.048493,0.046456,0.008689,0.012283,-0.003593,0.008689,0
2024-05-01,Wed,5,food,pharma,utilities,banks,trading,energy,0.717992,0.694477,0.006285,-0.003402,0.009687,0.006285,1
2024-05-02,Thu,5,pharma,food,utilities,banks,trading,energy,0.076921,0.074013,0.005665,0.005875,-0.00021,0.005665,0
2024-05-07,Tue,5,retail,food,pharma,banks,trading,electronics,0.198409,0.190111,-0.007238,-0.006916,-0.000322,-0.007238,0
2024-05-08,Wed,5,retail,food,pharma,trading,banks,electronics,0.183436,0.177273,-0.008003,-0.013025,0.005022,-0.008003,1
2024-05-09,Thu,5,food,pharma,utilities,banks,trading,energy,0.155595,0.151311,-0.004608,0.003633,-0.008241,-0.004608,0
2024-05-10,Fri,5,energy,trading,banks,food,utilities,pharma,0.186229,0.175179,0.007439,0.015955,-0.008516,0.007439,0
2024-05-13,Mon,5,food,pharma,retail,banks,trading,energy,0.255292,0.249061,-0.001537,0.003265,-0.004802,-0.001537,0
2024-05-14,Tue,5,pharma,utilities,food,trading,banks,energy,0.073661,0.071123,-0.00184,0.009048,-0.010888,-0.00184,0
2024-05-15,Wed,5,energy,banks,trading,food,pharma,utilities,0.018525,0.015542,-0.002427,-0.007093,0.004665,-0.002427,1
2024-05-16,Thu,5,food,retail,pharma,energy,trading,electronics,0.387062,0.374005,-0.000758,-0.010228,0.00947,-0.000758,1
2024-05-17,Fri,5,food,pharma,retail,trading,banks,energy,0.423737,0.41502,0.000935,0.008298,-0.007364,0.000935,0
2024-05-20,Mon,5,energy,banks,trading,retail,pharma,food,0.507664,0.498038,0.022145,0.002163,0.019982,0.022145,1
2024-05-21,Tue,5,pharma,food,utilities,trading,banks,energy,0.29104,0.28385,-0.002316,0.001824,-0.00414,-0.002316,0
2024-05-22,Wed,5,food,retail,pharma,trading,banks,energy,0.267628,0.260547,-0.005937,-0.009718,0.003781,-0.005937,1
2024-05-23,Thu,5,pharma,utilities,food,trading,energy,banks,0.473779,0.459254,0.004586,-0.001252,0.005837,0.004586,1
2024-05-24,Fri,5,electronics,trading,energy,finance,food,retail,0.068464,0.050606,0.00793,0.01035,-0.00242,0.00793,0
2024-05-28,Tue,5,banks,energy,trading,food,pharma,utilities,0.097286,0.089788,0.006039,0.005565,0.000475,0.006039,1
2024-05-29,Wed,5,electronics,energy,trading,pharma,retail,food,0.224857,0.21609,-0.008248,-0.008122,-0.000125,-0.008248,0
2024-05-30,Thu,5,utilities,pharma,food,trading,energy,banks,0.215047,0.195994,0.004347,0.001196,0.003151,0.004347,1
2024-05-31,Fri,5,banks,energy,trading,utilities,pharma,food,0.465781,0.457556,0.021082,0.016807,0.004276,0.021082,1
2024-06-03,Mon,6,banks,energy,trading,food,pharma,utilities,0.195099,0.167666,0.007595,-0.005247,0.012842,0.007595,1
2024-06-04,Tue,6,food,pharma,utilities,trading,energy,banks,0.589417,0.577627,-0.001491,-0.012788,0.011298,-0.001491,1
2024-06-05,Wed,6,food,pharma,retail,trading,banks,energy,0.513263,0.502014,0.001843,-0.009213,0.011057,0.001843,1
2024-06-06,Thu,6,retail,food,pharma,trading,energy,electronics,0.062528,0.053996,-0.007555,-0.003125,-0.004429,-0.007555,0
2024-06-07,Fri,6,energy,banks,trading,retail,pharma,food,0.175204,0.172002,-0.002378,0.002426,-0.004804,-0.002378,0
2024-06-10,Mon,6,utilities,materials,pharma,trading,energy,banks,0.013845,0.009052,0.007935,0.007681,0.000253,0.007935,1
2024-06-11,Tue,6,food,retail,pharma,electronics,banks,energy,0.141257,0.138745,0.000612,-0.009634,0.010246,0.000612,1
2024-06-12,Wed,6,pharma,food,retail,trading,banks,energy,0.272458,0.267291,-0.004499,0.000734,-0.005233,-0.004499,0
2024-06-13,Thu,6,banks,energy,trading,utilities,food,pharma,0.091732,0.089965,-0.015679,-0.014187,-0.001492,-0.015679,0
2024-06-14,Fri,6,food,pharma,retail,trading,banks,energy,0.161125,0.157348,0.00265,0.011157,-0.008507,0.00265,0
2024-06-17,Mon,6,pharma,food,utilities,trading,banks,energy,0.298077,0.291618,-0.002671,-0.020028,0.017358,-0.002671,1
2024-06-18,Tue,6,banks,energy,trading,food,pharma,utilities,0.10555,0.098269,-0.014995,-0.008162,-0.006833,-0.014995,0
2024-06-20,Thu,6,energy,banks,trading,utilities,food,pharma,0.177953,0.172836,0.002033,0.001839,0.000194,0.002033,1
2024-06-21,Fri,6,energy,banks,trading,utilities,food,pharma,0.387023,0.375497,-0.008882,-0.002175,-0.006707,-0.008882,0
2024-06-24,Mon,6,food,pharma,retail,banks,electronics,energy,0.03195,0.031256,0.001614,0.00596,-0.004345,0.001614,0
2024-06-25,Tue,6,energy,banks,trading,utilities,food,pharma,0.52821,0.511876,0.020783,0.010294,0.010489,0.020783,1
2024-06-26,Wed,6,pharma,food,utilities,trading,banks,energy,0.325194,0.317307,0.001041,-0.002742,0.003783,0.001041,1
2024-06-27,Thu,6,utilities,pharma,food,trading,energy,banks,0.019739,0.017663,-0.009867,-0.000841,-0.009026,-0.009867,0
2024-06-28,Fri,6,energy,banks,trading,retail,pharma,food,0.208473,0.202506,0.003061,-0.006357,0.009418,0.003061,1
2024-07-01,Mon,7,energy,banks,electronics,retail,pharma,food,0.512021,0.499098,0.005993,0.000437,0.005556,0.005993,1
2024-07-02,Tue,7,utilities,pharma,food,trading,energy,banks,0.029563,0.022833,0.00497,0.015983,-0.011013,0.00497,0
2024-07-03,Wed,7,banks,energy,trading,food,pharma,utilities,0.126555,0.118765,-0.006632,0.002573,-0.009205,-0.006632,0
2024-07-05,Fri,7,banks,energy,trading,utilities,pharma,food,0.155135,0.151389,-0.009438,-0.006596,-0.002842,-0.009438,0
2024-07-08,Mon,7,food,pharma,retail,electronics,banks,energy,0.554735,0.544259,0.001817,-0.004342,0.006159,0.001817,1
2024-07-09,Tue,7,electronics,energy,trading,pharma,food,retail,0.016943,0.016269,0.005205,0.00732,-0.002115,0.005205,0
2024-07-10,Wed,7,food,pharma,retail,trading,energy,banks,0.151113,0.147615,0.004735,0.007928,-0.003193,0.004735,0
2024-07-11,Thu,7,retail,pharma,food,energy,trading,electronics,0.050595,0.041156,0.009219,-0.000939,0.010158,0.009219,1
2024-07-12,Fri,7,banks,energy,trading,retail,pharma,food,0.878494,0.854985,-0.006252,0.005212,-0.011464,-0.006252,0
2024-07-16,Tue,7,retail,banks,food,machinery,realestate,electronics,0.015097,0.012331,-0.008244,-0.003964,-0.004279,-0.008244,0
2024-07-17,Wed,7,banks,energy,trading,food,utilities,pharma,0.186299,0.176376,-0.000193,0.00399,-0.004182,-0.000193,0
2024-07-18,Thu,7,banks,energy,trading,retail,pharma,food,0.502257,0.487536,0.005117,0.012227,-0.007111,0.005117,0
2024-07-19,Fri,7,electronics,trading,energy,utilities,pharma,food,0.201973,0.191024,-0.000664,-0.004632,0.003969,-0.000664,1
2024-07-22,Mon,7,food,retail,utilities,trading,energy,banks,0.307026,0.295457,-0.002432,-0.009835,0.007402,-0.002432,1
2024-07-23,Tue,7,food,pharma,utilities,banks,electronics,energy,0.23521,0.22991,0.002109,-0.000588,0.002696,0.002109,1
2024-07-24,Wed,7,electronics,energy,banks,utilities,pharma,food,0.141169,0.137173,-0.017621,-0.015751,-0.00187,-0.017621,0
2024-07-25,Thu,7,food,retail,utilities,trading,energy,banks,0.400514,0.384894,0.007335,-0.014782,0.022116,0.007335,1
2024-07-26,Fri,7,banks,energy,electronics,pharma,utilities,food,0.666129,0.640104,0.005144,0.000824,0.00432,0.005144,1
2024-07-29,Mon,7,banks,energy,trading,utilities,retail,food,0.256155,0.243644,0.014093,0.011568,0.002525,0.014093,1
2024-07-30,Tue,7,food,pharma,utilities,banks,trading,electronics,0.02649,0.025437,3e-05,-0.000439,0.000469,3e-05,1
2024-07-31,Wed,7,banks,energy,electronics,pharma,utilities,food,0.766586,0.737514,0.03551,0.014097,0.021413,0.03551,1
2024-08-01,Thu,8,food,pharma,utilities,energy,banks,electronics,0.340772,0.329912,-0.034166,-0.029495,-0.004671,-0.034166,0
2024-08-02,Fri,8,food,utilities,retail,electronics,energy,banks,0.691321,0.668232,-0.009673,-0.022633,0.01296,-0.009673,1
2024-08-05,Mon,8,food,retail,utilities,electronics,energy,banks,0.883217,0.853462,-0.024017,-0.064536,0.040519,-0.024017,1
2024-08-06,Tue,8,electronics,trading,energy,retail,food,pharma,0.214786,0.187285,0.011866,-0.014112,0.025978,0.011866,1
2024-08-07,Wed,8,banks,trading,energy,food,utilities,pharma,0.259814,0.251678,0.060279,0.052417,0.007862,0.060279,1
2024-08-08,Thu,8,electronics,energy,trading,utilities,retail,food,0.020842,0.01888,-0.002817,0.010309,-0.013126,-0.002817,0
2024-08-09,Fri,8,retail,food,utilities,materials,energy,electronics,0.040989,0.031534,-0.024805,-0.017685,-0.00712,-0.024805,0
2024-08-13,Tue,8,retail,food,utilities,trading,energy,electronics,0.026432,0.023245,0.009044,0.015837,-0.006793,0.009044,0
2024-08-14,Wed,8,pharma,retail,food,trading,energy,electronics,0.319272,0.314815,0.004193,0.010796,-0.006603,0.004193,0
2024-08-15,Thu,8,trading,energy,banks,utilities,food,pharma,0.152244,0.146301,0.014545,0.003926,0.010619,0.014545,1
2024-08-16,Fri,8,retail,food,utilities,trading,energy,electronics,0.062235,0.049833,0.001262,0.011168,-0.009906,0.001262,0
2024-08-19,Mon,8,retail,food,pharma,trading,energy,electronics,0.019284,0.017827,0.005152,-0.010166,0.015318,0.005152,1
2024-08-20,Tue,8,retail,food,pharma,trading,energy,electronics,0.05964,0.051917,0.004268,-0.001452,0.00572,0.004268,1
2024-08-21,Wed,8,pharma,food,utilities,banks,energy,trading,0.440716,0.425217,0.005125,0.006765,-0.00164,0.005125,0
2024-08-22,Thu,8,retail,food,pharma,trading,energy,electronics,0.07574,0.069836,0.00823,0.003302,0.004929,0.00823,1
2024-08-23,Fri,8,energy,trading,electronics,retail,food,pharma,0.403885,0.39559,0.004716,0.006396,-0.00168,0.004716,0
2024-08-26,Mon,8,trading,energy,banks,utilities,food,pharma,0.487453,0.464991,-0.0045,-0.005072,0.000572,-0.0045,1
2024-08-27,Tue,8,trading,energy,banks,utilities,food,pharma,0.071554,0.068755,0.007392,0.0082,-0.000808,0.007392,0
2024-08-28,Wed,8,electronics,energy,trading,utilities,food,retail,0.034273,0.032612,0.001247,-0.004691,0.005938,0.001247,1
2024-08-29,Thu,8,electronics,energy,trading,utilities,food,retail,0.060124,0.054041,0.00341,0.005584,-0.002174,0.00341,0
2024-08-30,Fri,8,trading,energy,electronics,retail,food,pharma,0.372749,0.359995,0.005622,-0.005692,0.011315,0.005622,1
2024-09-03,Tue,9,retail,finance,transport,electronics,materials,pharma,0.023524,0.01598,0.012779,0.000287,0.012492,0.012779,1
2024-09-04,Wed,9,pharma,food,utilities,banks,energy,trading,0.444671,0.416993,-0.007594,-0.016689,0.009095,-0.007594,1
2024-09-05,Thu,9,pharma,food,utilities,electronics,energy,trading,0.333073,0.320671,-0.005029,0.006853,-0.011882,-0.005029,0
2024-09-06,Fri,9,pharma,utilities,materials,energy,trading,banks,0.0263,0.018104,-0.003207,-0.014561,0.011354,-0.003207,1
2024-09-09,Mon,9,pharma,utilities,food,energy,trading,banks,0.074687,0.060145,0.016207,0.021596,-0.005388,0.016207,0
2024-09-10,Tue,9,trading,banks,energy,food,utilities,pharma,0.079783,0.069944,-0.003405,-0.008471,0.005066,-0.003405,1
2024-09-11,Wed,9,pharma,food,retail,electronics,energy,trading,0.287823,0.282059,-0.016994,-0.006563,-0.010431,-0.016994,0
2024-09-12,Thu,9,pharma,food,utilities,electronics,energy,trading,0.175945,0.170551,-0.00026,-0.001593,0.001333,-0.00026,1
2024-09-13,Fri,9,trading,banks,energy,food,utilities,pharma,0.03294,0.027795,-0.005655,-0.014687,0.009031,-0.005655,1
2024-09-17,Tue,9,retail,food,utilities,energy,trading,electronics,0.103157,0.095485,0.002819,-0.005534,0.008353,0.002819,1
2024-09-18,Wed,9,trading,energy,electronics,retail,food,pharma,0.557463,0.546886,-0.00992,-0.010038,0.000118,-0.00992,1
2024-09-19,Thu,9,electronics,trading,energy,pharma,food,retail,0.196854,0.193456,0.010833,-0.000724,0.011557,0.010833,1
2024-09-20,Fri,9,trading,energy,banks,utilities,food,pharma,0.443972,0.425507,-0.007128,-0.006549,-0.000579,-0.007128,0
2024-09-24,Tue,9,pharma,food,retail,electronics,energy,trading,0.573131,0.557594,-0.011194,0.003289,-0.014484,-0.011194,0
2024-09-25,Wed,9,trading,energy,electronics,retail,food,pharma,0.208245,0.203256,0.002169,-0.0073,0.009469,0.002169,1
2024-09-26,Thu,9,pharma,food,utilities,banks,energy,trading,0.323522,0.307739,0.013407,0.010865,0.002541,0.013407,1
2024-09-27,Fri,9,pharma,food,retail,electronics,energy,trading,0.070442,0.069242,0.005898,0.012663,-0.006765,0.005898,0
2024-09-30,Mon,9,trading,energy,banks,utilities,food,pharma,0.170642,0.163945,0.012606,0.006342,0.006264,0.012606,1
2024-10-01,Tue,10,trading,energy,banks,food,utilities,pharma,0.025742,0.023689,0.011943,-0.007343,0.019286,0.011943,1
2024-10-02,Wed,10,trading,energy,electronics,food,retail,pharma,0.281344,0.277327,0.002987,-0.008376,0.011364,0.002987,1
2024-10-03,Thu,10,trading,electronics,energy,food,pharma,retail,0.217529,0.216423,-0.010194,0.000866,-0.01106,-0.010194,0
2024-10-04,Fri,10,electronics,energy,trading,pharma,food,retail,0.213377,0.207619,0.005676,0.007102,-0.001426,0.005676,0
2024-10-07,Mon,10,energy,trading,banks,utilities,food,pharma,0.207882,0.198542,2.8e-05,-0.009422,0.009451,2.8e-05,1
2024-10-08,Tue,10,electronics,energy,trading,pharma,food,retail,0.449344,0.441709,-0.011044,-0.005323,-0.00572,-0.011044,0
2024-10-09,Wed,10,pharma,food,retail,electronics,trading,energy,0.516738,0.505171,0.001734,-0.009368,0.011102,0.001734,1
2024-10-10,Thu,10,energy,trading,banks,food,utilities,pharma,0.058684,0.054098,-0.010965,-0.002801,-0.008164,-0.010965,0
2024-10-11,Fri,10,electronics,energy,trading,pharma,food,retail,0.151755,0.147687,-0.003096,-0.00276,-0.000337,-0.003096,0
2024-10-15,Tue,10,energy,trading,banks,utilities,food,pharma,0.207383,0.19545,-0.018237,-0.000395,-0.017842,-0.018237,0
2024-10-16,Wed,10,electronics,trading,energy,utilities,food,retail,0.020049,0.014791,0.003456,0.002798,0.000658,0.003456,1
2024-10-17,Thu,10,energy,trading,banks,food,utilities,pharma,0.127535,0.11843,-0.002131,0.003113,-0.005243,-0.002131,0
2024-10-18,Fri,10,energy,trading,electronics,food,retail,pharma,0.320436,0.317337,-0.012622,0.000625,-0.013247,-0.012622,0
2024-10-21,Mon,10,retail,food,pharma,energy,trading,electronics,0.10135,0.097276,-0.004402,-0.003161,-0.001241,-0.004402,0
2024-10-22,Tue,10,pharma,utilities,food,banks,trading,energy,0.118081,0.104447,-0.006288,-0.005524,-0.000764,-0.006288,0
2024-10-23,Wed,10,pharma,food,utilities,banks,trading,energy,0.147186,0.139037,-0.003963,-0.006805,0.002841,-0.003963,1
2024-10-24,Thu,10,electronics,energy,trading,pharma,food,retail,0.1234,0.119156,0.012469,0.006452,0.006016,0.012469,1
2024-10-25,Fri,10,energy,electronics,trading,food,pharma,retail,0.087981,0.086244,-0.00901,-0.008235,-0.000774,-0.00901,0
2024-10-28,Mon,10,electronics,energy,trading,utilities,food,retail,0.129781,0.118582,0.020357,0.014203,0.006155,0.020357,1
2024-10-29,Tue,10,energy,trading,banks,utilities,food,pharma,0.101439,0.094546,0.010687,0.006513,0.004174,0.010687,1
2024-10-30,Wed,10,electronics,energy,trading,utilities,food,retail,0.048149,0.03632,0.008363,0.011071,-0.002708,0.008363,0
2024-10-31,Thu,10,energy,trading,banks,food,retail,pharma,0.435053,0.4205,-0.002946,0.00127,-0.004215,-0.002946,0
2024-11-01,Fri,11,pharma,food,utilities,banks,trading,energy,0.28189,0.261755,0.002445,0.005234,-0.002789,0.002445,0
2024-11-05,Tue,11,pharma,food,utilities,banks,energy,trading,0.060554,0.056919,0.005719,0.003271,0.002449,0.005719,1
2024-11-06,Wed,11,retail,food,utilities,banks,energy,electronics,0.182666,0.162263,0.000402,0.013981,-0.013579,0.000402,0
2024-11-07,Thu,11,energy,trading,banks,retail,food,pharma,1.511407,1.450745,-0.009988,-0.002914,-0.007074,-0.009988,0
2024-11-08,Fri,11,retail,pharma,food,trading,energy,banks,0.436076,0.430871,0.003619,-0.012582,0.016202,0.003619,1
2024-11-11,Mon,11,retail,pharma,food,trading,energy,banks,0.470625,0.463819,0.000898,0.003657,-0.002759,0.000898,0
2024-11-12,Tue,11,banks,energy,trading,utilities,pharma,food,0.290423,0.28598,-0.006505,-0.005465,-0.00104,-0.006505,0
2024-11-13,Wed,11,utilities,food,pharma,trading,energy,banks,0.096437,0.090312,-0.006348,0.00091,-0.007258,-0.006348,0
2024-11-14,Thu,11,banks,energy,trading,utilities,pharma,food,0.22417,0.219887,-0.000342,-0.006764,0.006422,-0.000342,1
2024-11-15,Fri,11,energy,banks,trading,food,pharma,retail,0.21584,0.205241,-0.00135,0.001272,-0.002623,-0.00135,0
2024-11-18,Mon,11,banks,trading,energy,food,pharma,retail,0.466375,0.453255,-0.001638,-0.007142,0.005504,-0.001638,1
2024-11-19,Tue,11,banks,energy,electronics,pharma,utilities,food,0.035423,0.032185,0.006476,-0.005814,0.01229,0.006476,1
2024-11-20,Wed,11,pharma,food,utilities,trading,energy,banks,0.271227,0.266738,-0.004982,-0.00865,0.003668,-0.004982,1
2024-11-21,Thu,11,energy,banks,electronics,utilities,pharma,food,0.029387,0.028268,-0.006333,-0.003959,-0.002374,-0.006333,0
2024-11-22,Fri,11,retail,pharma,food,energy,trading,banks,0.2919,0.280104,0.004556,0.011314,-0.006758,0.004556,0
2024-11-25,Mon,11,energy,banks,trading,utilities,pharma,food,0.113197,0.110548,-0.003553,-0.000382,-0.003171,-0.003553,0
2024-11-26,Tue,11,retail,pharma,food,energy,trading,banks,0.192355,0.18704,-0.004257,-0.018744,0.014487,-0.004257,1
2024-11-27,Wed,11,pharma,food,utilities,trading,energy,banks,0.520918,0.511524,-0.002406,-0.011702,0.009296,-0.002406,1
2024-11-29,Fri,11,banks,trading,electronics,machinery,steel,retail,0.002066,0.001523,0.001594,-0.000804,0.002398,0.001594,1
2024-12-02,Mon,12,retail,pharma,food,trading,energy,banks,0.175059,0.171917,0.004527,0.010819,-0.006293,0.004527,0
2024-12-03,Tue,12,food,pharma,utilities,trading,energy,banks,0.159544,0.156647,0.000627,0.000572,5.5e-05,0.000627,1
2024-12-04,Wed,12,trading,banks,energy,utilities,pharma,retail,0.031723,0.026777,-0.012025,-0.005574,-0.006451,-0.012025,0
2024-12-05,Thu,12,pharma,food,utilities,trading,energy,banks,0.615336,0.605614,-0.019909,-0.009009,-0.010901,-0.019909,0
2024-12-06,Fri,12,food,pharma,utilities,trading,energy,banks,0.066574,0.063256,-0.003202,0.000114,-0.003316,-0.003202,0
2024-12-09,Mon,12,trading,banks,electronics,utilities,pharma,retail,0.055663,0.053042,-0.003925,-0.004573,0.000648,-0.003925,1
2024-12-10,Tue,12,food,pharma,auto,trading,energy,banks,0.021193,0.017376,-0.005043,-0.006201,0.001158,-0.005043,1
2024-12-11,Wed,12,pharma,food,utilities,trading,energy,banks,0.255943,0.247882,-0.00265,0.000942,-0.003592,-0.00265,0
2024-12-12,Thu,12,banks,energy,trading,utilities,food,pharma,0.311326,0.304429,-0.002152,0.004614,-0.006767,-0.002152,0
2024-12-13,Fri,12,pharma,food,utilities,trading,energy,banks,0.171422,0.164605,-0.004787,-0.007381,0.002594,-0.004787,1
2024-12-16,Mon,12,pharma,food,utilities,trading,energy,banks,0.284958,0.275944,-0.008939,-0.006872,-0.002067,-0.008939,0
2024-12-17,Tue,12,pharma,food,utilities,trading,energy,banks,0.163741,0.157139,-0.001354,-0.013287,0.011933,-0.001354,1
2024-12-18,Wed,12,pharma,food,utilities,trading,energy,banks,0.184039,0.175991,0.002669,-0.001665,0.004334,0.002669,1
2024-12-19,Thu,12,pharma,food,utilities,trading,energy,banks,0.4649,0.429492,-0.004024,0.009079,-0.013103,-0.004024,0
2024-12-20,Fri,12,pharma,food,utilities,trading,energy,banks,0.162861,0.153901,-0.009994,-0.006887,-0.003108,-0.009994,0
2024-12-23,Mon,12,retail,banks,utilities,trading,electronics,auto,0.049649,0.028238,0.009263,0.007218,0.002045,0.009263,1
2024-12-24,Tue,12,retail,utilities,food,banks,electronics,trading,0.084757,0.079583,0.003541,-7.5e-05,0.003616,0.003541,1
2024-12-26,Thu,12,retail,utilities,construction,trading,electronics,auto,0.036316,0.020761,0.011908,0.01601,-0.004102,0.011908,0
2024-12-27,Fri,12,pharma,food,utilities,energy,trading,banks,0.081904,0.080229,0.010676,0.005446,0.00523,0.010676,1
2024-12-30,Mon,12,trading,electronics,banks,food,utilities,retail,0.106494,0.097484,-0.004504,-0.007325,0.002821,-0.004504,1
2025-01-06,Mon,1,trading,electronics,banks,food,utilities,retail,0.275859,0.263662,-0.007663,-0.015986,0.008323,-0.007663,1
2025-01-07,Tue,1,banks,trading,energy,retail,food,pharma,0.116431,0.11415,0.002739,-0.008602,0.011341,0.002739,1
2025-01-08,Wed,1,banks,trading,electronics,food,pharma,retail,0.215386,0.209513,0.000783,-0.010881,0.011664,0.000783,1
2025-01-10,Fri,1,banks,energy,trading,utilities,food,pharma,0.053747,0.051082,-0.011049,-0.004218,-0.006831,-0.011049,0
2025-01-14,Tue,1,electronics,trading,banks,food,utilities,retail,0.070266,0.054329,-0.003757,-0.004552,0.000794,-0.003757,1
2025-01-15,Wed,1,banks,energy,trading,utilities,food,pharma,0.539927,0.523153,-0.007693,-0.007777,8.4e-05,-0.007693,1
2025-01-16,Thu,1,banks,energy,trading,utilities,pharma,food,0.300095,0.285708,-0.000383,-0.006496,0.006113,-0.000383,1
2025-01-17,Fri,1,retail,realestate,utilities,trading,auto,electronics,0.026151,0.015995,0.004158,0.001848,0.00231,0.004158,1
2025-01-21,Tue,1,banks,energy,trading,utilities,food,pharma,0.111449,0.104345,-0.006258,-0.003343,-0.002916,-0.006258,0
2025-01-22,Wed,1,retail,food,utilities,electronics,banks,trading,0.27727,0.267714,9.9e-05,-0.001703,0.001802,9.9e-05,1
2025-01-23,Thu,1,food,pharma,utilities,trading,energy,banks,0.398123,0.383542,-0.004845,0.003444,-0.008289,-0.004845,0
2025-01-24,Fri,1,retail,food,utilities,banks,energy,trading,0.113408,0.106083,0.005099,0.001004,0.004095,0.005099,1
2025-01-27,Mon,1,food,pharma,utilities,trading,energy,banks,0.265444,0.256487,0.002162,-0.001535,0.003697,0.002162,1
2025-01-28,Tue,1,food,retail,utilities,trading,energy,banks,0.168441,0.162861,-0.002007,0.003788,-0.005795,-0.002007,0
2025-01-29,Wed,1,trading,electronics,banks,utilities,food,retail,0.05642,0.051055,0.001519,0.003994,-0.002475,0.001519,0
2025-01-30,Thu,1,pharma,food,utilities,trading,energy,banks,0.013982,0.012869,0.004859,-0.001099,0.005959,0.004859,1
2025-01-31,Fri,1,retail,food,utilities,electronics,trading,banks,0.176774,0.166439,-0.00018,0.007304,-0.007483,-0.00018,0
2025-02-03,Mon,2,food,pharma,utilities,trading,energy,banks,0.218809,0.211157,-0.005592,-0.000918,-0.004674,-0.005592,0
2025-02-04,Tue,2,food,pharma,utilities,trading,energy,banks,0.048999,0.047241,-0.013578,-0.015918,0.00234,-0.013578,1
2025-02-05,Wed,2,banks,energy,trading,utilities,pharma,food,0.465973,0.452637,-0.00533,-0.008888,0.003558,-0.00533,1
2025-02-06,Thu,2,food,retail,utilities,energy,trading,banks,0.220363,0.21621,0.00347,0.00022,0.003251,0.00347,1
2025-02-07,Fri,2,banks,energy,trading,utilities,pharma,food,0.023328,0.022599,-0.005853,-0.001982,-0.003872,-0.005853,0
2025-02-10,Mon,2,pharma,food,utilities,electronics,energy,banks,0.081742,0.075407,-0.00224,4.1e-05,-0.002281,-0.00224,0
2025-02-12,Wed,2,retail,food,utilities,banks,electronics,trading,0.06927,0.061848,-0.010169,0.000203,-0.010372,-0.010169,0
2025-02-13,Thu,2,food,pharma,utilities,trading,energy,banks,0.413848,0.401551,0.015771,0.006615,0.009157,0.015771,1
2025-02-14,Fri,2,energy,banks,trading,utilities,food,pharma,0.174961,0.160355,0.002007,-0.011954,0.013961,0.002007,1
2025-02-18,Tue,2,energy,banks,trading,utilities,food,retail,0.368859,0.365209,0.003255,0.003736,-0.000481,0.003255,0
2025-02-19,Wed,2,energy,banks,trading,utilities,pharma,food,0.292453,0.28098,-0.003316,-0.011336,0.00802,-0.003316,1
2025-02-20,Thu,2,retail,food,utilities,electronics,energy,banks,0.432036,0.426863,0.000587,-0.006599,0.007185,0.000587,1
2025-02-21,Fri,2,pharma,food,utilities,trading,banks,energy,0.037848,0.034327,0.006286,0.004676,0.00161,0.006286,1
2025-02-25,Tue,2,food,pharma,utilities,electronics,banks,energy,0.612959,0.593537,0.014097,-0.005612,0.019709,0.014097,1
2025-02-26,Wed,2,food,retail,pharma,electronics,banks,energy,0.100348,0.09893,0.003597,-0.016711,0.020308,0.003597,1
2025-02-27,Thu,2,energy,banks,electronics,pharma,retail,food,0.211594,0.209506,0.003909,-0.007576,0.011484,0.003909,1
2025-02-28,Fri,2,energy,banks,electronics,pharma,retail,food,0.791219,0.778895,-0.003651,-0.002967,-0.000684,-0.003651,0
2025-03-03,Mon,3,construction,energy,retail,steel,it_services,machinery,0.024956,0.022302,-0.002784,0.003901,-0.006685,-0.002784,0
2025-03-04,Tue,3,food,pharma,retail,electronics,banks,energy,0.569472,0.553537,-0.002702,-0.011032,0.00833,-0.002702,1
2025-03-05,Wed,3,food,utilities,pharma,electronics,banks,energy,0.231846,0.214682,0.008082,0.002388,0.005694,0.008082,1
2025-03-06,Thu,3,energy,banks,electronics,utilities,food,pharma,0.178515,0.166177,0.012779,-0.005005,0.017784,0.012779,1
2025-03-07,Fri,3,machinery,it_services,pharma,realestate,retail,energy,0.039791,0.024689,-0.007789,-0.001658,-0.006131,-0.007789,0
2025-03-10,Mon,3,retail,utilities,food,trading,banks,electronics,0.115545,0.11212,-0.003619,-0.005925,0.002306,-0.003619,1
2025-03-11,Tue,3,pharma,food,retail,trading,banks,energy,0.100779,0.080784,0.002957,0.004427,-0.001469,0.002957,0
2025-03-12,Wed,3,electronics,banks,trading,pharma,utilities,food,0.197102,0.192572,0.018497,0.017724,0.000772,0.018497,1
2025-03-13,Thu,3,banks,energy,electronics,utilities,pharma,food,0.418406,0.4095,-2.4e-05,-6.1e-05,3.8e-05,-2.4e-05,1
2025-03-14,Fri,3,pharma,food,retail,trading,banks,energy,0.060874,0.051675,0.001757,0.010817,-0.00906,0.001757,0
2025-03-17,Mon,3,energy,banks,electronics,retail,pharma,food,0.399364,0.374673,0.003744,-0.00122,0.004964,0.003744,1
2025-03-18,Tue,3,energy,banks,electronics,retail,food,pharma,0.149399,0.13854,0.004801,-0.008387,0.013188,0.004801,1
2025-03-19,Wed,3,banks,electronics,energy,utilities,pharma,food,0.279601,0.275093,0.005335,0.012637,-0.007301,0.005335,0
2025-03-21,Fri,3,energy,banks,electronics,retail,food,pharma,0.224542,0.213192,0.013157,0.003838,0.009319,0.013157,1
2025-03-24,Mon,3,pharma,food,retail,electronics,banks,energy,0.225611,0.219041,-0.002112,-0.008682,0.00657,-0.002112,1
2025-03-25,Tue,3,energy,banks,electronics,food,pharma,retail,0.297933,0.281774,-0.001544,0.001127,-0.002672,-0.001544,0
2025-03-26,Wed,3,energy,banks,electronics,utilities,food,pharma,0.473449,0.461655,-0.005954,-0.007025,0.001071,-0.005954,1
2025-03-27,Thu,3,banks,electronics,energy,food,utilities,pharma,0.025289,0.024381,0.002444,0.00525,-0.002807,0.002444,0
2025-03-28,Fri,3,pharma,food,retail,electronics,banks,energy,0.268658,0.259987,0.000613,-0.011605,0.012218,0.000613,1
2025-03-31,Mon,3,pharma,food,retail,electronics,banks,energy,0.284717,0.269601,-0.009383,-0.024513,0.015129,-0.009383,1
2025-04-01,Tue,4,utilities,realestate,pharma,machinery,banks,it_services,0.029657,0.027099,-0.000164,-0.013193,0.013029,-0.000164,1
2025-04-02,Wed,4,energy,banks,electronics,utilities,food,pharma,0.292265,0.285402,-0.013888,-0.027898,0.01401,-0.013888,1
2025-04-03,Thu,4,energy,banks,electronics,pharma,retail,food,0.089718,0.083275,-0.00968,0.022051,-0.03173,-0.00968,0
2025-04-04,Fri,4,food,pharma,retail,electronics,banks,energy,1.729809,1.687135,0.016817,-0.021193,0.03801,0.016817,1
2025-04-07,Mon,4,food,transport,it_services,energy,banks,auto,0.133351,0.127843,0.010096,0.039459,-0.029363,0.010096,0
2025-04-08,Tue,4,food,pharma,retail,electronics,energy,banks,0.090608,0.086688,0.003339,0.020233,-0.016895,0.003339,0
2025-04-09,Wed,4,pharma,food,retail,electronics,energy,banks,0.209895,0.201834,-0.013535,-0.030671,0.017136,-0.013535,1
2025-04-10,Thu,4,energy,banks,electronics,pharma,retail,food,0.372731,0.341519,-0.03313,-0.002446,-0.030685,-0.03313,0
2025-04-11,Fri,4,pharma,food,retail,electronics,energy,banks,0.406596,0.382221,0.002478,4.2e-05,0.002436,0.002478,1
2025-04-14,Mon,4,banks,energy,trading,retail,food,pharma,0.107006,0.095864,-0.004509,0.006278,-0.010788,-0.004509,0
2025-04-15,Tue,4,utilities,retail,pharma,energy,trading,electronics,0.154534,0.144876,-0.006814,-0.008927,0.002113,-0.006814,1
2025-04-16,Wed,4,banks,electronics,energy,food,pharma,utilities,0.12747,0.125841,-0.019004,0.00258,-0.021584,-0.019004,0
2025-04-17,Thu,4,electronics,energy,banks,retail,pharma,utilities,0.35673,0.346209,0.023581,-0.001275,0.024856,0.023581,1
2025-04-21,Mon,4,banks,energy,electronics,retail,food,pharma,0.098637,0.092112,-0.014111,-0.003716,-0.010395,-0.014111,0
2025-04-22,Tue,4,electronics,trading,energy,pharma,retail,utilities,0.128608,0.111683,0.011883,0.009898,0.001985,0.011883,1
2025-04-23,Wed,4,banks,auto,construction,retail,food,pharma,0.03145,0.028539,0.001826,-0.002989,0.004815,0.001826,1
2025-04-24,Thu,4,utilities,pharma,retail,energy,trading,electronics,0.052722,0.044701,-0.017129,-0.009452,-0.007677,-0.017129,0
2025-04-25,Fri,4,banks,energy,trading,retail,food,pharma,0.148632,0.140982,-0.001876,-0.004275,0.0024,-0.001876,1
2025-04-28,Mon,4,utilities,pharma,food,energy,electronics,banks,0.134443,0.132546,-0.004529,-0.000481,-0.004047,-0.004529,0
2025-04-30,Wed,4,banks,energy,electronics,retail,food,pharma,0.081498,0.078925,0.000578,0.002877,-0.002299,0.000578,0
2025-05-01,Thu,5,utilities,pharma,food,energy,electronics,banks,0.17378,0.171502,0.001902,-0.005279,0.007181,0.001902,1
2025-05-02,Fri,5,banks,electronics,energy,food,utilities,pharma,0.296517,0.292198,-0.010759,0.000177,-0.010936,-0.010759,0
2025-05-07,Wed,5,banks,energy,trading,retail,food,pharma,0.108577,0.102305,0.013403,-0.004428,0.017831,0.013403,1
2025-05-08,Thu,5,utilities,pharma,food,energy,electronics,banks,0.148036,0.14544,-0.010895,0.000413,-0.011308,-0.010895,0
2025-05-09,Fri,5,banks,energy,electronics,utilities,food,pharma,0.316416,0.30909,0.011102,-0.007647,0.01875,0.011102,1
2025-05-12,Mon,5,banks,electronics,energy,food,utilities,pharma,0.271938,0.267026,-0.005305,-0.018752,0.013447,-0.005305,1
2025-05-13,Tue,5,banks,energy,trading,retail,pharma,food,0.059177,0.052959,-0.010348,-0.01111,0.000762,-0.010348,1
2025-05-14,Wed,5,banks,electronics,energy,food,utilities,pharma,0.307835,0.302275,-0.003821,-0.008284,0.004463,-0.003821,1
2025-05-15,Thu,5,electronics,banks,energy,retail,pharma,utilities,0.11059,0.105419,-0.006449,0.006615,-0.013064,-0.006449,0
2025-05-16,Fri,5,utilities,pharma,food,energy,banks,electronics,0.284604,0.274491,0.001644,-0.00707,0.008714,0.001644,1
2025-05-19,Mon,5,utilities,pharma,food,energy,banks,electronics,0.256824,0.248409,0.013704,-0.003353,0.017057,0.013704,1
2025-05-20,Tue,5,pharma,utilities,food,energy,electronics,banks,0.181338,0.178202,-0.018854,-9.2e-05,-0.018763,-0.018854,0
2025-05-21,Wed,5,pharma,food,retail,energy,electronics,banks,0.206268,0.200071,-0.00088,-0.001708,0.000828,-0.00088,1
2025-05-22,Thu,5,electronics,trading,energy,food,retail,utilities,0.079473,0.063879,-0.003659,0.000953,-0.004612,-0.003659,0
2025-05-23,Fri,5,banks,electronics,energy,food,pharma,utilities,0.191486,0.188183,0.00282,0.000489,0.002331,0.00282,1
2025-05-27,Tue,5,pharma,food,utilities,energy,electronics,banks,0.108966,0.106453,0.001299,0.008208,-0.006909,0.001299,0
2025-05-28,Wed,5,banks,energy,auto,retail,food,pharma,0.033337,0.026413,-0.005113,-0.003992,-0.00112,-0.005113,0
2025-05-29,Thu,5,electronics,energy,banks,food,retail,utilities,0.066755,0.061151,0.009001,-0.00131,0.010311,0.009001,1
2025-05-30,Fri,5,utilities,retail,food,energy,trading,electronics,0.01475,0.011935,0.00621,0.007856,-0.001646,0.00621,0
2025-06-02,Mon,6,pharma,utilities,food,energy,electronics,banks,0.220778,0.217353,0.000981,0.001802,-0.000821,0.000981,0
2025-06-03,Tue,6,banks,energy,electronics,retail,food,pharma,0.053757,0.051292,0.000787,-0.006982,0.00777,0.000787,1
2025-06-04,Wed,6,banks,energy,trading,retail,food,pharma,0.02807,0.025863,0.002721,0.000608,0.002113,0.002721,1
2025-06-05,Thu,6,banks,electronics,energy,food,pharma,utilities,0.124068,0.120926,-0.005131,-0.004929,-0.000202,-0.005131,0
2025-06-06,Fri,6,electronics,banks,energy,retail,food,utilities,0.080983,0.077115,-0.000409,0.001141,-0.001549,-0.000409,0
2025-06-09,Mon,6,banks,energy,trading,retail,food,pharma,0.033394,0.029489,-0.002501,-0.002109,-0.000392,-0.002501,0
2025-06-10,Tue,6,banks,electronics,energy,food,pharma,utilities,0.0801,0.078981,-0.006312,0.001956,-0.008268,-0.006312,0
2025-06-11,Wed,6,banks,energy,electronics,retail,food,pharma,0.043757,0.0399,0.001179,-0.003748,0.004927,0.001179,1
2025-06-12,Thu,6,pharma,food,retail,trading,energy,banks,0.010832,0.009442,-0.001584,0.005085,-0.006668,-0.001584,0
2025-06-13,Fri,6,utilities,pharma,food,energy,electronics,banks,0.211683,0.208788,-0.001262,-0.003569,0.002308,-0.001262,1
2025-06-16,Mon,6,electronics,energy,banks,food,retail,utilities,0.120457,0.113766,-0.007994,0.00386,-0.011854,-0.007994,0
2025-06-17,Tue,6,banks,electronics,energy,retail,food,pharma,0.09525,0.091314,0.004806,-0.002461,0.007266,0.004806,1
2025-06-18,Wed,6,banks,electronics,energy,food,retail,utilities,0.260511,0.255371,0.013727,0.014827,-0.0011,0.013727,0
2025-06-20,Fri,6,pharma,food,utilities,energy,electronics,banks,0.049436,0.047822,-0.005347,-0.004265,-0.001082,-0.005347,0
2025-06-23,Mon,6,food,pharma,utilities,energy,electronics,banks,0.026308,0.025862,-0.001262,-0.006335,0.005073,-0.001262,1
2025-06-24,Tue,6,utilities,retail,food,energy,banks,electronics,0.178556,0.175403,-0.005408,-0.003596,-0.001813,-0.005408,0
2025-06-25,Wed,6,utilities,retail,food,banks,energy,electronics,0.087092,0.084913,-0.008075,-0.003642,-0.004432,-0.008075,0
2025-06-26,Thu,6,pharma,food,retail,electronics,energy,banks,0.064231,0.056153,0.003379,0.004911,-0.001532,0.003379,0
2025-06-27,Fri,6,banks,energy,electronics,retail,food,pharma,0.051255,0.046047,0.006161,-2.6e-05,0.006188,0.006161,1
2025-06-30,Mon,6,utilities,retail,construction,trading,energy,electronics,0.007031,0.006073,0.005032,-0.005432,0.010463,0.005032,1
2025-07-01,Tue,7,utilities,retail,food,energy,banks,electronics,0.111994,0.111433,0.003041,-0.003715,0.006757,0.003041,1
2025-07-02,Wed,7,banks,energy,electronics,retail,food,pharma,0.046646,0.040969,0.005882,0.006272,-0.00039,0.005882,0
2025-07-03,Thu,7,banks,electronics,energy,retail,food,pharma,0.291888,0.286243,0.003143,-0.003314,0.006457,0.003143,1
2025-07-07,Mon,7,utilities,retail,food,banks,energy,electronics,0.048799,0.047386,-0.002874,-0.010471,0.007597,-0.002874,1
2025-07-08,Tue,7,pharma,food,retail,electronics,energy,banks,0.149022,0.140246,-0.004775,0.008536,-0.013311,-0.004775,0
2025-07-09,Wed,7,banks,electronics,energy,pharma,retail,food,0.272266,0.268912,0.001885,-0.000434,0.00232,0.001885,1
2025-07-10,Thu,7,food,pharma,retail,energy,electronics,banks,0.070031,0.069185,-0.009701,-0.007945,-0.001756,-0.009701,0
2025-07-11,Fri,7,utilities,retail,food,electronics,banks,energy,0.017412,0.016285,-0.006962,0.003412,-0.010375,-0.006962,0
2025-07-14,Mon,7,energy,banks,electronics,food,retail,utilities,0.02745,0.023482,0.000146,0.005388,-0.005243,0.000146,0
2025-07-15,Tue,7,food,retail,utilities,energy,electronics,banks,0.060114,0.058911,-0.004788,0.0007,-0.005489,-0.004788,0
2025-07-16,Wed,7,pharma,food,retail,banks,trading,electronics,0.378451,0.36361,0.002018,-0.001687,0.003705,0.002018,1
2025-07-17,Thu,7,food,retail,utilities,energy,electronics,banks,0.115625,0.112505,0.001961,0.005391,-0.00343,0.001961,0
2025-07-18,Fri,7,electronics,trading,banks,retail,food,pharma,0.059013,0.055325,-0.007368,-0.004325,-0.003043,-0.007368,0
2025-07-22,Tue,7,food,pharma,retail,trading,banks,electronics,0.162066,0.157113,-0.005358,0.001016,-0.006374,-0.005358,0
2025-07-23,Wed,7,electronics,trading,finance,retail,food,pharma,0.023408,0.018336,0.021288,0.012858,0.00843,0.021288,1
2025-07-24,Thu,7,electronics,trading,banks,retail,pharma,food,0.167522,0.161826,0.008341,0.006338,0.002003,0.008341,1
2025-07-25,Fri,7,pharma,food,retail,banks,electronics,trading,0.034318,0.025394,-0.001137,-0.003683,0.002547,-0.001137,1
2025-07-28,Mon,7,electronics,trading,banks,retail,food,pharma,0.03424,0.032327,-0.011223,2.8e-05,-0.011251,-0.011223,0
2025-07-29,Tue,7,energy,banks,pharma,utilities,auto,retail,0.028896,0.022133,0.003243,-0.004441,0.007684,0.003243,1
2025-07-30,Wed,7,pharma,food,utilities,banks,trading,electronics,0.057598,0.054073,0.00685,0.003156,0.003695,0.00685,1
2025-07-31,Thu,7,pharma,food,utilities,trading,banks,electronics,0.615218,0.593849,0.001099,0.010467,-0.009368,0.001099,0
2025-08-01,Fri,8,pharma,food,utilities,banks,trading,electronics,0.079822,0.066003,0.010018,0.000275,0.009743,0.010018,1
2025-08-04,Mon,8,pharma,food,retail,trading,banks,electronics,0.641033,0.616237,0.00569,0.012007,-0.006317,0.00569,0
2025-08-05,Tue,8,food,retail,utilities,electronics,energy,banks,0.364846,0.355786,0.00469,0.002228,0.002462,0.00469,1
2025-08-06,Wed,8,electronics,banks,energy,utilities,retail,food,0.407576,0.397139,0.011346,0.0083,0.003046,0.011346,1
2025-08-07,Thu,8,food,pharma,retail,trading,banks,electronics,0.332672,0.320942,0.003693,0.009799,-0.006106,0.003693,0
2025-08-08,Fri,8,food,pharma,retail,trading,banks,electronics,0.284103,0.273612,0.002697,0.002434,0.000262,0.002697,1
2025-08-12,Tue,8,electronics,trading,banks,utilities,food,pharma,0.018449,0.015886,0.01209,0.002225,0.009864,0.01209,1
2025-08-13,Wed,8,electronics,trading,banks,retail,food,utilities,0.097796,0.087163,-8.3e-05,0.001738,-0.00182,-8.3e-05,0
2025-08-14,Thu,8,electronics,banks,trading,retail,utilities,food,0.38172,0.365061,-0.008192,-0.003197,-0.004996,-0.008192,0
2025-08-15,Fri,8,energy,banks,electronics,pharma,food,retail,0.119261,0.111696,0.021683,0.002277,0.019406,0.021683,1
2025-08-18,Mon,8,food,retail,utilities,trading,banks,electronics,0.114596,0.10987,-0.002106,-0.001794,-0.000312,-0.002106,0
2025-08-19,Tue,8,food,utilities,pharma,banks,trading,electronics,0.137098,0.129802,0.0092,-0.008268,0.017468,0.0092,1
2025-08-20,Wed,8,electronics,banks,trading,pharma,retail,food,0.188327,0.180172,-0.000115,0.007429,-0.007543,-0.000115,0
2025-08-21,Thu,8,electronics,energy,banks,pharma,retail,food,0.14923,0.145401,-0.001897,-0.009259,0.007362,-0.001897,1
2025-08-22,Fri,8,energy,electronics,banks,pharma,retail,food,0.431289,0.421898,0.006796,0.004128,0.002668,0.006796,1
2025-08-25,Mon,8,electronics,trading,banks,pharma,retail,food,0.657506,0.626181,-0.004741,-0.010375,0.005634,-0.004741,1
2025-08-26,Tue,8,energy,electronics,banks,pharma,retail,food,0.565905,0.552916,-0.008892,-0.007803,-0.00109,-0.008892,0
2025-08-27,Wed,8,electronics,trading,banks,pharma,retail,food,0.038446,0.036377,-0.002559,0.000774,-0.003334,-0.002559,0
2025-08-28,Thu,8,electronics,trading,banks,pharma,retail,food,0.137665,0.132658,0.011058,0.002737,0.00832,0.011058,1
2025-08-29,Fri,8,electronics,energy,banks,pharma,retail,food,0.27959,0.273317,-0.005404,-0.007114,0.00171,-0.005404,1
2025-09-02,Tue,9,energy,electronics,trading,pharma,retail,food,0.225579,0.220768,0.009132,-0.000884,0.010017,0.009132,1
2025-09-03,Wed,9,food,retail,pharma,banks,trading,electronics,0.234285,0.223765,-0.00308,-0.011155,0.008075,-0.00308,1
2025-09-04,Thu,9,food,retail,pharma,banks,trading,electronics,0.429719,0.417072,0.007443,0.006737,0.000706,0.007443,1
2025-09-05,Fri,9,electronics,trading,banks,pharma,retail,food,0.283111,0.271259,0.000721,0.001593,-0.000872,0.000721,0
2025-09-08,Mon,9,food,retail,pharma,banks,trading,electronics,0.366113,0.355915,-0.000173,0.002675,-0.002848,-0.000173,0
2025-09-09,Tue,9,energy,trading,banks,pharma,food,retail,0.070833,0.068495,-0.01098,-0.011934,0.000954,-0.01098,1
2025-09-10,Wed,9,food,retail,pharma,banks,trading,electronics,0.347203,0.340645,-0.003178,0.00839,-0.011568,-0.003178,0
2025-09-11,Thu,9,retail,pharma,food,banks,trading,energy,0.026339,0.025086,-0.001643,-0.001784,0.000141,-0.001643,1
2025-09-12,Fri,9,electronics,banks,trading,retail,pharma,food,0.222379,0.207959,-0.002914,-0.005037,0.002123,-0.002914,1
2025-09-16,Tue,9,food,retail,pharma,trading,banks,electronics,0.198662,0.191138,-0.002192,0.001548,-0.00374,-0.002192,0
2025-09-17,Wed,9,energy,trading,electronics,pharma,retail,food,0.366491,0.362822,-0.001252,-0.001757,0.000505,-0.001252,1
2025-09-18,Thu,9,electronics,trading,banks,pharma,retail,food,0.058226,0.056629,0.008365,0.003092,0.005273,0.008365,1
2025-09-19,Fri,9,food,retail,pharma,electronics,energy,trading,0.112301,0.111479,-0.009126,-0.011329,0.002203,-0.009126,1
2025-09-22,Mon,9,food,retail,pharma,energy,trading,electronics,0.393582,0.3882,-0.005901,0.009119,-0.015019,-0.005901,0
2025-09-24,Wed,9,food,retail,pharma,energy,trading,electronics,0.118821,0.116364,0.002419,0.003675,-0.001257,0.002419,0
2025-09-25,Thu,9,food,retail,pharma,trading,banks,electronics,0.168837,0.161777,-0.002497,0.00223,-0.004727,-0.002497,0
2025-09-26,Fri,9,energy,trading,banks,food,retail,utilities,0.473676,0.468475,0.003332,0.004509,-0.001177,0.003332,0
2025-09-29,Mon,9,electronics,auto,banks,retail,materials,food,0.044314,0.031436,-0.019311,-0.013367,-0.005943,-0.019311,0
2025-09-30,Tue,9,food,retail,pharma,trading,energy,electronics,0.295508,0.292804,-0.001263,-0.005175,0.003912,-0.001263,1
2025-10-01,Wed,10,food,retail,pharma,trading,energy,electronics,0.546128,0.541399,-0.007422,-0.009009,0.001587,-0.007422,1
2025-10-02,Thu,10,food,retail,pharma,electronics,energy,trading,0.868002,0.862193,-0.017232,0.00223,-0.019462,-0.017232,0
2025-10-03,Fri,10,energy,trading,banks,retail,pharma,utilities,0.026825,0.025012,0.003829,0.009511,-0.005682,0.003829,0
2025-10-06,Mon,10,electronics,banks,auto,pharma,retail,food,0.010742,0.008169,0.003995,0.002061,0.001934,0.003995,1
2025-10-07,Tue,10,food,retail,pharma,electronics,trading,energy,0.144066,0.142499,-0.000417,-0.010901,0.010483,-0.000417,1
2025-10-08,Wed,10,food,pharma,retail,energy,electronics,trading,0.209762,0.206327,-0.005295,0.002627,-0.007923,-0.005295,0
2025-10-09,Thu,10,food,pharma,retail,banks,trading,energy,0.384747,0.382002,0.001198,0.004818,-0.00362,0.001198,0
2025-10-10,Fri,10,food,pharma,retail,trading,banks,electronics,0.423152,0.416106,-0.005472,-0.018128,0.012656,-0.005472,1
2025-10-14,Tue,10,food,pharma,retail,trading,banks,electronics,0.367172,0.347894,0.005628,-0.012609,0.018237,0.005628,1
2025-10-15,Wed,10,electronics,banks,energy,pharma,retail,food,0.119783,0.11403,0.014483,0.002518,0.011965,0.014483,1
2025-10-16,Thu,10,retail,utilities,food,banks,energy,trading,0.189051,0.186608,0.003216,-0.006724,0.00994,0.003216,1
2025-10-17,Fri,10,food,retail,pharma,electronics,banks,energy,0.35058,0.341074,-0.001916,-0.01244,0.010524,-0.001916,1
2025-10-20,Mon,10,banks,energy,electronics,pharma,retail,food,0.040891,0.038004,0.016501,0.001574,0.014926,0.016501,1
2025-10-21,Tue,10,energy,banks,trading,pharma,retail,food,0.454976,0.447566,-0.003396,0.00039,-0.003787,-0.003396,0
2025-10-22,Wed,10,energy,trading,banks,utilities,food,retail,0.166546,0.164016,-0.000595,0.008966,-0.009561,-0.000595,0
2025-10-23,Thu,10,trading,energy,banks,food,utilities,retail,0.093517,0.091978,0.004426,0.008373,-0.003947,0.004426,0
2025-10-27,Mon,10,energy,banks,trading,pharma,food,retail,0.385848,0.379862,0.008684,-5.3e-05,0.008737,0.008684,1
2025-10-28,Tue,10,retail,utilities,food,electronics,energy,trading,0.116417,0.112556,-0.007537,-0.022126,0.014589,-0.007537,1
2025-10-29,Wed,10,trading,energy,electronics,pharma,retail,utilities,0.028787,0.025163,-0.003775,-0.015123,0.011348,-0.003775,1
2025-10-30,Thu,10,food,retail,pharma,electronics,banks,energy,0.166148,0.158974,0.00216,0.012802,-0.010641,0.00216,0
2025-10-31,Fri,10,electronics,trading,banks,food,utilities,retail,0.072124,0.071378,-0.002629,0.017037,-0.019667,-0.002629,0
2025-11-04,Tue,11,energy,trading,banks,pharma,retail,food,0.297081,0.29219,0.005253,-0.003521,0.008775,0.005253,1
2025-11-05,Wed,11,trading,energy,banks,utilities,food,retail,0.101585,0.099756,0.002693,0.009962,-0.007269,0.002693,0
2025-11-06,Thu,11,energy,trading,banks,retail,food,pharma,0.117874,0.115357,0.012522,0.005157,0.007365,0.012522,1
2025-11-07,Fri,11,energy,trading,banks,utilities,food,retail,0.299575,0.294289,-0.00202,0.004862,-0.006882,-0.00202,0
2025-11-10,Mon,11,energy,trading,banks,retail,food,pharma,0.160742,0.154365,0.000533,-0.003917,0.00445,0.000533,1
2025-11-11,Tue,11,energy,trading,banks,utilities,food,pharma,0.036311,0.03203,-0.011804,0.005605,-0.017409,-0.011804,0
2025-11-12,Wed,11,transport,energy,construction,food,pharma,steel,0.023029,0.015664,0.002371,0.017336,-0.014965,0.002371,0
2025-11-13,Thu,11,food,retail,pharma,banks,trading,energy,0.294451,0.289887,0.001248,0.006731,-0.005484,0.001248,0
2025-11-14,Fri,11,electronics,banks,trading,food,utilities,retail,0.072054,0.064477,0.01025,0.008592,0.001658,0.01025,1
2025-11-17,Mon,11,banks,electronics,trading,utilities,food,retail,0.045067,0.043583,-0.004799,0.006061,-0.010859,-0.004799,0
2025-11-18,Tue,11,food,pharma,retail,banks,trading,energy,0.654422,0.641753,-0.005255,-0.026354,0.021099,-0.005255,1
2025-11-19,Wed,11,energy,trading,banks,pharma,utilities,food,0.206596,0.203846,0.004561,0.001905,0.002657,0.004561,1
2025-11-20,Thu,11,trading,banks,energy,utilities,food,retail,0.121698,0.119015,-0.009837,-0.015067,0.00523,-0.009837,1
2025-11-21,Fri,11,pharma,food,utilities,banks,trading,energy,0.186053,0.176146,0.013486,0.010234,0.003252,0.013486,1
2025-11-25,Tue,11,energy,trading,banks,utilities,food,pharma,0.195829,0.180886,-0.007733,-0.004222,-0.003511,-0.007733,0
2025-11-26,Wed,11,retail,utilities,food,trading,banks,electronics,0.131614,0.110261,0.016162,0.015668,0.000494,0.016162,1
2025-11-28,Fri,11,retail,transport,realestate,machinery,electronics,steel,0.038228,0.024732,0.001437,0.006677,-0.005239,0.001437,0
2025-12-01,Mon,12,energy,trading,banks,utilities,food,pharma,0.248598,0.241701,-0.008854,-0.008562,-0.000292,-0.008854,0
2025-12-02,Tue,12,electronics,energy,trading,food,utilities,retail,0.446253,0.432546,-0.007137,-0.008727,0.001589,-0.007137,1
2025-12-03,Wed,12,pharma,food,utilities,banks,trading,energy,0.036626,0.03443,-0.008759,-0.009091,0.000332,-0.008759,1
2025-12-04,Thu,12,energy,trading,banks,pharma,utilities,food,0.544433,0.53658,0.01779,0.006772,0.011018,0.01779,1
2025-12-05,Fri,12,energy,electronics,trading,food,utilities,retail,0.24209,0.239399,-0.005316,-0.006824,0.001508,-0.005316,1
2025-12-08,Mon,12,energy,trading,electronics,food,retail,utilities,0.098067,0.096945,0.001933,-0.001716,0.003649,0.001933,1
2025-12-09,Tue,12,electronics,banks,energy,food,utilities,retail,0.087379,0.074915,-0.000628,-0.003711,0.003083,-0.000628,1
2025-12-10,Wed,12,electronics,banks,trading,food,utilities,retail,0.022322,0.019496,-0.003724,0.001688,-0.005411,-0.003724,0
2025-12-11,Thu,12,energy,trading,banks,utilities,food,pharma,0.341321,0.33088,-0.009318,-0.011257,0.001939,-0.009318,1
2025-12-12,Fri,12,energy,trading,banks,utilities,food,pharma,0.239207,0.230992,0.008251,-0.009833,0.018084,0.008251,1
2025-12-15,Mon,12,electronics,banks,energy,food,utilities,retail,0.065708,0.06098,0.008756,0.013413,-0.004657,0.008756,0
2025-12-16,Tue,12,utilities,retail,food,trading,electronics,energy,0.288894,0.28571,-0.013654,-0.023436,0.009782,-0.013654,1
2025-12-17,Wed,12,utilities,food,pharma,banks,energy,trading,0.281704,0.275391,-0.007483,-0.005878,-0.001604,-0.007483,0
2025-12-18,Thu,12,energy,trading,electronics,retail,food,utilities,0.627454,0.622478,-0.00072,0.00934,-0.01006,-0.00072,0
2025-12-19,Fri,12,utilities,food,retail,trading,electronics,energy,0.440385,0.437879,0.006066,0.005632,0.000435,0.006066,1
2025-12-22,Mon,12,trading,energy,electronics,pharma,food,utilities,0.157465,0.154943,0.000637,-0.014428,0.015065,0.000637,1
2025-12-23,Tue,12,trading,energy,banks,pharma,utilities,food,0.470567,0.461121,-0.003014,0.0035,-0.006514,-0.003014,0
2025-12-24,Wed,12,trading,energy,electronics,pharma,utilities,food,0.163293,0.161019,-0.005592,-0.004259,-0.001333,-0.005592,0
2025-12-26,Fri,12,retail,utilities,food,energy,banks,electronics,0.122792,0.114439,-0.003174,-0.000852,-0.002322,-0.003174,0
2025-12-29,Mon,12,electronics,banks,trading,food,utilities,retail,0.003795,0.003198,0.003203,-0.00328,0.006484,0.003203,1
2025-12-30,Tue,12,electronics,banks,trading,food,utilities,retail,0.027581,0.024035,-0.00072,-0.001458,0.000738,-0.00072,1
2026-01-05,Mon,1,electronics,trading,energy,retail,utilities,food,0.142418,0.141161,0.002926,0.004612,-0.001686,0.002926,0
2026-01-06,Tue,1,energy,trading,electronics,retail,utilities,food,1.108325,1.090232,0.015629,0.004483,0.011146,0.015629,1
2026-01-07,Wed,1,retail,utilities,food,trading,banks,electronics,0.416602,0.405897,-0.00976,-0.002464,-0.007296,-0.00976,0
2026-01-08,Thu,1,food,utilities,pharma,banks,trading,energy,0.276938,0.264195,0.007602,-0.001506,0.009107,0.007602,1
2026-01-09,Fri,1,energy,trading,electronics,pharma,utilities,food,0.539747,0.524837,0.005057,0.003471,0.001586,0.005057,1
2026-01-13,Tue,1,retail,utilities,food,trading,banks,electronics,0.238488,0.226029,-0.003731,-0.013495,0.009764,-0.003731,1
2026-01-14,Wed,1,food,retail,utilities,banks,trading,electronics,0.1799,0.175024,-0.004798,0.007857,-0.012655,-0.004798,0
2026-01-15,Thu,1,energy,trading,banks,utilities,pharma,food,0.040153,0.03587,0.008119,-0.001634,0.009753,0.008119,1
2026-01-16,Fri,1,retail,utilities,food,trading,banks,electronics,0.048648,0.043831,-0.006634,0.00321,-0.009845,-0.006634,0
2026-01-20,Tue,1,electronics,trading,banks,utilities,food,retail,0.372438,0.362647,-0.008723,0.006236,-0.01496,-0.008723,0
2026-01-21,Wed,1,food,pharma,utilities,electronics,trading,energy,0.383787,0.370743,-0.006154,0.008385,-0.014539,-0.006154,0
2026-01-22,Thu,1,energy,trading,electronics,utilities,pharma,food,0.167761,0.151485,-0.000749,-0.00388,0.003131,-0.000749,1
2026-01-23,Fri,1,energy,electronics,trading,retail,pharma,food,0.06154,0.059514,0.001354,0.001743,-0.000389,0.001354,0
2026-01-26,Mon,1,food,retail,pharma,energy,trading,electronics,0.060313,0.057958,-0.001587,-0.004119,0.002532,-0.001587,1
2026-01-27,Tue,1,retail,food,utilities,trading,banks,electronics,0.155816,0.149236,-0.00536,0.009203,-0.014562,-0.00536,0
2026-01-28,Wed,1,food,retail,pharma,energy,trading,electronics,0.190757,0.184238,-0.013889,0.002166,-0.016055,-0.013889,0
2026-01-29,Thu,1,electronics,banks,trading,pharma,utilities,retail,0.141191,0.133362,0.000787,0.003394,-0.002607,0.000787,0
2026-01-30,Fri,1,electronics,energy,trading,pharma,retail,food,0.627436,0.605537,0.001329,0.013187,-0.011858,0.001329,0
2026-02-02,Mon,2,food,retail,pharma,energy,trading,electronics,0.264684,0.256208,-0.003805,-0.028107,0.024302,-0.003805,1
2026-02-03,Tue,2,retail,food,pharma,banks,trading,electronics,0.304155,0.29353,0.004419,0.01791,-0.013491,0.004419,0
2026-02-04,Wed,2,electronics,energy,trading,pharma,retail,food,0.249985,0.243044,0.00616,0.008287,-0.002127,0.00616,0
2026-02-05,Thu,2,electronics,energy,trading,pharma,retail,food,0.761515,0.742691,-0.012392,0.013304,-0.025695,-0.012392,0
2026-02-06,Fri,2,food,pharma,retail,trading,electronics,energy,0.471693,0.449201,0.005068,0.027618,-0.022551,0.005068,0
2026-02-09,Mon,2,energy,trading,electronics,steel,pharma,food,0.086704,0.05566,-0.018681,-0.003137,-0.015544,-0.018681,0
2026-02-10,Tue,2,electronics,energy,trading,food,pharma,retail,0.232516,0.227564,0.011291,-0.001466,0.012757,0.011291,1
2026-02-12,Thu,2,energy,electronics,trading,food,retail,pharma,0.157179,0.154335,0.007959,-0.002335,0.010294,0.007959,1
2026-02-13,Fri,2,pharma,retail,food,trading,energy,electronics,0.71384,0.707667,0.011776,-0.027433,0.039209,0.011776,1
2026-02-17,Tue,2,retail,food,utilities,banks,trading,electronics,0.259762,0.249743,0.000818,-0.012136,0.012954,0.000818,1
2026-02-18,Wed,2,electronics,energy,trading,pharma,food,retail,0.353676,0.34354,0.005359,0.001978,0.003381,0.005359,1
2026-02-19,Thu,2,electronics,energy,trading,pharma,food,retail,0.252194,0.245358,0.003339,0.003961,-0.000622,0.003339,0
2026-02-20,Fri,2,retail,food,pharma,trading,energy,electronics,0.163344,0.159197,-0.005107,-0.006054,0.000947,-0.005107,1
2026-02-24,Tue,2,energy,electronics,banks,retail,food,pharma,0.034661,0.032127,-0.005472,0.002187,-0.007659,-0.005472,0
2026-02-25,Wed,2,retail,food,pharma,banks,trading,electronics,0.203392,0.196982,0.004352,-0.002249,0.006601,0.004352,1
2026-02-26,Thu,2,retail,food,pharma,banks,energy,electronics,0.094462,0.091624,-0.004962,0.005001,-0.009963,-0.004962,0
2026-02-27,Fri,2,electronics,energy,banks,pharma,food,retail,0.432791,0.421658,0.011821,0.006315,0.005506,0.011821,1
2026-03-02,Mon,3,retail,food,pharma,banks,energy,electronics,0.48731,0.475526,-0.011712,-0.014769,0.003057,-0.011712,1
2026-03-03,Tue,3,electronics,banks,energy,pharma,food,retail,0.558431,0.546228,-0.031102,-0.019243,-0.011859,-0.031102,0
2026-03-04,Wed,3,trading,finance,transport,auto,machinery,utilities,0.031052,0.023773,-0.014488,-0.02857,0.014082,-0.014488,1
2026-03-05,Thu,3,food,retail,pharma,electronics,banks,energy,0.157922,0.155375,-0.019262,-0.008032,-0.011229,-0.019262,0
2026-03-06,Fri,3,banks,trading,energy,retail,utilities,food,0.231037,0.226779,0.002516,0.00549,-0.002973,0.002516,0
2026-03-09,Mon,3,retail,pharma,food,banks,energy,electronics,0.317362,0.302651,0.030478,0.009293,0.021185,0.030478,1
2026-03-10,Tue,3,retail,food,pharma,banks,electronics,energy,0.466448,0.454114,-0.010294,0.003047,-0.013341,-0.010294,0
2026-03-11,Wed,3,retail,pharma,food,banks,electronics,energy,0.055933,0.051124,-0.000778,0.002029,-0.002807,-0.000778,0
2026-03-12,Thu,3,energy,electronics,banks,pharma,food,retail,0.209349,0.206305,-0.006313,-0.00785,0.001537,-0.006313,1
2026-03-13,Fri,3,trading,banks,electronics,pharma,retail,food,0.084333,0.077858,0.012338,0.001893,0.010445,0.012338,1
2026-03-16,Mon,3,retail,pharma,food,banks,electronics,energy,0.189985,0.18295,0.002175,-0.004098,0.006273,0.002175,1
2026-03-17,Tue,3,food,pharma,retail,electronics,trading,banks,0.112508,0.107667,0.00241,-0.004459,0.006869,0.00241,1
2026-03-18,Wed,3,energy,electronics,banks,pharma,food,retail,0.386191,0.373775,0.016502,0.003981,0.012521,0.016502,1
2026-03-19,Thu,3,banks,trading,energy,retail,pharma,food,0.159816,0.145163,-0.006714,-0.012532,0.005818,-0.006714,1
2026-03-23,Mon,3,energy,electronics,banks,pharma,retail,food,0.130764,0.127155,-0.023974,0.013516,-0.037491,-0.023974,0
2026-03-24,Tue,3,electronics,energy,banks,food,pharma,retail,0.145668,0.138021,-0.004641,0.010327,-0.014968,-0.004641,0
2026-03-25,Wed,3,energy,electronics,banks,food,pharma,retail,0.195242,0.186699,-0.005615,0.023119,-0.028734,-0.005615,0
2026-03-26,Thu,3,retail,food,pharma,electronics,banks,energy,0.221392,0.211287,-0.012067,9.1e-05,-0.012158,-0.012067,0
2026-03-27,Fri,3,energy,banks,electronics,pharma,food,retail,0.343493,0.32325,0.013529,0.019519,-0.00599,0.013529,0
2026-03-30,Mon,3,retail,pharma,food,banks,energy,electronics,0.137205,0.129972,0.015413,0.011524,0.003889,0.015413,1
2026-03-31,Tue,3,energy,trading,electronics,pharma,food,retail,0.045883,0.043681,-0.026329,0.004108,-0.030438,-0.026329,0
2026-04-01,Wed,4,food,retail,pharma,electronics,banks,energy,0.13672,0.123843,0.002466,0.031446,-0.028981,0.002466,0
2026-04-02,Thu,4,retail,food,pharma,electronics,trading,energy,0.427396,0.408668,-0.017058,-0.024497,0.007439,-0.017058,1
2026-04-06,Mon,4,energy,trading,electronics,pharma,food,retail,0.108867,0.105204,-0.006238,0.002895,-0.009133,-0.006238,0
2026-04-07,Tue,4,trading,electronics,energy,food,pharma,retail,0.045647,0.043381,-0.010422,0.002432,-0.012854,-0.010422,0
2026-04-08,Wed,4,energy,electronics,banks,pharma,food,retail,0.138786,0.13188,-0.014496,0.015515,-0.030011,-0.014496,0
2026-04-09,Thu,4,retail,food,pharma,banks,trading,energy,0.447827,0.407581,-0.022708,-0.012456,-0.010252,-0.022708,0
2026-04-10,Fri,4,retail,food,pharma,banks,trading,energy,0.25893,0.244593,-0.022909,-0.007028,-0.015881,-0.022909,0
2026-04-13,Mon,4,energy,trading,banks,pharma,food,retail,0.265479,0.250413,-0.002398,0.009702,-0.0121,-0.002398,0
2026-04-14,Tue,4,energy,trading,electronics,pharma,food,retail,0.435475,0.423153,-0.010449,-0.00018,-0.01027,-0.010449,0
2026-04-15,Wed,4,retail,food,pharma,banks,trading,energy,0.302019,0.28816,-0.002699,-0.010002,0.007302,-0.002699,1
2026-04-16,Thu,4,energy,trading,banks,pharma,food,retail,0.118295,0.111028,-0.006904,0.004007,-0.010911,-0.006904,0
2026-04-17,Fri,4,trading,energy,electronics,food,pharma,retail,0.106108,0.103814,-0.019908,-0.005563,-0.014345,-0.019908,0
2026-04-20,Mon,4,retail,food,pharma,banks,trading,energy,0.402838,0.381125,-0.007321,-0.009513,0.002192,-0.007321,1
2026-04-21,Tue,4,energy,trading,electronics,pharma,food,retail,0.397372,0.384152,-0.008226,0.004575,-0.012801,-0.008226,0
2026-04-22,Wed,4,energy,banks,electronics,pharma,food,retail,0.163747,0.147739,-0.006678,0.006464,-0.013141,-0.006678,0
2026-04-23,Thu,4,retail,food,pharma,banks,trading,energy,0.263209,0.25549,-0.007886,0.008896,-0.016782,-0.007886,0
2026-04-24,Fri,4,retail,food,pharma,banks,trading,energy,0.408466,0.392224,-0.013996,0.000964,-0.014961,-0.013996,0
2026-04-27,Mon,4,retail,pharma,food,banks,energy,trading,0.151386,0.148917,-0.005933,-0.006675,0.000742,-0.005933,1
2026-04-28,Tue,4,energy,trading,banks,pharma,retail,food,0.112178,0.105879,0.028997,0.020309,0.008688,0.028997,1
2026-04-30,Thu,4,energy,trading,electronics,pharma,food,retail,0.109682,0.108419,-0.013379,0.007341,-0.02072,-0.013379,0
2026-05-01,Fri,5,food,retail,pharma,trading,electronics,energy,0.453946,0.428803,-0.002408,0.014028,-0.016436,-0.002408,0
2026-05-07,Thu,5,pharma,retail,utilities,banks,electronics,trading,0.160919,0.155531,0.009737,0.004179,0.005558,0.009737,1
2026-05-08,Fri,5,pharma,utilities,retail,electronics,energy,trading,0.269417,0.258103,-0.012279,0.000532,-0.012812,-0.012279,0
2026-05-11,Mon,5,retail,pharma,food,electronics,energy,trading,0.136003,0.133551,0.00748,0.003776,0.003704,0.00748,1
2026-05-12,Tue,5,trading,energy,electronics,food,retail,pharma,0.338264,0.330415,0.009926,-0.009823,0.019748,0.009926,1
2026-05-13,Wed,5,food,retail,pharma,electronics,trading,energy,0.21734,0.212547,-0.004598,0.01427,-0.018868,-0.004598,0
2026-05-14,Thu,5,retail,food,pharma,electronics,energy,trading,0.322138,0.315315,-0.005028,-0.011687,0.006659,-0.005028,1
2026-05-15,Fri,5,food,retail,pharma,electronics,trading,energy,0.257175,0.250958,-0.006041,-0.00295,-0.003091,-0.006041,0
2026-05-18,Mon,5,energy,banks,electronics,pharma,retail,food,0.312079,0.292196,-0.011499,-0.015426,0.003927,-0.011499,1
2026-05-19,Tue,5,trading,energy,electronics,retail,food,utilities,0.282981,0.273668,-0.012248,0.017779,-0.030027,-0.012248,0
2026-05-20,Wed,5,food,retail,pharma,electronics,energy,trading,0.509238,0.497713,-0.017882,-0.014273,-0.003609,-0.017882,0
2026-05-21,Thu,5,trading,electronics,banks,food,pharma,utilities,0.119727,0.108286,0.001211,-0.007669,0.008879,0.001211,1
2026-05-22,Fri,5,food,retail,pharma,electronics,trading,energy,0.159358,0.156009,-0.008163,0.004777,-0.01294,-0.008163,0
2026-05-26,Tue,5,food,retail,pharma,electronics,trading,energy,0.180328,0.17276,-0.008217,-0.007084,-0.001133,-0.008217,0
2026-05-27,Wed,5,trading,energy,electronics,pharma,retail,food,0.051483,0.050502,-0.003935,0.005063,-0.008999,-0.003935,0
2026-05-28,Thu,5,food,retail,pharma,electronics,energy,trading,0.324986,0.317096,-0.004299,0.008433,-0.012732,-0.004299,0
2026-05-29,Fri,5,food,retail,pharma,electronics,energy,trading,0.179721,0.175469,0.011195,0.00893,0.002265,0.011195,1
2026-06-01,Mon,6,energy,electronics,banks,pharma,retail,food,0.075176,0.069714,-0.00724,-0.018984,0.011744,-0.00724,1
2026-06-02,Tue,6,energy,trading,electronics,pharma,food,retail,0.330106,0.324737,0.005302,0.000495,0.004807,0.005302,1
2026-06-03,Wed,6,trading,electronics,energy,food,pharma,utilities,0.14214,0.133851,0.018504,0.003543,0.014961,0.018504,1
2026-06-04,Thu,6,utilities,pharma,food,banks,electronics,trading,0.040293,0.038645,-0.002437,0.00617,-0.008607,-0.002437,0
2026-06-05,Fri,6,trading,electronics,banks,utilities,retail,food,0.358893,0.343485,-0.00172,-0.004864,0.003143,-0.00172,1
2026-06-08,Mon,6,food,retail,utilities,banks,electronics,trading,0.246997,0.236172,0.009856,0.006685,0.003171,0.009856,1
2026-06-09,Tue,6,food,utilities,retail,banks,electronics,trading,0.179883,0.172202,-0.015623,0.001328,-0.016951,-0.015623,0
2026-06-10,Wed,6,trading,electronics,banks,pharma,food,utilities,0.168399,0.158496,-0.011562,0.018085,-0.029647,-0.011562,0
2026-06-11,Thu,6,utilities,food,retail,banks,electronics,trading,0.197203,0.188632,0.000161,0.015936,-0.015776,0.000161,0
