date,daily_return,equity
2010-04-07,0.0,1000000.0
2010-04-08,0.0,1000000.0
2010-04-09,0.0,1000000.0
2010-04-12,0.0,1000000.0
2010-04-13,0.0,1000000.0
2010-04-14,0.0,1000000.0
2010-04-15,0.0,1000000.0
2010-04-16,0.0,1000000.0
2010-04-19,0.0,1000000.0
2010-04-20,0.0,1000000.0
2010-04-21,0.0,1000000.0
2010-04-22,0.0,1000000.0
2010-04-23,0.0,1000000.0
2010-04-26,0.0,1000000.0
2010-04-27,0.0,1000000.0
2010-04-28,0.0,1000000.0
2010-04-30,0.0,1000000.0
2010-05-06,0.0,1000000.0
2010-05-07,0.0,1000000.0
2010-05-10,0.0,1000000.0
2010-05-11,0.0,1000000.0
2010-05-12,0.0,1000000.0
2010-05-13,0.0,1000000.0
2010-05-14,0.0,1000000.0
2010-05-17,0.0,1000000.0
2010-05-18,0.0,1000000.0
2010-05-19,0.0,1000000.0
2010-05-20,0.0,1000000.0
2010-05-21,0.0,1000000.0
2010-05-24,0.0,1000000.0
2010-05-25,0.0,1000000.0
2010-05-26,0.0,1000000.0
2010-05-27,0.0,1000000.0
2010-05-28,0.0,1000000.0
2010-06-01,0.0,1000000.0
2010-06-02,0.0,1000000.0
2010-06-03,0.0,1000000.0
2010-06-04,0.0,1000000.0
2010-06-07,0.0,1000000.0
2010-06-08,0.0,1000000.0
2010-06-09,0.0,1000000.0
2010-06-10,0.0,1000000.0
2010-06-11,0.0,1000000.0
2010-06-14,0.0,1000000.0
2010-06-15,0.0,1000000.0
2010-06-16,0.0,1000000.0
2010-06-17,0.0,1000000.0
2010-06-18,0.0,1000000.0
2010-06-21,0.0,1000000.0
2010-06-22,0.0,1000000.0
2010-06-23,0.0,1000000.0
2010-06-24,0.0,1000000.0
2010-06-25,0.0,1000000.0
2010-06-28,0.0,1000000.0
2010-06-29,0.0,1000000.0
2010-06-30,0.0,1000000.0
2010-07-01,0.0,1000000.0
2010-07-02,0.0,1000000.0
2010-07-06,0.0,1000000.0
2010-07-07,0.0,1000000.0
2010-07-08,0.0,1000000.0
2010-07-09,0.0,1000000.0
2010-07-12,0.0,1000000.0
2010-07-13,0.0,1000000.0
2010-07-14,0.0,1000000.0
2010-07-15,0.0,1000000.0
2010-07-16,0.0,1000000.0
2010-07-21,0.0,1000000.0
2010-07-22,0.0,1000000.0
2010-07-23,0.0,1000000.0
2010-07-26,0.0,1000000.0
2010-07-27,0.0,1000000.0
2010-07-28,0.0,1000000.0
2010-07-29,0.0,1000000.0
2010-07-30,0.0,1000000.0
2010-08-02,0.0,1000000.0
2010-08-03,0.0,1000000.0
2010-08-04,0.0,1000000.0
2010-08-05,0.0,1000000.0
2010-08-06,0.0,1000000.0
2010-08-09,0.0,1000000.0
2010-08-10,0.0,1000000.0
2010-08-11,0.0,1000000.0
2010-08-12,0.0,1000000.0
2010-08-13,0.0,1000000.0
2010-08-16,0.0,1000000.0
2010-08-17,0.0,1000000.0
2010-08-18,0.0,1000000.0
2010-08-19,0.0,1000000.0
2010-08-20,0.0,1000000.0
2010-08-23,0.0,1000000.0
2010-08-24,0.0,1000000.0
2010-08-25,0.0,1000000.0
2010-08-26,0.0,1000000.0
2010-08-27,0.0,1000000.0
2010-08-30,0.0,1000000.0
2010-08-31,0.0,1000000.0
2010-09-01,0.0,1000000.0
2010-09-02,0.0,1000000.0
2010-09-03,0.0,1000000.0
2010-09-07,0.0,1000000.0
2010-09-08,0.0,1000000.0
2010-09-09,0.0,1000000.0
2010-09-10,0.0,1000000.0
2010-09-13,0.0,1000000.0
2010-09-14,0.0,1000000.0
2010-09-16,0.0,1000000.0
2010-09-17,0.0,1000000.0
2010-09-21,0.0,1000000.0
2010-09-22,0.0,1000000.0
2010-09-24,0.0,1000000.0
2010-09-27,0.0,1000000.0
2010-09-28,0.0,1000000.0
2010-09-29,0.0,1000000.0
2010-09-30,0.0,1000000.0
2010-10-01,0.0,1000000.0
2010-10-04,0.0,1000000.0
2010-10-05,0.0,1000000.0
2010-10-06,0.0,1000000.0
2010-10-07,0.0,1000000.0
2010-10-08,0.0,1000000.0
2010-10-12,0.0,1000000.0
2010-10-13,0.0,1000000.0
2010-10-14,0.0,1000000.0
2010-10-15,0.0,1000000.0
2010-10-18,0.0,1000000.0
2010-10-19,0.0,1000000.0
2010-10-20,0.0,1000000.0
2010-10-21,0.0,1000000.0
2010-10-22,0.0,1000000.0
2010-10-25,0.0,1000000.0
2010-10-26,0.0,1000000.0
2010-10-27,0.0,1000000.0
2010-10-28,0.0,1000000.0
2010-10-29,0.0,1000000.0
2010-11-01,0.0,1000000.0
2010-11-02,0.0,1000000.0
2010-11-04,0.0,1000000.0
2010-11-05,0.0,1000000.0
2010-11-08,0.0,1000000.0
2010-11-09,0.0,1000000.0
2010-11-10,0.0,1000000.0
2010-11-11,0.0,1000000.0
2010-11-12,0.0,1000000.0
2010-11-15,0.0,1000000.0
2010-11-16,0.0,1000000.0
2010-11-17,0.0,1000000.0
2010-11-18,0.0,1000000.0
2010-11-19,0.0,1000000.0
2010-11-22,0.0,1000000.0
2010-11-24,0.0,1000000.0
2010-11-26,0.0,1000000.0
2010-11-29,0.0,1000000.0
2010-11-30,0.0,1000000.0
2010-12-01,0.0,1000000.0
2010-12-02,0.0,1000000.0
2010-12-03,0.0,1000000.0
2010-12-06,0.0,1000000.0
2010-12-07,0.0,1000000.0
2010-12-08,0.0,1000000.0
2010-12-09,0.0,1000000.0
2010-12-10,0.0,1000000.0
2010-12-13,0.0,1000000.0
2010-12-14,0.0,1000000.0
2010-12-15,0.0,1000000.0
2010-12-16,0.0,1000000.0
2010-12-17,0.0,1000000.0
2010-12-20,0.0,1000000.0
2010-12-21,0.0,1000000.0
2010-12-22,0.0,1000000.0
2010-12-27,0.0,1000000.0
2010-12-28,0.0,1000000.0
2010-12-29,0.0,1000000.0
2010-12-30,0.0,1000000.0
2011-01-04,0.0,1000000.0
2011-01-05,0.0,1000000.0
2011-01-06,0.0,1000000.0
2011-01-07,0.0,1000000.0
2011-01-11,0.0,1000000.0
2011-01-12,0.0,1000000.0
2011-01-13,0.0,1000000.0
2011-01-14,0.0,1000000.0
2011-01-18,0.0,1000000.0
2011-01-19,0.0,1000000.0
2011-01-20,0.0,1000000.0
2011-01-21,0.0,1000000.0
2011-01-24,0.0,1000000.0
2011-01-25,0.0,1000000.0
2011-01-26,0.0,1000000.0
2011-01-27,0.0,1000000.0
2011-01-28,0.0,1000000.0
2011-01-31,0.0,1000000.0
2011-02-01,0.0,1000000.0
2011-02-02,0.0,1000000.0
2011-02-03,0.0,1000000.0
2011-02-04,0.0,1000000.0
2011-02-07,0.0,1000000.0
2011-02-08,0.0,1000000.0
2011-02-09,0.0,1000000.0
2011-02-10,0.0,1000000.0
2011-02-14,0.0,1000000.0
2011-02-15,0.0,1000000.0
2011-02-16,0.0,1000000.0
2011-02-17,0.0,1000000.0
2011-02-18,0.0,1000000.0
2011-02-22,0.0,1000000.0
2011-02-23,0.0,1000000.0
2011-02-24,0.0,1000000.0
2011-02-25,0.0,1000000.0
2011-02-28,0.0,1000000.0
2011-03-01,0.0,1000000.0
2011-03-02,0.0,1000000.0
2011-03-03,0.0,1000000.0
2011-03-04,0.0,1000000.0
2011-03-07,0.0,1000000.0
2011-03-08,0.0,1000000.0
2011-03-09,0.0,1000000.0
2011-03-10,0.0,1000000.0
2011-03-11,0.0,1000000.0
2011-03-14,0.0,1000000.0
2011-03-15,0.0,1000000.0
2011-03-16,0.0,1000000.0
2011-03-17,0.0,1000000.0
2011-03-18,0.0,1000000.0
2011-03-22,0.0,1000000.0
2011-03-23,0.0,1000000.0
2011-03-24,0.0,1000000.0
2011-03-25,0.0,1000000.0
2011-03-28,0.0,1000000.0
2011-03-29,0.0,1000000.0
2011-03-30,0.0,1000000.0
2011-03-31,0.0,1000000.0
2011-04-01,0.0,1000000.0
2011-04-04,0.0,1000000.0
2011-04-05,0.0,1000000.0
2011-04-06,0.0,1000000.0
2011-04-07,0.0,1000000.0
2011-04-08,0.0,1000000.0
2011-04-11,0.0,1000000.0
2011-04-12,0.0,1000000.0
2011-04-13,0.0,1000000.0
2011-04-14,0.0,1000000.0
2011-04-15,0.0,1000000.0
2011-04-18,0.0,1000000.0
2011-04-19,0.0,1000000.0
2011-04-20,0.0,1000000.0
2011-04-21,0.0,1000000.0
2011-04-25,0.0,1000000.0
2011-04-26,0.0,1000000.0
2011-04-27,0.0,1000000.0
2011-04-28,0.0,1000000.0
2011-05-02,0.0,1000000.0
2011-05-06,0.0,1000000.0
2011-05-09,0.0,1000000.0
2011-05-10,0.0,1000000.0
2011-05-11,0.0,1000000.0
2011-05-12,0.0,1000000.0
2011-05-13,0.0,1000000.0
2011-05-16,0.0,1000000.0
2011-05-17,0.0,1000000.0
2011-05-18,0.0,1000000.0
2011-05-19,0.0,1000000.0
2011-05-20,0.0,1000000.0
2011-05-23,0.0,1000000.0
2011-05-24,0.0,1000000.0
2011-05-25,0.0,1000000.0
2011-05-26,0.0,1000000.0
2011-05-27,0.0,1000000.0
2011-05-31,0.0,1000000.0
2011-06-01,0.0,1000000.0
2011-06-02,0.0,1000000.0
2011-06-03,0.0,1000000.0
2011-06-06,0.0,1000000.0
2011-06-07,0.0,1000000.0
2011-06-08,0.0,1000000.0
2011-06-09,0.0,1000000.0
2011-06-10,0.0,1000000.0
2011-06-13,0.0,1000000.0
2011-06-14,0.0,1000000.0
2011-06-15,0.0,1000000.0
2011-06-16,0.0,1000000.0
2011-06-17,0.0,1000000.0
2011-06-20,0.0,1000000.0
2011-06-21,0.0,1000000.0
2011-06-22,0.0,1000000.0
2011-06-23,0.0,1000000.0
2011-06-24,0.0,1000000.0
2011-06-27,0.0,1000000.0
2011-06-28,0.0,1000000.0
2011-06-29,0.0,1000000.0
2011-06-30,0.0,1000000.0
2011-07-01,0.0,1000000.0
2011-07-05,0.0,1000000.0
2011-07-06,0.0,1000000.0
2011-07-07,0.0,1000000.0
2011-07-08,0.0,1000000.0
2011-07-11,0.0,1000000.0
2011-07-12,0.0,1000000.0
2011-07-13,0.0,1000000.0
2011-07-14,0.0,1000000.0
2011-07-15,0.0,1000000.0
2011-07-19,0.0,1000000.0
2011-07-20,0.0,1000000.0
2011-07-21,0.0,1000000.0
2011-07-22,0.0,1000000.0
2011-07-25,0.0,1000000.0
2011-07-26,0.0,1000000.0
2011-07-27,0.0,1000000.0
2011-07-28,0.0,1000000.0
2011-07-29,0.0,1000000.0
2011-08-01,0.0,1000000.0
2011-08-02,0.0,1000000.0
2011-08-03,0.0,1000000.0
2011-08-04,0.0,1000000.0
2011-08-05,0.0,1000000.0
2011-08-08,0.0,1000000.0
2011-08-09,0.0,1000000.0
2011-08-10,0.0,1000000.0
2011-08-11,0.0,1000000.0
2011-08-12,0.0,1000000.0
2011-08-15,0.0,1000000.0
2011-08-16,0.0,1000000.0
2011-08-17,0.0,1000000.0
2011-08-18,0.0,1000000.0
2011-08-19,0.0,1000000.0
2011-08-22,0.0,1000000.0
2011-08-23,0.0,1000000.0
2011-08-24,0.0,1000000.0
2011-08-25,0.0,1000000.0
2011-08-26,0.0,1000000.0
2011-08-29,0.0,1000000.0
2011-08-30,0.0,1000000.0
2011-08-31,0.0,1000000.0
2011-09-01,0.0,1000000.0
2011-09-02,0.0,1000000.0
2011-09-06,0.0,1000000.0
2011-09-07,0.0,1000000.0
2011-09-08,0.0,1000000.0
2011-09-09,0.0,1000000.0
2011-09-12,0.0,1000000.0
2011-09-13,0.0,1000000.0
2011-09-14,0.0,1000000.0
2011-09-15,0.0,1000000.0
2011-09-16,0.0,1000000.0
2011-09-20,0.0,1000000.0
2011-09-21,0.0,1000000.0
2011-09-22,0.0,1000000.0
2011-09-26,0.0,1000000.0
2011-09-27,0.0,1000000.0
2011-09-28,0.0,1000000.0
2011-09-29,0.0,1000000.0
2011-09-30,0.0,1000000.0
2011-10-03,0.0,1000000.0
2011-10-04,0.0,1000000.0
2011-10-05,0.0,1000000.0
2011-10-06,0.0,1000000.0
2011-10-07,0.0,1000000.0
2011-10-11,0.0,1000000.0
2011-10-12,0.0,1000000.0
2011-10-13,0.0,1000000.0
2011-10-14,0.0,1000000.0
2011-10-17,0.0,1000000.0
2011-10-18,0.0,1000000.0
2011-10-19,0.0,1000000.0
2011-10-20,0.0,1000000.0
2011-10-21,0.0,1000000.0
2011-10-24,0.0,1000000.0
2011-10-25,0.0,1000000.0
2011-10-26,0.0,1000000.0
2011-10-27,0.0,1000000.0
2011-10-28,0.0,1000000.0
2011-10-31,0.0,1000000.0
2011-11-01,0.0,1000000.0
2011-11-02,0.0,1000000.0
2011-11-04,0.0,1000000.0
2011-11-07,0.0,1000000.0
2011-11-08,0.0,1000000.0
2011-11-09,0.0,1000000.0
2011-11-10,0.0,1000000.0
2011-11-11,0.0,1000000.0
2011-11-14,0.0,1000000.0
2011-11-15,0.0,1000000.0
2011-11-16,0.0,1000000.0
2011-11-17,0.0,1000000.0
2011-11-18,0.0,1000000.0
2011-11-21,0.0,1000000.0
2011-11-22,0.0,1000000.0
2011-11-25,0.0,1000000.0
2011-11-28,0.0,1000000.0
2011-11-29,0.0,1000000.0
2011-11-30,0.0,1000000.0
2011-12-01,0.0,1000000.0
2011-12-02,0.0,1000000.0
2011-12-05,0.0,1000000.0
2011-12-06,0.0,1000000.0
2011-12-07,0.0,1000000.0
2011-12-08,0.0,1000000.0
2011-12-09,0.0,1000000.0
2011-12-12,0.0,1000000.0
2011-12-13,0.0,1000000.0
2011-12-14,0.0,1000000.0
2011-12-15,0.0,1000000.0
2011-12-16,0.0,1000000.0
2011-12-19,0.0,1000000.0
2011-12-20,0.0,1000000.0
2011-12-21,0.0,1000000.0
2011-12-22,0.0,1000000.0
2011-12-27,0.0,1000000.0
2011-12-28,0.0,1000000.0
2011-12-29,0.0,1000000.0
2011-12-30,0.0,1000000.0
2012-01-04,0.0,1000000.0
2012-01-05,0.0,1000000.0
2012-01-06,0.0,1000000.0
2012-01-10,0.0,1000000.0
2012-01-11,0.0,1000000.0
2012-01-12,0.0,1000000.0
2012-01-13,0.0,1000000.0
2012-01-17,0.0,1000000.0
2012-01-18,0.0,1000000.0
2012-01-19,0.0,1000000.0
2012-01-20,0.0,1000000.0
2012-01-23,0.0,1000000.0
2012-01-24,0.0,1000000.0
2012-01-25,0.0,1000000.0
2012-01-26,0.0,1000000.0
2012-01-27,0.0,1000000.0
2012-01-30,0.0,1000000.0
2012-01-31,0.0,1000000.0
2012-02-01,0.0,1000000.0
2012-02-02,0.0,1000000.0
2012-02-03,0.0,1000000.0
2012-02-06,0.0,1000000.0
2012-02-07,0.0,1000000.0
2012-02-08,0.0,1000000.0
2012-02-09,0.0,1000000.0
2012-02-10,0.0,1000000.0
2012-02-13,0.0,1000000.0
2012-02-14,0.0,1000000.0
2012-02-15,0.0,1000000.0
2012-02-16,0.0,1000000.0
2012-02-17,0.0,1000000.0
2012-02-21,0.0,1000000.0
2012-02-22,0.0,1000000.0
2012-02-23,0.0,1000000.0
2012-02-24,0.0,1000000.0
2012-02-27,0.0,1000000.0
2012-02-28,0.0,1000000.0
2012-02-29,0.0,1000000.0
2012-03-01,0.0,1000000.0
2012-03-02,0.0,1000000.0
2012-03-05,0.0,1000000.0
2012-03-06,0.0,1000000.0
2012-03-07,0.0,1000000.0
2012-03-08,0.0,1000000.0
2012-03-09,0.0,1000000.0
2012-03-12,0.0,1000000.0
2012-03-13,0.0,1000000.0
2012-03-14,0.0,1000000.0
2012-03-15,0.0,1000000.0
2012-03-16,0.0,1000000.0
2012-03-19,0.0,1000000.0
2012-03-21,0.0,1000000.0
2012-03-22,0.0,1000000.0
2012-03-23,0.0,1000000.0
2012-03-26,0.0,1000000.0
2012-03-27,0.0,1000000.0
2012-03-28,0.0,1000000.0
2012-03-29,0.0,1000000.0
2012-03-30,0.0,1000000.0
2012-04-02,0.0,1000000.0
2012-04-03,0.0,1000000.0
2012-04-04,0.0,1000000.0
2012-04-05,0.0,1000000.0
2012-04-09,0.0,1000000.0
2012-04-10,0.0,1000000.0
2012-04-11,0.0,1000000.0
2012-04-12,0.0,1000000.0
2012-04-13,0.0,1000000.0
2012-04-16,0.0,1000000.0
2012-04-17,0.0,1000000.0
2012-04-18,0.0,1000000.0
2012-04-19,0.0,1000000.0
2012-04-20,0.0,1000000.0
2012-04-23,0.0,1000000.0
2012-04-24,0.0,1000000.0
2012-04-25,0.0,1000000.0
2012-04-26,0.0,1000000.0
2012-04-27,0.0,1000000.0
2012-05-01,0.0,1000000.0
2012-05-02,0.0,1000000.0
2012-05-07,0.0,1000000.0
2012-05-08,0.0,1000000.0
2012-05-09,0.0,1000000.0
2012-05-10,0.0,1000000.0
2012-05-11,0.0,1000000.0
2012-05-14,0.0,1000000.0
2012-05-15,0.0,1000000.0
2012-05-16,0.0,1000000.0
2012-05-17,0.0,1000000.0
2012-05-18,0.0,1000000.0
2012-05-21,0.0,1000000.0
2012-05-22,0.0,1000000.0
2012-05-23,0.0,1000000.0
2012-05-24,0.0,1000000.0
2012-05-25,0.0,1000000.0
2012-05-29,0.0,1000000.0
2012-05-30,0.0,1000000.0
2012-05-31,0.0,1000000.0
2012-06-01,0.0,1000000.0
2012-06-04,0.0,1000000.0
2012-06-05,0.0,1000000.0
2012-06-06,0.0,1000000.0
2012-06-07,0.0,1000000.0
2012-06-08,0.0,1000000.0
2012-06-11,0.0,1000000.0
2012-06-12,0.0,1000000.0
2012-06-13,0.0,1000000.0
2012-06-14,0.0,1000000.0
2012-06-15,0.0,1000000.0
2012-06-18,0.0,1000000.0
2012-06-19,0.0,1000000.0
2012-06-20,0.0,1000000.0
2012-06-21,0.0,1000000.0
2012-06-22,0.0,1000000.0
2012-06-25,0.0,1000000.0
2012-06-26,0.0,1000000.0
2012-06-27,0.0,1000000.0
2012-06-28,0.0,1000000.0
2012-06-29,0.0,1000000.0
2012-07-02,0.0,1000000.0
2012-07-03,0.0,1000000.0
2012-07-05,0.0,1000000.0
2012-07-06,0.0,1000000.0
2012-07-09,0.0,1000000.0
2012-07-10,0.0,1000000.0
2012-07-11,0.0,1000000.0
2012-07-12,0.0,1000000.0
2012-07-13,0.0,1000000.0
2012-07-17,0.0,1000000.0
2012-07-18,0.0,1000000.0
2012-07-19,0.0,1000000.0
2012-07-20,0.0,1000000.0
2012-07-23,0.0,1000000.0
2012-07-24,0.0,1000000.0
2012-07-25,0.0,1000000.0
2012-07-26,0.0,1000000.0
2012-07-27,0.0,1000000.0
2012-07-30,0.0,1000000.0
2012-07-31,0.0,1000000.0
2012-08-01,0.0,1000000.0
2012-08-02,0.0,1000000.0
2012-08-03,0.0,1000000.0
2012-08-06,0.0,1000000.0
2012-08-07,0.0,1000000.0
2012-08-08,0.0,1000000.0
2012-08-09,0.0,1000000.0
2012-08-10,0.0,1000000.0
2012-08-13,0.0,1000000.0
2012-08-14,0.0,1000000.0
2012-08-15,0.0,1000000.0
2012-08-16,0.0,1000000.0
2012-08-17,0.0,1000000.0
2012-08-20,0.0,1000000.0
2012-08-21,0.0,1000000.0
2012-08-22,0.0,1000000.0
2012-08-23,0.0,1000000.0
2012-08-24,0.0,1000000.0
2012-08-27,0.0,1000000.0
2012-08-28,0.0,1000000.0
2012-08-29,0.0,1000000.0
2012-08-30,0.0,1000000.0
2012-08-31,0.0,1000000.0
2012-09-04,0.0,1000000.0
2012-09-05,0.0,1000000.0
2012-09-06,0.0,1000000.0
2012-09-07,0.0,1000000.0
2012-09-10,0.0,1000000.0
2012-09-11,0.0,1000000.0
2012-09-12,0.0,1000000.0
2012-09-13,0.0,1000000.0
2012-09-14,0.0,1000000.0
2012-09-18,0.0,1000000.0
2012-09-19,0.0,1000000.0
2012-09-20,0.0,1000000.0
2012-09-21,0.0,1000000.0
2012-09-24,0.0,1000000.0
2012-09-25,0.0,1000000.0
2012-09-26,0.0,1000000.0
2012-09-27,0.0,1000000.0
2012-09-28,0.0,1000000.0
2012-10-01,0.0,1000000.0
2012-10-02,0.0,1000000.0
2012-10-03,0.0,1000000.0
2012-10-04,0.0,1000000.0
2012-10-05,0.0,1000000.0
2012-10-09,0.0,1000000.0
2012-10-10,0.0,1000000.0
2012-10-11,0.0,1000000.0
2012-10-12,0.0,1000000.0
2012-10-15,0.0,1000000.0
2012-10-16,0.0,1000000.0
2012-10-17,0.0,1000000.0
2012-10-18,0.0,1000000.0
2012-10-19,0.0,1000000.0
2012-10-22,0.0,1000000.0
2012-10-23,0.0,1000000.0
2012-10-24,0.0,1000000.0
2012-10-25,0.0,1000000.0
2012-10-26,0.0,1000000.0
2012-10-31,0.0,1000000.0
2012-11-01,0.0,1000000.0
2012-11-02,0.0,1000000.0
2012-11-05,0.0,1000000.0
2012-11-06,0.0,1000000.0
2012-11-07,0.0,1000000.0
2012-11-08,0.0,1000000.0
2012-11-09,0.0,1000000.0
2012-11-12,0.0,1000000.0
2012-11-13,0.0,1000000.0
2012-11-14,0.0,1000000.0
2012-11-15,0.0,1000000.0
2012-11-16,0.0,1000000.0
2012-11-19,0.0,1000000.0
2012-11-20,0.0,1000000.0
2012-11-21,0.0,1000000.0
2012-11-26,0.0,1000000.0
2012-11-27,0.0,1000000.0
2012-11-28,0.0,1000000.0
2012-11-29,0.0,1000000.0
2012-11-30,0.0,1000000.0
2012-12-03,0.0,1000000.0
2012-12-04,0.0,1000000.0
2012-12-05,0.0,1000000.0
2012-12-06,0.0,1000000.0
2012-12-07,0.0,1000000.0
2012-12-10,0.0,1000000.0
2012-12-11,0.0,1000000.0
2012-12-12,0.0,1000000.0
2012-12-13,0.0,1000000.0
2012-12-14,0.0,1000000.0
2012-12-17,0.0,1000000.0
2012-12-18,0.0,1000000.0
2012-12-19,0.0,1000000.0
2012-12-20,0.0,1000000.0
2012-12-21,0.0,1000000.0
2012-12-26,0.0,1000000.0
2012-12-27,0.0,1000000.0
2012-12-28,0.0,1000000.0
2013-01-04,0.0,1000000.0
2013-01-07,0.0,1000000.0
2013-01-08,0.0,1000000.0
2013-01-09,0.0,1000000.0
2013-01-10,0.0,1000000.0
2013-01-11,0.0,1000000.0
2013-01-15,0.0,1000000.0
2013-01-16,0.0,1000000.0
2013-01-17,0.0,1000000.0
2013-01-18,0.0,1000000.0
2013-01-22,0.0,1000000.0
2013-01-23,0.0,1000000.0
2013-01-24,0.0,1000000.0
2013-01-25,0.0,1000000.0
2013-01-28,0.0,1000000.0
2013-01-29,0.0,1000000.0
2013-01-30,0.0,1000000.0
2013-01-31,0.0,1000000.0
2013-02-01,0.0,1000000.0
2013-02-04,0.0,1000000.0
2013-02-05,0.0,1000000.0
2013-02-06,0.0,1000000.0
2013-02-07,0.0,1000000.0
2013-02-08,0.0,1000000.0
2013-02-12,0.0,1000000.0
2013-02-13,0.0,1000000.0
2013-02-14,0.0,1000000.0
2013-02-15,0.0,1000000.0
2013-02-19,0.0,1000000.0
2013-02-20,0.0,1000000.0
2013-02-21,0.0,1000000.0
2013-02-22,0.0,1000000.0
2013-02-25,0.0,1000000.0
2013-02-26,0.0,1000000.0
2013-02-27,0.0,1000000.0
2013-02-28,0.0,1000000.0
2013-03-01,0.0,1000000.0
2013-03-04,0.0,1000000.0
2013-03-05,0.0,1000000.0
2013-03-06,0.0,1000000.0
2013-03-07,0.0,1000000.0
2013-03-08,0.0,1000000.0
2013-03-11,0.0,1000000.0
2013-03-12,0.0,1000000.0
2013-03-13,0.0,1000000.0
2013-03-14,0.0,1000000.0
2013-03-15,0.0,1000000.0
2013-03-18,0.0,1000000.0
2013-03-19,0.0,1000000.0
2013-03-21,0.0,1000000.0
2013-03-22,0.0,1000000.0
2013-03-25,0.0,1000000.0
2013-03-26,0.0,1000000.0
2013-03-27,0.0,1000000.0
2013-03-28,0.0,1000000.0
2013-04-01,0.0,1000000.0
2013-04-02,0.0,1000000.0
2013-04-03,0.0,1000000.0
2013-04-04,0.0,1000000.0
2013-04-05,0.0,1000000.0
2013-04-08,0.0,1000000.0
2013-04-09,0.0,1000000.0
2013-04-10,0.0,1000000.0
2013-04-11,0.0,1000000.0
2013-04-12,0.0,1000000.0
2013-04-15,0.0,1000000.0
2013-04-16,0.0,1000000.0
2013-04-17,0.0,1000000.0
2013-04-18,0.0,1000000.0
2013-04-19,0.0,1000000.0
2013-04-22,0.0,1000000.0
2013-04-23,0.0,1000000.0
2013-04-24,0.0,1000000.0
2013-04-25,0.0,1000000.0
2013-04-26,0.0,1000000.0
2013-04-30,0.0,1000000.0
2013-05-01,0.0,1000000.0
2013-05-02,0.0,1000000.0
2013-05-07,0.0,1000000.0
2013-05-08,0.0,1000000.0
2013-05-09,0.0,1000000.0
2013-05-10,0.0,1000000.0
2013-05-13,0.0,1000000.0
2013-05-14,0.0,1000000.0
2013-05-15,0.0,1000000.0
2013-05-16,0.0,1000000.0
2013-05-17,0.0,1000000.0
2013-05-20,0.0,1000000.0
2013-05-21,0.0,1000000.0
2013-05-22,0.0,1000000.0
2013-05-23,0.0,1000000.0
2013-05-24,0.0,1000000.0
2013-05-28,0.0,1000000.0
2013-05-29,0.0,1000000.0
2013-05-30,0.0,1000000.0
2013-05-31,0.0,1000000.0
2013-06-03,0.0,1000000.0
2013-06-04,0.0,1000000.0
2013-06-05,0.0,1000000.0
2013-06-06,0.0,1000000.0
2013-06-07,0.0,1000000.0
2013-06-10,0.0,1000000.0
2013-06-11,0.0,1000000.0
2013-06-12,0.0,1000000.0
2013-06-13,0.0,1000000.0
2013-06-14,0.0,1000000.0
2013-06-17,0.0,1000000.0
2013-06-18,0.0,1000000.0
2013-06-19,0.0,1000000.0
2013-06-20,0.0,1000000.0
2013-06-21,0.0,1000000.0
2013-06-24,0.0,1000000.0
2013-06-25,0.0,1000000.0
2013-06-26,0.0,1000000.0
2013-06-27,0.0,1000000.0
2013-06-28,0.0,1000000.0
2013-07-01,0.0,1000000.0
2013-07-02,0.0,1000000.0
2013-07-03,0.0,1000000.0
2013-07-05,0.0,1000000.0
2013-07-08,0.0,1000000.0
2013-07-09,0.0,1000000.0
2013-07-10,0.0,1000000.0
2013-07-11,0.0,1000000.0
2013-07-12,0.0,1000000.0
2013-07-16,0.0,1000000.0
2013-07-17,0.0,1000000.0
2013-07-18,0.0,1000000.0
2013-07-19,0.0,1000000.0
2013-07-22,0.0,1000000.0
2013-07-23,0.0,1000000.0
2013-07-24,0.0,1000000.0
2013-07-25,0.0,1000000.0
2013-07-26,0.0,1000000.0
2013-07-29,0.0,1000000.0
2013-07-30,0.0,1000000.0
2013-07-31,0.0,1000000.0
2013-08-01,0.0,1000000.0
2013-08-02,0.0,1000000.0
2013-08-05,0.0,1000000.0
2013-08-06,0.0,1000000.0
2013-08-07,0.0,1000000.0
2013-08-08,0.0,1000000.0
2013-08-09,0.0,1000000.0
2013-08-12,0.0,1000000.0
2013-08-13,0.0,1000000.0
2013-08-14,0.0,1000000.0
2013-08-15,0.0,1000000.0
2013-08-16,0.0,1000000.0
2013-08-19,0.0,1000000.0
2013-08-20,0.0,1000000.0
2013-08-21,0.0,1000000.0
2013-08-22,0.0,1000000.0
2013-08-23,0.0,1000000.0
2013-08-26,0.0,1000000.0
2013-08-27,0.0,1000000.0
2013-08-28,0.0,1000000.0
2013-08-29,0.0,1000000.0
2013-08-30,0.0,1000000.0
2013-09-03,0.0,1000000.0
2013-09-04,0.0,1000000.0
2013-09-05,0.0,1000000.0
2013-09-06,0.0,1000000.0
2013-09-09,0.0,1000000.0
2013-09-10,0.0,1000000.0
2013-09-11,0.0,1000000.0
2013-09-12,0.0,1000000.0
2013-09-13,0.0,1000000.0
2013-09-17,0.0,1000000.0
2013-09-18,0.0,1000000.0
2013-09-19,0.0,1000000.0
2013-09-20,0.0,1000000.0
2013-09-24,0.0,1000000.0
2013-09-25,0.0,1000000.0
2013-09-26,0.0,1000000.0
2013-09-27,0.0,1000000.0
2013-09-30,0.0,1000000.0
2013-10-01,0.0,1000000.0
2013-10-02,0.0,1000000.0
2013-10-03,0.0,1000000.0
2013-10-04,0.0,1000000.0
2013-10-07,0.0,1000000.0
2013-10-08,0.0,1000000.0
2013-10-09,0.0,1000000.0
2013-10-10,0.0,1000000.0
2013-10-11,0.0,1000000.0
2013-10-15,0.0,1000000.0
2013-10-16,0.0,1000000.0
2013-10-17,0.0,1000000.0
2013-10-18,0.0,1000000.0
2013-10-21,0.0,1000000.0
2013-10-22,0.0,1000000.0
2013-10-23,0.0,1000000.0
2013-10-24,0.0,1000000.0
2013-10-25,0.0,1000000.0
2013-10-28,0.0,1000000.0
2013-10-29,0.0,1000000.0
2013-10-30,0.0,1000000.0
2013-10-31,0.0,1000000.0
2013-11-01,0.0,1000000.0
2013-11-05,0.0,1000000.0
2013-11-06,0.0,1000000.0
2013-11-07,0.0,1000000.0
2013-11-08,0.0,1000000.0
2013-11-11,0.0,1000000.0
2013-11-12,0.0,1000000.0
2013-11-13,0.0,1000000.0
2013-11-14,0.0,1000000.0
2013-11-15,0.0,1000000.0
2013-11-18,0.0,1000000.0
2013-11-19,0.0,1000000.0
2013-11-20,0.0,1000000.0
2013-11-21,0.0,1000000.0
2013-11-22,0.0,1000000.0
2013-11-25,0.0,1000000.0
2013-11-26,0.0,1000000.0
2013-11-27,0.0,1000000.0
2013-11-29,0.0,1000000.0
2013-12-02,0.0,1000000.0
2013-12-03,0.0,1000000.0
2013-12-04,0.0,1000000.0
2013-12-05,0.0,1000000.0
2013-12-06,0.0,1000000.0
2013-12-09,0.0,1000000.0
2013-12-10,0.0,1000000.0
2013-12-11,0.0,1000000.0
2013-12-12,0.0,1000000.0
2013-12-13,0.0,1000000.0
2013-12-16,0.0,1000000.0
2013-12-17,0.0,1000000.0
2013-12-18,0.0,1000000.0
2013-12-19,0.0,1000000.0
2013-12-20,0.0,1000000.0
2013-12-24,0.0,1000000.0
2013-12-26,0.0,1000000.0
2013-12-27,0.0,1000000.0
2013-12-30,0.0,1000000.0
2014-01-06,0.0,1000000.0
2014-01-07,0.0,1000000.0
2014-01-08,0.0,1000000.0
2014-01-09,0.0,1000000.0
2014-01-10,0.0,1000000.0
2014-01-14,0.0,1000000.0
2014-01-15,0.0,1000000.0
2014-01-16,0.0,1000000.0
2014-01-17,0.0,1000000.0
2014-01-21,0.0,1000000.0
2014-01-22,0.0,1000000.0
2014-01-23,0.0,1000000.0
2014-01-24,0.0,1000000.0
2014-01-27,0.0,1000000.0
2014-01-28,0.0,1000000.0
2014-01-29,0.0,1000000.0
2014-01-30,0.0,1000000.0
2014-01-31,0.0,1000000.0
2014-02-03,0.0,1000000.0
2014-02-04,0.0,1000000.0
2014-02-05,0.0,1000000.0
2014-02-06,0.0,1000000.0
2014-02-07,0.0,1000000.0
2014-02-10,0.0,1000000.0
2014-02-12,0.0,1000000.0
2014-02-13,0.0,1000000.0
2014-02-14,0.0,1000000.0
2014-02-18,0.0,1000000.0
2014-02-19,0.0,1000000.0
2014-02-20,0.0,1000000.0
2014-02-21,0.0,1000000.0
2014-02-24,0.0,1000000.0
2014-02-25,0.0,1000000.0
2014-02-26,0.0,1000000.0
2014-02-27,0.0,1000000.0
2014-02-28,0.0,1000000.0
2014-03-03,0.0,1000000.0
2014-03-04,0.0,1000000.0
2014-03-05,0.0,1000000.0
2014-03-06,0.0,1000000.0
2014-03-07,0.0,1000000.0
2014-03-10,0.0,1000000.0
2014-03-11,0.0,1000000.0
2014-03-12,0.0,1000000.0
2014-03-13,0.0,1000000.0
2014-03-14,0.0,1000000.0
2014-03-17,0.0,1000000.0
2014-03-18,0.0,1000000.0
2014-03-19,0.0,1000000.0
2014-03-20,0.0,1000000.0
2014-03-24,0.0,1000000.0
2014-03-25,0.0,1000000.0
2014-03-26,0.0,1000000.0
2014-03-27,0.0,1000000.0
2014-03-28,0.0,1000000.0
2014-03-31,0.0,1000000.0
2014-04-01,0.0,1000000.0
2014-04-02,0.0,1000000.0
2014-04-03,0.0,1000000.0
2014-04-04,0.0,1000000.0
2014-04-07,0.0,1000000.0
2014-04-08,0.0,1000000.0
2014-04-09,0.0,1000000.0
2014-04-10,0.0,1000000.0
2014-04-11,0.0,1000000.0
2014-04-14,0.0,1000000.0
2014-04-15,0.0,1000000.0
2014-04-16,0.0,1000000.0
2014-04-17,0.0,1000000.0
2014-04-21,0.0,1000000.0
2014-04-22,0.0,1000000.0
2014-04-23,0.0,1000000.0
2014-04-24,0.0,1000000.0
2014-04-25,0.0,1000000.0
2014-04-28,0.0,1000000.0
2014-04-30,0.0,1000000.0
2014-05-01,0.0,1000000.0
2014-05-02,0.0,1000000.0
2014-05-07,0.0,1000000.0
2014-05-08,0.0,1000000.0
2014-05-09,0.0,1000000.0
2014-05-12,0.0,1000000.0
2014-05-13,0.0,1000000.0
2014-05-14,0.0,1000000.0
2014-05-15,0.0,1000000.0
2014-05-16,0.0,1000000.0
2014-05-19,0.0,1000000.0
2014-05-20,0.0,1000000.0
2014-05-21,0.0,1000000.0
2014-05-22,0.0,1000000.0
2014-05-23,0.0,1000000.0
2014-05-27,0.0,1000000.0
2014-05-28,0.0,1000000.0
2014-05-29,0.0,1000000.0
2014-05-30,0.0,1000000.0
2014-06-02,0.0,1000000.0
2014-06-03,0.0,1000000.0
2014-06-04,0.0,1000000.0
2014-06-05,0.0,1000000.0
2014-06-06,0.0,1000000.0
2014-06-09,0.0,1000000.0
2014-06-10,0.0,1000000.0
2014-06-11,0.0,1000000.0
2014-06-12,0.0,1000000.0
2014-06-13,0.0,1000000.0
2014-06-16,0.0,1000000.0
2014-06-17,0.0,1000000.0
2014-06-18,0.0,1000000.0
2014-06-19,0.0,1000000.0
2014-06-20,0.0,1000000.0
2014-06-23,0.0,1000000.0
2014-06-24,0.0,1000000.0
2014-06-25,0.0,1000000.0
2014-06-26,0.0,1000000.0
2014-06-27,0.0,1000000.0
2014-06-30,0.0,1000000.0
2014-07-01,0.0,1000000.0
2014-07-02,0.0,1000000.0
2014-07-03,0.0,1000000.0
2014-07-07,0.0,1000000.0
2014-07-08,0.0,1000000.0
2014-07-09,0.0,1000000.0
2014-07-10,0.0,1000000.0
2014-07-11,0.0,1000000.0
2014-07-14,0.0,1000000.0
2014-07-15,0.0,1000000.0
2014-07-16,0.0,1000000.0
2014-07-17,0.0,1000000.0
2014-07-18,0.0,1000000.0
2014-07-22,0.0,1000000.0
2014-07-23,0.0,1000000.0
2014-07-24,0.0,1000000.0
2014-07-25,0.0,1000000.0
2014-07-28,0.0,1000000.0
2014-07-29,0.0,1000000.0
2014-07-30,0.0,1000000.0
2014-07-31,0.0,1000000.0
2014-08-01,0.0,1000000.0
2014-08-04,0.0,1000000.0
2014-08-05,0.0,1000000.0
2014-08-06,0.0,1000000.0
2014-08-07,0.0,1000000.0
2014-08-08,0.0,1000000.0
2014-08-11,0.0,1000000.0
2014-08-12,0.0,1000000.0
2014-08-13,0.0,1000000.0
2014-08-14,0.0,1000000.0
2014-08-15,0.0,1000000.0
2014-08-18,0.0,1000000.0
2014-08-19,0.0,1000000.0
2014-08-20,0.0,1000000.0
2014-08-21,0.0,1000000.0
2014-08-22,0.0,1000000.0
2014-08-25,0.0,1000000.0
2014-08-26,0.0,1000000.0
2014-08-27,0.0,1000000.0
2014-08-28,0.0,1000000.0
2014-08-29,0.0,1000000.0
2014-09-02,0.0,1000000.0
2014-09-03,0.0,1000000.0
2014-09-04,0.0,1000000.0
2014-09-05,0.0,1000000.0
2014-09-08,0.0,1000000.0
2014-09-09,0.0,1000000.0
2014-09-10,0.0,1000000.0
2014-09-11,0.0,1000000.0
2014-09-12,0.0,1000000.0
2014-09-16,0.0,1000000.0
2014-09-17,0.0,1000000.0
2014-09-18,0.0,1000000.0
2014-09-19,0.0,1000000.0
2014-09-22,0.0,1000000.0
2014-09-24,0.0,1000000.0
2014-09-25,0.0,1000000.0
2014-09-26,0.0,1000000.0
2014-09-29,0.0,1000000.0
2014-09-30,0.0,1000000.0
2014-10-01,0.0,1000000.0
2014-10-02,0.0,1000000.0
2014-10-03,0.0,1000000.0
2014-10-06,0.0,1000000.0
2014-10-07,0.0,1000000.0
2014-10-08,0.0,1000000.0
2014-10-09,0.0,1000000.0
2014-10-10,0.0,1000000.0
2014-10-14,0.0,1000000.0
2014-10-15,0.0,1000000.0
2014-10-16,0.0,1000000.0
2014-10-17,0.0,1000000.0
2014-10-20,0.0,1000000.0
2014-10-21,0.0,1000000.0
2014-10-22,0.0,1000000.0
2014-10-23,0.0,1000000.0
2014-10-24,0.0,1000000.0
2014-10-27,0.0,1000000.0
2014-10-28,0.0,1000000.0
2014-10-29,0.0,1000000.0
2014-10-30,0.0,1000000.0
2014-10-31,0.0,1000000.0
2014-11-04,0.0,1000000.0
2014-11-05,0.0,1000000.0
2014-11-06,0.0,1000000.0
2014-11-07,0.0,1000000.0
2014-11-10,0.0,1000000.0
2014-11-11,0.0,1000000.0
2014-11-12,0.0,1000000.0
2014-11-13,0.0,1000000.0
2014-11-14,0.0,1000000.0
2014-11-17,0.0,1000000.0
2014-11-18,0.0,1000000.0
2014-11-19,0.0,1000000.0
2014-11-20,0.0,1000000.0
2014-11-21,0.0,1000000.0
2014-11-25,0.0,1000000.0
2014-11-26,0.0,1000000.0
2014-11-28,0.0,1000000.0
2014-12-01,0.0,1000000.0
2014-12-02,0.0,1000000.0
2014-12-03,0.0,1000000.0
2014-12-04,0.0,1000000.0
2014-12-05,0.0,1000000.0
2014-12-08,0.0,1000000.0
2014-12-09,0.0,1000000.0
2014-12-10,0.0,1000000.0
2014-12-11,0.0,1000000.0
2014-12-12,0.0,1000000.0
2014-12-15,0.0,1000000.0
2014-12-16,0.0,1000000.0
2014-12-17,0.0,1000000.0
2014-12-18,0.0,1000000.0
2014-12-19,0.0,1000000.0
2014-12-22,0.0,1000000.0
2014-12-24,0.0,1000000.0
2014-12-26,0.0,1000000.0
2014-12-29,0.0,1000000.0
2014-12-30,0.0,1000000.0
2015-01-05,0.0,1000000.0
2015-01-06,0.0,1000000.0
2015-01-07,0.0,1000000.0
2015-01-08,0.0,1000000.0
2015-01-09,0.0,1000000.0
2015-01-13,0.0,1000000.0
2015-01-14,0.0,1000000.0
2015-01-15,0.0,1000000.0
2015-01-16,0.0,1000000.0
2015-01-20,0.0,1000000.0
2015-01-21,0.0,1000000.0
2015-01-22,0.0,1000000.0
2015-01-23,0.0,1000000.0
2015-01-26,0.0,1000000.0
2015-01-27,0.0,1000000.0
2015-01-28,0.0,1000000.0
2015-01-29,0.0,1000000.0
2015-01-30,0.0,1000000.0
2015-02-02,0.0,1000000.0
2015-02-03,0.0,1000000.0
2015-02-04,0.0,1000000.0
2015-02-05,0.0,1000000.0
2015-02-06,0.0,1000000.0
2015-02-09,0.0,1000000.0
2015-02-10,0.0,1000000.0
2015-02-12,0.0,1000000.0
2015-02-13,0.0,1000000.0
2015-02-17,0.0,1000000.0
2015-02-18,0.0,1000000.0
2015-02-19,0.0,1000000.0
2015-02-20,0.0,1000000.0
2015-02-23,0.0,1000000.0
2015-02-24,0.0,1000000.0
2015-02-25,0.0,1000000.0
2015-02-26,0.0,1000000.0
2015-02-27,0.0,1000000.0
2015-03-02,0.0,1000000.0
2015-03-03,0.0,1000000.0
2015-03-04,0.0,1000000.0
2015-03-05,0.0,1000000.0
2015-03-06,0.0,1000000.0
2015-03-09,0.0,1000000.0
2015-03-10,0.0,1000000.0
2015-03-11,0.0,1000000.0
2015-03-12,0.0,1000000.0
2015-03-13,0.0,1000000.0
2015-03-16,0.0,1000000.0
2015-03-17,0.0,1000000.0
2015-03-18,0.0,1000000.0
2015-03-19,0.0,1000000.0
2015-03-20,0.0,1000000.0
2015-03-23,0.0,1000000.0
2015-03-24,0.0,1000000.0
2015-03-25,0.0,1000000.0
2015-03-26,0.0,1000000.0
2015-03-27,0.0,1000000.0
2015-03-30,0.0,1000000.0
2015-03-31,0.0,1000000.0
2015-04-01,0.0,1000000.0
2015-04-02,0.0,1000000.0
2015-04-06,0.0,1000000.0
2015-04-07,0.0,1000000.0
2015-04-08,0.0,1000000.0
2015-04-09,0.0,1000000.0
2015-04-10,0.0,1000000.0
2015-04-13,0.0,1000000.0
2015-04-14,0.0,1000000.0
2015-04-15,0.0,1000000.0
2015-04-16,0.0,1000000.0
2015-04-17,0.0,1000000.0
2015-04-20,0.0,1000000.0
2015-04-21,0.0,1000000.0
2015-04-22,0.0,1000000.0
2015-04-23,0.0,1000000.0
2015-04-24,0.0,1000000.0
2015-04-27,0.0,1000000.0
2015-04-28,0.0,1000000.0
2015-04-30,0.0,1000000.0
2015-05-01,0.0,1000000.0
2015-05-07,0.0,1000000.0
2015-05-08,0.0,1000000.0
2015-05-11,0.0,1000000.0
2015-05-12,0.0,1000000.0
2015-05-13,0.0,1000000.0
2015-05-14,0.0,1000000.0
2015-05-15,0.0,1000000.0
2015-05-18,0.0,1000000.0
2015-05-19,0.0,1000000.0
2015-05-20,0.0,1000000.0
2015-05-21,0.0,1000000.0
2015-05-22,0.0,1000000.0
2015-05-26,0.0,1000000.0
2015-05-27,0.0,1000000.0
2015-05-28,0.0,1000000.0
2015-05-29,0.0,1000000.0
2015-06-01,0.0,1000000.0
2015-06-02,0.0,1000000.0
2015-06-03,0.0,1000000.0
2015-06-04,0.0,1000000.0
2015-06-05,0.0,1000000.0
2015-06-08,0.0,1000000.0
2015-06-09,0.0,1000000.0
2015-06-10,0.0,1000000.0
2015-06-11,0.0,1000000.0
2015-06-12,0.0,1000000.0
2015-06-15,0.0,1000000.0
2015-06-16,0.0,1000000.0
2015-06-17,0.0,1000000.0
2015-06-18,0.0,1000000.0
2015-06-19,0.0,1000000.0
2015-06-22,0.0,1000000.0
2015-06-23,0.0,1000000.0
2015-06-24,0.0,1000000.0
2015-06-25,0.0,1000000.0
2015-06-26,0.0,1000000.0
2015-06-29,0.0,1000000.0
2015-06-30,0.0,1000000.0
2015-07-01,0.0,1000000.0
2015-07-02,0.0,1000000.0
2015-07-06,0.0,1000000.0
2015-07-07,0.0,1000000.0
2015-07-08,0.0,1000000.0
2015-07-09,0.0,1000000.0
2015-07-10,0.0,1000000.0
2015-07-13,0.0,1000000.0
2015-07-14,0.0,1000000.0
2015-07-15,0.0,1000000.0
2015-07-16,0.0,1000000.0
2015-07-17,0.0,1000000.0
2015-07-21,0.0,1000000.0
2015-07-22,0.0,1000000.0
2015-07-23,0.0,1000000.0
2015-07-24,0.0,1000000.0
2015-07-27,0.0,1000000.0
2015-07-28,0.0,1000000.0
2015-07-29,0.0,1000000.0
2015-07-30,0.0,1000000.0
2015-07-31,0.0,1000000.0
2015-08-03,0.0,1000000.0
2015-08-04,0.0,1000000.0
2015-08-05,0.0,1000000.0
2015-08-06,0.0,1000000.0
2015-08-07,0.0,1000000.0
2015-08-10,0.0,1000000.0
2015-08-11,0.0,1000000.0
2015-08-12,0.0,1000000.0
2015-08-13,0.0,1000000.0
2015-08-14,0.0,1000000.0
2015-08-17,0.0,1000000.0
2015-08-18,0.0,1000000.0
2015-08-19,0.0,1000000.0
2015-08-20,0.0,1000000.0
2015-08-21,0.0,1000000.0
2015-08-24,0.0,1000000.0
2015-08-25,0.0,1000000.0
2015-08-26,0.0,1000000.0
2015-08-27,0.0,1000000.0
2015-08-28,0.0,1000000.0
2015-08-31,0.0,1000000.0
2015-09-01,0.0,1000000.0
2015-09-02,0.0,1000000.0
2015-09-03,0.0,1000000.0
2015-09-04,0.0,1000000.0
2015-09-08,0.0,1000000.0
2015-09-09,0.0,1000000.0
2015-09-10,0.0,1000000.0
2015-09-11,0.0,1000000.0
2015-09-14,0.0,1000000.0
2015-09-15,0.0,1000000.0
2015-09-16,0.0,1000000.0
2015-09-17,0.0,1000000.0
2015-09-18,0.0,1000000.0
2015-09-24,0.0,1000000.0
2015-09-25,0.0,1000000.0
2015-09-28,0.0,1000000.0
2015-09-29,0.0,1000000.0
2015-09-30,0.0,1000000.0
2015-10-01,0.0,1000000.0
2015-10-02,0.0,1000000.0
2015-10-05,0.0,1000000.0
2015-10-06,0.0,1000000.0
2015-10-07,0.0,1000000.0
2015-10-08,0.0,1000000.0
2015-10-09,0.0,1000000.0
2015-10-13,0.0,1000000.0
2015-10-14,0.0,1000000.0
2015-10-15,0.0,1000000.0
2015-10-16,0.0,1000000.0
2015-10-19,0.0,1000000.0
2015-10-20,0.0,1000000.0
2015-10-21,0.0,1000000.0
2015-10-22,0.0,1000000.0
2015-10-23,0.0,1000000.0
2015-10-26,0.0,1000000.0
2015-10-27,0.0,1000000.0
2015-10-28,0.0,1000000.0
2015-10-29,0.0,1000000.0
2015-10-30,0.0,1000000.0
2015-11-02,0.0,1000000.0
2015-11-04,0.0,1000000.0
2015-11-05,0.0,1000000.0
2015-11-06,0.0,1000000.0
2015-11-09,0.0,1000000.0
2015-11-10,0.0,1000000.0
2015-11-11,0.0,1000000.0
2015-11-12,0.0,1000000.0
2015-11-13,0.0,1000000.0
2015-11-16,0.0,1000000.0
2015-11-17,0.0,1000000.0
2015-11-18,0.0,1000000.0
2015-11-19,0.0,1000000.0
2015-11-20,0.0,1000000.0
2015-11-24,0.0,1000000.0
2015-11-25,0.0,1000000.0
2015-11-27,0.0,1000000.0
2015-11-30,0.0,1000000.0
2015-12-01,0.0,1000000.0
2015-12-02,0.0,1000000.0
2015-12-03,0.0,1000000.0
2015-12-04,0.0,1000000.0
2015-12-07,0.0,1000000.0
2015-12-08,0.0,1000000.0
2015-12-09,0.0,1000000.0
2015-12-10,0.0,1000000.0
2015-12-11,0.0,1000000.0
2015-12-14,0.0,1000000.0
2015-12-15,0.0,1000000.0
2015-12-16,0.0,1000000.0
2015-12-17,0.0,1000000.0
2015-12-18,0.0,1000000.0
2015-12-21,0.0,1000000.0
2015-12-22,0.0,1000000.0
2015-12-24,0.0,1000000.0
2015-12-28,0.0,1000000.0
2015-12-29,0.0,1000000.0
2015-12-30,0.0,1000000.0
2016-01-04,0.0,1000000.0
2016-01-05,0.0,1000000.0
2016-01-06,0.0,1000000.0
2016-01-07,0.0,1000000.0
2016-01-08,0.0,1000000.0
2016-01-12,0.0,1000000.0
2016-01-13,0.0,1000000.0
2016-01-14,0.0,1000000.0
2016-01-15,0.0,1000000.0
2016-01-19,0.0,1000000.0
2016-01-20,0.0,1000000.0
2016-01-21,0.0,1000000.0
2016-01-22,0.0,1000000.0
2016-01-25,0.0,1000000.0
2016-01-26,0.0,1000000.0
2016-01-27,0.0,1000000.0
2016-01-28,0.0,1000000.0
2016-01-29,0.0,1000000.0
2016-02-01,0.0,1000000.0
2016-02-02,0.0,1000000.0
2016-02-03,0.0,1000000.0
2016-02-04,0.0,1000000.0
2016-02-05,0.0,1000000.0
2016-02-08,0.0,1000000.0
2016-02-09,0.0,1000000.0
2016-02-10,0.0,1000000.0
2016-02-12,0.0,1000000.0
2016-02-16,0.0,1000000.0
2016-02-17,0.0,1000000.0
2016-02-18,0.0,1000000.0
2016-02-19,0.0,1000000.0
2016-02-22,0.0,1000000.0
2016-02-23,0.0,1000000.0
2016-02-24,0.0,1000000.0
2016-02-25,0.0,1000000.0
2016-02-26,0.0,1000000.0
2016-02-29,0.0,1000000.0
2016-03-01,0.0,1000000.0
2016-03-02,0.0,1000000.0
2016-03-03,0.0,1000000.0
2016-03-04,0.0,1000000.0
2016-03-07,0.0,1000000.0
2016-03-08,0.0,1000000.0
2016-03-09,0.0,1000000.0
2016-03-10,0.0,1000000.0
2016-03-11,0.0,1000000.0
2016-03-14,0.0,1000000.0
2016-03-15,0.0,1000000.0
2016-03-16,0.0,1000000.0
2016-03-17,0.0,1000000.0
2016-03-18,0.0,1000000.0
2016-03-22,0.0,1000000.0
2016-03-23,0.0,1000000.0
2016-03-24,0.0,1000000.0
2016-03-28,0.0,1000000.0
2016-03-29,0.0,1000000.0
2016-03-30,0.0,1000000.0
2016-03-31,0.0,1000000.0
2016-04-01,0.0,1000000.0
2016-04-04,0.0,1000000.0
2016-04-05,0.0,1000000.0
2016-04-06,0.0,1000000.0
2016-04-07,0.0,1000000.0
2016-04-08,0.0,1000000.0
2016-04-11,0.0,1000000.0
2016-04-12,0.0,1000000.0
2016-04-13,0.0,1000000.0
2016-04-14,0.0,1000000.0
2016-04-15,0.0,1000000.0
2016-04-18,0.0,1000000.0
2016-04-19,0.0,1000000.0
2016-04-20,0.0,1000000.0
2016-04-21,0.0,1000000.0
2016-04-22,0.0,1000000.0
2016-04-25,0.0,1000000.0
2016-04-26,0.0,1000000.0
2016-04-27,0.0,1000000.0
2016-04-28,0.0,1000000.0
2016-05-02,0.0,1000000.0
2016-05-06,0.0,1000000.0
2016-05-09,0.0,1000000.0
2016-05-10,0.0,1000000.0
2016-05-11,0.0,1000000.0
2016-05-12,0.0,1000000.0
2016-05-13,0.0,1000000.0
2016-05-16,-0.02206693144034854,977933.0685596515
2016-05-17,0.015426965139279014,993019.6079168695
2016-05-18,0.04196989458721974,1034696.5361841827
2016-05-19,0.003188086381592225,1037995.2381202723
2016-05-20,-0.01288839045307749,1024617.1502029431
2016-05-23,0.015449712774640766,1040447.1908775495
2016-05-24,-0.013590270080313549,1026307.23254922
2016-05-25,-0.0013681045163909417,1024903.1369891647
2016-05-26,-0.006238372340801402,1018509.409607371
2016-05-27,-0.007683150143301751,1010684.0488909918
2016-05-31,-0.003448053213895435,1007199.1565079804
2016-06-01,0.0072415385491514375,1014492.8280265057
2016-06-02,0.0015832708900991692,1016099.0449893344
2016-06-03,0.008752124114354757,1024992.0699435583
2016-06-06,0.002732404111950069,1027792.7624901884
2016-06-07,0.01261178602164843,1040755.0648853135
2016-06-08,0.005681005495666532,1046667.6001285699
2016-06-09,0.0079336824502636,1054971.5284989695
2016-06-10,0.00869340160129665,1064142.819674145
2016-06-13,0.0024407457310994083,1066740.1217185445
2016-06-14,0.01424136409890908,1081931.9561908527
2016-06-15,-0.018144308460193388,1062301.0490447853
2016-06-16,0.004799280318713086,1067399.3295620142
2016-06-17,-0.045771551392366015,1018542.8062927894
2016-06-20,0.016160921857274243,1035003.396993576
2016-06-21,-0.002562416727182369,1032351.286976429
2016-06-22,-0.012728265860897803,1019211.2453339531
2016-06-23,-0.0052309777877977805,1013879.7739485374
2016-06-24,0.017677261428611084,1031802.3917698069
2016-06-27,0.04226208147117493,1075408.5085129356
2016-06-28,0.029216207387995356,1106827.8665244642
2016-06-29,0.005489669634568825,1112903.985854018
2016-06-30,-0.001266201250504583,1111494.8254354382
2016-07-01,0.0038727940768495876,1115799.4160118334
2016-07-05,-0.004798542767982328,1110445.2047936108
2016-07-06,0.006189762358922452,1117318.5967238883
2016-07-07,0.0019655075327907993,1119514.6948422764
2016-07-08,0.001268510662861926,1120934.8111699144
2016-07-11,0.0,1120934.8111699144
2016-07-12,0.01499813929869716,1137746.7476125995
2016-07-13,0.020409920275425587,1160968.0680249974
2016-07-14,-0.001051267175251829,1159747.580403567
2016-07-15,0.015576911395401634,1177812.8657045448
2016-07-19,-0.005010596413847844,1171911.320783462
2016-07-20,-0.013366755772645424,1156246.668371351
2016-07-21,-0.008651253389451797,1146243.685462561
2016-07-22,0.01573491674400279,1164279.7344216534
2016-07-25,-0.0031362202680872493,1160628.296720837
2016-07-26,2.782611055470015e-05,1160660.5924921343
2016-07-27,0.009116616446964923,1171241.8899389922
2016-07-28,0.03717412491403849,1214781.7822601388
2016-07-29,-0.0661837682335148,1134382.9463287378
2016-08-01,-0.003759854847104328,1130117.8311095112
2016-08-02,0.011509036223553426,1143124.3981646344
2016-08-03,0.002832250977285396,1146362.013358495
2016-08-04,0.040350574551772156,1192618.3792418365
2016-08-05,0.002717346545811426,1195859.1366751406
2016-08-08,0.02427603865543175,1224889.8593035175
2016-08-09,0.006046585863472989,1232296.2610110936
2016-08-10,-0.00939683350459357,1220716.5782180394
2016-08-12,0.006541583994303792,1228701.9982476917
2016-08-15,-0.004892285895921589,1222690.8367913738
2016-08-16,0.003309503535334642,1226737.336438356
2016-08-17,0.031501055610170234,1265380.8574925729
2016-08-18,-0.006105226046688175,1257655.4213224286
2016-08-19,-0.018543114413458774,1234334.5729521401
2016-08-22,-0.00027184051591489314,1233999.0308050173
2016-08-23,0.028698610559847626,1269413.08842132
2016-08-24,-0.0018526452703093474,1267061.3162669875
2016-08-25,0.017510795031899437,1289248.5672689872
2016-08-26,0.009226971061222809,1301144.426489901
2016-08-29,0.015991108045769094,1321951.1675970512
2016-08-30,-0.013627867440675245,1303935.7923219928
2016-08-31,0.0037637256277918306,1308843.4488805502
2016-09-01,0.006211381776362502,1316973.1752270383
2016-09-02,-0.01585658283461729,1296090.4809830817
2016-09-06,0.016836681224286946,1317912.3432492267
2016-09-07,0.005326467488954183,1324932.1604988351
2016-09-08,0.017552769309508706,1348188.3890628202
2016-09-09,0.010173296303667404,1361903.9090179203
2016-09-12,-0.005703094473936275,1354136.842360368
2016-09-13,-0.002352627574518182,1350951.06268536
2016-09-14,0.006497132419923479,1359728.3706324631
2016-09-15,0.002275315401215405,1362822.1815356326
2016-09-16,0.012882954690930029,1380379.3579521505
2016-09-20,-0.006629141097494342,1371228.628420217
2016-09-21,-0.029854516551589345,1330291.2606370326
2016-09-23,-0.002050146455214881,1327563.9687246343
2016-09-26,-0.014636876813283291,1308132.5784526584
2016-09-27,-0.02550962845164996,1274762.6024108322
2016-09-28,0.0029239629815979765,1278489.961070607
2016-09-29,-0.0026133953456793967,1275148.7613568471
2016-09-30,0.006021984772819257,1282827.6877808175
2016-10-03,-0.0028906714308220395,1279119.4544330821
2016-10-04,0.010104715464663122,1292044.5925654436
2016-10-05,-0.000774590225499372,1291043.7874531331
2016-10-06,0.003349104559500506,1295367.6280882072
2016-10-07,0.00875354700469675,1306706.6895090397
2016-10-11,0.004751950956504477,1312916.095612123
2016-10-12,-0.0009865209997050725,1311620.8763129506
2016-10-13,0.016715071280723772,1333544.712753807
2016-10-14,-0.008894248575943023,1321683.8345914402
2016-10-17,0.0017253507732615048,1323964.2028174598
2016-10-18,-0.012658831359029293,1307204.3632486018
2016-10-19,0.011777795945854382,1322600.3494984745
2016-10-20,0.015520315357359527,1343127.5240144448
2016-10-21,-0.024556653844143118,1310144.8063386811
2016-10-24,-0.006007536292687057,1302274.0638659261
2016-10-25,0.0025551493093772517,1305601.568540833
2016-10-26,0.01971932342564285,1331347.148135916
2016-10-27,0.007389938911090804,1341185.7222300954
2016-10-28,0.017179498852343822,1364226.6208059273
2016-10-31,-0.013843261854284153,1345341.2744655255
2016-11-01,0.004737846059229923,1351715.2943210716
2016-11-02,0.005775394226449128,1359521.9830276964
2016-11-04,-0.017460884960121787,1335783.5260812931
2016-11-07,0.019720132350876673,1362125.354007737
2016-11-08,-0.017470836502899628,1338327.8846514137
2016-11-09,0.026455595615883672,1373734.1459692123
2016-11-10,-0.005923561574398777,1365596.7471687095
2016-11-11,0.013917473825775517,1384602.404153994
2016-11-14,-0.043984637988092504,1323701.168649838
2016-11-15,-0.008540337141367448,1312396.3143951462
2016-11-16,0.0016673063708452813,1314584.481131211
2016-11-17,-0.0036682894133370637,1309762.20479614
2016-11-18,-0.0022969138037239965,1306753.7939083478
2016-11-21,-0.0006606112977488787,1305890.5375887158
2016-11-22,0.0032423269298731535,1310124.6616462062
2016-11-25,-0.007381653658507079,1300453.775144465
2016-11-28,-0.00619752102792713,1292394.18552716
2016-11-29,-0.005094585184371987,1285809.973257205
2016-11-30,0.012180184242106606,1301471.3756318158
2016-12-01,0.014894380929902952,1320855.9860698408
2016-12-02,0.015103813934034819,1340805.949117096
2016-12-05,-0.011742995866112407,1325060.870399355
2016-12-06,0.0021307342785531367,1327884.2230170842
2016-12-07,-0.026530318353800028,1292655.0318434525
2016-12-08,-0.024528087384638374,1260948.6762642036
2016-12-09,0.014645483880724171,1279415.8797768515
2016-12-12,0.01267682192728285,1295634.8070557206
2016-12-13,0.012107148847740066,1311321.250517057
2016-12-14,0.013459122416667371,1328970.4837553434
2016-12-15,-0.008745930445023259,1317347.4003409303
2016-12-16,-0.005452955719524431,1310163.9632996407
2016-12-19,0.011067123607765515,1324663.7098279179
2016-12-20,-0.009376266194984705,1312243.3102657355
2016-12-21,0.009211257208209466,1324330.7209163455
2016-12-22,-0.008828290607507545,1312639.144451646
2016-12-27,-0.011602736470676157,1297408.9383774798
2016-12-28,-0.004493542406208039,1291578.9762946873
2016-12-29,-0.001554817386439553,1289570.8068463844
2016-12-30,-0.0027298008336983557,1286050.535382742
2017-01-04,0.008450625374517802,1296918.4666699597
2017-01-05,-0.008284998350221685,1286173.4993132271
2017-01-06,0.012565331313009846,1302334.6954581111
2017-01-10,-0.0070707590798013125,1293126.2005852605
2017-01-11,-0.012689203027483264,1276717.4596858763
2017-01-12,0.014626002978802632,1295390.733054331
2017-01-13,-0.000635359962481451,1294567.6936467788
2017-01-17,-0.01671979899776847,1272922.78202
2017-01-18,-0.030975240049860943,1233493.6932819937
2017-01-19,0.0002743499459071176,1233832.1022100223
2017-01-20,0.002063558384243871,1236378.186789287
2017-01-23,0.010205901520354775,1248996.5408055733
2017-01-24,0.011985131461196744,1263965.928541708
2017-01-25,0.006756739184073325,1272506.2166584195
2017-01-26,-0.013666467592568702,1255115.5516871149
2017-01-27,-0.001403687990630233,1253353.7610603583
2017-01-30,0.003986228563316037,1258349.9156226367
2017-01-31,0.006932991491682816,1267074.0448812083
2017-02-01,-0.00037860671102820254,1266594.3221444467
2017-02-02,0.008532752097421801,1277401.8575033073
2017-02-03,0.012940515404905109,1293932.0959185832
2017-02-06,-0.016128624377649194,1273062.7511733281
2017-02-07,-0.005301736649772912,1266313.3077279718
2017-02-08,0.009750584311091116,1278660.6023992302
2017-02-09,0.004661727321293824,1284621.3694640968
2017-02-10,0.012056691602108968,1300109.6531412043
2017-02-13,-0.002526557064048496,1296824.8519130228
2017-02-14,0.010818896990993313,1310855.06640123
2017-02-15,-0.019002774760577067,1285945.182830646
2017-02-16,0.005647205497995258,1293207.1795372476
2017-02-17,0.012393736566733048,1309234.84864664
2017-02-21,0.004028083206772033,1314508.5555541944
2017-02-22,-0.015531588798067732,1294092.1491977847
2017-02-23,0.023476831667666332,1324473.3327469497
2017-02-24,-0.003146661690590086,1320305.6632505867
2017-02-27,0.025076123147286602,1353413.8106543184
2017-02-28,0.021210781986191553,1382120.775929208
2017-03-01,0.0047647395303852536,1388706.2214260444
2017-03-02,-0.003247259225684782,1384196.7323367528
2017-03-03,-0.004521491618737654,1377938.0984128083
2017-03-06,0.012053679722234908,1394547.3229281416
2017-03-07,-0.006338880979115146,1385707.4534283564
2017-03-08,-0.001072901189771665,1384220.7262528976
2017-03-09,-0.01114833046171928,1368788.9761646693
2017-03-10,-0.0023505311787403345,1365571.5949990782
2017-03-13,0.014481960089772889,1385347.7483375825
2017-03-14,-0.013034345967815044,1367290.6465000168
2017-03-15,-0.005963179620104259,1359137.2467820486
2017-03-16,0.01787134188928088,1383426.8531937464
2017-03-17,-0.007835071212679647,1372587.60528144
2017-03-21,0.0008981606319878634,1373820.4094324582
2017-03-22,0.005763581621015986,1381738.5354948398
2017-03-23,0.006600994142622663,1390859.383474277
2017-03-24,-0.009444798915493038,1377722.996277636
2017-03-27,-0.0001785975122192326,1377476.9383779734
2017-03-28,-0.00124395753628011,1375763.415559426
2017-03-29,0.01857767122281204,1401321.895974062
2017-03-30,0.039887141092239016,1457216.6201544232
2017-03-31,0.003670397506374259,1462565.1844032852
2017-04-03,-0.01669915222655465,1438141.5857476757
2017-04-04,0.005690734127424922,1446325.667149759
2017-04-05,-0.01858276571658207,1419448.9361272356
2017-04-06,0.00028525029049122674,1419853.8343486036
2017-04-07,0.02330354941206685,1452941.4683352588
2017-04-10,-0.011076974331095417,1436847.272985925
2017-04-11,-0.0065435251732265136,1427445.2266850597
2017-04-12,0.0030620368639529705,1431816.116590443
2017-04-13,0.02008036555407041,1460567.5076177886
2017-04-17,0.02710089200389548,1500150.1899061373
2017-04-18,0.0012300820301478625,1501995.4976972637
2017-04-19,0.007566131962182855,1513359.7938394458
2017-04-20,0.013661835133900903,1534035.0658411544
2017-04-21,-0.0012250934856049321,1532155.7294753029
2017-04-24,0.014691337355792774,1554665.1461786355
2017-04-25,-0.008490956793211567,1541464.551594521
2017-04-26,0.006457267673000101,1551418.2008126078
2017-04-27,0.003802582859725132,1557317.5970712835
2017-04-28,0.0028062174787116395,1561687.7689320901
2017-05-01,0.008023057929734838,1574217.2803703907
2017-05-02,0.009233076654599428,1588752.1491910454
2017-05-08,-0.008121284187091708,1575849.4414846122
2017-05-09,-5.359752754881535e-05,1575764.9798507593
2017-05-10,0.00530083314380824,1584117.8470828044
2017-05-11,0.01956877811262015,1615117.0977366094
2017-05-12,-0.0003307837426746283,1614582.8432581623
2017-05-15,0.0020292714888555416,1617859.2701883812
2017-05-16,0.006699888438432239,1628698.7468077266
2017-05-17,-0.015467929169199372,1603506.149954141
2017-05-18,-0.012498523685301256,1583464.690359413
2017-05-19,0.0007354698048492297,1584629.280826217
2017-05-22,-0.02015921000308087,1552684.4063770103
2017-05-23,0.006870583090024126,1563352.2536036083
2017-05-24,-0.014236312695884138,1541095.8820674922
2017-05-25,-0.004937654540457968,1533486.4829881208
2017-05-26,0.0064576305146547275,1543389.1720944752
2017-05-30,-0.004256895592703677,1536819.1255299596
2017-05-31,-0.004164304257521684,1530419.3431024745
2017-06-01,0.014195251703832134,1552144.0308902275
2017-06-02,-0.0420902617140144,1486813.8824122127
2017-06-05,0.01991476442076442,1516423.4306179741
2017-06-06,0.015285405823822602,1539602.5781557232
2017-06-07,0.00832399316599605,1552418.2194946413
2017-06-08,-0.008196614904064403,1539693.6451793904
2017-06-09,0.0024028765909969094,1543393.3389966986
2017-06-12,-0.009296665888212374,1529044.9267899538
2017-06-13,0.018609671915639246,1557499.9512217874
2017-06-14,-0.012726703357481536,1537678.1113632957
2017-06-15,0.01810210311966041,1565513.3191000388
2017-06-16,-0.0048581262542418905,1557907.8577431536
2017-06-19,-0.008377751824166595,1544856.0923460624
2017-06-20,0.003524517828783153,1550300.9651864402
2017-06-21,0.006814528035314306,1560865.534576878
2017-06-22,-0.006178608000483221,1551221.5582972628
2017-06-23,0.0032541479518831207,1556269.4627541127
2017-06-26,-0.009461035886778255,1541545.541517499
2017-06-27,0.014822374540801472,1564394.9069055738
2017-06-28,-0.0018665678521820994,1561474.8576642266
2017-06-29,0.00035419861928553655,1562027.9299028602
2017-06-30,-0.011235146986283055,1544478.316513722
2017-07-03,0.010506754066236038,1560705.7703459659
2017-07-05,0.01579409272034856,1585355.7019919932
2017-07-06,0.00832286167915425,1598550.3982119309
2017-07-07,0.0014505673001023562,1600869.203147143
2017-07-10,-0.013677082050305453,1578973.9837038922
2017-07-11,-0.006729057566939155,1568348.9768708495
2017-07-12,-0.01784416317241885,1540363.1018162698
2017-07-13,0.001071431486618033,1542013.4953443804
2017-07-14,-0.006939099530689034,1531313.31022252
2017-07-17,-6.315124501373032e-17,1531313.3102225198
2017-07-18,-0.00405845747848579,1525098.5402667425
2017-07-19,0.02289323866158548,1560012.9851315045
2017-07-20,0.004698170513251114,1567342.1921385382
2017-07-21,0.0012869345375447158,1569359.2589377526
2017-07-24,-0.0005631142793381875,1568475.530329633
2017-07-25,0.0004307074507440674,1569151.084426856
2017-07-26,-0.005973577880414768,1559777.6382178948
2017-07-27,0.006390582652550803,1569745.5261345268
2017-07-28,0.02349080909060431,1606620.1186097832
2017-07-31,-0.0025805081238769313,1602474.2223417265
2017-08-01,-0.0032965871350453856,1597191.5264361128
2017-08-02,-0.015356932331327582,1572663.5642444636
2017-08-03,0.008329621363004965,1585763.2562660137
2017-08-04,-0.006350469759095852,1575692.9146620112
2017-08-07,-0.006591443164281035,1565306.8243706562
2017-08-08,0.012447852806238478,1584791.5333170225
2017-08-09,-0.005961175362635924,1575344.313073699
2017-08-10,0.006732395704986556,1585950.154360911
2017-08-11,6.296402280239984e-17,1585950.154360911
2017-08-14,-0.0025865036739464394,1581848.0884599607
2017-08-15,-0.014653797848356624,1558668.006344859
2017-08-16,0.010360571368627872,1574816.6974645918
2017-08-17,-0.01681284902652904,1548339.5420856627
2017-08-18,-0.0029323752695433083,1543799.2295035948
2017-08-21,-0.003535925151179553,1538340.4709796214
2017-08-22,0.006268161979940212,1547983.0382320194
2017-08-23,-0.008389254781493993,1534996.61412686
2017-08-24,0.009926290780960833,1550233.4368664734
2017-08-25,0.010359220551906181,1566292.6469459126
2017-08-28,-0.004010958072511099,1560010.3128097302
2017-08-29,0.017762293893705067,1587719.6744630672
2017-08-30,-0.0030766523478188146,1582834.8129989523
2017-08-31,-0.006816321695789719,1572045.7017222564
2017-09-01,0.005430656921618954,1580582.9425934157
2017-09-05,-0.013981517569324108,1558483.994411772
2017-09-06,0.02130070721145878,1591680.8056704819
2017-09-07,-0.016464708437744814,1565474.2452791627
2017-09-08,-0.00250675209020046,1561549.9894426542
2017-09-11,6.621020397240736e-05,1561653.3799859681
2017-09-12,-0.003758682016380796,1555783.6215107946
2017-09-13,-0.0004110752243982046,1555144.077409467
2017-09-14,-0.006896902025131031,1544418.401072611
2017-09-15,0.017789066454858907,1571892.1626433989
2017-09-18,-6.259807378585936e-17,1571892.1626433986
2017-09-19,0.027529476053374455,1615165.5302933769
2017-09-20,0.018826423558373374,1645573.3206835645
2017-09-21,0.007179634075415127,1657387.9349703381
2017-09-22,0.0016420571706721862,1660109.4607135416
2017-09-25,2.3732277641544567e-05,1660148.8588921786
2017-09-26,-0.00016488883562627328,1659875.1188798696
2017-09-27,-0.004588982048709554,1652257.9817562304
2017-09-28,0.004584801745800591,1659833.2570354992
2017-09-29,-0.0023725402111431045,1655895.2358893899
2017-10-02,-0.01623778466338617,1629007.165623891
2017-10-03,-0.0016443320674010354,1626328.5369034295
2017-10-04,0.005090594415554597,1634607.5158712473
2017-10-05,-0.004326598484464803,1627535.225470384
2017-10-06,0.024056974799174683,1666688.7993742942
2017-10-09,0.0,1666688.7993742942
2017-10-10,0.004089897526318027,1673505.385771997
2017-10-11,-0.003543014753736418,1667576.1314997496
2017-10-12,0.025946547354085293,1710843.97456225
2017-10-13,0.002555333847348217,1715215.752077981
2017-10-16,0.012459916125176025,1736587.196485453
2017-10-17,-0.0008390320981426524,1735130.1440863782
2017-10-18,0.01676341867442312,1764216.8571463104
2017-10-19,0.0031115630857655235,1769706.329194292
2017-10-20,-0.0030869820326582956,1764243.2775529874
2017-10-23,0.007827455161831493,1778052.8127025962
2017-10-24,-0.017198408306366344,1747473.134439454
2017-10-25,0.004487683154511336,1755315.240187839
2017-10-26,-0.006004735298097242,1744775.036805795
2017-10-27,0.009429796393480933,1761227.9101553017
2017-10-30,0.00208234069276154,1764895.3867018453
2017-10-31,-0.01494220546485361,1738523.957209774
2017-11-01,-0.010925918478939445,1719528.986179617
2017-11-02,0.024176368932987493,1761100.9533404612
2017-11-03,0.0,1761100.9533404612
2017-11-06,-0.0022325064021921324,1757169.2841872221
2017-11-07,0.009685371513496613,1774188.12151668
2017-11-08,-0.0011436147372349845,1772159.1338342864
2017-11-09,0.005092572762264566,1781183.9831696493
2017-11-10,0.0016644510412854071,1784148.6767051567
2017-11-13,0.007472104571397572,1797480.022188418
2017-11-14,0.002905081543086599,1802701.8482249447
2017-11-15,0.01658520326925898,1832600.0248116243
2017-11-16,-0.0023861363400310997,1828227.1912956792
2017-11-17,0.011740102547783477,1849690.7660021365
2017-11-20,-0.008828451220045839,1833360.8613023174
2017-11-21,0.010701396565240356,1852980.382926304
2017-11-22,-0.035334190325196635,1787506.82140713
2017-11-24,0.012267691472714353,1809435.403597525
2017-11-27,-0.008437698570635317,1794167.9330789333
2017-11-28,0.012742434871451576,1817030.0011146385
2017-11-29,-0.012885103454957712,1793617.3815695145
2017-11-30,-0.002198721044019859,1789673.7172877379
2017-12-01,-0.028434282821823118,1738785.6286515947
2017-12-04,0.0025490159788783165,1743217.8210028717
2017-12-05,0.013637082908491102,1766990.226955447
2017-12-06,0.01367904058233623,1791160.957978562
2017-12-07,0.008168167032099972,1805791.459864707
2017-12-08,-0.0072481278443868894,1792702.8525033055
2017-12-11,0.0034342546392501514,1798859.4505913118
2017-12-12,-0.014240541416960044,1773242.7180818762
2017-12-13,0.001552190622053806,1775995.1287995079
2017-12-14,-0.014380058247632945,1750456.2153998585
2017-12-15,0.003484631736824567,1756555.910681963
2017-12-18,0.010092833495393645,1774284.5370138255
2017-12-19,0.0032067638656457795,1779974.2485544956
2017-12-20,-0.02574947103219285,1734140.8532032925
2017-12-21,-0.004859360270429753,1725714.038037907
2017-12-22,-0.00827807648295566,1711428.445243319
2017-12-26,-0.0027553108906773365,1706712.927809525
2017-12-27,0.01447530930141219,1731418.1253282868
2017-12-28,0.01225343399852283,1752633.943050843
2017-12-29,0.00040012671901247423,1753335.218720106
2018-01-02,0.0,1753335.218720106
2018-01-03,0.0,1753335.218720106
2018-01-04,0.015841878971196457,1781111.343051006
2018-01-05,-0.004541753500395034,1773021.974374111
2018-01-08,0.0,1773021.974374111
2018-01-09,0.004411822626720742,1780844.2328383278
2018-01-10,-0.006201381548270813,1769800.5382724598
2018-01-11,0.02584784552748624,1815546.0692001882
2018-01-12,0.010745448949485033,1835054.9268022168
2018-01-16,-0.012105439554934639,1812840.7803058277
2018-01-17,0.0050279028248379045,1821955.5675861088
2018-01-18,0.005715217019897449,1832368.439055474
2018-01-19,-0.010073458011220747,1813910.1525235625
2018-01-22,-0.012076983718043551,1792003.5891455417
2018-01-23,-0.010579881625319447,1773044.4033002343
2018-01-24,-0.015268003137503464,1745973.5557877135
2018-01-25,0.011232302684477205,1765584.859245414
2018-01-26,0.02547312588374553,1810559.8246234073
2018-01-29,-0.023754581203355964,1767550.7342458568
2018-01-30,-0.002995711442543845,1762255.6622859996
2018-01-31,0.005977926985232947,1772790.2979644586
2018-02-01,0.00389024329859894,1779686.883540936
2018-02-02,-0.012852861443865396,1756812.8146133197
2018-02-05,-0.01394377344500185,1732316.2147410754
2018-02-06,0.021722685437484707,1769946.7749521502
2018-02-07,0.0013968710040312912,1772419.1622807595
2018-02-08,-0.021479961433036723,1734347.6670317934
2018-02-09,0.002707232230559923,1739042.9489349783
2018-02-12,4.4492415534745604e-17,1739042.9489349783
2018-02-13,-0.001136245558955681,1737066.9691074179
2018-02-14,0.006837763392132493,1748944.6220384634
2018-02-15,-0.00029864108586394604,1748422.315317422
2018-02-16,-0.004211981951027332,1741057.9920825316
2018-02-20,-0.0011721437061498446,1739017.2219150702
2018-02-21,-0.010959244176044694,1719958.9075537561
2018-02-22,0.0017155067555431613,1722909.5086789213
2018-02-23,0.012019674187704521,1743618.31962814
2018-02-26,0.011522683615780448,1763709.4818718939
2018-02-27,-0.01070494702293811,1744829.0653046016
2018-02-28,-0.004926218725465015,1736233.6556903624
2018-03-01,0.006650969985801827,1747781.293622698
2018-03-02,0.013160606019516645,1770783.1546363474
2018-03-05,0.02008816212510781,1806354.9337350924
2018-03-06,0.016363624201293083,1835913.447044885
2018-03-07,-0.001131701292859678,1833835.7414232858
2018-03-08,-0.011094789630203068,1813489.719655847
2018-03-09,0.0017058277713188168,1816583.2207826371
2018-03-12,0.006027784428648079,1827533.192834214
2018-03-13,0.029938450293772744,1882246.704488101
2018-03-14,0.01288877798858473,1906506.5643819931
2018-03-15,0.0127980775401414,1930906.1832237428
2018-03-16,-0.00012708244769944855,1930660.7989397007
2018-03-19,0.004712011999263802,1939758.095790813
2018-03-20,0.027524177257908424,1993148.3414568224
2018-03-21,0.0,1993148.3414568224
2018-03-22,-0.010132213495004719,1972953.3369339672
2018-03-23,0.013092554898342008,1998784.3368096424
2018-03-26,-0.018743202936848707,1961320.7163578246
2018-03-27,-0.00955677844484736,1942576.8088123035
2018-03-28,0.008736368143195236,1959547.8749605212
2018-03-29,0.024890396374169208,2008321.7982824494
2018-04-02,-0.01421701113919217,1979769.4649051854
2018-04-03,-0.01347884151446724,1953084.4660525469
2018-04-04,-0.0032769226043549097,1946684.359417525
2018-04-05,-0.0038615331085502603,1939167.1733117371
2018-04-06,0.004220216755624258,1947350.8791085037
2018-04-09,0.01247703913425779,1971648.0522352715
2018-04-10,-0.03741891841080694,1897871.1146338535
2018-04-11,0.010252104501649465,1917328.2876317417
2018-04-12,-0.009914927095051306,1898318.1174425934
2018-04-13,0.00447386698104152,1906810.940187733
2018-04-16,0.011173990833857398,1928117.62815529
2018-04-17,0.00025125119460161,1928602.0700126963
2018-04-18,-0.0006705041796363346,1927308.9342638976
2018-04-19,0.007817954855932382,1942376.5485054078
2018-04-20,0.010343727839226088,1962467.9628844429
2018-04-23,0.010311379904783986,1982703.715600712
2018-04-24,0.003167159123186032,1988983.2537621518
2018-04-25,-0.003943659773488233,1981139.3805141484
2018-04-26,0.010115092165123265,2001178.7879400041
2018-04-27,-0.028234541523803225,1944676.4223553578
2018-04-30,0.0,1944676.4223553578
2018-05-01,-0.010411959895405923,1924428.5294362523
2018-05-02,-0.010656071840942622,1903921.68077382
2018-05-03,0.0,1903921.68077382
2018-05-04,0.0,1903921.68077382
2018-05-07,0.029981752817656988,1961004.5899909586
2018-05-08,0.00996965145466983,1980555.1222541763
2018-05-09,0.03274386698603291,2045406.1557357733
2018-05-10,-0.013987688167210756,2016795.652254048
2018-05-11,0.01889129927330521,2054895.54249388
2018-05-14,0.005447645864904727,2066089.8856987578
2018-05-15,-0.011623398714793495,2042074.899176679
2018-05-16,-0.006913390676046984,2027957.2376089215
2018-05-17,0.013511680094935419,2055358.347049702
2018-05-18,0.007675057823058291,2071133.3412104137
2018-05-21,-0.0004457084135528618,2070210.2196546465
2018-05-22,0.02288422962033332,2117585.385683584
2018-05-23,-0.009299454921391675,2097892.9958472215
2018-05-24,0.013878804729460757,2127009.243079888
2018-05-25,0.001150934382199482,2129457.291149005
2018-05-29,0.006570901198310203,2143449.744615166
2018-05-30,0.0013952505996801168,2146440.3941567247
2018-05-31,0.026449341077664203,2203212.328244652
2018-06-01,-9.123533275800793e-05,2203011.317434748
2018-06-04,0.01893590091856592,2244727.321464172
2018-06-05,0.007894104646027023,2262447.433841606
2018-06-06,0.0068176039150792825,2277871.904324226
2018-06-07,-0.004642007753516683,2267298.005282835
2018-06-08,0.006840818502717603,2282808.1794285486
2018-06-11,-0.037887061060475555,2196319.286545186
2018-06-12,-0.0012470121841610879,2193580.4496345557
2018-06-13,-0.0023823332443613505,2188354.61000521
2018-06-14,0.0006530411532961855,2189783.6956235487
2018-06-15,-0.001972518492229621,2185464.3067899486
2018-06-18,0.004332253429257219,2194932.2920275587
2018-06-19,-0.0011651341437950167,2192374.901470799
2018-06-20,0.02034224828777378,2236972.7360564014
2018-06-21,-0.0040175008744678,2227985.696133134
2018-06-22,-0.0072827775123684305,2211759.772007457
2018-06-25,0.0007588531489177112,2213438.1728750947
2018-06-26,0.004672557558715827,2223780.5901405127
2018-06-27,-0.026207322556198457,2165501.254920487
2018-06-28,0.005592434152679236,2177611.678096174
2018-06-29,0.011581011846781508,2202830.624737895
2018-07-02,-0.002511149389842742,2197298.9879586576
2018-07-03,0.009697894332539177,2218608.161360876
2018-07-05,-0.01120320323824327,2193752.643223125
2018-07-06,0.0034083604354584185,2201229.742937469
2018-07-09,0.005867852844576364,2214146.2351461304
2018-07-10,0.012298229825509927,2241376.314413245
2018-07-11,-0.014549207468091515,2208766.06540078
2018-07-12,-0.010178714406318217,2186283.6664306982
2018-07-13,0.007892595759316712,2203539.119625033
2018-07-16,0.0,2203539.119625033
2018-07-17,-0.017620130182700918,2164712.4734745654
2018-07-18,-0.013710413780416925,2135033.369747599
2018-07-19,0.016333601214487434,2169906.15338868
2018-07-20,-0.0014615656268894208,2166734.6931413114
2018-07-23,-0.0039921977394722155,2158084.6597973164
2018-07-24,0.00915656518685686,2177845.3026635065
2018-07-25,0.02186144992358839,2225456.1586890067
2018-07-26,0.013905346879092697,2256401.8985397904
2018-07-27,0.0024823178523573947,2262003.005254629
2018-07-30,0.015064967416446955,2296080.006824695
2018-07-31,-0.003105141746168457,2288950.352942961
2018-08-01,-0.009627673079361744,2266913.087249936
2018-08-02,-0.0058471877909231605,2253658.0207230845
2018-08-03,-0.008243875425521248,2235079.1447485164
2018-08-06,0.00884836360070836,2254855.9376976117
2018-08-07,-0.011119962673045321,2229782.02383732
2018-08-08,-0.013764429978978613,2199090.345301826
2018-08-09,0.0027287754738814277,2205091.169100935
2018-08-10,0.021710298803883008,2252964.3572719204
2018-08-13,0.016389608490349334,2289889.561030319
2018-08-14,-0.011824242006572382,2262813.3526923726
2018-08-15,-0.008282430236317567,2244071.75896089
2018-08-16,-0.005190739935195961,2232423.3660642067
2018-08-17,-0.009800110211197031,2210545.371038726
2018-08-20,-0.0029448517483713944,2204035.642637968
2018-08-21,-0.00501591916388322,2192980.3780201785
2018-08-22,0.0075881747949158255,2209621.0964504164
2018-08-23,-0.0050986385179699134,2198355.0372179355
2018-08-24,-0.007233557112830661,2182453.1105019404
2018-08-27,0.0064320512718113445,2196490.7608070127
2018-08-28,0.008601506826815684,2215383.891081132
2018-08-29,0.021597273627060168,2263230.1431657923
2018-08-30,0.02774653060645163,2326026.927602586
2018-08-31,-0.0010021654511723585,2323695.863777246
2018-09-04,0.011968321434806152,2351506.6027916614
2018-09-05,0.002200369330382328,2356680.7858006353
2018-09-06,0.0027146661885783002,2363078.3874471206
2018-09-07,0.015272009406583574,2399167.342808707
2018-09-10,0.0014484104658762412,2402642.32189742
2018-09-11,-0.012875390874361575,2371707.362871707
2018-09-12,-0.017682622424266665,2329769.3570731934
2018-09-13,-0.01132359185827217,2303387.9997497876
2018-09-14,0.002655076879651351,2309503.67197279
2018-09-17,0.0,2309503.67197279
2018-09-18,0.004613769868737131,2320159.1904262756
2018-09-19,-0.008652932208335408,2300083.0102389706
2018-09-20,-0.005627595217924479,2287139.0740897204
2018-09-21,-0.04911374768047306,2174809.102694727
2018-09-24,0.0,2174809.102694727
2018-09-25,0.009746111289331512,2196005.034242641
2018-09-26,-0.0022181333424864604,2191134.0022559194
2018-09-27,-0.0011260322928661852,2188666.714611382
2018-09-28,-0.0028642918042869185,2182397.734478405
2018-10-01,-0.01230340567219406,2155546.8098130403
2018-10-02,-0.0016190297791827573,2152056.915337531
2018-10-03,0.008303174586597597,2169925.819625873
2018-10-04,-0.00021807713783146928,2169452.6084138225
2018-10-05,0.00026768463675907973,2170033.337547272
2018-10-08,0.0,2170033.337547272
2018-10-09,0.009367152690311725,2190360.371163144
2018-10-10,0.012480355421289143,2217696.8470959663
2018-10-11,-0.004628509254066766,2207432.216716468
2018-10-12,-0.02978741308613645,2141678.521417489
2018-10-15,-0.004149370762753259,2132791.9031775026
2018-10-16,0.0018165248782784661,2136666.1727298154
2018-10-17,0.010058411310025373,2158157.6399273495
2018-10-18,0.010016156410650979,2179774.084407703
2018-10-19,-0.0028995495021263223,2173453.7215465107
2018-10-22,-0.01701852326125512,2136464.74882911
2018-10-23,-0.0040667125217931695,2127776.360882677
2018-10-24,0.0033656489220085318,2134937.7090979572
2018-10-25,0.01070006703740245,2157781.685705984
2018-10-26,-0.009691816121314749,2136868.862378181
2018-10-29,-0.015534337743418244,2103674.0197566045
2018-10-30,-0.017937834734684476,2065938.6628545611
2018-10-31,-0.02088044536542429,2022800.9434765086
2018-11-01,-0.009822544206743592,2002931.891787768
2018-11-02,0.02547111592370373,2053948.8021907776
2018-11-05,-0.006599827951146476,2040393.0934758552
2018-11-06,0.009808016528850372,2060405.3026620185
2018-11-07,-0.012273105390691352,2035117.731234908
2018-11-08,0.020101382848718187,2076026.4118926758
2018-11-09,0.012061565706205655,2101066.5408675377
2018-11-12,0.01218405364392841,2126666.048310931
2018-11-13,0.0011060239183615917,2129018.19182673
2018-11-14,0.008358650945118394,2146813.9117480167
2018-11-15,-0.014407487773911475,2115883.7165616443
2018-11-16,-0.0085084403158691,2097880.8462439603
2018-11-19,-0.007406504354615018,2082342.882620791
2018-11-20,0.007595892712762207,2098160.1357483626
2018-11-21,-0.008889228683803508,2079509.1104864553
2018-11-23,2.96941136694777e-17,2079509.1104864553
2018-11-26,-0.007340996011972334,2064243.442399514
2018-11-27,0.005200414303382845,2074978.3635230325
2018-11-28,0.005064319198289523,2085486.7162854576
2018-11-29,-0.005214809642532108,2074611.3000479997
2018-11-30,0.001464942530521558,2077650.4863757405
2018-12-03,-0.019491481325228297,2037154.0007201964
2018-12-04,-0.008332578232009365,2020179.2556385444
2018-12-06,0.0063029511704854576,2032912.346842462
2018-12-07,0.021010616371225928,2075625.0882782978
2018-12-10,-0.0016832991164438117,2072131.1904011304
2018-12-11,0.02168493420205294,2117065.218923
2018-12-12,-0.007279457443706623,2101654.132756299
2018-12-13,0.014801166269974086,2132761.065017203
2018-12-14,0.0055387761395778775,2144573.951115541
2018-12-17,-0.005336161786469372,2133130.1575493407
2018-12-18,0.004461432402172849,2142646.9735522834
2018-12-19,0.0009663385961092422,2144717.4960206635
2018-12-20,0.017472342704141174,2182190.7351147044
2018-12-21,-0.0012549613641862558,2179452.17005285
2018-12-24,0.0,2179452.17005285
2018-12-26,0.008244926316533957,2197421.5926053463
2018-12-27,-0.014271499561162533,2166061.09131079
2018-12-28,0.013704756917647696,2195746.432035979
2018-12-31,0.0,2195746.432035979
2019-01-04,-0.0237106634596876,2143683.827343164
2019-01-07,-0.00019129734451838444,2143273.7463195063
2019-01-08,0.001766208133171368,2147059.2138418686
2019-01-09,0.006193270599801369,2160356.532546988
2019-01-10,-0.011729888913218559,2135015.790407266
2019-01-11,0.00247235794556371,2140294.3136605835
2019-01-15,-0.02871169081893248,2078842.8450652417
2019-01-16,0.02246445290254928,2125542.912250011
2019-01-17,0.012271391193344137,2151626.280824471
2019-01-18,-0.004486460209079643,2141973.095130742
2019-01-22,-0.00439820022927816,2132552.2685726304
2019-01-23,-4.932997576705173e-06,2132541.7486974574
2019-01-24,-0.008131471054250534,2115201.047195943
2019-01-25,0.007428415348407706,2130913.639119901
2019-01-28,-0.0014248795603109083,2127877.3438307317
2019-01-29,-0.017697571429501867,2090219.0825450686
2019-01-30,-0.013672155094336613,2061641.2830673705
2019-01-31,-0.025326807407124792,2009426.4913485455
2019-02-01,0.024728989768345054,2059117.5784933453
2019-02-04,0.005858497605607882,2071180.9138966138
2019-02-05,-0.0016662376885310688,2067729.834198113
2019-02-06,0.005176877932986744,2078434.2191481518
2019-02-07,0.011226194059078501,2101767.1250313385
2019-02-08,0.007547950479087845,2117631.15920965
2019-02-12,-0.01030413848485446,2095810.794485311
2019-02-13,0.005644209215512014,2107639.9890855146
2019-02-14,0.0008955249618715976,2109527.4333063792
2019-02-15,-0.004675609102098479,2099664.1076380853
2019-02-19,-0.009549223796470777,2079613.945176832
2019-02-20,0.00030762460454756847,2080253.6855943284
2019-02-21,-0.020940899861796362,2036691.3014771647
2019-02-22,0.0026092841118428678,2042005.6077308375
2019-02-25,0.01449138263909277,2071597.092343638
2019-02-26,-0.004336905438065566,2062612.771648372
2019-02-27,-0.0020803255362042547,2058321.8656282108
2019-02-28,-0.007399154117582542,2043092.0249208377
2019-03-01,0.004384527411628618,2052050.0179085827
2019-03-04,0.002964577686008443,2058133.479602248
2019-03-05,0.0027416552436826556,2063776.1720487985
2019-03-06,0.003429416644403875,2070853.7204035465
2019-03-07,0.00485824881943893,2080914.4430459277
2019-03-08,0.019670043981936246,2121846.1216632873
2019-03-11,-0.01780828930277427,2084059.672072738
2019-03-12,-0.005401648878742621,2072802.3134818536
2019-03-13,0.004996979230418511,2083160.0635910858
2019-03-14,0.01215237344231057,2108475.4026239524
2019-03-15,0.002117729939932352,2112940.5841117003
2019-03-18,-7.086571537994936e-05,2112790.849065652
2019-03-19,0.0006092517893603774,2114078.0706709893
2019-03-20,-0.008877864400381283,2095309.5722277525
2019-03-22,-0.01614402804915355,2061482.8357220476
2019-03-25,0.005560956676530453,2072946.652460909
2019-03-26,0.017422761280638268,2109063.1071342337
2019-03-27,-0.004401241253866917,2099780.611580106
2019-03-28,-0.00705524026812435,2084966.1548550592
2019-03-29,-0.004015524576695204,2076593.9220186612
2019-04-01,-0.0290416442981982,2016286.2199835947
2019-04-02,0.010393861253518986,2037243.2192014866
2019-04-03,0.007815673264224433,2053165.6465625223
2019-04-04,0.015589246805692212,2085172.952559754
2019-04-05,0.006012927352976113,2097710.9460418867
2019-04-08,0.004742850761895839,2107660.0760005587
2019-04-09,-0.011030720994933747,2084411.0657500357
2019-04-10,-0.0018826084789493388,2080486.9358040388
2019-04-11,-0.008059690781582567,2063718.854426336
2019-04-12,-0.004528868329059817,2054372.5434664409
2019-04-15,0.006413100098093922,2067547.4402264666
2019-04-16,-0.002965843070339379,2061415.418978273
2019-04-17,0.004515588727481311,2070723.9232068672
2019-04-18,0.0015320538720019173,2073896.3838112631
2019-04-22,0.01409794411666492,2103134.059133988
2019-04-23,-0.001080908656530202,2100860.7633236265
2019-04-24,0.006174493373989074,2113832.514186442
2019-04-25,0.0013387910745979593,2116662.4942896296
2019-04-26,0.020947702019496372,2161001.7094958527
2019-05-07,0.040920679654289915,2249431.3681825055
2019-05-08,0.018179035185835767,2290323.860172818
2019-05-09,0.05135005954606747,2407932.1267724712
2019-05-10,-0.003692170531878059,2399041.6307312394
2019-05-13,-0.0013133375671855651,2395890.879232358
2019-05-14,0.02293779359515508,2450847.3296967046
2019-05-15,-0.006970039061817262,2433764.828074168
2019-05-16,0.006500423531957727,2449585.3302338324
2019-05-17,-0.004860465507966261,2437679.205227411
2019-05-20,0.001901641839630144,2442314.7979956674
2019-05-21,0.005104178944223327,2454780.8097627624
2019-05-22,0.006945851225385963,2471831.352058307
2019-05-23,0.015869870094520584,2511058.9945110353
2019-05-24,-0.0010709513295299059,2508369.7725423356
2019-05-28,0.0061313491852546375,2523749.4635035302
2019-05-29,0.01198575640539167,2553998.509801321
2019-05-30,0.02579565484156181,2619880.5738260197
2019-05-31,0.0003517112829325712,2620802.01538377
2019-06-03,-0.02003398739631929,2568296.9008393236
2019-06-04,0.02660777000164695,2636633.554072799
2019-06-05,0.0005858916854524399,2638178.335749715
2019-06-06,-0.004689039814927678,2625807.812494505
2019-06-07,-0.004164975477634277,2614871.387346485
2019-06-10,0.0016561326640541056,2619201.9612633702
2019-06-11,0.008301363040276389,2640944.9076196216
2019-06-12,-0.011051507589915877,2611758.4849285134
2019-06-13,0.005449760391678807,2625991.9428723077
2019-06-14,-0.017537896387488806,2579937.568263833
2019-06-17,-0.0010714667370260208,2577173.250975834
2019-06-18,0.023788696258875298,2638480.8426497965
2019-06-19,0.01116752648489032,2667946.147339964
2019-06-20,0.020376739196539026,2722310.190174721
2019-06-21,-0.0096048536679135,2696162.799159423
2019-06-24,-0.023461427155004138,2632906.972048912
2019-06-25,0.0023517752652627366,2639098.977541514
2019-06-26,-0.0038581700669592595,2628916.884862621
2019-06-27,0.0015062295322139482,2632876.6371123367
2019-06-28,0.003367519065163885,2641742.899384037
2019-07-01,0.0003373329889517771,2642634.0464123283
2019-07-02,-0.0080868523884899,2621263.454962194
2019-07-03,-0.006652169680281202,2603826.3656830653
2019-07-05,-0.015141275558505668,2564401.113173756
2019-07-08,0.013370510450816338,2598688.465057531
2019-07-09,-0.0004222779004609399,2597591.0963485544
2019-07-10,0.0010990559767358303,2600445.994368112
2019-07-11,-0.006017373413234546,2584798.1397790494
2019-07-12,0.0025726230107754786,2591447.8509516544
2019-07-16,0.009222802369946022,2615348.262333003
2019-07-17,0.010290209894738514,2642260.7449002494
2019-07-18,0.007649537195396129,2662472.816748299
2019-07-19,0.013955612519073332,2699629.255721404
2019-07-22,0.0025922402040565442,2706627.3432141324
2019-07-23,7.539971131085408e-05,2706831.4221344367
2019-07-24,0.012739800269497207,2741315.9138156283
2019-07-25,-0.0027180622247921274,2733864.8465840644
2019-07-26,0.022089707770909496,2794255.1221302687
2019-07-29,0.0004970015541289962,2795643.8712686
2019-07-30,0.007442063527564175,2816449.230559027
2019-07-31,-0.02987539441982227,2732306.698932671
2019-08-01,0.02328827330606414,2795937.404093405
2019-08-02,0.024255616672659956,2863754.5900078467
2019-08-05,0.0009072223991797665,2866352.6523176557
2019-08-06,0.014441178860347383,2907746.163646606
2019-08-07,-0.0036374696378295387,2897169.325261826
2019-08-08,-0.004484577108006302,2884176.746027739
2019-08-09,-0.0009488642251873524,2881440.053894316
2019-08-13,0.015564959912321307,2926289.5528229377
2019-08-14,0.017535703367651055,2977604.098389097
2019-08-15,0.005059764541046961,2992670.0740234028
2019-08-16,-0.005339554927583239,2976690.5477830204
2019-08-19,0.01382494194644105,3017843.1217986406
2019-08-20,0.00847696812022148,3043425.281733957
2019-08-21,-0.002787305349104411,3034942.3261665804
2019-08-22,0.010696058165922728,3067404.245817479
2019-08-23,0.005126686616502386,3083129.866111914
2019-08-26,-0.008281500176015965,3057596.9255830282
2019-08-27,-0.002421775981737963,3050192.110786815
2019-08-28,-0.0019955009357265252,3044105.449575594
2019-08-29,0.015999813789471448,3092810.569924319
2019-08-30,0.006899132099776038,3114148.2786058104
2019-09-03,-0.011490557838843807,3078364.9776917547
2019-09-04,0.017870345633322328,3133376.4238286205
2019-09-05,0.0006998945966889253,3135569.457057051
2019-09-06,0.020006363062197254,3198300.798021671
2019-09-09,-0.009234002003103503,3168767.6820462113
2019-09-10,0.038215921988423614,3289865.0605827277
2019-09-11,-0.013296516060563637,3246121.3169676024
2019-09-12,0.005315842697192783,3263377.187264607
2019-09-13,-0.013218075781805533,3220241.620298728
2019-09-17,-0.012267487831161255,3180737.3454083144
2019-09-18,-0.012430756109235967,3141198.375220005
2019-09-19,0.00932747594736372,3170497.827510768
2019-09-20,-0.0016031423028766546,3165415.068322307
2019-09-24,-0.0013887739068562427,3161019.0224710517
2019-09-25,-0.0018615576148606778,3155134.603439051
2019-09-26,0.010551096121122112,3188424.7319150153
2019-09-27,0.004078421493381631,3201428.4718716866
2019-09-30,0.0034758165094532657,3212556.049808052
2019-10-01,-0.023790238178912928,3136128.576220011
2019-10-02,-0.0027629303217608665,3127463.671483832
2019-10-03,0.0017661236486028666,3132987.159034186
2019-10-04,0.005459807284304325,3150092.665146713
2019-10-07,0.0037352935671279004,3161859.1860146928
2019-10-08,-0.004569095960966925,3147412.347978727
2019-10-09,-0.0011229115685870655,3143878.082242068
2019-10-10,-0.0035074038946574264,3132851.2320120838
2019-10-11,0.010922400986940431,3167069.4894005503
2019-10-15,-0.018926839718679384,3107126.8727967464
2019-10-16,-0.007995438961734455,3082284.029538935
2019-10-17,-0.022268159452505997,3013647.237291249
2019-10-18,-0.00944461491551589,2985184.499643825
2019-10-21,0.0016861728080978897,2990218.03657428
2019-10-23,0.007789340515366228,3013509.8630763465
2019-10-24,0.01567116640852656,3060735.0776143516
2019-10-25,0.010481960466380376,3092817.581695969
2019-10-28,-0.0019808487225328087,3086691.1779402397
2019-10-29,-0.027594655859324548,3001514.997140966
2019-10-30,0.0007575008553567733,3003788.647318667
2019-10-31,-0.014117221618791682,2961383.4972884585
2019-11-01,0.012275990454091822,2997737.4128320767
2019-11-05,-0.0020718264999130456,2991526.6210203907
2019-11-06,0.018132896429634927,3045771.663405849
2019-11-07,0.008897201785585599,3072870.508487989
2019-11-08,-0.004483281212998768,3059093.965867307
2019-11-11,0.009833558501682268,3089175.7453428064
2019-11-12,0.02181624887816235,3156569.972231588
2019-11-13,-0.01334061602953249,3114459.3842616943
2019-11-14,0.004245199740568845,3127680.886431774
2019-11-15,-0.0023209948126226357,3120421.5553188273
2019-11-18,0.01028464906094816,3152513.995937499
2019-11-19,0.010169685839451797,3184574.0728806583
2019-11-20,0.013205798137843916,3226628.915242132
2019-11-21,0.00027878433701088683,3227528.448845048
2019-11-22,0.013338022439300426,3270577.295719224
2019-11-25,0.009529069362131807,3301742.8536243457
2019-11-26,0.013143529277525807,3345139.4074878185
2019-11-27,0.00704663038667763,3368711.368484295
2019-11-29,0.0008594607884203254,3371606.6438130126
2019-12-02,-0.011825363228428587,3331736.1705865404
2019-12-03,-0.009142826383267768,3301274.6852240143
2019-12-04,0.014092703635816512,3347798.5709833
2019-12-05,-0.004085599224140359,3334120.8077391125
2019-12-06,-0.015904434842197224,3281093.5005964115
2019-12-09,0.011535370744031123,3318942.130571622
2019-12-10,0.005391712120986148,3336836.911085876
2019-12-11,0.0006221156165225758,3338912.809438051
2019-12-12,-0.006793632024490483,3316229.4644488716
2019-12-13,0.011317174671757949,3353759.8125496698
2019-12-16,-0.014509283751918336,3305099.1597936065
2019-12-17,0.0019166238173476226,3311433.7915619626
2019-12-18,-0.006436206465369365,3290120.7199830688
2019-12-19,0.0006050538587071947,3292111.420220307
2019-12-20,0.0038063159102049533,3304642.2362972586
2019-12-23,0.0012378492411767863,3308732.88518182
2019-12-24,-0.01247192722196356,3267466.609440915
2019-12-26,0.0030954378812516857,3277580.8493595035
2019-12-27,0.007632338112794353,3302596.454593835
2019-12-30,4.2140348090244894e-05,3302735.6271580327
2020-01-06,0.025702700954156266,3387624.853313513
2020-01-07,-0.0019046234788627394,3381172.703480313
2020-01-08,0.003823775602228465,3394101.5491708023
2020-01-09,0.005632264395741053,3413218.026481727
2020-01-10,0.008016991871040862,3440581.7676541214
2020-01-14,-0.00834144499683192,3411882.344082132
2020-01-15,0.01341738149548484,3457660.871110391
2020-01-16,0.023170115502507298,3537775.2728625187
2020-01-17,-0.01985886222471928,3467519.081136723
2020-01-21,0.0032522777473006884,3478796.416282645
2020-01-22,-0.001832030012445128,3472423.1568408287
2020-01-23,0.01534284148816213,3525699.9949160614
2020-01-24,-0.001087198726987488,3521866.8583698487
2020-01-27,0.003762760955512929,3535118.8014750374
2020-01-28,-0.0043452925709534605,3519757.6760095498
2020-01-29,-0.005826565035005779,3499249.5790028195
2020-01-30,-0.018074544502455398,3436002.2367619346
2020-01-31,0.0017772296643075603,3442108.8018637346
2020-02-03,-0.02301066400811713,3362903.5927446657
2020-02-04,0.004914223800821072,3379429.653619998
2020-02-05,-0.011518797651983867,3340502.6872608354
2020-02-06,0.005903465567180023,3360223.2298521525
2020-02-07,-0.007865948934605248,3333791.885517261
2020-02-10,0.012174703904931947,3374379.814604099
2020-02-12,-0.0035997428306204318,3362232.9150586873
2020-02-13,-0.014532614254292227,3313370.881071055
2020-02-14,0.006738093541797276,3335696.684006379
2020-02-18,0.006385909722998709,3356998.14189375
2020-02-19,-0.0016102441701123312,3351592.5552066877
2020-02-20,0.00016612056718704797,3352149.3236629386
2020-02-21,0.009693353060195921,3384642.8905677004
2020-02-25,0.006506185283196248,3406664.004331187
2020-02-26,0.005903666488304602,3426775.8124504704
2020-02-27,-0.0030107954917279324,3416458.4912831825
2020-02-28,0.028164221961475666,3512680.3865538505
2020-03-02,-0.01788650425283064,3449850.81388092
2020-03-03,0.011176825363658223,3488409.193958341
2020-03-04,-0.020560988385901778,3416684.0530360905
2020-03-05,0.0029946389672087168,3426915.7882399526
2020-03-06,-0.00284329956189798,3417172.040080589
2020-03-09,0.014081998432111168,3465292.651391258
2020-03-10,-0.019864828548736165,3396455.2070001755
2020-03-11,-0.029306636497456833,3296916.528868727
2020-03-12,-0.011522734259991126,3258927.0358292
2020-03-13,0.030577986636523495,3358578.4631801904
2020-03-16,0.022882330254740034,3435430.564761137
2020-03-17,-0.014097074061477623,3387001.0456566354
2020-03-18,0.035084137432936244,3505831.0558279515
2020-03-19,-0.03940510526646762,3367683.4140265994
2020-03-23,0.0003395809406092513,3368827.0151280086
2020-03-24,-0.056038526430376094,3180042.9134013928
2020-03-25,-0.016299050774577755,3128211.2324905274
2020-03-26,0.0038633654300690057,3140296.655624085
2020-03-27,0.008537498993371966,3167106.935160365
2020-03-30,0.007650038067848741,3191335.4237792897
2020-03-31,-0.006044151962121576,3172046.507515866
2020-04-01,0.004161480109883449,3185246.9159645187
2020-04-02,0.004374475269974466,3199180.6998271677
2020-04-03,-0.007667186656433957,3174651.984253932
2020-04-06,0.004077158158256537,3187595.542491158
2020-04-07,-0.011084763523799718,3152261.7996931253
2020-04-08,-0.0030959185526416434,3142502.653904672
2020-04-09,0.003922084677166324,3154827.8154115058
2020-04-13,-0.0025182929031285794,3146883.0349133625
2020-04-14,0.0001305174748583735,3147293.7581407544
2020-04-15,0.007568112521685403,3171112.8314411617
2020-04-16,-0.010666300135187974,3137288.7902184646
2020-04-17,-0.011360786670167692,3101646.721550084
2020-04-20,-0.006397291186136578,3081804.5843158024
2020-04-21,0.00036570365074958,3082931.611503184
2020-04-22,0.007358315370590713,3105616.7945665875
2020-04-23,-0.017845224964062295,3050196.364215377
2020-04-24,0.007589897213830849,3073347.041101772
2020-04-27,-0.03836890756075358,2955426.0725796223
2020-04-28,-0.0057808423955893464,2938341.220242224
2020-04-30,0.03413845959922976,3038651.663278215
2020-05-01,-0.018774080414659212,2981603.772599692
2020-05-07,0.0019228030754716405,2987336.8095034845
2020-05-08,0.004955738397341067,3002141.2692361316
2020-05-11,-0.010247595090209661,2971376.5411053915
2020-05-12,0.004606072086266697,2985062.9156491645
2020-05-13,0.002219588074261801,2991688.52569766
2020-05-14,0.0025350007419617485,2999272.458330022
2020-05-15,0.00026999829840944616,3000082.2567902375
2020-05-18,-0.0055175631310100245,2983529.1135401744
2020-05-19,0.0008461266836434623,2986053.5571345678
2020-05-20,0.011529638868282751,3020481.676289681
2020-05-21,0.0013400592337756377,3024529.300650443
2020-05-22,-0.008999243876468594,2997310.8238623645
2020-05-26,-0.0067607063795076154,2977046.885454111
2020-05-27,-0.004825892425451829,2962679.977439383
2020-05-28,0.010600613882931025,2994086.203938909
2020-05-29,0.00587086388449833,3011664.0765006887
2020-06-01,-0.00041306043860366893,3010420.0772163225
2020-06-02,0.0011895035076239903,3014000.9824575926
2020-06-03,0.010802448771487663,3046559.5736678042
2020-06-04,-0.03382388609581935,2943513.0896639368
2020-06-05,0.0003887954487410285,2944657.5141565073
2020-06-08,-0.004822297045060067,2930457.5009272764
2020-06-09,-0.00494486981523649,2915966.770086108
2020-06-10,-0.005273655921080449,2900588.9646633696
2020-06-11,-0.00022352745096875968,2899940.6034057904
2020-06-12,-0.00809561480955364,2876463.8013100326
2020-06-15,-0.003541726795421104,2866276.152388874
2020-06-16,0.004534114629639832,2879272.1770240082
2020-06-17,-0.0008423620175947387,2876846.787503766
2020-06-18,-0.0026676580541027985,2869172.3440006617
2020-06-19,0.0041329860084280915,2881030.593154185
2020-06-22,0.002079407161275387,2887021.428801443
2020-06-23,-0.0024796129185290948,2879862.733170517
2020-06-24,0.003320121693485345,2889424.227905176
2020-06-25,0.0047073051247955335,2903025.6293809023
2020-06-26,-0.003029322536472603,2894231.428417861
2020-06-29,0.0036725310312711802,2904860.5831504054
2020-06-30,0.013926329340499139,2945314.6283195927
2020-07-01,-0.015253274460854359,2900388.9359202646
2020-07-02,0.002126374911689256,2906556.2501877467
2020-07-06,0.004534340662109599,2919735.566379682
2020-07-07,-0.004068421664178063,2907856.8509477517
2020-07-08,-0.012830497502932544,2870547.600882781
2020-07-09,0.005749344840213014,2887051.3689205027
2020-07-10,-0.0018700905372745654,2881652.321474859
2020-07-13,0.00884349539199261,2907136.200501147
2020-07-14,0.01759791657205427,2958295.7408211655
2020-07-15,0.022068493273606576,3023580.8704788163
2020-07-16,0.01248998908945713,3061345.3625621884
2020-07-17,0.013219295009078922,3101814.1900345734
2020-07-20,-0.00022217645369513973,3101125.03995781
2020-07-21,-0.018994837448124347,3042219.6739175036
2020-07-22,-0.012699539780367324,3003584.8841479723
2020-07-27,-0.009118626120461245,2976196.3165683583
2020-07-28,-0.013239224874741549,2936793.7842619326
2020-07-29,-0.006345657763103567,2918157.8959861966
2020-07-30,-0.005106574678430878,2903256.1047668904
2020-07-31,0.005659815850408365,2919687.999686445
2020-08-03,0.011785844058321159,2954098.9871497015
2020-08-04,-0.0022637848791037074,2947411.5425312165
2020-08-05,0.024664228405334814,3020107.1740207267
2020-08-06,0.0008262144222930045,3022602.430124773
2020-08-07,0.004109613703589138,3035024.158492116
2020-08-11,0.0224227655765045,3103077.7937170127
2020-08-12,-0.005644635337316585,3085562.0511481552
2020-08-13,0.00676319709994183,3106430.3154641706
2020-08-14,-0.0030997740231179178,3096801.083467669
2020-08-17,-0.003041717801729139,3087381.488483671
2020-08-18,0.01744020200296436,3141226.045303039
2020-08-19,-0.0015901285980935073,3136231.0919353263
2020-08-20,-0.0021759949757341962,3129406.6688365336
2020-08-21,0.0056318696515673,3147031.0792821664
2020-08-24,-0.004319968446248225,3133436.004320305
2020-08-25,0.002212691043274742,3140369.3301017387
2020-08-26,-0.0037519344047471756,3128586.870368517
2020-08-27,0.004655419199610069,3143151.7537524784
2020-08-28,0.0032633294532200523,3153408.893446439
2020-08-31,-0.009703942412254378,3122808.395142144
2020-09-01,-0.011856965216500842,3085781.364623147
2020-09-02,0.009964913350146752,3116530.908539114
2020-09-03,-0.0018509782434321391,3110762.277632424
2020-09-04,0.018234521763471796,3167485.5400849
2020-09-08,-0.01832323581304836,3109446.955599503
2020-09-09,-0.006767777313778656,3088402.911034999
2020-09-10,-0.00166705127156667,3083254.385035048
2020-09-11,-0.0024050686904864066,3075838.946448795
2020-09-14,0.0046140010055404435,3090030.87044059
2020-09-15,-0.009206828307694852,3061581.486750967
2020-09-16,0.00314326381869213,3071204.845066249
2020-09-17,-0.014858996036784578,3025569.824445256
2020-09-18,-0.002034954256982263,3019412.928251204
2020-09-23,0.0025658076978723617,3027160.1611855663
2020-09-24,0.005507261109899751,3043831.5226147017
2020-09-25,-0.01103208664102097,3010251.7095365454
2020-09-28,0.005144085779969152,3025736.7025497
2020-09-29,-0.007470006206978438,3003134.4306009714
2020-09-30,0.013665430348685751,3044173.5549900895
2020-10-02,-0.006970569217162672,3022953.932515975
2020-10-05,-0.0073654014272718825,3000688.6633068444
2020-10-06,-0.0006121523259211793,2998851.784762236
2020-10-07,-0.0270119280728806,2917847.016051009
2020-10-08,-0.002821324021445352,2909614.8241737215
2020-10-09,-0.002420373893315772,2902572.468413687
2020-10-12,0.011179701530530863,2935022.362281288
2020-10-13,-0.0046003937032237955,2921520.103887028
2020-10-14,0.011730598859074522,2955791.2842844487
2020-10-15,0.003167084615709996,2965152.5253881556
2020-10-16,0.0019949638746848217,2971067.8975592353
2020-10-19,0.0018596089412549475,2976592.9219866125
2020-10-20,0.011450076531899655,3010675.13874767
2020-10-21,0.02135177609778682,3074958.4002133836
2020-10-22,-0.01533559491713965,3027802.0838006553
2020-10-23,-0.0011732086182911958,3024249.8403014606
2020-10-26,0.0030966204592132525,3033614.7942307107
2020-10-27,0.004209290860673996,3046384.161258871
2020-10-28,-0.001639844630888873,3041388.564548406
2020-10-29,0.01655415021344089,3091736.1677033817
2020-10-30,-0.00867717223645353,3064908.640466547
2020-11-02,-0.005057749036658993,3049407.1017427794
2020-11-04,-0.018315445718005807,2993555.851498708
2020-11-05,0.021412376335989993,3057654.995973803
2020-11-06,0.009729365195263531,3087404.038070754
2020-11-09,0.0015287200263516185,3092123.8144531916
2020-11-10,-0.020787565448785454,3027846.0882844976
2020-11-11,0.0016646203156514769,3032886.3023957214
2020-11-12,-0.004594155588094806,3018952.7508415137
2020-11-13,-0.013581479488884933,2977950.9059780473
2020-11-16,0.00013418367570172457,2978350.4983766703
2020-11-17,-0.006691214448354298,2958421.716489669
2020-11-18,-0.007431511645297057,2936436.171051876
2020-11-19,-0.009541758774650676,2908417.40545054
2020-11-20,0.008494186956379038,2933122.046639624
2020-11-24,0.006112247000571216,2951050.0130715063
2020-11-25,0.004447173087236803,2964173.843268728
2020-11-27,0.006760333409722158,2984212.646733602
2020-11-30,0.01721220729374156,3035577.533417786
2020-12-01,-0.02223052082061584,2968095.063858548
2020-12-02,0.008151754257002836,2992290.2454305463
2020-12-03,0.010303627794736358,3023121.690373283
2020-12-04,-0.0011303490639186708,3019704.5076004574
2020-12-07,-0.010176143011027306,2988975.562680071
2020-12-08,-0.00807070268535122,2964852.4295798996
2020-12-09,-0.0018090587332294614,2959488.8373994315
2020-12-10,-0.0040912680608359365,2947380.7752425787
2020-12-11,-0.0012956279936923033,2943562.0662021036
2020-12-14,-0.007999708592034825,2920014.427449919
2020-12-15,-0.012082443074519368,2884733.51935348
2020-12-16,0.005752120353876804,2901326.853745664
2020-12-17,-0.0005725780724093383,2899665.617608317
2020-12-18,0.0006857660868041308,2901654.1099519446
2020-12-21,-0.016434885178949074,2853965.7578258584
2020-12-22,-0.000646347999331209,2852121.102768128
2020-12-23,0.0006294489592336732,2853916.367427874
2020-12-24,-0.000974312796471064,2851135.760191031
2020-12-28,0.002248392126943963,2857546.231387093
2020-12-29,5.1377346806473126e-05,2857693.0445308387
2020-12-30,0.0018672104305704025,2863028.958790955
2021-01-04,-0.004557880654903663,2849979.6144852526
2021-01-05,0.000978563923673233,2852768.501719192
2021-01-06,-0.013867094798196457,2813208.8904685434
2021-01-07,0.006429943472589587,2831297.6646108427
2021-01-08,-0.0024888099198899284,2824251.1028969977
2021-01-12,-0.0005060360170452558,2822821.930117752
2021-01-13,0.006662541209953039,2841629.0975555205
2021-01-14,0.008174450475601726,2864857.8538835174
2021-01-15,-0.007567747229551702,2843177.333796731
2021-01-19,-0.004030417227985548,2831718.142888379
2021-01-20,0.009739511794916117,2859297.6951409183
2021-01-21,0.0008038294299253014,2861596.08277719
2021-01-22,0.017547184908566434,2911809.0383753106
2021-01-25,0.001921960537795313,2917405.4204406636
2021-01-26,0.05164291271986184,3068068.733936933
2021-01-27,0.00499300073414862,3083387.603377898
2021-01-28,-0.009292078581489534,3054736.52347012
2021-01-29,-0.03044477575899552,2961735.755010259
2021-02-01,0.008432297130112334,2986709.9909173828
2021-02-02,0.00796942770124602,3010512.360254588
2021-02-03,0.001004365281657747,3013536.0143492296
2021-02-04,-0.014292448083597272,2970465.2073160927
2021-02-05,-0.0030145045100119575,2961510.7265518047
2021-02-08,-0.006679177779372764,2941730.269913646
2021-02-09,-0.012395528730429583,2905265.967835757
2021-02-10,-0.01876328492992239,2850753.6346840477
2021-02-12,0.003209331322582693,2859902.6476168055
2021-02-16,0.002641281599119447,2867456.455855229
2021-02-17,0.004256812271392063,2879662.6796841957
2021-02-18,-0.0024594446359619184,2872580.3087532665
2021-02-19,-0.0016084458696810076,2867959.9188203253
2021-02-22,-0.0003831269223975312,2866861.126163068
2021-02-24,0.002342212578355989,2873575.9243531674
2021-02-25,0.002939836466222726,2882023.7676440408
2021-02-26,-0.0013589568265811758,2878107.2217706316
2021-03-01,-0.003538951264357533,2867921.7405791897
2021-03-02,-0.002122360702210042,2861834.9761799704
2021-03-03,-0.0037459355022116886,2851114.7269412265
2021-03-04,-0.006173459750020457,2833513.484931764
2021-03-05,-0.0002488208649414338,2832808.4476556205
2021-03-08,0.011655943492334018,2865827.502846101
2021-03-09,-0.008516400487841518,2841420.9681027927
2021-03-10,-0.00910816855934311,2815540.8269772604
2021-03-11,-0.011265366260437507,2783822.7283401466
2021-03-12,0.0019106036843294506,2789141.5103014335
2021-03-15,0.0024794755218889787,2796057.11840331
2021-03-16,0.0002015202090660073,2796620.580418371
2021-03-17,-0.01319082052519463,2759730.860265007
2021-03-18,0.0036943734319054766,2769926.3366343793
2021-03-19,-0.01005726207584925,2742068.4615360503
2021-03-22,-0.003977229592604631,2731162.6257058815
2021-03-23,0.008360902859096471,2753997.6111118034
2021-03-24,0.0028820289057587415,2761934.7118334183
2021-03-25,-0.007509274812804917,2741194.585067236
2021-03-26,-0.0055530820678282855,2725972.506572471
2021-03-29,-0.005340936563135794,2711413.260342015
2021-03-30,-0.005107659071545466,2697564.2858061204
2021-03-31,-0.009173409742593494,2672818.423305434
2021-04-01,-0.0011344950650379333,2669786.1239944515
2021-04-05,0.010107780549533717,2696771.7362499777
2021-04-06,-0.0019014362464952722,2691643.996722148
2021-04-07,0.002053448273422779,2697171.1484398856
2021-04-08,0.0019976628739850856,2702559.1871079076
2021-04-09,0.01040960108675232,2730691.750159038
2021-04-12,-0.00673523737895438,2712299.8930129646
2021-04-13,0.004180773559652255,2723639.4046915206
2021-04-14,-0.0036737021955178246,2713633.564630707
2021-04-15,-0.0037124497787440498,2703559.336304101
2021-04-16,-0.008663780948755804,2680136.290432399
2021-04-19,0.004700375384323256,2692733.9370785793
2021-04-20,-0.0034307592934913742,2683495.8150990475
2021-04-21,-0.0032595764637790396,2674748.755299501
2021-04-22,-0.005094487293249463,2661122.281752993
2021-04-23,0.00443204204457636,2672916.487591481
2021-04-26,0.0016468486371721065,2677318.376466346
2021-04-27,0.0014594540211254402,2681225.799536713
2021-04-28,0.004800903619821456,2694098.1061832677
2021-04-30,-0.006579546790526981,2676372.161635365
2021-05-06,0.00429157682403406,2687858.0183767295
2021-05-07,-0.0003130877967843212,2687016.4828316867
2021-05-10,-0.005235616930470181,2672948.293841721
2021-05-11,-0.0007707848995543375,2670888.0256595383
2021-05-12,0.008659072395538654,2694015.4384341016
2021-05-13,-0.007673822404638926,2673342.042404203
2021-05-14,-0.0011640834743557628,2670230.0491113397
2021-05-17,-0.012075230155587893,2637986.4066999536
2021-05-18,0.005008205243413419,2651197.984054042
2021-05-19,0.004236118768456502,2662428.7735931873
2021-05-20,0.0002707969215037045,2663149.751108799
2021-05-21,0.007129534855523694,2682136.770084808
2021-05-24,0.0020676083790120074,2687682.378544292
2021-05-25,0.005786368621494174,2703234.299524043
2021-05-26,0.0025950816094915865,2710249.4131408846
2021-05-27,-0.004732881538519452,2697422.123728647
2021-05-28,0.006742893777139263,2715610.5545810545
2021-06-01,-0.009070631660745716,2690978.251506416
2021-06-02,-0.007099596919431105,2671873.3906017654
2021-06-03,-0.005319290415826951,2657660.9200828345
2021-06-04,-0.004052704394663604,2646890.205992489
2021-06-07,0.0019036439081272498,2651928.9424086083
2021-06-08,0.002072442165159822,2657424.9117678637
2021-06-09,-0.007768045489866103,2636781.9141673474
2021-06-10,-0.0064071230174211355,2619887.7280731658
2021-06-11,0.0058663599346676695,2635256.932474462
2021-06-14,0.0023663518240979943,2641492.8775235894
2021-06-15,0.002125170274825282,2647106.4996680655
2021-06-16,0.0007237728743384307,2649022.4035480097
2021-06-17,0.0020586285635468436,2654475.756733429
2021-06-18,0.0023003886177506983,2660582.082550314
2021-06-21,0.0047202840031891,2673140.785593747
2021-06-22,-0.00498131527581066,2659825.0285640764
2021-06-23,0.008340703422967425,2682009.8402843154
2021-06-24,0.0006290748574684118,2683697.025242321
2021-06-25,-0.003351135412175361,2674703.593105482
2021-06-28,-0.007124965386992815,2655646.42258414
2021-06-29,-0.001239929826176586,2652353.6073769988
2021-06-30,-0.0035802080477731453,2642857.6296463273
2021-07-01,-0.0005391631770188612,2641432.698130319
2021-07-02,0.00019220228162992027,2641940.387521671
2021-07-06,-0.002689058577771392,2634836.0550606456
2021-07-07,-0.004625372442691027,2622648.9569805595
2021-07-08,-0.0005030576635559573,2621329.6133239334
2021-07-09,0.006909391246983806,2639441.405209693
2021-07-12,-0.003073524332903552,2631329.017825508
2021-07-13,0.0018834374043570972,2636284.9613208505
2021-07-14,0.008282121045562954,2658118.9924811074
2021-07-15,-0.00669385227348443,2640325.9366200957
2021-07-16,-0.001287450710720894,2636926.6471164594
2021-07-19,-0.0064965913277789215,2619795.6123288134
2021-07-20,0.0007174834569683477,2621675.2723412975
2021-07-21,-0.00289458089653413,2614086.6211810624
2021-07-26,0.0036379340565237945,2623596.4959269604
2021-07-27,-0.000426706480241995,2622476.9903006083
2021-07-28,-0.004719735154054983,2610099.593458786
2021-07-29,0.003599690550952925,2619495.144302406
2021-07-30,0.010481288126803628,2646950.8276566025
2021-08-02,-0.006595490455081622,2629492.8887377228
2021-08-03,0.001672096024922377,2633889.6533445427
2021-08-04,0.0016841591720622797,2638325.542762423
2021-08-05,-0.004919144215885804,2625347.2389291194
2021-08-06,-0.0010245683810060605,2622657.391158951
2021-08-10,-0.01380396905795378,2586454.3096817792
2021-08-11,-0.001232998720750973,2583265.2148266607
2021-08-12,0.002415464052518272,2589504.9990911954
2021-08-13,0.0005551515777814654,2590942.566877114
2021-08-16,-0.0019842903409951294,2585801.3845675867
2021-08-17,0.010512445169585312,2612984.479842291
2021-08-18,-0.0064466151951283485,2596139.574389905
2021-08-19,-0.016158336707956637,2554190.2770060617
2021-08-20,0.013967752551923436,2589866.574765811
2021-08-23,-0.000432257279494746,2588747.0860859486
2021-08-24,-0.00025522444481801605,2588086.374548128
2021-08-25,0.0010855194006835296,2590895.7925183447
2021-08-26,-0.002214211368660438,2585159.0015995363
2021-08-27,0.0024472411181777026,2591485.509005278
2021-08-30,0.00035765015066156487,2592412.3541880106
2021-08-31,-0.003911056417832391,2582273.2832124955
2021-09-01,0.0016646999241370262,2586571.99335116
2021-09-02,-0.0054578364560347046,2572454.90642969
2021-09-03,-0.0011156073166918236,2569585.0569142173
2021-09-07,0.0009426383145977346,2572007.246241483
2021-09-08,0.0045703771083351686,2583762.289282177
2021-09-09,0.022732672308405005,2642498.110727243
2021-09-10,-0.004385419823305785,2630909.647129412
2021-09-13,0.002165273100144099,2636606.2850172506
2021-09-14,0.004731133488658379,2649080.421308703
2021-09-15,-0.0008818620084307398,2646744.2979278727
2021-09-16,-0.005536505520683769,2632090.5835105567
2021-09-17,-0.0006365391232451686,2630415.154878227
2021-09-21,0.006508117760834521,2647534.2064660587
2021-09-22,0.00016576139727795093,2647973.0654354636
2021-09-24,0.00022271701113992952,2648562.8140821764
2021-09-27,-0.0007334284019541831,2646620.2828899687
2021-09-28,0.005633045754253677,2661528.8160376237
2021-09-29,-0.011391116134234758,2631211.0321995267
2021-09-30,-0.014603428298984051,2592786.330551305
2021-10-01,-0.0007371801270400338,2590874.9799947613
2021-10-04,-0.007044047072096149,2572624.734677762
2021-10-05,0.00039308051546706684,2573635.983334572
2021-10-06,0.01225792007665659,2605183.4075246947
2021-10-07,0.0008052616164323804,2607281.261726541
2021-10-08,-0.0020915187021996015,2601828.0842057453
2021-10-11,0.005820502655799279,2616972.0314797983
2021-10-12,0.004532742907694318,2628834.0928951227
2021-10-13,-6.238323402216077e-05,2628670.0977227003
2021-10-14,0.004464418647180116,2640405.581524258
2021-10-15,-0.00269074358117413,2633300.9271540754
2021-10-18,0.012613457711051565,2666515.957039206
2021-10-19,-0.004120575680480563,2655528.3762350166
2021-10-20,0.0015117774974376438,2659542.9442780158
2021-10-21,0.0008480401950027762,2661798.3435950996
2021-10-22,-0.006300145146820385,2645028.627678884
2021-10-25,0.002534464968200202,2651732.360075623
2021-10-26,-0.0024555607644151196,2645220.870134491
2021-10-27,-0.010119471476969344,2618452.632988881
2021-10-28,0.0035415920706678783,2627726.1240712935
2021-10-29,-0.00422878284740054,2616614.0409101546
2021-11-01,0.0015323986813446456,2620623.7368160333
2021-11-02,-0.008759178504111193,2597669.2257131506
2021-11-04,-0.012175924967392306,2566040.2001307635
2021-11-05,0.004517467882576722,2577632.204320255
2021-11-08,0.006055981970257605,2593242.2984755742
2021-11-09,0.004898633436272461,2605945.6419072426
2021-11-10,-0.004148740347375097,2595134.2500795955
2021-11-11,0.008456163649208056,2617079.129989933
2021-11-12,-7.539083830818552e-05,2616881.826200404
2021-11-15,0.0015486366666603271,2620934.4253487755
2021-11-16,-0.0034034622730379463,2612014.173911995
2021-11-17,-0.0007305332898933527,2610106.0106042787
2021-11-18,0.002340809084640728,2616215.7704657763
2021-11-19,-0.002014077730156213,2610946.508545198
2021-11-22,0.002273944114461396,2616883.654991478
2021-11-24,0.00274769228242643,2624074.0460143057
2021-11-26,-0.0016940968967942627,2619628.6103159944
2021-11-29,0.0014448110268096637,2623413.478618325
2021-11-30,0.007033779847837447,2641865.991476776
2021-12-01,0.00968401440319584,2667449.8597895503
2021-12-02,0.002742875452329085,2674766.342530286
2021-12-03,0.0027457857046525235,2682110.6777168913
2021-12-06,0.005512956677756526,2696897.037688093
2021-12-07,-0.007498601603993684,2676674.081235479
2021-12-08,-0.005434317550258653,2662128.184299499
2021-12-09,0.00515570854113583,2675853.34131689
2021-12-10,-0.0010841939503379208,2672952.197312243
2021-12-13,0.0010625844309379334,2675792.434701748
2021-12-14,0.004527164844031819,2687906.1881420566
2021-12-15,-0.0002880770451850196,2687131.864069642
2021-12-16,-0.005057692724673075,2673541.1767905
2021-12-17,-0.0005021500825655256,2672198.6578678326
2021-12-20,0.002247663834617996,2678204.862150037
2021-12-21,-0.0011351845240015078,2675164.6054384187
2021-12-22,-0.0016659997954062374,2670707.78175308
2021-12-23,-0.010487323641752413,2642699.2048932887
2021-12-27,0.004896493800055203,2655639.1651654597
2021-12-28,-0.0007150607412710144,2653740.221855468
2021-12-29,0.006772645664620413,2671713.0640640464
2021-12-30,-0.004330849543292133,2660142.276760737
2022-01-04,0.004088502207024981,2671018.2743302737
2022-01-05,0.008002634240262558,2692393.456628796
2022-01-06,-0.010588358108528971,2663885.4305409505
2022-01-07,-0.003935377896905708,2653402.0346977105
2022-01-11,0.012865533999485375,2687539.4687894178
2022-01-12,-0.003976467124826693,2676852.5564451027
2022-01-13,0.007437191441371819,2696760.8213677104
2022-01-14,0.006796689023650086,2715089.86604171
2022-01-18,-0.0031258781385276983,2706602.825985312
2022-01-19,-0.006273971680111856,2689621.676505769
2022-01-20,0.004901904908791208,2702805.946204624
2022-01-21,0.007193900845043543,2722249.664185014
2022-01-24,-0.007585993932586951,2701598.6947495197
2022-01-25,-0.00969391636266354,2675409.622957137
2022-01-26,-0.004850354145809606,2662432.938800688
2022-01-27,0.006527501731565121,2679811.9744188855
2022-01-28,0.00625535894704899,2696575.160229476
2022-01-31,-0.0021291067089635744,2690833.863964607
2022-02-01,0.011273064812748212,2721167.8085134174
2022-02-02,-0.009494648371752682,2695331.2770110494
2022-02-03,0.0006356139445293169,2697044.467155844
2022-02-04,-0.0048275144735815964,2684024.445954756
2022-02-07,-0.003140279633689999,2675595.858650798
2022-02-08,0.0014196053068590716,2679394.148730749
2022-02-09,-0.0004043178659737,2678310.8218064313
2022-02-10,-0.01052227058516511,2650128.910628208
2022-02-14,0.0063353341178468605,2666918.3627324034
2022-02-15,-0.007718392486654463,2646334.0400789687
2022-02-16,0.0031969123074569086,2654794.1379413395
2022-02-17,0.002598426574964709,2661692.425580427
2022-02-18,0.00688657165725193,2680022.3611987513
2022-02-22,0.0018732080683848665,2685042.6007092004
2022-02-24,0.003613337246172279,2694744.565145902
2022-02-25,0.005720153746953379,2710158.9183673034
2022-02-28,0.003558002742353539,2719801.6712310687
2022-03-01,0.004212622489180523,2731259.1689174073
2022-03-02,-0.0021012721336829973,2725520.0501358947
2022-03-03,-0.0014045701838020935,2721691.865938119
2022-03-04,-0.0021468296414285225,2715848.8571654884
2022-03-07,0.004337488080408501,2727628.819211635
2022-03-08,0.00720792499660432,2747289.363159089
2022-03-09,-0.005226222433779041,2732931.417857264
2022-03-10,0.004768576932323098,2745963.6115740794
2022-03-11,0.015037903308283938,2787257.1468529967
2022-03-14,0.004074978649582142,2798615.1602173178
2022-03-15,0.007504775005942926,2819618.1373229697
2022-03-16,-0.0007264843513487343,2817569.7288694256
2022-03-17,-0.002560828731861371,2810354.415353714
2022-03-18,0.003929312191185377,2821397.1752195153
2022-03-22,-0.017642022334967335,2771622.0232384787
2022-03-23,0.001726660525371191,2776407.673577254
2022-03-24,0.006752628060054114,2795155.7219400015
2022-03-25,0.0029111316547687275,2803292.788242149
2022-03-28,-0.008080739998432547,2780640.1080808835
2022-03-29,0.0004816819979328841,2781979.4923636764
2022-03-30,-0.008862646023747655,2757323.792877532
2022-03-31,-0.00046434274768026787,2756043.449571303
2022-04-01,-0.002878144674803606,2748111.157793392
2022-04-04,0.0025262643037851913,2755053.612914159
2022-04-05,-0.0031009469368507158,2746510.337852333
2022-04-06,-0.002511173654927947,2739613.373448931
2022-04-07,0.0012303051136863385,2742983.933791809
2022-04-08,-0.0004989686005435342,2741615.270937051
2022-04-11,-0.02609864427132362,2670062.8292520368
2022-04-12,0.007842636081162339,2691003.160335699
2022-04-13,0.002071735019670142,2696578.20582101
2022-04-14,-0.016915367605580812,2650964.59419235
2022-04-18,0.006378470467671694,2667873.693567249
2022-04-19,0.004151050766546092,2678948.1727079796
2022-04-20,0.0016554094300532778,2683382.9287757045
2022-04-21,0.006033866681156081,2699574.103622427
2022-04-22,0.0003318755001183766,2700470.026128174
2022-04-25,0.006666972580576192,2718473.985747038
2022-04-26,0.004478525793307412,2730648.741610641
2022-04-27,-0.004185996397812271,2719218.2558145686
2022-04-28,0.00024681988237489896,2719889.4129446205
2022-05-02,-0.0036916420598810348,2709848.5547895688
2022-05-06,0.0005241094310957657,2711268.811973975
2022-05-09,0.0013322966967877802,2714881.0264562713
2022-05-10,0.007678617398970323,2735727.559142153
2022-05-11,0.006938357852553058,2754709.0159345726
2022-05-12,0.00768488494470528,2775878.6377781723
2022-05-13,0.004145342625536815,2787385.6058186716
2022-05-16,-0.0004428496258886576,2786151.2131459275
2022-05-17,-0.007820057060758811,2764363.351679224
2022-05-18,-0.008912951209356432,2739724.716000774
2022-05-19,0.0030228885150147757,2748006.5983790746
2022-05-20,0.012462964495145537,2782254.9070470985
2022-05-23,0.008360479332945111,2805515.8916964508
2022-05-24,-0.005364017618045023,2790467.0550256856
2022-05-25,0.005371600105878561,2805456.328153912
2022-05-26,0.0017058419906914866,2810241.993361528
2022-05-27,0.0033043308203401906,2819527.9625928067
2022-05-31,0.0020168018434588665,2825214.3917854475
2022-06-01,-0.0014272742211284008,2821182.036114891
2022-06-02,0.007008755477267688,2840955.011162881
2022-06-03,-0.011457387774268097,2808405.0879507377
2022-06-06,0.01601585161154987,2853384.0871044784
2022-06-07,0.00195631280779158,2858966.1989396294
2022-06-08,-0.006260911475744914,2841066.4646559213
2022-06-09,0.00021218335731104518,2841669.2916767355
2022-06-10,0.004776672872275716,2855243.016294267
2022-06-13,0.004289757724563976,2867491.317078923
2022-06-14,-0.0001591350049911263,2867034.9988338677
2022-06-15,-0.0012219281621196174,2863531.68802701
2022-06-16,-0.0075184208280665915,2842002.451741919
2022-06-17,0.0012295250751266779,2845496.765019907
2022-06-21,-0.0009207171379907696,2842876.867382256
2022-06-22,0.005618782650384009,2858850.374601881
2022-06-23,0.008758460714535237,2883889.5032965657
2022-06-24,0.00039619287839814146,2885032.079779859
2022-06-27,-0.013255806336194562,2846788.6532565886
2022-06-28,-0.007260375782810028,2826119.897859706
2022-06-29,-0.019676663689851475,2770511.2870823233
2022-06-30,-0.003704684899490269,2760247.415753202
2022-07-01,-0.0029635876491427814,2752067.180603298
2022-07-05,-0.0013719844586138547,2748291.3872024487
2022-07-06,-0.007869524392854257,2726663.6410921877
2022-07-07,-0.006813653893591277,2708085.0987575464
2022-07-08,0.0007468434336153918,2710107.614331225
2022-07-11,0.008292451635699876,2732581.0506506087
2022-07-12,0.0011529925113372141,2735731.6961386306
2022-07-13,-0.007925781235991532,2714048.8851946676
2022-07-14,-0.010781931348401181,2684786.196438294
2022-07-15,0.0014671240879501385,2688725.110938085
2022-07-19,0.0034466612031317603,2697992.2354638414
2022-07-20,-0.0013313847533737509,2694400.169736824
2022-07-21,-0.0034962978189203384,2684979.7443000744
2022-07-22,-0.018478052422675077,2635366.5478310767
2022-07-25,0.0004986072602098118,2636680.5607251395
2022-07-26,0.006111772700037705,2652795.3529948993
2022-07-27,-0.0034284175382851786,2643700.4628812103
2022-07-28,-0.009570695566318208,2618398.41058244
2022-07-29,-0.0017645485062085648,2613778.119578388
2022-08-01,0.006158815658925519,2629875.897190205
2022-08-02,-0.007536467850702294,2610055.922039694
2022-08-03,-0.01051215321487601,2582618.6142878183
2022-08-04,-0.007739994850251134,2562629.159513068
2022-08-05,-0.002287471851734649,2556767.2174442476
2022-08-08,0.00979907783633654,2581821.1784173776
2022-08-09,0.006514173582725235,2598639.6097331448
2022-08-10,-0.004271679269335428,2587539.0547837736
2022-08-12,0.007020578112280093,2605705.0748364585
2022-08-15,0.0078636732711265,2626195.488185889
2022-08-16,0.002000505754364487,2631449.207372091
2022-08-17,0.0006591072672537655,2633183.6146680787
2022-08-18,0.0026999779390797334,2640293.152337229
2022-08-19,0.001582196258456932,2644470.6142840865
2022-08-22,0.003166217529041979,2652843.583498069
2022-08-23,-0.0031731774200847314,2644425.6401398964
2022-08-24,-0.012357793628066022,2611746.373814281
2022-08-25,-0.001546219288359294,2607708.041194787
2022-08-26,0.0031108634121642573,2615820.2647297457
2022-08-29,0.007665603299406598,2635872.105181713
2022-08-30,-0.002620245109198527,2628965.4741896377
2022-08-31,-0.0037753599283865537,2619040.1832852704
2022-09-01,0.0005506156259727621,2620482.2677352377
2022-09-02,-0.00025355926863569023,2619817.820167958
2022-09-06,0.009019390415608782,2643446.979905822
2022-09-07,0.0006051179936146989,2645046.577238529
2022-09-08,-0.006867159464651091,2626882.6206012024
2022-09-09,-0.0006086883018203963,2625283.6678797873
2022-09-12,-0.007789217403488662,2604834.762644843
2022-09-13,0.00467633443414046,2617015.8411406456
2022-09-14,0.002235024400327524,2622864.9354016385
2022-09-15,0.003769269177147214,2632751.219358468
2022-09-16,0.0032055786143400915,2641190.7103641215
2022-09-20,-0.006671105881813963,2623571.047481219
2022-09-21,-0.00499546724180479,2610465.084256979
2022-09-22,0.0022708579482408143,2616393.0796421696
2022-09-26,0.013964306746633534,2652929.195176062
2022-09-27,0.003255379035415256,2661565.4852604796
2022-09-28,-0.003332106826567504,2652696.8647376867
2022-09-29,-0.005645281991113423,2637721.6428993
2022-09-30,0.0015949537695205004,2641928.6869765883
2022-10-03,0.007968651077875212,2662981.2948557334
2022-10-04,-0.005885041352280423,2647309.539815158
2022-10-05,0.00533718393139741,2661438.7177524944
2022-10-06,0.008239112444754752,2683366.610612881
2022-10-07,-0.005716393008621106,2668027.432480406
2022-10-11,0.001406126085461981,2671779.0154499453
2022-10-12,0.0058860448625246906,2687505.2265976355
2022-10-13,0.0015558315744051213,2691686.5320855547
2022-10-14,-0.004286638925144318,2680148.24382283
2022-10-17,0.0036011493456015965,2689799.8579171877
2022-10-18,-0.002592454503838939,2682826.674161105
2022-10-19,-0.001223759771530155,2679543.5388032785
2022-10-20,0.0014100934412266512,2683321.945572826
2022-10-21,0.00858521779870657,2706358.848899618
2022-10-24,-0.0021316885853390386,2700589.7346335873
2022-10-25,-0.005636404603344486,2685368.1182215535
2022-10-26,-0.0008838484275415397,2682994.6598328934
2022-10-27,-0.009436789165681346,2657675.8048954015
2022-10-28,-0.00563320218144646,2642704.579753687
2022-10-31,0.002442308527760122,2649158.87968517
2022-11-01,0.009879609755128792,2675331.5355957937
2022-11-02,0.01739896791010666,2721879.5431325217
2022-11-04,0.0061841476309482946,2738712.0480609112
2022-11-07,0.0027071713344382093,2746126.2108107023
2022-11-08,-0.003124349927682448,2737546.351582549
2022-11-09,-0.001028388550092272,2734731.090259235
2022-11-10,0.006374038745781663,2752162.3721878408
2022-11-11,0.0001056808924669016,2752453.2231635475
2022-11-14,-0.014458088549651213,2712658.010734276
2022-11-15,-0.0076751160225925485,2691838.0457722754
2022-11-16,0.0068038515059578855,2710152.912113798
2022-11-17,0.004635848151084152,2722716.7694805763
2022-11-18,0.002944726645252611,2730734.426099142
2022-11-21,-0.001959418027407401,2725383.7758365814
2022-11-22,0.004280928026152403,2737050.9476245814
2022-11-25,-0.006999726119045955,2717892.340617334
2022-11-28,0.011026147287583252,2747860.221876775
2022-11-29,-0.005551974582400374,2732604.171768926
2022-11-30,0.0046198591883291895,2745228.4182599396
2022-12-01,-0.0005505128823080601,2743717.1346508097
2022-12-02,0.005185219540900534,2757943.910352105
2022-12-05,-0.0006795339461601367,2756069.7938434146
2022-12-06,0.0009908030218694207,2758800.516123638
2022-12-07,0.008052314107875136,2781015.244440434
2022-12-08,-0.0027401968558029123,2773394.7152116783
2022-12-09,0.006211167507922305,2790620.7343534445
2022-12-12,-0.0006361091862977482,2788845.5948688495
2022-12-13,0.00274676768119731,2796505.905816685
2022-12-14,0.0031148816142099857,2805216.690646743
2022-12-15,-0.00924932700928374,2779270.3241430507
2022-12-16,0.0004388217278618604,2780489.9283488863
2022-12-19,-0.00042141058830874644,2779318.2004523943
2022-12-20,0.007696667786239974,2800709.6893135267
2022-12-21,-0.002694288342683663,2793163.769846368
2022-12-22,-0.002050525765176151,2787436.3155699414
2022-12-23,0.0013496572157016755,2791198.3991065593
2022-12-27,0.008274307492713552,2814293.632933937
2022-12-28,-0.004884040323896221,2800548.5093474034
2022-12-29,-0.006894744866814723,2781239.4418883147
2022-12-30,0.0021856411663032684,2787318.233305852
2023-01-04,0.014563026466917537,2827910.0225092066
2023-01-05,0.000645913708986302,2829736.6083605248
2023-01-06,0.0036020637379351006,2839929.4999854076
2023-01-10,-0.010970318840344374,2808774.567886468
2023-01-11,0.0025746279026182405,2816006.1172611127
2023-01-12,0.014974777064056047,2858175.181078116
2023-01-13,0.0024877289703337385,2865285.546278373
2023-01-17,0.0016862549706851044,2870117.148273217
2023-01-18,0.0031360473322718315,2879117.971499367
2023-01-19,0.0008494125100104695,2881563.5303221545
2023-01-20,-0.007045875600654202,2861260.3921521227
2023-01-23,0.005231649313592956,2876229.5031187357
2023-01-24,-0.00621169552259579,2858363.241192255
2023-01-25,0.00714515156030801,2878786.679764987
2023-01-26,-0.0009503680672702572,2876050.7728320556
2023-01-27,0.0014224895221585558,2880141.9249216053
2023-01-30,-0.0015699158499077048,2875620.344463687
2023-01-31,0.009894204163995828,2904072.3192499503
2023-02-01,0.01519109356031638,2948188.353557601
2023-02-02,0.010756260954976529,2979899.8368328894
2023-02-03,0.014950063367603194,3024449.528222651
2023-02-06,-0.0021017205883679863,3018092.980380706
2023-02-07,-0.00789350454052,2994269.6497363597
2023-02-08,-0.011609742407577934,2959506.9504040917
2023-02-09,0.015679204923602252,3005909.666352303
2023-02-10,0.00854805954354132,3031604.361162789
2023-02-13,-8.246462617367636e-05,3031354.3610424395
2023-02-14,-0.00024792054134645914,3030602.8260282367
2023-02-15,0.010068122179224712,3061115.3055573925
2023-02-16,0.011030598287729343,3094881.2388054165
2023-02-17,-0.011813750919689808,3058319.0827241484
2023-02-21,-0.0013012947232205216,3054339.308239875
2023-02-22,0.0028372366462447343,3063005.191655279
2023-02-24,0.005387425452268294,3079506.903785233
2023-02-27,0.012594971098592561,3118293.2042363244
2023-02-28,-0.011459961582399224,3082557.6839131196
2023-03-01,0.002912579054933188,3091535.876858908
2023-03-02,0.00017231407204608778,3092068.591994726
2023-03-03,0.015266190328106383,3139272.6996276774
2023-03-06,0.001997233557040205,3145542.560408074
2023-03-07,-0.011952552863472849,3107945.2966704927
2023-03-08,0.008270216538273735,3133648.677263067
2023-03-09,0.004828563846013752,3148779.699972208
2023-03-10,0.028162430679129383,3237456.9899965255
2023-03-13,-0.008752078434960339,3209122.5124902655
2023-03-14,0.006702064837797857,3230630.2596414117
2023-03-15,0.017796770505274395,3288125.044959645
2023-03-16,0.024575761229536634,3368933.220957432
2023-03-17,0.021416154005572625,3441082.813651946
2023-03-20,-0.020506602111384612,3370517.8975600614
2023-03-22,-0.00571890034291472,3351242.2415999053
2023-03-23,-0.014524038856106813,3302568.669066682
2023-03-24,0.0105530656659658,3337420.893097704
2023-03-27,-0.0012623087218178424,3333208.037595969
2023-03-28,0.012016497731498375,3373261.524418353
2023-03-29,-0.009442773632252884,3341408.5794408824
2023-03-30,0.0004344646234306049,3342860.303261077
2023-03-31,-0.007269126929030918,3318560.6274106535
2023-04-03,0.011123242765996442,3355473.78290302
2023-04-04,-0.000101855447350044,3355132.0096197906
2023-04-05,-0.006538021989713153,3333196.082762506
2023-04-06,0.013417857213847743,3377920.4318667697
2023-04-10,0.0014246613293111394,3382732.8244795403
2023-04-11,0.012773324015335564,3425941.5669039288
2023-04-12,0.0024680309212191374,3434396.896625337
2023-04-13,0.009365112288964,3466560.409207103
2023-04-14,0.010621618309639888,3503380.89072101
2023-04-17,0.020327880624627055,3574597.199250186
2023-04-18,0.0009177287396694469,3577877.70983268
2023-04-19,0.0039904744821970504,3592155.139534189
2023-04-20,-0.017636778597528786,3528801.0946502495
2023-04-21,0.006778290601388363,3552720.3339442867
2023-04-24,-0.012662235257084209,3507734.9532732572
2023-04-25,-0.005416160907970744,3488736.496343816
2023-04-26,-0.008540990793399084,3458939.230047948
2023-04-27,-0.00021211445428419694,3458205.5390407643
2023-04-28,0.002123647939063989,3465549.5501066083
2023-05-01,-0.006697668448836787,3442338.4482269785
2023-05-02,-0.013076129553295584,3397325.9847116717
2023-05-08,0.00260903726484596,3406189.734806614
2023-05-09,0.03160477870716545,3513841.6076097954
2023-05-10,0.005367666434833686,3532702.7372642844
2023-05-11,-0.03516009508844142,3408492.5731028747
2023-05-12,0.009004808795074376,3439185.3970030975
2023-05-15,-0.016288622953078896,3383165.8028055793
2023-05-16,-0.020383926081819593,3314203.6011586506
2023-05-17,-0.0014606082177486622,3309362.8481435063
2023-05-18,0.01999103261646001,3375520.4287804444
2023-05-19,-0.021281891767594957,3303682.968355833
2023-05-22,0.00283205903131659,3313039.193542972
2023-05-23,0.005245443226126385,3330417.5525386333
2023-05-24,0.0007660170605993877,3332968.7092027976
2023-05-25,0.004379263564011751,3347564.657631001
2023-05-26,0.0046737771058982,3363210.4286883506
2023-05-30,-0.003698818097108321,3350770.5250903345
2023-05-31,0.01269434298845515,3393306.3554114373
2023-06-01,0.01409614707715867,3441138.900875174
2023-06-02,-0.010659728230088693,3404457.2953898585
2023-06-05,0.014327366742862578,3453234.2036213228
2023-06-06,-0.020950853368925618,3380886.0001726937
2023-06-07,-0.0010868264253792938,3377211.5639265114
2023-06-08,-0.005959793964578748,3357084.0788307167
2023-06-09,0.0026460771561245804,3365967.1823229
2023-06-12,-0.031851150104967176,3258757.25635034
2023-06-13,-0.0069217623652034444,3236200.9130160003
2023-06-14,0.01593146811418995,3287758.344672827
2023-06-15,-0.007548783972364311,3262939.767175554
2023-06-16,0.001280917692176093,3267119.3244518344
2023-06-20,-0.00044569543010966123,3265663.184299303
2023-06-21,0.0034747549302061678,3277010.56354934
2023-06-22,0.0032420212866658077,3287634.701552995
2023-06-23,0.024223814963382235,3367273.756230609
2023-06-26,0.01484867367012321,3417273.3053948474
2023-06-27,0.02629193633973437,3507120.037595763
2023-06-28,0.0019208957548799202,3513856.849587835
2023-06-29,-0.004203128347558904,3499087.6582540683
2023-06-30,0.008462067868370893,3528697.1754955933
2023-07-03,0.002115493862592487,3536162.1127133016
2023-07-05,-0.006376322125151864,3513614.403995884
2023-07-06,0.0021954974141004586,3521328.5353340036
2023-07-07,-0.030029661645010586,3415584.2308770027
2023-07-10,0.0017696620537783455,3421628.6606818694
2023-07-11,-0.009695470856833258,3388454.3597193225
2023-07-12,-0.011337997331927474,3350036.073229467
2023-07-13,-0.011724109825150928,3310759.8823887073
2023-07-14,-0.01095521116971881,3274489.8087449055
2023-07-18,0.002462016381046319,3282551.6562936045
2023-07-19,0.007829200416937743,3308251.4110896783
2023-07-20,-0.0004103526920143267,3306893.8612172776
2023-07-21,0.007151443413622073,3330542.9255406274
2023-07-24,0.00013899089024929068,3331005.840666862
2023-07-25,0.014113520304527847,3378018.059233615
2023-07-26,0.013592035063073247,3423932.1991384127
2023-07-27,-0.010909744915247595,3386577.97223871
2023-07-28,-0.002171692842170119,3379223.3650969486
2023-07-31,0.0012989945075690002,3383612.9576880583
2023-08-01,-0.015300222655572336,3331842.9260551515
2023-08-02,0.008668781151150795,3360725.9432111336
2023-08-03,0.005551056798276299,3379381.5238053394
2023-08-04,0.017084303099259488,3437115.9020460676
2023-08-07,0.028456829474980298,3534925.323156336
2023-08-08,0.006968475591927475,3559558.3639900372
2023-08-09,0.03282755751164467,3676409.970899976
2023-08-10,0.0016509549842367809,3682479.558265531
2023-08-14,-0.02106192303553486,3604919.4572294117
2023-08-15,0.013255104774278595,3652703.042337823
2023-08-16,0.031773301131130534,3768761.4760446195
2023-08-17,-0.018440243660919824,3699264.596126469
2023-08-18,0.009993180796600788,3736232.016050025
2023-08-21,0.01623638546047127,3796894.9192323666
2023-08-22,-0.012637380835007947,3748912.1121475203
2023-08-23,-0.005947437487088821,3726615.691715933
2023-08-24,-0.007218488001593864,3699715.16105873
2023-08-25,-0.004188035468986615,3684220.6227390687
2023-08-28,-0.008110547606830753,3654339.575984276
2023-08-29,-0.0324630820191396,3535708.4506033105
2023-08-30,-0.010661190973512773,3498013.5875847656
2023-08-31,0.010768136280548825,3535680.6746070897
2023-09-01,0.006611574105448271,3559057.089400456
2023-09-05,-0.007731608431617001,3531539.853599441
2023-09-06,-0.012112860445913646,3488762.8041936085
2023-09-07,-0.0001954620586056712,3488080.883433914
2023-09-08,0.005130621202357902,3505976.9051699988
2023-09-11,-0.009220626182070452,3473649.602724454
2023-09-12,0.009936948990481746,3508167.081637534
2023-09-13,0.0053179924961125,3526823.487852791
2023-09-14,0.0041645208106329,3541511.017663383
2023-09-15,-0.019871258059573446,3471136.7383105713
2023-09-19,0.01842071059869851,3535077.5436155004
2023-09-20,0.0018301129972723422,3541547.134974437
2023-09-21,0.0454211118795791,3702408.1436189134
2023-09-22,-0.018166534532770933,3635148.218223448
2023-09-25,0.008973017767476943,3667766.4677729793
2023-09-26,0.0009569246483540488,3671276.243910398
2023-09-27,0.008044220854969652,3700808.8008360164
2023-09-28,-0.010093434565287912,3663454.9293661364
2023-09-29,-0.007154076016966431,3637246.2943167207
2023-10-02,-0.021962014195098817,3557365.0395698664
2023-10-03,0.0005138801177019009,3559193.098735109
2023-10-04,0.007380666885180373,3585462.3173769056
2023-10-05,-0.010842261413303486,3546587.7976443563
2023-10-06,-0.006343768237721482,3524089.066621369
2023-10-10,-0.003565738521747713,3511523.0864824476
2023-10-11,0.0018984957663864854,3518189.6981957033
2023-10-12,0.01640799526919941,3575916.1381198443
2023-10-13,-0.007871367159240344,3547768.7892660503
2023-10-16,-0.02217808232431317,3469086.080990079
2023-10-17,0.005362435272824405,3487688.830555244
2023-10-18,0.006028581798715247,3508714.647958712
2023-10-19,0.014145603293058208,3558347.5334372786
2023-10-20,-0.022417994953029742,3478576.516391556
2023-10-23,0.0026261809908895853,3487711.8879142585
2023-10-24,0.009700011811217846,3521542.7344211517
2023-10-25,-0.0003897146296504832,3520170.3376986086
2023-10-26,0.00019981935423597002,3520873.7358622886
2023-10-27,0.0053124735587983096,3539578.2844879245
2023-10-30,0.0027018520047767695,3549141.7011719327
2023-10-31,-0.001051382282705332,3545410.19646851
2023-11-01,0.03590448133557895,3672706.310694585
2023-11-02,0.03525007513844537,3802169.484108012
2023-11-06,0.024604958410109786,3895721.7061326783
2023-11-07,-0.009071276958974403,3860382.5355812605
2023-11-08,0.06589478034699459,4114761.594818762
2023-11-09,0.02201311817842871,4205340.328081567
2023-11-10,0.011521618997727337,4253792.657097501
2023-11-13,0.007452817364908663,4285495.396879038
2023-11-14,-0.00711457246636563,4255005.929323666
2023-11-15,-0.0011924878503913868,4249931.886449604
2023-11-16,0.0011501967641390758,4254820.14435321
2023-11-17,-0.005446815244647054,4231644.925127716
2023-11-20,-0.013381589867658009,4175018.7882741
2023-11-21,0.00441887289767756,4193467.665644899
2023-11-22,-0.005254845438947331,4171431.6412087115
2023-11-24,-0.0061865600254063825,4145624.828968494
2023-11-27,-0.004593287764759428,4126582.7811643104
2023-11-28,-0.0007668134988869424,4123418.461783439
2023-11-29,-0.007607440726503806,4092049.80024485
2023-11-30,-0.002702045523234648,4080992.8954012454
2023-12-01,-0.0012709710207653715,4075806.071695241
2023-12-04,-0.0027944424195718133,4064416.4663145477
2023-12-05,-0.006513090916926838,4037944.5523451865
2023-12-06,-0.0165056157870947,3971295.7909945846
2023-12-07,0.012177478322190712,4019656.159400428
2023-12-08,-0.0010778876568283812,4015323.4216415165
2023-12-11,0.0018677201269731991,4022822.922012423
2023-12-12,0.025845856748606247,4126796.2269797656
2023-12-13,0.013795738747283905,4183728.4295904557
2023-12-14,-0.008573599487815145,4147858.8176693614
2023-12-15,0.06676964860709564,4424809.893396988
2023-12-18,-0.002608065613659528,4413269.698867038
2023-12-19,-0.005919941647892516,4387143.399773332
2023-12-20,0.0011332597699928622,4392115.172893485
2023-12-21,0.0005167712355860525,4394384.891678218
2023-12-22,0.0009200966430560512,4398428.150465347
2023-12-26,-0.0013616887057437534,4392438.860529833
2023-12-27,0.0039706757369795615,4409879.810939504
2023-12-28,-0.005981720630283902,4383501.141897335
2023-12-29,0.007279284769494609,4415409.8949966105
2024-01-04,-0.013115458042509845,4357499.7717782995
2024-01-05,-0.002898268575015466,4344870.567124117
2024-01-09,-0.01405931183384372,4283784.6769432295
2024-01-10,0.003566954740348128,4299064.743003283
2024-01-11,-0.0011279953598069058,4294215.417921665
2024-01-12,-0.009662982775224276,4252720.488305186
2024-01-16,-0.008318497100574659,4217344.245253664
2024-01-17,-0.02040316758771512,4131297.063842668
2024-01-18,-0.004073770812052394,4114467.1064480683
2024-01-19,-0.007609882613993326,4083156.4947488615
2024-01-22,0.0024853442722347456,4093304.544355724
2024-01-23,-0.034056530610145935,3953900.792844224
2024-01-24,-0.031936319758772376,3827627.752829487
2024-01-25,-0.0013381081878725029,3822505.972793298
2024-01-26,0.005893753695316128,3845034.881495816
2024-01-29,0.005327773204804129,3865520.3553089863
2024-01-30,-0.0025099508127802324,3855818.0893513598
2024-01-31,0.012051600154139967,3902286.8672313225
2024-02-01,-0.007468328204249091,3873143.3081597076
2024-02-02,-0.006888804561913194,3846461.9808695135
2024-02-05,-0.032814944312029665,3720240.545168941
2024-02-06,-0.013061329221490515,3671649.2586253523
2024-02-07,0.009504185998376132,3706545.296100128
2024-02-08,-0.0039412176798558456,3691936.9942479515
2024-02-09,0.005351755090571147,3711695.336850986
2024-02-13,0.0031164187799000167,3723262.5339040156
2024-02-14,0.009693813616642661,3759355.1469535097
2024-02-15,-0.0027171334175217225,3749140.4774553897
2024-02-16,0.00023681680346790074,3750028.3369190125
2024-02-20,0.013392359216557423,3800250.0634793015
2024-02-21,-0.00034046784119338226,3798956.200544194
2024-02-22,-0.01219080901252203,3752643.8510564235
2024-02-26,0.005189048414674102,3772116.5016825846
2024-02-27,0.007520352461331337,3800484.147300442
2024-02-28,-0.019072903004320206,3727997.8817895246
2024-02-29,0.012643009224995729,3775130.9933997546
2024-03-01,0.016450050689314745,3837232.089599984
2024-03-04,-0.004354931163146258,3820521.2079927605
2024-03-05,-0.013745495613317896,3768006.2504877076
2024-03-06,-0.003449383049563039,3755008.953596628
2024-03-07,0.0156353273289687,3813719.747709319
2024-03-08,0.0028163236262540377,3824460.416738704
2024-03-11,-0.02457806154920607,3730462.593223598
2024-03-12,0.0019317130756274653,3737668.776593067
2024-03-13,0.011109532707081187,3779192.530114864
2024-03-14,-0.007195466715380946,3751999.476053406
2024-03-15,-6.247796158211625e-05,3751765.058774285
2024-03-18,-0.00922473465963371,3717156.0216018073
2024-03-19,0.0013913704290639281,3722327.9625704815
2024-03-21,-0.019045863450048318,3651433.0124790673
2024-03-22,-0.0004108358223509023,3649932.8729946264
2024-03-25,0.0026629673931045247,3659652.525222431
2024-03-26,-0.001297585527756039,3654903.8130690865
2024-03-27,-0.003035445784239134,3643809.5506979064
2024-03-28,-0.007002942224675479,3618292.1629366484
2024-04-01,-0.00728668440769391,3591926.809850497
2024-04-02,0.0016327674937515813,3597791.591185556
2024-04-03,0.003570901162374179,3610638.9493605
2024-04-04,-0.0005476562307474972,3608661.560442903
2024-04-05,-0.0016588092522586183,3602675.4792581704
2024-04-08,0.003951623343249952,3616911.895780161
2024-04-09,0.006172717927008979,3639238.0726796556
2024-04-10,-0.017208550025482893,3576612.0622513057
2024-04-11,-0.005683652754042078,3556283.841253551
2024-04-12,0.0031300531480489965,3567415.1986862225
2024-04-15,0.010356991550276045,3604362.8877553423
2024-04-16,0.0017714689518377367,3610747.9047021572
2024-04-17,-0.0011732921265330874,3606511.4426146746
2024-04-18,-0.009567254974799946,3572007.0280736466
2024-04-19,0.005148051981287692,3590395.9059316944
2024-04-22,-0.003643806462415974,3577313.1981270285
2024-04-23,0.005146343321775262,3595723.2800141084
2024-04-24,-0.00635828027152501,3572860.6636209316
2024-04-25,-0.004233343681678594,3557735.5165050738
2024-04-26,-0.0009248726867347568,3554445.0640992317
2024-04-30,-0.0007680814331231566,3551714.960840441
2024-05-01,-0.002966404065191785,3541179.1391422013
2024-05-02,-0.00042801079846512333,3539663.476231349
2024-05-07,0.005583917573534667,3559428.665320676
2024-05-08,0.006627061657205221,3583017.2185501796
2024-05-09,-0.008724014157725014,3551758.9256081753
2024-05-10,-0.0017433372046989212,3545567.0121310414
2024-05-13,0.002524605832487515,3554518.1712893425
2024-05-14,-0.020635033603749797,3481170.5693796477
2024-05-15,1.873340936326352e-05,3481235.7835729877
2024-05-16,0.00678071159663333,3504841.039421276
2024-05-17,-0.008062860861269509,3476581.9937795554
2024-05-20,0.008321332518443131,3505511.7885774267
2024-05-21,0.0007879149658555501,3508273.83377863
2024-05-22,-0.0013884055480009967,3503402.926923905
2024-05-23,0.00046989492163631,3505049.158167713
2024-05-24,0.00013170473919195313,3505510.7897529444
2024-05-28,-0.00263247928752702,3496282.6052067173
2024-05-29,-0.001538804300206634,3490902.5104990876
2024-05-30,-0.005737928118590014,3470871.9628248387
2024-05-31,0.0048322174451495845,3487643.9708734816
2024-06-03,0.0030870302283040104,3498410.43323713
2024-06-04,0.01100584387090085,3536913.392261668
2024-06-05,0.0005835770073150201,3538977.4535942567
2024-06-06,0.003153988289204789,3550139.347038653
2024-06-07,0.0021082728726837825,3557624.009518262
2024-06-10,-0.0005041512169242422,3555830.429044504
2024-06-11,0.0011982839807376585,3560091.3236858477
2024-06-12,-0.002964911109969675,3549535.969367745
2024-06-13,0.006003903882623997,3570847.0421557454
2024-06-14,-0.002380362078459957,3562347.133268617
2024-06-17,0.0034077332589749643,3574486.662074671
2024-06-18,-0.001394144165556737,3569503.312349879
2024-06-20,-0.0027647348788454994,3559634.5820420706
2024-06-21,-0.003126439371344064,3548505.6003371766
2024-06-24,0.00038744643525824546,3549880.4561825213
2024-06-25,0.0074825845164655245,3576442.736719256
2024-06-26,0.008051649479145315,3605239.0000175545
2024-06-27,0.003643799397846627,3618375.7677149116
2024-06-28,0.006166636504328803,3640688.975810481
2024-07-01,-0.007695908479135111,3612670.566651647
2024-07-02,-0.0029768509534971407,3601916.184830639
2024-07-03,-0.0053635963062421315,3582596.9604862877
2024-07-05,-0.007472619379405111,3555825.57701076
2024-07-08,0.0037390745526998323,3569121.0739396
2024-07-09,-0.00315597979893979,3557856.9999302765
2024-07-10,0.009409487555116027,3591334.611094003
2024-07-11,0.0010545414218994516,3595121.8222013027
2024-07-12,-0.004202783018745055,3580012.305256635
2024-07-16,0.0005360862266356617,3581931.5005446696
2024-07-17,-0.00019312814505615018,3581239.7287582513
2024-07-18,-0.01103035724754259,3541737.375160955
2024-07-19,0.0038596381956282635,3555407.20001301
2024-07-22,-0.00356270535568849,3542740.33173987
2024-07-23,-0.010520228416901149,3505469.894228198
2024-07-24,-0.0031927325016557952,3494277.86656332
2024-07-25,0.006052924005682409,3515428.464944366
2024-07-26,-0.001182347137594036,3511272.0081614223
2024-07-29,0.00457698114375602,3527343.033933375
2024-07-30,-0.005126637128445039,3509259.62617085
2024-07-31,0.0017746186667315156,3515487.22380986
2024-08-01,-0.013849241401855152,3466800.3926021797
2024-08-02,0.013784243955407538,3514587.6149585103
2024-08-05,0.02674563027951924,3608587.475893168
2024-08-06,-0.012054903753140557,3565086.301186487
2024-08-07,0.006568768955609198,3588504.529405788
2024-08-08,-0.006121686363740711,3566536.830161903
2024-08-09,-0.004274903892482633,3551290.2279839613
2024-08-13,-0.0025777512999342,3542135.884982332
2024-08-14,-0.0010285951075542736,3538492.461340747
2024-08-15,0.004113853153975168,3553049.299713151
2024-08-16,0.003190111870175929,3564383.9244594867
2024-08-19,0.00096549267054821,3567825.3110135724
2024-08-20,0.0071572888206137995,3593361.2672259924
2024-08-21,-0.007782529702953977,3565395.8264303617
2024-08-22,0.0018535859843374076,3572004.594162848
2024-08-23,0.0018329080029104558,3578551.749969922
2024-08-26,0.0019397973762308191,3585493.4152652198
2024-08-27,0.0036875903061469534,3598715.2460261052
2024-08-28,0.002463433535478858,3607580.4418478054
2024-08-29,-0.0008400427098315587,3604549.9201975004
2024-08-30,-0.005101560274080075,3586161.0915186824
2024-09-03,0.001550506497700567,3591721.457592883
2024-09-04,-0.0007470377093902983,3589038.306222435
2024-09-05,-0.0011612264254390813,3584870.620099337
2024-09-06,-0.0035042676203794975,3572308.274062073
2024-09-09,-0.00930031446800546,3539084.6837366377
2024-09-10,-0.0010646654669731325,3535316.74248917
2024-09-11,-0.004749488992372581,3518525.794536167
2024-09-12,0.002144370428577561,3526070.8172021573
2024-09-13,-0.00243970523892267,3517468.243756617
2024-09-17,0.013847290799156425,3566175.649404713
2024-09-18,-0.0007516910208245178,3563494.9871903723
2024-09-19,0.0024205255603115196,3572120.5178909088
2024-09-20,-0.0008946684185843711,3568924.6544761746
2024-09-24,0.008907675196030938,3600715.476097355
2024-09-25,0.005261485993205765,3619660.590140361
2024-09-26,0.005754358296496112,3640489.414087735
2024-09-27,0.012581268964588999,3686291.390569112
2024-09-30,0.061016209133510274,3911214.916983135
2024-10-01,0.002008066571740125,3919068.89691282
2024-10-02,-0.007359136055464632,3890227.935689699
2024-10-03,-0.02030926088360051,3811220.281647106
2024-10-04,0.0007524039508404824,3814087.8588445405
2024-10-07,0.006810848364574329,3840065.0329002948
2024-10-08,-0.011402031561086975,3796280.490198539
2024-10-09,0.0061114205463465715,3819481.1567860334
2024-10-10,-0.007813309612399415,3789638.3679493386
2024-10-11,0.0014898290722856612,3795284.2813633583
2024-10-15,-0.005742067071972558,3773491.5044625667
2024-10-16,0.01219900048310394,3819524.3291484937
2024-10-17,-0.004718108055709954,3801503.400642158
2024-10-18,-0.007896391200627366,3771485.242640172
2024-10-21,0.005110119279119477,3790757.9820895023
2024-10-22,-0.0018767789642968932,3783643.567249976
2024-10-23,-0.00035809813927089744,3782288.6515288795
2024-10-24,0.002563703518786983,3791985.318253872
2024-10-25,-0.0008314973671737648,3788832.292445382
2024-10-28,0.008266299502624495,3820151.914939951
2024-10-29,0.0020977143420599425,3828165.5024007685
2024-10-30,0.0020122347305675825,3835868.66997906
2024-10-31,-0.016212160095931707,3773680.952994391
2024-11-01,0.008006490233345015,3803894.8926883005
2024-11-05,-0.006530325158166996,3779054.2221715553
2024-11-06,-0.03438032783923031,3649129.09909107
2024-11-07,0.0005797696154505096,3651244.753265579
2024-11-08,0.0058854044739912155,3672733.8054720853
2024-11-11,-0.01575699050428925,3614862.5737744793
2024-11-12,-0.008108287981880097,3585552.2270113956
2024-11-13,-0.009195522357418238,3552581.2013442214
2024-11-14,0.0018156081442726288,3559031.2967065717
2024-11-15,-0.0021908195066897684,3551234.1015168275
2024-11-18,-0.0004064313217057661,3549790.7687472613
2024-11-19,0.0007624144099780979,3552497.1803817614
2024-11-20,0.00295574127684872,3562997.4429337042
2024-11-21,0.0008621062142239517,3566069.1251705214
2024-11-22,-0.0009579894772359935,3562652.8684735117
2024-11-25,0.0004976964510705325,3564425.9881625473
2024-11-26,0.0027773278238628677,3574325.5676355716
2024-11-27,-1.6813189685770512e-05,3574265.4718218045
2024-11-29,1.9413032040804358e-05,3574334.8591519315
2024-12-02,-0.00213416614108672,3566706.6347186235
2024-12-03,0.004325641925444054,3582134.930473522
2024-12-04,-0.0001148277130188421,3581723.6021117307
2024-12-05,0.00378895586621138,3595294.5947650997
2024-12-06,-0.009024565492105403,3562848.6232312294
2024-12-09,0.0004664816750535736,3564510.6268249564
2024-12-10,0.0030592949072884732,3575415.516032578
2024-12-11,-0.0011463109762617205,3571316.9779818533
2024-12-12,0.0032749134578004347,3583012.7320151175
2024-12-13,-0.0007701978573710123,3580253.1032859865
2024-12-16,0.0040334966138544604,3594694.0420548324
2024-12-17,0.00971864500313521,3629629.597344449
2024-12-18,-0.013156599845554845,3581876.0131446053
2024-12-19,-0.0016694520916361098,3575896.24274248
2024-12-20,-0.003635074374582507,3562897.5939443205
2024-12-23,0.006017536394061327,3584337.4598841937
2024-12-24,0.010723249296227016,3622773.2040283373
2024-12-26,-0.002196358907323227,3614816.2938324576
2024-12-27,0.0014085668532775855,3619908.0042446377
2024-12-30,0.0051442582093053305,3638529.745712403
2025-01-06,0.0058914228889162265,3659965.8631382957
2025-01-07,-0.0035940002984720504,3646811.9447337794
2025-01-08,0.024797677796778484,3737244.412324731
2025-01-10,0.00037707879194369225,3738653.6479329285
2025-01-14,-0.0030808135979180002,3727135.552936471
2025-01-15,0.0005203389614634457,3729074.9267793195
2025-01-16,0.012020172656418623,3773899.0512479288
2025-01-17,0.000493611560647074,3775761.89144834
2025-01-21,0.0005205478541765545,3777727.3561988147
2025-01-22,-0.0036568589772378248,3763912.7400027425
2025-01-23,-0.013398606979680509,3713481.5524936332
2025-01-24,0.024835149740074818,3805706.422906818
2025-01-27,-0.00825374569587516,3774295.0898989863
2025-01-28,0.007305960059549632,3801869.939078742
2025-01-29,0.003127006653691384,3813758.411674711
2025-01-30,0.006703139839741207,3839322.567623156
2025-01-31,-0.040822413279049924,3682592.1550560608
2025-02-03,-0.0009286090958609088,3679172.46648453
2025-02-04,-0.008472448382900049,3648000.8676704527
2025-02-05,-0.009225040282634338,3614347.9127151077
2025-02-06,-0.0020700141762297754,3606866.161297961
2025-02-07,0.001541445327762799,3612425.94829016
2025-02-10,-0.0007994255695957899,3609538.0826188256
2025-02-12,-0.001757813408052795,3603193.188180321
2025-02-13,-0.00924976648150046,3569864.49260192
2025-02-14,0.002485006789389051,3578735.6301032347
2025-02-18,-0.00014133962085407207,3578229.812966139
2025-02-19,0.000832344001218946,3581208.1310859444
2025-02-20,0.002285377032901153,3589392.5418987675
2025-02-21,0.0005040810781760103,3591201.886761285
2025-02-25,0.002841775441005891,3601407.2760867774
2025-02-26,0.0024635239902621336,3610279.429310122
2025-02-27,0.004785937143417846,3627557.9997289744
2025-02-28,-0.0040190646062988064,3612978.6097649676
2025-03-03,7.161174268679676e-05,3613237.3414595034
2025-03-04,0.001652401064201568,3619207.858687744
2025-03-05,-0.0018208004561904845,3612618.0033675972
2025-03-06,0.004042203563914495,3627220.9407358714
2025-03-07,-0.004019732089559957,3612640.4843244716
2025-03-10,0.009113922042788323,3645565.808067226
2025-03-11,0.015653900440175263,3702633.132274817
2025-03-12,-0.018217880326033244,3635179.004979829
2025-03-13,-0.02107137717259684,3558580.7770759934
2025-03-14,0.00037137676151123133,3559902.35128056
2025-03-17,-0.003393512913605341,3547821.7766803154
2025-03-18,0.01035667266970183,3584565.4055118333
2025-03-19,-0.003404072397685348,3572363.2853572327
2025-03-21,0.002512324874904391,3581338.222501231
2025-03-24,-0.0027576539337344163,3571462.131063917
2025-03-25,-0.00038410014113675524,3570090.331955311
2025-03-26,0.004294198118108496,3585421.007140271
2025-03-27,0.0028673304733699808,3595701.594053905
2025-03-28,0.0031088136742073087,3606879.9603378684
2025-03-31,0.0007518882560267695,3609591.9310209444
2025-04-01,0.0017714114258657679,3615986.0034102676
2025-04-02,0.006667260374865702,3640094.723606874
2025-04-03,-0.006863482628730679,3615110.996704464
2025-04-04,0.009999882297194456,3651261.681162802
2025-04-07,0.01937503479179614,3722005.003269283
2025-04-08,-0.00644791950970132,3698005.814593497
2025-04-09,0.005505053030469214,3718363.532709818
2025-04-10,-0.056206428303162484,3509367.5994034694
2025-04-11,-0.00623731725092984,3487478.560335856
2025-04-14,0.00036807540005810827,3488762.215402146
2025-04-15,-0.002755588789439169,3479148.621352365
2025-04-16,-0.002069831200820476,3471947.370983598
2025-04-17,0.0026446547695067107,3481129.473157746
2025-04-21,-0.0027414947142027518,3471585.9751076284
2025-04-22,0.001967392843037251,3478415.9485090435
2025-04-23,-0.006505894584940718,3455785.7410254674
2025-04-24,-0.002379672867381466,3447562.1014620652
2025-04-25,0.003895918134046507,3460993.521171403
2025-04-28,0.0018888853258326077,3467530.941046345
2025-04-30,-0.0022353110852276164,3459779.9306954546
2025-05-01,-0.0010777364869004984,3456051.199627498
2025-05-02,-0.001743684377895327,3450024.9371415013
2025-05-07,0.0020462722163084707,3457084.627315945
2025-05-08,0.000646882544198708,3459320.9550151736
2025-05-09,0.00040489955212803043,3460721.632520526
2025-05-12,-0.0024939908359251158,3452090.624483332
2025-05-13,0.0021019794642263712,3459346.848084644
2025-05-14,0.003469115652436113,3471347.7223825394
2025-05-15,-0.011874104135141051,3430128.578037685
2025-05-16,0.004078004317234144,3444116.657187591
2025-05-19,-0.004309134974541308,3429275.4936437034
2025-05-20,-0.0074114351883153,3403859.640579685
2025-05-21,0.0012103509947325526,3407979.5054815905
2025-05-22,-0.005274660252895807,3390003.571441343
2025-05-23,0.003016583742525125,3400229.8011020552
2025-05-27,0.0023620331846928846,3408261.2567278403
2025-05-28,-2.7482559984475662e-05,3408167.588983409
2025-05-29,0.009908862244530626,3441938.65212892
2025-05-30,0.005743781086078218,3461708.39425846
2025-06-02,-0.005389321130011514,3443052.1360633443
2025-06-03,-0.003527439532998129,3430906.977844421
2025-06-04,0.004629205535671415,3446789.3514186316
2025-06-05,-0.002213655299906933,3439159.347903201
2025-06-06,0.006369644550050616,3461065.5705003277
2025-06-09,0.0020500503892492273,3468160.9293203494
2025-06-10,-0.014408957999086279,3418188.3441557004
2025-06-11,0.0030360623271854952,3428566.177014616
2025-06-12,0.0026022308099792994,3437488.0975544965
2025-06-13,0.004517378752616296,3453016.5332487603
2025-06-16,-0.01085428528917529,3415536.506688639
2025-06-17,0.0026891659802278007,3424721.451266652
2025-06-18,-0.002992323699908708,3414473.5761024407
2025-06-20,-0.003061530308185745,3404020.0617627036
2025-06-23,-0.0020185590239676287,3397148.8463492654
2025-06-24,0.0002597824956861619,3398031.3661547876
2025-06-25,-0.004000090023297564,3384438.9347881796
2025-06-26,-0.0012437447714107792,3380229.5565588777
2025-06-27,-0.0024659153182139495,3371894.1967162797
2025-06-30,-0.0028260584980556373,3362365.0264671054
2025-07-01,0.013340383888370708,3407220.2666930086
2025-07-02,0.016122434478889964,3462152.9521979126
2025-07-03,0.0017175068088806902,3468099.2234666985
2025-07-07,-0.005514307438369389,3448975.0581217334
2025-07-08,-0.005964038318944582,3428405.2387140114
2025-07-09,0.004562229539770183,3444046.4103683755
2025-07-10,-0.007038518250891184,3419805.4268520814
2025-07-11,-0.006160145801119056,3398738.9268112145
2025-07-14,-0.0017194344480211804,3392895.0180206248
2025-07-15,0.001079324252938112,3396557.0519012474
2025-07-16,0.002282849169362579,3404310.8793458724
2025-07-17,-0.0012783468215400576,3399958.9893537266
2025-07-18,-0.0034499260404932132,3388229.3822997464
2025-07-22,-0.0010873737998274384,3384545.110441628
2025-07-23,0.0012883202553465754,3388905.4884625445
2025-07-24,0.00014277234251928303,3389389.330437709
2025-07-25,0.0077348259373084425,3415605.6669424153
2025-07-28,-0.0050022501431958135,3398519.953005852
2025-07-29,-0.0002905104086589547,3397532.647585469
2025-07-30,-0.006738647673376219,3374637.8721145974
2025-07-31,-0.0020550239154810577,3367702.9105813135
2025-08-01,0.013448816899178167,3412994.5303965514
2025-08-04,-0.009772911987884552,3379639.6352358544
2025-08-05,0.004593883505462816,3395165.3060105727
2025-08-06,0.00659853004585723,3417568.406292936
2025-08-07,0.002613823158773327,3426501.3257399965
2025-08-08,-0.013339321698429987,3380794.122255854
2025-08-12,0.0011727094201372387,3384758.811370568
2025-08-13,-0.02346079730308905,3305349.6709771585
2025-08-14,-0.0022987545936647828,3297751.4832373313
2025-08-15,0.0032731282449015233,3308545.446761781
2025-08-18,-0.004129737778218784,3294882.021639335
2025-08-19,0.0045332699260182685,3309818.6112178112
2025-08-20,-0.001379962993806038,3305251.18401812
2025-08-21,0.004387707615685644,3319753.659809991
2025-08-22,0.0028083864279048547,3329076.8109321888
2025-08-25,-0.001980939582368405,3322482.1109046685
2025-08-26,0.002722547923227646,3331527.7276756726
2025-08-27,-0.007362814711630679,3306998.306310137
2025-08-28,0.006293142481845089,3327809.7178389668
2025-08-29,-0.0008968264114688063,3324825.250191666
2025-09-02,0.0013151364891871135,3329197.8491983637
2025-09-03,0.005716035209850836,3348227.6613249416
2025-09-04,-0.0020598475687339125,3341330.822717194
2025-09-05,0.0019504471037502672,3347847.9117430346
2025-09-08,-0.0047040876073679285,3332099.3418700513
2025-09-09,-0.0024607484857225013,3323899.8834602674
2025-09-10,-0.002335020875073786,3316138.5078457324
2025-09-11,0.005108199967047192,3333078.006462234
2025-09-12,0.002795921053527347,3342397.029433551
2025-09-16,0.006965044496052267,3365676.9734670282
2025-09-17,-0.0007453463610960326,3363168.3783822297
2025-09-18,0.004193035557165873,3377270.262977522
2025-09-19,0.002333759745320954,3385152.0003663287
2025-09-22,-0.0030954496347049324,3374673.432843374
2025-09-24,-0.0065265167745172875,3352648.570075404
2025-09-25,-0.003009958216623972,3342557.2379644527
2025-09-26,-0.0076191540795959994,3317089.7793485327
2025-09-29,0.004338320938389548,3331480.3793927985
2025-09-30,-0.002365890031529531,3323598.463172957
2025-10-01,-4.983249014870566e-05,3323432.8399852826
2025-10-02,-0.001514988461788025,3318397.8775791777
2025-10-03,-0.018652263488827092,3256502.246005806
2025-10-06,0.00023128028580466685,3257255.410775986
2025-10-07,-0.004331992793785951,3243145.003808984
2025-10-08,0.002926717922244141,3252636.774416068
2025-10-09,-0.0006860535564216532,3250405.291389232
2025-10-10,0.006649876751338671,3272020.0859688697
2025-10-14,0.0010944177755329132,3275601.042912855
2025-10-15,0.0056207968027149864,3294012.530781829
2025-10-16,0.008524511005549781,3322092.3768528975
2025-10-17,0.0001132526970914477,3322468.612774563
2025-10-20,0.004118932197825789,3336153.635719986
2025-10-21,-0.005531105037505448,3317701.0195395635
2025-10-22,0.006268834939061783,3338499.139608214
2025-10-23,0.002866633923661186,3348069.3944959287
2025-10-24,0.0008224339984203637,3350822.960595033
2025-10-27,-0.003000242750751956,3340769.6782984547
2025-10-28,-0.004367968364887222,3326177.3020292725
2025-10-29,-0.002712397421308301,3317155.387292434
2025-10-30,-0.0022908812561799495,3309556.1781918495
2025-10-31,-0.015678142871840217,3257668.4835877763
2025-11-04,-0.002888236965341442,3248259.5650526504
2025-11-05,-0.01382008741762191,3203368.3339084964
2025-11-06,0.00632303725583234,3223623.351227953
2025-11-07,0.0015671323740541181,3228675.1957434188
2025-11-10,0.002645221093050853,3237215.755473809
2025-11-11,-0.0003234160601211363,3236168.7879084116
2025-11-12,0.0016489541556322666,3241505.081879561
2025-11-13,0.0044715909900723575,3255999.7667979673
2025-11-14,0.006606108654100751,3277509.255035161
2025-11-17,-0.0030591531682229085,3267482.8522137403
2025-11-18,0.004311774662910373,3281571.50198741
2025-11-19,0.01463578879956319,3329599.8894211627
2025-11-20,0.01135944131612155,3367422.283971207
2025-11-21,-0.0036236451108403586,3355219.94067576
2025-11-25,0.01036736287078042,3390004.723312024
2025-11-26,0.003493653410181563,3401848.224874154
2025-11-28,0.0009680634173103904,3405141.4296918972
2025-12-01,0.010294050572952835,3440194.127777202
2025-12-02,-0.0012340581805646905,3435948.728071088
2025-12-03,-0.0010970414864280194,3432179.3497711546
2025-12-04,-0.0005440535628795208,3430312.06036747
2025-12-05,0.004120664212880265,3444447.2245136374
2025-12-08,0.008643280554084259,3474218.548228846
2025-12-09,0.0035315294871347195,3486487.8534766664
2025-12-10,-0.002049595747139477,3479341.962799727
2025-12-11,-0.0007249645797078406,3476819.563116006
2025-12-12,0.008183277132105468,3505271.3411393105
2025-12-15,0.008673634378844835,3535674.7831509965
2025-12-16,0.002329909102409205,3543912.5840114187
2025-12-17,-0.0006896503998231483,3541468.5232809167
2025-12-18,-0.009864590508367249,3506533.3865004783
2025-12-19,-0.006087842244374116,3485186.1644188324
2025-12-22,-0.002645439439755342,3475966.315484589
2025-12-23,-0.0007593309137570864,3473326.906806063
2025-12-24,0.0013535258242989333,3478028.144470657
2025-12-26,0.005200056192630019,3496114.086261453
2025-12-29,0.001913099230752086,3502802.4994305014
2025-12-30,0.006318095028614959,3524933.5384883736
2026-01-05,-0.013809437764015092,3476256.1881663287
2026-01-06,0.0016787304422207214,3482091.8852543617
2026-01-07,0.0035355013647441194,3494402.8258668426
2026-01-08,0.010565784517925546,3531323.9331437815
2026-01-09,0.0009225552677897035,3534581.774640575
2026-01-13,-0.002477635267516983,3525824.3701798026
2026-01-14,0.0031686400529958524,3536996.438498983
2026-01-15,0.006411412241487109,3559673.580762872
2026-01-16,-0.010081336804848528,3523787.31247988
2026-01-20,-0.003062700803789891,3512995.0062455633
2026-01-21,0.00411720483923549,3527458.726285488
2026-01-22,0.004900628692704717,3544745.491731854
2026-01-23,-0.001388962237326933,3539821.9741029036
2026-01-26,0.0016302040605276644,3545592.606258631
2026-01-27,-0.01872316124819938,3479207.9041712275
2026-01-28,-0.011773561939698779,3438245.2344103777
2026-01-29,-0.0031761040924629304,3427325.009650476
2026-01-30,-0.0008211275423942451,3424510.7386883153
2026-02-02,0.010233274150769167,3459554.695909566
2026-02-03,-0.00029329667378395795,3458540.0200244817
2026-02-04,-0.0006436015504777126,3456314.098305205
2026-02-05,0.007651571701956884,3482760.333452872
2026-02-06,-0.01315276754146595,3436952.3963843277
2026-02-09,0.0034750792745222837,3448896.078424522
2026-02-10,0.008696027131480282,3478887.7722961577
2026-02-12,0.021932241925915252,3555187.5805512657
2026-02-13,0.0005190358452580081,3557032.850342188
2026-02-17,0.0006988169796332116,3559518.5652951202
2026-02-18,-0.0028701136865060643,3549302.3423434943
2026-02-19,-0.0011638794196813685,3545171.382393014
2026-02-20,0.006077519099688807,3566717.2291811784
2026-02-24,0.00011324152704930037,3567121.129686764
2026-02-25,0.002154058945523021,3574804.9188659303
2026-02-26,0.005463957499332984,3594337.50101102
2026-02-27,0.00562485008836848,3614555.110621208
2026-03-02,-0.006349959851627989,3591602.830787266
2026-03-03,-0.006172617825745941,3569433.239130949
2026-03-04,-0.011783407257992491,3527373.153594054
2026-03-05,-0.00965823811667431,3493304.943750278
2026-03-06,0.0036690201573970458,3506121.9500048324
2026-03-09,0.006083453808027748,3527451.2809329988
2026-03-10,-0.008748772724938661,3496590.411377822
2026-03-11,0.0035874693902215355,3509134.322448782
2026-03-12,-0.010837662370465552,3471103.50944947
2026-03-13,0.0009538446622496773,3474414.4030040745
2026-03-16,0.00232967515477722,3482508.659916153
2026-03-17,0.0047776396629706655,3499146.831416407
2026-03-18,0.0035028697289170786,3511403.8869292117
2026-03-19,0.003473657242449175,3523601.3004722074
2026-03-23,0.008426763130437075,3553293.853997387
2026-03-24,-0.00395877786469257,3539227.152941434
2026-03-25,-0.0018073299668692566,3532830.6016483656
2026-03-26,0.0,3532830.6016483656
2026-03-27,0.0,3532830.6016483656
2026-03-30,0.0,3532830.6016483656
