,MOM
2010-04-07,0.00460512541749504
2010-04-08,0.00628410932066498
2010-04-09,0.00197076867650906
2010-04-12,0.0033076591671006394
2010-04-13,-0.00442738317078384
2010-04-14,-0.003992703771898681
2010-04-15,0.0015621538398504155
2010-04-16,-0.0028178928587059004
2010-04-19,0.0031095798341415374
2010-04-20,-0.00636933982731532
2010-04-21,-0.004008323541919739
2010-04-22,0.006230425493390103
2010-04-23,-0.00020931310775748027
2010-04-26,0.0027253020501971795
2010-04-27,0.00444689879784342
2010-04-28,0.00642073650377664
2010-04-30,0.00204383271056488
2010-05-06,-0.01331652485974728
2010-05-07,-0.0036760097539357767
2010-05-10,-0.00609147703778598
2010-05-11,-0.01070024978532808
2010-05-12,-0.007822585581888277
2010-05-13,0.0004271848980508205
2010-05-14,-0.00167685289462548
2010-05-17,-0.00101572995710956
2010-05-18,-0.004648838923988781
2010-05-19,0.00542092729822438
2010-05-20,-0.00633388270186714
2010-05-21,0.006230918547406477
2010-05-24,-0.008128700501789939
2010-05-25,-0.0036696384440789986
2010-05-26,0.00477532145537852
2010-05-27,-0.005625668272964559
2010-05-28,-0.00084740394853598
2010-06-01,-0.0005136669562283999
2010-06-02,-0.0015353314530885
2010-06-03,0.002339588589806099
2010-06-04,-0.0024685148715701795
2010-06-07,0.00962011482741434
2010-06-08,-0.003792672667192999
2010-06-09,0.0037403205380801795
2010-06-10,0.00108193154105552
2010-06-11,0.0045930600702499165
2010-06-14,0.0002220751433391967
2010-06-15,-0.0010138967682929705
2010-06-16,-0.0045359042812401764
2010-06-17,-0.00260245473345144
2010-06-18,0.006890722301579861
2010-06-21,-0.00719388946760806
2010-06-22,-0.0006079558823451597
2010-06-23,0.00240171095196301
2010-06-24,0.0009170143942639035
2010-06-25,0.008902441408547141
2010-06-28,0.00353541239580916
2010-06-29,0.00791117327837346
2010-06-30,-0.0021329013966425656
2010-07-01,0.00900548469688342
2010-07-02,0.0049598319197912966
2010-07-06,-0.0098511143919653
2010-07-07,-9.680685497403998e-05
2010-07-08,0.002710500623059655
2010-07-09,0.0046407825393662205
2010-07-12,-0.004894143432769982
2010-07-13,0.00798156458404016
2010-07-14,-0.001798232704542624
2010-07-15,0.011849627216207899
2010-07-16,0.008471807607834355
2010-07-21,0.012472234186204622
2010-07-22,0.00010211079739315984
2010-07-23,-0.00633066013478316
2010-07-26,-0.0009133198010201999
2010-07-27,-0.0012958582217592355
2010-07-28,-0.00809841993237654
2010-07-29,0.00252724310061494
2010-07-30,-0.0009606298830993399
2010-08-02,-0.00437950445667096
2010-08-03,0.0050055847246064196
2010-08-04,0.004420075130156541
2010-08-05,-0.00418947651675616
2010-08-06,-0.0128087880429735
2010-08-09,0.0009801740612152001
2010-08-10,0.0035912780458403604
2010-08-11,0.00438179885818398
2010-08-12,0.0013346812911436798
2010-08-13,-0.0018628731433074008
2010-08-16,0.0032811340428219133
2010-08-17,-0.0013562712932872793
2010-08-18,-0.005002671218614179
2010-08-19,-0.001992522751027663
2010-08-20,0.001080470474975996
2010-08-23,0.0022922648836571006
2010-08-24,0.0037315557042229
2010-08-25,0.00039614267623666035
2010-08-26,0.003845457182678216
2010-08-27,0.000422435124770559
2010-08-30,0.0020158675556679203
2010-08-31,0.0092468835587648
2010-09-01,-0.00354765443884472
2010-09-02,0.0026579161074346165
2010-09-03,-0.00287450714858578
2010-09-07,-0.00378924894434702
2010-09-08,-0.0006577358287361203
2010-09-09,-0.0020192109954042
2010-09-10,-0.00232602886318308
2010-09-13,-0.0024333749070982757
2010-09-14,-0.00583916699271016
2010-09-16,0.00282149327449884
2010-09-17,-0.001231413958767465
2010-09-21,0.0056452939023383195
2010-09-22,-0.003334019613308379
2010-09-24,0.0049442400829878596
2010-09-27,0.0037592459606658004
2010-09-28,0.004696402632045167
2010-09-29,0.005820707692615801
2010-09-30,-0.0034043095473041372
2010-10-01,-0.00204017626718578
2010-10-04,0.01025878318733688
2010-10-05,-0.0045797746484888754
2010-10-06,0.0002064553190943598
2010-10-07,0.0016220451076243948
2010-10-08,0.0022652006656693597
2010-10-12,0.00664753425849756
2010-10-13,-0.0033679964389339598
2010-10-14,0.0009675828059220607
2010-10-15,0.003442645903779614
2010-10-18,-0.0057769946228745745
2010-10-19,-0.00269240879566304
2010-10-20,0.0008974870637782286
2010-10-21,-0.00424273555642158
2010-10-22,0.00045044929409278
2010-10-25,0.0028676493827373903
2010-10-26,0.00344996251924744
2010-10-27,-0.0005464653198795797
2010-10-28,-0.0021712409655486728
2010-10-29,-0.010243641990806678
2010-11-01,0.00514213767484718
2010-11-02,0.00228593320044708
2010-11-04,0.004351374712930526
2010-11-05,-0.0018201008537286137
2010-11-08,0.00648945538487718
2010-11-09,-0.0006881933095628039
2010-11-10,-0.0077376542090732
2010-11-11,-0.011578694010007357
2010-11-12,-0.0057539981268158995
2010-11-15,0.0021693127452702566
2010-11-16,0.0016093025611416004
2010-11-17,-0.00157129070939908
2010-11-18,0.005882101928006381
2010-11-19,-0.00036583702752655996
2010-11-22,0.00013990386988958032
2010-11-24,0.01132713419065718
2010-11-26,-0.0036376900932774655
2010-11-29,0.0010664206314513
2010-11-30,-0.00042327305061136064
2010-12-01,0.005348618904288623
2010-12-02,0.0035458255375340236
2010-12-03,-0.0006419324181183798
2010-12-06,3.502375707860008e-05
2010-12-07,-0.00800976996673392
2010-12-08,0.0002663870960594992
2010-12-09,-0.00017102658974500317
2010-12-10,-0.004350402617986001
2010-12-13,2.2024023952920205e-05
2010-12-14,0.00259957701724656
2010-12-15,0.0004590362504280003
2010-12-16,-0.0002588364719146799
2010-12-17,-0.0024530718820278134
2010-12-20,-0.0027508233161049295
2010-12-21,0.00397724664787988
2010-12-22,0.0030771793170763597
2010-12-27,0.00158558567860384
2010-12-28,0.00020710966633450008
2010-12-29,-0.00196862875835534
2010-12-30,-0.0021099817682578388
2011-01-04,0.004052935738704714
2011-01-05,0.0007073866322547804
2011-01-06,0.00436869067724582
2011-01-07,0.0027858248985272796
2011-01-11,0.0026482013287124494
2011-01-12,0.0034636308817455
2011-01-13,0.0005094611367110023
2011-01-14,-5.907009477247984e-05
2011-01-18,0.00741500764880494
2011-01-19,0.0009764006764824803
2011-01-20,-0.00478824127413454
2011-01-21,-0.017438746599339763
2011-01-24,-0.0011120132428043801
2011-01-25,0.014489979530762481
2011-01-26,0.0018837569967768198
2011-01-27,0.0037179721715365393
2011-01-28,0.001801492403230921
2011-01-31,0.0029616956472585595
2011-02-01,-0.0026700638793190398
2011-02-02,0.00902015585516908
2011-02-03,-0.01035469555120664
2011-02-04,-0.0028751586160530003
2011-02-07,-0.0020194636688785792
2011-02-08,0.0022662569468549403
2011-02-09,-0.01153104845740692
2011-02-10,0.007354230643169579
2011-02-14,0.11809901591584249
2011-02-15,0.00509434820502782
2011-02-16,0.004713780291568919
2011-02-17,-0.0053287119144335635
2011-02-18,-0.0009335830266230602
2011-02-22,-0.0153569338436744
2011-02-23,0.00352781683417798
2011-02-24,-0.0054985239643977005
2011-02-25,0.006266565820191361
2011-02-28,0.006257310171935499
2011-03-01,0.00947361022310464
2011-03-02,-0.0021394414924781613
2011-03-03,0.0005712201522189767
2011-03-04,-0.00204496271368238
2011-03-07,-0.0002707112179610406
2011-03-08,-0.002772307792589859
2011-03-09,-0.006041931765393541
2011-03-10,-0.0162653651054755
2011-03-11,-0.003215833717496062
2011-03-14,-0.004160389798387301
2011-03-15,0.009624217072179517
2011-03-16,-0.011637177031542704
2011-03-17,0.017435309640124737
2011-03-18,0.0038290052579282993
2011-03-22,-0.031072529994340944
2011-03-23,-0.00025501758559297837
2011-03-24,0.00964665952608198
2011-03-25,-0.010975946570309779
2011-03-28,0.010242156357714378
2011-03-29,0.00906231256281604
2011-03-30,0.012588248428588418
2011-03-31,-0.0030980464952204993
2011-04-01,0.007921595695121979
2011-04-04,0.008618045507255099
2011-04-05,-0.01278060105149896
2011-04-06,-0.00573821186717074
2011-04-07,-0.0060415938852614
2011-04-08,-0.0034330678880191805
2011-04-11,0.00320993484718582
2011-04-12,-0.0029246310230600994
2011-04-13,0.00412018585043174
2011-04-14,-0.0007667796168987608
2011-04-15,-0.00022309244687053996
2011-04-18,0.00620660551294278
2011-04-19,-0.0033463470940659798
2011-04-20,0.0014562998061364396
2011-04-21,0.0006776797850765262
2011-04-25,-3.723916685766007e-05
2011-04-26,0.0013105733295343206
2011-04-27,0.00402345805086324
2011-04-28,0.0003152634000059204
2011-05-02,-0.007356712495701239
2011-05-06,-0.0015949302668016602
2011-05-09,0.00017783838905618098
2011-05-10,0.0006849553737457831
2011-05-11,-0.00041036235231344063
2011-05-12,-0.001464516851805501
2011-05-13,0.0029417455676567627
2011-05-16,0.006611200453438539
2011-05-17,0.014238940015658659
2011-05-18,-0.0011841816510658604
2011-05-19,0.009701038891474879
2011-05-20,0.0022659213096595998
2011-05-23,0.0006138667039464994
2011-05-24,-0.004540875837100019
2011-05-25,0.0014376425473322197
2011-05-26,0.00113556108954374
2011-05-27,-0.0018096517488606595
2011-05-31,-0.0024560904927764405
2011-06-01,0.005052406663994761
2011-06-02,0.00020916648735453655
2011-06-03,-0.0019786214545736373
2011-06-06,0.01904535833455462
2011-06-07,0.0006983298424866786
2011-06-08,0.0005696560823809599
2011-06-09,1.881691631912025e-05
2011-06-10,0.00836490134395658
2011-06-13,-0.0014310258321011203
2011-06-14,-0.02547257355911964
2011-06-15,0.004379816727419307
2011-06-16,0.00023674601866054005
2011-06-17,0.002051407760316459
2011-06-20,-0.01049629167687972
2011-06-21,-0.0082713169577656
2011-06-22,-0.00721339234476554
2011-06-23,0.0031702642622057796
2011-06-24,-0.0035708136976217997
2011-06-27,0.004505974180627986
2011-06-28,-0.0009359105679146799
2011-06-29,0.0014896987603105795
2011-06-30,3.268768274377622e-05
2011-07-01,-0.0007362721016021406
2011-07-05,0.0008195226366871397
2011-07-06,-0.0028181970149204804
2011-07-07,0.00196245179948558
2011-07-08,-0.0009332757955371599
2011-07-11,-0.00013481083996355972
2011-07-12,0.004150976157282219
2011-07-13,-0.004572429946013161
2011-07-14,0.0036258387177702327
2011-07-15,0.00024239248138432004
2011-07-19,0.00138876455176158
2011-07-20,-0.00183022617527836
2011-07-21,-0.00013102058031508004
2011-07-22,0.00317848204310662
2011-07-25,0.0022718643916634198
2011-07-26,-0.0005932130889198399
2011-07-27,0.0035632750896088003
2011-07-28,-0.004519131272431235
2011-07-29,0.007534755799914996
2011-08-01,-0.00099304242193604
2011-08-02,0.0019573706333484596
2011-08-03,0.0003085040558856002
2011-08-04,0.0025490698263466605
2011-08-05,0.0021098798067276207
2011-08-08,0.008265780659820159
2011-08-09,-0.00991625791946144
2011-08-10,-0.0005673305677277593
2011-08-11,-0.003384900628706781
2011-08-12,0.009007678467371301
2011-08-15,-0.0038847973346647
2011-08-16,-0.00441577153714846
2011-08-17,-0.0007191610492079399
2011-08-18,0.020319165269198924
2011-08-19,0.01374895969960634
2011-08-22,0.01114537444424231
2011-08-23,-0.0037717288807295793
2011-08-24,0.0036641516049360215
2011-08-25,-0.018568158519125577
2011-08-26,-0.01194734141712784
2011-08-29,-0.0028401633882043
2011-08-30,-0.0026772994698619408
2011-08-31,0.002227686322410654
2011-09-01,-0.00611137851032192
2011-09-02,0.00805054810426084
2011-09-06,0.016725717961327335
2011-09-07,-0.00042683738532046
2011-09-08,0.005322143096485061
2011-09-09,0.010399195065445462
2011-09-12,-0.0004471443628011997
2011-09-13,-0.013532856404436383
2011-09-14,0.00803670203706492
2011-09-15,-0.00337230409011932
2011-09-16,-0.02050897549862372
2011-09-20,0.00813579224596004
2011-09-21,0.00254568394476438
2011-09-22,0.00933154169343252
2011-09-26,0.017943378261405546
2011-09-27,-0.008005344088830819
2011-09-28,-0.00239632419796486
2011-09-29,-0.023304447170063736
2011-09-30,0.0057388263019311206
2011-10-03,0.015082069840220962
2011-10-04,0.00506476976158564
2011-10-05,0.01697086527794256
2011-10-06,0.00209151021592742
2011-10-07,-0.01130630724190074
2011-10-11,-0.006251148185085021
2011-10-12,-0.010149709505902361
2011-10-13,-0.00703494027806504
2011-10-14,0.00019833788109747995
2011-10-17,-0.00519771480408794
2011-10-18,-0.0018271085639077998
2011-10-19,0.00750373286774552
2011-10-20,-0.0018315106550244797
2011-10-21,0.00268652228139004
2011-10-24,-0.0065577678779877675
2011-10-25,0.0027751957494447
2011-10-26,-0.0034755260856205606
2011-10-27,-0.026233413425865482
2011-10-28,0.004591423061646019
2011-10-31,0.0004602697851011743
2011-11-01,0.006275631974769519
2011-11-02,0.0006972202809878807
2011-11-04,-0.00532376690548176
2011-11-07,-0.0033180806423705397
2011-11-08,0.01642706660087084
2011-11-09,0.0032701716361893804
2011-11-10,-0.00034241498183556
2011-11-11,0.00640796641199292
2011-11-14,-0.00151762307418166
2011-11-15,-0.0010487376202439002
2011-11-16,0.0038516453412267265
2011-11-17,-0.006895085455215879
2011-11-18,0.0070165613111562
2011-11-21,-0.00444191056130388
2011-11-22,-0.0004554631669185204
2011-11-25,-0.006482199587844799
2011-11-28,0.008620447898191098
2011-11-29,-0.0015928057867380004
2011-11-30,-0.00217850346809564
2011-12-01,0.00425091928494906
2011-12-02,-5.051737341839986e-06
2011-12-05,-0.00521624231695824
2011-12-06,0.011250479527196839
2011-12-07,-0.0019951155914405203
2011-12-08,0.0016659806638426801
2011-12-09,-0.01042493868636544
2011-12-12,-0.00166665224955672
2011-12-13,0.0010044237657363402
2011-12-14,-0.00120660666624098
2011-12-15,-0.00596989008015518
2011-12-16,0.006517855671035858
2011-12-19,-0.004366979845526258
2011-12-20,0.0069043430047115
2011-12-21,0.0017260474750203398
2011-12-22,-0.00355969564807416
2011-12-27,-0.0027273747837389967
2011-12-28,0.000689196196571366
2011-12-29,-6.681451602038018e-05
2011-12-30,-0.006694923936786797
2012-01-04,-0.007935176795103718
2012-01-05,-0.001761584489155
2012-01-06,0.00283216097275946
2012-01-10,-0.01093022885067916
2012-01-11,0.0008452897597760801
2012-01-12,0.0036912828456827996
2012-01-13,0.0028096853487295194
2012-01-17,-0.003822390408197139
2012-01-18,0.004372866245077099
2012-01-19,-0.0036119345494225004
2012-01-20,-0.01496237466724434
2012-01-23,-0.00748787961502252
2012-01-24,-0.0025575704834107597
2012-01-25,0.0058761121341271
2012-01-26,-0.00470457370721262
2012-01-27,-0.0017154481683684512
2012-01-30,0.006293707944445801
2012-01-31,0.0034849080046009395
2012-02-01,0.00166761536284936
2012-02-02,0.014543556436035542
2012-02-03,0.001701186617561154
2012-02-06,-1.0201382458960057e-05
2012-02-07,0.005901609388039963
2012-02-08,0.00931437808885456
2012-02-09,-0.004040899325360061
2012-02-10,-0.00275804434161242
2012-02-13,-0.0036700728118507007
2012-02-14,0.00816560351245674
2012-02-15,0.00934925172439024
2012-02-16,-0.00042963232460810005
2012-02-17,-0.008726824941878453
2012-02-21,-0.00550802990453296
2012-02-22,0.0006252733513524029
2012-02-23,0.0081998774230227
2012-02-24,0.00893231073038922
2012-02-27,-0.007577857131144421
2012-02-28,0.005601613129679541
2012-02-29,0.00054576149159244
2012-03-01,-0.019421131979875238
2012-03-02,-0.0013467875013498198
2012-03-05,0.0010083275325461593
2012-03-06,-0.008823036415201262
2012-03-07,0.0028536418136166602
2012-03-08,0.013108703816015699
2012-03-09,0.003628013424311599
2012-03-12,-0.014341156213212863
2012-03-13,0.00345589451881814
2012-03-14,0.0026025433223079803
2012-03-15,-0.0024608473258156405
2012-03-16,0.004767082307594761
2012-03-19,0.0025686444720454202
2012-03-21,-0.016824020079042143
2012-03-22,-0.0013939091380689456
2012-03-23,-0.0012419463981599601
2012-03-26,-0.004358223736994063
2012-03-27,0.008842462132810883
2012-03-28,0.004326325451789714
2012-03-29,-0.00614621514248138
2012-03-30,-0.00039659275592646495
2012-04-02,0.00442141311666346
2012-04-03,-0.011565107424269753
2012-04-04,-0.009614224770726898
2012-04-05,-0.00496134650813114
2012-04-09,-0.0014339824303312388
2012-04-10,0.0022286487552258725
2012-04-11,0.00785626545259668
2012-04-12,0.0024664540253531196
2012-04-13,0.0012847450151214598
2012-04-16,-0.00960546501218162
2012-04-17,-0.0035573579931831596
2012-04-18,0.006437785816425
2012-04-19,0.002634711519538583
2012-04-20,-0.00013727703356246
2012-04-23,0.004206475916140403
2012-04-24,-0.006932956347068057
2012-04-25,0.001037111646738557
2012-04-26,0.00532211248443138
2012-04-27,0.00856103327036842
2012-05-01,-0.0029736640346573976
2012-05-02,0.0013909100441262404
2012-05-07,-0.00767564966433502
2012-05-08,0.0019092320816159803
2012-05-09,0.00911524832628394
2012-05-10,-0.005159576984599519
2012-05-11,0.0026391379484558605
2012-05-14,-0.0022376202477262324
2012-05-15,0.00852495339225556
2012-05-16,0.01140111061904716
2012-05-17,-0.01205379129134582
2012-05-18,0.002528314585329561
2012-05-21,-0.00645132884108878
2012-05-22,0.0050256948556862595
2012-05-23,0.0095764034883414
2012-05-24,-0.00367488887436538
2012-05-25,0.005820115786694539
2012-05-29,-0.0065915369696758
2012-05-30,0.00490447079740258
2012-05-31,0.00045922370299416324
2012-06-01,0.014275001214389198
2012-06-04,0.01765937722411956
2012-06-05,-0.0211218630589388
2012-06-06,-0.00948275818726814
2012-06-07,0.0015049962446095798
2012-06-08,0.009230775638004637
2012-06-11,-0.00663857044735104
2012-06-12,0.00200947261954374
2012-06-13,0.0011005893095645974
2012-06-14,0.00317632104150588
2012-06-15,0.0008135510359220598
2012-06-18,-0.004082868809162619
2012-06-19,0.0007384674717148601
2012-06-20,-0.0027367450234426025
2012-06-21,-0.0008346548374993197
2012-06-22,0.0012292493746625006
2012-06-25,0.00346131432623746
2012-06-26,0.0016954040884175608
2012-06-27,0.0030622436813020197
2012-06-28,0.002829430427936801
2012-06-29,-0.01130101891724996
2012-07-02,0.00519960511896834
2012-07-03,0.0027612474628476206
2012-07-05,0.00200685748828776
2012-07-06,0.0041313041569895
2012-07-09,0.006705784445072359
2012-07-10,0.0014191539156797025
2012-07-11,0.009264460080287577
2012-07-12,0.01155324736957556
2012-07-13,0.006696356240634019
2012-07-17,0.03196054561874976
2012-07-18,0.0074159355156349985
2012-07-19,-0.006789846373557841
2012-07-20,0.01331336674607658
2012-07-23,0.01608559360627318
2012-07-24,-0.0004339694108297801
2012-07-25,0.02134884218543052
2012-07-26,-0.00718756816509806
2012-07-27,0.001071596363240421
2012-07-30,0.02440468698204196
2012-07-31,-0.01581838831930642
2012-08-01,0.00679146050093832
2012-08-02,-0.0024059158093039205
2012-08-03,-0.00199723330320008
2012-08-06,-0.00555073212344132
2012-08-07,-0.014659795344466852
2012-08-08,-0.0039812997065609606
2012-08-09,-0.00579124467517598
2012-08-10,-0.00400305609432288
2012-08-13,0.00027452914601278034
2012-08-14,0.0011857212053649193
2012-08-15,0.00467406905536714
2012-08-16,0.00279995028819678
2012-08-17,-0.00413212446712512
2012-08-20,0.0012005376965104199
2012-08-21,0.0012084319922553305
2012-08-22,-0.0018793616218633997
2012-08-23,0.00124457842984136
2012-08-24,-0.00429031506575538
2012-08-27,-0.0018826369088128805
2012-08-28,0.01607447468248306
2012-08-29,-0.00409500569387668
2012-08-30,0.0025467419366178206
2012-08-31,0.0026950601625388205
2012-09-04,-0.0031281302897326595
2012-09-05,0.01397771580899518
2012-09-06,0.007951021958084439
2012-09-07,-0.00523839424228198
2012-09-10,0.00036771638713395985
2012-09-11,0.0025877912536551562
2012-09-12,0.006041735964181479
2012-09-13,-0.00788403624604542
2012-09-14,-0.0005920500894847809
2012-09-18,-0.006751551745012939
2012-09-19,-0.00579684085881416
2012-09-20,0.003974525332896838
2012-09-21,-0.0029909973913603803
2012-09-24,-0.00063091540130788
2012-09-25,0.0052075653038768
2012-09-26,0.0014386990642801002
2012-09-27,-0.0013522880863383003
2012-09-28,0.007678911530314641
2012-10-01,-0.0010956037316067193
2012-10-02,0.00080149925246616
2012-10-03,0.00395260651268178
2012-10-04,0.0028561525825067996
2012-10-05,0.0002168230595211126
2012-10-09,0.009524104834401819
2012-10-10,0.00366601805713128
2012-10-11,-0.00030069432854693944
2012-10-12,-0.000975601040130554
2012-10-15,-0.0112326299385514
2012-10-16,0.0002089195768404799
2012-10-17,0.003487689770012699
2012-10-18,-0.00157529211682402
2012-10-19,-0.0003745727623734596
2012-10-22,0.005819315799112615
2012-10-23,-0.01705235646340732
2012-10-24,0.00018923956278688037
2012-10-25,-0.006422538346329094
2012-10-26,-0.0052089780086219065
2012-10-31,0.004903020009714859
2012-11-01,0.00162537018578928
2012-11-02,0.0005547560992276651
2012-11-05,0.0006470339649676597
2012-11-06,-0.0024763913298310202
2012-11-07,-0.003912451499802755
2012-11-08,-0.005744919990699521
2012-11-09,-0.0035315417569499203
2012-11-12,-0.00117302567384968
2012-11-13,-0.007120350445024575
2012-11-14,0.008465899497855355
2012-11-15,-0.006556870552563699
2012-11-16,-0.0014573610676887798
2012-11-19,0.0006648775689973405
2012-11-20,-0.00563121109196458
2012-11-21,-0.00429554523393314
2012-11-26,-0.005573979367196332
2012-11-27,-0.0017377306693338204
2012-11-28,-0.0061350330968210805
2012-11-29,0.0014619773681730799
2012-11-30,0.0004095070687814799
2012-12-03,-0.0015575193703214435
2012-12-04,-0.0002551545858062095
2012-12-05,0.00301421043600996
2012-12-06,-0.0020431028650148273
2012-12-07,0.0013884301527515332
2012-12-10,-0.004668421808600996
2012-12-11,0.00029215340053372047
2012-12-12,0.0043557237938024
2012-12-13,-0.005104803325812559
2012-12-14,0.010317450498061681
2012-12-17,0.020255509818427164
2012-12-18,0.0046642476050599594
2012-12-19,0.006404311668155061
2012-12-20,0.007308460684512266
2012-12-21,-0.008285099252018022
2012-12-26,0.006230871078649022
2012-12-27,-0.0029378454825749797
2012-12-28,-0.001056947959882263
2013-01-04,0.016792150902262777
2013-01-07,-0.02633298715865122
2013-01-08,-0.018054529205535283
2013-01-09,0.02938344616044372
2013-01-10,0.0013361049268606003
2013-01-11,-0.01780962290994398
2013-01-15,-0.00870211769628816
2013-01-16,-0.01879769870345114
2013-01-17,-0.01436496015768208
2013-01-18,0.0098150784216996
2013-01-22,-0.00885251137669444
2013-01-23,-0.006694626309542741
2013-01-24,0.02259066286789618
2013-01-25,-0.00288209549209478
2013-01-28,-0.007861880090301816
2013-01-29,0.007352537792450259
2013-01-30,0.00454554792596926
2013-01-31,0.017877141142491938
2013-02-01,-0.000267010907946584
2013-02-04,0.01861983353824774
2013-02-05,-1.644323458629992e-05
2013-02-06,0.00535233186555922
2013-02-07,0.006129291567909552
2013-02-08,-0.010695403972898181
2013-02-12,-0.00720323233203778
2013-02-13,-0.006599435320009358
2013-02-14,-0.00488879165037882
2013-02-15,-0.011681888102176442
2013-02-19,-0.003594508700855859
2013-02-20,-0.00876799571549718
2013-02-21,-0.003206490754310981
2013-02-22,0.00810167144867132
2013-02-25,-0.004027705943530667
2013-02-26,0.00671591991256394
2013-02-27,-0.01308816405250352
2013-02-28,0.0041227212342401995
2013-03-01,0.013648833795665696
2013-03-04,0.00393970233602186
2013-03-05,-0.015596668450184759
2013-03-06,0.0019020980991956852
2013-03-07,-0.005166734206511699
2013-03-08,0.004491595658006598
2013-03-11,0.01337241942642662
2013-03-12,-0.0130543602042761
2013-03-13,0.00524823629262304
2013-03-14,0.004781197513518359
2013-03-15,-0.00893860620347492
2013-03-18,-0.00011141008809937951
2013-03-19,0.00016241260193389988
2013-03-21,-0.010610566749389339
2013-03-22,-0.0014498213052290005
2013-03-25,0.0009146437619969399
2013-03-26,0.0019370991172508196
2013-03-27,-0.006240307212549801
2013-03-28,-0.006328578660618879
2013-04-01,-0.013993986328593624
2013-04-02,0.0408077295577185
2013-04-03,0.005754928675918059
2013-04-04,0.02251097114331868
2013-04-05,0.04068232369099642
2013-04-08,0.0005077851666936781
2013-04-09,-0.024252176296662403
2013-04-10,-0.0095536486818397
2013-04-11,-0.0017392907534808598
2013-04-12,-0.011393161439421578
2013-04-15,-0.0027611087073949004
2013-04-16,-0.006412694244174179
2013-04-17,-0.00842536516386472
2013-04-18,-0.0019320132393488597
2013-04-19,0.0038755573100197845
2013-04-22,-0.010215500387570681
2013-04-23,0.0042366448421471805
2013-04-24,-0.0154794549665252
2013-04-25,-0.0036204230052932
2013-04-26,-0.0007835517998021398
2013-04-30,0.005376563135475301
2013-05-01,0.0032220933658504997
2013-05-02,0.0028419571264759603
2013-05-07,-0.0026856239920322405
2013-05-08,-0.00774729989150986
2013-05-09,-0.003046612941522798
2013-05-10,0.0052894261296206595
2013-05-13,0.0008097153867122802
2013-05-14,-0.005422197789243799
2013-05-15,-0.00264989281529702
2013-05-16,-0.0017189202758914187
2013-05-17,0.007712484522465661
2013-05-20,-0.0077894350652380605
2013-05-21,-0.03221205221897004
2013-05-22,0.00038372599591487977
2013-05-23,-0.024674455541044138
2013-05-24,0.022788074718672703
2013-05-28,-0.0008930541602782185
2013-05-29,0.006943737269132379
2013-05-30,0.007507323903599779
2013-05-31,-0.00032105321437430993
2013-06-03,0.0014330280846468393
2013-06-04,0.02294720561389322
2013-06-05,-0.02299287192590678
2013-06-06,-0.00475533146637774
2013-06-07,0.01941587773645938
2013-06-10,-0.0012378598799367194
2013-06-11,-0.0023434981653095398
2013-06-12,0.025340352643551858
2013-06-13,0.00568059665895552
2013-06-14,0.00010457734251585922
2013-06-17,0.007376466923188666
2013-06-18,0.0007695254771013
2013-06-19,-0.003910420291942762
2013-06-20,0.004370568287601561
2013-06-21,0.0052558168617136206
2013-06-24,-0.01152821606588686
2013-06-25,-0.00942441844636956
2013-06-26,-0.008068300596052198
2013-06-27,-0.0028428189147550395
2013-06-28,0.0018322674368761987
2013-07-01,-0.0018548417622532803
2013-07-02,0.005935167452004141
2013-07-03,-0.01092392571868212
2013-07-05,0.0010274329385913205
2013-07-08,3.205208754721023e-06
2013-07-09,0.0029216533821230803
2013-07-10,0.008504640118206399
2013-07-11,-0.008998812238388859
2013-07-12,0.004992370715983845
2013-07-16,0.008447240067875181
2013-07-17,0.0033433814955068993
2013-07-18,-0.00344812513097861
2013-07-19,-0.0069373226415580195
2013-07-22,-0.00298356517163172
2013-07-23,-0.0010189032826236795
2013-07-24,0.008343744035106864
2013-07-25,-0.01021778339197756
2013-07-26,-0.002876718129180599
2013-07-29,0.00336719842091536
2013-07-30,0.009050945540280839
2013-07-31,0.0051296510786982006
2013-08-01,-0.009166049032755221
2013-08-02,0.006614697238916381
2013-08-05,-0.00231996673990248
2013-08-06,0.010118451880520319
2013-08-07,0.0037056373183174014
2013-08-08,-0.004181264843357079
2013-08-09,0.0036968855232391807
2013-08-12,0.008901673347891829
2013-08-13,-0.00174576961401178
2013-08-14,0.0018070394085984397
2013-08-15,0.0028174855368418837
2013-08-16,-0.0018552957668901394
2013-08-19,0.00017012012407341404
2013-08-20,-0.00520029434485162
2013-08-21,0.00457033913185328
2013-08-22,-0.0008034163254449134
2013-08-23,0.00481240657154244
2013-08-26,-0.0012874012923104
2013-08-27,-0.0023300188228732198
2013-08-28,0.009763738104332679
2013-08-29,0.00789196359426742
2013-08-30,-0.00473626480655241
2013-09-03,-0.00020603776756795977
2013-09-04,0.00728769767190492
2013-09-05,-0.0031925512125337606
2013-09-06,-0.00150836393040602
2013-09-09,0.009487694837645
2013-09-10,-0.005101417433713703
2013-09-11,-0.02155258025255484
2013-09-12,0.0022025024771140803
2013-09-13,0.0033964075822417003
2013-09-17,-0.00743540425775948
2013-09-18,2.0596347369880152e-05
2013-09-19,0.009430684553570299
2013-09-20,-0.0020290964967504196
2013-09-24,2.8385710435006634e-05
2013-09-25,-0.00603857499954358
2013-09-26,0.004889610117409899
2013-09-27,-0.0004601514574149798
2013-09-30,-0.0034207144282163205
2013-10-01,-0.0021997767571589996
2013-10-02,-0.0023167929642025215
2013-10-03,-0.0026758179584312597
2013-10-04,0.0008506710427153597
2013-10-07,0.006373723491128141
2013-10-08,0.008728220529194242
2013-10-09,-0.002944621372563642
2013-10-10,-0.0014831322576390775
2013-10-11,-0.0025803463185907
2013-10-15,-0.004600124324126277
2013-10-16,-0.00089882666873938
2013-10-17,-0.0073131933018966006
2013-10-18,0.007672806978839181
2013-10-21,-0.0014284483795812607
2013-10-22,0.004600091551670256
2013-10-23,-0.000370990489163359
2013-10-24,0.004893411970654041
2013-10-25,-0.0063217320811350015
2013-10-28,0.009313365485161172
2013-10-29,-0.00238688594053236
2013-10-30,0.00012194684064772006
2013-10-31,-0.005600408445171288
2013-11-01,-0.006216683261855061
2013-11-05,-0.0021005208518178192
2013-11-06,0.002184944664553023
2013-11-07,0.005194887915207381
2013-11-08,0.00563319231655912
2013-11-11,0.009854441971058371
2013-11-12,0.004483558585166058
2013-11-13,-0.0017057520154048398
2013-11-14,0.0022187256065512393
2013-11-15,0.0026773945144224803
2013-11-18,-0.00298301605559672
2013-11-19,0.0030710750265294596
2013-11-20,-0.00430485648244766
2013-11-21,0.0014278886434630792
2013-11-22,-0.0037494594248764007
2013-11-25,-0.0036087548076722
2013-11-26,0.00129945892492198
2013-11-27,-0.0020361939390159
2013-11-29,-0.0005318507003757198
2013-12-02,3.5365497438080186e-05
2013-12-03,0.0025513406523410605
2013-12-04,-0.0033448443657868006
2013-12-05,0.0008693651754094001
2013-12-06,0.004422833748091361
2013-12-09,0.004128270045505941
2013-12-10,-0.0015565773599986597
2013-12-11,0.00217387880005152
2013-12-12,-0.0008703938701319
2013-12-13,-0.003270944949455
2013-12-16,-0.0005809166824194199
2013-12-17,0.00030275313836503986
2013-12-18,-0.0006046071333612596
2013-12-19,-0.005323532942055601
2013-12-20,-0.0015285820664597998
2013-12-24,0.007679878529108559
2013-12-26,-0.0008621906866157387
2013-12-27,-0.003938132808407081
2013-12-30,-0.0018882060955414857
2014-01-06,0.0035717203466291195
2014-01-07,0.0031886705880250004
2014-01-08,0.0034903134466153793
2014-01-09,-0.0017450390905748804
2014-01-10,0.0010278857974879603
2014-01-14,0.0100498811646683
2014-01-15,0.0023254765047363004
2014-01-16,-0.0076932875906817804
2014-01-17,0.0009312840882990333
2014-01-21,0.00392224029784066
2014-01-22,-0.0015501329697970136
2014-01-23,-0.0037614833319104994
2014-01-24,0.00038496397543990105
2014-01-27,0.00292824221130704
2014-01-28,-0.0014000430976638394
2014-01-29,-0.0017299461931795587
2014-01-30,0.0005812020387444211
2014-01-31,-0.006063944726408801
2014-02-03,0.008815247100393398
2014-02-04,0.012670123034736578
2014-02-05,-0.0015444763769666583
2014-02-06,-0.00293728062044524
2014-02-07,-0.00357884220985536
2014-02-10,-0.0023011992916322794
2014-02-12,-0.0024470212368800206
2014-02-13,0.003573000815841401
2014-02-14,0.00932884431350188
2014-02-18,0.0002474948185847009
2014-02-19,0.007548777732611849
2014-02-20,-0.007197513737579941
2014-02-21,-0.00287068253773236
2014-02-24,0.006682839546581791
2014-02-25,0.00331232296608832
2014-02-26,0.0005120666342328798
2014-02-27,0.00350056991079516
2014-02-28,0.0029971375517673397
2014-03-03,-0.00803085815451634
2014-03-04,-0.005231638477082861
2014-03-05,-0.0013958241691452997
2014-03-06,-0.01220817751081014
2014-03-07,0.0018226438146719496
2014-03-10,0.00582542934855596
2014-03-11,-0.00043330927925036
2014-03-12,0.0032939826410160406
2014-03-13,0.0013036381362461203
2014-03-14,-0.0019168710495174402
2014-03-17,0.0038712598117151002
2014-03-18,0.008774206316897452
2014-03-19,0.006297321073571319
2014-03-20,0.01044157428821816
2014-03-24,-0.011467065018987827
2014-03-25,-0.0018509627057594251
2014-03-26,0.00026988625033782317
2014-03-27,-0.010499274946461475
2014-03-28,-0.0012516674297223796
2014-03-31,-0.00550268364036991
2014-04-01,0.00663671189691184
2014-04-02,-0.0059478416102441
2014-04-03,0.004194938923845801
2014-04-04,-0.0050446404269811
2014-04-07,0.01439496761925087
2014-04-08,0.00684841633195262
2014-04-09,0.0081428438091347
2014-04-10,0.013015906062813519
2014-04-11,-0.00633227594081174
2014-04-14,0.002912949801821498
2014-04-15,-0.0021203377243626206
2014-04-16,0.004110441664846561
2014-04-17,0.0026529077733456205
2014-04-21,0.0137286972967873
2014-04-22,0.0029693807480827197
2014-04-23,-0.0017016874832959396
2014-04-24,0.002469915942143075
2014-04-25,0.00260746865465864
2014-04-28,0.0029088588334818507
2014-04-30,0.0008989220999486501
2014-05-01,-0.009880177987597022
2014-05-02,-0.00390876627388038
2014-05-07,-0.00473429968860044
2014-05-08,-0.00318095181699216
2014-05-09,-0.006283221900486266
2014-05-12,0.004668015009473554
2014-05-13,-0.0007443374491921599
2014-05-14,-0.00558384570370706
2014-05-15,-0.0038179625877950204
2014-05-16,0.0022324841551043004
2014-05-19,0.0059385589315965005
2014-05-20,-0.004298399966990446
2014-05-21,0.00658901867825654
2014-05-22,-0.0037991575042929
2014-05-23,0.0022374544028704
2014-05-27,0.00365988780717874
2014-05-28,0.00397487828831682
2014-05-29,-0.004755491467123861
2014-05-30,-0.00015353930516102021
2014-06-02,0.007848515752752699
2014-06-03,-0.00444398605329574
2014-06-04,-0.0036791336122194
2014-06-05,-0.00237892510569538
2014-06-06,0.005950840861350479
2014-06-09,0.0016581531664160393
2014-06-10,0.0030652052378173996
2014-06-11,0.0022915041016097
2014-06-12,-0.00043887859711070005
2014-06-13,-0.0028418720540256005
2014-06-16,0.003607645352745
2014-06-17,-0.00127956254272044
2014-06-18,0.00214210927272028
2014-06-19,-0.0025960425541354994
2014-06-20,-0.00813196772408002
2014-06-23,0.00280824857310772
2014-06-24,-0.0016266807848893
2014-06-25,-0.00101083130045782
2014-06-26,-0.0011616574235431601
2014-06-27,-0.0032207622995802515
2014-06-30,-0.00539787873274602
2014-07-01,0.003968801893854707
2014-07-02,0.00178490313206944
2014-07-03,-0.00282021009336006
2014-07-07,-0.00011237993413114019
2014-07-08,-0.0010758456334844198
2014-07-09,-0.0022168451908956203
2014-07-10,0.00027658981765652
2014-07-11,0.005374200690311179
2014-07-14,0.0004615825649684599
2014-07-15,-0.00337181932297504
2014-07-16,-0.0002629122738627475
2014-07-17,0.0026859412067763272
2014-07-18,-0.001380266348869012
2014-07-22,0.0030152103184730803
2014-07-23,-0.00139956846803374
2014-07-24,-0.0016639393386116397
2014-07-25,-0.0015915422266228004
2014-07-28,0.0029996909751546846
2014-07-29,-0.00131305868320148
2014-07-30,-0.00015605051369877972
2014-07-31,-0.0007880987850613199
2014-08-01,-0.002833652240523833
2014-08-04,-0.00291135557042134
2014-08-05,0.0018779892702369795
2014-08-06,0.0059023344353457
2014-08-07,-0.0025758515890309
2014-08-08,0.0070061153307969595
2014-08-11,-0.0033766764717924596
2014-08-12,-0.00030105768356733986
2014-08-13,0.0008286261174102802
2014-08-14,0.003382535416620993
2014-08-15,-0.00248203173960314
2014-08-18,0.010282141727573321
2014-08-19,0.0015964833257054397
2014-08-20,-0.0015262799835487
2014-08-21,-0.00596738332801024
2014-08-22,0.00249083415877602
2014-08-25,0.0027455519886931522
2014-08-26,0.0007071147016532997
2014-08-27,0.005595990919346041
2014-08-28,0.0004331432610189801
2014-08-29,-0.004698099031731159
2014-09-02,-0.0008848852111661958
2014-09-03,-9.430219188908025e-05
2014-09-04,-0.003874041425940041
2014-09-05,-0.00010713150039359711
2014-09-08,-0.00018425493633775648
2014-09-09,0.0018462140228251802
2014-09-10,-0.0050210850087993395
2014-09-11,-0.0029012985996120597
2014-09-12,0.00010969724290163995
2014-09-16,0.00485939453755274
2014-09-17,0.0029274464048178804
2014-09-18,0.0028967392621115596
2014-09-19,0.00021112317188284012
2014-09-22,0.004863372768957028
2014-09-24,0.008648630208486819
2014-09-25,-0.004203379312429799
2014-09-26,0.0018081145787355534
2014-09-29,0.0009360343122810995
2014-09-30,0.0006504641860842408
2014-10-01,0.005731352166146621
2014-10-02,0.004225300817371099
2014-10-03,0.00941151012274338
2014-10-06,0.01251621653707912
2014-10-07,0.002047865756358311
2014-10-08,0.0019324956956700908
2014-10-09,-0.00539594641614922
2014-10-10,0.00652751354616222
2014-10-14,0.002310523351882369
2014-10-15,-0.0022817693605959597
2014-10-16,0.01180684809030434
2014-10-17,-0.017983699783055942
2014-10-20,-0.0038756475969742204
2014-10-21,0.004955584018808119
2014-10-22,0.0025845792712889397
2014-10-23,-0.002086863681822329
2014-10-24,0.005894681048748121
2014-10-27,0.0003321866208060997
2014-10-28,0.00533740249929294
2014-10-29,-0.005018815748468999
2014-10-30,0.0024754373083637196
2014-10-31,-0.021054959093193267
2014-11-04,0.01940122101924006
2014-11-05,0.008819655267125559
2014-11-06,-0.011212784439901612
2014-11-07,-0.0013589220297218602
2014-11-10,-0.007355664082842887
2014-11-11,0.003102935133628887
2014-11-12,-0.00333382679614316
2014-11-13,0.0040737722230061125
2014-11-14,0.004145095213048286
2014-11-17,-0.0102390099469709
2014-11-18,0.0012843235214372193
2014-11-19,0.0030947595489173602
2014-11-20,-0.008649262994424579
2014-11-21,-0.0053755978254885605
2014-11-25,0.00441468978227062
2014-11-26,0.0029049084691211
2014-11-28,0.00405808350945938
2014-12-01,0.00507285006508448
2014-12-02,-0.0017775832765328397
2014-12-03,-0.0003015819216974399
2014-12-04,0.0013027021201922797
2014-12-05,0.00229982086910738
2014-12-08,-0.009307930127971077
2014-12-09,-0.0027259067789626003
2014-12-10,-0.00809421693091356
2014-12-11,0.030617052669177747
2014-12-12,0.0005191443151780191
2014-12-15,-0.0025871529198486795
2014-12-16,0.0074499182499699
2014-12-17,-0.0020935670750640584
2014-12-18,-0.008559215706486519
2014-12-19,-0.012833003515121521
2014-12-22,-0.011820459718522632
2014-12-24,0.0051991325800168795
2014-12-26,0.01157252502788788
2014-12-29,0.003505086913705739
2014-12-30,-0.0068613067662443
2015-01-05,0.0005052762867675401
2015-01-06,0.004635488957376539
2015-01-07,-2.1738545561839073e-05
2015-01-08,0.00628881462551128
2015-01-09,-0.00024970654287538065
2015-01-13,0.0030696539519623
2015-01-14,0.00394963111749204
2015-01-15,0.0060617000837582605
2015-01-16,0.0016248413375439202
2015-01-20,-0.0008692956380065399
2015-01-21,0.0016916118014445594
2015-01-22,-0.003651715156934493
2015-01-23,0.004103498793720881
2015-01-26,0.00126188242518624
2015-01-27,0.0020654269690454407
2015-01-28,0.00953412344747424
2015-01-29,0.00217033678000336
2015-01-30,-0.0022249957755684597
2015-02-02,0.00869663416262058
2015-02-03,-0.016642125486975683
2015-02-04,-0.0006034547829218808
2015-02-05,-0.01196665931744834
2015-02-06,-0.00054453435549192
2015-02-09,0.0033754717050124604
2015-02-10,-0.008521088883851481
2015-02-12,0.00541965064163764
2015-02-13,-0.00631611569461144
2015-02-17,0.0055867429844423016
2015-02-18,0.0009589778611683601
2015-02-19,-0.0051417500523182206
2015-02-20,-0.0021991589948303597
2015-02-23,-0.00423374337566126
2015-02-24,-0.00036039903733924017
2015-02-25,-0.01529742020964776
2015-02-26,-0.0043008471816701425
2015-02-27,-0.004570860286606219
2015-03-02,-0.00213698666747674
2015-03-03,0.005076757691086458
2015-03-04,0.0014293877012716064
2015-03-05,0.0025021773381566606
2015-03-06,0.00460935494723624
2015-03-09,-0.00168701116279812
2015-03-10,-0.0052954792598018
2015-03-11,-0.00754859650529072
2015-03-12,0.0014814769499264212
2015-03-13,-0.00993053335737372
2015-03-16,-0.0023754474685280602
2015-03-17,0.0003756497029928349
2015-03-18,0.00233769701545796
2015-03-19,-0.002804721598556638
2015-03-20,0.00216239042027844
2015-03-23,0.006794241310347659
2015-03-24,-0.001616756583033839
2015-03-25,-0.00458379790968356
2015-03-26,-0.004346906740711959
2015-03-27,0.005524599039121199
2015-03-30,0.006511961023547198
2015-03-31,-0.007548280858243381
2015-04-01,-0.007438317717072345
2015-04-02,-0.0018473608005064005
2015-04-06,0.005632718372468679
2015-04-07,-0.0073328168803844
2015-04-08,-0.0013801887848603608
2015-04-09,0.004437520194516979
2015-04-10,-0.00516517659261668
2015-04-13,-0.00842588312380624
2015-04-14,-0.00666993755584042
2015-04-15,-0.0050311829452971005
2015-04-16,-0.00833936954861014
2015-04-17,0.0034112600004474604
2015-04-20,0.008395823922253699
2015-04-21,-0.0025338352770640747
2015-04-22,0.002332690759993321
2015-04-23,-0.0011822996303228594
2015-04-24,-0.0080858108636143
2015-04-27,-0.00373321979147822
2015-04-28,-0.00503840700729224
2015-04-30,-0.008742032317429076
2015-05-01,-0.0004435423592204999
2015-05-07,-0.0027217172180650034
2015-05-08,0.012951260748704936
2015-05-11,-0.0043481217659226195
2015-05-12,0.0003964257538309401
2015-05-13,-0.004565999146406939
2015-05-14,-0.0006044486221386406
2015-05-15,0.00203087730047994
2015-05-18,0.010354329099352742
2015-05-19,-0.0063144770736200005
2015-05-20,-0.007021594817067139
2015-05-21,0.0005396481991990599
2015-05-22,-0.0021605119103653998
2015-05-26,-0.00010330372088358005
2015-05-27,-0.00887585729056222
2015-05-28,0.0013917253376253573
2015-05-29,0.0008297547993569599
2015-06-01,0.0077518456029837405
2015-06-02,-0.0032579593140504995
2015-06-03,-0.0024204983932666997
2015-06-04,0.00427488039021784
2015-06-05,-0.00795816991300368
2015-06-08,-0.0024620022881956397
2015-06-09,0.002076467860795279
2015-06-10,0.0015756366728725975
2015-06-11,0.0024960359184383416
2015-06-12,-0.008101389238067901
2015-06-15,0.00283388790720856
2015-06-16,-0.003783112065535739
2015-06-17,-0.0016057908040315802
2015-06-18,-0.0009888317999245996
2015-06-19,-0.0077414848115778005
2015-06-22,0.0029633977908308986
2015-06-23,0.0016328782534143597
2015-06-24,0.0026574202029383594
2015-06-25,0.0007775064783998602
2015-06-26,-0.00298344452195884
2015-06-29,0.01101802972127426
2015-06-30,-0.00487510281970646
2015-07-01,0.0015676354505169804
2015-07-02,-0.0017507376318628201
2015-07-06,0.00015122044779768053
2015-07-07,-0.00035374308829099876
2015-07-08,-0.006213758692041979
2015-07-09,0.0204235100653802
2015-07-10,-0.00078973332477096
2015-07-13,-0.0006959186744251403
2015-07-14,0.00469303690212444
2015-07-15,0.004206575024407921
2015-07-16,0.0041331325991422595
2015-07-17,0.00231147813911068
2015-07-21,0.01556397463941004
2015-07-22,-0.0015949062207109453
2015-07-23,0.00868654634967846
2015-07-24,0.0014121409369569002
2015-07-27,-0.01742646876554962
2015-07-28,0.02111635182792512
2015-07-29,0.00674718338856506
2015-07-30,-0.014006631018784901
2015-07-31,5.8379805503440754e-05
2015-08-03,0.00670345043223326
2015-08-04,0.013862186506962918
2015-08-05,-0.01388515728784966
2015-08-06,-0.00875895173347652
2015-08-07,-0.005076335316131801
2015-08-10,0.01267420906803036
2015-08-11,-0.01435079123107188
2015-08-12,0.00912906066094292
2015-08-13,0.00425425691288294
2015-08-14,0.009185940106812224
2015-08-17,0.0018400208393436204
2015-08-18,-0.0019957187807995
2015-08-19,0.0019046946829615607
2015-08-20,0.01000371313850638
2015-08-21,-0.015494962423500642
2015-08-24,0.00714960653263844
2015-08-25,-0.01879598856771546
2015-08-26,0.006005971722377216
2015-08-27,0.013355191416647795
2015-08-28,-0.00858637286231298
2015-08-31,0.01785915553474672
2015-09-01,-0.007839654556154856
2015-09-02,0.010405308669197
2015-09-03,-0.0013048887048459808
2015-09-04,0.013157906216448682
2015-09-08,-0.01805648476124584
2015-09-09,-0.0013804132725662409
2015-09-10,0.00678013141845892
2015-09-11,0.0105382428696872
2015-09-14,0.0025339151799355017
2015-09-15,-0.00512508944369342
2015-09-16,-0.01733768457520908
2015-09-17,-0.006445042475106898
2015-09-18,-0.00011573524639232197
2015-09-24,0.01493345216384162
2015-09-25,0.0002464926643331016
2015-09-28,0.004417419518249281
2015-09-29,0.012389506032426768
2015-09-30,-0.002272834863162541
2015-10-01,-0.01120981985754192
2015-10-02,-0.003349626088563958
2015-10-05,-0.00652738054326934
2015-10-06,-0.007097622133655399
2015-10-07,-0.02085680386363364
2015-10-08,-0.00971994058586258
2015-10-09,-0.00048202210118246033
2015-10-13,0.0029494385064148393
2015-10-14,0.004049380204160199
2015-10-15,-0.0018441786155074212
2015-10-16,0.00745173582289448
2015-10-19,0.0026918087407464403
2015-10-20,-0.01018644075644084
2015-10-21,-0.0064326581806597
2015-10-22,0.00353811512249574
2015-10-23,0.007674278795319581
2015-10-26,-0.0008591704512404008
2015-10-27,0.00348533158031892
2015-10-28,-0.00558913183158344
2015-10-29,-0.007507730094612842
2015-10-30,-0.004821938623011579
2015-11-02,-0.00046640203459707985
2015-11-04,-0.014484723305048419
2015-11-05,-0.0028341981636002813
2015-11-06,0.0026404975288490395
2015-11-09,0.01058902457005742
2015-11-10,0.00201589753214534
2015-11-11,0.0010760889938491395
2015-11-12,-0.0017428312811918795
2015-11-13,0.0016600654793127404
2015-11-16,-0.008799048834732842
2015-11-17,-0.012422491339634696
2015-11-18,-0.00027840850934666023
2015-11-19,0.00678031136009682
2015-11-20,0.00306621809139516
2015-11-24,0.0074953954217644005
2015-11-25,0.00027489164207620013
2015-11-27,0.0008427271011469601
2015-11-30,0.0166430242739971
2015-12-01,-0.00449273169105124
2015-12-02,-0.005660018937037501
2015-12-03,0.005730567899906739
2015-12-04,-0.00311711353598654
2015-12-07,-0.00633535004869922
2015-12-08,0.00369314471523108
2015-12-09,0.006238632925702095
2015-12-10,-0.0007517451897900197
2015-12-11,0.00012055901009388071
2015-12-14,0.007512840033715181
2015-12-15,0.004958311970917638
2015-12-16,0.00434305412913444
2015-12-17,0.003504343732652901
2015-12-18,-0.002707980655734761
2015-12-21,0.0021216522662445805
2015-12-22,-0.004885983002201041
2015-12-24,-0.003246413724524588
2015-12-28,-0.004856790955483093
2015-12-29,-0.0007624434342871998
2015-12-30,0.0015711837281381998
2016-01-04,0.011857270752561542
2016-01-05,-0.0010674917089892404
2016-01-06,0.0020085558927481
2016-01-07,-0.004091769187264638
2016-01-08,0.01560652027862744
2016-01-12,-0.005091895761127122
2016-01-13,-0.00657150964711308
2016-01-14,0.01568630439468996
2016-01-15,0.01467911895050492
2016-01-19,0.00849845827386766
2016-01-20,0.01582487762920416
2016-01-21,0.005938571062276101
2016-01-22,0.00019149911474838043
2016-01-25,0.011870775571059061
2016-01-26,0.014497282498894261
2016-01-27,0.00030061245460883887
2016-01-28,0.00538133706556612
2016-01-29,-0.015119327006535722
2016-02-01,0.006031614024992039
2016-02-02,0.0144275040290777
2016-02-03,0.012774648643161541
2016-02-04,-0.0003168769952553597
2016-02-05,0.0016684265055541408
2016-02-08,0.0028427708299091792
2016-02-09,0.02626436010457338
2016-02-10,0.008150086646187805
2016-02-12,0.0058368466505829605
2016-02-16,-0.01824612580477604
2016-02-17,-0.017822678134431762
2016-02-18,0.008682617662867119
2016-02-19,0.004325132772788001
2016-02-22,-0.00672145248026756
2016-02-23,-0.0013925940625851806
2016-02-24,-0.01174913358427486
2016-02-25,0.0013105419762130784
2016-02-26,0.01221016804715436
2016-02-29,-0.005416725625567201
2016-03-01,0.0009956987145424835
2016-03-02,-0.00391442258867752
2016-03-03,-0.021605146514838018
2016-03-04,-0.007255159059120868
2016-03-07,0.00805478081277174
2016-03-08,0.01088096096697134
2016-03-09,-6.304297492491957e-05
2016-03-10,-0.0041897351049872454
2016-03-11,-0.01691499869182376
2016-03-14,0.017025561617128853
2016-03-15,0.0013813701291821995
2016-03-16,0.0018868499358936806
2016-03-17,0.0101405483124519
2016-03-18,0.0005499544292319001
2016-03-22,0.00572293340409132
2016-03-23,-0.0006454888846907798
2016-03-24,0.008509105233449001
2016-03-28,0.0016122446877641205
2016-03-29,0.00305327706605696
2016-03-30,0.0049232572086215795
2016-03-31,-0.0058778987879353605
2016-04-01,0.010524206338175
2016-04-04,0.0122827906853898
2016-04-05,0.01378949909619532
2016-04-06,0.0020273051353188205
2016-04-07,-0.007679094966479685
2016-04-08,0.0007666411228657802
2016-04-11,0.0033570680477630985
2016-04-12,-0.012685537382388137
2016-04-13,-0.004941388389697482
2016-04-14,-0.01867063649408416
2016-04-15,-0.00252444863907
2016-04-18,-0.002557141835954898
2016-04-19,-0.0065621350919710785
2016-04-20,-0.00456791475318924
2016-04-21,0.007264553725075804
2016-04-22,-0.020118711924843984
2016-04-25,-0.004500398186613041
2016-04-26,0.00457710868945928
2016-04-27,-0.005090020637322322
2016-04-28,0.013425538432469498
2016-05-02,-0.0049880458294953006
2016-05-06,0.0014712372232979203
2016-05-09,-0.0028632614483711594
2016-05-10,0.00827173661123152
2016-05-11,0.008291042052251141
2016-05-12,-0.0037213235064520603
2016-05-13,0.0020559802775293604
2016-05-16,0.0077713952559257
2016-05-17,-0.0028126500171901
2016-05-18,-0.014549013112717316
2016-05-19,0.0060033057370047
2016-05-20,-0.0009639335553219598
2016-05-23,0.00518145221638484
2016-05-24,-0.0005087529399682998
2016-05-25,0.0033852435434326795
2016-05-26,0.0013633711206644198
2016-05-27,0.0024642353698851
2016-05-31,-0.006782064716843899
2016-06-01,0.0061751052610955195
2016-06-02,0.000138525623505319
2016-06-03,0.007087129432440519
2016-06-06,-0.0055815644518518
2016-06-07,-0.00023518498919174017
2016-06-08,-0.0010904390186093358
2016-06-09,0.0020968351649881
2016-06-10,-0.0006958403879417405
2016-06-13,0.012976139185030783
2016-06-14,0.009625228137805739
2016-06-15,0.0052111856119123195
2016-06-16,0.001634108371384422
2016-06-17,0.00634777057208768
2016-06-20,-0.00770908011580172
2016-06-21,0.01208133464865974
2016-06-22,0.0045481271591728805
2016-06-23,-0.0012552887462300598
2016-06-24,0.03171830854333586
2016-06-27,0.01733376047778502
2016-06-28,0.01367760656634522
2016-06-29,0.00621772852866574
2016-06-30,0.0036957630146739594
2016-07-01,0.004021300598763582
2016-07-05,0.013467262361105941
2016-07-06,0.01310783483816612
2016-07-07,0.0009937135830478997
2016-07-08,0.01956190580465964
2016-07-11,0.0040599391747259995
2016-07-12,-0.0012227597182047634
2016-07-13,-0.0009862076730684597
2016-07-14,-0.00021374170836545997
2016-07-15,-0.011970853479872999
2016-07-19,0.010132895586040181
2016-07-20,-0.0016935622829879252
2016-07-21,0.00444222174393258
2016-07-22,0.0016052450326506599
2016-07-25,-0.007965052846501522
2016-07-26,0.012832147242267979
2016-07-27,0.00913657450446536
2016-07-28,0.007720705124393439
2016-07-29,-0.009635304462404643
2016-08-01,-0.005622257033826521
2016-08-02,0.010599698989050698
2016-08-03,0.0034818667930949804
2016-08-04,-0.004463905366538721
2016-08-05,0.0012905886912953804
2016-08-08,0.0011872855070582198
2016-08-09,-0.00327716025261212
2016-08-10,0.0015454394485631805
2016-08-12,-0.00854887458257306
2016-08-15,0.0048111568287086195
2016-08-16,0.0023588392682576606
2016-08-17,0.012964893145829139
2016-08-18,0.016685187155441802
2016-08-19,0.0038417864728594996
2016-08-22,-0.00264351430634982
2016-08-23,-0.01203490065399958
2016-08-24,0.0025898770551591593
2016-08-25,0.002950801844368395
2016-08-26,0.007730604084897282
2016-08-29,0.00615979811791556
2016-08-30,0.0009732978896616002
2016-08-31,0.00312986603637826
2016-09-01,0.0025811883009915202
2016-09-02,-0.01005016886076528
2016-09-06,0.00351515853407438
2016-09-07,-0.0021096536569744605
2016-09-08,-0.00502667108105678
2016-09-09,-0.006154111553334859
2016-09-12,0.0013444678810917814
2016-09-13,0.0005685948992217799
2016-09-14,-0.0026968185511697202
2016-09-15,-0.0032951428405413397
2016-09-16,0.0003605027325357798
2016-09-20,-0.00035186030144550035
2016-09-21,0.0016587061132701392
2016-09-23,-0.00850843708030646
2016-09-26,-0.006039544869960819
2016-09-27,-0.00681882805584506
2016-09-28,-0.005054409771409124
2016-09-29,-0.005611154052523096
2016-09-30,0.00108380746421304
2016-10-03,-0.00498879780554344
2016-10-04,0.010794126438190782
2016-10-05,0.00896288936025612
2016-10-06,0.00744941283046028
2016-10-07,-0.00134148832967224
2016-10-11,-0.00303667256241902
2016-10-12,-0.00027202491517220006
2016-10-13,0.00383014003541084
2016-10-14,-0.0005926999679815595
2016-10-17,0.0014358500617263398
2016-10-18,-0.0005218016995837397
2016-10-19,-0.004240092245242284
2016-10-20,-0.01039054589268242
2016-10-21,-0.0009726464121700999
2016-10-24,-0.00219912627200918
2016-10-25,-0.00865214635556274
2016-10-26,-0.012095197218751616
2016-10-27,-0.0018132732448393031
2016-10-28,-0.0013365589067685828
2016-10-31,0.005034349387303699
2016-11-01,-0.00640414400183514
2016-11-02,-0.0010338559220728592
2016-11-04,-0.0018192177507002794
2016-11-07,-0.0005358213837362791
2016-11-08,-0.0003731067565660997
2016-11-09,-0.0010941540700784291
2016-11-10,0.00372019365372282
2016-11-11,-0.00017297792569400013
2016-11-14,0.01336223859889006
2016-11-15,0.0018995523369915598
2016-11-16,0.00656410269753756
2016-11-17,-0.0024995524722775195
2016-11-18,0.00514029773095054
2016-11-21,-0.0038607817575834385
2016-11-22,0.0013299443196884003
2016-11-25,-0.00532951068357638
2016-11-28,-0.0006335315813680797
2016-11-29,4.1538723001419836e-05
2016-11-30,0.0031985446922019
2016-12-01,0.01704726946184164
2016-12-02,0.014386443006974857
2016-12-05,-0.00015590185568407997
2016-12-06,0.0008156865274250406
2016-12-07,0.00044240040598084
2016-12-08,0.01057254484365522
2016-12-09,0.001243778475442903
2016-12-12,-0.01710291052309178
2016-12-13,-0.0049415488368181205
2016-12-14,0.0021071074282794
2016-12-15,-0.00816115231562262
2016-12-16,0.00362858708108234
2016-12-19,-0.012905186222044202
2016-12-20,-0.0110790596847706
2016-12-21,-0.00108197637919608
2016-12-22,-0.00115744754434202
2016-12-27,-0.0007001301011681598
2016-12-28,0.00353883479400928
2016-12-29,-0.006275065884604501
2016-12-30,-0.00052801517410352
2017-01-04,0.00998956858209564
2017-01-05,-0.0038152321397422
2017-01-06,-0.010664240630169939
2017-01-10,-0.0013205884504790598
2017-01-11,0.0013863182408790002
2017-01-12,0.004012443049049551
2017-01-13,0.008235959195894241
2017-01-17,-0.0008391175748007395
2017-01-18,0.01250199545210914
2017-01-19,0.00201047017920694
2017-01-20,0.00845531708294766
2017-01-23,-0.0004589252988773207
2017-01-24,-0.007506282846162552
2017-01-25,0.004132048048284041
2017-01-26,0.0013588542867655198
2017-01-27,0.007528818230694383
2017-01-30,0.002848670156895606
2017-01-31,0.004406090773253609
2017-02-01,0.0063472314254596
2017-02-02,-0.004034829304624539
2017-02-03,-0.00032980138227302076
2017-02-06,-0.0013278342869942402
2017-02-07,-0.0030431864298220397
2017-02-08,-0.01317957372150454
2017-02-09,-0.00446531636608536
2017-02-10,-0.0006661248939483604
2017-02-13,0.009866103067358517
2017-02-14,-0.005030835437357878
2017-02-15,0.00212611609161446
2017-02-16,-0.0035772935943190138
2017-02-17,0.00175904224881894
2017-02-21,-0.00357103646503752
2017-02-22,0.00213484989091436
2017-02-23,-0.00302250869884928
2017-02-24,-0.0017870351659491595
2017-02-27,-0.011681639490876278
2017-02-28,0.0013295286344652403
2017-03-01,-0.005655535025873721
2017-03-02,0.0016890614313446006
2017-03-03,-0.0019292173069666392
2017-03-06,0.00557507546117496
2017-03-07,-0.0011698030153731202
2017-03-08,-0.009523331561390421
2017-03-09,0.004785239838922644
2017-03-10,-0.00020939916839717932
2017-03-13,-0.00021149640515987986
2017-03-14,-0.00498290094516722
2017-03-15,-0.0026891247405606998
2017-03-16,0.00333449811636396
2017-03-17,-0.00051331078735326
2017-03-21,-0.0012375966183260404
2017-03-22,-0.0021416109919078796
2017-03-23,0.004315285718253901
2017-03-24,-0.00170368847333556
2017-03-27,0.00122262914985956
2017-03-28,-0.00456159916539182
2017-03-29,-0.00258567690996438
2017-03-30,0.0035491905643894603
2017-03-31,0.00749233180725468
2017-04-03,0.0031145414142738203
2017-04-04,-0.005448631704395161
2017-04-05,-0.0009742391222011403
2017-04-06,0.0011423685256370802
2017-04-07,-0.0011225192560370403
2017-04-10,-0.00137280753093882
2017-04-11,-0.0007777163224122795
2017-04-12,-0.0073827653351524
2017-04-13,-0.004665901262853321
2017-04-17,-0.0007128464410661598
2017-04-18,-0.0052658193208872
2017-04-19,0.0026249069027817797
2017-04-20,-0.00345583273103484
2017-04-21,0.0008681291740908399
2017-04-24,0.00429036899711282
2017-04-25,-0.0024144877872844406
2017-04-26,-0.0009641794814813005
2017-04-27,-0.0009913456931687399
2017-04-28,0.01140080012455949
2017-05-01,-0.00679605142720656
2017-05-02,-0.008345649117447961
2017-05-08,0.0019921900730543
2017-05-09,0.00796768851923278
2017-05-10,0.0020692167623449203
2017-05-11,0.0016866256232270992
2017-05-12,0.00384499469328356
2017-05-15,0.0034441442997203402
2017-05-16,0.0006734889379742199
2017-05-17,0.00337158105570962
2017-05-18,-0.0004448375180951599
2017-05-19,-0.0029229887972065274
2017-05-22,-0.0024732305913470597
2017-05-23,1.4988231399026527e-05
2017-05-24,0.0009712428317290801
2017-05-25,0.0009804880726946995
2017-05-26,0.00557998620130026
2017-05-30,0.0015177688550617801
2017-05-31,-0.0029085307940394933
2017-06-01,0.006742879837422701
2017-06-02,-0.012940071770933339
2017-06-05,0.004567132000073459
2017-06-06,0.00199009989499754
2017-06-07,-0.00453490571661282
2017-06-08,-8.594179285580528e-06
2017-06-09,-0.00658100132439754
2017-06-12,-0.00019283391185197956
2017-06-13,-0.0001719794102200611
2017-06-14,3.9666459118840056e-05
2017-06-15,0.00489967163552244
2017-06-16,-0.00213754223696288
2017-06-19,0.00114634996150882
2017-06-20,-0.00256795879934326
2017-06-21,-0.00071982592139096
2017-06-22,-0.0017647942454104572
2017-06-23,-0.0007588707231672
2017-06-26,-0.0022942138693253377
2017-06-27,-0.00151128000888116
2017-06-28,0.0007631060775188003
2017-06-29,-0.0034962378288139404
2017-06-30,-0.005206114305399041
2017-07-03,-0.00013738672391328
2017-07-05,-0.00576237751184094
2017-07-06,0.0005207192855211199
2017-07-07,-0.0009643806621878605
2017-07-10,0.00414662017540258
2017-07-11,0.00339023328718506
2017-07-12,-0.00278009397890206
2017-07-13,0.004419304077205899
2017-07-14,-0.0013203868775708003
2017-07-18,-0.00138323765886846
2017-07-19,-0.0005997983657825998
2017-07-20,-0.006202529625280179
2017-07-21,0.0027762532766740402
2017-07-24,0.00091680518964616
2017-07-25,-0.004210905650871841
2017-07-26,0.00023121210922532037
2017-07-27,0.00028323271603772
2017-07-28,-0.00641801931361282
2017-07-31,0.0028541311374909997
2017-08-01,-0.00476835299768708
2017-08-02,0.004953735035953019
2017-08-03,-0.0017700840638542397
2017-08-04,-0.0018261545476534976
2017-08-07,0.002747595857038442
2017-08-08,-0.00238241950200302
2017-08-09,-0.0004077750154905602
2017-08-10,0.00263903320221496
2017-08-11,0.0
2017-08-14,-0.0020138377868077
2017-08-15,-0.0006287962892370199
2017-08-16,-0.0014130646650571603
2017-08-17,-0.0006663124658225401
2017-08-18,-0.0030897619035201605
2017-08-21,-0.00316680485984532
2017-08-22,0.0034968519278218597
2017-08-23,-0.002175492723831061
2017-08-24,-0.00251466614211672
2017-08-25,-0.0007891746935300397
2017-08-28,5.903985771525981e-05
2017-08-29,-0.0015788536634579599
2017-08-30,-0.0011891637847365201
2017-08-31,-0.0014074112829143804
2017-09-01,0.00158399638478044
2017-09-05,0.00140743198393182
2017-09-06,0.00192314385706552
2017-09-07,0.00035454114889478007
2017-09-08,0.0038514046423674397
2017-09-11,0.00425232436204818
2017-09-12,0.003904128034604859
2017-09-13,-0.0020082443105992596
2017-09-14,0.0013530000755591202
2017-09-15,0.0023213351663962604
2017-09-18,0.0
2017-09-19,0.0010525018233464804
2017-09-20,0.004475125980420541
2017-09-21,-0.0033886591774954402
2017-09-22,-0.0024291816970519802
2017-09-25,0.00223951604238872
2017-09-26,0.0024005564068487204
2017-09-27,0.00384050634626028
2017-09-28,0.007290811282612721
2017-09-29,-0.004172874744302481
2017-10-02,0.0010315855788192397
2017-10-03,-0.00619993576694662
2017-10-04,-0.0016986507701974604
2017-10-05,-0.0004521835560349803
2017-10-06,0.00230137669069212
2017-10-09,-2.3857925554995622e-17
2017-10-10,-0.00595585255310738
2017-10-11,-0.00720442572251902
2017-10-12,-0.012334534440516519
2017-10-13,-0.005973043750992139
2017-10-16,-0.00846970220507704
2017-10-17,0.0059757301316803405
2017-10-18,-0.0014617950232073602
2017-10-19,-0.004001349503437579
2017-10-20,0.0001222835900281798
2017-10-23,0.0011726468116429402
2017-10-24,0.002219397950811321
2017-10-25,0.0029928899845900795
2017-10-26,0.00565752662522328
2017-10-27,0.0026817783404388547
2017-10-30,0.0
2017-10-31,-0.005001401993137604
2017-11-01,-0.0004518861781877652
2017-11-02,0.004351397245887674
2017-11-03,-2.5250663962504735e-17
2017-11-06,-0.0007440328522997602
2017-11-07,0.0144143053359994
2017-11-08,0.0020339089583035403
2017-11-09,0.004773317810981895
2017-11-10,0.0005820789917886554
2017-11-13,-0.0023843898668115208
2017-11-14,-0.00568927648914122
2017-11-15,0.0006087276695668983
2017-11-16,0.0002321681032263198
2017-11-17,0.00740358330324234
2017-11-20,0.0070214721247307595
2017-11-21,-0.0013428933858281999
2017-11-22,0.00712401107331638
2017-11-24,-0.00191878619475358
2017-11-27,-0.010246480218268659
2017-11-28,-0.00406030014548312
2017-11-29,-0.003914839608490881
2017-11-30,0.0007394786832531005
2017-12-01,-0.00502633067026528
2017-12-04,-0.006332512103155096
2017-12-05,-0.00793785529302584
2017-12-06,0.0011809947956038396
2017-12-07,0.009739496546514442
2017-12-08,-0.00156477214541732
2017-12-11,0.0037749480335202406
2017-12-12,0.00920378343706178
2017-12-13,-0.0030178705285686756
2017-12-14,-8.651848899550037e-05
2017-12-15,0.0050693435778555
2017-12-18,0.0011700360695119402
2017-12-19,0.0012093580272965199
2017-12-20,0.007987189409988285
2017-12-21,0.0024128903588785996
2017-12-22,0.00087271123090272
2017-12-26,-0.0017253133766920803
2017-12-27,0.006299485480893119
2017-12-28,-0.00119334327516968
2017-12-29,-0.005575211108639
2018-01-02,0.0
2018-01-03,0.0
2018-01-04,-0.00732182942455966
2018-01-05,-0.0006917097150436584
2018-01-08,0.0
2018-01-09,-0.005292985590639459
2018-01-10,0.003431313169055881
2018-01-11,-0.00086353074275964
2018-01-12,-0.00041014195411022067
2018-01-16,-0.0023343376138391407
2018-01-17,-0.001627928378521284
2018-01-18,0.0021744867771180607
2018-01-19,-0.0006219962183126001
2018-01-22,0.00253119757159852
2018-01-23,-0.005449186919161195
2018-01-24,-0.0023566226657440958
2018-01-25,-0.00986506087404488
2018-01-26,-0.004238675407982161
2018-01-29,-0.006971289932544359
2018-01-30,0.00649698279725244
2018-01-31,0.005684946089661599
2018-02-01,0.00023217959042872013
2018-02-02,0.0004290142784869601
2018-02-05,-0.014216436463507842
2018-02-06,-0.004005158925074158
2018-02-07,0.01056137396318626
2018-02-08,0.0043924399724099405
2018-02-09,-0.01785121579973576
2018-02-12,0.0
2018-02-13,0.00359294417785316
2018-02-14,-0.0028673901354748
2018-02-15,-0.006091598445333799
2018-02-16,0.0027616035996705403
2018-02-20,-0.0069734370349562366
2018-02-21,-0.00040973584726934
2018-02-22,-0.00034639308833428
2018-02-23,0.00343215239342776
2018-02-26,0.0054487190246125
2018-02-27,-0.00110655454532516
2018-02-28,-0.00491445417300128
2018-03-01,-0.004904666542318161
2018-03-02,-0.0051827879004893605
2018-03-05,-0.005801919023419821
2018-03-06,0.0033985767135968
2018-03-07,7.190133453731986e-05
2018-03-08,0.00063414535569756
2018-03-09,0.0010200589105096398
2018-03-12,0.00452618631768564
2018-03-13,-0.00068035913152688
2018-03-14,-0.0001615508885299
2018-03-15,-0.0001785714285714
2018-03-16,-1.196801879421996e-05
2018-03-19,0.0021831352748290997
2018-03-20,-0.00019429592696094006
2018-03-21,0.0
2018-03-22,0.00427044136312894
2018-03-23,0.018758966600088696
2018-03-26,-0.004510968635855574
2018-03-27,0.0021441699524658697
2018-03-28,0.0021633687811891196
2018-03-29,0.006317092411015983
2018-04-02,0.0037971950943175995
2018-04-03,-0.00074995153289758
2018-04-04,0.005160492443140119
2018-04-05,0.013738940576948959
2018-04-06,-0.00589618426712466
2018-04-09,0.0055080488799065
2018-04-10,-0.00572123831086392
2018-04-11,-0.00940729498363564
2018-04-12,0.00163154316791298
2018-04-13,0.00127198884748498
2018-04-16,0.002173828099129219
2018-04-17,0.0022209567476812802
2018-04-18,-0.0034068115984952395
2018-04-19,-0.0016269112491963194
2018-04-20,-0.0015402837193379559
2018-04-23,0.0026454759008450995
2018-04-24,-0.0020495449323368027
2018-04-25,-0.00022247424721328268
2018-04-26,-0.00155563978100636
2018-04-27,-0.0020688074728292967
2018-04-30,2.290714804410591e-17
2018-05-01,0.003638124284264963
2018-05-02,-0.000942813531645997
2018-05-03,2.290714804410591e-17
2018-05-04,0.0
2018-05-07,0.003932642491306343
2018-05-08,0.002970297029702983
2018-05-09,0.0022199237515599995
2018-05-10,-0.006565497994069401
2018-05-11,-0.005010063011990643
2018-05-14,0.006991455701577376
2018-05-15,0.0003983670765661965
2018-05-16,-0.0024256218884292236
2018-05-17,-0.00112639125731156
2018-05-18,0.00735577114056576
2018-05-21,-0.0030818698457462396
2018-05-22,0.0012542554327493601
2018-05-23,0.0015072898033228798
2018-05-24,0.00751327901110754
2018-05-25,-0.00378153959937306
2018-05-29,0.004042767677900959
2018-05-30,0.008790320427499219
2018-05-31,0.008682405067346959
2018-06-01,-0.0053442757589767
2018-06-04,-0.00356029111064822
2018-06-05,0.00446542893725986
2018-06-06,0.00211485363751078
2018-06-07,0.00125945143439594
2018-06-08,0.00035354262185974
2018-06-11,0.0022784810126582197
2018-06-12,0.0032997504366641403
2018-06-13,-0.0005434341699937601
2018-06-14,-0.0037015775821745756
2018-06-15,-0.001762313320200796
2018-06-18,0.00752979222917784
2018-06-19,0.004772644632347319
2018-06-20,0.007701282754722466
2018-06-21,0.00360288833655602
2018-06-22,0.00196761147476696
2018-06-25,-7.146324224799978e-05
2018-06-26,-0.00177851953046406
2018-06-27,0.0010354341469452002
2018-06-28,0.0004867157734467
2018-06-29,0.003002355930627314
2018-07-02,0.009637485512890981
2018-07-03,0.003942350630239205
2018-07-05,0.000416980419268906
2018-07-06,0.0021682002968054608
2018-07-09,0.0008011138591517445
2018-07-10,0.0014896675411648795
2018-07-11,0.00264594634617968
2018-07-12,0.00659648273943704
2018-07-13,0.0008326185076207599
2018-07-16,-2.5069977124919872e-17
2018-07-17,0.0027534499609478944
2018-07-18,0.0027030242191961144
2018-07-19,-0.004280721186765046
2018-07-20,0.0047858495023066945
2018-07-23,-0.0009702017777269049
2018-07-24,-0.007336991337774265
2018-07-25,-0.003154133148030005
2018-07-26,0.0010952338288505751
2018-07-27,-0.0022883438453967253
2018-07-30,-0.00045116184869368515
2018-07-31,-0.0022781692402673802
2018-08-01,-6.585193062834003e-05
2018-08-02,0.004162399681025599
2018-08-03,0.0038993878094223796
2018-08-06,0.00233560890882652
2018-08-07,0.002928561351454059
2018-08-08,-0.0016410098980757398
2018-08-09,-0.0010032387859000202
2018-08-10,0.00235701916715428
2018-08-13,0.0023573603752907596
2018-08-14,0.00029231993905948044
2018-08-15,0.004139847566352
2018-08-16,-0.00018022131083886023
2018-08-17,-0.00038673135289111994
2018-08-20,-0.0036522534848052596
2018-08-21,0.0009642057789071
2018-08-22,-0.00021682835120384017
2018-08-23,0.0
2018-08-24,0.0006031527668090601
2018-08-27,-3.985130612514133e-05
2018-08-28,-0.0015161963004551202
2018-08-29,0.00120378331900256
2018-08-30,0.0015796207369255001
2018-08-31,-0.0004853573680074002
2018-09-04,-0.0006951770864751799
2018-09-05,0.00303274614832398
2018-09-06,-0.00030659149002460026
2018-09-07,-0.00484477551221304
2018-09-10,-0.00272975378699528
2018-09-11,0.0007372346354852202
2018-09-12,0.0009029866672125397
2018-09-13,-0.00471903407764918
2018-09-14,0.00699452662797984
2018-09-17,0.0
2018-09-18,0.0016369117364931993
2018-09-19,0.00637573047037972
2018-09-20,0.00629540633398416
2018-09-21,-0.00279279390575122
2018-09-24,0.0
2018-09-25,-0.006438504707365143
2018-09-26,0.002274702145204437
2018-09-27,0.0012212327663548364
2018-09-28,0.0013830141820557803
2018-10-01,0.0003772083763982602
2018-10-02,0.00783726653724922
2018-10-03,-0.0027226850566634203
2018-10-04,-0.00543562099442862
2018-10-05,0.00038729977274866
2018-10-08,0.0
2018-10-09,-0.0058849640340930005
2018-10-10,0.005862318534712541
2018-10-11,0.003020521527781461
2018-10-12,-0.0009283051595384202
2018-10-15,-0.0036710086554978053
2018-10-16,-0.0008333139414549201
2018-10-17,-0.008003979831803981
2018-10-18,-0.004944841885656781
2018-10-19,6.205497825439532e-05
2018-10-22,0.0011796166227848607
2018-10-23,-0.00316554460128852
2018-10-24,0.00549868828307192
2018-10-25,-0.005036856369551381
2018-10-26,-0.00852066116411518
2018-10-29,-0.0030630445232916197
2018-10-30,-0.0052565116845180405
2018-10-31,-0.005158758014367001
2018-11-01,-0.0016869573745329795
2018-11-02,-0.01252002616835976
2018-11-05,-0.0016555273522191603
2018-11-06,0.00329536505500732
2018-11-07,-0.0023712414122474
2018-11-08,0.0023118296322280603
2018-11-09,-0.0017809589917875401
2018-11-12,0.00025260243297218
2018-11-13,-0.002250124197194945
2018-11-14,-0.00483881792584368
2018-11-15,0.0023668660448378995
2018-11-16,-0.00146341463414632
2018-11-19,0.0010797975881363998
2018-11-20,-0.001278003330236959
2018-11-21,0.00200110383747678
2018-11-23,0.0
2018-11-26,-0.00095045411797992
2018-11-27,-0.00156759080812118
2018-11-28,0.0009755001472160199
2018-11-29,-0.00222509305618906
2018-11-30,-0.004702298569738439
2018-12-03,-0.00817409099350992
2018-12-04,0.006927619400874281
2018-12-06,0.00695614688748174
2018-12-07,0.00178538826980634
2018-12-10,-0.0017629568479501203
2018-12-11,0.00030003666079137675
2018-12-12,-0.007075624875676959
2018-12-13,-0.0013083001903788005
2018-12-14,0.0049984131263968775
2018-12-17,0.006122809523981541
2018-12-18,0.00035987420617272
2018-12-19,-0.005752445152828118
2018-12-20,0.011685822291108278
2018-12-21,0.008657577190005698
2018-12-24,0.0
2018-12-26,-0.009810514864056239
2018-12-27,0.008310210717373201
2018-12-28,0.006039119177903741
2018-12-31,0.0
2019-01-04,0.003486225512248979
2019-01-07,-0.004987424538468622
2019-01-08,0.00196936436941318
2019-01-09,0.0009681479769166173
2019-01-10,-7.592592319992006e-05
2019-01-11,0.00108043915380828
2019-01-15,-0.004382129904812061
2019-01-16,0.0018897017449912802
2019-01-17,0.00441899040644016
2019-01-18,-0.0007709025910149152
2019-01-22,-0.008724404454998275
2019-01-23,-0.0017551461568743954
2019-01-24,-0.00296067050942686
2019-01-25,-0.0017003188097768
2019-01-28,-0.000656660412757985
2019-01-29,0.006512566487553681
2019-01-30,-0.0008194746955358799
2019-01-31,-0.0020008450942303
2019-02-01,-0.0006721533861446406
2019-02-04,-0.00039356899416288
2019-02-05,-0.00313929649791796
2019-02-06,0.0002660676269542004
2019-02-07,0.00546242814387892
2019-02-08,0.00340131219687696
2019-02-12,-0.005970265491493
2019-02-13,0.001883976771814185
2019-02-14,0.00097724658052812
2019-02-15,-0.00114823603860148
2019-02-19,0.0003484478869245004
2019-02-20,0.0032918456109332387
2019-02-21,0.002239912086242682
2019-02-22,-1.7102863075426649e-18
2019-02-25,-8.782276349582381e-05
2019-02-26,0.001923290434768276
2019-02-27,-0.0004979561501301041
2019-02-28,-0.00264474531868148
2019-03-01,0.0025423403809675
2019-03-04,-0.0020574494636443
2019-03-05,-0.0006471859421500601
2019-03-06,0.00052083333333332
2019-03-07,0.002959994201344799
2019-03-08,0.00571169231886818
2019-03-11,-0.0019291610952383797
2019-03-12,0.0019483425442278803
2019-03-13,0.00701302054256424
2019-03-14,0.0005295682830497204
2019-03-15,-0.0018640435472118116
2019-03-18,-0.0031704477439399
2019-03-19,0.0002864730868140799
2019-03-20,-0.0005032132165391
2019-03-22,-0.006348981337824601
2019-03-25,0.01145220165200312
2019-03-26,-0.004458152122996301
2019-03-27,0.0002786880534819342
2019-03-28,0.0012824980197720399
2019-03-29,0.0041514403757490406
2019-04-01,-0.0038723531017356002
2019-04-02,0.006732261070408941
2019-04-03,-0.0017450036369750792
2019-04-04,0.00053300834969006
2019-04-05,-0.0019275418891025798
2019-04-08,0.0031665499747251997
2019-04-09,0.00435877530443374
2019-04-10,-0.00253744300575892
2019-04-11,-0.0013068663865781402
2019-04-12,-0.0007503070130790602
2019-04-15,-0.004708819066382279
2019-04-16,0.004000011819462268
2019-04-17,0.0030583934002231202
2019-04-18,-0.00015673592193825997
2019-04-22,-0.00670246593680798
2019-04-23,-0.0035297522950309803
2019-04-24,0.011891571676134298
2019-04-25,-0.00033784018026414026
2019-04-26,0.0005462865751598
2019-05-07,-0.0007444515611355002
2019-05-08,-0.009287392784844178
2019-05-09,0.005761571959034718
2019-05-10,-0.0003911819404185999
2019-05-13,0.0006129660029681197
2019-05-14,0.0038272009362696003
2019-05-15,-0.0066675919475307
2019-05-16,-0.004373497260949021
2019-05-17,0.00315838191593366
2019-05-20,0.0018128348237578802
2019-05-21,-0.00034460951418191564
2019-05-22,-0.0004970382701360598
2019-05-23,-0.0019392581651888198
2019-05-24,-0.0026717986586383404
2019-05-28,0.00258165981862904
2019-05-29,0.0018171094638797574
2019-05-30,-0.005278688924664102
2019-05-31,0.0073909517400256395
2019-06-03,0.013108964151799619
2019-06-04,-0.005219739418905576
2019-06-05,0.0031950656141552965
2019-06-06,-0.0019041940590783198
2019-06-07,-3.792120726740008e-06
2019-06-10,-0.00462184103753302
2019-06-11,0.00023260656315570003
2019-06-12,8.625734468072012e-05
2019-06-13,0.0088796475115335
2019-06-14,0.0013867887260160601
2019-06-17,0.00286243903140836
2019-06-18,-0.00028244500897540124
2019-06-19,-0.007690338359040319
2019-06-20,-0.00426051721938878
2019-06-21,0.0017905334047147005
2019-06-24,0.0018170953017732
2019-06-25,0.00679375289462048
2019-06-26,-0.0009653750947478204
2019-06-27,0.00196335571534036
2019-06-28,0.00526863290222872
2019-07-01,0.006077821352917719
2019-07-02,-0.00139436435445572
2019-07-03,-0.00273296278513532
2019-07-05,0.002182951664242865
2019-07-08,0.0009396142544068585
2019-07-09,-0.0030063014414343607
2019-07-10,0.0008191743262839002
2019-07-11,0.0017686929036850997
2019-07-12,0.0015203738035173202
2019-07-16,0.005294638168974941
2019-07-17,-0.00212507504753786
2019-07-18,0.009536076980691845
2019-07-19,-0.008714068974000462
2019-07-22,0.0033727337784029005
2019-07-23,0.0024749324617252396
2019-07-24,0.005300157300862919
2019-07-25,-0.00018613982835602019
2019-07-26,0.007318060489273443
2019-07-29,-0.0016758728474526598
2019-07-30,0.0017393635128407198
2019-07-31,-0.0005206175859703401
2019-08-01,-0.0012698345977220395
2019-08-02,0.009354467364716443
2019-08-05,0.006582878586643543
2019-08-06,-0.0038901858518188576
2019-08-07,0.0026760022597144997
2019-08-08,0.0061847374393265995
2019-08-09,0.0027404659924837402
2019-08-13,0.012414435604170321
2019-08-14,-0.003664964750550726
2019-08-15,0.0054800942763562795
2019-08-16,-0.0021676078174777806
2019-08-19,-0.007720702039279942
2019-08-20,-0.00386482018627696
2019-08-21,0.0088444595366973
2019-08-22,0.0035929590015454
2019-08-23,-0.0011533488683861
2019-08-26,0.004489945341408361
2019-08-27,-0.00116155593193662
2019-08-28,0.00032621131171208363
2019-08-29,-0.0017994075663046402
2019-08-30,-0.00346274186938154
2019-09-03,-0.0029767999304311592
2019-09-04,0.0060895597274288425
2019-09-05,-0.008030070124007022
2019-09-06,0.00099498924464154
2019-09-09,-0.0014203268280608599
2019-09-10,-0.007698336930215139
2019-09-11,-0.0072426956713448
2019-09-12,-0.005748633215272881
2019-09-13,0.000278697601100936
2019-09-17,0.0005531642104476056
2019-09-18,-0.0012665768434953146
2019-09-19,0.0009640905863726405
2019-09-20,0.00039185859081617954
2019-09-24,0.00281067094702436
2019-09-25,0.0009254889031315801
2019-09-26,-0.0026946200204320597
2019-09-27,-0.0014752984995894001
2019-09-30,-0.006029577843727279
2019-10-01,-0.00271173046865402
2019-10-02,-0.0028522225765341405
2019-10-03,0.004011323455173639
2019-10-04,-0.00029127398695107977
2019-10-07,-0.0023475988237531605
2019-10-08,-0.0056290874643867405
2019-10-09,-0.0037199132939535196
2019-10-10,-0.00249892931104384
2019-10-11,-0.0007393498064781606
2019-10-15,0.011708325240862601
2019-10-16,-0.0006666231023626397
2019-10-17,-0.0029898461531757204
2019-10-18,0.0012980605030537603
2019-10-21,-0.0006713268283277799
2019-10-23,-0.0042510485958165605
2019-10-24,0.0008761773675545799
2019-10-25,0.00437353912552804
2019-10-28,-0.00275867589111628
2019-10-29,-0.0018135483125708203
2019-10-30,0.0035716988582226196
2019-10-31,0.0028358208030509605
2019-11-01,-0.00511512560260652
2019-11-05,0.0042133958112713
2019-11-06,-0.00050979638193326
2019-11-07,0.0009635994826740599
2019-11-08,0.01866033752178118
2019-11-11,-0.00550769564015936
2019-11-12,-0.0003631482434117402
2019-11-13,-0.0025178974907948196
2019-11-14,0.00013286561943219978
2019-11-15,5.87477841400599e-05
2019-11-18,-0.00431174597389518
2019-11-19,-0.004813190663237819
2019-11-20,-0.0026281156723325203
2019-11-21,-0.0030900322438142
2019-11-22,0.0036966662861850994
2019-11-25,-0.0020491590500726596
2019-11-26,0.0012167260850105602
2019-11-27,-0.0013820045911820161
2019-11-29,-0.0027293902016256805
2019-12-02,0.004684192052556761
2019-12-03,-0.0006263631574997791
2019-12-04,-0.0009757765847581201
2019-12-05,0.005956388376121241
2019-12-06,0.0008681733303510202
2019-12-09,-0.00543839254414724
2019-12-10,0.00400713336967578
2019-12-11,-0.00600844392641442
2019-12-12,-0.00289026729752386
2019-12-13,0.014469766072711138
2019-12-16,-0.0019468332669709595
2019-12-17,0.0014099935947824002
2019-12-18,-0.0050887299555166035
2019-12-19,0.00030957751554
2019-12-20,-0.00076594777727284
2019-12-23,-0.00466451793924372
2019-12-24,0.0003338272558789195
2019-12-26,-0.0001895900812304398
2019-12-27,-0.00214578694227958
2019-12-30,-0.0017819448308398402
2020-01-06,-0.0006007975182885596
2020-01-07,-0.008422655453631946
2020-01-08,0.004817376583112975
2020-01-09,0.0011713384228266748
2020-01-10,0.0010582546320588152
2020-01-14,-0.001302862925295905
2020-01-15,-0.00164262361762344
2020-01-16,-0.00207990620333472
2020-01-17,0.00061841057321808
2020-01-21,0.0001990767121215402
2020-01-22,0.006860113664217276
2020-01-23,-0.0016923315627685282
2020-01-24,0.0009967220714517317
2020-01-27,-0.0019144678099340395
2020-01-28,0.0079242297324144
2020-01-29,-0.0016708666047360128
2020-01-30,-0.0003102420380476547
2020-01-31,0.0052127084576466046
2020-02-03,0.00214041384729786
2020-02-04,-0.0036494688039256603
2020-02-05,-0.009710503687106822
2020-02-06,3.893580765692e-05
2020-02-07,0.00322363772109148
2020-02-10,-0.0027406143958604396
2020-02-12,-0.0038181320093981
2020-02-13,-0.00407220372864956
2020-02-14,0.0038841059575727404
2020-02-18,0.0043188215674644
2020-02-19,0.008490929231499501
2020-02-20,-0.002990189788833179
2020-02-21,-0.004011857526056979
2020-02-25,0.004376025560788821
2020-02-26,0.0018592862221734393
2020-02-27,0.003393790774827484
2020-02-28,-0.00720267155455058
2020-03-02,-0.00361334414682952
2020-03-03,-0.002497457038358318
2020-03-04,0.013996014165487278
2020-03-05,0.002774500950404921
2020-03-06,0.0068149096263098626
2020-03-09,0.004186570183924633
2020-03-10,0.0190375192085041
2020-03-11,0.00035698216843702
2020-03-12,0.0012100248814845005
2020-03-13,-0.00637182187730064
2020-03-16,-0.001489303666301801
2020-03-17,0.034676672447104775
2020-03-18,0.008437159755675395
2020-03-19,-0.00011725048386758028
2020-03-23,-0.00825893100745432
2020-03-24,-0.0503591405162846
2020-03-25,-0.00988498004852834
2020-03-26,0.020064745708396475
2020-03-27,0.023673914922092785
2020-03-30,0.010796345833257701
2020-03-31,-0.009946238031663326
2020-04-01,0.006284234664582063
2020-04-02,0.012351264200965141
2020-04-03,0.02425418742034262
2020-04-06,-0.009801589827055916
2020-04-07,-0.01698302337478872
2020-04-08,0.013404727155014583
2020-04-09,-0.0081102514334869
2020-04-13,5.78820613373332e-05
2020-04-14,-0.0009166181876243845
2020-04-15,0.017303336140734718
2020-04-16,-0.00817812463066694
2020-04-17,-0.011435443584191619
2020-04-20,0.00144059862101222
2020-04-21,0.00869647074038726
2020-04-22,-0.003112301817231179
2020-04-23,-0.007347714578509421
2020-04-24,0.0056343370530583005
2020-04-27,-0.022186817657428682
2020-04-28,0.00036424221847708004
2020-04-30,-0.01815686462957156
2020-05-01,0.01964713845789204
2020-05-07,0.01035273166958748
2020-05-08,-0.0228095977939182
2020-05-11,-0.010544877419747838
2020-05-12,0.0041651554192161
2020-05-13,-0.0010331327452871796
2020-05-14,0.012202466067709482
2020-05-15,0.00674642567762916
2020-05-18,0.00979379417735068
2020-05-19,-0.01467478379410372
2020-05-20,-0.004401099770008519
2020-05-21,-0.00153862487079058
2020-05-22,0.00476495032534454
2020-05-26,-0.009718178888967179
2020-05-27,-0.004819229471372199
2020-05-28,0.0030079898273853403
2020-05-29,0.012405025008578461
2020-06-01,0.0045754101678091
2020-06-02,-0.01100210650956686
2020-06-03,-0.0025675586197835614
2020-06-04,0.0161922900797778
2020-06-05,-0.021165298150834438
2020-06-08,-0.0010607205470243193
2020-06-09,0.012069723052719701
2020-06-10,0.0061689313084107005
2020-06-11,0.025624949788724895
2020-06-12,-0.0030134563793579993
2020-06-15,0.0139625796665934
2020-06-16,-0.00043198691923203997
2020-06-17,0.00611203708336876
2020-06-18,0.0005753866946441801
2020-06-19,-0.00162177654038304
2020-06-22,0.009460825234395738
2020-06-23,-0.004478946885187081
2020-06-24,-0.00113552198524486
2020-06-25,0.0064905743655240605
2020-06-26,0.0009261414121574199
2020-06-29,0.0014196502721870595
2020-06-30,-0.006280184051798679
2020-07-01,0.018324674210434357
2020-07-02,0.00098776028143626
2020-07-06,-0.00997333620099838
2020-07-07,0.011436479950472062
2020-07-08,0.0027085680573082993
2020-07-09,0.006370740182188281
2020-07-10,0.0016751376910447997
2020-07-13,-0.009127284147129
2020-07-14,0.00459467157051938
2020-07-15,0.0017934888745775005
2020-07-16,-0.00638050413656142
2020-07-17,0.0006124526505515192
2020-07-20,-0.0023644759338272807
2020-07-21,0.00065541551130918
2020-07-22,0.0026522576600715234
2020-07-27,0.00014898317004541882
2020-07-28,0.01154089720182036
2020-07-29,-0.004270579894143038
2020-07-30,0.017424201643230577
2020-07-31,0.0013942773786259181
2020-08-03,0.0002854674628529792
2020-08-04,-0.009571446866552659
2020-08-05,0.00207527126036926
2020-08-06,0.016651865176600517
2020-08-07,-0.009427001474063978
2020-08-11,-0.018396875192149217
2020-08-12,-0.011007852010453699
2020-08-13,0.00730446877962106
2020-08-14,-0.0058113639647124
2020-08-17,0.00697376265190148
2020-08-18,-0.00388423048072464
2020-08-19,-0.00453031115961538
2020-08-20,-0.00728271975258532
2020-08-21,0.00191371817583352
2020-08-24,0.00953971218342778
2020-08-25,-0.00699977587867604
2020-08-26,0.0028138309798085995
2020-08-27,0.00072514856831646
2020-08-28,-0.0041394702236588615
2020-08-31,0.0004930404693395205
2020-09-01,-0.00520822386726758
2020-09-02,-0.00919808141835934
2020-09-03,-0.003800778191076561
2020-09-04,0.00493028233376104
2020-09-08,-0.004620975844104119
2020-09-09,-0.0027740224578283006
2020-09-10,0.00015187891516002007
2020-09-11,-0.0062814754121655395
2020-09-14,-0.00431872040510644
2020-09-15,0.006521899314661041
2020-09-16,0.00018153019159835985
2020-09-17,0.0013403748864013608
2020-09-18,-0.00467150121197356
2020-09-23,0.001706069221279761
2020-09-24,-1.2156856928660555e-05
2020-09-25,0.0043481214940760595
2020-09-28,0.0008840776673287795
2020-09-29,0.00543946162922702
2020-09-30,-0.00363675362375984
2020-10-02,0.0007635635539505609
2020-10-05,-0.00193447858154926
2020-10-06,-0.0023717381690332596
2020-10-07,0.0015881984256953812
2020-10-08,0.005374151617172961
2020-10-09,0.00018534433746514051
2020-10-12,-0.0023032817968286204
2020-10-13,-0.00113450646665136
2020-10-14,0.0016939557673155401
2020-10-15,0.00451695857832032
2020-10-16,0.00016316412654020012
2020-10-19,-0.00666907391782922
2020-10-20,0.008534774977329301
2020-10-21,-0.0046856469049160005
2020-10-22,0.0060995780870986
2020-10-23,0.0047345131521499394
2020-10-26,0.0022424727150904596
2020-10-27,-2.2310723238699827e-05
2020-10-28,-0.0010362695351919006
2020-10-29,-0.0017213757570973005
2020-10-30,-0.0024819801369931407
2020-11-02,-0.00759334449193122
2020-11-04,0.004724372046111601
2020-11-05,-0.015418780618070359
2020-11-06,0.0011193818390041609
2020-11-09,0.01267134033034284
2020-11-10,0.002883557976840919
2020-11-11,-0.0024220882430366405
2020-11-12,0.005725671209759742
2020-11-13,0.0017747208839395193
2020-11-16,0.0028636463428370605
2020-11-17,-0.006991191924643721
2020-11-18,0.00600949270209614
2020-11-19,-0.00615977800140434
2020-11-20,-0.0027775914884359187
2020-11-24,0.0036945051490278407
2020-11-25,0.00109458589827358
2020-11-27,0.0017519219157144
2020-11-30,0.005194636766087522
2020-12-01,0.01701056045622624
2020-12-02,0.0011000170486315003
2020-12-03,0.0036434085714330197
2020-12-04,0.002763187204957061
2020-12-07,-0.011410121173134842
2020-12-08,0.00740982662871072
2020-12-09,0.004538201043954139
2020-12-10,-0.0030496425874363404
2020-12-11,-0.00866356733215706
2020-12-14,0.0036525382539147997
2020-12-15,0.0010351485434377606
2020-12-16,0.006329349348783639
2020-12-17,0.00648596223006436
2020-12-18,0.0020564070829575
2020-12-21,0.0028115423187696203
2020-12-22,-0.0018667626121612203
2020-12-23,-0.0006648120967742408
2020-12-24,-0.005607423955141659
2020-12-28,-0.002568088069715299
2020-12-29,-0.0004200411860429201
2020-12-30,0.0003336015616947586
2021-01-04,-0.0032409500948284587
2021-01-05,0.00263662806342742
2021-01-06,-0.011074815831762818
2021-01-07,0.013400479588822019
2021-01-08,0.003993768112403181
2021-01-12,-0.0137368686643344
2021-01-13,0.00783753192548578
2021-01-14,-0.009230850005854701
2021-01-15,-0.0057291104711707785
2021-01-19,-0.00785747399335296
2021-01-20,0.005261344086361861
2021-01-21,0.0019227602252987002
2021-01-22,-0.0026784670293939802
2021-01-25,-0.005293179136286401
2021-01-26,-0.00982739032440494
2021-01-27,-0.0020055740739687395
2021-01-28,0.000715812487099959
2021-01-29,-0.012134338471540499
2021-02-01,0.007581280387889519
2021-02-02,-0.0022639019782174806
2021-02-03,-0.013892175843699617
2021-02-04,0.00061825978928422
2021-02-05,0.0024667790929348405
2021-02-08,0.005009104679070444
2021-02-09,-0.005411539257984621
2021-02-10,0.009102636626251381
2021-02-12,0.00905946683695168
2021-02-16,-0.005933823974573561
2021-02-17,0.0082828016996319
2021-02-18,-0.013190157634916705
2021-02-19,0.0047200811416327
2021-02-22,0.00881038945527074
2021-02-24,-0.014121937179378378
2021-02-25,0.0019957944566221402
2021-02-26,-0.013737517934798375
2021-03-01,0.0021091120399905393
2021-03-02,0.0009656572021047218
2021-03-03,0.01137260344348466
2021-03-04,-0.0032462794097332585
2021-03-05,-0.005880225696734081
2021-03-08,0.0020479512096804003
2021-03-09,0.0035005918737599606
2021-03-10,-0.0021829810261154003
2021-03-11,-0.0013285878848232004
2021-03-12,-0.0007292641527404786
2021-03-15,0.010018584504569623
2021-03-16,-0.0031816771983211004
2021-03-17,-0.00204220177095876
2021-03-18,0.0061340720272025796
2021-03-19,0.00757847523002294
2021-03-22,0.005620928038095419
2021-03-23,-0.008667387187965137
2021-03-24,0.0013909881053510396
2021-03-25,0.0011247164181466193
2021-03-26,-0.00252199238133118
2021-03-29,-0.01265244194245238
2021-03-30,0.009426766584642561
2021-03-31,0.00597372232460892
2021-04-01,-0.006814218887068861
2021-04-05,0.01370504575725786
2021-04-06,0.008556585920848058
2021-04-07,0.0031814077613189808
2021-04-08,-0.00573786429917158
2021-04-09,-0.00842853127612112
2021-04-12,0.00718526600197144
2021-04-13,0.0060290050265650996
2021-04-14,-0.0020261749164531
2021-04-15,0.004932531315764221
2021-04-16,-7.129524453371991e-05
2021-04-19,-0.00790426719301364
2021-04-20,0.005556842269270383
2021-04-21,-0.0025279698964420006
2021-04-22,-0.00699507205493104
2021-04-23,-0.0006148820259214596
2021-04-26,0.0046289898241049
2021-04-27,0.0018915273475723412
2021-04-28,-0.0003586023474924007
2021-04-30,0.0025122636981005
2021-05-06,0.006029755877313478
2021-05-07,0.010573583489285143
2021-05-10,0.006309369424289181
2021-05-11,0.005489187879447521
2021-05-12,-0.006985638699085745
2021-05-13,0.00065577385485778
2021-05-14,-0.00572456872010498
2021-05-17,-0.0016409334389484408
2021-05-18,0.005744395146838319
2021-05-19,0.0012944981286982
2021-05-20,-0.01317403342577604
2021-05-21,-0.00748056206281492
2021-05-24,0.004720340731337921
2021-05-25,0.0076319159133670204
2021-05-26,-0.007777477158445659
2021-05-27,-0.003696629585179719
2021-05-28,0.006224294261793759
2021-06-01,0.00599976618898964
2021-06-02,0.0002532039925625205
2021-06-03,-0.005933054127968819
2021-06-04,-0.00311943785455314
2021-06-07,-0.00432144449284264
2021-06-08,-0.01394674022739376
2021-06-09,0.0006384417089945207
2021-06-10,0.00334703886386156
2021-06-11,-0.00555240025091162
2021-06-14,-0.0036592178489171
2021-06-15,0.00041598539138941893
2021-06-16,-0.0032083132791329997
2021-06-17,0.00408070769323122
2021-06-18,-0.0072038314286083415
2021-06-21,0.002391850847069679
2021-06-22,0.0045292952840877195
2021-06-23,-0.0034104782286771603
2021-06-24,-0.00346978854502266
2021-06-25,-0.0031673638606872596
2021-06-28,-0.0020617985204722604
2021-06-29,-0.0018582389288081605
2021-06-30,-0.0023979418514983196
2021-07-01,0.0014630363407180996
2021-07-02,0.0039992448566513
2021-07-06,0.00426491839593544
2021-07-07,0.0016509024919091001
2021-07-08,0.0028615612198519404
2021-07-09,0.002404570313781119
2021-07-12,-0.0018701647355307397
2021-07-13,-0.004634001916280819
2021-07-14,-0.00952698184309226
2021-07-15,0.0005202212670528186
2021-07-16,-0.0006170353636522996
2021-07-19,0.0033899624858220808
2021-07-20,-0.001943409469324839
2021-07-21,-0.00010976492649774055
2021-07-26,-0.004440045232998819
2021-07-27,0.0006800888380762995
2021-07-28,-6.175542045542008e-05
2021-07-29,0.001291732895275558
2021-07-30,0.006272416826330878
2021-08-02,0.004771731973227878
2021-08-03,0.0027214679025362202
2021-08-04,-0.006657816891229459
2021-08-05,0.0029800088038932993
2021-08-06,-0.0037949611232393
2021-08-10,-0.00223089441997148
2021-08-11,0.0030113836526196804
2021-08-12,-0.0007306832289896599
2021-08-13,-8.653210838367991e-05
2021-08-16,-0.002935751202766861
2021-08-17,0.0022260851375076798
2021-08-18,0.0005754095433674199
2021-08-19,-0.002875818554854359
2021-08-20,-0.01898229348053606
2021-08-23,-0.0027271613651283395
2021-08-24,0.0037041291805294
2021-08-25,9.32111916480793e-05
2021-08-26,0.00105840643842292
2021-08-27,-0.0005336253661139398
2021-08-30,-0.00115890913324624
2021-08-31,0.0019119160306312003
2021-09-01,-0.0012423337992123386
2021-09-02,5.439432005020393e-06
2021-09-03,0.005557913525698101
2021-09-07,-0.004443726040866241
2021-09-08,-0.0026222365489409405
2021-09-09,-0.00199768769619432
2021-09-10,-0.004299304959251601
2021-09-13,0.00449715405833724
2021-09-14,0.006151225752068681
2021-09-15,0.0017566318594525797
2021-09-16,-0.00473339780291912
2021-09-17,-0.0074360857562086
2021-09-21,-0.0075053382574158615
2021-09-22,-0.00764370676180774
2021-09-24,-0.006983547639658519
2021-09-27,-0.00478110664228612
2021-09-28,0.0033758874140983395
2021-09-29,-0.01029117720251106
2021-09-30,-0.007493308329163141
2021-10-01,0.0009622635272776014
2021-10-04,-0.010665130904763662
2021-10-05,0.0024137313213734198
2021-10-06,0.005164691604186141
2021-10-07,0.003321193916804701
2021-10-08,-0.00013086485592754028
2021-10-11,0.0017037537681548216
2021-10-12,0.007043530573440921
2021-10-13,-0.0005798121626476799
2021-10-14,-0.00795420950219378
2021-10-15,-0.00011270810516606031
2021-10-18,0.01730527525189648
2021-10-19,-0.00604426900115376
2021-10-20,-0.0037656359379137205
2021-10-21,0.0016803912829604795
2021-10-22,-0.00152020525908616
2021-10-25,0.0021770071591305402
2021-10-26,-0.0029480109938321802
2021-10-27,0.00021184215261426092
2021-10-28,-0.00803755844325424
2021-10-29,0.00477530611361296
2021-11-01,0.0033867434636595597
2021-11-02,-0.0014418806397600605
2021-11-04,0.006300013615812499
2021-11-05,0.004113496996087139
2021-11-08,0.002617854560583699
2021-11-09,-0.002348162965069258
2021-11-10,-0.002071114899352081
2021-11-11,-0.0040295310226952
2021-11-12,0.0005786600614887012
2021-11-15,0.004605918850558661
2021-11-16,0.0018634108090355601
2021-11-17,0.0007256899457190394
2021-11-18,-0.0076079637886113
2021-11-19,0.0022754451585418403
2021-11-22,-0.0023143686734580404
2021-11-24,-0.00461525314702402
2021-11-26,-0.003803126604722342
2021-11-29,-0.0026672186225846807
2021-11-30,0.0062816457226961
2021-12-01,0.004581414696191699
2021-12-02,-0.00805876708099014
2021-12-03,0.00572982485449334
2021-12-06,-0.00045751930368136
2021-12-07,0.0041849986925463
2021-12-08,-0.0009577534932119188
2021-12-09,0.0018970870914325182
2021-12-10,-0.0065323972101985
2021-12-13,0.004798431978051201
2021-12-14,-0.0016113703317969597
2021-12-15,0.00714970639249206
2021-12-16,0.004163817265279561
2021-12-17,-0.0014161555032404598
2021-12-20,-0.009124949121960841
2021-12-21,-0.003710444963842181
2021-12-22,-0.0048903383246527606
2021-12-23,0.00766787842484692
2021-12-27,-0.0011461634393679604
2021-12-28,-0.00481932370530972
2021-12-29,-0.00141850979519736
2021-12-30,0.0045419233957745
2022-01-04,0.002729142668262621
2022-01-05,0.01159292228851454
2022-01-06,0.0021712788892848216
2022-01-07,0.0025092663414504387
2022-01-11,0.004264538108786179
2022-01-12,-0.0002520678632048799
2022-01-13,0.01682090034141628
2022-01-14,0.00330087628120832
2022-01-18,-0.0048335647697796405
2022-01-19,-0.005386670009371237
2022-01-20,-0.0060032254294998776
2022-01-21,-0.0001880121856579998
2022-01-24,0.00996465778881012
2022-01-25,2.826138598095891e-05
2022-01-26,-0.0023150607186267604
2022-01-27,0.015255277479112038
2022-01-28,0.015563542493473198
2022-01-31,-0.00552873213603352
2022-02-01,0.0001478096553595397
2022-02-02,0.009317462332262
2022-02-03,0.002629960446497739
2022-02-04,-0.0018080113855618
2022-02-07,0.00970851843071994
2022-02-08,0.004843493340926101
2022-02-09,-0.00783166987362466
2022-02-10,-0.0009564941017399606
2022-02-14,0.012334717449485558
2022-02-15,-0.012223743962972839
2022-02-16,0.009100095083061602
2022-02-17,0.007813198951189058
2022-02-18,-0.005566018754999321
2022-02-22,-0.0015960556881439592
2022-02-24,0.01481996824164458
2022-02-25,-0.0030695806535247
2022-02-28,0.01866597271057694
2022-03-01,-0.0019818622332926604
2022-03-02,0.012535645972488402
2022-03-03,0.00886573708423606
2022-03-04,0.006226940080290077
2022-03-07,0.014124211927344678
2022-03-08,-0.03538190020607386
2022-03-09,0.00076683888321874
2022-03-10,0.0065789464487571205
2022-03-11,0.026485223228817637
2022-03-14,0.0025860566901941802
2022-03-15,-0.029158259905156362
2022-03-16,0.0088499346211368
2022-03-17,-0.0023479915306715195
2022-03-18,-0.0004164999636073791
2022-03-22,0.022508197034452178
2022-03-23,-0.007726035916615059
2022-03-24,-0.008420498805680217
2022-03-25,0.005791305993286441
2022-03-28,0.0013223489877661398
2022-03-29,0.00368873420418136
2022-03-30,0.00847365540087034
2022-03-31,-0.00590864611520662
2022-04-01,0.0011185846919531403
2022-04-04,0.0010074272032845203
2022-04-05,-0.0036998248431907195
2022-04-06,0.0021712003183353406
2022-04-07,0.0025788400250376
2022-04-08,-0.0022242499550334006
2022-04-11,0.0046693736940316005
2022-04-12,0.007776307530137561
2022-04-13,-9.201162498386102e-05
2022-04-14,0.00835972040539944
2022-04-18,-0.0047912071083956
2022-04-19,0.0008173379428895802
2022-04-20,0.00245858941034734
2022-04-21,-0.011415779422511499
2022-04-22,-0.00727443646076106
2022-04-25,-0.0064515312965689395
2022-04-26,-0.0013336301109269418
2022-04-27,0.0006567272451044395
2022-04-28,-0.01313787521796698
2022-05-02,0.009733761031514819
2022-05-06,0.005436520120487698
2022-05-09,-0.00719313739112744
2022-05-10,-0.0090808487046872
2022-05-11,0.0007144366806747601
2022-05-12,-0.009158190076216759
2022-05-13,0.002399141623232161
2022-05-16,0.0016892080088012004
2022-05-17,0.004878328338667019
2022-05-18,-0.0046763128632982594
2022-05-19,0.00030111367465995853
2022-05-20,-0.00535902848865308
2022-05-23,-0.0013663913575271995
2022-05-24,0.002158526225521061
2022-05-25,0.0042448641871150805
2022-05-26,-0.0045433325962288395
2022-05-27,-0.001006644948161578
2022-05-31,0.0010488760790909202
2022-06-01,-0.00859431500286498
2022-06-02,0.00321095540815148
2022-06-03,-0.00471812600786012
2022-06-06,0.0037397617405857606
2022-06-07,0.00013868069861952006
2022-06-08,0.008670586703315318
2022-06-09,0.0003943242657984203
2022-06-10,-0.005517270950598601
2022-06-13,-0.00314632101090322
2022-06-14,-0.0045799825582041
2022-06-15,0.00056928083805282
2022-06-16,0.00673850639243956
2022-06-17,-0.000425875030644441
2022-06-21,-0.00192799183064646
2022-06-22,0.003839771349717639
2022-06-23,0.00626894222147408
2022-06-24,-0.010261293010284299
2022-06-27,0.00044219900860216
2022-06-28,0.01506474893983578
2022-06-29,0.0021124179414216395
2022-06-30,0.00493580045440016
2022-07-01,-0.003762485572166019
2022-07-05,-0.00175087112441008
2022-07-06,-0.0009308594571454595
2022-07-07,-0.0012379933001380804
2022-07-08,-0.00272913348546798
2022-07-11,0.0101908305120228
2022-07-12,0.013352334967007102
2022-07-13,0.00570943455445668
2022-07-14,-0.00968794882244728
2022-07-15,-0.01067371802934014
2022-07-19,-0.004346588513722301
2022-07-20,-0.0070560395254366005
2022-07-21,0.0013967635609437416
2022-07-22,-0.00557087770498054
2022-07-25,0.00524392125370414
2022-07-26,-0.0062938553034409
2022-07-27,-0.0051953075075951
2022-07-28,0.013953050355251462
2022-07-29,0.004151783195439821
2022-08-01,-0.00697166107905034
2022-08-02,0.0002339749648820194
2022-08-03,-0.0016523667746019398
2022-08-04,0.0006321982070444212
2022-08-05,-0.0028693129668693803
2022-08-08,-0.008923517392487201
2022-08-09,0.0012551140063231797
2022-08-10,-0.00404019054509126
2022-08-12,0.004888086295423321
2022-08-15,-0.00016317567333684027
2022-08-16,-0.0036281352729794995
2022-08-17,-0.004396617185182458
2022-08-18,0.00015923657040384101
2022-08-19,0.00303876286102666
2022-08-22,0.0029391901793717
2022-08-23,0.004889637715288
2022-08-24,-0.004785136051008238
2022-08-25,-0.00021544521390432078
2022-08-26,0.0010361790601413202
2022-08-29,0.0013337932423298
2022-08-30,0.0005234024507480197
2022-08-31,-0.0033673873684748595
2022-09-01,-0.004256989134044342
2022-09-02,-0.00112691869281638
2022-09-06,-0.00662130669895514
2022-09-07,0.0014746317772545998
2022-09-08,0.0027427145565550003
2022-09-09,0.0043361343179141205
2022-09-12,0.007800772318804879
2022-09-13,0.00262106745754744
2022-09-14,0.0044836239611801
2022-09-15,0.0034141769984240003
2022-09-16,-0.00323983719698192
2022-09-20,-0.00355265100085448
2022-09-21,0.00017035108460964135
2022-09-22,-0.0030579789383318196
2022-09-26,0.012629953381896781
2022-09-27,0.0034867581697424197
2022-09-28,-0.004039374893424619
2022-09-29,0.00831540139627682
2022-09-30,0.0068728102352095186
2022-10-03,-0.012487228521665422
2022-10-04,-0.0015981024470704194
2022-10-05,0.0004123404534077009
2022-10-06,0.0035199578410753194
2022-10-07,-0.004334262429508939
2022-10-11,0.005683869188606079
2022-10-12,0.00393060213934124
2022-10-13,-0.0020508052012540396
2022-10-14,-8.95863982604602e-05
2022-10-17,-0.0033377801079402
2022-10-18,0.004362252400816941
2022-10-19,-0.0064557355473869385
2022-10-20,0.00528111482349122
2022-10-21,-0.009514057567251079
2022-10-24,-0.00960334543936982
2022-10-25,0.0030336170860109403
2022-10-26,-0.0013035400817453203
2022-10-27,-0.00958051121973972
2022-10-28,0.0007531513955502401
2022-10-31,0.0025640376750521
2022-11-01,0.0076660956694553995
2022-11-02,0.00088047215992656
2022-11-04,0.0007536102461683193
2022-11-07,0.00267859313631112
2022-11-08,-0.0025201636973123
2022-11-09,-0.0014422921819881207
2022-11-10,0.005286487732212058
2022-11-11,-0.004538343642253841
2022-11-14,-0.010261256870059621
2022-11-15,0.00783270287000564
2022-11-16,0.0002656554985143401
2022-11-17,0.0005381249580590605
2022-11-18,0.0049854451469678995
2022-11-21,0.00457268997117996
2022-11-22,-0.0031927798308699594
2022-11-25,-0.00112161085028858
2022-11-28,-0.006240764295046499
2022-11-29,0.004509669776171199
2022-11-30,0.0027735487613941598
2022-12-01,0.0011936021291074593
2022-12-02,-0.001448320246451057
2022-12-05,0.0015329549680990588
2022-12-06,0.003907537750811841
2022-12-07,0.0002327694439279598
2022-12-08,0.004318328385049519
2022-12-09,0.0001673984598899803
2022-12-12,-0.00281584645238518
2022-12-13,0.0010772978024587007
2022-12-14,0.0016826923891828994
2022-12-15,-0.00450832665118948
2022-12-16,0.00278938098063202
2022-12-19,0.00363946924595594
2022-12-20,0.018584026360814538
2022-12-21,0.0045922251283238595
2022-12-22,-0.0034860340512823003
2022-12-23,0.00336437715834044
2022-12-27,0.0047492446432832605
2022-12-28,-0.0007710811344053602
2022-12-29,-0.00575625179580564
2022-12-30,0.0037277116662954605
2023-01-04,0.0008368414700394384
2023-01-05,-0.00522202021703198
2023-01-06,-0.011983583935761523
2023-01-10,-0.0002818105647613596
2023-01-11,-0.0030720597502703196
2023-01-12,0.014419468513773319
2023-01-13,0.0068582421766432405
2023-01-17,-0.0002532814999225601
2023-01-18,-0.0076782424463483
2023-01-19,-0.006708778221286899
2023-01-20,0.0006527857210517404
2023-01-23,-0.004177631121882479
2023-01-24,0.007490944285972001
2023-01-25,0.0036249081531082
2023-01-26,-0.0051673073830016
2023-01-27,0.00821703265475372
2023-01-30,-0.00282516373307334
2023-01-31,-0.0037914023516489996
2023-02-01,0.0042172387214615
2023-02-02,-0.0009765942547258991
2023-02-03,0.00011541848973506039
2023-02-06,-0.00421335558728928
2023-02-07,0.0104524231318296
2023-02-08,0.00266145144042818
2023-02-09,-0.00515677190209156
2023-02-10,0.00929454432549076
2023-02-13,-0.0016015215942361402
2023-02-14,0.00200649647355928
2023-02-15,0.00687921996059064
2023-02-16,-0.00509153904286422
2023-02-17,0.0032708519691485396
2023-02-21,-0.00796220443839248
2023-02-22,-0.0021371128256767197
2023-02-24,-0.005685850579948041
2023-02-27,0.00791077346552348
2023-02-28,-0.00803147892372478
2023-03-01,0.005698570613371519
2023-03-02,-0.00259675862532964
2023-03-03,-0.0041200685435721805
2023-03-06,-0.0019142997223207802
2023-03-07,0.006459249542816578
2023-03-08,-0.0100329617179914
2023-03-09,0.0035668811834708982
2023-03-10,-0.009452289082388418
2023-03-13,-0.0013303164646831598
2023-03-14,-0.02049350221811438
2023-03-15,0.00660151525851812
2023-03-16,0.0011107471587919592
2023-03-17,-0.00844029372304346
2023-03-20,0.00557738709529218
2023-03-22,-0.0017000859881617198
2023-03-23,-0.003298189972290681
2023-03-24,-0.0006509833774250601
2023-03-27,-0.0055961897379731805
2023-03-28,0.0034973663658709603
2023-03-29,-0.0066637493618656
2023-03-30,-0.0085934751232606
2023-03-31,0.00847637800983956
2023-04-03,-0.00741849788541988
2023-04-04,-0.004470411627272901
2023-04-05,0.0005307151027423608
2023-04-06,-0.01123471761908648
2023-04-10,-0.006220112869788979
2023-04-11,0.00532621525440336
2023-04-12,0.0012763675935294795
2023-04-13,-0.00376272666720982
2023-04-14,0.00473874719578566
2023-04-17,-0.00600836957875544
2023-04-18,-0.003520477639193159
2023-04-19,-0.0057543683149896205
2023-04-20,-0.00227373517379724
2023-04-21,0.005446855967736419
2023-04-24,0.0009902784002785202
2023-04-25,-0.0034048707156129603
2023-04-26,0.00226706729432196
2023-04-27,-0.003630006530387359
2023-04-28,0.004505241379009839
2023-05-01,0.00581933476373604
2023-05-02,-0.004991110055849501
2023-05-08,-0.005030844010520881
2023-05-09,-0.0035049314191430616
2023-05-10,-0.0062172889506940995
2023-05-11,-0.0027408691886630803
2023-05-12,0.013974704157871942
2023-05-15,-0.0006662976831263807
2023-05-16,0.006861511153318119
2023-05-17,-0.0031830845209586
2023-05-18,-0.007991004370744901
2023-05-19,0.0012179728722311002
2023-05-22,0.011709117013322357
2023-05-23,-0.0026942092011946195
2023-05-24,-0.008629319161970999
2023-05-25,0.0032875745189528
2023-05-26,0.0074001386610641805
2023-05-30,0.0030978470472134796
2023-05-31,-0.003981866508339679
2023-06-01,0.004940217700055063
2023-06-02,-0.006247395129725702
2023-06-05,-0.0016537061249113998
2023-06-06,-0.0006496388221456581
2023-06-07,0.004729281992515301
2023-06-08,-0.0009223562554612793
2023-06-09,0.006913944605061661
2023-06-12,0.004746893902049319
2023-06-13,0.0017982104352214806
2023-06-14,-0.007162620813742599
2023-06-15,0.00445539253076426
2023-06-16,0.0026255593620239603
2023-06-20,0.00487644779755076
2023-06-21,0.005318792649499601
2023-06-22,-0.00623113091420782
2023-06-23,0.00011903086734137494
2023-06-26,-0.0029647710027107996
2023-06-27,-0.0017564293538562402
2023-06-28,0.0003130016804200591
2023-06-29,0.00018834365352454058
2023-06-30,0.00192693904195642
2023-07-03,0.0062895735406985585
2023-07-05,0.0011169422736296
2023-07-06,0.0019078726565042985
2023-07-07,-0.005572574052889259
2023-07-10,0.0007504649217812773
2023-07-11,-0.0014540936580182805
2023-07-12,-0.0095732807725763
2023-07-13,-0.000322493623389479
2023-07-14,-0.00625441058267884
2023-07-18,0.008404224592617278
2023-07-19,0.0010395787146323396
2023-07-20,-0.006530903696177021
2023-07-21,0.0017119602764294204
2023-07-24,0.0006935958057850601
2023-07-25,0.0041448238094637
2023-07-26,-0.0024930994803590597
2023-07-27,0.00116868894142084
2023-07-28,-0.00169572923414802
2023-07-31,0.00307386928668872
2023-08-01,0.010038784988445302
2023-08-02,0.00495455502848836
2023-08-03,-0.00458943881704234
2023-08-04,0.00838872739274352
2023-08-07,-0.0011342995424650408
2023-08-08,-0.0027897492919179796
2023-08-09,-0.01591292088017764
2023-08-10,0.008735179126003757
2023-08-14,-0.0052412070675487395
2023-08-15,0.0006142383056892602
2023-08-16,-0.0019675629679707395
2023-08-17,0.00403915185400884
2023-08-18,0.0015005284509473794
2023-08-21,-0.00276376103193278
2023-08-22,0.0057917651958416996
2023-08-23,0.0014675542333642995
2023-08-24,0.00031420670541144023
2023-08-25,0.0033328508951382995
2023-08-28,0.0019052712125659415
2023-08-29,-0.00029386215130750015
2023-08-30,0.0020186649748432997
2023-08-31,0.0010111342277499607
2023-09-01,0.007093443821338319
2023-09-05,0.00027919470929200005
2023-09-06,0.0026165507155765
2023-09-07,-0.0003889631832962202
2023-09-08,0.003155756872611661
2023-09-11,0.00908184869733816
2023-09-12,-0.0022605573493289
2023-09-13,0.010540901790455859
2023-09-14,0.002485325334249778
2023-09-15,0.002609384887687339
2023-09-19,0.0178246472469264
2023-09-20,-0.01443993777135946
2023-09-21,0.0093887762468826
2023-09-22,0.005234701172256762
2023-09-25,-0.00891676884259208
2023-09-26,0.0052160716650862604
2023-09-27,-0.00017198166996706087
2023-09-28,0.00481610544726294
2023-09-29,-0.010344829276521358
2023-10-02,0.00318792152304412
2023-10-03,-0.018361765337973596
2023-10-04,-0.018952488682020693
2023-10-05,0.007490758260311023
2023-10-06,0.0038588787070419606
2023-10-10,-0.0047705186677977005
2023-10-11,-0.0010706166089852203
2023-10-12,0.00010328948882114102
2023-10-13,-0.0062158313252028
2023-10-16,0.00415424773237808
2023-10-17,-0.00197400125360418
2023-10-18,0.006787811691601982
2023-10-19,-0.0035358834492519196
2023-10-20,-0.0019371421257974404
2023-10-23,0.0002696233376422402
2023-10-24,0.0001532799023194805
2023-10-25,0.01177924088566028
2023-10-26,-0.0006778724112126216
2023-10-27,0.002459279034501041
2023-10-30,0.0031513879551943002
2023-10-31,-0.0017992762024951
2023-11-01,0.008450871354778983
2023-11-02,0.00016388585308495934
2023-11-06,-0.012257564053626678
2023-11-07,-0.006973149478870242
2023-11-08,-0.02357723787735714
2023-11-09,0.010094433643684902
2023-11-10,0.0016470448928945398
2023-11-13,0.0035149447073244797
2023-11-14,0.0012191356670044995
2023-11-15,-0.013900010637546222
2023-11-16,0.006847078903606119
2023-11-17,0.005110253159494321
2023-11-20,0.0005543129844211387
2023-11-21,-0.00999057962096414
2023-11-22,0.00029374238906119954
2023-11-24,0.006974728199271699
2023-11-27,0.0020895653343585797
2023-11-28,-0.00452160285127816
2023-11-29,-0.004856419447547299
2023-11-30,-0.0024055605532144995
2023-12-01,0.00179506196055046
2023-12-04,-0.006010697110064322
2023-12-05,0.00013289868997440075
2023-12-06,-0.0017633995041027167
2023-12-07,0.01562970148200364
2023-12-08,0.005206943495057383
2023-12-11,0.0029260970433080996
2023-12-12,-0.00347222938829386
2023-12-13,0.0010732528125452197
2023-12-14,-0.002253932295405641
2023-12-15,-0.01028920688727604
2023-12-18,-0.0036015813888361004
2023-12-19,0.00511470573085922
2023-12-20,0.00142081311391934
2023-12-21,0.00384426707522754
2023-12-22,-0.00651144853351018
2023-12-26,0.0013755629454501798
2023-12-27,-0.0011860380434177212
2023-12-28,0.0009414367802195599
2023-12-29,-0.0017914790648230607
2024-01-04,-0.011575995488396159
2024-01-05,-0.009561788833603322
2024-01-09,0.0024465286950648797
2024-01-10,-0.0038646738069945397
2024-01-11,-0.00418605345161116
2024-01-12,0.014282876536229479
2024-01-16,-0.002721099857699959
2024-01-17,0.0029536386557998803
2024-01-18,0.0006732376798275408
2024-01-19,-0.0055654038876632
2024-01-22,0.0002909898874208809
2024-01-23,-0.004984611856402779
2024-01-24,-0.01245244677103326
2024-01-25,0.0055826444608721
2024-01-26,0.0018367290833466799
2024-01-29,-0.0008883939603267013
2024-01-30,0.00508301572584492
2024-01-31,-0.0017999750706272216
2024-02-01,-0.00314831789508776
2024-02-02,0.0024432527275346
2024-02-05,-0.009754644559020541
2024-02-06,0.0053391490186860385
2024-02-07,-0.0034256229798905603
2024-02-08,0.00464108335577932
2024-02-09,-0.005356902287002139
2024-02-13,0.006903046827052699
2024-02-14,-0.00207197053672758
2024-02-15,0.00755218398148138
2024-02-16,-0.01235842162636096
2024-02-20,-0.0026673424995622805
2024-02-21,-0.0019874562944789207
2024-02-22,0.0008658560808469003
2024-02-26,0.00410211792632922
2024-02-27,0.0015579172246327007
2024-02-28,-0.00981663138033542
2024-02-29,0.0052314013727174005
2024-03-01,0.00629689352104534
2024-03-04,-0.0003766325420390404
2024-03-05,0.0030333252239513383
2024-03-06,-0.002488142212469041
2024-03-07,-0.015244216380731198
2024-03-08,-0.00109551790033776
2024-03-11,-0.01491494663394248
2024-03-12,0.01256502051031062
2024-03-13,-0.007320508162494238
2024-03-14,-0.01391422927815242
2024-03-15,-0.003978509440354641
2024-03-18,0.010310884462016699
2024-03-19,0.017453467654594882
2024-03-21,-0.0011550416338574204
2024-03-22,-0.00121026385064544
2024-03-25,-0.0011020291689703195
2024-03-26,-0.002608037263019621
2024-03-27,-0.0024081410857872796
2024-03-28,0.01946707475326416
2024-04-01,-0.016986015013426323
2024-04-02,0.007071359458498121
2024-04-03,0.004190480233544099
2024-04-04,0.00169681942436202
2024-04-05,0.005828018535659041
2024-04-08,-0.00212968824342812
2024-04-09,0.008966560364045919
2024-04-10,-0.00128202320113168
2024-04-11,0.012329154513326362
2024-04-12,0.0014556364877881599
2024-04-15,0.01016945805778912
2024-04-16,-0.014846866252203803
2024-04-17,-0.0155615404321623
2024-04-18,0.014633514046687779
2024-04-19,0.00213541994834218
2024-04-22,-0.00952320708492812
2024-04-23,-0.003708355293560301
2024-04-24,-0.0004916851417321403
2024-04-25,-0.0054675042879284794
2024-04-26,-0.001676663062968201
2024-04-30,0.002537661071139061
2024-05-01,0.00100554628738776
2024-05-02,0.006263335395551699
2024-05-07,-0.00819346916501082
2024-05-08,-0.0023035866199315
2024-05-09,-0.007245244389618262
2024-05-10,4.548161286090004e-05
2024-05-13,-0.004938028511932981
2024-05-14,0.0011221558693031205
2024-05-15,0.0015552728847697782
2024-05-16,0.0004493271537914802
2024-05-17,0.008358273975989601
2024-05-20,0.01480171345801964
2024-05-21,-0.0017318302527120195
2024-05-22,-0.008110556694708698
2024-05-23,0.00012575156167014085
2024-05-24,0.0031350838876250207
2024-05-28,0.01066887957812672
2024-05-29,-0.003036925426866421
2024-05-30,-0.0008688057548172602
2024-05-31,0.008828853753482361
2024-06-03,0.00528273752673882
2024-06-04,-0.01895841664563706
2024-06-05,-0.00451696621293384
2024-06-06,0.004104046337985681
2024-06-07,-0.00504539813770246
2024-06-10,0.0008778755800023796
2024-06-11,-0.0046176828994934005
2024-06-12,0.00570168184049954
2024-06-13,-0.004653272040899239
2024-06-14,0.00547395623214538
2024-06-17,-0.007390445859104221
2024-06-18,-0.004884843586137599
2024-06-20,0.00532855842521728
2024-06-21,-0.00862742780078186
2024-06-24,-0.0005107308910892597
2024-06-25,0.002649407798392539
2024-06-26,-0.0002945981170852799
2024-06-27,0.0004649102820584411
2024-06-28,0.0023938116125612006
2024-07-01,0.0036780285961993606
2024-07-02,0.00705530646232854
2024-07-03,-0.007096213921105881
2024-07-05,0.0009689953755958793
2024-07-08,0.00588816026615018
2024-07-09,0.00416224884668384
2024-07-10,0.00736420340850882
2024-07-11,-0.0095947453434361
2024-07-12,-0.01021598355630188
2024-07-16,0.005752555878663059
2024-07-17,-0.005483551513195619
2024-07-18,-0.002312390767039741
2024-07-19,0.00636619705305714
2024-07-22,0.00103098625668686
2024-07-23,0.0009741697554380399
2024-07-24,0.009970339752421321
2024-07-25,-0.0081985545820162
2024-07-26,0.007302649153412581
2024-07-29,-0.005530026384076419
2024-07-30,-0.0036876516764972403
2024-07-31,0.005577096134369384
2024-08-01,0.002061524304346217
2024-08-02,-0.0011688290110456606
2024-08-05,0.0309151819550613
2024-08-06,-0.04999216947213027
2024-08-07,-0.01883009983161594
2024-08-08,-0.00830515721148692
2024-08-09,-0.005434215105569882
2024-08-13,-0.0010402778443559246
2024-08-14,0.003694374646843761
2024-08-15,-0.01290215642906336
2024-08-16,0.008768149754396859
2024-08-19,0.00801937350388632
2024-08-20,-0.004157832391452059
2024-08-21,0.009982664830831421
2024-08-22,0.0024133843051041405
2024-08-23,-0.00147848490997408
2024-08-26,0.009538841353790002
2024-08-27,0.0017974860202387196
2024-08-28,-0.007369520846357841
2024-08-29,0.00226120090210458
2024-08-30,-0.008344597943199661
2024-09-03,0.0077457981737438
2024-09-04,0.00403096214191114
2024-09-05,-0.01222991470026226
2024-09-06,0.008715960224952982
2024-09-09,-0.008417228864959159
2024-09-10,0.005893865372808879
2024-09-11,-0.0049495121298022415
2024-09-12,0.0029406435014713798
2024-09-13,-0.00851515560661526
2024-09-17,0.005839495073152941
2024-09-18,-0.00974884244336254
2024-09-19,-0.003500224508862799
2024-09-20,0.00020517637647294012
2024-09-24,-0.006883974751775721
2024-09-25,-0.00816225353662414
2024-09-26,-0.008019212491761542
2024-09-27,-0.0011744093755912972
2024-09-30,0.006298372881985301
2024-10-01,-0.008665902407343159
2024-10-02,-0.0034783959921121004
2024-10-03,0.010333602221665579
2024-10-04,-0.004840063053822261
2024-10-07,-0.00985783374042206
2024-10-08,0.015570396202165321
2024-10-09,0.010387093884979538
2024-10-10,-0.0002103297365100799
2024-10-11,-0.0015222718570156812
2024-10-15,0.0031268272154780993
2024-10-16,-0.01176502825939824
2024-10-17,-0.0008777202418505199
2024-10-18,0.0012241389517443399
2024-10-21,0.0076621255398678185
2024-10-22,0.003984248079280061
2024-10-23,-0.0035200789150585587
2024-10-24,0.0006633415182101597
2024-10-25,-0.00995031439119022
2024-10-28,0.0010102037037840218
2024-10-29,-0.0008982423232155598
2024-10-30,0.00123396207979998
2024-10-31,0.00913653414397568
2024-11-01,-0.005122337218044221
2024-11-05,-0.0037958605593277806
2024-11-06,0.0035707704949241997
2024-11-07,-0.010674042473837318
2024-11-08,0.00966317988521972
2024-11-11,0.01037772652987034
2024-11-12,0.0008690094385121598
2024-11-13,-0.007265107946514119
2024-11-14,0.001833909108886059
2024-11-15,-0.0006830971059037197
2024-11-18,0.005657001940489761
2024-11-19,-0.009822360070076397
2024-11-20,0.00469270377550096
2024-11-21,-0.004130516891597679
2024-11-22,0.0002950681223586199
2024-11-25,0.003481368765164601
2024-11-26,-0.0026094959537916428
2024-11-27,-0.00744211876098716
2024-11-29,0.0013850733736890997
2024-12-02,0.00058326900528358
2024-12-03,0.0021341514325737814
2024-12-04,0.00035507883742348124
2024-12-05,0.005835095688050161
2024-12-06,3.723037462573936e-05
2024-12-09,-0.0013979052819732803
2024-12-10,0.001890944364127999
2024-12-11,0.00498866515872182
2024-12-12,-0.00492888127686902
2024-12-13,-0.00028442638786250075
2024-12-16,0.00526782561665186
2024-12-17,-0.0060401509255931215
2024-12-18,-0.001376236390068
2024-12-19,0.01047462047665712
2024-12-20,-0.01271039428989788
2024-12-23,0.0027146353170512593
2024-12-24,-0.00583863738301868
2024-12-26,0.0008515420869101404
2024-12-27,-0.01206118080443646
2024-12-30,0.0016033766433762213
2025-01-06,5.393951725419545e-05
2025-01-07,0.012677392659716218
2025-01-08,0.00882128696011428
2025-01-10,-0.005778598289608881
2025-01-14,0.00261168169384872
2025-01-15,0.0068741471130349206
2025-01-16,0.0012767832487799997
2025-01-17,-0.0006192648363882998
2025-01-21,-0.00746340772109828
2025-01-22,0.0027311175947778796
2025-01-23,0.006351239943521921
2025-01-24,0.0021608705728083395
2025-01-27,-0.00864537589228508
2025-01-28,0.00159883408239868
2025-01-29,0.0066524440226746395
2025-01-30,0.0007651944112895201
2025-01-31,0.004633121355521621
2025-02-03,0.0037926510427580195
2025-02-04,0.00400592118039364
2025-02-05,0.007775826000893099
2025-02-06,-0.0040598232504822605
2025-02-07,0.0006065295545373802
2025-02-10,-0.006586587320035099
2025-02-12,0.00923033239182316
2025-02-13,-0.00812013080203014
2025-02-14,0.010611061905629179
2025-02-18,-0.00251103774306174
2025-02-19,0.008770835286077918
2025-02-20,-0.0011030288125383602
2025-02-21,-0.0052648898597947805
2025-02-25,-0.008090482443158901
2025-02-26,-0.0013087857821277205
2025-02-27,0.005525756109727661
2025-02-28,-0.0014536286106374393
2025-03-03,-0.001898721221199359
2025-03-04,0.0003035106383647004
2025-03-05,-0.0009009903690275212
2025-03-06,0.00182755911021308
2025-03-07,0.00430300322578534
2025-03-10,-0.0019083817911635806
2025-03-11,-0.0017928303411577598
2025-03-12,0.002319223775491038
2025-03-13,0.0037625178088820203
2025-03-14,0.0057677523749768
2025-03-17,0.0005913731481758801
2025-03-18,0.007817958569260701
2025-03-19,0.0006492358934396003
2025-03-21,0.00618523322881282
2025-03-24,-0.007273609852295081
2025-03-25,-0.00287697802501378
2025-03-26,-0.00584724343611692
2025-03-27,0.00417318382974974
2025-03-28,-0.00982452544348612
2025-03-31,-0.00782067387404534
2025-04-01,-0.004850793451517439
2025-04-02,-0.0039719992981261405
2025-04-03,-0.010697374763994703
2025-04-04,-0.006944251774389281
2025-04-07,0.005534265136893339
2025-04-08,-0.0001465534562583408
2025-04-09,0.01587847427741576
2025-04-10,0.027085338411990137
2025-04-11,0.01767266042806198
2025-04-14,-0.0002673676926976998
2025-04-15,-0.006916752469359358
2025-04-16,0.0156639346748229
2025-04-17,-0.005765837115959502
2025-04-21,0.013416499036477661
2025-04-22,0.006543335733911021
2025-04-23,0.001411507107946121
2025-04-24,-0.010305876019219042
2025-04-25,-0.00019857762323542
2025-04-28,0.00529622024436166
2025-04-30,-0.003684056655034559
2025-05-01,0.0027782705885778603
2025-05-02,-0.00629135963039348
2025-05-07,0.0071184121514098605
2025-05-08,-0.00012403368887266026
2025-05-09,-0.0009815436773009203
2025-05-12,0.007392433004780861
2025-05-13,0.006261572541069618
2025-05-14,-0.012380579469037978
2025-05-15,0.007526710132939161
2025-05-16,0.0032242127150750003
2025-05-19,0.00303053710423662
2025-05-20,-0.0074259071440606625
2025-05-21,-0.0002607651623848797
2025-05-22,0.00010935467747428
2025-05-23,0.0009957158169930595
2025-05-27,-0.002921759755790799
2025-05-28,0.0015058506777743796
2025-05-29,-0.009828237477648879
2025-05-30,0.0025370356097850384
2025-06-02,0.0015641913655568196
2025-06-03,0.00039210136573090016
2025-06-04,-0.0009203269980703999
2025-06-05,-0.002347572972284481
2025-06-06,0.00321165132331382
2025-06-09,-0.0020983192802508004
2025-06-10,-0.00426464839532618
2025-06-11,-0.0034587470546677797
2025-06-12,0.0016715009992767599
2025-06-13,-0.0061207600939882
2025-06-16,0.01000456741493816
2025-06-17,-8.770018583751987e-05
2025-06-18,0.00203038701582596
2025-06-20,0.0052435861817981405
2025-06-23,0.0039023338650950403
2025-06-24,-0.0019219991936622396
2025-06-25,-0.0006999338896143603
2025-06-26,0.00762709718793578
2025-06-27,-0.0038870493722891596
2025-06-30,-0.0053995555493535
2025-07-01,-0.00897317250648448
2025-07-02,0.005151160741159559
2025-07-03,-0.00624941735310408
2025-07-07,0.01273641284411842
2025-07-08,0.0032786639719255602
2025-07-09,-0.0107458408045457
2025-07-10,0.0059602084008424
2025-07-11,0.0020548059093045
2025-07-14,-0.003370110616196359
2025-07-15,0.0038794336287016
2025-07-16,0.00180391745185418
2025-07-17,6.451706980123949e-05
2025-07-18,-0.0051444967933335604
2025-07-22,0.00918758240185072
2025-07-23,0.0007176351768466618
2025-07-24,0.008971755851669719
2025-07-25,-0.0053808549727270595
2025-07-28,-0.0089016954444242
2025-07-29,-0.0011466423803275399
2025-07-30,0.0010946499865364008
2025-07-31,0.00817942071753734
2025-08-01,-0.00551447261593104
2025-08-04,0.0033068677849469406
2025-08-05,0.00246282313767876
2025-08-06,0.004876953127755438
2025-08-07,0.008865911433385599
2025-08-08,-0.00764856158329274
2025-08-12,-0.00470534472826094
2025-08-13,0.004768378687133641
2025-08-14,0.0059677165752998
2025-08-15,0.008204038280855402
2025-08-18,-0.0100999038599933
2025-08-19,-0.011987735450483279
2025-08-20,-0.003254994007221399
2025-08-21,0.01027907948509542
2025-08-22,-0.0012004017737313002
2025-08-25,0.0007048902408583807
2025-08-26,-0.0043412215289355
2025-08-27,0.0001638331940814401
2025-08-28,0.007514258230863699
2025-08-29,0.0058638569897752
2025-09-02,0.01210169918837614
2025-09-03,-0.00819466816148946
2025-09-04,-2.2561103167919455e-05
2025-09-05,-0.00360640522442958
2025-09-08,0.0019783974114339197
2025-09-09,-0.002695910672450383
2025-09-10,0.00419961524700212
2025-09-11,0.0015899642036888
2025-09-12,-0.00077311259222732
2025-09-16,0.0074556618220499
2025-09-17,-0.00873921246189256
2025-09-18,-0.006541431681813641
2025-09-19,0.006635154432511699
2025-09-22,0.008450144530266721
2025-09-24,0.0021414971615263
2025-09-25,0.007697692688317479
2025-09-26,-0.0013644619054491796
2025-09-29,0.00962051463708926
2025-09-30,-0.007641894664403121
2025-10-01,-0.00260434828085496
2025-10-02,0.014933544327605422
2025-10-03,0.0023039454583705403
2025-10-06,-0.005239946937286139
2025-10-07,-0.0053835483802238005
2025-10-08,0.00779059392147572
2025-10-09,0.00421473451163956
2025-10-10,-0.01569407317496816
2025-10-14,-0.00962088267256374
2025-10-15,0.01059303684648526
2025-10-16,-0.00369501070180398
2025-10-17,-0.00492047229159434
2025-10-20,0.006686464031970639
2025-10-21,-0.01367775308788402
2025-10-22,-0.0024246772800039203
2025-10-23,6.744744438139105e-06
2025-10-27,0.01502339068272368
2025-10-28,-0.00902460939451984
2025-10-29,0.0149384497920039
2025-10-30,0.016780374563206357
2025-10-31,-0.007634550340245361
2025-11-04,0.0012312256514052998
2025-11-05,0.0048431676218659795
2025-11-06,0.01035911700719916
2025-11-07,-0.0067434234471848795
2025-11-10,0.0080837353518532
2025-11-11,-0.0037110332970537
2025-11-12,0.006013947857552281
2025-11-13,0.013740580332529858
2025-11-14,0.01122316868485926
2025-11-17,0.00927757808584766
2025-11-18,-0.02189546489693464
2025-11-19,0.00545469439110786
2025-11-20,0.002658336134145179
2025-11-21,-0.02521129340117724
2025-11-25,0.00548339129901858
2025-11-26,0.004794789480216138
2025-11-28,0.00146797579989842
2025-12-01,-0.015190379925772301
2025-12-02,-0.0005152974366088225
2025-12-03,-0.0002602114091001797
2025-12-04,0.0005793610754310577
2025-12-05,0.0034745505670573397
2025-12-08,-0.0015710854060284
2025-12-09,0.00223924134818602
2025-12-10,-0.006724346149863559
2025-12-11,-0.008137778932042502
2025-12-12,0.002805448305345839
2025-12-15,-0.007621429200171838
2025-12-16,-0.011365635603261738
2025-12-17,0.004557932255649781
2025-12-18,-0.00945371515396284
2025-12-19,0.005405453302682359
2025-12-22,0.014382764084841702
2025-12-23,-0.00644292345832286
2025-12-24,0.00307582353009028
2025-12-26,-0.00455457906153366
2025-12-29,0.0023088702493429996
2025-12-30,0.00280135852806058
