,DOUBLE
2010-04-07,0.00370209128616143
2010-04-08,0.005715885037616079
2010-04-09,0.0030399626607579893
2010-04-12,-0.008022650495674058
2010-04-13,-0.005143932158437761
2010-04-14,-0.0039697589999867335
2010-04-15,0.0021173195991719762
2010-04-16,-0.0010834219197781879
2010-04-19,0.0034900831830592576
2010-04-20,0.0004388386823193749
2010-04-21,-0.0050611953692788845
2010-04-22,0.00665791458111717
2010-04-23,-0.004626906798210875
2010-04-26,0.002411351674392409
2010-04-27,0.004230642920700855
2010-04-28,0.0053981005097795505
2010-04-30,0.019424589861033948
2010-05-06,0.00467823103464476
2010-05-07,-0.0010732989758489141
2010-05-10,-0.003482020164502983
2010-05-11,-0.004139948956707284
2010-05-12,-0.0049416983184272945
2010-05-13,-0.0062330499008716655
2010-05-14,-0.0036082186928695003
2010-05-17,0.005160588764056425
2010-05-18,0.01086814773592738
2010-05-19,-0.006940068838797905
2010-05-20,-0.009879189384602307
2010-05-21,0.0076141857608852115
2010-05-24,0.003821584782959
2010-05-25,0.007324508155535131
2010-05-26,-0.00231102741118695
2010-05-27,-0.003969180511861
2010-05-28,-0.013771225704126765
2010-06-01,-0.004709443541116949
2010-06-02,0.004334273750814781
2010-06-03,0.00422192523714336
2010-06-04,-0.00018220609350142988
2010-06-07,-0.012473193520757467
2010-06-08,-0.01252548496226143
2010-06-09,-0.002852260975231767
2010-06-10,-0.0017192384064045703
2010-06-11,-0.004455366802242284
2010-06-14,0.0014864505850217165
2010-06-15,0.0007675830849594471
2010-06-16,0.0016044560607956742
2010-06-17,0.000340164167352635
2010-06-18,0.005989898339843978
2010-06-21,0.0017265651299511837
2010-06-22,-0.009517038056830567
2010-06-23,0.0030636285561787065
2010-06-24,0.00593222221922787
2010-06-25,0.004904415921950751
2010-06-28,-0.009849410945015484
2010-06-29,0.0011876149989048538
2010-06-30,-0.0009606608345762028
2010-07-01,-0.004750478773743
2010-07-02,-0.001292811374362606
2010-07-06,-0.006250931943507056
2010-07-07,0.0005268524903346643
2010-07-08,0.00042764606146312
2010-07-09,-0.0011485392583386134
2010-07-12,-0.0005460150576377665
2010-07-13,0.008835441328310135
2010-07-14,0.003139972999778371
2010-07-15,0.012474535357329316
2010-07-16,0.0061319819210643575
2010-07-21,-5.73955780540282e-17
2010-07-22,0.0
2010-07-23,0.0012549804874534833
2010-07-26,0.00032354164174598334
2010-07-27,-0.00036457426920568254
2010-07-28,-0.006385867649353425
2010-07-29,0.0
2010-07-30,1.530938671056659e-05
2010-08-02,-0.002676453634241483
2010-08-03,0.006411332967313136
2010-08-04,0.0016732290137103705
2010-08-05,-0.0034321025485625684
2010-08-06,0.00419788003873
2010-08-09,0.0011111552564113951
2010-08-10,0.0035749408253282376
2010-08-11,0.009676782396877135
2010-08-12,0.002494915803474583
2010-08-13,0.0079476578061037
2010-08-16,0.005985679874542035
2010-08-17,-0.007647739177746766
2010-08-18,-0.006714877746202434
2010-08-19,-0.003395493674236691
2010-08-20,-0.0037175112779081337
2010-08-23,0.002534558808636675
2010-08-24,0.0031718693604657136
2010-08-25,0.0024817129577588506
2010-08-26,0.002348687930756539
2010-08-27,0.018930660942638948
2010-08-30,-0.003871265507551392
2010-08-31,0.0037100618711009004
2010-09-01,-0.0034889727129903333
2010-09-02,-0.004165585238556091
2010-09-03,0.0037886256486186665
2010-09-07,-0.010978134195005216
2010-09-08,0.0001263277619610965
2010-09-09,0.003564507704460633
2010-09-10,-0.0035472957510893645
2010-09-13,0.00029007177033489996
2010-09-14,-0.005085025958325667
2010-09-16,-0.0005402346771660156
2010-09-17,0.002317397867466145
2010-09-21,0.0032566882531689634
2010-09-22,-0.0005600911983587049
2010-09-24,0.004161870197846675
2010-09-27,0.00368368325805383
2010-09-28,-0.001128264150855858
2010-09-29,-0.002425902056676647
2010-09-30,0.008727872172130575
2010-10-01,-0.015615652045510842
2010-10-04,0.005881398842608684
2010-10-05,0.0010043617830651497
2010-10-06,0.0014094774341384402
2010-10-07,0.002023433351613396
2010-10-08,-0.005941518367439984
2010-10-12,0.004993141172940998
2010-10-13,-0.00565445230043769
2010-10-14,-0.0027097727243957995
2010-10-15,0.004618163054695666
2010-10-18,-0.007782945282945175
2010-10-19,-0.00016052510271425468
2010-10-20,-0.01442983299557688
2010-10-21,-0.002953795120873637
2010-10-22,-0.0044510385756676
2010-10-25,0.002072715788361679
2010-10-26,0.003277448737108071
2010-10-27,0.0025710572878484667
2010-10-28,-0.001509702241552343
2010-10-29,-0.004508126877519683
2010-11-01,0.004492692554940255
2010-11-02,0.0010515227640840851
2010-11-04,0.0009237438037234611
2010-11-05,0.0015332525709584486
2010-11-08,0.002363673367505595
2010-11-09,-0.002348356573493883
2010-11-10,-0.007540764484819067
2010-11-11,-0.005710337692591189
2010-11-12,-0.004940928902623234
2010-11-15,0.007845934379458
2010-11-16,-0.0025234759908469026
2010-11-17,0.0021864741037595603
2010-11-18,-0.01627085114860515
2010-11-19,0.003016532451253426
2010-11-22,0.003301594333982809
2010-11-24,-0.00035714546695369154
2010-11-26,-0.006438004751656824
2010-11-29,0.00025893115424498333
2010-11-30,-0.0018789239092503098
2010-12-01,0.00279051575357385
2010-12-02,0.009906871605746867
2010-12-03,-0.002894404362783118
2010-12-06,-1.279595051926108e-06
2010-12-07,-0.004005284725685833
2010-12-08,0.0038427192737269496
2010-12-09,-0.0158234742948096
2010-12-10,0.0006560147893828784
2010-12-13,-0.0060374744150758506
2010-12-14,0.002722188632918763
2010-12-15,0.003320466910244266
2010-12-16,0.0006462079759532334
2010-12-17,-0.0036407898631234835
2010-12-20,0.00679795422251716
2010-12-21,0.0025794858973744545
2010-12-22,0.0013868262184783386
2010-12-27,0.0001942501942502424
2010-12-28,0.0012469549069696142
2010-12-29,-0.0011560693641618
2010-12-30,-0.0014938404138460288
2011-01-04,0.006361944261064381
2011-01-05,0.0
2011-01-06,0.00511736357929138
2011-01-07,0.00351769803787895
2011-01-11,0.003982394878174937
2011-01-12,-0.003855521417521961
2011-01-13,3.0780888982929994e-05
2011-01-14,0.0028082426745556
2011-01-18,0.003469599025548247
2011-01-19,0.0060336481958814005
2011-01-20,0.0
2011-01-21,-0.0009514691765632492
2011-01-24,-0.001435704132743295
2011-01-25,0.006221594265793084
2011-01-26,0.00098102869364365
2011-01-27,0.0028011020067454616
2011-01-28,-0.0027004581518596657
2011-01-31,0.00178575511047094
2011-02-01,5.6833252065566935e-05
2011-02-02,-0.00308620066596085
2011-02-03,-0.006108411595715806
2011-02-04,-0.0040530059465451
2011-02-07,0.0067957322249336
2011-02-08,0.0015745847581687595
2011-02-09,0.00355362207578965
2011-02-10,0.0025139399127344
2011-02-14,0.09782519836891708
2011-02-15,0.0018475815047235146
2011-02-16,-0.007277362646396984
2011-02-17,-0.004014326070704328
2011-02-18,0.00117924528301885
2011-02-22,0.00834044112131495
2011-02-23,4.733917726077461e-05
2011-02-24,-0.004569970390089242
2011-02-25,-0.0006019529692072997
2011-02-28,0.005051583999411371
2011-03-01,-0.0003343653501335503
2011-03-02,-0.0036822435498249173
2011-03-03,0.001588710947426589
2011-03-04,0.006579617517716016
2011-03-07,0.004031084390930545
2011-03-08,0.003635900050994509
2011-03-09,-0.00525273109873945
2011-03-10,-0.0055574165205294
2011-03-11,0.009945418791167233
2011-03-14,-0.02548383259344354
2011-03-15,-0.009779603945691856
2011-03-16,-0.006533800869711288
2011-03-17,0.007994884552985668
2011-03-18,0.00476353279408189
2011-03-22,-0.03186763831923861
2011-03-23,-0.0036122054584709646
2011-03-24,0.007479213197187236
2011-03-25,0.010001429216645517
2011-03-28,0.007053608715949989
2011-03-29,-0.000344518152111355
2011-03-30,0.015485134239797377
2011-03-31,-0.001986206300208216
2011-04-01,0.01010074433162372
2011-04-04,0.011501410039111745
2011-04-05,0.002428588096037583
2011-04-06,-0.010322585332956359
2011-04-07,-0.002257201972014485
2011-04-08,-0.00347067407751034
2011-04-11,-0.0039041754918805955
2011-04-12,-0.0035957112015389935
2011-04-13,-0.0029452275524618253
2011-04-14,-0.004494154054428757
2011-04-15,0.0033009938501576673
2011-04-18,0.00811227629231056
2011-04-19,-0.002682259840351145
2011-04-20,-0.0006628596591406349
2011-04-21,-0.0017160091484296684
2011-04-25,0.007983827213020859
2011-04-26,0.0010444904875308633
2011-04-27,0.0002974669880073213
2011-04-28,0.00454719591611955
2011-05-02,-0.0038224760245919465
2011-05-06,0.0028533481088711724
2011-05-09,0.0012540135850670061
2011-05-10,0.0003042558038539155
2011-05-11,-0.0014133778053848937
2011-05-12,0.003057484680839893
2011-05-13,0.0013959159962554386
2011-05-16,0.007556698641084566
2011-05-17,0.02264135199178862
2011-05-18,-0.0033066545678072253
2011-05-19,0.006807441820764759
2011-05-20,0.0034800668828818024
2011-05-23,2.9461583905768945e-06
2011-05-24,-0.009265698758018793
2011-05-25,0.003973984658692637
2011-05-26,-0.0010091033430026913
2011-05-27,0.004605954581981491
2011-05-31,-0.0005747186951972141
2011-06-01,0.0018634495818737366
2011-06-02,-0.0008226066320705138
2011-06-03,-0.004291700211403416
2011-06-06,0.03454385705069178
2011-06-07,-0.00372741631217849
2011-06-08,0.0016154157941774458
2011-06-09,0.0016125694689230166
2011-06-10,0.00980243967283937
2011-06-13,-0.007893283611992716
2011-06-14,-0.012281819703487799
2011-06-15,0.003605493198942945
2011-06-16,-0.009540264871661434
2011-06-17,0.009336982216754375
2011-06-20,0.0031039055000071647
2011-06-21,-0.0008437589766620449
2011-06-22,0.0013913640816268554
2011-06-23,0.005237496953846217
2011-06-24,-0.00663210184729115
2011-06-27,0.008188245916429682
2011-06-28,0.00023658724735016256
2011-06-29,-0.004407088255424709
2011-06-30,0.00039452495974234077
2011-07-01,0.003269169705465992
2011-07-05,0.002705189114031305
2011-07-06,0.005646704736967383
2011-07-07,-0.0012912852247707034
2011-07-08,0.00047582745386147516
2011-07-11,0.0011163059728573582
2011-07-12,0.006720795220969474
2011-07-13,-0.003948965374740336
2011-07-14,0.002143026202081475
2011-07-15,0.0002946487976428667
2011-07-19,0.001279464394036665
2011-07-20,0.00027725235218537523
2011-07-21,-0.004138325028699151
2011-07-22,0.004529099426198567
2011-07-25,0.0005158099005636149
2011-07-26,0.003049040318405265
2011-07-27,0.0042651282466573265
2011-07-28,-0.004001321774497102
2011-07-29,0.005685315664565215
2011-08-01,-0.0035557336982998166
2011-08-02,-0.00016611039019799167
2011-08-03,0.0012471535377445563
2011-08-04,0.003591717916126157
2011-08-05,0.004595206598661351
2011-08-08,0.00586960513603768
2011-08-09,-0.0016742270722306476
2011-08-10,-0.04065997957350065
2011-08-11,-0.011319107527755097
2011-08-12,0.015136843727849106
2011-08-15,-0.002578662025353406
2011-08-16,-0.0019229898287978445
2011-08-17,0.0007521595592879658
2011-08-18,0.01778314607765525
2011-08-19,0.011366690573574131
2011-08-22,0.006642046531923974
2011-08-23,0.0023173199761988813
2011-08-24,0.005351047081435131
2011-08-25,-0.02126461592123044
2011-08-26,-0.006308244590470949
2011-08-29,-0.01514235176925145
2011-08-30,0.0014296406404319827
2011-08-31,-0.0036382607368996996
2011-09-01,-0.005453205060666683
2011-09-02,0.008587465521026585
2011-09-06,0.01772135137452517
2011-09-07,-0.0020811553935310336
2011-09-08,-0.0012486045556594381
2011-09-09,0.0066474668082710684
2011-09-12,-0.001780501758201208
2011-09-13,-0.007002518447025638
2011-09-14,0.0010149046678702947
2011-09-15,-0.0009573984111929402
2011-09-16,0.0018401267842958237
2011-09-20,0.0037581139915043096
2011-09-21,-0.00026939935889991914
2011-09-22,0.009163290545863447
2011-09-26,0.011346086064668876
2011-09-29,-0.018907735677321163
2011-09-30,0.002510458305974967
2011-10-03,0.016357190386906438
2011-10-04,0.004146172913077234
2011-10-11,-0.002862880271993766
2011-10-13,0.021599447224847898
2011-10-14,-0.001783551490160197
2011-10-17,0.00217917678275975
2011-10-18,-0.002524837571008619
2011-10-19,-0.00952396347906475
2011-10-20,0.006581214579271073
2011-10-21,-0.0028640124853825
2011-10-24,-0.01314864727886644
2011-10-25,0.010057777095428001
2011-10-26,-0.006568397333338875
2011-10-27,0.018355478975446267
2011-10-28,-0.0029875935399816013
2011-10-31,0.0014055990481758006
2011-11-01,0.0024113963552828328
2011-11-02,0.003073137604938459
2011-11-04,0.00441557719054245
2011-11-07,-0.0061249430128377
2011-11-08,0.009110927251971629
2011-11-09,0.0019239816300976
2011-11-10,0.0021227170403000893
2011-11-11,-0.0030980038518801344
2011-11-14,-0.00033201114835354506
2011-11-15,-0.0014208418432969797
2011-11-16,0.0028155164256115353
2011-11-17,0.0009758949854139247
2011-11-18,0.0048111886093213955
2011-11-21,-0.00919580057981564
2011-11-22,0.0038683426494234164
2011-11-25,-0.003136512003842605
2011-11-28,-0.010506206842901359
2011-11-29,-0.008970629692495633
2011-11-30,0.00341796875
2011-12-01,0.009186809929036567
2011-12-02,0.0056228123541379495
2011-12-05,-0.00384454080839602
2011-12-06,0.0038094627856074797
2011-12-07,-0.0009601158124874333
2011-12-08,0.0019047619047618393
2011-12-09,-0.004679834595405467
2011-12-12,-0.0015587711416906748
2011-12-13,0.0040052341127609
2011-12-14,-6.495673466130788e-17
2011-12-15,0.0022459459475218835
2011-12-16,0.03183513567332748
2011-12-19,-0.0029467117984661928
2011-12-20,0.0031298851681426333
2011-12-21,0.006362544256957505
2011-12-22,-0.0033895877347824652
2011-12-27,-0.004378182392289575
2011-12-28,0.004713032351820045
2011-12-29,-0.0014918685087556666
2011-12-30,-0.00808635113142815
2012-01-04,-0.008638058952109834
2012-01-05,-0.0002565987273176833
2012-01-06,-0.0014178925862535748
2012-01-10,-0.016310994562201635
2012-01-11,0.0012909257304373216
2012-01-12,-0.0009606904962942003
2012-01-13,0.0019216630458536296
2012-01-17,-0.004314113808379425
2012-01-18,-0.00964856327562065
2012-01-19,0.0013384442003994048
2012-01-20,0.005886126201637333
2012-01-23,-0.0006046826556535502
2012-01-24,-0.005862885186675145
2012-01-25,0.0037468081228036187
2012-01-26,-0.002664402765203642
2012-01-27,-0.00551470588235295
2012-01-30,0.0018305977278134872
2012-01-31,-0.0053154878162360196
2012-02-01,-0.005326466816615658
2012-02-02,0.004233917395714979
2012-02-03,0.00040753849649202245
2012-02-06,-0.0021748187290005
2012-02-07,0.0012987977063085082
2012-02-08,0.004433507694744993
2012-02-09,-0.0033867602008629347
2012-02-10,0.0022800588675035015
2012-02-13,-0.002293484137686117
2012-02-14,0.004722574146721556
2012-02-15,0.0010293077003959653
2012-02-16,-0.005057658346553205
2012-02-17,-0.0010782019032875997
2012-02-21,-0.00926678496063724
2012-02-22,-4.303899151660191e-05
2012-02-23,0.008845922245227024
2012-02-24,0.0086922519058296
2012-02-27,0.009814871713379983
2012-02-28,0.004255149619515093
2012-02-29,0.0012442283189184004
2012-03-01,-0.006981623299825115
2012-03-02,-0.0017788255077330235
2012-03-05,-0.0012140845903127052
2012-03-06,-0.0018432793985774833
2012-03-07,-0.005385989355554611
2012-03-08,0.011908112347090188
2012-03-09,-0.0021542091594522706
2012-03-12,-0.012305859119327465
2012-03-13,0.005464705043159433
2012-03-14,0.0025249817507754296
2012-03-15,-0.0015911817043072548
2012-03-16,0.004725103893607467
2012-03-19,0.0009735197237614303
2012-03-21,-0.011322012940625523
2012-03-22,-0.003644812144460099
2012-03-23,-0.0001704239607307667
2012-03-26,-0.00035378319168079524
2012-03-27,0.005373043067513
2012-03-28,0.011250243003745851
2012-03-29,0.0033558589563448295
2012-03-30,0.0006126064840957502
2012-04-02,-0.0018540572561697504
2012-04-03,-0.006510567536212816
2012-04-04,-0.0032175977482713
2012-04-05,0.0012413880285696002
2012-04-09,0.0008978103790398444
2012-04-10,-0.00032254467011609377
2012-04-11,0.0069253044311310165
2012-04-12,0.002630221485201876
2012-04-13,-0.0021504860393057974
2012-04-16,0.0013460064776381164
2012-04-17,-0.0020382281003714997
2012-04-18,-0.0038047698031313994
2012-04-19,0.0014134715815790164
2012-04-20,-0.0012832380861777406
2012-04-23,0.0029906965060775533
2012-04-24,-0.006117395733603714
2012-04-25,-0.0014006958952940702
2012-04-26,0.0051977790379829246
2012-04-27,0.002079895374046829
2012-05-01,-0.013636594900556171
2012-05-02,0.00167126239998749
2012-05-07,0.00522583567148271
2012-05-08,0.00605699482280381
2012-05-09,0.0071849126518138485
2012-05-10,-0.0009673656188411523
2012-05-11,0.0008100560299949761
2012-05-14,-0.0009629145536045648
2012-05-15,0.009317778807437956
2012-05-16,0.011196687397439928
2012-05-17,-0.004958915489576362
2012-05-18,0.0035171534465307007
2012-05-21,-0.0142124811721211
2012-05-22,0.01668044490736841
2012-05-23,0.006802738265461182
2012-05-24,-0.0167596287681137
2012-05-25,0.005375604805778712
2012-05-29,-0.010053643162525036
2012-05-30,-0.008412945085671582
2012-05-31,0.0003284184884923937
2012-06-01,0.009993347008926
2012-06-04,-0.0022973660695645003
2012-06-05,-0.013281765138899646
2012-06-06,0.026464059455318347
2012-06-07,-0.0020733627366009847
2012-06-08,0.011135794685189934
2012-06-11,-0.006404197726358982
2012-06-12,-0.0013727515498396401
2012-06-13,-0.00528110110049645
2012-06-14,0.00010316327106898996
2012-06-15,0.00522615810480001
2012-06-18,-0.0013749732618088665
2012-06-19,-0.001265921050643134
2012-06-20,-0.005237431878098384
2012-06-21,0.0006217819793235008
2012-06-22,-0.0015514434861187694
2012-06-25,0.004828330048439841
2012-06-26,0.003412342390627255
2012-06-27,-0.001404716263982185
2012-06-28,-0.0023447373850620764
2012-06-29,-0.00569806154555655
2012-07-02,0.002016318464077684
2012-07-03,0.00202140218233441
2012-07-05,0.0046917063834153
2012-07-06,-1.9194271911616642e-05
2012-07-09,0.004854818122793147
2012-07-10,0.0038096419265467667
2012-07-11,0.004869722283719527
2012-07-12,0.004282944966281448
2012-07-13,-0.00035997274040071997
2012-07-17,0.044220872977517735
2012-07-18,0.006073399517247767
2012-07-19,-0.00779251262677401
2012-07-20,0.019157815765071487
2012-07-23,0.010356609355337184
2012-07-24,0.002088063704311251
2012-07-25,0.01006776186094575
2012-07-26,0.009115651545875217
2012-07-27,-0.00446182314953789
2012-07-30,0.016644659490833734
2012-07-31,-0.006375056318926549
2012-08-01,0.0047846889952153
2012-08-02,-0.0053975942069631015
2012-08-03,-1.9382286696791712e-05
2012-08-06,-0.005397009091361047
2012-08-07,-0.027264420331239218
2012-08-08,-0.0022151892070592
2012-08-09,-0.004116763441326026
2012-08-10,0.0032170918442177413
2012-08-13,0.0011303329114727295
2012-08-14,0.0067141454004660634
2012-08-15,-0.0018544585169697116
2012-08-16,0.0085695033139123
2012-08-17,-0.0030829843616554994
2012-08-20,0.00189482404815955
2012-08-21,-0.0019481726721856238
2012-08-22,0.00045928500496509976
2012-08-23,0.007785585385153417
2012-08-24,-0.0014374374564580352
2012-08-27,-0.0005771930482744393
2012-08-28,0.004693424381665919
2012-08-29,-0.0029280274059763
2012-08-30,-0.00227855987190141
2012-08-31,-0.002185025362985785
2012-09-04,0.003614630441755775
2012-09-05,0.011994106143602183
2012-09-06,0.02284962488268575
2012-09-07,-0.004825031953769875
2012-09-10,0.0048192771084336
2012-09-11,0.003189279273827556
2012-09-12,0.015960484032042498
2012-09-13,-0.0122699386503067
2012-09-14,-0.009029985039038612
2012-09-18,-0.0201857004774907
2012-09-19,-0.011327540941639219
2012-09-20,0.008497056347007
2012-09-21,0.004016081521716139
2012-09-24,0.0010678446817869334
2012-09-25,-0.0008019707285756403
2012-09-26,0.004473123580322133
2012-09-27,-0.0010178163844442398
2012-09-28,-0.0002063296327091341
2012-10-01,0.0019206932493931231
2012-10-02,0.001981398001108033
2012-10-03,0.003980463419425212
2012-10-04,0.001246798161704193
2012-10-05,-0.0033441262714231455
2012-10-09,0.0167985821434377
2012-10-10,-0.0023511793297524
2012-10-11,-0.0005217203598657234
2012-10-12,0.0036656208166731844
2012-10-15,-0.014546713300544556
2012-10-16,-0.0008383506640574081
2012-10-17,0.003514141706877616
2012-10-18,0.008728437139727154
2012-10-19,0.001199155116911353
2012-10-22,0.007402330867405453
2012-10-23,-0.012716999322025732
2012-10-24,-0.014861243868858034
2012-10-25,-0.00937717531300693
2012-10-26,-0.0028984268708934706
2012-10-31,0.0021986087839419334
2012-11-01,-0.00030686118496756656
2012-11-02,0.0033530633864991733
2012-11-05,-0.00468770879277191
2012-11-06,-0.011004714209067148
2012-11-07,-0.004576372283709359
2012-11-08,-0.006270344361044265
2012-11-09,0.0019794551595054034
2012-11-12,-0.0009250081343079976
2012-11-13,-0.006120872197717725
2012-11-14,0.0076671257708841485
2012-11-15,-0.01202450828764505
2012-11-16,0.003563381796429291
2012-11-19,0.004717707080767504
2012-11-20,-0.0061125962716781276
2012-11-21,0.0034565676128634998
2012-11-26,-0.005792582095016717
2012-11-27,0.0016054345879696497
2012-11-28,0.004137825532455342
2012-11-29,0.0007350806766015
2012-11-30,0.0037640541335172335
2012-12-03,-8.272609858803474e-05
2012-12-04,-0.001676283194376761
2012-12-05,0.0044817898710857364
2012-12-06,0.00408272555493815
2012-12-07,0.0034264698977497124
2012-12-10,-0.0038810450636134358
2012-12-11,0.0009948004521773165
2012-12-12,-0.0007938047284160416
2012-12-13,0.0040398846862768735
2012-12-14,0.0033782636031566005
2012-12-17,0.0019792970906148174
2012-12-18,0.014790166162030417
2012-12-19,0.009641312221864318
2012-12-20,0.001597058505528381
2012-12-21,-0.013826572648492639
2012-12-26,0.00789063276378502
2012-12-27,-0.0011155994918973212
2012-12-28,-0.011026938223577632
2013-01-04,0.008704906047578691
2013-01-07,-0.027752816406612726
2013-01-08,-0.013698046611244004
2013-01-09,0.027163526789964258
2013-01-10,-0.0019812789297748833
2013-01-11,-0.0041731507417782
2013-01-15,0.0015825877651997164
2013-01-16,-0.009595867091834492
2013-01-17,-0.012086952774274302
2013-01-18,0.006460860092563476
2013-01-22,-0.01000716206020576
2013-01-23,-0.005379736755500126
2013-01-24,0.008397551471823451
2013-01-25,-0.004303753020477848
2013-01-28,-0.01208048626817035
2013-01-29,-0.01994911537740595
2013-01-30,0.0010202939059486497
2013-01-31,0.004145423065646784
2013-02-01,-0.0032852586119891496
2013-02-04,0.009723725527426784
2013-02-05,-0.005796119569717501
2013-02-07,0.0037259199329662497
2013-02-08,0.01216177396355355
2013-02-12,-0.005782724788457061
2013-02-13,-0.004352075196676035
2013-02-14,-0.0028710254321172722
2013-02-15,-0.01079552981035812
2013-02-19,-0.00504897257728215
2013-02-20,0.0005251095698039
2013-02-21,0.0008109937262104003
2013-02-22,0.006102877070619
2013-02-25,-5.890801190811921e-05
2013-02-26,-0.0019178214689517994
2013-02-27,-0.009383852471170353
2013-02-28,0.003241298266709155
2013-03-01,0.010389587612448521
2013-03-04,0.01530700354921908
2013-03-05,-0.0057182324975153485
2013-03-06,0.0015175850402172823
2013-03-07,-0.006846744887055788
2013-03-08,0.01558593504417656
2013-03-11,0.014269228748100639
2013-03-12,-0.01182030147116254
2013-03-13,0.004890157083088405
2013-03-14,0.01446476833718602
2013-03-15,-0.0076865393188683745
2013-03-18,-0.003948291687685746
2013-03-19,-0.0005798506143663829
2013-03-21,-0.006789712472809554
2013-03-22,0.0007761407413545548
2013-03-25,0.002309659676905225
2013-03-26,0.008474943912637499
2013-03-27,0.0009493854436634598
2013-03-28,0.00030913869555531347
2013-04-01,-0.014203567596194296
2013-04-02,0.02304662958219316
2013-04-03,0.015043531157802045
2013-04-04,-0.00034032758715336203
2013-04-05,0.03569911262496817
2013-04-08,-0.012067401265642534
2013-04-09,-0.020744343152573744
2013-04-10,-0.0017224039561587884
2013-04-11,0.0061562412967316885
2013-04-12,-0.015529701572186944
2013-04-15,0.005275206171503296
2013-04-16,0.0026534314535889263
2013-04-17,-0.008910892458945236
2013-04-18,-0.004173483414994576
2013-04-19,-0.0138041734553446
2013-04-22,-0.00507560467014797
2013-04-23,-0.010186581774731316
2013-04-24,-0.011610721649814918
2013-04-25,0.006231578424757101
2013-04-26,-0.0025775406800324988
2013-04-30,0.0062430033293459
2013-05-01,0.00020287429907545063
2013-05-02,0.0019061665159717301
2013-05-07,-0.0024571027120702835
2013-05-08,-0.004684570325655149
2013-05-09,0.0010596824883508313
2013-05-10,-0.0014962697350814
2013-05-13,-0.002132851383523892
2013-05-14,0.0057543285486844915
2013-05-15,-0.019533365308775124
2013-05-16,-0.00554306373629388
2013-05-17,-0.0021802524845706724
2013-05-20,0.0017797814902262002
2013-05-21,0.0120766680797666
2013-05-22,0.0075812839338538895
2013-05-23,-0.013232345140211113
2013-05-24,0.002993413904771945
2013-05-28,-0.012233560766569198
2013-05-29,-0.016465361481978753
2013-05-30,0.019792676677566408
2013-05-31,-0.0031402229308128936
2013-06-03,-0.000296397078303659
2013-06-04,0.01582068157919661
2013-06-05,-0.0013778446148680797
2013-06-06,-0.010614804916385164
2013-06-07,0.026112614926904542
2013-06-10,-0.004192765540625388
2013-06-11,-0.0041529375096478315
2013-06-12,3.483673377865926e-05
2013-06-13,0.0005324750405232698
2013-06-14,-0.017109885785406766
2013-06-17,-0.01470885306493777
2013-06-18,-0.0011793163878207093
2013-06-19,-0.002986996255006647
2013-06-20,0.002851540226736036
2013-06-21,-0.016678861116536742
2013-06-24,-0.005037277198705299
2013-06-25,-0.011897811148037266
2013-06-26,-0.012616926086405227
2013-06-27,0.00956335247056388
2013-06-28,0.0015392897855773073
2013-07-01,0.00413225078555873
2013-07-02,0.005491310037626521
2013-07-03,-0.013780901733165183
2013-07-05,-0.0060931871781598505
2013-07-08,-0.0013704685489171024
2013-07-09,0.0073474301596178895
2013-07-10,0.007566385853780156
2013-07-11,-0.00581011676223695
2013-07-12,0.0009946047631716364
2013-07-16,0.004768310999724683
2013-07-17,0.0016254235247436
2013-07-18,-0.002986398151093269
2013-07-19,-0.004745442305148907
2013-07-22,-0.00205710442885187
2013-07-23,0.0007050963915625989
2013-07-24,0.006949147844493325
2013-07-25,-0.009404573461094879
2013-07-26,-0.0018712271674194512
2013-07-29,-0.0026284097747388997
2013-07-30,0.014049389251181993
2013-07-31,-0.009902807739703368
2013-08-01,0.002590082556552043
2013-08-02,0.0044709583278711735
2013-08-05,-0.003703461244611167
2013-08-06,0.0007796693631489668
2013-08-07,0.0015878142275293685
2013-08-08,-0.0186758895978487
2013-08-09,0.004506553374797014
2013-08-12,0.007127785959416917
2013-08-13,0.00577460944955505
2013-08-14,0.0010133735076890396
2013-08-15,0.005462833447131144
2013-08-16,-0.0039789627969169
2013-08-19,0.0030353093352517737
2013-08-20,-0.005270678269087679
2013-08-21,0.0033177504831131835
2013-08-22,0.0024470385727675013
2013-08-23,0.00565709481433898
2013-08-26,-0.010954508011768765
2013-08-27,-0.002508933066267787
2013-08-28,0.0034473280174815504
2013-08-29,0.005518863038986145
2013-08-30,0.002809315993314191
2013-09-03,-0.005484323687976016
2013-09-04,0.003050292313182645
2013-09-05,-0.0011756453382775582
2013-09-06,0.004409706985102019
2013-09-09,0.008849590619394842
2013-09-10,-0.004244371940391297
2013-09-11,-0.003115360557048894
2013-09-12,0.0021371752165449693
2013-09-13,0.00010882864498520028
2013-09-17,-0.0027650777026358587
2013-09-18,-0.0028209990325837172
2013-09-19,0.008819969860631115
2013-09-20,0.001460668951409295
2013-09-24,-0.0006744005865833087
2013-09-25,-0.00812336660669114
2013-09-26,0.00131571253236841
2013-09-27,-0.0026505666636282336
2013-09-30,0.0058206542752279
2013-10-01,0.0020349454146116166
2013-10-02,0.0021793940757865674
2013-10-03,-0.0030169215882897
2013-10-04,0.0015584724594455998
2013-10-07,0.00044659365866316775
2013-10-08,0.009879685895480207
2013-10-09,0.01373008252130495
2013-10-10,-0.00313463569164185
2013-10-11,0.0001407428421886011
2013-10-15,-0.0008569055099896218
2013-10-16,0.0010811009862508381
2013-10-17,-0.00169144934487895
2013-10-18,0.01651415258448725
2013-10-21,-0.005833595852820005
2013-10-22,0.0044031289948704855
2013-10-23,-0.003345910036100049
2013-10-24,0.00489134713084205
2013-10-25,-0.004462321985408253
2013-10-28,0.013114544654341717
2013-10-29,0.002987213403880034
2013-10-30,0.0050335570469799
2013-10-31,-0.00394558521689688
2013-11-01,-0.003528556280118755
2013-11-05,0.0005748179565628854
2013-11-06,-0.0003509634412434213
2013-11-07,0.004176804287827008
2013-11-08,0.004012099300588713
2013-11-11,0.0017099303696291304
2013-11-12,0.0019461985684060632
2013-11-13,-0.0020539120905897768
2013-11-14,0.0025657926785716432
2013-11-15,0.0062799109143015334
2013-11-18,-0.002052522488307595
2013-11-19,0.0028159573619551703
2013-11-20,-0.0017936750470609144
2013-11-21,0.00361541871852417
2013-11-22,0.0010694563228216243
2013-11-25,-0.0032185452184781667
2013-11-26,0.002554960816679223
2013-11-27,-0.0007120296388408475
2013-11-29,-0.0023685337772727916
2013-12-02,0.0022059018238032254
2013-12-03,0.0021531169370491094
2013-12-04,-0.003116601233244125
2013-12-05,-0.0020892471678380974
2013-12-06,0.003197745895495152
2013-12-09,-0.0006548547241856349
2013-12-10,-0.00015807917355835507
2013-12-11,0.00030300709047198005
2013-12-12,-0.005591350079149745
2013-12-13,0.0023497521363185555
2013-12-16,0.005218847049854117
2013-12-17,0.0002961542796307082
2013-12-18,-0.005963228528804709
2013-12-19,0.0011123903463947705
2013-12-20,-0.000540849056374733
2013-12-24,-0.006767000112183985
2013-12-26,0.0027917920491659087
2013-12-27,-0.007567316221719159
2013-12-30,0.0028507391233546036
2014-01-06,-0.0010084476943890827
2014-01-07,0.0017303895903578838
2014-01-08,0.003082879863794199
2014-01-09,-0.0063017258257114525
2014-01-10,0.00223732793057586
2014-01-14,-0.0026519614839689443
2014-01-15,0.0023618826964071837
2014-01-16,-0.0052609841935379546
2014-01-17,-0.00142680639153525
2014-01-21,0.0024900675173789195
2014-01-22,-0.003943497763314748
2014-01-23,0.000645335660169128
2014-01-24,-0.0013441092123871756
2014-01-27,0.001897881402200067
2014-01-28,0.0015136042905523344
2014-01-29,-0.0004707519275631662
2014-01-30,-0.002720984566936871
2014-01-31,0.0060355937432054006
2014-02-03,0.00302514093591921
2014-02-04,0.004501152889212424
2014-02-05,-0.0003418646664487589
2014-02-06,-0.002472391970735988
2014-02-07,-0.008640621960184967
2014-02-10,-0.008048729195106165
2014-02-12,0.0022810231788362332
2014-02-13,0.020792326951541484
2014-02-14,0.013458175124753148
2014-02-18,0.004651511654623134
2014-02-19,0.0068907758882539305
2014-02-20,0.0018755091603685917
2014-02-21,-0.00435107789752029
2014-02-24,0.009620118087792624
2014-02-25,0.0019420017119036834
2014-02-26,-0.0022041085822835003
2014-02-27,-0.00111368134712866
2014-02-28,0.003186938511094632
2014-03-03,-0.010194090422734517
2014-03-04,0.004556252989638005
2014-03-05,0.0029504214652902837
2014-03-06,0.0032773721206879255
2014-03-07,0.0014692181306584333
2014-03-10,-0.0001696073728156
2014-03-11,0.002157727853968695
2014-03-12,0.0020023683178729277
2014-03-13,0.003495497572932084
2014-03-14,0.004180217595882892
2014-03-17,0.003528195536562806
2014-03-18,0.009769733079736024
2014-03-19,0.006343248267876968
2014-03-20,0.005779732467902971
2014-03-24,-0.016116097502382534
2014-03-25,-0.006308424307880631
2014-03-26,-0.0030554705945190002
2014-03-27,-0.003970087292247865
2014-03-28,-0.007116100887031874
2014-03-31,0.0008331566193120863
2014-04-01,0.005344457905298666
2014-04-02,-0.000388389754531716
2014-04-03,0.007411913010676825
2014-04-04,0.0021039209071218082
2014-04-07,0.008855238594981734
2014-04-08,-7.137957339513508e-05
2014-04-09,0.013640363795873082
2014-04-10,0.017310344647675002
2014-04-11,-0.0022324471456863196
2014-04-14,0.0014885842219442328
2014-04-15,0.0011742936628628426
2014-04-16,-0.007247393453886016
2014-04-17,0.0031129390568606806
2014-04-21,0.011668182338805216
2014-04-22,0.012127371951637999
2014-04-23,-0.00052966101694915
2014-04-24,0.006653593720937775
2014-04-25,0.0009319530307475964
2014-04-28,-0.00319444337741079
2014-04-30,-0.00018384806849762328
2014-05-01,-0.0007591829497981253
2014-05-02,-0.004263446079630744
2014-05-07,-0.004378977138285258
2014-05-08,-0.0004678079974163162
2014-05-09,-0.002706074095604301
2014-05-12,0.0023538048564419167
2014-05-13,-1.5810131900994683e-05
2014-05-14,-0.0022877571077982804
2014-05-15,0.0018483054198944501
2014-05-16,0.003539563677626305
2014-05-19,0.007385387476001468
2014-05-20,-0.002230888512687367
2014-05-21,0.004713117555709417
2014-05-22,0.0047134700307132835
2014-05-23,-0.00014800995845503642
2014-05-27,0.008613664764990717
2014-05-28,-0.0032374260307667753
2014-05-29,-0.002234228694204885
2014-05-30,0.00011924974864796012
2014-06-02,0.0044514058271889105
2014-06-03,-0.0006024283260428083
2014-06-04,-0.0011781123506059699
2014-06-05,0.002250537843479215
2014-06-06,0.008248880717228834
2014-06-09,0.0005226957077148348
2014-06-10,0.005970388651719816
2014-06-11,-0.002773251222288343
2014-06-12,-0.0025303697391509676
2014-06-13,-0.004887598524797569
2014-06-16,0.00014479754505723925
2014-06-17,0.0
2014-06-18,0.0028608105050354406
2014-06-19,-0.001102233859743425
2014-06-20,-0.00350357714063307
2014-06-23,0.002288518582027287
2014-06-24,0.0002975928924763404
2014-06-25,-0.0008149537712836667
2014-06-26,-0.0026081775931020897
2014-06-27,-0.0029967986845122517
2014-06-30,0.0014736143210195164
2014-07-01,-0.0044241441860990065
2014-07-02,0.0013578612188340135
2014-07-03,-0.00312360721869786
2014-07-07,-0.0006518375986914395
2014-07-08,-0.00270357448797069
2014-07-09,0.0022987165644050554
2014-07-10,-0.005022642525450595
2014-07-11,0.0017211085634318462
2014-07-14,0.0003107341595719
2014-07-15,-0.012373287102517918
2014-07-16,-0.0007667334808532627
2014-07-17,0.002874404594240377
2014-07-18,-0.0015527333734526249
2014-07-22,0.007048291641008205
2014-07-23,0.0013495058399109847
2014-07-24,-0.000931680859306175
2014-07-25,-0.0001325027870277551
2014-07-28,0.0025902135123691
2014-07-29,-0.0003024861966187246
2014-07-30,0.0023542602167162586
2014-07-31,-0.0038492769126502666
2014-08-01,-0.004250067318446675
2014-08-04,0.004320826151194292
2014-08-05,-0.0018503109296359455
2014-08-06,-0.0009577369092610404
2014-08-07,0.0014512014525404002
2014-08-08,-0.003429332679846217
2014-08-11,-0.0028534426000747597
2014-08-12,-0.00010034900742965
2014-08-13,0.0007943322989597334
2014-08-14,0.003382687249387138
2014-08-15,-0.0022023872158414247
2014-08-18,0.006507421374259645
2014-08-19,0.0018913708272035364
2014-08-20,-0.001276120245037653
2014-08-21,-0.007033971839021633
2014-08-22,0.0029313805787190977
2014-08-25,0.0016372232496905
2014-08-26,0.004582523064901385
2014-08-27,-0.0005020080321285
2014-08-28,-0.0008288869708070665
2014-08-29,0.0003130462389830333
2014-09-02,-0.0075272879672508754
2014-09-03,0.0015572831765910252
2014-09-04,0.0004063091390272835
2014-09-05,0.0009322645166537835
2014-09-08,0.0021486506408368478
2014-09-09,0.003137771696743433
2014-09-10,-0.0022898801192466757
2014-09-11,-0.0032860506649198076
2014-09-12,0.00047584349598200974
2014-09-16,0.00315349304555365
2014-09-17,0.00519442773889313
2014-09-18,0.012226583060344506
2014-09-19,-0.0005856789199735002
2014-09-22,0.0039700415124408065
2014-09-24,0.004865492887353294
2014-09-25,-0.008503786976866108
2014-09-26,-0.0030360087212374307
2014-09-29,0.0013392624244135264
2014-09-30,0.008643279696279068
2014-10-01,0.0038848546529974583
2014-10-02,0.00020449933643871057
2014-10-03,0.0065705425069332996
2014-10-06,0.01164148772600914
2014-10-07,-0.0011298698476848816
2014-10-08,-0.0020693515359981266
2014-10-09,-0.0015053674377018345
2014-10-10,-0.0037708534906730727
2014-10-14,0.0010252586272011725
2014-10-15,-0.00066401062417
2014-10-16,0.00817845816489496
2014-10-17,-0.006286353917915314
2014-10-20,-0.009237032477670298
2014-10-21,0.015582248209807716
2014-10-22,0.00052268606559379
2014-10-23,-0.0036557933342000583
2014-10-24,0.00017942940048546688
2014-10-27,0.00210315008527947
2014-10-28,0.006185519651533029
2014-10-29,0.004564755125794625
2014-10-30,-0.0010610079575597
2014-10-31,-0.015486366464031377
2014-11-04,0.02113452564953895
2014-11-05,0.01443222998885653
2014-11-06,-0.0209556032197779
2014-11-07,-0.004087177293264483
2014-11-10,-0.0018234798364662199
2014-11-11,0.008719477487899861
2014-11-12,-0.0015610382695063353
2014-11-13,-0.002353363817171753
2014-11-14,0.006294884234420853
2014-11-17,-0.00177595266376835
2014-11-18,0.00446256276103143
2014-11-19,0.004820167255356509
2014-11-20,-0.005709281454916734
2014-11-21,-0.0044024820118502995
2014-11-25,0.005043652992592275
2014-11-26,0.003850904022039575
2014-11-28,0.012422810754314749
2014-12-01,0.009864285707568308
2014-12-02,-0.001468506446245691
2014-12-03,0.0049138723067948505
2014-12-04,0.00897891959931762
2014-12-05,-0.004252648903401384
2014-12-08,-0.009759362462060167
2014-12-09,-0.0005826792369483002
2014-12-10,-0.008342539326326816
2014-12-11,0.010576561642504766
2014-12-12,0.0002550557154799007
2014-12-15,-0.002734489752088667
2014-12-16,0.007667586700370735
2014-12-17,-0.003277799460351184
2014-12-18,-0.006300074934101049
2014-12-19,-0.004900166630200445
2014-12-22,2.281225758496674e-05
2014-12-24,0.00759095355439794
2014-12-26,0.008103923141625414
2014-12-29,0.0027942671216288737
2014-12-30,-0.003970594146598317
2015-01-05,0.002045212560173716
2015-01-06,0.007352808670123898
2015-01-07,0.0031855455406560765
2015-01-08,0.006320908263083585
2015-01-09,-0.0009088477349144834
2015-01-13,-0.008429244960249164
2015-01-14,0.0048814869644397295
2015-01-15,0.008806606369424121
2015-01-16,0.0029258783078439645
2015-01-20,-0.005573743549483517
2015-01-21,0.0052785681167093965
2015-01-22,-0.0013142836037339
2015-01-23,0.0010301368719593494
2015-01-26,0.004339999445914368
2015-01-27,0.0059271555964890005
2015-01-28,-0.0010414775173951249
2015-01-29,0.004701667687307155
2015-01-30,-0.0009894557656229034
2015-02-02,0.007832829063103598
2015-02-03,0.0080526421120794
2015-02-04,-0.0020017876614124835
2015-02-05,-0.013718034283985533
2015-02-06,-0.004200832999098092
2015-02-09,-0.003953567480403567
2015-02-10,-0.006542758651439309
2015-02-12,0.009159789341029498
2015-02-13,-0.008393509814396684
2015-02-17,0.0024775190283156836
2015-02-18,0.002627005347520083
2015-02-19,-0.0026026791029213647
2015-02-20,-0.0030855472255419828
2015-02-23,0.009854088524488245
2015-02-24,0.0021858086157401455
2015-02-25,-0.0022333170660599495
2015-02-26,-0.0004966995336003668
2015-02-27,-0.004705223710088271
2015-03-02,5.143475680271701e-05
2015-03-03,-0.014186359270854633
2015-03-04,-0.005300154814972893
2015-03-05,0.006058205040444767
2015-03-06,0.006026955334806678
2015-03-09,0.015365736771800167
2015-03-10,-0.0009196918978600782
2015-03-11,-0.003535355894411117
2015-03-12,0.00792781414633425
2015-03-13,-0.010615617447633563
2015-03-16,-0.004233014257562725
2015-03-17,0.003215701139183745
2015-03-18,3.4743782113942894e-05
2015-03-19,-0.006065950877668911
2015-03-20,0.0031479987377544334
2015-03-23,0.0015035921207024994
2015-03-24,0.0011671441968938467
2015-03-25,0.0038334696752747675
2015-03-26,0.001662226533982467
2015-03-27,-0.01310180814340015
2015-03-30,0.007284131309766657
2015-03-31,0.004691743543600434
2015-04-01,0.0046986734948783
2015-04-02,-0.00849222740106715
2015-04-06,0.000795448481903873
2015-04-07,-0.006730663171364938
2015-04-08,-0.00497932663910215
2015-04-09,0.002680335991014586
2015-04-10,0.006250058453843108
2015-04-13,-0.0076605717060346905
2015-04-14,-0.0036682283410928167
2015-04-15,-0.0060135798619727395
2015-04-16,0.00882152880062256
2015-04-17,-0.0035278314359747306
2015-04-20,0.002953354036698691
2015-04-21,-0.006925437376692412
2015-04-22,0.003383951637949475
2015-04-23,0.0001363208650450201
2015-04-24,-0.005421036563798897
2015-04-27,-0.0011639169091279102
2015-04-28,-0.0026474522886036503
2015-04-30,-0.008165984467567512
2015-05-01,-0.003764450309801515
2015-05-07,0.0009294452813746273
2015-05-08,0.006978525731279776
2015-05-11,-0.005500554002906894
2015-05-12,-0.0025290769250899
2015-05-13,0.0008300132802124333
2015-05-14,0.003019973698498783
2015-05-15,0.0023439647106227837
2015-05-18,0.0017294887708670086
2015-05-19,0.002830820514235025
2015-05-20,0.015608064440220401
2015-05-21,-0.0010182735112146334
2015-05-22,-9.200606082299806e-06
2015-05-26,0.00214388647225232
2015-05-27,-0.0113804398942097
2015-05-28,0.018459669228496078
2015-05-29,0.0015671966668066204
2015-06-01,0.00575562488935897
2015-06-02,0.0015858258637356417
2015-06-03,0.0006478596304095522
2015-06-04,0.007336761183892915
2015-06-05,0.001270685407324005
2015-06-08,-0.0015970783442213685
2015-06-09,0.005914974045507153
2015-06-10,-0.0006086983574079805
2015-06-11,-0.005796918075197921
2015-06-12,-0.014685367189993716
2015-06-15,0.0025938288073539496
2015-06-16,-0.0004783596568392171
2015-06-17,-0.0019463715849688417
2015-06-18,0.0009780798476754504
2015-06-19,-0.007987957612300207
2015-06-22,0.0020931661192634243
2015-06-23,0.00025557286657095987
2015-06-24,-0.0005027808582237082
2015-06-25,0.0019793683544904912
2015-06-26,-0.002799349420460174
2015-06-29,0.006067902642859908
2015-06-30,-0.005168435145934334
2015-07-01,0.001411739638189685
2015-07-02,0.0020139370621076996
2015-07-06,0.0002261900479170447
2015-07-07,0.007964237852444484
2015-07-08,-0.006760206907556656
2015-07-09,0.013927552346212199
2015-07-10,0.006106386711000144
2015-07-13,0.0013109066991383509
2015-07-14,-0.001239256891907193
2015-07-15,-9.114278176004971e-05
2015-07-16,0.004713861613353676
2015-07-17,-0.0014615216747799447
2015-07-21,0.023365639854656308
2015-07-22,-0.0011049069126060163
2015-07-23,0.002489200532131742
2015-07-24,-0.001594520881588359
2015-07-27,-0.015949642543134898
2015-07-28,0.015684983585776767
2015-07-29,0.0004582517313769501
2015-07-30,0.0035611398790697
2015-07-31,-0.0006216942678891483
2015-08-03,0.012034494387563505
2015-08-04,0.02215445725389069
2015-08-05,-0.00555481169075695
2015-08-06,-0.007867209012499501
2015-08-07,0.018910659951736353
2015-08-10,0.011128942228876742
2015-08-12,0.010130093836114112
2015-08-13,0.004910876214052881
2015-08-14,-0.0046033734885967004
2015-08-17,0.0012672628452738554
2015-08-18,-0.00324640772619352
2015-08-19,-0.0081753446805469
2015-08-20,0.005957823074664928
2015-08-21,-0.00710077656700181
2015-08-24,0.012445011978965467
2015-08-25,-0.008691093297504499
2015-08-27,0.006481371735157957
2015-08-28,-0.005605595463535584
2015-08-31,0.00934783671791535
2015-09-01,-0.008852724638979702
2015-09-02,-0.020771347188831134
2015-09-03,-0.007542769994712636
2015-09-04,0.0040834494038764005
2015-09-08,-0.0022854853151506958
2015-09-09,-0.004491465029466006
2015-09-10,0.0041238816667636
2015-09-11,0.007410545391429117
2015-09-14,0.002083724432453483
2015-09-15,3.929624116587554e-05
2015-09-16,-0.01848943209648682
2015-09-17,-0.00123438577584565
2015-09-18,-0.0003745161464202597
2015-09-24,0.0043188416664510605
2015-09-25,0.0056697788024628135
2015-09-29,0.013920349078668189
2015-10-01,-0.01666410016870455
2015-10-05,-0.0146053085728413
2015-10-08,0.011218464938174567
2015-10-09,-0.001391360906115741
2015-10-13,0.009727132429602072
2015-10-14,-0.014814493348032401
2015-10-15,0.0026305450097502455
2015-10-16,0.007352239765748326
2015-10-19,-0.00197447534815175
2015-10-20,0.0021580763267470995
2015-10-21,0.01974524333159
2015-10-22,-0.001576921189060292
2015-10-23,0.0037517386174545997
2015-10-26,-0.004023351491681809
2015-10-27,0.007003701574916881
2015-10-28,-0.004495482448722625
2015-10-29,-0.004281908413693242
2015-10-30,0.00017272919293842386
2015-11-02,0.000608474776108885
2015-11-04,-0.005989819156500509
2015-11-05,0.005151684890518909
2015-11-06,0.00046958533770352683
2015-11-09,0.0038813128187925663
2015-11-10,0.007744841678907471
2015-11-11,0.0013985928163694006
2015-11-12,-0.008690265343920233
2015-11-13,0.00025136303731657496
2015-11-16,-0.008522264967043846
2015-11-17,-0.008254051410288028
2015-11-18,0.0005164071252496986
2015-11-19,0.008773873226832415
2015-11-20,0.0007218999520506835
2015-11-24,0.0025859860535054646
2015-11-25,0.008598973509812542
2015-11-27,0.005612874585054183
2015-11-30,0.006597356533023842
2015-12-01,-0.00597383540994479
2015-12-02,-0.0024199458696220854
2015-12-03,0.007080036858277316
2015-12-04,-0.0021545614358104417
2015-12-07,-0.0023585944860169995
2015-12-08,0.005877032082111016
2015-12-09,0.014821729554411401
2015-12-10,0.004409267005628273
2015-12-11,0.003048205367493812
2015-12-14,-0.011654466010438992
2015-12-15,-0.009275523220871834
2015-12-16,-0.0010943311967992265
2015-12-17,-0.0004393087312093355
2015-12-18,0.006008463641758017
2015-12-21,0.00635670229737292
2015-12-22,-0.0022184206457278467
2015-12-24,-0.00625473211217123
2015-12-28,-0.009167356049687428
2015-12-29,0.004912457582090651
2015-12-30,-0.0070671805110088986
2016-01-04,-0.0040259602304524335
2016-01-05,-0.012724350762468577
2016-01-06,-0.0012868630030478754
2016-01-07,-0.00262404137699235
2016-01-08,0.017032788571337304
2016-01-12,-0.009609614358656867
2016-01-13,-0.012967804429048454
2016-01-14,0.0012336724739308198
2016-01-15,0.014330827357069004
2016-01-19,0.005757350600001659
2016-01-20,0.024946201137495672
2016-01-21,0.005293828780091991
2016-01-22,-0.011518434314002844
2016-01-25,0.004713621238409283
2016-01-26,0.01652250511753965
2016-01-27,0.0024343675417660996
2016-01-28,0.006673541462112071
2016-01-29,0.005326773344857098
2016-02-01,-0.01937496472185242
2016-02-02,0.022350016086232563
2016-02-03,-0.003448391192605967
2016-02-04,-0.007360215959217749
2016-02-05,0.0062528807290085486
2016-02-08,0.007842634315022827
2016-02-09,-0.0005753754308486965
2016-02-10,0.013802185877488476
2016-02-12,-0.014574276848329118
2016-02-16,-0.002981376847381945
2016-02-17,-0.010669637606997861
2016-02-18,0.01947670638405415
2016-02-19,0.015597320418816793
2016-02-22,0.007761395578810701
2016-02-23,0.00029499153845163363
2016-02-24,-0.01114653093445
2016-02-25,0.009156534118382374
2016-02-26,0.010685650276550034
2016-02-29,0.016796808860480638
2016-03-01,0.0018854786988790344
2016-03-02,-0.0038227933423318917
2016-03-03,-0.013302550830402314
2016-03-04,0.0015482403122027578
2016-03-07,0.003338898888467942
2016-03-08,-0.0010106239178488828
2016-03-09,-0.0009596221484886246
2016-03-10,-0.0097113769281704
2016-03-11,-0.0021289534884860054
2016-03-14,0.021647041633145608
2016-03-15,0.001988812262750334
2016-03-16,0.003101440018528657
2016-03-17,0.00570075413035211
2016-03-18,0.016333143231754815
2016-03-22,-0.009473983929378782
2016-03-23,0.0046062331913823504
2016-03-24,0.010018665995508994
2016-03-28,0.007663254204162541
2016-03-29,-0.004212514007500876
2016-03-30,-0.007360538246174501
2016-03-31,-0.0072339941691314
2016-04-01,0.006835573595417817
2016-04-04,-0.0023839018232532164
2016-04-05,0.01167068219047084
2016-04-06,-0.0015825836494816241
2016-04-07,-0.0186801221028366
2016-04-08,0.000882702907136837
2016-04-11,-0.007922688944172859
2016-04-12,-0.017853700961002483
2016-04-13,3.955435087779971e-05
2016-04-14,-0.012015245154134331
2016-04-15,0.004607277621588831
2016-04-18,-0.0036030480117064945
2016-04-19,0.002653120688047122
2016-04-20,0.006393737791081215
2016-04-21,0.0053981106612685
2016-04-22,-0.0007876929518721553
2016-04-25,-0.0048807407111754715
2016-04-26,0.005368097977980669
2016-04-27,-0.007117555119929113
2016-04-28,0.007248843839294465
2016-05-02,0.006836955082440286
2016-05-06,-0.002874559737941458
2016-05-09,0.0034653645688513994
2016-05-10,0.0021492536045896703
2016-05-11,-0.004039301695609665
2016-05-12,-0.010295885602088425
2016-05-13,-0.00030879813393941673
2016-05-16,0.0022573823398217953
2016-05-17,-0.0016176375764237
2016-05-18,-0.0268388497971877
2016-05-19,0.006222674695557047
2016-05-20,-0.0021623890342754044
2016-05-23,0.004465481241195016
2016-05-24,0.00598916600654262
2016-05-25,0.0082902466641146
2016-05-26,0.0026035233632513504
2016-05-27,-0.0008601457565253546
2016-05-31,-0.0009942796944555337
2016-06-01,0.0036774639614260097
2016-06-02,-0.00025921656085819283
2016-06-03,0.008603684229982615
2016-06-06,-0.003331054680644445
2016-06-07,-0.0022187993277796346
2016-06-08,-0.006012839319466442
2016-06-09,-0.0005525714220333032
2016-06-10,0.0007288999317897524
2016-06-13,0.011496040989305338
2016-06-14,0.006833240308694357
2016-06-15,0.004227595986185757
2016-06-16,0.01042380488901006
2016-06-17,-0.0007803228955191633
2016-06-20,-0.004181269304783793
2016-06-21,0.010480110301957318
2016-06-22,0.00909611236964066
2016-06-23,-0.004196955847317383
2016-06-24,0.008437414192131232
2016-06-27,0.025768287477599933
2016-06-28,0.004378497616024538
2016-06-29,-0.013770733930219724
2016-06-30,0.00020969618767183347
2016-07-01,-0.0014850809397907241
2016-07-05,0.01005797943950739
2016-07-06,0.021542320241069113
2016-07-07,0.005854800936768167
2016-07-08,0.027743033363786397
2016-07-11,0.003634331195421732
2016-07-12,-0.0027125856158606854
2016-07-13,0.007339108786326867
2016-07-14,-0.0031752628092746836
2016-07-15,0.0025518451140965834
2016-07-19,0.01214709597708618
2016-07-20,0.0020730404144160253
2016-07-21,0.003400747440460684
2016-07-22,0.0011579968814373369
2016-07-25,-0.0028029319203929266
2016-07-26,0.012749393257938106
2016-07-27,0.002434321426018158
2016-07-28,0.0202741694800119
2016-07-29,-0.015216993202587358
2016-08-01,-0.004606653947783888
2016-08-02,0.006472771165918276
2016-08-03,-0.000585233160470499
2016-08-04,0.0013609143049932084
2016-08-05,0.0009689943328734891
2016-08-08,0.010476255503310319
2016-08-09,0.0007550863367597138
2016-08-10,0.007336253317401549
2016-08-12,3.4768138192374336e-05
2016-08-15,-0.0024249092056486334
2016-08-16,-0.006460502943108902
2016-08-17,0.002135565014420566
2016-08-18,0.0226006356850866
2016-08-19,0.004303387369104817
2016-08-22,-0.004690722531283371
2016-08-23,-0.0063636363636363
2016-08-24,0.00444349088312831
2016-08-25,0.001303076446468592
2016-08-26,0.009070374189512039
2016-08-29,0.009567378450500777
2016-08-30,-0.002460024600246
2016-08-31,0.004610170958462457
2016-09-01,0.01418936965811955
2016-09-02,-0.004851856267450816
2016-09-06,-0.00189653099563975
2016-09-07,-0.0005540347290217166
2016-09-08,-0.0017888571871109548
2016-09-09,0.0006253119052771932
2016-09-12,-0.0006256602490891791
2016-09-13,0.0
2016-09-14,0.004623486471957195
2016-09-15,-0.0037091118518293
2016-09-16,0.0007670378190010951
2016-09-20,0.0157490441763998
2016-09-21,-0.0034054031905212502
2016-09-23,-0.0017959264964827245
2016-09-26,0.0082160713365289
2016-09-27,-0.0020608285849556913
2016-09-28,-0.004565312887095127
2016-09-29,-0.0064101345706147235
2016-09-30,0.00965517328007969
2016-10-03,-0.003368425675927119
2016-10-04,0.005236128397806521
2016-10-05,0.009660784671284284
2016-10-06,0.00591377320430719
2016-10-07,0.0006865278061202967
2016-10-11,-0.0012015424894670744
2016-10-12,0.0026964251962604147
2016-10-13,-0.0012245568448247667
2016-10-14,-0.00030296682082381
2016-10-17,0.004175301072560783
2016-10-18,-0.005347977182680267
2016-10-19,-0.002072482886539988
2016-10-20,-0.0014662978919448531
2016-10-21,0.0015484851684419666
2016-10-24,-0.004843643627311033
2016-10-25,-0.003051705607918417
2016-10-26,-0.01057651137575095
2016-10-27,-0.0009794504246262085
2016-10-28,0.004267381729556791
2016-10-31,0.0032197145599207498
2016-11-02,-0.008991166452671588
2016-11-04,0.00539044722861805
2016-11-08,0.004319712588107245
2016-11-09,-0.003806139446145492
2016-11-10,0.006225029904760658
2016-11-11,0.005716160065853277
2016-11-14,0.009472594495379068
2016-11-15,0.0034514142727074502
2016-11-16,-0.01854454208549195
2016-11-17,-0.0020931449502878
2016-11-18,0.0004221095253011337
2016-11-21,0.0009195085910721169
2016-11-22,0.004589804858622033
2016-11-25,-0.0079772197426425
2016-11-28,0.010629658975175349
2016-11-29,0.0002566795271049667
2016-11-30,0.0016255987182742333
2016-12-01,0.0068432580425294605
2016-12-02,0.00961043204750753
2016-12-05,-0.001977226315974358
2016-12-06,-0.003743270277497485
2016-12-07,-0.0005577371725257949
2016-12-08,0.006341405804821734
2016-12-09,0.0032673372354986886
2016-12-12,-0.015610763765829384
2016-12-13,-0.00916231414271356
2016-12-14,0.014025603890068301
2016-12-15,-0.006574292648260717
2016-12-16,0.004023686065488806
2016-12-19,-0.0067680064004883335
2016-12-20,-0.005472336058672683
2016-12-21,0.00030489806510799154
2016-12-22,-0.00015753994250693355
2016-12-27,-0.001790495195334513
2016-12-28,0.0034361307347153163
2016-12-29,-0.0011452969661478575
2016-12-30,0.0019962213192682
2017-01-04,0.0007458146061962278
2017-01-05,-0.0056003672371958664
2017-01-06,0.00667304827156495
2017-01-10,-0.0014621097343995664
2017-01-11,0.003490089504581681
2017-01-12,-0.004827437701051487
2017-01-13,0.00378878237457031
2017-01-17,0.003727291290950576
2017-01-18,0.007099771997030616
2017-01-19,-0.00613798006790992
2017-01-20,0.004425140847021285
2017-01-23,-0.0018875045106833913
2017-01-24,-0.004438785010261788
2017-01-25,0.0010764202573107253
2017-01-26,-0.0016402032270464338
2017-01-27,0.0019455824924418997
2017-01-30,0.00045049508135576883
2017-01-31,0.006989684661022313
2017-02-01,-0.0003339963142458017
2017-02-02,0.0009624639307434218
2017-02-03,0.009397086944674293
2017-02-06,0.0040441194939636665
2017-02-07,-0.0018694950591826355
2017-02-08,-0.007611804097335683
2017-02-09,-0.004318450404573133
2017-02-10,0.004174407560639709
2017-02-13,0.009732377750031284
2017-02-14,-0.006484526310719365
2017-02-15,0.003373499642640345
2017-02-16,-0.0033195020746886856
2017-02-17,0.006024356927443608
2017-02-21,-0.0053799910030561835
2017-02-22,-0.006717787159829618
2017-02-23,-0.00143083940970604
2017-02-24,0.000359346619090983
2017-02-27,-0.003167067160837699
2017-02-28,0.004749358908710591
2017-03-01,-0.00848333754713244
2017-03-02,-0.0013529141271299066
2017-03-03,0.0011269288819908052
2017-03-06,0.003278530099441652
2017-03-07,-0.002421253997313037
2017-03-08,-0.005878984581972867
2017-03-09,0.00332551503708624
2017-03-10,0.003070334943499666
2017-03-13,0.00094982108106951
2017-03-14,-0.0023295286653358246
2017-03-15,-0.0027970149586280003
2017-03-16,0.0020721998986738452
2017-03-17,0.0016306187959402522
2017-03-21,0.0072358197962101994
2017-03-22,-0.0079613032865741
2017-03-23,-0.000526285946038655
2017-03-24,-0.00101867807919938
2017-03-27,0.008953295929552489
2017-03-28,-0.006020453991546117
2017-03-29,0.00244145580778681
2017-03-30,0.0031525410133694427
2017-03-31,0.0076263748141355645
2017-04-03,0.0002036670136175327
2017-04-04,0.00033644980045681623
2017-04-05,0.0028099884116382914
2017-04-06,0.005536478550811183
2017-04-07,-0.0029804045582755533
2017-04-10,0.0014927808454354083
2017-04-11,0.001860430991111858
2017-04-12,-0.011211707345727899
2017-04-13,-0.00351123595505615
2017-04-17,-0.0005884083553986667
2017-04-18,-0.0033511589288141848
2017-04-19,0.0020649953084808403
2017-04-20,-0.0037735234230320755
2017-04-21,0.000868383661734455
2017-04-24,0.0009503930040366417
2017-04-25,-0.00023345150105664184
2017-04-26,0.005388277079624325
2017-04-27,-0.00275402550228033
2017-04-28,0.01518780396972675
2017-05-01,-0.005132030481574004
2017-05-02,-0.008888480590121157
2017-05-08,-0.001072471066339068
2017-05-09,0.0015351874175413586
2017-05-10,0.002497161899690717
2017-05-11,-0.00200187482796832
2017-05-12,-0.0030009841110258096
2017-05-15,0.00613645249181298
2017-05-16,0.000331924280610015
2017-05-17,-0.003928906538150617
2017-05-18,0.0024035480266127195
2017-05-19,-0.0030388756245850737
2017-05-22,-0.003205638160150385
2017-05-23,0.000763450170555098
2017-05-24,-0.0003068806279661648
2017-05-25,0.001269857634066353
2017-05-26,0.0048298687473832735
2017-05-30,0.0059901338971104
2017-05-31,-0.00014231908490030002
2017-06-01,0.00449399594098378
2017-06-02,-0.01028756443601126
2017-06-05,0.005684857917439034
2017-06-06,0.009227217837617669
2017-06-07,-0.002613550503125923
2017-06-08,0.0015128593040846
2017-06-09,0.006578947368421
2017-06-12,0.002200085148662487
2017-06-13,0.004444636848384317
2017-06-14,0.001659765724224
2017-06-15,0.0068331580947559225
2017-06-16,-0.0022975212051581694
2017-06-19,-0.01303124190205645
2017-06-20,0.0016198753986840495
2017-06-21,0.001201075694991195
2017-06-22,-0.0039603960396038425
2017-06-23,-0.001969473165928
2017-06-26,-0.003933136676499343
2017-06-27,-0.0029326719519583476
2017-06-28,-0.0040883567218922
2017-06-29,0.0001730103806228
2017-06-30,-0.005878290435536617
2017-07-03,-0.00691190772748205
2017-07-05,0.0009438669064623
2017-07-06,0.0012098548174219
2017-07-07,0.0003944879539279848
2017-07-10,0.0011520239693387168
2017-07-11,0.00536993759676854
2017-07-12,-0.003971922500455459
2017-07-13,-0.007720383094171641
2017-07-14,-0.00049610761598955
2017-07-18,-0.0006975807934038598
2017-07-19,0.0014251913499344349
2017-07-20,-0.00024882116006573387
2017-07-21,0.006026238803588092
2017-07-24,0.003645352182783325
2017-07-25,-0.005786509700110785
2017-07-26,0.002849360887488745
2017-07-27,0.0003238919409277666
2017-07-28,-0.000727555572697788
2017-07-31,0.0012166145476620702
2017-08-01,-0.001964852652263323
2017-08-02,0.010318874342214257
2017-08-03,-0.0003442455512311902
2017-08-04,0.00066986515508515
2017-08-07,0.002211854002860262
2017-08-08,-0.0006479516287061151
2017-08-09,0.0013338576276149998
2017-08-10,0.0011189443356291048
2017-08-11,0.0
2017-08-14,-0.004010041662580198
2017-08-15,0.0005735260380821334
2017-08-16,-0.00029104429091366665
2017-08-17,-0.0027856032266506837
2017-08-18,-0.001994120171282313
2017-08-21,-0.001752186669624987
2017-08-22,0.00054017021588745
2017-08-23,-0.00468968085102467
2017-08-24,0.00164473684210515
2017-08-25,-0.00136986301369864
2017-08-28,0.0006276364576155583
2017-08-29,-0.0023752735843762087
2017-08-30,-0.0050115250950342905
2017-08-31,-2.0780398442406646e-05
2017-09-01,0.002537791102802305
2017-09-05,-0.0004925720133973038
2017-09-06,0.002019567034796608
2017-09-07,0.0008250986673578001
2017-09-08,0.007951803134734233
2017-09-11,0.00412440300346335
2017-09-12,-0.00023669202326538673
2017-09-13,0.00018806570024039503
2017-09-14,-0.001237174202213905
2017-09-15,0.0062488077509992605
2017-09-18,0.0
2017-09-19,-0.0026676030089148248
2017-09-20,0.0015295852796072752
2017-09-21,-0.0031034760096886847
2017-09-22,-0.004782098414994983
2017-09-25,0.0034051895243581752
2017-09-26,0.003533927878410565
2017-09-27,0.0017250286759804203
2017-09-28,0.004089796068579857
2017-09-29,0.0041236134163232345
2017-10-02,0.004539595723014495
2017-10-03,-0.0006741945203285324
2017-10-04,0.004478257106374235
2017-10-05,-0.0009114212846524838
2017-10-06,0.00030793406408932
2017-10-09,0.0
2017-10-10,-0.003229598172331167
2017-10-11,-0.0033322702319017045
2017-10-12,-0.003378485384781607
2017-10-13,-0.0006616543981314586
2017-10-16,-0.005924923585489565
2017-10-17,-0.00021087037089364993
2017-10-18,0.0019761215488572066
2017-10-19,0.001010881124541858
2017-10-20,0.003533136325520235
2017-10-23,0.0023451201465509303
2017-10-24,0.0012446958110131495
2017-10-25,0.0013989992936146568
2017-10-26,0.0005525498381744667
2017-10-27,-0.0035002405484222112
2017-10-30,-0.0004930304925413666
2017-10-31,-0.0016750418760469001
2017-11-01,0.0018844292982769738
2017-11-02,1.9613773402409745e-05
2017-11-03,-4.2084439937507893e-17
2017-11-06,0.00797944736266845
2017-11-07,0.010518753542276015
2017-11-08,0.004929015242915795
2017-11-09,0.0015925532328695865
2017-11-10,-0.00267155609736916
2017-11-13,-0.0024136857258930844
2017-11-14,-0.0020869921963259153
2017-11-15,-0.0012207657387411108
2017-11-16,-0.0013352504809339
2017-11-17,0.0003311000860118799
2017-11-20,0.008688378524022758
2017-11-21,-0.002712519184231005
2017-11-22,0.0
2017-11-24,-0.002488097631795115
2017-11-27,-0.03862242033594717
2017-11-28,0.001300013478124045
2017-11-29,-0.008650719927573975
2017-11-30,0.0033685341530405003
2017-12-01,-0.002662149080348475
2017-12-04,-0.004046890088988191
2017-12-05,-0.009594155708719566
2017-12-06,0.00673330960476482
2017-12-07,0.0042067519876786835
2017-12-08,-0.0008661758336942
2017-12-11,0.000357962673614
2017-12-12,-0.001120086193787907
2017-12-13,-0.0014001347985636832
2017-12-14,-0.0046437975405079655
2017-12-15,0.00486902020069908
2017-12-18,0.0008431703204046
2017-12-19,0.003966602873169086
2017-12-20,0.010976919030793675
2017-12-21,0.0029550800554779583
2017-12-22,0.003113889015099995
2017-12-26,-0.0039004397877041666
2017-12-27,0.0032199309022485556
2017-12-28,0.0018330107067768002
2017-12-29,-0.0040398576303177095
2018-01-02,0.0
2018-01-03,0.0
2018-01-04,-0.012762919279198934
2018-01-05,0.0002533279877457908
2018-01-08,0.0
2018-01-09,-0.00999705438564194
2018-01-10,0.0003046401490853234
2018-01-11,0.0055475896708003835
2018-01-12,0.00018086956463686
2018-01-16,0.00026026438986916
2018-01-17,-0.0026619139845051602
2018-01-18,0.00726556089723835
2018-01-19,-0.00477814086334911
2018-01-22,0.006306277794148265
2018-01-23,-0.004809433392394301
2018-01-24,-0.0027667366026977503
2018-01-25,-0.009926706921779676
2018-01-26,-0.004019231730874421
2018-01-29,-0.003117411937122909
2018-01-30,0.005174860197751057
2018-01-31,-0.00023266814586160654
2018-02-01,-0.000157629255989875
2018-02-02,-0.00028337131318372324
2018-02-05,-0.009564525414770337
2018-02-06,0.007410825971378888
2018-02-07,-0.00253650040761875
2018-02-08,0.010620321062383774
2018-02-09,-0.011849579892147993
2018-02-12,0.0
2018-02-13,0.011147074616141391
2018-02-14,0.004521329889890885
2018-02-15,0.0028559594265598507
2018-02-16,-0.000639931740614325
2018-02-20,0.0020046567960030383
2018-02-21,0.00247121240136125
2018-02-22,0.001268919060169925
2018-02-23,0.00032522885681121995
2018-02-26,-0.0010681950483831392
2018-02-27,-0.0009470331608743834
2018-02-28,-0.0074757045279984806
2018-03-01,0.0018802445408329094
2018-03-02,-0.008362120858186299
2018-03-05,-0.018139423127515555
2018-03-06,0.003935834566909517
2018-03-07,0.0
2018-03-08,-0.0002705090120496477
2018-03-09,-0.004914515579094855
2018-03-12,0.0038954544338906
2018-03-13,0.0019278989662530055
2018-03-14,-0.001099706744868025
2018-03-15,-0.00285862785862785
2018-03-16,-0.0004101980608665433
2018-03-19,0.0012252671840073
2018-03-20,-0.00181172372422898
2018-03-21,0.0
2018-03-22,0.006477946970083375
2018-03-23,-0.004873826173302603
2018-03-26,0.0029368591888831097
2018-03-27,-0.005857865748823183
2018-03-28,-0.0010284483744172099
2018-03-29,0.001224705918122505
2018-04-02,0.0
2018-04-03,-0.0013212930838778399
2018-04-04,0.004085591377367155
2018-04-05,0.006552726912927194
2018-04-06,-0.0056729501478258795
2018-04-09,0.004383744617524
2018-04-10,-0.00474950686210062
2018-04-11,-0.005863364071239503
2018-04-12,0.0
2018-04-13,0.002553475935828845
2018-04-16,0.0007003955846519752
2018-04-17,-0.0011983349477447131
2018-04-18,-0.003695164429248186
2018-04-19,-0.0027803728996018966
2018-04-20,-0.00130085503219827
2018-04-23,0.00084450196983731
2018-04-24,-0.002095624754955158
2018-04-25,-0.0026829323713390605
2018-04-26,-0.0016257285711378752
2018-04-27,-0.004633380458764911
2018-04-30,2.863393505513239e-17
2018-05-01,0.01010539923672146
2018-05-02,0.0012690355329949632
2018-05-03,0.0
2018-05-04,0.0
2018-05-07,3.817858007350985e-17
2018-05-08,0.0003738597278301063
2018-05-09,0.0014367816091953832
2018-05-10,-0.008093493807779493
2018-05-11,-0.00442891385604174
2018-05-14,0.005875192022653668
2018-05-15,0.00049556308438137
2018-05-16,-0.002144607843137225
2018-05-17,-5.073067070534339e-05
2018-05-18,0.0015580312903333102
2018-05-21,-0.003782934677027675
2018-05-22,0.0016017793250169402
2018-05-23,8.620925095840994e-05
2018-05-24,0.003930402024420547
2018-05-25,-0.007465292891137516
2018-05-29,0.0033537428834952195
2018-05-30,0.011242653001379749
2018-05-31,0.0026775609109164497
2018-06-01,-0.000842815002107
2018-06-04,-0.0016500811033136747
2018-06-05,0.0013376455662234832
2018-06-06,-0.0032389737065309583
2018-06-07,-0.0030766830115352903
2018-06-08,0.00020219104166456
2018-06-11,0.0008366952588788234
2018-06-12,0.009967908860358542
2018-06-13,-0.00210520310360561
2018-06-14,-0.00462697197771825
2018-06-15,-0.000591016548463326
2018-06-18,0.00675115096522107
2018-06-19,0.007708602217843884
2018-06-20,0.0090310463771761
2018-06-21,-0.0012938523668180758
2018-06-22,0.005916185082330066
2018-06-25,-0.0019816134455294763
2018-06-26,-0.005739280660160567
2018-06-27,-0.011243287566089442
2018-06-28,-0.0015840746573929
2018-06-29,0.0022549717751713973
2018-07-02,-0.008354144086630915
2018-07-03,0.005343695167004286
2018-07-05,0.0004628615326492157
2018-07-06,-0.004092455953097355
2018-07-09,-6.224624213555484e-05
2018-07-10,-0.006816851016472992
2018-07-11,-0.0027388123279043965
2018-07-12,0.0039184656586009605
2018-07-13,0.0025283753117303167
2018-07-16,0.0
2018-07-17,0.00020279155723910503
2018-07-18,0.00283530464587971
2018-07-19,0.0013222331818690224
2018-07-20,0.0120835921409657
2018-07-23,-0.002509559872933099
2018-07-24,-0.00335468128100418
2018-07-25,-0.0020547254432362752
2018-07-26,-0.00075585789871505
2018-07-27,-0.0006532289239255498
2018-07-30,-0.0011213703504028667
2018-07-31,2.4240236137863412e-05
2018-08-01,-0.003793683961370525
2018-08-02,0.005448713282925436
2018-08-03,-0.0009048338469355671
2018-08-06,0.00014540650133699982
2018-08-07,0.00011402568718895008
2018-08-08,0.001400414609768817
2018-08-09,-0.00272005772005774
2018-08-10,0.0023169586110552954
2018-08-13,-0.0047414344950714536
2018-08-14,-2.5541406324233393e-05
2018-08-15,0.0018180970138554835
2018-08-16,-0.00246226344591425
2018-08-17,-0.004156667020636367
2018-08-20,0.0024675324675324
2018-08-21,0.0
2018-08-22,0.0009711495505235999
2018-08-23,0.0
2018-08-24,0.001468535035339781
2018-08-27,0.0046182254456084695
2018-08-28,-0.0011568535071984352
2018-08-29,-0.000255312821332975
2018-08-30,0.0
2018-08-31,-0.0010346121885307334
2018-09-04,0.00018688883339340687
2018-09-05,0.003285759264240363
2018-09-06,-0.00041664092665964986
2018-09-07,-0.0035467964749017248
2018-09-10,0.00252171835908526
2018-09-11,-0.0033874476746644333
2018-09-12,-0.0025136966972227497
2018-09-13,-0.004881040680525675
2018-09-14,-7.403581267217496e-05
2018-09-17,0.0
2018-09-18,-0.015309928236090058
2018-09-19,0.0014576167110841802
2018-09-20,0.007506306267475885
2018-09-21,-0.0003338147835838668
2018-09-24,0.0
2018-09-25,-0.0047956339180549
2018-09-26,0.004856930703581616
2018-09-27,0.012556925891295433
2018-09-28,0.008744753065661585
2018-10-01,0.004056131187509905
2018-10-02,0.00388539934737893
2018-10-03,0.00012985439510961733
2018-10-04,-0.00597254353063565
2018-10-05,-0.00180924424224052
2018-10-08,-2.905321430992812e-17
2018-10-09,-0.005249765056781522
2018-10-10,-0.0016287779446710665
2018-10-11,0.009621082921621574
2018-10-12,-0.0012495806468450707
2018-10-15,0.0010082541060008998
2018-10-16,0.00199411780373714
2018-10-17,-0.00774806124820795
2018-10-18,0.00385265971095272
2018-10-19,0.002588831948732594
2018-10-22,0.0041522134699067655
2018-10-23,-0.006890453541791339
2018-10-24,0.0006510138336781796
2018-10-25,-0.0044322026920747175
2018-10-26,-0.004777284606705776
2018-10-29,0.004774921080726184
2018-10-30,0.013845715649347334
2018-10-31,0.00263189804952275
2018-11-01,0.003857828255467934
2018-11-02,-0.005544397551002467
2018-11-05,0.0007641676560939167
2018-11-06,0.0022516653336575
2018-11-07,-0.008791831862717734
2018-11-08,0.003107560801846542
2018-11-09,-0.000362844702467325
2018-11-12,0.0
2018-11-13,6.966230744007498e-05
2018-11-14,0.003926629739084683
2018-11-15,0.00040664356559225336
2018-11-16,0.0001926782273603
2018-11-19,-0.0105973025048169
2018-11-20,0.0015372388868342152
2018-11-21,0.0013738716744334642
2018-11-23,0.0
2018-11-26,-0.00174219062724059
2018-11-27,-0.004730679156908517
2018-11-28,0.0004894061438451001
2018-11-29,-3.220813283246728e-17
2018-11-30,-0.005406419932661517
2018-12-03,-0.005332393704486733
2018-12-04,-0.0126404494382022
2018-12-06,0.009783995995097917
2018-12-07,0.00015590894917366668
2018-12-10,-0.0035882349552426927
2018-12-11,-0.004600720488374226
2018-12-12,-0.0007731192948552252
2018-12-13,-0.005175136488543267
2018-12-14,0.004185155854923636
2018-12-17,0.010076483964885323
2018-12-18,0.0025548894771662846
2018-12-19,-0.013999448120899498
2018-12-20,0.007268762976986443
2018-12-21,0.00586057302328118
2018-12-24,-2.2941100026929297e-17
2018-12-26,-0.023910731224117368
2018-12-27,0.0053337324972461166
2018-12-28,0.00802510974230066
2018-12-31,0.0
2019-01-04,-0.004661877518477801
2019-01-07,-0.0015408588862489
2019-01-08,-0.009849434681316717
2019-01-09,0.0016229834771144622
2019-01-10,0.00101936432871684
2019-01-11,0.007933098821271694
2019-01-15,-0.003566536425507685
2019-01-16,-0.0005530346001135001
2019-01-17,-0.0008397503162645417
2019-01-18,0.003839375347669925
2019-01-22,-0.00779170684667305
2019-01-23,-0.0015936926000546003
2019-01-24,0.002476779141394215
2019-01-25,0.0
2019-01-28,-0.000820825515947475
2019-01-29,0.008519479897940833
2019-01-30,0.00018557316922593526
2019-01-31,-0.004268292682926825
2019-02-01,-0.002991218606321133
2019-02-04,0.0012512476932961536
2019-02-05,-0.0029240112449578
2019-02-06,-0.00173540543285583
2019-02-07,0.013783640122565527
2019-02-08,0.004677258989424033
2019-02-12,-0.006879352185759243
2019-02-13,0.0014496369256151464
2019-02-14,-0.0026462728551336166
2019-02-15,0.0
2019-02-19,-0.0028312518562995633
2019-02-20,-0.00021058805359425663
2019-02-21,0.0027019203896674307
2019-02-22,0.0005952380952380783
2019-02-25,0.0
2019-02-26,0.004190727957626554
2019-02-27,-0.0002842809364548991
2019-02-28,0.0005462040569750709
2019-03-01,0.0017749378771742365
2019-03-04,-0.0022755106467252
2019-03-05,-0.0003105940817709002
2019-03-06,-0.00010653409090909994
2019-03-07,0.012496232566359494
2019-03-08,0.004412366327967434
2019-03-11,0.0006607124262008168
2019-03-12,0.007524668195399809
2019-03-13,0.00011687125324795012
2019-03-14,0.00132559757852706
2019-03-15,-0.0013751375137512859
2019-03-18,0.0001639028759847234
2019-03-19,0.0010071715713449935
2019-03-20,0.00250334885251208
2019-03-22,-0.0025154902987718454
2019-03-25,0.012353020280442176
2019-03-26,-0.0011340187722997093
2019-03-27,0.0011993751250010834
2019-03-28,0.0006866443238493333
2019-03-29,0.002797195012922997
2019-04-01,-0.001164781564409395
2019-04-02,0.0033700057421824046
2019-04-03,0.0011110255772050904
2019-04-04,-0.007920534678463043
2019-04-05,-0.006791684132557559
2019-04-08,-0.001147224242325015
2019-04-09,0.005645520703371634
2019-04-10,-0.0031006386693729166
2019-04-11,-0.002854890518822641
2019-04-12,0.01334370926118075
2019-04-15,-0.005577550138717552
2019-04-16,-0.0018745044024815252
2019-04-17,-0.006865620655482534
2019-04-18,-0.007428725570534916
2019-04-22,0.0009264752890628994
2019-04-23,-0.0012706073968140332
2019-04-24,0.006032230514660315
2019-04-25,0.0005989085819977933
2019-04-26,-0.0009800279463254733
2019-05-07,-0.0020862924015903755
2019-05-08,-0.0039061931626886703
2019-05-09,0.005895704351567849
2019-05-10,5.765663697614165e-05
2019-05-13,-0.00019203799118763017
2019-05-14,-0.014767297951785
2019-05-15,-0.00795804407631873
2019-05-16,-0.009078716047195567
2019-05-17,-0.0018266044205213915
2019-05-20,0.0003878429000635543
2019-05-21,-0.0002684316210516456
2019-05-22,-0.000671665200784395
2019-05-23,-0.009140274424900034
2019-05-24,-0.010528857546890867
2019-05-28,0.002456708137303203
2019-05-29,0.002044111800062107
2019-05-30,-0.006894665717264392
2019-05-31,0.010755312691441976
2019-06-03,0.0068936689418268166
2019-06-04,-0.00795785721721111
2019-06-05,0.013597365498415738
2019-06-06,0.0018674136321195
2019-06-07,-0.0011125591577332583
2019-06-10,-0.002798498874252633
2019-06-11,-0.002280501981378345
2019-06-12,0.0004842089985676601
2019-06-13,0.0080563553436961
2019-06-14,0.005005550863502367
2019-06-17,0.0012876248519055914
2019-06-18,0.004601894664137859
2019-06-19,0.0009311273472381951
2019-06-20,-0.0018149426252277562
2019-06-21,-0.003248999219542058
2019-06-24,0.001100589208269405
2019-06-25,0.006068204350451266
2019-06-26,-0.00011166677464319991
2019-06-27,0.0011481792486038947
2019-06-28,0.002721227801011775
2019-07-01,0.006617465515826167
2019-07-02,-0.0010407439030071354
2019-07-03,-0.0003083703735282835
2019-07-05,-0.0023899276760735505
2019-07-08,0.00046901962718822604
2019-07-09,-0.0008214777457781698
2019-07-10,-0.00626908280567629
2019-07-11,0.01098457257681825
2019-07-12,-0.002336334562081717
2019-07-16,-0.001414867537296199
2019-07-17,-0.001371509207799305
2019-07-18,0.013034171110765198
2019-07-19,-0.006878774452258176
2019-07-22,-0.0011302063312254003
2019-07-23,0.005358173134656392
2019-07-24,0.006998657305373591
2019-07-25,-0.002628727914805325
2019-07-26,0.0018930464264258627
2019-07-29,0.005247851504470083
2019-07-30,0.004121847407381134
2019-07-31,0.0011653294272308294
2019-08-01,0.006960111693444116
2019-08-02,0.01035621035267155
2019-08-05,0.0033363089116809456
2019-08-06,-0.006170592208890424
2019-08-07,0.002982564511801203
2019-08-08,0.004507903908001907
2019-08-09,0.012582403157643113
2019-08-13,0.01644214472379319
2019-08-14,-0.004602892830694946
2019-08-15,-0.006051708474351367
2019-08-16,-0.00039611912471665053
2019-08-19,-0.0066086076152019405
2019-08-20,0.00030177602772290006
2019-08-21,0.006889501530978176
2019-08-22,0.003934751957455403
2019-08-23,0.000445042403316
2019-08-26,0.002495101470485267
2019-08-27,0.0007349604164771918
2019-08-28,-0.0013127152107434367
2019-08-29,-0.0011592264859047866
2019-08-30,-0.004191957644837281
2019-09-03,-0.0023312357467840995
2019-09-04,0.0033525514615006086
2019-09-05,-0.00974083041660315
2019-09-06,0.0010213909477277427
2019-09-09,0.001440157186452073
2019-09-10,0.0019942808473053
2019-09-11,-0.007303217243348229
2019-09-12,-0.004175928986931943
2019-09-13,0.0041210884644417994
2019-09-17,0.0022830630482899303
2019-09-18,0.013581903668261768
2019-09-19,0.0013721285008203897
2019-09-20,-0.0029292725609862498
2019-09-24,0.0030658912117639495
2019-09-25,0.0037145529111701605
2019-09-26,-0.0006983240906937415
2019-09-27,-0.0028306705590175636
2019-09-30,-0.004320657493366183
2019-10-01,-0.0033100608347356
2019-10-02,-0.007274425335615946
2019-10-03,-0.00213005798034925
2019-10-04,0.00150562671966236
2019-10-07,-0.0018734445505436503
2019-10-08,-0.0052360112145952995
2019-10-09,-0.0037190739066478083
2019-10-10,-0.00025748133494375074
2019-10-11,0.0018433597437386897
2019-10-15,0.008913660135163044
2019-10-16,-0.0007108482762831535
2019-10-17,-0.0030913159782339755
2019-10-18,0.0010853069638483836
2019-10-21,-0.0015253619342588082
2019-10-23,-0.0057177913586580606
2019-10-24,0.00202214550054476
2019-10-25,0.00576295386233318
2019-10-28,-0.003084264190338167
2019-10-29,-0.00106534848057755
2019-10-30,0.004111396700486925
2019-10-31,0.0010681861541457002
2019-11-01,-0.00014645292063004983
2019-11-05,0.004095995482329134
2019-11-06,-0.00018708599428745492
2019-11-07,0.0019588703801648706
2019-11-08,0.015775142564241465
2019-11-11,-0.0052985286769650294
2019-11-12,0.00013718399068301883
2019-11-13,-0.0016544294871350268
2019-11-14,-0.0036241576378063
2019-11-15,0.00111428008966335
2019-11-18,-0.0036029335098757553
2019-11-19,-0.02029286323152485
2019-11-20,0.0013081057294761752
2019-11-21,-8.552162380509988e-05
2019-11-22,0.0034130413359389662
2019-11-25,-0.0004170042787319465
2019-11-26,-0.00246026805024082
2019-11-27,0.0010780044246221502
2019-11-29,-0.0027436998551374496
2019-12-02,-0.0002517642517157197
2019-12-03,0.0005587539408735602
2019-12-04,0.0041013291991764496
2019-12-05,-0.000835926390780135
2019-12-06,-0.0016080348930259999
2019-12-09,-0.0010873994146778164
2019-12-10,0.0042728356621594
2019-12-11,-0.0021850136969930093
2019-12-12,-0.0004325505468259501
2019-12-13,0.02152483325529921
2019-12-16,-0.005614658715985416
2019-12-17,-0.004160696296297933
2019-12-18,-0.0029309729873091437
2019-12-19,-8.78571557439995e-06
2019-12-20,0.0011480133708049833
2019-12-23,-0.002638140587082574
2019-12-24,0.00198361327686526
2019-12-26,0.00039221445320817514
2019-12-27,-0.0010188749418874917
2019-12-30,-0.00436183139391265
2020-01-06,9.334600283993338e-05
2020-01-07,-0.0007773419705977835
2020-01-08,0.005999868067026789
2020-01-09,0.003913799706470009
2020-01-10,-0.002480215677710533
2020-01-14,-0.0023340669170019914
2020-01-15,-0.0029575615967138797
2020-01-16,0.001861740573001425
2020-01-17,-0.00204740341635767
2020-01-21,-0.004231748845301766
2020-01-22,0.00610025951509126
2020-01-23,-0.0024689145257557076
2020-01-24,-0.0008946728051240573
2020-01-27,0.00280554140291366
2020-01-28,0.0045052452458052335
2020-01-29,-0.0035903181536398373
2020-01-30,-0.00037382704033646634
2020-01-31,0.0040327115416972665
2020-02-03,-0.0031556497076771304
2020-02-04,-0.004963790423960095
2020-02-05,-0.0065061145198712506
2020-02-06,-0.0031146414668188297
2020-02-07,0.004442361976839376
2020-02-10,-0.0023504444879672
2020-02-12,-0.002487870117791975
2020-02-13,0.0023662733693873422
2020-02-14,0.002236669776900485
2020-02-18,0.0062071364089654
2020-02-19,0.00468794331125482
2020-02-20,-0.0028254290389482335
2020-02-21,-0.0056613138608406
2020-02-25,0.0042346660529676665
2020-02-26,-0.005900043103892583
2020-02-27,0.006805621259240915
2020-02-28,-0.010063379647420625
2020-03-02,0.0021367801805020764
2020-03-03,-0.003115045127164283
2020-03-04,0.00665474653076999
2020-03-05,-0.004981391610392291
2020-03-06,0.005760447685019952
2020-03-09,0.005716764626721282
2020-03-10,0.003125231730035245
2020-03-11,0.012274044916443816
2020-03-12,0.0022617788309467514
2020-03-13,-0.02994622122152585
2020-03-16,0.006454174104682353
2020-03-17,0.011322493685650428
2020-03-18,-0.015871903777665317
2020-03-19,0.004831232011945374
2020-03-23,0.0038781037205224394
2020-03-24,-0.029241398921389605
2020-03-25,0.003098987958786466
2020-03-26,0.016097962751294152
2020-03-27,0.022155225659065948
2020-03-30,0.011596871218635618
2020-03-31,0.017581589466608746
2020-04-01,0.018660603923334917
2020-04-02,0.003940839420461336
2020-04-03,0.02465724038311539
2020-04-06,-0.025742294294305194
2020-04-07,-0.028446604491159
2020-04-08,0.020942877225233452
2020-04-09,-0.009394212688396016
2020-04-13,-0.009232575299797442
2020-04-14,-0.009076422034690399
2020-04-15,0.015534603502537438
2020-04-16,-0.010981023563894283
2020-04-17,-0.010002247561287508
2020-04-20,-0.0034632034632033496
2020-04-21,0.011615727444678075
2020-04-22,0.009960906545203941
2020-04-23,0.007733644356720283
2020-04-24,-0.006921625926958833
2020-04-27,-0.012727246928488067
2020-04-28,0.0020419002733292834
2020-04-30,0.014672232601451698
2020-05-01,0.024238160280305288
2020-05-07,0.003639739730553128
2020-05-08,-0.0015265394514839832
2020-05-11,-0.004351063689413892
2020-05-12,0.006149383507475079
2020-05-13,0.0015212922116146195
2020-05-14,0.011402066759024167
2020-05-15,0.00150741377732035
2020-05-18,0.012900999838089575
2020-05-19,-0.006398218570693483
2020-05-20,0.0018003599333786414
2020-05-21,0.0039626667461111495
2020-05-22,0.010638050602409275
2020-05-26,-0.010074162127315649
2020-05-27,0.021063647165904153
2020-05-28,0.002680560845570875
2020-05-29,0.010188140395189883
2020-06-01,-0.0023887795276497296
2020-06-02,-0.004292205779718583
2020-06-03,-0.0019228435755299002
2020-06-04,0.010646346401251684
2020-06-05,-0.023366889634225917
2020-06-08,-0.015792143574119934
2020-06-09,0.009392566889168383
2020-06-10,0.0008570095989461136
2020-06-11,0.031396594257683874
2020-06-12,-0.003420294089747278
2020-06-15,-0.0024209035744360338
2020-06-16,-0.0015849455531489268
2020-06-17,0.0033601593335738996
2020-06-18,0.002811278583053812
2020-06-19,-0.0015468983105248347
2020-06-22,-0.00033458136968431704
2020-06-23,0.00041873048096514995
2020-06-24,-0.0014437722350212987
2020-06-25,0.0016538851479614898
2020-06-26,0.01760647208294885
2020-06-29,-0.00133090771038246
2020-06-30,-0.010202638291448567
2020-07-01,0.005324481090868196
2020-07-02,0.002175978285898883
2020-07-06,-0.0081479950022228
2020-07-07,0.0028930353720520246
2020-07-08,0.0021168022442907006
2020-07-09,0.010951180672902015
2020-07-10,0.00420815855212797
2020-07-13,0.0013844394119312108
2020-07-14,-0.001013942732162355
2020-07-15,0.0048318908729530425
2020-07-16,0.0026328398707663398
2020-07-17,0.012568678671102375
2020-07-20,-0.009719655091033222
2020-07-21,-0.0007588077814113003
2020-07-22,0.007988291077043236
2020-07-27,-0.004291208962938451
2020-07-28,0.007520896921818667
2020-07-29,-0.0049182774018541086
2020-07-30,0.01609274349301361
2020-07-31,-0.008879977496582071
2020-08-03,0.005000899942635617
2020-08-04,-0.003624716083816015
2020-08-05,0.013313007141832185
2020-08-06,0.00018831465818995824
2020-08-07,-0.007228793157646159
2020-08-11,-0.009137509448693256
2020-08-12,-0.00933379844475159
2020-08-13,0.004988633584202858
2020-08-14,-0.0029749210525311653
2020-08-17,-0.0007202744158088335
2020-08-18,-0.0019617196835993666
2020-08-19,-0.006987627851277757
2020-08-20,-0.004486180890039564
2020-08-21,-0.0010181295641748086
2020-08-24,0.0076913921650891915
2020-08-25,0.0006026341669781402
2020-08-26,-0.00013952110767183334
2020-08-27,-0.003876117185728259
2020-08-28,-0.0016730071939111673
2020-08-31,0.0029307601581978404
2020-09-01,6.937572427434709e-06
2020-09-02,-0.00327987162043021
2020-09-03,-0.0014412885324989106
2020-09-04,0.0005048406269517426
2020-09-08,-0.00667251084572175
2020-09-09,-0.0020931525921572846
2020-09-10,-0.002657220256590139
2020-09-11,-0.007000272684006467
2020-09-14,-0.0017936629261059833
2020-09-15,0.00070663545623691
2020-09-16,0.0008344183612230547
2020-09-17,0.0016117614634401324
2020-09-18,-0.0074094876357807165
2020-09-23,0.005591639738925833
2020-09-24,0.003366240676715984
2020-09-25,-0.0022762123187849643
2020-09-28,-0.003334289097389585
2020-09-29,-0.003927335155212
2020-09-30,0.0013657753385978664
2020-10-02,-0.002786986640971734
2020-10-05,0.0013839011388946092
2020-10-06,0.002047810686069025
2020-10-07,-0.0006291248542198951
2020-10-08,0.0
2020-10-09,-0.0026992131617931342
2020-10-12,-0.00411511523871385
2020-10-13,-7.737808120166509e-05
2020-10-14,0.002927271905677085
2020-10-15,0.003600051688027277
2020-10-16,0.0009392192946252585
2020-10-19,-0.008215249880255075
2020-10-20,0.0017254248495945047
2020-10-21,0.00788811043825835
2020-10-22,-0.0031951410835520696
2020-10-23,0.0026190658707365335
2020-10-26,-0.0009289021652502459
2020-10-27,0.002048282617648678
2020-10-28,0.0020613594049362655
2020-10-29,0.000195127048564849
2020-10-30,0.005469533339716667
2020-11-02,0.008573098583812687
2020-11-04,-0.0014849487043285575
2020-11-05,-0.0029710112735817406
2020-11-06,0.00486790393401151
2020-11-09,0.013041824356325716
2020-11-10,0.03218882735796086
2020-11-11,-0.0018298843883200384
2020-11-12,0.008421135478212603
2020-11-13,0.003636929701240499
2020-11-16,-0.00621795633258957
2020-11-17,0.00038708468679189006
2020-11-18,0.003968720260161233
2020-11-19,-0.0023194036770823687
2020-11-20,-0.007703820634910429
2020-11-24,0.0018916857281113734
2020-11-25,0.0005283742094625487
2020-11-27,0.008704085305151384
2020-11-30,0.01618360784936595
2020-12-01,0.0126655127468368
2020-12-02,-0.0038309404593855735
2020-12-03,-0.005364650951250908
2020-12-04,0.009139624971970225
2020-12-07,-0.014500558840135073
2020-12-08,0.009304263399474925
2020-12-09,0.006026632369666834
2020-12-10,-0.006822925735303532
2020-12-11,-0.010852126309091558
2020-12-14,-0.0019074896102237835
2020-12-15,-0.0011614022345002662
2020-12-16,0.0026498589862221904
2020-12-17,0.00600856867924198
2020-12-18,-0.0037878833209905836
2020-12-21,0.0043744059216609425
2020-12-22,-0.011120847766243601
2020-12-23,0.005660512368495234
2020-12-24,-0.00337920161378956
2020-12-28,-0.004007474408411529
2020-12-29,0.0017161229976121947
2020-12-30,-0.003071204198622726
2021-01-04,-0.00939991727652318
2021-01-05,0.00451772701267065
2021-01-06,-0.0055804423643208804
2021-01-07,0.0136883765569125
2021-01-08,0.0030904999275428893
2021-01-12,-0.019804481121180193
2021-01-13,-0.0025552067762576493
2021-01-14,-0.01123920944886579
2021-01-15,-0.004964406740841434
2021-01-19,-0.0072806528795614335
2021-01-20,0.00586215627644275
2021-01-21,0.0005117250263578003
2021-01-22,0.0018087537960734161
2021-01-25,-0.006946640505727984
2021-01-26,-0.0051798313544571505
2021-01-27,0.0031395918709785
2021-01-28,0.004923932771968719
2021-01-29,-0.00930871447848556
2021-02-01,0.0200153160016098
2021-02-02,-0.0034198101625357077
2021-02-03,-0.016469921881448274
2021-02-04,0.0038104154085407964
2021-02-05,-0.003583941291237491
2021-02-08,0.0037874509367153263
2021-02-09,-0.011616886515516765
2021-02-10,0.006583301784202684
2021-02-12,0.00661243966891559
2021-02-16,-0.003683106091068184
2021-02-17,0.010649261234685443
2021-02-18,-0.014254932317106912
2021-02-19,0.024154000063716898
2021-02-22,0.015586588723903675
2021-02-24,0.010213484476357858
2021-02-25,-0.0018025807110117844
2021-02-26,-0.02598107463911086
2021-03-01,-0.008417420021242582
2021-03-02,-0.0014564488504639744
2021-03-03,0.0015298690491795828
2021-03-04,-0.0019070863207970709
2021-03-05,-0.0013648947203719168
2021-03-08,0.004469823771931886
2021-03-09,0.007410827851428413
2021-03-10,-0.002038000635432342
2021-03-11,-0.0022714968307805347
2021-03-12,0.004635885351758501
2021-03-15,0.010321292164517526
2021-03-16,-0.0005784409502243336
2021-03-17,-0.002176083765054933
2021-03-18,0.006738207592102382
2021-03-19,0.004155030785528551
2021-03-22,0.0221276328765399
2021-03-23,0.0016290052606411
2021-03-24,-0.00042434890462340023
2021-03-25,-0.0009569111748220591
2021-03-26,-0.0015713414769290353
2021-03-29,-0.01027840376179652
2021-03-30,-0.01024889213332955
2021-03-31,0.004182288161556442
2021-04-01,0.005788739134767448
2021-04-05,0.012570579121653637
2021-04-06,0.002078711820956664
2021-04-07,0.016369956609293
2021-04-08,0.01708160406274465
2021-04-09,-0.0002015103803115507
2021-04-12,0.0058536881932295184
2021-04-13,0.02073682582076215
2021-04-14,-0.0071028463207378
2021-04-15,0.005025364581258366
2021-04-16,-0.0031137514981097836
2021-04-19,-0.004690841770216567
2021-04-20,0.004242217175892704
2021-04-21,0.0020172556801431336
2021-04-22,-0.00263251521483833
2021-04-23,-0.002017280727925217
2021-04-26,0.0034940775071860115
2021-04-27,0.004016865194710105
2021-04-28,-0.0018439899271713671
2021-04-30,0.0020828887347189365
2021-05-06,0.011325475803288127
2021-05-07,-0.0005069945786121328
2021-05-10,-0.0014766400351807945
2021-05-11,0.006595581200195577
2021-05-12,-0.0008273838415479608
2021-05-13,0.011649713633879497
2021-05-14,-0.0002908302797446651
2021-05-17,0.011744088438501832
2021-05-18,0.006276754239514133
2021-05-19,0.0013195541439371666
2021-05-20,-0.009753943185998322
2021-05-21,-0.005634782968518588
2021-05-24,-0.001302113117319999
2021-05-25,-0.003819524569632358
2021-05-26,-0.011173520965599997
2021-05-27,0.0184421561744409
2021-05-28,0.0015676685760820496
2021-06-01,0.004978683251966722
2021-06-02,-0.002221690961021209
2021-06-03,-0.000502001053607897
2021-06-04,-0.0009024354993354565
2021-06-07,-0.0034251639469723948
2021-06-08,-0.003909918917570639
2021-06-09,2.299970272278372e-05
2021-06-10,-0.0010687306339554334
2021-06-11,-0.005585840586095942
2021-06-14,-0.0008482607375672937
2021-06-15,-0.004252455857020471
2021-06-16,-0.002431766974316265
2021-06-17,-0.0001371585612461746
2021-06-18,-0.004974250532967829
2021-06-21,0.0013721922036027652
2021-06-22,0.004217130943065775
2021-06-23,-0.00988689357719331
2021-06-24,-0.0072838513723166715
2021-06-25,-0.00500964433775025
2021-06-28,-0.0011816146443410502
2021-06-29,-0.004355239885883534
2021-06-30,0.002053909368464218
2021-07-01,0.0031725666969048332
2021-07-02,-0.0036652917070278336
2021-07-06,0.007431063616503297
2021-07-07,-0.001753333204283935
2021-07-08,0.005058089399351744
2021-07-09,0.004195071640565628
2021-07-12,-0.0038283120889580336
2021-07-13,0.0006190087206977305
2021-07-14,-0.003601718738542891
2021-07-15,-0.0006383898499927043
2021-07-16,7.403911037829215e-05
2021-07-19,-0.0008097971354431798
2021-07-20,-0.0033137024069176497
2021-07-21,-0.004346595357166867
2021-07-26,-0.006085526840466
2021-07-27,-0.0031169970904362837
2021-07-28,0.000563223993997965
2021-07-29,-0.0012071002095197167
2021-07-30,-0.0039462401185236
2021-08-02,0.006019326216775391
2021-08-03,0.0023773761020307407
2021-08-04,0.0026262178789700497
2021-08-05,0.00016253841195994646
2021-08-06,-0.0024992928334813752
2021-08-10,0.00837440542371208
2021-08-11,-0.0026029251395526254
2021-08-12,-0.003708919990827155
2021-08-13,-0.00542957825446051
2021-08-16,-0.003811418591155382
2021-08-17,-0.0027150209434871255
2021-08-18,-0.0009546367585449669
2021-08-19,0.008858221042530116
2021-08-20,-0.01004491901973811
2021-08-23,0.0024572294499364856
2021-08-24,0.0003889138003092532
2021-08-25,0.0005907714327410032
2021-08-26,-3.28939608248203e-05
2021-08-27,0.0030950024146279556
2021-08-30,-0.003452787529861331
2021-08-31,-0.0034905912275591745
2021-09-01,-0.003492368495257745
2021-09-02,-0.00604228651419295
2021-09-03,0.005135897399151233
2021-09-07,-0.003582420531470784
2021-09-08,-0.003185586861594197
2021-09-09,-0.0021210521583368844
2021-09-10,0.0008274288509864565
2021-09-13,-0.0007609467589434057
2021-09-14,9.823254103105868e-05
2021-09-15,-0.0025042911965634466
2021-09-16,-0.0017989361276492012
2021-09-17,-0.004547865331884154
2021-09-21,-0.004785266983366396
2021-09-22,-0.003859220465223391
2021-09-24,-0.012056847271998884
2021-09-27,-0.004190572780052
2021-09-28,0.0003224819543729499
2021-09-29,-0.0087710799016486
2021-09-30,0.001520604062183694
2021-10-01,0.003091251856978337
2021-10-04,-0.01324579157937198
2021-10-05,0.004740026618445933
2021-10-06,-0.00020153424256548133
2021-10-07,0.0030812122959733832
2021-10-08,0.0007726056703984585
2021-10-11,0.01947955831516155
2021-10-12,0.0113304159695662
2021-10-13,-0.0036004683821735982
2021-10-14,-0.006604197097387202
2021-10-15,-0.0008832418216045664
2021-10-18,0.01687898286429815
2021-10-19,-0.006814213744157766
2021-10-20,-0.014309358639700884
2021-10-21,0.0013003132631238343
2021-10-22,-0.0008779697474560833
2021-10-25,-0.006961491558108617
2021-10-26,-0.0031956243573732905
2021-10-27,0.0013173650107044
2021-10-28,-0.0061288766198599335
2021-10-29,-0.000735118858513825
2021-11-01,0.004693351462289127
2021-11-02,0.003229180957171859
2021-11-04,0.0053840209431053
2021-11-05,-0.004066432538596626
2021-11-08,0.0024634242731782826
2021-11-09,-0.0050489188149640835
2021-11-10,0.004970906204453991
2021-11-11,0.0005463709314108447
2021-11-12,0.005756158846226626
2021-11-15,0.0017480200558844668
2021-11-16,0.004003656642289609
2021-11-17,-0.0009439321349069048
2021-11-18,-0.0028127438196764503
2021-11-19,0.0007028640501136173
2021-11-22,-0.004768793508470081
2021-11-24,-0.0035517392906039167
2021-11-26,-0.0030730719195676236
2021-11-29,-0.005281529786212175
2021-11-30,0.006503501725531095
2021-12-01,0.0019441619900421071
2021-12-02,-0.012505353207455997
2021-12-03,-0.011425701505834333
2021-12-06,-0.008601317222682682
2021-12-07,0.0034422441916909484
2021-12-08,0.001493276349316835
2021-12-09,-0.0017514007388642083
2021-12-10,-0.006685567174365473
2021-12-13,0.000728982666335717
2021-12-14,-0.00444989497667755
2021-12-15,0.008586730368791526
2021-12-16,-0.0032127881138673173
2021-12-17,0.004729531218350986
2021-12-20,-0.004096122121415727
2021-12-21,-0.002414658526154815
2021-12-22,-5.759397071116064e-05
2021-12-23,-0.0019246632585322833
2021-12-27,-0.0033500516689981335
2021-12-28,-0.0002259866454602513
2021-12-29,0.003071168216112144
2021-12-30,-0.0014374235991229912
2022-01-04,0.003118054841532935
2022-01-05,0.010163138991359734
2022-01-06,-0.001347610734182901
2022-01-07,0.003939284681949401
2022-01-11,-0.013172552675664535
2022-01-12,0.0007283809927005527
2022-01-13,0.014416422350970294
2022-01-14,0.00256232705094939
2022-01-18,0.0008340850630864736
2022-01-19,-0.003452543621246402
2022-01-20,-0.0016088562149488457
2022-01-21,-0.00771869067212229
2022-01-24,0.010735120260477748
2022-01-25,-0.0007774728630748403
2022-01-26,0.0016524481918731306
2022-01-27,0.014722473899361373
2022-01-28,0.01618550891256277
2022-01-31,-0.0013355106473772506
2022-02-01,-0.0013323030188966654
2022-02-02,0.005223116357514412
2022-02-03,-0.00257983963651285
2022-02-04,0.0021590034864205757
2022-02-07,-0.00550777005981888
2022-02-08,0.021399327090619064
2022-02-09,-0.00249558991562575
2022-02-10,-0.00125784740479795
2022-02-14,0.0040285968191807525
2022-02-15,-0.007525551087969975
2022-02-16,-0.00239316243987145
2022-02-17,0.004681896462831627
2022-02-18,-0.0011972867567763648
2022-02-22,-0.0024587002668282516
2022-02-24,0.004816747929152599
2022-02-25,0.0073911712796208996
2022-02-28,0.016387464732566775
2022-03-01,0.002098670446518917
2022-03-02,0.0021683714939357574
2022-03-03,0.0067523561978276
2022-03-04,-0.0015693748798183069
2022-03-07,0.001028305960905581
2022-03-08,-0.01669973208397728
2022-03-09,0.0022689122176711065
2022-03-10,-0.007388954669560833
2022-03-11,0.0062387322050353
2022-03-14,0.0025675109533343098
2022-03-15,-0.019726493900549542
2022-03-16,0.00891838401255283
2022-03-18,0.0052977052367376
2022-03-22,0.0292765016775973
2022-03-23,0.01370182118244135
2022-03-24,-0.013096161368014624
2022-03-25,0.000980271659808575
2022-03-28,-0.000259250145110686
2022-03-29,-0.004672688402363194
2022-03-30,0.014444292791350996
2022-03-31,-0.00448285669178352
2022-04-01,-0.0011813760235226886
2022-04-04,-0.0012068301949008705
2022-04-05,-0.00682570533842455
2022-04-06,0.000118576009538786
2022-04-07,0.0034356045324370112
2022-04-08,-0.00014945500533091773
2022-04-11,0.0044879039601180195
2022-04-12,0.008962489734061914
2022-04-13,-0.0010295459068000536
2022-04-14,-0.001256689172408199
2022-04-18,-0.00010354947418138088
2022-04-19,0.0017842529859991472
2022-04-20,-0.0021685311494358405
2022-04-21,-0.00934293806066091
2022-04-22,-0.007466818247483986
2022-04-25,-0.006821544973203995
2022-04-26,-0.0026360646927589336
2022-04-27,-0.0033784642901251334
2022-04-28,0.002793138634995534
2022-05-02,4.35126411680916e-05
2022-05-06,-0.00035720828007551695
2022-05-09,-0.003198608095657019
2022-05-10,0.0011554846953045332
2022-05-11,-0.014658981503456452
2022-05-12,-0.003222607364415134
2022-05-13,0.00014329626460565098
2022-05-16,0.005475039298038779
2022-05-17,-0.0011156439091763596
2022-05-18,0.0029013498558912955
2022-05-19,0.0020724466475236757
2022-05-20,-0.0054127525436047895
2022-05-23,0.00613895372686161
2022-05-24,0.0005977114044197034
2022-05-25,0.0047809847168591045
2022-05-26,-0.006308835825711026
2022-05-27,0.00018256918524894167
2022-05-31,0.0024157397679795346
2022-06-01,-0.003512281576084451
2022-06-02,-0.0007576072071654805
2022-06-03,-0.003359901688233425
2022-06-06,0.001668585130223034
2022-06-07,-0.010916023978016567
2022-06-08,0.009990365255948201
2022-06-09,-0.005914966981494659
2022-06-10,-0.01116633092686604
2022-06-13,0.0001212436525677373
2022-06-14,-0.006261072451444773
2022-06-15,-0.003420394063340366
2022-06-16,0.009703450403661941
2022-06-17,0.00243903938666029
2022-06-21,-0.004749631313455735
2022-06-22,0.0064427847063667
2022-06-23,0.006774919312977984
2022-06-24,0.007703930817596983
2022-06-27,-0.002924877266440049
2022-06-28,0.00754129236869333
2022-06-29,0.0011899435575267543
2022-06-30,0.00707299476372099
2022-07-01,-0.005375114035944321
2022-07-05,0.003095654335421159
2022-07-06,-0.023483896115920253
2022-07-07,-0.0029771929027867508
2022-07-08,0.0009744090562222416
2022-07-11,0.009845367592440766
2022-07-12,0.007576632356354904
2022-07-13,0.0022881167311864297
2022-07-14,-0.0031544028696243566
2022-07-15,-0.0027072690088852753
2022-07-19,-0.005066459348276981
2022-07-20,-0.006258612802939609
2022-07-21,0.0026091123450150346
2022-07-22,-0.0009496964344199652
2022-07-25,0.0028282533719704876
2022-07-26,-0.00641209465819928
2022-07-27,-0.003411555474963556
2022-07-28,0.009745432186322416
2022-07-29,0.002197535018257265
2022-08-01,0.0031097401961569376
2022-08-02,0.0023712078209218584
2022-08-03,-0.0017440020617008997
2022-08-04,0.003997152790083022
2022-08-05,-0.0022690565083576895
2022-08-08,-0.009853897069772131
2022-08-09,0.0023734350679584723
2022-08-10,0.0009734131582595496
2022-08-12,0.005250067460796195
2022-08-15,-0.0023138982685818868
2022-08-16,-0.00148668116444387
2022-08-17,-0.0019356756941612905
2022-08-18,-0.0007823865671663498
2022-08-19,0.006780380270164239
2022-08-22,0.003653282522088789
2022-08-23,0.00076599387077486
2022-08-24,0.004152731224088331
2022-08-25,0.0019600460884006106
2022-08-26,0.003398475755422019
2022-08-29,0.003546520148214099
2022-08-30,-0.0014640952666649994
2022-08-31,-0.004274536391054835
2022-09-01,-0.004455749469635327
2022-09-02,-0.002001141565566105
2022-09-06,-0.005200521577094541
2022-09-07,-0.0022181497565355746
2022-09-08,0.003829354847920711
2022-09-09,0.0017633023941582091
2022-09-12,-0.0009843670780066253
2022-09-13,0.00585233567262104
2022-09-14,0.0057890788400663
2022-09-15,0.002907562981414483
2022-09-16,0.0033311136779579902
2022-09-20,-0.002888644253909087
2022-09-21,0.0013368892255216681
2022-09-22,-0.0015168822925244246
2022-09-26,0.018046061248402454
2022-09-27,0.0036588522037118544
2022-09-28,-0.003911071900959793
2022-09-29,-0.010627016677234868
2022-09-30,0.010166843943454823
2022-10-03,-0.019408073830179073
2022-10-04,0.007108442507306483
2022-10-05,-0.0003625037123942583
2022-10-06,-0.002167772801779066
2022-10-07,-0.004769822519220731
2022-10-11,0.008233657356642094
2022-10-12,0.013134401345955896
2022-10-13,-0.001783311853052476
2022-10-14,-0.007495667353853517
2022-10-17,-0.0037433694693731
2022-10-18,0.004347811593915224
2022-10-19,0.0033545850867414163
2022-10-20,-0.0004855153796786122
2022-10-21,-0.0073326596960866745
2022-10-24,-3.050891847285013e-05
2022-10-25,-0.0010035705316198164
2022-10-26,0.001741756697520483
2022-10-27,-0.009718214047921173
2022-10-28,-0.0020076334255511355
2022-10-31,0.004957704636216776
2022-11-01,0.010547446805804125
2022-11-02,-0.004752324850673859
2022-11-04,-0.0012001011874517168
2022-11-07,0.00856224262069505
2022-11-09,-0.0118439894243177
2022-11-10,0.0032756649051489243
2022-11-11,-0.0055883226827482
2022-11-14,-0.013007157609703973
2022-11-15,0.014145270939376885
2022-11-16,0.004637571396666349
2022-11-17,0.01082707379310368
2022-11-18,-0.004380275501405864
2022-11-21,0.0011699908577284606
2022-11-22,0.0029556599477939365
2022-11-25,-0.0007867208439312177
2022-11-28,-0.0007996093376883015
2022-11-29,0.004089113127226859
2022-11-30,0.010618475138231318
2022-12-01,-0.003542878720139586
2022-12-02,0.0033636870580762684
2022-12-05,0.002967803957048473
2022-12-06,-7.440151538888476e-05
2022-12-07,0.0008992614399408582
2022-12-08,0.00573937475904061
2022-12-09,0.001243264577378971
2022-12-12,-0.0011337756367725805
2022-12-13,-0.00385063998794975
2022-12-14,0.003488607578066066
2022-12-15,-0.003653204179696495
2022-12-16,0.010416219508062074
2022-12-19,0.00492864883186976
2022-12-20,0.0037079253530330498
2022-12-21,-0.00322662485020556
2022-12-22,-0.0038625247893073643
2022-12-23,0.006670827932209713
2022-12-27,0.00037378308733558335
2022-12-28,-0.002498619690756233
2022-12-29,-0.0055129221942266165
2022-12-30,-0.003280909763507855
2023-01-04,-0.005238630604021685
2023-01-05,-0.005658565791586366
2023-01-06,-0.010906470553657033
2023-01-10,-0.006597582078449883
2023-01-11,0.0002506583166186501
2023-01-12,0.025977331118193007
2023-01-13,-0.0006632318082702587
2023-01-17,0.012222828710459474
2023-01-18,-0.006935500555733153
2023-01-19,-0.0016036104223717965
2023-01-20,-0.004624238014984867
2023-01-23,-0.0003679341573014
2023-01-24,-0.002815931603781359
2023-01-25,-0.0017210129912268051
2023-01-26,0.001212250800766014
2023-01-27,0.00730479482265199
2023-01-30,-0.00022234239608995635
2023-01-31,0.008415950249768621
2023-02-01,0.007968337043847449
2023-02-02,0.007192063982514726
2023-02-03,0.003353299785019592
2023-02-06,0.0017837763072830835
2023-02-07,0.00991850388273496
2023-02-08,-0.0018910101165237167
2023-02-09,-0.003226232678030576
2023-02-10,0.0034820592820097064
2023-02-13,0.0018842233526165054
2023-02-14,0.0015603450408372501
2023-02-15,-0.004648278138490443
2023-02-16,0.0008599943430698997
2023-02-17,0.00041310546891713514
2023-02-21,0.005080427327573467
2023-02-22,0.0008358437542125164
2023-02-24,0.006518904136244516
2023-02-27,0.004278511291616745
2023-02-28,-0.008093430672334433
2023-03-01,-0.0031040860914234823
2023-03-02,-0.0009337188041325497
2023-03-03,-0.005330849831895116
2023-03-06,0.0024314698485326915
2023-03-07,0.005097809173271416
2023-03-08,0.007467889240652883
2023-03-09,-0.00013235419117722975
2023-03-10,-0.004563221467361166
2023-03-13,-0.0003006460303545703
2023-03-14,-0.0029334722652534237
2023-03-15,0.004506500488831895
2023-03-16,-0.0020969240686104836
2023-03-17,-0.0037697659389506998
2023-03-20,0.001827721566077049
2023-03-22,0.00510369129233537
2023-03-23,-0.004038963875748001
2023-03-24,-0.008836750874702332
2023-03-27,-0.008025128380105818
2023-03-28,0.0029831286005598434
2023-03-29,-0.0038442112028093146
2023-03-30,-0.004972023226087715
2023-03-31,0.00133163243326434
2023-04-03,-0.0031643578907543054
2023-04-04,0.0013323202974512415
2023-04-05,-0.0023688088726115976
2023-04-06,-0.008617795033189293
2023-04-10,-0.00245774986725177
2023-04-11,0.006471222707663066
2023-04-12,0.0007053799177141346
2023-04-13,-0.0034312562539801296
2023-04-14,0.011452145712386234
2023-04-17,0.00168129245661132
2023-04-18,0.0005093831445053352
2023-04-19,-0.015166970390150844
2023-04-20,-0.0032487789947042997
2023-04-21,-0.00144007591406165
2023-04-24,-0.00533912215558289
2023-04-25,-0.005973470989351255
2023-04-26,0.00815815938178723
2023-04-27,-0.007371423859494719
2023-04-28,0.008255933354240814
2023-05-01,0.00578600261784676
2023-05-02,-0.0057401470205700154
2023-05-08,0.0019551818212642084
2023-05-09,-0.007033452557191933
2023-05-10,0.0014858304927593859
2023-05-11,-0.003254232452469085
2023-05-12,-0.00217254507282642
2023-05-15,0.007064012441007442
2023-05-16,0.006986763268984
2023-05-17,-0.005872778144140833
2023-05-18,-0.004599575408483349
2023-05-19,0.004272861802595165
2023-05-22,0.011441768764569107
2023-05-23,0.0006782474158461699
2023-05-24,-0.00585798006523152
2023-05-25,0.0024238675434473996
2023-05-26,0.00878935616778321
2023-05-30,0.00220086958227495
2023-05-31,-0.007185261018669314
2023-06-01,0.0027670076539627417
2023-06-02,-0.004660337760538799
2023-06-05,-0.002392755108553255
2023-06-06,-0.008356749595106969
2023-06-07,0.0020388638177612356
2023-06-08,0.006044787587799749
2023-06-09,0.004551432246968716
2023-06-12,0.0069270886286001004
2023-06-13,0.009047051556142596
2023-06-14,0.0002168948556976304
2023-06-15,0.0037639049659692085
2023-06-16,-0.0010359065728425352
2023-06-20,-0.005116751526403717
2023-06-21,0.005484911237752632
2023-06-22,-9.294609340700999e-05
2023-06-23,-0.005124350037443909
2023-06-26,-0.000257263285466308
2023-06-27,0.008487114871452671
2023-06-28,0.0013501094881239115
2023-06-29,-0.0004985868818591505
2023-06-30,0.0003389099780670996
2023-07-03,0.001486259131450716
2023-07-05,0.004007280806815006
2023-07-06,0.005060622667136115
2023-07-07,0.0012618260486663999
2023-07-10,0.004704455198343367
2023-07-11,-0.005209705159807984
2023-07-12,-0.005846204669591598
2023-07-13,-0.0031670739442930048
2023-07-14,8.055942865963991e-06
2023-07-18,0.007473857657978483
2023-07-19,-0.0013869562309287127
2023-07-20,0.00010597135100582581
2023-07-21,-0.0022007671371276965
2023-07-24,0.004097757851238235
2023-07-25,0.010019194966213467
2023-07-26,-0.002469516608976595
2023-07-27,0.005366265859697769
2023-07-28,-0.014847492143793774
2023-07-31,0.0037981355179186253
2023-08-01,0.002779695743407492
2023-08-02,0.00446403325874953
2023-08-03,-0.002967652590417566
2023-08-04,0.006914572716312653
2023-08-07,-0.0026697981026686923
2023-08-08,-0.011127737771943055
2023-08-09,-0.011699514442435385
2023-08-10,0.007651931473052268
2023-08-14,-0.005279923685289683
2023-08-15,0.0029281971121270602
2023-08-16,0.002386563105195251
2023-08-17,0.004122536198938955
2023-08-18,-0.0027096309062281452
2023-08-21,0.0007145708213484548
2023-08-22,0.00661348148161795
2023-08-23,0.0017153970531654855
2023-08-24,-0.002855874747170367
2023-08-25,0.0015298750380320788
2023-08-28,0.003925836025500118
2023-08-29,-0.00043612388689186687
2023-08-30,0.00389528324554696
2023-08-31,0.0019173283285428252
2023-09-01,0.0032819566489034084
2023-09-05,0.001731989779047795
2023-09-06,-0.0056510595566476845
2023-09-07,-0.0034495064008563093
2023-09-08,0.00018110992146281799
2023-09-11,-0.0017104906971516058
2023-09-12,-0.007546820013450518
2023-09-13,-0.0007070028284783853
2023-09-14,0.0006362037816368569
2023-09-15,-0.0013647531746048501
2023-09-19,0.003921994255350415
2023-09-20,-0.009567221841716631
2023-09-21,0.008258507341513954
2023-09-22,0.0001907015875843238
2023-09-25,-0.012181252891748843
2023-09-26,0.0052432008549040485
2023-09-27,-0.0024428314328597826
2023-09-28,0.004828059337184782
2023-09-29,-0.007681636972991348
2023-10-02,0.0022221062807677872
2023-10-03,-0.01771287927154177
2023-10-04,-0.015115517306162101
2023-10-05,0.008938874568669812
2023-10-06,0.005346119876155358
2023-10-10,-0.005539989802438467
2023-10-11,-0.0022542944582578496
2023-10-12,0.005999917310837691
2023-10-13,-0.005271170687386303
2023-10-16,-0.000634813614808433
2023-10-17,0.00128823458132294
2023-10-18,-0.003479397593344585
2023-10-19,0.003764693236638692
2023-10-20,0.00027601299654849516
2023-10-23,0.0002288493216223333
2023-10-24,-0.00229642883172363
2023-10-25,0.007780531049519767
2023-10-26,0.0023534842427065453
2023-10-27,-0.003987028543853075
2023-10-30,-0.005523854548196692
2023-10-31,0.011795276630475304
2023-11-01,0.004758666100020082
2023-11-02,-0.00818245579005875
2023-11-06,-0.003368290453596999
2023-11-07,-0.0009941054444892582
2023-11-08,-0.015933606984847026
2023-11-09,0.007385620767204633
2023-11-10,0.006084149080309694
2023-11-13,0.0042668495493200995
2023-11-14,0.003742626522741456
2023-11-15,-0.002456503813465366
2023-11-16,0.0042018943475566695
2023-11-17,-0.010573829345406717
2023-11-20,-0.005322148721262633
2023-11-21,-0.00592470920066665
2023-11-22,-0.00044023783333278343
2023-11-24,0.0006001902750867
2023-11-27,0.00952842998842114
2023-11-28,-0.0037799289614105524
2023-11-29,-0.015452350753811099
2023-11-30,-0.0012833936028620553
2023-12-01,8.11643112198922e-05
2023-12-04,-0.0049251418515805
2023-12-05,0.0038114984182785754
2023-12-06,0.0026564206693679582
2023-12-07,0.01466650914871006
2023-12-08,-0.00050110215515679
2023-12-11,0.0015906719900433412
2023-12-12,0.0005651643131523157
2023-12-13,0.0032982504971149173
2023-12-14,-0.009306419500087593
2023-12-15,-0.007720054236455866
2023-12-18,-0.00046414659310000674
2023-12-19,-0.00311722701434783
2023-12-20,-0.002689136263902925
2023-12-21,0.007898166036163109
2023-12-22,-0.010699244460724875
2023-12-26,0.002068802349730034
2023-12-27,-0.0016733360602031655
2023-12-28,-0.0034811783333123167
2023-12-29,-0.001576434016822224
2024-01-04,-0.010201408697813647
2024-01-05,-0.006773617498890517
2024-01-09,0.006971444379043783
2024-01-10,0.005509709559956516
2024-01-11,-0.004129540551021991
2024-01-12,0.011003090168282218
2024-01-16,0.010650360555617654
2024-01-17,-0.0006703322755396797
2024-01-18,-0.0033723218651160337
2024-01-19,0.002944031166123573
2024-01-22,0.0017945881604540673
2024-01-23,-0.00018312612264674046
2024-01-24,0.002824636140616724
2024-01-25,0.004848386432065407
2024-01-26,-0.000852056186350824
2024-01-29,-0.003173126349640067
2024-01-30,0.007489400589561855
2024-01-31,-0.01135866108161622
2024-02-01,0.00111603158387234
2024-02-02,0.005648196219075765
2024-02-05,-0.02995300343452515
2024-02-06,0.011263437030408652
2024-02-07,0.0071078250112478
2024-02-08,0.0001430606577722932
2024-02-09,0.0010173138844546401
2024-02-13,0.007682247101378253
2024-02-14,-0.006479974004924545
2024-02-15,0.008308786343298034
2024-02-16,-0.005822501684962912
2024-02-20,-0.004193416146838796
2024-02-21,-0.002985969331465159
2024-02-22,-0.003574630758570183
2024-02-26,0.0003289973151702247
2024-02-27,0.007265961362426413
2024-02-28,-0.004454063189306533
2024-02-29,-8.873558560442514e-05
2024-03-01,0.01319441717794795
2024-03-04,0.0029859399727638
2024-03-05,-0.0006572425968807173
2024-03-06,-0.0035008782069139675
2024-03-07,-0.005078980080220568
2024-03-08,0.002685163637213749
2024-03-11,-0.014991175502771417
2024-03-12,0.0011662030395757838
2024-03-13,-0.006161150466278428
2024-03-14,-0.003492987313682191
2024-03-15,-0.0072105726462776965
2024-03-18,-0.0015698247964347082
2024-03-19,0.017503197557930814
2024-03-21,-0.005967998113440775
2024-03-22,-0.00750401348527153
2024-03-25,-0.009876130879564005
2024-03-26,-0.006544758243633625
2024-03-27,-0.0010203935017938249
2024-03-28,0.013518911049039085
2024-04-01,-0.002061616112321569
2024-04-02,0.00851849704683365
2024-04-03,0.008095001188282209
2024-04-04,-0.004962772335912467
2024-04-05,0.00495252825863351
2024-04-08,-0.0019168398063381302
2024-04-09,0.011641064350323143
2024-04-10,0.0042633062972311205
2024-04-11,0.00932266645532178
2024-04-12,-0.004375474378193641
2024-04-15,0.01514541832539036
2024-04-16,-0.01336089506863436
2024-04-17,-0.013612530063301716
2024-04-18,0.010723574440123066
2024-04-19,0.012487389204332944
2024-04-22,-0.000807348278991867
2024-04-23,-0.00024178997722822029
2024-04-24,0.00690660898842985
2024-04-25,-0.0041020976585246826
2024-04-26,0.0033115851003595637
2024-04-30,0.003027017566192898
2024-05-01,0.0007743768607532766
2024-05-02,0.0061292907125117865
2024-05-07,0.004365199287262848
2024-05-08,-0.002535273705328172
2024-05-09,-0.006729559304578501
2024-05-10,0.0007942925420778273
2024-05-13,-2.2157351480616393e-05
2024-05-14,-0.00029607655481127504
2024-05-15,0.0013289895848096248
2024-05-16,-0.0009294950972381488
2024-05-17,0.008076885436546818
2024-05-20,0.008745764039342335
2024-05-21,0.0011109076762505
2024-05-22,-0.0010593695131777998
2024-05-23,0.00021043002768951534
2024-05-24,0.006009459986975805
2024-05-28,0.0019362697215971002
2024-05-29,-0.007176443474098848
2024-05-30,0.0021509286727711295
2024-05-31,0.008417342591534297
2024-06-03,0.005210934796532
2024-06-04,0.0012926239831309162
2024-06-05,-0.001896464903850958
2024-06-06,-0.005973307549035466
2024-06-07,0.00802308087103835
2024-06-10,0.0013562021972589166
2024-06-11,-0.00473013119707294
2024-06-12,0.0046506106003394165
2024-06-13,0.014500390106271684
2024-06-14,0.004972112341196327
2024-06-17,-0.0041915582315181586
2024-06-18,-0.0040344178037177835
2024-06-20,-0.0006007183586344535
2024-06-21,-0.00459124809223533
2024-06-24,-0.003055297686752542
2024-06-25,0.006401759358063745
2024-06-26,0.0034624382335528238
2024-06-27,-0.002256724237475733
2024-06-28,0.0019983455413886088
2024-07-01,-0.0012298940962904331
2024-07-02,0.0045584981807915825
2024-07-03,-0.0053302292512006555
2024-07-05,-0.004500520969989016
2024-07-08,0.00407151705705591
2024-07-09,0.00392580617190582
2024-07-10,0.002314269753415674
2024-07-11,-0.0026125611152077103
2024-07-12,0.006221261028476406
2024-07-16,0.0003255091533654964
2024-07-17,-0.004841563223025092
2024-07-18,-0.003437088717755067
2024-07-19,0.006400630255376192
2024-07-22,-0.009372741129713931
2024-07-23,0.003399839214722941
2024-07-24,0.005508185517316331
2024-07-25,-0.010220014213934848
2024-07-26,0.001291212332908943
2024-07-29,-0.0009890894475344143
2024-07-30,-0.004261539657539267
2024-07-31,0.006499810072589204
2024-08-01,0.00870059523775546
2024-08-02,-0.008117054902884672
2024-08-05,0.029545718567136024
2024-08-06,-0.006294309735131166
2024-08-07,-0.0076662337526430535
2024-08-08,0.0018147519082914
2024-08-09,-0.014533923677894894
2024-08-13,-0.001750742864957867
2024-08-14,-8.126298541742336e-07
2024-08-15,-0.0011533552060175502
2024-08-16,0.007161039636137973
2024-08-19,0.0063317211735832695
2024-08-20,-0.009710594721022248
2024-08-21,0.014345220472533934
2024-08-22,0.002200236407125045
2024-08-23,-0.0037690170633172997
2024-08-26,0.0043594060032078105
2024-08-27,0.0013692379112166652
2024-08-28,-0.0013289592230253402
2024-08-29,-0.0032028536292017353
2024-08-30,-0.012867409736800017
2024-09-03,0.010068704985459934
2024-09-04,0.006034355513940283
2024-09-05,-0.006449223255832266
2024-09-06,0.008195127370505269
2024-09-09,-0.0037748784482786457
2024-09-10,0.01065897641722031
2024-09-11,-0.004931083657813324
2024-09-12,0.00133325903685124
2024-09-13,-0.0073012902414440585
2024-09-17,0.005220912849103683
2024-09-18,-0.007473572498135078
2024-09-19,-0.005587641873416172
2024-09-20,0.004451786877059076
2024-09-24,0.0016559212114195575
2024-09-25,3.9574871102020064e-05
2024-09-26,-0.002619868280368495
2024-09-27,0.010009855533409433
2024-09-30,0.008731282445149466
2024-10-01,0.0002495600207516248
2024-10-02,-0.007387518620250055
2024-10-03,0.010383781278059423
2024-10-04,-0.00465252783484371
2024-10-07,-0.00692394537831015
2024-10-08,0.011621247633768712
2024-10-09,0.005086064780617041
2024-10-10,-0.0004980938234569647
2024-10-11,-0.011657796047601122
2024-10-15,-0.009229939910780909
2024-10-16,0.001678102671240525
2024-10-17,-0.003295389301133825
2024-10-18,0.0025851105333108875
2024-10-21,0.007451175226779346
2024-10-22,0.004446049714220442
2024-10-23,0.0023248249234116003
2024-10-24,0.0032359823147073852
2024-10-25,-0.01073223932754545
2024-10-28,0.006710466490711473
2024-10-29,0.002224219180422855
2024-10-30,0.0027220960110645688
2024-10-31,0.009252558184594629
2024-11-01,-0.008914556139322955
2024-11-05,0.0007659658898328705
2024-11-06,0.010625337676703128
2024-11-07,-0.01452348960885625
2024-11-08,0.022350000100067498
2024-11-11,0.009025228985328683
2024-11-12,0.0025743433639526777
2024-11-13,0.0005372019672383165
2024-11-14,-0.005501426095834165
2024-11-15,0.007546519064958807
2024-11-18,-0.00036729271595583386
2024-11-19,-0.01010042413725553
2024-11-20,0.007134539033213451
2024-11-21,0.00026220796731347366
2024-11-22,-0.00345699928808406
2024-11-25,0.00152894774849423
2024-11-26,0.002187468876839846
2024-11-27,0.0006655250848880507
2024-11-29,0.008245144117805844
2024-12-02,-0.0026038246690712995
2024-12-03,0.005192759439700491
2024-12-04,-0.0053439646551775525
2024-12-05,0.0112555505096993
2024-12-06,-0.004777118632683349
2024-12-09,-0.0007782618104462597
2024-12-10,-0.0024572054939227005
2024-12-11,0.006154314413669851
2024-12-12,-0.005582463507938327
2024-12-13,-0.0005884175300801663
2024-12-16,-0.0003090921663264504
2024-12-17,-0.012101377736404566
2024-12-18,0.0011870562337428499
2024-12-19,0.0019707117698066086
2024-12-20,-0.004085898009748734
2024-12-23,-0.001284856660494885
2024-12-24,-0.010505659073575275
2024-12-26,0.00432040221389271
2024-12-27,-0.0041227839869307495
2024-12-30,-0.0013943845277740842
2025-01-06,-0.003858810611782509
2025-01-07,0.012246862915592908
2025-01-08,0.008663800874641851
2025-01-10,-0.003449551383888083
2025-01-14,-0.003907761508466874
2025-01-15,0.0135025506621068
2025-01-16,0.00864285688516936
2025-01-17,-0.004162989527669166
2025-01-21,-0.001994665669495273
2025-01-22,0.009753156570574132
2025-01-23,0.004748929701769866
2025-01-24,0.010713612954015767
2025-01-27,-0.010327217830869267
2025-01-28,-0.009503927967295982
2025-01-29,0.004118602963608766
2025-01-30,0.0030620517897976805
2025-01-31,-0.005625572652654733
2025-02-03,-0.0031560721620709654
2025-02-04,-0.0004499580215927331
2025-02-05,0.003923691429814634
2025-02-06,0.0029957194161300497
2025-02-07,-0.0006706400047517998
2025-02-10,-0.014318809700480824
2025-02-12,0.0074058649134464
2025-02-13,0.0003487063105298508
2025-02-14,0.012513544636243174
2025-02-18,-0.0019221891058816202
2025-02-19,0.010102221662724698
2025-02-20,0.002070053819503447
2025-02-21,-0.0029099373537643837
2025-02-25,-0.00833506593943178
2025-02-26,0.00322545756603495
2025-02-27,0.012303352688550578
2025-02-28,0.002032996138490895
2025-03-03,-0.00745172800712335
2025-03-04,-0.0006705091207052497
2025-03-05,0.0013212879363655762
2025-03-06,-0.0023226102105117583
2025-03-07,0.0005524120972115708
2025-03-10,-0.0088820827058477
2025-03-11,-0.0051059024351140505
2025-03-12,0.0012004682207128782
2025-03-13,0.004114616664887895
2025-03-14,-0.0016896578457510393
2025-03-17,-0.0037939839446102797
2025-03-18,-0.0008914706379341006
2025-03-19,0.00428088030637375
2025-03-21,0.003323937826990704
2025-03-24,-0.00216968992039263
2025-03-25,0.006457013281795385
2025-03-26,-0.0022531310680489747
2025-03-27,0.0059387792263718335
2025-03-28,-0.0025909122543072947
2025-03-31,-0.00437295873826727
2025-04-01,0.0011320086020858485
2025-04-02,0.0015250435382561933
2025-04-03,-0.0021990904165873244
2025-04-04,-0.011474524072390937
2025-04-07,0.00916893877326847
2025-04-08,0.01913695609391535
2025-04-09,0.012665899337019934
2025-04-10,0.025053672800133132
2025-04-11,0.0032970131665151885
2025-04-14,0.0015635033723225503
2025-04-15,-0.015221831193294746
2025-04-16,0.004158525744316967
2025-04-17,-0.002489552825755673
2025-04-21,0.008224387982320959
2025-04-22,0.002998477054026305
2025-04-23,0.0034360588099906337
2025-04-24,-0.0004961550457893999
2025-04-25,0.00541994014562535
2025-04-28,0.01445198902753515
2025-04-30,0.007634552910887984
2025-05-01,0.0015064988754543646
2025-05-02,-0.01825918515423675
2025-05-07,0.0158455605785803
2025-05-08,0.0017720395766894423
2025-05-09,0.03063470915989235
2025-05-12,0.0354091991784667
2025-05-13,-0.0028133008839535505
2025-05-14,0.004684356219009801
2025-05-15,-0.013161105768403049
2025-05-16,-0.00016861282548657987
2025-05-19,0.002562282563033736
2025-05-20,-0.011592854255096426
2025-05-21,0.008301079254263273
2025-05-22,0.013413393222865048
2025-05-23,0.0090519074552621
2025-05-27,-0.007774410667598418
2025-05-28,0.0020387314485879344
2025-05-29,0.0019214209715803007
2025-05-30,-0.003030436001364137
2025-06-02,0.00396202862591282
2025-06-03,0.0048160491622014304
2025-06-04,-0.0030596990013868
2025-06-05,-0.0016754748212155241
2025-06-06,-0.0020290381189071597
2025-06-09,-0.0019365468766633339
2025-06-10,-0.008923735486323933
2025-06-11,0.0015965742750367502
2025-06-12,0.0003673891956606967
2025-06-13,0.009480962467729427
2025-06-16,0.0065931612875886605
2025-06-17,-0.0032889812137187084
2025-06-18,-0.004342868589810861
2025-06-20,0.0036250037315069465
2025-06-23,0.004853318737726326
2025-06-24,-0.005993965476981298
2025-06-25,-0.0015211557563036002
2025-06-26,0.006139241207632624
2025-06-27,-0.001408358145864775
2025-06-30,-0.007591544152712533
2025-07-01,-0.004449502751866161
2025-07-02,0.005934821321867491
2025-07-03,-0.00059907353048485
2025-07-07,-0.002325575687665526
2025-07-08,-0.005156199689950458
2025-07-09,-0.009635868246772063
2025-07-10,0.005877573424526417
2025-07-11,0.0017378546009288501
2025-07-14,-0.004487350841640455
2025-07-15,-0.004153047745600334
2025-07-16,-0.00147565123575201
2025-07-17,-0.00831952575537545
2025-07-18,-0.0041943444728994705
2025-07-22,0.004081597578643134
2025-07-23,-0.03302070206569831
2025-07-24,0.009042108599848659
2025-07-25,-0.00472515394993828
2025-07-28,0.012420906360885801
2025-07-29,0.0007734958794360361
2025-07-30,0.0009482323417876496
2025-07-31,0.00666082934539557
2025-08-01,-0.013516527999028142
2025-08-04,-0.003960508317254202
2025-08-05,7.199289635618274e-05
2025-08-06,0.009496938783883958
2025-08-07,0.004940998863613338
2025-08-08,-0.004995732381904604
2025-08-12,0.0004462579620159307
2025-08-13,0.003861914335288467
2025-08-14,-0.004227659857797766
2025-08-15,0.012656880115066813
2025-08-18,-0.010056065817789065
2025-08-19,-0.012282407529458686
2025-08-20,0.0013687975198636195
2025-08-21,0.00663689918195516
2025-08-22,-0.0017825948548228772
2025-08-25,0.0013863589358855902
2025-08-26,-0.0026068673891978247
2025-08-27,-0.00647410641126629
2025-08-28,0.002245057035017508
2025-08-29,0.00700472730844354
2025-09-02,0.013837904084151061
2025-09-03,-0.00619218671974169
2025-09-04,-0.0019545671483766503
2025-09-05,-0.003262764552417117
2025-09-08,0.005269284061774002
2025-09-09,-0.0025694032467471813
2025-09-10,0.00309950704865777
2025-09-11,0.0055737691633580165
2025-09-12,0.00024498729728269966
2025-09-16,0.005686658205866487
2025-09-17,-0.006846713721646644
2025-09-18,-0.01115188402194777
2025-09-19,0.0047078816173414355
2025-09-22,0.005293716002240834
2025-09-24,0.0034278501371612746
2025-09-25,0.0022770212755944333
2025-09-26,-0.008669771586954566
2025-09-29,0.003508486015708837
2025-09-30,-0.00510863319901135
2025-10-01,-0.003189672157169048
2025-10-02,-0.00857349385361633
2025-10-03,0.00010444482564552979
2025-10-06,0.009469006644942678
2025-10-07,-0.0014140680370922911
2025-10-08,0.001752797950909049
2025-10-09,0.0035605923443630164
2025-10-10,-0.012618925544049173
2025-10-14,-0.0004520817586580947
2025-10-15,0.004719064779497975
2025-10-16,0.005551744920001475
2025-10-17,-0.0064022504151365
2025-10-20,-0.0017632704153999314
2025-10-21,-0.005307536552532982
2025-10-22,-0.005392501520779066
2025-10-23,0.009901204714643383
2025-10-27,0.005474496285037683
2025-10-28,-0.017058105905990186
2025-10-29,0.012380854974942904
2025-10-30,0.016102643546230682
2025-10-31,-0.0042736588592199
2025-11-04,0.0034309247152231963
2025-11-05,0.017518698660776058
2025-11-06,0.0119570131462799
2025-11-07,0.0028527574555633995
2025-11-10,0.010356558766037284
2025-11-11,-0.011390776262214375
2025-11-12,-0.007820049393124816
2025-11-13,0.0070653274042373005
2025-11-14,-0.0037603688459730998
2025-11-17,0.001882410263190111
2025-11-18,-0.016775823380248456
2025-11-19,0.012613435916587385
2025-11-20,0.0031786913514114203
2025-11-21,0.003357939832208282
2025-11-25,0.005113212101009967
2025-11-26,0.005990966082883353
2025-11-28,-0.0039048124189858006
2025-12-01,-0.006869936163123419
2025-12-02,0.005975855988753087
2025-12-03,0.0084618319998768
2025-12-04,0.009514663516510665
2025-12-05,0.012687947409418294
2025-12-08,0.002557250371614063
2025-12-09,0.0013424500913004748
2025-12-10,-0.006326089043173189
2025-12-11,-0.006967801174846773
2025-12-12,0.009982878556670374
2025-12-15,0.002187424697355383
2025-12-16,-0.0018982273973047158
2025-12-17,0.006579146734481747
2025-12-18,-0.0034810535300033494
2025-12-19,0.0009567432843195839
2025-12-22,0.01638067439341058
2025-12-23,-0.010194559949090149
2025-12-24,0.0010133468036567935
2025-12-26,0.0026604403605310425
2025-12-29,-0.005441057281376666
2025-12-30,-0.00033671711152782023
