,PCA_SUB
2010-04-07,0.007759018704604839
2010-04-08,0.00378229239835266
2010-04-09,2.750142051999977e-05
2010-04-12,-0.00856189737388224
2010-04-13,-0.0015001981556260206
2010-04-14,-0.0017496019757759402
2010-04-15,0.0030811608982738354
2010-04-16,0.00404389858269384
2010-04-19,-0.001147809488376343
2010-04-20,0.008517112342269682
2010-04-21,-0.0017111280350035998
2010-04-22,0.005417339691761438
2010-04-23,0.00077643535682178
2010-04-26,0.00739520959894512
2010-04-27,0.004530663039882039
2010-04-28,0.00242413658060066
2010-04-30,0.00576547766440602
2010-05-06,-0.01034793118994606
2010-05-07,0.008292755863205761
2010-05-10,-0.0001721957755218828
2010-05-11,0.008954748466991642
2010-05-12,0.00269976033352732
2010-05-13,-0.01070311386075114
2010-05-14,0.0030511887753508
2010-05-17,-0.01103516834215168
2010-05-18,0.0135648678797563
2010-05-19,0.004908026595547
2010-05-20,-0.0025699604350233
2010-05-21,0.016462255609311603
2010-05-24,0.0028213437381624405
2010-05-25,0.008524689268532582
2010-05-26,-0.0072092392375630995
2010-05-27,0.02243796132930356
2010-05-28,0.0036475019045682597
2010-06-01,-2.0334510951979835e-05
2010-06-02,0.00481989779176696
2010-06-03,-0.004439152391111079
2010-06-04,0.0008976987030981001
2010-06-07,-0.02297937016725434
2010-06-08,-0.00014730524026820022
2010-06-09,0.009032518834101241
2010-06-10,0.0059353452151668
2010-06-11,0.015038106220656178
2010-06-14,-0.0004194167758888398
2010-06-15,0.0004629491443781603
2010-06-16,0.0034965032674172942
2010-06-17,0.00292399023424006
2010-06-18,0.0035665282934118033
2010-06-21,0.011106819117407615
2010-06-22,-0.00740813275028558
2010-06-23,-0.00858142016576937
2010-06-24,0.0037422754357405406
2010-06-25,-0.00905853641477106
2010-06-28,-0.01181541289394272
2010-06-29,0.006194402501886321
2010-06-30,0.0025789748192767067
2010-07-01,-0.011761799422643979
2010-07-02,-0.00378012814751642
2010-07-06,-0.007692651086343203
2010-07-07,0.00120358326206112
2010-07-08,-0.000683774954797245
2010-07-09,0.00789956140310476
2010-07-12,0.006617632623575523
2010-07-13,0.006312834810409419
2010-07-14,0.002240482877302904
2010-07-15,0.01013549976091096
2010-07-16,0.007022875689284842
2010-07-21,-0.00885848532804814
2010-07-22,-6.829221261308032e-05
2010-07-23,-0.008392336942238919
2010-07-26,0.00011996959670943993
2010-07-27,-0.0009738782215440355
2010-07-28,-0.005907283802723403
2010-07-29,-0.0035563190581252803
2010-07-30,-0.0017609441947537578
2010-08-02,0.00039031705217343945
2010-08-03,0.0011035884638435597
2010-08-04,0.0024676321333752804
2010-08-05,-0.0007200660341285004
2010-08-06,0.00557980164127004
2010-08-09,0.0003815747221556601
2010-08-10,0.005204000960020381
2010-08-11,0.00885923241425036
2010-08-12,-0.0024064732880102802
2010-08-13,0.00797703523209448
2010-08-16,0.00392751664461404
2010-08-17,-0.0021140052903883804
2010-08-18,-0.003944663483344519
2010-08-19,-0.001127580408584817
2010-08-20,-0.004687955728871657
2010-08-23,0.00381257635951514
2010-08-24,0.00305432633948744
2010-08-25,-0.00379219558650938
2010-08-26,0.002406453534915736
2010-08-27,0.0022335449222957195
2010-08-30,-0.007119064314540441
2010-08-31,-0.005525311143682161
2010-09-01,-0.0004060958888841195
2010-09-02,0.005966273375284698
2010-09-03,0.005091021191958381
2010-09-07,-9.041123480887979e-05
2010-09-08,0.0005249498554487397
2010-09-09,0.00173687632343544
2010-09-10,-0.00340172600875546
2010-09-13,0.0012840751351786402
2010-09-14,0.00022304125272209997
2010-09-16,-0.0006593496390341199
2010-09-17,0.00355970935979378
2010-09-21,0.007117226075587339
2010-09-22,0.003872262641958799
2010-09-24,-0.0015483592367718996
2010-09-27,-0.0006758025413252794
2010-09-28,-0.0001576892285631796
2010-09-29,-0.0062650919829814
2010-09-30,-0.00029426296025618186
2010-10-01,-0.010549725882195741
2010-10-04,-0.007761909783500721
2010-10-05,0.007435393246757422
2010-10-06,-0.0076144740350996
2010-10-07,-0.0005023262515665809
2010-10-08,-0.009370359321547641
2010-10-12,0.0030873146501428778
2010-10-13,-0.00246365786076038
2010-10-14,-0.006601497704024461
2010-10-15,0.0026393857885913864
2010-10-18,0.0015562154020953545
2010-10-19,0.0007291489900160802
2010-10-20,0.003414273495049975
2010-10-21,1.061471945822015e-05
2010-10-22,-0.0001320992922610998
2010-10-25,-0.0004920205183010099
2010-10-26,0.0032416136047887954
2010-10-27,0.0020375264413906202
2010-10-28,-0.0023811359234059727
2010-10-29,0.0097142969891351
2010-11-01,0.0014551215108453796
2010-11-02,-0.00042300126177599996
2010-11-04,-0.0052526922835468125
2010-11-05,0.008240055966509527
2010-11-08,0.00081576899189104
2010-11-09,-0.001184649772055916
2010-11-10,-0.002239378030606941
2010-11-11,-0.0018159631358438152
2010-11-12,-0.0065857920600187
2010-11-15,-0.00299356157658142
2010-11-16,-0.0008486184848019995
2010-11-17,0.0038025701529356597
2010-11-18,-0.01309489044271432
2010-11-19,0.00229543892292058
2010-11-22,0.00643798168591264
2010-11-24,-0.01008695417501406
2010-11-26,0.003092273501241005
2010-11-29,-0.0007413225266008397
2010-11-30,-0.0019165055199258
2010-12-01,0.0019871885083754806
2010-12-02,0.001284638729549876
2010-12-03,-0.00300460528251496
2010-12-06,3.502375707860008e-05
2010-12-07,-0.00537819101936554
2010-12-08,0.001361206077737119
2010-12-09,-0.0032218562969640223
2010-12-10,0.00093247523354168
2010-12-13,-0.00764107164300056
2010-12-14,0.00463785385835564
2010-12-15,0.0028669799777769995
2010-12-16,0.0044338870567633
2010-12-17,0.0009171063947632934
2010-12-20,0.006761621318553479
2010-12-21,0.0026201678695820197
2010-12-22,0.0005770551583696801
2010-12-27,-0.0030045441992897545
2010-12-28,0.00155259288527676
2010-12-29,0.0002788556614326601
2010-12-30,0.0009606163174977799
2011-01-04,0.0070765700754746395
2011-01-05,-0.00328974131595414
2011-01-06,0.005159805699364919
2011-01-07,-0.0014040580454930999
2011-01-11,0.00334850812978714
2011-01-12,0.0006260001098346399
2011-01-13,-0.0004856406169351824
2011-01-14,0.00722196714218976
2011-01-18,0.00391258918305746
2011-01-19,0.00154990553403428
2011-01-20,0.004584181163135999
2011-01-21,0.018693713827144683
2011-01-24,-0.0011609747648175998
2011-01-25,-0.0100150346328497
2011-01-26,-0.0005234050241661212
2011-01-27,0.0003048736004864199
2011-01-28,0.00143283407976682
2011-01-31,0.0048119835526310405
2011-02-01,-0.0018728541134994
2011-02-02,-0.0091245160348195
2011-02-03,-0.0065167873694379555
2011-02-04,0.005107741277674301
2011-02-07,0.0028380429599783002
2011-02-08,0.00186380602939232
2011-02-09,0.01233869956954948
2011-02-10,-0.0012113582112180399
2011-02-14,0.09677264966952911
2011-02-15,0.0040237405073816805
2011-02-16,-0.00069300802692816
2011-02-17,-0.00334794245332468
2011-02-18,0.0014540436090531603
2011-02-22,0.01176485963770314
2011-02-23,0.00373103150343788
2011-02-24,-0.004314105830212379
2011-02-25,-0.0068299842005981205
2011-02-28,-0.00613133815771138
2011-03-01,-0.00804984617355944
2011-03-02,0.00302914572574668
2011-03-03,-0.0015952275023677965
2011-03-04,0.00472391870321838
2011-03-07,-0.0018755784358424005
2011-03-08,0.004260121158465664
2011-03-09,0.00778257186850598
2011-03-10,0.012841664324010777
2011-03-11,-0.006820637493974198
2011-03-14,0.014753364617755622
2011-03-15,0.003218935354578248
2011-03-16,0.00018362905753724346
2011-03-17,-0.012146233000466664
2011-03-18,0.0077994942630866815
2011-03-22,-0.018930512910611264
2011-03-23,0.0024088534734822186
2011-03-24,0.012727487870549219
2011-03-25,0.008464175194169423
2011-03-28,0.0027841167342292604
2011-03-29,-0.0041269106638906206
2011-03-30,0.0009302830301271001
2011-03-31,0.00300598108447266
2011-04-01,0.013621842735318461
2011-04-04,0.008268704554819
2011-04-05,0.009549391977523082
2011-04-06,-0.007011883014178839
2011-04-07,0.003545728976414179
2011-04-08,0.004670864525982159
2011-04-11,-0.00108595814241282
2011-04-12,-0.0011506822058519805
2011-04-13,-0.00019173333614191934
2011-04-14,-0.00401780344868776
2011-04-15,0.0041311645732148815
2011-04-18,0.006034264672879038
2011-04-19,-0.0004892531734630801
2011-04-20,0.00033518588626198003
2011-04-21,-0.00212290369276412
2011-04-25,0.00969030721363554
2011-04-26,0.0008007270800365405
2011-04-27,-0.00024411230822133962
2011-04-28,0.00792223476069346
2011-05-02,-0.00255713909320156
2011-05-06,0.00570265246738272
2011-05-09,-0.00042206903989400017
2011-05-10,-0.0007205601151737034
2011-05-11,0.0011434729866943395
2011-05-12,-0.0027151452497433206
2011-05-13,0.006419194186306203
2011-05-16,-0.006651512725909439
2011-05-17,0.01478368603637574
2011-05-18,-0.0038627690064623518
2011-05-19,-0.005228999196361781
2011-05-20,0.0012042364731903472
2011-05-23,-0.011238432619929642
2011-05-24,-0.005091254809971881
2011-05-25,0.0016874261236173608
2011-05-26,-0.00014704409581415938
2011-05-27,0.0031414453123401005
2011-05-31,0.005819606645025262
2011-06-01,-0.004951095384937761
2011-06-02,-0.010594114077289357
2011-06-03,-0.003909163575043
2011-06-06,0.007184758011729778
2011-06-07,-0.007536475876683181
2011-06-08,0.0014071100039174823
2011-06-09,0.00300183515673106
2011-06-10,0.006948238014098031
2011-06-13,-0.005583343853057417
2011-06-14,0.005291009354088641
2011-06-15,0.004523106122012425
2011-06-16,-0.00522623428620054
2011-06-17,0.01278947131333162
2011-06-20,0.01046883819619754
2011-06-21,0.008038122750271631
2011-06-22,0.01337306017391336
2011-06-23,-0.00017776582077310029
2011-06-24,0.0052059861413462204
2011-06-27,-0.0006168306767805444
2011-06-28,-0.00037340850943602005
2011-06-29,-0.0035331326023930604
2011-06-30,-0.00014536103097845992
2011-07-01,-0.00584160790485728
2011-07-05,-0.0009881571463306602
2011-07-06,0.006350545205094141
2011-07-07,-0.006344230649779861
2011-07-08,0.00237166156077574
2011-07-11,-0.0034128746024929602
2011-07-12,-0.00618347164203266
2011-07-13,0.002454353667025801
2011-07-14,-0.0036843872465220323
2011-07-15,-0.0005916627768414798
2011-07-19,-0.0005855354426526202
2011-07-20,-9.021006339330023e-05
2011-07-21,-0.00309856090343904
2011-07-22,-0.00645272891604648
2011-07-25,-0.001985795047168301
2011-07-26,0.0020640651216001006
2011-07-27,0.007714251294892419
2011-07-28,-0.0049686053355968846
2011-07-29,0.004720099202030533
2011-08-01,0.0008940917537466602
2011-08-02,-0.00101128835740404
2011-08-03,-0.002617096450713039
2011-08-04,0.0028822798699350803
2011-08-05,-0.014306484671802502
2011-08-08,-0.003089750362516041
2011-08-09,-0.007125419314783799
2011-08-10,0.023565244162909598
2011-08-11,-0.018151872717529396
2011-08-12,0.00017630235368077708
2011-08-15,0.0014851844924287597
2011-08-16,-0.005380395791536079
2011-08-17,8.445664600984003e-05
2011-08-18,0.00906909593460272
2011-08-19,-0.003536829049392179
2011-08-22,-0.008047092839725753
2011-08-23,0.005784249332930479
2011-08-24,0.008751120095867855
2011-08-25,-0.01790376267645746
2011-08-26,0.00493485869663724
2011-08-29,0.006624092267899561
2011-08-30,-0.006360720209668741
2011-08-31,0.0003585098751648142
2011-09-01,0.0007472195164556401
2011-09-02,-0.0043905155261747585
2011-09-06,-0.012783763075942499
2011-09-07,-0.006832614247684019
2011-09-08,0.00606811539597284
2011-09-09,0.0009490730946973603
2011-09-12,0.0062694854243553
2011-09-13,-0.00739349613029526
2011-09-14,0.006358558263052199
2011-09-15,-0.0019221529659025197
2011-09-16,-0.016793134668803965
2011-09-20,0.007078772353556301
2011-09-21,-0.0006772823587922201
2011-09-22,-0.0006546690962376596
2011-09-26,0.014529799501500466
2011-09-27,0.0019141504861346606
2011-09-28,-0.000804532492330378
2011-09-29,-0.017694694448002417
2011-09-30,0.0017347805744871597
2011-10-03,0.015381505301989281
2011-10-04,-0.00016346661889488035
2011-10-05,-0.004576889296889259
2011-10-06,0.0021396569808452793
2011-10-07,-0.004348161544278161
2011-10-11,-0.004722544122204819
2011-10-12,0.0070557235422808
2011-10-13,0.01135319561193546
2011-10-14,-0.00216417209653338
2011-10-17,0.00545863149170076
2011-10-18,0.0008756640273542599
2011-10-19,-0.006981849061284534
2011-10-20,0.008505641020191485
2011-10-21,0.0016853401396498
2011-10-24,-0.0075496828087921065
2011-10-25,-0.0014807680080464597
2011-10-26,0.004937639665135579
2011-10-27,0.02523339245856184
2011-10-28,-0.00919382134538036
2011-10-31,0.0010687607062933654
2011-11-01,0.0016826732895210798
2011-11-02,0.005649131981156159
2011-11-04,0.00539930296479664
2011-11-07,7.686525102191611e-05
2011-11-08,0.01246026268170428
2011-11-09,0.0019157123131063204
2011-11-10,-0.010189344178517239
2011-11-11,-0.0058107786304139805
2011-11-14,0.00186157074068906
2011-11-15,0.000599515182591
2011-11-16,0.005816606599092366
2011-11-17,0.0071662093278327815
2011-11-18,-0.0009326779379461598
2011-11-21,-0.007625575863599882
2011-11-22,0.016438019867796
2011-11-25,0.0018691866989198995
2011-11-28,-0.015413330700894838
2011-11-29,-0.007325975551535361
2011-11-30,0.0015622337610062802
2011-12-01,-0.00974487856829858
2011-12-02,0.00179620815333588
2011-12-05,-0.0029873669012720604
2011-12-06,-0.00310921304996318
2011-12-07,0.00365146559437322
2011-12-08,-0.0001421711400331801
2011-12-09,-0.00196719712166966
2011-12-12,-0.00208106262187144
2011-12-13,0.0005971615031746804
2011-12-14,0.0029723641391343797
2011-12-15,-0.004689665059959459
2011-12-16,0.009694395500627302
2011-12-19,-0.007105611099787919
2011-12-20,-0.0037222182181227796
2011-12-21,0.005475408709422721
2011-12-22,0.0005855687310556599
2011-12-27,-0.0005382203467103944
2011-12-28,0.0029445610719909345
2011-12-29,-0.0028681367839323594
2011-12-30,0.0029640077189384798
2012-01-04,0.00565564250506364
2012-01-05,-0.0005232445007461398
2012-01-06,-0.0024943581788625605
2012-01-10,-0.011450664858528218
2012-01-11,0.0013147555769932203
2012-01-12,-0.0043844325311998
2012-01-13,0.00786954826072298
2012-01-17,0.005177335985322439
2012-01-18,-0.00967980817387038
2012-01-19,0.00294750234687856
2012-01-20,0.008529608851125359
2012-01-23,0.0011779007857148796
2012-01-24,-0.0034717884503212603
2012-01-25,0.005025947376411299
2012-01-26,0.00302575932324652
2012-01-27,-0.001680058700332328
2012-01-30,-0.004082878000635095
2012-01-31,-0.0016556838268433002
2012-02-01,-0.00568197924271722
2012-02-02,0.0002848185713021992
2012-02-03,0.0001798809314365198
2012-02-06,-0.00639363303787806
2012-02-07,-0.00549026569591918
2012-02-08,-0.004351029772416453
2012-02-09,-0.0024458327748041212
2012-02-10,0.007172312321218667
2012-02-13,-0.0015527503324138997
2012-02-14,-0.002893056024084741
2012-02-15,-0.004973007926050779
2012-02-16,-0.003287433994466781
2012-02-17,-0.003455003251731247
2012-02-21,-0.00395499937280342
2012-02-22,0.00836648760768592
2012-02-23,0.00587970042272766
2012-02-24,0.013032113330227281
2012-02-27,0.00610385609208504
2012-02-28,0.004112700025811739
2012-02-29,0.002587350070007979
2012-03-01,0.01094379725305266
2012-03-02,-0.00534897966393598
2012-03-05,0.00328388046223784
2012-03-06,0.009749139852003099
2012-03-07,0.004570930603657761
2012-03-08,0.004349511830577815
2012-03-09,-0.004910814148148861
2012-03-12,0.005618851742853039
2012-03-13,0.0022467021409841
2012-03-14,-0.00154447160600166
2012-03-15,-0.00161128727702208
2012-03-16,0.0038529622001152
2012-03-19,0.005564761008820919
2012-03-21,-0.00626138916968586
2012-03-22,0.003500350660346105
2012-03-23,0.002580816676171323
2012-03-26,0.0028532639215621165
2012-03-27,-0.0003724733630810998
2012-03-28,0.0007716007378007056
2012-03-29,-0.01233441313788302
2012-03-30,-0.0003405440645356545
2012-04-02,-0.0013185116056659623
2012-04-03,0.0077975142318132545
2012-04-04,0.009847500264798378
2012-04-05,0.009189992626396259
2012-04-09,-0.007910353350475418
2012-04-10,-0.0031133830960850266
2012-04-11,0.0082218370459281
2012-04-12,-7.903695528631988e-05
2012-04-13,-0.00325398856208858
2012-04-16,0.01248484530032758
2012-04-17,0.004366904115817581
2012-04-18,-0.00972626237453786
2012-04-19,0.0027960284947127776
2012-04-20,0.0010730999827251596
2012-04-23,-4.8871900917957234e-05
2012-04-24,-0.003971605404786603
2012-04-25,-0.003618491773966437
2012-04-26,0.0017019771336984403
2012-04-27,0.005543235202553642
2012-05-01,-0.010218283684538223
2012-05-02,0.0036656890040418395
2012-05-07,0.01046400124457652
2012-05-08,0.00554988795435246
2012-05-09,0.00376002401102276
2012-05-10,-0.00464478219684694
2012-05-11,0.001780751255999342
2012-05-14,0.005339099365886128
2012-05-15,0.007914615696858642
2012-05-16,0.001473470363277339
2012-05-17,-0.01156549056364256
2012-05-18,-0.006631036832888199
2012-05-21,-0.0006549872979191998
2012-05-22,0.007963775068303921
2012-05-23,0.010924102824616378
2012-05-24,-0.005725594469621921
2012-05-25,0.01091197467047506
2012-05-29,-0.00688535386535914
2012-05-30,-0.00612608987051244
2012-05-31,0.000640611761329961
2012-06-01,-0.010355115098255159
2012-06-04,-0.018256173029287143
2012-06-05,-0.015627099032529238
2012-06-06,0.01747036941053754
2012-06-07,0.0031185145735255996
2012-06-08,0.01259371305004974
2012-06-11,-0.003600830744810799
2012-06-12,-0.007530308869912441
2012-06-13,-0.003912369966210641
2012-06-14,-0.0021816500125522004
2012-06-15,0.0089695392697869
2012-06-18,0.00340689553200088
2012-06-19,-0.005331441001206279
2012-06-20,0.00024669685828410115
2012-06-21,-0.00022275810731974075
2012-06-22,0.0008823049394367996
2012-06-25,0.00397693207325282
2012-06-26,-0.01011891585772294
2012-06-27,-0.0019382855810793794
2012-06-28,-0.0015139061591961395
2012-06-29,0.00710413839447952
2012-07-02,0.004780528928292957
2012-07-03,0.0009267801388602799
2012-07-05,0.0011253267573102395
2012-07-06,-0.0046743444500297205
2012-07-09,-0.011643948578288918
2012-07-10,0.007484964581365524
2012-07-11,0.0011306588963394398
2012-07-12,-0.010386504497859859
2012-07-13,-0.008410224700042018
2012-07-17,0.00552470559368392
2012-07-18,0.0010258544787046802
2012-07-19,-0.0019935310966207203
2012-07-20,-0.0010482992828098406
2012-07-23,-0.00743752676121028
2012-07-24,0.00371244731026866
2012-07-25,-0.011878420073916082
2012-07-26,0.010630902706440102
2012-07-27,-0.004138491186924281
2012-07-30,-0.0021540774681540814
2012-07-31,0.0029392321751424396
2012-08-01,0.001660903303034216
2012-08-02,0.0009180804563301797
2012-08-03,0.0016439374216555198
2012-08-06,-0.00393976136656798
2012-08-07,-0.0068412237011442
2012-08-08,-0.0030458742333325595
2012-08-09,-0.003276859954863472
2012-08-10,-0.0008756058293504405
2012-08-13,0.0025691044708542154
2012-08-14,0.01241646793910438
2012-08-15,-0.00468609503445096
2012-08-16,0.00454914044746264
2012-08-17,0.00650433145529468
2012-08-20,-0.005878094447880219
2012-08-21,-0.0051761134914070205
2012-08-22,-0.00014896089627013695
2012-08-23,0.0018333231946343806
2012-08-24,-0.0045323952170628
2012-08-27,0.00018809938693694012
2012-08-28,0.0004839863000494788
2012-08-29,0.0012319247636371198
2012-08-30,0.00020549071352865978
2012-08-31,-0.0075155732445087164
2012-09-04,0.001477109012957739
2012-09-05,0.00814084899686968
2012-09-06,0.002805621691627561
2012-09-07,-0.00194247896365416
2012-09-10,0.0038520175044420802
2012-09-11,0.00037114077041650387
2012-09-12,0.00343922180524762
2012-09-13,-0.0023059316404648203
2012-09-14,-0.015975997723744317
2012-09-18,0.0004568410820340596
2012-09-19,-0.01087470360313706
2012-09-20,0.003944202145680422
2012-09-21,0.011158540531733084
2012-09-24,0.00622532333006604
2012-09-25,-0.0036001410393517405
2012-09-26,0.00383998626801576
2012-09-27,0.002056218975846739
2012-09-28,-0.004268149423909841
2012-10-01,0.0059537315775323035
2012-10-02,-0.0007296391127574599
2012-10-03,-0.0006921963955835685
2012-10-04,-0.0028355056059895206
2012-10-05,-0.0012589691607997075
2012-10-09,-0.0005071600709608609
2012-10-10,0.00270219512749022
2012-10-11,-0.00154694862843384
2012-10-12,0.0015484300944260533
2012-10-15,-0.00716652241809038
2012-10-16,0.0010818004221672122
2012-10-17,-0.00171014510699116
2012-10-18,0.00802941414491122
2012-10-19,0.0022776244735001824
2012-10-22,0.012280021071931315
2012-10-23,-0.005555578508765539
2012-10-24,-0.007107884951273713
2012-10-25,-0.00692878371056908
2012-10-26,0.0030510076316169876
2012-10-31,0.0016306811813667998
2012-11-01,-0.00397455162898218
2012-11-02,0.0018689364097792941
2012-11-05,0.00262834128838838
2012-11-06,-0.0098505229107501
2012-11-07,-0.00390055948775194
2012-11-08,-0.005387344063863901
2012-11-09,0.00284283482660898
2012-11-12,0.004271389886687141
2012-11-13,-0.0038823197259613153
2012-11-14,0.001364143317919825
2012-11-15,0.00453537581141206
2012-11-16,0.0086856073723111
2012-11-19,0.0018437236239641228
2012-11-20,0.0046935671403686005
2012-11-21,0.0025845066139680607
2012-11-26,-0.007880090699066252
2012-11-27,0.0008480294518625198
2012-11-28,0.00486912069789628
2012-11-29,0.0001479828737949401
2012-11-30,0.00547647129817366
2012-12-03,-0.0046885954624188205
2012-12-04,-0.0005115385096602566
2012-12-05,0.00516941430127112
2012-12-06,0.0022186139579487875
2012-12-07,0.00111172998758066
2012-12-10,0.0021345154035476437
2012-12-11,0.0017133039411880763
2012-12-12,-0.0047188651743856795
2012-12-13,0.010030290855647161
2012-12-14,0.0014631657073572004
2012-12-17,-0.016070217976793616
2012-12-18,-0.01762832382699716
2012-12-19,0.008912680496274382
2012-12-20,-0.004878452437253013
2012-12-21,-0.01254934737719822
2012-12-26,0.005223185387107664
2012-12-27,-0.0009155864720952
2012-12-28,-0.006677805201941917
2013-01-04,0.001469517690653759
2013-01-07,-0.0188398957840388
2013-01-08,-0.01005180219685322
2013-01-09,0.017895487115558717
2013-01-10,0.00209114209133228
2013-01-11,-0.0034637188674072595
2013-01-15,0.006338291523092684
2013-01-16,-0.011571174249091359
2013-01-17,-0.009380028604852101
2013-01-18,0.0020921614245167806
2013-01-22,-0.0011111976982009805
2013-01-23,-0.0032119975161716803
2013-01-24,-0.0135919380961971
2013-01-25,-0.00180234354286846
2013-01-28,0.000164585833516636
2013-01-29,-0.008462141839147522
2013-01-30,-0.0032268462151958006
2013-01-31,-0.00844558521740638
2013-02-01,0.0035314387615546605
2013-02-04,-0.006045834942818941
2013-02-05,-0.0016910992968590392
2013-02-06,0.0006376837098531997
2013-02-07,-0.0055608463430980755
2013-02-08,0.013176625602468961
2013-02-12,0.007687593173412801
2013-02-13,-0.0044070225518819395
2013-02-14,-0.00441839327178954
2013-02-15,-0.010650511936557859
2013-02-19,0.0008522676112144593
2013-02-20,0.0046743643554559
2013-02-21,0.00216285475393986
2013-02-22,-0.004845085535302921
2013-02-25,-0.008660569903033672
2013-02-26,-0.004268770033302598
2013-02-27,-0.00912923913989834
2013-02-28,-0.003183149677616139
2013-03-01,3.493820548030376e-05
2013-03-04,0.01078846087576642
2013-03-05,0.001733895890919661
2013-03-06,0.005928605971293726
2013-03-07,-0.00681689763078966
2013-03-08,0.01193165581531606
2013-03-11,0.018220548535759558
2013-03-12,0.002054284121996701
2013-03-13,-0.0018656325982547009
2013-03-14,0.011004805003126901
2013-03-15,-0.00547235505616972
2013-03-18,-0.0018176767452842205
2013-03-19,-0.004461006550085519
2013-03-21,0.0026768524479983797
2013-03-22,-0.0031605990599997214
2013-03-25,0.00211164981443554
2013-03-26,0.0033091797280441204
2013-03-27,0.0041435141052090195
2013-03-28,0.004845679393856141
2013-04-01,-0.0016706465187598003
2013-04-02,-0.008831769773272859
2013-04-03,0.016347937563049822
2013-04-04,0.01248908543487368
2013-04-05,0.03098828184376194
2013-04-08,-0.015747545060633944
2013-04-09,-0.00966791663931174
2013-04-10,0.009024230129836042
2013-04-11,0.007550174216926059
2013-04-12,0.005352204371391299
2013-04-15,0.01470511328648538
2013-04-16,-0.009358577953374705
2013-04-17,-0.01119006652513652
2013-04-18,0.00422331287062348
2013-04-19,-0.014075472355233164
2013-04-22,-0.0011100899604525412
2013-04-23,-0.013739462741066941
2013-04-24,0.00931629936094414
2013-04-25,0.0045971058824417
2013-04-26,-0.0010868575630575
2013-04-30,0.005491351111420981
2013-05-01,-0.007891875339087421
2013-05-02,0.00256494637182624
2013-05-07,-0.005308173605513821
2013-05-08,0.0049559310381165995
2013-05-09,0.0009632997753881798
2013-05-10,-0.007191391893218062
2013-05-13,-0.0072695831647692395
2013-05-14,0.0020462303428671396
2013-05-15,-0.012464193634100859
2013-05-16,-0.0014508937352925785
2013-05-17,0.003461803618675801
2013-05-20,0.008878477785729201
2013-05-21,0.03282409383158778
2013-05-22,0.00426172388753252
2013-05-23,-0.00524000619764764
2013-05-24,-0.0231459036502982
2013-05-28,0.019793523637305636
2013-05-29,-0.01848842893414342
2013-05-30,0.0028339888461320385
2013-05-31,0.002106445418827891
2013-06-03,-0.0028251768856340587
2013-06-04,0.0007826364033352018
2013-06-05,0.005004402280068574
2013-06-06,0.00263231679923682
2013-06-07,0.012418085176720417
2013-06-10,0.01190405241801814
2013-06-11,3.223655675897892e-05
2013-06-12,-0.015126694217900801
2013-06-13,0.008534037800499304
2013-06-14,0.006455641686803382
2013-06-17,-0.011092235990468255
2013-06-18,-0.0027793790111418394
2013-06-19,-0.0028366263503378604
2013-06-20,0.002222204030141401
2013-06-21,-0.0100583569866307
2013-06-24,-0.0009620164574197614
2013-06-25,-0.0008858196525219006
2013-06-26,-0.0034437654239592996
2013-06-27,0.012696114718136843
2013-06-28,0.0008907511176500602
2013-07-01,-0.005406844981411439
2013-07-02,0.00120407423855868
2013-07-03,-0.00899462480092788
2013-07-05,-0.01005137263152472
2013-07-08,-0.007992142407351119
2013-07-09,0.006283108553948979
2013-07-10,-0.0003983787583181197
2013-07-11,0.0003886528093300194
2013-07-12,-0.002927543679669817
2013-07-16,0.009125592767801316
2013-07-17,-0.0008013850052286404
2013-07-18,0.0011856676943391162
2013-07-19,0.0017388990542137415
2013-07-22,-0.0025024060080090396
2013-07-23,-0.00311762813731508
2013-07-24,0.0011752714384016365
2013-07-25,-0.0035519179007662775
2013-07-26,0.010169330854203722
2013-07-29,-0.009756754246675678
2013-07-30,-0.0009744884121126642
2013-07-31,-0.01351469437430838
2013-08-01,-0.0009316933188993175
2013-08-02,0.0014104457380978985
2013-08-05,0.0023326469096010003
2013-08-06,-0.00404656987002196
2013-08-07,0.002981244280110101
2013-08-08,-0.00498502489749088
2013-08-09,0.0009772523883065799
2013-08-12,0.007365105122379211
2013-08-13,0.0003432475149993601
2013-08-14,7.739047659428009e-05
2013-08-15,0.0036624081359914835
2013-08-16,-0.0016265616422742764
2013-08-19,0.0011101132276275202
2013-08-20,0.004835651420732501
2013-08-21,0.008598790184130458
2013-08-22,-0.0007210139448963534
2013-08-23,0.0065379208255894605
2013-08-26,-0.0020726069318164992
2013-08-27,-0.0005241545645874636
2013-08-28,0.015487188008329681
2013-08-29,0.006556673199555085
2013-08-30,0.00605565076884483
2013-09-03,-0.0029973369766760198
2013-09-04,-0.004080503722550681
2013-09-05,-0.00223615710569504
2013-09-06,0.00984786129529882
2013-09-09,-0.01126674005963138
2013-09-10,0.003353525067359857
2013-09-11,0.0006135505362482004
2013-09-12,0.0039736145970029795
2013-09-13,-0.0004778729376646603
2013-09-17,-0.006494647198354399
2013-09-18,-0.00484172643502826
2013-09-19,0.001552256949238084
2013-09-20,-0.0016055786156951805
2013-09-24,0.002378354606542564
2013-09-25,-0.00286136056401356
2013-09-26,0.0044582943998529205
2013-09-27,0.00426414135767426
2013-09-30,-0.003964258363654721
2013-10-01,-0.0017284707637723999
2013-10-02,0.00684210665279188
2013-10-03,-0.00046255779372729976
2013-10-04,2.174126222057992e-05
2013-10-07,-0.007155809470656357
2013-10-08,6.908267369712048e-05
2013-10-09,-0.008190475233761178
2013-10-10,0.0025121623464958768
2013-10-11,0.0018324856513487996
2013-10-15,0.00028276978899815695
2013-10-16,2.408864959152013e-05
2013-10-17,0.008882568106166338
2013-10-18,0.00358998808057458
2013-10-21,0.00671603472924432
2013-10-22,-0.0013397644395190035
2013-10-23,0.004893435746108899
2013-10-24,0.0006093533390438798
2013-10-25,-0.001528808143855219
2013-10-28,0.0011282536762345682
2013-10-29,0.0025736015817934203
2013-10-30,0.00193463213703076
2013-10-31,-0.003258630722776461
2013-11-01,-0.00668926314277648
2013-11-05,0.00302306527109534
2013-11-06,-0.0012939006496049798
2013-11-07,-0.0006406012357951
2013-11-08,0.0014731076303759
2013-11-11,-0.00431644428681567
2013-11-12,0.003532810183722505
2013-11-13,-0.00133613053522256
2013-11-14,0.0035734954813888002
2013-11-15,-0.0023990877369602197
2013-11-18,0.0005542692093913806
2013-11-19,0.00022930024885161996
2013-11-20,-0.0017879882831465799
2013-11-21,0.0019220017269317002
2013-11-22,0.0052384787732141
2013-11-25,0.0017799594889277197
2013-11-26,2.3224833863840085e-05
2013-11-27,0.00442632326658994
2013-11-29,0.005104007697775361
2013-12-02,0.00011457759490989981
2013-12-03,0.0006996545145106603
2013-12-04,-0.0022237056236478403
2013-12-05,-0.006541544044766219
2013-12-06,0.00319938077618044
2013-12-09,-0.00211847639032558
2013-12-10,0.0028701317985885804
2013-12-11,0.0010353509223774596
2013-12-12,-0.00270060879398004
2013-12-13,-0.0005339348064284664
2013-12-16,0.00142160117450022
2013-12-17,-0.00145365486415064
2013-12-18,0.0041846922227793395
2013-12-19,0.00265309254928564
2013-12-20,0.0017109247908447004
2013-12-24,-0.01079041839736078
2013-12-26,0.00023829330812728117
2013-12-27,-0.0076719004328968205
2013-12-30,0.0073484218664163405
2014-01-06,0.0002222827915868606
2014-01-07,0.0011409044632809603
2014-01-08,-0.0057877306729598
2014-01-09,-0.001538434368007381
2014-01-10,0.0019759707381853597
2014-01-14,-0.01198367711633684
2014-01-15,0.0007056888183465202
2014-01-16,-0.0021799225049710597
2014-01-17,-0.004421262810328921
2014-01-21,-0.0007903203202071398
2014-01-22,-0.00102422302728662
2014-01-23,0.001033222470816159
2014-01-24,-0.00037820664919103845
2014-01-27,0.00233955738525582
2014-01-28,3.651165391284003e-05
2014-01-29,-0.0005494721778989396
2014-01-30,-0.0023017623838026404
2014-01-31,0.0037228296330472
2014-02-03,0.00545816332996412
2014-02-04,0.0006048240637568404
2014-02-05,-0.0003542056216811599
2014-02-06,0.0021727889132460397
2014-02-07,-0.0029395823510587615
2014-02-10,0.00475009865532168
2014-02-12,0.004579867836826543
2014-02-13,0.0023583508137395995
2014-02-14,0.0032519627791371595
2014-02-18,0.012555595754275083
2014-02-19,0.0038001399972511
2014-02-20,-0.01177634282844042
2014-02-21,0.0057322232853073
2014-02-24,0.0002665521454621709
2014-02-25,0.00404458408680956
2014-02-26,-0.00516802740701936
2014-02-27,-0.004742497995322881
2014-02-28,0.003130493643473718
2014-03-03,-0.004508486404185861
2014-03-04,0.004577572049096778
2014-03-05,-0.0028228304407046023
2014-03-06,0.007612239771910681
2014-03-07,-0.000254799663008
2014-03-10,-0.00790470310600512
2014-03-11,0.0021432179635444623
2014-03-12,0.0020756656153356028
2014-03-13,0.00024752639454803994
2014-03-14,-0.0016675274305210236
2014-03-17,0.00021496134558753738
2014-03-18,0.00100476770230824
2014-03-19,-0.006402981154557657
2014-03-20,0.0045015660721965806
2014-03-24,-0.007075139001705461
2014-03-25,0.0029121164579980624
2014-03-26,-0.0021932016708822574
2014-03-27,0.0030144629627458603
2014-03-28,-0.006810090742525539
2014-03-31,0.010347039926425144
2014-04-01,-0.0030253988390678767
2014-04-02,0.0110941597685214
2014-04-03,0.0011274553268399
2014-04-04,0.0028098827807195204
2014-04-07,0.0031317891644845604
2014-04-08,-0.0027794619842530397
2014-04-09,0.009768727040435079
2014-04-10,-0.003678996299164762
2014-04-11,0.0007818981274760189
2014-04-14,0.004330486018384725
2014-04-15,-0.0007122832249788196
2014-04-16,-0.00890748715729798
2014-04-17,-6.252920583673955e-05
2014-04-21,0.004744328493020681
2014-04-22,0.01202638399708246
2014-04-23,0.0006617370746565998
2014-04-24,0.00721898134989714
2014-04-25,-0.0022501141219602398
2014-04-28,-0.0038532989470483796
2014-04-30,-0.0005926060938253699
2014-05-01,0.0005643304373277591
2014-05-02,-0.0005059664617830401
2014-05-07,-0.007529830267762599
2014-05-08,0.0008617106005163805
2014-05-09,0.0027197665047553805
2014-05-12,0.00202505428820766
2014-05-13,0.00412818617724892
2014-05-14,0.0016537192011469599
2014-05-15,0.000272405383419
2014-05-16,-0.0016861460466745595
2014-05-19,0.00458392272113998
2014-05-20,-0.0038540216524065004
2014-05-21,-0.0008110447736671598
2014-05-22,0.0009958857924676004
2014-05-23,-0.00367289398192302
2014-05-27,0.004866904270844599
2014-05-28,-0.00317859855744782
2014-05-29,0.0038964322887570005
2014-05-30,0.0001610867132152596
2014-06-02,0.002549633143855203
2014-06-03,0.0033152460392177003
2014-06-04,0.0029645067390388006
2014-06-05,0.00021580723060362012
2014-06-06,0.00816824201154244
2014-06-09,0.0017739220999438794
2014-06-10,-0.0003858092267681199
2014-06-11,-0.006059043190322
2014-06-12,0.0013359034691869604
2014-06-13,0.008409035555375722
2014-06-16,-0.0029549864160335598
2014-06-17,0.0019971459749853
2014-06-18,0.0038627736778365797
2014-06-19,-0.0025110418621861405
2014-06-20,0.00471867561066238
2014-06-23,0.0013030623041519198
2014-06-24,0.0021372774646446404
2014-06-25,-0.0001226924791432871
2014-06-26,-0.0027589234305840397
2014-06-27,-0.0008484381199518796
2014-06-30,0.00380457886180162
2014-07-01,0.004675259563458719
2014-07-02,-0.0008074940692554002
2014-07-03,-0.0041953299430831726
2014-07-07,0.0008362310942344204
2014-07-08,-0.0031600807825598798
2014-07-09,-0.0008000945518808603
2014-07-10,-0.0021305116339777395
2014-07-11,-9.455376901968023e-05
2014-07-14,0.0009747690453417598
2014-07-15,-0.006475045128406999
2014-07-16,0.0011431904680945
2014-07-17,0.0020897035210028477
2014-07-18,0.0029525681969758003
2014-07-22,0.00373315555860498
2014-07-23,0.0013073709993641797
2014-07-24,0.0035389679864897194
2014-07-25,0.0017230631303799201
2014-07-28,0.00508211859211944
2014-07-29,0.0018426185553856206
2014-07-30,0.00275368020358346
2014-07-31,-0.0006970616998461998
2014-08-01,-0.0005961680993693799
2014-08-04,0.00519454886554766
2014-08-05,-0.0025747210653290402
2014-08-06,-0.006225916765996301
2014-08-07,0.0004009853197072201
2014-08-08,-0.00761552335128774
2014-08-11,-0.00286680151393014
2014-08-12,-0.00010711776727801998
2014-08-13,0.0053252080354520195
2014-08-14,0.00443149489311632
2014-08-15,0.0017096579342499002
2014-08-18,-0.0031989845537970006
2014-08-19,0.0045926660816845806
2014-08-20,-0.0005432890513797199
2014-08-21,-0.0021085814038831604
2014-08-22,-0.0024021157202998196
2014-08-25,-0.00552254807442946
2014-08-26,0.0028208933953593205
2014-08-27,-0.00615304746854656
2014-08-28,0.0007449668185517
2014-08-29,0.0009404138684729
2014-09-02,-0.00789815392488054
2014-09-03,-0.0012485239559933998
2014-09-04,-0.0023115221789019595
2014-09-05,-0.000960729615897259
2014-09-08,0.004451705577309841
2014-09-09,0.005299264740551841
2014-09-10,0.00603063978577496
2014-09-11,-0.0009520728219257802
2014-09-12,-0.0006493921303624395
2014-09-16,-0.0017282002302910003
2014-09-17,0.0037380478165467607
2014-09-18,0.009368495892740442
2014-09-19,-0.0006075405776364605
2014-09-22,-0.0009185785856891996
2014-09-24,-0.0042858085371979
2014-09-25,-0.00268111134029488
2014-09-26,-0.002862915942091226
2014-09-29,-0.0011792971569183196
2014-09-30,0.005610414751042518
2014-10-01,0.00201568564225914
2014-10-02,-0.0023422712346952614
2014-10-03,0.00032565299192153976
2014-10-06,0.0030419776723272004
2014-10-07,-0.00431417510101142
2014-10-08,-0.0035410626569912
2014-10-09,-0.0014591288455642797
2014-10-10,-0.0016841971492871201
2014-10-14,-0.007563127708207622
2014-10-15,0.00230464502574858
2014-10-16,-0.0010517562666721393
2014-10-17,0.006370444258622061
2014-10-20,0.0081478962504913
2014-10-21,0.007780334733303862
2014-10-22,-0.00170294265616166
2014-10-23,-0.00208862854727324
2014-10-24,-0.0030336312214475
2014-10-27,0.005771414450910499
2014-10-28,0.00518125257249138
2014-10-29,0.00662721947714818
2014-10-30,-0.005080420229233299
2014-10-31,0.0002956992338681804
2014-11-04,-0.0259796673035169
2014-11-05,0.01152199180003256
2014-11-06,-0.0009482143452637978
2014-11-07,-0.00084666314119852
2014-11-10,0.00876161952207204
2014-11-11,0.0084513371157732
2014-11-12,0.0029025990525395596
2014-11-13,-0.00518690152640584
2014-11-14,0.0057948453090117796
2014-11-17,0.004918418817576483
2014-11-18,0.0004634167416780405
2014-11-19,-0.0016547874179541398
2014-11-20,0.00419892932200694
2014-11-21,-0.0016181934884017604
2014-11-25,0.0060808061157022995
2014-11-26,0.0026228120785330407
2014-11-28,-0.00128125582755808
2014-12-01,0.0060992584421308005
2014-12-02,0.0015793035222378803
2014-12-03,0.00498841532304746
2014-12-04,0.008494021038521959
2014-12-05,-0.0025994976535929394
2014-12-08,-0.0004497933397304239
2014-12-09,0.003965353209704719
2014-12-10,0.0009754756254336597
2014-12-11,0.02364663079810858
2014-12-12,0.003406875811567821
2014-12-15,-0.00182098928161712
2014-12-16,-0.002077590706416079
2014-12-17,0.0005030761227387591
2014-12-18,0.00368086384996884
2014-12-19,-0.003494179276084139
2014-12-22,0.006090002775366874
2014-12-24,0.00239637402574768
2014-12-26,0.0002256307008133814
2014-12-29,0.00502441077195704
2014-12-30,0.005876336100664459
2015-01-05,0.0036039195267568
2015-01-06,0.002887664968315981
2015-01-07,0.0008918208571861205
2015-01-08,0.0089034236793509
2015-01-09,-0.00392742750850816
2015-01-13,-0.009774979267624839
2015-01-14,0.00606429358143444
2015-01-15,0.00525932732277826
2015-01-16,-0.0005921906723152801
2015-01-20,-0.0002841169164114199
2015-01-21,0.00375260402864478
2015-01-22,0.001629659691577233
2015-01-23,-0.0004252226005108002
2015-01-26,0.006457496655547947
2015-01-27,-0.0027353294549728197
2015-01-28,-0.01002905216660022
2015-01-29,0.00610573161866026
2015-01-30,0.00071442028863864
2015-02-02,-0.00603538826067518
2015-02-03,0.008801598871406142
2015-02-04,0.005836786595327901
2015-02-05,0.0006622745519611196
2015-02-06,-0.0012071245913553
2015-02-09,0.0014939427822270937
2015-02-10,0.004775065034996114
2015-02-12,0.011709905409653202
2015-02-13,0.005842762548278041
2015-02-17,-0.00203686044278506
2015-02-18,0.0028876931516510595
2015-02-19,-0.0013523816804683203
2015-02-20,-0.000643179244781
2015-02-23,0.00846599920473996
2015-02-24,-0.0008686389363176993
2015-02-25,0.013986568319222561
2015-02-26,0.0037432833185492
2015-02-27,-0.0024734374285166785
2015-03-02,0.00271870802526996
2015-03-03,-0.00721874928039404
2015-03-04,-0.005629460298186126
2015-03-05,0.0006004072365576206
2015-03-06,0.004585439018070381
2015-03-09,0.01248649941080072
2015-03-10,0.0025824251078931017
2015-03-11,-0.0020266677301487993
2015-03-12,0.0021701605331837202
2015-03-13,-0.00550798507919958
2015-03-16,0.0005138493109445594
2015-03-17,0.0032081431754909405
2015-03-18,-0.001443053728320919
2015-03-19,-0.00642793779027342
2015-03-20,0.004164490387010359
2015-03-23,0.0071682532686926596
2015-03-24,0.005689789943117339
2015-03-25,-0.0006981226504113001
2015-03-26,0.00699998086311156
2015-03-27,-0.0125507804698356
2015-03-30,0.007018425680751613
2015-03-31,0.01915266339765102
2015-04-01,0.0071908645741553204
2015-04-02,0.00022424808712583934
2015-04-06,0.00286851257265738
2015-04-07,-0.0017725465101384604
2015-04-08,-0.0012752928968567789
2015-04-09,0.003009505235018
2015-04-10,0.007085669983193659
2015-04-13,-0.004177997326209241
2015-04-14,0.0035828562884351
2015-04-15,0.0015081244518014199
2015-04-16,0.02322233296312902
2015-04-17,0.0034025967814937602
2015-04-20,-0.00309173259895574
2015-04-21,-0.005795548872375078
2015-04-22,0.0008374972055027203
2015-04-23,-0.01018331104953878
2015-04-24,-0.0038813963680678605
2015-04-27,0.0036631471706471794
2015-04-28,0.00163429095020152
2015-04-30,-0.016419079502977163
2015-05-01,-0.0041816976524180404
2015-05-07,-0.001633203851337943
2015-05-08,-0.011466575168587227
2015-05-11,0.00457079653113736
2015-05-12,-0.0019871225401258603
2015-05-13,0.00460449871151376
2015-05-14,-0.005151805396950719
2015-05-15,-0.0003676344735735399
2015-05-18,-0.0037966402750489402
2015-05-19,0.0072571045825898794
2015-05-20,0.002708399040851661
2015-05-21,0.0005014161608735799
2015-05-22,0.00154262002737248
2015-05-26,0.0016566718408904401
2015-05-27,0.011220272591631799
2015-05-28,0.011260304958104261
2015-05-29,0.0012058516671472422
2015-06-01,-0.005775184191196399
2015-06-02,0.008228504115194261
2015-06-03,0.006932284658194839
2015-06-04,0.002551667429719861
2015-06-05,0.00271442884173866
2015-06-08,-0.00198614548111678
2015-06-09,-0.0047299339423347
2015-06-10,-0.0008494982499708227
2015-06-11,0.00965689701736778
2015-06-12,-0.0014374395221854594
2015-06-15,0.006243686492195281
2015-06-16,-0.007453125102876579
2015-06-17,0.0025842185993926402
2015-06-18,0.00170357254146914
2015-06-19,0.0006601268304028205
2015-06-22,-0.004132580809099641
2015-06-23,-0.003431699437047039
2015-06-24,-0.0010173282927854778
2015-06-25,0.0020641824973553803
2015-06-26,-0.00247821848465638
2015-06-29,-0.003558083413890201
2015-06-30,0.0017433803022140404
2015-07-01,0.00234933787207626
2015-07-02,-0.0015375888503868199
2015-07-06,-0.0006750131594649399
2015-07-07,0.014667934028121058
2015-07-08,0.006220933728967162
2015-07-09,-0.002443103380115561
2015-07-10,0.00771749773475856
2015-07-13,0.01140279152273212
2015-07-14,0.00301471491839092
2015-07-15,-0.006685618553292839
2015-07-16,0.00532667930707246
2015-07-17,-0.0049067958943166
2015-07-21,0.02039014850086124
2015-07-22,-0.00752300929537012
2015-07-23,-0.00902163473670568
2015-07-24,0.0017886146411576999
2015-07-27,-0.01470278563464688
2015-07-28,0.018083179518901957
2015-07-29,-0.00367472491034084
2015-07-30,0.0124970427789525
2015-07-31,0.0005987481450714996
2015-08-03,0.014208189897139796
2015-08-04,0.025991658597127917
2015-08-05,0.01118659800637662
2015-08-06,-0.01002091243833382
2015-08-07,0.00629878589741174
2015-08-10,0.01240821387725198
2015-08-11,0.01571795724790356
2015-08-12,-0.007175137901697
2015-08-13,0.0092770362937333
2015-08-14,-0.004186558798990982
2015-08-17,0.006373763786460861
2015-08-18,-0.0023481547953008997
2015-08-19,-0.0007277551767324603
2015-08-20,0.00766833273182046
2015-08-21,0.005425453787207105
2015-08-24,-0.005178032701113222
2015-08-25,0.0262120533882391
2015-08-26,-0.006190457273041461
2015-08-27,0.0042564511461728235
2015-08-28,0.0202258829889615
2015-08-31,-0.00877193348473126
2015-09-01,0.008136585986911738
2015-09-02,-0.0151563880356816
2015-09-03,-0.00758144009673016
2015-09-04,-0.010117859460703496
2015-09-08,0.017415885764810374
2015-09-09,-0.01975125142625338
2015-09-10,-0.00757750636104446
2015-09-11,0.00763647107872188
2015-09-14,0.005146601957096721
2015-09-15,0.005957833153066381
2015-09-16,-0.01616309590766402
2015-09-17,0.004486030436044039
2015-09-18,-0.0002813455352963408
2015-09-24,-0.0031210010549909
2015-09-25,0.0054322517367311005
2015-09-28,-0.0101619279402961
2015-09-29,-0.013763400855112538
2015-09-30,0.005328716243305038
2015-10-01,-0.019171689326468618
2015-10-02,9.47316361260388e-05
2015-10-05,-0.006867871606680299
2015-10-06,0.009916473983094538
2015-10-07,0.02548816207196044
2015-10-08,0.014556476370863458
2015-10-09,-0.002234927704793596
2015-10-13,0.012681110689411839
2015-10-14,-0.010643027223985859
2015-10-15,-0.0006270814388146615
2015-10-16,-3.3653955242199385e-05
2015-10-19,0.00507649078806198
2015-10-20,-0.006464046470325459
2015-10-21,0.011038310074116977
2015-10-22,0.0019169199219054001
2015-10-23,-0.0089178715135622
2015-10-26,0.00384161769093354
2015-10-27,0.011243731365942079
2015-10-28,0.0006409006176159998
2015-10-29,0.0016611288577460005
2015-10-30,-0.003622891563092999
2015-11-02,0.00047925308288589846
2015-11-04,-0.01611197039866308
2015-11-05,0.00575439504706954
2015-11-06,-0.0016399140444068455
2015-11-09,-0.00931308175202236
2015-11-10,-0.00016010605851037984
2015-11-11,0.00491284159746982
2015-11-12,0.0009848803108410396
2015-11-13,0.0017721851360117595
2015-11-16,0.010638454217884822
2015-11-17,-0.0035197160651749566
2015-11-18,0.0016437243228083001
2015-11-19,0.006146782059700321
2015-11-20,-0.0010956635239109853
2015-11-24,0.004128019299076821
2015-11-25,-0.0017106041221939007
2015-11-27,-0.004953549147896961
2015-11-30,-0.010673176259430841
2015-12-01,0.004703971829767019
2015-12-02,-0.0044227093453004795
2015-12-03,-0.00885588676060114
2015-12-04,0.00187925733217626
2015-12-07,0.00362824089155572
2015-12-08,0.00517650142528778
2015-12-09,-0.004314774365713174
2015-12-10,-0.0018980276760850797
2015-12-11,0.00227845229021086
2015-12-14,-0.010091172923204161
2015-12-15,-0.0023288126659128
2015-12-16,-0.001980483915061521
2015-12-17,0.0021896725195771592
2015-12-18,0.005875774553585341
2015-12-21,-0.0009290659891818398
2015-12-22,-0.00156111515448504
2015-12-24,0.0037850697087084394
2015-12-28,0.0021449362091489205
2015-12-29,0.00299342472467328
2015-12-30,-2.0989784263403336e-05
2016-01-04,-0.02286107849234154
2016-01-05,-0.012736504977198259
2016-01-06,-0.01797128071782678
2016-01-07,0.01004952668667562
2016-01-08,0.017267904223783742
2016-01-12,0.009438789363536803
2016-01-13,-0.0029561850208675595
2016-01-14,-0.0019033145155935623
2016-01-15,0.009327332897491481
2016-01-19,-0.0008268283098715806
2016-01-20,0.004784443422330743
2016-01-21,0.0013987536936307804
2016-01-22,-0.004077656320121716
2016-01-25,-0.00209047324307514
2016-01-26,0.00666438432657054
2016-01-27,-0.0017400319050956607
2016-01-28,0.0053740167269343405
2016-01-29,0.032867514204940315
2016-02-01,0.003072241026260334
2016-02-02,0.0077227174945266805
2016-02-03,0.00048732442960849973
2016-02-04,-0.000677369514243539
2016-02-05,0.008325202419433278
2016-02-08,-0.002719068015598
2016-02-09,0.015185131373660841
2016-02-10,-0.0033014965696474344
2016-02-12,-0.00954294528776526
2016-02-16,0.015964324471463738
2016-02-17,-0.002205373873208221
2016-02-18,-0.005281885864859779
2016-02-19,0.01123079637978216
2016-02-22,-0.0058485914390575995
2016-02-23,-0.0023005217794244606
2016-02-24,-0.00479564580683198
2016-02-25,0.005916936321039255
2016-02-26,0.013000304568608501
2016-02-29,0.01628296489066464
2016-03-01,-0.00031158398410876045
2016-03-02,-0.0035396585073693004
2016-03-03,0.01045538092989452
2016-03-04,0.011196823228303001
2016-03-07,-0.01147269833837528
2016-03-08,-0.0119698588308558
2016-03-09,-0.0008711178509965601
2016-03-10,-0.0021004561741598195
2016-03-11,0.0073742516023302205
2016-03-14,0.0020283863772554787
2016-03-15,0.006481273521732819
2016-03-16,-0.008327859493719739
2016-03-17,0.0008622095879500394
2016-03-18,-0.0034203465900051796
2016-03-22,-0.00765589713227732
2016-03-23,-0.00024077201467025963
2016-03-24,0.00666279414624572
2016-03-28,0.0061119781854763605
2016-03-29,-0.0026712339206289
2016-03-30,0.0017910451849819401
2016-03-31,-0.00406391057139994
2016-04-01,-0.0060108207673091225
2016-04-04,0.01747707698080346
2016-04-05,0.015024033278856201
2016-04-06,-0.0033561791117555405
2016-04-07,-0.003929038862097979
2016-04-08,-0.0047757291575823
2016-04-11,-0.0106400094826798
2016-04-12,0.015278820614389042
2016-04-13,0.00674477130510202
2016-04-14,3.448177805851979e-05
2016-04-15,-0.007501271110582639
2016-04-18,0.00723710462423826
2016-04-19,0.0018158970994186572
2016-04-20,0.01708216048516622
2016-04-21,0.005221273381281719
2016-04-22,0.01563104410912056
2016-04-25,0.0023779786202874882
2016-04-26,0.00889014142357248
2016-04-27,-0.007769475124054549
2016-04-28,0.009519619610759578
2016-05-02,0.02533290333339792
2016-05-06,0.015082036287333081
2016-05-09,-0.00032292517919192036
2016-05-10,-0.0015062670361853
2016-05-11,-0.006084924226892801
2016-05-12,-0.00037263972909692007
2016-05-13,0.0006397349670554399
2016-05-16,0.0012018403477628604
2016-05-17,0.0015159468230152202
2016-05-18,0.016178837991655825
2016-05-19,-0.0008105267064720603
2016-05-20,0.0031156919193646598
2016-05-23,-0.00481658708128686
2016-05-24,0.0002823760379451197
2016-05-25,-0.0008670718883844603
2016-05-26,-0.00335391028339448
2016-05-27,0.008493191905443419
2016-05-31,0.0018799018219830205
2016-06-01,-0.01030343677329488
2016-06-02,0.007062321093294317
2016-06-03,-0.0058645109151237
2016-06-06,0.011063910087871298
2016-06-07,-0.0015234671351796799
2016-06-08,0.0027338740902751995
2016-06-09,-0.001871722693550021
2016-06-10,0.00150542912375118
2016-06-13,0.0188782156179402
2016-06-14,-9.832766130196159e-05
2016-06-15,0.005288448382304059
2016-06-16,-0.00942985390971644
2016-06-17,-0.001036013522946661
2016-06-20,-0.0047288729757088
2016-06-21,-0.007568654964492001
2016-06-22,-0.00690544090702618
2016-06-23,-0.013028728126884218
2016-06-24,-0.025689347864954894
2016-06-27,0.03797796140136428
2016-06-28,0.01730767169308948
2016-06-29,-0.01373869265659366
2016-06-30,-0.0053434543419186
2016-07-01,-0.00314046562432152
2016-07-05,-0.0045362482147145
2016-07-06,0.01605245785761876
2016-07-07,-0.0047436088980524205
2016-07-08,0.01764928759474704
2016-07-11,0.0205771943280311
2016-07-12,0.017300205205887056
2016-07-13,0.016289816670104
2016-07-14,0.0069165813196530816
2016-07-15,0.0056234902476099404
2016-07-19,0.00659203278166196
2016-07-20,-0.002562117518351505
2016-07-21,-0.0073960487733231405
2016-07-22,0.0007783185206982558
2016-07-25,0.0018607723496967203
2016-07-26,0.013613684567113957
2016-07-27,-0.003779738894991621
2016-07-28,0.008171890699874599
2016-07-29,-0.014408259425274062
2016-08-01,-0.00602886259583706
2016-08-02,0.010632332858031598
2016-08-03,0.008774853232589119
2016-08-04,0.0061141771563011215
2016-08-05,-0.002969398560264981
2016-08-08,0.018055737644047463
2016-08-09,0.00386356026647652
2016-08-10,-0.003791939176794
2016-08-12,0.01090857061059324
2016-08-15,-0.004681795898376739
2016-08-16,-0.00686895002558076
2016-08-17,0.01385594577862404
2016-08-18,-0.006207169247260957
2016-08-19,-0.020833489992946097
2016-08-22,-0.007369208500197921
2016-08-23,0.0091745175427572
2016-08-24,-0.0021703595356762193
2016-08-25,0.0010093319011480403
2016-08-26,0.006541078069152523
2016-08-29,0.013695605696887481
2016-08-30,0.0044151716040367805
2016-08-31,0.014830064583694581
2016-09-01,0.00127306848385826
2016-09-02,-0.00669316178058792
2016-09-06,0.00141263200234084
2016-09-07,0.00036720342694755996
2016-09-08,-0.0037972164580295197
2016-09-09,0.00024085418340979994
2016-09-12,-0.00406432585348882
2016-09-13,-0.00219839699468162
2016-09-14,0.00345676500610636
2016-09-15,0.0014353427489056402
2016-09-16,-0.0027457832058462197
2016-09-20,0.008891352809103156
2016-09-21,-0.00795923616780726
2016-09-23,0.00259866798052268
2016-09-26,-0.00899541826821312
2016-09-27,-0.0016051598249126999
2016-09-28,0.00308103016324538
2016-09-29,0.00100508845539544
2016-09-30,0.01093933156103146
2016-10-03,-0.00385603929461626
2016-10-04,0.004768569624474159
2016-10-05,0.00444717146798676
2016-10-06,0.008319800635789
2016-10-07,0.002647658655907661
2016-10-11,-0.00240189755289724
2016-10-12,0.0009089741842260399
2016-10-13,0.00319574180586404
2016-10-14,-0.004993229462832201
2016-10-17,0.004157413133265861
2016-10-18,-0.0025791465499411803
2016-10-19,0.0035120544278342994
2016-10-20,-0.0024737867152883797
2016-10-21,0.0011608138602460399
2016-10-24,0.0044887960879742604
2016-10-25,0.00405054326594678
2016-10-26,0.01018036077197644
2016-10-27,0.0022974195455308
2016-10-28,-0.00091214370954698
2016-10-31,0.00301662921548518
2016-11-01,0.005494703617585259
2016-11-02,-0.00899686330285428
2016-11-04,-0.002430131209750039
2016-11-07,0.007744450807976861
2016-11-08,-0.002026278990912507
2016-11-09,0.03414208781113974
2016-11-10,0.0021309425907569996
2016-11-11,0.00843294162949624
2016-11-14,-0.01514881829845592
2016-11-15,-0.00019158021712916036
2016-11-16,-0.011338396899813322
2016-11-17,0.00276919837852728
2016-11-18,-0.008605600214419579
2016-11-21,1.530733992782113e-05
2016-11-22,-0.003229583035225079
2016-11-25,-0.0008899025476875202
2016-11-28,0.00317655374072686
2016-11-29,-0.00079524658918936
2016-11-30,-0.0005421400587094596
2016-12-01,0.015255811385467381
2016-12-02,0.011489925656696737
2016-12-05,-0.003239896625918561
2016-12-06,0.002843457893428941
2016-12-07,-0.010365607524352538
2016-12-08,-0.00376587360073162
2016-12-09,0.006152342109841443
2016-12-12,0.02205634536458858
2016-12-13,0.009517466460897921
2016-12-14,0.00265193466613128
2016-12-15,0.0035174330077105197
2016-12-16,-0.006829702691543
2016-12-19,0.01369436706652864
2016-12-20,0.00828628745906638
2016-12-21,0.00177472377233136
2016-12-22,-0.001262670540792
2016-12-27,0.00138593766592106
2016-12-28,-0.00794888862110216
2016-12-29,0.004737024414005361
2016-12-30,-0.0035915936397518202
2017-01-04,-0.005243380332097479
2017-01-05,-0.00261502814517494
2017-01-06,0.007830171737791481
2017-01-10,-0.0007130113088635991
2017-01-11,-0.008779082394797801
2017-01-12,0.01091283761762228
2017-01-13,-0.0054962873253334606
2017-01-17,0.00010391954837371889
2017-01-18,-0.008788903395757821
2017-01-19,0.0048938465320487005
2017-01-20,-0.0073257728325165795
2017-01-23,0.0002658510780073394
2017-01-24,-0.00290047289489228
2017-01-25,0.000781513750688881
2017-01-26,-0.00042442237909690007
2017-01-27,0.007350385585170902
2017-01-30,0.00092980213851668
2017-01-31,-0.0012217870069550635
2017-02-01,0.0006534246825933409
2017-02-02,-0.0004534714211015603
2017-02-03,0.0029158355039033204
2017-02-06,-0.00370479118725576
2017-02-07,0.0006481482572773798
2017-02-08,0.00880431627582854
2017-02-09,0.0033244017011331804
2017-02-10,0.0014992209085949396
2017-02-13,0.006565287025291878
2017-02-14,-0.004529546967676179
2017-02-15,0.00419498208558452
2017-02-16,0.004212440902830396
2017-02-17,0.00213576334081036
2017-02-21,0.0020245097586652208
2017-02-22,-0.0053036193284524795
2017-02-23,0.00470253765411788
2017-02-24,-0.0022780201790094995
2017-02-27,0.01474346888530884
2017-02-28,0.00400693960149442
2017-03-01,0.002766894962830102
2017-03-02,0.00143885307632174
2017-03-03,0.00559496024841764
2017-03-06,0.0030201648434790796
2017-03-07,-0.00017587329230974022
2017-03-08,0.00038747649051039997
2017-03-09,-0.004412616066331756
2017-03-10,-0.00596898545371332
2017-03-13,0.0001662246667070205
2017-03-14,0.0003751362299692605
2017-03-15,0.0022552354551073203
2017-03-16,-0.0040634275013298
2017-03-17,0.0025425709390380392
2017-03-21,-0.004593762174468861
2017-03-22,0.01184970497256934
2017-03-23,-0.0029149160796695397
2017-03-24,0.0022006930478840605
2017-03-27,0.0002595844041738673
2017-03-28,-0.0030284590099764527
2017-03-29,-0.009096115634911486
2017-03-30,0.012203779414798461
2017-03-31,-0.00359228830898444
2017-04-03,-0.00893036311272688
2017-04-04,-0.009234243104068719
2017-04-05,-0.005653242686851088
2017-04-06,-0.0004832031037645809
2017-04-07,0.008552814112177579
2017-04-10,-0.005213248023136078
2017-04-11,-0.003782535219479793
2017-04-12,-0.010505507148886888
2017-04-13,0.006766466559183219
2017-04-17,0.00505696054067836
2017-04-18,0.0026072834226118806
2017-04-19,0.0038304406657862595
2017-04-20,0.00848386162074918
2017-04-21,-0.0032375088584964
2017-04-24,-0.00119551025238402
2017-04-25,0.0011612515035074999
2017-04-26,0.0029864299780429596
2017-04-27,0.00348709127391898
2017-04-28,0.0025072279504615323
2017-05-01,-0.00546809973970662
2017-05-02,0.0017285285451606998
2017-05-08,-0.003911838541428721
2017-05-09,-0.00374537613828782
2017-05-10,0.0006182035158257403
2017-05-11,0.0062436583260147005
2017-05-12,-0.0012243502717494599
2017-05-15,0.009499231166065662
2017-05-16,-0.00273485583594472
2017-05-17,-0.008433334093783721
2017-05-18,-0.00221571641475734
2017-05-19,-0.005503899409598787
2017-05-22,0.00334935687569886
2017-05-23,0.004445489120815526
2017-05-24,0.0008947374973452799
2017-05-25,0.00294976678855886
2017-05-26,0.0034830451168202203
2017-05-30,0.0009356215553417001
2017-05-31,-0.0003583758132043131
2017-06-01,0.00980117851595048
2017-06-02,-0.0070089323118271395
2017-06-05,0.0036016930745000203
2017-06-06,0.00262195923765308
2017-06-07,0.00088994329718832
2017-06-08,-0.00425532161167678
2017-06-09,0.00745126295195154
2017-06-12,-0.007215349897425741
2017-06-13,-0.0007181018057328004
2017-06-14,-0.0010987972175855198
2017-06-15,0.0083539840328655
2017-06-16,0.0012092431796051199
2017-06-19,-0.00689827229485376
2017-06-20,-0.00714801256781682
2017-06-21,-0.0009462683096206001
2017-06-22,-0.000972715037489723
2017-06-23,0.0008091485489080045
2017-06-26,-0.002141482993830157
2017-06-27,0.00428948406058468
2017-06-28,0.006312758168375579
2017-06-29,0.00494156522125884
2017-06-30,0.0021059272513966744
2017-07-03,0.0017004269975480996
2017-07-05,0.0081785282339356
2017-07-06,0.0006881239840907
2017-07-07,0.0011296809642630991
2017-07-10,-0.00267747921727244
2017-07-11,0.0009673231555935597
2017-07-12,-0.0030798743111588004
2017-07-13,0.0045973555986294394
2017-07-14,-0.00033538161746228014
2017-07-18,-0.00279596135498782
2017-07-19,0.0023582850332502002
2017-07-20,0.0003052920894281398
2017-07-21,0.0009405314970830753
2017-07-24,0.0009580058662304602
2017-07-25,0.0007548188162269599
2017-07-26,-0.0013627441882845246
2017-07-27,0.0008940620841800394
2017-07-28,0.0049458988269013605
2017-07-31,-0.00297346714799472
2017-08-01,-0.00151620871911172
2017-08-02,-0.00022015365452752013
2017-08-03,-0.0010695051102803397
2017-08-04,0.0015568215139352976
2017-08-07,-0.0008893054634913975
2017-08-08,-0.0009909894266624197
2017-08-09,-0.0007683012639749205
2017-08-10,-0.0017035295189403003
2017-08-11,0.0
2017-08-14,0.0011375682758730608
2017-08-15,0.0011541813758201799
2017-08-16,-0.0029143526019454395
2017-08-17,-0.0021527207781108604
2017-08-18,-0.0007843253198091403
2017-08-21,-0.00348515083283646
2017-08-22,-0.00387999369027394
2017-08-23,-0.00865645773932406
2017-08-24,0.0004205511530171
2017-08-25,-0.00117699898284042
2017-08-28,-0.0006225980091318201
2017-08-29,9.584009592127996e-05
2017-08-30,0.00448146804553818
2017-08-31,-0.0015294653007747998
2017-09-01,-0.00017047821482094
2017-09-05,0.0005001166313107004
2017-09-06,0.00013074973339668002
2017-09-07,-0.00030512617264492013
2017-09-08,0.00238675295963256
2017-09-11,0.0011017562218630607
2017-09-12,-0.0006034985044883599
2017-09-13,0.0029974470659978204
2017-09-14,0.0024612800825075
2017-09-15,0.00469141052375766
2017-09-18,0.0
2017-09-19,0.01617205372402434
2017-09-20,0.00547940109444718
2017-09-21,0.0030715913954537603
2017-09-22,-2.891268027883985e-05
2017-09-25,0.0014490263955211403
2017-09-26,-0.0003322176181130598
2017-09-27,-8.552453675059993e-05
2017-09-28,0.0043099222804111005
2017-09-29,-0.00193176218534686
2017-10-02,0.0036424316299550003
2017-10-03,-0.006632650112960601
2017-10-04,-0.006455110982327039
2017-10-05,-0.0012824593819049804
2017-10-06,0.0034494613036761407
2017-10-09,2.3857925554995622e-17
2017-10-10,-0.0057919313539979405
2017-10-11,0.0028916745368133398
2017-10-12,0.0073571195838026794
2017-10-13,0.0039937854203303
2017-10-16,-0.0019861084569819804
2017-10-17,0.0016256269550972203
2017-10-18,0.005631937967147159
2017-10-19,0.003694009619811536
2017-10-20,0.00225884163683202
2017-10-23,-0.00193842449677194
2017-10-24,-0.0047433686015186
2017-10-25,0.010400314289992801
2017-10-26,-0.00452886907702428
2017-10-27,0.0009163101991889805
2017-10-30,-0.00086675651632758
2017-10-31,-0.0033549568749539
2017-11-01,0.0008847276937395394
2017-11-02,0.0012071434014332
2017-11-03,0.0
2017-11-06,0.00154370913040006
2017-11-07,0.0117661243882668
2017-11-08,0.0011930138072630194
2017-11-09,-0.008854979520665
2017-11-10,-0.0026774466211989603
2017-11-13,0.00175213229887592
2017-11-14,0.004809316572986739
2017-11-15,0.0004493280553766405
2017-11-16,0.00231103493545608
2017-11-17,0.0017395740085809604
2017-11-20,0.011066643356813679
2017-11-21,2.2970207152060024e-05
2017-11-22,-0.009161759776269141
2017-11-24,0.0022977535088227366
2017-11-27,-0.0003025208037784
2017-11-28,-0.00127761812352846
2017-11-29,-0.00494496574450876
2017-11-30,-0.0006635859468298605
2017-12-01,0.0028966114059865
2017-12-04,-0.00723496110004326
2017-12-05,-0.00808131126781516
2017-12-06,-0.00433501536088748
2017-12-07,-0.00700146555524832
2017-12-08,-0.00156477214541732
2017-12-11,-0.0037972914159040195
2017-12-12,-0.014604410096442921
2017-12-13,-0.00212499096910948
2017-12-14,0.00493397615309352
2017-12-15,-0.00450732949541452
2017-12-18,-0.0032968288516857553
2017-12-19,0.0007853993961498599
2017-12-20,0.005204915476264676
2017-12-21,0.0042109211271131
2017-12-22,0.00396088125591988
2017-12-26,0.0008097718309209199
2017-12-27,0.00442517004025836
2017-12-28,0.00449642119105306
2017-12-29,-0.0062272078486553
2018-01-02,0.0
2018-01-03,0.0
2018-01-04,-0.0017932741676254802
2018-01-05,0.004678049393365379
2018-01-08,0.0
2018-01-09,0.0045120114185197395
2018-01-10,-0.004855068109271381
2018-01-11,0.00297999009569698
2018-01-12,0.0034644099138673792
2018-01-16,-0.0027513921111450602
2018-01-17,0.0014424856339686999
2018-01-18,-0.0058350810542955
2018-01-19,0.0007126580496815799
2018-01-22,0.00046489270733188
2018-01-23,-0.00856382741510636
2018-01-24,-0.0018946640235279358
2018-01-25,-0.00591678463965776
2018-01-26,0.007485924643237341
2018-01-29,0.006971289932544359
2018-01-30,-0.0012889286070105804
2018-01-31,-0.0051894102857522
2018-02-01,0.0012182368997636
2018-02-02,-0.00211313082421516
2018-02-05,-0.01064421996016042
2018-02-06,0.020249897262073456
2018-02-07,-0.0017473644071426004
2018-02-08,-0.0017445712870818803
2018-02-09,0.003868800194935123
2018-02-12,2.3305939144657442e-17
2018-02-13,0.00571421270757584
2018-02-14,0.0044733350321610596
2018-02-15,-0.005662717819503961
2018-02-16,0.0037854943846534605
2018-02-20,0.003123406642773256
2018-02-21,-0.00282697263553918
2018-02-22,0.0030999890562871803
2018-02-23,0.0042639278778296
2018-02-26,-0.0031776312700937366
2018-02-27,0.00406808347328976
2018-02-28,-0.0024378582545765
2018-03-01,0.0008639279522066022
2018-03-02,0.0022850056191092397
2018-03-05,-0.0035492608555832794
2018-03-06,0.0026676647118477202
2018-03-07,0.00223309843750208
2018-03-08,-0.00099662225585752
2018-03-09,0.0012965629416313198
2018-03-12,0.004882452574050799
2018-03-13,0.0009342801447824603
2018-03-14,0.00104131628442432
2018-03-15,-0.0033312745812745202
2018-03-16,-0.00027580176537844004
2018-03-19,-0.0012282070159499601
2018-03-20,-0.00319181340071422
2018-03-21,0.0
2018-03-22,-0.0005614379000675003
2018-03-23,0.02411666453793568
2018-03-26,0.004176788538804854
2018-03-27,-0.005797471578248356
2018-03-28,0.0034006038042305796
2018-03-29,-0.0026328927445548604
2018-04-02,-0.0037971950943175995
2018-04-03,-0.00365488578584648
2018-04-04,-0.007041827279786701
2018-04-05,0.01079446639182076
2018-04-06,0.0044509815372973
2018-04-09,0.0035069956940192
2018-04-10,-0.00447918583238592
2018-04-11,0.0023546437760542205
2018-04-12,-0.00163154316791298
2018-04-13,0.00192279738702388
2018-04-16,0.00655134377284988
2018-04-17,0.0005703377655630001
2018-04-18,-0.0036756628329061795
2018-04-19,-0.00193765483777646
2018-04-20,0.0007623806835322759
2018-04-23,-0.0024662931750291197
2018-04-24,0.001236451419581403
2018-04-25,0.0015257133208628798
2018-04-26,0.0023809523809523803
2018-04-27,0.0031223849425545003
2018-04-30,0.0
2018-05-01,0.001769606925328721
2018-05-02,-0.00909571936402972
2018-05-03,0.0
2018-05-04,0.0
2018-05-07,0.0034426982173677424
2018-05-08,-0.0034189287030990828
2018-05-09,-0.0008636850535491999
2018-05-10,0.00683760683760682
2018-05-11,0.004458593341564256
2018-05-14,0.004813387871484537
2018-05-15,-0.0012855133165049636
2018-05-16,-0.0007220623785629164
2018-05-17,0.00033127082376071984
2018-05-18,0.005183276399630479
2018-05-21,-0.0023418789257133197
2018-05-22,5.1227595971260016e-05
2018-05-23,0.0027651656528834396
2018-05-24,0.008635616559684279
2018-05-25,-0.0006528860561508796
2018-05-29,0.0059194755422243795
2018-05-30,0.0100085297753002
2018-05-31,-0.0003421618081208204
2018-06-01,0.00245243435309642
2018-06-04,0.0012755810930735198
2018-06-05,-0.0021582331659373596
2018-06-06,-0.004741847580892579
2018-06-07,-0.00125945143439594
2018-06-08,0.00311597356108626
2018-06-11,0.0022784810126582197
2018-06-12,0.008478773077909701
2018-06-13,0.0003705571883262798
2018-06-14,-0.000995024875621876
2018-06-15,0.0010530934620448242
2018-06-18,0.01110766575353202
2018-06-19,-0.00502029789279244
2018-06-20,0.008268263469314625
2018-06-21,-0.0007040485413281397
2018-06-22,0.0005037485578301799
2018-06-25,0.0003078066938548798
2018-06-26,-0.001355201610374441
2018-06-27,0.006966608914880199
2018-06-28,0.0037262693575050004
2018-06-29,2.5853645475259607e-17
2018-07-02,0.00307329469412404
2018-07-03,0.008428697135164986
2018-07-05,-0.007810737055337445
2018-07-06,-0.002000276301050947
2018-07-09,-0.0012755256032495003
2018-07-10,0.01539822347143284
2018-07-11,-0.0020938530403983606
2018-07-12,0.006294645775656339
2018-07-13,-0.0003887898015629402
2018-07-16,-2.5069977124919872e-17
2018-07-17,-0.006223257646582039
2018-07-18,-0.001129650930695725
2018-07-19,0.009080721186765044
2018-07-20,-0.0003325973070415606
2018-07-23,-0.002805512180905585
2018-07-24,0.00604666875712912
2018-07-25,0.005333841601524925
2018-07-26,0.0014167772372106757
2018-07-27,0.0030402235446448
2018-07-30,0.004473917853750605
2018-07-31,-0.00643564068757262
2018-08-01,-0.009029921065556541
2018-08-02,-0.001392324659018139
2018-08-03,0.003173286371817961
2018-08-06,-0.004317404762503601
2018-08-07,-0.0008608606879207199
2018-08-08,0.00111927143958606
2018-08-09,-0.0012497151970836202
2018-08-10,0.00472597758196772
2018-08-13,0.011254063361941218
2018-08-14,-0.004365731575830786
2018-08-15,-0.006655317285495981
2018-08-16,-0.0016554633161924403
2018-08-17,-0.004966326074560321
2018-08-20,-0.0020515029230230397
2018-08-21,-0.00118507651122822
2018-08-22,0.00083314061477982
2018-08-23,0.0
2018-08-24,0.0005800123393674801
2018-08-27,0.0051253578036999795
2018-08-28,-0.003655328285598241
2018-08-29,-0.00116586591984068
2018-08-30,-0.0013123359580052602
2018-08-31,0.0034902014925045403
2018-09-04,-0.0006675088446363602
2018-09-05,0.0010359801488833598
2018-09-06,-0.00025705971357506017
2018-09-07,0.00471129445070886
2018-09-10,-0.00173577852999062
2018-09-11,-0.00414403525299812
2018-09-12,-0.0019740508211490396
2018-09-13,0.006843214871527359
2018-09-14,-0.008822590702803659
2018-09-17,0.0
2018-09-18,-0.006732688868582819
2018-09-19,0.008802219037872821
2018-09-20,-0.0012350987077339396
2018-09-21,-0.00872948950314512
2018-09-24,0.0
2018-09-25,0.013405732068665441
2018-09-26,0.0009978651618401564
2018-09-27,0.0018129203866225998
2018-09-28,0.00174413066263146
2018-10-01,-0.00199128115708314
2018-10-02,0.005561560549808959
2018-10-03,0.0078092717219272
2018-10-04,0.00462251747019602
2018-10-05,0.0023244798381272
2018-10-08,2.3242571447942496e-17
2018-10-09,-0.0036212601816404816
2018-10-10,-0.0053712575051153
2018-10-11,-0.0057455597358545395
2018-10-12,0.010243109028485959
2018-10-15,0.0052842152250992345
2018-10-16,0.003954044728776939
2018-10-17,-0.0020339005052173002
2018-10-18,0.0101775399725772
2018-10-19,0.0075062922489104395
2018-10-22,-0.004596541590667219
2018-10-23,0.0016658812256179403
2018-10-24,0.00579027089030548
2018-10-25,0.000645243061928041
2018-10-26,-0.006523446142000261
2018-10-29,0.0018620486042026999
2018-10-30,-0.01419685246653148
2018-10-31,0.01125796502942074
2018-11-01,-0.002688025976484161
2018-11-02,0.0035208742503932203
2018-11-05,-0.0007403490408057194
2018-11-06,-0.00354167307607934
2018-11-07,-0.005161289775115561
2018-11-08,-0.00135770736372002
2018-11-09,0.00598225507085986
2018-11-12,0.0022473975670277797
2018-11-13,-0.0015770264289839153
2018-11-14,0.00908318659349576
2018-11-15,-0.0036841556205796594
2018-11-16,0.00165609286150662
2018-11-19,-0.01197799247853264
2018-11-20,0.00041729558370941396
2018-11-21,-0.0007193147664061803
2018-11-23,0.0
2018-11-26,-0.00061403624979572
2018-11-27,0.00039134870150349984
2018-11-28,0.0013825465674170401
2018-11-29,0.002440717366515254
2018-11-30,0.00021575819087503922
2018-12-03,-0.0102589159788817
2018-12-04,-0.018238782348729516
2018-12-06,0.00844286337533168
2018-12-07,0.0031146071279444
2018-12-10,0.0048943715558441795
2018-12-11,0.00837467291741076
2018-12-12,-0.00917010529966288
2018-12-13,0.003771068880231961
2018-12-14,0.008018802943495
2018-12-17,-7.907801973936011e-05
2018-12-18,0.002507941156089157
2018-12-19,0.004426182816228759
2018-12-20,0.007518085088276399
2018-12-21,-0.0012319018683434185
2018-12-24,0.0
2018-12-26,0.0015175912759071214
2018-12-27,-0.011179216848076141
2018-12-28,-0.00182026146255516
2018-12-31,0.0
2019-01-04,-0.01005562648161144
2019-01-07,0.0094656337127186
2019-01-08,-0.00621346803061594
2019-01-09,-0.0017124554942411197
2019-01-10,0.00146721032626956
2019-01-11,-0.0024519363851407397
2019-01-15,-0.00464365192036846
2019-01-16,0.0015381169498922197
2019-01-17,-0.00358736711399802
2019-01-18,-0.0018238396418290444
2019-01-22,0.0014177007277633553
2019-01-23,-0.0011990757212859554
2019-01-24,-0.0082269294032251
2019-01-25,0.0017003188097768
2019-01-28,-0.0006566604127579349
2019-01-29,0.00584496770325014
2019-01-30,0.0037483093520564803
2019-01-31,-0.0022685986600612202
2019-02-01,-0.0007102070202481599
2019-02-04,-0.00312983698563434
2019-02-05,0.0020403538447841796
2019-02-06,-0.0016923991375745997
2019-02-07,0.00906594873360944
2019-02-08,0.004069218372818601
2019-02-12,-0.005751032770658899
2019-02-13,0.0009343148211417154
2019-02-14,-0.00077724658052814
2019-02-15,-0.00148837209302326
2019-02-19,-0.00395778875660718
2019-02-20,0.002481552575136784
2019-02-21,0.00172703006251766
2019-02-22,-0.00299331963001026
2019-02-25,0.0038744267804300837
2019-02-26,-0.0023251619752337003
2019-02-27,0.003341379362693696
2019-02-28,0.0009356749949774561
2019-03-01,0.0020286037128288397
2019-03-04,0.0013158438962260596
2019-03-05,-5.934379663767987e-05
2019-03-06,0.0002460024600246
2019-03-07,-0.0033518026571119196
2019-03-08,-0.0019197490467041797
2019-03-11,0.0006066313774332598
2019-03-12,0.00540713999197748
2019-03-13,0.00502391411110122
2019-03-14,-0.00043881083636467975
2019-03-15,0.0008250825082507715
2019-03-18,-0.00453847138438828
2019-03-19,0.00292173749231534
2019-03-20,-0.0038423670551699803
2019-03-22,-0.0066031378428936995
2019-03-25,0.0043593261521363
2019-03-26,0.00047833364303736636
2019-03-27,-0.0012366668700617258
2019-03-28,-0.00053805661227
2019-03-29,-0.0020482880787511598
2019-04-01,-0.0010980848156297391
2019-04-02,0.00539999320301144
2019-04-03,0.00625710191106652
2019-04-04,0.00370190069432406
2019-04-05,0.00226338100835434
2019-04-08,-0.00014183392920268014
2019-04-09,-0.00583519767052452
2019-04-10,-0.00161298773142078
2019-04-11,-0.00393612500238416
2019-04-12,-0.00039980141929653974
2019-04-15,0.0060081545566912
2019-04-16,-0.0011419211924217718
2019-04-17,0.00637210229199964
2019-04-18,0.010327962534713861
2019-04-22,0.0073371356266251206
2019-04-23,-0.0027771226014583596
2019-04-24,0.00668855709494782
2019-04-25,-0.0032022185381516397
2019-04-26,0.0019801655389134003
2019-05-07,0.0107988289139672
2019-05-08,0.007392241720035343
2019-05-09,0.00881874922378526
2019-05-10,-0.0068660410664184
2019-05-13,0.0007311146355708999
2019-05-14,-0.0170602218483271
2019-05-15,-0.00502621266330504
2019-05-16,0.00494822269044344
2019-05-17,-0.0070767039838815415
2019-05-20,0.008219840979272981
2019-05-21,0.0003393815607547801
2019-05-22,0.00279547269220878
2019-05-23,0.00858400948056692
2019-05-24,0.0007143089095840197
2019-05-28,-0.0022992923057129993
2019-05-29,0.004728556634762598
2019-05-30,0.008100016866702678
2019-05-31,0.006012740505939959
2019-06-03,-0.009924250076337019
2019-06-04,0.00619208548174298
2019-06-05,0.0016907980678748371
2019-06-06,0.0031650247316737
2019-06-07,-0.0013258350032825704
2019-06-10,-0.0006387540622789798
2019-06-11,0.0009986452043066001
2019-06-12,0.0014340533206301403
2019-06-13,0.0005548786678016195
2019-06-14,0.00269758400801602
2019-06-17,-0.00269092808966304
2019-06-18,0.008185124165076841
2019-06-19,-0.00706321104204532
2019-06-20,0.0013540996627695806
2019-06-21,0.0039398658200673
2019-06-24,0.0004979768306530399
2019-06-25,-0.002980166909032041
2019-06-26,-0.00087593409156792
2019-06-27,0.00519405127888032
2019-06-28,0.002126087227013855
2019-07-01,0.0017202538879638601
2019-07-02,0.00123229989607446
2019-07-03,0.007252134052230521
2019-07-05,-0.0032891414674916853
2019-07-08,0.0018853470677492584
2019-07-09,0.0012333265699573204
2019-07-10,-0.008624989724684121
2019-07-11,0.00021105308956927897
2019-07-12,0.0019671530784979
2019-07-16,-0.003101878995204
2019-07-17,-8.151410074979976e-05
2019-07-18,0.006634715960661064
2019-07-19,-0.004557459311124858
2019-07-22,0.0038491302983997997
2019-07-23,0.0011889634404375397
2019-07-24,0.00297589567957888
2019-07-25,-0.00252916764986862
2019-07-26,0.0037803150018847604
2019-07-29,0.010527574477399479
2019-07-30,0.0061249698384965206
2019-07-31,-0.0029259347158555006
2019-08-01,0.0029944197852635793
2019-08-02,0.01273313192070416
2019-08-05,0.0059007338065041205
2019-08-06,0.002710813529518942
2019-08-07,0.00168470692585402
2019-08-08,0.008656646243917179
2019-08-09,-0.00265592960081486
2019-08-13,0.010413467014042499
2019-08-14,-0.006371166848981626
2019-08-15,0.009974931852950761
2019-08-16,-7.867462526986013e-05
2019-08-19,0.00582718527666272
2019-08-20,0.00329130447305828
2019-08-21,0.0005867383300009201
2019-08-22,0.0018765470128016403
2019-08-23,-0.0006774739827000199
2019-08-26,-0.0004158673968954001
2019-08-27,0.00146825711211384
2019-08-28,0.0031722449457083006
2019-08-29,-0.0003266108507859599
2019-08-30,0.00024373613478245997
2019-09-03,0.0016445919492687798
2019-09-04,0.0031172911837578426
2019-09-05,0.0066662171305954
2019-09-06,0.00342364830269418
2019-09-09,0.0016801036820948598
2019-09-10,0.015062019676358441
2019-09-11,0.0020972434876754802
2019-09-12,0.0048457578660196805
2019-09-13,0.0011779371100731593
2019-09-17,0.005545683623148139
2019-09-18,0.0028442124997553196
2019-09-19,0.00448605948768238
2019-09-20,-0.0029011837938073604
2019-09-24,0.0038349093895512394
2019-09-25,0.00017848583899311992
2019-09-26,0.00065596649854676
2019-09-27,-0.00333235329158964
2019-09-30,-0.0019674787172352
2019-10-01,0.0023973095062074998
2019-10-02,0.00930406146407208
2019-10-03,-0.00029687107641024075
2019-10-04,0.00200014467592594
2019-10-07,-0.0003228834712956604
2019-10-08,0.003049808385715739
2019-10-09,-0.0020100479216038003
2019-10-10,-0.00010306805873919601
2019-10-11,0.0020241297078747
2019-10-15,-0.006206579434955301
2019-10-16,0.0040884318941435795
2019-10-17,-0.00286636063641562
2019-10-18,-0.0006265958866733196
2019-10-21,0.0010564952034501397
2019-10-23,-0.00017299729025567956
2019-10-24,-0.00233298764151754
2019-10-25,0.0031181510174395806
2019-10-28,0.0016498633892524997
2019-10-29,-0.00533607410119998
2019-10-30,-0.0047750909217889196
2019-10-31,0.0021948383707375
2019-11-01,-0.0012563194411965406
2019-11-05,0.0005321190434736001
2019-11-06,0.00277858288654082
2019-11-07,0.00233607524505142
2019-11-08,0.012283438672335202
2019-11-11,-0.0022907897375686204
2019-11-12,0.0006530495051248601
2019-11-13,-0.0006150156759838999
2019-11-14,0.00019476816774486021
2019-11-15,-0.0017899740619723
2019-11-18,0.00402944862249
2019-11-19,0.008471923616669902
2019-11-20,0.006530545336621299
2019-11-21,-2.6483181513259715e-05
2019-11-22,0.0008267044524471599
2019-11-25,0.0037397664988891603
2019-11-26,0.00350828131124744
2019-11-27,0.00391049127462496
2019-11-29,0.00286361959210122
2019-12-02,0.0024308204559126204
2019-12-03,-0.0061405875088517
2019-12-04,-0.0022050469357383596
2019-12-05,0.0013943935572311799
2019-12-06,-0.0013217045454924801
2019-12-09,-0.00039080728051157964
2019-12-10,-0.00251243776657632
2019-12-11,0.0034451903808740605
2019-12-12,-0.00133815666724668
2019-12-13,0.0038138190603232
2019-12-16,0.01273367854832344
2019-12-17,0.00402120820327442
2019-12-18,-0.0017964530687308994
2019-12-19,-0.0030382600963980797
2019-12-20,0.00203059693047504
2019-12-23,0.0027494230387410798
2019-12-24,0.004299205969979561
2019-12-26,0.00203245426186524
2019-12-27,-0.0004066239090494202
2019-12-30,0.0025918319145661404
2020-01-06,0.01062737090792516
2020-01-07,0.0027245960446719997
2020-01-08,0.0035846265481605947
2020-01-09,0.0006258554613927797
2020-01-10,0.0009533777421149247
2020-01-14,0.0056312014963082
2020-01-15,0.00198634760301562
2020-01-16,-0.0002983128289065001
2020-01-17,-0.007284451710009201
2020-01-21,0.00044468174042900006
2020-01-22,0.0009601837902915044
2020-01-23,0.003131225788405864
2020-01-24,0.00036897905085794445
2020-01-27,-0.0037190337796019195
2020-01-28,6.609449020131947e-05
2020-01-29,-0.0006164735606584001
2020-01-30,-0.0017144863785952154
2020-01-31,0.002157169235681415
2020-02-03,-0.0054747066489844
2020-02-04,0.00016081712420573917
2020-02-05,0.010914612057155937
2020-02-06,-0.00120934527778258
2020-02-07,0.004983997230619341
2020-02-10,-5.452030580219993e-05
2020-02-12,-0.0013050840113152601
2020-02-13,0.0002849154836327601
2020-02-14,0.0013301053951946407
2020-02-18,-0.0051773418691813
2020-02-19,0.00406735793925168
2020-02-20,-0.0009668459234372594
2020-02-21,0.0037272092475881795
2020-02-25,0.00707956243610148
2020-02-26,-0.004940660718845541
2020-02-27,-3.8299668826978495e-05
2020-02-28,0.0035186911913799405
2020-03-02,0.0023711375649448797
2020-03-03,0.003310025053018178
2020-03-04,8.603634189721979e-05
2020-03-05,0.00663668196187058
2020-03-06,0.014982795661062021
2020-03-09,0.011473846287983626
2020-03-10,0.008529246719431439
2020-03-11,-0.01530795190023002
2020-03-12,-0.001150721716445563
2020-03-13,-0.024816001374286856
2020-03-16,-0.00024194640178591947
2020-03-17,0.011816743078862782
2020-03-18,-0.0009196906714842787
2020-03-19,0.0031988316975659807
2020-03-23,0.015639647755826984
2020-03-24,-0.04934355574280752
2020-03-25,0.03050178835309616
2020-03-26,-0.01247050070936386
2020-03-27,0.01031143408371906
2020-03-30,0.02115126207377422
2020-03-31,-0.009816059007352999
2020-04-01,0.005958395102026164
2020-04-02,0.0015652610529808203
2020-04-03,-0.0309281862155539
2020-04-06,-0.00316951058612926
2020-04-07,-0.00820762791710212
2020-04-08,-0.020950164619119256
2020-04-09,-0.00016935882090224168
2020-04-13,0.004792944865219521
2020-04-14,-0.009203048951989019
2020-04-15,0.00916956888677896
2020-04-16,-0.00911753232103242
2020-04-17,-0.004610727792079359
2020-04-20,-0.0047347607458761
2020-04-21,-0.00135456160658976
2020-04-22,-0.00461229923952926
2020-04-23,0.006997344510497061
2020-04-24,0.0025474664139440396
2020-04-27,-0.0012959537286243005
2020-04-28,-0.0008032574145835202
2020-04-30,0.025952710267098597
2020-05-01,0.01175730422184388
2020-05-07,0.005319764893539478
2020-05-08,0.01160297892968074
2020-05-11,0.0021257778379381405
2020-05-12,-0.00210410432997888
2020-05-13,-0.0018775631967794008
2020-05-14,0.010315743505033299
2020-05-15,0.0014540757070775202
2020-05-18,0.004717420328490579
2020-05-19,0.015364662420484981
2020-05-20,-0.0025762476143974195
2020-05-21,-0.00039193616920640004
2020-05-22,0.0055624105826603395
2020-05-26,0.0015066088686671798
2020-05-27,0.00772434510372002
2020-05-28,0.0024072252156885597
2020-05-29,0.01617724434252
2020-06-01,-0.0008090793172053599
2020-06-02,0.00708188003276286
2020-06-03,0.00350434469668084
2020-06-04,-0.009670708420212679
2020-06-05,0.0070154327209766805
2020-06-08,0.00979825443726286
2020-06-09,-0.01171055957928782
2020-06-10,-0.00016893794388573983
2020-06-11,0.014877951651267643
2020-06-12,-0.01722181169906708
2020-06-15,-0.012191823474264842
2020-06-16,0.01225786146642088
2020-06-17,-0.00385321010989742
2020-06-18,-0.00166889015904988
2020-06-19,-0.00039233450910544003
2020-06-22,0.00588766856384834
2020-06-23,-0.0036999062718855997
2020-06-24,0.0006044557652943004
2020-06-25,0.005877735657631181
2020-06-26,0.01135005434111502
2020-06-29,-0.00030458718722840014
2020-06-30,0.0035192618972095203
2020-07-01,-0.02079277253603962
2020-07-02,0.0019513864418167996
2020-07-06,0.0006340904257739616
2020-07-07,-0.00416764104391736
2020-07-08,0.0023538318188270004
2020-07-09,-0.008355962473062221
2020-07-10,0.00301860274761328
2020-07-13,0.0170285696803437
2020-07-14,0.0013038122671874001
2020-07-15,0.00566752866652748
2020-07-16,0.010517874396346799
2020-07-17,0.007504646545836199
2020-07-20,0.008786728289914978
2020-07-21,3.23556638416201e-05
2020-07-22,0.0038417911990269596
2020-07-27,-0.00525615812180488
2020-07-28,-0.002446500535586458
2020-07-29,0.0036235853877993
2020-07-30,-0.0024002287661993218
2020-07-31,0.016331513502725884
2020-08-03,0.0005927121590710998
2020-08-04,-0.009118206780541042
2020-08-05,0.00733379069458958
2020-08-06,-0.0012386762012517802
2020-08-07,-0.01112183170187058
2020-08-11,0.00597065723550674
2020-08-12,0.0026619043638249984
2020-08-13,0.0020839315625373004
2020-08-14,0.0025800564546513997
2020-08-17,0.0006094416433264013
2020-08-18,0.007577345368691559
2020-08-19,0.002198815354796061
2020-08-20,0.0013341724138903398
2020-08-21,-0.00298450720548128
2020-08-24,-0.0015460110541764202
2020-08-25,0.006999032587465381
2020-08-26,0.00047419357940669984
2020-08-27,0.0020792909914071995
2020-08-28,0.0024327733964698787
2020-08-31,0.004353669768346001
2020-09-01,0.003164794187835999
2020-09-02,-0.00416618015428142
2020-09-03,0.005020756618341501
2020-09-04,0.00572167554150618
2020-09-08,-0.00481200068073078
2020-09-09,-0.0057619461250441
2020-09-10,-0.00059109166217172
2020-09-11,-0.0031803716936475803
2020-09-14,0.00500963708644536
2020-09-15,0.0006306978815852206
2020-09-16,0.0037118817181818003
2020-09-17,-0.012604928059309862
2020-09-18,0.00249851564288034
2020-09-23,-0.0064485866740056
2020-09-24,0.0014222534752593402
2020-09-25,0.0018904701564351999
2020-09-28,0.0005976380938816197
2020-09-29,0.0019365055513422594
2020-09-30,0.00612831785384544
2020-10-02,0.0007110390334243433
2020-10-05,0.00310184331614828
2020-10-06,6.465279140181962e-05
2020-10-07,-0.0044741713884119
2020-10-08,-0.00560200111513168
2020-10-09,-0.00572669097891082
2020-10-12,0.0004654730943789399
2020-10-13,-0.0009826855834236402
2020-10-14,0.0058935868771214
2020-10-15,0.00174771982538822
2020-10-16,-0.00454597683496414
2020-10-19,-0.0040779439989681605
2020-10-20,-0.0013543475735403408
2020-10-21,0.0027322137649565606
2020-10-22,-0.0123830732610118
2020-10-23,-0.0048782443857022795
2020-10-26,-0.0009664611861011001
2020-10-27,0.0048877548583384205
2020-10-28,0.00905435476373424
2020-10-29,0.00660435183598058
2020-10-30,-0.0040056647405007206
2020-11-02,0.009246326442396481
2020-11-04,-0.0032760125028041412
2020-11-05,0.0175394267535331
2020-11-06,0.008237649662755
2020-11-09,-0.0010863283998272205
2020-11-10,0.014549871359307461
2020-11-11,0.0009864448101327998
2020-11-12,0.00870661375487312
2020-11-13,0.004827932744004679
2020-11-16,0.0046754988607840605
2020-11-17,-0.004089566680520539
2020-11-18,0.0020824312625322
2020-11-19,-0.005443731615711199
2020-11-20,-0.00214326238678966
2020-11-24,0.0020828944011634996
2020-11-25,-0.000453921899261479
2020-11-27,0.0055512254882914
2020-11-30,0.009054239959555545
2020-12-01,-0.00609303197751684
2020-12-02,0.0004412866525923197
2020-12-03,0.00846576820660942
2020-12-04,0.0040538186745247605
2020-12-07,0.00018033050559248046
2020-12-08,-0.00274285712309802
2020-12-09,-0.00204666124388632
2020-12-10,-0.006874142832627061
2020-12-11,-0.0031323357045942597
2020-12-14,-0.00553960907217642
2020-12-15,-0.0046064406115753
2020-12-16,0.005164875475672759
2020-12-17,-0.0012939438231405198
2020-12-18,-0.011892916760699018
2020-12-21,-0.0007032202976537793
2020-12-22,-0.006166022307446199
2020-12-23,0.006784733790285101
2020-12-24,0.00380809387141064
2020-12-28,-0.00081914429337448
2020-12-29,-0.0011023059408607015
2020-12-30,-0.00552950948125554
2021-01-04,-0.01324058993357278
2021-01-05,0.014591626289638601
2021-01-06,0.007412645091598259
2021-01-07,0.005764907104210281
2021-01-08,0.0031003725874583212
2021-01-12,0.0073269281148463
2021-01-13,0.02095420989354824
2021-01-14,0.0069506127694058
2021-01-15,-0.004947426346945419
2021-01-19,0.00771106276340084
2021-01-20,-0.006201574796123541
2021-01-21,0.00293321211811184
2021-01-22,0.00374841596679962
2021-01-25,0.011081791099209981
2021-01-26,0.010484520627220701
2021-01-27,-0.00201817994380344
2021-01-28,0.00895687596704696
2021-01-29,0.0035600519586453765
2021-02-01,0.0019914260542705795
2021-02-02,0.01112022224805574
2021-02-03,-0.0031210164005649396
2021-02-04,0.0027769137246967004
2021-02-05,-0.00359094895607792
2021-02-08,-0.006419547872895559
2021-02-09,-0.00691038171270474
2021-02-10,-0.00335270112730134
2021-02-12,0.01029380916835254
2021-02-16,0.006687877211139939
2021-02-17,0.004400610291609101
2021-02-18,-0.01466235531605958
2021-02-19,-0.005235048208860119
2021-02-22,0.006001032151723401
2021-02-24,-0.008025040581711197
2021-02-25,-0.0023946300728920206
2021-02-26,0.0042128779596174795
2021-03-01,-0.00998293892879542
2021-03-02,-0.0009864135387566593
2021-03-03,0.00036284972759045983
2021-03-04,0.00379658149392064
2021-03-05,0.0006608313925726408
2021-03-08,0.0012689147826208
2021-03-09,-0.006399567520947818
2021-03-10,0.0022338742732748397
2021-03-11,0.0021659954190900183
2021-03-12,0.0017169302911507203
2021-03-15,0.0024551233251481584
2021-03-16,0.00319321090343842
2021-03-17,0.00525396063264424
2021-03-18,0.0042010198748412
2021-03-19,-0.00545992718100936
2021-03-22,-5.7375445063140556e-05
2021-03-23,0.0119014766296958
2021-03-24,-0.0046476720723666615
2021-03-25,0.0009585656354708389
2021-03-26,-0.00809788583680274
2021-03-29,0.00738121583347834
2021-03-30,-0.0115959353748958
2021-03-31,0.0013102373407844802
2021-04-01,0.0021309394839953005
2021-04-05,0.008978629690740283
2021-04-06,-0.0019046787423195634
2021-04-07,-0.00240259636965966
2021-04-08,0.0014826536759739396
2021-04-09,0.0045479795718088
2021-04-12,-0.0012669918453198604
2021-04-13,0.0023151846497887
2021-04-14,0.00415983862665344
2021-04-15,0.0038908034612629002
2021-04-16,-0.003110262145832499
2021-04-19,-0.007590225328919241
2021-04-20,-0.0016642853143215182
2021-04-21,-0.0004496209906993606
2021-04-22,-0.00472334414608312
2021-04-23,0.00290857486274698
2021-04-26,0.0013786921548445195
2021-04-27,0.005513967433126038
2021-04-28,0.0027958786508877793
2021-04-30,-0.0020166380601976995
2021-05-06,-0.00469792969586672
2021-05-07,0.0043987336734282005
2021-05-10,0.0027502687241305005
2021-05-11,0.0029312984549381173
2021-05-12,0.005562680285665519
2021-05-13,0.004894886746716381
2021-05-14,0.007600395656695099
2021-05-17,-0.006853845127365779
2021-05-18,0.008495891111088
2021-05-19,0.0014039182234065197
2021-05-20,-0.00033047448592924
2021-05-21,0.007449578938186501
2021-05-24,0.005943312656675
2021-05-25,-0.0024736004882192405
2021-05-26,-0.00848553728061954
2021-05-27,-0.0051101191697872994
2021-05-28,0.00712227060046818
2021-06-01,-0.00465241091170924
2021-06-02,-0.002939275845280459
2021-06-03,-0.0025543303293855393
2021-06-04,-0.00512041119078284
2021-06-07,0.00533682444551202
2021-06-08,0.016722386519023906
2021-06-09,-0.009722197104663939
2021-06-10,-0.00288971393199392
2021-06-11,0.00409076256128224
2021-06-14,0.00505029834073714
2021-06-15,-0.00021950886007926149
2021-06-16,0.00651470701302816
2021-06-17,0.0012671249888937001
2021-06-18,0.0053346521136086004
2021-06-21,0.007703352514973579
2021-06-22,-0.0020886993668129596
2021-06-23,0.0030870497645413397
2021-06-24,0.00439242032489426
2021-06-25,-0.00121451139680912
2021-06-28,-0.0008424538609621997
2021-06-29,0.002090922329998459
2021-06-30,7.669628218037999e-05
2021-07-01,-0.0008492274706396203
2021-07-02,0.0026653706906484198
2021-07-06,-0.00612405342221824
2021-07-07,0.007946944195567962
2021-07-08,-0.0036157588613495604
2021-07-09,-0.003980715499920958
2021-07-12,-0.00254110360598754
2021-07-13,-0.0009422281102148804
2021-07-14,0.0044488260392030795
2021-07-15,-0.0018478530949825002
2021-07-16,-3.7315036657340254e-05
2021-07-19,0.0034595652177099195
2021-07-20,0.006318296354885959
2021-07-21,-0.009246446615297922
2021-07-26,0.0015251824162401612
2021-07-27,0.00296053808870752
2021-07-28,-0.00371813650358182
2021-07-29,0.0065622857311435
2021-07-30,0.0034844000441787565
2021-08-02,-0.003848273300925501
2021-08-03,-0.0049285256406890795
2021-08-04,-0.0012627634135599795
2021-08-05,-0.0012964490162772797
2021-08-06,0.0021887489849942597
2021-08-10,-0.0059089430831444
2021-08-11,0.0050481934839967995
2021-08-12,0.0013916884829267397
2021-08-13,0.00559601145090808
2021-08-16,0.0013086682702499793
2021-08-17,0.00534886820359446
2021-08-18,-0.0016537527904527801
2021-08-19,-0.01465586067938982
2021-08-20,0.01714368221871138
2021-08-23,-0.00608134244236226
2021-08-24,0.0011346735549127192
2021-08-25,0.0003669945649800798
2021-08-26,-0.00138144838716326
2021-08-27,0.0025390389329016
2021-08-30,0.00216357273218334
2021-08-31,0.0023099104984855177
2021-09-01,-0.0012189189055518803
2021-09-02,0.0007669680416756199
2021-09-03,0.002991942700756039
2021-09-07,-0.0018988209571058597
2021-09-08,0.0038358802729054394
2021-09-09,0.00669711340660332
2021-09-10,-0.002716737916521961
2021-09-13,0.005892479392881061
2021-09-14,0.004413815745076599
2021-09-15,-0.0023238369858483
2021-09-16,-0.009171888481252019
2021-09-17,-0.0054620220691602
2021-09-21,0.0005579533493096991
2021-09-22,-0.00112130100713256
2021-09-24,0.00198164480867796
2021-09-27,0.0057015226189874
2021-09-28,0.00603427058313528
2021-09-29,-0.0015322622030740595
2021-09-30,0.004707262220384419
2021-10-01,-0.00173831957150428
2021-10-04,-0.021519851897005476
2021-10-05,0.007763514680022159
2021-10-06,0.00025684217823524033
2021-10-07,-0.0018200231607936998
2021-10-08,0.0037913998535778408
2021-10-11,0.021548178393385298
2021-10-12,0.006220198464764521
2021-10-13,-0.0014825360978679603
2021-10-14,0.00450654217061966
2021-10-15,-0.006595856244192641
2021-10-18,0.0196032821565556
2021-10-19,-0.0029769863703873597
2021-10-20,0.00782123908605084
2021-10-21,0.001177770856553944
2021-10-22,-0.0025066592196111197
2021-10-25,-0.004648178886591621
2021-10-26,-0.0036161595064309
2021-10-27,-0.0013666042064844606
2021-10-28,0.00469122609219512
2021-10-29,0.0014761446343325598
2021-11-01,-0.0023658451109516195
2021-11-02,-0.0028381250849648194
2021-11-04,-0.00635044415302166
2021-11-05,0.004369759761355941
2021-11-08,0.005050690417458339
2021-11-09,-0.011185136401636599
2021-11-10,0.0033362942988698994
2021-11-11,0.0024985838494698204
2021-11-12,-0.0007460811460598404
2021-11-15,0.0024886450507132004
2021-11-16,-0.0015199827672882599
2021-11-17,-0.0006383663269422021
2021-11-18,0.000726075523001659
2021-11-19,-0.0051874401572666005
2021-11-22,-0.0007190086688512402
2021-11-24,0.0013297492745819595
2021-11-26,-0.0051080762281033604
2021-11-29,-0.0039032932278694806
2021-11-30,-0.01385083850603006
2021-12-01,0.015915218089177438
2021-12-02,-0.006005001400463039
2021-12-03,0.00825114066077462
2021-12-06,-0.00480661305672718
2021-12-07,-0.0037978970289358413
2021-12-08,-0.0075878733571136
2021-12-09,0.0021547944443526005
2021-12-10,0.004131183658887839
2021-12-13,-0.00341748580658538
2021-12-14,0.006446247438584859
2021-12-15,0.00816979652456952
2021-12-16,-0.0008327616798785012
2021-12-17,0.008546040843149524
2021-12-20,-0.009832128682162444
2021-12-21,0.0046458427803551606
2021-12-22,-0.004371453983715341
2021-12-23,-0.0069787113761109396
2021-12-27,-0.0035858024998267598
2021-12-28,-0.0030012427706423805
2021-12-29,0.00296827237327728
2021-12-30,-0.0035372235386774598
2022-01-04,0.0035728301566900393
2022-01-05,0.012758607287880579
2022-01-06,0.0052427252562485
2022-01-07,0.011966082374064222
2022-01-11,0.00198047620821422
2022-01-12,0.005021773900776939
2022-01-13,0.01598521618840126
2022-01-14,0.0011721094229351996
2022-01-18,-0.003892130839222921
2022-01-19,-0.00865786602835256
2022-01-20,0.002482488123595101
2022-01-21,0.005677062992895641
2022-01-24,-0.00773690838981504
2022-01-25,-0.004286840417903061
2022-01-26,-0.0029736545222099203
2022-01-27,-0.0013642020654389582
2022-01-28,-0.007404086067987919
2022-01-31,-0.0023724486374803594
2022-02-01,0.008629429329755418
2022-02-02,0.011175109640318
2022-02-03,0.0009178937296779807
2022-02-04,1.4279782605396574e-06
2022-02-07,-0.002011628167109421
2022-02-08,-0.0028512053252842794
2022-02-09,-0.004323060828871861
2022-02-10,-0.0030950016920925595
2022-02-14,0.002930701409272739
2022-02-15,0.0085021120898451
2022-02-16,-0.007118434853864699
2022-02-17,0.00674125441015032
2022-02-18,0.0022207149239731406
2022-02-22,-0.00874398537729864
2022-02-24,-0.005029405466928859
2022-02-25,-0.0162410476735022
2022-02-28,0.0019983339559287595
2022-03-01,-0.0012262845090224796
2022-03-02,-0.01098883555997344
2022-03-03,0.007167181180047859
2022-03-04,0.0037735318802004786
2022-03-07,0.00890129519035856
2022-03-08,0.00846870700253552
2022-03-09,0.005929468292346621
2022-03-10,-0.017669935815192543
2022-03-11,0.024258502815315858
2022-03-14,0.006713192413660299
2022-03-15,0.0125769616182491
2022-03-16,0.00634271084184384
2022-03-17,0.00984639468717128
2022-03-18,0.00480271845906202
2022-03-22,-0.021409785874330442
2022-03-23,-0.0016517044058875392
2022-03-24,0.002138375387035818
2022-03-25,0.002890197413029599
2022-03-28,-0.00257101187712216
2022-03-29,0.0017727112265921597
2022-03-30,-0.00376542801260082
2022-03-31,-0.0020898344716996004
2022-04-01,0.00251395823593692
2022-04-04,-0.0051226751038133
2022-04-05,-0.007674940124814379
2022-04-06,-0.00183729759921332
2022-04-07,0.0077538158642329194
2022-04-08,0.00885092710195412
2022-04-11,-0.00749019634664698
2022-04-12,-0.005475160470070459
2022-04-13,0.00988050150247456
2022-04-14,-0.01020662479237034
2022-04-18,0.008302543229226621
2022-04-19,0.009982480311434101
2022-04-20,0.00956130727177716
2022-04-21,0.00340262510196312
2022-04-22,-8.921173871242029e-05
2022-04-25,-0.010744994783238381
2022-04-26,0.01077910502186016
2022-04-27,0.0014291023403076998
2022-04-28,-0.009431218346610279
2022-05-02,-0.00121213315866284
2022-05-06,-0.0098739613956444
2022-05-09,0.006368973202176418
2022-05-10,0.016190832564326
2022-05-11,0.0053170885736912
2022-05-12,0.00594355164066282
2022-05-13,0.009334269565873519
2022-05-16,-0.014286064072658441
2022-05-17,-0.005910010050471599
2022-05-18,-0.0010035741759060798
2022-05-19,0.00879483979898966
2022-05-20,0.002872245363527961
2022-05-23,0.00423325290354016
2022-05-24,-0.0028242400252382798
2022-05-25,0.00144193169568348
2022-05-26,-0.00489304761092434
2022-05-27,0.00689670267715044
2022-05-31,0.010036035352435899
2022-06-01,0.00345409838983306
2022-06-02,0.00798415477944732
2022-06-03,-0.00437245157729588
2022-06-06,0.003979494361811702
2022-06-07,0.0005008424962141802
2022-06-08,0.0011932611299238617
2022-06-09,0.00298256737235848
2022-06-10,0.001142767313409022
2022-06-13,0.00563858841673474
2022-06-14,0.0052392736297736
2022-06-15,-0.0015135154093977171
2022-06-16,-0.004068204628618221
2022-06-17,0.00891482978398516
2022-06-21,-0.008539154601626641
2022-06-22,0.01881090924680068
2022-06-23,0.0171111510959672
2022-06-24,0.004758403775462239
2022-06-27,0.00303937082595382
2022-06-28,-0.005072885547473458
2022-06-29,-0.0087805569449626
2022-06-30,0.00758977203062522
2022-07-01,-0.004657692457378619
2022-07-05,-0.00202526197486626
2022-07-06,-0.007015802495277381
2022-07-07,0.00173406074237786
2022-07-08,0.0064001879130783
2022-07-11,0.0038251971476391993
2022-07-12,-0.0001823566723012605
2022-07-13,0.0006635456032815399
2022-07-14,0.00368233259086536
2022-07-15,0.010686700754357103
2022-07-19,0.014813633008252959
2022-07-20,-9.895094362947967e-05
2022-07-21,-0.0014095533132819195
2022-07-22,-0.00487766952356984
2022-07-25,0.0004091899476506999
2022-07-26,0.00832968135280484
2022-07-27,-0.0068379301534823396
2022-07-28,-0.0020563578790345595
2022-07-29,0.00227307410254224
2022-08-01,0.006648196331495401
2022-08-02,0.00030835612089676057
2022-08-03,-0.0082222435798567
2022-08-04,-0.0007526078153101395
2022-08-05,-0.003737819715004721
2022-08-08,0.0013564816577268605
2022-08-09,0.0012817380246485394
2022-08-10,-0.00393367109823602
2022-08-12,0.00025971178495116064
2022-08-15,0.0031012467506736207
2022-08-16,0.00376323966658488
2022-08-17,-0.0034691928531361185
2022-08-18,-0.0038856246291522007
2022-08-19,0.007456237389039299
2022-08-22,-0.00081606719170266
2022-08-23,0.0005522512035665197
2022-08-24,-0.00136807303879396
2022-08-25,0.0025944373374144
2022-08-26,-0.0011417609978118795
2022-08-29,0.00793646238536282
2022-08-30,-0.0006899709240315603
2022-08-31,0.0007175705525547601
2022-09-01,-0.005941898710295621
2022-09-02,0.001011685147649339
2022-09-06,0.00117038474869644
2022-09-07,-0.00307101416871566
2022-09-08,-0.0023316433320586423
2022-09-09,-0.0038380328637741
2022-09-12,-0.00790204221725974
2022-09-13,0.00166960591459682
2022-09-14,0.00381882642520684
2022-09-15,0.00215347267962576
2022-09-16,-0.0036954161424029006
2022-09-20,-0.0011901855913639596
2022-09-21,-0.000994096518429759
2022-09-22,6.690112596860129e-05
2022-09-26,0.019943779923986438
2022-09-27,0.002671705618429239
2022-09-28,0.0003792412478734802
2022-09-29,-0.01177430606338128
2022-09-30,-0.005239740788122782
2022-10-03,0.021583743337425416
2022-10-04,0.0068811919155174
2022-10-05,-0.0013193349182126389
2022-10-06,0.00765757876761618
2022-10-07,0.001501885629848221
2022-10-11,-0.00124827757341564
2022-10-12,0.0035525822112706606
2022-10-13,0.002632895140990261
2022-10-14,0.0033426666622707983
2022-10-17,0.0005651667017721003
2022-10-18,-0.00010178260996243985
2022-10-19,0.0044147095366798604
2022-10-20,0.00183295574602458
2022-10-21,-0.0020044677016197985
2022-10-24,-0.0032713430011370795
2022-10-25,0.0006487324627879008
2022-10-26,-0.00248298330781506
2022-10-27,-0.00594276293897002
2022-10-28,-0.00899945194595392
2022-10-31,-0.0024778288690382798
2022-11-01,0.00933563708061136
2022-11-02,0.0089273344955019
2022-11-04,-0.00060114845896974
2022-11-07,0.0004394004162764203
2022-11-08,0.00541755212593586
2022-11-09,-0.0010786360454117802
2022-11-10,0.000727002855210641
2022-11-11,0.01554942039149998
2022-11-14,-0.008075935109350882
2022-11-15,-0.008038312125605759
2022-11-16,0.00453475562921322
2022-11-17,0.012204928976240358
2022-11-18,0.008241160093578961
2022-11-21,-0.00662066284643506
2022-11-22,0.00259722906135648
2022-11-25,0.0004830544130086595
2022-11-28,0.009660920041503799
2022-11-29,-0.0013615011204463204
2022-11-30,0.0035842593550193197
2022-12-01,0.0010632403491230803
2022-12-02,0.007066944894258902
2022-12-05,0.0018319508938780997
2022-12-06,-0.0007155451418685201
2022-12-07,-0.0017352773855395403
2022-12-08,0.008117680113865459
2022-12-09,0.0015881470080467601
2022-12-12,0.0007075705233013799
2022-12-13,0.009221469914664122
2022-12-14,0.0032650723465563404
2022-12-15,-0.0027454823588754806
2022-12-16,0.00318670784210842
2022-12-19,0.0030397617505847404
2022-12-20,-0.011962940372020942
2022-12-21,-0.013891619925129101
2022-12-22,-0.0010872544320149002
2022-12-23,0.0011637644477008593
2022-12-27,-0.00018655527877901997
2022-12-28,-0.004007796348926999
2022-12-29,0.0010494052982629796
2022-12-30,-0.00613736241334956
2023-01-04,0.014150097532976379
2023-01-05,0.00394977725521102
2023-01-06,0.00420987917805854
2023-01-10,-0.00478029116782832
2023-01-11,0.014767557737477982
2023-01-12,0.01462417173684854
2023-01-13,-0.00046489174776170004
2023-01-17,-0.00590713861633676
2023-01-18,0.00031402002738283724
2023-01-19,-0.00683172010235438
2023-01-20,0.0041019104566501
2023-01-23,0.0008712428196448598
2023-01-24,-0.010556429543168221
2023-01-25,-0.00201042658325466
2023-01-26,-0.0016221399023669406
2023-01-27,0.00218836840230788
2023-01-30,0.0030241965029794604
2023-01-31,0.009476401410835842
2023-02-01,0.003919790432392021
2023-02-02,0.0030000432640730993
2023-02-03,0.0027261049769982996
2023-02-06,0.00539943948337712
2023-02-07,-0.00600332602652226
2023-02-08,-0.0047488468073178395
2023-02-09,0.003045150323101799
2023-02-10,-0.00580288229242926
2023-02-13,-0.0014271802479448796
2023-02-14,0.0028874897652586603
2023-02-15,-0.0013512115647548008
2023-02-16,0.002523072198841
2023-02-17,-0.003013004638206899
2023-02-21,-0.00579311791269556
2023-02-22,0.0015833366515608776
2023-02-24,-0.0025409297722927405
2023-02-27,0.0032162138911751795
2023-02-28,-0.00037525805970066006
2023-03-01,0.00998447709628622
2023-03-02,-0.0012314820325136002
2023-03-03,0.0035195838818856025
2023-03-06,-0.00251516888308228
2023-03-07,-0.004508454846583999
2023-03-08,0.01023965878633064
2023-03-09,0.0012185135350652795
2023-03-10,0.01132293174845958
2023-03-13,-0.0011329011451894798
2023-03-14,0.02040885083919584
2023-03-15,0.00015519531582667938
2023-03-16,0.001420810901232401
2023-03-17,-0.00228792095805114
2023-03-20,-0.00576682738337206
2023-03-22,0.0028770276685100796
2023-03-23,-0.00499348777321346
2023-03-24,-0.0010835848863692404
2023-03-27,0.00966326201697072
2023-03-28,0.00037920143163452
2023-03-29,0.0010330470983629606
2023-03-30,8.216849199339988e-06
2023-03-31,-0.005414892673948701
2023-04-03,0.005274895629041341
2023-04-04,-0.0032842435711041003
2023-04-05,-0.0004907559609036802
2023-04-06,0.008508237312505721
2023-04-10,0.00299643250299434
2023-04-11,0.00586896770703362
2023-04-12,0.0027743377669051596
2023-04-13,-0.0022162147366952003
2023-04-14,0.0005578884850507208
2023-04-17,0.0004121543078508401
2023-04-18,-0.006678777245574319
2023-04-19,0.0025548845789775203
2023-04-20,-0.00521270942001852
2023-04-21,0.00989984841423426
2023-04-24,0.005564096433299439
2023-04-25,-0.00111204490236566
2023-04-26,0.0014677609075410805
2023-04-27,0.008374546194989937
2023-04-28,0.011800242800516161
2023-05-01,-0.0032359827809322586
2023-05-02,-0.0030840349486435806
2023-05-08,-0.003175101371575161
2023-05-09,0.007480217708286141
2023-05-10,0.00405646669733348
2023-05-11,-0.00570909334106176
2023-05-12,0.01379031146572632
2023-05-15,-0.011687508323993281
2023-05-16,-0.006908624479551641
2023-05-17,-0.010775369758821322
2023-05-18,0.0164245619028624
2023-05-19,-0.00731607475379486
2023-05-22,-0.0026840780109237804
2023-05-23,-0.0032908950148286603
2023-05-24,0.01177758237141852
2023-05-25,0.00033549970165468006
2023-05-26,-0.0024461879270725
2023-05-30,0.0011325101056478598
2023-05-31,-0.0010201528587597593
2023-06-01,-0.005781573678618961
2023-06-02,0.0007373618598444619
2023-06-05,0.006661020517131581
2023-06-06,-0.008484162917068279
2023-06-07,0.003776267592879661
2023-06-08,-0.005708688902322439
2023-06-09,-0.004151347746884881
2023-06-12,-0.00229585751372648
2023-06-13,-0.0036771690199102806
2023-06-14,0.011685912500230421
2023-06-15,-0.00491386361441568
2023-06-16,0.001383773094219061
2023-06-20,0.0003178738703652397
2023-06-21,-0.011933123210370001
2023-06-22,0.00418943713940032
2023-06-23,0.010888637892773799
2023-06-26,0.0036278040956047196
2023-06-27,-0.0011758639472354397
2023-06-28,-0.0019686529904197406
2023-06-29,0.0007944380011345991
2023-06-30,0.0006128455717794804
2023-07-03,-0.0052863343553171
2023-07-05,0.0011696815919068002
2023-07-06,0.00411116096521974
2023-07-07,-0.0006218933459381398
2023-07-10,-0.0075794460409006805
2023-07-11,-0.001785720359441501
2023-07-12,-0.003950319698377942
2023-07-13,0.002668031522243581
2023-07-14,-0.00941834717367738
2023-07-18,-0.0024017085045582994
2023-07-19,-0.0021007289127577197
2023-07-20,-0.00221379931699672
2023-07-21,0.007413344960473481
2023-07-24,-0.0023557453508046395
2023-07-25,0.007164038649663281
2023-07-26,0.006799126759244281
2023-07-27,0.0016631399218942182
2023-07-28,0.00118856327068868
2023-07-31,0.0009411693505344997
2023-08-01,-0.008239651675246621
2023-08-02,0.00933808797497318
2023-08-03,-0.0014301913586386395
2023-08-04,0.0085047686665877
2023-08-07,0.0034242219897553596
2023-08-08,-0.0021932951143928793
2023-08-09,0.01095799507006544
2023-08-10,0.006076545927818616
2023-08-14,-0.00461166987536262
2023-08-15,0.00374365605897532
2023-08-16,0.01059280756595024
2023-08-17,-0.00661795528680352
2023-08-18,0.0108802776125099
2023-08-21,0.00464078147936628
2023-08-22,-0.006728577413201899
2023-08-23,0.004011213027789199
2023-08-24,0.004382329499239621
2023-08-25,-0.00237485056439578
2023-08-28,-0.009327144604471703
2023-08-29,-0.00855531397330506
2023-08-30,-0.0014702666185076995
2023-08-31,-4.7846024551300055e-05
2023-09-01,0.0058409036054076794
2023-09-05,-0.0009056325436557799
2023-09-06,-0.01024290116000392
2023-09-07,-0.00023862551667325985
2023-09-08,0.005902833166630539
2023-09-11,-0.010191482647481698
2023-09-12,0.011792122723444702
2023-09-13,-0.0014220330603458005
2023-09-14,-0.0031859111242893805
2023-09-15,-0.00512584375958414
2023-09-19,0.0057847544238514206
2023-09-20,0.0022463428768257215
2023-09-21,0.0034947659181102197
2023-09-22,-0.0131850036924532
2023-09-25,0.00901420093069132
2023-09-26,-0.0013310745063293806
2023-09-27,0.00021832457561250015
2023-09-28,0.0011741957032454595
2023-09-29,-0.0009483423658997008
2023-10-02,-0.004596197834014779
2023-10-03,0.002879563823164139
2023-10-04,0.009127422260359539
2023-10-05,-0.007138669929833462
2023-10-06,-0.0023353931314637998
2023-10-10,0.00694452781466166
2023-10-11,-0.00109528130603616
2023-10-12,0.015300411273148682
2023-10-13,-0.001520718160958322
2023-10-16,-0.0075557343059720825
2023-10-17,0.00538050671995502
2023-10-18,0.00801302555106756
2023-10-19,0.013103710079227263
2023-10-20,-0.00507291982842526
2023-10-23,0.008521674856053698
2023-10-24,-0.0020493892749194
2023-10-25,-0.00513304863556004
2023-10-26,0.0076903853458154215
2023-10-27,0.009072314699997641
2023-10-30,-0.005508888293681819
2023-10-31,0.0092991886169417
2023-11-01,-0.0035019958047177793
2023-11-02,0.00818193742599252
2023-11-06,0.0023457672997024386
2023-11-07,-0.003035377357730863
2023-11-08,0.01288268549841634
2023-11-09,0.0032031283393347196
2023-11-10,0.005628593090131478
2023-11-13,0.0018799194333339406
2023-11-14,-0.00095904720769138
2023-11-15,0.00020225838852902002
2023-11-16,-0.00607728734687604
2023-11-17,-0.0067831569335941415
2023-11-20,0.00233325074378498
2023-11-21,0.0014165839049823004
2023-11-22,0.00046704723338867986
2023-11-24,-0.0069864788165869204
2023-11-27,-0.0003637065942752576
2023-11-28,-0.0036057536446932395
2023-11-29,-0.0046435348876261604
2023-11-30,-0.0032921304219960803
2023-12-01,-0.0045306390308562
2023-12-04,-0.00802645061245872
2023-12-05,0.009809977024891477
2023-12-06,0.0019513662649536419
2023-12-07,0.0016812361164859203
2023-12-08,0.00014424489989182075
2023-12-11,-0.013619191560803422
2023-12-12,0.0015284861320149171
2023-12-13,-0.00359329538479652
2023-12-14,0.0022356029191194643
2023-12-15,0.01498720806637462
2023-12-18,0.0024192857418331207
2023-12-19,0.00297098191964974
2023-12-20,0.00616328968114756
2023-12-21,0.0032518433354294008
2023-12-22,-0.00287149195447978
2023-12-26,3.611466651794014e-05
2023-12-27,0.00381066957313714
2023-12-28,-0.0015533746811573603
2023-12-29,0.00443447164139436
2024-01-04,0.00263533003270772
2024-01-05,-1.3564639875195128e-06
2024-01-09,-0.00897501378345542
2024-01-10,0.0018643404015625817
2024-01-11,-0.0018984481497205802
2024-01-12,0.0008469856034327805
2024-01-16,-0.01111451160389016
2024-01-17,-0.0021271417325634204
2024-01-18,0.00020387195237503994
2024-01-19,-0.006922910467799739
2024-01-22,-0.00524923978678722
2024-01-23,-0.0015255865110049404
2024-01-24,-0.0091678076916056
2024-01-25,-0.0024400950555752005
2024-01-26,-0.00301186470640814
2024-01-29,0.0013781820465699202
2024-01-30,-0.0019039855190309402
2024-01-31,-0.0022276779105659603
2024-02-01,0.0012503471505775604
2024-02-02,-0.0018852152162599192
2024-02-05,-0.0036835940070911993
2024-02-06,0.0026590329866811035
2024-02-07,0.0062292543036796405
2024-02-08,-0.0040472227731067
2024-02-09,0.00303714197327052
2024-02-13,0.0020737193376020816
2024-02-14,-0.00310917202884886
2024-02-15,-0.00335049948280624
2024-02-16,0.005483595855552281
2024-02-20,0.00434674092056726
2024-02-21,0.00902143934457884
2024-02-22,0.0048794113981984796
2024-02-26,0.0043952468342511
2024-02-27,0.00917471633679146
2024-02-28,0.00874940187860564
2024-02-29,0.0011656170272712194
2024-03-01,0.0148857730705344
2024-03-04,0.0030246302419087625
2024-03-05,-0.00960614148121684
2024-03-06,-0.0032182455834607595
2024-03-07,0.004782987275728779
2024-03-08,-0.0010676450546579196
2024-03-11,-0.019157782818302042
2024-03-12,0.01012426270529726
2024-03-13,0.008954780642953282
2024-03-14,-0.009121261894167919
2024-03-15,0.0036992859957712208
2024-03-18,0.005520269008217099
2024-03-19,-0.011983729866630558
2024-03-21,-0.0042451193111903
2024-03-22,-0.0029756171176540404
2024-03-25,0.00463738071278862
2024-03-26,-0.005760562928632461
2024-03-27,0.0013898733505284201
2024-03-28,-0.0020107913824415
2024-04-01,-0.008211863080867923
2024-04-02,0.006071956842829101
2024-04-03,0.001824722258469639
2024-04-04,0.0008935081997356203
2024-04-05,-0.00261401414738316
2024-04-08,-0.0033603153989290794
2024-04-09,0.005028815991578121
2024-04-10,0.00446488526048936
2024-04-11,-0.016496019593909297
2024-04-12,-0.0038023278810039606
2024-04-15,0.0017048193427090597
2024-04-16,0.009155373596326602
2024-04-17,-0.001699966536464658
2024-04-18,-0.005111246562272501
2024-04-19,0.0038515030107632597
2024-04-22,-0.0099599253942965
2024-04-23,-0.0002793799257519193
2024-04-24,-0.01147285242138204
2024-04-25,-0.003766339422770661
2024-04-26,0.0012534637893640592
2024-04-30,-0.00408091136971684
2024-05-01,0.0040284072751311404
2024-05-02,-0.00018647837653594035
2024-05-07,-0.0019592035674223397
2024-05-08,0.00329478733568684
2024-05-09,-0.0076656656990987
2024-05-10,-0.0051908347827968
2024-05-13,-0.003923492921316201
2024-05-14,-0.0032815385357559605
2024-05-15,0.0021469816411137793
2024-05-16,0.01235617690617456
2024-05-17,-0.0009915788921817598
2024-05-20,0.009471322857609082
2024-05-21,0.0035126831749018794
2024-05-22,0.00022251199307486008
2024-05-23,0.0010000770010791201
2024-05-24,6.234105496574077e-05
2024-05-28,-0.0002243838181619994
2024-05-29,0.0023963928990329997
2024-05-30,0.0007301916147716796
2024-05-31,0.00270268666698136
2024-06-03,0.01211304971233794
2024-06-04,0.00697624655471116
2024-06-05,0.013236089023318682
2024-06-06,-0.0059431086196856196
2024-06-07,0.0008988760339822799
2024-06-10,0.0002079731020378211
2024-06-11,0.004865280251209541
2024-06-12,-0.00741203499695542
2024-06-13,-0.0014527821463703808
2024-06-14,-0.004577502676519358
2024-06-17,0.010644614329538164
2024-06-18,-0.004318255983470557
2024-06-20,0.0008326838357010601
2024-06-21,-0.005389010653588659
2024-06-24,-0.001379258716530581
2024-06-25,0.005414682614454099
2024-06-26,0.0050595325855796605
2024-06-27,-0.0037776805952222207
2024-06-28,0.005227949013900139
2024-07-01,0.005024545790286279
2024-07-02,-0.00801839193192232
2024-07-03,-0.006900676833113781
2024-07-05,-0.00254801230684136
2024-07-08,0.00221537306257484
2024-07-09,-0.004826860214551041
2024-07-10,-0.006184309477799919
2024-07-11,0.00642260035155504
2024-07-12,-0.01344610385745822
2024-07-16,-0.0024728526939680603
2024-07-17,-0.00884033106010034
2024-07-18,-0.0122250409363199
2024-07-19,0.00241222324184658
2024-07-22,0.00884436929824144
2024-07-23,0.0040414485491117
2024-07-24,-0.0007202168952426605
2024-07-25,0.014349397620618622
2024-07-26,0.00249242202358788
2024-07-29,-0.0001414602789113397
2024-07-30,0.0022461204650821003
2024-07-31,0.01768378554417836
2024-08-01,0.0010891127684648783
2024-08-02,0.01815102204911514
2024-08-05,0.0207384530004218
2024-08-06,-0.013463339836149158
2024-08-07,0.021900805065081907
2024-08-08,-0.009642387236995481
2024-08-09,-0.004608813919445363
2024-08-13,-0.006216206199530902
2024-08-14,0.0007032123937043989
2024-08-15,0.00843765750198246
2024-08-16,-0.004379036533974381
2024-08-19,0.01326463963390976
2024-08-20,0.004398706294035619
2024-08-21,-0.0006930257431237404
2024-08-22,0.00334997156717598
2024-08-23,0.002428758864068922
2024-08-26,-0.004468694657926219
2024-08-27,-0.0006482403244514618
2024-08-28,0.00021233023395500022
2024-08-29,-0.0011523167345299
2024-08-30,0.0036870176782296997
2024-09-03,0.007188604947311799
2024-09-04,0.006320352665513179
2024-09-05,-0.01122888527597374
2024-09-06,0.010768293255451998
2024-09-09,-0.009001285011094703
2024-09-10,0.001964750895388499
2024-09-11,-0.010385941333569921
2024-09-12,0.00364082321631984
2024-09-13,0.0050318034421755
2024-09-17,0.007730581359479861
2024-09-18,-0.001458999066096858
2024-09-19,0.0043998353839086405
2024-09-20,-8.601070006818059e-05
2024-09-24,-0.00817942477197702
2024-09-25,-0.0004921726675359596
2024-09-26,-4.6882519647861026e-05
2024-09-27,0.004600954341900958
2024-09-30,0.00200741515067628
2024-10-01,0.01562377650765004
2024-10-02,0.007498946278859159
2024-10-03,-0.011571986291444703
2024-10-04,-0.002170887061331779
2024-10-07,0.01125830819787608
2024-10-08,-0.00945447677218558
2024-10-09,0.00893254984200398
2024-10-10,-0.00473234624997612
2024-10-11,0.004136670356749619
2024-10-15,-0.008687068609246961
2024-10-16,-0.0032657952598023994
2024-10-17,-0.00235163840632738
2024-10-18,-0.003472252238019981
2024-10-21,-0.0020518058934528207
2024-10-22,0.007529821562998561
2024-10-23,0.0004338268958183405
2024-10-24,0.00741181135732836
2024-10-25,0.00027107540833525966
2024-10-28,-0.00010715973975841675
2024-10-29,0.005303611322984778
2024-10-30,-0.00400888661631268
2024-10-31,-0.0013169202908376405
2024-11-01,-0.008622373447371861
2024-11-05,0.0038697200105419416
2024-11-06,-0.00932054453757756
2024-11-07,-0.006425003787541839
2024-11-08,0.01091430422930438
2024-11-11,0.0009051462018224799
2024-11-12,-0.0039619848703476195
2024-11-13,0.007201862878582541
2024-11-14,0.005530521748493458
2024-11-15,-0.007199831397870979
2024-11-18,0.0021299202310463405
2024-11-19,0.00502425364815724
2024-11-20,0.003767775590173121
2024-11-21,0.004689464875712098
2024-11-22,-0.002869164273765359
2024-11-25,-0.004351532744495901
2024-11-26,0.00834774240608432
2024-11-27,0.006881434330300198
2024-11-29,-0.00017430210130315975
2024-12-02,-0.008595803631330102
2024-12-03,-0.003377746004327599
2024-12-04,-0.005582565979962599
2024-12-05,-0.007305417993825338
2024-12-06,-0.00030010155880342074
2024-12-09,-0.00316585385598618
2024-12-10,-0.002727211847651299
2024-12-11,-0.0012529949116415605
2024-12-12,-9.49972378039214e-05
2024-12-13,0.0057990442569543004
2024-12-16,-0.0015944526531801
2024-12-17,0.008935194362470738
2024-12-18,0.0014306073616946
2024-12-19,-0.0071027296028492205
2024-12-20,0.0007784080448760416
2024-12-23,-0.0028996127831422205
2024-12-24,0.00612356900156832
2024-12-26,-0.00031225579812908105
2024-12-27,0.0025739058675337996
2024-12-30,0.0032042431630572394
2025-01-06,0.007670143477020258
2025-01-07,0.01556964296600154
2025-01-08,0.006364280857442078
2025-01-10,0.0035681133717799405
2025-01-14,0.00447548229493134
2025-01-15,-0.0017845720039933203
2025-01-16,0.0010840550507799605
2025-01-17,0.0032951807377502593
2025-01-21,0.00010710730791478
2025-01-22,0.0006453328269437797
2025-01-23,-0.00667262986173622
2025-01-24,-0.0013830082323631197
2025-01-27,0.017539959874904143
2025-01-28,0.0025423111488994997
2025-01-29,-0.00026794420721774003
2025-01-30,0.00594346044308266
2025-01-31,-0.010720150924011638
2025-02-03,0.007185257053308901
2025-02-04,0.001601453240660659
2025-02-05,-0.0016535069164591585
2025-02-06,0.00048110674080732024
2025-02-07,-0.0018833714258318802
2025-02-10,-0.004829842379483638
2025-02-12,-0.01187771609727046
2025-02-13,0.0025996014901229596
2025-02-14,0.01110782710845042
2025-02-18,-0.002704832910590001
2025-02-19,0.00768963652745652
2025-02-20,0.00654000385414132
2025-02-21,0.00013947756474325937
2025-02-25,0.00546853526869716
2025-02-26,0.01433320860997378
2025-02-27,0.01015115700973252
2025-02-28,0.0014733751385160598
2025-03-03,-0.01053200129855168
2025-03-04,0.0051731683571971596
2025-03-05,0.003902565016152
2025-03-06,0.008247386156009682
2025-03-07,0.0005600464442772199
2025-03-10,-0.0019201471716612795
2025-03-11,0.0025424582219984
2025-03-12,0.0009066958619394043
2025-03-13,-0.00294409268948908
2025-03-14,-0.00517047863599598
2025-03-17,-0.0014426578525502005
2025-03-18,0.0103207704583082
2025-03-19,-0.0020499303741910203
2025-03-21,-0.0005519369909890003
2025-03-24,0.0008287016837592795
2025-03-25,-0.0023644479804752396
2025-03-26,0.00040244137013658015
2025-03-27,-0.00111985918580698
2025-03-28,0.008705539039647861
2025-03-31,0.00855905247609014
2025-04-01,0.00659930562717178
2025-04-02,0.008546073396401382
2025-04-03,-0.02299745768938876
2025-04-04,0.028892451751780644
2025-04-07,-0.019553903040388315
2025-04-08,-0.006749207597109039
2025-04-09,0.01250475736939208
2025-04-10,-0.030714761446488503
2025-04-11,0.009152422238204599
2025-04-14,-0.00914699097246108
2025-04-15,-0.001101158472428
2025-04-16,-0.01743931901839216
2025-04-17,0.015920387572775464
2025-04-21,-0.008955011402596882
2025-04-22,-0.001061893742428181
2025-04-23,-0.0020924708701113405
2025-04-24,-0.007664519613047857
2025-04-25,0.00125839739841868
2025-04-28,0.0009890648087123003
2025-04-30,-0.00338404788633458
2025-05-01,0.00896870934650414
2025-05-02,-0.009519005222395661
2025-05-07,0.00925702697110712
2025-05-08,-0.0064881562146164
2025-05-09,0.011806350020958138
2025-05-12,0.011037692675776341
2025-05-13,0.0018320629423529168
2025-05-14,-0.00014827707497624097
2025-05-15,-0.015737232110175622
2025-05-16,0.0033163330989723202
2025-05-19,0.01314724529994846
2025-05-20,-0.012974835544430942
2025-05-21,0.0025280559948445596
2025-05-22,-0.00202583725533686
2025-05-23,-0.0022954055790540802
2025-05-27,-0.0069872775704870405
2025-05-28,-0.00026592921312914
2025-05-29,0.00586403285808262
2025-05-30,-0.0018137780330967782
2025-06-02,0.004868895419279781
2025-06-03,0.00712269113121554
2025-06-04,-0.0007020683566753799
2025-06-05,0.0006767355666209398
2025-06-06,-0.0011460994990483001
2025-06-09,-0.0017982515914980201
2025-06-10,-0.0054152549923738
2025-06-11,0.00659311032806708
2025-06-12,-0.0005186735097597001
2025-06-13,0.00539184527422414
2025-06-16,-0.00537351748314434
2025-06-17,0.0011492414243371798
2025-06-18,0.0015266526023509416
2025-06-20,-0.00020018894752693974
2025-06-23,0.007052770320359561
2025-06-24,0.0007969032230294199
2025-06-25,0.0012198120053052795
2025-06-26,0.0020919052067480404
2025-06-27,0.00577477300630472
2025-06-30,0.0067756453863354596
2025-07-01,-0.0010831456352037203
2025-07-02,7.563384559980055e-05
2025-07-03,0.00770342919961512
2025-07-07,0.005445993041661761
2025-07-08,-0.009518226124325981
2025-07-09,0.0015448481903910405
2025-07-10,-0.004005167766004459
2025-07-11,-0.007010863691214101
2025-07-14,-0.0022235808633034
2025-07-15,-0.00133240383431712
2025-07-16,-0.00096265289878654
2025-07-17,0.00048410527406451964
2025-07-18,-0.0005033484669209791
2025-07-22,-0.0080925606523694
2025-07-23,0.005978252491987739
2025-07-24,0.0050300713038286
2025-07-25,0.006263025098930959
2025-07-28,-0.00451971896210376
2025-07-29,-8.133635589781989e-05
2025-07-30,0.0025515469638757605
2025-07-31,-0.00461444462514788
2025-08-01,0.0077603955329138994
2025-08-04,-0.005255098124888242
2025-08-05,-0.00114586181613038
2025-08-06,0.002664381403999919
2025-08-07,0.0009197547044852185
2025-08-08,-0.0039936492026375805
2025-08-12,0.0033854099931525383
2025-08-13,-0.00386135910645646
2025-08-14,-0.0030687304048971605
2025-08-15,0.009867957589945
2025-08-18,-0.0004271704003014611
2025-08-19,0.013625694513215261
2025-08-20,-0.002601703031645459
2025-08-21,0.00213365050052356
2025-08-22,-0.0006696856482181603
2025-08-25,0.006323161855302382
2025-08-26,0.002766498434387539
2025-08-27,-0.00703829914449138
2025-08-28,0.007609119632199599
2025-08-29,0.006029849849873521
2025-09-02,0.0014410018545365595
2025-09-03,0.001048671480512041
2025-09-04,0.00278868739951594
2025-09-05,-0.0038556531505275996
2025-09-08,4.5388155968180584e-05
2025-09-09,-0.007611639051794242
2025-09-10,-0.00692984001427782
2025-09-11,-0.0034681397335199196
2025-09-12,0.004922160678254099
2025-09-16,-0.006607777061863159
2025-09-17,0.00024884667382605967
2025-09-18,0.0064657918238496
2025-09-19,0.0010943165359674186
2025-09-22,-0.01467460092647236
2025-09-24,-0.0015895426964397013
2025-09-25,-0.0037868826203051806
2025-09-26,-0.0036794021858828
2025-09-29,-0.0015860081650593185
2025-09-30,0.0013978919729865404
2025-10-01,0.0041882234038560385
2025-10-02,-0.019245138022996763
2025-10-03,-0.0006470685279134619
2025-10-06,0.00939434733819344
2025-10-07,0.007067561690650381
2025-10-08,-0.00535745666798286
2025-10-09,-0.0034072624048714795
2025-10-10,0.011096421013001241
2025-10-14,0.01134351452980734
2025-10-15,0.0074760876441547
2025-10-16,0.01031081236487032
2025-10-17,0.00637379539067706
2025-10-20,0.01139248174865034
2025-10-21,-0.003653595771998101
2025-10-22,-0.007425944345291121
2025-10-23,-0.004734487530529619
2025-10-27,0.00903883210106228
2025-10-28,0.00980342539702878
2025-10-29,0.01592424657827376
2025-10-30,-0.0094926311627648
2025-10-31,-0.00909997401216486
2025-11-04,0.0011947066951248598
2025-11-05,-0.01035553128594318
2025-11-06,0.0113275392125997
2025-11-07,-0.00774415961626596
2025-11-10,0.0014264974509186799
2025-11-11,-0.00814504333299796
2025-11-12,-0.01168036080129666
2025-11-13,-0.003402298353707
2025-11-14,0.006025874273040282
2025-11-17,-0.0007085426345718004
2025-11-18,0.01984450377547228
2025-11-19,-0.00348086326161764
2025-11-20,0.0014421426804445596
2025-11-21,0.0012953829491504192
2025-11-25,-0.005558329533715259
2025-11-26,-0.0019504357725079573
2025-11-28,-0.0005894120408544597
2025-12-01,0.00047878209390008093
2025-12-02,0.00417291680898946
2025-12-03,-0.00068183963690198
2025-12-04,0.012534694687481501
2025-12-05,0.01023945817458044
2025-12-08,0.0017787743903994997
2025-12-09,0.0012807511333912003
2025-12-10,-0.005139668711399419
2025-12-11,0.0039472302935157424
2025-12-12,0.01301875644525804
2025-12-15,-0.010525459681762698
2025-12-16,0.012258211849972299
2025-12-17,-0.0017257909556363986
2025-12-18,-0.00829959953408026
2025-12-19,-0.00039827423241335994
2025-12-22,0.015311328273964279
2025-12-23,-0.00849070703649872
2025-12-24,-0.0010029864641817004
2025-12-26,0.005119804644462939
2025-12-29,0.00567746456426548
2025-12-30,0.00268329836532174
