date,weekday,month,long_1,long_2,long_3,short_1,short_2,short_3,signal_strength,signal_spread,long_return,short_return,strategy_return,long_only_return,is_correct
2016-05-16,Mon,5,retail,utilities,pharma,trading,energy,banks,0.172689,0.154604,-0.005775,-0.005067,-0.000708,-0.005775,0
2016-05-17,Tue,5,transport,banks,finance,trading,electronics,materials,0.032679,0.022614,0.003476,0.0,0.003476,0.003476,1
2016-05-18,Wed,5,electronics,trading,energy,pharma,retail,food,0.606452,0.576057,0.010104,-0.007039,0.017143,0.010104,1
2016-05-19,Thu,5,electronics,trading,energy,retail,food,transport,0.041435,0.036592,-0.004866,-0.003599,-0.001268,-0.004866,0
2016-05-20,Fri,5,food,pharma,retail,trading,electronics,banks,0.289846,0.283426,0.001645,0.001637,8e-06,0.001645,1
2016-05-23,Mon,5,banks,transport,finance,materials,pharma,utilities,0.016635,0.014215,-0.00598,-0.0053,-0.00068,-0.00598,0
2016-05-24,Tue,5,electronics,energy,trading,pharma,retail,food,0.278319,0.267985,0.00468,0.005286,-0.000606,0.00468,0
2016-05-25,Wed,5,food,retail,pharma,energy,trading,electronics,0.451889,0.425271,-0.008455,-0.00701,-0.001445,-0.008455,0
2016-05-26,Thu,5,banks,energy,trading,food,retail,pharma,0.282816,0.275586,-0.006409,0.001094,-0.007503,-0.006409,0
2016-05-27,Fri,5,food,retail,pharma,energy,trading,banks,0.612185,0.600404,-0.000165,-0.00896,0.008795,-0.000165,1
2016-05-31,Tue,5,food,retail,pharma,energy,trading,electronics,0.111614,0.106675,0.003538,0.0,0.003538,0.003538,1
2016-06-01,Wed,6,food,retail,pharma,trading,energy,banks,0.234901,0.230261,-0.015507,-0.003937,-0.01157,-0.015507,0
2016-06-02,Thu,6,food,retail,pharma,energy,trading,banks,0.274771,0.269627,-0.013428,-0.026928,0.0135,-0.013428,1
2016-06-03,Fri,6,food,retail,pharma,electronics,energy,trading,0.102248,0.098513,0.001494,0.000704,0.00079,0.001494,1
2016-06-06,Mon,6,food,retail,pharma,trading,energy,banks,0.387641,0.381498,0.006341,-0.005513,0.011854,0.006341,1
2016-06-07,Tue,6,banks,trading,energy,pharma,retail,food,0.337894,0.331875,0.002096,0.000165,0.001932,0.002096,1
2016-06-08,Wed,6,banks,energy,trading,pharma,retail,food,0.238124,0.234911,0.014249,0.005771,0.008478,0.014249,1
2016-06-09,Thu,6,food,retail,pharma,banks,trading,energy,0.188766,0.183427,0.006033,0.001112,0.00492,0.006033,1
2016-06-10,Fri,6,retail,food,pharma,electronics,trading,banks,0.465307,0.453914,-0.000327,-0.00113,0.000803,-0.000327,1
2016-06-13,Mon,6,pharma,retail,utilities,electronics,trading,banks,0.373292,0.360709,-0.011379,-0.020855,0.009476,-0.011379,1
2016-06-14,Tue,6,energy,trading,electronics,pharma,retail,food,0.159058,0.138102,-0.011997,-0.017929,0.005932,-0.011997,1
2016-06-15,Wed,6,retail,food,pharma,electronics,trading,banks,0.620591,0.606998,0.008063,-0.001198,0.009261,0.008063,1
2016-06-16,Thu,6,banks,trading,energy,pharma,food,retail,0.453998,0.446848,-0.024334,-0.018121,-0.006213,-0.024334,0
2016-06-17,Fri,6,food,retail,pharma,energy,banks,trading,0.213066,0.207994,0.001382,-0.005249,0.006631,0.001382,1
2016-06-20,Mon,6,banks,trading,energy,pharma,retail,food,0.42033,0.413251,0.000448,0.005549,-0.005101,0.000448,0
2016-06-21,Tue,6,banks,electronics,trading,utilities,retail,pharma,0.099881,0.093822,-0.00522,0.005778,-0.010998,-0.00522,0
2016-06-22,Wed,6,banks,electronics,trading,food,retail,pharma,0.130716,0.127193,-0.003123,0.001508,-0.00463,-0.003123,0
2016-06-23,Thu,6,pharma,utilities,retail,trading,electronics,banks,0.022175,0.018719,0.002201,0.014226,-0.012025,0.002201,0
2016-06-24,Fri,6,banks,electronics,trading,utilities,retail,pharma,0.224923,0.205241,-0.054535,-0.043177,-0.011357,-0.054535,0
2016-06-27,Mon,6,pharma,retail,utilities,trading,electronics,banks,0.735379,0.681895,0.029801,5.2e-05,0.029749,0.029801,1
2016-06-28,Tue,6,retail,pharma,food,trading,electronics,banks,0.894813,0.857611,0.017758,0.005154,0.012605,0.017758,1
2016-06-29,Wed,6,banks,electronics,trading,utilities,pharma,retail,0.250067,0.235261,-0.003901,0.009085,-0.012986,-0.003901,0
2016-06-30,Thu,6,banks,electronics,trading,utilities,pharma,retail,0.191835,0.180506,-0.00787,-0.00029,-0.007581,-0.00787,0
2016-07-01,Fri,7,food,pharma,utilities,banks,trading,energy,0.503844,0.474861,0.003026,0.002879,0.000147,0.003026,1
2016-07-05,Tue,7,food,pharma,utilities,banks,trading,energy,0.04172,0.040147,-0.002533,-0.002421,-0.000111,-0.002533,0
2016-07-06,Wed,7,retail,food,pharma,trading,electronics,banks,0.604402,0.591859,-0.004554,-0.021897,0.017343,-0.004554,1
2016-07-07,Thu,7,food,retail,pharma,banks,trading,energy,0.181009,0.17486,-0.003367,0.004539,-0.007906,-0.003367,0
2016-07-08,Fri,7,energy,trading,banks,pharma,retail,food,0.174006,0.166168,0.003156,-0.007916,0.011072,0.003156,1
2016-07-11,Mon,7,electronics,banks,trading,utilities,pharma,retail,0.146816,0.131585,0.019938,0.010514,0.009424,0.019938,1
2016-07-12,Tue,7,banks,electronics,energy,pharma,food,retail,0.191423,0.186107,0.0264,0.003981,0.022419,0.0264,1
2016-07-13,Wed,7,banks,electronics,trading,pharma,food,retail,0.756108,0.73833,-0.004624,-0.024868,0.020243,-0.004624,1
2016-07-14,Thu,7,food,retail,pharma,energy,electronics,banks,0.234305,0.228674,0.005162,0.001857,0.003305,0.005162,1
2016-07-15,Fri,7,banks,electronics,trading,pharma,retail,food,0.155372,0.152925,0.002928,-0.004377,0.007305,0.002928,1
2016-07-19,Tue,7,retail,food,pharma,trading,banks,electronics,0.031727,0.030279,0.00465,0.001147,0.003503,0.00465,1
2016-07-20,Wed,7,energy,trading,banks,pharma,utilities,food,0.01209,0.010628,-0.005654,0.001689,-0.007343,-0.005654,0
2016-07-21,Thu,7,food,retail,pharma,energy,trading,banks,0.143299,0.139648,-0.002343,0.007614,-0.009957,-0.002343,0
2016-07-22,Fri,7,retail,food,pharma,trading,electronics,banks,0.223429,0.218723,0.001347,0.004439,-0.003092,0.001347,0
2016-07-25,Mon,7,food,pharma,retail,trading,energy,banks,0.164215,0.157886,-0.00334,-0.002328,-0.001012,-0.00334,0
2016-07-26,Tue,7,retail,food,pharma,trading,banks,electronics,0.169617,0.165902,0.001684,-0.009419,0.011103,0.001684,1
2016-07-27,Wed,7,banks,trading,energy,pharma,retail,food,0.412555,0.39955,-0.009874,-0.001675,-0.008199,-0.009874,0
2016-07-28,Thu,7,banks,energy,trading,utilities,pharma,food,0.153388,0.147265,-0.006917,-0.01223,0.005313,-0.006917,1
2016-07-29,Fri,7,food,pharma,utilities,trading,energy,banks,0.030039,0.028805,-0.002443,0.023073,-0.025516,-0.002443,0
2016-08-01,Mon,8,food,pharma,utilities,trading,energy,banks,0.067353,0.064576,0.000965,0.011014,-0.010048,0.000965,0
2016-08-02,Tue,8,food,retail,pharma,trading,electronics,banks,0.495509,0.488243,-0.005006,-0.018274,0.013268,-0.005006,1
2016-08-03,Wed,8,banks,energy,trading,utilities,pharma,food,0.108966,0.102252,0.000727,-0.015947,0.016674,0.000727,1
2016-08-04,Thu,8,banks,trading,electronics,retail,pharma,food,0.47027,0.462446,-0.003749,-0.014888,0.011139,-0.003749,1
2016-08-05,Fri,8,food,retail,pharma,electronics,banks,trading,0.052412,0.05155,-0.008612,-0.005007,-0.003605,-0.008612,0
2016-08-08,Mon,8,trading,banks,electronics,pharma,retail,food,0.441042,0.431547,0.012435,-0.012487,0.024922,0.012435,1
2016-08-09,Tue,8,trading,banks,energy,retail,pharma,food,0.342306,0.334156,0.006439,0.0,0.006439,0.006439,1
2016-08-10,Wed,8,food,pharma,retail,energy,banks,trading,0.091292,0.089742,0.001282,0.004721,-0.003439,0.001282,0
2016-08-12,Fri,8,food,retail,pharma,electronics,banks,trading,0.173292,0.171745,0.003509,-0.006907,0.010416,0.003509,1
2016-08-15,Mon,8,food,retail,pharma,banks,electronics,trading,0.07945,0.07853,-0.005887,-0.000386,-0.005501,-0.005887,0
2016-08-16,Tue,8,banks,trading,energy,retail,pharma,food,0.520428,0.510223,-0.019197,-0.004442,-0.014755,-0.019197,0
2016-08-17,Wed,8,banks,trading,energy,utilities,food,pharma,0.311044,0.303686,0.024002,-0.000517,0.024519,0.024002,1
2016-08-18,Thu,8,food,pharma,retail,energy,trading,banks,0.218934,0.214375,-0.013116,-0.007166,-0.00595,-0.013116,0
2016-08-19,Fri,8,pharma,food,utilities,energy,trading,banks,0.043401,0.041212,-0.009916,0.012939,-0.022855,-0.009916,0
2016-08-22,Mon,8,banks,trading,energy,utilities,food,pharma,0.106067,0.102217,-0.002967,0.002033,-0.005,-0.002967,0
2016-08-23,Tue,8,food,pharma,retail,energy,trading,banks,0.1395,0.137582,0.005792,-0.001744,0.007536,0.005792,1
2016-08-24,Wed,8,banks,trading,energy,retail,pharma,food,0.265754,0.261768,-0.002179,0.003874,-0.006053,-0.002179,0
2016-08-25,Thu,8,banks,energy,trading,utilities,food,pharma,0.16811,0.162968,-0.003173,-0.003797,0.000624,-0.003173,1
2016-08-26,Fri,8,banks,trading,energy,retail,pharma,food,0.307631,0.30256,-0.002672,-0.009079,0.006408,-0.002672,1
2016-08-29,Mon,8,banks,energy,trading,utilities,food,pharma,0.183163,0.178657,0.010887,-0.007994,0.018881,0.010887,1
2016-08-30,Tue,8,electronics,trading,energy,utilities,food,retail,0.088861,0.082131,0.003987,-0.000741,0.004728,0.003987,1
2016-08-31,Wed,8,banks,energy,trading,retail,pharma,food,0.386298,0.379202,0.020326,-0.003497,0.023823,0.020326,1
2016-09-01,Thu,9,food,retail,pharma,energy,banks,trading,0.286723,0.282581,0.001854,-0.001774,0.003628,0.001854,1
2016-09-02,Fri,9,banks,energy,trading,utilities,pharma,food,0.041592,0.040476,-0.001199,0.003661,-0.00486,-0.001199,0
2016-09-06,Tue,9,pharma,food,utilities,trading,energy,banks,0.094684,0.089991,0.003374,-0.001235,0.004608,0.003374,1
2016-09-07,Wed,9,pharma,food,utilities,trading,energy,banks,0.126571,0.12345,0.003401,0.004028,-0.000627,0.003401,0
2016-09-08,Thu,9,banks,energy,trading,retail,pharma,food,0.25898,0.25453,-0.005464,-0.001155,-0.004308,-0.005464,0
2016-09-09,Fri,9,banks,energy,trading,utilities,food,pharma,0.083371,0.080493,-0.000708,-0.003393,0.002684,-0.000708,1
2016-09-12,Mon,9,banks,energy,trading,utilities,food,pharma,0.407258,0.383649,-0.009882,-0.006127,-0.003755,-0.009882,0
2016-09-13,Tue,9,food,pharma,retail,trading,banks,energy,0.66178,0.646469,0.00348,-0.001376,0.004856,0.00348,1
2016-09-14,Wed,9,retail,food,pharma,banks,trading,electronics,0.242622,0.230374,-0.001428,-0.002868,0.00144,-0.001428,1
2016-09-15,Thu,9,food,retail,pharma,trading,energy,banks,0.205559,0.202699,-0.001296,-0.00272,0.001424,-0.001296,1
2016-09-16,Fri,9,food,pharma,utilities,trading,banks,energy,0.2557,0.250924,0.004527,0.009104,-0.004576,0.004527,0
2016-09-20,Tue,9,food,retail,pharma,energy,trading,banks,0.303906,0.299891,0.002114,-0.007249,0.009362,0.002114,1
2016-09-21,Wed,9,food,retail,pharma,banks,energy,trading,0.158982,0.156966,0.011928,0.02888,-0.016952,0.011928,0
2016-09-23,Fri,9,utilities,pharma,food,steel,banks,energy,0.046937,0.042246,-0.001536,-0.004358,0.002822,-0.001536,1
2016-09-26,Mon,9,energy,banks,trading,food,utilities,pharma,0.063674,0.061711,-0.018582,-0.003782,-0.014799,-0.018582,0
2016-09-27,Tue,9,energy,trading,banks,utilities,food,pharma,0.186515,0.18253,0.009687,0.009604,8.3e-05,0.009687,1
2016-09-28,Wed,9,food,pharma,retail,banks,energy,trading,0.163414,0.159907,0.002377,-0.004557,0.006934,0.002377,1
2016-09-29,Thu,9,trading,banks,energy,pharma,retail,food,0.742961,0.724729,-0.003839,-0.002811,-0.001027,-0.003839,0
2016-09-30,Fri,9,trading,electronics,energy,food,utilities,pharma,0.266457,0.259475,0.00035,-0.013226,0.013576,0.00035,1
2016-10-03,Mon,10,banks,energy,electronics,pharma,retail,food,0.042091,0.037954,-0.000381,0.002129,-0.00251,-0.000381,0
2016-10-04,Tue,10,steel,machinery,transport,pharma,utilities,it_services,0.015647,0.012539,-0.004601,-0.00391,-0.000691,-0.004601,0
2016-10-05,Wed,10,trading,electronics,energy,retail,utilities,pharma,0.082261,0.078739,0.002704,-0.002762,0.005466,0.002704,1
2016-10-06,Thu,10,energy,banks,trading,pharma,retail,food,0.179028,0.177389,0.006247,-5.5e-05,0.006302,0.006247,1
2016-10-07,Fri,10,trading,energy,banks,pharma,retail,food,0.146659,0.145122,0.000573,-0.003871,0.004444,0.000573,1
2016-10-11,Tue,10,food,retail,pharma,trading,banks,energy,0.282408,0.279681,-0.001565,0.008439,-0.010003,-0.001565,0
2016-10-12,Wed,10,trading,energy,electronics,retail,food,utilities,0.335622,0.333221,0.00166,-0.00311,0.004771,0.00166,1
2016-10-13,Thu,10,retail,food,utilities,electronics,trading,energy,0.113413,0.11113,-0.004921,-0.006944,0.002023,-0.004921,1
2016-10-14,Fri,10,retail,food,pharma,banks,energy,trading,0.323688,0.320233,0.002603,0.005675,-0.003073,0.002603,0
2016-10-17,Mon,10,energy,trading,banks,pharma,retail,food,0.161228,0.15858,0.003276,-0.001583,0.004859,0.003276,1
2016-10-18,Tue,10,steel,electronics,energy,retail,utilities,it_services,0.010647,0.008588,0.000505,0.002991,-0.002486,0.000505,0
2016-10-19,Wed,10,utilities,retail,food,trading,electronics,energy,0.104477,0.098741,0.002747,-0.002549,0.005296,0.002747,1
2016-10-20,Thu,10,energy,trading,banks,retail,food,pharma,0.605855,0.595137,0.003027,0.001217,0.00181,0.003027,1
2016-10-21,Fri,10,food,pharma,retail,banks,trading,energy,0.073157,0.07226,-0.001414,-0.001681,0.000267,-0.001414,1
2016-10-24,Mon,10,pharma,food,retail,electronics,trading,energy,0.055181,0.053708,0.000532,-0.003653,0.004185,0.000532,1
2016-10-25,Tue,10,pharma,food,retail,electronics,trading,energy,0.267832,0.261837,0.002096,-0.003056,0.005152,0.002096,1
2016-10-26,Wed,10,food,pharma,retail,banks,trading,energy,0.270991,0.2661,0.003121,-0.006955,0.010076,0.003121,1
2016-10-27,Thu,10,energy,trading,electronics,food,retail,pharma,0.137343,0.13388,-0.000181,-0.000422,0.000241,-0.000181,1
2016-10-28,Fri,10,food,pharma,retail,banks,trading,energy,0.220804,0.217141,0.002407,0.007447,-0.00504,0.002407,0
2016-10-31,Mon,10,energy,trading,banks,retail,pharma,food,0.219381,0.213748,0.002099,-0.001755,0.003854,0.002099,1
2016-11-01,Tue,11,retail,pharma,food,electronics,trading,energy,0.178722,0.174262,0.001236,-0.000287,0.001523,0.001236,1
2016-11-02,Wed,11,energy,electronics,trading,pharma,retail,utilities,0.129657,0.124451,-0.014455,-0.00476,-0.009695,-0.014455,0
2016-11-04,Fri,11,food,pharma,retail,energy,trading,banks,0.139903,0.132343,-0.012833,-0.007282,-0.005551,-0.012833,0
2016-11-07,Mon,11,energy,banks,trading,retail,pharma,food,0.119231,0.116784,0.006912,0.002559,0.004353,0.006912,1
2016-11-08,Tue,11,retail,utilities,pharma,trading,electronics,energy,0.259883,0.244284,-0.006095,-0.00252,-0.003576,-0.006095,0
2016-11-09,Wed,11,retail,pharma,utilities,electronics,trading,energy,0.169072,0.159951,-0.018041,-0.048407,0.030366,-0.018041,1
2016-11-10,Thu,11,energy,banks,trading,retail,pharma,food,1.123584,1.083134,0.01703,0.009374,0.007656,0.01703,1
2016-11-11,Fri,11,energy,trading,banks,pharma,retail,food,1.444551,1.393499,0.011613,-0.000696,0.012309,0.011613,1
2016-11-14,Mon,11,food,utilities,retail,trading,banks,energy,0.211703,0.201111,0.005612,0.017686,-0.012074,0.005612,0
2016-11-15,Tue,11,energy,trading,banks,retail,utilities,food,0.925971,0.883527,0.007265,0.005038,0.002228,0.007265,1
2016-11-16,Wed,11,food,utilities,retail,electronics,trading,energy,0.351212,0.34157,0.000725,0.009904,-0.009178,0.000725,0
2016-11-17,Thu,11,food,retail,utilities,banks,trading,energy,0.394031,0.374521,0.004863,0.000945,0.003918,0.004863,1
2016-11-18,Fri,11,food,utilities,retail,electronics,trading,energy,0.144357,0.141105,-0.006677,0.000242,-0.006919,-0.006677,0
2016-11-21,Mon,11,energy,trading,electronics,retail,utilities,food,0.230257,0.221022,0.010641,0.00499,0.005651,0.010641,1
2016-11-22,Tue,11,utilities,retail,pharma,electronics,trading,energy,0.081112,0.072555,0.006846,0.006203,0.000643,0.006846,1
2016-11-25,Fri,11,energy,banks,trading,utilities,retail,food,0.207232,0.19601,-0.004517,0.001864,-0.006381,-0.004517,0
2016-11-28,Mon,11,food,utilities,retail,electronics,trading,energy,0.395027,0.383413,0.007625,-0.002893,0.010518,0.007625,1
2016-11-29,Tue,11,food,utilities,retail,banks,trading,energy,0.532846,0.509765,0.003969,0.005295,-0.001325,0.003969,0
2016-11-30,Wed,11,food,utilities,retail,electronics,trading,energy,0.181127,0.175643,0.002422,0.000521,0.001902,0.002422,1
2016-12-01,Thu,12,energy,trading,electronics,retail,utilities,food,1.592289,1.529956,0.010846,-0.003765,0.014611,0.010846,1
2016-12-02,Fri,12,energy,trading,electronics,retail,utilities,food,0.665665,0.640767,-0.001551,-0.008859,0.007309,-0.001551,1
2016-12-05,Mon,12,food,utilities,retail,electronics,trading,energy,0.360855,0.34542,-0.005828,-0.001564,-0.004264,-0.005828,0
2016-12-06,Tue,12,banks,energy,trading,retail,pharma,food,0.19385,0.181004,0.010688,9.2e-05,0.010596,0.010688,1
2016-12-07,Wed,12,utilities,retail,food,electronics,energy,trading,0.01935,0.017299,0.008986,0.012266,-0.00328,0.008986,0
2016-12-08,Thu,12,banks,energy,electronics,retail,pharma,food,0.073625,0.059573,0.004556,-0.001636,0.006193,0.004556,1
2016-12-09,Fri,12,energy,banks,trading,retail,utilities,food,0.221657,0.210881,0.018791,0.000736,0.018055,0.018791,1
2016-12-12,Mon,12,food,utilities,retail,banks,trading,energy,0.604706,0.583824,0.015113,-0.011007,0.02612,0.015113,1
2016-12-13,Tue,12,food,utilities,retail,banks,trading,energy,0.278885,0.26715,0.011172,0.008268,0.002903,0.011172,1
2016-12-14,Wed,12,food,utilities,retail,banks,energy,trading,0.406361,0.391441,-0.002125,-0.006973,0.004848,-0.002125,1
2016-12-15,Thu,12,food,retail,pharma,trading,energy,banks,0.150873,0.134197,-0.001452,-0.009629,0.008177,-0.001452,1
2016-12-16,Fri,12,food,utilities,retail,banks,trading,energy,0.21178,0.203566,0.002608,0.007346,-0.004737,0.002608,0
2016-12-19,Mon,12,food,utilities,retail,banks,trading,energy,0.171034,0.163055,0.011313,0.000614,0.010699,0.011313,1
2016-12-20,Tue,12,food,utilities,retail,banks,trading,energy,0.187146,0.179763,0.001336,-0.010569,0.011906,0.001336,1
2016-12-21,Wed,12,energy,banks,trading,utilities,retail,food,0.069621,0.065168,-0.003041,-0.003399,0.000358,-0.003041,1
2016-12-22,Thu,12,food,retail,pharma,trading,energy,banks,0.066706,0.061447,-0.00292,-0.001074,-0.001846,-0.00292,0
2016-12-27,Tue,12,food,retail,pharma,trading,banks,energy,0.151663,0.142718,0.003096,0.001669,0.001427,0.003096,1
2016-12-28,Wed,12,utilities,pharma,retail,banks,electronics,trading,0.013539,0.012281,-0.001918,0.004615,-0.006533,-0.001918,0
2016-12-29,Thu,12,food,retail,pharma,electronics,banks,energy,0.121331,0.108989,-0.001967,-0.007732,0.005764,-0.001967,1
2016-12-30,Fri,12,food,utilities,retail,banks,trading,energy,0.372706,0.358348,-0.003465,0.001719,-0.005184,-0.003465,0
2017-01-04,Wed,1,trading,banks,energy,retail,utilities,food,0.238624,0.229919,0.011267,0.012404,-0.001137,0.011267,0
2017-01-05,Thu,1,energy,banks,trading,utilities,retail,food,0.214426,0.197504,-0.012712,-0.00663,-0.006082,-0.012712,0
2017-01-06,Fri,1,food,utilities,retail,trading,energy,banks,0.406087,0.388384,0.00357,-0.003486,0.007056,0.00357,1
2017-01-10,Tue,1,food,utilities,retail,energy,trading,banks,0.185823,0.180149,-0.00988,-0.004422,-0.005458,-0.00988,0
2017-01-11,Wed,1,food,retail,utilities,trading,banks,energy,0.135016,0.127247,0.0,0.007389,-0.007389,0.0,0
2017-01-12,Thu,1,energy,banks,trading,retail,pharma,food,0.136054,0.128034,0.001205,-0.014988,0.016193,0.001205,1
2017-01-13,Fri,1,food,retail,pharma,trading,banks,energy,0.181572,0.171737,-0.002414,0.008099,-0.010514,-0.002414,0
2017-01-17,Tue,1,food,retail,utilities,trading,banks,energy,0.115159,0.110637,-0.008493,-0.011626,0.003132,-0.008493,1
2017-01-18,Wed,1,food,retail,utilities,trading,banks,energy,0.624576,0.596492,-0.001355,0.01019,-0.011545,-0.001355,0
2017-01-19,Thu,1,energy,banks,trading,pharma,retail,food,0.109896,0.104418,0.005179,-0.000743,0.005922,0.005179,1
2017-01-20,Fri,1,food,pharma,retail,trading,banks,energy,0.084695,0.077581,-0.002861,0.007159,-0.01002,-0.002861,0
2017-01-23,Mon,1,energy,banks,trading,retail,pharma,food,0.076993,0.071142,-0.005166,-0.002958,-0.002208,-0.005166,0
2017-01-24,Tue,1,food,pharma,retail,trading,banks,energy,0.085663,0.079347,-0.000703,-0.003589,0.002886,-0.000703,1
2017-01-25,Wed,1,energy,banks,trading,pharma,retail,food,0.631689,0.599454,-0.006313,-0.006564,0.000251,-0.006313,1
2017-01-26,Thu,1,energy,trading,electronics,it_services,pharma,food,0.026299,0.021003,-0.005005,0.001753,-0.006757,-0.005005,0
2017-01-27,Fri,1,trading,banks,energy,utilities,retail,food,0.263257,0.254189,0.010005,-0.000682,0.010687,0.010005,1
2017-01-30,Mon,1,food,retail,utilities,banks,trading,energy,0.441545,0.422249,-0.000466,-0.002437,0.001971,-0.000466,1
2017-01-31,Tue,1,food,retail,pharma,banks,trading,energy,0.416687,0.39631,-0.002791,-0.000529,-0.002262,-0.002791,0
2017-02-01,Wed,2,food,retail,utilities,energy,banks,trading,0.585865,0.561957,0.008201,0.007288,0.000913,0.008201,1
2017-02-02,Thu,2,food,pharma,retail,banks,trading,energy,0.014198,0.011878,-0.001063,-0.015479,0.014416,-0.001063,1
2017-02-03,Fri,2,food,retail,utilities,energy,banks,trading,0.253242,0.244207,0.004355,0.007521,-0.003166,0.004355,0
2017-02-06,Mon,2,energy,trading,banks,retail,pharma,food,0.113252,0.107478,-0.004611,0.001564,-0.006175,-0.004611,0
2017-02-07,Tue,2,food,retail,pharma,banks,trading,energy,0.197448,0.189865,0.000519,0.000403,0.000115,0.000519,1
2017-02-08,Wed,2,food,retail,pharma,energy,banks,trading,0.641163,0.620201,0.003465,-0.009282,0.012747,0.003465,1
2017-02-09,Thu,2,food,retail,utilities,energy,banks,trading,0.16989,0.164422,-0.001433,-0.007245,0.005812,-0.001433,1
2017-02-10,Fri,2,energy,trading,banks,pharma,retail,food,0.249453,0.241778,0.013942,0.004799,0.009144,0.013942,1
2017-02-13,Mon,2,energy,trading,banks,pharma,retail,food,0.170045,0.165679,0.013628,0.005331,0.008297,0.013628,1
2017-02-14,Tue,2,energy,trading,banks,pharma,food,retail,0.118401,0.114887,-0.009294,-0.005005,-0.004289,-0.009294,0
2017-02-15,Wed,2,energy,trading,realestate,pharma,it_services,retail,0.002488,0.001859,0.003936,0.0,0.003936,0.003936,1
2017-02-16,Thu,2,pharma,food,retail,electronics,banks,trading,0.427535,0.413628,-0.001343,0.0,-0.001343,-0.001343,0
2017-02-17,Fri,2,pharma,food,retail,banks,energy,trading,0.327908,0.317068,0.003074,0.000471,0.002603,0.003074,1
2017-02-21,Tue,2,pharma,food,retail,energy,banks,trading,0.260096,0.25274,0.005093,0.003281,0.001812,0.005093,1
2017-02-22,Wed,2,pharma,food,utilities,energy,electronics,banks,0.123236,0.115639,-0.003586,-0.001686,-0.001901,-0.003586,0
2017-02-23,Thu,2,pharma,food,retail,banks,energy,trading,0.213145,0.207826,0.003217,0.001905,0.001312,0.003217,1
2017-02-24,Fri,2,pharma,food,retail,energy,banks,trading,0.333854,0.323901,0.004439,0.007301,-0.002862,0.004439,0
2017-02-27,Mon,2,pharma,food,retail,energy,trading,banks,0.539848,0.524754,-0.001786,-0.017537,0.015751,-0.001786,1
2017-02-28,Tue,2,banks,trading,energy,retail,food,pharma,0.360767,0.351843,0.005054,-0.003532,0.008586,0.005054,1
2017-03-01,Wed,3,retail,food,pharma,banks,energy,trading,0.084328,0.081301,0.003661,-0.000951,0.004611,0.003661,1
2017-03-02,Thu,3,trading,energy,banks,retail,food,pharma,0.695833,0.684906,0.004855,0.002121,0.002734,0.004855,1
2017-03-03,Fri,3,food,pharma,retail,energy,banks,trading,0.496163,0.488213,-0.000507,-0.006183,0.005676,-0.000507,1
2017-03-06,Mon,3,electronics,banks,energy,utilities,food,pharma,0.033862,0.031364,0.004823,-0.002837,0.007659,0.004823,1
2017-03-07,Tue,3,electronics,banks,energy,utilities,food,pharma,0.086721,0.080564,0.002463,0.003795,-0.001332,0.002463,0
2017-03-08,Wed,3,retail,food,pharma,banks,trading,energy,0.02809,0.020959,-0.001684,-0.005653,0.003969,-0.001684,1
2017-03-09,Thu,3,retail,food,pharma,banks,energy,trading,0.312733,0.30553,-0.00118,0.00244,-0.00362,-0.00118,0
2017-03-10,Fri,3,food,retail,pharma,banks,energy,trading,0.121429,0.118646,0.009854,0.014313,-0.004459,0.009854,0
2017-03-13,Mon,3,food,pharma,retail,trading,electronics,banks,0.290155,0.285985,0.003386,0.001998,0.001388,0.003386,1
2017-03-14,Tue,3,trading,banks,electronics,pharma,retail,food,0.165219,0.16309,-0.005643,-0.002324,-0.003319,-0.005643,0
2017-03-15,Wed,3,retail,utilities,food,banks,energy,trading,0.048138,0.040499,-0.000476,-0.004551,0.004075,-0.000476,1
2017-03-16,Thu,3,trading,energy,banks,food,utilities,retail,0.0868,0.066646,-0.004244,0.0,-0.004244,-0.004244,0
2017-03-17,Fri,3,electronics,energy,banks,retail,pharma,food,0.235313,0.231105,0.001627,-0.001173,0.0028,0.001627,1
2017-03-21,Tue,3,energy,electronics,trading,pharma,retail,food,0.098889,0.097713,-0.006228,0.003404,-0.009632,-0.006228,0
2017-03-22,Wed,3,retail,utilities,food,energy,banks,trading,0.38606,0.369009,0.002412,-0.013001,0.015413,0.002412,1
2017-03-23,Thu,3,pharma,food,retail,banks,energy,electronics,0.038016,0.036646,-0.000853,0.006632,-0.007485,-0.000853,0
2017-03-24,Fri,3,energy,trading,electronics,retail,pharma,food,0.517084,0.508533,0.002545,-0.00088,0.003424,0.002545,1
2017-03-27,Mon,3,food,retail,utilities,banks,trading,energy,0.181704,0.178982,0.000476,-0.001837,0.002313,0.000476,1
2017-03-28,Tue,3,utilities,retail,food,banks,energy,trading,0.074258,0.072583,0.00428,0.006458,-0.002179,0.00428,0
2017-03-29,Wed,3,energy,trading,banks,utilities,retail,food,0.577663,0.570131,-0.00208,0.007069,-0.009148,-0.00208,0
2017-03-30,Thu,3,energy,trading,electronics,utilities,retail,food,0.226531,0.222133,0.001656,-0.010202,0.011857,0.001656,1
2017-03-31,Fri,3,energy,trading,electronics,utilities,retail,food,0.472588,0.462063,-0.00321,0.001399,-0.004608,-0.00321,0
2017-04-03,Mon,4,electronics,energy,banks,retail,pharma,food,0.130139,0.124568,-0.00363,0.007035,-0.010665,-0.00363,0
2017-04-04,Tue,4,electronics,energy,banks,retail,pharma,food,0.049937,0.046519,-0.012272,-0.004039,-0.008233,-0.012272,0
2017-04-05,Wed,4,trading,energy,banks,utilities,retail,food,0.051951,0.050651,-0.009931,0.0,-0.009931,-0.009931,0
2017-04-06,Thu,4,electronics,energy,banks,retail,pharma,food,0.099324,0.095326,-0.005976,-0.003223,-0.002753,-0.005976,0
2017-04-07,Fri,4,energy,trading,electronics,utilities,retail,food,0.494778,0.482423,0.011783,-0.002621,0.014404,0.011783,1
2017-04-10,Mon,4,retail,utilities,food,banks,energy,trading,0.048873,0.046991,-0.00554,-0.000663,-0.004877,-0.00554,0
2017-04-11,Tue,4,trading,energy,electronics,utilities,retail,food,0.263227,0.256164,-0.004963,0.0,-0.004963,-0.004963,0
2017-04-12,Wed,4,energy,electronics,trading,retail,pharma,food,0.217587,0.211465,-0.014198,-0.000172,-0.014026,-0.014198,0
2017-04-13,Thu,4,food,utilities,retail,banks,energy,trading,0.53485,0.519011,0.002341,-0.004489,0.00683,0.002341,1
2017-04-17,Mon,4,utilities,retail,food,banks,energy,trading,0.207859,0.195779,0.004298,0.000577,0.003721,0.004298,1
2017-04-18,Tue,4,trading,energy,banks,food,retail,utilities,0.125416,0.108211,-0.00549,-0.006001,0.000511,-0.00549,1
2017-04-19,Wed,4,utilities,retail,food,banks,energy,trading,0.060153,0.055215,0.002341,0.000208,0.002133,0.002341,1
2017-04-20,Thu,4,electronics,energy,banks,utilities,food,pharma,0.057255,0.051489,0.009734,-0.002188,0.011923,0.009734,1
2017-04-21,Fri,4,trading,energy,banks,retail,food,utilities,0.385924,0.369957,-0.002138,0.000931,-0.003069,-0.002138,0
2017-04-24,Mon,4,construction,utilities,retail,pharma,materials,trading,0.015497,0.012965,0.000714,0.001355,-0.000641,0.000714,0
2017-04-25,Tue,4,food,pharma,utilities,trading,energy,electronics,0.364877,0.347613,0.001867,-0.002173,0.00404,0.001867,1
2017-04-26,Wed,4,trading,banks,energy,retail,food,utilities,0.379547,0.368748,0.007722,-0.00218,0.009902,0.007722,1
2017-04-27,Thu,4,energy,electronics,trading,utilities,pharma,food,0.127221,0.122576,0.00078,-0.000132,0.000911,0.00078,1
2017-04-28,Fri,4,food,utilities,retail,banks,energy,trading,0.297715,0.289982,0.0,-0.004179,0.004179,0.0,1
2017-05-01,Mon,5,utilities,food,retail,energy,banks,trading,0.307826,0.29913,-0.000914,0.0081,-0.009014,-0.000914,0
2017-05-02,Tue,5,trading,energy,banks,retail,utilities,food,0.256965,0.25127,0.000407,-0.003461,0.003868,0.000407,1
2017-05-08,Mon,5,trading,energy,electronics,retail,utilities,food,0.141227,0.136741,0.006408,0.008375,-0.001967,0.006408,0
2017-05-09,Tue,5,electronics,energy,construction,retail,pharma,food,0.013729,0.010664,-0.000441,0.001656,-0.002097,-0.000441,0
2017-05-10,Wed,5,utilities,retail,food,energy,trading,banks,0.032052,0.026253,0.003921,0.002008,0.001913,0.003921,1
2017-05-11,Thu,5,trading,energy,banks,retail,utilities,food,0.389969,0.381323,0.001456,-0.003007,0.004462,0.001456,1
2017-05-12,Fri,5,utilities,food,retail,energy,banks,trading,0.226421,0.220433,0.001173,0.002557,-0.001383,0.001173,0
2017-05-15,Mon,5,utilities,food,retail,energy,banks,trading,0.172786,0.16731,0.00652,-0.00568,0.0122,0.00652,1
2017-05-16,Tue,5,banks,trading,energy,retail,food,utilities,0.05206,0.040576,-0.003022,0.000918,-0.00394,-0.003022,0
2017-05-17,Wed,5,energy,electronics,trading,pharma,retail,food,0.146343,0.142273,-0.004547,0.003265,-0.007812,-0.004547,0
2017-05-18,Thu,5,electronics,energy,trading,pharma,retail,food,0.217611,0.20678,-0.000977,0.001871,-0.002848,-0.000977,0
2017-05-19,Fri,5,food,retail,pharma,trading,energy,electronics,0.128232,0.125274,-0.003887,0.003196,-0.007084,-0.003887,0
2017-05-22,Mon,5,banks,trading,energy,retail,food,utilities,0.197053,0.177197,0.000634,-0.002716,0.00335,0.000634,1
2017-05-23,Tue,5,food,retail,utilities,electronics,energy,trading,0.458012,0.445049,-0.000877,-0.00413,0.003253,-0.000877,1
2017-05-24,Wed,5,banks,trading,energy,retail,food,utilities,0.026173,0.022648,-0.000935,0.003405,-0.00434,-0.000935,0
2017-05-25,Thu,5,food,retail,pharma,electronics,trading,energy,0.196529,0.191814,0.0,0.000137,-0.000137,0.0,0
2017-05-26,Fri,5,food,retail,utilities,banks,energy,trading,0.74476,0.725535,0.000429,-0.005707,0.006136,0.000429,1
2017-05-30,Tue,5,food,utilities,retail,banks,energy,trading,0.070432,0.068858,0.003019,-0.001701,0.004719,0.003019,1
2017-05-31,Wed,5,utilities,food,retail,banks,energy,trading,0.365844,0.358203,-0.004713,-0.003997,-0.000716,-0.004713,0
2017-06-01,Thu,6,food,utilities,retail,banks,energy,trading,0.353545,0.346634,0.011831,1e-06,0.01183,0.011831,1
2017-06-02,Fri,6,retail,food,pharma,trading,electronics,energy,0.188717,0.180239,0.001349,0.0126,-0.011252,0.001349,0
2017-06-05,Mon,6,food,utilities,retail,electronics,trading,energy,0.35799,0.351085,0.00963,-0.000135,0.009765,0.00963,1
2017-06-06,Tue,6,energy,trading,electronics,utilities,retail,food,0.127079,0.124052,-0.001575,-0.000423,-0.001152,-0.001575,0
2017-06-07,Wed,6,energy,trading,electronics,utilities,retail,food,0.331597,0.3244,-0.00234,0.0,-0.00234,-0.00234,0
2017-06-08,Thu,6,food,retail,utilities,electronics,energy,trading,0.055357,0.054322,-0.002123,-0.001515,-0.000608,-0.002123,0
2017-06-09,Fri,6,trading,energy,banks,retail,utilities,food,0.689503,0.672905,0.002312,-0.009494,0.011805,0.002312,1
2017-06-12,Mon,6,trading,energy,banks,retail,food,utilities,1.380084,1.350236,0.001417,0.006772,-0.005355,0.001417,0
2017-06-13,Tue,6,trading,energy,banks,retail,utilities,food,0.448564,0.441352,0.005895,0.0059,-5e-06,0.005895,0
2017-06-14,Wed,6,banks,trading,energy,pharma,food,utilities,0.213691,0.199241,-5.2e-05,-0.000857,0.000804,-5.2e-05,1
2017-06-15,Thu,6,food,utilities,retail,energy,banks,trading,0.704766,0.69491,0.002106,-0.012636,0.014742,0.002106,1
2017-06-16,Fri,6,utilities,food,retail,energy,trading,banks,0.125667,0.121508,-0.000986,0.001655,-0.002642,-0.000986,0
2017-06-19,Mon,6,trading,banks,energy,retail,food,utilities,0.580595,0.573462,-0.003889,0.0,-0.003889,-0.003889,0
2017-06-20,Tue,6,utilities,retail,food,electronics,energy,trading,0.312951,0.302283,-0.003138,0.006067,-0.009205,-0.003138,0
2017-06-21,Wed,6,food,utilities,retail,trading,energy,banks,0.249474,0.239469,-0.002048,-0.002262,0.000214,-0.002048,1
2017-06-22,Thu,6,utilities,food,retail,energy,banks,trading,0.683,0.673753,-0.001783,0.001158,-0.002941,-0.001783,0
2017-06-23,Fri,6,trading,energy,electronics,food,retail,utilities,0.097105,0.09378,0.0,-0.000502,0.000502,0.0,1
2017-06-26,Mon,6,trading,banks,energy,retail,food,utilities,0.301776,0.297483,-0.005257,0.000433,-0.00569,-0.005257,0
2017-06-27,Tue,6,banks,energy,trading,utilities,retail,food,0.032969,0.030351,0.004583,0.0,0.004583,0.004583,1
2017-06-28,Wed,6,trading,banks,energy,food,retail,utilities,1.002935,0.974846,0.007216,-0.005165,0.012381,0.007216,1
2017-06-29,Thu,6,banks,trading,energy,retail,food,utilities,0.39963,0.391245,0.004655,-0.001004,0.005659,0.004655,1
2017-06-30,Fri,6,trading,energy,banks,food,retail,utilities,0.741744,0.716638,-9.8e-05,-0.002029,0.001931,-9.8e-05,1
2017-07-03,Mon,7,banks,trading,energy,retail,food,utilities,0.220438,0.215842,0.001992,0.000944,0.001047,0.001992,1
2017-07-05,Wed,7,banks,trading,energy,food,retail,utilities,1.127128,1.107787,0.009525,0.000876,0.008649,0.009525,1
2017-07-06,Thu,7,utilities,retail,food,energy,trading,banks,0.705726,0.691518,-0.000437,-0.003609,0.003172,-0.000437,1
2017-07-07,Fri,7,food,utilities,retail,trading,energy,banks,0.134729,0.120682,-0.003589,-0.004317,0.000728,-0.003589,1
2017-07-10,Mon,7,banks,energy,trading,pharma,utilities,food,0.031988,0.024277,-0.007099,-0.00044,-0.006658,-0.007099,0
2017-07-11,Tue,7,trading,banks,energy,food,retail,utilities,0.178915,0.175192,0.001392,0.001896,-0.000504,0.001392,0
2017-07-12,Wed,7,electronics,trading,auto,pharma,realestate,retail,0.007131,0.005491,-0.005127,-0.0013,-0.003827,-0.005127,0
2017-07-13,Thu,7,utilities,retail,pharma,energy,trading,electronics,0.177503,0.17151,-0.006122,-0.005547,-0.000575,-0.006122,0
2017-07-14,Fri,7,trading,energy,banks,food,retail,utilities,0.228737,0.226109,0.002424,0.002098,0.000325,0.002424,1
2017-07-18,Tue,7,retail,utilities,pharma,energy,banks,trading,0.315568,0.305578,0.001483,0.000788,0.000695,0.001483,1
2017-07-19,Wed,7,retail,utilities,food,banks,trading,energy,0.343172,0.339992,0.000905,-0.001209,0.002113,0.000905,1
2017-07-20,Thu,7,banks,energy,trading,pharma,retail,food,0.084927,0.079524,0.010095,0.005444,0.004652,0.010095,1
2017-07-21,Fri,7,retail,utilities,food,trading,energy,banks,0.600302,0.596488,-0.000625,-0.005362,0.004737,-0.000625,1
2017-07-24,Mon,7,retail,utilities,food,trading,energy,banks,0.292073,0.289078,-0.004038,-0.002067,-0.001971,-0.004038,0
2017-07-25,Tue,7,trading,energy,banks,food,utilities,retail,0.380587,0.375299,0.000915,-0.000903,0.001818,0.000915,1
2017-07-26,Wed,7,energy,trading,banks,food,utilities,retail,0.727644,0.7177,0.000468,-0.000456,0.000924,0.000468,1
2017-07-27,Thu,7,retail,utilities,food,trading,banks,energy,0.275303,0.273322,0.003643,0.00058,0.003063,0.003643,1
2017-07-28,Fri,7,retail,utilities,food,trading,banks,energy,0.163698,0.162378,0.000901,-0.003939,0.00484,0.000901,1
2017-07-31,Mon,7,trading,banks,electronics,pharma,retail,utilities,0.122878,0.119781,0.000302,0.003376,-0.003074,0.000302,0
2017-08-01,Tue,8,electronics,trading,banks,retail,pharma,utilities,0.008237,0.006932,0.0006,0.002072,-0.001472,0.0006,0
2017-08-02,Wed,8,energy,banks,trading,utilities,retail,food,0.071016,0.068453,-0.004967,-0.001346,-0.003621,-0.004967,0
2017-08-03,Thu,8,food,retail,utilities,trading,banks,energy,0.167699,0.165305,0.001721,0.00538,-0.003659,0.001721,0
2017-08-04,Fri,8,food,retail,utilities,trading,banks,energy,0.523267,0.515523,0.000894,0.00084,5.4e-05,0.000894,1
2017-08-07,Mon,8,energy,banks,trading,utilities,food,retail,0.538763,0.533424,0.005625,-0.000699,0.006324,0.005625,1
2017-08-08,Tue,8,retail,utilities,food,trading,banks,energy,0.543458,0.539078,-0.001414,-0.001133,-0.000281,-0.001414,0
2017-08-09,Wed,8,food,retail,utilities,trading,banks,energy,0.185864,0.176977,-0.002237,-0.000507,-0.00173,-0.002237,0
2017-08-10,Thu,8,trading,energy,banks,pharma,retail,utilities,0.162184,0.160315,-0.005414,-0.002575,-0.002839,-0.005414,0
2017-08-11,Fri,8,food,retail,utilities,trading,banks,energy,0.270544,0.239331,0.0,0.0,-0.0,0.0,0
2017-08-14,Mon,8,retail,food,utilities,trading,banks,energy,0.320044,0.314902,-0.002252,-0.005607,0.003355,-0.002252,1
2017-08-15,Tue,8,energy,banks,trading,utilities,retail,food,0.078959,0.06253,0.000267,0.000522,-0.000255,0.000267,0
2017-08-16,Wed,8,retail,food,utilities,banks,trading,energy,0.343068,0.335437,0.0,0.000291,-0.000291,0.0,0
2017-08-17,Thu,8,retail,utilities,pharma,banks,trading,energy,0.197527,0.194743,-0.000169,-0.000193,2.4e-05,-0.000169,1
2017-08-18,Fri,8,electronics,banks,trading,retail,pharma,utilities,0.130831,0.1015,-0.002736,-0.004553,0.001817,-0.002736,1
2017-08-21,Mon,8,auto,steel,electronics,utilities,realestate,machinery,0.010946,0.008491,-0.000503,0.004449,-0.004952,-0.000503,0
2017-08-22,Tue,8,utilities,retail,pharma,banks,trading,energy,0.16515,0.162701,0.000212,0.000639,-0.000427,0.000212,0
2017-08-23,Wed,8,machinery,realestate,energy,retail,food,auto,0.040623,0.034114,-0.003104,0.001797,-0.004901,-0.003104,0
2017-08-24,Thu,8,energy,banks,trading,food,utilities,retail,0.341758,0.335404,0.001341,-0.000456,0.001797,0.001341,1
2017-08-25,Fri,8,energy,banks,electronics,food,utilities,retail,0.283309,0.278828,0.000321,0.002283,-0.001962,0.000321,0
2017-08-28,Mon,8,energy,trading,banks,pharma,food,retail,0.09387,0.089631,-0.002713,0.001045,-0.003759,-0.002713,0
2017-08-29,Tue,8,retail,food,utilities,trading,banks,energy,0.374745,0.363706,-0.00053,0.001942,-0.002472,-0.00053,0
2017-08-30,Wed,8,retail,food,utilities,trading,banks,energy,0.31195,0.3022,0.004849,-0.000541,0.00539,0.004849,1
2017-08-31,Thu,8,energy,trading,banks,pharma,food,retail,0.167207,0.158441,0.001983,0.005564,-0.003581,0.001983,0
2017-09-01,Fri,9,retail,utilities,pharma,energy,banks,electronics,0.155751,0.149901,0.000666,-7.3e-05,0.000739,0.000666,1
2017-09-05,Tue,9,energy,banks,trading,pharma,food,retail,0.315414,0.299895,-0.002768,-0.003227,0.000458,-0.002768,1
2017-09-06,Wed,9,retail,food,pharma,trading,banks,energy,0.463755,0.439474,0.00017,-0.00097,0.00114,0.00017,1
2017-09-07,Thu,9,energy,banks,trading,pharma,food,retail,0.29828,0.281706,0.001488,0.00017,0.001318,0.001488,1
2017-09-08,Fri,9,retail,utilities,food,banks,trading,energy,0.643514,0.610312,-0.001817,-0.001621,-0.000195,-0.001817,0
2017-09-11,Mon,9,energy,banks,electronics,pharma,utilities,retail,0.053176,0.051137,0.003586,0.004714,-0.001128,0.003586,0
2017-09-12,Tue,9,trading,energy,banks,pharma,food,retail,0.120329,0.111672,-0.001446,-0.000166,-0.00128,-0.001446,0
2017-09-13,Wed,9,energy,banks,trading,food,utilities,retail,0.627027,0.598767,0.004871,-0.000342,0.005213,0.004871,1
2017-09-14,Thu,9,energy,banks,trading,food,utilities,retail,0.388857,0.371959,0.003945,0.00034,0.003605,0.003945,1
2017-09-15,Fri,9,energy,trading,banks,utilities,food,retail,0.106873,0.102475,0.003613,-0.002729,0.006342,0.003613,1
2017-09-18,Mon,9,energy,trading,banks,utilities,food,retail,0.084987,0.081678,0.0,0.0,0.0,0.0,0
2017-09-19,Tue,9,energy,banks,trading,food,utilities,retail,0.49554,0.477456,0.018079,-5.7e-05,0.018136,0.018079,1
2017-09-20,Wed,9,energy,banks,trading,food,utilities,retail,0.330278,0.319409,0.007878,-0.00271,0.010588,0.007878,1
2017-09-21,Thu,9,energy,banks,trading,food,utilities,retail,0.712685,0.688155,0.005244,0.001597,0.003647,0.005244,1
2017-09-22,Fri,9,energy,banks,trading,pharma,utilities,retail,0.391992,0.376049,0.001586,0.002838,-0.001252,0.001586,0
2017-09-25,Mon,9,energy,banks,electronics,utilities,pharma,retail,0.102654,0.098302,-9.3e-05,0.001359,-0.001452,-9.3e-05,0
2017-09-26,Tue,9,energy,trading,banks,utilities,food,retail,0.133605,0.128696,0.00027,-0.00211,0.00238,0.00027,1
2017-09-27,Wed,9,retail,utilities,food,banks,trading,energy,0.14924,0.142876,0.0,-2e-05,2e-05,0.0,1
2017-09-28,Thu,9,energy,banks,trading,food,utilities,retail,0.525608,0.504888,0.004881,-0.004566,0.009447,0.004881,1
2017-09-29,Fri,9,energy,trading,electronics,food,utilities,retail,0.159605,0.152982,-0.003965,-0.004138,0.000173,-0.003965,1
2017-10-02,Mon,10,utilities,retail,pharma,electronics,banks,energy,0.116461,0.112806,0.00325,0.000803,0.002448,0.00325,1
2017-10-03,Tue,10,trading,electronics,banks,utilities,food,retail,0.053625,0.047655,-0.000544,0.006805,-0.007349,-0.000544,0
2017-10-04,Wed,10,trading,energy,electronics,pharma,utilities,retail,0.11632,0.11277,-0.003957,0.006635,-0.010592,-0.003957,0
2017-10-05,Thu,10,retail,utilities,pharma,electronics,banks,energy,0.366832,0.354562,0.001759,0.001755,3e-06,0.001759,1
2017-10-06,Fri,10,trading,electronics,banks,pharma,utilities,retail,0.171759,0.161356,0.002653,-0.002539,0.005192,0.002653,1
2017-10-09,Mon,10,energy,banks,electronics,utilities,pharma,food,0.03486,0.027516,0.0,0.0,0.0,0.0,1
2017-10-10,Tue,10,energy,banks,electronics,pharma,utilities,food,0.137988,0.129605,-0.002544,0.000483,-0.003027,-0.002544,0
2017-10-11,Wed,10,retail,food,utilities,electronics,banks,energy,0.411273,0.398884,0.003231,0.001774,0.001457,0.003231,1
2017-10-12,Thu,10,food,retail,utilities,electronics,banks,energy,0.147701,0.141903,0.003515,-0.007229,0.010744,0.003515,1
2017-10-13,Fri,10,retail,utilities,food,electronics,banks,energy,0.224835,0.214819,0.004538,0.002742,0.001796,0.004538,1
2017-10-16,Mon,10,energy,banks,trading,food,utilities,retail,0.240062,0.230543,0.007623,0.002388,0.005235,0.007623,1
2017-10-17,Tue,10,energy,banks,trading,food,retail,utilities,0.115454,0.109666,-0.003466,-0.002222,-0.001244,-0.003466,0
2017-10-18,Wed,10,retail,utilities,food,trading,banks,energy,0.542467,0.515703,0.001333,-0.004247,0.005581,0.001333,1
2017-10-19,Thu,10,retail,utilities,pharma,banks,energy,trading,0.176479,0.168544,0.001819,-0.00108,0.0029,0.001819,1
2017-10-20,Fri,10,retail,utilities,food,trading,banks,energy,0.194593,0.184648,0.002699,-0.001754,0.004453,0.002699,1
2017-10-23,Mon,10,trading,energy,banks,pharma,utilities,retail,0.329214,0.310557,-0.001155,0.0,-0.001155,-0.001155,0
2017-10-24,Tue,10,retail,utilities,pharma,banks,electronics,trading,0.142612,0.123179,0.005224,0.004354,0.000869,0.005224,1
2017-10-25,Wed,10,energy,trading,banks,pharma,utilities,retail,0.367525,0.348113,0.003134,-0.005926,0.00906,0.003134,1
2017-10-26,Thu,10,retail,utilities,pharma,energy,electronics,trading,0.173987,0.148623,0.001406,0.007543,-0.006137,0.001406,0
2017-10-27,Fri,10,energy,trading,banks,pharma,utilities,retail,0.480339,0.456445,0.010054,0.004411,0.005643,0.010054,1
2017-10-30,Mon,10,retail,utilities,food,trading,banks,energy,0.43497,0.412581,0.0,-0.000552,0.000552,0.0,1
2017-10-31,Tue,10,energy,banks,trading,utilities,retail,food,0.442796,0.421674,-0.001675,0.0,-0.001675,-0.001675,0
2017-11-01,Wed,11,retail,food,utilities,trading,banks,energy,0.171139,0.163427,0.005777,0.007849,-0.002072,0.005777,0
2017-11-02,Thu,11,energy,trading,banks,food,utilities,retail,0.345173,0.330564,0.00207,-0.00093,0.003,0.00207,1
2017-11-03,Fri,11,energy,banks,trading,utilities,retail,food,0.088889,0.085185,0.0,0.0,0.0,0.0,0
2017-11-06,Mon,11,retail,food,utilities,trading,banks,energy,0.468493,0.450145,-0.001708,0.000944,-0.002652,-0.001708,0
2017-11-07,Tue,11,energy,trading,banks,pharma,utilities,retail,1.075803,1.026869,0.007892,-0.002605,0.010498,0.007892,1
2017-11-08,Wed,11,utilities,retail,food,banks,trading,energy,0.834212,0.803236,0.004386,-0.002373,0.006759,0.004386,1
2017-11-09,Thu,11,utilities,retail,food,banks,trading,energy,0.530988,0.513683,-0.005783,0.010984,-0.016767,-0.005783,0
2017-11-10,Fri,11,retail,utilities,pharma,energy,electronics,trading,0.154188,0.142802,-0.003664,-0.000638,-0.003026,-0.003664,0
2017-11-13,Mon,11,retail,utilities,food,banks,trading,energy,0.250604,0.242109,-0.004386,0.002761,-0.007147,-0.004386,0
2017-11-14,Tue,11,utilities,food,retail,trading,banks,energy,0.439517,0.42285,-0.004,-0.013066,0.009066,-0.004,1
2017-11-15,Wed,11,retail,utilities,food,banks,trading,energy,0.933484,0.902791,-0.003502,0.00038,-0.003882,-0.003502,0
2017-11-16,Thu,11,energy,banks,electronics,utilities,pharma,food,0.137355,0.123955,0.003394,-0.000458,0.003852,0.003394,1
2017-11-17,Fri,11,food,pharma,utilities,trading,banks,energy,0.540027,0.523116,-0.004579,-0.003321,-0.001258,-0.004579,0
2017-11-20,Mon,11,energy,banks,trading,utilities,food,pharma,0.427506,0.415356,0.016826,0.001347,0.015479,0.016826,1
2017-11-21,Tue,11,energy,banks,trading,utilities,food,pharma,0.114575,0.111494,0.0,0.00124,-0.00124,0.0,0
2017-11-22,Wed,11,pharma,food,utilities,trading,energy,banks,0.250652,0.23807,-0.003715,0.012803,-0.016518,-0.003715,0
2017-11-24,Fri,11,retail,utilities,food,electronics,energy,trading,0.099231,0.096105,0.0,-0.003198,0.003198,0.0,1
2017-11-27,Mon,11,electronics,trading,energy,food,utilities,retail,0.024753,0.020547,-0.001399,-0.000995,-0.000404,-0.001399,0
2017-11-28,Tue,11,utilities,retail,food,banks,trading,energy,0.601485,0.586819,0.00419,0.002061,0.002129,0.00419,1
2017-11-29,Wed,11,electronics,trading,energy,pharma,utilities,retail,0.351138,0.330651,-4.5e-05,0.0,-4.5e-05,-4.5e-05,0
2017-11-30,Thu,11,energy,trading,banks,pharma,utilities,retail,0.526694,0.513669,0.00447,0.00497,-0.0005,0.00447,0
2017-12-01,Fri,12,food,utilities,pharma,realestate,energy,banks,0.083853,0.073542,0.000622,-0.004205,0.004828,0.000622,1
2017-12-04,Mon,12,energy,banks,trading,food,pharma,utilities,0.162262,0.156016,-0.004928,0.002667,-0.007594,-0.004928,0
2017-12-05,Tue,12,energy,banks,trading,utilities,food,pharma,0.694489,0.678565,-0.009924,0.00277,-0.012694,-0.009924,0
2017-12-06,Wed,12,retail,food,utilities,energy,electronics,trading,0.132485,0.12477,-0.002747,-0.003162,0.000415,-0.002747,1
2017-12-07,Thu,12,food,utilities,pharma,trading,banks,energy,0.857664,0.828946,-0.000163,0.00359,-0.003753,-0.000163,0
2017-12-08,Fri,12,energy,banks,trading,retail,utilities,food,0.395983,0.38137,0.003106,0.0,0.003106,0.003106,1
2017-12-11,Mon,12,utilities,pharma,retail,trading,energy,banks,0.186861,0.179541,0.001558,0.008364,-0.006806,0.001558,0
2017-12-12,Tue,12,utilities,food,retail,trading,banks,energy,0.247902,0.240351,-0.00839,0.015061,-0.023452,-0.00839,0
2017-12-13,Wed,12,energy,banks,trading,retail,food,utilities,0.476916,0.465423,-0.005076,0.00046,-0.005537,-0.005076,0
2017-12-14,Thu,12,food,retail,utilities,trading,banks,energy,0.526682,0.511146,0.00122,-0.005001,0.006221,0.00122,1
2017-12-15,Fri,12,food,retail,utilities,trading,energy,electronics,0.072378,0.069176,-0.006446,0.001067,-0.007512,-0.006446,0
2017-12-18,Mon,12,pharma,utilities,food,trading,banks,energy,0.436233,0.426185,0.001076,0.007063,-0.005987,0.001076,0
2017-12-19,Tue,12,energy,trading,banks,utilities,pharma,food,0.855183,0.829313,0.001823,-0.002253,0.004076,0.001823,1
2017-12-20,Wed,12,realestate,retail,food,electronics,trading,it_services,0.030435,0.026897,0.0,0.001148,-0.001148,0.0,0
2017-12-21,Thu,12,energy,banks,trading,utilities,pharma,food,0.323344,0.319717,0.000806,-0.005233,0.006039,0.000806,1
2017-12-22,Fri,12,energy,banks,trading,retail,utilities,food,0.948153,0.928592,0.003359,-0.002825,0.006184,0.003359,1
2017-12-26,Tue,12,energy,banks,trading,utilities,pharma,food,0.19304,0.190075,0.002907,-0.00029,0.003197,0.002907,1
2017-12-27,Wed,12,energy,trading,banks,utilities,pharma,food,0.364382,0.357611,0.008183,0.001065,0.007118,0.008183,1
2017-12-28,Thu,12,food,pharma,retail,banks,trading,energy,0.110034,0.108134,0.001437,-0.006811,0.008248,0.001437,1
2017-12-29,Fri,12,energy,trading,banks,pharma,retail,food,0.147572,0.144834,-0.002352,0.0,-0.002352,-0.002352,0
2018-01-02,Tue,1,retail,food,utilities,it_services,electronics,trading,0.024176,0.021463,0.0,0.0,0.0,0.0,0
2018-01-03,Wed,1,trading,energy,banks,pharma,retail,food,0.390059,0.381084,0.0,0.0,0.0,0.0,0
2018-01-04,Thu,1,trading,energy,banks,pharma,retail,food,0.330181,0.322134,-0.003937,0.007947,-0.011884,-0.003937,0
2018-01-05,Fri,1,energy,trading,banks,pharma,retail,food,0.100281,0.098382,0.01076,0.003444,0.007316,0.01076,1
2018-01-08,Mon,1,pharma,utilities,food,trading,banks,energy,0.219188,0.216223,0.0,0.0,0.0,0.0,0
2018-01-09,Tue,1,pharma,utilities,food,trading,energy,banks,0.040978,0.03896,0.002384,-0.006637,0.009022,0.002384,1
2018-01-10,Wed,1,food,retail,pharma,banks,trading,energy,0.155049,0.151285,-0.00274,0.008737,-0.011477,-0.00274,0
2018-01-11,Thu,1,banks,energy,trading,food,utilities,pharma,0.101709,0.096486,-0.000359,-0.00219,0.001831,-0.000359,1
2018-01-12,Fri,1,energy,trading,banks,pharma,retail,food,0.566075,0.549125,-0.005408,-0.003645,-0.001764,-0.005408,0
2018-01-16,Tue,1,trading,energy,electronics,pharma,retail,food,0.065536,0.062257,-0.004675,-0.000907,-0.003768,-0.004675,0
2018-01-17,Wed,1,food,retail,pharma,banks,trading,energy,0.617594,0.60135,-0.000309,-0.00358,0.003271,-0.000309,1
2018-01-18,Thu,1,food,pharma,retail,trading,energy,banks,0.419718,0.405511,-0.002521,-0.000852,-0.001669,-0.002521,0
2018-01-19,Fri,1,food,retail,utilities,electronics,trading,energy,0.218886,0.210887,0.001569,0.0017,-0.00013,0.001569,0
2018-01-22,Mon,1,trading,energy,it_services,realestate,food,retail,0.019468,0.015236,-0.000814,-0.002596,0.001783,-0.000814,1
2018-01-23,Tue,1,trading,energy,electronics,utilities,food,retail,0.092291,0.084514,-0.004236,0.005683,-0.009919,-0.004236,0
2018-01-24,Wed,1,energy,trading,banks,utilities,retail,food,0.120197,0.117534,-0.002855,0.0,-0.002855,-0.002855,0
2018-01-25,Thu,1,energy,banks,trading,retail,pharma,food,0.235873,0.227637,-0.004906,0.003881,-0.008787,-0.004906,0
2018-01-26,Fri,1,food,retail,utilities,trading,banks,energy,0.586903,0.567337,-0.000922,-0.013399,0.012477,-0.000922,1
2018-01-29,Mon,1,food,pharma,utilities,trading,banks,energy,0.514315,0.500154,-0.000934,-0.007421,0.006487,-0.000934,1
2018-01-30,Tue,1,retail,food,utilities,energy,banks,trading,0.215441,0.203382,-0.001941,-0.000972,-0.000969,-0.001941,0
2018-01-31,Wed,1,retail,food,utilities,banks,electronics,trading,0.097406,0.081933,-0.004032,-0.000677,-0.003355,-0.004032,0
2018-02-01,Thu,2,energy,banks,trading,utilities,retail,food,0.400846,0.391483,-0.00126,0.0,-0.00126,-0.00126,0
2018-02-02,Fri,2,energy,banks,electronics,utilities,pharma,food,0.120304,0.111535,-0.001874,0.000953,-0.002826,-0.001874,0
2018-02-05,Mon,2,retail,food,utilities,energy,electronics,trading,0.449683,0.408515,-0.020387,-0.009691,-0.010696,-0.020387,0
2018-02-06,Tue,2,retail,banks,energy,construction,it_services,finance,0.13693,0.103622,-0.013785,-0.015698,0.001913,-0.013785,1
2018-02-07,Wed,2,electronics,energy,trading,food,pharma,utilities,0.381539,0.364323,-0.000391,0.000524,-0.000915,-0.000391,0
2018-02-08,Thu,2,pharma,utilities,food,trading,energy,electronics,0.078529,0.066072,-0.003191,0.0,-0.003191,-0.003191,0
2018-02-09,Fri,2,pharma,utilities,food,materials,machinery,electronics,0.428658,0.353907,0.001457,0.013149,-0.011691,0.001457,0
2018-02-12,Mon,2,retail,utilities,machinery,banks,trading,energy,0.162366,0.145591,0.0,0.0,0.0,0.0,0
2018-02-13,Tue,2,transport,machinery,materials,finance,energy,pharma,0.098524,0.080626,0.000906,-0.007049,0.007955,0.000906,1
2018-02-14,Wed,2,retail,utilities,food,banks,trading,energy,0.147902,0.140661,0.001839,-0.002721,0.004559,0.001839,1
2018-02-15,Thu,2,banks,electronics,trading,utilities,food,pharma,0.334922,0.319603,-0.002841,0.011831,-0.014672,-0.002841,0
2018-02-16,Fri,2,retail,utilities,food,banks,trading,energy,0.770135,0.737154,0.002221,-0.000853,0.003074,0.002221,1
2018-02-20,Tue,2,retail,utilities,food,trading,banks,energy,0.279387,0.275253,0.007327,-0.00217,0.009497,0.007327,1
2018-02-21,Wed,2,energy,trading,banks,food,utilities,retail,0.422462,0.399403,-0.001955,0.0,-0.001955,-0.001955,0
2018-02-22,Thu,2,energy,trading,banks,materials,machinery,retail,0.063871,0.057186,0.0,0.0,0.0,0.0,0
2018-02-23,Fri,2,banks,trading,electronics,food,utilities,pharma,0.116993,0.110395,0.001146,0.000365,0.000782,0.001146,1
2018-02-26,Mon,2,retail,utilities,food,banks,trading,energy,0.224805,0.190448,-0.00207,0.000284,-0.002355,-0.00207,0
2018-02-27,Tue,2,retail,utilities,food,electronics,trading,energy,0.083827,0.071065,0.003362,-0.002401,0.005763,0.003362,1
2018-02-28,Wed,2,pharma,it_services,utilities,transport,materials,machinery,0.109899,0.083569,-0.003838,-0.000777,-0.003061,-0.003838,0
2018-03-01,Thu,3,pharma,utilities,food,trading,electronics,banks,0.131984,0.113554,-0.011899,-0.001473,-0.010427,-0.011899,0
2018-03-02,Fri,3,pharma,construction,it_services,transport,materials,machinery,0.063495,0.046517,-0.003202,0.0,-0.003202,-0.003202,0
2018-03-05,Mon,3,retail,utilities,food,banks,trading,energy,0.277202,0.270609,0.002196,0.003564,-0.001368,0.002196,0
2018-03-06,Tue,3,retail,machinery,materials,banks,trading,energy,0.075799,0.06911,-0.000624,-0.004564,0.003941,-0.000624,1
2018-03-07,Wed,3,trading,banks,energy,food,retail,utilities,0.359339,0.353512,0.0,-0.003416,0.003416,0.0,1
2018-03-08,Thu,3,energy,trading,electronics,machinery,food,retail,0.023399,0.02011,0.000335,0.0,0.000335,0.000335,1
2018-03-09,Fri,3,retail,utilities,food,electronics,energy,trading,0.227258,0.220032,-0.001984,0.00144,-0.003424,-0.001984,0
2018-03-12,Mon,3,banks,electronics,trading,food,utilities,pharma,0.247498,0.224428,-0.001804,0.000938,-0.002742,-0.001804,0
2018-03-13,Tue,3,pharma,utilities,food,electronics,banks,trading,0.037163,0.035629,0.00413,0.002708,0.001422,0.00413,1
2018-03-14,Wed,3,pharma,utilities,food,banks,trading,electronics,0.122785,0.117981,0.001466,0.0,0.001466,0.001466,1
2018-03-15,Thu,3,pharma,utilities,food,banks,electronics,trading,0.218405,0.213113,-0.001443,0.000298,-0.001741,-0.001443,0
2018-03-16,Fri,3,pharma,utilities,food,banks,trading,electronics,0.073169,0.06921,-0.00048,-0.001003,0.000523,-0.00048,1
2018-03-19,Mon,3,electronics,banks,trading,food,utilities,pharma,0.037156,0.032717,-0.005463,0.0,-0.005463,-0.005463,0
2018-03-20,Tue,3,energy,trading,banks,utilities,food,retail,0.121258,0.105793,-0.002612,0.003387,-0.005999,-0.002612,0
2018-03-21,Wed,3,energy,electronics,trading,retail,pharma,utilities,0.171433,0.168325,0.0,0.0,0.0,0.0,0
2018-03-22,Thu,3,trading,energy,electronics,food,retail,utilities,0.562007,0.553817,0.0,-0.002658,0.002658,0.0,1
2018-03-23,Fri,3,pharma,utilities,food,trading,banks,electronics,0.336624,0.302776,-0.003075,-0.027131,0.024056,-0.003075,1
2018-03-26,Mon,3,energy,trading,electronics,machinery,food,retail,0.136046,0.118979,0.005495,0.0,0.005495,0.005495,1
2018-03-27,Tue,3,machinery,materials,retail,banks,trading,energy,0.120818,0.097786,0.015392,0.019355,-0.003963,0.015392,0
2018-03-28,Wed,3,pharma,utilities,food,trading,banks,electronics,0.135133,0.125306,0.008228,0.00256,0.005668,0.008228,1
2018-03-29,Thu,3,utilities,retail,food,energy,trading,electronics,0.250994,0.249147,0.000157,0.000507,-0.00035,0.000157,0
2018-04-02,Mon,4,electronics,banks,trading,food,utilities,pharma,0.118228,0.103514,-0.004788,0.001541,-0.006329,-0.004788,0
2018-04-03,Tue,4,energy,trading,electronics,utilities,food,retail,0.177438,0.149893,-0.006553,-0.000462,-0.006091,-0.006553,0
2018-04-04,Wed,4,banks,machinery,electronics,food,utilities,pharma,0.076802,0.059839,-0.005093,0.006997,-0.01209,-0.005093,0
2018-04-05,Thu,4,retail,food,utilities,electronics,trading,energy,0.20453,0.187946,0.012401,0.002066,0.010335,0.012401,1
2018-04-06,Fri,4,banks,electronics,trading,food,utilities,pharma,0.261012,0.252751,0.0,-0.000754,0.000754,0.0,1
2018-04-09,Mon,4,pharma,utilities,auto,transport,materials,machinery,0.085157,0.061422,0.005845,0.0,0.005845,0.005845,1
2018-04-10,Tue,4,retail,food,utilities,electronics,trading,energy,0.039653,0.034258,-0.00162,0.003472,-0.005092,-0.00162,0
2018-04-11,Wed,4,banks,electronics,trading,food,utilities,pharma,0.245347,0.233022,-0.002453,-0.006964,0.004511,-0.002453,1
2018-04-12,Thu,4,energy,trading,electronics,food,utilities,retail,0.130117,0.125449,-0.002719,0.0,-0.002719,-0.002719,0
2018-04-13,Fri,4,banks,electronics,trading,retail,utilities,pharma,0.134688,0.131593,0.00054,-0.000759,0.001299,0.00054,1
2018-04-16,Mon,4,retail,utilities,food,electronics,trading,energy,0.099759,0.097003,0.0,0.000341,-0.000341,0.0,0
2018-04-17,Tue,4,retail,food,utilities,electronics,trading,energy,0.165657,0.148718,0.000905,0.002751,-0.001846,0.000905,0
2018-04-18,Wed,4,retail,food,utilities,electronics,trading,energy,0.102376,0.08587,0.002699,0.006431,-0.003732,0.002699,0
2018-04-19,Thu,4,electronics,trading,banks,pharma,retail,utilities,0.270615,0.268065,0.001263,0.004492,-0.003229,0.001263,0
2018-04-20,Fri,4,energy,trading,electronics,food,utilities,retail,0.37398,0.359575,-0.000962,-0.00088,-8.2e-05,-0.000962,0
2018-04-23,Mon,4,energy,trading,electronics,food,utilities,retail,0.283979,0.270553,-0.001782,0.0035,-0.005281,-0.001782,0
2018-04-24,Tue,4,banks,electronics,trading,food,utilities,pharma,0.035778,0.033899,0.003544,0.000586,0.002959,0.003544,1
2018-04-25,Wed,4,pharma,utilities,food,trading,electronics,banks,0.188744,0.175784,0.006098,0.00552,0.000578,0.006098,1
2018-04-26,Thu,4,retail,machinery,materials,electronics,trading,energy,0.017352,0.013612,0.0,0.0,0.0,0.0,0
2018-04-27,Fri,4,retail,food,utilities,electronics,trading,energy,0.158499,0.142018,-0.003384,0.002803,-0.006187,-0.003384,0
2018-04-30,Mon,4,retail,utilities,food,electronics,trading,energy,0.179123,0.172,0.0,-0.0,0.0,0.0,1
2018-05-01,Tue,5,energy,trading,electronics,utilities,food,retail,0.088385,0.077803,0.007874,0.002131,0.005743,0.007874,1
2018-05-02,Wed,5,trading,electronics,banks,utilities,pharma,retail,0.070496,0.07016,-0.003263,0.001692,-0.004955,-0.003263,0
2018-05-03,Thu,5,energy,trading,electronics,utilities,food,retail,0.254087,0.242252,0.0,0.0,0.0,0.0,1
2018-05-04,Fri,5,energy,trading,electronics,utilities,food,retail,0.030936,0.029401,0.0,0.0,0.0,0.0,1
2018-05-07,Mon,5,food,retail,pharma,trading,electronics,energy,0.097914,0.081874,0.0,0.000408,-0.000408,0.0,0
2018-05-08,Tue,5,trading,banks,electronics,food,pharma,retail,0.184414,0.181661,0.0,0.000748,-0.000748,0.0,0
2018-05-09,Wed,5,energy,trading,electronics,food,pharma,retail,0.471904,0.466641,0.0,-0.00226,0.00226,0.0,1
2018-05-10,Thu,5,banks,electronics,trading,utilities,pharma,retail,0.476037,0.466904,0.0,-0.011396,0.011396,0.0,1
2018-05-11,Fri,5,food,pharma,retail,electronics,trading,energy,0.218208,0.212918,0.0,-0.001174,0.001174,0.0,1
2018-05-14,Mon,5,retail,pharma,food,electronics,energy,trading,0.259069,0.255458,0.00301,0.0,0.00301,0.00301,1
2018-05-15,Tue,5,retail,pharma,food,banks,energy,trading,0.026687,0.02623,0.0,0.001978,-0.001978,0.0,0
2018-05-16,Wed,5,energy,electronics,trading,retail,pharma,food,0.095534,0.089342,0.0,0.004063,-0.004063,0.0,0
2018-05-17,Thu,5,banks,trading,electronics,pharma,retail,utilities,0.018128,0.013217,0.002474,0.001922,0.000552,0.002474,1
2018-05-18,Fri,5,trading,electronics,energy,food,pharma,retail,0.164245,0.161796,0.009356,0.000146,0.00921,0.009356,1
2018-05-21,Mon,5,retail,pharma,utilities,electronics,trading,banks,0.093368,0.091082,-9.3e-05,0.00431,-0.004403,-9.3e-05,0
2018-05-22,Tue,5,banks,trading,electronics,pharma,retail,utilities,0.120363,0.113814,8.5e-05,0.0,8.5e-05,8.5e-05,1
2018-05-23,Wed,5,retail,pharma,utilities,electronics,trading,banks,0.191313,0.187723,0.000625,-0.003984,0.004609,0.000625,1
2018-05-24,Thu,5,pharma,food,retail,electronics,trading,energy,0.314454,0.310798,0.0,-0.0104,0.0104,0.0,1
2018-05-25,Fri,5,pharma,retail,food,electronics,banks,trading,0.446677,0.443138,0.0,0.001401,-0.001401,0.0,0
2018-05-29,Tue,5,pharma,retail,food,energy,trading,electronics,0.413369,0.410361,0.0,-0.003002,0.003002,0.0,1
2018-05-30,Wed,5,retail,pharma,utilities,electronics,trading,banks,0.345658,0.338034,-0.000696,-0.007042,0.006346,-0.000696,1
2018-05-31,Thu,5,banks,trading,electronics,pharma,retail,utilities,0.225847,0.214104,0.0,0.002382,-0.002382,0.0,0
2018-06-01,Fri,6,energy,utilities,auto,transport,food,it_services,0.025261,0.018536,0.004087,0.0,0.004087,0.004087,1
2018-06-04,Mon,6,banks,trading,electronics,food,pharma,retail,0.325751,0.315098,0.002966,0.0,0.002966,0.002966,1
2018-06-05,Tue,6,banks,trading,electronics,retail,pharma,utilities,0.017107,0.013826,0.0,0.004509,-0.004509,0.0,0
2018-06-06,Wed,6,energy,trading,electronics,pharma,retail,food,0.052898,0.049798,-0.000926,0.002545,-0.00347,-0.000926,0
2018-06-07,Thu,6,banks,trading,energy,pharma,food,retail,0.626217,0.609633,-0.000887,0.0,-0.000887,-0.000887,0
2018-06-08,Fri,6,food,retail,pharma,trading,electronics,energy,0.057634,0.050577,0.0,-0.002469,0.002469,0.0,1
2018-06-11,Mon,6,food,retail,pharma,electronics,trading,energy,0.191889,0.18327,0.0,0.0,0.0,0.0,0
2018-06-12,Tue,6,food,retail,pharma,banks,trading,energy,0.115697,0.110505,0.009247,0.002087,0.00716,0.009247,1
2018-06-13,Wed,6,retail,food,pharma,banks,trading,energy,0.308809,0.300078,0.001028,0.002381,-0.001353,0.001028,0
2018-06-14,Thu,6,retail,food,pharma,electronics,banks,trading,0.411627,0.399297,0.0,0.0,0.0,0.0,0
2018-06-15,Fri,6,retail,food,pharma,banks,trading,energy,0.358036,0.34586,0.001755,0.0,0.001755,0.001755,1
2018-06-18,Mon,6,retail,food,pharma,banks,energy,trading,0.617183,0.606475,0.0,-0.009097,0.009097,0.0,1
2018-06-19,Tue,6,energy,trading,banks,pharma,food,retail,0.295566,0.285763,-0.00457,0.0,-0.00457,-0.00457,0
2018-06-20,Wed,6,food,retail,pharma,energy,banks,trading,0.472639,0.463083,0.004591,0.00047,0.00412,0.004591,1
2018-06-21,Thu,6,trading,banks,energy,retail,food,pharma,0.051166,0.049767,-0.001173,0.0,-0.001173,-0.001173,0
2018-06-22,Fri,6,pharma,food,retail,electronics,trading,banks,0.224249,0.21294,0.0,0.001468,-0.001468,0.0,0
2018-06-25,Mon,6,trading,banks,electronics,retail,food,pharma,0.210026,0.199335,-0.010446,-0.002022,-0.008424,-0.010446,0
2018-06-26,Tue,6,pharma,food,retail,electronics,banks,trading,0.631403,0.604656,0.0,0.00381,-0.00381,0.0,0
2018-06-27,Wed,6,trading,banks,energy,retail,pharma,food,0.252232,0.246471,0.013216,-0.000581,0.013797,0.013216,1
2018-06-28,Thu,6,energy,electronics,trading,pharma,retail,food,0.148673,0.132615,0.003575,-0.003219,0.006794,0.003575,1
2018-06-29,Fri,6,trading,banks,electronics,retail,food,pharma,0.142301,0.13435,0.0,0.0,0.0,0.0,0
2018-07-02,Mon,7,trading,banks,energy,retail,food,pharma,0.096521,0.093869,-0.007927,-0.02065,0.012723,-0.007927,1
2018-07-03,Tue,7,food,pharma,retail,electronics,energy,trading,0.422473,0.414088,-0.001948,-0.010034,0.008086,-0.001948,1
2018-07-05,Thu,7,energy,electronics,pharma,construction,it_services,transport,0.015728,0.011002,-0.011984,0.0,-0.011984,-0.011984,0
2018-07-06,Fri,7,food,retail,pharma,trading,electronics,energy,0.335268,0.314139,0.0,0.006548,-0.006548,0.0,0
2018-07-09,Mon,7,food,pharma,retail,trading,electronics,energy,0.286481,0.268251,0.004516,0.006015,-0.001499,0.004516,0
2018-07-10,Tue,7,trading,energy,electronics,retail,pharma,food,0.938877,0.915749,0.016313,-0.008335,0.024648,0.016313,1
2018-07-11,Wed,7,food,retail,pharma,trading,electronics,energy,0.215291,0.205347,-0.004384,0.001962,-0.006346,-0.004384,0
2018-07-12,Thu,7,food,retail,pharma,banks,electronics,trading,0.532246,0.511803,0.003392,-0.00285,0.006242,0.003392,1
2018-07-13,Fri,7,food,retail,utilities,trading,electronics,energy,0.246166,0.229859,0.000953,0.001723,-0.000769,0.000953,0
2018-07-16,Mon,7,food,retail,pharma,electronics,energy,trading,0.159645,0.15715,0.0,0.0,0.0,0.0,0
2018-07-17,Tue,7,energy,trading,electronics,pharma,retail,food,0.196165,0.18759,-0.001357,0.005952,-0.007309,-0.001357,0
2018-07-18,Wed,7,food,retail,pharma,electronics,trading,energy,0.246238,0.238871,-0.002691,0.0,-0.002691,-0.002691,0
2018-07-19,Thu,7,energy,trading,electronics,pharma,food,retail,0.356686,0.34799,0.008,-0.000426,0.008426,0.008,1
2018-07-20,Fri,7,energy,electronics,trading,utilities,retail,food,0.026603,0.021948,-0.005388,0.0,-0.005388,-0.005388,0
2018-07-23,Mon,7,retail,food,pharma,electronics,banks,trading,0.15237,0.146266,0.000236,0.003697,-0.003461,0.000236,0
2018-07-24,Tue,7,energy,trading,electronics,utilities,retail,food,0.161341,0.154714,-0.001075,0.0,-0.001075,-0.001075,0
2018-07-25,Wed,7,trading,banks,electronics,food,pharma,retail,0.06119,0.057658,0.000308,0.0,0.000308,0.000308,1
2018-07-26,Thu,7,food,utilities,retail,trading,electronics,energy,0.164166,0.145311,0.003342,0.00098,0.002361,0.003342,1
2018-07-27,Fri,7,energy,trading,electronics,utilities,retail,food,0.359427,0.346388,0.00244,0.0,0.00244,0.00244,1
2018-07-30,Mon,7,energy,electronics,trading,retail,utilities,food,0.235767,0.221254,0.001686,-0.002083,0.003769,0.001686,1
2018-07-31,Tue,7,energy,trading,electronics,utilities,food,retail,0.45007,0.431372,-0.002697,0.000248,-0.002944,-0.002697,0
2018-08-01,Wed,8,utilities,food,retail,trading,electronics,energy,0.105124,0.087347,-0.003865,0.004411,-0.008276,-0.003865,0
2018-08-02,Thu,8,pharma,retail,food,electronics,banks,trading,0.059473,0.053508,-0.008308,-0.003998,-0.00431,-0.008308,0
2018-08-03,Fri,8,food,retail,utilities,electronics,trading,energy,0.733707,0.71512,-0.007011,-0.002941,-0.00407,-0.007011,0
2018-08-06,Mon,8,food,utilities,retail,trading,electronics,energy,0.164159,0.149324,-0.005457,0.001473,-0.00693,-0.005457,0
2018-08-07,Tue,8,trading,electronics,banks,food,retail,pharma,0.012501,0.010003,-0.000425,0.000577,-0.001002,-0.000425,0
2018-08-08,Wed,8,energy,trading,electronics,utilities,food,retail,0.332946,0.328843,-0.005081,-0.006845,0.001764,-0.005081,1
2018-08-09,Thu,8,energy,banks,electronics,retail,food,utilities,0.024886,0.016826,-0.004595,-0.001754,-0.00284,-0.004595,0
2018-08-10,Fri,8,food,retail,pharma,banks,electronics,trading,0.033725,0.032606,0.0,-0.00282,0.00282,0.0,1
2018-08-13,Mon,8,pharma,retail,food,banks,electronics,trading,0.069469,0.058847,-0.005269,-0.022718,0.017449,-0.005269,1
2018-08-14,Tue,8,food,retail,utilities,energy,electronics,trading,0.3832,0.372582,0.001693,0.008498,-0.006804,0.001693,0
2018-08-15,Wed,8,trading,electronics,banks,food,retail,pharma,0.088343,0.083051,-0.002263,0.0,-0.002263,-0.002263,0
2018-08-16,Thu,8,food,retail,pharma,energy,electronics,trading,0.595833,0.580666,0.0,0.002938,-0.002938,0.0,0
2018-08-17,Fri,8,utilities,food,retail,electronics,banks,energy,0.154832,0.134047,0.0,0.008277,-0.008277,0.0,0
2018-08-20,Mon,8,trading,electronics,banks,pharma,food,retail,0.108435,0.104642,-0.002468,-0.000133,-0.002334,-0.002468,0
2018-08-21,Tue,8,trading,energy,electronics,utilities,retail,food,0.359884,0.353658,-0.001021,0.0,-0.001021,-0.001021,0
2018-08-22,Wed,8,trading,energy,electronics,utilities,retail,food,0.333857,0.329835,0.002406,0.001773,0.000633,0.002406,1
2018-08-23,Thu,8,energy,trading,electronics,retail,food,utilities,0.171642,0.16201,0.0,0.0,0.0,0.0,0
2018-08-24,Fri,8,retail,food,pharma,banks,electronics,trading,0.174507,0.170154,0.001877,0.002567,-0.00069,0.001877,0
2018-08-27,Mon,8,trading,electronics,banks,pharma,food,retail,0.226964,0.22104,0.002554,0.001904,0.00065,0.002554,1
2018-08-28,Tue,8,trading,electronics,energy,utilities,food,retail,0.44825,0.439896,-0.001382,-0.000873,-0.000509,-0.001382,0
2018-08-29,Wed,8,energy,trading,electronics,retail,utilities,food,0.200377,0.196397,0.0,0.000875,-0.000875,0.0,0
2018-08-30,Thu,8,utilities,food,retail,electronics,trading,energy,0.199455,0.190941,-0.002187,0.0,-0.002187,-0.002187,0
2018-08-31,Fri,8,retail,food,pharma,banks,electronics,trading,0.228619,0.221333,0.005757,0.003801,0.001956,0.005757,1
2018-09-04,Tue,9,energy,trading,electronics,retail,food,utilities,0.081468,0.077451,-0.002312,-0.003099,0.000787,-0.002312,1
2018-09-05,Wed,9,energy,trading,electronics,pharma,food,utilities,0.116214,0.108752,0.0,-0.002688,0.002688,0.0,1
2018-09-06,Thu,9,food,retail,utilities,electronics,trading,energy,0.117641,0.115472,-0.001362,-0.001798,0.000436,-0.001362,1
2018-09-07,Fri,9,retail,food,pharma,trading,energy,electronics,0.196931,0.193433,-0.000722,-0.002138,0.001416,-0.000722,1
2018-09-10,Mon,9,energy,trading,electronics,pharma,food,utilities,0.056811,0.050045,0.0,0.005797,-0.005797,0.0,0
2018-09-11,Tue,9,electronics,banks,trading,pharma,food,retail,0.024005,0.02236,0.001703,0.006581,-0.004878,0.001703,0
2018-09-12,Wed,9,energy,electronics,trading,utilities,retail,food,0.267333,0.26452,0.001492,-0.001325,0.002816,0.001492,1
2018-09-13,Thu,9,food,utilities,retail,trading,electronics,energy,0.295978,0.292376,0.006649,0.002286,0.004363,0.006649,1
2018-09-14,Fri,9,utilities,food,retail,electronics,trading,energy,0.349388,0.341112,-0.000551,0.011675,-0.012226,-0.000551,0
2018-09-17,Mon,9,energy,electronics,trading,retail,food,utilities,0.354964,0.35151,0.0,0.0,0.0,0.0,0
2018-09-18,Tue,9,energy,electronics,trading,retail,food,utilities,0.283077,0.278382,0.010597,0.009174,0.001423,0.010597,1
2018-09-19,Wed,9,electronics,energy,banks,pharma,food,retail,0.059088,0.054431,0.012578,0.00081,0.011768,0.012578,1
2018-09-20,Thu,9,electronics,energy,banks,food,retail,utilities,0.902182,0.893114,0.00359,0.003822,-0.000231,0.00359,0
2018-09-21,Fri,9,utilities,food,pharma,banks,electronics,energy,0.239114,0.230182,-0.00399,0.005877,-0.009868,-0.00399,0
2018-09-24,Mon,9,retail,food,utilities,banks,energy,electronics,0.0341,0.032289,0.0,0.0,0.0,0.0,0
2018-09-25,Tue,9,retail,food,pharma,trading,electronics,energy,0.131033,0.116837,0.008665,-0.001721,0.010386,0.008665,1
2018-09-26,Wed,9,electronics,energy,banks,retail,food,utilities,0.432444,0.422779,0.009305,0.000413,0.008892,0.009305,1
2018-09-27,Thu,9,retail,food,utilities,banks,electronics,energy,0.498829,0.483171,-0.00165,-0.001202,-0.000448,-0.00165,0
2018-09-28,Fri,9,retail,utilities,food,banks,energy,electronics,0.458893,0.45475,0.00165,-0.003549,0.005199,0.00165,1
2018-10-01,Mon,10,retail,utilities,food,banks,energy,electronics,0.458767,0.452409,0.0,-0.001199,0.001199,0.0,1
2018-10-02,Tue,10,energy,electronics,banks,utilities,food,retail,0.266167,0.259312,0.005495,-0.001232,0.006726,0.005495,1
2018-10-03,Wed,10,retail,utilities,food,banks,energy,electronics,0.189864,0.18551,0.000412,-0.010862,0.011274,0.000412,1
2018-10-04,Thu,10,electronics,energy,banks,food,utilities,retail,0.482097,0.475409,-0.000298,-0.001229,0.000931,-0.000298,1
2018-10-05,Fri,10,electronics,banks,energy,food,retail,utilities,0.544354,0.533278,0.002511,0.002053,0.000459,0.002511,1
2018-10-08,Mon,10,retail,food,pharma,banks,electronics,energy,0.136273,0.129446,0.0,0.0,0.0,0.0,0
2018-10-09,Tue,10,energy,electronics,banks,pharma,food,retail,0.141517,0.135761,-0.015568,-0.00476,-0.010808,-0.015568,0
2018-10-10,Wed,10,retail,food,utilities,banks,energy,electronics,0.529538,0.513719,0.001634,0.007175,-0.005541,0.001634,0
2018-10-11,Thu,10,banks,electronics,trading,food,pharma,utilities,0.231737,0.194131,-0.009884,-0.00341,-0.006474,-0.009884,0
2018-10-12,Fri,10,banks,electronics,trading,transport,steel,materials,0.126507,0.095682,0.00194,-0.006984,0.008924,0.00194,1
2018-10-15,Mon,10,retail,food,utilities,energy,electronics,banks,0.683558,0.660305,0.0,-0.009103,0.009103,0.0,1
2018-10-16,Tue,10,banks,electronics,energy,pharma,food,retail,0.059359,0.056559,0.006073,0.000279,0.005794,0.006073,1
2018-10-17,Wed,10,pharma,retail,food,trading,electronics,banks,0.321164,0.299467,0.002617,0.002669,-5.2e-05,0.002617,0
2018-10-18,Thu,10,food,retail,utilities,banks,energy,electronics,0.06703,0.064445,0.001663,-0.01026,0.011922,0.001663,1
2018-10-19,Fri,10,food,transport,banks,auto,steel,materials,0.052062,0.03691,0.002203,-0.006888,0.009091,0.002203,1
2018-10-22,Mon,10,retail,food,utilities,energy,electronics,banks,0.457972,0.445793,0.002481,0.008456,-0.005975,0.002481,0
2018-10-23,Tue,10,food,retail,utilities,banks,electronics,energy,0.430047,0.413486,-0.007083,-0.012227,0.005144,-0.007083,1
2018-10-24,Wed,10,food,retail,utilities,banks,electronics,energy,0.293734,0.281044,0.005396,-0.003502,0.008898,0.005396,1
2018-10-25,Thu,10,food,retail,utilities,trading,electronics,energy,0.520657,0.4792,-0.005927,-0.013764,0.007838,-0.005927,1
2018-10-26,Fri,10,energy,electronics,banks,utilities,retail,food,0.495646,0.468528,-0.002743,-0.001277,-0.001466,-0.002743,0
2018-10-29,Mon,10,trading,electronics,banks,retail,pharma,utilities,0.358802,0.352408,-0.002002,-0.003371,0.001369,-0.002002,1
2018-10-30,Tue,10,food,retail,utilities,energy,electronics,banks,0.132994,0.129762,0.0,0.017086,-0.017086,0.0,0
2018-10-31,Wed,10,energy,banks,electronics,utilities,retail,food,0.455017,0.428417,0.009825,0.0,0.009825,0.009825,1
2018-11-01,Thu,11,banks,energy,electronics,utilities,retail,food,0.432244,0.417874,-0.006864,-0.001269,-0.005595,-0.006864,0
2018-11-02,Fri,11,energy,banks,electronics,utilities,retail,food,0.324972,0.314136,0.003892,-0.00375,0.007642,0.003892,1
2018-11-05,Mon,11,electronics,banks,energy,retail,utilities,food,0.315241,0.307898,-0.002126,-0.002167,4.1e-05,-0.002126,1
2018-11-06,Tue,11,energy,banks,electronics,utilities,retail,food,0.140513,0.132035,0.000838,0.002165,-0.001327,0.000838,0
2018-11-07,Wed,11,energy,banks,electronics,utilities,retail,food,0.126067,0.119037,-0.007227,-0.003861,-0.003366,-0.007227,0
2018-11-08,Thu,11,utilities,pharma,food,banks,electronics,trading,0.166723,0.155017,0.002088,0.0,0.002088,0.002088,1
2018-11-09,Fri,11,food,retail,utilities,electronics,energy,banks,0.154915,0.149284,0.0,-0.011971,0.011971,0.0,1
2018-11-12,Mon,11,food,retail,utilities,electronics,energy,banks,0.188565,0.180076,0.0,-0.001662,0.001662,0.0,1
2018-11-13,Tue,11,retail,food,utilities,energy,banks,materials,0.081233,0.065956,0.00042,0.003448,-0.003028,0.00042,0
2018-11-14,Wed,11,food,retail,utilities,electronics,energy,banks,0.08625,0.083579,0.006289,-0.007847,0.014136,0.006289,1
2018-11-15,Thu,11,electronics,banks,energy,retail,utilities,food,0.295563,0.2884,-0.001948,0.00287,-0.004818,-0.001948,0
2018-11-16,Fri,11,banks,energy,electronics,retail,utilities,food,0.316915,0.308439,0.000321,-0.002439,0.00276,0.000321,1
2018-11-19,Mon,11,energy,banks,electronics,utilities,retail,food,0.085308,0.08278,-0.007065,0.00504,-0.012105,-0.007065,0
2018-11-20,Tue,11,electronics,trading,banks,retail,utilities,food,0.294476,0.286018,-0.006275,-0.003228,-0.003046,-0.006275,0
2018-11-21,Wed,11,food,retail,utilities,electronics,energy,banks,0.33345,0.321092,0.0,0.002659,-0.002659,0.0,0
2018-11-23,Fri,11,banks,electronics,energy,retail,utilities,food,0.636004,0.622915,-0.0,0.0,-0.0,-0.0,0
2018-11-26,Mon,11,food,utilities,retail,electronics,energy,banks,0.513698,0.504628,0.00081,0.000412,0.000398,0.00081,1
2018-11-27,Tue,11,energy,banks,electronics,utilities,food,retail,0.20727,0.199607,0.00377,0.001215,0.002555,0.00377,1
2018-11-28,Wed,11,food,utilities,retail,energy,electronics,banks,0.420325,0.409638,0.0,-0.002089,0.002089,0.0,1
2018-11-29,Thu,11,materials,energy,banks,pharma,utilities,retail,0.097691,0.075877,0.000449,-0.003619,0.004068,0.000449,1
2018-11-30,Fri,11,banks,energy,electronics,retail,utilities,food,0.121721,0.119899,0.008002,-0.000407,0.00841,0.008002,1
2018-12-03,Mon,12,food,utilities,retail,energy,electronics,banks,0.369299,0.357874,-0.00404,0.007928,-0.011968,-0.00404,0
2018-12-04,Tue,12,energy,banks,electronics,food,retail,utilities,0.307011,0.304007,-0.020999,-0.001084,-0.019915,-0.020999,0
2018-12-06,Thu,12,retail,utilities,food,electronics,banks,energy,0.450816,0.437856,0.002442,-0.013025,0.015467,0.002442,1
2018-12-07,Fri,12,food,utilities,retail,energy,electronics,banks,0.105414,0.103695,0.0,-0.002371,0.002371,0.0,1
2018-12-10,Mon,12,trading,electronics,banks,steel,food,materials,0.06801,0.046059,-0.00077,-0.004724,0.003954,-0.00077,1
2018-12-11,Tue,12,utilities,food,retail,energy,electronics,banks,0.373424,0.368565,-0.000267,-0.006672,0.006406,-0.000267,1
2018-12-12,Wed,12,food,utilities,retail,energy,electronics,banks,0.262831,0.259012,-0.000892,0.009054,-0.009947,-0.000892,0
2018-12-13,Thu,12,energy,banks,electronics,food,utilities,retail,0.03152,0.028957,-0.000345,-0.00321,0.002865,-0.000345,1
2018-12-14,Fri,12,food,utilities,retail,energy,electronics,banks,0.257511,0.254828,-0.0004,-0.011127,0.010727,-0.0004,1
2018-12-17,Mon,12,electronics,trading,banks,retail,utilities,food,0.433289,0.41737,-0.002026,-0.002592,0.000566,-0.002026,1
2018-12-18,Tue,12,trading,electronics,banks,pharma,utilities,food,0.409397,0.37962,-0.012205,-0.019158,0.006953,-0.012205,1
2018-12-19,Wed,12,banks,electronics,trading,utilities,retail,food,0.250957,0.246624,-0.007915,-0.011647,0.003731,-0.007915,1
2018-12-20,Thu,12,trading,utilities,transport,machinery,food,materials,0.044848,0.028821,-0.003279,-0.004229,0.000949,-0.003279,1
2018-12-21,Fri,12,utilities,retail,transport,steel,energy,materials,0.057038,0.038205,-0.008271,-0.013133,0.004862,-0.008271,1
2018-12-24,Mon,12,trading,electronics,banks,pharma,materials,food,0.0719,0.059642,0.0,0.0,0.0,0.0,0
2018-12-26,Wed,12,trading,electronics,banks,pharma,retail,food,0.305317,0.268808,-0.002446,-0.005842,0.003396,-0.002446,1
2018-12-27,Thu,12,banks,energy,electronics,pharma,retail,utilities,0.481667,0.44606,-0.00059,0.01796,-0.01855,-0.00059,0
2018-12-28,Fri,12,energy,machinery,steel,utilities,finance,transport,0.05005,0.039098,-0.000592,0.002567,-0.003159,-0.000592,0
2018-12-31,Mon,12,food,utilities,retail,banks,energy,electronics,0.062963,0.06125,0.0,0.0,0.0,0.0,0
2019-01-04,Fri,1,machinery,steel,energy,utilities,finance,transport,0.038947,0.028577,0.0,0.007653,-0.007653,0.0,0
2019-01-07,Mon,1,energy,electronics,machinery,retail,utilities,transport,0.16595,0.128657,0.015737,0.001559,0.014179,0.015737,1
2019-01-08,Tue,1,energy,electronics,banks,food,retail,utilities,0.288004,0.277497,-0.006954,-0.002161,-0.004793,-0.006954,0
2019-01-09,Wed,1,food,machinery,pharma,electronics,trading,transport,0.048098,0.041186,-0.009377,-0.002928,-0.006449,-0.009377,0
2019-01-10,Thu,1,energy,electronics,banks,retail,utilities,food,0.233567,0.229096,0.007733,0.003197,0.004535,0.007733,1
2019-01-11,Fri,1,machinery,food,steel,electronics,trading,transport,0.027269,0.022421,0.0,0.0,0.0,0.0,0
2019-01-15,Tue,1,retail,utilities,food,banks,electronics,energy,0.016916,0.01646,-0.000804,0.006621,-0.007425,-0.000804,0
2019-01-16,Wed,1,food,utilities,retail,energy,banks,electronics,0.337684,0.323421,0.0,-0.002655,0.002655,0.0,1
2019-01-17,Thu,1,energy,electronics,banks,retail,food,utilities,0.296735,0.289429,-0.002559,0.0,-0.002559,-0.002559,0
2019-01-18,Fri,1,energy,electronics,banks,food,utilities,retail,0.128467,0.118191,0.0,0.005119,-0.005119,0.0,0
2019-01-22,Tue,1,energy,banks,electronics,pharma,utilities,retail,0.16211,0.145815,0.0,-0.004706,0.004706,0.0,1
2019-01-23,Wed,1,retail,utilities,pharma,banks,electronics,energy,0.161195,0.14599,0.000126,0.002125,-0.001998,0.000126,0
2019-01-24,Thu,1,utilities,food,retail,banks,energy,electronics,0.397345,0.388847,-0.000678,0.010233,-0.010911,-0.000678,0
2019-01-25,Fri,1,electronics,energy,banks,food,retail,utilities,0.170759,0.167608,0.002834,0.0,0.002834,0.002834,1
2019-01-28,Mon,1,energy,electronics,banks,food,retail,utilities,0.571193,0.557667,0.0,0.0,0.0,0.0,0
2019-01-29,Tue,1,electronics,trading,energy,retail,utilities,food,0.147832,0.138332,-0.001715,-0.00135,-0.000365,-0.001715,0
2019-01-30,Wed,1,energy,electronics,banks,food,retail,utilities,0.086851,0.084268,-0.001769,-0.001804,3.5e-05,-0.001769,1
2019-01-31,Thu,1,food,utilities,retail,banks,trading,electronics,0.185819,0.165783,-0.005124,-0.001343,-0.003781,-0.005124,0
2019-02-01,Fri,2,food,utilities,retail,banks,energy,electronics,0.622307,0.59968,-0.005376,-0.004039,-0.001338,-0.005376,0
2019-02-04,Mon,2,electronics,energy,banks,utilities,retail,food,0.17256,0.168438,-0.001,0.0,-0.001,-0.001,0
2019-02-05,Tue,2,food,retail,utilities,banks,trading,electronics,0.071378,0.064886,0.003759,0.000359,0.003401,0.003759,1
2019-02-06,Wed,2,energy,electronics,banks,pharma,retail,utilities,0.065984,0.061329,-0.003868,-0.002058,-0.001811,-0.003868,0
2019-02-07,Thu,2,retail,utilities,food,banks,electronics,energy,0.250699,0.240429,-0.000834,-0.012819,0.011985,-0.000834,1
2019-02-08,Fri,2,retail,utilities,food,banks,electronics,energy,0.271709,0.258176,-0.002958,-0.004362,0.001404,-0.002958,1
2019-02-12,Tue,2,retail,food,utilities,banks,electronics,energy,0.236866,0.230143,0.0,0.01215,-0.01215,0.0,0
2019-02-13,Wed,2,energy,electronics,banks,pharma,retail,utilities,0.072675,0.061097,-0.000549,-0.000418,-0.000131,-0.000549,0
2019-02-14,Thu,2,energy,electronics,banks,food,utilities,retail,0.213151,0.203939,-0.001085,0.000835,-0.00192,-0.001085,0
2019-02-15,Fri,2,electronics,banks,trading,pharma,retail,food,0.059981,0.055769,-0.0,0.002481,-0.002481,-0.0,0
2019-02-19,Tue,2,energy,electronics,banks,pharma,utilities,retail,0.181704,0.163551,-0.002342,0.00655,-0.008892,-0.002342,0
2019-02-20,Wed,2,food,pharma,retail,trading,transport,electronics,0.010295,0.008803,0.0,0.000995,-0.000995,0.0,0
2019-02-21,Thu,2,energy,electronics,banks,food,utilities,retail,0.162946,0.156485,-0.001233,-0.000805,-0.000427,-0.001233,0
2019-02-22,Fri,2,retail,utilities,food,banks,electronics,energy,0.238071,0.226077,-0.003997,0.0,-0.003997,-0.003997,0
2019-02-25,Mon,2,food,retail,pharma,trading,banks,electronics,0.069681,0.06492,0.001943,0.000281,0.001663,0.001943,1
2019-02-26,Tue,2,electronics,energy,banks,utilities,food,retail,0.167398,0.162444,-0.000992,0.000794,-0.001786,-0.000992,0
2019-02-27,Wed,2,retail,utilities,pharma,banks,electronics,energy,0.075229,0.068958,0.004144,-0.001425,0.005569,0.004144,1
2019-02-28,Thu,2,electronics,energy,banks,pharma,retail,food,0.092501,0.089051,0.000136,-0.001424,0.001559,0.000136,1
2019-03-01,Fri,3,retail,utilities,food,banks,electronics,energy,0.264842,0.252471,-0.00161,-0.001775,0.000165,-0.00161,1
2019-03-04,Mon,3,energy,electronics,banks,pharma,utilities,retail,0.035186,0.030105,0.000523,-0.003236,0.003759,0.000523,1
2019-03-05,Tue,3,electronics,energy,banks,pharma,food,retail,0.20947,0.202347,0.000311,0.0,0.000311,0.000311,1
2019-03-06,Wed,3,transport,finance,utilities,machinery,it_services,energy,0.0125,0.010421,0.00041,0.0,0.00041,0.00041,1
2019-03-07,Thu,3,electronics,trading,banks,retail,pharma,food,0.046494,0.040748,-0.008308,-0.003466,-0.004841,-0.008308,0
2019-03-08,Fri,3,retail,utilities,transport,electronics,banks,energy,0.055928,0.046421,-0.006552,-0.007592,0.00104,-0.006552,1
2019-03-11,Mon,3,retail,utilities,food,banks,electronics,energy,0.161723,0.153217,0.000669,-0.000749,0.001419,0.000669,1
2019-03-12,Tue,3,it_services,machinery,steel,materials,finance,transport,0.070376,0.056541,0.0,-0.007407,0.007407,0.0,1
2019-03-13,Wed,3,food,retail,utilities,trading,banks,electronics,0.040002,0.037203,0.001209,-0.001087,0.002296,0.001209,1
2019-03-14,Thu,3,energy,it_services,electronics,utilities,retail,transport,0.036699,0.029698,-0.000831,0.0008,-0.001631,-0.000831,0
2019-03-15,Fri,3,electronics,banks,trading,pharma,retail,food,0.026797,0.024352,0.0,0.0,0.0,0.0,0
2019-03-18,Mon,3,retail,food,utilities,banks,electronics,energy,0.222024,0.215991,-0.003567,0.001434,-0.005001,-0.003567,0
2019-03-19,Tue,3,energy,electronics,banks,utilities,food,retail,0.223881,0.214908,0.0,-0.000804,0.000804,0.0,1
2019-03-20,Wed,3,retail,utilities,pharma,banks,electronics,energy,0.08374,0.077278,0.000144,0.00252,-0.002376,0.000144,0
2019-03-22,Fri,3,transport,retail,utilities,steel,it_services,energy,0.026391,0.02122,0.0004,0.004068,-0.003669,0.0004,0
2019-03-25,Mon,3,retail,utilities,food,banks,electronics,energy,0.628167,0.586487,0.001984,-0.00878,0.010764,0.001984,1
2019-03-26,Tue,3,retail,food,utilities,banks,electronics,energy,0.034418,0.030856,-0.005536,0.001159,-0.006695,-0.005536,0
2019-03-27,Wed,3,energy,electronics,trading,food,transport,retail,0.059045,0.048654,-0.001394,0.001015,-0.002409,-0.001394,0
2019-03-28,Thu,3,electronics,energy,banks,utilities,pharma,food,0.161322,0.154491,-0.001451,-0.001564,0.000113,-0.001451,1
2019-03-29,Fri,3,energy,electronics,banks,utilities,food,retail,0.417004,0.398531,-0.006806,-0.00243,-0.004376,-0.006806,0
2019-04-01,Mon,4,food,retail,utilities,banks,energy,electronics,0.302907,0.293581,-0.001613,0.002279,-0.003892,-0.001613,0
2019-04-02,Tue,4,energy,electronics,banks,utilities,food,retail,0.617491,0.582756,-0.003587,-0.003632,4.5e-05,-0.003587,1
2019-04-03,Wed,4,electronics,energy,banks,utilities,food,retail,0.285204,0.276489,0.00911,-0.000822,0.009932,0.00911,1
2019-04-04,Thu,4,electronics,energy,banks,utilities,retail,food,0.146327,0.14161,0.001457,-0.002481,0.003938,0.001457,1
2019-04-05,Fri,4,energy,electronics,trading,utilities,food,retail,0.316906,0.309617,0.001178,0.00166,-0.000483,0.001178,0
2019-04-08,Mon,4,food,pharma,utilities,banks,energy,electronics,0.057643,0.051158,-0.000927,0.000278,-0.001205,-0.000927,0
2019-04-09,Tue,4,utilities,machinery,transport,food,steel,pharma,0.008663,0.007534,-0.005582,-0.002263,-0.003319,-0.005582,0
2019-04-10,Wed,4,retail,utilities,food,energy,electronics,trading,0.352802,0.341754,-0.000741,0.001944,-0.002686,-0.000741,0
2019-04-11,Thu,4,electronics,trading,energy,food,utilities,retail,0.176779,0.172374,-0.005333,0.000846,-0.006179,-0.005333,0
2019-04-12,Fri,4,energy,electronics,trading,pharma,food,retail,0.139427,0.136282,-0.006393,-0.006935,0.000542,-0.006393,1
2019-04-15,Mon,4,electronics,trading,energy,food,utilities,retail,0.499764,0.485884,0.01228,0.002545,0.009736,0.01228,1
2019-04-16,Tue,4,retail,utilities,food,trading,energy,electronics,0.526699,0.51324,-0.00463,0.000676,-0.005306,-0.00463,0
2019-04-17,Wed,4,energy,electronics,trading,pharma,food,retail,0.409732,0.402199,0.001573,-0.002601,0.004174,0.001573,1
2019-04-18,Thu,4,energy,electronics,banks,retail,pharma,food,0.123972,0.117631,-0.001296,-0.013792,0.012496,-0.001296,1
2019-04-22,Mon,4,food,pharma,retail,electronics,banks,energy,0.019195,0.01846,0.002867,-0.002232,0.005099,0.002867,1
2019-04-23,Tue,4,retail,utilities,food,trading,energy,electronics,0.082672,0.08082,0.001738,0.00639,-0.004652,0.001738,0
2019-04-24,Wed,4,construction,electronics,trading,retail,utilities,machinery,0.02482,0.021342,-0.004178,-0.015258,0.01108,-0.004178,1
2019-04-25,Thu,4,retail,utilities,food,banks,electronics,energy,0.39769,0.389624,0.000451,0.005729,-0.005278,0.000451,0
2019-04-26,Fri,4,retail,utilities,food,trading,energy,electronics,0.308929,0.300175,0.000452,0.000276,0.000176,0.000452,1
2019-05-07,Tue,5,pharma,food,retail,electronics,energy,banks,0.079711,0.075829,0.007552,-0.018329,0.025881,0.007552,1
2019-05-08,Wed,5,machinery,finance,banks,food,pharma,construction,0.075075,0.052785,-0.017117,-0.016282,-0.000835,-0.017117,0
2019-05-09,Thu,5,electronics,energy,banks,pharma,food,retail,0.337389,0.331076,-0.003927,-0.015322,0.011395,-0.003927,1
2019-05-10,Fri,5,energy,electronics,banks,retail,food,pharma,0.145647,0.144288,-0.002518,0.000814,-0.003332,-0.002518,0
2019-05-13,Mon,5,pharma,food,utilities,banks,energy,electronics,0.287356,0.279835,-0.002555,0.003436,-0.005992,-0.002555,0
2019-05-14,Tue,5,retail,food,utilities,trading,banks,energy,0.239927,0.208963,-0.011813,0.020072,-0.031884,-0.011813,0
2019-05-15,Wed,5,energy,banks,electronics,utilities,food,retail,0.256183,0.245055,-0.001536,-0.000954,-0.000582,-0.001536,0
2019-05-16,Thu,5,pharma,utilities,retail,banks,energy,electronics,0.191968,0.185025,0.000609,-0.011492,0.0121,0.000609,1
2019-05-17,Fri,5,pharma,utilities,food,trading,energy,electronics,0.060999,0.050261,0.000195,0.008705,-0.00851,0.000195,0
2019-05-20,Mon,5,retail,utilities,food,banks,energy,electronics,0.244348,0.23472,-0.001994,-0.001713,-0.00028,-0.001994,0
2019-05-21,Tue,5,retail,food,utilities,banks,trading,electronics,0.205912,0.192871,0.000106,-0.001426,0.001532,0.000106,1
2019-05-22,Wed,5,electronics,trading,energy,utilities,food,retail,0.395003,0.374454,0.000286,-0.001883,0.00217,0.000286,1
2019-05-23,Thu,5,retail,food,utilities,trading,energy,electronics,0.609103,0.584448,0.00319,-0.011504,0.014694,0.00319,1
2019-05-24,Fri,5,retail,food,utilities,energy,trading,electronics,0.682412,0.649983,0.000467,-0.005073,0.00554,0.000467,1
2019-05-28,Tue,5,electronics,energy,banks,utilities,food,retail,0.398015,0.386531,-0.004382,-0.002574,-0.001808,-0.004382,0
2019-05-29,Wed,5,electronics,energy,banks,food,retail,utilities,0.533726,0.525078,0.003934,-0.002833,0.006767,0.003934,1
2019-05-30,Thu,5,electronics,energy,banks,retail,food,utilities,0.425071,0.412751,-0.0,-0.002861,0.002861,-0.0,1
2019-05-31,Fri,5,utilities,retail,food,banks,energy,electronics,0.258615,0.253479,0.002577,-0.011118,0.013695,0.002577,1
2019-06-03,Mon,6,energy,electronics,banks,food,pharma,utilities,0.077003,0.071539,-0.013985,0.006302,-0.020287,-0.013985,0
2019-06-04,Tue,6,electronics,energy,banks,utilities,food,retail,0.350855,0.341235,0.001567,-0.006354,0.007921,0.001567,1
2019-06-05,Wed,6,trading,banks,electronics,utilities,food,retail,0.114205,0.090612,0.00895,-0.003144,0.012094,0.00895,1
2019-06-06,Thu,6,utilities,pharma,food,banks,electronics,energy,0.56575,0.545554,0.000471,-0.004804,0.005275,0.000471,1
2019-06-07,Fri,6,utilities,pharma,food,banks,electronics,energy,0.107633,0.099919,-0.001432,0.000619,-0.002051,-0.001432,0
2019-06-10,Mon,6,utilities,pharma,food,banks,electronics,energy,0.14915,0.139045,0.004276,0.004244,3.2e-05,0.004276,1
2019-06-11,Tue,6,energy,electronics,trading,utilities,food,retail,0.13505,0.13059,0.0,0.000702,-0.000702,0.0,0
2019-06-12,Wed,6,energy,electronics,banks,food,utilities,retail,0.140128,0.136636,-0.001631,-0.001397,-0.000234,-0.001631,0
2019-06-13,Thu,6,retail,utilities,food,banks,electronics,energy,0.479342,0.465905,-0.002813,-0.006494,0.003681,-0.002813,1
2019-06-14,Fri,6,energy,electronics,trading,utilities,food,retail,0.206926,0.197709,0.002377,-0.003291,0.005668,0.002377,1
2019-06-17,Mon,6,retail,food,utilities,banks,electronics,energy,0.119755,0.116179,-0.004267,0.002405,-0.006673,-0.004267,0
2019-06-18,Tue,6,energy,electronics,banks,food,utilities,retail,0.094511,0.092129,-0.004587,-0.009606,0.005019,-0.004587,1
2019-06-19,Wed,6,energy,banks,electronics,utilities,food,retail,0.316086,0.306263,0.005697,0.003951,0.001747,0.005697,1
2019-06-20,Thu,6,retail,utilities,food,electronics,banks,energy,0.393294,0.384547,0.002426,0.003562,-0.001136,0.002426,0
2019-06-21,Fri,6,electronics,energy,banks,utilities,food,retail,0.061426,0.055986,0.006187,-0.000482,0.00667,0.006187,1
2019-06-24,Mon,6,retail,food,utilities,banks,electronics,energy,0.173012,0.167983,-0.000838,-0.000683,-0.000155,-0.000838,0
2019-06-25,Tue,6,retail,food,utilities,banks,electronics,energy,0.161693,0.157142,-0.001935,-0.004764,0.002829,-0.001935,1
2019-06-26,Wed,6,energy,trading,electronics,retail,utilities,pharma,0.054124,0.04887,-0.002611,-0.001969,-0.000641,-0.002611,0
2019-06-27,Thu,6,energy,electronics,banks,food,utilities,retail,0.6968,0.686185,0.010419,0.002044,0.008375,0.010419,1
2019-06-28,Fri,6,construction,utilities,transport,retail,it_services,food,0.00848,0.006641,0.001969,-0.002144,0.004114,0.001969,1
2019-07-01,Mon,7,energy,electronics,banks,pharma,food,retail,0.380189,0.370245,0.01166,0.003923,0.007736,0.01166,1
2019-07-02,Tue,7,utilities,pharma,retail,trading,energy,electronics,0.056923,0.049592,-0.000285,-0.000611,0.000326,-0.000285,1
2019-07-03,Wed,7,retail,utilities,food,banks,electronics,energy,0.522979,0.515939,0.002144,-0.004332,0.006476,0.002144,1
2019-07-05,Fri,7,utilities,pharma,retail,banks,energy,electronics,0.175033,0.163208,-0.004954,0.001531,-0.006484,-0.004954,0
2019-07-08,Mon,7,energy,electronics,banks,food,retail,utilities,0.156423,0.150258,-0.011924,-0.011261,-0.000662,-0.011924,0
2019-07-09,Tue,7,retail,food,pharma,trading,banks,energy,0.030461,0.02746,-0.000263,0.002824,-0.003087,-0.000263,0
2019-07-10,Wed,7,energy,electronics,banks,food,retail,utilities,0.042633,0.040979,-0.002902,0.00421,-0.007112,-0.002902,0
2019-07-11,Thu,7,utilities,retail,pharma,banks,electronics,energy,0.136161,0.129854,0.002262,-0.000162,0.002425,0.002262,1
2019-07-12,Fri,7,utilities,retail,food,electronics,banks,energy,0.054595,0.052984,0.000968,-0.001698,0.002666,0.000968,1
2019-07-16,Tue,7,energy,electronics,banks,utilities,food,retail,0.44774,0.433095,-0.010157,-0.004943,-0.005214,-0.010157,0
2019-07-17,Wed,7,banks,energy,electronics,retail,pharma,utilities,0.150049,0.142889,-0.000788,3e-06,-0.000791,-0.000788,0
2019-07-18,Thu,7,retail,food,pharma,banks,electronics,energy,0.479918,0.463844,-0.013509,-0.022651,0.009142,-0.013509,1
2019-07-19,Fri,7,utilities,retail,pharma,electronics,banks,energy,0.276129,0.266203,0.012613,0.012346,0.000267,0.012613,1
2019-07-22,Mon,7,banks,energy,electronics,retail,pharma,utilities,0.454267,0.435556,-0.000402,-0.001479,0.001078,-0.000402,1
2019-07-23,Tue,7,energy,banks,electronics,pharma,retail,utilities,0.145805,0.142767,0.004596,-0.000178,0.004774,0.004596,1
2019-07-24,Wed,7,energy,electronics,banks,pharma,food,retail,0.430884,0.4189,0.0033,-0.002117,0.005417,0.0033,1
2019-07-25,Thu,7,energy,electronics,banks,utilities,food,retail,0.243993,0.23839,-0.001145,0.003022,-0.004167,-0.001145,0
2019-07-26,Fri,7,retail,food,pharma,banks,electronics,energy,0.22085,0.212449,-0.000252,-0.002249,0.001997,-0.000252,1
2019-07-29,Mon,7,utilities,pharma,retail,electronics,energy,banks,0.181304,0.170207,0.002465,-0.006781,0.009246,0.002465,1
2019-07-30,Tue,7,retail,utilities,food,banks,electronics,energy,0.320179,0.313003,0.004241,-0.00152,0.005761,0.004241,1
2019-07-31,Wed,7,energy,electronics,banks,food,retail,utilities,0.558038,0.543702,0.000911,0.003865,-0.002954,0.000911,0
2019-08-01,Thu,8,banks,energy,electronics,retail,pharma,utilities,0.460882,0.436267,0.008703,-0.002646,0.011349,0.008703,1
2019-08-02,Fri,8,retail,utilities,food,banks,electronics,energy,0.756034,0.740905,-0.009254,-0.013638,0.004384,-0.009254,1
2019-08-05,Mon,8,food,retail,pharma,trading,electronics,energy,0.028952,0.025468,-0.012084,-0.016614,0.00453,-0.012084,1
2019-08-06,Tue,8,banks,energy,trading,retail,pharma,utilities,0.282195,0.241453,0.012831,0.012253,0.000578,0.012831,1
2019-08-07,Wed,8,utilities,pharma,retail,trading,energy,banks,0.340197,0.323654,0.000487,-0.000143,0.000629,0.000487,1
2019-08-08,Thu,8,utilities,pharma,food,electronics,banks,energy,0.230008,0.222872,-0.004888,-0.016303,0.011415,-0.004888,1
2019-08-09,Fri,8,electronics,trading,energy,utilities,food,retail,0.242086,0.220885,0.000983,0.0,0.000983,0.000983,1
2019-08-13,Tue,8,utilities,retail,food,trading,energy,electronics,0.117601,0.111438,-0.002235,-0.014915,0.01268,-0.002235,1
2019-08-14,Wed,8,utilities,retail,pharma,trading,energy,banks,0.210856,0.204179,-0.004418,0.00314,-0.007558,-0.004418,0
2019-08-15,Thu,8,food,utilities,retail,energy,trading,electronics,0.383873,0.349359,0.001876,-0.006666,0.008543,0.001876,1
2019-08-16,Fri,8,utilities,pharma,retail,electronics,banks,energy,0.303287,0.292732,0.002816,0.005348,-0.002531,0.002816,0
2019-08-19,Mon,8,electronics,trading,banks,utilities,retail,food,0.0696,0.056806,0.002552,-0.001257,0.003809,0.002552,1
2019-08-20,Tue,8,electronics,trading,banks,utilities,retail,food,0.048232,0.040829,0.000518,-0.002941,0.003459,0.000518,1
2019-08-21,Wed,8,food,utilities,retail,energy,trading,electronics,0.075097,0.069873,-0.003989,-0.003129,-0.00086,-0.003989,0
2019-08-22,Thu,8,utilities,pharma,retail,electronics,banks,energy,0.111667,0.107123,0.000339,-0.004322,0.004661,0.000339,1
2019-08-23,Fri,8,energy,banks,electronics,retail,pharma,utilities,0.033979,0.032892,-0.001101,0.000502,-0.001603,-0.001101,0
2019-08-26,Mon,8,machinery,food,finance,trading,realestate,it_services,0.071212,0.050821,0.00037,0.007474,-0.007105,0.00037,0
2019-08-27,Tue,8,utilities,pharma,retail,electronics,banks,energy,0.320015,0.311298,0.00273,-0.002112,0.004842,0.00273,1
2019-08-28,Wed,8,food,utilities,pharma,energy,electronics,trading,0.025325,0.021478,0.003506,0.000371,0.003135,0.003506,1
2019-08-29,Thu,8,trading,electronics,energy,pharma,food,utilities,0.20114,0.19782,-0.00092,-0.000997,7.6e-05,-0.00092,1
2019-08-30,Fri,8,trading,electronics,energy,pharma,utilities,food,0.20921,0.202061,0.00816,0.008538,-0.000377,0.00816,0
2019-09-03,Tue,9,energy,electronics,banks,pharma,retail,utilities,0.152543,0.149941,0.00031,0.002627,-0.002317,0.00031,0
2019-09-04,Wed,9,utilities,pharma,retail,trading,electronics,energy,0.254826,0.251078,0.003772,0.001173,0.002599,0.003772,1
2019-09-05,Thu,9,trading,electronics,energy,food,pharma,utilities,0.238892,0.234859,0.010491,0.004072,0.006418,0.010491,1
2019-09-06,Fri,9,electronics,trading,energy,food,pharma,utilities,0.257869,0.254727,0.000152,-0.004254,0.004406,0.000152,1
2019-09-09,Mon,9,electronics,energy,trading,pharma,retail,utilities,0.125953,0.123983,0.002733,0.003885,-0.001151,0.002733,0
2019-09-10,Tue,9,electronics,energy,trading,pharma,retail,utilities,0.561919,0.549656,0.01203,-0.005941,0.017971,0.01203,1
2019-09-11,Wed,9,electronics,energy,trading,pharma,retail,utilities,0.195404,0.190788,0.014213,0.013554,0.000659,0.014213,1
2019-09-12,Thu,9,utilities,pharma,retail,banks,electronics,energy,0.293887,0.288577,0.007484,0.001333,0.006151,0.007484,1
2019-09-13,Fri,9,trading,electronics,energy,utilities,pharma,food,0.031495,0.030705,0.004315,0.004605,-0.00029,0.004315,0
2019-09-17,Tue,9,electronics,energy,banks,retail,pharma,utilities,0.456044,0.447211,0.013685,0.002874,0.010811,0.013685,1
2019-09-18,Wed,9,utilities,retail,pharma,banks,electronics,energy,0.162388,0.159476,0.000771,-0.007974,0.008745,0.000771,1
2019-09-19,Thu,9,utilities,pharma,retail,trading,energy,electronics,0.129465,0.127175,0.009754,0.004064,0.00569,0.009754,1
2019-09-20,Fri,9,utilities,pharma,retail,trading,electronics,energy,0.185984,0.181668,-0.001367,-0.000315,-0.001052,-0.001367,0
2019-09-24,Tue,9,utilities,pharma,food,electronics,energy,trading,0.132604,0.130865,0.003953,0.002098,0.001855,0.003953,1
2019-09-25,Wed,9,utilities,pharma,food,trading,electronics,energy,0.453088,0.446507,0.002693,0.0,0.002693,0.002693,1
2019-09-26,Thu,9,trading,electronics,energy,food,pharma,utilities,0.151106,0.149258,0.000904,-0.000189,0.001093,0.000904,1
2019-09-27,Fri,9,utilities,pharma,retail,trading,electronics,energy,0.197802,0.194137,-0.008689,-0.005343,-0.003346,-0.008689,0
2019-09-30,Mon,9,energy,electronics,banks,pharma,retail,utilities,0.22303,0.218044,-0.007482,-0.006786,-0.000695,-0.007482,0
2019-10-01,Tue,10,utilities,retail,pharma,trading,electronics,energy,0.262182,0.255952,0.004167,0.000817,0.00335,0.004167,1
2019-10-02,Wed,10,utilities,pharma,food,energy,electronics,trading,0.5556,0.545183,0.010172,-0.005331,0.015503,0.010172,1
2019-10-03,Thu,10,energy,banks,electronics,pharma,utilities,retail,0.229241,0.220188,0.002334,-0.003323,0.005657,0.002334,1
2019-10-04,Fri,10,it_services,realestate,transport,machinery,construction,finance,0.025665,0.020618,0.0,0.0,0.0,0.0,0
2019-10-07,Mon,10,retail,utilities,pharma,trading,electronics,energy,0.452333,0.447587,-0.003762,-0.001831,-0.001931,-0.003762,0
2019-10-08,Tue,10,banks,energy,electronics,pharma,utilities,retail,0.109328,0.106209,0.005356,0.002417,0.002939,0.005356,1
2019-10-09,Wed,10,banks,energy,electronics,pharma,utilities,retail,0.133385,0.121085,-0.001495,0.000308,-0.001802,-0.001495,0
2019-10-10,Thu,10,retail,realestate,it_services,electronics,energy,banks,0.036863,0.030687,0.0,-0.002169,0.002169,0.0,1
2019-10-11,Fri,10,trading,electronics,energy,food,pharma,utilities,0.281759,0.274491,0.005022,0.002701,0.002321,0.005022,1
2019-10-15,Tue,10,trading,electronics,energy,food,pharma,utilities,0.344853,0.335263,-0.000408,0.008921,-0.009329,-0.000408,0
2019-10-16,Wed,10,trading,electronics,energy,food,pharma,utilities,0.10939,0.105146,-0.003771,-0.008104,0.004333,-0.003771,1
2019-10-17,Thu,10,utilities,pharma,food,electronics,trading,energy,0.097878,0.095402,-0.005589,0.000843,-0.006432,-0.005589,0
2019-10-18,Fri,10,retail,pharma,utilities,electronics,banks,energy,0.030984,0.026775,-0.000938,-0.00019,-0.000748,-0.000938,0
2019-10-21,Mon,10,energy,electronics,banks,pharma,retail,utilities,0.138181,0.135111,0.007159,0.001427,0.005732,0.007159,1
2019-10-23,Wed,10,trading,electronics,energy,food,pharma,utilities,0.198411,0.190925,0.002754,0.00618,-0.003426,0.002754,0
2019-10-24,Thu,10,it_services,trading,realestate,food,pharma,utilities,0.0107,0.00986,0.0,0.006673,-0.006673,0.0,0
2019-10-25,Fri,10,utilities,pharma,retail,electronics,trading,energy,0.217963,0.212558,0.004499,0.000463,0.004035,0.004499,1
2019-10-28,Mon,10,energy,trading,electronics,retail,pharma,utilities,0.292948,0.285949,0.001394,-0.002127,0.003521,0.001394,1
2019-10-29,Tue,10,utilities,pharma,food,electronics,energy,trading,0.021687,0.021106,-0.000612,0.00508,-0.005692,-0.000612,0
2019-10-30,Wed,10,energy,trading,electronics,food,pharma,utilities,0.079195,0.077462,-0.005075,0.000681,-0.005755,-0.005075,0
2019-10-31,Thu,10,utilities,retail,pharma,trading,electronics,energy,0.418068,0.408644,0.001196,0.00249,-0.001294,0.001196,0
2019-11-01,Fri,11,utilities,pharma,food,electronics,energy,trading,0.296268,0.289614,-0.000377,-0.001792,0.001415,-0.000377,1
2019-11-05,Tue,11,trading,energy,electronics,food,pharma,utilities,0.491196,0.480694,0.001564,0.002446,-0.000882,0.001564,0
2019-11-06,Wed,11,energy,banks,electronics,pharma,utilities,retail,0.119779,0.115399,-0.000207,0.000144,-0.000351,-0.000207,0
2019-11-07,Thu,11,utilities,retail,pharma,electronics,banks,energy,0.243579,0.236926,0.000431,-0.005389,0.00582,0.000431,1
2019-11-08,Fri,11,energy,electronics,banks,pharma,retail,utilities,0.438696,0.426882,-0.000549,-0.001404,0.000856,-0.000549,1
2019-11-11,Mon,11,utilities,pharma,food,banks,trading,energy,0.039808,0.039097,-0.001152,-0.003696,0.002544,-0.001152,1
2019-11-12,Tue,11,energy,electronics,banks,pharma,retail,utilities,0.149679,0.144663,-0.001016,-0.002456,0.00144,-0.001016,1
2019-11-13,Wed,11,utilities,retail,pharma,banks,electronics,energy,0.255227,0.247631,-0.002475,-0.001672,-0.000802,-0.002475,0
2019-11-14,Thu,11,utilities,retail,pharma,banks,electronics,energy,0.498127,0.483442,-0.005268,-0.00504,-0.000228,-0.005268,0
2019-11-15,Fri,11,energy,electronics,trading,pharma,food,utilities,0.197249,0.193627,-0.001974,0.004426,-0.0064,-0.001974,0
2019-11-18,Mon,11,utilities,retail,food,energy,banks,electronics,0.253096,0.245888,-0.002019,-0.000362,-0.001657,-0.002019,0
2019-11-19,Tue,11,utilities,food,pharma,banks,energy,electronics,0.182101,0.17829,0.002527,-0.005634,0.00816,0.002527,1
2019-11-20,Wed,11,utilities,food,pharma,trading,electronics,energy,0.153407,0.151393,0.001867,-0.003638,0.005505,0.001867,1
2019-11-21,Thu,11,utilities,food,pharma,trading,electronics,energy,0.193615,0.190845,-0.001136,-0.002406,0.00127,-0.001136,1
2019-11-22,Fri,11,banks,energy,electronics,pharma,retail,utilities,0.199696,0.195299,0.000642,-0.001721,0.002363,0.000642,1
2019-11-25,Mon,11,energy,electronics,trading,food,pharma,utilities,0.049903,0.049188,0.008242,0.001257,0.006985,0.008242,1
2019-11-26,Tue,11,retail,utilities,pharma,trading,energy,banks,0.038392,0.035106,0.003508,-0.00218,0.005688,0.003508,1
2019-11-27,Wed,11,retail,utilities,pharma,electronics,energy,banks,0.09138,0.089641,0.003784,-0.000754,0.004538,0.003784,1
2019-11-29,Fri,11,retail,utilities,pharma,trading,energy,banks,0.022795,0.020485,-0.002795,-0.005036,0.002241,-0.002795,1
2019-12-02,Mon,12,pharma,utilities,food,energy,trading,electronics,0.125943,0.122185,0.001967,0.000283,0.001684,0.001967,1
2019-12-03,Tue,12,utilities,pharma,food,energy,trading,electronics,0.178142,0.171187,-0.007209,0.001222,-0.008431,-0.007209,0
2019-12-04,Wed,12,utilities,pharma,food,energy,trading,electronics,0.271725,0.263119,0.002334,0.003797,-0.001464,0.002334,0
2019-12-05,Thu,12,retail,pharma,utilities,trading,energy,banks,0.055528,0.051012,0.002878,-0.000597,0.003475,0.002878,1
2019-12-06,Fri,12,electronics,energy,trading,food,pharma,utilities,0.079194,0.078066,-0.002628,0.000544,-0.003172,-0.002628,0
2019-12-09,Mon,12,electronics,trading,energy,food,utilities,pharma,0.404005,0.395392,-0.004227,-0.002452,-0.001775,-0.004227,0
2019-12-10,Tue,12,energy,banks,trading,retail,pharma,utilities,0.211398,0.206627,-0.002574,-3.2e-05,-0.002543,-0.002574,0
2019-12-11,Wed,12,pharma,utilities,food,banks,trading,electronics,0.088421,0.085377,-0.000436,-0.00567,0.005235,-0.000436,1
2019-12-12,Thu,12,utilities,pharma,retail,trading,banks,energy,0.169896,0.167186,-0.002246,-0.004183,0.001936,-0.002246,1
2019-12-13,Fri,12,electronics,trading,energy,pharma,food,utilities,0.479702,0.473726,-0.000846,0.00617,-0.007016,-0.000846,0
2019-12-16,Mon,12,utilities,food,retail,banks,electronics,energy,0.548164,0.539344,0.008436,-0.000504,0.00894,0.008436,1
2019-12-17,Tue,12,retail,utilities,food,trading,banks,energy,0.221883,0.211952,0.003273,0.001176,0.002097,0.003273,1
2019-12-18,Wed,12,banks,energy,electronics,food,utilities,retail,0.028782,0.027618,-0.002722,0.002318,-0.00504,-0.002722,0
2019-12-19,Thu,12,energy,electronics,trading,retail,food,utilities,0.159777,0.158288,0.000622,0.0,0.000622,0.000622,1
2019-12-20,Fri,12,retail,utilities,food,trading,banks,energy,0.056837,0.051631,0.0,-0.000654,0.000654,0.0,1
2019-12-23,Mon,12,retail,utilities,food,trading,banks,energy,0.15918,0.151671,0.001246,-0.000987,0.002233,0.001246,1
2019-12-24,Tue,12,energy,banks,trading,food,retail,utilities,0.348106,0.341408,0.000488,-0.002825,0.003313,0.000488,1
2019-12-26,Thu,12,energy,banks,trading,food,retail,utilities,0.075504,0.073711,0.003216,0.001276,0.00194,0.003216,1
2019-12-27,Fri,12,trading,electronics,energy,food,utilities,pharma,0.152515,0.148646,0.000775,0.0028,-0.002025,0.000775,0
2019-12-30,Mon,12,utilities,pharma,food,trading,electronics,energy,0.228599,0.225748,-0.002026,-0.002573,0.000547,-0.002026,1
2020-01-06,Mon,1,energy,banks,electronics,food,utilities,retail,0.238723,0.230751,0.008033,-0.004304,0.012338,0.008033,1
2020-01-07,Tue,1,utilities,retail,food,electronics,banks,energy,0.144342,0.140028,-0.000956,-0.00076,-0.000196,-0.000956,0
2020-01-08,Wed,1,pharma,it_services,food,trading,realestate,transport,0.022607,0.01943,0.00771,0.005348,0.002362,0.00771,1
2020-01-09,Thu,1,utilities,food,pharma,electronics,banks,energy,0.283814,0.272669,0.006541,0.00312,0.003421,0.006541,1
2020-01-10,Fri,1,food,utilities,pharma,electronics,banks,energy,0.272561,0.257802,-0.000696,0.000461,-0.001156,-0.000696,0
2020-01-14,Tue,1,pharma,food,retail,energy,trading,electronics,0.145113,0.133518,0.000267,-0.008396,0.008663,0.000267,1
2020-01-15,Wed,1,pharma,food,utilities,banks,electronics,energy,0.24738,0.237754,-0.001686,-0.004997,0.003311,-0.001686,1
2020-01-16,Thu,1,food,pharma,utilities,electronics,banks,energy,0.751928,0.729724,0.002059,0.001458,0.000601,0.002059,1
2020-01-17,Fri,1,utilities,food,retail,trading,banks,energy,0.047352,0.035527,-0.003315,0.003167,-0.006483,-0.003315,0
2020-01-21,Tue,1,food,pharma,utilities,banks,electronics,energy,0.175299,0.170545,-0.001037,-0.001308,0.000271,-0.001037,1
2020-01-22,Wed,1,pharma,food,retail,banks,electronics,energy,0.857173,0.832896,0.00088,-0.001717,0.002597,0.00088,1
2020-01-23,Thu,1,pharma,food,retail,banks,electronics,energy,0.338498,0.329309,-0.002907,-0.001989,-0.000918,-0.002907,0
2020-01-24,Fri,1,food,pharma,retail,banks,electronics,energy,0.03089,0.030077,0.000798,0.000109,0.000689,0.000798,1
2020-01-27,Mon,1,energy,banks,trading,pharma,food,utilities,0.155759,0.126836,-0.008025,-0.004101,-0.003924,-0.008025,0
2020-01-28,Tue,1,pharma,retail,food,banks,energy,electronics,0.430763,0.415432,-0.001473,-0.003771,0.002298,-0.001473,1
2020-01-29,Wed,1,electronics,trading,energy,food,pharma,retail,0.197564,0.184427,0.003254,-0.000268,0.003523,0.003254,1
2020-01-30,Thu,1,energy,banks,electronics,pharma,food,utilities,0.111518,0.104673,-0.003613,-0.001723,-0.00189,-0.003613,0
2020-01-31,Fri,1,food,utilities,pharma,electronics,banks,energy,0.276838,0.268317,0.001886,-0.000742,0.002628,0.001886,1
2020-02-03,Mon,2,retail,pharma,realestate,utilities,electronics,transport,0.075224,0.066795,0.000645,0.013572,-0.012927,0.000645,0
2020-02-04,Tue,2,electronics,trading,energy,food,retail,pharma,0.098925,0.088316,0.001736,0.005396,-0.00366,0.001736,0
2020-02-05,Wed,2,electronics,trading,energy,food,retail,pharma,0.2781,0.255555,0.017848,-0.000523,0.018371,0.017848,1
2020-02-06,Thu,2,trading,electronics,energy,food,retail,pharma,0.476541,0.459679,0.006719,0.006038,0.000681,0.006719,1
2020-02-07,Fri,2,food,utilities,pharma,banks,electronics,energy,0.165125,0.160095,0.001805,-0.005557,0.007361,0.001805,1
2020-02-10,Mon,2,banks,energy,electronics,pharma,food,utilities,0.062205,0.048141,-0.003231,-0.00314,-9.1e-05,-0.003231,0
2020-02-12,Wed,2,food,utilities,retail,electronics,banks,energy,0.20616,0.197435,-0.002456,0.000351,-0.002807,-0.002456,0
2020-02-13,Thu,2,trading,energy,electronics,retail,food,pharma,0.334475,0.327306,-0.00098,-0.00013,-0.00085,-0.00098,0
2020-02-14,Fri,2,food,pharma,retail,electronics,banks,energy,0.270787,0.258934,-0.004823,-0.007544,0.002721,-0.004823,1
2020-02-18,Tue,2,food,utilities,retail,electronics,banks,energy,0.063676,0.061306,0.004053,0.0051,-0.001047,0.004053,0
2020-02-19,Wed,2,food,pharma,retail,electronics,trading,energy,0.173714,0.169127,0.004461,0.005133,-0.000672,0.004461,0
2020-02-20,Thu,2,energy,banks,electronics,pharma,retail,food,0.383506,0.369297,-0.002586,-0.003319,0.000733,-0.002586,1
2020-02-21,Fri,2,energy,banks,electronics,pharma,retail,food,0.396975,0.379155,0.001553,-0.005126,0.006679,0.001553,1
2020-02-25,Tue,2,banks,energy,electronics,food,retail,utilities,0.103406,0.09082,0.006322,-0.002424,0.008746,0.006322,1
2020-02-26,Wed,2,pharma,banks,realestate,materials,utilities,it_services,0.116357,0.101494,-0.012236,0.000661,-0.012897,-0.012236,0
2020-02-27,Thu,2,pharma,food,utilities,energy,trading,electronics,0.166869,0.157129,-0.017384,-0.022189,0.004805,-0.017384,1
2020-02-28,Fri,2,energy,banks,electronics,utilities,food,retail,0.862579,0.774698,-0.019274,-0.019592,0.000318,-0.019274,1
2020-03-02,Mon,3,energy,banks,electronics,utilities,food,retail,0.344681,0.318586,0.014674,0.000713,0.013961,0.014674,1
2020-03-03,Tue,3,retail,food,utilities,electronics,banks,energy,0.940787,0.867579,-0.015387,-0.027767,0.01238,-0.015387,1
2020-03-04,Wed,3,energy,trading,banks,food,pharma,retail,0.261039,0.244764,-0.008916,0.002426,-0.011343,-0.008916,0
2020-03-05,Thu,3,pharma,food,retail,banks,trading,energy,0.837227,0.807209,-0.00117,-0.00419,0.00302,-0.00117,1
2020-03-06,Fri,3,retail,utilities,food,trading,electronics,energy,0.40138,0.366913,-0.001989,-0.021835,0.019847,-0.001989,1
2020-03-09,Mon,3,retail,utilities,pharma,banks,electronics,energy,0.672634,0.647648,-0.026409,-0.039919,0.01351,-0.026409,1
2020-03-10,Tue,3,retail,utilities,pharma,banks,electronics,energy,1.779857,1.692887,0.014481,-0.012004,0.026484,0.014481,1
2020-03-11,Wed,3,energy,electronics,trading,pharma,utilities,retail,0.280605,0.253195,-0.015811,-0.001901,-0.013911,-0.015811,0
2020-03-12,Thu,3,banks,energy,trading,utilities,pharma,food,0.405595,0.310072,-0.038398,-0.021114,-0.017284,-0.038398,0
2020-03-13,Fri,3,banks,energy,trading,utilities,food,pharma,0.697052,0.486295,-0.031469,0.010906,-0.042376,-0.031469,0
2020-03-16,Mon,3,realestate,finance,pharma,retail,machinery,banks,0.204503,0.136572,-0.011298,0.000584,-0.011881,-0.011298,0
2020-03-17,Tue,3,retail,it_services,utilities,auto,finance,electronics,0.374424,0.282423,0.043679,0.031919,0.01176,0.043679,1
2020-03-18,Wed,3,pharma,food,utilities,energy,trading,banks,0.943561,0.885243,-0.015376,-0.011634,-0.003742,-0.015376,0
2020-03-19,Thu,3,retail,food,utilities,banks,energy,electronics,0.759905,0.637963,0.008613,-0.001508,0.010121,0.008613,1
2020-03-23,Mon,3,energy,electronics,banks,retail,food,utilities,0.875781,0.850163,0.019309,-0.003902,0.023211,0.019309,1
2020-03-24,Tue,3,retail,food,it_services,auto,energy,electronics,0.207796,0.143457,-0.013877,0.034826,-0.048702,-0.013877,0
2020-03-25,Wed,3,electronics,energy,auto,food,it_services,retail,0.627135,0.433111,0.0402,0.012515,0.027685,0.0402,1
2020-03-26,Thu,3,energy,electronics,banks,utilities,food,retail,0.39203,0.357658,-0.003274,0.009442,-0.012716,-0.003274,0
2020-03-27,Fri,3,utilities,pharma,food,energy,banks,trading,0.315877,0.27371,0.023182,-0.013128,0.03631,0.023182,1
2020-03-30,Mon,3,retail,food,it_services,banks,energy,electronics,0.158103,0.111334,0.033154,0.009397,0.023757,0.033154,1
2020-03-31,Tue,3,utilities,pharma,food,energy,banks,trading,0.337596,0.318497,-0.020735,-0.002552,-0.018183,-0.020735,0
2020-04-01,Wed,4,trading,banks,energy,food,pharma,utilities,0.173897,0.16658,-0.027868,-0.036371,0.008503,-0.027868,1
2020-04-02,Thu,4,retail,it_services,transport,steel,auto,electronics,0.12121,0.097041,-0.004149,-0.002549,-0.001601,-0.004149,0
2020-04-03,Fri,4,electronics,energy,auto,transport,it_services,retail,0.111509,0.077659,-0.02358,-0.001318,-0.022262,-0.02358,0
2020-04-06,Mon,4,trading,banks,it_services,food,pharma,utilities,0.037843,0.034591,0.028612,0.017601,0.011011,0.028612,1
2020-04-07,Tue,4,auto,electronics,steel,transport,it_services,retail,0.159838,0.1379,-0.003589,-0.004315,0.000725,-0.003589,1
2020-04-08,Wed,4,energy,electronics,banks,food,retail,utilities,0.367029,0.356234,0.001423,0.020324,-0.018901,0.001423,0
2020-04-09,Thu,4,electronics,energy,banks,utilities,food,retail,0.322554,0.251311,-0.01157,-0.006342,-0.005228,-0.01157,0
2020-04-13,Mon,4,electronics,energy,banks,utilities,food,retail,0.284609,0.249783,-0.00821,-0.01109,0.00288,-0.00821,1
2020-04-14,Tue,4,retail,food,utilities,banks,energy,electronics,0.142702,0.119673,-0.003925,0.009162,-0.013086,-0.003925,0
2020-04-15,Wed,4,utilities,food,pharma,energy,banks,trading,0.361855,0.3522,0.001605,-0.013678,0.015283,0.001605,1
2020-04-16,Thu,4,retail,food,utilities,banks,energy,electronics,0.236813,0.197114,-0.004119,-0.003285,-0.000834,-0.004119,0
2020-04-17,Fri,4,utilities,food,retail,trading,banks,energy,0.285747,0.274951,-0.003887,0.000464,-0.004351,-0.003887,0
2020-04-20,Mon,4,energy,electronics,banks,utilities,food,retail,0.43658,0.388003,-0.00031,-0.001497,0.001187,-0.00031,1
2020-04-21,Tue,4,it_services,retail,trading,utilities,auto,pharma,0.043365,0.040645,-0.002946,-0.00376,0.000814,-0.002946,1
2020-04-22,Wed,4,trading,banks,energy,food,pharma,utilities,0.193478,0.184857,-0.003312,-0.002733,-0.000578,-0.003312,0
2020-04-23,Thu,4,pharma,utilities,food,banks,it_services,trading,0.058534,0.052698,0.003232,0.00166,0.001572,0.003232,1
2020-04-24,Fri,4,energy,electronics,banks,retail,food,utilities,0.178058,0.1723,-0.004614,0.0,-0.004614,-0.004614,0
2020-04-27,Mon,4,pharma,utilities,food,it_services,banks,trading,0.046012,0.040627,-0.007662,0.012436,-0.020097,-0.007662,0
2020-04-28,Tue,4,energy,electronics,banks,utilities,food,retail,0.252273,0.227997,0.003163,-0.000137,0.0033,0.003163,1
2020-04-30,Thu,4,energy,electronics,banks,retail,food,utilities,0.258095,0.24966,0.008934,-0.013698,0.022632,0.008934,1
2020-05-01,Fri,5,retail,food,utilities,banks,energy,electronics,0.07541,0.055751,-0.01237,-0.019617,0.007247,-0.01237,1
2020-05-07,Thu,5,retail,it_services,food,banks,energy,electronics,0.113791,0.077343,-0.005479,-0.019009,0.013529,-0.005479,1
2020-05-08,Fri,5,energy,electronics,banks,utilities,food,retail,0.213553,0.197087,0.006009,0.001275,0.004734,0.006009,1
2020-05-11,Mon,5,electronics,energy,banks,utilities,food,retail,0.134918,0.105547,-0.002698,0.007527,-0.010224,-0.002698,0
2020-05-12,Tue,5,retail,food,utilities,banks,electronics,energy,0.208258,0.202365,-0.0009,0.000131,-0.001031,-0.0009,0
2020-05-13,Wed,5,retail,food,utilities,banks,energy,electronics,0.098361,0.070771,-0.001865,0.000982,-0.002847,-0.001865,0
2020-05-14,Thu,5,retail,food,utilities,banks,energy,electronics,0.128534,0.105405,-0.003194,-0.013864,0.01067,-0.003194,1
2020-05-15,Fri,5,electronics,energy,banks,utilities,food,retail,0.089017,0.073477,0.002313,0.001021,0.001292,0.002313,1
2020-05-18,Mon,5,pharma,utilities,food,energy,banks,trading,0.022129,0.020336,0.007811,-0.002707,0.010519,0.007811,1
2020-05-19,Tue,5,electronics,energy,banks,utilities,food,retail,0.391983,0.345551,0.000687,-0.006023,0.006709,0.000687,1
2020-05-20,Wed,5,retail,it_services,transport,utilities,pharma,auto,0.02424,0.020552,0.009372,0.002981,0.006391,0.009372,1
2020-05-21,Thu,5,electronics,energy,banks,utilities,food,retail,0.140312,0.118339,-0.001683,-0.002051,0.000368,-0.001683,1
2020-05-22,Fri,5,trading,energy,banks,food,pharma,utilities,0.089053,0.087323,-0.002111,-0.006589,0.004478,-0.002111,1
2020-05-26,Tue,5,pharma,utilities,food,it_services,banks,trading,0.011899,0.010445,-0.000795,-0.000411,-0.000384,-0.000795,0
2020-05-27,Wed,5,energy,electronics,banks,food,utilities,retail,0.378166,0.355504,0.015707,0.007235,0.008472,0.015707,1
2020-05-28,Thu,5,electronics,energy,banks,utilities,food,retail,0.123649,0.102534,0.003314,-0.00039,0.003704,0.003314,1
2020-05-29,Fri,5,utilities,food,pharma,trading,banks,energy,0.189738,0.182153,0.010099,-0.008168,0.018267,0.010099,1
2020-06-01,Mon,6,utilities,food,pharma,banks,trading,energy,0.140177,0.134798,0.003279,-0.009306,0.012585,0.003279,1
2020-06-02,Tue,6,energy,electronics,banks,utilities,food,retail,0.147772,0.139439,0.007902,-0.00231,0.010212,0.007902,1
2020-06-03,Wed,6,energy,electronics,banks,utilities,food,retail,0.110065,0.10049,-0.003698,-0.005151,0.001454,-0.003698,1
2020-06-04,Thu,6,energy,electronics,banks,utilities,food,retail,0.280332,0.262871,-0.010959,-8.7e-05,-0.010872,-0.010959,0
2020-06-05,Fri,6,energy,trading,banks,pharma,food,utilities,0.165258,0.160266,0.004901,0.000102,0.004799,0.004901,1
2020-06-08,Mon,6,electronics,energy,banks,utilities,food,retail,0.250831,0.219249,0.010186,-0.002055,0.012242,0.010186,1
2020-06-09,Tue,6,electronics,energy,banks,utilities,food,retail,0.073501,0.052236,-0.008993,0.004117,-0.01311,-0.008993,0
2020-06-10,Wed,6,retail,food,utilities,banks,energy,electronics,0.103703,0.083503,-0.002217,-0.002855,0.000638,-0.002217,1
2020-06-11,Thu,6,retail,food,utilities,banks,electronics,energy,0.315163,0.298535,0.000727,-0.017552,0.018279,0.000727,1
2020-06-12,Fri,6,retail,it_services,food,banks,energy,electronics,0.302847,0.211498,0.006999,0.01928,-0.01228,0.006999,0
2020-06-15,Mon,6,energy,electronics,banks,utilities,food,retail,0.246923,0.232207,-0.014083,-0.005166,-0.008918,-0.014083,0
2020-06-16,Tue,6,auto,electronics,steel,transport,it_services,retail,0.018318,0.01478,0.022019,0.007293,0.014726,0.022019,1
2020-06-17,Wed,6,utilities,pharma,food,banks,it_services,trading,0.04389,0.038452,-0.004349,-0.005231,0.000883,-0.004349,1
2020-06-18,Thu,6,retail,food,utilities,banks,electronics,energy,0.179703,0.165516,-0.001831,-0.000238,-0.001592,-0.001831,0
2020-06-19,Fri,6,retail,food,utilities,banks,electronics,energy,0.042484,0.036386,0.002059,0.000706,0.001353,0.002059,1
2020-06-22,Mon,6,machinery,it_services,trading,food,utilities,pharma,0.023585,0.02025,0.006634,0.001647,0.004986,0.006634,1
2020-06-23,Tue,6,utilities,food,retail,banks,trading,energy,0.090617,0.086935,-0.000488,0.009049,-0.009537,-0.000488,0
2020-06-24,Wed,6,energy,banks,trading,food,utilities,pharma,0.019755,0.019021,-0.003801,-0.006838,0.003038,-0.003801,1
2020-06-25,Thu,6,retail,utilities,food,electronics,trading,energy,0.13128,0.104838,-0.001567,0.002625,-0.004192,-0.001567,0
2020-06-26,Fri,6,energy,banks,trading,food,utilities,retail,0.157282,0.150861,0.000649,0.00135,-0.000702,0.000649,0
2020-06-29,Mon,6,retail,machinery,construction,pharma,banks,auto,0.069989,0.050666,-0.000178,0.000233,-0.000412,-0.000178,0
2020-06-30,Tue,6,pharma,food,utilities,banks,electronics,energy,0.122041,0.109548,-0.003642,-0.014165,0.010524,-0.003642,1
2020-07-01,Wed,7,pharma,food,utilities,electronics,machinery,energy,0.039405,0.032495,-0.025345,-0.001604,-0.023741,-0.025345,0
2020-07-02,Thu,7,pharma,utilities,food,trading,banks,energy,0.190054,0.185123,-0.00187,-0.004692,0.002821,-0.00187,1
2020-07-06,Mon,7,pharma,food,utilities,trading,energy,banks,0.021828,0.020243,0.010006,0.006675,0.003331,0.010006,1
2020-07-07,Tue,7,energy,trading,banks,food,utilities,retail,0.028407,0.022082,-0.009632,-0.001735,-0.007897,-0.009632,0
2020-07-08,Wed,7,retail,utilities,food,trading,banks,energy,0.219161,0.209931,-0.00416,-0.004566,0.000405,-0.00416,1
2020-07-09,Thu,7,utilities,food,pharma,trading,banks,energy,0.156209,0.15136,-0.013342,-0.002199,-0.011143,-0.013342,0
2020-07-10,Fri,7,food,retail,utilities,trading,banks,energy,0.143748,0.139099,-0.005401,-0.006335,0.000935,-0.005401,1
2020-07-13,Mon,7,energy,banks,trading,utilities,food,retail,0.111613,0.107756,0.027231,-0.000521,0.027751,0.027231,1
2020-07-14,Tue,7,electronics,banks,trading,retail,utilities,pharma,0.062077,0.052807,-0.000826,-0.004094,0.003268,-0.000826,1
2020-07-15,Wed,7,pharma,utilities,retail,trading,banks,electronics,0.104845,0.089842,0.000575,-0.00776,0.008335,0.000575,1
2020-07-16,Thu,7,energy,trading,electronics,food,retail,utilities,0.193334,0.18458,0.002099,-0.007822,0.009921,0.002099,1
2020-07-17,Fri,7,utilities,retail,food,trading,electronics,energy,0.074492,0.071758,-0.001412,-0.004893,0.003481,-0.001412,1
2020-07-20,Mon,7,utilities,pharma,retail,banks,electronics,energy,0.346524,0.341911,0.003843,-0.003271,0.007114,0.003843,1
2020-07-21,Tue,7,utilities,pharma,food,trading,electronics,energy,0.188161,0.183466,-0.001962,-0.002129,0.000167,-0.001962,1
2020-07-22,Wed,7,energy,electronics,trading,food,pharma,utilities,0.351636,0.341817,-0.000429,-0.006205,0.005776,-0.000429,1
2020-07-27,Mon,7,pharma,utilities,retail,banks,energy,electronics,0.25795,0.253304,0.007999,0.013164,-0.005165,0.007999,0
2020-07-28,Tue,7,pharma,retail,food,trading,banks,electronics,0.020812,0.019706,-0.005831,-0.002946,-0.002884,-0.005831,0
2020-07-29,Wed,7,utilities,pharma,retail,trading,electronics,energy,0.152319,0.145026,-0.009333,-0.010288,0.000955,-0.009333,1
2020-07-30,Thu,7,energy,trading,electronics,retail,pharma,utilities,0.092778,0.084067,-0.01064,-0.018749,0.008109,-0.01064,1
2020-07-31,Fri,7,utilities,pharma,food,trading,electronics,energy,0.39994,0.383291,-0.015415,-0.027801,0.012385,-0.015415,1
2020-08-03,Mon,8,utilities,pharma,food,banks,electronics,energy,0.155014,0.153764,0.002732,0.004026,-0.001294,0.002732,0
2020-08-04,Tue,8,utilities,pharma,food,banks,electronics,energy,0.266705,0.261453,0.002399,0.0089,-0.006501,0.002399,0
2020-08-05,Wed,8,energy,trading,electronics,food,pharma,utilities,0.085913,0.080174,0.009109,-0.002437,0.011546,0.009109,1
2020-08-06,Thu,8,energy,banks,electronics,retail,pharma,utilities,0.26296,0.259489,-0.004617,-0.005403,0.000786,-0.004617,1
2020-08-07,Fri,8,retail,pharma,utilities,electronics,energy,banks,0.134933,0.134266,0.001611,0.010199,-0.008589,0.001611,0
2020-08-11,Tue,8,energy,electronics,trading,retail,pharma,utilities,0.158588,0.152693,0.008702,0.008925,-0.000223,0.008702,0
2020-08-12,Wed,8,banks,electronics,energy,pharma,food,retail,0.441673,0.436649,0.006875,0.00429,0.002586,0.006875,1
2020-08-13,Thu,8,retail,food,pharma,electronics,energy,banks,0.489336,0.48162,0.002222,-0.000856,0.003078,0.002222,1
2020-08-14,Fri,8,utilities,pharma,retail,trading,electronics,energy,0.146435,0.138843,0.001715,0.001794,-7.8e-05,0.001715,0
2020-08-17,Mon,8,banks,energy,electronics,utilities,food,retail,0.217985,0.213815,-0.005537,-0.006303,0.000766,-0.005537,1
2020-08-18,Tue,8,retail,utilities,food,electronics,banks,energy,0.184605,0.182449,0.000713,-0.006666,0.007379,0.000713,1
2020-08-19,Wed,8,utilities,retail,food,banks,electronics,energy,0.148082,0.144454,0.005185,0.001469,0.003716,0.005185,1
2020-08-20,Thu,8,it_services,utilities,pharma,realestate,steel,energy,0.016741,0.013001,-0.002218,0.002428,-0.004645,-0.002218,0
2020-08-21,Fri,8,utilities,pharma,food,trading,electronics,energy,0.060755,0.057973,-0.007183,0.000211,-0.007395,-0.007183,0
2020-08-24,Mon,8,retail,utilities,food,electronics,banks,energy,0.18541,0.18334,-0.003224,-0.000783,-0.002442,-0.003224,0
2020-08-25,Tue,8,energy,electronics,trading,retail,pharma,utilities,0.243524,0.234095,0.002626,-0.002695,0.005322,0.002626,1
2020-08-26,Wed,8,pharma,utilities,retail,trading,electronics,energy,0.009432,0.00846,-0.000265,0.001464,-0.001729,-0.000265,0
2020-08-27,Thu,8,retail,utilities,food,energy,electronics,banks,0.14664,0.143329,-0.002778,-0.007643,0.004865,-0.002778,1
2020-08-28,Fri,8,energy,banks,trading,pharma,retail,utilities,0.05505,0.054246,-0.00358,-0.008345,0.004765,-0.00358,1
2020-08-31,Mon,8,energy,trading,electronics,food,pharma,utilities,0.057841,0.053167,0.007911,-0.003682,0.011593,0.007911,1
2020-09-01,Tue,9,utilities,retail,food,trading,banks,energy,0.357507,0.349105,0.002792,-0.004709,0.007501,0.002792,1
2020-09-02,Wed,9,energy,banks,trading,food,retail,utilities,0.264992,0.261369,-0.008306,0.002499,-0.010805,-0.008306,0
2020-09-03,Thu,9,retail,utilities,food,trading,electronics,banks,0.363298,0.354314,8.2e-05,-0.008023,0.008105,8.2e-05,1
2020-09-04,Fri,9,banks,trading,electronics,food,utilities,retail,0.778721,0.754318,0.008149,0.000959,0.007189,0.008149,1
2020-09-08,Tue,9,banks,trading,electronics,food,utilities,retail,0.365513,0.358232,-0.003605,0.005153,-0.008758,-0.003605,0
2020-09-09,Wed,9,banks,trading,electronics,pharma,utilities,retail,0.341878,0.327893,-0.002629,0.003569,-0.006198,-0.002629,0
2020-09-10,Thu,9,retail,utilities,pharma,electronics,trading,banks,0.304916,0.292926,1.3e-05,0.004702,-0.004689,1.3e-05,0
2020-09-11,Fri,9,banks,trading,electronics,pharma,utilities,retail,0.230142,0.220265,0.000908,0.007933,-0.007025,0.000908,0
2020-09-14,Mon,9,energy,banks,trading,food,utilities,retail,0.120542,0.11774,0.003516,0.005211,-0.001695,0.003516,0
2020-09-15,Tue,9,energy,banks,electronics,auto,it_services,food,0.036767,0.026441,-0.002639,0.002942,-0.005581,-0.002639,0
2020-09-16,Wed,9,retail,utilities,pharma,electronics,trading,banks,0.097465,0.093598,0.001183,-0.001443,0.002626,0.001183,1
2020-09-17,Thu,9,banks,energy,trading,food,utilities,retail,0.715087,0.695007,-0.011599,0.001102,-0.012701,-0.011599,0
2020-09-18,Fri,9,trading,electronics,banks,pharma,utilities,retail,0.119213,0.112135,0.000213,-0.001937,0.00215,0.000213,1
2020-09-23,Wed,9,trading,electronics,banks,pharma,utilities,retail,0.082994,0.074057,0.002056,0.007206,-0.00515,0.002056,0
2020-09-24,Thu,9,food,pharma,retail,trading,banks,energy,0.26126,0.224324,0.001739,-0.006246,0.007986,0.001739,1
2020-09-25,Fri,9,retail,utilities,pharma,banks,electronics,trading,0.036448,0.034792,0.000134,6.1e-05,7.2e-05,0.000134,1
2020-09-28,Mon,9,retail,utilities,pharma,banks,electronics,trading,0.264427,0.25492,0.005887,0.007327,-0.00144,0.005887,0
2020-09-29,Tue,9,energy,banks,trading,retail,pharma,food,0.28264,0.257884,-0.00571,-0.002063,-0.003648,-0.00571,0
2020-09-30,Wed,9,food,retail,utilities,trading,banks,energy,0.233493,0.220504,-0.006879,-0.022114,0.015235,-0.006879,1
2020-10-02,Fri,10,utilities,retail,pharma,trading,banks,electronics,0.256951,0.251785,-0.018816,-0.01794,-0.000876,-0.018816,0
2020-10-05,Mon,10,banks,energy,trading,food,utilities,retail,0.717767,0.701584,0.00523,0.007778,-0.002548,0.00523,0
2020-10-06,Tue,10,utilities,retail,pharma,banks,trading,electronics,0.079309,0.066421,0.001101,0.000511,0.00059,0.001101,1
2020-10-07,Wed,10,food,retail,pharma,trading,banks,energy,0.069672,0.05439,-0.002685,0.003763,-0.006448,-0.002685,0
2020-10-08,Thu,10,utilities,retail,pharma,banks,trading,electronics,0.070344,0.054902,-0.003014,0.003829,-0.006844,-0.003014,0
2020-10-09,Fri,10,energy,banks,trading,pharma,retail,food,0.27141,0.258962,-0.010251,-0.002625,-0.007627,-0.010251,0
2020-10-12,Mon,10,utilities,retail,food,trading,energy,banks,0.370722,0.362808,-0.001362,-0.000488,-0.000874,-0.001362,0
2020-10-13,Tue,10,retail,utilities,food,electronics,trading,banks,0.365645,0.355238,0.0,-0.000928,0.000928,0.0,1
2020-10-14,Wed,10,food,retail,pharma,trading,banks,energy,0.31017,0.296193,-0.000141,-0.004981,0.004839,-0.000141,1
2020-10-15,Thu,10,trading,electronics,banks,pharma,retail,utilities,0.113922,0.108334,-0.002167,-0.006632,0.004466,-0.002167,1
2020-10-16,Fri,10,banks,energy,trading,food,utilities,retail,0.350944,0.343384,-0.007709,-0.002236,-0.005473,-0.007709,0
2020-10-19,Mon,10,retail,utilities,food,trading,energy,banks,0.299813,0.295085,0.003215,0.005781,-0.002566,0.003215,0
2020-10-20,Tue,10,trading,electronics,banks,pharma,retail,utilities,0.142807,0.124576,-0.005536,-0.006456,0.000921,-0.005536,1
2020-10-21,Wed,10,energy,banks,trading,utilities,retail,food,0.199404,0.194516,0.00575,0.003968,0.001782,0.00575,1
2020-10-22,Thu,10,food,retail,pharma,trading,banks,energy,0.160117,0.154039,-0.014713,-0.004073,-0.01064,-0.014713,0
2020-10-23,Fri,10,energy,banks,trading,pharma,retail,food,0.198471,0.189113,0.000292,0.000396,-0.000104,0.000292,0
2020-10-26,Mon,10,energy,banks,trading,retail,pharma,food,0.031214,0.028156,-0.002389,-0.001342,-0.001047,-0.002389,0
2020-10-27,Tue,10,food,pharma,retail,trading,banks,energy,0.332611,0.311671,-0.00116,-0.001705,0.000546,-0.00116,1
2020-10-28,Wed,10,food,pharma,retail,trading,banks,energy,0.379098,0.369829,0.008794,-0.004854,0.013649,0.008794,1
2020-10-29,Thu,10,trading,electronics,banks,pharma,utilities,retail,0.560501,0.526766,0.012129,0.002493,0.009636,0.012129,1
2020-10-30,Fri,10,energy,banks,trading,retail,pharma,food,0.572809,0.557766,-0.012761,-0.01591,0.003148,-0.012761,1
2020-11-02,Mon,11,banks,electronics,trading,pharma,retail,utilities,0.342944,0.333317,0.016462,0.01145,0.005012,0.016462,1
2020-11-04,Wed,11,energy,banks,trading,utilities,pharma,food,0.319405,0.297192,-0.00596,-0.002943,-0.003016,-0.00596,0
2020-11-05,Thu,11,retail,utilities,pharma,trading,energy,banks,0.915488,0.894546,0.016665,0.000739,0.015926,0.016665,1
2020-11-06,Fri,11,energy,banks,trading,pharma,retail,food,0.242812,0.22192,0.013384,0.001206,0.012178,0.013384,1
2020-11-09,Mon,11,retail,food,pharma,trading,energy,banks,0.292095,0.283381,0.001665,0.000776,0.000889,0.001665,1
2020-11-10,Tue,11,banks,energy,trading,pharma,retail,food,2.055521,1.993868,0.007995,-0.007852,0.015847,0.007995,1
2020-11-11,Wed,11,energy,banks,electronics,utilities,pharma,food,0.043563,0.036526,0.008431,0.00864,-0.00021,0.008431,0
2020-11-12,Thu,11,pharma,utilities,food,trading,energy,banks,0.460778,0.446357,-0.001331,-0.015008,0.013678,-0.001331,1
2020-11-13,Fri,11,food,pharma,utilities,trading,energy,banks,0.258188,0.243843,-0.003537,-0.01436,0.010823,-0.003537,1
2020-11-16,Mon,11,banks,energy,trading,utilities,pharma,food,0.195653,0.17569,0.004785,0.001146,0.003639,0.004785,1
2020-11-17,Tue,11,banks,energy,trading,utilities,pharma,food,0.437803,0.420533,-0.003679,0.000146,-0.003825,-0.003679,0
2020-11-18,Wed,11,banks,energy,trading,retail,utilities,pharma,0.405019,0.394925,-0.005216,-0.005284,6.8e-05,-0.005216,1
2020-11-19,Thu,11,electronics,trading,banks,retail,pharma,utilities,0.202282,0.198349,0.000783,0.009961,-0.009177,0.000783,0
2020-11-20,Fri,11,banks,energy,trading,food,utilities,pharma,0.129483,0.125766,0.005257,0.002635,0.002622,0.005257,1
2020-11-24,Tue,11,food,pharma,retail,trading,energy,banks,0.026409,0.018555,0.001018,-0.003484,0.004502,0.001018,1
2020-11-25,Wed,11,banks,energy,trading,utilities,pharma,food,0.33761,0.320613,-0.010886,-0.011454,0.000568,-0.010886,1
2020-11-27,Fri,11,pharma,utilities,food,trading,energy,banks,0.225215,0.219453,0.005631,-0.002565,0.008197,0.005631,1
2020-11-30,Mon,11,pharma,utilities,food,trading,energy,banks,0.131312,0.127725,-0.023781,-0.03327,0.009489,-0.023781,1
2020-12-01,Tue,12,pharma,utilities,food,trading,energy,banks,0.543488,0.526332,-0.007867,-0.002348,-0.005519,-0.007867,0
2020-12-02,Wed,12,utilities,pharma,retail,trading,energy,electronics,0.069913,0.066828,-0.002563,-0.001745,-0.000818,-0.002563,0
2020-12-03,Thu,12,pharma,utilities,food,energy,trading,banks,0.017177,0.016646,0.008647,-0.005844,0.014491,0.008647,1
2020-12-04,Fri,12,banks,trading,energy,retail,utilities,pharma,0.120446,0.118369,-0.001113,-0.007586,0.006473,-0.001113,1
2020-12-07,Mon,12,banks,trading,energy,food,utilities,pharma,0.40535,0.395047,-0.005956,-0.01018,0.004224,-0.005956,1
2020-12-08,Tue,12,utilities,pharma,retail,trading,energy,banks,0.310064,0.303682,4.8e-05,0.003285,-0.003237,4.8e-05,0
2020-12-09,Wed,12,pharma,utilities,retail,trading,energy,banks,0.113312,0.112119,0.001753,0.002473,-0.00072,0.001753,0
2020-12-10,Thu,12,energy,banks,trading,utilities,pharma,retail,0.154528,0.152811,-0.002246,0.002771,-0.005017,-0.002246,0
2020-12-11,Fri,12,banks,energy,trading,retail,utilities,pharma,0.136771,0.135496,0.001337,0.005474,-0.004136,0.001337,0
2020-12-14,Mon,12,utilities,pharma,retail,energy,trading,banks,0.185379,0.181716,0.002,0.00653,-0.00453,0.002,0
2020-12-15,Tue,12,utilities,pharma,retail,energy,trading,banks,0.292316,0.284387,-0.011329,-0.003327,-0.008002,-0.011329,0
2020-12-16,Wed,12,steel,auto,trading,retail,transport,utilities,0.020765,0.017845,0.00218,-0.004694,0.006874,0.00218,1
2020-12-17,Thu,12,electronics,transport,energy,pharma,auto,steel,0.004201,0.003312,-0.001258,-0.010411,0.009153,-0.001258,1
2020-12-18,Fri,12,pharma,food,utilities,electronics,banks,energy,0.158018,0.154537,-0.010079,0.004006,-0.014084,-0.010079,0
2020-12-21,Mon,12,utilities,pharma,retail,energy,trading,banks,0.210577,0.20632,-0.008458,-0.009272,0.000814,-0.008458,1
2020-12-22,Tue,12,energy,banks,trading,utilities,food,pharma,0.281299,0.274943,-0.01178,-0.002242,-0.009538,-0.01178,0
2020-12-23,Wed,12,utilities,retail,pharma,energy,banks,trading,0.046527,0.043784,0.000928,-0.007692,0.00862,0.000928,1
2020-12-24,Thu,12,banks,trading,energy,food,utilities,pharma,0.158344,0.156157,0.006273,0.001452,0.004821,0.006273,1
2020-12-28,Mon,12,pharma,food,utilities,trading,energy,banks,0.109246,0.10716,0.001874,-0.000886,0.00276,0.001874,1
2020-12-29,Tue,12,pharma,food,utilities,trading,energy,banks,0.289231,0.282111,0.008697,0.007628,0.001069,0.008697,1
2020-12-30,Wed,12,utilities,pharma,food,energy,banks,trading,0.14257,0.139645,-0.005317,0.001242,-0.00656,-0.005317,0
2021-01-04,Mon,1,banks,trading,energy,food,utilities,pharma,0.260073,0.255697,-0.013909,0.00059,-0.014499,-0.013909,0
2021-01-05,Tue,1,electronics,energy,banks,retail,food,pharma,0.078351,0.074483,0.00531,-0.006811,0.012121,0.00531,1
2021-01-06,Wed,1,trading,banks,energy,food,utilities,pharma,0.260977,0.255064,0.016883,0.005542,0.011341,0.016883,1
2021-01-07,Thu,1,trading,banks,energy,food,utilities,pharma,0.550163,0.537925,0.004028,-0.004338,0.008366,0.004028,1
2021-01-08,Fri,1,pharma,retail,food,energy,banks,electronics,0.055156,0.05075,0.007408,0.004285,0.003123,0.007408,1
2021-01-12,Tue,1,pharma,food,retail,trading,energy,banks,0.283816,0.275735,0.00153,0.006441,-0.004911,0.00153,0
2021-01-13,Wed,1,banks,energy,trading,retail,food,pharma,0.640748,0.625137,0.020877,-0.000946,0.021823,0.020877,1
2021-01-14,Thu,1,pharma,food,utilities,trading,energy,banks,0.3602,0.348995,0.013911,-0.0003,0.014212,0.013911,1
2021-01-15,Fri,1,energy,banks,trading,utilities,food,pharma,0.431472,0.417486,-0.009511,-0.008242,-0.001268,-0.009511,0
2021-01-19,Tue,1,pharma,food,utilities,banks,trading,energy,0.300999,0.295363,0.004481,-0.002417,0.006898,0.004481,1
2021-01-20,Wed,1,pharma,food,retail,trading,banks,energy,0.13348,0.127729,-0.006094,0.002389,-0.008483,-0.006094,0
2021-01-21,Thu,1,pharma,food,retail,banks,electronics,energy,0.236832,0.226206,0.000529,-0.004913,0.005442,0.000529,1
2021-01-22,Fri,1,pharma,food,utilities,banks,trading,energy,0.416046,0.405251,0.00528,0.001071,0.004209,0.00528,1
2021-01-25,Mon,1,utilities,food,pharma,banks,energy,trading,0.027914,0.025958,0.003813,-0.005717,0.00953,0.003813,1
2021-01-26,Tue,1,pharma,food,utilities,trading,banks,energy,0.639249,0.615966,0.009964,-0.007161,0.017124,0.009964,1
2021-01-27,Wed,1,pharma,food,utilities,banks,trading,energy,0.240325,0.233292,-0.003572,-0.002295,-0.001276,-0.003572,0
2021-01-28,Thu,1,electronics,energy,banks,utilities,food,pharma,0.487518,0.459039,0.011688,0.008623,0.003065,0.011688,1
2021-01-29,Fri,1,pharma,food,retail,banks,energy,electronics,0.048902,0.039638,-0.010172,-0.019189,0.009017,-0.010172,1
2021-02-01,Mon,2,electronics,energy,banks,utilities,food,pharma,0.163364,0.141239,0.006664,0.004445,0.002219,0.006664,1
2021-02-02,Tue,2,trading,banks,energy,food,utilities,retail,0.044101,0.039534,0.00926,0.004531,0.004729,0.00926,1
2021-02-03,Wed,2,pharma,it_services,food,construction,electronics,energy,0.026091,0.02017,0.003135,0.005596,-0.00246,0.003135,0
2021-02-04,Thu,2,energy,trading,banks,utilities,food,pharma,0.314281,0.303388,0.00098,-0.00225,0.003231,0.00098,1
2021-02-05,Fri,2,pharma,food,utilities,banks,trading,energy,0.20712,0.196559,-0.000714,0.002457,-0.003171,-0.000714,0
2021-02-08,Mon,2,pharma,retail,food,banks,electronics,energy,0.016697,0.015622,0.00881,0.014426,-0.005616,0.00881,0
2021-02-09,Tue,2,energy,trading,banks,food,utilities,pharma,0.229005,0.22231,-0.007017,-0.001808,-0.005209,-0.007017,0
2021-02-10,Wed,2,pharma,utilities,food,banks,trading,energy,0.113956,0.110261,0.002027,0.00069,0.001337,0.002027,1
2021-02-12,Fri,2,energy,trading,banks,food,utilities,pharma,0.064008,0.06231,-0.001728,-0.013396,0.011668,-0.001728,1
2021-02-16,Tue,2,energy,trading,banks,food,retail,pharma,0.133504,0.131022,0.016661,0.004476,0.012185,0.016661,1
2021-02-17,Wed,2,energy,trading,banks,utilities,retail,pharma,0.49871,0.489941,0.011403,-0.003416,0.014819,0.011403,1
2021-02-18,Thu,2,energy,banks,trading,food,utilities,pharma,0.050679,0.049572,-0.020158,-0.002534,-0.017624,-0.020158,0
2021-02-19,Fri,2,pharma,food,utilities,banks,trading,energy,0.203076,0.196805,-0.008137,-0.004373,-0.003764,-0.008137,0
2021-02-22,Mon,2,energy,trading,banks,retail,utilities,pharma,1.064473,1.041447,0.005389,-0.006507,0.011896,0.005389,1
2021-02-24,Wed,2,energy,trading,banks,retail,pharma,utilities,0.862919,0.848167,-0.0135,-0.008364,-0.005136,-0.0135,0
2021-02-25,Thu,2,energy,trading,banks,retail,utilities,pharma,0.364715,0.355257,-0.005446,-0.005743,0.000296,-0.005446,1
2021-02-26,Fri,2,electronics,trading,banks,retail,food,utilities,0.148566,0.131813,-0.013012,-0.012947,-6.5e-05,-0.013012,0
2021-03-01,Mon,3,pharma,food,retail,trading,banks,energy,0.125343,0.116077,-0.002685,0.018027,-0.020712,-0.002685,0
2021-03-02,Tue,3,utilities,retail,pharma,banks,electronics,trading,0.353234,0.342993,-0.011585,-0.012486,0.000901,-0.011585,1
2021-03-03,Wed,3,energy,trading,banks,retail,pharma,utilities,0.159031,0.156096,0.007616,0.005372,0.002243,0.007616,1
2021-03-04,Thu,3,energy,trading,banks,retail,pharma,utilities,0.570906,0.559599,-0.003243,-0.004032,0.000789,-0.003243,1
2021-03-05,Fri,3,trading,electronics,energy,pharma,retail,utilities,0.173437,0.168195,0.009907,0.006846,0.003061,0.009907,1
2021-03-08,Mon,3,utilities,retail,pharma,banks,energy,trading,0.391858,0.384462,0.000981,0.003602,-0.002621,0.000981,0
2021-03-09,Tue,3,energy,trading,banks,pharma,food,utilities,0.294355,0.287869,0.005625,0.013913,-0.008289,0.005625,0
2021-03-10,Wed,3,utilities,pharma,food,banks,trading,energy,0.669558,0.656378,0.00175,-0.001258,0.003008,0.00175,1
2021-03-11,Thu,3,energy,banks,trading,utilities,pharma,food,0.275364,0.258666,-0.000217,0.007944,-0.008162,-0.000217,0
2021-03-12,Fri,3,utilities,pharma,retail,banks,energy,trading,0.130071,0.123929,7.9e-05,0.003762,-0.003683,7.9e-05,0
2021-03-15,Mon,3,utilities,it_services,retail,electronics,trading,food,0.011417,0.007628,0.010196,0.002382,0.007815,0.010196,1
2021-03-16,Tue,3,utilities,pharma,food,banks,trading,energy,0.507836,0.493396,0.002076,-0.004815,0.006891,0.002076,1
2021-03-17,Wed,3,food,pharma,utilities,banks,trading,energy,0.562405,0.546747,0.004829,0.001523,0.003306,0.004829,1
2021-03-18,Thu,3,energy,trading,banks,food,pharma,utilities,0.397902,0.387364,0.012585,0.00602,0.006565,0.012585,1
2021-03-19,Fri,3,food,pharma,realestate,it_services,banks,energy,0.033021,0.021365,0.008288,0.014832,-0.006544,0.008288,0
2021-03-22,Mon,3,utilities,food,pharma,banks,trading,energy,0.524232,0.512052,0.002099,-0.00141,0.00351,0.002099,1
2021-03-23,Tue,3,utilities,pharma,food,banks,trading,energy,0.624617,0.605427,-0.006364,-0.018715,0.012351,-0.006364,1
2021-03-24,Wed,3,food,pharma,utilities,banks,trading,energy,0.526204,0.509547,-0.016918,-0.011816,-0.005102,-0.016918,0
2021-03-25,Thu,3,energy,trading,banks,food,pharma,utilities,0.398916,0.385008,0.009875,0.010291,-0.000415,0.009875,0
2021-03-26,Fri,3,energy,trading,banks,retail,pharma,food,0.047407,0.038383,0.001627,0.005837,-0.00421,0.001627,0
2021-03-29,Mon,3,utilities,retail,pharma,banks,trading,electronics,0.065823,0.055411,-0.004142,-0.011691,0.007548,-0.004142,1
2021-03-30,Tue,3,utilities,pharma,food,banks,trading,energy,0.606086,0.588654,-0.003476,0.006603,-0.010079,-0.003476,0
2021-03-31,Wed,3,energy,trading,banks,food,pharma,utilities,0.376479,0.363165,-0.003368,-0.007821,0.004453,-0.003368,1
2021-04-01,Thu,4,utilities,pharma,food,trading,banks,energy,0.478182,0.465642,-0.01463,-0.01474,0.000111,-0.01463,1
2021-04-05,Mon,4,energy,banks,trading,pharma,utilities,food,0.424648,0.414778,0.016481,-0.000664,0.017145,0.016481,1
2021-04-06,Tue,4,utilities,pharma,food,electronics,banks,energy,0.596186,0.574024,-0.018933,-0.017054,-0.001878,-0.018933,0
2021-04-07,Wed,4,utilities,food,pharma,trading,banks,energy,0.0924,0.090179,0.004202,0.005631,-0.001429,0.004202,0
2021-04-08,Thu,4,food,utilities,pharma,electronics,trading,energy,0.109572,0.105844,-0.010457,-0.007642,-0.002815,-0.010457,0
2021-04-09,Fri,4,utilities,food,pharma,electronics,banks,energy,0.325407,0.315998,0.009067,-0.000708,0.009775,0.009067,1
2021-04-12,Mon,4,utilities,pharma,retail,banks,electronics,energy,0.075294,0.072261,-0.008185,-0.006665,-0.00152,-0.008185,0
2021-04-13,Tue,4,utilities,pharma,retail,electronics,banks,energy,0.007193,0.006842,0.005201,-0.001899,0.0071,0.005201,1
2021-04-14,Wed,4,utilities,pharma,food,trading,electronics,energy,0.309798,0.300096,-0.003026,-0.006199,0.003172,-0.003026,1
2021-04-15,Thu,4,energy,electronics,trading,food,pharma,utilities,0.292089,0.281106,0.00485,0.000189,0.004661,0.00485,1
2021-04-16,Fri,4,utilities,pharma,retail,banks,electronics,energy,0.44176,0.424191,-4.7e-05,0.003567,-0.003614,-4.7e-05,0
2021-04-19,Mon,4,utilities,pharma,retail,banks,electronics,energy,0.164248,0.15853,-0.006916,-0.002618,-0.004298,-0.006916,0
2021-04-20,Tue,4,electronics,banks,energy,retail,pharma,utilities,0.124082,0.118626,-0.009503,-0.008768,-0.000735,-0.009503,0
2021-04-21,Wed,4,utilities,food,pharma,banks,electronics,energy,0.639484,0.623249,-0.001815,-0.005964,0.004149,-0.001815,1
2021-04-22,Thu,4,energy,banks,electronics,pharma,food,utilities,0.246236,0.242069,-0.0015,0.00448,-0.00598,-0.0015,0
2021-04-23,Fri,4,food,retail,utilities,banks,energy,trading,0.091247,0.084417,0.003828,0.000464,0.003364,0.003828,1
2021-04-26,Mon,4,energy,banks,trading,pharma,food,utilities,0.310827,0.304356,-0.00215,-0.003995,0.001845,-0.00215,1
2021-04-27,Tue,4,energy,electronics,banks,food,pharma,utilities,0.384331,0.370825,0.001902,-0.010096,0.011998,0.001902,1
2021-04-28,Wed,4,electronics,energy,banks,food,pharma,utilities,0.320372,0.310436,0.00736,0.001263,0.006097,0.00736,1
2021-04-30,Fri,4,banks,energy,electronics,food,pharma,utilities,0.348816,0.338683,-0.00778,-0.003139,-0.004641,-0.00778,0
2021-05-06,Thu,5,utilities,food,pharma,banks,electronics,energy,0.356502,0.350966,0.007592,0.009111,-0.001519,0.007592,0
2021-05-07,Fri,5,utilities,pharma,retail,electronics,energy,banks,0.143464,0.136561,0.000564,-0.005158,0.005723,0.000564,1
2021-05-10,Mon,5,energy,electronics,trading,pharma,utilities,food,0.169101,0.1654,0.008696,0.004687,0.004009,0.008696,1
2021-05-11,Tue,5,utilities,food,retail,trading,electronics,energy,0.126296,0.124021,-0.003845,-0.013179,0.009334,-0.003845,1
2021-05-12,Wed,5,food,retail,pharma,electronics,energy,trading,0.062948,0.053903,-0.004312,-0.025491,0.021179,-0.004312,1
2021-05-13,Thu,5,banks,electronics,energy,retail,pharma,utilities,0.248503,0.230063,-0.002702,-0.000911,-0.001791,-0.002702,0
2021-05-14,Fri,5,utilities,pharma,retail,energy,electronics,banks,0.392355,0.372787,0.003414,-0.007937,0.011351,0.003414,1
2021-05-17,Mon,5,trading,energy,electronics,retail,utilities,food,0.223421,0.213378,-0.011122,-0.000311,-0.010811,-0.011122,0
2021-05-18,Tue,5,electronics,banks,energy,food,pharma,utilities,0.470344,0.456742,0.010032,0.00048,0.009552,0.010032,1
2021-05-19,Wed,5,utilities,food,pharma,trading,electronics,energy,0.38019,0.373999,0.000322,-0.004218,0.00454,0.000322,1
2021-05-20,Thu,5,utilities,food,retail,trading,energy,electronics,0.424912,0.418861,-0.000929,0.002329,-0.003257,-0.000929,0
2021-05-21,Fri,5,utilities,pharma,retail,banks,energy,electronics,0.493359,0.475898,-0.006204,-0.016834,0.01063,-0.006204,1
2021-05-24,Mon,5,electronics,energy,banks,retail,pharma,utilities,0.096973,0.094389,0.009095,0.001432,0.007663,0.009095,1
2021-05-25,Tue,5,trading,energy,electronics,utilities,retail,food,0.138539,0.133563,-0.002365,0.000706,-0.003071,-0.002365,0
2021-05-26,Wed,5,food,retail,pharma,electronics,energy,trading,0.12912,0.12464,0.001402,0.003344,-0.001941,0.001402,0
2021-05-27,Thu,5,electronics,energy,banks,retail,pharma,utilities,0.271394,0.267202,-0.006728,0.000465,-0.007193,-0.006728,0
2021-05-28,Fri,5,electronics,energy,banks,pharma,retail,utilities,0.51197,0.497696,0.007516,0.004237,0.003279,0.007516,1
2021-06-01,Tue,6,utilities,pharma,retail,banks,energy,electronics,0.090157,0.087712,-0.00962,-0.000209,-0.009411,-0.00962,0
2021-06-02,Wed,6,electronics,energy,banks,retail,pharma,utilities,1.255251,1.219721,0.002579,-0.000482,0.00306,0.002579,1
2021-06-03,Thu,6,electronics,energy,banks,retail,food,utilities,0.065326,0.064164,0.005995,0.007513,-0.001518,0.005995,0
2021-06-04,Fri,6,food,retail,utilities,trading,energy,electronics,0.153315,0.15158,-0.000799,0.007586,-0.008386,-0.000799,0
2021-06-07,Mon,6,utilities,pharma,retail,energy,banks,electronics,0.158714,0.153161,-0.004481,-0.009377,0.004896,-0.004481,1
2021-06-08,Tue,6,food,retail,pharma,trading,energy,electronics,0.203374,0.201383,0.020241,0.001347,0.018894,0.020241,1
2021-06-09,Wed,6,electronics,energy,banks,retail,pharma,utilities,0.501066,0.487457,-0.004154,-0.003366,-0.000788,-0.004154,0
2021-06-10,Thu,6,utilities,pharma,food,trading,energy,electronics,0.517173,0.507151,-0.005277,-0.001124,-0.004153,-0.005277,0
2021-06-11,Fri,6,utilities,retail,pharma,energy,banks,electronics,0.757587,0.739808,-0.001108,-0.004021,0.002914,-0.001108,1
2021-06-14,Mon,6,electronics,banks,energy,pharma,retail,utilities,0.083518,0.081091,-0.001337,-0.006026,0.004689,-0.001337,1
2021-06-15,Tue,6,retail,utilities,pharma,banks,energy,electronics,0.379577,0.375299,0.007244,0.008961,-0.001716,0.007244,0
2021-06-16,Wed,6,electronics,banks,energy,pharma,retail,utilities,0.124797,0.12035,0.004764,-0.001955,0.006719,0.004764,1
2021-06-17,Thu,6,electronics,banks,energy,pharma,retail,utilities,0.350359,0.33677,-0.007048,-0.007338,0.000289,-0.007048,1
2021-06-18,Fri,6,retail,pharma,utilities,energy,electronics,banks,1.327746,1.317927,-0.00141,-0.010932,0.009522,-0.00141,1
2021-06-21,Mon,6,electronics,banks,energy,pharma,retail,utilities,0.177923,0.157267,-0.000464,-0.005513,0.005049,-0.000464,1
2021-06-22,Tue,6,trading,banks,energy,food,retail,pharma,0.468242,0.46327,0.011408,0.010359,0.001049,0.011408,1
2021-06-23,Wed,6,trading,energy,banks,retail,pharma,food,0.004627,0.004344,0.001961,-0.003123,0.005084,0.001961,1
2021-06-24,Thu,6,electronics,banks,energy,retail,pharma,utilities,0.292279,0.288649,0.004679,0.001645,0.003034,0.004679,1
2021-06-25,Fri,6,utilities,pharma,retail,energy,banks,electronics,0.049305,0.043386,0.002079,0.001099,0.00098,0.002079,1
2021-06-28,Mon,6,utilities,pharma,retail,energy,banks,electronics,0.078028,0.0716,0.000564,-0.001251,0.001815,0.000564,1
2021-06-29,Tue,6,pharma,retail,utilities,electronics,energy,banks,0.598775,0.59104,0.000663,-0.003656,0.00432,0.000663,1
2021-06-30,Wed,6,electronics,banks,energy,retail,pharma,utilities,0.141455,0.136258,-0.00611,-0.004464,-0.001646,-0.00611,0
2021-07-01,Thu,7,utilities,pharma,food,steel,banks,electronics,0.003229,0.002003,-0.003488,-0.009005,0.005517,-0.003488,1
2021-07-02,Fri,7,energy,banks,trading,food,pharma,retail,0.080738,0.078417,0.006299,-1.1e-05,0.00631,0.006299,1
2021-07-06,Tue,7,utilities,pharma,retail,banks,energy,electronics,0.358047,0.350851,-0.005696,0.003956,-0.009652,-0.005696,0
2021-07-07,Wed,7,pharma,retail,food,trading,banks,energy,0.510559,0.501155,-0.000339,-0.009943,0.009604,-0.000339,1
2021-07-08,Thu,7,utilities,pharma,retail,banks,energy,electronics,0.265237,0.262661,-0.007678,-0.004713,-0.002965,-0.007678,0
2021-07-09,Fri,7,retail,pharma,food,trading,banks,energy,0.114885,0.108662,0.007309,0.014601,-0.007293,0.007309,0
2021-07-12,Mon,7,energy,banks,trading,food,retail,pharma,0.676868,0.66267,0.000174,0.002612,-0.002437,0.000174,0
2021-07-13,Tue,7,energy,banks,trading,food,retail,pharma,0.207271,0.202244,0.006644,0.005296,0.001348,0.006644,1
2021-07-14,Wed,7,pharma,retail,food,trading,banks,energy,0.392677,0.382044,0.004011,0.001108,0.002903,0.004011,1
2021-07-15,Thu,7,pharma,utilities,retail,trading,banks,energy,0.530243,0.523653,-0.009113,-0.003579,-0.005533,-0.009113,0
2021-07-16,Fri,7,pharma,retail,food,trading,banks,energy,0.090267,0.088547,-0.001387,0.000339,-0.001727,-0.001387,0
2021-07-19,Mon,7,pharma,retail,food,trading,banks,energy,0.620992,0.609794,-0.001568,-0.004405,0.002837,-0.001568,1
2021-07-20,Tue,7,retail,pharma,food,trading,banks,energy,0.3736,0.35628,0.003476,-0.002292,0.005767,0.003476,1
2021-07-21,Wed,7,energy,banks,trading,food,pharma,retail,0.298268,0.284899,-0.011503,-0.001954,-0.009549,-0.011503,0
2021-07-26,Mon,7,energy,banks,trading,utilities,retail,pharma,0.605997,0.593765,-0.004646,-0.006051,0.001406,-0.004646,1
2021-07-27,Tue,7,energy,banks,trading,utilities,retail,pharma,0.447616,0.439791,0.003465,-0.002311,0.005776,0.003465,1
2021-07-28,Wed,7,pharma,utilities,retail,trading,banks,energy,0.204305,0.200673,0.001424,0.001939,-0.000515,0.001424,0
2021-07-29,Thu,7,energy,banks,trading,food,pharma,utilities,0.232859,0.230241,-0.001452,-0.009592,0.008139,-0.001452,1
2021-07-30,Fri,7,energy,banks,electronics,food,retail,pharma,0.059749,0.057051,-0.007761,-0.010409,0.002647,-0.007761,1
2021-08-02,Mon,8,retail,pharma,food,electronics,banks,energy,0.015033,0.013068,0.0053,0.017047,-0.011747,0.0053,0
2021-08-03,Tue,8,pharma,retail,utilities,trading,banks,energy,0.172506,0.169207,-0.002325,0.003638,-0.005964,-0.002325,0
2021-08-04,Wed,8,utilities,food,pharma,electronics,banks,trading,0.08019,0.073511,-0.00367,-0.005947,0.002277,-0.00367,1
2021-08-05,Thu,8,retail,pharma,food,trading,banks,energy,0.078236,0.07471,0.004066,0.004692,-0.000625,0.004066,0
2021-08-06,Fri,8,energy,banks,trading,retail,food,pharma,0.112857,0.110388,0.006311,0.000794,0.005518,0.006311,1
2021-08-10,Tue,8,energy,trading,banks,food,pharma,utilities,0.509663,0.500503,-0.00277,0.007322,-0.010092,-0.00277,0
2021-08-11,Wed,8,energy,banks,trading,food,pharma,utilities,0.295745,0.291435,0.003984,0.000402,0.003582,0.003984,1
2021-08-12,Thu,8,energy,banks,trading,food,pharma,utilities,0.458908,0.452082,-0.002037,-0.00459,0.002552,-0.002037,1
2021-08-13,Fri,8,utilities,pharma,food,banks,trading,energy,0.184369,0.181102,-0.000556,-0.005469,0.004912,-0.000556,1
2021-08-16,Mon,8,utilities,pharma,food,banks,trading,energy,0.535501,0.524392,-0.012886,-0.012793,-9.3e-05,-0.012886,0
2021-08-17,Tue,8,utilities,pharma,food,trading,banks,energy,0.709989,0.694329,0.000188,-0.005303,0.005491,0.000188,1
2021-08-18,Wed,8,retail,utilities,pharma,trading,banks,energy,0.352761,0.346483,0.000289,0.004363,-0.004074,0.000289,0
2021-08-19,Thu,8,trading,energy,banks,food,utilities,pharma,0.371023,0.362591,-0.013091,0.004385,-0.017476,-0.013091,0
2021-08-20,Fri,8,utilities,pharma,food,trading,banks,energy,0.697965,0.686599,0.004609,-0.005744,0.010353,0.004609,1
2021-08-23,Mon,8,pharma,utilities,retail,banks,energy,trading,0.267022,0.260545,0.001249,0.003086,-0.001837,0.001249,0
2021-08-24,Tue,8,energy,banks,trading,retail,utilities,pharma,0.544636,0.532397,0.001654,0.000509,0.001146,0.001654,1
2021-08-25,Wed,8,energy,trading,banks,retail,utilities,pharma,0.571067,0.560609,-0.002553,-0.001387,-0.001166,-0.002553,0
2021-08-26,Thu,8,energy,trading,banks,food,utilities,pharma,0.353696,0.346062,-0.002386,-0.00087,-0.001515,-0.002386,0
2021-08-27,Fri,8,trading,energy,banks,food,pharma,utilities,0.120508,0.114449,-0.002642,-0.00463,0.001988,-0.002642,1
2021-08-30,Mon,8,energy,banks,electronics,food,utilities,pharma,0.476477,0.461947,0.001378,0.001675,-0.000297,0.001378,0
2021-08-31,Tue,8,pharma,utilities,retail,banks,trading,energy,0.440981,0.432074,0.00548,0.005801,-0.00032,0.00548,0
2021-09-01,Wed,9,energy,trading,banks,retail,utilities,pharma,0.138408,0.136268,0.010202,0.009014,0.001188,0.010202,1
2021-09-02,Thu,9,utilities,pharma,food,banks,trading,energy,0.224566,0.220976,-0.000547,-0.001839,0.001291,-0.000547,1
2021-09-03,Fri,9,energy,electronics,banks,pharma,food,utilities,0.036747,0.03541,0.012315,0.009992,0.002323,0.012315,1
2021-09-07,Tue,9,utilities,pharma,food,banks,electronics,energy,0.064815,0.063485,-0.004844,0.00218,-0.007024,-0.004844,0
2021-09-08,Wed,9,trading,energy,banks,retail,pharma,utilities,0.286278,0.278855,0.010267,0.006367,0.0039,0.010267,1
2021-09-09,Thu,9,utilities,pharma,food,banks,trading,energy,0.459978,0.449213,0.007646,-0.002545,0.010191,0.007646,1
2021-09-10,Fri,9,trading,energy,banks,food,pharma,utilities,0.354834,0.346758,0.007992,-0.001864,0.009857,0.007992,1
2021-09-13,Mon,9,trading,energy,banks,food,utilities,pharma,0.464322,0.456188,0.008993,0.003548,0.005445,0.008993,1
2021-09-14,Tue,9,energy,trading,electronics,food,pharma,utilities,0.551028,0.537581,0.002608,-0.001494,0.004102,0.002608,1
2021-09-15,Wed,9,utilities,pharma,retail,banks,electronics,energy,0.221606,0.215696,-0.00371,-0.001267,-0.002442,-0.00371,0
2021-09-16,Thu,9,energy,electronics,banks,retail,pharma,utilities,0.277696,0.270479,-0.004988,0.003173,-0.008161,-0.004988,0
2021-09-17,Fri,9,trading,banks,electronics,food,utilities,pharma,0.061364,0.058458,0.000774,0.002872,-0.002098,0.000774,0
2021-09-21,Tue,9,trading,banks,electronics,food,utilities,pharma,0.124577,0.11665,0.006882,0.009209,-0.002328,0.006882,0
2021-09-22,Wed,9,trading,banks,energy,retail,utilities,pharma,0.030511,0.029624,-0.006863,-0.002448,-0.004415,-0.006863,0
2021-09-24,Fri,9,electronics,energy,trading,retail,pharma,utilities,0.415966,0.40497,0.000936,-0.001901,0.002837,0.000936,1
2021-09-27,Mon,9,energy,trading,electronics,food,pharma,utilities,0.067541,0.065972,0.000132,-0.006812,0.006943,0.000132,1
2021-09-28,Tue,9,energy,trading,electronics,retail,utilities,pharma,1.135576,1.1113,0.002,-0.004747,0.006748,0.002,1
2021-09-29,Wed,9,energy,banks,trading,food,utilities,pharma,0.928398,0.896062,-0.00464,-0.000408,-0.004232,-0.00464,0
2021-09-30,Thu,9,pharma,utilities,food,trading,banks,energy,0.545828,0.528081,-0.004791,-0.005563,0.000772,-0.004791,1
2021-10-01,Fri,10,energy,banks,trading,food,utilities,pharma,0.174288,0.165389,-0.010457,-0.008373,-0.002084,-0.010457,0
2021-10-04,Mon,10,energy,electronics,banks,utilities,food,pharma,0.511584,0.499746,-0.020086,0.006697,-0.026783,-0.020086,0
2021-10-05,Tue,10,energy,banks,trading,food,pharma,utilities,0.437091,0.420172,0.004916,-0.004426,0.009342,0.004916,1
2021-10-06,Wed,10,utilities,pharma,food,trading,banks,energy,0.109056,0.101712,0.0042,0.011615,-0.007415,0.0042,0
2021-10-07,Thu,10,utilities,pharma,food,trading,banks,energy,0.527128,0.51021,-0.004069,-0.002089,-0.00198,-0.004069,0
2021-10-08,Fri,10,utilities,pharma,food,energy,banks,trading,0.097171,0.088179,0.002369,-0.008154,0.010524,0.002369,1
2021-10-11,Mon,10,energy,banks,trading,food,utilities,pharma,0.340456,0.329952,0.022631,-0.005851,0.028482,0.022631,1
2021-10-12,Tue,10,energy,banks,trading,food,pharma,utilities,0.25592,0.249673,0.002727,-0.007418,0.010145,0.002727,1
2021-10-13,Wed,10,energy,banks,trading,food,utilities,pharma,0.158047,0.15295,-0.0076,-0.00443,-0.00317,-0.0076,0
2021-10-14,Thu,10,utilities,pharma,food,trading,banks,energy,0.266603,0.259135,0.000561,-0.007024,0.007585,0.000561,1
2021-10-15,Fri,10,utilities,pharma,food,banks,trading,energy,0.216299,0.206816,-2.8e-05,0.008002,-0.00803,-2.8e-05,0
2021-10-18,Mon,10,energy,electronics,banks,utilities,food,pharma,0.135601,0.130945,0.003604,-0.015172,0.018776,0.003604,1
2021-10-19,Tue,10,energy,banks,trading,food,utilities,pharma,0.262704,0.254126,-0.009278,-0.00417,-0.005108,-0.009278,0
2021-10-20,Wed,10,pharma,utilities,food,trading,banks,energy,0.300829,0.291372,-0.002598,-0.008531,0.005933,-0.002598,1
2021-10-21,Thu,10,utilities,pharma,food,trading,banks,energy,0.201884,0.194277,-0.010629,-0.009999,-0.00063,-0.010629,0
2021-10-22,Fri,10,pharma,food,utilities,banks,trading,energy,0.361409,0.347631,-0.00471,0.000311,-0.005021,-0.00471,0
2021-10-25,Mon,10,electronics,energy,trading,retail,pharma,food,0.0051,0.00421,0.008234,-0.003617,0.011851,0.008234,1
2021-10-26,Tue,10,energy,trading,banks,retail,food,pharma,0.293478,0.28052,-0.00237,0.004157,-0.006527,-0.00237,0
2021-10-27,Wed,10,pharma,food,utilities,banks,trading,energy,0.198037,0.18985,-0.007346,-0.00225,-0.005096,-0.007346,0
2021-10-28,Thu,10,pharma,food,retail,banks,trading,energy,0.444081,0.425533,-0.000708,-0.006042,0.005335,-0.000708,1
2021-10-29,Fri,10,electronics,energy,banks,retail,pharma,food,0.078135,0.07131,-0.000165,0.001871,-0.002036,-0.000165,0
2021-11-01,Mon,11,pharma,food,retail,banks,trading,energy,0.474957,0.4549,0.006464,0.008295,-0.001831,0.006464,0
2021-11-02,Tue,11,energy,trading,banks,retail,food,pharma,0.154084,0.147394,-0.010374,-0.008341,-0.002033,-0.010374,0
2021-11-04,Thu,11,pharma,utilities,food,banks,trading,energy,0.217245,0.209662,-0.00308,0.002688,-0.005767,-0.00308,0
2021-11-05,Fri,11,pharma,food,retail,banks,trading,energy,0.342302,0.327198,-0.001202,-0.005783,0.004581,-0.001202,1
2021-11-08,Mon,11,energy,electronics,banks,retail,food,pharma,0.091817,0.087984,-0.003401,-0.012386,0.008985,-0.003401,1
2021-11-09,Tue,11,energy,trading,banks,retail,food,pharma,0.530506,0.508711,-0.015897,-0.003954,-0.011943,-0.015897,0
2021-11-10,Wed,11,pharma,food,retail,banks,energy,electronics,0.030398,0.028511,-0.003731,-0.003595,-0.000135,-0.003731,0
2021-11-11,Thu,11,pharma,food,retail,banks,trading,energy,0.51078,0.481152,0.004548,-0.001541,0.006089,0.004548,1
2021-11-12,Fri,11,energy,trading,banks,retail,food,pharma,0.271111,0.258383,0.003323,0.002736,0.000587,0.003323,1
2021-11-15,Mon,11,utilities,retail,pharma,banks,trading,energy,0.127293,0.123556,-0.00037,-0.005312,0.004942,-0.00037,1
2021-11-16,Tue,11,pharma,food,utilities,banks,trading,energy,0.182528,0.175174,-0.00195,-0.003508,0.001558,-0.00195,1
2021-11-17,Wed,11,pharma,food,retail,banks,trading,energy,0.149621,0.142593,-0.007704,-0.007088,-0.000616,-0.007704,0
2021-11-18,Thu,11,pharma,food,retail,banks,trading,energy,0.33326,0.316885,-0.00866,-0.007991,-0.000669,-0.00866,0
2021-11-19,Fri,11,pharma,food,retail,trading,banks,energy,0.218209,0.209268,0.000866,0.007195,-0.00633,0.000866,0
2021-11-22,Mon,11,pharma,food,retail,trading,banks,energy,0.652792,0.627573,0.006179,0.002937,0.003242,0.006179,1
2021-11-24,Wed,11,energy,banks,trading,retail,food,pharma,0.207183,0.199849,-0.000544,-0.007475,0.00693,-0.000544,1
2021-11-26,Fri,11,energy,banks,trading,retail,food,pharma,0.058897,0.056699,-0.015985,-0.010554,-0.005431,-0.015985,0
2021-11-29,Mon,11,pharma,food,retail,banks,electronics,energy,0.568178,0.544747,-0.015711,-0.00617,-0.009541,-0.015711,0
2021-11-30,Tue,11,utilities,pharma,retail,banks,trading,energy,0.343916,0.335811,-0.027474,-0.012774,-0.0147,-0.027474,0
2021-12-01,Wed,12,trading,energy,banks,retail,pharma,utilities,0.340034,0.32478,0.015042,-0.00059,0.015633,0.015042,1
2021-12-02,Thu,12,food,pharma,retail,electronics,banks,energy,0.301281,0.289962,-0.00874,0.005664,-0.014404,-0.00874,0
2021-12-03,Fri,12,energy,banks,electronics,retail,pharma,food,0.630605,0.60592,0.011413,0.001428,0.009985,0.011413,1
2021-12-06,Mon,12,food,pharma,retail,trading,banks,energy,0.595762,0.578356,-0.007434,0.003874,-0.011308,-0.007434,0
2021-12-07,Tue,12,utilities,pharma,retail,banks,energy,trading,0.134729,0.121262,0.008656,0.020425,-0.011769,0.008656,0
2021-12-08,Wed,12,electronics,banks,steel,auto,food,realestate,0.036112,0.031479,-0.001633,-0.003854,0.002221,-0.001633,1
2021-12-09,Thu,12,utilities,pharma,retail,banks,trading,energy,0.082515,0.080624,-0.002618,-0.006212,0.003594,-0.002618,1
2021-12-10,Fri,12,food,pharma,retail,trading,banks,energy,0.298839,0.2887,0.001112,-0.008477,0.009589,0.001112,1
2021-12-13,Mon,12,utilities,pharma,retail,banks,trading,energy,0.461255,0.451071,-0.005596,-0.009674,0.004078,-0.005596,1
2021-12-14,Tue,12,food,pharma,retail,trading,banks,energy,0.720193,0.70097,0.003856,-0.00265,0.006506,0.003856,1
2021-12-15,Wed,12,energy,trading,banks,food,retail,utilities,0.200724,0.195336,0.008398,0.001881,0.006517,0.008398,1
2021-12-16,Thu,12,food,retail,utilities,banks,trading,energy,0.831115,0.808561,0.002067,0.004775,-0.002708,0.002067,0
2021-12-17,Fri,12,energy,banks,trading,retail,pharma,food,0.330873,0.32022,-0.001115,-0.008189,0.007074,-0.001115,1
2021-12-20,Mon,12,trading,energy,banks,food,retail,utilities,0.091077,0.082389,-0.021975,-0.012935,-0.00904,-0.021975,0
2021-12-21,Tue,12,food,pharma,retail,trading,banks,energy,0.442836,0.425827,0.00929,0.003324,0.005966,0.00929,1
2021-12-22,Wed,12,energy,banks,electronics,retail,pharma,food,0.477639,0.456558,-0.006739,-0.001347,-0.005392,-0.006739,0
2021-12-23,Thu,12,retail,food,utilities,banks,trading,energy,0.131058,0.126329,-0.003481,0.006959,-0.010439,-0.003481,0
2021-12-27,Mon,12,banks,electronics,energy,utilities,pharma,food,0.039994,0.038075,-0.003493,-0.001827,-0.001666,-0.003493,0
2021-12-28,Tue,12,banks,electronics,energy,retail,pharma,food,0.156631,0.150552,-0.003404,0.005383,-0.008787,-0.003404,0
2021-12-29,Wed,12,energy,banks,electronics,pharma,retail,food,0.025194,0.024371,0.006614,0.004404,0.00221,0.006614,1
2021-12-30,Thu,12,food,retail,pharma,banks,trading,energy,0.168702,0.1638,-0.003487,0.001164,-0.004651,-0.003487,0
2022-01-04,Tue,1,utilities,realestate,auto,banks,it_services,electronics,0.005189,0.004314,0.011372,0.004666,0.006706,0.011372,1
2022-01-05,Wed,1,energy,trading,banks,pharma,retail,food,0.991461,0.966584,0.01109,-0.000129,0.011219,0.01109,1
2022-01-06,Thu,1,utilities,food,retail,energy,banks,electronics,0.055401,0.045682,-0.00595,-0.01101,0.00506,-0.00595,1
2022-01-07,Fri,1,energy,trading,banks,pharma,retail,food,0.676727,0.663733,0.008194,-0.012029,0.020224,0.008194,1
2022-01-11,Tue,1,energy,trading,banks,pharma,food,retail,0.219258,0.214838,0.001646,-0.008033,0.00968,0.001646,1
2022-01-12,Wed,1,energy,banks,trading,utilities,retail,food,0.447772,0.436841,0.00973,0.001535,0.008196,0.00973,1
2022-01-13,Thu,1,energy,banks,trading,utilities,retail,food,0.167335,0.162957,0.01308,-0.003794,0.016874,0.01308,1
2022-01-14,Fri,1,energy,trading,banks,food,retail,pharma,0.201055,0.191076,0.00337,-0.002928,0.006298,0.00337,1
2022-01-18,Tue,1,food,utilities,retail,trading,energy,banks,0.098249,0.094731,-0.007519,-0.010614,0.003095,-0.007519,1
2022-01-19,Wed,1,energy,trading,banks,food,pharma,retail,0.478433,0.45693,-0.011149,-0.013316,0.002167,-0.011149,1
2022-01-20,Thu,1,food,retail,utilities,trading,banks,energy,0.392556,0.382417,0.010762,0.009699,0.001063,0.010762,1
2022-01-21,Fri,1,food,retail,utilities,energy,electronics,banks,0.110204,0.097685,0.00597,-0.000614,0.006584,0.00597,1
2022-01-24,Mon,1,food,retail,utilities,electronics,energy,banks,0.333529,0.307647,0.009243,0.02318,-0.013937,0.009243,0
2022-01-25,Tue,1,energy,banks,trading,utilities,food,retail,0.38014,0.371089,-0.007771,0.001638,-0.009409,-0.007771,0
2022-01-26,Wed,1,energy,banks,trading,pharma,food,retail,0.975456,0.951217,-0.003748,-0.002918,-0.00083,-0.003748,0
2022-01-27,Thu,1,trading,realestate,energy,it_services,retail,pharma,0.022967,0.016847,-0.008817,-0.019737,0.01092,-0.008817,1
2022-01-28,Fri,1,food,retail,utilities,trading,banks,energy,0.391728,0.383326,0.008098,0.015313,-0.007215,0.008098,0
2022-01-31,Mon,1,pharma,retail,utilities,banks,trading,energy,0.543675,0.526872,0.004269,0.007776,-0.003508,0.004269,0
2022-02-01,Tue,2,pharma,retail,utilities,electronics,energy,trading,0.190667,0.180298,-0.00042,-0.011503,0.011083,-0.00042,1
2022-02-02,Wed,2,energy,banks,trading,retail,utilities,food,0.740373,0.724706,0.017727,-0.001218,0.018946,0.017727,1
2022-02-03,Thu,2,pharma,retail,utilities,banks,trading,energy,0.386643,0.378509,0.008939,0.002007,0.006932,0.008939,1
2022-02-04,Fri,2,food,utilities,retail,electronics,energy,banks,0.177405,0.1608,0.001534,0.00497,-0.003437,0.001534,0
2022-02-07,Mon,2,energy,banks,trading,pharma,food,utilities,0.336369,0.331185,0.008991,0.003631,0.00536,0.008991,1
2022-02-08,Tue,2,energy,banks,trading,food,pharma,utilities,0.146591,0.144684,-0.003102,0.009641,-0.012743,-0.003102,0
2022-02-09,Wed,2,pharma,retail,utilities,banks,trading,energy,0.200173,0.195212,-0.00356,-0.002428,-0.001132,-0.00356,0
2022-02-10,Thu,2,banks,energy,electronics,retail,food,utilities,0.288079,0.276714,-0.002621,0.000483,-0.003104,-0.002621,0
2022-02-14,Mon,2,energy,trading,banks,utilities,retail,pharma,0.54052,0.521339,0.013398,0.005005,0.008393,0.013398,1
2022-02-15,Tue,2,food,utilities,pharma,electronics,banks,energy,0.150397,0.143114,-0.001119,-0.009682,0.008563,-0.001119,1
2022-02-16,Wed,2,pharma,machinery,retail,food,trading,realestate,0.024252,0.020713,-0.001767,0.00205,-0.003817,-0.001767,0
2022-02-17,Thu,2,banks,energy,electronics,pharma,utilities,food,0.107776,0.104517,-0.004958,-0.006239,0.001281,-0.004958,1
2022-02-18,Fri,2,food,utilities,retail,energy,electronics,banks,0.218108,0.203542,0.001204,-0.003912,0.005115,0.001204,1
2022-02-22,Tue,2,energy,trading,electronics,utilities,retail,pharma,0.076132,0.07257,-0.007404,0.003165,-0.010569,-0.007404,0
2022-02-24,Thu,2,food,utilities,pharma,energy,electronics,banks,0.126937,0.11696,-0.006254,0.008225,-0.014479,-0.006254,0
2022-02-25,Fri,2,pharma,retail,utilities,banks,trading,energy,0.168928,0.16256,-0.016655,0.000604,-0.017259,-0.016655,0
2022-02-28,Mon,2,pharma,retail,utilities,electronics,energy,trading,0.359311,0.340058,0.008134,-0.001353,0.009488,0.008134,1
2022-03-01,Tue,3,energy,banks,trading,food,pharma,retail,0.055337,0.051766,-0.002555,-0.003106,0.000551,-0.002555,1
2022-03-02,Wed,3,utilities,food,pharma,trading,banks,electronics,0.126563,0.108653,-0.010919,-0.006977,-0.003942,-0.010919,0
2022-03-03,Thu,3,electronics,banks,trading,pharma,food,utilities,0.168174,0.141491,0.008138,0.005441,0.002696,0.008138,1
2022-03-04,Fri,3,utilities,food,pharma,trading,banks,energy,0.229177,0.224208,-0.012305,-0.004135,-0.00817,-0.012305,0
2022-03-07,Mon,3,utilities,food,pharma,electronics,banks,energy,0.11594,0.113085,0.000253,-0.012083,0.012336,0.000253,1
2022-03-08,Tue,3,utilities,food,pharma,trading,energy,electronics,0.159744,0.130739,-0.02063,-0.03321,0.01258,-0.02063,1
2022-03-09,Wed,3,energy,banks,trading,utilities,pharma,retail,0.835368,0.812314,-0.001439,-0.008912,0.007472,-0.001439,1
2022-03-10,Thu,3,machinery,retail,it_services,food,energy,utilities,0.044511,0.03548,0.009295,0.030598,-0.021303,0.009295,0
2022-03-11,Fri,3,energy,banks,electronics,pharma,food,utilities,0.371189,0.365234,0.019504,-0.002685,0.022189,0.019504,1
2022-03-14,Mon,3,energy,banks,trading,food,pharma,retail,0.111618,0.09947,0.004897,0.003147,0.00175,0.004897,1
2022-03-15,Tue,3,utilities,food,pharma,energy,banks,electronics,0.248162,0.24106,0.014752,0.00627,0.008483,0.014752,1
2022-03-16,Wed,3,retail,pharma,utilities,trading,banks,energy,0.916152,0.895308,0.010544,0.003615,0.006929,0.010544,1
2022-03-17,Thu,3,electronics,banks,trading,pharma,food,utilities,0.128546,0.106369,0.004588,-0.00509,0.009677,0.004588,1
2022-03-18,Fri,3,electronics,banks,trading,pharma,food,utilities,0.302947,0.283595,-0.000217,-0.004558,0.004341,-0.000217,1
2022-03-22,Tue,3,retail,pharma,utilities,trading,banks,energy,0.081652,0.074352,-0.002032,0.019103,-0.021135,-0.002032,0
2022-03-23,Wed,3,retail,pharma,utilities,trading,banks,energy,0.117314,0.107299,0.011098,0.008046,0.003052,0.011098,1
2022-03-24,Thu,3,energy,banks,trading,utilities,pharma,retail,0.223145,0.208498,0.00259,0.002389,0.000201,0.00259,1
2022-03-25,Fri,3,retail,pharma,utilities,trading,banks,energy,0.243712,0.226835,0.000154,0.000322,-0.000167,0.000154,0
2022-03-28,Mon,3,electronics,trading,banks,pharma,food,utilities,0.121286,0.111698,-0.007431,-0.002838,-0.004593,-0.007431,0
2022-03-29,Tue,3,utilities,retail,food,trading,banks,energy,0.484444,0.46861,0.006238,-0.001699,0.007936,0.006238,1
2022-03-30,Wed,3,retail,pharma,utilities,trading,banks,energy,0.140321,0.126426,-0.009548,-0.004939,-0.004609,-0.009548,0
2022-03-31,Thu,3,utilities,food,retail,trading,energy,electronics,0.114789,0.111655,-0.009187,-0.001436,-0.007751,-0.009187,0
2022-04-01,Fri,4,utilities,food,retail,banks,trading,electronics,0.294376,0.278938,0.007324,0.007629,-0.000305,0.007324,0
2022-04-04,Mon,4,retail,pharma,utilities,trading,banks,energy,0.094916,0.086637,0.004178,0.007353,-0.003175,0.004178,0
2022-04-05,Tue,4,electronics,banks,trading,retail,food,utilities,0.03793,0.037027,-0.01612,-0.00618,-0.009941,-0.01612,0
2022-04-06,Wed,4,utilities,food,retail,trading,banks,electronics,0.235293,0.23002,-0.007915,-0.003583,-0.004332,-0.007915,0
2022-04-07,Thu,4,utilities,retail,food,trading,banks,energy,0.439864,0.428989,-0.001629,-0.004198,0.00257,-0.001629,1
2022-04-08,Fri,4,retail,utilities,pharma,trading,banks,energy,0.286252,0.277045,-0.006931,-0.019366,0.012435,-0.006931,1
2022-04-11,Mon,4,energy,banks,trading,retail,food,utilities,0.319574,0.311979,0.003526,0.004669,-0.001144,0.003526,0
2022-04-12,Tue,4,energy,trading,banks,utilities,pharma,retail,0.193625,0.178362,-0.009055,-0.007635,-0.001421,-0.009055,0
2022-04-13,Wed,4,energy,trading,banks,pharma,utilities,retail,0.105467,0.102198,0.006155,-0.00103,0.007185,0.006155,1
2022-04-14,Thu,4,electronics,trading,banks,pharma,food,utilities,0.104872,0.09565,-0.007441,0.009329,-0.01677,-0.007441,0
2022-04-18,Mon,4,energy,banks,trading,utilities,pharma,retail,0.07404,0.066079,0.000156,-0.007839,0.007994,0.000156,1
2022-04-19,Tue,4,energy,trading,banks,retail,food,utilities,0.44214,0.429868,0.004514,-0.008059,0.012573,0.004514,1
2022-04-20,Wed,4,retail,pharma,utilities,trading,banks,energy,0.181075,0.164928,0.007986,0.002088,0.005899,0.007986,1
2022-04-21,Thu,4,retail,utilities,pharma,trading,banks,energy,0.124793,0.120738,0.002506,0.000165,0.002341,0.002506,1
2022-04-22,Fri,4,food,utilities,pharma,banks,trading,electronics,0.160776,0.144947,0.000478,-0.001296,0.001774,0.000478,1
2022-04-25,Mon,4,energy,banks,trading,it_services,machinery,retail,0.090369,0.071904,-0.004597,-0.002002,-0.002595,-0.004597,0
2022-04-26,Tue,4,utilities,food,pharma,banks,trading,energy,0.428872,0.422417,0.002951,-0.010999,0.01395,0.002951,1
2022-04-27,Wed,4,energy,banks,trading,utilities,pharma,retail,0.290703,0.268688,0.000982,0.007471,-0.006489,0.000982,0
2022-04-28,Thu,4,energy,trading,banks,pharma,food,utilities,0.138669,0.137114,0.010563,0.021777,-0.011213,0.010563,0
2022-05-02,Mon,5,retail,pharma,it_services,trading,banks,energy,0.070016,0.053384,-0.001447,-0.003083,0.001636,-0.001447,1
2022-05-06,Fri,5,energy,trading,banks,pharma,utilities,retail,0.137676,0.134825,0.000526,0.01479,-0.014264,0.000526,0
2022-05-09,Mon,5,food,utilities,pharma,banks,trading,electronics,0.078512,0.074181,-0.0077,-0.016496,0.008796,-0.0077,1
2022-05-10,Tue,5,food,utilities,pharma,energy,trading,electronics,0.873442,0.854522,0.007427,-0.015569,0.022996,0.007427,1
2022-05-11,Wed,5,utilities,food,pharma,banks,electronics,trading,0.116062,0.111852,0.002413,-0.007261,0.009674,0.002413,1
2022-05-12,Thu,5,energy,trading,banks,utilities,pharma,retail,0.262448,0.253166,-0.002049,-0.012353,0.010304,-0.002049,1
2022-05-13,Fri,5,trading,energy,banks,retail,food,utilities,0.124545,0.122216,0.011017,-0.000286,0.011302,0.011017,1
2022-05-16,Mon,5,electronics,trading,steel,pharma,utilities,food,0.086646,0.073707,-0.022306,-0.008726,-0.013579,-0.022306,0
2022-05-17,Tue,5,utilities,food,pharma,electronics,energy,trading,0.077288,0.075482,-0.005694,0.008299,-0.013993,-0.005694,0
2022-05-18,Wed,5,trading,electronics,energy,pharma,food,utilities,0.321674,0.307905,-0.008443,0.000197,-0.008641,-0.008443,0
2022-05-19,Thu,5,energy,banks,trading,utilities,pharma,retail,0.616157,0.579035,0.01791,0.005835,0.012075,0.01791,1
2022-05-20,Fri,5,energy,trading,banks,utilities,pharma,retail,0.23705,0.231698,0.002893,0.000173,0.00272,0.002893,1
2022-05-23,Mon,5,retail,pharma,utilities,banks,trading,energy,0.076887,0.074972,0.001694,-0.000411,0.002105,0.001694,1
2022-05-24,Tue,5,trading,electronics,energy,pharma,food,utilities,0.150154,0.139077,-0.005441,-0.002045,-0.003396,-0.005441,0
2022-05-25,Wed,5,utilities,retail,food,banks,energy,trading,0.267365,0.262894,0.005201,0.003933,0.001269,0.005201,1
2022-05-26,Thu,5,trading,energy,electronics,retail,food,utilities,0.23494,0.225695,-0.010289,-0.004127,-0.006162,-0.010289,0
2022-05-27,Fri,5,trading,electronics,energy,pharma,food,utilities,0.113092,0.102565,-0.006282,-0.015005,0.008723,-0.006282,1
2022-05-31,Tue,5,electronics,trading,steel,pharma,food,utilities,0.05567,0.045689,-0.00525,-0.008674,0.003425,-0.00525,1
2022-06-01,Wed,6,energy,banks,trading,food,pharma,retail,0.079739,0.070328,0.004359,0.004083,0.000276,0.004359,1
2022-06-02,Thu,6,energy,trading,banks,utilities,pharma,retail,0.116471,0.10995,-0.000409,-0.010512,0.010104,-0.000409,1
2022-06-03,Fri,6,steel,electronics,trading,transport,utilities,food,0.035641,0.029082,-0.006288,-0.003662,-0.002626,-0.006288,0
2022-06-06,Mon,6,energy,trading,banks,utilities,pharma,retail,0.192216,0.185557,0.011515,0.011132,0.000382,0.011515,1
2022-06-07,Tue,6,trading,electronics,energy,pharma,utilities,food,0.02255,0.02123,0.002938,0.002182,0.000756,0.002938,1
2022-06-08,Wed,6,trading,electronics,energy,pharma,utilities,food,0.078656,0.0736,0.013787,0.009516,0.004271,0.013787,1
2022-06-09,Thu,6,energy,banks,trading,pharma,retail,finance,0.026639,0.022519,0.010572,0.005366,0.005206,0.010572,1
2022-06-10,Fri,6,energy,trading,banks,utilities,pharma,retail,0.097446,0.087618,-0.009685,-0.009441,-0.000245,-0.009685,0
2022-06-13,Mon,6,food,utilities,pharma,banks,energy,trading,0.362256,0.347298,0.006416,0.004176,0.00224,0.006416,1
2022-06-14,Tue,6,banks,energy,trading,finance,pharma,retail,0.098442,0.082933,0.003093,-0.001784,0.004877,0.003093,1
2022-06-15,Wed,6,energy,trading,banks,pharma,retail,food,0.288195,0.278761,-0.011674,-0.009232,-0.002442,-0.011674,0
2022-06-16,Thu,6,retail,pharma,food,trading,banks,energy,0.142511,0.135441,-0.003734,0.005595,-0.009329,-0.003734,0
2022-06-17,Fri,6,food,utilities,pharma,electronics,energy,trading,0.378309,0.36,0.010531,0.006626,0.003905,0.010531,1
2022-06-21,Tue,6,food,utilities,pharma,banks,trading,energy,0.142689,0.138491,0.002808,0.014828,-0.01202,0.002808,0
2022-06-22,Wed,6,retail,pharma,food,energy,trading,banks,0.182816,0.166909,0.004619,-0.020993,0.025612,0.004619,1
2022-06-23,Thu,6,food,pharma,retail,banks,trading,energy,0.39966,0.387281,0.011841,-0.002293,0.014134,0.011841,1
2022-06-24,Fri,6,food,pharma,retail,banks,trading,energy,0.900276,0.874436,0.00536,-0.003395,0.008755,0.00536,1
2022-06-27,Mon,6,energy,electronics,trading,pharma,utilities,food,0.208689,0.196164,0.004131,0.004333,-0.000202,0.004131,0
2022-06-28,Tue,6,trading,energy,electronics,pharma,utilities,food,0.02824,0.027345,0.010659,0.018967,-0.008307,0.010659,0
2022-06-29,Wed,6,energy,trading,banks,pharma,food,retail,0.412906,0.405798,-0.003387,0.00654,-0.009927,-0.003387,0
2022-06-30,Thu,6,food,pharma,retail,electronics,trading,energy,0.458346,0.443177,-0.000181,-0.008928,0.008747,-0.000181,1
2022-07-01,Fri,7,food,utilities,pharma,electronics,trading,energy,0.256595,0.248126,-0.018243,-0.009558,-0.008685,-0.018243,0
2022-07-05,Tue,7,retail,pharma,food,trading,banks,energy,0.102564,0.09519,-0.003968,0.004658,-0.008626,-0.003968,0
2022-07-06,Wed,7,utilities,banks,realestate,finance,retail,steel,0.010806,0.008924,-0.021087,-0.015186,-0.005901,-0.021087,0
2022-07-07,Thu,7,food,retail,pharma,banks,trading,energy,0.259196,0.251621,0.003937,0.000455,0.003482,0.003937,1
2022-07-08,Fri,7,energy,electronics,trading,pharma,utilities,food,0.278748,0.269295,-0.000974,-0.000112,-0.000862,-0.000974,0
2022-07-11,Mon,7,food,pharma,utilities,electronics,trading,energy,0.073835,0.070684,0.00405,-0.003858,0.007908,0.00405,1
2022-07-12,Tue,7,utilities,food,pharma,trading,energy,electronics,0.060194,0.055713,-0.004213,-0.000113,-0.0041,-0.004213,0
2022-07-13,Wed,7,energy,trading,banks,food,pharma,retail,0.098091,0.095134,0.005966,-0.000269,0.006236,0.005966,1
2022-07-14,Thu,7,banks,energy,trading,construction,pharma,retail,0.010676,0.007698,0.013866,0.001962,0.011904,0.013866,1
2022-07-15,Fri,7,food,pharma,retail,electronics,trading,energy,0.469173,0.447951,0.001167,-0.006044,0.007211,0.001167,1
2022-07-19,Tue,7,electronics,trading,energy,pharma,utilities,food,0.267704,0.25587,0.001162,-0.01092,0.012083,0.001162,1
2022-07-20,Wed,7,electronics,trading,energy,pharma,utilities,food,0.386957,0.371005,0.00519,-0.002344,0.007534,0.00519,1
2022-07-21,Thu,7,energy,trading,electronics,utilities,pharma,food,0.298861,0.287359,0.003535,0.005734,-0.002199,0.003535,0
2022-07-22,Fri,7,retail,pharma,food,banks,trading,energy,0.116226,0.11027,-0.000443,-0.000843,0.0004,-0.000443,1
2022-07-25,Mon,7,food,pharma,utilities,electronics,trading,energy,0.138733,0.134358,0.004788,0.001744,0.003043,0.004788,1
2022-07-26,Tue,7,energy,electronics,trading,pharma,utilities,food,0.123484,0.121139,0.002691,-0.008461,0.011152,0.002691,1
2022-07-27,Wed,7,food,utilities,pharma,electronics,trading,energy,0.151389,0.147649,0.001293,0.007286,-0.005993,0.001293,0
2022-07-28,Thu,7,electronics,construction,steel,pharma,food,utilities,0.062483,0.043795,-0.005847,0.006479,-0.012325,-0.005847,0
2022-07-29,Fri,7,retail,pharma,food,trading,energy,banks,0.144069,0.133568,-0.007499,-0.000909,-0.00659,-0.007499,0
2022-08-01,Mon,8,energy,trading,electronics,pharma,utilities,food,0.446849,0.435192,0.007247,-0.001572,0.00882,0.007247,1
2022-08-02,Tue,8,food,pharma,utilities,electronics,trading,energy,0.302571,0.293361,-0.014776,-0.015974,0.001199,-0.014776,1
2022-08-03,Wed,8,utilities,food,pharma,trading,energy,electronics,0.062723,0.05667,-0.007664,0.006819,-0.014483,-0.007664,0
2022-08-04,Thu,8,retail,food,pharma,banks,trading,energy,0.310025,0.303613,-0.006778,-0.006424,-0.000354,-0.006778,0
2022-08-05,Fri,8,food,utilities,pharma,electronics,trading,energy,0.074742,0.073157,0.008608,0.007776,0.000832,0.008608,1
2022-08-08,Mon,8,energy,trading,banks,retail,pharma,food,0.318962,0.309831,0.013367,0.011437,0.00193,0.013367,1
2022-08-09,Tue,8,energy,trading,electronics,retail,pharma,food,0.170995,0.164499,-0.00836,-0.010837,0.002477,-0.00836,1
2022-08-10,Wed,8,energy,trading,banks,pharma,retail,food,0.174467,0.169825,-0.003244,-0.001283,-0.001961,-0.003244,0
2022-08-12,Fri,8,electronics,energy,trading,pharma,utilities,food,0.202583,0.19286,0.013215,0.008312,0.004903,0.013215,1
2022-08-15,Mon,8,retail,construction,transport,energy,trading,banks,0.044878,0.033704,0.001095,-0.001034,0.002128,0.001095,1
2022-08-16,Tue,8,food,retail,pharma,banks,trading,energy,0.320301,0.312241,0.000956,-0.000851,0.001807,0.000956,1
2022-08-17,Wed,8,retail,pharma,food,energy,trading,banks,0.008903,0.00698,0.004398,0.007093,-0.002695,0.004398,0
2022-08-18,Thu,8,banks,trading,energy,pharma,food,retail,0.06998,0.065061,-0.006185,-0.003164,-0.00302,-0.006185,0
2022-08-19,Fri,8,energy,trading,banks,retail,pharma,food,0.124188,0.120705,0.003314,-0.004153,0.007466,0.003314,1
2022-08-22,Mon,8,food,pharma,utilities,trading,energy,electronics,0.20826,0.203344,0.00665,0.007132,-0.000483,0.00665,0
2022-08-23,Tue,8,energy,trading,banks,food,pharma,retail,0.171305,0.164169,-0.002764,-0.00399,0.001227,-0.002764,1
2022-08-24,Wed,8,energy,trading,banks,retail,pharma,food,0.483263,0.471802,-0.002679,-0.001811,-0.000868,-0.002679,0
2022-08-25,Thu,8,energy,trading,electronics,utilities,pharma,food,0.150659,0.146881,0.002984,0.002257,0.000727,0.002984,1
2022-08-26,Fri,8,electronics,energy,trading,utilities,pharma,food,0.170823,0.165616,-0.004161,-0.001742,-0.002419,-0.004161,0
2022-08-29,Mon,8,energy,banks,trading,food,pharma,retail,0.36843,0.354514,0.011121,0.004217,0.006904,0.011121,1
2022-08-30,Tue,8,energy,trading,banks,pharma,retail,food,0.09492,0.093539,0.007585,0.008387,-0.000802,0.007585,0
2022-08-31,Wed,8,utilities,pharma,food,energy,materials,electronics,0.040853,0.029905,0.001465,-5.2e-05,0.001517,0.001465,1
2022-09-01,Thu,9,energy,trading,banks,pharma,food,retail,0.080931,0.07871,-0.01423,-0.002556,-0.011674,-0.01423,0
2022-09-02,Fri,9,food,pharma,retail,banks,trading,energy,0.515677,0.505584,-0.002918,-0.004578,0.001661,-0.002918,1
2022-09-06,Tue,9,energy,trading,banks,retail,pharma,food,0.475428,0.466797,-0.006753,-0.003629,-0.003124,-0.006753,0
2022-09-07,Wed,9,energy,trading,banks,retail,pharma,food,0.112196,0.109813,-0.006471,-0.005413,-0.001057,-0.006471,0
2022-09-08,Thu,9,retail,food,pharma,banks,trading,energy,0.311155,0.306086,0.008513,0.010827,-0.002314,0.008513,0
2022-09-09,Fri,9,energy,electronics,trading,utilities,pharma,food,0.152116,0.15046,-0.005165,0.006408,-0.011573,-0.005165,0
2022-09-12,Mon,9,electronics,energy,trading,pharma,food,utilities,0.096169,0.084158,-0.008534,-0.004417,-0.004117,-0.008534,0
2022-09-13,Tue,9,electronics,energy,trading,pharma,food,utilities,0.055955,0.049945,0.001657,0.001287,0.00037,0.001657,1
2022-09-14,Wed,9,trading,energy,banks,pharma,retail,food,0.437381,0.427093,0.004128,-0.002645,0.006774,0.004128,1
2022-09-15,Thu,9,food,pharma,retail,banks,trading,energy,0.115898,0.112866,0.002117,-0.000541,0.002659,0.002117,1
2022-09-16,Fri,9,trading,banks,energy,pharma,food,retail,0.09773,0.094682,0.004027,0.004425,-0.000397,0.004027,0
2022-09-20,Tue,9,pharma,food,retail,electronics,trading,energy,0.229792,0.22327,-0.005001,-0.002423,-0.002579,-0.005001,0
2022-09-21,Wed,9,pharma,utilities,retail,trading,energy,electronics,0.117545,0.112229,-0.00719,-0.005034,-0.002156,-0.00719,0
2022-09-22,Thu,9,utilities,pharma,food,trading,energy,electronics,0.06088,0.051413,0.00603,0.009998,-0.003968,0.00603,0
2022-09-26,Mon,9,pharma,food,retail,banks,trading,energy,0.24973,0.242017,0.003516,-0.026337,0.029853,0.003516,1
2022-09-27,Tue,9,pharma,food,retail,trading,electronics,energy,0.245209,0.236779,0.007273,0.002834,0.004439,0.007273,1
2022-09-28,Wed,9,energy,trading,banks,retail,food,pharma,0.429464,0.419988,-0.005552,-0.012273,0.006721,-0.005552,1
2022-09-29,Thu,9,energy,electronics,banks,food,retail,pharma,0.291471,0.277971,-0.002777,0.011597,-0.014374,-0.002777,0
2022-09-30,Fri,9,energy,trading,banks,retail,food,pharma,0.47368,0.462394,-0.007617,-0.003531,-0.004086,-0.007617,0
2022-10-03,Mon,10,energy,trading,banks,retail,food,pharma,0.662701,0.649721,0.010396,-0.011894,0.02229,0.010396,1
2022-10-04,Tue,10,energy,electronics,banks,pharma,food,retail,0.107291,0.098717,0.016993,0.013961,0.003032,0.016993,1
2022-10-05,Wed,10,energy,electronics,trading,pharma,food,retail,0.167244,0.151045,-0.007931,-0.006176,-0.001755,-0.007931,0
2022-10-06,Thu,10,banks,energy,trading,food,pharma,utilities,0.036415,0.032398,0.002571,-0.006272,0.008843,0.002571,1
2022-10-07,Fri,10,energy,banks,trading,retail,pharma,utilities,0.300952,0.294019,0.001118,0.002732,-0.001614,0.001118,0
2022-10-11,Tue,10,banks,energy,trading,food,pharma,utilities,0.24461,0.226965,-0.002524,-0.003344,0.000821,-0.002524,1
2022-10-12,Wed,10,retail,pharma,food,electronics,trading,energy,0.198847,0.19269,0.00563,-0.003727,0.009357,0.00563,1
2022-10-13,Thu,10,energy,banks,trading,retail,pharma,utilities,0.127979,0.124105,-0.005711,-0.00748,0.001769,-0.005711,1
2022-10-14,Fri,10,energy,electronics,trading,pharma,food,retail,0.10493,0.095735,0.002042,0.009837,-0.007795,0.002042,0
2022-10-17,Mon,10,food,retail,pharma,trading,electronics,energy,0.263898,0.249766,-0.005235,-0.003605,-0.00163,-0.005235,0
2022-10-18,Tue,10,energy,electronics,trading,pharma,retail,food,0.072579,0.057856,-0.001696,-0.003477,0.001781,-0.001696,1
2022-10-19,Wed,10,utilities,auto,construction,transport,trading,banks,0.034934,0.023984,0.007141,0.000785,0.006357,0.007141,1
2022-10-20,Thu,10,banks,trading,energy,retail,pharma,utilities,0.089354,0.083735,0.003905,0.001036,0.002869,0.003905,1
2022-10-21,Fri,10,energy,banks,trading,retail,pharma,utilities,0.215589,0.209934,-0.005203,-0.003781,-0.001421,-0.005203,0
2022-10-24,Mon,10,utilities,pharma,auto,energy,trading,banks,0.064175,0.043327,-0.01116,-0.005021,-0.006139,-0.01116,0
2022-10-25,Tue,10,utilities,retail,pharma,banks,trading,energy,0.506864,0.493242,0.005646,0.006207,-0.000561,0.005646,0
2022-10-26,Wed,10,electronics,energy,trading,pharma,retail,food,0.06014,0.049735,-0.005993,0.003381,-0.009374,-0.005993,0
2022-10-27,Thu,10,energy,trading,banks,pharma,utilities,retail,0.076472,0.074412,-0.013123,0.001057,-0.01418,-0.013123,0
2022-10-28,Fri,10,energy,trading,banks,pharma,retail,utilities,0.099592,0.097056,-0.006285,0.005126,-0.011411,-0.006285,0
2022-10-31,Mon,10,utilities,retail,pharma,banks,trading,energy,0.483644,0.473909,0.000678,0.004553,-0.003875,0.000678,0
2022-11-01,Tue,11,energy,trading,banks,pharma,retail,utilities,0.137847,0.134778,0.010913,-0.004699,0.015613,0.010913,1
2022-11-02,Wed,11,energy,trading,electronics,pharma,food,retail,0.121432,0.11713,0.011036,-6.2e-05,0.011099,0.011036,1
2022-11-04,Fri,11,transport,food,realestate,energy,electronics,auto,0.041639,0.026888,-0.005211,-0.003632,-0.001579,-0.005211,0
2022-11-07,Mon,11,energy,electronics,trading,pharma,retail,food,0.184523,0.174358,0.004958,0.002277,0.002681,0.004958,1
2022-11-08,Tue,11,energy,electronics,trading,pharma,retail,food,0.042049,0.038089,0.003212,6e-05,0.003152,0.003212,1
2022-11-09,Wed,11,utilities,pharma,retail,energy,trading,banks,0.023055,0.020863,-0.008743,-0.001804,-0.006939,-0.008743,0
2022-11-10,Thu,11,food,retail,pharma,trading,electronics,energy,0.259949,0.247576,0.009021,0.009463,-0.000442,0.009021,0
2022-11-11,Fri,11,auto,electronics,energy,retail,transport,food,0.100191,0.074551,0.006595,-0.01276,0.019355,0.006595,1
2022-11-14,Mon,11,energy,trading,electronics,food,pharma,retail,0.402237,0.388754,-0.008367,-0.00728,-0.001088,-0.008367,0
2022-11-15,Tue,11,food,retail,pharma,trading,electronics,energy,0.106519,0.101424,0.003046,0.006636,-0.00359,0.003046,0
2022-11-16,Wed,11,utilities,pharma,retail,banks,trading,energy,0.113079,0.110465,0.003582,-0.002114,0.005696,0.003582,1
2022-11-17,Thu,11,retail,food,utilities,trading,electronics,energy,0.350869,0.343131,0.008949,-0.003614,0.012563,0.008949,1
2022-11-18,Fri,11,food,retail,utilities,trading,electronics,energy,0.055371,0.053152,0.01119,0.000158,0.011033,0.01119,1
2022-11-21,Mon,11,utilities,retail,pharma,electronics,trading,energy,0.289514,0.283766,-0.002231,0.000248,-0.002479,-0.002231,0
2022-11-22,Tue,11,utilities,retail,food,electronics,trading,energy,0.112996,0.110845,0.011698,0.011007,0.000691,0.011698,1
2022-11-25,Fri,11,energy,electronics,trading,utilities,retail,food,0.105271,0.09853,0.00038,0.003196,-0.002816,0.00038,0
2022-11-28,Mon,11,utilities,retail,food,electronics,trading,energy,0.066296,0.065033,-0.003407,-0.010559,0.007152,-0.003407,1
2022-11-29,Tue,11,food,retail,utilities,trading,electronics,energy,0.345249,0.33554,-0.004731,-0.001874,-0.002858,-0.004731,0
2022-11-30,Wed,11,energy,trading,electronics,food,retail,utilities,0.409977,0.402907,-0.001647,-0.012453,0.010806,-0.001647,1
2022-12-01,Thu,12,utilities,pharma,retail,electronics,trading,energy,0.475793,0.459466,-0.008587,-0.005694,-0.002894,-0.008587,0
2022-12-02,Fri,12,retail,food,utilities,trading,electronics,energy,0.059266,0.058041,-0.007982,-0.023837,0.015855,-0.007982,1
2022-12-05,Mon,12,utilities,retail,food,trading,electronics,energy,0.052406,0.05121,-0.00391,-0.007339,0.003429,-0.00391,1
2022-12-06,Tue,12,food,retail,utilities,trading,electronics,energy,0.268694,0.257426,0.006496,0.005728,0.000768,0.006496,1
2022-12-07,Wed,12,retail,food,utilities,trading,electronics,energy,0.147713,0.141458,0.003003,-0.00025,0.003254,0.003003,1
2022-12-08,Thu,12,utilities,retail,food,trading,electronics,energy,0.121801,0.11894,-0.000111,-0.006687,0.006577,-0.000111,1
2022-12-09,Fri,12,utilities,retail,pharma,electronics,trading,energy,0.218033,0.211355,0.007442,0.004666,0.002775,0.007442,1
2022-12-12,Mon,12,trading,banks,electronics,retail,pharma,utilities,0.02699,0.024675,0.002129,0.002129,0.0,0.002129,1
2022-12-13,Tue,12,utilities,pharma,retail,energy,electronics,trading,0.13237,0.128166,0.008224,-0.003659,0.011883,0.008224,1
2022-12-14,Wed,12,energy,electronics,trading,utilities,food,retail,0.268783,0.260542,0.002857,0.002113,0.000745,0.002857,1
2022-12-15,Thu,12,retail,food,utilities,trading,electronics,energy,0.224439,0.216957,0.001046,0.004192,-0.003146,0.001046,0
2022-12-16,Fri,12,trading,electronics,banks,food,pharma,utilities,0.228026,0.219355,-0.005377,-0.005405,2.9e-05,-0.005377,1
2022-12-19,Mon,12,trading,banks,electronics,food,utilities,pharma,0.061015,0.056575,0.004498,-0.003967,0.008465,0.004498,1
2022-12-20,Tue,12,retail,food,utilities,trading,electronics,energy,0.044045,0.039216,-0.005493,-0.017337,0.011843,-0.005493,1
2022-12-21,Wed,12,energy,electronics,trading,food,utilities,retail,0.159189,0.155576,-0.00825,0.006513,-0.014763,-0.00825,0
2022-12-22,Thu,12,pharma,utilities,food,electronics,banks,trading,0.094207,0.090051,0.00143,0.003518,-0.002088,0.00143,0
2022-12-23,Fri,12,retail,food,utilities,electronics,banks,energy,0.111509,0.103935,0.007016,0.006483,0.000534,0.007016,1
2022-12-27,Tue,12,energy,electronics,banks,utilities,food,retail,0.199731,0.191426,0.003491,0.002038,0.001452,0.003491,1
2022-12-28,Wed,12,trading,electronics,energy,retail,pharma,utilities,0.024911,0.023752,-0.000802,0.005906,-0.006708,-0.000802,0
2022-12-29,Thu,12,retail,food,pharma,electronics,banks,energy,0.034346,0.029303,-0.004463,-0.006493,0.00203,-0.004463,1
2022-12-30,Fri,12,energy,banks,electronics,pharma,retail,food,0.024286,0.020149,-0.007511,-0.003835,-0.003676,-0.007511,0
2023-01-04,Wed,1,trading,electronics,energy,food,utilities,pharma,0.086782,0.084911,-0.008563,-0.02372,0.015157,-0.008563,1
2023-01-05,Thu,1,energy,electronics,trading,food,retail,utilities,0.23586,0.226098,0.001486,-0.008188,0.009674,0.001486,1
2023-01-06,Fri,1,electronics,trading,energy,food,utilities,pharma,0.292184,0.288041,0.009594,0.001669,0.007925,0.009594,1
2023-01-10,Tue,1,banks,pharma,utilities,machinery,electronics,trading,0.039285,0.028501,-0.010938,-0.002237,-0.008701,-0.010938,0
2023-01-11,Wed,1,banks,energy,electronics,food,utilities,retail,0.071102,0.068799,0.01668,-0.00304,0.01972,0.01668,1
2023-01-12,Thu,1,banks,energy,electronics,food,retail,utilities,0.21455,0.209857,0.017249,0.001216,0.016033,0.017249,1
2023-01-13,Fri,1,electronics,banks,energy,food,utilities,pharma,0.404444,0.401898,0.002127,0.006197,-0.00407,0.002127,0
2023-01-17,Tue,1,pharma,utilities,food,banks,electronics,trading,0.021666,0.021146,-7.2e-05,0.00385,-0.003921,-7.2e-05,0
2023-01-18,Wed,1,retail,utilities,food,electronics,energy,banks,0.08545,0.082224,0.00491,0.008595,-0.003685,0.00491,0
2023-01-19,Thu,1,trading,electronics,energy,food,utilities,pharma,0.332808,0.312158,-0.004937,-0.00128,-0.003656,-0.004937,0
2023-01-20,Fri,1,trading,electronics,energy,food,utilities,pharma,0.142066,0.13425,0.010609,0.006807,0.003801,0.010609,1
2023-01-23,Mon,1,banks,energy,electronics,food,utilities,retail,0.096579,0.084303,0.001613,-0.000303,0.001916,0.001613,1
2023-01-24,Tue,1,pharma,food,utilities,energy,electronics,trading,0.070138,0.064628,0.003325,0.011153,-0.007827,0.003325,0
2023-01-25,Wed,1,retail,utilities,food,electronics,energy,banks,0.013074,0.011985,0.008,0.005021,0.002979,0.008,1
2023-01-26,Thu,1,electronics,trading,banks,food,utilities,pharma,0.201541,0.1982,-0.005649,-0.003972,-0.001676,-0.005649,0
2023-01-27,Fri,1,banks,energy,electronics,food,retail,utilities,0.313843,0.304745,0.001583,-0.000174,0.001758,0.001583,1
2023-01-30,Mon,1,retail,utilities,food,electronics,energy,banks,0.024863,0.023371,-0.000989,-0.000131,-0.000858,-0.000989,0
2023-01-31,Tue,1,retail,utilities,food,electronics,energy,banks,0.142257,0.127865,0.011956,-0.011702,0.023659,0.011956,1
2023-02-01,Wed,2,banks,energy,finance,materials,machinery,retail,0.036337,0.023627,-0.002752,-0.005297,0.002546,-0.002752,1
2023-02-02,Thu,2,utilities,food,pharma,trading,banks,electronics,0.382,0.373607,-0.003843,-0.00816,0.004317,-0.003843,1
2023-02-03,Fri,2,banks,energy,trading,utilities,food,retail,0.039969,0.031049,0.002764,-0.005324,0.008088,0.002764,1
2023-02-06,Mon,2,trading,electronics,materials,banks,pharma,utilities,0.019811,0.018568,-0.000156,-0.006644,0.006488,-0.000156,1
2023-02-07,Tue,2,retail,food,utilities,electronics,energy,banks,0.141666,0.135346,-0.002783,0.005652,-0.008436,-0.002783,0
2023-02-08,Wed,2,banks,energy,electronics,utilities,food,retail,0.254918,0.245722,-0.001097,0.002028,-0.003125,-0.001097,0
2023-02-09,Thu,2,electronics,trading,energy,pharma,utilities,food,0.167641,0.159686,0.007716,0.001165,0.006552,0.007716,1
2023-02-10,Fri,2,retail,materials,pharma,steel,energy,banks,0.038954,0.026952,-0.002386,0.003456,-0.005842,-0.002386,0
2023-02-13,Mon,2,food,utilities,pharma,energy,trading,electronics,0.109275,0.104585,-0.00296,-0.000131,-0.002828,-0.00296,0
2023-02-14,Tue,2,food,utilities,pharma,energy,trading,electronics,0.259252,0.25059,0.003259,-0.002063,0.005321,0.003259,1
2023-02-15,Wed,2,electronics,trading,banks,pharma,food,utilities,0.111646,0.108323,-0.006217,-0.005784,-0.000432,-0.006217,0
2023-02-16,Thu,2,utilities,food,retail,trading,electronics,banks,0.103353,0.101883,0.003819,-0.001384,0.005204,0.003819,1
2023-02-17,Fri,2,trading,electronics,energy,pharma,food,utilities,0.095417,0.078641,0.001576,0.002816,-0.001239,0.001576,0
2023-02-21,Tue,2,food,utilities,retail,electronics,energy,banks,0.784424,0.765016,-0.005032,0.002039,-0.007071,-0.005032,0
2023-02-22,Wed,2,trading,realestate,materials,utilities,steel,banks,0.047895,0.038674,-0.006522,-0.006182,-0.00034,-0.006522,0
2023-02-24,Fri,2,trading,electronics,energy,retail,food,utilities,0.055768,0.053685,0.000331,0.002272,-0.001941,0.000331,0
2023-02-27,Mon,2,trading,electronics,energy,retail,food,utilities,0.309883,0.302198,0.007453,0.006282,0.00117,0.007453,1
2023-02-28,Tue,2,banks,energy,electronics,pharma,retail,food,0.157321,0.151259,-0.000982,-0.002148,0.001166,-0.000982,1
2023-03-01,Wed,3,banks,electronics,energy,retail,food,utilities,0.40635,0.398205,0.007688,-0.000943,0.008631,0.007688,1
2023-03-02,Thu,3,banks,electronics,energy,retail,food,utilities,0.405554,0.397022,-0.006369,-0.006312,-5.7e-05,-0.006369,0
2023-03-03,Fri,3,utilities,retail,food,electronics,energy,trading,0.409521,0.397506,0.007324,0.00865,-0.001325,0.007324,0
2023-03-06,Mon,3,banks,energy,electronics,retail,food,pharma,0.082493,0.060785,-0.000729,-0.001719,0.00099,-0.000729,1
2023-03-07,Tue,3,retail,utilities,food,energy,electronics,banks,0.356311,0.347238,0.003165,0.009747,-0.006582,0.003165,0
2023-03-08,Wed,3,pharma,food,retail,electronics,energy,banks,0.264224,0.234037,0.011635,0.002629,0.009006,0.011635,1
2023-03-09,Thu,3,utilities,retail,food,electronics,energy,trading,0.072975,0.07153,0.007309,-0.000306,0.007615,0.007309,1
2023-03-10,Fri,3,pharma,food,retail,electronics,energy,banks,0.661021,0.622852,-0.001745,-0.013626,0.011882,-0.001745,1
2023-03-13,Mon,3,pharma,food,retail,electronics,energy,banks,0.34608,0.321972,-0.003799,-0.002905,-0.000893,-0.003799,0
2023-03-14,Tue,3,utilities,food,retail,electronics,energy,banks,1.040117,1.019136,-0.003781,-0.017495,0.013714,-0.003781,1
2023-03-15,Wed,3,utilities,retail,food,energy,electronics,trading,0.143378,0.12744,-0.003546,-0.006738,0.003192,-0.003546,1
2023-03-16,Thu,3,pharma,utilities,food,energy,electronics,banks,1.274084,1.242387,0.014993,0.015357,-0.000364,0.014993,0
2023-03-17,Fri,3,utilities,retail,food,electronics,energy,trading,0.084405,0.073001,1.1e-05,0.005075,-0.005064,1.1e-05,0
2023-03-20,Mon,3,pharma,food,utilities,energy,electronics,banks,0.331281,0.319115,-0.01116,-0.005184,-0.005976,-0.01116,0
2023-03-22,Wed,3,banks,electronics,energy,materials,food,pharma,0.044215,0.034212,0.002705,0.003512,-0.000806,0.002705,0
2023-03-23,Thu,3,pharma,food,retail,electronics,energy,banks,0.16618,0.148547,0.001697,0.008287,-0.00659,0.001697,0
2023-03-24,Fri,3,pharma,food,utilities,electronics,energy,banks,0.13305,0.13041,0.005999,0.005455,0.000543,0.005999,1
2023-03-27,Mon,3,utilities,retail,food,electronics,energy,trading,0.535283,0.518496,-0.000975,-0.00345,0.002475,-0.000975,1
2023-03-28,Tue,3,banks,energy,electronics,food,utilities,pharma,0.273942,0.27059,0.002052,0.000918,0.001134,0.002052,1
2023-03-29,Wed,3,banks,energy,electronics,pharma,food,utilities,0.237238,0.233518,0.011242,0.010293,0.000949,0.011242,1
2023-03-30,Thu,3,banks,energy,electronics,retail,food,pharma,0.137183,0.126758,-0.001659,0.001195,-0.002854,-0.001659,0
2023-03-31,Fri,3,utilities,food,retail,banks,electronics,trading,0.073376,0.06753,-0.000539,0.009318,-0.009857,-0.000539,0
2023-04-03,Mon,4,banks,energy,electronics,finance,materials,pharma,0.029844,0.025665,0.010298,-0.001074,0.011372,0.010298,1
2023-04-04,Tue,4,banks,energy,electronics,food,utilities,pharma,0.228981,0.225577,0.002678,0.005286,-0.002608,0.002678,0
2023-04-05,Wed,4,pharma,utilities,food,electronics,energy,banks,0.321654,0.314738,-0.012703,-0.007344,-0.005359,-0.012703,0
2023-04-06,Thu,4,utilities,food,pharma,electronics,energy,banks,0.453127,0.442794,0.008797,-0.007312,0.016109,0.008797,1
2023-04-10,Mon,4,utilities,retail,food,electronics,trading,energy,0.179655,0.17513,0.000841,0.000347,0.000494,0.000841,1
2023-04-11,Tue,4,energy,electronics,banks,food,pharma,utilities,0.268496,0.261224,0.003402,-0.001291,0.004693,0.003402,1
2023-04-12,Wed,4,energy,electronics,banks,food,pharma,utilities,0.303119,0.296248,0.001909,-0.000927,0.002837,0.001909,1
2023-04-13,Thu,4,energy,trading,electronics,retail,food,utilities,0.161238,0.15507,-0.000426,0.000643,-0.001069,-0.000426,0
2023-04-14,Fri,4,utilities,food,retail,electronics,trading,energy,0.204978,0.195551,0.006216,0.009868,-0.003653,0.006216,0
2023-04-17,Mon,4,energy,trading,electronics,retail,food,utilities,0.362051,0.349917,-0.005171,-0.00165,-0.003521,-0.005171,0
2023-04-18,Tue,4,energy,electronics,banks,utilities,food,pharma,0.150069,0.143651,-0.001523,0.006785,-0.008309,-0.001523,0
2023-04-19,Wed,4,energy,trading,electronics,pharma,food,utilities,0.238032,0.231398,-0.002595,-0.002005,-0.00059,-0.002595,0
2023-04-20,Thu,4,utilities,pharma,food,trading,electronics,energy,0.018618,0.018153,-3e-05,0.005611,-0.005642,-3e-05,0
2023-04-21,Fri,4,pharma,food,retail,banks,electronics,energy,0.057374,0.052602,0.005362,-0.005495,0.010858,0.005362,1
2023-04-24,Mon,4,utilities,food,pharma,electronics,trading,energy,0.350968,0.339909,0.001871,-0.002151,0.004023,0.001871,1
2023-04-25,Tue,4,energy,electronics,banks,retail,food,pharma,0.050659,0.047821,-0.001958,0.000709,-0.002667,-0.001958,0
2023-04-26,Wed,4,pharma,food,retail,banks,electronics,energy,0.163655,0.15168,0.002429,-0.005479,0.007908,0.002429,1
2023-04-27,Thu,4,energy,trading,banks,retail,food,utilities,0.203806,0.190844,0.011968,0.002014,0.009954,0.011968,1
2023-04-28,Fri,4,utilities,retail,food,construction,materials,finance,0.053945,0.030503,0.009485,0.001931,0.007555,0.009485,1
2023-05-01,Mon,5,energy,electronics,banks,retail,food,pharma,0.238308,0.232476,0.004753,0.004752,1e-06,0.004753,1
2023-05-02,Tue,5,utilities,food,pharma,trading,electronics,energy,0.2195,0.21423,-0.007797,-0.002589,-0.005208,-0.007797,0
2023-05-08,Mon,5,pharma,food,retail,banks,electronics,energy,0.380177,0.370571,-0.009372,-0.002363,-0.007009,-0.009372,0
2023-05-09,Tue,5,energy,trading,electronics,food,pharma,utilities,0.137609,0.133445,0.013278,0.008699,0.004579,0.013278,1
2023-05-10,Wed,5,energy,trading,banks,food,pharma,utilities,0.192489,0.185244,-0.005226,-0.011494,0.006267,-0.005226,1
2023-05-11,Thu,5,utilities,pharma,food,banks,trading,energy,0.2152,0.207844,-0.000514,0.008453,-0.008967,-0.000514,0
2023-05-12,Fri,5,pharma,food,retail,banks,electronics,energy,0.070877,0.068394,0.015666,-0.005422,0.021088,0.015666,1
2023-05-15,Mon,5,energy,electronics,banks,food,retail,pharma,0.008047,0.00767,-0.001993,0.006437,-0.008429,-0.001993,0
2023-05-16,Tue,5,energy,trading,banks,food,pharma,utilities,0.440512,0.428278,-0.005625,0.007419,-0.013044,-0.005625,0
2023-05-17,Wed,5,retail,pharma,food,banks,electronics,energy,0.067804,0.063947,-0.006442,0.004015,-0.010457,-0.006442,0
2023-05-18,Thu,5,energy,trading,electronics,utilities,food,pharma,0.53392,0.514696,0.006866,-0.015594,0.022459,0.006866,1
2023-05-19,Fri,5,energy,trading,electronics,utilities,pharma,food,0.184644,0.179765,-0.005088,0.002703,-0.00779,-0.005088,0
2023-05-22,Mon,5,energy,trading,electronics,pharma,food,utilities,0.059411,0.057308,0.013054,0.012956,9.8e-05,0.013054,1
2023-05-23,Tue,5,energy,trading,electronics,food,pharma,utilities,0.348862,0.336594,-0.00787,-0.004439,-0.003431,-0.00787,0
2023-05-24,Wed,5,energy,trading,banks,food,pharma,utilities,0.31356,0.297193,0.010152,0.002428,0.007724,0.010152,1
2023-05-25,Thu,5,energy,banks,trading,food,pharma,utilities,0.074108,0.067495,-0.002622,0.00279,-0.005411,-0.002622,0
2023-05-26,Fri,5,utilities,food,pharma,energy,electronics,trading,0.028198,0.028053,-0.005702,-0.000704,-0.004998,-0.005702,0
2023-05-30,Tue,5,utilities,pharma,retail,trading,energy,banks,0.042697,0.039601,0.002625,-0.002714,0.005339,0.002625,1
2023-05-31,Wed,5,energy,trading,banks,food,pharma,utilities,0.294039,0.28681,-0.007387,-0.002135,-0.005252,-0.007387,0
2023-06-01,Thu,6,utilities,pharma,food,electronics,trading,energy,0.434114,0.42717,0.009902,0.014431,-0.004529,0.009902,0
2023-06-02,Fri,6,trading,energy,electronics,pharma,food,utilities,0.36073,0.356947,0.00871,0.009257,-0.000547,0.00871,0
2023-06-05,Mon,6,electronics,trading,energy,pharma,food,utilities,0.439213,0.432822,0.003138,-0.005478,0.008616,0.003138,1
2023-06-06,Tue,6,food,utilities,pharma,energy,trading,electronics,0.050873,0.049849,0.010534,0.022784,-0.01225,0.010534,0
2023-06-07,Wed,6,energy,trading,electronics,pharma,food,utilities,0.639002,0.628477,-3.9e-05,-0.010926,0.010887,-3.9e-05,1
2023-06-08,Thu,6,energy,trading,electronics,pharma,food,utilities,0.654809,0.644412,-0.008858,-0.000389,-0.008469,-0.008858,0
2023-06-09,Fri,6,utilities,food,pharma,electronics,trading,energy,0.471937,0.461763,0.008069,0.005268,0.002802,0.008069,1
2023-06-12,Mon,6,food,utilities,pharma,trading,energy,electronics,0.092988,0.092123,6.9e-05,0.004422,-0.004353,6.9e-05,0
2023-06-13,Tue,6,utilities,food,pharma,banks,trading,energy,0.210437,0.202772,-0.001431,0.003429,-0.00486,-0.001431,0
2023-06-14,Wed,6,electronics,energy,trading,utilities,pharma,food,0.274955,0.272393,0.009501,-0.002204,0.011704,0.009501,1
2023-06-15,Thu,6,food,utilities,pharma,trading,energy,electronics,0.114873,0.11411,-0.004694,0.002673,-0.007367,-0.004694,0
2023-06-16,Fri,6,utilities,food,pharma,trading,banks,energy,0.342107,0.320572,0.008767,0.010156,-0.001389,0.008767,0
2023-06-20,Tue,6,energy,banks,trading,retail,auto,utilities,0.010358,0.007787,-0.002085,-0.003694,0.001608,-0.002085,1
2023-06-21,Wed,6,pharma,food,retail,banks,trading,electronics,0.120647,0.114506,0.007279,0.030763,-0.023484,0.007279,0
2023-06-22,Thu,6,energy,trading,banks,retail,food,utilities,0.049917,0.046238,0.004269,-0.002209,0.006478,0.004269,1
2023-06-23,Fri,6,utilities,food,pharma,banks,trading,electronics,0.599404,0.588193,-0.003599,-0.018409,0.01481,-0.003599,1
2023-06-26,Mon,6,energy,trading,banks,retail,pharma,utilities,0.20936,0.194104,0.001125,-0.004052,0.005177,0.001125,1
2023-06-27,Tue,6,electronics,trading,energy,pharma,food,utilities,0.554706,0.540347,-0.004134,-0.005759,0.001625,-0.004134,1
2023-06-28,Wed,6,electronics,banks,trading,pharma,food,utilities,0.210175,0.203969,0.011462,0.011743,-0.000281,0.011462,0
2023-06-29,Thu,6,energy,trading,electronics,pharma,food,utilities,0.425625,0.413142,-0.009326,-0.0046,-0.004726,-0.009326,0
2023-06-30,Fri,6,electronics,banks,energy,pharma,food,utilities,0.494764,0.485586,-0.005276,-0.003051,-0.002225,-0.005276,0
2023-07-03,Mon,7,utilities,food,pharma,electronics,trading,energy,0.375905,0.356609,0.004863,0.011049,-0.006186,0.004863,0
2023-07-05,Wed,7,electronics,banks,energy,pharma,utilities,food,0.13713,0.134782,5.1e-05,0.002155,-0.002103,5.1e-05,0
2023-07-06,Thu,7,utilities,food,pharma,energy,banks,electronics,0.374098,0.36679,-0.0016,-0.007374,0.005774,-0.0016,1
2023-07-07,Fri,7,pharma,food,utilities,trading,electronics,banks,0.079961,0.073263,-0.006708,-0.00157,-0.005137,-0.006708,0
2023-07-10,Mon,7,electronics,energy,trading,pharma,food,utilities,0.956464,0.935267,-0.00971,-0.006417,-0.003292,-0.00971,0
2023-07-11,Tue,7,banks,electronics,trading,utilities,pharma,food,0.053721,0.051174,-0.008485,-0.010701,0.002216,-0.008485,1
2023-07-12,Wed,7,banks,electronics,trading,pharma,utilities,food,0.381491,0.373384,-0.013744,-0.007571,-0.006173,-0.013744,0
2023-07-13,Thu,7,banks,electronics,trading,utilities,pharma,food,0.047737,0.043065,0.006152,0.006726,-0.000574,0.006152,0
2023-07-14,Fri,7,utilities,retail,food,electronics,trading,energy,0.134059,0.128123,-0.019768,-0.004892,-0.014876,-0.019768,0
2023-07-18,Tue,7,utilities,food,pharma,energy,banks,electronics,0.742371,0.728397,0.006864,0.008792,-0.001928,0.006864,0
2023-07-19,Wed,7,banks,electronics,energy,utilities,pharma,food,0.096222,0.093913,-1.4e-05,0.003664,-0.003678,-1.4e-05,0
2023-07-20,Thu,7,utilities,food,retail,electronics,energy,trading,0.261934,0.25469,-0.004372,-0.003338,-0.001034,-0.004372,0
2023-07-21,Fri,7,utilities,food,pharma,energy,trading,electronics,0.342108,0.336422,0.013693,0.004827,0.008866,0.013693,1
2023-07-24,Mon,7,utilities,food,pharma,energy,electronics,trading,0.367986,0.361185,0.004554,0.001474,0.00308,0.004554,1
2023-07-25,Tue,7,electronics,banks,trading,pharma,food,utilities,0.420569,0.412197,0.004045,-0.004989,0.009034,0.004045,1
2023-07-26,Wed,7,utilities,food,pharma,energy,trading,electronics,0.049471,0.048333,0.001748,-0.006538,0.008286,0.001748,1
2023-07-27,Thu,7,electronics,trading,energy,pharma,food,utilities,0.217002,0.213181,0.008302,0.008454,-0.000152,0.008302,0
2023-07-28,Fri,7,trading,energy,banks,machinery,it_services,retail,0.027846,0.022823,0.009435,0.006529,0.002906,0.009435,1
2023-07-31,Mon,7,utilities,food,retail,electronics,energy,trading,0.306711,0.299436,0.003687,0.000154,0.003533,0.003687,1
2023-08-01,Tue,8,electronics,trading,banks,pharma,food,utilities,0.606698,0.595271,-0.000216,0.014198,-0.014415,-0.000216,0
2023-08-02,Wed,8,trading,energy,electronics,retail,food,utilities,0.231092,0.228353,-0.003204,-0.012799,0.009595,-0.003204,1
2023-08-03,Thu,8,utilities,pharma,food,trading,electronics,banks,0.321875,0.311515,-0.005543,-0.006063,0.00052,-0.005543,1
2023-08-04,Fri,8,energy,trading,electronics,retail,food,utilities,0.329579,0.326216,0.010125,0.006573,0.003552,0.010125,1
2023-08-07,Mon,8,trading,energy,electronics,retail,food,utilities,0.330768,0.327055,0.011096,-0.001693,0.012789,0.011096,1
2023-08-08,Tue,8,retail,it_services,finance,utilities,trading,energy,0.026168,0.022734,-0.002844,0.004819,-0.007663,-0.002844,0
2023-08-09,Wed,8,utilities,food,pharma,trading,banks,electronics,0.325131,0.315914,0.001831,-0.004683,0.006514,0.001831,1
2023-08-10,Thu,8,trading,energy,banks,food,pharma,retail,0.030297,0.023927,0.021421,0.008864,0.012557,0.021421,1
2023-08-14,Mon,8,trading,energy,banks,food,pharma,retail,0.023239,0.020484,-0.012855,-0.005606,-0.007249,-0.012855,0
2023-08-15,Tue,8,utilities,food,pharma,trading,banks,electronics,0.188142,0.183144,0.003147,-0.00298,0.006127,0.003147,1
2023-08-16,Wed,8,utilities,food,pharma,trading,banks,electronics,0.304736,0.285205,0.004873,-0.009418,0.01429,0.004873,1
2023-08-17,Thu,8,utilities,food,pharma,energy,banks,electronics,0.1908,0.177743,-0.005793,0.005979,-0.011772,-0.005793,0
2023-08-18,Fri,8,trading,energy,electronics,pharma,retail,utilities,0.350774,0.346926,0.001828,-0.011224,0.013052,0.001828,1
2023-08-21,Mon,8,utilities,pharma,retail,trading,energy,banks,0.069923,0.069199,0.003847,-0.0012,0.005047,0.003847,1
2023-08-22,Tue,8,utilities,pharma,food,energy,banks,electronics,0.247066,0.241292,0.0029,0.009981,-0.00708,0.0029,0
2023-08-23,Wed,8,utilities,food,pharma,energy,banks,electronics,0.079686,0.074609,0.010081,0.00607,0.004011,0.010081,1
2023-08-24,Thu,8,retail,pharma,utilities,banks,energy,trading,0.134566,0.122673,0.007154,0.005379,0.001776,0.007154,1
2023-08-25,Fri,8,trading,banks,energy,pharma,utilities,retail,0.380587,0.372298,0.003642,0.005701,-0.002059,0.003642,0
2023-08-28,Mon,8,utilities,retail,pharma,energy,banks,trading,0.251704,0.247247,0.001315,0.008671,-0.007356,0.001315,0
2023-08-29,Tue,8,electronics,banks,energy,pharma,utilities,food,0.102195,0.100205,-0.003554,0.004632,-0.008186,-0.003554,0
2023-08-30,Wed,8,retail,pharma,finance,banks,energy,trading,0.055452,0.039369,-0.001104,0.002363,-0.003467,-0.001104,0
2023-08-31,Thu,8,electronics,banks,energy,pharma,food,utilities,0.053661,0.052397,0.002689,0.004345,-0.001655,0.002689,0
2023-09-01,Fri,9,trading,electronics,banks,pharma,retail,utilities,0.207854,0.202065,0.011644,0.004775,0.006869,0.011644,1
2023-09-05,Tue,9,electronics,banks,energy,food,pharma,utilities,0.695002,0.676615,-0.004719,-0.000524,-0.004195,-0.004719,0
2023-09-06,Wed,9,food,pharma,utilities,electronics,energy,banks,0.067662,0.064176,-0.004712,0.00836,-0.013072,-0.004712,0
2023-09-07,Thu,9,trading,electronics,banks,pharma,retail,utilities,0.122773,0.119145,-0.004446,0.00248,-0.006926,-0.004446,0
2023-09-08,Fri,9,utilities,pharma,food,electronics,energy,banks,0.192411,0.18554,0.002687,-0.006397,0.009084,0.002687,1
2023-09-11,Mon,9,utilities,pharma,food,trading,energy,banks,0.143253,0.138267,-0.00323,0.006657,-0.009887,-0.00323,0
2023-09-12,Tue,9,utilities,pharma,retail,energy,trading,banks,0.497088,0.481144,0.009152,-0.003161,0.012313,0.009152,1
2023-09-13,Wed,9,banks,electronics,energy,food,pharma,utilities,0.717649,0.695498,0.002508,-0.002762,0.00527,0.002508,1
2023-09-14,Thu,9,utilities,pharma,food,electronics,energy,banks,0.641707,0.621359,0.007142,0.007477,-0.000336,0.007142,0
2023-09-15,Fri,9,banks,energy,electronics,pharma,utilities,food,0.197941,0.18983,-0.001159,0.01081,-0.011969,-0.001159,0
2023-09-19,Tue,9,trading,electronics,energy,pharma,utilities,retail,0.100441,0.090147,0.007456,-0.001034,0.00849,0.007456,1
2023-09-20,Wed,9,utilities,food,pharma,electronics,energy,banks,0.16231,0.156126,-0.016257,-0.018825,0.002568,-0.016257,1
2023-09-21,Thu,9,utilities,food,pharma,electronics,energy,banks,0.287003,0.27555,0.002883,-0.00226,0.005143,0.002883,1
2023-09-22,Fri,9,utilities,food,pharma,electronics,energy,banks,0.56013,0.537114,-0.003371,0.017747,-0.021119,-0.003371,0
2023-09-25,Mon,9,utilities,food,pharma,electronics,energy,banks,0.119707,0.114693,0.00327,-0.006649,0.009919,0.00327,1
2023-09-26,Tue,9,banks,energy,electronics,pharma,food,utilities,0.179968,0.17402,0.000382,-0.00179,0.002171,0.000382,1
2023-09-27,Wed,9,trading,electronics,banks,utilities,pharma,retail,0.175609,0.159969,0.003426,0.005222,-0.001795,0.003426,0
2023-09-28,Thu,9,banks,energy,electronics,food,pharma,utilities,0.609401,0.595621,-0.006847,0.000816,-0.007663,-0.006847,0
2023-09-29,Fri,9,banks,energy,electronics,pharma,food,utilities,0.429575,0.416158,-0.015804,-0.01281,-0.002994,-0.015804,0
2023-10-02,Mon,10,utilities,food,pharma,electronics,energy,banks,0.25782,0.251022,-0.013086,-0.011349,-0.001737,-0.013086,0
2023-10-03,Tue,10,utilities,food,pharma,electronics,banks,energy,0.202384,0.192985,-0.024336,-0.021608,-0.002728,-0.024336,0
2023-10-04,Wed,10,utilities,food,pharma,electronics,banks,energy,0.207326,0.196403,-0.012039,-0.020634,0.008595,-0.012039,1
2023-10-05,Thu,10,pharma,retail,utilities,trading,energy,banks,0.307674,0.298591,0.009105,0.016455,-0.00735,0.009105,0
2023-10-06,Fri,10,banks,energy,trading,utilities,pharma,retail,0.206506,0.200578,0.001302,0.005093,-0.003791,0.001302,0
2023-10-10,Tue,10,retail,pharma,food,electronics,trading,banks,0.116473,0.105574,0.00447,0.005498,-0.001028,0.00447,0
2023-10-11,Wed,10,pharma,retail,food,electronics,trading,banks,0.156789,0.146772,-0.003763,-0.002179,-0.001585,-0.003763,0
2023-10-12,Thu,10,energy,electronics,trading,retail,food,utilities,0.101703,0.096749,0.016627,-0.000388,0.017016,0.016627,1
2023-10-13,Fri,10,banks,trading,electronics,food,retail,pharma,0.062743,0.046858,-0.004516,-0.005888,0.001373,-0.004516,1
2023-10-16,Mon,10,retail,pharma,food,energy,electronics,banks,0.047816,0.046409,-0.015389,-0.005514,-0.009876,-0.015389,0
2023-10-17,Tue,10,pharma,retail,food,trading,electronics,banks,0.073925,0.063622,-0.002899,-0.005003,0.002104,-0.002899,1
2023-10-18,Wed,10,energy,banks,trading,food,utilities,retail,0.296935,0.290826,0.01075,0.001241,0.009509,0.01075,1
2023-10-19,Thu,10,food,utilities,retail,trading,banks,energy,0.542176,0.525585,0.000726,-0.006442,0.007168,0.000726,1
2023-10-20,Fri,10,food,utilities,retail,banks,trading,energy,0.204657,0.192179,-0.001115,0.005654,-0.006769,-0.001115,0
2023-10-23,Mon,10,food,utilities,retail,banks,trading,energy,0.237508,0.226501,-0.00092,-0.008834,0.007914,-0.00092,1
2023-10-24,Tue,10,food,retail,utilities,trading,banks,energy,0.303003,0.299236,-0.002111,-3.9e-05,-0.002071,-0.002111,0
2023-10-25,Wed,10,pharma,retail,utilities,trading,electronics,banks,0.347572,0.337178,0.001962,0.003206,-0.001243,0.001962,0
2023-10-26,Thu,10,food,utilities,retail,trading,banks,energy,0.25646,0.243065,7.4e-05,-0.010434,0.010508,7.4e-05,1
2023-10-27,Fri,10,banks,energy,electronics,food,pharma,retail,0.65481,0.639546,0.011919,0.002337,0.009582,0.011919,1
2023-10-30,Mon,10,food,utilities,retail,electronics,trading,energy,0.044101,0.031512,-0.002632,0.011101,-0.013732,-0.002632,0
2023-10-31,Tue,10,pharma,retail,utilities,trading,electronics,banks,0.141201,0.122574,0.003048,-0.001581,0.004628,0.003048,1
2023-11-01,Wed,11,energy,electronics,trading,utilities,retail,food,0.148188,0.13118,0.00367,0.012384,-0.008714,0.00367,0
2023-11-02,Thu,11,retail,pharma,utilities,electronics,trading,banks,0.251053,0.242795,-0.001827,-0.006983,0.005156,-0.001827,1
2023-11-06,Mon,11,energy,electronics,trading,utilities,retail,food,0.37778,0.348359,-0.002903,-0.002606,-0.000297,-0.002903,0
2023-11-07,Tue,11,retail,food,pharma,trading,banks,energy,0.55317,0.544608,-0.00496,-0.008438,0.003478,-0.00496,1
2023-11-08,Wed,11,retail,food,utilities,trading,banks,energy,0.685477,0.673314,-0.020113,-0.035196,0.015084,-0.020113,1
2023-11-09,Thu,11,energy,banks,trading,pharma,food,retail,0.106797,0.104556,0.015807,0.003353,0.012454,0.015807,1
2023-11-10,Fri,11,banks,energy,trading,utilities,pharma,retail,0.321367,0.311708,0.019519,0.00798,0.011539,0.019519,1
2023-11-13,Mon,11,utilities,pharma,retail,energy,trading,banks,0.047122,0.036803,-0.001767,-0.00531,0.003543,-0.001767,1
2023-11-14,Tue,11,utilities,pharma,retail,energy,trading,banks,0.005919,0.005448,0.000111,0.000954,-0.000842,0.000111,0
2023-11-15,Wed,11,energy,electronics,trading,pharma,retail,food,0.372978,0.347725,0.003794,0.000912,0.002882,0.003794,1
2023-11-16,Thu,11,utilities,retail,pharma,electronics,trading,banks,0.010856,0.008846,-0.0108,-0.00024,-0.01056,-0.0108,0
2023-11-17,Fri,11,food,retail,pharma,trading,banks,energy,0.094198,0.091182,0.007089,0.018476,-0.011387,0.007089,0
2023-11-20,Mon,11,energy,banks,trading,pharma,retail,food,0.364758,0.35478,-0.002361,-0.00425,0.001889,-0.002361,1
2023-11-21,Tue,11,retail,utilities,pharma,energy,trading,banks,0.075598,0.072907,-0.002216,-0.005279,0.003064,-0.002216,1
2023-11-22,Wed,11,food,retail,pharma,trading,banks,energy,0.119112,0.116888,0.007995,0.005933,0.002062,0.007995,1
2023-11-24,Fri,11,retail,pharma,food,trading,energy,banks,0.218046,0.214022,-0.007392,-0.001232,-0.006161,-0.007392,0
2023-11-27,Mon,11,energy,electronics,banks,retail,pharma,food,0.023169,0.019469,-0.005145,-0.006259,0.001113,-0.005145,1
2023-11-28,Tue,11,banks,trading,energy,utilities,pharma,retail,0.083841,0.081014,-0.002533,-0.004229,0.001696,-0.002533,1
2023-11-29,Wed,11,energy,electronics,banks,retail,pharma,food,0.037308,0.034732,-0.011394,-0.005315,-0.006079,-0.011394,0
2023-11-30,Thu,11,energy,banks,trading,pharma,retail,food,0.359578,0.352853,0.000766,0.007272,-0.006506,0.000766,0
2023-12-01,Fri,12,retail,pharma,utilities,electronics,trading,banks,0.037993,0.033035,-0.003954,-0.000302,-0.003651,-0.003954,0
2023-12-04,Mon,12,energy,electronics,trading,pharma,retail,food,0.215588,0.198134,-0.007527,0.000569,-0.008096,-0.007527,0
2023-12-05,Tue,12,food,pharma,retail,trading,electronics,energy,0.023776,0.019215,0.000829,-0.007085,0.007914,0.000829,1
2023-12-06,Wed,12,food,retail,pharma,banks,electronics,energy,0.302759,0.287319,0.011168,0.01208,-0.000912,0.011168,0
2023-12-07,Thu,12,food,retail,pharma,electronics,banks,energy,0.262904,0.254636,-0.008097,0.004066,-0.012163,-0.008097,0
2023-12-08,Fri,12,retail,pharma,utilities,energy,trading,banks,0.065967,0.061785,-0.010972,-0.010482,-0.00049,-0.010972,0
2023-12-11,Mon,12,energy,banks,electronics,pharma,retail,food,0.238428,0.229237,-0.00439,0.000314,-0.004703,-0.00439,0
2023-12-12,Tue,12,retail,pharma,food,trading,energy,banks,0.224082,0.216712,-0.004225,-0.006716,0.002491,-0.004225,1
2023-12-13,Wed,12,retail,pharma,food,trading,energy,banks,0.126499,0.122913,-0.008588,-0.003625,-0.004963,-0.008588,0
2023-12-14,Thu,12,retail,pharma,utilities,energy,trading,banks,0.275459,0.256652,-0.023048,-0.021638,-0.001409,-0.023048,0
2023-12-15,Fri,12,energy,banks,trading,pharma,retail,food,1.386456,1.349899,0.002117,-0.007953,0.01007,0.002117,1
2023-12-18,Mon,12,food,construction,auto,machinery,electronics,energy,0.015792,0.010521,0.002317,-0.003948,0.006266,0.002317,1
2023-12-19,Tue,12,retail,pharma,utilities,energy,trading,banks,0.080051,0.078281,-0.000506,-0.000467,-3.9e-05,-0.000506,0
2023-12-20,Wed,12,energy,electronics,trading,pharma,retail,food,0.162905,0.150456,0.003416,0.002494,0.000922,0.003416,1
2023-12-21,Thu,12,banks,trading,energy,pharma,retail,utilities,0.315337,0.306071,-0.000851,-0.008493,0.007642,-0.000851,1
2023-12-22,Fri,12,utilities,pharma,retail,energy,banks,trading,0.115819,0.105088,0.005153,0.00916,-0.004007,0.005153,0
2023-12-26,Tue,12,utilities,pharma,retail,banks,energy,trading,0.076124,0.074001,-0.000867,0.000126,-0.000993,-0.000867,0
2023-12-27,Wed,12,energy,banks,electronics,pharma,retail,food,0.063988,0.059022,0.012072,0.002741,0.009331,0.012072,1
2023-12-28,Thu,12,utilities,pharma,food,banks,trading,energy,0.044475,0.043699,0.002605,0.001921,0.000685,0.002605,1
2023-12-29,Fri,12,food,pharma,retail,banks,electronics,energy,0.231269,0.223603,-0.001388,-0.003463,0.002075,-0.001388,1
2024-01-04,Thu,1,food,pharma,retail,banks,electronics,energy,0.19629,0.187038,0.014371,0.016556,-0.002186,0.014371,0
2024-01-05,Fri,1,food,pharma,retail,banks,electronics,energy,0.116997,0.110895,-0.001019,0.003833,-0.004851,-0.001019,0
2024-01-09,Tue,1,energy,trading,electronics,utilities,pharma,food,0.108891,0.106902,-0.011299,0.000661,-0.01196,-0.011299,0
2024-01-10,Wed,1,food,pharma,retail,banks,electronics,energy,0.446879,0.432979,0.010869,0.005449,0.00542,0.010869,1
2024-01-11,Thu,1,food,pharma,utilities,electronics,trading,energy,0.22295,0.217917,0.001787,0.004272,-0.002485,0.001787,0
2024-01-12,Fri,1,trading,energy,electronics,retail,pharma,utilities,0.085468,0.076273,0.010016,-0.001661,0.011676,0.010016,1
2024-01-16,Tue,1,energy,banks,trading,utilities,pharma,food,0.092745,0.090118,0.01195,0.013507,-0.001557,0.01195,0
2024-01-17,Wed,1,food,pharma,retail,electronics,banks,energy,0.269257,0.261967,-0.008415,-0.012019,0.003603,-0.008415,1
2024-01-18,Thu,1,food,pharma,retail,energy,banks,electronics,0.085225,0.079598,-0.001958,-0.00013,-0.001828,-0.001958,0
2024-01-19,Fri,1,utilities,pharma,food,banks,energy,trading,0.120671,0.11523,-0.010055,-0.004482,-0.005573,-0.010055,0
2024-01-22,Mon,1,electronics,banks,energy,retail,pharma,food,0.154713,0.146457,0.002751,0.005625,-0.002874,0.002751,0
2024-01-23,Tue,1,energy,electronics,banks,utilities,pharma,food,0.235263,0.230741,-0.003277,-0.000858,-0.00242,-0.003277,0
2024-01-24,Wed,1,utilities,pharma,food,electronics,trading,energy,0.189957,0.18651,-0.006709,-0.007341,0.000633,-0.006709,1
2024-01-25,Thu,1,energy,trading,electronics,food,pharma,utilities,0.379188,0.367732,-0.000137,0.004739,-0.004875,-0.000137,0
2024-01-26,Fri,1,energy,banks,electronics,retail,pharma,food,0.240733,0.237209,-0.011365,-0.001201,-0.010164,-0.011365,0
2024-01-29,Mon,1,energy,trading,banks,food,pharma,utilities,0.041558,0.040983,0.013572,0.009187,0.004385,0.013572,1
2024-01-30,Tue,1,utilities,pharma,food,banks,energy,trading,0.262512,0.256713,-0.005808,-0.004537,-0.001271,-0.005808,0
2024-01-31,Wed,1,energy,banks,trading,utilities,food,pharma,0.267854,0.26446,0.010438,0.010627,-0.000188,0.010438,0
2024-02-01,Thu,2,pharma,retail,food,energy,electronics,banks,0.214945,0.205422,0.004681,-1.3e-05,0.004694,0.004681,1
2024-02-02,Fri,2,utilities,food,pharma,banks,energy,trading,0.592735,0.574264,-0.007144,-0.00472,-0.002423,-0.007144,0
2024-02-05,Mon,2,energy,banks,electronics,retail,food,pharma,0.075594,0.073749,0.004037,-0.001122,0.005159,0.004037,1
2024-02-06,Tue,2,pharma,food,retail,electronics,energy,banks,0.424022,0.41609,-0.006026,-0.013808,0.007782,-0.006026,1
2024-02-07,Wed,2,energy,banks,electronics,retail,pharma,food,0.217785,0.212406,0.002322,0.000518,0.001804,0.002322,1
2024-02-08,Thu,2,energy,banks,electronics,retail,food,pharma,0.073636,0.069136,-0.004559,0.003862,-0.00842,-0.004559,0
2024-02-09,Fri,2,energy,banks,trading,utilities,pharma,food,0.173587,0.171715,0.002747,0.000463,0.002284,0.002747,1
2024-02-13,Tue,2,food,pharma,retail,electronics,banks,energy,0.11993,0.116823,0.002589,0.004948,-0.002359,0.002589,0
2024-02-14,Wed,2,realestate,trading,finance,retail,food,utilities,0.059226,0.047253,-0.008413,-0.003372,-0.005041,-0.008413,0
2024-02-15,Thu,2,utilities,food,retail,banks,electronics,trading,0.042176,0.036581,-0.008798,-0.007168,-0.00163,-0.008798,0
2024-02-16,Fri,2,energy,electronics,banks,utilities,pharma,food,0.734539,0.707454,0.00775,0.006062,0.001689,0.00775,1
2024-02-20,Tue,2,food,pharma,retail,banks,electronics,energy,0.076621,0.068191,-0.00084,-0.010108,0.009268,-0.00084,1
2024-02-21,Wed,2,food,pharma,retail,trading,electronics,energy,0.174434,0.169807,0.004292,-0.008309,0.0126,0.004292,1
2024-02-22,Thu,2,energy,electronics,trading,pharma,retail,food,0.249999,0.245887,0.006461,-0.000497,0.006958,0.006461,1
2024-02-26,Mon,2,utilities,food,pharma,electronics,banks,trading,0.268865,0.262319,0.004398,-0.004035,0.008433,0.004398,1
2024-02-27,Tue,2,trading,banks,electronics,pharma,food,utilities,0.16625,0.161788,-0.003548,-0.011182,0.007634,-0.003548,1
2024-02-28,Wed,2,food,utilities,pharma,banks,electronics,trading,0.119138,0.117164,0.006619,-0.01049,0.017109,0.006619,1
2024-02-29,Thu,2,electronics,trading,banks,retail,pharma,food,0.337802,0.332196,0.002982,0.003087,-0.000104,0.002982,0
2024-03-01,Fri,3,electronics,trading,energy,retail,pharma,food,0.302284,0.298185,0.016634,-0.001751,0.018385,0.016634,1
2024-03-04,Mon,3,utilities,food,pharma,electronics,trading,banks,0.097818,0.094026,-0.00612,-0.017947,0.011827,-0.00612,1
2024-03-05,Tue,3,pharma,food,retail,trading,electronics,energy,0.055435,0.054472,0.004152,0.01313,-0.008978,0.004152,0
2024-03-06,Wed,3,trading,banks,electronics,pharma,utilities,food,0.319358,0.313415,0.003959,0.009297,-0.005338,0.003959,0
2024-03-07,Thu,3,food,utilities,pharma,electronics,trading,banks,0.215158,0.211452,-0.003484,-0.010353,0.00687,-0.003484,1
2024-03-08,Fri,3,food,utilities,retail,electronics,banks,trading,0.218516,0.214453,0.001583,0.00472,-0.003137,0.001583,0
2024-03-11,Mon,3,electronics,trading,banks,retail,utilities,food,0.453652,0.445262,-0.024376,-0.007465,-0.016911,-0.024376,0
2024-03-12,Tue,3,electronics,trading,banks,retail,pharma,food,0.140303,0.137594,0.002554,0.00153,0.001024,0.002554,1
2024-03-13,Wed,3,food,utilities,pharma,banks,trading,electronics,0.303573,0.298346,-0.004701,-0.016154,0.011452,-0.004701,1
2024-03-14,Thu,3,electronics,trading,banks,retail,pharma,food,0.469289,0.460948,0.000861,0.008256,-0.007395,0.000861,0
2024-03-15,Fri,3,trading,banks,electronics,retail,food,utilities,0.038011,0.032079,0.007335,0.010619,-0.003284,0.007335,0
2024-03-18,Mon,3,trading,electronics,banks,retail,utilities,food,0.242031,0.236781,0.010371,-0.005446,0.015817,0.010371,1
2024-03-19,Tue,3,food,utilities,retail,electronics,banks,trading,0.084039,0.079667,0.002935,0.008274,-0.005339,0.002935,0
2024-03-21,Thu,3,food,retail,utilities,electronics,banks,trading,0.163861,0.157114,0.010687,0.017722,-0.007035,0.010687,0
2024-03-22,Fri,3,electronics,trading,energy,retail,pharma,food,0.27361,0.270882,-0.008522,-0.00167,-0.006852,-0.008522,0
2024-03-25,Mon,3,pharma,food,retail,energy,trading,electronics,0.390778,0.388173,-0.00546,-0.012448,0.006988,-0.00546,1
2024-03-26,Tue,3,banks,trading,electronics,pharma,retail,food,0.110653,0.105215,-0.000231,0.005076,-0.005306,-0.000231,0
2024-03-27,Wed,3,pharma,retail,food,trading,electronics,energy,0.028042,0.024784,0.005497,-0.00017,0.005666,0.005497,1
2024-03-28,Thu,3,food,utilities,retail,electronics,trading,banks,0.053195,0.045371,-0.006406,-0.009627,0.003221,-0.006406,1
2024-04-01,Mon,4,trading,banks,electronics,retail,pharma,food,0.291344,0.286153,-0.008558,-0.009354,0.000795,-0.008558,1
2024-04-02,Tue,4,banks,trading,electronics,pharma,retail,food,0.184127,0.17362,-0.008946,-0.012867,0.003921,-0.008946,1
2024-04-03,Wed,4,banks,trading,electronics,pharma,retail,food,0.494233,0.478206,0.011803,0.002504,0.009299,0.011803,1
2024-04-04,Thu,4,banks,electronics,trading,pharma,retail,food,0.448601,0.43904,0.001402,-0.002664,0.004066,0.001402,1
2024-04-05,Fri,4,banks,trading,electronics,pharma,food,retail,0.150985,0.132186,-0.001816,0.001956,-0.003772,-0.001816,0
2024-04-08,Mon,4,energy,electronics,trading,food,pharma,utilities,0.124011,0.117479,-0.001648,0.00259,-0.004238,-0.001648,0
2024-04-09,Tue,4,banks,trading,energy,pharma,retail,food,0.106987,0.104737,0.005953,-0.002654,0.008607,0.005953,1
2024-04-10,Wed,4,food,retail,pharma,energy,trading,banks,0.283401,0.276253,-0.003166,0.001191,-0.004357,-0.003166,0
2024-04-11,Thu,4,pharma,utilities,food,electronics,trading,energy,0.345438,0.328658,0.012739,0.025587,-0.012848,0.012739,0
2024-04-12,Fri,4,food,retail,pharma,energy,trading,banks,0.258036,0.252232,-0.001475,0.001828,-0.003303,-0.001475,0
2024-04-15,Mon,4,utilities,pharma,food,electronics,trading,energy,0.139018,0.111179,0.010763,0.006681,0.004082,0.010763,1
2024-04-16,Tue,4,utilities,pharma,food,electronics,trading,energy,0.102181,0.086737,-0.009135,-0.023691,0.014555,-0.009135,1
2024-04-17,Wed,4,food,pharma,utilities,banks,trading,energy,0.425898,0.413681,-0.022523,-0.018108,-0.004415,-0.022523,0
2024-04-18,Thu,4,food,pharma,retail,trading,banks,energy,0.237893,0.233568,0.006188,0.017564,-0.011376,0.006188,0
2024-04-19,Fri,4,food,pharma,utilities,banks,trading,energy,0.068816,0.066994,-0.000832,0.004125,-0.004958,-0.000832,0
2024-04-22,Mon,4,energy,trading,banks,utilities,pharma,food,0.150782,0.146628,0.005934,0.014142,-0.008208,0.005934,0
2024-04-23,Tue,4,retail,food,pharma,trading,electronics,banks,0.120272,0.109876,-0.002705,-0.005079,0.002374,-0.002705,1
2024-04-24,Wed,4,retail,food,pharma,trading,electronics,banks,0.403094,0.39415,0.001918,0.011279,-0.009361,0.001918,0
2024-04-25,Thu,4,food,retail,pharma,trading,banks,energy,0.197792,0.1941,-0.007595,-0.008322,0.000728,-0.007595,1
2024-04-26,Fri,4,electronics,banks,trading,pharma,food,retail,0.164942,0.159009,0.002068,0.007763,-0.005695,0.002068,0
2024-04-30,Tue,4,retail,food,pharma,trading,banks,electronics,0.04918,0.047176,0.008689,0.012283,-0.003593,0.008689,0
2024-05-01,Wed,5,food,pharma,utilities,banks,trading,energy,0.719702,0.694879,0.006285,-0.003402,0.009687,0.006285,1
2024-05-02,Thu,5,pharma,food,utilities,banks,trading,energy,0.076904,0.073937,0.005665,0.005875,-0.00021,0.005665,0
2024-05-07,Tue,5,retail,food,pharma,banks,trading,electronics,0.198487,0.190295,-0.007238,-0.006916,-0.000322,-0.007238,0
2024-05-08,Wed,5,food,retail,pharma,trading,banks,electronics,0.183877,0.177696,-0.008003,-0.013025,0.005022,-0.008003,1
2024-05-09,Thu,5,food,pharma,utilities,banks,trading,energy,0.155495,0.150978,-0.004608,0.003633,-0.008241,-0.004608,0
2024-05-10,Fri,5,energy,trading,banks,food,utilities,pharma,0.186454,0.175238,0.007439,0.015955,-0.008516,0.007439,0
2024-05-13,Mon,5,food,pharma,retail,banks,trading,energy,0.256208,0.249711,-0.001537,0.003265,-0.004802,-0.001537,0
2024-05-14,Tue,5,pharma,utilities,food,trading,banks,energy,0.073594,0.071006,-0.00184,0.009048,-0.010888,-0.00184,0
2024-05-15,Wed,5,energy,banks,trading,food,pharma,utilities,0.018404,0.01542,-0.002427,-0.007093,0.004665,-0.002427,1
2024-05-16,Thu,5,food,retail,pharma,energy,trading,electronics,0.387338,0.37414,-0.000758,-0.010228,0.00947,-0.000758,1
2024-05-17,Fri,5,food,pharma,retail,trading,banks,energy,0.425161,0.416032,0.000935,0.008298,-0.007364,0.000935,0
2024-05-20,Mon,5,energy,banks,trading,retail,pharma,food,0.508691,0.498577,0.022145,0.002163,0.019982,0.022145,1
2024-05-21,Tue,5,pharma,food,utilities,trading,banks,energy,0.290809,0.283401,-0.002316,0.001824,-0.00414,-0.002316,0
2024-05-22,Wed,5,food,pharma,retail,trading,banks,energy,0.26843,0.261134,-0.005937,-0.009718,0.003781,-0.005937,1
2024-05-23,Thu,5,pharma,utilities,food,trading,energy,banks,0.47475,0.459935,0.004586,-0.001252,0.005837,0.004586,1
2024-05-24,Fri,5,electronics,trading,energy,finance,food,retail,0.068743,0.050798,0.00793,0.01035,-0.00242,0.00793,0
2024-05-28,Tue,5,banks,energy,trading,food,pharma,utilities,0.097311,0.089902,0.006039,0.005565,0.000475,0.006039,1
2024-05-29,Wed,5,electronics,energy,trading,pharma,retail,food,0.225745,0.21695,-0.008248,-0.008122,-0.000125,-0.008248,0
2024-05-30,Thu,5,utilities,pharma,food,trading,energy,banks,0.215356,0.196546,0.004347,0.001196,0.003151,0.004347,1
2024-05-31,Fri,5,banks,energy,trading,utilities,pharma,food,0.466647,0.457899,0.021082,0.016807,0.004276,0.021082,1
2024-06-03,Mon,6,banks,energy,trading,food,pharma,utilities,0.194732,0.167473,0.007595,-0.005247,0.012842,0.007595,1
2024-06-04,Tue,6,food,pharma,utilities,trading,energy,banks,0.591272,0.578795,-0.001491,-0.012788,0.011298,-0.001491,1
2024-06-05,Wed,6,food,pharma,retail,trading,banks,energy,0.514705,0.502976,0.001843,-0.009213,0.011057,0.001843,1
2024-06-06,Thu,6,retail,food,pharma,trading,energy,electronics,0.062957,0.054512,-0.007555,-0.003125,-0.004429,-0.007555,0
2024-06-07,Fri,6,energy,banks,trading,retail,pharma,food,0.174964,0.171635,-0.002378,0.002426,-0.004804,-0.002378,0
2024-06-10,Mon,6,utilities,materials,pharma,trading,energy,banks,0.014441,0.009584,0.007935,0.007681,0.000253,0.007935,1
2024-06-11,Tue,6,food,retail,pharma,electronics,banks,energy,0.140713,0.138097,0.000612,-0.009634,0.010246,0.000612,1
2024-06-12,Wed,6,pharma,food,retail,trading,banks,energy,0.272983,0.26763,-0.004499,0.000734,-0.005233,-0.004499,0
2024-06-13,Thu,6,banks,energy,trading,utilities,food,pharma,0.091274,0.089443,-0.015679,-0.014187,-0.001492,-0.015679,0
2024-06-14,Fri,6,food,pharma,retail,trading,banks,energy,0.161416,0.157459,0.00265,0.011157,-0.008507,0.00265,0
2024-06-17,Mon,6,pharma,food,utilities,trading,banks,energy,0.299185,0.292307,-0.002671,-0.020028,0.017358,-0.002671,1
2024-06-18,Tue,6,banks,energy,trading,food,pharma,utilities,0.10487,0.097759,-0.014995,-0.008162,-0.006833,-0.014995,0
2024-06-20,Thu,6,energy,banks,trading,utilities,food,pharma,0.178157,0.172784,0.002033,0.001839,0.000194,0.002033,1
2024-06-21,Fri,6,energy,banks,trading,utilities,food,pharma,0.388242,0.376167,-0.008882,-0.002175,-0.006707,-0.008882,0
2024-06-24,Mon,6,food,pharma,retail,electronics,banks,energy,0.032442,0.031696,0.001614,0.00596,-0.004345,0.001614,0
2024-06-25,Tue,6,energy,banks,trading,utilities,food,pharma,0.529357,0.512202,0.020783,0.010294,0.010489,0.020783,1
2024-06-26,Wed,6,pharma,food,utilities,trading,banks,energy,0.32578,0.317436,0.001041,-0.002742,0.003783,0.001041,1
2024-06-27,Thu,6,utilities,pharma,food,trading,energy,banks,0.019705,0.017645,-0.009867,-0.000841,-0.009026,-0.009867,0
2024-06-28,Fri,6,energy,banks,trading,retail,pharma,food,0.20897,0.202745,0.003061,-0.006357,0.009418,0.003061,1
2024-07-01,Mon,7,energy,banks,electronics,retail,pharma,food,0.512688,0.4992,0.005993,0.000437,0.005556,0.005993,1
2024-07-02,Tue,7,utilities,pharma,food,trading,energy,banks,0.029646,0.022931,0.00497,0.015983,-0.011013,0.00497,0
2024-07-03,Wed,7,banks,energy,trading,food,pharma,utilities,0.125937,0.118205,-0.006632,0.002573,-0.009205,-0.006632,0
2024-07-05,Fri,7,banks,energy,trading,utilities,pharma,food,0.156141,0.152184,-0.009438,-0.006596,-0.002842,-0.009438,0
2024-07-08,Mon,7,food,pharma,retail,electronics,banks,energy,0.556532,0.545523,0.001817,-0.004342,0.006159,0.001817,1
2024-07-09,Tue,7,electronics,energy,trading,retail,pharma,food,0.017431,0.016784,0.005205,0.00732,-0.002115,0.005205,0
2024-07-10,Wed,7,food,pharma,retail,trading,energy,banks,0.151559,0.147924,0.004735,0.007928,-0.003193,0.004735,0
2024-07-11,Thu,7,retail,pharma,food,energy,trading,electronics,0.050283,0.040958,0.009219,-0.000939,0.010158,0.009219,1
2024-07-12,Fri,7,banks,energy,trading,retail,pharma,food,0.880892,0.856549,-0.006252,0.005212,-0.011464,-0.006252,0
2024-07-16,Tue,7,retail,banks,energy,machinery,electronics,realestate,0.014717,0.01222,-0.00329,-0.003964,0.000675,-0.00329,1
2024-07-17,Wed,7,banks,energy,trading,food,utilities,pharma,0.186337,0.176269,-0.000193,0.00399,-0.004182,-0.000193,0
2024-07-18,Thu,7,banks,energy,trading,retail,pharma,food,0.504264,0.488914,0.005117,0.012227,-0.007111,0.005117,0
2024-07-19,Fri,7,electronics,trading,energy,utilities,pharma,food,0.201682,0.190718,-0.000664,-0.004632,0.003969,-0.000664,1
2024-07-22,Mon,7,food,retail,utilities,trading,energy,banks,0.306675,0.294737,-0.002432,-0.009835,0.007402,-0.002432,1
2024-07-23,Tue,7,food,pharma,utilities,banks,electronics,energy,0.235626,0.230024,0.002109,-0.000588,0.002696,0.002109,1
2024-07-24,Wed,7,electronics,energy,banks,utilities,pharma,food,0.141133,0.137032,-0.017621,-0.015751,-0.00187,-0.017621,0
2024-07-25,Thu,7,food,retail,utilities,trading,energy,banks,0.398051,0.381969,0.007335,-0.014782,0.022116,0.007335,1
2024-07-26,Fri,7,banks,energy,electronics,pharma,utilities,food,0.667888,0.640778,0.005144,0.000824,0.00432,0.005144,1
2024-07-29,Mon,7,banks,energy,trading,utilities,retail,food,0.256069,0.243177,0.014093,0.011568,0.002525,0.014093,1
2024-07-30,Tue,7,food,pharma,utilities,banks,trading,electronics,0.026746,0.025668,3e-05,-0.000439,0.000469,3e-05,1
2024-07-31,Wed,7,banks,energy,electronics,pharma,utilities,food,0.768371,0.738158,0.03551,0.014097,0.021413,0.03551,1
2024-08-01,Thu,8,food,pharma,utilities,energy,banks,electronics,0.342335,0.331129,-0.034166,-0.029495,-0.004671,-0.034166,0
2024-08-02,Fri,8,food,utilities,retail,electronics,energy,banks,0.690606,0.666792,-0.009673,-0.022633,0.01296,-0.009673,1
2024-08-05,Mon,8,food,retail,utilities,electronics,energy,banks,0.883531,0.852857,-0.024017,-0.064536,0.040519,-0.024017,1
2024-08-06,Tue,8,electronics,trading,energy,retail,food,pharma,0.214863,0.187336,0.011866,-0.014112,0.025978,0.011866,1
2024-08-07,Wed,8,banks,trading,energy,food,utilities,pharma,0.259817,0.251644,0.060279,0.052417,0.007862,0.060279,1
2024-08-08,Thu,8,electronics,energy,trading,utilities,retail,food,0.020968,0.018981,-0.002817,0.010309,-0.013126,-0.002817,0
2024-08-09,Fri,8,retail,food,utilities,materials,energy,electronics,0.040886,0.03141,-0.024805,-0.017685,-0.00712,-0.024805,0
2024-08-13,Tue,8,retail,food,utilities,trading,energy,electronics,0.026458,0.023283,0.009044,0.015837,-0.006793,0.009044,0
2024-08-14,Wed,8,pharma,retail,food,trading,energy,electronics,0.32024,0.315127,0.004193,0.010796,-0.006603,0.004193,0
2024-08-15,Thu,8,trading,energy,banks,utilities,food,pharma,0.15281,0.146707,0.014545,0.003926,0.010619,0.014545,1
2024-08-16,Fri,8,retail,food,utilities,trading,energy,electronics,0.062642,0.050284,0.001262,0.011168,-0.009906,0.001262,0
2024-08-19,Mon,8,retail,food,pharma,trading,energy,electronics,0.019246,0.017832,0.005152,-0.010166,0.015318,0.005152,1
2024-08-20,Tue,8,retail,food,pharma,trading,energy,electronics,0.059724,0.052165,0.004268,-0.001452,0.00572,0.004268,1
2024-08-21,Wed,8,pharma,food,utilities,banks,energy,trading,0.441382,0.425377,0.005125,0.006765,-0.00164,0.005125,0
2024-08-22,Thu,8,retail,food,pharma,trading,energy,electronics,0.075914,0.070158,0.00823,0.003302,0.004929,0.00823,1
2024-08-23,Fri,8,energy,trading,electronics,retail,food,pharma,0.40535,0.396433,0.004716,0.006396,-0.00168,0.004716,0
2024-08-26,Mon,8,trading,energy,banks,utilities,food,pharma,0.487937,0.465051,-0.0045,-0.005072,0.000572,-0.0045,1
2024-08-27,Tue,8,trading,energy,banks,utilities,food,pharma,0.07165,0.068772,0.007392,0.0082,-0.000808,0.007392,0
2024-08-28,Wed,8,electronics,energy,trading,utilities,food,retail,0.034217,0.032568,0.001247,-0.004691,0.005938,0.001247,1
2024-08-29,Thu,8,electronics,energy,trading,utilities,food,retail,0.06051,0.054446,0.00341,0.005584,-0.002174,0.00341,0
2024-08-30,Fri,8,trading,energy,electronics,retail,food,pharma,0.37392,0.360691,0.005622,-0.005692,0.011315,0.005622,1
2024-09-03,Tue,9,retail,finance,transport,electronics,materials,pharma,0.0232,0.015869,0.012779,0.000287,0.012492,0.012779,1
2024-09-04,Wed,9,pharma,food,utilities,banks,energy,trading,0.444765,0.416861,-0.007594,-0.016689,0.009095,-0.007594,1
2024-09-05,Thu,9,pharma,food,utilities,electronics,energy,trading,0.333665,0.320836,-0.005029,0.006853,-0.011882,-0.005029,0
2024-09-06,Fri,9,pharma,utilities,food,energy,trading,banks,0.026829,0.018728,-0.000933,-0.014561,0.013627,-0.000933,1
2024-09-09,Mon,9,pharma,utilities,food,energy,trading,banks,0.074313,0.060003,0.016207,0.021596,-0.005388,0.016207,0
2024-09-10,Tue,9,trading,banks,energy,food,utilities,pharma,0.079735,0.070083,-0.003405,-0.008471,0.005066,-0.003405,1
2024-09-11,Wed,9,pharma,food,retail,electronics,energy,trading,0.288495,0.282383,-0.016994,-0.006563,-0.010431,-0.016994,0
2024-09-12,Thu,9,pharma,food,utilities,electronics,energy,trading,0.176035,0.170473,-0.00026,-0.001593,0.001333,-0.00026,1
2024-09-13,Fri,9,trading,banks,energy,food,utilities,pharma,0.032544,0.027544,-0.005655,-0.014687,0.009031,-0.005655,1
2024-09-17,Tue,9,retail,food,utilities,energy,trading,electronics,0.103172,0.095511,0.002819,-0.005534,0.008353,0.002819,1
2024-09-18,Wed,9,trading,energy,electronics,retail,food,pharma,0.55889,0.547636,-0.00992,-0.010038,0.000118,-0.00992,1
2024-09-19,Thu,9,electronics,trading,energy,pharma,food,retail,0.196885,0.193723,0.010833,-0.000724,0.011557,0.010833,1
2024-09-20,Fri,9,trading,energy,banks,utilities,food,pharma,0.444932,0.426066,-0.007128,-0.006549,-0.000579,-0.007128,0
2024-09-24,Tue,9,pharma,food,retail,electronics,energy,trading,0.574345,0.558157,-0.011194,0.003289,-0.014484,-0.011194,0
2024-09-25,Wed,9,trading,energy,electronics,retail,food,pharma,0.208716,0.203475,0.002169,-0.0073,0.009469,0.002169,1
2024-09-26,Thu,9,pharma,food,utilities,banks,energy,trading,0.324079,0.308011,0.013407,0.010865,0.002541,0.013407,1
2024-09-27,Fri,9,pharma,food,retail,electronics,energy,trading,0.070447,0.069155,0.005898,0.012663,-0.006765,0.005898,0
2024-09-30,Mon,9,trading,energy,banks,utilities,food,pharma,0.171148,0.164278,0.012606,0.006342,0.006264,0.012606,1
2024-10-01,Tue,10,trading,energy,banks,food,utilities,pharma,0.026042,0.024002,0.011943,-0.007343,0.019286,0.011943,1
2024-10-02,Wed,10,trading,energy,electronics,food,retail,pharma,0.282422,0.278005,0.002987,-0.008376,0.011364,0.002987,1
2024-10-03,Thu,10,trading,electronics,energy,food,retail,pharma,0.218607,0.217227,-0.010194,0.000866,-0.01106,-0.010194,0
2024-10-04,Fri,10,electronics,energy,trading,pharma,food,retail,0.21427,0.208812,0.005676,0.007102,-0.001426,0.005676,0
2024-10-07,Mon,10,energy,trading,banks,utilities,food,pharma,0.208458,0.198951,2.8e-05,-0.009422,0.009451,2.8e-05,1
2024-10-08,Tue,10,electronics,energy,trading,pharma,food,retail,0.449598,0.442513,-0.011044,-0.005323,-0.00572,-0.011044,0
2024-10-09,Wed,10,pharma,food,retail,electronics,trading,energy,0.51796,0.505785,0.001734,-0.009368,0.011102,0.001734,1
2024-10-10,Thu,10,energy,trading,banks,food,utilities,pharma,0.058859,0.054296,-0.010965,-0.002801,-0.008164,-0.010965,0
2024-10-11,Fri,10,electronics,energy,trading,pharma,food,retail,0.151953,0.148067,-0.003096,-0.00276,-0.000337,-0.003096,0
2024-10-15,Tue,10,energy,trading,banks,utilities,food,pharma,0.207529,0.195541,-0.018237,-0.000395,-0.017842,-0.018237,0
2024-10-16,Wed,10,electronics,trading,energy,utilities,food,retail,0.018763,0.01348,0.003456,0.002798,0.000658,0.003456,1
2024-10-17,Thu,10,energy,trading,banks,utilities,food,pharma,0.127487,0.118368,-0.002131,0.003113,-0.005243,-0.002131,0
2024-10-18,Fri,10,energy,trading,electronics,food,retail,pharma,0.321471,0.317868,-0.012622,0.000625,-0.013247,-0.012622,0
2024-10-21,Mon,10,retail,food,pharma,energy,trading,electronics,0.101456,0.097503,-0.004402,-0.003161,-0.001241,-0.004402,0
2024-10-22,Tue,10,pharma,utilities,food,banks,trading,energy,0.116998,0.103472,-0.006288,-0.005524,-0.000764,-0.006288,0
2024-10-23,Wed,10,pharma,food,utilities,banks,trading,energy,0.147854,0.13955,-0.003963,-0.006805,0.002841,-0.003963,1
2024-10-24,Thu,10,electronics,energy,trading,pharma,food,retail,0.122839,0.118729,0.012469,0.006452,0.006016,0.012469,1
2024-10-25,Fri,10,energy,trading,electronics,food,pharma,retail,0.087976,0.086279,-0.00901,-0.008235,-0.000774,-0.00901,0
2024-10-28,Mon,10,electronics,energy,trading,utilities,food,retail,0.130476,0.119265,0.020357,0.014203,0.006155,0.020357,1
2024-10-29,Tue,10,energy,trading,banks,utilities,food,pharma,0.101225,0.094286,0.010687,0.006513,0.004174,0.010687,1
2024-10-30,Wed,10,electronics,energy,trading,utilities,food,retail,0.049026,0.037157,0.008363,0.011071,-0.002708,0.008363,0
2024-10-31,Thu,10,energy,trading,banks,food,retail,pharma,0.43574,0.420559,-0.002946,0.00127,-0.004215,-0.002946,0
2024-11-01,Fri,11,pharma,food,utilities,banks,trading,energy,0.281878,0.261573,0.002445,0.005234,-0.002789,0.002445,0
2024-11-05,Tue,11,pharma,food,utilities,banks,energy,trading,0.060156,0.056484,0.005719,0.003271,0.002449,0.005719,1
2024-11-06,Wed,11,retail,food,utilities,banks,energy,electronics,0.182506,0.162028,0.000402,0.013981,-0.013579,0.000402,0
2024-11-07,Thu,11,energy,trading,banks,retail,food,pharma,1.517875,1.455154,-0.009988,-0.002914,-0.007074,-0.009988,0
2024-11-08,Fri,11,retail,pharma,food,trading,energy,banks,0.438161,0.432998,0.003619,-0.012582,0.016202,0.003619,1
2024-11-11,Mon,11,retail,pharma,food,trading,energy,banks,0.474436,0.467718,0.000898,0.003657,-0.002759,0.000898,0
2024-11-12,Tue,11,banks,energy,trading,utilities,pharma,food,0.293469,0.288785,-0.006505,-0.005465,-0.00104,-0.006505,0
2024-11-13,Wed,11,utilities,food,pharma,trading,energy,banks,0.095336,0.089172,-0.006348,0.00091,-0.007258,-0.006348,0
2024-11-14,Thu,11,banks,energy,trading,utilities,pharma,food,0.222921,0.218477,-0.000342,-0.006764,0.006422,-0.000342,1
2024-11-15,Fri,11,energy,banks,trading,food,pharma,retail,0.21573,0.205307,-0.00135,0.001272,-0.002623,-0.00135,0
2024-11-18,Mon,11,banks,trading,energy,food,pharma,retail,0.463929,0.450817,-0.001638,-0.007142,0.005504,-0.001638,1
2024-11-19,Tue,11,banks,energy,electronics,pharma,utilities,food,0.034074,0.030757,0.006476,-0.005814,0.01229,0.006476,1
2024-11-20,Wed,11,pharma,food,utilities,trading,energy,banks,0.272346,0.267669,-0.004982,-0.00865,0.003668,-0.004982,1
2024-11-21,Thu,11,energy,banks,electronics,utilities,pharma,food,0.030712,0.029523,-0.006333,-0.003959,-0.002374,-0.006333,0
2024-11-22,Fri,11,retail,pharma,food,energy,trading,banks,0.293583,0.281871,0.004556,0.011314,-0.006758,0.004556,0
2024-11-25,Mon,11,energy,banks,trading,utilities,pharma,food,0.112122,0.109347,-0.003553,-0.000382,-0.003171,-0.003553,0
2024-11-26,Tue,11,retail,pharma,food,energy,trading,banks,0.195299,0.190054,-0.004257,-0.018744,0.014487,-0.004257,1
2024-11-27,Wed,11,pharma,food,utilities,trading,energy,banks,0.522711,0.512978,-0.002406,-0.011702,0.009296,-0.002406,1
2024-11-29,Fri,11,food,utilities,pharma,machinery,energy,steel,0.001775,0.001456,0.002538,-0.000144,0.002682,0.002538,1
2024-12-02,Mon,12,retail,pharma,food,trading,energy,banks,0.173887,0.170779,0.004527,0.010819,-0.006293,0.004527,0
2024-12-03,Tue,12,food,pharma,utilities,trading,energy,banks,0.157061,0.154056,0.000627,0.000572,5.5e-05,0.000627,1
2024-12-04,Wed,12,trading,banks,energy,utilities,pharma,retail,0.033243,0.028253,-0.012025,-0.005574,-0.006451,-0.012025,0
2024-12-05,Thu,12,pharma,food,utilities,trading,energy,banks,0.615634,0.605547,-0.019909,-0.009009,-0.010901,-0.019909,0
2024-12-06,Fri,12,food,pharma,utilities,trading,energy,banks,0.067497,0.064073,-0.003202,0.000114,-0.003316,-0.003202,0
2024-12-09,Mon,12,trading,banks,electronics,utilities,pharma,retail,0.056098,0.053476,-0.003925,-0.004573,0.000648,-0.003925,1
2024-12-10,Tue,12,food,pharma,utilities,trading,energy,banks,0.023356,0.019382,-0.008099,-0.006201,-0.001898,-0.008099,0
2024-12-11,Wed,12,pharma,food,utilities,trading,energy,banks,0.255418,0.247151,-0.00265,0.000942,-0.003592,-0.00265,0
2024-12-12,Thu,12,banks,energy,trading,utilities,food,pharma,0.313402,0.306174,-0.002152,0.004614,-0.006767,-0.002152,0
2024-12-13,Fri,12,pharma,food,utilities,trading,energy,banks,0.173212,0.166207,-0.004787,-0.007381,0.002594,-0.004787,1
2024-12-16,Mon,12,pharma,food,utilities,trading,energy,banks,0.285486,0.276204,-0.008939,-0.006872,-0.002067,-0.008939,0
2024-12-17,Tue,12,pharma,food,utilities,trading,energy,banks,0.16342,0.156675,-0.001354,-0.013287,0.011933,-0.001354,1
2024-12-18,Wed,12,pharma,food,utilities,trading,energy,banks,0.185347,0.177093,0.002669,-0.001665,0.004334,0.002669,1
2024-12-19,Thu,12,pharma,food,utilities,trading,energy,banks,0.465039,0.42918,-0.004024,0.009079,-0.013103,-0.004024,0
2024-12-20,Fri,12,pharma,food,utilities,trading,energy,banks,0.16138,0.1523,-0.009994,-0.006887,-0.003108,-0.009994,0
2024-12-23,Mon,12,retail,utilities,banks,trading,electronics,auto,0.050496,0.029044,0.009263,0.007218,0.002045,0.009263,1
2024-12-24,Tue,12,retail,utilities,food,banks,electronics,trading,0.084612,0.079405,0.003541,-7.5e-05,0.003616,0.003541,1
2024-12-26,Thu,12,retail,utilities,construction,trading,electronics,auto,0.036571,0.020938,0.011908,0.01601,-0.004102,0.011908,0
2024-12-27,Fri,12,pharma,food,utilities,energy,trading,banks,0.082716,0.080941,0.010676,0.005446,0.00523,0.010676,1
2024-12-30,Mon,12,trading,electronics,banks,food,utilities,retail,0.106444,0.09734,-0.004504,-0.007325,0.002821,-0.004504,1
2025-01-06,Mon,1,trading,electronics,banks,food,utilities,retail,0.275988,0.263745,-0.007663,-0.015986,0.008323,-0.007663,1
2025-01-07,Tue,1,banks,trading,energy,utilities,food,pharma,0.118809,0.116342,0.002739,-0.011127,0.013865,0.002739,1
2025-01-08,Wed,1,banks,trading,electronics,food,pharma,retail,0.215016,0.209023,0.000783,-0.010881,0.011664,0.000783,1
2025-01-10,Fri,1,banks,energy,trading,utilities,food,pharma,0.052968,0.05027,-0.011049,-0.004218,-0.006831,-0.011049,0
2025-01-14,Tue,1,electronics,trading,banks,food,utilities,retail,0.071836,0.055859,-0.003757,-0.004552,0.000794,-0.003757,1
2025-01-15,Wed,1,banks,energy,trading,utilities,food,pharma,0.54068,0.523351,-0.007693,-0.007777,8.4e-05,-0.007693,1
2025-01-16,Thu,1,banks,energy,trading,utilities,pharma,food,0.302957,0.288036,-0.000383,-0.006496,0.006113,-0.000383,1
2025-01-17,Fri,1,retail,realestate,utilities,trading,auto,electronics,0.029305,0.018104,0.004158,0.001848,0.00231,0.004158,1
2025-01-21,Tue,1,banks,energy,trading,utilities,food,pharma,0.112621,0.105413,-0.006258,-0.003343,-0.002916,-0.006258,0
2025-01-22,Wed,1,retail,food,utilities,electronics,banks,trading,0.278682,0.269202,9.9e-05,-0.001703,0.001802,9.9e-05,1
2025-01-23,Thu,1,food,pharma,utilities,trading,energy,banks,0.396973,0.38183,-0.004845,0.003444,-0.008289,-0.004845,0
2025-01-24,Fri,1,retail,food,utilities,banks,energy,trading,0.114281,0.106978,0.005099,0.001004,0.004095,0.005099,1
2025-01-27,Mon,1,food,pharma,utilities,trading,energy,banks,0.267568,0.258158,0.002162,-0.001535,0.003697,0.002162,1
2025-01-28,Tue,1,food,retail,utilities,trading,energy,banks,0.174414,0.168288,-0.002007,0.003788,-0.005795,-0.002007,0
2025-01-29,Wed,1,trading,electronics,banks,utilities,food,retail,0.058804,0.05351,0.001519,0.003994,-0.002475,0.001519,0
2025-01-30,Thu,1,pharma,food,utilities,electronics,energy,banks,0.013418,0.012305,0.004859,-0.000555,0.005415,0.004859,1
2025-01-31,Fri,1,retail,food,utilities,electronics,trading,banks,0.178216,0.167748,-0.00018,0.007304,-0.007483,-0.00018,0
2025-02-03,Mon,2,food,pharma,utilities,trading,energy,banks,0.220418,0.212373,-0.005592,-0.000918,-0.004674,-0.005592,0
2025-02-04,Tue,2,food,pharma,utilities,trading,energy,banks,0.050338,0.048462,-0.013578,-0.015918,0.00234,-0.013578,1
2025-02-05,Wed,2,banks,energy,trading,utilities,pharma,food,0.468438,0.454471,-0.00533,-0.008888,0.003558,-0.00533,1
2025-02-06,Thu,2,food,retail,utilities,energy,trading,banks,0.222581,0.218057,0.00347,0.00022,0.003251,0.00347,1
2025-02-07,Fri,2,banks,energy,trading,utilities,pharma,food,0.022933,0.022187,-0.005853,-0.001982,-0.003872,-0.005853,0
2025-02-10,Mon,2,pharma,food,utilities,electronics,energy,banks,0.08222,0.075824,-0.00224,4.1e-05,-0.002281,-0.00224,0
2025-02-12,Wed,2,retail,food,utilities,banks,electronics,trading,0.068491,0.061022,-0.010169,0.000203,-0.010372,-0.010169,0
2025-02-13,Thu,2,food,pharma,utilities,trading,energy,banks,0.414922,0.402092,0.015771,0.006615,0.009157,0.015771,1
2025-02-14,Fri,2,energy,banks,trading,utilities,food,pharma,0.175062,0.160358,0.002007,-0.011954,0.013961,0.002007,1
2025-02-18,Tue,2,energy,banks,trading,utilities,food,retail,0.369873,0.366065,0.003255,0.003736,-0.000481,0.003255,0
2025-02-19,Wed,2,energy,banks,trading,utilities,pharma,food,0.293581,0.281729,-0.003316,-0.011336,0.00802,-0.003316,1
2025-02-20,Thu,2,retail,food,utilities,electronics,energy,banks,0.432652,0.42731,0.000587,-0.006599,0.007185,0.000587,1
2025-02-21,Fri,2,pharma,food,utilities,trading,banks,energy,0.038068,0.034498,0.006286,0.004676,0.00161,0.006286,1
2025-02-25,Tue,2,food,pharma,utilities,electronics,banks,energy,0.614449,0.594352,0.014097,-0.005612,0.019709,0.014097,1
2025-02-26,Wed,2,food,retail,pharma,electronics,banks,energy,0.102002,0.100501,0.003597,-0.016711,0.020308,0.003597,1
2025-02-27,Thu,2,energy,banks,electronics,pharma,retail,food,0.21346,0.211264,0.003909,-0.007576,0.011484,0.003909,1
2025-02-28,Fri,2,energy,banks,electronics,pharma,retail,food,0.790861,0.778089,-0.003651,-0.002967,-0.000684,-0.003651,0
2025-03-03,Mon,3,energy,construction,retail,steel,it_services,machinery,0.02521,0.022386,-0.002784,0.003901,-0.006685,-0.002784,0
2025-03-04,Tue,3,food,pharma,retail,electronics,banks,energy,0.571969,0.555559,-0.002702,-0.011032,0.00833,-0.002702,1
2025-03-05,Wed,3,food,utilities,pharma,electronics,banks,energy,0.231856,0.214253,0.008082,0.002388,0.005694,0.008082,1
2025-03-06,Thu,3,energy,banks,electronics,utilities,pharma,food,0.178105,0.165462,0.012779,-0.005005,0.017784,0.012779,1
2025-03-07,Fri,3,machinery,it_services,pharma,realestate,retail,energy,0.040052,0.024858,-0.007789,-0.001658,-0.006131,-0.007789,0
2025-03-10,Mon,3,retail,utilities,food,trading,banks,electronics,0.114577,0.111106,-0.003619,-0.005925,0.002306,-0.003619,1
2025-03-11,Tue,3,pharma,food,retail,trading,banks,energy,0.100526,0.080208,0.002957,0.004427,-0.001469,0.002957,0
2025-03-12,Wed,3,electronics,banks,trading,pharma,utilities,food,0.197657,0.192956,0.018497,0.017724,0.000772,0.018497,1
2025-03-13,Thu,3,banks,energy,electronics,utilities,pharma,food,0.420121,0.410863,-2.4e-05,-6.1e-05,3.8e-05,-2.4e-05,1
2025-03-14,Fri,3,pharma,food,retail,trading,banks,energy,0.060905,0.051532,0.001757,0.010817,-0.00906,0.001757,0
2025-03-17,Mon,3,energy,banks,electronics,retail,pharma,food,0.401037,0.375679,0.003744,-0.00122,0.004964,0.003744,1
2025-03-18,Tue,3,energy,banks,electronics,retail,food,pharma,0.14924,0.138097,0.004801,-0.008387,0.013188,0.004801,1
2025-03-19,Wed,3,banks,electronics,energy,utilities,pharma,food,0.279795,0.275142,0.005335,0.012637,-0.007301,0.005335,0
2025-03-21,Fri,3,energy,banks,electronics,retail,food,pharma,0.225787,0.214065,0.013157,0.003838,0.009319,0.013157,1
2025-03-24,Mon,3,pharma,food,retail,electronics,banks,energy,0.225929,0.219115,-0.002112,-0.008682,0.00657,-0.002112,1
2025-03-25,Tue,3,energy,banks,electronics,food,pharma,retail,0.298052,0.281754,-0.001544,0.001127,-0.002672,-0.001544,0
2025-03-26,Wed,3,energy,banks,electronics,utilities,food,pharma,0.47461,0.462291,-0.005954,-0.007025,0.001071,-0.005954,1
2025-03-27,Thu,3,banks,electronics,energy,food,utilities,pharma,0.024876,0.023956,0.002444,0.00525,-0.002807,0.002444,0
2025-03-28,Fri,3,pharma,food,retail,electronics,banks,energy,0.269702,0.260677,0.000613,-0.011605,0.012218,0.000613,1
2025-03-31,Mon,3,pharma,food,retail,electronics,banks,energy,0.285388,0.269803,-0.009383,-0.024513,0.015129,-0.009383,1
2025-04-01,Tue,4,utilities,realestate,pharma,machinery,banks,it_services,0.029996,0.027458,-0.000164,-0.013193,0.013029,-0.000164,1
2025-04-02,Wed,4,energy,banks,electronics,utilities,food,pharma,0.293346,0.286205,-0.013888,-0.027898,0.01401,-0.013888,1
2025-04-03,Thu,4,energy,banks,electronics,pharma,retail,food,0.089931,0.083351,-0.00968,0.022051,-0.03173,-0.00968,0
2025-04-04,Fri,4,food,pharma,retail,electronics,banks,energy,1.734386,1.690776,0.016817,-0.021193,0.03801,0.016817,1
2025-04-07,Mon,4,food,transport,it_services,energy,banks,auto,0.133021,0.127677,0.010096,0.039459,-0.029363,0.010096,0
2025-04-08,Tue,4,food,pharma,retail,electronics,energy,banks,0.089102,0.085137,0.003339,0.020233,-0.016895,0.003339,0
2025-04-09,Wed,4,pharma,food,retail,electronics,energy,banks,0.209441,0.201255,-0.013535,-0.030671,0.017136,-0.013535,1
2025-04-10,Thu,4,energy,banks,electronics,pharma,retail,food,0.374911,0.343263,-0.03313,-0.002446,-0.030685,-0.03313,0
2025-04-11,Fri,4,pharma,food,retail,electronics,energy,banks,0.407654,0.383048,0.002478,4.2e-05,0.002436,0.002478,1
2025-04-14,Mon,4,banks,energy,trading,retail,food,pharma,0.106926,0.095759,-0.004509,0.006278,-0.010788,-0.004509,0
2025-04-15,Tue,4,utilities,retail,pharma,trading,energy,electronics,0.155186,0.145488,-0.006814,-0.008927,0.002113,-0.006814,1
2025-04-16,Wed,4,banks,electronics,energy,food,pharma,utilities,0.127807,0.126144,-0.019004,0.00258,-0.021584,-0.019004,0
2025-04-17,Thu,4,electronics,banks,energy,retail,pharma,utilities,0.35677,0.346271,0.023581,-0.001275,0.024856,0.023581,1
2025-04-21,Mon,4,banks,energy,electronics,retail,food,pharma,0.098178,0.091618,-0.014111,-0.003716,-0.010395,-0.014111,0
2025-04-22,Tue,4,electronics,trading,energy,pharma,retail,utilities,0.128878,0.111878,0.011883,0.009898,0.001985,0.011883,1
2025-04-23,Wed,4,banks,auto,construction,retail,food,pharma,0.031197,0.028466,0.001826,-0.002989,0.004815,0.001826,1
2025-04-24,Thu,4,utilities,pharma,retail,energy,trading,electronics,0.052333,0.044281,-0.017129,-0.009452,-0.007677,-0.017129,0
2025-04-25,Fri,4,banks,energy,trading,retail,food,pharma,0.149445,0.141665,-0.001876,-0.004275,0.0024,-0.001876,1
2025-04-28,Mon,4,utilities,pharma,food,energy,electronics,banks,0.134139,0.132204,-0.004529,-0.000481,-0.004047,-0.004529,0
2025-04-30,Wed,4,banks,energy,electronics,retail,food,pharma,0.081611,0.078984,0.000578,0.002877,-0.002299,0.000578,0
2025-05-01,Thu,5,utilities,pharma,food,energy,electronics,banks,0.174156,0.171814,0.001902,-0.005279,0.007181,0.001902,1
2025-05-02,Fri,5,banks,electronics,energy,food,utilities,pharma,0.297231,0.292701,-0.010759,0.000177,-0.010936,-0.010759,0
2025-05-07,Wed,5,banks,energy,trading,retail,food,pharma,0.108688,0.102364,0.013403,-0.004428,0.017831,0.013403,1
2025-05-08,Thu,5,utilities,pharma,food,energy,electronics,banks,0.147993,0.145351,-0.010895,0.000413,-0.011308,-0.010895,0
2025-05-09,Fri,5,banks,energy,electronics,utilities,food,pharma,0.31718,0.309627,0.011102,-0.007647,0.01875,0.011102,1
2025-05-12,Mon,5,banks,electronics,energy,food,utilities,pharma,0.2723,0.267187,-0.005305,-0.018752,0.013447,-0.005305,1
2025-05-13,Tue,5,banks,energy,trading,retail,pharma,food,0.06015,0.05382,-0.010348,-0.01111,0.000762,-0.010348,1
2025-05-14,Wed,5,banks,electronics,energy,food,utilities,pharma,0.309309,0.303423,-0.003821,-0.008284,0.004463,-0.003821,1
2025-05-15,Thu,5,electronics,banks,energy,retail,pharma,utilities,0.111138,0.105973,-0.006449,0.006615,-0.013064,-0.006449,0
2025-05-16,Fri,5,utilities,pharma,food,energy,banks,electronics,0.285835,0.275806,0.001644,-0.00707,0.008714,0.001644,1
2025-05-19,Mon,5,utilities,pharma,food,energy,banks,electronics,0.257611,0.249283,0.013704,-0.003353,0.017057,0.013704,1
2025-05-20,Tue,5,pharma,utilities,food,energy,electronics,banks,0.181956,0.17864,-0.018854,-9.2e-05,-0.018763,-0.018854,0
2025-05-21,Wed,5,pharma,food,retail,energy,electronics,banks,0.206758,0.200349,-0.00088,-0.001708,0.000828,-0.00088,1
2025-05-22,Thu,5,electronics,trading,energy,food,retail,utilities,0.080246,0.064541,-0.003659,0.000953,-0.004612,-0.003659,0
2025-05-23,Fri,5,banks,electronics,energy,food,pharma,utilities,0.192012,0.188649,0.00282,0.000489,0.002331,0.00282,1
2025-05-27,Tue,5,pharma,food,utilities,energy,electronics,banks,0.109585,0.106964,0.001299,0.008208,-0.006909,0.001299,0
2025-05-28,Wed,5,banks,energy,auto,retail,food,pharma,0.033162,0.026332,-0.005113,-0.003992,-0.00112,-0.005113,0
2025-05-29,Thu,5,electronics,energy,banks,food,retail,utilities,0.066951,0.061323,0.009001,-0.00131,0.010311,0.009001,1
2025-05-30,Fri,5,utilities,retail,food,energy,trading,electronics,0.015223,0.012389,0.00621,0.007856,-0.001646,0.00621,0
2025-06-02,Mon,6,pharma,utilities,food,energy,electronics,banks,0.221566,0.21793,0.000981,0.001802,-0.000821,0.000981,0
2025-06-03,Tue,6,banks,energy,electronics,retail,food,pharma,0.053916,0.051414,0.000787,-0.006982,0.00777,0.000787,1
2025-06-04,Wed,6,banks,energy,trading,retail,food,pharma,0.028467,0.026235,0.002721,0.000608,0.002113,0.002721,1
2025-06-05,Thu,6,banks,electronics,energy,food,pharma,utilities,0.124271,0.121091,-0.005131,-0.004929,-0.000202,-0.005131,0
2025-06-06,Fri,6,electronics,banks,energy,food,pharma,utilities,0.081108,0.077245,-0.000409,-0.002266,0.001857,-0.000409,1
2025-06-09,Mon,6,banks,energy,trading,retail,food,pharma,0.033551,0.029645,-0.002501,-0.002109,-0.000392,-0.002501,0
2025-06-10,Tue,6,banks,electronics,energy,food,pharma,utilities,0.080289,0.079144,-0.006312,0.001956,-0.008268,-0.006312,0
2025-06-11,Wed,6,banks,energy,electronics,retail,food,pharma,0.043601,0.039741,0.001179,-0.003748,0.004927,0.001179,1
2025-06-12,Thu,6,pharma,food,retail,trading,energy,banks,0.010631,0.009248,-0.001584,0.005085,-0.006668,-0.001584,0
2025-06-13,Fri,6,utilities,pharma,food,energy,electronics,banks,0.212386,0.209418,-0.001262,-0.003569,0.002308,-0.001262,1
2025-06-16,Mon,6,electronics,energy,banks,food,retail,utilities,0.120892,0.114166,-0.007994,0.00386,-0.011854,-0.007994,0
2025-06-17,Tue,6,banks,electronics,energy,retail,food,pharma,0.095673,0.091674,0.004806,-0.002461,0.007266,0.004806,1
2025-06-18,Wed,6,banks,electronics,energy,retail,food,utilities,0.260973,0.255677,0.013727,0.014827,-0.0011,0.013727,0
2025-06-20,Fri,6,pharma,food,utilities,energy,electronics,banks,0.049604,0.047957,-0.005347,-0.004265,-0.001082,-0.005347,0
2025-06-23,Mon,6,food,pharma,utilities,energy,electronics,banks,0.026655,0.026186,-0.001262,-0.006335,0.005073,-0.001262,1
2025-06-24,Tue,6,utilities,retail,food,energy,banks,electronics,0.179248,0.176104,-0.005408,-0.003596,-0.001813,-0.005408,0
2025-06-25,Wed,6,utilities,retail,food,banks,energy,electronics,0.087022,0.084842,-0.008075,-0.003642,-0.004432,-0.008075,0
2025-06-26,Thu,6,pharma,food,retail,electronics,energy,banks,0.062977,0.054933,0.003379,0.004911,-0.001532,0.003379,0
2025-06-27,Fri,6,banks,energy,electronics,retail,food,pharma,0.051741,0.046527,0.006161,-2.6e-05,0.006188,0.006161,1
2025-06-30,Mon,6,utilities,retail,construction,trading,energy,electronics,0.007112,0.006135,0.005032,-0.005432,0.010463,0.005032,1
2025-07-01,Tue,7,utilities,retail,food,energy,electronics,banks,0.112367,0.111824,0.003041,-0.003715,0.006757,0.003041,1
2025-07-02,Wed,7,banks,energy,electronics,retail,food,pharma,0.045488,0.039833,0.005882,0.006272,-0.00039,0.005882,0
2025-07-03,Thu,7,banks,electronics,energy,retail,food,pharma,0.292355,0.286518,0.003143,-0.003314,0.006457,0.003143,1
2025-07-07,Mon,7,utilities,retail,food,banks,energy,electronics,0.048585,0.04717,-0.002874,-0.010471,0.007597,-0.002874,1
2025-07-08,Tue,7,pharma,food,retail,electronics,energy,banks,0.149264,0.14044,-0.004775,0.008536,-0.013311,-0.004775,0
2025-07-09,Wed,7,banks,electronics,energy,pharma,retail,food,0.272973,0.269461,0.001885,-0.000434,0.00232,0.001885,1
2025-07-10,Thu,7,food,pharma,retail,energy,electronics,banks,0.070075,0.069193,-0.009701,-0.007945,-0.001756,-0.009701,0
2025-07-11,Fri,7,utilities,retail,food,electronics,banks,energy,0.01792,0.016806,-0.006962,0.003412,-0.010375,-0.006962,0
2025-07-14,Mon,7,energy,banks,electronics,food,retail,utilities,0.027712,0.023736,0.000146,0.005388,-0.005243,0.000146,0
2025-07-15,Tue,7,food,retail,utilities,energy,electronics,banks,0.06092,0.059629,-0.004788,0.0007,-0.005489,-0.004788,0
2025-07-16,Wed,7,pharma,food,retail,banks,trading,electronics,0.375974,0.361326,0.002018,-0.001687,0.003705,0.002018,1
2025-07-17,Thu,7,food,retail,utilities,energy,electronics,banks,0.117684,0.114359,0.001961,0.005391,-0.00343,0.001961,0
2025-07-18,Fri,7,electronics,trading,banks,retail,food,pharma,0.058827,0.055148,-0.007368,-0.004325,-0.003043,-0.007368,0
2025-07-22,Tue,7,food,pharma,retail,trading,banks,electronics,0.163533,0.158329,-0.005358,0.001016,-0.006374,-0.005358,0
2025-07-23,Wed,7,electronics,trading,finance,retail,food,pharma,0.019612,0.015201,0.021288,0.012858,0.00843,0.021288,1
2025-07-24,Thu,7,electronics,trading,banks,retail,pharma,food,0.168801,0.162823,0.008341,0.006338,0.002003,0.008341,1
2025-07-25,Fri,7,pharma,food,retail,banks,electronics,trading,0.034124,0.025287,-0.001137,-0.003683,0.002547,-0.001137,1
2025-07-28,Mon,7,electronics,trading,banks,retail,food,pharma,0.033384,0.031472,-0.011223,2.8e-05,-0.011251,-0.011223,0
2025-07-29,Tue,7,energy,banks,trading,auto,utilities,retail,0.033317,0.025209,-0.00281,-0.004441,0.001631,-0.00281,1
2025-07-30,Wed,7,pharma,food,utilities,banks,trading,electronics,0.06003,0.056438,0.00685,0.003156,0.003695,0.00685,1
2025-07-31,Thu,7,pharma,food,utilities,trading,banks,electronics,0.615179,0.593387,0.001099,0.010467,-0.009368,0.001099,0
2025-08-01,Fri,8,pharma,food,utilities,banks,trading,electronics,0.079047,0.065226,0.010018,0.000275,0.009743,0.010018,1
2025-08-04,Mon,8,pharma,food,retail,trading,banks,electronics,0.644636,0.619669,0.00569,0.012007,-0.006317,0.00569,0
2025-08-05,Tue,8,food,retail,utilities,electronics,energy,banks,0.365751,0.356234,0.00469,0.002228,0.002462,0.00469,1
2025-08-06,Wed,8,electronics,banks,energy,utilities,retail,food,0.407482,0.396402,0.011346,0.0083,0.003046,0.011346,1
2025-08-07,Thu,8,food,pharma,retail,trading,banks,electronics,0.331698,0.319517,0.003693,0.009799,-0.006106,0.003693,0
2025-08-08,Fri,8,food,pharma,retail,trading,banks,electronics,0.286219,0.275211,0.002697,0.002434,0.000262,0.002697,1
2025-08-12,Tue,8,electronics,trading,banks,utilities,food,pharma,0.019755,0.017175,0.01209,0.002225,0.009864,0.01209,1
2025-08-13,Wed,8,electronics,trading,banks,retail,food,utilities,0.098515,0.087876,-8.3e-05,0.001738,-0.00182,-8.3e-05,0
2025-08-14,Thu,8,electronics,banks,trading,retail,utilities,food,0.382732,0.365384,-0.008192,-0.003197,-0.004996,-0.008192,0
2025-08-15,Fri,8,energy,banks,electronics,pharma,food,retail,0.119777,0.112343,0.021683,0.002277,0.019406,0.021683,1
2025-08-18,Mon,8,food,retail,utilities,trading,banks,electronics,0.114695,0.10981,-0.002106,-0.001794,-0.000312,-0.002106,0
2025-08-19,Tue,8,food,utilities,retail,banks,trading,electronics,0.136924,0.129413,0.002049,-0.008268,0.010317,0.002049,1
2025-08-20,Wed,8,electronics,banks,trading,pharma,retail,food,0.187331,0.178966,-0.000115,0.007429,-0.007543,-0.000115,0
2025-08-21,Thu,8,electronics,energy,banks,pharma,retail,food,0.149141,0.145165,-0.001897,-0.009259,0.007362,-0.001897,1
2025-08-22,Fri,8,energy,electronics,banks,pharma,retail,food,0.432518,0.422936,0.006796,0.004128,0.002668,0.006796,1
2025-08-25,Mon,8,electronics,trading,banks,pharma,retail,food,0.659222,0.626954,-0.004741,-0.010375,0.005634,-0.004741,1
2025-08-26,Tue,8,energy,electronics,banks,pharma,retail,food,0.567428,0.554242,-0.008892,-0.007803,-0.00109,-0.008892,0
2025-08-27,Wed,8,electronics,trading,banks,pharma,retail,food,0.03891,0.036773,-0.002559,0.000774,-0.003334,-0.002559,0
2025-08-28,Thu,8,electronics,trading,banks,pharma,retail,food,0.138108,0.132914,0.011058,0.002737,0.00832,0.011058,1
2025-08-29,Fri,8,electronics,energy,banks,pharma,retail,food,0.281442,0.274791,-0.005404,-0.007114,0.00171,-0.005404,1
2025-09-02,Tue,9,energy,electronics,trading,pharma,retail,food,0.224229,0.219373,0.009132,-0.000884,0.010017,0.009132,1
2025-09-03,Wed,9,food,retail,pharma,banks,trading,electronics,0.233652,0.222886,-0.00308,-0.011155,0.008075,-0.00308,1
2025-09-04,Thu,9,food,retail,pharma,banks,trading,electronics,0.431312,0.418183,0.007443,0.006737,0.000706,0.007443,1
2025-09-05,Fri,9,electronics,trading,banks,pharma,retail,food,0.283577,0.271437,0.000721,0.001593,-0.000872,0.000721,0
2025-09-08,Mon,9,food,retail,pharma,banks,trading,electronics,0.367752,0.357187,-0.000173,0.002675,-0.002848,-0.000173,0
2025-09-09,Tue,9,energy,trading,banks,pharma,food,retail,0.071816,0.069518,-0.01098,-0.011934,0.000954,-0.01098,1
2025-09-10,Wed,9,food,retail,pharma,banks,trading,electronics,0.347664,0.340839,-0.003178,0.00839,-0.011568,-0.003178,0
2025-09-11,Thu,9,retail,pharma,food,banks,trading,energy,0.025047,0.023803,-0.001643,-0.001784,0.000141,-0.001643,1
2025-09-12,Fri,9,electronics,banks,trading,retail,pharma,food,0.221157,0.206554,-0.002914,-0.005037,0.002123,-0.002914,1
2025-09-16,Tue,9,food,retail,pharma,trading,banks,electronics,0.199479,0.191792,-0.002192,0.001548,-0.00374,-0.002192,0
2025-09-17,Wed,9,energy,trading,electronics,pharma,retail,food,0.368713,0.364935,-0.001252,-0.001757,0.000505,-0.001252,1
2025-09-18,Thu,9,electronics,trading,banks,pharma,retail,food,0.057474,0.05585,0.008365,0.003092,0.005273,0.008365,1
2025-09-19,Fri,9,food,retail,pharma,electronics,energy,trading,0.111773,0.110912,-0.009126,-0.011329,0.002203,-0.009126,1
2025-09-22,Mon,9,food,retail,pharma,energy,trading,electronics,0.39458,0.388973,-0.005901,0.009119,-0.015019,-0.005901,0
2025-09-24,Wed,9,food,retail,pharma,energy,trading,electronics,0.118654,0.116131,0.002419,0.003675,-0.001257,0.002419,0
2025-09-25,Thu,9,food,retail,pharma,trading,banks,electronics,0.168315,0.161127,-0.002497,0.00223,-0.004727,-0.002497,0
2025-09-26,Fri,9,energy,trading,banks,food,retail,utilities,0.47397,0.468969,0.003332,0.004509,-0.001177,0.003332,0
2025-09-29,Mon,9,electronics,auto,banks,retail,materials,food,0.04383,0.031166,-0.019311,-0.013367,-0.005943,-0.019311,0
2025-09-30,Tue,9,food,retail,pharma,trading,energy,electronics,0.29697,0.294082,-0.001263,-0.005175,0.003912,-0.001263,1
2025-10-01,Wed,10,food,retail,pharma,trading,energy,electronics,0.546496,0.541464,-0.007422,-0.009009,0.001587,-0.007422,1
2025-10-02,Thu,10,food,retail,pharma,electronics,trading,energy,0.867488,0.861462,-0.017232,0.00223,-0.019462,-0.017232,0
2025-10-03,Fri,10,energy,trading,banks,retail,pharma,utilities,0.026994,0.025176,0.003829,0.009511,-0.005682,0.003829,0
2025-10-06,Mon,10,electronics,banks,auto,materials,retail,food,0.009761,0.007528,0.003995,-0.009271,0.013266,0.003995,1
2025-10-07,Tue,10,food,retail,pharma,electronics,trading,energy,0.143054,0.14144,-0.000417,-0.010901,0.010483,-0.000417,1
2025-10-08,Wed,10,food,pharma,retail,energy,electronics,trading,0.210948,0.207424,-0.005295,0.002627,-0.007923,-0.005295,0
2025-10-09,Thu,10,food,pharma,retail,banks,trading,energy,0.384231,0.38137,0.001198,0.004818,-0.00362,0.001198,0
2025-10-10,Fri,10,food,pharma,retail,trading,banks,electronics,0.424001,0.416971,-0.005472,-0.018128,0.012656,-0.005472,1
2025-10-14,Tue,10,food,pharma,retail,trading,banks,electronics,0.370032,0.350737,0.005628,-0.012609,0.018237,0.005628,1
2025-10-15,Wed,10,electronics,banks,energy,pharma,retail,food,0.117636,0.111862,0.014483,0.002518,0.011965,0.014483,1
2025-10-16,Thu,10,retail,utilities,food,banks,trading,energy,0.190112,0.187569,0.003216,-0.006724,0.00994,0.003216,1
2025-10-17,Fri,10,food,retail,pharma,electronics,banks,energy,0.3503,0.340481,-0.001916,-0.01244,0.010524,-0.001916,1
2025-10-20,Mon,10,banks,energy,electronics,pharma,retail,food,0.040361,0.03743,0.016501,0.001574,0.014926,0.016501,1
2025-10-21,Tue,10,energy,banks,trading,pharma,retail,food,0.45639,0.448685,-0.003396,0.00039,-0.003787,-0.003396,0
2025-10-22,Wed,10,energy,trading,banks,utilities,food,retail,0.168233,0.165582,-0.000595,0.008966,-0.009561,-0.000595,0
2025-10-23,Thu,10,trading,energy,banks,food,utilities,retail,0.091574,0.090031,0.004426,0.008373,-0.003947,0.004426,0
2025-10-27,Mon,10,energy,banks,trading,pharma,food,retail,0.388086,0.381805,0.008684,-5.3e-05,0.008737,0.008684,1
2025-10-28,Tue,10,retail,utilities,food,electronics,energy,trading,0.114687,0.110805,-0.007537,-0.022126,0.014589,-0.007537,1
2025-10-29,Wed,10,trading,energy,electronics,pharma,retail,utilities,0.032299,0.028666,-0.003775,-0.015123,0.011348,-0.003775,1
2025-10-30,Thu,10,food,retail,pharma,electronics,banks,energy,0.161854,0.154631,0.00216,0.012802,-0.010641,0.00216,0
2025-10-31,Fri,10,electronics,trading,banks,food,utilities,retail,0.069259,0.068517,-0.002629,0.017037,-0.019667,-0.002629,0
2025-11-04,Tue,11,energy,trading,banks,pharma,retail,food,0.298767,0.293651,0.005253,-0.003521,0.008775,0.005253,1
2025-11-05,Wed,11,trading,energy,banks,utilities,food,retail,0.097521,0.095705,0.002693,0.009962,-0.007269,0.002693,0
2025-11-06,Thu,11,energy,trading,banks,retail,food,pharma,0.11834,0.11582,0.012522,0.005157,0.007365,0.012522,1
2025-11-07,Fri,11,energy,trading,banks,utilities,food,retail,0.298773,0.293305,-0.00202,0.004862,-0.006882,-0.00202,0
2025-11-10,Mon,11,energy,trading,banks,retail,food,pharma,0.158434,0.152099,0.000533,-0.003917,0.00445,0.000533,1
2025-11-11,Tue,11,energy,trading,banks,utilities,food,pharma,0.038792,0.034489,-0.011804,0.005605,-0.017409,-0.011804,0
2025-11-12,Wed,11,transport,energy,construction,electronics,pharma,steel,0.023284,0.014512,0.002371,0.01382,-0.01145,0.002371,0
2025-11-13,Thu,11,food,retail,pharma,banks,trading,energy,0.294939,0.290185,0.001248,0.006731,-0.005484,0.001248,0
2025-11-14,Fri,11,electronics,banks,trading,food,utilities,retail,0.070195,0.062557,0.01025,0.008592,0.001658,0.01025,1
2025-11-17,Mon,11,banks,electronics,trading,utilities,food,retail,0.04572,0.044223,-0.004799,0.006061,-0.010859,-0.004799,0
2025-11-18,Tue,11,food,pharma,retail,banks,trading,energy,0.655543,0.642571,-0.005255,-0.026354,0.021099,-0.005255,1
2025-11-19,Wed,11,energy,trading,banks,pharma,utilities,food,0.204987,0.202137,0.004561,0.001905,0.002657,0.004561,1
2025-11-20,Thu,11,trading,banks,energy,utilities,food,retail,0.123269,0.120593,-0.009837,-0.015067,0.00523,-0.009837,1
2025-11-21,Fri,11,pharma,food,utilities,banks,trading,energy,0.18935,0.179311,0.013486,0.010234,0.003252,0.013486,1
2025-11-25,Tue,11,energy,trading,banks,utilities,food,pharma,0.194892,0.179819,-0.007733,-0.004222,-0.003511,-0.007733,0
2025-11-26,Wed,11,retail,utilities,food,trading,banks,electronics,0.133329,0.111893,0.016162,0.015668,0.000494,0.016162,1
2025-11-28,Fri,11,retail,transport,realestate,machinery,electronics,steel,0.038153,0.024726,0.001437,0.006677,-0.005239,0.001437,0
2025-12-01,Mon,12,energy,trading,banks,utilities,food,pharma,0.249381,0.242336,-0.008854,-0.008562,-0.000292,-0.008854,0
2025-12-02,Tue,12,electronics,energy,trading,food,utilities,retail,0.447181,0.433547,-0.007137,-0.008727,0.001589,-0.007137,1
2025-12-03,Wed,12,pharma,food,utilities,banks,trading,energy,0.035465,0.033254,-0.008759,-0.009091,0.000332,-0.008759,1
2025-12-04,Thu,12,energy,trading,banks,pharma,food,utilities,0.545302,0.537116,0.01779,0.006772,0.011018,0.01779,1
2025-12-05,Fri,12,energy,electronics,trading,food,utilities,retail,0.243545,0.240746,-0.005316,-0.006824,0.001508,-0.005316,1
2025-12-08,Mon,12,energy,trading,electronics,food,retail,utilities,0.098757,0.097578,0.001933,-0.001716,0.003649,0.001933,1
2025-12-09,Tue,12,electronics,banks,energy,food,utilities,retail,0.08911,0.076615,-0.000628,-0.003711,0.003083,-0.000628,1
2025-12-10,Wed,12,electronics,banks,trading,food,utilities,retail,0.023014,0.020179,-0.003724,0.001688,-0.005411,-0.003724,0
2025-12-11,Thu,12,energy,trading,banks,utilities,food,pharma,0.341447,0.33093,-0.009318,-0.011257,0.001939,-0.009318,1
2025-12-12,Fri,12,energy,trading,banks,utilities,food,pharma,0.23764,0.229375,0.008251,-0.009833,0.018084,0.008251,1
2025-12-15,Mon,12,electronics,banks,energy,food,utilities,retail,0.063331,0.058563,0.008756,0.013413,-0.004657,0.008756,0
2025-12-16,Tue,12,utilities,retail,food,electronics,trading,energy,0.29063,0.287243,-0.013654,-0.023436,0.009782,-0.013654,1
2025-12-17,Wed,12,utilities,food,pharma,banks,energy,trading,0.281246,0.274754,-0.007483,-0.005878,-0.001604,-0.007483,0
2025-12-18,Thu,12,energy,trading,electronics,retail,food,utilities,0.626214,0.621002,-0.00072,0.00934,-0.01006,-0.00072,0
2025-12-19,Fri,12,utilities,food,retail,electronics,trading,energy,0.439712,0.437071,0.006066,0.005632,0.000435,0.006066,1
2025-12-22,Mon,12,trading,energy,electronics,pharma,food,utilities,0.15911,0.156496,0.000637,-0.014428,0.015065,0.000637,1
2025-12-23,Tue,12,trading,energy,banks,pharma,utilities,food,0.470901,0.46122,-0.003014,0.0035,-0.006514,-0.003014,0
2025-12-24,Wed,12,trading,energy,electronics,pharma,utilities,food,0.163979,0.161658,-0.005592,-0.004259,-0.001333,-0.005592,0
2025-12-26,Fri,12,retail,utilities,food,energy,banks,electronics,0.123377,0.114988,-0.003174,-0.000852,-0.002322,-0.003174,0
2025-12-29,Mon,12,electronics,banks,trading,food,utilities,retail,0.003455,0.002856,0.003203,-0.00328,0.006484,0.003203,1
2025-12-30,Tue,12,electronics,banks,trading,food,utilities,retail,0.027655,0.024098,-0.00072,-0.001458,0.000738,-0.00072,1
2026-01-05,Mon,1,electronics,trading,energy,retail,utilities,food,0.14246,0.141144,0.002926,0.004612,-0.001686,0.002926,0
2026-01-06,Tue,1,energy,trading,electronics,retail,utilities,food,1.110527,1.092147,0.015629,0.004483,0.011146,0.015629,1
2026-01-07,Wed,1,retail,food,utilities,trading,banks,electronics,0.418219,0.407384,-0.00976,-0.002464,-0.007296,-0.00976,0
2026-01-08,Thu,1,food,utilities,pharma,banks,trading,energy,0.275801,0.262817,0.007602,-0.001506,0.009107,0.007602,1
2026-01-09,Fri,1,energy,trading,electronics,pharma,utilities,food,0.538745,0.523573,0.005057,0.003471,0.001586,0.005057,1
2026-01-13,Tue,1,retail,utilities,food,trading,banks,electronics,0.238961,0.226363,-0.003731,-0.013495,0.009764,-0.003731,1
2026-01-14,Wed,1,food,retail,utilities,banks,trading,electronics,0.180878,0.175772,-0.004798,0.007857,-0.012655,-0.004798,0
2026-01-15,Thu,1,energy,trading,banks,utilities,pharma,food,0.039704,0.035389,0.008119,-0.001634,0.009753,0.008119,1
2026-01-16,Fri,1,retail,utilities,food,trading,banks,electronics,0.049012,0.044139,-0.006634,0.00321,-0.009845,-0.006634,0
2026-01-20,Tue,1,electronics,trading,banks,utilities,food,retail,0.373325,0.363179,-0.008723,0.006236,-0.01496,-0.008723,0
2026-01-21,Wed,1,food,pharma,utilities,electronics,trading,energy,0.383304,0.370235,-0.006154,0.008385,-0.014539,-0.006154,0
2026-01-22,Thu,1,energy,trading,electronics,utilities,pharma,food,0.167548,0.151212,-0.000749,-0.00388,0.003131,-0.000749,1
2026-01-23,Fri,1,electronics,energy,trading,retail,pharma,food,0.06122,0.059179,0.001354,0.001743,-0.000389,0.001354,0
2026-01-26,Mon,1,food,retail,pharma,energy,trading,electronics,0.06109,0.058615,-0.001587,-0.004119,0.002532,-0.001587,1
2026-01-27,Tue,1,retail,food,utilities,trading,banks,electronics,0.155827,0.149027,-0.00536,0.009203,-0.014562,-0.00536,0
2026-01-28,Wed,1,food,retail,pharma,energy,trading,electronics,0.189538,0.182805,-0.013889,0.002166,-0.016055,-0.013889,0
2026-01-29,Thu,1,electronics,banks,trading,pharma,utilities,retail,0.142314,0.134185,0.000787,0.003394,-0.002607,0.000787,0
2026-01-30,Fri,1,electronics,energy,trading,pharma,retail,food,0.627131,0.604388,0.001329,0.013187,-0.011858,0.001329,0
2026-02-02,Mon,2,food,retail,pharma,energy,trading,electronics,0.265466,0.256628,-0.003805,-0.028107,0.024302,-0.003805,1
2026-02-03,Tue,2,retail,food,pharma,banks,trading,electronics,0.304636,0.293582,0.004419,0.01791,-0.013491,0.004419,0
2026-02-04,Wed,2,electronics,energy,trading,pharma,retail,food,0.250928,0.243679,0.00616,0.008287,-0.002127,0.00616,0
2026-02-05,Thu,2,electronics,energy,trading,pharma,retail,food,0.761571,0.7421,-0.012392,0.013304,-0.025695,-0.012392,0
2026-02-06,Fri,2,food,retail,pharma,trading,electronics,energy,0.470826,0.4483,0.005068,0.027618,-0.022551,0.005068,0
2026-02-09,Mon,2,energy,trading,electronics,steel,pharma,food,0.088171,0.056591,-0.018681,-0.003137,-0.015544,-0.018681,0
2026-02-10,Tue,2,electronics,energy,trading,food,pharma,retail,0.233359,0.228062,0.011291,-0.001466,0.012757,0.011291,1
2026-02-12,Thu,2,energy,electronics,trading,food,retail,pharma,0.156922,0.154162,0.007959,-0.002335,0.010294,0.007959,1
2026-02-13,Fri,2,pharma,retail,food,trading,energy,electronics,0.713858,0.707434,0.011776,-0.027433,0.039209,0.011776,1
2026-02-17,Tue,2,retail,food,utilities,banks,trading,electronics,0.25983,0.249316,0.000818,-0.012136,0.012954,0.000818,1
2026-02-18,Wed,2,electronics,energy,trading,pharma,food,retail,0.354148,0.34361,0.005359,0.001978,0.003381,0.005359,1
2026-02-19,Thu,2,electronics,energy,trading,pharma,food,retail,0.253459,0.246292,0.003339,0.003961,-0.000622,0.003339,0
2026-02-20,Fri,2,retail,food,pharma,trading,energy,electronics,0.163251,0.158903,-0.005107,-0.006054,0.000947,-0.005107,1
2026-02-24,Tue,2,energy,electronics,banks,retail,food,pharma,0.034299,0.031779,-0.005472,0.002187,-0.007659,-0.005472,0
2026-02-25,Wed,2,retail,food,pharma,banks,trading,electronics,0.203346,0.196684,0.004352,-0.002249,0.006601,0.004352,1
2026-02-26,Thu,2,retail,food,pharma,banks,energy,electronics,0.094153,0.0912,-0.004962,0.005001,-0.009963,-0.004962,0
2026-02-27,Fri,2,electronics,energy,banks,pharma,food,retail,0.432985,0.421352,0.011821,0.006315,0.005506,0.011821,1
2026-03-02,Mon,3,retail,food,pharma,banks,energy,electronics,0.488363,0.476059,-0.011712,-0.014769,0.003057,-0.011712,1
2026-03-03,Tue,3,electronics,banks,energy,pharma,food,retail,0.560683,0.54783,-0.031102,-0.019243,-0.011859,-0.031102,0
2026-03-04,Wed,3,trading,finance,transport,auto,machinery,utilities,0.030907,0.023757,-0.014488,-0.02857,0.014082,-0.014488,1
2026-03-05,Thu,3,food,retail,pharma,electronics,banks,energy,0.157773,0.155184,-0.019262,-0.008032,-0.011229,-0.019262,0
2026-03-06,Fri,3,banks,trading,energy,retail,utilities,food,0.23162,0.227317,0.002516,0.00549,-0.002973,0.002516,0
2026-03-09,Mon,3,retail,pharma,food,banks,energy,electronics,0.317747,0.302811,0.030478,0.009293,0.021185,0.030478,1
2026-03-10,Tue,3,retail,food,pharma,banks,electronics,energy,0.466973,0.454124,-0.010294,0.003047,-0.013341,-0.010294,0
2026-03-11,Wed,3,retail,pharma,food,banks,electronics,energy,0.05606,0.051156,-0.000778,0.002029,-0.002807,-0.000778,0
2026-03-12,Thu,3,energy,electronics,banks,pharma,food,retail,0.210785,0.207505,-0.006313,-0.00785,0.001537,-0.006313,1
2026-03-13,Fri,3,trading,banks,electronics,pharma,retail,food,0.084286,0.07787,0.012338,0.001893,0.010445,0.012338,1
2026-03-16,Mon,3,retail,pharma,food,banks,electronics,energy,0.190474,0.183196,0.002175,-0.004098,0.006273,0.002175,1
2026-03-17,Tue,3,food,pharma,retail,electronics,trading,banks,0.112556,0.107789,0.00241,-0.004459,0.006869,0.00241,1
2026-03-18,Wed,3,energy,electronics,banks,pharma,food,retail,0.387343,0.374456,0.016502,0.003981,0.012521,0.016502,1
2026-03-19,Thu,3,banks,trading,energy,retail,pharma,food,0.160875,0.146315,-0.006714,-0.012532,0.005818,-0.006714,1
