date,strategy_return,long_return,short_return,long_only_return,capital,capital_long_only,pnl,pnl_pct,is_correct,win_rate_total,win_rate_20d,total_days
2016-05-16,-0.000708,-0.005775,-0.005067,-0.005775,999292.0,994225.0,-708.0,-0.000708,0,0.0,0.0,1
2016-05-17,0.003476,0.003476,0.0,0.003476,1002766.0,997681.0,2766.0,0.002766,1,0.5,0.5,2
2016-05-18,0.017143,0.010104,-0.007039,0.010104,1019956.0,1007761.0,19956.0,0.019956,1,0.6667,0.6667,3
2016-05-19,-0.001268,-0.004866,-0.003599,-0.004866,1018663.0,1002857.0,18663.0,0.018663,0,0.5,0.5,4
2016-05-20,8e-06,0.001645,0.001637,0.001645,1018671.0,1004507.0,18671.0,0.018671,1,0.6,0.6,5
2016-05-23,-0.00068,-0.00598,-0.0053,-0.00598,1017978.0,998500.0,17978.0,0.017978,0,0.5,0.5,6
2016-05-24,-0.000606,0.00468,0.005286,0.00468,1017361.0,1003173.0,17361.0,0.017361,0,0.4286,0.4286,7
2016-05-25,-0.001445,-0.008455,-0.00701,-0.008455,1015891.0,994690.0,15891.0,0.015891,0,0.375,0.375,8
2016-05-26,-0.007503,-0.006409,0.001094,-0.006409,1008269.0,988315.0,8269.0,0.008269,0,0.3333,0.3333,9
2016-05-27,0.008795,-0.000165,-0.00896,-0.000165,1017136.0,988152.0,17136.0,0.017136,1,0.4,0.4,10
2016-05-31,0.003538,0.003538,0.0,0.003538,1020735.0,991648.0,20735.0,0.020735,1,0.4545,0.4545,11
2016-06-01,-0.01157,-0.015507,-0.003937,-0.015507,1008925.0,976270.0,8925.0,0.008925,0,0.4167,0.4167,12
2016-06-02,0.0135,-0.013428,-0.026928,-0.013428,1022545.0,963161.0,22545.0,0.022545,1,0.4615,0.4615,13
2016-06-03,0.00079,0.001494,0.000704,0.001494,1023353.0,964600.0,23353.0,0.023353,1,0.5,0.5,14
2016-06-06,0.011854,0.006341,-0.005513,0.006341,1035484.0,970716.0,35484.0,0.035484,1,0.5333,0.5333,15
2016-06-07,0.001932,0.002096,0.000165,0.002096,1037484.0,972751.0,37484.0,0.037484,1,0.5625,0.5625,16
2016-06-08,0.008478,0.014249,0.005771,0.014249,1046280.0,986612.0,46280.0,0.04628,1,0.5882,0.5882,17
2016-06-09,0.00492,0.006033,0.001112,0.006033,1051428.0,992564.0,51428.0,0.051428,1,0.6111,0.6111,18
2016-06-10,0.000803,-0.000327,-0.00113,-0.000327,1052273.0,992240.0,52273.0,0.052273,1,0.6316,0.6316,19
2016-06-13,0.009476,-0.011379,-0.020855,-0.011379,1062244.0,980949.0,62244.0,0.062244,1,0.65,0.65,20
2016-06-14,0.005932,-0.011997,-0.017929,-0.011997,1068545.0,969181.0,68545.0,0.068545,1,0.6667,0.7,21
2016-06-15,0.009261,0.008063,-0.001198,0.008063,1078441.0,976996.0,78441.0,0.078441,1,0.6818,0.7,22
2016-06-16,-0.006213,-0.024334,-0.018121,-0.024334,1071740.0,953222.0,71740.0,0.07174,0,0.6522,0.65,23
2016-06-17,0.006631,0.001382,-0.005249,0.001382,1078846.0,954539.0,78846.0,0.078846,1,0.6667,0.7,24
2016-06-20,-0.005101,0.000448,0.005549,0.000448,1073343.0,954966.0,73343.0,0.073343,0,0.64,0.65,25
2016-06-21,-0.010998,-0.00522,0.005778,-0.00522,1061539.0,949982.0,61539.0,0.061539,0,0.6154,0.65,26
2016-06-22,-0.00463,-0.003123,0.001508,-0.003123,1056624.0,947016.0,56624.0,0.056624,0,0.5926,0.65,27
2016-06-23,-0.012025,0.002201,0.014226,0.002201,1043918.0,949100.0,43918.0,0.043918,0,0.5714,0.65,28
2016-06-24,-0.011357,-0.054535,-0.043177,-0.054535,1032062.0,897341.0,32062.0,0.032062,0,0.5517,0.65,29
2016-06-27,0.029749,0.029801,5.2e-05,0.029801,1062765.0,924083.0,62765.0,0.062765,1,0.5667,0.65,30
2016-06-28,0.012605,0.017758,0.005154,0.017758,1076160.0,940493.0,76160.0,0.07616,1,0.5806,0.65,31
2016-06-29,-0.012986,-0.003901,0.009085,-0.003901,1062185.0,936823.0,62185.0,0.062185,0,0.5625,0.65,32
2016-06-30,-0.007581,-0.00787,-0.00029,-0.00787,1054133.0,929450.0,54133.0,0.054133,0,0.5455,0.6,33
2016-07-01,0.000147,0.003026,0.002879,0.003026,1054288.0,932262.0,54288.0,0.054288,1,0.5588,0.6,34
2016-07-05,-0.000111,-0.002533,-0.002421,-0.002533,1054170.0,929901.0,54170.0,0.05417,0,0.5429,0.55,35
2016-07-06,0.017343,-0.004554,-0.021897,-0.004554,1072453.0,925667.0,72453.0,0.072453,1,0.5556,0.55,36
2016-07-07,-0.007906,-0.003367,0.004539,-0.003367,1063974.0,922550.0,63974.0,0.063974,0,0.5405,0.5,37
2016-07-08,0.011072,0.003156,-0.007916,0.003156,1075755.0,925461.0,75755.0,0.075755,1,0.5526,0.5,38
2016-07-11,0.009424,0.019938,0.010514,0.019938,1085893.0,943913.0,85893.0,0.085893,1,0.5641,0.5,39
2016-07-12,0.022419,0.0264,0.003981,0.0264,1110237.0,968832.0,110237.0,0.110237,1,0.575,0.5,40
2016-07-13,0.020243,-0.004624,-0.024868,-0.004624,1132712.0,964352.0,132712.0,0.132712,1,0.5854,0.5,41
2016-07-14,0.003305,0.005162,0.001857,0.005162,1136456.0,969330.0,136456.0,0.136456,1,0.5952,0.5,42
2016-07-15,0.007305,0.002928,-0.004377,0.002928,1144758.0,972168.0,144758.0,0.144758,1,0.6047,0.55,43
2016-07-19,0.003503,0.00465,0.001147,0.00465,1148767.0,976689.0,148767.0,0.148767,1,0.6136,0.55,44
2016-07-20,-0.007343,-0.005654,0.001689,-0.005654,1140331.0,971166.0,140331.0,0.140331,0,0.6,0.55,45
2016-07-21,-0.009957,-0.002343,0.007614,-0.002343,1128978.0,968891.0,128978.0,0.128978,0,0.587,0.55,46
2016-07-22,-0.003092,0.001347,0.004439,0.001347,1125486.0,970196.0,125486.0,0.125486,0,0.5745,0.55,47
2016-07-25,-0.001012,-0.00334,-0.002328,-0.00334,1124348.0,966955.0,124348.0,0.124348,0,0.5625,0.55,48
2016-07-26,0.011103,0.001684,-0.009419,0.001684,1136831.0,968583.0,136831.0,0.136831,1,0.5714,0.6,49
2016-07-27,-0.008199,-0.009874,-0.001675,-0.009874,1127510.0,959020.0,127510.0,0.12751,0,0.56,0.55,50
2016-07-28,0.005313,-0.006917,-0.01223,-0.006917,1133501.0,952386.0,133501.0,0.133501,1,0.5686,0.55,51
2016-07-29,-0.025516,-0.002443,0.023073,-0.002443,1104578.0,950059.0,104578.0,0.104578,0,0.5577,0.55,52
2016-08-01,-0.010048,0.000965,0.011014,0.000965,1093479.0,950977.0,93479.0,0.093479,0,0.5472,0.55,53
2016-08-02,0.013268,-0.005006,-0.018274,-0.005006,1107987.0,946216.0,107987.0,0.107987,1,0.5556,0.55,54
2016-08-03,0.016674,0.000727,-0.015947,0.000727,1126462.0,946904.0,126462.0,0.126462,1,0.5636,0.6,55
2016-08-04,0.011139,-0.003749,-0.014888,-0.003749,1139009.0,943354.0,139009.0,0.139009,1,0.5714,0.6,56
2016-08-05,-0.003605,-0.008612,-0.005007,-0.008612,1134903.0,935230.0,134903.0,0.134903,0,0.5614,0.6,57
2016-08-08,0.024922,0.012435,-0.012487,0.012435,1163187.0,946860.0,163187.0,0.163187,1,0.569,0.6,58
2016-08-09,0.006439,0.006439,0.0,0.006439,1170677.0,952957.0,170677.0,0.170677,1,0.5763,0.6,59
2016-08-10,-0.003439,0.001282,0.004721,0.001282,1166651.0,954179.0,166651.0,0.166651,0,0.5667,0.55,60
2016-08-12,0.010416,0.003509,-0.006907,0.003509,1178803.0,957527.0,178803.0,0.178803,1,0.5738,0.55,61
2016-08-15,-0.005501,-0.005887,-0.000386,-0.005887,1172318.0,951890.0,172318.0,0.172318,0,0.5645,0.5,62
2016-08-16,-0.014755,-0.019197,-0.004442,-0.019197,1155020.0,933617.0,155020.0,0.15502,0,0.5556,0.45,63
2016-08-17,0.024519,0.024002,-0.000517,0.024002,1183340.0,956025.0,183340.0,0.18334,1,0.5625,0.45,64
2016-08-18,-0.00595,-0.013116,-0.007166,-0.013116,1176299.0,943486.0,176299.0,0.176299,0,0.5538,0.45,65
2016-08-19,-0.022855,-0.009916,0.012939,-0.009916,1149414.0,934130.0,149414.0,0.149414,0,0.5455,0.45,66
2016-08-22,-0.005,-0.002967,0.002033,-0.002967,1143667.0,931359.0,143667.0,0.143667,0,0.5373,0.45,67
2016-08-23,0.007536,0.005792,-0.001744,0.005792,1152286.0,936753.0,152286.0,0.152286,1,0.5441,0.5,68
2016-08-24,-0.006053,-0.002179,0.003874,-0.002179,1145311.0,934712.0,145311.0,0.145311,0,0.5362,0.45,69
2016-08-25,0.000624,-0.003173,-0.003797,-0.003173,1146026.0,931746.0,146026.0,0.146026,1,0.5429,0.5,70
2016-08-26,0.006408,-0.002672,-0.009079,-0.002672,1153369.0,929256.0,153369.0,0.153369,1,0.5493,0.5,71
2016-08-29,0.018881,0.010887,-0.007994,0.010887,1175146.0,939373.0,175146.0,0.175146,1,0.5556,0.55,72
2016-08-30,0.004728,0.003987,-0.000741,0.003987,1180702.0,943118.0,180702.0,0.180702,1,0.5616,0.6,73
2016-08-31,0.023823,0.020326,-0.003497,0.020326,1208830.0,962288.0,208830.0,0.20883,1,0.5676,0.6,74
2016-09-01,0.003628,0.001854,-0.001774,0.001854,1213216.0,964072.0,213216.0,0.213216,1,0.5733,0.6,75
2016-09-02,-0.00486,-0.001199,0.003661,-0.001199,1207320.0,962916.0,207320.0,0.20732,0,0.5658,0.55,76
2016-09-06,0.004608,0.003374,-0.001235,0.003374,1212883.0,966164.0,212883.0,0.212883,1,0.5714,0.6,77
2016-09-07,-0.000627,0.003401,0.004028,0.003401,1212123.0,969450.0,212123.0,0.212123,0,0.5641,0.55,78
2016-09-08,-0.004308,-0.005464,-0.001155,-0.005464,1206900.0,964153.0,206900.0,0.2069,0,0.557,0.5,79
2016-09-09,0.002684,-0.000708,-0.003393,-0.000708,1210140.0,963470.0,210140.0,0.21014,1,0.5625,0.55,80
2016-09-12,-0.003755,-0.009882,-0.006127,-0.009882,1205597.0,953950.0,205597.0,0.205597,0,0.5556,0.5,81
2016-09-13,0.004856,0.00348,-0.001376,0.00348,1211451.0,957269.0,211451.0,0.211451,1,0.561,0.55,82
2016-09-14,0.00144,-0.001428,-0.002868,-0.001428,1213196.0,955902.0,213196.0,0.213196,1,0.5663,0.6,83
2016-09-15,0.001424,-0.001296,-0.00272,-0.001296,1214923.0,954663.0,214923.0,0.214923,1,0.5714,0.6,84
2016-09-16,-0.004576,0.004527,0.009104,0.004527,1209364.0,958985.0,209364.0,0.209364,0,0.5647,0.6,85
2016-09-20,0.009362,0.002114,-0.007249,0.002114,1220686.0,961013.0,220686.0,0.220686,1,0.5698,0.65,86
2016-09-21,-0.016952,0.011928,0.02888,0.011928,1199993.0,972475.0,199993.0,0.199993,0,0.5632,0.65,87
2016-09-23,0.002822,-0.001536,-0.004358,-0.001536,1203380.0,970982.0,203380.0,0.20338,1,0.5682,0.65,88
2016-09-26,-0.014799,-0.018582,-0.003782,-0.018582,1185570.0,952939.0,185570.0,0.18557,0,0.5618,0.65,89
2016-09-27,8.3e-05,0.009687,0.009604,0.009687,1185669.0,962171.0,185669.0,0.185669,1,0.5667,0.65,90
2016-09-28,0.006934,0.002377,-0.004557,0.002377,1193891.0,964458.0,193891.0,0.193891,1,0.5714,0.65,91
2016-09-29,-0.001027,-0.003839,-0.002811,-0.003839,1192664.0,960756.0,192664.0,0.192664,0,0.5652,0.6,92
2016-09-30,0.013576,0.00035,-0.013226,0.00035,1208856.0,961092.0,208856.0,0.208856,1,0.5699,0.6,93
2016-10-03,-0.00251,-0.000381,0.002129,-0.000381,1205822.0,960725.0,205822.0,0.205822,0,0.5638,0.55,94
2016-10-04,-0.000691,-0.004601,-0.00391,-0.004601,1204988.0,956305.0,204988.0,0.204988,0,0.5579,0.5,95
2016-10-05,0.005466,0.002704,-0.002762,0.002704,1211575.0,958891.0,211575.0,0.211575,1,0.5625,0.55,96
2016-10-06,0.006302,0.006247,-5.5e-05,0.006247,1219210.0,964881.0,219210.0,0.21921,1,0.567,0.55,97
2016-10-07,0.004444,0.000573,-0.003871,0.000573,1224628.0,965434.0,224628.0,0.224628,1,0.5714,0.6,98
2016-10-11,-0.010003,-0.001565,0.008439,-0.001565,1212378.0,963923.0,212378.0,0.212378,0,0.5657,0.6,99
2016-10-12,0.004771,0.00166,-0.00311,0.00166,1218162.0,965524.0,218162.0,0.218162,1,0.57,0.6,100
2016-10-13,0.002023,-0.004921,-0.006944,-0.004921,1220626.0,960772.0,220626.0,0.220626,1,0.5743,0.65,101
2016-10-14,-0.003073,0.002603,0.005675,0.002603,1216876.0,963273.0,216876.0,0.216876,0,0.5686,0.6,102
2016-10-17,0.004859,0.003276,-0.001583,0.003276,1222789.0,966428.0,222789.0,0.222789,1,0.5728,0.6,103
2016-10-18,-0.002486,0.000505,0.002991,0.000505,1219749.0,966917.0,219749.0,0.219749,0,0.5673,0.55,104
2016-10-19,0.005296,0.002747,-0.002549,0.002747,1226209.0,969573.0,226209.0,0.226209,1,0.5714,0.6,105
2016-10-20,0.00181,0.003027,0.001217,0.003027,1228429.0,972508.0,228429.0,0.228429,1,0.5755,0.6,106
2016-10-21,0.000267,-0.001414,-0.001681,-0.001414,1228756.0,971133.0,228756.0,0.228756,1,0.5794,0.65,107
2016-10-24,0.004185,0.000532,-0.003653,0.000532,1233898.0,971650.0,233898.0,0.233898,1,0.5833,0.65,108
2016-10-25,0.005152,0.002096,-0.003056,0.002096,1240255.0,973686.0,240255.0,0.240255,1,0.5872,0.7,109
2016-10-26,0.010076,0.003121,-0.006955,0.003121,1252752.0,976726.0,252752.0,0.252752,1,0.5909,0.7,110
2016-10-27,0.000241,-0.000181,-0.000422,-0.000181,1253055.0,976549.0,253055.0,0.253055,1,0.5946,0.7,111
2016-10-28,-0.00504,0.002407,0.007447,0.002407,1246739.0,978899.0,246739.0,0.246739,0,0.5893,0.7,112
2016-10-31,0.003854,0.002099,-0.001755,0.002099,1251544.0,980953.0,251544.0,0.251544,1,0.5929,0.7,113
2016-11-01,0.001523,0.001236,-0.000287,0.001236,1253450.0,982166.0,253450.0,0.25345,1,0.5965,0.75,114
2016-11-02,-0.009695,-0.014455,-0.00476,-0.014455,1241298.0,967969.0,241298.0,0.241298,0,0.5913,0.75,115
2016-11-04,-0.005551,-0.012833,-0.007282,-0.012833,1234407.0,955547.0,234407.0,0.234407,0,0.5862,0.7,116
2016-11-07,0.004353,0.006912,0.002559,0.006912,1239781.0,962151.0,239781.0,0.239781,1,0.5897,0.7,117
2016-11-08,-0.003576,-0.006095,-0.00252,-0.006095,1235348.0,956286.0,235348.0,0.235348,0,0.5847,0.65,118
2016-11-09,0.030366,-0.018041,-0.048407,-0.018041,1272861.0,939034.0,272861.0,0.272861,1,0.5882,0.7,119
2016-11-10,0.007656,0.01703,0.009374,0.01703,1282606.0,955026.0,282606.0,0.282606,1,0.5917,0.7,120
2016-11-11,0.012309,0.011613,-0.000696,0.011613,1298393.0,966117.0,298393.0,0.298393,1,0.595,0.7,121
2016-11-14,-0.012074,0.005612,0.017686,0.005612,1282716.0,971539.0,282716.0,0.282716,0,0.5902,0.7,122
2016-11-15,0.002228,0.007265,0.005038,0.007265,1285573.0,978598.0,285573.0,0.285573,1,0.5935,0.7,123
2016-11-16,-0.009178,0.000725,0.009904,0.000725,1273774.0,979307.0,273774.0,0.273774,0,0.5887,0.7,124
2016-11-17,0.003918,0.004863,0.000945,0.004863,1278764.0,984070.0,278764.0,0.278764,1,0.592,0.7,125
2016-11-18,-0.006919,-0.006677,0.000242,-0.006677,1269916.0,977499.0,269916.0,0.269916,0,0.5873,0.65,126
2016-11-21,0.005651,0.010641,0.00499,0.010641,1277093.0,987901.0,277093.0,0.277093,1,0.5906,0.65,127
2016-11-22,0.000643,0.006846,0.006203,0.006846,1277913.0,994664.0,277913.0,0.277913,1,0.5938,0.65,128
2016-11-25,-0.006381,-0.004517,0.001864,-0.004517,1269759.0,990171.0,269759.0,0.269759,0,0.5891,0.6,129
2016-11-28,0.010518,0.007625,-0.002893,0.007625,1283114.0,997721.0,283114.0,0.283114,1,0.5923,0.6,130
2016-11-29,-0.001325,0.003969,0.005295,0.003969,1281413.0,1001681.0,281413.0,0.281413,0,0.5878,0.55,131
2016-11-30,0.001902,0.002422,0.000521,0.002422,1283850.0,1004108.0,283850.0,0.28385,1,0.5909,0.6,132
2016-12-01,0.014611,0.010846,-0.003765,0.010846,1302609.0,1014999.0,302609.0,0.302609,1,0.594,0.6,133
2016-12-02,0.007309,-0.001551,-0.008859,-0.001551,1312129.0,1013425.0,312129.0,0.312129,1,0.597,0.6,134
2016-12-05,-0.004264,-0.005828,-0.001564,-0.005828,1306534.0,1007519.0,306534.0,0.306534,0,0.5926,0.6,135
2016-12-06,0.010596,0.010688,9.2e-05,0.010688,1320377.0,1018287.0,320377.0,0.320377,1,0.5956,0.65,136
2016-12-07,-0.00328,0.008986,0.012266,0.008986,1316046.0,1027437.0,316046.0,0.316046,0,0.5912,0.6,137
2016-12-08,0.006193,0.004556,-0.001636,0.004556,1324196.0,1032119.0,324196.0,0.324196,1,0.5942,0.65,138
2016-12-09,0.018055,0.018791,0.000736,0.018791,1348104.0,1051513.0,348104.0,0.348104,1,0.5971,0.65,139
2016-12-12,0.02612,0.015113,-0.011007,0.015113,1383316.0,1067405.0,383316.0,0.383316,1,0.6,0.65,140
2016-12-13,0.002903,0.011172,0.008268,0.011172,1387332.0,1079330.0,387332.0,0.387332,1,0.6028,0.65,141
2016-12-14,0.004848,-0.002125,-0.006973,-0.002125,1394058.0,1077037.0,394058.0,0.394058,1,0.6056,0.7,142
2016-12-15,0.008177,-0.001452,-0.009629,-0.001452,1405457.0,1075473.0,405457.0,0.405457,1,0.6084,0.7,143
2016-12-16,-0.004737,0.002608,0.007346,0.002608,1398799.0,1078279.0,398799.0,0.398799,0,0.6042,0.7,144
2016-12-19,0.010699,0.011313,0.000614,0.011313,1413766.0,1090478.0,413766.0,0.413766,1,0.6069,0.7,145
2016-12-20,0.011906,0.001336,-0.010569,0.001336,1430597.0,1091935.0,430597.0,0.430597,1,0.6096,0.75,146
2016-12-21,0.000358,-0.003041,-0.003399,-0.003041,1431109.0,1088614.0,431109.0,0.431109,1,0.6122,0.75,147
2016-12-22,-0.001846,-0.00292,-0.001074,-0.00292,1428467.0,1085435.0,428467.0,0.428467,0,0.6081,0.7,148
2016-12-27,0.001427,0.003096,0.001669,0.003096,1430505.0,1088796.0,430505.0,0.430505,1,0.6107,0.75,149
2016-12-28,-0.006533,-0.001918,0.004615,-0.001918,1421159.0,1086707.0,421159.0,0.421159,0,0.6067,0.7,150
2016-12-29,0.005764,-0.001967,-0.007732,-0.001967,1429351.0,1084569.0,429351.0,0.429351,1,0.6093,0.75,151
2016-12-30,-0.005184,-0.003465,0.001719,-0.003465,1421941.0,1080811.0,421941.0,0.421941,0,0.6053,0.7,152
2017-01-04,-0.001137,0.011267,0.012404,0.011267,1420325.0,1092989.0,420325.0,0.420325,0,0.6013,0.65,153
2017-01-05,-0.006082,-0.012712,-0.00663,-0.012712,1411686.0,1079095.0,411686.0,0.411686,0,0.5974,0.6,154
2017-01-06,0.007056,0.00357,-0.003486,0.00357,1421647.0,1082947.0,421647.0,0.421647,1,0.6,0.65,155
2017-01-10,-0.005458,-0.00988,-0.004422,-0.00988,1413887.0,1072247.0,413887.0,0.413887,0,0.5962,0.6,156
2017-01-11,-0.007389,0.0,0.007389,0.0,1403440.0,1072247.0,403440.0,0.40344,0,0.5924,0.6,157
2017-01-12,0.016193,0.001205,-0.014988,0.001205,1426166.0,1073539.0,426166.0,0.426166,1,0.5949,0.6,158
2017-01-13,-0.010514,-0.002414,0.008099,-0.002414,1411172.0,1070947.0,411172.0,0.411172,0,0.5912,0.55,159
2017-01-17,0.003132,-0.008493,-0.011626,-0.008493,1415592.0,1061851.0,415592.0,0.415592,1,0.5938,0.55,160
2017-01-18,-0.011545,-0.001355,0.01019,-0.001355,1399249.0,1060412.0,399249.0,0.399249,0,0.5901,0.5,161
2017-01-19,0.005922,0.005179,-0.000743,0.005179,1407536.0,1065905.0,407536.0,0.407536,1,0.5926,0.5,162
2017-01-20,-0.01002,-0.002861,0.007159,-0.002861,1393432.0,1062855.0,393432.0,0.393432,0,0.589,0.45,163
2017-01-23,-0.002208,-0.005166,-0.002958,-0.005166,1390355.0,1057364.0,390355.0,0.390355,0,0.5854,0.45,164
2017-01-24,0.002886,-0.000703,-0.003589,-0.000703,1394368.0,1056621.0,394368.0,0.394368,1,0.5879,0.45,165
2017-01-25,0.000251,-0.006313,-0.006564,-0.006313,1394718.0,1049951.0,394718.0,0.394718,1,0.5904,0.45,166
2017-01-26,-0.006757,-0.005005,0.001753,-0.005005,1385293.0,1044696.0,385293.0,0.385293,0,0.5868,0.4,167
2017-01-27,0.010687,0.010005,-0.000682,0.010005,1400098.0,1055149.0,400098.0,0.400098,1,0.5893,0.45,168
2017-01-30,0.001971,-0.000466,-0.002437,-0.000466,1402858.0,1054657.0,402858.0,0.402858,1,0.5917,0.45,169
2017-01-31,-0.002262,-0.002791,-0.000529,-0.002791,1399684.0,1051713.0,399684.0,0.399684,0,0.5882,0.45,170
2017-02-01,0.000913,0.008201,0.007288,0.008201,1400963.0,1060338.0,400963.0,0.400963,1,0.5906,0.45,171
2017-02-02,0.014416,-0.001063,-0.015479,-0.001063,1421159.0,1059211.0,421159.0,0.421159,1,0.593,0.5,172
2017-02-03,-0.003166,0.004355,0.007521,0.004355,1416659.0,1063824.0,416659.0,0.416659,0,0.5896,0.5,173
2017-02-06,-0.006175,-0.004611,0.001564,-0.004611,1407912.0,1058919.0,407912.0,0.407912,0,0.5862,0.5,174
2017-02-07,0.000115,0.000519,0.000403,0.000519,1408074.0,1059469.0,408074.0,0.408074,1,0.5886,0.5,175
2017-02-08,0.012747,0.003465,-0.009282,0.003465,1426023.0,1063140.0,426023.0,0.426023,1,0.5909,0.55,176
2017-02-09,0.005812,-0.001433,-0.007245,-0.001433,1434312.0,1061617.0,434312.0,0.434312,1,0.5932,0.6,177
2017-02-10,0.009144,0.013942,0.004799,0.013942,1447427.0,1076418.0,447427.0,0.447427,1,0.5955,0.6,178
2017-02-13,0.008297,0.013628,0.005331,0.013628,1459435.0,1091087.0,459435.0,0.459435,1,0.5978,0.65,179
2017-02-14,-0.004289,-0.009294,-0.005005,-0.009294,1453176.0,1080947.0,453176.0,0.453176,0,0.5944,0.6,180
2017-02-15,0.003936,0.003936,0.0,0.003936,1458896.0,1085202.0,458896.0,0.458896,1,0.5967,0.65,181
2017-02-16,-0.001343,-0.001343,0.0,-0.001343,1456936.0,1083744.0,456936.0,0.456936,0,0.5934,0.6,182
2017-02-17,0.002603,0.003074,0.000471,0.003074,1460729.0,1087075.0,460729.0,0.460729,1,0.5956,0.65,183
2017-02-21,0.001812,0.005093,0.003281,0.005093,1463376.0,1092611.0,463376.0,0.463376,1,0.5978,0.7,184
2017-02-22,-0.001901,-0.003586,-0.001686,-0.003586,1460595.0,1088692.0,460595.0,0.460595,0,0.5946,0.65,185
2017-02-23,0.001312,0.003217,0.001905,0.003217,1462511.0,1092195.0,462511.0,0.462511,1,0.5968,0.65,186
2017-02-24,-0.002862,0.004439,0.007301,0.004439,1458326.0,1097043.0,458326.0,0.458326,0,0.5936,0.65,187
2017-02-27,0.015751,-0.001786,-0.017537,-0.001786,1481296.0,1095083.0,481296.0,0.481296,1,0.5957,0.65,188
2017-02-28,0.008586,0.005054,-0.003532,0.005054,1494014.0,1100618.0,494014.0,0.494014,1,0.5979,0.65,189
2017-03-01,0.004611,0.003661,-0.000951,0.003661,1500903.0,1104647.0,500903.0,0.500903,1,0.6,0.7,190
2017-03-02,0.002734,0.004855,0.002121,0.004855,1505007.0,1110010.0,505007.0,0.505007,1,0.6021,0.7,191
2017-03-03,0.005676,-0.000507,-0.006183,-0.000507,1513549.0,1109446.0,513549.0,0.513549,1,0.6042,0.7,192
2017-03-06,0.007659,0.004823,-0.002837,0.004823,1525142.0,1114797.0,525142.0,0.525142,1,0.6062,0.75,193
2017-03-07,-0.001332,0.002463,0.003795,0.002463,1523111.0,1117542.0,523111.0,0.523111,0,0.6031,0.75,194
2017-03-08,0.003969,-0.001684,-0.005653,-0.001684,1529156.0,1115661.0,529156.0,0.529156,1,0.6051,0.75,195
2017-03-09,-0.00362,-0.00118,0.00244,-0.00118,1523621.0,1114345.0,523621.0,0.523621,0,0.602,0.7,196
2017-03-10,-0.004459,0.009854,0.014313,0.009854,1516827.0,1125326.0,516827.0,0.516827,0,0.599,0.65,197
2017-03-13,0.001388,0.003386,0.001998,0.003386,1518933.0,1129136.0,518933.0,0.518933,1,0.601,0.65,198
2017-03-14,-0.003319,-0.005643,-0.002324,-0.005643,1513891.0,1122764.0,513891.0,0.513891,0,0.598,0.6,199
2017-03-15,0.004075,-0.000476,-0.004551,-0.000476,1520060.0,1122230.0,520060.0,0.52006,1,0.6,0.65,200
2017-03-16,-0.004244,-0.004244,0.0,-0.004244,1513608.0,1117466.0,513608.0,0.513608,0,0.597,0.6,201
2017-03-17,0.0028,0.001627,-0.001173,0.001627,1517846.0,1119285.0,517846.0,0.517846,1,0.599,0.65,202
2017-03-21,-0.009632,-0.006228,0.003404,-0.006228,1503226.0,1112314.0,503226.0,0.503226,0,0.5961,0.6,203
2017-03-22,0.015413,0.002412,-0.013001,0.002412,1526395.0,1114997.0,526395.0,0.526395,1,0.598,0.6,204
2017-03-23,-0.007485,-0.000853,0.006632,-0.000853,1514971.0,1114046.0,514971.0,0.514971,0,0.5951,0.6,205
2017-03-24,0.003424,0.002545,-0.00088,0.002545,1520159.0,1116881.0,520159.0,0.520159,1,0.5971,0.6,206
2017-03-27,0.002313,0.000476,-0.001837,0.000476,1523675.0,1117413.0,523675.0,0.523675,1,0.599,0.65,207
2017-03-28,-0.002179,0.00428,0.006458,0.00428,1520355.0,1122195.0,520355.0,0.520355,0,0.5962,0.6,208
2017-03-29,-0.009148,-0.00208,0.007069,-0.00208,1506446.0,1119861.0,506446.0,0.506446,0,0.5933,0.55,209
2017-03-30,0.011857,0.001656,-0.010202,0.001656,1524309.0,1121715.0,524309.0,0.524309,1,0.5952,0.55,210
2017-03-31,-0.004608,-0.00321,0.001399,-0.00321,1517284.0,1118115.0,517284.0,0.517284,0,0.5924,0.5,211
2017-04-03,-0.010665,-0.00363,0.007035,-0.00363,1501103.0,1114057.0,501103.0,0.501103,0,0.5896,0.45,212
2017-04-04,-0.008233,-0.012272,-0.004039,-0.012272,1488744.0,1100384.0,488744.0,0.488744,0,0.5869,0.4,213
2017-04-05,-0.009931,-0.009931,0.0,-0.009931,1473959.0,1089456.0,473959.0,0.473959,0,0.5841,0.4,214
2017-04-06,-0.002753,-0.005976,-0.003223,-0.005976,1469901.0,1082946.0,469901.0,0.469901,0,0.5814,0.35,215
2017-04-07,0.014404,0.011783,-0.002621,0.011783,1491074.0,1095706.0,491074.0,0.491074,1,0.5833,0.4,216
2017-04-10,-0.004877,-0.00554,-0.000663,-0.00554,1483801.0,1089636.0,483801.0,0.483801,0,0.5806,0.4,217
2017-04-11,-0.004963,-0.004963,0.0,-0.004963,1476438.0,1084228.0,476438.0,0.476438,0,0.578,0.35,218
2017-04-12,-0.014026,-0.014198,-0.000172,-0.014198,1455728.0,1068834.0,455728.0,0.455728,0,0.5753,0.35,219
2017-04-13,0.00683,0.002341,-0.004489,0.002341,1465671.0,1071336.0,465671.0,0.465671,1,0.5773,0.35,220
2017-04-17,0.003721,0.004298,0.000577,0.004298,1471125.0,1075941.0,471125.0,0.471125,1,0.5792,0.4,221
2017-04-18,0.000511,-0.00549,-0.006001,-0.00549,1471877.0,1070034.0,471877.0,0.471877,1,0.5811,0.4,222
2017-04-19,0.002133,0.002341,0.000208,0.002341,1475016.0,1072539.0,475016.0,0.475016,1,0.583,0.45,223
2017-04-20,0.011923,0.009734,-0.002188,0.009734,1492603.0,1082979.0,492603.0,0.492603,1,0.5848,0.45,224
2017-04-21,-0.003069,-0.002138,0.000931,-0.002138,1488021.0,1080664.0,488021.0,0.488021,0,0.5822,0.45,225
2017-04-24,-0.000641,0.000714,0.001355,0.000714,1487067.0,1081435.0,487067.0,0.487067,0,0.5796,0.4,226
2017-04-25,0.00404,0.001867,-0.002173,0.001867,1493075.0,1083454.0,493075.0,0.493075,1,0.5815,0.4,227
2017-04-26,0.009902,0.007722,-0.00218,0.007722,1507859.0,1091820.0,507859.0,0.507859,1,0.5833,0.45,228
2017-04-27,0.000911,0.00078,-0.000132,0.00078,1509233.0,1092672.0,509233.0,0.509233,1,0.5852,0.5,229
2017-04-28,0.004179,0.0,-0.004179,0.0,1515540.0,1092672.0,515540.0,0.51554,1,0.587,0.5,230
2017-05-01,-0.009014,-0.000914,0.0081,-0.000914,1501878.0,1091672.0,501878.0,0.501878,0,0.5844,0.5,231
2017-05-02,0.003868,0.000407,-0.003461,0.000407,1507687.0,1092116.0,507687.0,0.507687,1,0.5862,0.55,232
2017-05-08,-0.001967,0.006408,0.008375,0.006408,1504722.0,1099115.0,504722.0,0.504722,0,0.5837,0.55,233
2017-05-09,-0.002097,-0.000441,0.001656,-0.000441,1501566.0,1098630.0,501566.0,0.501566,0,0.5812,0.55,234
2017-05-10,0.001913,0.003921,0.002008,0.003921,1504438.0,1102938.0,504438.0,0.504438,1,0.583,0.6,235
2017-05-11,0.004462,0.001456,-0.003007,0.001456,1511151.0,1104543.0,511151.0,0.511151,1,0.5847,0.6,236
2017-05-12,-0.001383,0.001173,0.002557,0.001173,1509061.0,1105839.0,509061.0,0.509061,0,0.5823,0.6,237
2017-05-15,0.0122,0.00652,-0.00568,0.00652,1527471.0,1113049.0,527471.0,0.527471,1,0.584,0.65,238
2017-05-16,-0.00394,-0.003022,0.000918,-0.003022,1521453.0,1109685.0,521453.0,0.521453,0,0.5816,0.65,239
2017-05-17,-0.007812,-0.004547,0.003265,-0.004547,1509567.0,1104640.0,509567.0,0.509567,0,0.5792,0.6,240
2017-05-18,-0.002848,-0.000977,0.001871,-0.000977,1505268.0,1103560.0,505268.0,0.505268,0,0.5768,0.55,241
2017-05-19,-0.007084,-0.003887,0.003196,-0.003887,1494606.0,1099270.0,494606.0,0.494606,0,0.5744,0.5,242
2017-05-22,0.00335,0.000634,-0.002716,0.000634,1499612.0,1099967.0,499612.0,0.499612,1,0.5761,0.5,243
2017-05-23,0.003253,-0.000877,-0.00413,-0.000877,1504490.0,1099003.0,504490.0,0.50449,1,0.5779,0.5,244
2017-05-24,-0.00434,-0.000935,0.003405,-0.000935,1497961.0,1097975.0,497961.0,0.497961,0,0.5755,0.5,245
2017-05-25,-0.000137,0.0,0.000137,0.0,1497756.0,1097975.0,497756.0,0.497756,0,0.5732,0.5,246
2017-05-26,0.006136,0.000429,-0.005707,0.000429,1506947.0,1098446.0,506947.0,0.506947,1,0.5749,0.5,247
2017-05-30,0.004719,0.003019,-0.001701,0.003019,1514058.0,1101762.0,514058.0,0.514058,1,0.5766,0.5,248
2017-05-31,-0.000716,-0.004713,-0.003997,-0.004713,1512974.0,1096569.0,512974.0,0.512974,0,0.5743,0.45,249
2017-06-01,0.01183,0.011831,1e-06,0.011831,1530873.0,1109542.0,530873.0,0.530873,1,0.576,0.45,250
2017-06-02,-0.011252,0.001349,0.0126,0.001349,1513648.0,1111039.0,513648.0,0.513648,0,0.5737,0.45,251
2017-06-05,0.009765,0.00963,-0.000135,0.00963,1528429.0,1121739.0,528429.0,0.528429,1,0.5754,0.45,252
2017-06-06,-0.001152,-0.001575,-0.000423,-0.001575,1526668.0,1119972.0,526668.0,0.526668,0,0.5731,0.45,253
2017-06-07,-0.00234,-0.00234,0.0,-0.00234,1523096.0,1117351.0,523096.0,0.523096,0,0.5709,0.45,254
2017-06-08,-0.000608,-0.002123,-0.001515,-0.002123,1522170.0,1114979.0,522170.0,0.52217,0,0.5686,0.4,255
2017-06-09,0.011805,0.002312,-0.009494,0.002312,1540140.0,1117556.0,540140.0,0.54014,1,0.5703,0.4,256
2017-06-12,-0.005355,0.001417,0.006772,0.001417,1531893.0,1119140.0,531893.0,0.531893,0,0.5681,0.4,257
2017-06-13,-5e-06,0.005895,0.0059,0.005895,1531885.0,1125737.0,531885.0,0.531885,0,0.5659,0.35,258
2017-06-14,0.000804,-5.2e-05,-0.000857,-5.2e-05,1533117.0,1125678.0,533117.0,0.533117,1,0.5676,0.4,259
2017-06-15,0.014742,0.002106,-0.012636,0.002106,1555718.0,1128048.0,555718.0,0.555718,1,0.5692,0.45,260
2017-06-16,-0.002642,-0.000986,0.001655,-0.000986,1551608.0,1126935.0,551608.0,0.551608,0,0.567,0.45,261
2017-06-19,-0.003889,-0.003889,0.0,-0.003889,1545574.0,1122553.0,545574.0,0.545574,0,0.5649,0.45,262
2017-06-20,-0.009205,-0.003138,0.006067,-0.003138,1531348.0,1119030.0,531348.0,0.531348,0,0.5627,0.4,263
2017-06-21,0.000214,-0.002048,-0.002262,-0.002048,1531675.0,1116738.0,531675.0,0.531675,1,0.5644,0.4,264
2017-06-22,-0.002941,-0.001783,0.001158,-0.001783,1527170.0,1114747.0,527170.0,0.52717,0,0.5623,0.4,265
2017-06-23,0.000502,0.0,-0.000502,0.0,1527936.0,1114747.0,527936.0,0.527936,1,0.5639,0.45,266
2017-06-26,-0.00569,-0.005257,0.000433,-0.005257,1519242.0,1108886.0,519242.0,0.519242,0,0.5618,0.4,267
2017-06-27,0.004583,0.004583,0.0,0.004583,1526205.0,1113969.0,526205.0,0.526205,1,0.5634,0.4,268
2017-06-28,0.012381,0.007216,-0.005165,0.007216,1545101.0,1122007.0,545101.0,0.545101,1,0.5651,0.45,269
2017-06-29,0.005659,0.004655,-0.001004,0.004655,1553845.0,1127230.0,553845.0,0.553845,1,0.5667,0.45,270
2017-06-30,0.001931,-9.8e-05,-0.002029,-9.8e-05,1556845.0,1127119.0,556845.0,0.556845,1,0.5683,0.5,271
2017-07-03,0.001047,0.001992,0.000944,0.001992,1558476.0,1129364.0,558476.0,0.558476,1,0.5699,0.5,272
2017-07-05,0.008649,0.009525,0.000876,0.009525,1571955.0,1140121.0,571955.0,0.571955,1,0.5714,0.55,273
2017-07-06,0.003172,-0.000437,-0.003609,-0.000437,1576941.0,1139623.0,576941.0,0.576941,1,0.573,0.6,274
2017-07-07,0.000728,-0.003589,-0.004317,-0.003589,1578089.0,1135533.0,578089.0,0.578089,1,0.5745,0.65,275
2017-07-10,-0.006658,-0.007099,-0.00044,-0.007099,1567582.0,1127473.0,567582.0,0.567582,0,0.5725,0.6,276
2017-07-11,-0.000504,0.001392,0.001896,0.001392,1566792.0,1129042.0,566792.0,0.566792,0,0.5704,0.6,277
2017-07-12,-0.003827,-0.005127,-0.0013,-0.005127,1560796.0,1123254.0,560796.0,0.560796,0,0.5683,0.6,278
2017-07-13,-0.000575,-0.006122,-0.005547,-0.006122,1559899.0,1116377.0,559899.0,0.559899,0,0.5663,0.55,279
2017-07-14,0.000325,0.002424,0.002098,0.002424,1560407.0,1119083.0,560407.0,0.560407,1,0.5679,0.55,280
2017-07-18,0.000695,0.001483,0.000788,0.001483,1561492.0,1120743.0,561492.0,0.561492,1,0.5694,0.6,281
2017-07-19,0.002113,0.000905,-0.001209,0.000905,1564792.0,1121756.0,564792.0,0.564792,1,0.5709,0.65,282
2017-07-20,0.004652,0.010095,0.005444,0.010095,1572071.0,1133081.0,572071.0,0.572071,1,0.5724,0.7,283
2017-07-21,0.004737,-0.000625,-0.005362,-0.000625,1579518.0,1132373.0,579518.0,0.579518,1,0.5739,0.7,284
2017-07-24,-0.001971,-0.004038,-0.002067,-0.004038,1576405.0,1127800.0,576405.0,0.576405,0,0.5719,0.7,285
2017-07-25,0.001818,0.000915,-0.000903,0.000915,1579271.0,1128832.0,579271.0,0.579271,1,0.5734,0.7,286
2017-07-26,0.000924,0.000468,-0.000456,0.000468,1580731.0,1129361.0,580731.0,0.580731,1,0.5749,0.75,287
2017-07-27,0.003063,0.003643,0.00058,0.003643,1585572.0,1133475.0,585572.0,0.585572,1,0.5764,0.75,288
2017-07-28,0.00484,0.000901,-0.003939,0.000901,1593247.0,1134496.0,593247.0,0.593247,1,0.5779,0.75,289
2017-07-31,-0.003074,0.000302,0.003376,0.000302,1588350.0,1134839.0,588350.0,0.58835,0,0.5759,0.7,290
2017-08-01,-0.001472,0.0006,0.002072,0.0006,1586012.0,1135520.0,586012.0,0.586012,0,0.5739,0.65,291
2017-08-02,-0.003621,-0.004967,-0.001346,-0.004967,1580269.0,1129880.0,580269.0,0.580269,0,0.5719,0.6,292
2017-08-03,-0.003659,0.001721,0.00538,0.001721,1574486.0,1131825.0,574486.0,0.574486,0,0.57,0.55,293
2017-08-04,5.4e-05,0.000894,0.00084,0.000894,1574571.0,1132836.0,574571.0,0.574571,1,0.5714,0.55,294
2017-08-07,0.006324,0.005625,-0.000699,0.005625,1584529.0,1139209.0,584529.0,0.584529,1,0.5729,0.55,295
2017-08-08,-0.000281,-0.001414,-0.001133,-0.001414,1584084.0,1137598.0,584084.0,0.584084,0,0.5709,0.55,296
2017-08-09,-0.00173,-0.002237,-0.000507,-0.002237,1581343.0,1135053.0,581343.0,0.581343,0,0.569,0.55,297
2017-08-10,-0.002839,-0.005414,-0.002575,-0.005414,1576853.0,1128907.0,576853.0,0.576853,0,0.5671,0.55,298
2017-08-11,-0.0,0.0,0.0,0.0,1576853.0,1128907.0,576853.0,0.576853,0,0.5652,0.55,299
2017-08-14,0.003355,-0.002252,-0.005607,-0.002252,1582144.0,1126364.0,582144.0,0.582144,1,0.5667,0.55,300
2017-08-15,-0.000255,0.000267,0.000522,0.000267,1581740.0,1126665.0,581740.0,0.58174,0,0.5648,0.5,301
2017-08-16,-0.000291,0.0,0.000291,0.0,1581280.0,1126665.0,581280.0,0.58128,0,0.5629,0.45,302
2017-08-17,2.4e-05,-0.000169,-0.000193,-0.000169,1581318.0,1126475.0,581318.0,0.581318,1,0.5644,0.45,303
2017-08-18,0.001817,-0.002736,-0.004553,-0.002736,1584191.0,1123392.0,584191.0,0.584191,1,0.5658,0.45,304
2017-08-21,-0.004952,-0.000503,0.004449,-0.000503,1576347.0,1122828.0,576347.0,0.576347,0,0.5639,0.45,305
2017-08-22,-0.000427,0.000212,0.000639,0.000212,1575674.0,1123066.0,575674.0,0.575674,0,0.5621,0.4,306
2017-08-23,-0.004901,-0.003104,0.001797,-0.003104,1567952.0,1119580.0,567952.0,0.567952,0,0.5603,0.35,307
2017-08-24,0.001797,0.001341,-0.000456,0.001341,1570770.0,1121082.0,570770.0,0.57077,1,0.5617,0.35,308
2017-08-25,-0.001962,0.000321,0.002283,0.000321,1567689.0,1121442.0,567689.0,0.567689,0,0.5599,0.3,309
2017-08-28,-0.003759,-0.002713,0.001045,-0.002713,1561796.0,1118399.0,561796.0,0.561796,0,0.5581,0.3,310
2017-08-29,-0.002472,-0.00053,0.001942,-0.00053,1557936.0,1117807.0,557936.0,0.557936,0,0.5563,0.3,311
2017-08-30,0.00539,0.004849,-0.000541,0.004849,1566334.0,1123227.0,566334.0,0.566334,1,0.5577,0.35,312
2017-08-31,-0.003581,0.001983,0.005564,0.001983,1560725.0,1125455.0,560725.0,0.560725,0,0.5559,0.35,313
2017-09-01,0.000739,0.000666,-7.3e-05,0.000666,1561879.0,1126205.0,561879.0,0.561879,1,0.5573,0.35,314
2017-09-05,0.000458,-0.002768,-0.003227,-0.002768,1562595.0,1123087.0,562595.0,0.562595,1,0.5587,0.35,315
2017-09-06,0.00114,0.00017,-0.00097,0.00017,1564376.0,1123278.0,564376.0,0.564376,1,0.5601,0.4,316
2017-09-07,0.001318,0.001488,0.00017,0.001488,1566438.0,1124949.0,566438.0,0.566438,1,0.5615,0.45,317
2017-09-08,-0.000195,-0.001817,-0.001621,-0.001817,1566132.0,1122906.0,566132.0,0.566132,0,0.5597,0.45,318
2017-09-11,-0.001128,0.003586,0.004714,0.003586,1564366.0,1126933.0,564366.0,0.564366,0,0.558,0.45,319
2017-09-12,-0.00128,-0.001446,-0.000166,-0.001446,1562363.0,1125303.0,562363.0,0.562363,0,0.5563,0.4,320
2017-09-13,0.005213,0.004871,-0.000342,0.004871,1570507.0,1130785.0,570507.0,0.570507,1,0.5576,0.45,321
2017-09-14,0.003605,0.003945,0.00034,0.003945,1576169.0,1135245.0,576169.0,0.576169,1,0.559,0.5,322
2017-09-15,0.006342,0.003613,-0.002729,0.003613,1586164.0,1139347.0,586164.0,0.586164,1,0.5604,0.5,323
2017-09-18,0.0,0.0,0.0,0.0,1586164.0,1139347.0,586164.0,0.586164,0,0.5586,0.45,324
2017-09-19,0.018136,0.018079,-5.7e-05,0.018079,1614931.0,1159945.0,614931.0,0.614931,1,0.56,0.5,325
2017-09-20,0.010588,0.007878,-0.00271,0.007878,1632030.0,1169083.0,632030.0,0.63203,1,0.5613,0.55,326
2017-09-21,0.003647,0.005244,0.001597,0.005244,1637981.0,1175214.0,637981.0,0.637981,1,0.5627,0.6,327
2017-09-22,-0.001252,0.001586,0.002838,0.001586,1635931.0,1177078.0,635931.0,0.635931,0,0.561,0.55,328
2017-09-25,-0.001452,-9.3e-05,0.001359,-9.3e-05,1633555.0,1176969.0,633555.0,0.633555,0,0.5593,0.55,329
2017-09-26,0.00238,0.00027,-0.00211,0.00027,1637443.0,1177286.0,637443.0,0.637443,1,0.5606,0.6,330
2017-09-27,2e-05,0.0,-2e-05,0.0,1637476.0,1177286.0,637476.0,0.637476,1,0.5619,0.65,331
2017-09-28,0.009447,0.004881,-0.004566,0.004881,1652945.0,1183032.0,652945.0,0.652945,1,0.5633,0.65,332
2017-09-29,0.000173,-0.003965,-0.004138,-0.003965,1653231.0,1178341.0,653231.0,0.653231,1,0.5646,0.7,333
2017-10-02,0.002448,0.00325,0.000803,0.00325,1657277.0,1182171.0,657277.0,0.657277,1,0.5659,0.7,334
2017-10-03,-0.007349,-0.000544,0.006805,-0.000544,1645098.0,1181528.0,645098.0,0.645098,0,0.5642,0.65,335
2017-10-04,-0.010592,-0.003957,0.006635,-0.003957,1627673.0,1176853.0,627673.0,0.627673,0,0.5625,0.6,336
2017-10-05,3e-06,0.001759,0.001755,0.001759,1627679.0,1178922.0,627679.0,0.627679,1,0.5638,0.6,337
2017-10-06,0.005192,0.002653,-0.002539,0.002653,1636129.0,1182049.0,636129.0,0.636129,1,0.5651,0.65,338
2017-10-09,0.0,0.0,0.0,0.0,1636129.0,1182049.0,636129.0,0.636129,1,0.5664,0.7,339
2017-10-10,-0.003027,-0.002544,0.000483,-0.002544,1631177.0,1179042.0,631177.0,0.631177,0,0.5647,0.7,340
2017-10-11,0.001457,0.003231,0.001774,0.003231,1633554.0,1182852.0,633554.0,0.633554,1,0.566,0.7,341
2017-10-12,0.010744,0.003515,-0.007229,0.003515,1651104.0,1187009.0,651104.0,0.651104,1,0.5673,0.7,342
2017-10-13,0.001796,0.004538,0.002742,0.004538,1654070.0,1192397.0,654070.0,0.65407,1,0.5685,0.7,343
2017-10-16,0.005235,0.007623,0.002388,0.007623,1662730.0,1201487.0,662730.0,0.66273,1,0.5698,0.75,344
2017-10-17,-0.001244,-0.003466,-0.002222,-0.003466,1660661.0,1197322.0,660661.0,0.660661,0,0.5681,0.7,345
2017-10-18,0.005581,0.001333,-0.004247,0.001333,1669929.0,1198919.0,669929.0,0.669929,1,0.5694,0.7,346
2017-10-19,0.0029,0.001819,-0.00108,0.001819,1674771.0,1201100.0,674771.0,0.674771,1,0.5706,0.7,347
2017-10-20,0.004453,0.002699,-0.001754,0.002699,1682230.0,1204342.0,682230.0,0.68223,1,0.5718,0.75,348
2017-10-23,-0.001155,-0.001155,0.0,-0.001155,1680286.0,1202950.0,680286.0,0.680286,0,0.5702,0.75,349
2017-10-24,0.000869,0.005224,0.004354,0.005224,1681747.0,1209234.0,681747.0,0.681747,1,0.5714,0.75,350
2017-10-25,0.00906,0.003134,-0.005926,0.003134,1696983.0,1213024.0,696983.0,0.696983,1,0.5726,0.75,351
2017-10-26,-0.006137,0.001406,0.007543,0.001406,1686569.0,1214729.0,686569.0,0.686569,0,0.571,0.7,352
2017-10-27,0.005643,0.010054,0.004411,0.010054,1696086.0,1226942.0,696086.0,0.696086,1,0.5722,0.7,353
2017-10-30,0.000552,0.0,-0.000552,0.0,1697023.0,1226942.0,697023.0,0.697023,1,0.5734,0.7,354
2017-10-31,-0.001675,-0.001675,0.0,-0.001675,1694180.0,1224887.0,694180.0,0.69418,0,0.5718,0.7,355
2017-11-01,-0.002072,0.005777,0.007849,0.005777,1690671.0,1231963.0,690671.0,0.690671,0,0.5702,0.7,356
2017-11-02,0.003,0.00207,-0.00093,0.00207,1695743.0,1234514.0,695743.0,0.695743,1,0.5714,0.7,357
2017-11-03,0.0,0.0,0.0,0.0,1695743.0,1234514.0,695743.0,0.695743,0,0.5698,0.65,358
2017-11-06,-0.002652,-0.001708,0.000944,-0.001708,1691246.0,1232406.0,691246.0,0.691246,0,0.5682,0.6,359
2017-11-07,0.010498,0.007892,-0.002605,0.007892,1709000.0,1242132.0,709000.0,0.709,1,0.5694,0.65,360
2017-11-08,0.006759,0.004386,-0.002373,0.004386,1720552.0,1247580.0,720552.0,0.720552,1,0.5706,0.65,361
2017-11-09,-0.016767,-0.005783,0.010984,-0.005783,1691703.0,1240365.0,691703.0,0.691703,0,0.5691,0.6,362
2017-11-10,-0.003026,-0.003664,-0.000638,-0.003664,1686584.0,1235821.0,686584.0,0.686584,0,0.5675,0.55,363
2017-11-13,-0.007147,-0.004386,0.002761,-0.004386,1674531.0,1230401.0,674531.0,0.674531,0,0.5659,0.5,364
2017-11-14,0.009066,-0.004,-0.013066,-0.004,1689712.0,1225479.0,689712.0,0.689712,1,0.5671,0.55,365
2017-11-15,-0.003882,-0.003502,0.00038,-0.003502,1683153.0,1221188.0,683153.0,0.683153,0,0.5656,0.5,366
2017-11-16,0.003852,0.003394,-0.000458,0.003394,1689636.0,1225332.0,689636.0,0.689636,1,0.5668,0.5,367
2017-11-17,-0.001258,-0.004579,-0.003321,-0.004579,1687511.0,1219722.0,687511.0,0.687511,0,0.5652,0.45,368
2017-11-20,0.015479,0.016826,0.001347,0.016826,1713631.0,1240245.0,713631.0,0.713631,1,0.5664,0.5,369
2017-11-21,-0.00124,0.0,0.00124,0.0,1711506.0,1240245.0,711506.0,0.711506,0,0.5649,0.45,370
2017-11-22,-0.016518,-0.003715,0.012803,-0.003715,1683236.0,1235638.0,683236.0,0.683236,0,0.5633,0.4,371
2017-11-24,0.003198,0.0,-0.003198,0.0,1688619.0,1235638.0,688619.0,0.688619,1,0.5645,0.45,372
2017-11-27,-0.000404,-0.001399,-0.000995,-0.001399,1687936.0,1233909.0,687936.0,0.687936,0,0.563,0.4,373
2017-11-28,0.002129,0.00419,0.002061,0.00419,1691530.0,1239079.0,691530.0,0.69153,1,0.5642,0.4,374
2017-11-29,-4.5e-05,-4.5e-05,0.0,-4.5e-05,1691453.0,1239023.0,691453.0,0.691453,0,0.5627,0.4,375
2017-11-30,-0.0005,0.00447,0.00497,0.00447,1690607.0,1244562.0,690607.0,0.690607,0,0.5612,0.4,376
2017-12-01,0.004828,0.000622,-0.004205,0.000622,1698769.0,1245336.0,698769.0,0.698769,1,0.5623,0.4,377
2017-12-04,-0.007594,-0.004928,0.002667,-0.004928,1685868.0,1239200.0,685868.0,0.685868,0,0.5608,0.4,378
2017-12-05,-0.012694,-0.009924,0.00277,-0.009924,1664468.0,1226902.0,664468.0,0.664468,0,0.5594,0.4,379
2017-12-06,0.000415,-0.002747,-0.003162,-0.002747,1665159.0,1223532.0,665159.0,0.665159,1,0.5605,0.4,380
2017-12-07,-0.003753,-0.000163,0.00359,-0.000163,1658910.0,1223332.0,658910.0,0.65891,0,0.5591,0.35,381
2017-12-08,0.003106,0.003106,0.0,0.003106,1664063.0,1227132.0,664063.0,0.664063,1,0.5602,0.4,382
2017-12-11,-0.006806,0.001558,0.008364,0.001558,1652737.0,1229044.0,652737.0,0.652737,0,0.5587,0.4,383
2017-12-12,-0.023452,-0.00839,0.015061,-0.00839,1613977.0,1218732.0,613977.0,0.613977,0,0.5573,0.4,384
2017-12-13,-0.005537,-0.005076,0.00046,-0.005076,1605041.0,1212545.0,605041.0,0.605041,0,0.5558,0.35,385
2017-12-14,0.006221,0.00122,-0.005001,0.00122,1615027.0,1214025.0,615027.0,0.615027,1,0.557,0.4,386
2017-12-15,-0.007512,-0.006446,0.001067,-0.006446,1602894.0,1206199.0,602894.0,0.602894,0,0.5556,0.35,387
2017-12-18,-0.005987,0.001076,0.007063,0.001076,1593297.0,1207497.0,593297.0,0.593297,0,0.5541,0.35,388
2017-12-19,0.004076,0.001823,-0.002253,0.001823,1599791.0,1209698.0,599791.0,0.599791,1,0.5553,0.35,389
2017-12-20,-0.001148,0.0,0.001148,0.0,1597955.0,1209698.0,597955.0,0.597955,0,0.5538,0.35,390
2017-12-21,0.006039,0.000806,-0.005233,0.000806,1607606.0,1210673.0,607606.0,0.607606,1,0.555,0.4,391
2017-12-22,0.006184,0.003359,-0.002825,0.003359,1617547.0,1214740.0,617547.0,0.617547,1,0.5561,0.4,392
2017-12-26,0.003197,0.002907,-0.00029,0.002907,1622718.0,1218271.0,622718.0,0.622718,1,0.5573,0.45,393
2017-12-27,0.007118,0.008183,0.001065,0.008183,1634268.0,1228240.0,634268.0,0.634268,1,0.5584,0.45,394
2017-12-28,0.008248,0.001437,-0.006811,0.001437,1647747.0,1230005.0,647747.0,0.647747,1,0.5595,0.5,395
2017-12-29,-0.002352,-0.002352,0.0,-0.002352,1643872.0,1227112.0,643872.0,0.643872,0,0.5581,0.5,396
2018-01-02,0.0,0.0,0.0,0.0,1643872.0,1227112.0,643872.0,0.643872,0,0.5567,0.45,397
2018-01-03,0.0,0.0,0.0,0.0,1643872.0,1227112.0,643872.0,0.643872,0,0.5553,0.45,398
2018-01-04,-0.011884,-0.003937,0.007947,-0.003937,1624337.0,1222281.0,624337.0,0.624337,0,0.5539,0.45,399
2018-01-05,0.007316,0.01076,0.003444,0.01076,1636220.0,1235433.0,636220.0,0.63622,1,0.555,0.45,400
2018-01-08,0.0,0.0,0.0,0.0,1636220.0,1235433.0,636220.0,0.63622,0,0.5536,0.45,401
2018-01-09,0.009022,0.002384,-0.006637,0.002384,1650982.0,1238378.0,650982.0,0.650982,1,0.5547,0.45,402
2018-01-10,-0.011477,-0.00274,0.008737,-0.00274,1632033.0,1234985.0,632033.0,0.632033,0,0.5533,0.45,403
2018-01-11,0.001831,-0.000359,-0.00219,-0.000359,1635021.0,1234542.0,635021.0,0.635021,1,0.5545,0.5,404
2018-01-12,-0.001764,-0.005408,-0.003645,-0.005408,1632137.0,1227865.0,632137.0,0.632137,0,0.5531,0.5,405
2018-01-16,-0.003768,-0.004675,-0.000907,-0.004675,1625987.0,1222125.0,625987.0,0.625987,0,0.5517,0.45,406
2018-01-17,0.003271,-0.000309,-0.00358,-0.000309,1631306.0,1221747.0,631306.0,0.631306,1,0.5528,0.5,407
2018-01-18,-0.001669,-0.002521,-0.000852,-0.002521,1628584.0,1218667.0,628584.0,0.628584,0,0.5515,0.5,408
2018-01-19,-0.00013,0.001569,0.0017,0.001569,1628372.0,1220580.0,628372.0,0.628372,0,0.5501,0.45,409
2018-01-22,0.001783,-0.000814,-0.002596,-0.000814,1631275.0,1219587.0,631275.0,0.631275,1,0.5512,0.5,410
2018-01-23,-0.009919,-0.004236,0.005683,-0.004236,1615093.0,1214420.0,615093.0,0.615093,0,0.5499,0.45,411
2018-01-24,-0.002855,-0.002855,0.0,-0.002855,1610483.0,1210953.0,610483.0,0.610483,0,0.5485,0.4,412
2018-01-25,-0.008787,-0.004906,0.003881,-0.004906,1596331.0,1205012.0,596331.0,0.596331,0,0.5472,0.35,413
2018-01-26,0.012477,-0.000922,-0.013399,-0.000922,1616248.0,1203901.0,616248.0,0.616248,1,0.5483,0.35,414
2018-01-29,0.006487,-0.000934,-0.007421,-0.000934,1626733.0,1202777.0,626733.0,0.626733,1,0.5494,0.35,415
2018-01-30,-0.000969,-0.001941,-0.000972,-0.001941,1625157.0,1200443.0,625157.0,0.625157,0,0.5481,0.35,416
2018-01-31,-0.003355,-0.004032,-0.000677,-0.004032,1619704.0,1195603.0,619704.0,0.619704,0,0.5468,0.35,417
2018-02-01,-0.00126,-0.00126,0.0,-0.00126,1617663.0,1194097.0,617663.0,0.617663,0,0.5455,0.35,418
2018-02-02,-0.002826,-0.001874,0.000953,-0.001874,1613091.0,1191859.0,613091.0,0.613091,0,0.5442,0.35,419
2018-02-05,-0.010696,-0.020387,-0.009691,-0.020387,1595837.0,1167561.0,595837.0,0.595837,0,0.5429,0.3,420
2018-02-06,0.001913,-0.013785,-0.015698,-0.013785,1598891.0,1151467.0,598891.0,0.598891,1,0.5439,0.35,421
2018-02-07,-0.000915,-0.000391,0.000524,-0.000391,1597428.0,1151017.0,597428.0,0.597428,0,0.5427,0.3,422
2018-02-08,-0.003191,-0.003191,0.0,-0.003191,1592330.0,1147343.0,592330.0,0.59233,0,0.5414,0.3,423
2018-02-09,-0.011691,0.001457,0.013149,0.001457,1573714.0,1149015.0,573714.0,0.573714,0,0.5401,0.25,424
2018-02-12,0.0,0.0,0.0,0.0,1573714.0,1149015.0,573714.0,0.573714,0,0.5388,0.25,425
2018-02-13,0.007955,0.000906,-0.007049,0.000906,1586233.0,1150056.0,586233.0,0.586233,1,0.5399,0.3,426
2018-02-14,0.004559,0.001839,-0.002721,0.001839,1593465.0,1152171.0,593465.0,0.593465,1,0.541,0.3,427
2018-02-15,-0.014672,-0.002841,0.011831,-0.002841,1570085.0,1148897.0,570085.0,0.570085,0,0.5397,0.3,428
2018-02-16,0.003074,0.002221,-0.000853,0.002221,1574913.0,1151449.0,574913.0,0.574913,1,0.5408,0.35,429
2018-02-20,0.009497,0.007327,-0.00217,0.007327,1589869.0,1159885.0,589869.0,0.589869,1,0.5419,0.35,430
2018-02-21,-0.001955,-0.001955,0.0,-0.001955,1586760.0,1157617.0,586760.0,0.58676,0,0.5406,0.35,431
2018-02-22,0.0,0.0,0.0,0.0,1586760.0,1157617.0,586760.0,0.58676,0,0.5394,0.35,432
2018-02-23,0.000782,0.001146,0.000365,0.001146,1588001.0,1158944.0,588001.0,0.588001,1,0.5404,0.4,433
2018-02-26,-0.002355,-0.00207,0.000284,-0.00207,1584261.0,1156545.0,584261.0,0.584261,0,0.5392,0.35,434
2018-02-27,0.005763,0.003362,-0.002401,0.003362,1593392.0,1160433.0,593392.0,0.593392,1,0.5402,0.35,435
2018-02-28,-0.003061,-0.003838,-0.000777,-0.003838,1588515.0,1155980.0,588515.0,0.588515,0,0.539,0.35,436
2018-03-01,-0.010427,-0.011899,-0.001473,-0.011899,1571952.0,1142225.0,571952.0,0.571952,0,0.5378,0.35,437
2018-03-02,-0.003202,-0.003202,0.0,-0.003202,1566919.0,1138567.0,566919.0,0.566919,0,0.5365,0.35,438
2018-03-05,-0.001368,0.002196,0.003564,0.002196,1564775.0,1141067.0,564775.0,0.564775,0,0.5353,0.35,439
2018-03-06,0.003941,-0.000624,-0.004564,-0.000624,1570941.0,1140355.0,570941.0,0.570941,1,0.5364,0.4,440
2018-03-07,0.003416,0.0,-0.003416,0.0,1576308.0,1140355.0,576308.0,0.576308,1,0.5374,0.4,441
2018-03-08,0.000335,0.000335,0.0,0.000335,1576835.0,1140737.0,576835.0,0.576835,1,0.5385,0.45,442
2018-03-09,-0.003424,-0.001984,0.00144,-0.001984,1571436.0,1138473.0,571436.0,0.571436,0,0.5372,0.45,443
2018-03-12,-0.002742,-0.001804,0.000938,-0.001804,1567128.0,1136420.0,567128.0,0.567128,0,0.536,0.45,444
2018-03-13,0.001422,0.00413,0.002708,0.00413,1569357.0,1141113.0,569357.0,0.569357,1,0.5371,0.5,445
2018-03-14,0.001466,0.001466,0.0,0.001466,1571658.0,1142787.0,571658.0,0.571658,1,0.5381,0.5,446
2018-03-15,-0.001741,-0.001443,0.000298,-0.001443,1568922.0,1141138.0,568922.0,0.568922,0,0.5369,0.45,447
2018-03-16,0.000523,-0.00048,-0.001003,-0.00048,1569743.0,1140590.0,569743.0,0.569743,1,0.5379,0.5,448
2018-03-19,-0.005463,-0.005463,0.0,-0.005463,1561167.0,1134359.0,561167.0,0.561167,0,0.5367,0.45,449
2018-03-20,-0.005999,-0.002612,0.003387,-0.002612,1551801.0,1131395.0,551801.0,0.551801,0,0.5356,0.4,450
2018-03-21,0.0,0.0,0.0,0.0,1551801.0,1131395.0,551801.0,0.551801,0,0.5344,0.4,451
2018-03-22,0.002658,0.0,-0.002658,0.0,1555926.0,1131395.0,555926.0,0.555926,1,0.5354,0.45,452
2018-03-23,0.024056,-0.003075,-0.027131,-0.003075,1593356.0,1127917.0,593356.0,0.593356,1,0.5364,0.45,453
2018-03-26,0.005495,0.005495,0.0,0.005495,1602111.0,1134114.0,602111.0,0.602111,1,0.5374,0.5,454
2018-03-27,-0.003963,0.015392,0.019355,0.015392,1595762.0,1151570.0,595762.0,0.595762,0,0.5363,0.45,455
2018-03-28,0.005668,0.008228,0.00256,0.008228,1604806.0,1161045.0,604806.0,0.604806,1,0.5373,0.5,456
2018-03-29,-0.00035,0.000157,0.000507,0.000157,1604244.0,1161227.0,604244.0,0.604244,0,0.5361,0.5,457
2018-04-02,-0.006329,-0.004788,0.001541,-0.004788,1594092.0,1155668.0,594092.0,0.594092,0,0.5349,0.5,458
2018-04-03,-0.006091,-0.006553,-0.000462,-0.006553,1584381.0,1148094.0,584381.0,0.584381,0,0.5338,0.5,459
2018-04-04,-0.01209,-0.005093,0.006997,-0.005093,1565226.0,1142247.0,565226.0,0.565226,0,0.5326,0.45,460
2018-04-05,0.010335,0.012401,0.002066,0.012401,1581403.0,1156412.0,581403.0,0.581403,1,0.5336,0.45,461
2018-04-06,0.000754,0.0,-0.000754,0.0,1582595.0,1156412.0,582595.0,0.582595,1,0.5346,0.45,462
2018-04-09,0.005845,0.005845,0.0,0.005845,1591845.0,1163171.0,591845.0,0.591845,1,0.5356,0.5,463
2018-04-10,-0.005092,-0.00162,0.003472,-0.00162,1583740.0,1161287.0,583740.0,0.58374,0,0.5345,0.5,464
2018-04-11,0.004511,-0.002453,-0.006964,-0.002453,1590885.0,1158439.0,590885.0,0.590885,1,0.5355,0.5,465
2018-04-12,-0.002719,-0.002719,0.0,-0.002719,1586559.0,1155289.0,586559.0,0.586559,0,0.5343,0.45,466
2018-04-13,0.001299,0.00054,-0.000759,0.00054,1588619.0,1155912.0,588619.0,0.588619,1,0.5353,0.5,467
2018-04-16,-0.000341,0.0,0.000341,0.0,1588077.0,1155912.0,588077.0,0.588077,0,0.5342,0.45,468
2018-04-17,-0.001846,0.000905,0.002751,0.000905,1585145.0,1156958.0,585145.0,0.585145,0,0.533,0.45,469
2018-04-18,-0.003732,0.002699,0.006431,0.002699,1579228.0,1160081.0,579228.0,0.579228,0,0.5319,0.45,470
2018-04-19,-0.003229,0.001263,0.004492,0.001263,1574128.0,1161546.0,574128.0,0.574128,0,0.5308,0.45,471
2018-04-20,-8.2e-05,-0.000962,-0.00088,-0.000962,1573999.0,1160428.0,573999.0,0.573999,0,0.5297,0.4,472
2018-04-23,-0.005281,-0.001782,0.0035,-0.001782,1565686.0,1158361.0,565686.0,0.565686,0,0.5285,0.35,473
2018-04-24,0.002959,0.003544,0.000586,0.003544,1570319.0,1162467.0,570319.0,0.570319,1,0.5295,0.35,474
2018-04-25,0.000578,0.006098,0.00552,0.006098,1571227.0,1169555.0,571227.0,0.571227,1,0.5305,0.4,475
2018-04-26,0.0,0.0,0.0,0.0,1571227.0,1169555.0,571227.0,0.571227,0,0.5294,0.35,476
2018-04-27,-0.006187,-0.003384,0.002803,-0.003384,1561505.0,1165598.0,561505.0,0.561505,0,0.5283,0.35,477
2018-04-30,0.0,0.0,-0.0,0.0,1561505.0,1165598.0,561505.0,0.561505,1,0.5293,0.4,478
2018-05-01,0.005743,0.007874,0.002131,0.007874,1570473.0,1174775.0,570473.0,0.570473,1,0.5303,0.45,479
2018-05-02,-0.004955,-0.003263,0.001692,-0.003263,1562690.0,1170942.0,562690.0,0.56269,0,0.5292,0.45,480
2018-05-03,0.0,0.0,0.0,0.0,1562690.0,1170942.0,562690.0,0.56269,1,0.5301,0.45,481
2018-05-04,0.0,0.0,0.0,0.0,1562690.0,1170942.0,562690.0,0.56269,1,0.5311,0.45,482
2018-05-07,-0.000408,0.0,0.000408,0.0,1562052.0,1170942.0,562052.0,0.562052,0,0.53,0.4,483
2018-05-08,-0.000748,0.0,0.000748,0.0,1560884.0,1170942.0,560884.0,0.560884,0,0.5289,0.4,484
2018-05-09,0.00226,0.0,-0.00226,0.0,1564412.0,1170942.0,564412.0,0.564412,1,0.5299,0.4,485
2018-05-10,0.011396,0.0,-0.011396,0.0,1582240.0,1170942.0,582240.0,0.58224,1,0.5309,0.45,486
2018-05-11,0.001174,0.0,-0.001174,0.0,1584098.0,1170942.0,584098.0,0.584098,1,0.5318,0.45,487
2018-05-14,0.00301,0.00301,0.0,0.00301,1588866.0,1174466.0,588866.0,0.588866,1,0.5328,0.5,488
2018-05-15,-0.001978,0.0,0.001978,0.0,1585724.0,1174466.0,585724.0,0.585724,0,0.5317,0.5,489
2018-05-16,-0.004063,0.0,0.004063,0.0,1579281.0,1174466.0,579281.0,0.579281,0,0.5306,0.5,490
2018-05-17,0.000552,0.002474,0.001922,0.002474,1580153.0,1177371.0,580153.0,0.580153,1,0.5316,0.55,491
2018-05-18,0.00921,0.009356,0.000146,0.009356,1594705.0,1188387.0,594705.0,0.594705,1,0.5325,0.6,492
2018-05-21,-0.004403,-9.3e-05,0.00431,-9.3e-05,1587684.0,1188277.0,587684.0,0.587684,0,0.5314,0.6,493
2018-05-22,8.5e-05,8.5e-05,0.0,8.5e-05,1587820.0,1188378.0,587820.0,0.58782,1,0.5324,0.6,494
2018-05-23,0.004609,0.000625,-0.003984,0.000625,1595137.0,1189121.0,595137.0,0.595137,1,0.5333,0.6,495
2018-05-24,0.0104,0.0,-0.0104,0.0,1611726.0,1189121.0,611726.0,0.611726,1,0.5343,0.65,496
2018-05-25,-0.001401,0.0,0.001401,0.0,1609468.0,1189121.0,609468.0,0.609468,0,0.5332,0.65,497
2018-05-29,0.003002,0.0,-0.003002,0.0,1614299.0,1189121.0,614299.0,0.614299,1,0.5341,0.65,498
2018-05-30,0.006346,-0.000696,-0.007042,-0.000696,1624543.0,1188293.0,624543.0,0.624543,1,0.5351,0.65,499
2018-05-31,-0.002382,0.0,0.002382,0.0,1620673.0,1188293.0,620673.0,0.620673,0,0.534,0.65,500
2018-06-01,0.004087,0.004087,0.0,0.004087,1627297.0,1193150.0,627297.0,0.627297,1,0.5349,0.65,501
2018-06-04,0.002966,0.002966,0.0,0.002966,1632123.0,1196689.0,632123.0,0.632123,1,0.5359,0.65,502
2018-06-05,-0.004509,0.0,0.004509,0.0,1624765.0,1196689.0,624765.0,0.624765,0,0.5348,0.65,503
2018-06-06,-0.00347,-0.000926,0.002545,-0.000926,1619126.0,1195581.0,619126.0,0.619126,0,0.5337,0.65,504
2018-06-07,-0.000887,-0.000887,0.0,-0.000887,1617691.0,1194521.0,617691.0,0.617691,0,0.5327,0.6,505
2018-06-08,0.002469,0.0,-0.002469,0.0,1621685.0,1194521.0,621685.0,0.621685,1,0.5336,0.6,506
2018-06-11,0.0,0.0,0.0,0.0,1621685.0,1194521.0,621685.0,0.621685,0,0.5325,0.55,507
2018-06-12,0.00716,0.009247,0.002087,0.009247,1633296.0,1205567.0,633296.0,0.633296,1,0.5335,0.55,508
2018-06-13,-0.001353,0.001028,0.002381,0.001028,1631086.0,1206806.0,631086.0,0.631086,0,0.5324,0.55,509
2018-06-14,0.0,0.0,0.0,0.0,1631086.0,1206806.0,631086.0,0.631086,0,0.5314,0.55,510
2018-06-15,0.001755,0.001755,0.0,0.001755,1633949.0,1208924.0,633949.0,0.633949,1,0.5323,0.55,511
2018-06-18,0.009097,0.0,-0.009097,0.0,1648812.0,1208924.0,648812.0,0.648812,1,0.5332,0.55,512
2018-06-19,-0.00457,-0.00457,0.0,-0.00457,1641276.0,1203399.0,641276.0,0.641276,0,0.5322,0.55,513
2018-06-20,0.00412,0.004591,0.00047,0.004591,1648039.0,1208923.0,648039.0,0.648039,1,0.5331,0.55,514
2018-06-21,-0.001173,-0.001173,0.0,-0.001173,1646105.0,1207504.0,646105.0,0.646105,0,0.532,0.5,515
2018-06-22,-0.001468,0.0,0.001468,0.0,1643688.0,1207504.0,643688.0,0.643688,0,0.531,0.45,516
2018-06-25,-0.008424,-0.010446,-0.002022,-0.010446,1629841.0,1194891.0,629841.0,0.629841,0,0.53,0.45,517
2018-06-26,-0.00381,0.0,0.00381,0.0,1623632.0,1194891.0,623632.0,0.623632,0,0.529,0.4,518
2018-06-27,0.013797,0.013216,-0.000581,0.013216,1646034.0,1210682.0,646034.0,0.646034,1,0.5299,0.4,519
2018-06-28,0.006794,0.003575,-0.003219,0.003575,1657217.0,1215010.0,657217.0,0.657217,1,0.5308,0.45,520
2018-06-29,0.0,0.0,0.0,0.0,1657217.0,1215010.0,657217.0,0.657217,0,0.5298,0.4,521
2018-07-02,0.012723,-0.007927,-0.02065,-0.007927,1678301.0,1205379.0,678301.0,0.678301,1,0.5307,0.4,522
2018-07-03,0.008086,-0.001948,-0.010034,-0.001948,1691872.0,1203031.0,691872.0,0.691872,1,0.5315,0.45,523
2018-07-05,-0.011984,-0.011984,0.0,-0.011984,1671597.0,1188614.0,671597.0,0.671597,0,0.5305,0.45,524
2018-07-06,-0.006548,0.0,0.006548,0.0,1660652.0,1188614.0,660652.0,0.660652,0,0.5295,0.45,525
2018-07-09,-0.001499,0.004516,0.006015,0.004516,1658163.0,1193982.0,658163.0,0.658163,0,0.5285,0.4,526
2018-07-10,0.024648,0.016313,-0.008335,0.016313,1699034.0,1213460.0,699034.0,0.699034,1,0.5294,0.45,527
2018-07-11,-0.006346,-0.004384,0.001962,-0.004384,1688251.0,1208140.0,688251.0,0.688251,0,0.5284,0.4,528
2018-07-12,0.006242,0.003392,-0.00285,0.003392,1698789.0,1212238.0,698789.0,0.698789,1,0.5293,0.45,529
2018-07-13,-0.000769,0.000953,0.001723,0.000953,1697482.0,1213394.0,697482.0,0.697482,0,0.5283,0.45,530
2018-07-16,0.0,0.0,0.0,0.0,1697482.0,1213394.0,697482.0,0.697482,0,0.5273,0.4,531
2018-07-17,-0.007309,-0.001357,0.005952,-0.001357,1685075.0,1211747.0,685075.0,0.685075,0,0.5263,0.35,532
2018-07-18,-0.002691,-0.002691,0.0,-0.002691,1680541.0,1208487.0,680541.0,0.680541,0,0.5253,0.35,533
2018-07-19,0.008426,0.008,-0.000426,0.008,1694701.0,1218155.0,694701.0,0.694701,1,0.5262,0.35,534
2018-07-20,-0.005388,-0.005388,0.0,-0.005388,1685570.0,1211591.0,685570.0,0.68557,0,0.5252,0.35,535
2018-07-23,-0.003461,0.000236,0.003697,0.000236,1679735.0,1211877.0,679735.0,0.679735,0,0.5243,0.35,536
2018-07-24,-0.001075,-0.001075,0.0,-0.001075,1677929.0,1210574.0,677929.0,0.677929,0,0.5233,0.35,537
2018-07-25,0.000308,0.000308,0.0,0.000308,1678446.0,1210947.0,678446.0,0.678446,1,0.5242,0.4,538
2018-07-26,0.002361,0.003342,0.00098,0.003342,1682409.0,1214993.0,682409.0,0.682409,1,0.525,0.4,539
2018-07-27,0.00244,0.00244,0.0,0.00244,1686515.0,1217958.0,686515.0,0.686515,1,0.5259,0.4,540
2018-07-30,0.003769,0.001686,-0.002083,0.001686,1692871.0,1220011.0,692871.0,0.692871,1,0.5268,0.45,541
2018-07-31,-0.002944,-0.002697,0.000248,-0.002697,1687887.0,1216722.0,687887.0,0.687887,0,0.5258,0.4,542
2018-08-01,-0.008276,-0.003865,0.004411,-0.003865,1673918.0,1212019.0,673918.0,0.673918,0,0.5249,0.35,543
2018-08-02,-0.00431,-0.008308,-0.003998,-0.008308,1666703.0,1201949.0,666703.0,0.666703,0,0.5239,0.35,544
2018-08-03,-0.00407,-0.007011,-0.002941,-0.007011,1659920.0,1193523.0,659920.0,0.65992,0,0.5229,0.35,545
2018-08-06,-0.00693,-0.005457,0.001473,-0.005457,1648417.0,1187010.0,648417.0,0.648417,0,0.522,0.35,546
2018-08-07,-0.001002,-0.000425,0.000577,-0.000425,1646766.0,1186506.0,646766.0,0.646766,0,0.521,0.3,547
2018-08-08,0.001764,-0.005081,-0.006845,-0.005081,1649671.0,1180477.0,649671.0,0.649671,1,0.5219,0.35,548
2018-08-09,-0.00284,-0.004595,-0.001754,-0.004595,1644985.0,1175053.0,644985.0,0.644985,0,0.5209,0.3,549
2018-08-10,0.00282,0.0,-0.00282,0.0,1649623.0,1175053.0,649623.0,0.649623,1,0.5218,0.35,550
2018-08-13,0.017449,-0.005269,-0.022718,-0.005269,1678408.0,1168863.0,678408.0,0.678408,1,0.5227,0.4,551
2018-08-14,-0.006804,0.001693,0.008498,0.001693,1666987.0,1170842.0,666987.0,0.666987,0,0.5217,0.4,552
2018-08-15,-0.002263,-0.002263,0.0,-0.002263,1663215.0,1168192.0,663215.0,0.663215,0,0.5208,0.4,553
2018-08-16,-0.002938,0.0,0.002938,0.0,1658329.0,1168192.0,658329.0,0.658329,0,0.5199,0.35,554
2018-08-17,-0.008277,0.0,0.008277,0.0,1644603.0,1168192.0,644603.0,0.644603,0,0.5189,0.35,555
2018-08-20,-0.002334,-0.002468,-0.000133,-0.002468,1640764.0,1165310.0,640764.0,0.640764,0,0.518,0.35,556
2018-08-21,-0.001021,-0.001021,0.0,-0.001021,1639089.0,1164120.0,639089.0,0.639089,0,0.5171,0.35,557
2018-08-22,0.000633,0.002406,0.001773,0.002406,1640126.0,1166920.0,640126.0,0.640126,1,0.5179,0.35,558
2018-08-23,0.0,0.0,0.0,0.0,1640126.0,1166920.0,640126.0,0.640126,0,0.517,0.3,559
2018-08-24,-0.00069,0.001877,0.002567,0.001877,1638994.0,1169110.0,638994.0,0.638994,0,0.5161,0.25,560
2018-08-27,0.00065,0.002554,0.001904,0.002554,1640060.0,1172096.0,640060.0,0.64006,1,0.5169,0.25,561
2018-08-28,-0.000509,-0.001382,-0.000873,-0.001382,1639225.0,1170477.0,639225.0,0.639225,0,0.516,0.25,562
2018-08-29,-0.000875,0.0,0.000875,0.0,1637790.0,1170477.0,637790.0,0.63779,0,0.5151,0.25,563
2018-08-30,-0.002187,-0.002187,0.0,-0.002187,1634208.0,1167917.0,634208.0,0.634208,0,0.5142,0.25,564
2018-08-31,0.001956,0.005757,0.003801,0.005757,1637405.0,1174641.0,637405.0,0.637405,1,0.515,0.3,565
2018-09-04,0.000787,-0.002312,-0.003099,-0.002312,1638693.0,1171925.0,638693.0,0.638693,1,0.5159,0.35,566
2018-09-05,0.002688,0.0,-0.002688,0.0,1643099.0,1171925.0,643099.0,0.643099,1,0.5168,0.4,567
2018-09-06,0.000436,-0.001362,-0.001798,-0.001362,1643815.0,1170328.0,643815.0,0.643815,1,0.5176,0.4,568
2018-09-07,0.001416,-0.000722,-0.002138,-0.000722,1646142.0,1169483.0,646142.0,0.646142,1,0.5185,0.45,569
2018-09-10,-0.005797,0.0,0.005797,0.0,1636599.0,1169483.0,636599.0,0.636599,0,0.5175,0.4,570
2018-09-11,-0.004878,0.001703,0.006581,0.001703,1628616.0,1171475.0,628616.0,0.628616,0,0.5166,0.35,571
2018-09-12,0.002816,0.001492,-0.001325,0.001492,1633203.0,1173222.0,633203.0,0.633203,1,0.5175,0.4,572
2018-09-13,0.004363,0.006649,0.002286,0.006649,1640328.0,1181023.0,640328.0,0.640328,1,0.5183,0.45,573
2018-09-14,-0.012226,-0.000551,0.011675,-0.000551,1620274.0,1180372.0,620274.0,0.620274,0,0.5174,0.45,574
2018-09-17,0.0,0.0,0.0,0.0,1620274.0,1180372.0,620274.0,0.620274,0,0.5165,0.45,575
2018-09-18,0.001423,0.010597,0.009174,0.010597,1622579.0,1192881.0,622579.0,0.622579,1,0.5174,0.5,576
2018-09-19,0.011768,0.012578,0.00081,0.012578,1641674.0,1207884.0,641674.0,0.641674,1,0.5182,0.55,577
2018-09-20,-0.000231,0.00359,0.003822,0.00359,1641294.0,1212221.0,641294.0,0.641294,0,0.5173,0.5,578
2018-09-21,-0.009868,-0.00399,0.005877,-0.00399,1625099.0,1207384.0,625099.0,0.625099,0,0.5164,0.5,579
2018-09-24,0.0,0.0,0.0,0.0,1625099.0,1207384.0,625099.0,0.625099,0,0.5155,0.5,580
2018-09-25,0.010386,0.008665,-0.001721,0.008665,1641976.0,1217846.0,641976.0,0.641976,1,0.5164,0.5,581
2018-09-26,0.008892,0.009305,0.000413,0.009305,1656577.0,1229177.0,656577.0,0.656577,1,0.5172,0.55,582
2018-09-27,-0.000448,-0.00165,-0.001202,-0.00165,1655835.0,1227149.0,655835.0,0.655835,0,0.5163,0.55,583
2018-09-28,0.005199,0.00165,-0.003549,0.00165,1664445.0,1229174.0,664445.0,0.664445,1,0.5171,0.6,584
2018-10-01,0.001199,0.0,-0.001199,0.0,1666440.0,1229174.0,666440.0,0.66644,1,0.5179,0.6,585
2018-10-02,0.006726,0.005495,-0.001232,0.005495,1677649.0,1235928.0,677649.0,0.677649,1,0.5188,0.6,586
2018-10-03,0.011274,0.000412,-0.010862,0.000412,1696562.0,1236436.0,696562.0,0.696562,1,0.5196,0.6,587
2018-10-04,0.000931,-0.000298,-0.001229,-0.000298,1698141.0,1236068.0,698141.0,0.698141,1,0.5204,0.6,588
2018-10-05,0.000459,0.002511,0.002053,0.002511,1698920.0,1239172.0,698920.0,0.69892,1,0.5212,0.6,589
2018-10-08,0.0,0.0,0.0,0.0,1698920.0,1239172.0,698920.0,0.69892,0,0.5203,0.6,590
2018-10-09,-0.010808,-0.015568,-0.00476,-0.015568,1680558.0,1219880.0,680558.0,0.680558,0,0.5195,0.6,591
2018-10-10,-0.005541,0.001634,0.007175,0.001634,1671245.0,1221874.0,671245.0,0.671245,0,0.5186,0.55,592
2018-10-11,-0.006474,-0.009884,-0.00341,-0.009884,1660425.0,1209797.0,660425.0,0.660425,0,0.5177,0.5,593
2018-10-12,0.008924,0.00194,-0.006984,0.00194,1675242.0,1212144.0,675242.0,0.675242,1,0.5185,0.55,594
2018-10-15,0.009103,0.0,-0.009103,0.0,1690492.0,1212144.0,690492.0,0.690492,1,0.5193,0.6,595
2018-10-16,0.005794,0.006073,0.000279,0.006073,1700287.0,1219505.0,700287.0,0.700287,1,0.5201,0.6,596
2018-10-17,-5.2e-05,0.002617,0.002669,0.002617,1700199.0,1222697.0,700199.0,0.700199,0,0.5193,0.55,597
2018-10-18,0.011922,0.001663,-0.01026,0.001663,1720469.0,1224730.0,720469.0,0.720469,1,0.5201,0.6,598
2018-10-19,0.009091,0.002203,-0.006888,0.002203,1736110.0,1227428.0,736110.0,0.73611,1,0.5209,0.65,599
2018-10-22,-0.005975,0.002481,0.008456,0.002481,1725737.0,1230474.0,725737.0,0.725737,0,0.52,0.65,600
2018-10-23,0.005144,-0.007083,-0.012227,-0.007083,1734614.0,1221758.0,734614.0,0.734614,1,0.5208,0.65,601
2018-10-24,0.008898,0.005396,-0.003502,0.005396,1750049.0,1228351.0,750049.0,0.750049,1,0.5216,0.65,602
2018-10-25,0.007838,-0.005927,-0.013764,-0.005927,1763765.0,1221071.0,763765.0,0.763765,1,0.5224,0.7,603
2018-10-26,-0.001466,-0.002743,-0.001277,-0.002743,1761180.0,1217721.0,761180.0,0.76118,0,0.5215,0.65,604
2018-10-29,0.001369,-0.002002,-0.003371,-0.002002,1763591.0,1215284.0,763591.0,0.763591,1,0.5223,0.65,605
2018-10-30,-0.017086,0.0,0.017086,0.0,1733459.0,1215284.0,733459.0,0.733459,0,0.5215,0.6,606
2018-10-31,0.009825,0.009825,0.0,0.009825,1750490.0,1227224.0,750490.0,0.75049,1,0.5222,0.6,607
2018-11-01,-0.005595,-0.006864,-0.001269,-0.006864,1740696.0,1218800.0,740696.0,0.740696,0,0.5214,0.55,608
2018-11-02,0.007642,0.003892,-0.00375,0.003892,1753999.0,1223544.0,753999.0,0.753999,1,0.5222,0.55,609
2018-11-05,4.1e-05,-0.002126,-0.002167,-0.002126,1754071.0,1220943.0,754071.0,0.754071,1,0.523,0.6,610
2018-11-06,-0.001327,0.000838,0.002165,0.000838,1751743.0,1221965.0,751743.0,0.751743,0,0.5221,0.6,611
2018-11-07,-0.003366,-0.007227,-0.003861,-0.007227,1745848.0,1213135.0,745848.0,0.745848,0,0.5212,0.6,612
2018-11-08,0.002088,0.002088,0.0,0.002088,1749492.0,1215667.0,749492.0,0.749492,1,0.522,0.65,613
2018-11-09,0.011971,0.0,-0.011971,0.0,1770436.0,1215667.0,770436.0,0.770436,1,0.5228,0.65,614
2018-11-12,0.001662,0.0,-0.001662,0.0,1773379.0,1215667.0,773379.0,0.773379,1,0.5236,0.65,615
2018-11-13,-0.003028,0.00042,0.003448,0.00042,1768009.0,1216178.0,768009.0,0.768009,0,0.5227,0.6,616
2018-11-14,0.014136,0.006289,-0.007847,0.006289,1793002.0,1223827.0,793002.0,0.793002,1,0.5235,0.65,617
2018-11-15,-0.004818,-0.001948,0.00287,-0.001948,1784364.0,1221443.0,784364.0,0.784364,0,0.5227,0.6,618
2018-11-16,0.00276,0.000321,-0.002439,0.000321,1789289.0,1221836.0,789289.0,0.789289,1,0.5234,0.6,619
2018-11-19,-0.012105,-0.007065,0.00504,-0.007065,1767629.0,1213204.0,767629.0,0.767629,0,0.5226,0.6,620
2018-11-20,-0.003046,-0.006275,-0.003228,-0.006275,1762245.0,1205591.0,762245.0,0.762245,0,0.5217,0.55,621
2018-11-21,-0.002659,0.0,0.002659,0.0,1757560.0,1205591.0,757560.0,0.75756,0,0.5209,0.5,622
2018-11-23,-0.0,-0.0,0.0,-0.0,1757560.0,1205591.0,757560.0,0.75756,0,0.5201,0.45,623
2018-11-26,0.000398,0.00081,0.000412,0.00081,1758259.0,1206568.0,758259.0,0.758259,1,0.5208,0.5,624
2018-11-27,0.002555,0.00377,0.001215,0.00377,1762751.0,1211116.0,762751.0,0.762751,1,0.5216,0.5,625
2018-11-28,0.002089,0.0,-0.002089,0.0,1766433.0,1211116.0,766433.0,0.766433,1,0.5224,0.55,626
2018-11-29,0.004068,0.000449,-0.003619,0.000449,1773619.0,1211660.0,773619.0,0.773619,1,0.5231,0.55,627
2018-11-30,0.00841,0.008002,-0.000407,0.008002,1788535.0,1221356.0,788535.0,0.788535,1,0.5239,0.6,628
2018-12-03,-0.011968,-0.00404,0.007928,-0.00404,1767129.0,1216421.0,767129.0,0.767129,0,0.5231,0.55,629
2018-12-04,-0.019915,-0.020999,-0.001084,-0.020999,1731937.0,1190878.0,731937.0,0.731937,0,0.5222,0.5,630
2018-12-06,0.015467,0.002442,-0.013025,0.002442,1758725.0,1193786.0,758725.0,0.758725,1,0.523,0.55,631
2018-12-07,0.002371,0.0,-0.002371,0.0,1762896.0,1193786.0,762896.0,0.762896,1,0.5237,0.6,632
2018-12-10,0.003954,-0.00077,-0.004724,-0.00077,1769866.0,1192867.0,769866.0,0.769866,1,0.5245,0.6,633
2018-12-11,0.006406,-0.000267,-0.006672,-0.000267,1781203.0,1192549.0,781203.0,0.781203,1,0.5252,0.6,634
2018-12-12,-0.009947,-0.000892,0.009054,-0.000892,1763486.0,1191485.0,763486.0,0.763486,0,0.5244,0.55,635
2018-12-13,0.002865,-0.000345,-0.00321,-0.000345,1768538.0,1191073.0,768538.0,0.768538,1,0.5252,0.6,636
2018-12-14,0.010727,-0.0004,-0.011127,-0.0004,1787510.0,1190597.0,787510.0,0.78751,1,0.5259,0.6,637
2018-12-17,0.000566,-0.002026,-0.002592,-0.002026,1788521.0,1188184.0,788521.0,0.788521,1,0.5266,0.65,638
2018-12-18,0.006953,-0.012205,-0.019158,-0.012205,1800956.0,1173682.0,800956.0,0.800956,1,0.5274,0.65,639
2018-12-19,0.003731,-0.007915,-0.011647,-0.007915,1807676.0,1164392.0,807676.0,0.807676,1,0.5281,0.7,640
2018-12-20,0.000949,-0.003279,-0.004229,-0.003279,1809393.0,1160574.0,809393.0,0.809393,1,0.5289,0.75,641
2018-12-21,0.004862,-0.008271,-0.013133,-0.008271,1818190.0,1150975.0,818190.0,0.81819,1,0.5296,0.8,642
2018-12-24,0.0,0.0,0.0,0.0,1818190.0,1150975.0,818190.0,0.81819,0,0.5288,0.8,643
2018-12-26,0.003396,-0.002446,-0.005842,-0.002446,1824364.0,1148159.0,824364.0,0.824364,1,0.5295,0.8,644
2018-12-27,-0.01855,-0.00059,0.01796,-0.00059,1790521.0,1147481.0,790521.0,0.790521,0,0.5287,0.75,645
2018-12-28,-0.003159,-0.000592,0.002567,-0.000592,1784864.0,1146802.0,784864.0,0.784864,0,0.5279,0.7,646
2018-12-31,0.0,0.0,0.0,0.0,1784864.0,1146802.0,784864.0,0.784864,0,0.527,0.65,647
2019-01-04,-0.007653,0.0,0.007653,0.0,1771205.0,1146802.0,771205.0,0.771205,0,0.5262,0.6,648
2019-01-07,0.014179,0.015737,0.001559,0.015737,1796318.0,1164850.0,796318.0,0.796318,1,0.527,0.65,649
2019-01-08,-0.004793,-0.006954,-0.002161,-0.006954,1787707.0,1156749.0,787707.0,0.787707,0,0.5262,0.65,650
2019-01-09,-0.006449,-0.009377,-0.002928,-0.009377,1776177.0,1145902.0,776177.0,0.776177,0,0.5253,0.6,651
2019-01-10,0.004535,0.007733,0.003197,0.007733,1784233.0,1154763.0,784233.0,0.784233,1,0.5261,0.6,652
2019-01-11,0.0,0.0,0.0,0.0,1784233.0,1154763.0,784233.0,0.784233,0,0.5253,0.55,653
2019-01-15,-0.007425,-0.000804,0.006621,-0.000804,1770985.0,1153834.0,770985.0,0.770985,0,0.5245,0.5,654
2019-01-16,0.002655,0.0,-0.002655,0.0,1775687.0,1153834.0,775687.0,0.775687,1,0.5252,0.55,655
2019-01-17,-0.002559,-0.002559,0.0,-0.002559,1771144.0,1150882.0,771144.0,0.771144,0,0.5244,0.5,656
2019-01-18,-0.005119,0.0,0.005119,0.0,1762077.0,1150882.0,762077.0,0.762077,0,0.5236,0.45,657
2019-01-22,0.004706,0.0,-0.004706,0.0,1770370.0,1150882.0,770370.0,0.77037,1,0.5243,0.45,658
2019-01-23,-0.001998,0.000126,0.002125,0.000126,1766832.0,1151028.0,766832.0,0.766832,0,0.5235,0.4,659
2019-01-24,-0.010911,-0.000678,0.010233,-0.000678,1747554.0,1150247.0,747554.0,0.747554,0,0.5227,0.35,660
2019-01-25,0.002834,0.002834,0.0,0.002834,1752506.0,1153507.0,752506.0,0.752506,1,0.5234,0.35,661
2019-01-28,0.0,0.0,0.0,0.0,1752506.0,1153507.0,752506.0,0.752506,0,0.5227,0.3,662
2019-01-29,-0.000365,-0.001715,-0.00135,-0.001715,1751866.0,1151529.0,751866.0,0.751866,0,0.5219,0.3,663
2019-01-30,3.5e-05,-0.001769,-0.001804,-0.001769,1751927.0,1149492.0,751927.0,0.751927,1,0.5226,0.3,664
2019-01-31,-0.003781,-0.005124,-0.001343,-0.005124,1745303.0,1143602.0,745303.0,0.745303,0,0.5218,0.3,665
2019-02-01,-0.001338,-0.005376,-0.004039,-0.005376,1742968.0,1137454.0,742968.0,0.742968,0,0.521,0.3,666
2019-02-04,-0.001,-0.001,0.0,-0.001,1741226.0,1136317.0,741226.0,0.741226,0,0.5202,0.3,667
2019-02-05,0.003401,0.003759,0.000359,0.003759,1747148.0,1140588.0,747148.0,0.747148,1,0.521,0.35,668
2019-02-06,-0.001811,-0.003868,-0.002058,-0.003868,1743984.0,1136176.0,743984.0,0.743984,0,0.5202,0.3,669
2019-02-07,0.011985,-0.000834,-0.012819,-0.000834,1764886.0,1135228.0,764886.0,0.764886,1,0.5209,0.35,670
2019-02-08,0.001404,-0.002958,-0.004362,-0.002958,1767363.0,1131870.0,767363.0,0.767363,1,0.5216,0.4,671
2019-02-12,-0.01215,0.0,0.01215,0.0,1745890.0,1131870.0,745890.0,0.74589,0,0.5208,0.35,672
2019-02-13,-0.000131,-0.000549,-0.000418,-0.000549,1745660.0,1131248.0,745660.0,0.74566,0,0.5201,0.35,673
2019-02-14,-0.00192,-0.001085,0.000835,-0.001085,1742309.0,1130022.0,742309.0,0.742309,0,0.5193,0.35,674
2019-02-15,-0.002481,-0.0,0.002481,-0.0,1737987.0,1130022.0,737987.0,0.737987,0,0.5185,0.3,675
2019-02-19,-0.008892,-0.002342,0.00655,-0.002342,1722532.0,1127375.0,722532.0,0.722532,0,0.5178,0.3,676
2019-02-20,-0.000995,0.0,0.000995,0.0,1720818.0,1127375.0,720818.0,0.720818,0,0.517,0.3,677
2019-02-21,-0.000427,-0.001233,-0.000805,-0.001233,1720083.0,1125986.0,720083.0,0.720083,0,0.5162,0.25,678
2019-02-22,-0.003997,-0.003997,0.0,-0.003997,1713208.0,1121485.0,713208.0,0.713208,0,0.5155,0.25,679
2019-02-25,0.001663,0.001943,0.000281,0.001943,1716056.0,1123664.0,716056.0,0.716056,1,0.5162,0.3,680
2019-02-26,-0.001786,-0.000992,0.000794,-0.000992,1712991.0,1122549.0,712991.0,0.712991,0,0.5154,0.25,681
2019-02-27,0.005569,0.004144,-0.001425,0.004144,1722531.0,1127202.0,722531.0,0.722531,1,0.5161,0.3,682
2019-02-28,0.001559,0.000136,-0.001424,0.000136,1725217.0,1127355.0,725217.0,0.725217,1,0.5168,0.35,683
2019-03-01,0.000165,-0.00161,-0.001775,-0.00161,1725501.0,1125539.0,725501.0,0.725501,1,0.5175,0.35,684
2019-03-04,0.003759,0.000523,-0.003236,0.000523,1731987.0,1126128.0,731987.0,0.731987,1,0.5182,0.4,685
2019-03-05,0.000311,0.000311,0.0,0.000311,1732525.0,1126477.0,732525.0,0.732525,1,0.519,0.45,686
2019-03-06,0.00041,0.00041,0.0,0.00041,1733235.0,1126939.0,733235.0,0.733235,1,0.5197,0.5,687
2019-03-07,-0.004841,-0.008308,-0.003466,-0.008308,1724844.0,1117577.0,724844.0,0.724844,0,0.5189,0.45,688
2019-03-08,0.00104,-0.006552,-0.007592,-0.006552,1726638.0,1110255.0,726638.0,0.726638,1,0.5196,0.5,689
2019-03-11,0.001419,0.000669,-0.000749,0.000669,1729088.0,1110998.0,729088.0,0.729088,1,0.5203,0.5,690
2019-03-12,0.007407,0.0,-0.007407,0.0,1741896.0,1110998.0,741896.0,0.741896,1,0.521,0.5,691
2019-03-13,0.002296,0.001209,-0.001087,0.001209,1745896.0,1112341.0,745896.0,0.745896,1,0.5217,0.55,692
2019-03-14,-0.001631,-0.000831,0.0008,-0.000831,1743048.0,1111417.0,743048.0,0.743048,0,0.5209,0.55,693
2019-03-15,0.0,0.0,0.0,0.0,1743048.0,1111417.0,743048.0,0.743048,0,0.5202,0.55,694
2019-03-18,-0.005001,-0.003567,0.001434,-0.003567,1734332.0,1107453.0,734332.0,0.734332,0,0.5194,0.55,695
2019-03-19,0.000804,0.0,-0.000804,0.0,1735726.0,1107453.0,735726.0,0.735726,1,0.5201,0.6,696
2019-03-20,-0.002376,0.000144,0.00252,0.000144,1731603.0,1107612.0,731603.0,0.731603,0,0.5194,0.6,697
2019-03-22,-0.003669,0.0004,0.004068,0.0004,1725250.0,1108055.0,725250.0,0.72525,0,0.5186,0.6,698
2019-03-25,0.010764,0.001984,-0.00878,0.001984,1743820.0,1110254.0,743820.0,0.74382,1,0.5193,0.65,699
2019-03-26,-0.006695,-0.005536,0.001159,-0.005536,1732145.0,1104107.0,732145.0,0.732145,0,0.5186,0.6,700
2019-03-27,-0.002409,-0.001394,0.001015,-0.001394,1727973.0,1102569.0,727973.0,0.727973,0,0.5178,0.6,701
2019-03-28,0.000113,-0.001451,-0.001564,-0.001451,1728169.0,1100969.0,728169.0,0.728169,1,0.5185,0.6,702
2019-03-29,-0.004376,-0.006806,-0.00243,-0.006806,1720606.0,1093476.0,720606.0,0.720606,0,0.5178,0.55,703
2019-04-01,-0.003892,-0.001613,0.002279,-0.001613,1713909.0,1091712.0,713909.0,0.713909,0,0.517,0.5,704
2019-04-02,4.5e-05,-0.003587,-0.003632,-0.003587,1713986.0,1087796.0,713986.0,0.713986,1,0.5177,0.5,705
2019-04-03,0.009932,0.00911,-0.000822,0.00911,1731010.0,1097706.0,731010.0,0.73101,1,0.5184,0.5,706
2019-04-04,0.003938,0.001457,-0.002481,0.001457,1737827.0,1099305.0,737827.0,0.737827,1,0.5191,0.5,707
2019-04-05,-0.000483,0.001178,0.00166,0.001178,1736988.0,1100600.0,736988.0,0.736988,0,0.5184,0.5,708
2019-04-08,-0.001205,-0.000927,0.000278,-0.000927,1734895.0,1099580.0,734895.0,0.734895,0,0.5176,0.45,709
2019-04-09,-0.003319,-0.005582,-0.002263,-0.005582,1729137.0,1093442.0,729137.0,0.729137,0,0.5169,0.4,710
2019-04-10,-0.002686,-0.000741,0.001944,-0.000741,1724493.0,1092631.0,724493.0,0.724493,0,0.5162,0.35,711
2019-04-11,-0.006179,-0.005333,0.000846,-0.005333,1713838.0,1086804.0,713838.0,0.713838,0,0.5154,0.3,712
2019-04-12,0.000542,-0.006393,-0.006935,-0.006393,1714766.0,1079856.0,714766.0,0.714766,1,0.5161,0.35,713
2019-04-15,0.009736,0.01228,0.002545,0.01228,1731460.0,1093117.0,731460.0,0.73146,1,0.5168,0.4,714
2019-04-16,-0.005306,-0.00463,0.000676,-0.00463,1722273.0,1088056.0,722273.0,0.722273,0,0.5161,0.4,715
2019-04-17,0.004174,0.001573,-0.002601,0.001573,1729462.0,1089768.0,729462.0,0.729462,1,0.5168,0.4,716
2019-04-18,0.012496,-0.001296,-0.013792,-0.001296,1751073.0,1088355.0,751073.0,0.751073,1,0.5174,0.45,717
2019-04-22,0.005099,0.002867,-0.002232,0.002867,1760001.0,1091475.0,760001.0,0.760001,1,0.5181,0.5,718
2019-04-23,-0.004652,0.001738,0.00639,0.001738,1751814.0,1093373.0,751814.0,0.751814,0,0.5174,0.45,719
2019-04-24,0.01108,-0.004178,-0.015258,-0.004178,1771223.0,1088804.0,771223.0,0.771223,1,0.5181,0.5,720
2019-04-25,-0.005278,0.000451,0.005729,0.000451,1761874.0,1089295.0,761874.0,0.761874,0,0.5173,0.5,721
2019-04-26,0.000176,0.000452,0.000276,0.000452,1762184.0,1089788.0,762184.0,0.762184,1,0.518,0.5,722
2019-05-07,0.025881,0.007552,-0.018329,0.007552,1807792.0,1098018.0,807792.0,0.807792,1,0.5187,0.55,723
2019-05-08,-0.000835,-0.017117,-0.016282,-0.017117,1806283.0,1079223.0,806283.0,0.806283,0,0.518,0.55,724
2019-05-09,0.011395,-0.003927,-0.015322,-0.003927,1826866.0,1074986.0,826866.0,0.826866,1,0.5186,0.55,725
2019-05-10,-0.003332,-0.002518,0.000814,-0.002518,1820780.0,1072279.0,820780.0,0.82078,0,0.5179,0.5,726
2019-05-13,-0.005992,-0.002555,0.003436,-0.002555,1809870.0,1069539.0,809870.0,0.80987,0,0.5172,0.45,727
2019-05-14,-0.031884,-0.011813,0.020072,-0.011813,1752163.0,1056905.0,752163.0,0.752163,0,0.5165,0.45,728
2019-05-15,-0.000582,-0.001536,-0.000954,-0.001536,1751143.0,1055281.0,751143.0,0.751143,0,0.5158,0.45,729
2019-05-16,0.0121,0.000609,-0.011492,0.000609,1772332.0,1055924.0,772332.0,0.772332,1,0.5164,0.5,730
2019-05-17,-0.00851,0.000195,0.008705,0.000195,1757250.0,1056130.0,757250.0,0.75725,0,0.5157,0.5,731
2019-05-20,-0.00028,-0.001994,-0.001713,-0.001994,1756757.0,1054024.0,756757.0,0.756757,0,0.515,0.5,732
2019-05-21,0.001532,0.000106,-0.001426,0.000106,1759448.0,1054136.0,759448.0,0.759448,1,0.5157,0.5,733
2019-05-22,0.00217,0.000286,-0.001883,0.000286,1763265.0,1054438.0,763265.0,0.763265,1,0.5163,0.5,734
2019-05-23,0.014694,0.00319,-0.011504,0.00319,1789174.0,1057801.0,789174.0,0.789174,1,0.517,0.55,735
2019-05-24,0.00554,0.000467,-0.005073,0.000467,1799087.0,1058295.0,799087.0,0.799087,1,0.5177,0.55,736
2019-05-28,-0.001808,-0.004382,-0.002574,-0.004382,1795833.0,1053657.0,795833.0,0.795833,0,0.517,0.5,737
2019-05-29,0.006767,0.003934,-0.002833,0.003934,1807986.0,1057803.0,807986.0,0.807986,1,0.5176,0.5,738
2019-05-30,0.002861,-0.0,-0.002861,-0.0,1813158.0,1057803.0,813158.0,0.813158,1,0.5183,0.55,739
2019-05-31,0.013695,0.002577,-0.011118,0.002577,1837989.0,1060528.0,837989.0,0.837989,1,0.5189,0.55,740
2019-06-03,-0.020287,-0.013985,0.006302,-0.013985,1800702.0,1045697.0,800702.0,0.800702,0,0.5182,0.55,741
2019-06-04,0.007921,0.001567,-0.006354,0.001567,1814966.0,1047335.0,814966.0,0.814966,1,0.5189,0.55,742
2019-06-05,0.012094,0.00895,-0.003144,0.00895,1836916.0,1056709.0,836916.0,0.836916,1,0.5195,0.55,743
2019-06-06,0.005275,0.000471,-0.004804,0.000471,1846606.0,1057207.0,846606.0,0.846606,1,0.5202,0.6,744
2019-06-07,-0.002051,-0.001432,0.000619,-0.001432,1842819.0,1055693.0,842819.0,0.842819,0,0.5195,0.55,745
2019-06-10,3.2e-05,0.004276,0.004244,0.004276,1842879.0,1060208.0,842879.0,0.842879,1,0.5201,0.6,746
2019-06-11,-0.000702,0.0,0.000702,0.0,1841584.0,1060208.0,841584.0,0.841584,0,0.5194,0.6,747
2019-06-12,-0.000234,-0.001631,-0.001397,-0.001631,1841152.0,1058478.0,841152.0,0.841152,0,0.5187,0.6,748
2019-06-13,0.003681,-0.002813,-0.006494,-0.002813,1847929.0,1055501.0,847929.0,0.847929,1,0.5194,0.65,749
2019-06-14,0.005668,0.002377,-0.003291,0.002377,1858403.0,1058010.0,858403.0,0.858403,1,0.52,0.65,750
2019-06-17,-0.006673,-0.004267,0.002405,-0.004267,1846003.0,1053495.0,846003.0,0.846003,0,0.5193,0.65,751
2019-06-18,0.005019,-0.004587,-0.009606,-0.004587,1855269.0,1048663.0,855269.0,0.855269,1,0.5199,0.7,752
2019-06-19,0.001747,0.005697,0.003951,0.005697,1858509.0,1054638.0,858509.0,0.858509,1,0.5206,0.7,753
2019-06-20,-0.001136,0.002426,0.003562,0.002426,1856397.0,1057196.0,856397.0,0.856397,0,0.5199,0.65,754
2019-06-21,0.00667,0.006187,-0.000482,0.006187,1868779.0,1063737.0,868779.0,0.868779,1,0.5205,0.65,755
2019-06-24,-0.000155,-0.000838,-0.000683,-0.000838,1868490.0,1062846.0,868490.0,0.86849,0,0.5198,0.6,756
2019-06-25,0.002829,-0.001935,-0.004764,-0.001935,1873776.0,1060790.0,873776.0,0.873776,1,0.5205,0.65,757
2019-06-26,-0.000641,-0.002611,-0.001969,-0.002611,1872575.0,1058020.0,872575.0,0.872575,0,0.5198,0.6,758
2019-06-27,0.008375,0.010419,0.002044,0.010419,1888257.0,1069043.0,888257.0,0.888257,1,0.5204,0.6,759
2019-06-28,0.004114,0.001969,-0.002144,0.001969,1896025.0,1071149.0,896025.0,0.896025,1,0.5211,0.6,760
2019-07-01,0.007736,0.01166,0.003923,0.01166,1910693.0,1083638.0,910693.0,0.910693,1,0.5217,0.65,761
2019-07-02,0.000326,-0.000285,-0.000611,-0.000285,1911316.0,1083329.0,911316.0,0.911316,1,0.5223,0.65,762
2019-07-03,0.006476,0.002144,-0.004332,0.002144,1923694.0,1085652.0,923694.0,0.923694,1,0.5229,0.65,763
2019-07-05,-0.006484,-0.004954,0.001531,-0.004954,1911220.0,1080274.0,911220.0,0.91122,0,0.5223,0.6,764
2019-07-08,-0.000662,-0.011924,-0.011261,-0.011924,1909954.0,1067393.0,909954.0,0.909954,0,0.5216,0.6,765
2019-07-09,-0.003087,-0.000263,0.002824,-0.000263,1904058.0,1067113.0,904058.0,0.904058,0,0.5209,0.55,766
2019-07-10,-0.007112,-0.002902,0.00421,-0.002902,1890517.0,1064016.0,890517.0,0.890517,0,0.5202,0.55,767
2019-07-11,0.002425,0.002262,-0.000162,0.002262,1895101.0,1066424.0,895101.0,0.895101,1,0.5208,0.6,768
2019-07-12,0.002666,0.000968,-0.001698,0.000968,1900153.0,1067455.0,900153.0,0.900153,1,0.5215,0.6,769
2019-07-16,-0.005214,-0.010157,-0.004943,-0.010157,1890246.0,1056614.0,890246.0,0.890246,0,0.5208,0.55,770
2019-07-17,-0.000791,-0.000788,3e-06,-0.000788,1888751.0,1055781.0,888751.0,0.888751,0,0.5201,0.55,771
2019-07-18,0.009142,-0.013509,-0.022651,-0.013509,1906019.0,1041519.0,906019.0,0.906019,1,0.5207,0.55,772
2019-07-19,0.000267,0.012613,0.012346,0.012613,1906527.0,1054656.0,906527.0,0.906527,1,0.5213,0.55,773
2019-07-22,0.001078,-0.000402,-0.001479,-0.000402,1908582.0,1054232.0,908582.0,0.908582,1,0.522,0.6,774
2019-07-23,0.004774,0.004596,-0.000178,0.004596,1917693.0,1059078.0,917693.0,0.917693,1,0.5226,0.6,775
2019-07-24,0.005417,0.0033,-0.002117,0.0033,1928082.0,1062573.0,928082.0,0.928082,1,0.5232,0.65,776
2019-07-25,-0.004167,-0.001145,0.003022,-0.001145,1920047.0,1061356.0,920047.0,0.920047,0,0.5225,0.6,777
2019-07-26,0.001997,-0.000252,-0.002249,-0.000252,1923881.0,1061089.0,923881.0,0.923881,1,0.5231,0.65,778
2019-07-29,0.009246,0.002465,-0.006781,0.002465,1941669.0,1063705.0,941669.0,0.941669,1,0.5237,0.65,779
2019-07-30,0.005761,0.004241,-0.00152,0.004241,1952854.0,1068216.0,952854.0,0.952854,1,0.5244,0.65,780
2019-07-31,-0.002954,0.000911,0.003865,0.000911,1947086.0,1069189.0,947086.0,0.947086,0,0.5237,0.6,781
2019-08-01,0.011349,0.008703,-0.002646,0.008703,1969183.0,1078494.0,969183.0,0.969183,1,0.5243,0.6,782
2019-08-02,0.004384,-0.009254,-0.013638,-0.009254,1977815.0,1068513.0,977815.0,0.977815,1,0.5249,0.6,783
2019-08-05,0.00453,-0.012084,-0.016614,-0.012084,1986776.0,1055602.0,986776.0,0.986776,1,0.5255,0.65,784
2019-08-06,0.000578,0.012831,0.012253,0.012831,1987923.0,1069145.0,987923.0,0.987923,1,0.5261,0.7,785
2019-08-07,0.000629,0.000487,-0.000143,0.000487,1989174.0,1069666.0,989174.0,0.989174,1,0.5267,0.75,786
2019-08-08,0.011415,-0.004888,-0.016303,-0.004888,2011882.0,1064438.0,1011882.0,1.011882,1,0.5273,0.8,787
2019-08-09,0.000983,0.000983,0.0,0.000983,2013860.0,1065484.0,1013860.0,1.01386,1,0.5279,0.8,788
2019-08-13,0.01268,-0.002235,-0.014915,-0.002235,2039395.0,1063102.0,1039395.0,1.039395,1,0.5285,0.8,789
2019-08-14,-0.007558,-0.004418,0.00314,-0.004418,2023981.0,1058405.0,1023981.0,1.023981,0,0.5278,0.8,790
2019-08-15,0.008543,0.001876,-0.006666,0.001876,2041272.0,1060391.0,1041272.0,1.041272,1,0.5284,0.85,791
2019-08-16,-0.002531,0.002816,0.005348,0.002816,2036104.0,1063377.0,1036104.0,1.036104,0,0.5278,0.8,792
2019-08-19,0.003809,0.002552,-0.001257,0.002552,2043860.0,1066091.0,1043860.0,1.04386,1,0.5284,0.8,793
2019-08-20,0.003459,0.000518,-0.002941,0.000518,2050931.0,1066644.0,1050931.0,1.050931,1,0.529,0.8,794
2019-08-21,-0.00086,-0.003989,-0.003129,-0.003989,2049166.0,1062388.0,1049166.0,1.049166,0,0.5283,0.75,795
2019-08-22,0.004661,0.000339,-0.004322,0.000339,2058716.0,1062748.0,1058716.0,1.058716,1,0.5289,0.75,796
2019-08-23,-0.001603,-0.001101,0.000502,-0.001101,2055417.0,1061579.0,1055417.0,1.055417,0,0.5282,0.75,797
2019-08-26,-0.007105,0.00037,0.007474,0.00037,2040814.0,1061971.0,1040814.0,1.040814,0,0.5276,0.7,798
2019-08-27,0.004842,0.00273,-0.002112,0.00273,2050695.0,1064870.0,1050695.0,1.050695,1,0.5282,0.7,799
2019-08-28,0.003135,0.003506,0.000371,0.003506,2057123.0,1068603.0,1057123.0,1.057123,1,0.5288,0.7,800
2019-08-29,7.6e-05,-0.00092,-0.000997,-0.00092,2057281.0,1067620.0,1057281.0,1.057281,1,0.5293,0.75,801
2019-08-30,-0.000377,0.00816,0.008538,0.00816,2056504.0,1076332.0,1056504.0,1.056504,0,0.5287,0.7,802
2019-09-03,-0.002317,0.00031,0.002627,0.00031,2051739.0,1076665.0,1051739.0,1.051739,0,0.528,0.65,803
2019-09-04,0.002599,0.003772,0.001173,0.003772,2057071.0,1080727.0,1057071.0,1.057071,1,0.5286,0.65,804
2019-09-05,0.006418,0.010491,0.004072,0.010491,2070274.0,1092064.0,1070274.0,1.070274,1,0.5292,0.65,805
2019-09-06,0.004406,0.000152,-0.004254,0.000152,2079395.0,1092230.0,1079395.0,1.079395,1,0.5298,0.65,806
2019-09-09,-0.001151,0.002733,0.003885,0.002733,2077001.0,1095216.0,1077001.0,1.077001,0,0.5291,0.6,807
2019-09-10,0.017971,0.01203,-0.005941,0.01203,2114327.0,1108391.0,1114327.0,1.114327,1,0.5297,0.6,808
2019-09-11,0.000659,0.014213,0.013554,0.014213,2115721.0,1124145.0,1115721.0,1.115721,1,0.5303,0.6,809
2019-09-12,0.006151,0.007484,0.001333,0.007484,2128734.0,1132558.0,1128734.0,1.128734,1,0.5309,0.65,810
2019-09-13,-0.00029,0.004315,0.004605,0.004315,2128117.0,1137445.0,1128117.0,1.128117,0,0.5302,0.6,811
2019-09-17,0.010811,0.013685,0.002874,0.013685,2151124.0,1153011.0,1151124.0,1.151124,1,0.5308,0.65,812
2019-09-18,0.008745,0.000771,-0.007974,0.000771,2169936.0,1153900.0,1169936.0,1.169936,1,0.5314,0.65,813
2019-09-19,0.00569,0.009754,0.004064,0.009754,2182284.0,1165155.0,1182284.0,1.182284,1,0.5319,0.65,814
2019-09-20,-0.001052,-0.001367,-0.000315,-0.001367,2179988.0,1163562.0,1179988.0,1.179988,0,0.5313,0.65,815
2019-09-24,0.001855,0.003953,0.002098,0.003953,2184031.0,1168161.0,1184031.0,1.184031,1,0.5319,0.65,816
2019-09-25,0.002693,0.002693,0.0,0.002693,2189912.0,1171307.0,1189912.0,1.189912,1,0.5324,0.7,817
2019-09-26,0.001093,0.000904,-0.000189,0.000904,2192306.0,1172366.0,1192306.0,1.192306,1,0.533,0.75,818
2019-09-27,-0.003346,-0.008689,-0.005343,-0.008689,2184970.0,1162179.0,1184970.0,1.18497,0,0.5324,0.7,819
2019-09-30,-0.000695,-0.007482,-0.006786,-0.007482,2183451.0,1153484.0,1183451.0,1.183451,0,0.5317,0.65,820
2019-10-01,0.00335,0.004167,0.000817,0.004167,2190766.0,1158291.0,1190766.0,1.190766,1,0.5323,0.65,821
2019-10-02,0.015503,0.010172,-0.005331,0.010172,2224729.0,1170072.0,1224729.0,1.224729,1,0.5328,0.7,822
2019-10-03,0.005657,0.002334,-0.003323,0.002334,2237314.0,1172803.0,1237314.0,1.237314,1,0.5334,0.75,823
2019-10-04,0.0,0.0,0.0,0.0,2237314.0,1172803.0,1237314.0,1.237314,0,0.5328,0.7,824
2019-10-07,-0.001931,-0.003762,-0.001831,-0.003762,2232993.0,1168390.0,1232993.0,1.232993,0,0.5321,0.65,825
2019-10-08,0.002939,0.005356,0.002417,0.005356,2239557.0,1174648.0,1239557.0,1.239557,1,0.5327,0.65,826
2019-10-09,-0.001802,-0.001495,0.000308,-0.001495,2235521.0,1172893.0,1235521.0,1.235521,0,0.532,0.65,827
2019-10-10,0.002169,0.0,-0.002169,0.0,2240370.0,1172893.0,1240370.0,1.24037,1,0.5326,0.65,828
2019-10-11,0.002321,0.005022,0.002701,0.005022,2245570.0,1178783.0,1245570.0,1.24557,1,0.5332,0.65,829
2019-10-15,-0.009329,-0.000408,0.008921,-0.000408,2224622.0,1178302.0,1224622.0,1.224622,0,0.5325,0.6,830
2019-10-16,0.004333,-0.003771,-0.008104,-0.003771,2234261.0,1173859.0,1234261.0,1.234261,1,0.5331,0.65,831
2019-10-17,-0.006432,-0.005589,0.000843,-0.005589,2219890.0,1167298.0,1219890.0,1.21989,0,0.5325,0.6,832
2019-10-18,-0.000748,-0.000938,-0.00019,-0.000938,2218230.0,1166203.0,1218230.0,1.21823,0,0.5318,0.55,833
2019-10-21,0.005732,0.007159,0.001427,0.007159,2230945.0,1174552.0,1230945.0,1.230945,1,0.5324,0.55,834
2019-10-23,-0.003426,0.002754,0.00618,0.002754,2223302.0,1177787.0,1223302.0,1.223302,0,0.5317,0.55,835
2019-10-24,-0.006673,0.0,0.006673,0.0,2208466.0,1177787.0,1208466.0,1.208466,0,0.5311,0.5,836
2019-10-25,0.004035,0.004499,0.000463,0.004499,2217378.0,1183086.0,1217378.0,1.217378,1,0.5317,0.5,837
2019-10-28,0.003521,0.001394,-0.002127,0.001394,2225186.0,1184735.0,1225186.0,1.225186,1,0.5322,0.5,838
2019-10-29,-0.005692,-0.000612,0.00508,-0.000612,2212520.0,1184010.0,1212520.0,1.21252,0,0.5316,0.5,839
2019-10-30,-0.005755,-0.005075,0.000681,-0.005075,2199786.0,1178001.0,1199786.0,1.199786,0,0.531,0.5,840
2019-10-31,-0.001294,0.001196,0.00249,0.001196,2196940.0,1179410.0,1196940.0,1.19694,0,0.5303,0.45,841
2019-11-01,0.001415,-0.000377,-0.001792,-0.000377,2200048.0,1178965.0,1200048.0,1.200048,1,0.5309,0.45,842
2019-11-05,-0.000882,0.001564,0.002446,0.001564,2198108.0,1180809.0,1198108.0,1.198108,0,0.5302,0.4,843
2019-11-06,-0.000351,-0.000207,0.000144,-0.000207,2197336.0,1180565.0,1197336.0,1.197336,0,0.5296,0.4,844
2019-11-07,0.00582,0.000431,-0.005389,0.000431,2210125.0,1181074.0,1210125.0,1.210125,1,0.5302,0.45,845
2019-11-08,0.000856,-0.000549,-0.001404,-0.000549,2212016.0,1180426.0,1212016.0,1.212016,1,0.5307,0.45,846
2019-11-11,0.002544,-0.001152,-0.003696,-0.001152,2217643.0,1179066.0,1217643.0,1.217643,1,0.5313,0.5,847
2019-11-12,0.00144,-0.001016,-0.002456,-0.001016,2220836.0,1177868.0,1220836.0,1.220836,1,0.5318,0.5,848
2019-11-13,-0.000802,-0.002475,-0.001672,-0.002475,2219054.0,1174953.0,1219054.0,1.219054,0,0.5312,0.45,849
2019-11-14,-0.000228,-0.005268,-0.00504,-0.005268,2218548.0,1168763.0,1218548.0,1.218548,0,0.5306,0.45,850
2019-11-15,-0.0064,-0.001974,0.004426,-0.001974,2204349.0,1166456.0,1204349.0,1.204349,0,0.53,0.4,851
2019-11-18,-0.001657,-0.002019,-0.000362,-0.002019,2200696.0,1164101.0,1200696.0,1.200696,0,0.5293,0.4,852
2019-11-19,0.00816,0.002527,-0.005634,0.002527,2218654.0,1167042.0,1218654.0,1.218654,1,0.5299,0.45,853
2019-11-20,0.005505,0.001867,-0.003638,0.001867,2230869.0,1169221.0,1230869.0,1.230869,1,0.5304,0.45,854
2019-11-21,0.00127,-0.001136,-0.002406,-0.001136,2233702.0,1167893.0,1233702.0,1.233702,1,0.531,0.5,855
2019-11-22,0.002363,0.000642,-0.001721,0.000642,2238979.0,1168643.0,1238979.0,1.238979,1,0.5315,0.55,856
2019-11-25,0.006985,0.008242,0.001257,0.008242,2254617.0,1178275.0,1254617.0,1.254617,1,0.5321,0.55,857
2019-11-26,0.005688,0.003508,-0.00218,0.003508,2267441.0,1182408.0,1267441.0,1.267441,1,0.5326,0.55,858
2019-11-27,0.004538,0.003784,-0.000754,0.003784,2277730.0,1186882.0,1277730.0,1.27773,1,0.5332,0.6,859
2019-11-29,0.002241,-0.002795,-0.005036,-0.002795,2282834.0,1183564.0,1282834.0,1.282834,1,0.5337,0.65,860
2019-12-02,0.001684,0.001967,0.000283,0.001967,2286678.0,1185892.0,1286678.0,1.286678,1,0.5343,0.7,861
2019-12-03,-0.008431,-0.007209,0.001222,-0.007209,2267398.0,1177343.0,1267398.0,1.267398,0,0.5336,0.65,862
2019-12-04,-0.001464,0.002334,0.003797,0.002334,2264079.0,1180090.0,1264079.0,1.264079,0,0.533,0.65,863
2019-12-05,0.003475,0.002878,-0.000597,0.002878,2271947.0,1183487.0,1271947.0,1.271947,1,0.5336,0.7,864
2019-12-06,-0.003172,-0.002628,0.000544,-0.002628,2264741.0,1180377.0,1264741.0,1.264741,0,0.5329,0.65,865
2019-12-09,-0.001775,-0.004227,-0.002452,-0.004227,2260721.0,1175387.0,1260721.0,1.260721,0,0.5323,0.6,866
2019-12-10,-0.002543,-0.002574,-3.2e-05,-0.002574,2254973.0,1172361.0,1254973.0,1.254973,0,0.5317,0.55,867
2019-12-11,0.005235,-0.000436,-0.00567,-0.000436,2266777.0,1171850.0,1266777.0,1.266777,1,0.5323,0.55,868
2019-12-12,0.001936,-0.002246,-0.004183,-0.002246,2271166.0,1169218.0,1271166.0,1.271166,1,0.5328,0.6,869
2019-12-13,-0.007016,-0.000846,0.00617,-0.000846,2255232.0,1168228.0,1255232.0,1.255232,0,0.5322,0.6,870
2019-12-16,0.00894,0.008436,-0.000504,0.008436,2275394.0,1178084.0,1275394.0,1.275394,1,0.5327,0.65,871
2019-12-17,0.002097,0.003273,0.001176,0.003273,2280166.0,1181939.0,1280166.0,1.280166,1,0.5333,0.7,872
2019-12-18,-0.00504,-0.002722,0.002318,-0.002722,2268675.0,1178723.0,1268675.0,1.268675,0,0.5326,0.65,873
2019-12-19,0.000622,0.000622,0.0,0.000622,2270087.0,1179456.0,1270087.0,1.270087,1,0.5332,0.65,874
2019-12-20,0.000654,0.0,-0.000654,0.0,2271573.0,1179456.0,1271573.0,1.271573,1,0.5337,0.65,875
2019-12-23,0.002233,0.001246,-0.000987,0.001246,2276644.0,1180925.0,1276644.0,1.276644,1,0.5342,0.65,876
2019-12-24,0.003313,0.000488,-0.002825,0.000488,2284187.0,1181502.0,1284187.0,1.284187,1,0.5348,0.65,877
2019-12-26,0.00194,0.003216,0.001276,0.003216,2288618.0,1185302.0,1288618.0,1.288618,1,0.5353,0.65,878
2019-12-27,-0.002025,0.000775,0.0028,0.000775,2283983.0,1186221.0,1283983.0,1.283983,0,0.5347,0.6,879
2019-12-30,0.000547,-0.002026,-0.002573,-0.002026,2285232.0,1183817.0,1285232.0,1.285232,1,0.5352,0.6,880
2020-01-06,0.012338,0.008033,-0.004304,0.008033,2313426.0,1193327.0,1313426.0,1.313426,1,0.5358,0.6,881
2020-01-07,-0.000196,-0.000956,-0.00076,-0.000956,2312971.0,1192186.0,1312971.0,1.312971,0,0.5351,0.6,882
2020-01-08,0.002362,0.00771,0.005348,0.00771,2318436.0,1201378.0,1318436.0,1.318436,1,0.5357,0.65,883
2020-01-09,0.003421,0.006541,0.00312,0.006541,2326367.0,1209236.0,1326367.0,1.326367,1,0.5362,0.65,884
2020-01-10,-0.001156,-0.000696,0.000461,-0.000696,2323677.0,1208395.0,1323677.0,1.323677,0,0.5356,0.65,885
2020-01-14,0.008663,0.000267,-0.008396,0.000267,2343806.0,1208717.0,1343806.0,1.343806,1,0.5361,0.7,886
2020-01-15,0.003311,-0.001686,-0.004997,-0.001686,2351565.0,1206679.0,1351565.0,1.351565,1,0.5366,0.75,887
2020-01-16,0.000601,0.002059,0.001458,0.002059,2352979.0,1209163.0,1352979.0,1.352979,1,0.5372,0.75,888
2020-01-17,-0.006483,-0.003315,0.003167,-0.003315,2337725.0,1205155.0,1337725.0,1.337725,0,0.5366,0.7,889
2020-01-21,0.000271,-0.001037,-0.001308,-0.001037,2338359.0,1203905.0,1338359.0,1.338359,1,0.5371,0.75,890
2020-01-22,0.002597,0.00088,-0.001717,0.00088,2344431.0,1204965.0,1344431.0,1.344431,1,0.5376,0.75,891
2020-01-23,-0.000918,-0.002907,-0.001989,-0.002907,2342279.0,1201462.0,1342279.0,1.342279,0,0.537,0.7,892
2020-01-24,0.000689,0.000798,0.000109,0.000798,2343892.0,1202421.0,1343892.0,1.343892,1,0.5375,0.75,893
2020-01-27,-0.003924,-0.008025,-0.004101,-0.008025,2334695.0,1192772.0,1334695.0,1.334695,0,0.5369,0.7,894
2020-01-28,0.002298,-0.001473,-0.003771,-0.001473,2340059.0,1191015.0,1340059.0,1.340059,1,0.5374,0.7,895
2020-01-29,0.003523,0.003254,-0.000268,0.003254,2348302.0,1194890.0,1348302.0,1.348302,1,0.5379,0.7,896
2020-01-30,-0.00189,-0.003613,-0.001723,-0.003613,2343864.0,1190573.0,1343864.0,1.343864,0,0.5373,0.65,897
2020-01-31,0.002628,0.001886,-0.000742,0.001886,2350023.0,1192818.0,1350023.0,1.350023,1,0.5379,0.65,898
2020-02-03,-0.012927,0.000645,0.013572,0.000645,2319643.0,1193587.0,1319643.0,1.319643,0,0.5373,0.65,899
2020-02-04,-0.00366,0.001736,0.005396,0.001736,2311154.0,1195659.0,1311154.0,1.311154,0,0.5367,0.6,900
2020-02-05,0.018371,0.017848,-0.000523,0.017848,2353613.0,1216999.0,1353613.0,1.353613,1,0.5372,0.6,901
2020-02-06,0.000681,0.006719,0.006038,0.006719,2355214.0,1225175.0,1355214.0,1.355214,1,0.5377,0.65,902
2020-02-07,0.007361,0.001805,-0.005557,0.001805,2372552.0,1227386.0,1372552.0,1.372552,1,0.5382,0.65,903
2020-02-10,-9.1e-05,-0.003231,-0.00314,-0.003231,2372336.0,1223421.0,1372336.0,1.372336,0,0.5376,0.6,904
2020-02-12,-0.002807,-0.002456,0.000351,-0.002456,2365677.0,1220416.0,1365677.0,1.365677,0,0.537,0.6,905
2020-02-13,-0.00085,-0.00098,-0.00013,-0.00098,2363667.0,1219221.0,1363667.0,1.363667,0,0.5364,0.55,906
2020-02-14,0.002721,-0.004823,-0.007544,-0.004823,2370098.0,1213340.0,1370098.0,1.370098,1,0.5369,0.55,907
2020-02-18,-0.001047,0.004053,0.0051,0.004053,2367616.0,1218257.0,1367616.0,1.367616,0,0.5363,0.5,908
2020-02-19,-0.000672,0.004461,0.005133,0.004461,2366023.0,1223691.0,1366023.0,1.366023,0,0.5358,0.5,909
2020-02-20,0.000733,-0.002586,-0.003319,-0.002586,2367757.0,1220527.0,1367757.0,1.367757,1,0.5363,0.5,910
2020-02-21,0.006679,0.001553,-0.005126,0.001553,2383571.0,1222422.0,1383571.0,1.383571,1,0.5368,0.5,911
2020-02-25,0.008746,0.006322,-0.002424,0.006322,2404418.0,1230150.0,1404418.0,1.404418,1,0.5373,0.55,912
2020-02-26,-0.012897,-0.012236,0.000661,-0.012236,2373408.0,1215098.0,1373408.0,1.373408,0,0.5367,0.5,913
2020-02-27,0.004805,-0.017384,-0.022189,-0.017384,2384811.0,1193975.0,1384811.0,1.384811,1,0.5372,0.55,914
2020-02-28,0.000318,-0.019274,-0.019592,-0.019274,2385571.0,1170962.0,1385571.0,1.385571,1,0.5377,0.55,915
2020-03-02,0.013961,0.014674,0.000713,0.014674,2418875.0,1188145.0,1418875.0,1.418875,1,0.5382,0.55,916
2020-03-03,0.01238,-0.015387,-0.027767,-0.015387,2448821.0,1169862.0,1448821.0,1.448821,1,0.5387,0.6,917
2020-03-04,-0.011343,-0.008916,0.002426,-0.008916,2421045.0,1159431.0,1421045.0,1.421045,0,0.5381,0.55,918
2020-03-05,0.00302,-0.00117,-0.00419,-0.00117,2428357.0,1158075.0,1428357.0,1.428357,1,0.5386,0.6,919
2020-03-06,0.019847,-0.001989,-0.021835,-0.001989,2476552.0,1155771.0,1476552.0,1.476552,1,0.5391,0.65,920
2020-03-09,0.01351,-0.026409,-0.039919,-0.026409,2510010.0,1125249.0,1510010.0,1.51001,1,0.5396,0.65,921
2020-03-10,0.026484,0.014481,-0.012004,0.014481,2576486.0,1141543.0,1576486.0,1.576486,1,0.5401,0.65,922
2020-03-11,-0.013911,-0.015811,-0.001901,-0.015811,2540646.0,1123493.0,1540646.0,1.540646,0,0.5395,0.6,923
2020-03-12,-0.017284,-0.038398,-0.021114,-0.038398,2496733.0,1080353.0,1496733.0,1.496733,0,0.539,0.6,924
2020-03-13,-0.042376,-0.031469,0.010906,-0.031469,2390933.0,1046355.0,1390933.0,1.390933,0,0.5384,0.6,925
2020-03-16,-0.011881,-0.011298,0.000584,-0.011298,2362525.0,1034534.0,1362525.0,1.362525,0,0.5378,0.6,926
2020-03-17,0.01176,0.043679,0.031919,0.043679,2390309.0,1079722.0,1390309.0,1.390309,1,0.5383,0.6,927
2020-03-18,-0.003742,-0.015376,-0.011634,-0.015376,2381364.0,1063120.0,1381364.0,1.381364,0,0.5377,0.6,928
2020-03-19,0.010121,0.008613,-0.001508,0.008613,2405466.0,1072277.0,1405466.0,1.405466,1,0.5382,0.65,929
2020-03-23,0.023211,0.019309,-0.003902,0.019309,2461300.0,1092982.0,1461300.0,1.4613,1,0.5387,0.65,930
2020-03-24,-0.048702,-0.013877,0.034826,-0.013877,2341429.0,1077815.0,1341429.0,1.341429,0,0.5381,0.6,931
2020-03-25,0.027685,0.0402,0.012515,0.0402,2406251.0,1121144.0,1406251.0,1.406251,1,0.5386,0.6,932
2020-03-26,-0.012716,-0.003274,0.009442,-0.003274,2375653.0,1117473.0,1375653.0,1.375653,0,0.538,0.6,933
2020-03-27,0.03631,0.023182,-0.013128,0.023182,2461913.0,1143379.0,1461913.0,1.461913,1,0.5385,0.6,934
2020-03-30,0.023757,0.033154,0.009397,0.033154,2520401.0,1181286.0,1520401.0,1.520401,1,0.539,0.6,935
2020-03-31,-0.018183,-0.020735,-0.002552,-0.020735,2474573.0,1156792.0,1474573.0,1.474573,0,0.5385,0.55,936
2020-04-01,0.008503,-0.027868,-0.036371,-0.027868,2495615.0,1124555.0,1495615.0,1.495615,1,0.539,0.55,937
2020-04-02,-0.001601,-0.004149,-0.002549,-0.004149,2491620.0,1119889.0,1491620.0,1.49162,0,0.5384,0.55,938
2020-04-03,-0.022262,-0.02358,-0.001318,-0.02358,2436152.0,1093482.0,1436152.0,1.436152,0,0.5378,0.5,939
2020-04-06,0.011011,0.028612,0.017601,0.028612,2462976.0,1124768.0,1462976.0,1.462976,1,0.5383,0.5,940
2020-04-07,0.000725,-0.003589,-0.004315,-0.003589,2464762.0,1120731.0,1464762.0,1.464762,1,0.5388,0.5,941
2020-04-08,-0.018901,0.001423,0.020324,0.001423,2418176.0,1122325.0,1418176.0,1.418176,0,0.5382,0.45,942
2020-04-09,-0.005228,-0.01157,-0.006342,-0.01157,2405533.0,1109340.0,1405533.0,1.405533,0,0.5376,0.45,943
2020-04-13,0.00288,-0.00821,-0.01109,-0.00821,2412462.0,1100232.0,1412462.0,1.412462,1,0.5381,0.5,944
2020-04-14,-0.013086,-0.003925,0.009162,-0.003925,2380891.0,1095914.0,1380891.0,1.380891,0,0.5376,0.5,945
2020-04-15,0.015283,0.001605,-0.013678,0.001605,2417278.0,1097673.0,1417278.0,1.417278,1,0.5381,0.55,946
2020-04-16,-0.000834,-0.004119,-0.003285,-0.004119,2415261.0,1093152.0,1415261.0,1.415261,0,0.5375,0.5,947
2020-04-17,-0.004351,-0.003887,0.000464,-0.003887,2404751.0,1088902.0,1404751.0,1.404751,0,0.5369,0.5,948
2020-04-20,0.001187,-0.00031,-0.001497,-0.00031,2407606.0,1088565.0,1407606.0,1.407606,1,0.5374,0.5,949
2020-04-21,0.000814,-0.002946,-0.00376,-0.002946,2409566.0,1085358.0,1409566.0,1.409566,1,0.5379,0.5,950
2020-04-22,-0.000578,-0.003312,-0.002733,-0.003312,2408173.0,1081764.0,1408173.0,1.408173,0,0.5373,0.5,951
2020-04-23,0.001572,0.003232,0.00166,0.003232,2411959.0,1085260.0,1411959.0,1.411959,1,0.5378,0.5,952
2020-04-24,-0.004614,-0.004614,0.0,-0.004614,2400830.0,1080253.0,1400830.0,1.40083,0,0.5373,0.5,953
2020-04-27,-0.020097,-0.007662,0.012436,-0.007662,2352580.0,1071976.0,1352580.0,1.35258,0,0.5367,0.45,954
2020-04-28,0.0033,0.003163,-0.000137,0.003163,2360345.0,1075367.0,1360345.0,1.360345,1,0.5372,0.45,955
2020-04-30,0.022632,0.008934,-0.013698,0.008934,2413765.0,1084974.0,1413765.0,1.413765,1,0.5377,0.5,956
2020-05-01,0.007247,-0.01237,-0.019617,-0.01237,2431257.0,1071553.0,1431257.0,1.431257,1,0.5381,0.5,957
2020-05-07,0.013529,-0.005479,-0.019009,-0.005479,2464151.0,1065682.0,1464151.0,1.464151,1,0.5386,0.55,958
2020-05-08,0.004734,0.006009,0.001275,0.006009,2475816.0,1072086.0,1475816.0,1.475816,1,0.5391,0.6,959
2020-05-11,-0.010224,-0.002698,0.007527,-0.002698,2450502.0,1069193.0,1450502.0,1.450502,0,0.5385,0.55,960
2020-05-12,-0.001031,-0.0009,0.000131,-0.0009,2447976.0,1068231.0,1447976.0,1.447976,0,0.538,0.5,961
2020-05-13,-0.002847,-0.001865,0.000982,-0.001865,2441006.0,1066239.0,1441006.0,1.441006,0,0.5374,0.5,962
2020-05-14,0.01067,-0.003194,-0.013864,-0.003194,2467052.0,1062833.0,1467052.0,1.467052,1,0.5379,0.55,963
2020-05-15,0.001292,0.002313,0.001021,0.002313,2470240.0,1065292.0,1470240.0,1.47024,1,0.5384,0.55,964
2020-05-18,0.010519,0.007811,-0.002707,0.007811,2496223.0,1073613.0,1496223.0,1.496223,1,0.5389,0.6,965
2020-05-19,0.006709,0.000687,-0.006023,0.000687,2512972.0,1074350.0,1512972.0,1.512972,1,0.5393,0.6,966
2020-05-20,0.006391,0.009372,0.002981,0.009372,2529032.0,1084420.0,1529032.0,1.529032,1,0.5398,0.65,967
2020-05-21,0.000368,-0.001683,-0.002051,-0.001683,2529963.0,1082594.0,1529963.0,1.529963,1,0.5403,0.7,968
2020-05-22,0.004478,-0.002111,-0.006589,-0.002111,2541293.0,1080309.0,1541293.0,1.541293,1,0.5408,0.7,969
2020-05-26,-0.000384,-0.000795,-0.000411,-0.000795,2540316.0,1079450.0,1540316.0,1.540316,0,0.5402,0.65,970
2020-05-27,0.008472,0.015707,0.007235,0.015707,2561838.0,1096406.0,1561838.0,1.561838,1,0.5407,0.7,971
2020-05-28,0.003704,0.003314,-0.00039,0.003314,2571327.0,1100039.0,1571327.0,1.571327,1,0.5412,0.7,972
2020-05-29,0.018267,0.010099,-0.008168,0.010099,2618298.0,1111148.0,1618298.0,1.618298,1,0.5416,0.75,973
2020-06-01,0.012585,0.003279,-0.009306,0.003279,2651250.0,1114792.0,1651250.0,1.65125,1,0.5421,0.8,974
2020-06-02,0.010212,0.007902,-0.00231,0.007902,2678325.0,1123601.0,1678325.0,1.678325,1,0.5426,0.8,975
2020-06-03,0.001454,-0.003698,-0.005151,-0.003698,2682218.0,1119446.0,1682218.0,1.682218,1,0.543,0.8,976
2020-06-04,-0.010872,-0.010959,-8.7e-05,-0.010959,2653058.0,1107179.0,1653058.0,1.653058,0,0.5425,0.75,977
2020-06-05,0.004799,0.004901,0.000102,0.004901,2665791.0,1112605.0,1665791.0,1.665791,1,0.5429,0.75,978
2020-06-08,0.012242,0.010186,-0.002055,0.010186,2698424.0,1123939.0,1698424.0,1.698424,1,0.5434,0.75,979
2020-06-09,-0.01311,-0.008993,0.004117,-0.008993,2663048.0,1113831.0,1663048.0,1.663048,0,0.5429,0.75,980
2020-06-10,0.000638,-0.002217,-0.002855,-0.002217,2664746.0,1111362.0,1664746.0,1.664746,1,0.5433,0.8,981
2020-06-11,0.018279,0.000727,-0.017552,0.000727,2713454.0,1112169.0,1713454.0,1.713454,1,0.5438,0.85,982
2020-06-12,-0.01228,0.006999,0.01928,0.006999,2680132.0,1119953.0,1680132.0,1.680132,0,0.5432,0.8,983
2020-06-15,-0.008918,-0.014083,-0.005166,-0.014083,2656232.0,1104181.0,1656232.0,1.656232,0,0.5427,0.75,984
2020-06-16,0.014726,0.022019,0.007293,0.022019,2695347.0,1128494.0,1695347.0,1.695347,1,0.5431,0.75,985
2020-06-17,0.000883,-0.004349,-0.005231,-0.004349,2697726.0,1123587.0,1697726.0,1.697726,1,0.5436,0.75,986
2020-06-18,-0.001592,-0.001831,-0.000238,-0.001831,2693430.0,1121530.0,1693430.0,1.69343,0,0.5431,0.7,987
2020-06-19,0.001353,0.002059,0.000706,0.002059,2697075.0,1123839.0,1697075.0,1.697075,1,0.5435,0.7,988
2020-06-22,0.004986,0.006634,0.001647,0.006634,2710523.0,1131295.0,1710523.0,1.710523,1,0.544,0.7,989
2020-06-23,-0.009537,-0.000488,0.009049,-0.000488,2684673.0,1130743.0,1684673.0,1.684673,0,0.5434,0.7,990
2020-06-24,0.003038,-0.003801,-0.006838,-0.003801,2692828.0,1126445.0,1692828.0,1.692828,1,0.5439,0.7,991
2020-06-25,-0.004192,-0.001567,0.002625,-0.001567,2681540.0,1124680.0,1681540.0,1.68154,0,0.5433,0.65,992
2020-06-26,-0.000702,0.000649,0.00135,0.000649,2679658.0,1125409.0,1679658.0,1.679658,0,0.5428,0.6,993
2020-06-29,-0.000412,-0.000178,0.000233,-0.000178,2678555.0,1125209.0,1678555.0,1.678555,0,0.5423,0.55,994
2020-06-30,0.010524,-0.003642,-0.014165,-0.003642,2706743.0,1121111.0,1706743.0,1.706743,1,0.5427,0.55,995
2020-07-01,-0.023741,-0.025345,-0.001604,-0.025345,2642483.0,1092696.0,1642483.0,1.642483,0,0.5422,0.5,996
2020-07-02,0.002821,-0.00187,-0.004692,-0.00187,2649937.0,1090652.0,1649937.0,1.649937,1,0.5426,0.55,997
2020-07-06,0.003331,0.010006,0.006675,0.010006,2658763.0,1101565.0,1658763.0,1.658763,1,0.5431,0.55,998
2020-07-07,-0.007897,-0.009632,-0.001735,-0.009632,2637768.0,1090954.0,1637768.0,1.637768,0,0.5425,0.5,999
2020-07-08,0.000405,-0.00416,-0.004566,-0.00416,2638838.0,1086416.0,1638838.0,1.638838,1,0.543,0.55,1000
2020-07-09,-0.011143,-0.013342,-0.002199,-0.013342,2609433.0,1071921.0,1609433.0,1.609433,0,0.5425,0.5,1001
2020-07-10,0.000935,-0.005401,-0.006335,-0.005401,2611872.0,1066132.0,1611872.0,1.611872,1,0.5429,0.5,1002
2020-07-13,0.027751,0.027231,-0.000521,0.027231,2684355.0,1095163.0,1684355.0,1.684355,1,0.5434,0.55,1003
2020-07-14,0.003268,-0.000826,-0.004094,-0.000826,2693128.0,1094258.0,1693128.0,1.693128,1,0.5438,0.6,1004
2020-07-15,0.008335,0.000575,-0.00776,0.000575,2715575.0,1094888.0,1715575.0,1.715575,1,0.5443,0.6,1005
2020-07-16,0.009921,0.002099,-0.007822,0.002099,2742515.0,1097185.0,1742515.0,1.742515,1,0.5447,0.6,1006
2020-07-17,0.003481,-0.001412,-0.004893,-0.001412,2752061.0,1095636.0,1752061.0,1.752061,1,0.5452,0.65,1007
2020-07-20,0.007114,0.003843,-0.003271,0.003843,2771639.0,1099847.0,1771639.0,1.771639,1,0.5456,0.65,1008
2020-07-21,0.000167,-0.001962,-0.002129,-0.001962,2772101.0,1097689.0,1772101.0,1.772101,1,0.5461,0.65,1009
2020-07-22,0.005776,-0.000429,-0.006205,-0.000429,2788113.0,1097218.0,1788113.0,1.788113,1,0.5465,0.7,1010
2020-07-27,-0.005165,0.007999,0.013164,0.007999,2773712.0,1105994.0,1773712.0,1.773712,0,0.546,0.65,1011
2020-07-28,-0.002884,-0.005831,-0.002946,-0.005831,2765711.0,1099546.0,1765711.0,1.765711,0,0.5455,0.65,1012
2020-07-29,0.000955,-0.009333,-0.010288,-0.009333,2768353.0,1089283.0,1768353.0,1.768353,1,0.5459,0.7,1013
2020-07-30,0.008109,-0.01064,-0.018749,-0.01064,2790800.0,1077693.0,1790800.0,1.7908,1,0.5464,0.75,1014
2020-07-31,0.012385,-0.015415,-0.027801,-0.015415,2825366.0,1061080.0,1825366.0,1.825366,1,0.5468,0.75,1015
2020-08-03,-0.001294,0.002732,0.004026,0.002732,2821710.0,1063979.0,1821710.0,1.82171,0,0.5463,0.75,1016
2020-08-04,-0.006501,0.002399,0.0089,0.002399,2803366.0,1066531.0,1803366.0,1.803366,0,0.5457,0.7,1017
2020-08-05,0.011546,0.009109,-0.002437,0.009109,2835734.0,1076247.0,1835734.0,1.835734,1,0.5462,0.7,1018
2020-08-06,0.000786,-0.004617,-0.005403,-0.004617,2837963.0,1071278.0,1837963.0,1.837963,1,0.5466,0.75,1019
2020-08-07,-0.008589,0.001611,0.010199,0.001611,2813588.0,1073003.0,1813588.0,1.813588,0,0.5461,0.7,1020
2020-08-11,-0.000223,0.008702,0.008925,0.008702,2812960.0,1082340.0,1812960.0,1.81296,0,0.5455,0.7,1021
2020-08-12,0.002586,0.006875,0.00429,0.006875,2820233.0,1089782.0,1820233.0,1.820233,1,0.546,0.7,1022
2020-08-13,0.003078,0.002222,-0.000856,0.002222,2828913.0,1092203.0,1828913.0,1.828913,1,0.5464,0.7,1023
2020-08-14,-7.8e-05,0.001715,0.001794,0.001715,2828692.0,1094076.0,1828692.0,1.828692,0,0.5459,0.65,1024
2020-08-17,0.000766,-0.005537,-0.006303,-0.005537,2830859.0,1088019.0,1830859.0,1.830859,1,0.5463,0.65,1025
2020-08-18,0.007379,0.000713,-0.006666,0.000713,2851748.0,1088794.0,1851748.0,1.851748,1,0.5468,0.65,1026
2020-08-19,0.003716,0.005185,0.001469,0.005185,2862344.0,1094440.0,1862344.0,1.862344,1,0.5472,0.65,1027
2020-08-20,-0.004645,-0.002218,0.002428,-0.002218,2849048.0,1092013.0,1849048.0,1.849048,0,0.5467,0.6,1028
2020-08-21,-0.007395,-0.007183,0.000211,-0.007183,2827981.0,1084168.0,1827981.0,1.827981,0,0.5462,0.55,1029
2020-08-24,-0.002442,-0.003224,-0.000783,-0.003224,2821075.0,1080673.0,1821075.0,1.821075,0,0.5456,0.5,1030
2020-08-25,0.005322,0.002626,-0.002695,0.002626,2836087.0,1083511.0,1836087.0,1.836087,1,0.5461,0.55,1031
2020-08-26,-0.001729,-0.000265,0.001464,-0.000265,2831183.0,1083223.0,1831183.0,1.831183,0,0.5455,0.55,1032
2020-08-27,0.004865,-0.002778,-0.007643,-0.002778,2844958.0,1080214.0,1844958.0,1.844958,1,0.546,0.55,1033
2020-08-28,0.004765,-0.00358,-0.008345,-0.00358,2858513.0,1076347.0,1858513.0,1.858513,1,0.5464,0.55,1034
2020-08-31,0.011593,0.007911,-0.003682,0.007911,2891651.0,1084862.0,1891651.0,1.891651,1,0.5469,0.55,1035
2020-09-01,0.007501,0.002792,-0.004709,0.002792,2913343.0,1087891.0,1913343.0,1.913343,1,0.5473,0.6,1036
2020-09-02,-0.010805,-0.008306,0.002499,-0.008306,2881866.0,1078855.0,1881866.0,1.881866,0,0.5468,0.6,1037
2020-09-03,0.008105,8.2e-05,-0.008023,8.2e-05,2905223.0,1078944.0,1905223.0,1.905223,1,0.5472,0.6,1038
2020-09-04,0.007189,0.008149,0.000959,0.008149,2926110.0,1087736.0,1926110.0,1.92611,1,0.5476,0.6,1039
2020-09-08,-0.008758,-0.003605,0.005153,-0.003605,2900482.0,1083814.0,1900482.0,1.900482,0,0.5471,0.6,1040
2020-09-09,-0.006198,-0.002629,0.003569,-0.002629,2882504.0,1080965.0,1882504.0,1.882504,0,0.5466,0.6,1041
2020-09-10,-0.004689,1.3e-05,0.004702,1.3e-05,2868988.0,1080979.0,1868988.0,1.868988,0,0.5461,0.55,1042
2020-09-11,-0.007025,0.000908,0.007933,0.000908,2848834.0,1081961.0,1848834.0,1.848834,0,0.5455,0.5,1043
2020-09-14,-0.001695,0.003516,0.005211,0.003516,2844006.0,1085765.0,1844006.0,1.844006,0,0.545,0.5,1044
2020-09-15,-0.005581,-0.002639,0.002942,-0.002639,2828133.0,1082900.0,1828133.0,1.828133,0,0.5445,0.45,1045
2020-09-16,0.002626,0.001183,-0.001443,0.001183,2835559.0,1084181.0,1835559.0,1.835559,1,0.5449,0.45,1046
2020-09-17,-0.012701,-0.011599,0.001102,-0.011599,2799544.0,1071605.0,1799544.0,1.799544,0,0.5444,0.4,1047
2020-09-18,0.00215,0.000213,-0.001937,0.000213,2805562.0,1071833.0,1805562.0,1.805562,1,0.5448,0.45,1048
2020-09-23,-0.00515,0.002056,0.007206,0.002056,2791112.0,1074037.0,1791112.0,1.791112,0,0.5443,0.45,1049
2020-09-24,0.007986,0.001739,-0.006246,0.001739,2813401.0,1075905.0,1813401.0,1.813401,1,0.5448,0.5,1050
2020-09-25,7.2e-05,0.000134,6.1e-05,0.000134,2813604.0,1076049.0,1813604.0,1.813604,1,0.5452,0.5,1051
2020-09-28,-0.00144,0.005887,0.007327,0.005887,2809552.0,1082383.0,1809552.0,1.809552,0,0.5447,0.5,1052
2020-09-29,-0.003648,-0.00571,-0.002063,-0.00571,2799304.0,1076203.0,1799304.0,1.799304,0,0.5442,0.45,1053
2020-09-30,0.015235,-0.006879,-0.022114,-0.006879,2841952.0,1068800.0,1841952.0,1.841952,1,0.5446,0.45,1054
2020-10-02,-0.000876,-0.018816,-0.01794,-0.018816,2839463.0,1048689.0,1839463.0,1.839463,0,0.5441,0.4,1055
2020-10-05,-0.002548,0.00523,0.007778,0.00523,2832230.0,1054174.0,1832230.0,1.83223,0,0.5436,0.35,1056
2020-10-06,0.00059,0.001101,0.000511,0.001101,2833900.0,1055335.0,1833900.0,1.8339,1,0.544,0.4,1057
2020-10-07,-0.006448,-0.002685,0.003763,-0.002685,2815627.0,1052501.0,1815627.0,1.815627,0,0.5435,0.35,1058
2020-10-08,-0.006844,-0.003014,0.003829,-0.003014,2796358.0,1049328.0,1796358.0,1.796358,0,0.543,0.3,1059
2020-10-09,-0.007627,-0.010251,-0.002625,-0.010251,2775031.0,1038571.0,1775031.0,1.775031,0,0.5425,0.3,1060
2020-10-12,-0.000874,-0.001362,-0.000488,-0.001362,2772606.0,1037157.0,1772606.0,1.772606,0,0.5419,0.3,1061
2020-10-13,0.000928,0.0,-0.000928,0.0,2775179.0,1037157.0,1775179.0,1.775179,1,0.5424,0.35,1062
2020-10-14,0.004839,-0.000141,-0.004981,-0.000141,2788609.0,1037010.0,1788609.0,1.788609,1,0.5428,0.4,1063
2020-10-15,0.004466,-0.002167,-0.006632,-0.002167,2801063.0,1034763.0,1801063.0,1.801063,1,0.5432,0.45,1064
2020-10-16,-0.005473,-0.007709,-0.002236,-0.007709,2785732.0,1026786.0,1785732.0,1.785732,0,0.5427,0.45,1065
2020-10-19,-0.002566,0.003215,0.005781,0.003215,2778584.0,1030087.0,1778584.0,1.778584,0,0.5422,0.4,1066
2020-10-20,0.000921,-0.005536,-0.006456,-0.005536,2781143.0,1024385.0,1781143.0,1.781143,1,0.5426,0.45,1067
2020-10-21,0.001782,0.00575,0.003968,0.00575,2786098.0,1030275.0,1786098.0,1.786098,1,0.5431,0.45,1068
2020-10-22,-0.01064,-0.014713,-0.004073,-0.014713,2756454.0,1015117.0,1756454.0,1.756454,0,0.5426,0.45,1069
2020-10-23,-0.000104,0.000292,0.000396,0.000292,2756167.0,1015413.0,1756167.0,1.756167,0,0.5421,0.4,1070
2020-10-26,-0.001047,-0.002389,-0.001342,-0.002389,2753281.0,1012988.0,1753281.0,1.753281,0,0.5415,0.35,1071
2020-10-27,0.000546,-0.00116,-0.001705,-0.00116,2754784.0,1011813.0,1754784.0,1.754784,1,0.542,0.4,1072
2020-10-28,0.013649,0.008794,-0.004854,0.008794,2792382.0,1020711.0,1792382.0,1.792382,1,0.5424,0.45,1073
2020-10-29,0.009636,0.012129,0.002493,0.012129,2819288.0,1033091.0,1819288.0,1.819288,1,0.5428,0.45,1074
2020-10-30,0.003148,-0.012761,-0.01591,-0.012761,2828165.0,1019907.0,1828165.0,1.828165,1,0.5433,0.5,1075
2020-11-02,0.005012,0.016462,0.01145,0.016462,2842340.0,1036697.0,1842340.0,1.84234,1,0.5437,0.55,1076
2020-11-04,-0.003016,-0.00596,-0.002943,-0.00596,2833766.0,1030519.0,1833766.0,1.833766,0,0.5432,0.5,1077
2020-11-05,0.015926,0.016665,0.000739,0.016665,2878896.0,1047692.0,1878896.0,1.878896,1,0.5436,0.55,1078
2020-11-06,0.012178,0.013384,0.001206,0.013384,2913955.0,1061714.0,1913955.0,1.913955,1,0.544,0.6,1079
2020-11-09,0.000889,0.001665,0.000776,0.001665,2916545.0,1063482.0,1916545.0,1.916545,1,0.5444,0.65,1080
2020-11-10,0.015847,0.007995,-0.007852,0.007995,2962765.0,1071985.0,1962765.0,1.962765,1,0.5449,0.7,1081
2020-11-11,-0.00021,0.008431,0.00864,0.008431,2962144.0,1081023.0,1962144.0,1.962144,0,0.5444,0.65,1082
2020-11-12,0.013678,-0.001331,-0.015008,-0.001331,3002658.0,1079584.0,2002658.0,2.002658,1,0.5448,0.65,1083
2020-11-13,0.010823,-0.003537,-0.01436,-0.003537,3035157.0,1075766.0,2035157.0,2.035157,1,0.5452,0.65,1084
2020-11-16,0.003639,0.004785,0.001146,0.004785,3046203.0,1080914.0,2046203.0,2.046203,1,0.5456,0.7,1085
2020-11-17,-0.003825,-0.003679,0.000146,-0.003679,3034552.0,1076938.0,2034552.0,2.034552,0,0.5451,0.7,1086
2020-11-18,6.8e-05,-0.005216,-0.005284,-0.005216,3034758.0,1071320.0,2034758.0,2.034758,1,0.5455,0.7,1087
2020-11-19,-0.009177,0.000783,0.009961,0.000783,3006907.0,1072159.0,2006907.0,2.006907,0,0.545,0.65,1088
2020-11-20,0.002622,0.005257,0.002635,0.005257,3014792.0,1077795.0,2014792.0,2.014792,1,0.5455,0.7,1089
2020-11-24,0.004502,0.001018,-0.003484,0.001018,3028364.0,1078893.0,2028364.0,2.028364,1,0.5459,0.75,1090
2020-11-25,0.000568,-0.010886,-0.011454,-0.010886,3030084.0,1067148.0,2030084.0,2.030084,1,0.5463,0.8,1091
2020-11-27,0.008197,0.005631,-0.002565,0.005631,3054921.0,1073158.0,2054921.0,2.054921,1,0.5467,0.8,1092
2020-11-30,0.009489,-0.023781,-0.03327,-0.023781,3083909.0,1047637.0,2083909.0,2.083909,1,0.5471,0.8,1093
2020-12-01,-0.005519,-0.007867,-0.002348,-0.007867,3066888.0,1039395.0,2066888.0,2.066888,0,0.5466,0.75,1094
2020-12-02,-0.000818,-0.002563,-0.001745,-0.002563,3064379.0,1036731.0,2064379.0,2.064379,0,0.5461,0.7,1095
2020-12-03,0.014491,0.008647,-0.005844,0.008647,3108783.0,1045696.0,2108783.0,2.108783,1,0.5465,0.7,1096
2020-12-04,0.006473,-0.001113,-0.007586,-0.001113,3128907.0,1044532.0,2128907.0,2.128907,1,0.5469,0.75,1097
2020-12-07,0.004224,-0.005956,-0.01018,-0.005956,3142125.0,1038311.0,2142125.0,2.142125,1,0.5474,0.75,1098
2020-12-08,-0.003237,4.8e-05,0.003285,4.8e-05,3131953.0,1038361.0,2131953.0,2.131953,0,0.5469,0.7,1099
2020-12-09,-0.00072,0.001753,0.002473,0.001753,3129698.0,1040181.0,2129698.0,2.129698,0,0.5464,0.65,1100
2020-12-10,-0.005017,-0.002246,0.002771,-0.002246,3113995.0,1037844.0,2113995.0,2.113995,0,0.5459,0.6,1101
2020-12-11,-0.004136,0.001337,0.005474,0.001337,3101115.0,1039232.0,2101115.0,2.101115,0,0.5454,0.6,1102
2020-12-14,-0.00453,0.002,0.00653,0.002,3087068.0,1041311.0,2087068.0,2.087068,0,0.5449,0.55,1103
2020-12-15,-0.008002,-0.011329,-0.003327,-0.011329,3062364.0,1029514.0,2062364.0,2.062364,0,0.5444,0.5,1104
2020-12-16,0.006874,0.00218,-0.004694,0.00218,3083415.0,1031758.0,2083415.0,2.083415,1,0.5448,0.5,1105
2020-12-17,0.009153,-0.001258,-0.010411,-0.001258,3111638.0,1030460.0,2111638.0,2.111638,1,0.5452,0.55,1106
2020-12-18,-0.014084,-0.010079,0.004006,-0.010079,3067813.0,1020074.0,2067813.0,2.067813,0,0.5447,0.5,1107
2020-12-21,0.000814,-0.008458,-0.009272,-0.008458,3070310.0,1011446.0,2070310.0,2.07031,1,0.5451,0.55,1108
2020-12-22,-0.009538,-0.01178,-0.002242,-0.01178,3041024.0,999531.0,2041024.0,2.041024,0,0.5446,0.5,1109
2020-12-23,0.00862,0.000928,-0.007692,0.000928,3067237.0,1000459.0,2067237.0,2.067237,1,0.545,0.5,1110
2020-12-24,0.004821,0.006273,0.001452,0.006273,3082025.0,1006735.0,2082025.0,2.082025,1,0.5455,0.5,1111
2020-12-28,0.00276,0.001874,-0.000886,0.001874,3090532.0,1008622.0,2090532.0,2.090532,1,0.5459,0.5,1112
2020-12-29,0.001069,0.008697,0.007628,0.008697,3093837.0,1017394.0,2093837.0,2.093837,1,0.5463,0.5,1113
2020-12-30,-0.00656,-0.005317,0.001242,-0.005317,3073542.0,1011985.0,2073542.0,2.073542,0,0.5458,0.5,1114
2021-01-04,-0.014499,-0.013909,0.00059,-0.013909,3028979.0,997909.0,2028979.0,2.028979,0,0.5453,0.5,1115
2021-01-05,0.012121,0.00531,-0.006811,0.00531,3065691.0,1003208.0,2065691.0,2.065691,1,0.5457,0.5,1116
2021-01-06,0.011341,0.016883,0.005542,0.016883,3100460.0,1020144.0,2100460.0,2.10046,1,0.5461,0.5,1117
2021-01-07,0.008366,0.004028,-0.004338,0.004028,3126398.0,1024254.0,2126398.0,2.126398,1,0.5465,0.5,1118
2021-01-08,0.003123,0.007408,0.004285,0.007408,3136162.0,1031841.0,2136162.0,2.136162,1,0.5469,0.55,1119
2021-01-12,-0.004911,0.00153,0.006441,0.00153,3120760.0,1033420.0,2120760.0,2.12076,0,0.5464,0.55,1120
2021-01-13,0.021823,0.020877,-0.000946,0.020877,3188865.0,1054995.0,2188865.0,2.188865,1,0.5468,0.6,1121
2021-01-14,0.014212,0.013911,-0.0003,0.013911,3234185.0,1069671.0,2234185.0,2.234185,1,0.5472,0.65,1122
2021-01-15,-0.001268,-0.009511,-0.008242,-0.009511,3230083.0,1059498.0,2230083.0,2.230083,0,0.5467,0.65,1123
2021-01-19,0.006898,0.004481,-0.002417,0.004481,3252364.0,1064246.0,2252364.0,2.252364,1,0.5472,0.7,1124
2021-01-20,-0.008483,-0.006094,0.002389,-0.006094,3224774.0,1057760.0,2224774.0,2.224774,0,0.5467,0.65,1125
2021-01-21,0.005442,0.000529,-0.004913,0.000529,3242324.0,1058320.0,2242324.0,2.242324,1,0.5471,0.65,1126
2021-01-22,0.004209,0.00528,0.001071,0.00528,3255971.0,1063908.0,2255971.0,2.255971,1,0.5475,0.7,1127
2021-01-25,0.00953,0.003813,-0.005717,0.003813,3287000.0,1067964.0,2287000.0,2.287,1,0.5479,0.7,1128
2021-01-26,0.017124,0.009964,-0.007161,0.009964,3343287.0,1078605.0,2343287.0,2.343287,1,0.5483,0.75,1129
2021-01-27,-0.001276,-0.003572,-0.002295,-0.003572,3339020.0,1074753.0,2339020.0,2.33902,0,0.5478,0.7,1130
2021-01-28,0.003065,0.011688,0.008623,0.011688,3349253.0,1087315.0,2349253.0,2.349253,1,0.5482,0.7,1131
2021-01-29,0.009017,-0.010172,-0.019189,-0.010172,3379454.0,1076254.0,2379454.0,2.379454,1,0.5486,0.7,1132
2021-02-01,0.002219,0.006664,0.004445,0.006664,3386953.0,1083427.0,2386953.0,2.386953,1,0.549,0.7,1133
2021-02-02,0.004729,0.00926,0.004531,0.00926,3402970.0,1093459.0,2402970.0,2.40297,1,0.5494,0.75,1134
2021-02-03,-0.00246,0.003135,0.005596,0.003135,3394598.0,1096887.0,2394598.0,2.394598,0,0.5489,0.75,1135
2021-02-04,0.003231,0.00098,-0.00225,0.00098,3405565.0,1097963.0,2405565.0,2.405565,1,0.5493,0.75,1136
2021-02-05,-0.003171,-0.000714,0.002457,-0.000714,3394764.0,1097178.0,2394764.0,2.394764,0,0.5488,0.7,1137
2021-02-08,-0.005616,0.00881,0.014426,0.00881,3375700.0,1106845.0,2375700.0,2.3757,0,0.5483,0.65,1138
2021-02-09,-0.005209,-0.007017,-0.001808,-0.007017,3358116.0,1099078.0,2358116.0,2.358116,0,0.5478,0.6,1139
2021-02-10,0.001337,0.002027,0.00069,0.002027,3362608.0,1101306.0,2362608.0,2.362608,1,0.5482,0.65,1140
2021-02-12,0.011668,-0.001728,-0.013396,-0.001728,3401842.0,1099403.0,2401842.0,2.401842,1,0.5486,0.65,1141
2021-02-16,0.012185,0.016661,0.004476,0.016661,3443292.0,1117720.0,2443292.0,2.443292,1,0.549,0.65,1142
2021-02-17,0.014819,0.011403,-0.003416,0.011403,3494318.0,1130465.0,2494318.0,2.494318,1,0.5494,0.7,1143
2021-02-18,-0.017624,-0.020158,-0.002534,-0.020158,3432735.0,1107677.0,2432735.0,2.432735,0,0.549,0.65,1144
2021-02-19,-0.003764,-0.008137,-0.004373,-0.008137,3419815.0,1098664.0,2419815.0,2.419815,0,0.5485,0.65,1145
2021-02-22,0.011896,0.005389,-0.006507,0.005389,3460495.0,1104585.0,2460495.0,2.460495,1,0.5489,0.65,1146
2021-02-24,-0.005136,-0.0135,-0.008364,-0.0135,3442721.0,1089673.0,2442721.0,2.442721,0,0.5484,0.6,1147
2021-02-25,0.000296,-0.005446,-0.005743,-0.005446,3443742.0,1083738.0,2443742.0,2.443742,1,0.5488,0.6,1148
2021-02-26,-6.5e-05,-0.013012,-0.012947,-0.013012,3443517.0,1069637.0,2443517.0,2.443517,0,0.5483,0.55,1149
2021-03-01,-0.020712,-0.002685,0.018027,-0.002685,3372194.0,1066765.0,2372194.0,2.372194,0,0.5478,0.55,1150
2021-03-02,0.000901,-0.011585,-0.012486,-0.011585,3375232.0,1054406.0,2375232.0,2.375232,1,0.5482,0.55,1151
2021-03-03,0.002243,0.007616,0.005372,0.007616,3382804.0,1062436.0,2382804.0,2.382804,1,0.5486,0.55,1152
2021-03-04,0.000789,-0.003243,-0.004032,-0.003243,3385475.0,1058991.0,2385475.0,2.385475,1,0.549,0.55,1153
2021-03-05,0.003061,0.009907,0.006846,0.009907,3395837.0,1069482.0,2395837.0,2.395837,1,0.5494,0.55,1154
2021-03-08,-0.002621,0.000981,0.003602,0.000981,3386936.0,1070532.0,2386936.0,2.386936,0,0.5489,0.55,1155
2021-03-09,-0.008289,0.005625,0.013913,0.005625,3358863.0,1076553.0,2358863.0,2.358863,0,0.5484,0.5,1156
2021-03-10,0.003008,0.00175,-0.001258,0.00175,3368965.0,1078437.0,2368965.0,2.368965,1,0.5488,0.55,1157
2021-03-11,-0.008162,-0.000217,0.007944,-0.000217,3341468.0,1078203.0,2341468.0,2.341468,0,0.5484,0.55,1158
2021-03-12,-0.003683,7.9e-05,0.003762,7.9e-05,3329162.0,1078288.0,2329162.0,2.329162,0,0.5479,0.55,1159
2021-03-15,0.007815,0.010196,0.002382,0.010196,3355178.0,1089282.0,2355178.0,2.355178,1,0.5483,0.55,1160
2021-03-16,0.006891,0.002076,-0.004815,0.002076,3378300.0,1091544.0,2378300.0,2.3783,1,0.5487,0.55,1161
2021-03-17,0.003306,0.004829,0.001523,0.004829,3389469.0,1096816.0,2389469.0,2.389469,1,0.5491,0.55,1162
2021-03-18,0.006565,0.012585,0.00602,0.012585,3411719.0,1110619.0,2411719.0,2.411719,1,0.5494,0.55,1163
2021-03-19,-0.006544,0.008288,0.014832,0.008288,3389393.0,1119824.0,2389393.0,2.389393,0,0.549,0.55,1164
2021-03-22,0.00351,0.002099,-0.00141,0.002099,3401288.0,1122175.0,2401288.0,2.401288,1,0.5494,0.6,1165
2021-03-23,0.012351,-0.006364,-0.018715,-0.006364,3443299.0,1115033.0,2443299.0,2.443299,1,0.5497,0.6,1166
2021-03-24,-0.005102,-0.016918,-0.011816,-0.016918,3425732.0,1096170.0,2425732.0,2.425732,0,0.5493,0.6,1167
2021-03-25,-0.000415,0.009875,0.010291,0.009875,3424309.0,1106994.0,2424309.0,2.424309,0,0.5488,0.55,1168
2021-03-26,-0.00421,0.001627,0.005837,0.001627,3409893.0,1108796.0,2409893.0,2.409893,0,0.5483,0.55,1169
2021-03-29,0.007548,-0.004142,-0.011691,-0.004142,3435632.0,1104203.0,2435632.0,2.435632,1,0.5487,0.6,1170
2021-03-30,-0.010079,-0.003476,0.006603,-0.003476,3401005.0,1100364.0,2401005.0,2.401005,0,0.5482,0.55,1171
2021-03-31,0.004453,-0.003368,-0.007821,-0.003368,3416150.0,1096658.0,2416150.0,2.41615,1,0.5486,0.55,1172
2021-04-01,0.000111,-0.01463,-0.01474,-0.01463,3416528.0,1080615.0,2416528.0,2.416528,1,0.549,0.55,1173
2021-04-05,0.017145,0.016481,-0.000664,0.016481,3475105.0,1098424.0,2475105.0,2.475105,1,0.5494,0.55,1174
2021-04-06,-0.001878,-0.018933,-0.017054,-0.018933,3468578.0,1077628.0,2468578.0,2.468578,0,0.5489,0.55,1175
2021-04-07,-0.001429,0.004202,0.005631,0.004202,3463621.0,1082156.0,2463621.0,2.463621,0,0.5485,0.55,1176
2021-04-08,-0.002815,-0.010457,-0.007642,-0.010457,3453871.0,1070841.0,2453871.0,2.453871,0,0.548,0.5,1177
2021-04-09,0.009775,0.009067,-0.000708,0.009067,3487634.0,1080550.0,2487634.0,2.487634,1,0.5484,0.55,1178
2021-04-12,-0.00152,-0.008185,-0.006665,-0.008185,3482333.0,1071706.0,2482333.0,2.482333,0,0.5479,0.55,1179
2021-04-13,0.0071,0.005201,-0.001899,0.005201,3507056.0,1077280.0,2507056.0,2.507056,1,0.5483,0.55,1180
2021-04-14,0.003172,-0.003026,-0.006199,-0.003026,3518182.0,1074020.0,2518182.0,2.518182,1,0.5487,0.55,1181
2021-04-15,0.004661,0.00485,0.000189,0.00485,3534579.0,1079229.0,2534579.0,2.534579,1,0.5491,0.55,1182
2021-04-16,-0.003614,-4.7e-05,0.003567,-4.7e-05,3521805.0,1079178.0,2521805.0,2.521805,0,0.5486,0.5,1183
2021-04-19,-0.004298,-0.006916,-0.002618,-0.006916,3506669.0,1071714.0,2506669.0,2.506669,0,0.5481,0.5,1184
2021-04-20,-0.000735,-0.009503,-0.008768,-0.009503,3504090.0,1061530.0,2504090.0,2.50409,0,0.5477,0.45,1185
2021-04-21,0.004149,-0.001815,-0.005964,-0.001815,3518628.0,1059603.0,2518628.0,2.518628,1,0.5481,0.45,1186
2021-04-22,-0.00598,-0.0015,0.00448,-0.0015,3497585.0,1058013.0,2497585.0,2.497585,0,0.5476,0.45,1187
2021-04-23,0.003364,0.003828,0.000464,0.003828,3509351.0,1062063.0,2509351.0,2.509351,1,0.548,0.5,1188
2021-04-26,0.001845,-0.00215,-0.003995,-0.00215,3515825.0,1059780.0,2515825.0,2.515825,1,0.5484,0.55,1189
2021-04-27,0.011998,0.001902,-0.010096,0.001902,3558009.0,1061796.0,2558009.0,2.558009,1,0.5487,0.55,1190
2021-04-28,0.006097,0.00736,0.001263,0.00736,3579704.0,1069611.0,2579704.0,2.579704,1,0.5491,0.6,1191
2021-04-30,-0.004641,-0.00778,-0.003139,-0.00778,3563091.0,1061289.0,2563091.0,2.563091,0,0.5487,0.55,1192
2021-05-06,-0.001519,0.007592,0.009111,0.007592,3557678.0,1069347.0,2557678.0,2.557678,0,0.5482,0.5,1193
2021-05-07,0.005723,0.000564,-0.005158,0.000564,3578037.0,1069950.0,2578037.0,2.578037,1,0.5486,0.5,1194
2021-05-10,0.004009,0.008696,0.004687,0.008696,3592380.0,1079254.0,2592380.0,2.59238,1,0.549,0.55,1195
2021-05-11,0.009334,-0.003845,-0.013179,-0.003845,3625911.0,1075104.0,2625911.0,2.625911,1,0.5493,0.6,1196
2021-05-12,0.021179,-0.004312,-0.025491,-0.004312,3702705.0,1070469.0,2702705.0,2.702705,1,0.5497,0.65,1197
2021-05-13,-0.001791,-0.002702,-0.000911,-0.002702,3696075.0,1067577.0,2696075.0,2.696075,0,0.5492,0.6,1198
2021-05-14,0.011351,0.003414,-0.007937,0.003414,3738028.0,1071222.0,2738028.0,2.738028,1,0.5496,0.65,1199
2021-05-17,-0.010811,-0.011122,-0.000311,-0.011122,3697615.0,1059308.0,2697615.0,2.697615,0,0.5492,0.6,1200
2021-05-18,0.009552,0.010032,0.00048,0.010032,3732934.0,1069934.0,2732934.0,2.732934,1,0.5495,0.6,1201
2021-05-19,0.00454,0.000322,-0.004218,0.000322,3749882.0,1070279.0,2749882.0,2.749882,1,0.5499,0.6,1202
2021-05-20,-0.003257,-0.000929,0.002329,-0.000929,3737668.0,1069285.0,2737668.0,2.737668,0,0.5495,0.6,1203
2021-05-21,0.01063,-0.006204,-0.016834,-0.006204,3777400.0,1062651.0,2777400.0,2.7774,1,0.5498,0.65,1204
2021-05-24,0.007663,0.009095,0.001432,0.009095,3806347.0,1072316.0,2806347.0,2.806347,1,0.5502,0.7,1205
2021-05-25,-0.003071,-0.002365,0.000706,-0.002365,3794657.0,1069780.0,2794657.0,2.794657,0,0.5498,0.65,1206
2021-05-26,-0.001941,0.001402,0.003344,0.001402,3787290.0,1071280.0,2787290.0,2.78729,0,0.5493,0.65,1207
2021-05-27,-0.007193,-0.006728,0.000465,-0.006728,3760049.0,1064072.0,2760049.0,2.760049,0,0.5488,0.6,1208
2021-05-28,0.003279,0.007516,0.004237,0.007516,3772378.0,1072070.0,2772378.0,2.772378,1,0.5492,0.6,1209
2021-06-01,-0.009411,-0.00962,-0.000209,-0.00962,3736876.0,1061757.0,2736876.0,2.736876,0,0.5488,0.55,1210
2021-06-02,0.00306,0.002579,-0.000482,0.002579,3748311.0,1064495.0,2748311.0,2.748311,1,0.5491,0.55,1211
2021-06-03,-0.001518,0.005995,0.007513,0.005995,3742623.0,1070877.0,2742623.0,2.742623,0,0.5487,0.55,1212
2021-06-04,-0.008386,-0.000799,0.007586,-0.000799,3711238.0,1070021.0,2711238.0,2.711238,0,0.5482,0.55,1213
2021-06-07,0.004896,-0.004481,-0.009377,-0.004481,3729408.0,1065226.0,2729408.0,2.729408,1,0.5486,0.55,1214
2021-06-08,0.018894,0.020241,0.001347,0.020241,3799873.0,1086788.0,2799873.0,2.799873,1,0.549,0.55,1215
2021-06-09,-0.000788,-0.004154,-0.003366,-0.004154,3796878.0,1082274.0,2796878.0,2.796878,0,0.5485,0.5,1216
2021-06-10,-0.004153,-0.005277,-0.001124,-0.005277,3781110.0,1076563.0,2781110.0,2.78111,0,0.5481,0.45,1217
2021-06-11,0.002914,-0.001108,-0.004021,-0.001108,3792128.0,1075370.0,2792128.0,2.792128,1,0.5484,0.5,1218
2021-06-14,0.004689,-0.001337,-0.006026,-0.001337,3809910.0,1073933.0,2809910.0,2.80991,1,0.5488,0.5,1219
2021-06-15,-0.001716,0.007244,0.008961,0.007244,3803371.0,1081713.0,2803371.0,2.803371,0,0.5484,0.5,1220
2021-06-16,0.006719,0.004764,-0.001955,0.004764,3828926.0,1086866.0,2828926.0,2.828926,1,0.5487,0.5,1221
2021-06-17,0.000289,-0.007048,-0.007338,-0.007048,3830034.0,1079205.0,2830034.0,2.830034,1,0.5491,0.5,1222
2021-06-18,0.009522,-0.00141,-0.010932,-0.00141,3866504.0,1077684.0,2866504.0,2.866504,1,0.5495,0.55,1223
2021-06-21,0.005049,-0.000464,-0.005513,-0.000464,3886026.0,1077184.0,2886026.0,2.886026,1,0.5498,0.55,1224
2021-06-22,0.001049,0.011408,0.010359,0.011408,3890103.0,1089472.0,2890103.0,2.890103,1,0.5502,0.55,1225
2021-06-23,0.005084,0.001961,-0.003123,0.001961,3909880.0,1091609.0,2909880.0,2.90988,1,0.5506,0.6,1226
2021-06-24,0.003034,0.004679,0.001645,0.004679,3921744.0,1096717.0,2921744.0,2.921744,1,0.5509,0.65,1227
2021-06-25,0.00098,0.002079,0.001099,0.002079,3925587.0,1098997.0,2925587.0,2.925587,1,0.5513,0.7,1228
2021-06-28,0.001815,0.000564,-0.001251,0.000564,3932711.0,1099617.0,2932711.0,2.932711,1,0.5517,0.7,1229
2021-06-29,0.00432,0.000663,-0.003656,0.000663,3949698.0,1100346.0,2949698.0,2.949698,1,0.552,0.75,1230
2021-06-30,-0.001646,-0.00611,-0.004464,-0.00611,3943196.0,1093623.0,2943196.0,2.943196,0,0.5516,0.7,1231
2021-07-01,0.005517,-0.003488,-0.009005,-0.003488,3964951.0,1089809.0,2964951.0,2.964951,1,0.5519,0.75,1232
2021-07-02,0.00631,0.006299,-1.1e-05,0.006299,3989969.0,1096674.0,2989969.0,2.989969,1,0.5523,0.8,1233
2021-07-06,-0.009652,-0.005696,0.003956,-0.005696,3951457.0,1090426.0,2951457.0,2.951457,0,0.5519,0.75,1234
2021-07-07,0.009604,-0.000339,-0.009943,-0.000339,3989406.0,1090057.0,2989406.0,2.989406,1,0.5522,0.75,1235
2021-07-08,-0.002965,-0.007678,-0.004713,-0.007678,3977579.0,1081687.0,2977579.0,2.977579,0,0.5518,0.75,1236
2021-07-09,-0.007293,0.007309,0.014601,0.007309,3948572.0,1089593.0,2948572.0,2.948572,0,0.5513,0.75,1237
2021-07-12,-0.002437,0.000174,0.002612,0.000174,3938948.0,1089783.0,2938948.0,2.938948,0,0.5509,0.7,1238
2021-07-13,0.001348,0.006644,0.005296,0.006644,3944257.0,1097023.0,2944257.0,2.944257,1,0.5513,0.7,1239
2021-07-14,0.002903,0.004011,0.001108,0.004011,3955707.0,1101423.0,2955707.0,2.955707,1,0.5516,0.75,1240
2021-07-15,-0.005533,-0.009113,-0.003579,-0.009113,3933818.0,1091387.0,2933818.0,2.933818,0,0.5512,0.7,1241
2021-07-16,-0.001727,-0.001387,0.000339,-0.001387,3927026.0,1089873.0,2927026.0,2.927026,0,0.5507,0.65,1242
2021-07-19,0.002837,-0.001568,-0.004405,-0.001568,3938167.0,1088164.0,2938167.0,2.938167,1,0.5511,0.65,1243
2021-07-20,0.005767,0.003476,-0.002292,0.003476,3960880.0,1091946.0,2960880.0,2.96088,1,0.5514,0.65,1244
2021-07-21,-0.009549,-0.011503,-0.001954,-0.011503,3923057.0,1079386.0,2923057.0,2.923057,0,0.551,0.6,1245
2021-07-26,0.001406,-0.004646,-0.006051,-0.004646,3928572.0,1074371.0,2928572.0,2.928572,1,0.5514,0.6,1246
2021-07-27,0.005776,0.003465,-0.002311,0.003465,3951264.0,1078094.0,2951264.0,2.951264,1,0.5517,0.6,1247
2021-07-28,-0.000515,0.001424,0.001939,0.001424,3949230.0,1079629.0,2949230.0,2.94923,0,0.5513,0.55,1248
2021-07-29,0.008139,-0.001452,-0.009592,-0.001452,3981374.0,1078061.0,2981374.0,2.981374,1,0.5516,0.55,1249
2021-07-30,0.002647,-0.007761,-0.010409,-0.007761,3991914.0,1069694.0,2991914.0,2.991914,1,0.552,0.55,1250
2021-08-02,-0.011747,0.0053,0.017047,0.0053,3945022.0,1075363.0,2945022.0,2.945022,0,0.5516,0.55,1251
2021-08-03,-0.005964,-0.002325,0.003638,-0.002325,3921495.0,1072863.0,2921495.0,2.921495,0,0.5511,0.5,1252
2021-08-04,0.002277,-0.00367,-0.005947,-0.00367,3930425.0,1068925.0,2930425.0,2.930425,1,0.5515,0.5,1253
2021-08-05,-0.000625,0.004066,0.004692,0.004066,3927967.0,1073271.0,2927967.0,2.927967,0,0.551,0.5,1254
2021-08-06,0.005518,0.006311,0.000794,0.006311,3949640.0,1080045.0,2949640.0,2.94964,1,0.5514,0.5,1255
2021-08-10,-0.010092,-0.00277,0.007322,-0.00277,3909779.0,1077054.0,2909779.0,2.909779,0,0.551,0.5,1256
2021-08-11,0.003582,0.003984,0.000402,0.003984,3923785.0,1081345.0,2923785.0,2.923785,1,0.5513,0.55,1257
2021-08-12,0.002552,-0.002037,-0.00459,-0.002037,3933800.0,1079142.0,2933800.0,2.9338,1,0.5517,0.6,1258
2021-08-13,0.004912,-0.000556,-0.005469,-0.000556,3953123.0,1078541.0,2953123.0,2.953123,1,0.552,0.6,1259
2021-08-16,-9.3e-05,-0.012886,-0.012793,-0.012886,3952757.0,1064644.0,2952757.0,2.952757,0,0.5516,0.55,1260
2021-08-17,0.005491,0.000188,-0.005303,0.000188,3974461.0,1064843.0,2974461.0,2.974461,1,0.5519,0.6,1261
2021-08-18,-0.004074,0.000289,0.004363,0.000289,3958270.0,1065151.0,2958270.0,2.95827,0,0.5515,0.6,1262
2021-08-19,-0.017476,-0.013091,0.004385,-0.013091,3889095.0,1051208.0,2889095.0,2.889095,0,0.5511,0.55,1263
2021-08-20,0.010353,0.004609,-0.005744,0.004609,3929359.0,1056052.0,2929359.0,2.929359,1,0.5514,0.55,1264
2021-08-23,-0.001837,0.001249,0.003086,0.001249,3922141.0,1057371.0,2922141.0,2.922141,0,0.551,0.55,1265
2021-08-24,0.001146,0.001654,0.000509,0.001654,3926635.0,1059120.0,2926635.0,2.926635,1,0.5513,0.55,1266
2021-08-25,-0.001166,-0.002553,-0.001387,-0.002553,3922057.0,1056417.0,2922057.0,2.922057,0,0.5509,0.5,1267
2021-08-26,-0.001515,-0.002386,-0.00087,-0.002386,3916114.0,1053896.0,2916114.0,2.916114,0,0.5505,0.5,1268
2021-08-27,0.001988,-0.002642,-0.00463,-0.002642,3923900.0,1051112.0,2923900.0,2.9239,1,0.5508,0.5,1269
2021-08-30,-0.000297,0.001378,0.001675,0.001378,3922734.0,1052560.0,2922734.0,2.922734,0,0.5504,0.45,1270
2021-08-31,-0.00032,0.00548,0.005801,0.00548,3921478.0,1058329.0,2921478.0,2.921478,0,0.55,0.45,1271
2021-09-01,0.001188,0.010202,0.009014,0.010202,3926137.0,1069126.0,2926137.0,2.926137,1,0.5503,0.5,1272
2021-09-02,0.001291,-0.000547,-0.001839,-0.000547,3931207.0,1068541.0,2931207.0,2.931207,1,0.5507,0.5,1273
2021-09-03,0.002323,0.012315,0.009992,0.012315,3940340.0,1081700.0,2940340.0,2.94034,1,0.551,0.55,1274
2021-09-07,-0.007024,-0.004844,0.00218,-0.004844,3912663.0,1076460.0,2912663.0,2.912663,0,0.5506,0.5,1275
2021-09-08,0.0039,0.010267,0.006367,0.010267,3927923.0,1087512.0,2927923.0,2.927923,1,0.5509,0.55,1276
2021-09-09,0.010191,0.007646,-0.002545,0.007646,3967953.0,1095827.0,2967953.0,2.967953,1,0.5513,0.55,1277
2021-09-10,0.009857,0.007992,-0.001864,0.007992,4007064.0,1104585.0,3007064.0,3.007064,1,0.5516,0.55,1278
2021-09-13,0.005445,0.008993,0.003548,0.008993,4028880.0,1114519.0,3028880.0,3.02888,1,0.552,0.55,1279
2021-09-14,0.004102,0.002608,-0.001494,0.002608,4045406.0,1117425.0,3045406.0,3.045406,1,0.5523,0.6,1280
2021-09-15,-0.002442,-0.00371,-0.001267,-0.00371,4035525.0,1113280.0,3035525.0,3.035525,0,0.5519,0.55,1281
2021-09-16,-0.008161,-0.004988,0.003173,-0.004988,4002593.0,1107726.0,3002593.0,3.002593,0,0.5515,0.55,1282
2021-09-17,-0.002098,0.000774,0.002872,0.000774,3994195.0,1108584.0,2994195.0,2.994195,0,0.5511,0.55,1283
2021-09-21,-0.002328,0.006882,0.009209,0.006882,3984898.0,1116213.0,2984898.0,2.984898,0,0.5506,0.5,1284
2021-09-22,-0.004415,-0.006863,-0.002448,-0.006863,3967306.0,1108552.0,2967306.0,2.967306,0,0.5502,0.5,1285
2021-09-24,0.002837,0.000936,-0.001901,0.000936,3978560.0,1109590.0,2978560.0,2.97856,1,0.5505,0.5,1286
2021-09-27,0.006943,0.000132,-0.006812,0.000132,4006185.0,1109736.0,3006185.0,3.006185,1,0.5509,0.55,1287
2021-09-28,0.006748,0.002,-0.004747,0.002,4033218.0,1111956.0,3033218.0,3.033218,1,0.5512,0.6,1288
2021-09-29,-0.004232,-0.00464,-0.000408,-0.00464,4016149.0,1106796.0,3016149.0,3.016149,0,0.5508,0.55,1289
2021-09-30,0.000772,-0.004791,-0.005563,-0.004791,4019251.0,1101494.0,3019251.0,3.019251,1,0.5512,0.6,1290
2021-10-01,-0.002084,-0.010457,-0.008373,-0.010457,4010876.0,1089977.0,3010876.0,3.010876,0,0.5507,0.6,1291
2021-10-04,-0.026783,-0.020086,0.006697,-0.020086,3903451.0,1068083.0,2903451.0,2.903451,0,0.5503,0.55,1292
2021-10-05,0.009342,0.004916,-0.004426,0.004916,3939919.0,1073334.0,2939919.0,2.939919,1,0.5507,0.55,1293
2021-10-06,-0.007415,0.0042,0.011615,0.0042,3910706.0,1077843.0,2910706.0,2.910706,0,0.5502,0.5,1294
2021-10-07,-0.00198,-0.004069,-0.002089,-0.004069,3902962.0,1073457.0,2902962.0,2.902962,0,0.5498,0.5,1295
2021-10-08,0.010524,0.002369,-0.008154,0.002369,3944035.0,1076000.0,2944035.0,2.944035,1,0.5502,0.5,1296
2021-10-11,0.028482,0.022631,-0.005851,0.022631,4056368.0,1100351.0,3056368.0,3.056368,1,0.5505,0.5,1297
2021-10-12,0.010145,0.002727,-0.007418,0.002727,4097520.0,1103352.0,3097520.0,3.09752,1,0.5508,0.5,1298
2021-10-13,-0.00317,-0.0076,-0.00443,-0.0076,4084529.0,1094967.0,3084529.0,3.084529,0,0.5504,0.45,1299
2021-10-14,0.007585,0.000561,-0.007024,0.000561,4115511.0,1095581.0,3115511.0,3.115511,1,0.5508,0.45,1300
2021-10-15,-0.00803,-2.8e-05,0.008002,-2.8e-05,4082464.0,1095550.0,3082464.0,3.082464,0,0.5503,0.45,1301
2021-10-18,0.018776,0.003604,-0.015172,0.003604,4159115.0,1099498.0,3159115.0,3.159115,1,0.5507,0.5,1302
2021-10-19,-0.005108,-0.009278,-0.00417,-0.009278,4137868.0,1089297.0,3137868.0,3.137868,0,0.5503,0.5,1303
2021-10-20,0.005933,-0.002598,-0.008531,-0.002598,4162420.0,1086467.0,3162420.0,3.16242,1,0.5506,0.55,1304
2021-10-21,-0.00063,-0.010629,-0.009999,-0.010629,4159799.0,1074919.0,3159799.0,3.159799,0,0.5502,0.55,1305
2021-10-22,-0.005021,-0.00471,0.000311,-0.00471,4138914.0,1069856.0,3138914.0,3.138914,0,0.5498,0.5,1306
2021-10-25,0.011851,0.008234,-0.003617,0.008234,4187965.0,1078665.0,3187965.0,3.187965,1,0.5501,0.5,1307
2021-10-26,-0.006527,-0.00237,0.004157,-0.00237,4160629.0,1076109.0,3160629.0,3.160629,0,0.5497,0.45,1308
2021-10-27,-0.005096,-0.007346,-0.00225,-0.007346,4139428.0,1068204.0,3139428.0,3.139428,0,0.5493,0.45,1309
2021-10-28,0.005335,-0.000708,-0.006042,-0.000708,4161511.0,1067448.0,3161511.0,3.161511,1,0.5496,0.45,1310
2021-10-29,-0.002036,-0.000165,0.001871,-0.000165,4153039.0,1067271.0,3153039.0,3.153039,0,0.5492,0.45,1311
2021-11-01,-0.001831,0.006464,0.008295,0.006464,4145435.0,1074170.0,3145435.0,3.145435,0,0.5488,0.45,1312
2021-11-02,-0.002033,-0.010374,-0.008341,-0.010374,4137005.0,1063027.0,3137005.0,3.137005,0,0.5484,0.4,1313
2021-11-04,-0.005767,-0.00308,0.002688,-0.00308,4113147.0,1059753.0,3113147.0,3.113147,0,0.5479,0.4,1314
2021-11-05,0.004581,-0.001202,-0.005783,-0.001202,4131987.0,1058479.0,3131987.0,3.131987,1,0.5483,0.45,1315
2021-11-08,0.008985,-0.003401,-0.012386,-0.003401,4169114.0,1054879.0,3169114.0,3.169114,1,0.5486,0.45,1316
2021-11-09,-0.011943,-0.015897,-0.003954,-0.015897,4119322.0,1038110.0,3119322.0,3.119322,0,0.5482,0.4,1317
2021-11-10,-0.000135,-0.003731,-0.003595,-0.003731,4118764.0,1034237.0,3118764.0,3.118764,0,0.5478,0.35,1318
2021-11-11,0.006089,0.004548,-0.001541,0.004548,4143845.0,1038941.0,3143845.0,3.143845,1,0.5481,0.4,1319
2021-11-12,0.000587,0.003323,0.002736,0.003323,4146277.0,1042393.0,3146277.0,3.146277,1,0.5485,0.4,1320
2021-11-15,0.004942,-0.00037,-0.005312,-0.00037,4166767.0,1042007.0,3166767.0,3.166767,1,0.5488,0.45,1321
2021-11-16,0.001558,-0.00195,-0.003508,-0.00195,4173258.0,1039975.0,3173258.0,3.173258,1,0.5492,0.45,1322
2021-11-17,-0.000616,-0.007704,-0.007088,-0.007704,4170686.0,1031963.0,3170686.0,3.170686,0,0.5488,0.45,1323
2021-11-18,-0.000669,-0.00866,-0.007991,-0.00866,4167897.0,1023026.0,3167897.0,3.167897,0,0.5483,0.4,1324
2021-11-19,-0.00633,0.000866,0.007195,0.000866,4141515.0,1023912.0,3141515.0,3.141515,0,0.5479,0.4,1325
2021-11-22,0.003242,0.006179,0.002937,0.006179,4154942.0,1030238.0,3154942.0,3.154942,1,0.5483,0.45,1326
2021-11-24,0.00693,-0.000544,-0.007475,-0.000544,4183737.0,1029677.0,3183737.0,3.183737,1,0.5486,0.45,1327
2021-11-26,-0.005431,-0.015985,-0.010554,-0.015985,4161015.0,1013218.0,3161015.0,3.161015,0,0.5482,0.45,1328
2021-11-29,-0.009541,-0.015711,-0.00617,-0.015711,4121314.0,997299.0,3121314.0,3.121314,0,0.5478,0.45,1329
2021-11-30,-0.0147,-0.027474,-0.012774,-0.027474,4060731.0,969900.0,3060731.0,3.060731,0,0.5474,0.4,1330
2021-12-01,0.015633,0.015042,-0.00059,0.015042,4124210.0,984489.0,3124210.0,3.12421,1,0.5477,0.45,1331
2021-12-02,-0.014404,-0.00874,0.005664,-0.00874,4064805.0,975885.0,3064805.0,3.064805,0,0.5473,0.45,1332
2021-12-03,0.009985,0.011413,0.001428,0.011413,4105391.0,987022.0,3105391.0,3.105391,1,0.5476,0.5,1333
2021-12-06,-0.011308,-0.007434,0.003874,-0.007434,4058968.0,979684.0,3058968.0,3.058968,0,0.5472,0.5,1334
2021-12-07,-0.011769,0.008656,0.020425,0.008656,4011198.0,988165.0,3011198.0,3.011198,0,0.5468,0.45,1335
2021-12-08,0.002221,-0.001633,-0.003854,-0.001633,4020107.0,986551.0,3020107.0,3.020107,1,0.5472,0.45,1336
2021-12-09,0.003594,-0.002618,-0.006212,-0.002618,4034556.0,983969.0,3034556.0,3.034556,1,0.5475,0.5,1337
2021-12-10,0.009589,0.001112,-0.008477,0.001112,4073243.0,985063.0,3073243.0,3.073243,1,0.5478,0.55,1338
2021-12-13,0.004078,-0.005596,-0.009674,-0.005596,4089852.0,979550.0,3089852.0,3.089852,1,0.5482,0.55,1339
2021-12-14,0.006506,0.003856,-0.00265,0.003856,4116461.0,983328.0,3116461.0,3.116461,1,0.5485,0.55,1340
2021-12-15,0.006517,0.008398,0.001881,0.008398,4143288.0,991585.0,3143288.0,3.143288,1,0.5488,0.55,1341
2021-12-16,-0.002708,0.002067,0.004775,0.002067,4132070.0,993635.0,3132070.0,3.13207,0,0.5484,0.5,1342
2021-12-17,0.007074,-0.001115,-0.008189,-0.001115,4161300.0,992527.0,3161300.0,3.1613,1,0.5488,0.55,1343
2021-12-20,-0.00904,-0.021975,-0.012935,-0.021975,4123682.0,970717.0,3123682.0,3.123682,0,0.5484,0.55,1344
2021-12-21,0.005966,0.00929,0.003324,0.00929,4148283.0,979735.0,3148283.0,3.148283,1,0.5487,0.6,1345
2021-12-22,-0.005392,-0.006739,-0.001347,-0.006739,4125917.0,973133.0,3125917.0,3.125917,0,0.5483,0.55,1346
2021-12-23,-0.010439,-0.003481,0.006959,-0.003481,4082846.0,969745.0,3082846.0,3.082846,0,0.5479,0.5,1347
2021-12-27,-0.001666,-0.003493,-0.001827,-0.003493,4076043.0,966358.0,3076043.0,3.076043,0,0.5475,0.5,1348
2021-12-28,-0.008787,-0.003404,0.005383,-0.003404,4040228.0,963069.0,3040228.0,3.040228,0,0.5471,0.5,1349
2021-12-29,0.00221,0.006614,0.004404,0.006614,4049158.0,969439.0,3049158.0,3.049158,1,0.5474,0.55,1350
2021-12-30,-0.004651,-0.003487,0.001164,-0.003487,4030324.0,966059.0,3030324.0,3.030324,0,0.547,0.5,1351
2022-01-04,0.006706,0.011372,0.004666,0.011372,4057352.0,977045.0,3057352.0,3.057352,1,0.5473,0.55,1352
2022-01-05,0.011219,0.01109,-0.000129,0.01109,4102870.0,987880.0,3102870.0,3.10287,1,0.5477,0.55,1353
2022-01-06,0.00506,-0.00595,-0.01101,-0.00595,4123629.0,982002.0,3123629.0,3.123629,1,0.548,0.6,1354
2022-01-07,0.020224,0.008194,-0.012029,0.008194,4207024.0,990048.0,3207024.0,3.207024,1,0.5483,0.65,1355
2022-01-11,0.00968,0.001646,-0.008033,0.001646,4247747.0,991678.0,3247747.0,3.247747,1,0.5487,0.65,1356
2022-01-12,0.008196,0.00973,0.001535,0.00973,4282559.0,1001328.0,3282559.0,3.282559,1,0.549,0.65,1357
2022-01-13,0.016874,0.01308,-0.003794,0.01308,4354824.0,1014426.0,3354824.0,3.354824,1,0.5493,0.65,1358
2022-01-14,0.006298,0.00337,-0.002928,0.00337,4382251.0,1017844.0,3382251.0,3.382251,1,0.5497,0.65,1359
2022-01-18,0.003095,-0.007519,-0.010614,-0.007519,4395812.0,1010191.0,3395812.0,3.395812,1,0.55,0.65,1360
2022-01-19,0.002167,-0.011149,-0.013316,-0.011149,4405338.0,998928.0,3405338.0,3.405338,1,0.5503,0.65,1361
2022-01-20,0.001063,0.010762,0.009699,0.010762,4410020.0,1009678.0,3410020.0,3.41002,1,0.5507,0.7,1362
2022-01-21,0.006584,0.00597,-0.000614,0.00597,4439056.0,1015706.0,3439056.0,3.439056,1,0.551,0.7,1363
2022-01-24,-0.013937,0.009243,0.02318,0.009243,4377190.0,1025094.0,3377190.0,3.37719,0,0.5506,0.7,1364
2022-01-25,-0.009409,-0.007771,0.001638,-0.007771,4336005.0,1017128.0,3336005.0,3.336005,0,0.5502,0.65,1365
2022-01-26,-0.00083,-0.003748,-0.002918,-0.003748,4332407.0,1013316.0,3332407.0,3.332407,0,0.5498,0.65,1366
2022-01-27,0.01092,-0.008817,-0.019737,-0.008817,4379718.0,1004381.0,3379718.0,3.379718,1,0.5501,0.7,1367
2022-01-28,-0.007215,0.008098,0.015313,0.008098,4348118.0,1012515.0,3348118.0,3.348118,0,0.5497,0.7,1368
2022-01-31,-0.003508,0.004269,0.007776,0.004269,4332867.0,1016837.0,3332867.0,3.332867,0,0.5493,0.7,1369
2022-02-01,0.011083,-0.00042,-0.011503,-0.00042,4380886.0,1016410.0,3380886.0,3.380886,1,0.5496,0.7,1370
2022-02-02,0.018946,0.017727,-0.001218,0.017727,4463885.0,1034428.0,3463885.0,3.463885,1,0.55,0.75,1371
2022-02-03,0.006932,0.008939,0.002007,0.008939,4494827.0,1043675.0,3494827.0,3.494827,1,0.5503,0.75,1372
2022-02-04,-0.003437,0.001534,0.00497,0.001534,4479381.0,1045276.0,3479381.0,3.479381,0,0.5499,0.7,1373
2022-02-07,0.00536,0.008991,0.003631,0.008991,4503390.0,1054674.0,3503390.0,3.50339,1,0.5502,0.7,1374
2022-02-08,-0.012743,-0.003102,0.009641,-0.003102,4446004.0,1051402.0,3446004.0,3.446004,0,0.5498,0.65,1375
2022-02-09,-0.001132,-0.00356,-0.002428,-0.00356,4440972.0,1047659.0,3440972.0,3.440972,0,0.5494,0.6,1376
2022-02-10,-0.003104,-0.002621,0.000483,-0.002621,4427186.0,1044914.0,3427186.0,3.427186,0,0.549,0.55,1377
2022-02-14,0.008393,0.013398,0.005005,0.013398,4464345.0,1058913.0,3464345.0,3.464345,1,0.5493,0.55,1378
2022-02-15,0.008563,-0.001119,-0.009682,-0.001119,4502571.0,1057728.0,3502571.0,3.502571,1,0.5497,0.55,1379
2022-02-16,-0.003817,-0.001767,0.00205,-0.001767,4485386.0,1055859.0,3485386.0,3.485386,0,0.5493,0.5,1380
2022-02-17,0.001281,-0.004958,-0.006239,-0.004958,4491131.0,1050623.0,3491131.0,3.491131,1,0.5496,0.5,1381
2022-02-18,0.005115,0.001204,-0.003912,0.001204,4514105.0,1051888.0,3514105.0,3.514105,1,0.5499,0.5,1382
2022-02-22,-0.010569,-0.007404,0.003165,-0.007404,4466396.0,1044099.0,3466396.0,3.466396,0,0.5495,0.45,1383
2022-02-24,-0.014479,-0.006254,0.008225,-0.006254,4401728.0,1037570.0,3401728.0,3.401728,0,0.5491,0.45,1384
2022-02-25,-0.017259,-0.016655,0.000604,-0.016655,4325760.0,1020289.0,3325760.0,3.32576,0,0.5487,0.45,1385
2022-02-28,0.009488,0.008134,-0.001353,0.008134,4366803.0,1028589.0,3366803.0,3.366803,1,0.5491,0.5,1386
2022-03-01,0.000551,-0.002555,-0.003106,-0.002555,4369209.0,1025961.0,3369209.0,3.369209,1,0.5494,0.5,1387
2022-03-02,-0.003942,-0.010919,-0.006977,-0.010919,4351986.0,1014758.0,3351986.0,3.351986,0,0.549,0.5,1388
2022-03-03,0.002696,0.008138,0.005441,0.008138,4363721.0,1023016.0,3363721.0,3.363721,1,0.5493,0.55,1389
2022-03-04,-0.00817,-0.012305,-0.004135,-0.012305,4328069.0,1010428.0,3328069.0,3.328069,0,0.5489,0.5,1390
2022-03-07,0.012336,0.000253,-0.012083,0.000253,4381460.0,1010684.0,3381460.0,3.38146,1,0.5492,0.5,1391
2022-03-08,0.01258,-0.02063,-0.03321,-0.02063,4436581.0,989833.0,3436581.0,3.436581,1,0.5496,0.5,1392
2022-03-09,0.007472,-0.001439,-0.008912,-0.001439,4469732.0,988409.0,3469732.0,3.469732,1,0.5499,0.55,1393
2022-03-10,-0.021303,0.009295,0.030598,0.009295,4374511.0,997596.0,3374511.0,3.374511,0,0.5495,0.5,1394
2022-03-11,0.022189,0.019504,-0.002685,0.019504,4471579.0,1017053.0,3471579.0,3.471579,1,0.5498,0.55,1395
2022-03-14,0.00175,0.004897,0.003147,0.004897,4479404.0,1022034.0,3479404.0,3.479404,1,0.5501,0.6,1396
2022-03-15,0.008483,0.014752,0.00627,0.014752,4517402.0,1037112.0,3517402.0,3.517402,1,0.5505,0.65,1397
2022-03-16,0.006929,0.010544,0.003615,0.010544,4548704.0,1048047.0,3548704.0,3.548704,1,0.5508,0.65,1398
2022-03-17,0.009677,0.004588,-0.00509,0.004588,4592723.0,1052855.0,3592723.0,3.592723,1,0.5511,0.65,1399
2022-03-18,0.004341,-0.000217,-0.004558,-0.000217,4612658.0,1052626.0,3612658.0,3.612658,1,0.5514,0.7,1400
2022-03-22,-0.021135,-0.002032,0.019103,-0.002032,4515171.0,1050487.0,3515171.0,3.515171,0,0.551,0.65,1401
2022-03-23,0.003052,0.011098,0.008046,0.011098,4528949.0,1062145.0,3528949.0,3.528949,1,0.5514,0.65,1402
2022-03-24,0.000201,0.00259,0.002389,0.00259,4529860.0,1064897.0,3529860.0,3.52986,1,0.5517,0.7,1403
2022-03-25,-0.000167,0.000154,0.000322,0.000154,4529102.0,1065061.0,3529102.0,3.529102,0,0.5513,0.7,1404
2022-03-28,-0.004593,-0.007431,-0.002838,-0.007431,4508301.0,1057146.0,3508301.0,3.508301,0,0.5509,0.7,1405
2022-03-29,0.007936,0.006238,-0.001699,0.006238,4544080.0,1063741.0,3544080.0,3.54408,1,0.5512,0.7,1406
2022-03-30,-0.004609,-0.009548,-0.004939,-0.009548,4523137.0,1053584.0,3523137.0,3.523137,0,0.5508,0.65,1407
2022-03-31,-0.007751,-0.009187,-0.001436,-0.009187,4488076.0,1043904.0,3488076.0,3.488076,0,0.5504,0.65,1408
2022-04-01,-0.000305,0.007324,0.007629,0.007324,4486708.0,1051550.0,3486708.0,3.486708,0,0.55,0.6,1409
2022-04-04,-0.003175,0.004178,0.007353,0.004178,4472464.0,1055943.0,3472464.0,3.472464,0,0.5496,0.6,1410
2022-04-05,-0.009941,-0.01612,-0.00618,-0.01612,4428004.0,1038921.0,3428004.0,3.428004,0,0.5493,0.55,1411
2022-04-06,-0.004332,-0.007915,-0.003583,-0.007915,4408821.0,1030698.0,3408821.0,3.408821,0,0.5489,0.5,1412
2022-04-07,0.00257,-0.001629,-0.004198,-0.001629,4420151.0,1029019.0,3420151.0,3.420151,1,0.5492,0.5,1413
2022-04-08,0.012435,-0.006931,-0.019366,-0.006931,4475117.0,1021888.0,3475117.0,3.475117,1,0.5495,0.55,1414
2022-04-11,-0.001144,0.003526,0.004669,0.003526,4469999.0,1025490.0,3469999.0,3.469999,0,0.5491,0.5,1415
2022-04-12,-0.001421,-0.009055,-0.007635,-0.009055,4463649.0,1016204.0,3463649.0,3.463649,0,0.5487,0.45,1416
2022-04-13,0.007185,0.006155,-0.00103,0.006155,4495718.0,1022459.0,3495718.0,3.495718,1,0.549,0.45,1417
2022-04-14,-0.01677,-0.007441,0.009329,-0.007441,4420325.0,1014851.0,3420325.0,3.420325,0,0.5487,0.4,1418
2022-04-18,0.007994,0.000156,-0.007839,0.000156,4455662.0,1015009.0,3455662.0,3.455662,1,0.549,0.4,1419
2022-04-19,0.012573,0.004514,-0.008059,0.004514,4511682.0,1019591.0,3511682.0,3.511682,1,0.5493,0.4,1420
2022-04-20,0.005899,0.007986,0.002088,0.007986,4538295.0,1027734.0,3538295.0,3.538295,1,0.5496,0.45,1421
2022-04-21,0.002341,0.002506,0.000165,0.002506,4548918.0,1030309.0,3548918.0,3.548918,1,0.5499,0.45,1422
2022-04-22,0.001774,0.000478,-0.001296,0.000478,4556989.0,1030802.0,3556989.0,3.556989,1,0.5502,0.45,1423
2022-04-25,-0.002595,-0.004597,-0.002002,-0.004597,4545165.0,1026063.0,3545165.0,3.545165,0,0.5499,0.45,1424
2022-04-26,0.01395,0.002951,-0.010999,0.002951,4608571.0,1029091.0,3608571.0,3.608571,1,0.5502,0.5,1425
2022-04-27,-0.006489,0.000982,0.007471,0.000982,4578667.0,1030101.0,3578667.0,3.578667,0,0.5498,0.45,1426
2022-04-28,-0.011213,0.010563,0.021777,0.010563,4527324.0,1040983.0,3527324.0,3.527324,0,0.5494,0.45,1427
2022-05-02,0.001636,-0.001447,-0.003083,-0.001447,4534731.0,1039477.0,3534731.0,3.534731,1,0.5497,0.5,1428
2022-05-06,-0.014264,0.000526,0.01479,0.000526,4470048.0,1040023.0,3470048.0,3.470048,0,0.5493,0.5,1429
2022-05-09,0.008796,-0.0077,-0.016496,-0.0077,4509367.0,1032015.0,3509367.0,3.509367,1,0.5497,0.55,1430
2022-05-10,0.022996,0.007427,-0.015569,0.007427,4613063.0,1039679.0,3613063.0,3.613063,1,0.55,0.6,1431
2022-05-11,0.009674,0.002413,-0.007261,0.002413,4657687.0,1042188.0,3657687.0,3.657687,1,0.5503,0.65,1432
2022-05-12,0.010304,-0.002049,-0.012353,-0.002049,4705680.0,1040053.0,3705680.0,3.70568,1,0.5506,0.65,1433
2022-05-13,0.011302,0.011017,-0.000286,0.011017,4758865.0,1051510.0,3758865.0,3.758865,1,0.5509,0.65,1434
2022-05-16,-0.013579,-0.022306,-0.008726,-0.022306,4694244.0,1028056.0,3694244.0,3.694244,0,0.5505,0.65,1435
2022-05-17,-0.013993,-0.005694,0.008299,-0.005694,4628557.0,1022202.0,3628557.0,3.628557,0,0.5501,0.65,1436
2022-05-18,-0.008641,-0.008443,0.000197,-0.008443,4588563.0,1013571.0,3588563.0,3.588563,0,0.5498,0.6,1437
2022-05-19,0.012075,0.01791,0.005835,0.01791,4643969.0,1031724.0,3643969.0,3.643969,1,0.5501,0.65,1438
2022-05-20,0.00272,0.002893,0.000173,0.002893,4656599.0,1034708.0,3656599.0,3.656599,1,0.5504,0.65,1439
2022-05-23,0.002105,0.001694,-0.000411,0.001694,4666401.0,1036461.0,3666401.0,3.666401,1,0.5507,0.65,1440
2022-05-24,-0.003396,-0.005441,-0.002045,-0.005441,4650555.0,1030821.0,3650555.0,3.650555,0,0.5503,0.6,1441
2022-05-25,0.001269,0.005201,0.003933,0.005201,4656454.0,1036183.0,3656454.0,3.656454,1,0.5506,0.6,1442
2022-05-26,-0.006162,-0.010289,-0.004127,-0.010289,4627761.0,1025521.0,3627761.0,3.627761,0,0.5502,0.55,1443
2022-05-27,0.008723,-0.006282,-0.015005,-0.006282,4668130.0,1019079.0,3668130.0,3.66813,1,0.5506,0.6,1444
2022-05-31,0.003425,-0.00525,-0.008674,-0.00525,4684117.0,1013729.0,3684117.0,3.684117,1,0.5509,0.6,1445
2022-06-01,0.000276,0.004359,0.004083,0.004359,4685409.0,1018148.0,3685409.0,3.685409,1,0.5512,0.65,1446
2022-06-02,0.010104,-0.000409,-0.010512,-0.000409,4732748.0,1017732.0,3732748.0,3.732748,1,0.5515,0.7,1447
2022-06-03,-0.002626,-0.006288,-0.003662,-0.006288,4720322.0,1011332.0,3720322.0,3.720322,0,0.5511,0.65,1448
2022-06-06,0.000382,0.011515,0.011132,0.011515,4722125.0,1022977.0,3722125.0,3.722125,1,0.5514,0.7,1449
2022-06-07,0.000756,0.002938,0.002182,0.002938,4725695.0,1025983.0,3725695.0,3.725695,1,0.5517,0.7,1450
2022-06-08,0.004271,0.013787,0.009516,0.013787,4745881.0,1040128.0,3745881.0,3.745881,1,0.552,0.7,1451
2022-06-09,0.005206,0.010572,0.005366,0.010572,4770590.0,1051124.0,3770590.0,3.77059,1,0.5523,0.7,1452
2022-06-10,-0.000245,-0.009685,-0.009441,-0.009685,4769422.0,1040944.0,3769422.0,3.769422,0,0.552,0.65,1453
2022-06-13,0.00224,0.006416,0.004176,0.006416,4780104.0,1047622.0,3780104.0,3.780104,1,0.5523,0.65,1454
2022-06-14,0.004877,0.003093,-0.001784,0.003093,4803417.0,1050863.0,3803417.0,3.803417,1,0.5526,0.7,1455
2022-06-15,-0.002442,-0.011674,-0.009232,-0.011674,4791687.0,1038595.0,3791687.0,3.791687,0,0.5522,0.7,1456
2022-06-16,-0.009329,-0.003734,0.005595,-0.003734,4746985.0,1034717.0,3746985.0,3.746985,0,0.5518,0.7,1457
2022-06-17,0.003905,0.010531,0.006626,0.010531,4765521.0,1045614.0,3765521.0,3.765521,1,0.5521,0.7,1458
2022-06-21,-0.01202,0.002808,0.014828,0.002808,4708240.0,1048550.0,3708240.0,3.70824,0,0.5517,0.65,1459
2022-06-22,0.025612,0.004619,-0.020993,0.004619,4828829.0,1053393.0,3828829.0,3.828829,1,0.5521,0.65,1460
2022-06-23,0.014134,0.011841,-0.002293,0.011841,4897082.0,1065867.0,3897082.0,3.897082,1,0.5524,0.7,1461
2022-06-24,0.008755,0.00536,-0.003395,0.00536,4939953.0,1071579.0,3939953.0,3.939953,1,0.5527,0.7,1462
2022-06-27,-0.000202,0.004131,0.004333,0.004131,4938956.0,1076006.0,3938956.0,3.938956,0,0.5523,0.7,1463
2022-06-28,-0.008307,0.010659,0.018967,0.010659,4897928.0,1087476.0,3897928.0,3.897928,0,0.5519,0.65,1464
2022-06-29,-0.009927,-0.003387,0.00654,-0.003387,4849307.0,1083793.0,3849307.0,3.849307,0,0.5515,0.6,1465
2022-06-30,0.008747,-0.000181,-0.008928,-0.000181,4891723.0,1083597.0,3891723.0,3.891723,1,0.5518,0.6,1466
2022-07-01,-0.008685,-0.018243,-0.009558,-0.018243,4849239.0,1063829.0,3849239.0,3.849239,0,0.5515,0.55,1467
2022-07-05,-0.008626,-0.003968,0.004658,-0.003968,4807412.0,1059609.0,3807412.0,3.807412,0,0.5511,0.55,1468
2022-07-06,-0.005901,-0.021087,-0.015186,-0.021087,4779043.0,1037265.0,3779043.0,3.779043,0,0.5507,0.5,1469
2022-07-07,0.003482,0.003937,0.000455,0.003937,4795685.0,1041348.0,3795685.0,3.795685,1,0.551,0.5,1470
2022-07-08,-0.000862,-0.000974,-0.000112,-0.000974,4791550.0,1040334.0,3791550.0,3.79155,0,0.5506,0.45,1471
2022-07-11,0.007908,0.00405,-0.003858,0.00405,4829442.0,1044547.0,3829442.0,3.829442,1,0.551,0.45,1472
2022-07-12,-0.0041,-0.004213,-0.000113,-0.004213,4809643.0,1040147.0,3809643.0,3.809643,0,0.5506,0.45,1473
2022-07-13,0.006236,0.005966,-0.000269,0.005966,4839635.0,1046353.0,3839635.0,3.839635,1,0.5509,0.45,1474
2022-07-14,0.011904,0.013866,0.001962,0.013866,4897245.0,1060861.0,3897245.0,3.897245,1,0.5512,0.45,1475
2022-07-15,0.007211,0.001167,-0.006044,0.001167,4932557.0,1062099.0,3932557.0,3.932557,1,0.5515,0.5,1476
2022-07-19,0.012083,0.001162,-0.01092,0.001162,4992155.0,1063334.0,3992155.0,3.992155,1,0.5518,0.55,1477
2022-07-20,0.007534,0.00519,-0.002344,0.00519,5029767.0,1068853.0,4029767.0,4.029767,1,0.5521,0.55,1478
2022-07-21,-0.002199,0.003535,0.005734,0.003535,5018707.0,1072631.0,4018707.0,4.018707,0,0.5517,0.55,1479
2022-07-22,0.0004,-0.000443,-0.000843,-0.000443,5020714.0,1072156.0,4020714.0,4.020714,1,0.552,0.55,1480
2022-07-25,0.003043,0.004788,0.001744,0.004788,5035994.0,1077289.0,4035994.0,4.035994,1,0.5523,0.55,1481
2022-07-26,0.011152,0.002691,-0.008461,0.002691,5092157.0,1080188.0,4092157.0,4.092157,1,0.5526,0.55,1482
2022-07-27,-0.005993,0.001293,0.007286,0.001293,5061640.0,1081585.0,4061640.0,4.06164,0,0.5523,0.55,1483
2022-07-28,-0.012325,-0.005847,0.006479,-0.005847,4999253.0,1075261.0,3999253.0,3.999253,0,0.5519,0.55,1484
2022-07-29,-0.00659,-0.007499,-0.000909,-0.007499,4966305.0,1067197.0,3966305.0,3.966305,0,0.5515,0.55,1485
2022-08-01,0.00882,0.007247,-0.001572,0.007247,5010107.0,1074932.0,4010107.0,4.010107,1,0.5518,0.55,1486
2022-08-02,0.001199,-0.014776,-0.015974,-0.014776,5016112.0,1059049.0,4016112.0,4.016112,1,0.5521,0.6,1487
2022-08-03,-0.014483,-0.007664,0.006819,-0.007664,4943464.0,1050932.0,3943464.0,3.943464,0,0.5517,0.6,1488
2022-08-04,-0.000354,-0.006778,-0.006424,-0.006778,4941716.0,1043809.0,3941716.0,3.941716,0,0.5514,0.6,1489
2022-08-05,0.000832,0.008608,0.007776,0.008608,4945829.0,1052794.0,3945829.0,3.945829,1,0.5517,0.6,1490
2022-08-08,0.00193,0.013367,0.011437,0.013367,4955377.0,1066868.0,3955377.0,3.955377,1,0.552,0.65,1491
2022-08-09,0.002477,-0.00836,-0.010837,-0.00836,4967652.0,1057948.0,3967652.0,3.967652,1,0.5523,0.65,1492
2022-08-10,-0.001961,-0.003244,-0.001283,-0.003244,4957909.0,1054517.0,3957909.0,3.957909,0,0.5519,0.65,1493
2022-08-12,0.004903,0.013215,0.008312,0.013215,4982216.0,1068452.0,3982216.0,3.982216,1,0.5522,0.65,1494
2022-08-15,0.002128,0.001095,-0.001034,0.001095,4992818.0,1069621.0,3992818.0,3.992818,1,0.5525,0.65,1495
2022-08-16,0.001807,0.000956,-0.000851,0.000956,5001843.0,1070644.0,4001843.0,4.001843,1,0.5528,0.65,1496
2022-08-17,-0.002695,0.004398,0.007093,0.004398,4988363.0,1075352.0,3988363.0,3.988363,0,0.5524,0.6,1497
2022-08-18,-0.00302,-0.006185,-0.003164,-0.006185,4973297.0,1068702.0,3973297.0,3.973297,0,0.5521,0.55,1498
2022-08-19,0.007466,0.003314,-0.004153,0.003314,5010430.0,1072243.0,4010430.0,4.01043,1,0.5524,0.6,1499
2022-08-22,-0.000483,0.00665,0.007132,0.00665,5008012.0,1079373.0,4008012.0,4.008012,0,0.552,0.55,1500
2022-08-23,0.001227,-0.002764,-0.00399,-0.002764,5014155.0,1076390.0,4014155.0,4.014155,1,0.5523,0.55,1501
2022-08-24,-0.000868,-0.002679,-0.001811,-0.002679,5009801.0,1073506.0,4009801.0,4.009801,0,0.5519,0.5,1502
2022-08-25,0.000727,0.002984,0.002257,0.002984,5013442.0,1076709.0,4013442.0,4.013442,1,0.5522,0.55,1503
2022-08-26,-0.002419,-0.004161,-0.001742,-0.004161,5001313.0,1072229.0,4001313.0,4.001313,0,0.5519,0.55,1504
2022-08-29,0.006904,0.011121,0.004217,0.011121,5035842.0,1084153.0,4035842.0,4.035842,1,0.5522,0.6,1505
2022-08-30,-0.000802,0.007585,0.008387,0.007585,5031803.0,1092377.0,4031803.0,4.031803,0,0.5518,0.55,1506
2022-08-31,0.001517,0.001465,-5.2e-05,0.001465,5039434.0,1093977.0,4039434.0,4.039434,1,0.5521,0.55,1507
2022-09-01,-0.011674,-0.01423,-0.002556,-0.01423,4980605.0,1078410.0,3980605.0,3.980605,0,0.5517,0.55,1508
2022-09-02,0.001661,-0.002918,-0.004578,-0.002918,4988877.0,1075263.0,3988877.0,3.988877,1,0.552,0.6,1509
2022-09-06,-0.003124,-0.006753,-0.003629,-0.006753,4973290.0,1068002.0,3973290.0,3.97329,0,0.5517,0.55,1510
2022-09-07,-0.001057,-0.006471,-0.005413,-0.006471,4968031.0,1061091.0,3968031.0,3.968031,0,0.5513,0.5,1511
2022-09-08,-0.002314,0.008513,0.010827,0.008513,4956537.0,1070125.0,3956537.0,3.956537,0,0.5509,0.45,1512
2022-09-09,-0.011573,-0.005165,0.006408,-0.005165,4899176.0,1064598.0,3899176.0,3.899176,0,0.5506,0.45,1513
2022-09-12,-0.004117,-0.008534,-0.004417,-0.008534,4879005.0,1055512.0,3879005.0,3.879005,0,0.5502,0.4,1514
2022-09-13,0.00037,0.001657,0.001287,0.001657,4880811.0,1057262.0,3880811.0,3.880811,1,0.5505,0.4,1515
2022-09-14,0.006774,0.004128,-0.002645,0.004128,4913871.0,1061626.0,3913871.0,3.913871,1,0.5508,0.4,1516
2022-09-15,0.002659,0.002117,-0.000541,0.002117,4926936.0,1063874.0,3926936.0,3.926936,1,0.5511,0.45,1517
2022-09-16,-0.000397,0.004027,0.004425,0.004027,4924979.0,1068159.0,3924979.0,3.924979,0,0.5507,0.45,1518
2022-09-20,-0.002579,-0.005001,-0.002423,-0.005001,4912279.0,1062817.0,3912279.0,3.912279,0,0.5504,0.4,1519
2022-09-21,-0.002156,-0.00719,-0.005034,-0.00719,4901686.0,1055175.0,3901686.0,3.901686,0,0.55,0.4,1520
2022-09-22,-0.003968,0.00603,0.009998,0.00603,4882236.0,1061538.0,3882236.0,3.882236,0,0.5496,0.35,1521
2022-09-26,0.029853,0.003516,-0.026337,0.003516,5027985.0,1065270.0,4027985.0,4.027985,1,0.5499,0.4,1522
2022-09-27,0.004439,0.007273,0.002834,0.007273,5050303.0,1073018.0,4050303.0,4.050303,1,0.5502,0.4,1523
2022-09-28,0.006721,-0.005552,-0.012273,-0.005552,5084246.0,1067061.0,4084246.0,4.084246,1,0.5505,0.45,1524
2022-09-29,-0.014374,-0.002777,0.011597,-0.002777,5011164.0,1064098.0,4011164.0,4.011164,0,0.5502,0.4,1525
2022-09-30,-0.004086,-0.007617,-0.003531,-0.007617,4990688.0,1055993.0,3990688.0,3.990688,0,0.5498,0.4,1526
2022-10-03,0.02229,0.010396,-0.011894,0.010396,5101928.0,1066970.0,4101928.0,4.101928,1,0.5501,0.4,1527
2022-10-04,0.003032,0.016993,0.013961,0.016993,5117397.0,1085102.0,4117397.0,4.117397,1,0.5504,0.45,1528
2022-10-05,-0.001755,-0.007931,-0.006176,-0.007931,5108416.0,1076496.0,4108416.0,4.108416,0,0.55,0.4,1529
2022-10-06,0.008843,0.002571,-0.006272,0.002571,5153588.0,1079264.0,4153588.0,4.153588,1,0.5503,0.45,1530
2022-10-07,-0.001614,0.001118,0.002732,0.001118,5145271.0,1080471.0,4145271.0,4.145271,0,0.55,0.45,1531
2022-10-11,0.000821,-0.002524,-0.003344,-0.002524,5149494.0,1077744.0,4149494.0,4.149494,1,0.5503,0.5,1532
2022-10-12,0.009357,0.00563,-0.003727,0.00563,5197676.0,1083811.0,4197676.0,4.197676,1,0.5506,0.55,1533
2022-10-13,0.001769,-0.005711,-0.00748,-0.005711,5206871.0,1077621.0,4206871.0,4.206871,1,0.5508,0.6,1534
2022-10-14,-0.007795,0.002042,0.009837,0.002042,5166283.0,1079821.0,4166283.0,4.166283,0,0.5505,0.55,1535
2022-10-17,-0.00163,-0.005235,-0.003605,-0.005235,5157862.0,1074169.0,4157862.0,4.157862,0,0.5501,0.5,1536
2022-10-18,0.001781,-0.001696,-0.003477,-0.001696,5167048.0,1072347.0,4167048.0,4.167048,1,0.5504,0.5,1537
2022-10-19,0.006357,0.007141,0.000785,0.007141,5199893.0,1080005.0,4199893.0,4.199893,1,0.5507,0.55,1538
2022-10-20,0.002869,0.003905,0.001036,0.003905,5214809.0,1084222.0,4214809.0,4.214809,1,0.551,0.6,1539
2022-10-21,-0.001421,-0.005203,-0.003781,-0.005203,5207397.0,1078581.0,4207397.0,4.207397,0,0.5506,0.6,1540
2022-10-24,-0.006139,-0.01116,-0.005021,-0.01116,5175430.0,1066544.0,4175430.0,4.17543,0,0.5503,0.6,1541
2022-10-25,-0.000561,0.005646,0.006207,0.005646,5172527.0,1072566.0,4172527.0,4.172527,0,0.5499,0.55,1542
2022-10-26,-0.009374,-0.005993,0.003381,-0.005993,5124037.0,1066137.0,4124037.0,4.124037,0,0.5496,0.5,1543
2022-10-27,-0.01418,-0.013123,0.001057,-0.013123,5051381.0,1052147.0,4051381.0,4.051381,0,0.5492,0.45,1544
2022-10-28,-0.011411,-0.006285,0.005126,-0.006285,4993739.0,1045533.0,3993739.0,3.993739,0,0.5489,0.45,1545
2022-10-31,-0.003875,0.000678,0.004553,0.000678,4974390.0,1046242.0,3974390.0,3.97439,0,0.5485,0.45,1546
2022-11-01,0.015613,0.010913,-0.004699,0.010913,5052053.0,1057660.0,4052053.0,4.052053,1,0.5488,0.45,1547
2022-11-02,0.011099,0.011036,-6.2e-05,0.011036,5108124.0,1069333.0,4108124.0,4.108124,1,0.5491,0.45,1548
2022-11-04,-0.001579,-0.005211,-0.003632,-0.005211,5100059.0,1063761.0,4100059.0,4.100059,0,0.5487,0.45,1549
2022-11-07,0.002681,0.004958,0.002277,0.004958,5113732.0,1069035.0,4113732.0,4.113732,1,0.549,0.45,1550
2022-11-08,0.003152,0.003212,6e-05,0.003212,5129849.0,1072468.0,4129849.0,4.129849,1,0.5493,0.5,1551
2022-11-09,-0.006939,-0.008743,-0.001804,-0.008743,5094253.0,1063091.0,4094253.0,4.094253,0,0.549,0.45,1552
2022-11-10,-0.000442,0.009021,0.009463,0.009021,5092001.0,1072681.0,4092001.0,4.092001,0,0.5486,0.4,1553
2022-11-11,0.019355,0.006595,-0.01276,0.006595,5190556.0,1079756.0,4190556.0,4.190556,1,0.5489,0.4,1554
2022-11-14,-0.001088,-0.008367,-0.00728,-0.008367,5184911.0,1070721.0,4184911.0,4.184911,0,0.5486,0.4,1555
2022-11-15,-0.00359,0.003046,0.006636,0.003046,5166297.0,1073983.0,4166297.0,4.166297,0,0.5482,0.4,1556
2022-11-16,0.005696,0.003582,-0.002114,0.003582,5195725.0,1077830.0,4195725.0,4.195725,1,0.5485,0.4,1557
2022-11-17,0.012563,0.008949,-0.003614,0.008949,5261001.0,1087476.0,4261001.0,4.261001,1,0.5488,0.4,1558
2022-11-18,0.011033,0.01119,0.000158,0.01119,5319044.0,1099645.0,4319044.0,4.319044,1,0.5491,0.4,1559
2022-11-21,-0.002479,-0.002231,0.000248,-0.002231,5305857.0,1097192.0,4305857.0,4.305857,0,0.5487,0.4,1560
2022-11-22,0.000691,0.011698,0.011007,0.011698,5309524.0,1110027.0,4309524.0,4.309524,1,0.549,0.45,1561
2022-11-25,-0.002816,0.00038,0.003196,0.00038,5294571.0,1110448.0,4294571.0,4.294571,0,0.5487,0.45,1562
2022-11-28,0.007152,-0.003407,-0.010559,-0.003407,5332437.0,1106665.0,4332437.0,4.332437,1,0.5489,0.5,1563
2022-11-29,-0.002858,-0.004731,-0.001874,-0.004731,5317199.0,1101429.0,4317199.0,4.317199,0,0.5486,0.5,1564
2022-11-30,0.010806,-0.001647,-0.012453,-0.001647,5374656.0,1099615.0,4374656.0,4.374656,1,0.5489,0.55,1565
2022-12-01,-0.002894,-0.008587,-0.005694,-0.008587,5359105.0,1090172.0,4359105.0,4.359105,0,0.5485,0.55,1566
2022-12-02,0.015855,-0.007982,-0.023837,-0.007982,5444072.0,1081470.0,4444072.0,4.444072,1,0.5488,0.55,1567
2022-12-05,0.003429,-0.00391,-0.007339,-0.00391,5462740.0,1077241.0,4462740.0,4.46274,1,0.5491,0.55,1568
2022-12-06,0.000768,0.006496,0.005728,0.006496,5466934.0,1084239.0,4466934.0,4.466934,1,0.5494,0.6,1569
2022-12-07,0.003254,0.003003,-0.00025,0.003003,5484722.0,1087495.0,4484722.0,4.484722,1,0.5497,0.6,1570
2022-12-08,0.006577,-0.000111,-0.006687,-0.000111,5520794.0,1087375.0,4520794.0,4.520794,1,0.55,0.6,1571
2022-12-09,0.002775,0.007442,0.004666,0.007442,5536117.0,1095467.0,4536117.0,4.536117,1,0.5503,0.65,1572
2022-12-12,0.0,0.002129,0.002129,0.002129,5536119.0,1097800.0,4536119.0,4.536119,1,0.5505,0.7,1573
2022-12-13,0.011883,0.008224,-0.003659,0.008224,5601903.0,1106828.0,4601903.0,4.601903,1,0.5508,0.7,1574
2022-12-14,0.000745,0.002857,0.002113,0.002857,5606075.0,1109991.0,4606075.0,4.606075,1,0.5511,0.75,1575
2022-12-15,-0.003146,0.001046,0.004192,0.001046,5588438.0,1111152.0,4588438.0,4.588438,0,0.5508,0.75,1576
2022-12-16,2.9e-05,-0.005377,-0.005405,-0.005377,5588598.0,1105178.0,4588598.0,4.588598,1,0.551,0.75,1577
2022-12-19,0.008465,0.004498,-0.003967,0.004498,5635909.0,1110149.0,4635909.0,4.635909,1,0.5513,0.75,1578
2022-12-20,0.011843,-0.005493,-0.017337,-0.005493,5702656.0,1104051.0,4702656.0,4.702656,1,0.5516,0.75,1579
2022-12-21,-0.014763,-0.00825,0.006513,-0.00825,5618467.0,1094942.0,4618467.0,4.618467,0,0.5513,0.75,1580
2022-12-22,-0.002088,0.00143,0.003518,0.00143,5606738.0,1096508.0,4606738.0,4.606738,0,0.5509,0.7,1581
2022-12-23,0.000534,0.007016,0.006483,0.007016,5609730.0,1104202.0,4609730.0,4.60973,1,0.5512,0.75,1582
2022-12-27,0.001452,0.003491,0.002038,0.003491,5617877.0,1108056.0,4617877.0,4.617877,1,0.5515,0.75,1583
2022-12-28,-0.006708,-0.000802,0.005906,-0.000802,5580193.0,1107168.0,4580193.0,4.580193,0,0.5511,0.75,1584
2022-12-29,0.00203,-0.004463,-0.006493,-0.004463,5591522.0,1102227.0,4591522.0,4.591522,1,0.5514,0.75,1585
2022-12-30,-0.003676,-0.007511,-0.003835,-0.007511,5570969.0,1093948.0,4570969.0,4.570969,0,0.5511,0.75,1586
2023-01-04,0.015157,-0.008563,-0.02372,-0.008563,5655409.0,1084580.0,4655409.0,4.655409,1,0.5514,0.75,1587
2023-01-05,0.009674,0.001486,-0.008188,0.001486,5710118.0,1086191.0,4710118.0,4.710118,1,0.5516,0.75,1588
2023-01-06,0.007925,0.009594,0.001669,0.009594,5755372.0,1096613.0,4755372.0,4.755372,1,0.5519,0.75,1589
2023-01-10,-0.008701,-0.010938,-0.002237,-0.010938,5705295.0,1084618.0,4705295.0,4.705295,0,0.5516,0.7,1590
2023-01-11,0.01972,0.01668,-0.00304,0.01668,5817802.0,1102709.0,4817802.0,4.817802,1,0.5519,0.7,1591
2023-01-12,0.016033,0.017249,0.001216,0.017249,5911078.0,1121730.0,4911078.0,4.911078,1,0.5521,0.7,1592
2023-01-13,-0.00407,0.002127,0.006197,0.002127,5887018.0,1124115.0,4887018.0,4.887018,0,0.5518,0.65,1593
2023-01-17,-0.003921,-7.2e-05,0.00385,-7.2e-05,5863934.0,1124035.0,4863934.0,4.863934,0,0.5514,0.6,1594
2023-01-18,-0.003685,0.00491,0.008595,0.00491,5842327.0,1129554.0,4842327.0,4.842327,0,0.5511,0.55,1595
2023-01-19,-0.003656,-0.004937,-0.00128,-0.004937,5820965.0,1123978.0,4820965.0,4.820965,0,0.5508,0.55,1596
2023-01-20,0.003801,0.010609,0.006807,0.010609,5843092.0,1135902.0,4843092.0,4.843092,1,0.551,0.55,1597
2023-01-23,0.001916,0.001613,-0.000303,0.001613,5854288.0,1137735.0,4854288.0,4.854288,1,0.5513,0.55,1598
2023-01-24,-0.007827,0.003325,0.011153,0.003325,5808465.0,1141518.0,4808465.0,4.808465,0,0.551,0.5,1599
2023-01-25,0.002979,0.008,0.005021,0.008,5825769.0,1150651.0,4825769.0,4.825769,1,0.5513,0.55,1600
2023-01-26,-0.001676,-0.005649,-0.003972,-0.005649,5816002.0,1144151.0,4816002.0,4.816002,0,0.5509,0.55,1601
2023-01-27,0.001758,0.001583,-0.000174,0.001583,5826225.0,1145962.0,4826225.0,4.826225,1,0.5512,0.55,1602
2023-01-30,-0.000858,-0.000989,-0.000131,-0.000989,5821226.0,1144829.0,4821226.0,4.821226,0,0.5508,0.5,1603
2023-01-31,0.023659,0.011956,-0.011702,0.011956,5958949.0,1158516.0,4958949.0,4.958949,1,0.5511,0.55,1604
2023-02-01,0.002546,-0.002752,-0.005297,-0.002752,5974118.0,1155329.0,4974118.0,4.974118,1,0.5514,0.55,1605
2023-02-02,0.004317,-0.003843,-0.00816,-0.003843,5999909.0,1150889.0,4999909.0,4.999909,1,0.5517,0.6,1606
2023-02-03,0.008088,0.002764,-0.005324,0.002764,6048437.0,1154069.0,5048437.0,5.048437,1,0.552,0.6,1607
2023-02-06,0.006488,-0.000156,-0.006644,-0.000156,6087680.0,1153889.0,5087680.0,5.08768,1,0.5522,0.6,1608
2023-02-07,-0.008436,-0.002783,0.005652,-0.002783,6036327.0,1150677.0,5036327.0,5.036327,0,0.5519,0.55,1609
2023-02-08,-0.003125,-0.001097,0.002028,-0.001097,6017462.0,1149415.0,5017462.0,5.017462,0,0.5516,0.55,1610
2023-02-09,0.006552,0.007716,0.001165,0.007716,6056887.0,1158285.0,5056887.0,5.056887,1,0.5518,0.55,1611
2023-02-10,-0.005842,-0.002386,0.003456,-0.002386,6021502.0,1155521.0,5021502.0,5.021502,0,0.5515,0.5,1612
2023-02-13,-0.002828,-0.00296,-0.000131,-0.00296,6004471.0,1152101.0,5004471.0,5.004471,0,0.5511,0.5,1613
2023-02-14,0.005321,0.003259,-0.002063,0.003259,6036422.0,1155855.0,5036422.0,5.036422,1,0.5514,0.55,1614
2023-02-15,-0.000432,-0.006217,-0.005784,-0.006217,6033811.0,1148669.0,5033811.0,5.033811,0,0.5511,0.55,1615
2023-02-16,0.005204,0.003819,-0.001384,0.003819,6065209.0,1153057.0,5065209.0,5.065209,1,0.5514,0.6,1616
2023-02-17,-0.001239,0.001576,0.002816,0.001576,6057691.0,1154874.0,5057691.0,5.057691,0,0.551,0.55,1617
2023-02-21,-0.007071,-0.005032,0.002039,-0.005032,6014860.0,1149063.0,5014860.0,5.01486,0,0.5507,0.5,1618
2023-02-22,-0.00034,-0.006522,-0.006182,-0.006522,6012816.0,1141569.0,5012816.0,5.012816,0,0.5503,0.5,1619
2023-02-24,-0.001941,0.000331,0.002272,0.000331,6001145.0,1141947.0,5001145.0,5.001145,0,0.55,0.45,1620
2023-02-27,0.00117,0.007453,0.006282,0.007453,6008168.0,1150458.0,5008168.0,5.008168,1,0.5503,0.5,1621
2023-02-28,0.001166,-0.000982,-0.002148,-0.000982,6015176.0,1149328.0,5015176.0,5.015176,1,0.5506,0.5,1622
2023-03-01,0.008631,0.007688,-0.000943,0.007688,6067094.0,1158164.0,5067094.0,5.067094,1,0.5508,0.55,1623
2023-03-02,-5.7e-05,-0.006369,-0.006312,-0.006369,6066749.0,1150788.0,5066749.0,5.066749,0,0.5505,0.5,1624
2023-03-03,-0.001325,0.007324,0.00865,0.007324,6058708.0,1159216.0,5058708.0,5.058708,0,0.5502,0.45,1625
2023-03-06,0.00099,-0.000729,-0.001719,-0.000729,6064707.0,1158371.0,5064707.0,5.064707,1,0.5504,0.45,1626
2023-03-07,-0.006582,0.003165,0.009747,0.003165,6024786.0,1162037.0,5024786.0,5.024786,0,0.5501,0.4,1627
2023-03-08,0.009006,0.011635,0.002629,0.011635,6079048.0,1175558.0,5079048.0,5.079048,1,0.5504,0.4,1628
2023-03-09,0.007615,0.007309,-0.000306,0.007309,6125337.0,1184150.0,5125337.0,5.125337,1,0.5506,0.45,1629
2023-03-10,0.011882,-0.001745,-0.013626,-0.001745,6198116.0,1182084.0,5198116.0,5.198116,1,0.5509,0.5,1630
2023-03-13,-0.000893,-0.003799,-0.002905,-0.003799,6192579.0,1177594.0,5192579.0,5.192579,0,0.5506,0.45,1631
2023-03-14,0.013714,-0.003781,-0.017495,-0.003781,6277505.0,1173142.0,5277505.0,5.277505,1,0.5509,0.5,1632
2023-03-15,0.003192,-0.003546,-0.006738,-0.003546,6297543.0,1168981.0,5297543.0,5.297543,1,0.5511,0.55,1633
2023-03-16,-0.000364,0.014993,0.015357,0.014993,6295253.0,1186508.0,5295253.0,5.295253,0,0.5508,0.5,1634
2023-03-17,-0.005064,1.1e-05,0.005075,1.1e-05,6263371.0,1186520.0,5263371.0,5.263371,0,0.5505,0.5,1635
2023-03-20,-0.005976,-0.01116,-0.005184,-0.01116,6225939.0,1173278.0,5225939.0,5.225939,0,0.5501,0.45,1636
2023-03-22,-0.000806,0.002705,0.003512,0.002705,6220919.0,1176453.0,5220919.0,5.220919,0,0.5498,0.45,1637
2023-03-23,-0.00659,0.001697,0.008287,0.001697,6179924.0,1178449.0,5179924.0,5.179924,0,0.5495,0.45,1638
2023-03-24,0.000543,0.005999,0.005455,0.005999,6183283.0,1185518.0,5183283.0,5.183283,1,0.5497,0.5,1639
2023-03-27,0.002475,-0.000975,-0.00345,-0.000975,6198587.0,1184363.0,5198587.0,5.198587,1,0.55,0.55,1640
2023-03-28,0.001134,0.002052,0.000918,0.002052,6205613.0,1186793.0,5205613.0,5.205613,1,0.5503,0.55,1641
2023-03-29,0.000949,0.011242,0.010293,0.011242,6211505.0,1200135.0,5211505.0,5.211505,1,0.5505,0.55,1642
2023-03-30,-0.002854,-0.001659,0.001195,-0.001659,6193777.0,1198144.0,5193777.0,5.193777,0,0.5502,0.5,1643
2023-03-31,-0.009857,-0.000539,0.009318,-0.000539,6132724.0,1197498.0,5132724.0,5.132724,0,0.5499,0.5,1644
2023-04-03,0.011372,0.010298,-0.001074,0.010298,6202467.0,1209831.0,5202467.0,5.202467,1,0.5502,0.55,1645
2023-04-04,-0.002608,0.002678,0.005286,0.002678,6186294.0,1213071.0,5186294.0,5.186294,0,0.5498,0.5,1646
2023-04-05,-0.005359,-0.012703,-0.007344,-0.012703,6153143.0,1197661.0,5153143.0,5.153143,0,0.5495,0.5,1647
2023-04-06,0.016109,0.008797,-0.007312,0.008797,6252267.0,1208197.0,5252267.0,5.252267,1,0.5498,0.5,1648
2023-04-10,0.000494,0.000841,0.000347,0.000841,6255355.0,1209213.0,5255355.0,5.255355,1,0.55,0.5,1649
2023-04-11,0.004693,0.003402,-0.001291,0.003402,6284711.0,1213327.0,5284711.0,5.284711,1,0.5503,0.5,1650
2023-04-12,0.002837,0.001909,-0.000927,0.001909,6302538.0,1215644.0,5302538.0,5.302538,1,0.5506,0.55,1651
2023-04-13,-0.001069,-0.000426,0.000643,-0.000426,6295799.0,1215125.0,5295799.0,5.295799,0,0.5502,0.5,1652
2023-04-14,-0.003653,0.006216,0.009868,0.006216,6272802.0,1222678.0,5272802.0,5.272802,0,0.5499,0.45,1653
2023-04-17,-0.003521,-0.005171,-0.00165,-0.005171,6250715.0,1216356.0,5250715.0,5.250715,0,0.5496,0.45,1654
2023-04-18,-0.008309,-0.001523,0.006785,-0.001523,6198780.0,1214503.0,5198780.0,5.19878,0,0.5492,0.45,1655
2023-04-19,-0.00059,-0.002595,-0.002005,-0.002595,6195126.0,1211351.0,5195126.0,5.195126,0,0.5489,0.45,1656
2023-04-20,-0.005642,-3e-05,0.005611,-3e-05,6160175.0,1211315.0,5160175.0,5.160175,0,0.5486,0.45,1657
2023-04-21,0.010858,0.005362,-0.005495,0.005362,6227060.0,1217810.0,5227060.0,5.22706,1,0.5489,0.5,1658
2023-04-24,0.004023,0.001871,-0.002151,0.001871,6252110.0,1220089.0,5252110.0,5.25211,1,0.5491,0.5,1659
2023-04-25,-0.002667,-0.001958,0.000709,-0.001958,6235435.0,1217700.0,5235435.0,5.235435,0,0.5488,0.45,1660
2023-04-26,0.007908,0.002429,-0.005479,0.002429,6284744.0,1220659.0,5284744.0,5.284744,1,0.5491,0.45,1661
2023-04-27,0.009954,0.011968,0.002014,0.011968,6347302.0,1235268.0,5347302.0,5.347302,1,0.5493,0.45,1662
2023-04-28,0.007555,0.009485,0.001931,0.009485,6395253.0,1246985.0,5395253.0,5.395253,1,0.5496,0.5,1663
2023-05-01,1e-06,0.004753,0.004752,0.004753,6395263.0,1252912.0,5395263.0,5.395263,1,0.5499,0.55,1664
2023-05-02,-0.005208,-0.007797,-0.002589,-0.007797,6361957.0,1243143.0,5361957.0,5.361957,0,0.5495,0.5,1665
2023-05-08,-0.007009,-0.009372,-0.002363,-0.009372,6317366.0,1231493.0,5317366.0,5.317366,0,0.5492,0.5,1666
2023-05-09,0.004579,0.013278,0.008699,0.013278,6346293.0,1247844.0,5346293.0,5.346293,1,0.5495,0.55,1667
2023-05-10,0.006267,-0.005226,-0.011494,-0.005226,6386067.0,1241323.0,5386067.0,5.386067,1,0.5498,0.55,1668
2023-05-11,-0.008967,-0.000514,0.008453,-0.000514,6328803.0,1240685.0,5328803.0,5.328803,0,0.5494,0.5,1669
2023-05-12,0.021088,0.015666,-0.005422,0.015666,6462266.0,1260122.0,5462266.0,5.462266,1,0.5497,0.5,1670
2023-05-15,-0.008429,-0.001993,0.006437,-0.001993,6407793.0,1257611.0,5407793.0,5.407793,0,0.5494,0.45,1671
2023-05-16,-0.013044,-0.005625,0.007419,-0.005625,6324211.0,1250537.0,5324211.0,5.324211,0,0.549,0.45,1672
2023-05-17,-0.010457,-0.006442,0.004015,-0.006442,6258079.0,1242480.0,5258079.0,5.258079,0,0.5487,0.45,1673
2023-05-18,0.022459,0.006866,-0.015594,0.006866,6398631.0,1251010.0,5398631.0,5.398631,1,0.549,0.5,1674
2023-05-19,-0.00779,-0.005088,0.002703,-0.005088,6348784.0,1244646.0,5348784.0,5.348784,0,0.5487,0.5,1675
2023-05-22,9.8e-05,0.013054,0.012956,0.013054,6349408.0,1260894.0,5349408.0,5.349408,1,0.5489,0.55,1676
2023-05-23,-0.003431,-0.00787,-0.004439,-0.00787,6327625.0,1250970.0,5327625.0,5.327625,0,0.5486,0.55,1677
2023-05-24,0.007724,0.010152,0.002428,0.010152,6376502.0,1263670.0,5376502.0,5.376502,1,0.5489,0.55,1678
2023-05-25,-0.005411,-0.002622,0.00279,-0.002622,6341997.0,1260357.0,5341997.0,5.341997,0,0.5485,0.5,1679
2023-05-26,-0.004998,-0.005702,-0.000704,-0.005702,6310301.0,1253170.0,5310301.0,5.310301,0,0.5482,0.5,1680
2023-05-30,0.005339,0.002625,-0.002714,0.002625,6343993.0,1256460.0,5343993.0,5.343993,1,0.5485,0.5,1681
2023-05-31,-0.005252,-0.007387,-0.002135,-0.007387,6310671.0,1247178.0,5310671.0,5.310671,0,0.5482,0.45,1682
2023-06-01,-0.004529,0.009902,0.014431,0.009902,6282090.0,1259528.0,5282090.0,5.28209,0,0.5478,0.4,1683
2023-06-02,-0.000547,0.00871,0.009257,0.00871,6278653.0,1270498.0,5278653.0,5.278653,0,0.5475,0.35,1684
2023-06-05,0.008616,0.003138,-0.005478,0.003138,6332750.0,1274485.0,5332750.0,5.33275,1,0.5478,0.4,1685
2023-06-06,-0.01225,0.010534,0.022784,0.010534,6255175.0,1287910.0,5255175.0,5.255175,0,0.5474,0.4,1686
2023-06-07,0.010887,-3.9e-05,-0.010926,-3.9e-05,6323274.0,1287860.0,5323274.0,5.323274,1,0.5477,0.4,1687
2023-06-08,-0.008469,-0.008858,-0.000389,-0.008858,6269722.0,1276452.0,5269722.0,5.269722,0,0.5474,0.35,1688
2023-06-09,0.002802,0.008069,0.005268,0.008069,6287287.0,1286752.0,5287287.0,5.287287,1,0.5477,0.4,1689
2023-06-12,-0.004353,6.9e-05,0.004422,6.9e-05,6259917.0,1286841.0,5259917.0,5.259917,0,0.5473,0.35,1690
2023-06-13,-0.00486,-0.001431,0.003429,-0.001431,6229492.0,1284999.0,5229492.0,5.229492,0,0.547,0.35,1691
2023-06-14,0.011704,0.009501,-0.002204,0.009501,6302403.0,1297207.0,5302403.0,5.302403,1,0.5473,0.4,1692
2023-06-15,-0.007367,-0.004694,0.002673,-0.004694,6255971.0,1291118.0,5255971.0,5.255971,0,0.547,0.4,1693
2023-06-16,-0.001389,0.008767,0.010156,0.008767,6247284.0,1302438.0,5247284.0,5.247284,0,0.5466,0.35,1694
2023-06-20,0.001608,-0.002085,-0.003694,-0.002085,6257333.0,1299722.0,5257333.0,5.257333,1,0.5469,0.4,1695
2023-06-21,-0.023484,0.007279,0.030763,0.007279,6110386.0,1309183.0,5110386.0,5.110386,0,0.5466,0.35,1696
2023-06-22,0.006478,0.004269,-0.002209,0.004269,6149967.0,1314772.0,5149967.0,5.149967,1,0.5468,0.4,1697
2023-06-23,0.01481,-0.003599,-0.018409,-0.003599,6241047.0,1310039.0,5241047.0,5.241047,1,0.5471,0.4,1698
2023-06-26,0.005177,0.001125,-0.004052,0.001125,6273360.0,1311513.0,5273360.0,5.27336,1,0.5474,0.45,1699
2023-06-27,0.001625,-0.004134,-0.005759,-0.004134,6283555.0,1306091.0,5283555.0,5.283555,1,0.5476,0.5,1700
2023-06-28,-0.000281,0.011462,0.011743,0.011462,6281790.0,1321062.0,5281790.0,5.28179,0,0.5473,0.45,1701
2023-06-29,-0.004726,-0.009326,-0.0046,-0.009326,6252102.0,1308741.0,5252102.0,5.252102,0,0.547,0.45,1702
2023-06-30,-0.002225,-0.005276,-0.003051,-0.005276,6238191.0,1301835.0,5238191.0,5.238191,0,0.5467,0.45,1703
2023-07-03,-0.006186,0.004863,0.011049,0.004863,6199603.0,1308167.0,5199603.0,5.199603,0,0.5464,0.45,1704
2023-07-05,-0.002103,5.1e-05,0.002155,5.1e-05,6186562.0,1308234.0,5186562.0,5.186562,0,0.546,0.4,1705
2023-07-06,0.005774,-0.0016,-0.007374,-0.0016,6222285.0,1306141.0,5222285.0,5.222285,1,0.5463,0.45,1706
2023-07-07,-0.005137,-0.006708,-0.00157,-0.006708,6190319.0,1297380.0,5190319.0,5.190319,0,0.546,0.4,1707
2023-07-10,-0.003292,-0.00971,-0.006417,-0.00971,6169938.0,1284783.0,5169938.0,5.169938,0,0.5457,0.4,1708
2023-07-11,0.002216,-0.008485,-0.010701,-0.008485,6183610.0,1273882.0,5183610.0,5.18361,1,0.5459,0.4,1709
2023-07-12,-0.006173,-0.013744,-0.007571,-0.013744,6145437.0,1256374.0,5145437.0,5.145437,0,0.5456,0.4,1710
2023-07-13,-0.000574,0.006152,0.006726,0.006152,6141910.0,1264104.0,5141910.0,5.14191,0,0.5453,0.4,1711
2023-07-14,-0.014876,-0.019768,-0.004892,-0.019768,6050542.0,1239114.0,5050542.0,5.050542,0,0.545,0.35,1712
2023-07-18,-0.001928,0.006864,0.008792,0.006864,6038875.0,1247620.0,5038875.0,5.038875,0,0.5447,0.35,1713
2023-07-19,-0.003678,-1.4e-05,0.003664,-1.4e-05,6016662.0,1247602.0,5016662.0,5.016662,0,0.5443,0.35,1714
2023-07-20,-0.001034,-0.004372,-0.003338,-0.004372,6010443.0,1242148.0,5010443.0,5.010443,0,0.544,0.3,1715
2023-07-21,0.008866,0.013693,0.004827,0.013693,6063731.0,1259157.0,5063731.0,5.063731,1,0.5443,0.35,1716
2023-07-24,0.00308,0.004554,0.001474,0.004554,6082411.0,1264892.0,5082411.0,5.082411,1,0.5446,0.35,1717
2023-07-25,0.009034,0.004045,-0.004989,0.004045,6137359.0,1270008.0,5137359.0,5.137359,1,0.5448,0.35,1718
2023-07-26,0.008286,0.001748,-0.006538,0.001748,6188212.0,1272228.0,5188212.0,5.188212,1,0.5451,0.35,1719
2023-07-27,-0.000152,0.008302,0.008454,0.008302,6187273.0,1282791.0,5187273.0,5.187273,0,0.5448,0.3,1720
2023-07-28,0.002906,0.009435,0.006529,0.009435,6205251.0,1294893.0,5205251.0,5.205251,1,0.545,0.35,1721
2023-07-31,0.003533,0.003687,0.000154,0.003687,6227176.0,1299668.0,5227176.0,5.227176,1,0.5453,0.4,1722
2023-08-01,-0.014415,-0.000216,0.014198,-0.000216,6137413.0,1299387.0,5137413.0,5.137413,0,0.545,0.4,1723
2023-08-02,0.009595,-0.003204,-0.012799,-0.003204,6196304.0,1295224.0,5196304.0,5.196304,1,0.5452,0.45,1724
2023-08-03,0.00052,-0.005543,-0.006063,-0.005543,6199523.0,1288044.0,5199523.0,5.199523,1,0.5455,0.5,1725
2023-08-04,0.003552,0.010125,0.006573,0.010125,6221544.0,1301085.0,5221544.0,5.221544,1,0.5458,0.5,1726
2023-08-07,0.012789,0.011096,-0.001693,0.011096,6301108.0,1315522.0,5301108.0,5.301108,1,0.546,0.55,1727
2023-08-08,-0.007663,-0.002844,0.004819,-0.002844,6252821.0,1311780.0,5252821.0,5.252821,0,0.5457,0.55,1728
2023-08-09,0.006514,0.001831,-0.004683,0.001831,6293554.0,1314182.0,5293554.0,5.293554,1,0.546,0.55,1729
2023-08-10,0.012557,0.021421,0.008864,0.021421,6372582.0,1342333.0,5372582.0,5.372582,1,0.5462,0.6,1730
2023-08-14,-0.007249,-0.012855,-0.005606,-0.012855,6326386.0,1325078.0,5326386.0,5.326386,0,0.5459,0.6,1731
2023-08-15,0.006127,0.003147,-0.00298,0.003147,6365148.0,1329247.0,5365148.0,5.365148,1,0.5462,0.65,1732
2023-08-16,0.01429,0.004873,-0.009418,0.004873,6456109.0,1335724.0,5456109.0,5.456109,1,0.5465,0.7,1733
2023-08-17,-0.011772,-0.005793,0.005979,-0.005793,6380104.0,1327986.0,5380104.0,5.380104,0,0.5461,0.7,1734
2023-08-18,0.013052,0.001828,-0.011224,0.001828,6463377.0,1330414.0,5463377.0,5.463377,1,0.5464,0.75,1735
2023-08-21,0.005047,0.003847,-0.0012,0.003847,6495995.0,1335532.0,5495995.0,5.495995,1,0.5467,0.75,1736
2023-08-22,-0.00708,0.0029,0.009981,0.0029,6450002.0,1339405.0,5450002.0,5.450002,0,0.5463,0.7,1737
2023-08-23,0.004011,0.010081,0.00607,0.010081,6475870.0,1352908.0,5475870.0,5.47587,1,0.5466,0.7,1738
2023-08-24,0.001776,0.007154,0.005379,0.007154,6487370.0,1362587.0,5487370.0,5.48737,1,0.5469,0.7,1739
2023-08-25,-0.002059,0.003642,0.005701,0.003642,6474014.0,1367549.0,5474014.0,5.474014,0,0.5466,0.7,1740
2023-08-28,-0.007356,0.001315,0.008671,0.001315,6426390.0,1369347.0,5426390.0,5.42639,0,0.5462,0.65,1741
2023-08-29,-0.008186,-0.003554,0.004632,-0.003554,6373785.0,1364481.0,5373785.0,5.373785,0,0.5459,0.6,1742
2023-08-30,-0.003467,-0.001104,0.002363,-0.001104,6351690.0,1362975.0,5351690.0,5.35169,0,0.5456,0.6,1743
2023-08-31,-0.001655,0.002689,0.004345,0.002689,6341175.0,1366640.0,5341175.0,5.341175,0,0.5453,0.55,1744
2023-09-01,0.006869,0.011644,0.004775,0.011644,6384732.0,1382553.0,5384732.0,5.384732,1,0.5456,0.55,1745
2023-09-05,-0.004195,-0.004719,-0.000524,-0.004719,6357946.0,1376028.0,5357946.0,5.357946,0,0.5452,0.5,1746
2023-09-06,-0.013072,-0.004712,0.00836,-0.004712,6274832.0,1369544.0,5274832.0,5.274832,0,0.5449,0.45,1747
2023-09-07,-0.006926,-0.004446,0.00248,-0.004446,6231376.0,1363455.0,5231376.0,5.231376,0,0.5446,0.45,1748
2023-09-08,0.009084,0.002687,-0.006397,0.002687,6287981.0,1367119.0,5287981.0,5.287981,1,0.5449,0.45,1749
2023-09-11,-0.009887,-0.00323,0.006657,-0.00323,6225809.0,1362703.0,5225809.0,5.225809,0,0.5446,0.4,1750
2023-09-12,0.012313,0.009152,-0.003161,0.009152,6302470.0,1375174.0,5302470.0,5.30247,1,0.5448,0.45,1751
2023-09-13,0.00527,0.002508,-0.002762,0.002508,6335682.0,1378623.0,5335682.0,5.335682,1,0.5451,0.45,1752
2023-09-14,-0.000336,0.007142,0.007477,0.007142,6333556.0,1388469.0,5333556.0,5.333556,0,0.5448,0.4,1753
2023-09-15,-0.011969,-0.001159,0.01081,-0.001159,6257746.0,1386859.0,5257746.0,5.257746,0,0.5445,0.4,1754
2023-09-19,0.00849,0.007456,-0.001034,0.007456,6310873.0,1397200.0,5310873.0,5.310873,1,0.5447,0.4,1755
2023-09-20,0.002568,-0.016257,-0.018825,-0.016257,6327079.0,1374486.0,5327079.0,5.327079,1,0.545,0.4,1756
2023-09-21,0.005143,0.002883,-0.00226,0.002883,6359620.0,1378448.0,5359620.0,5.35962,1,0.5452,0.45,1757
2023-09-22,-0.021119,-0.003371,0.017747,-0.003371,6225314.0,1373801.0,5225314.0,5.225314,0,0.5449,0.4,1758
2023-09-25,0.009919,0.00327,-0.006649,0.00327,6287061.0,1378293.0,5287061.0,5.287061,1,0.5452,0.4,1759
2023-09-26,0.002171,0.000382,-0.00179,0.000382,6300712.0,1378819.0,5300712.0,5.300712,1,0.5455,0.45,1760
2023-09-27,-0.001795,0.003426,0.005222,0.003426,6289400.0,1383543.0,5289400.0,5.2894,0,0.5451,0.45,1761
2023-09-28,-0.007663,-0.006847,0.000816,-0.006847,6241206.0,1374070.0,5241206.0,5.241206,0,0.5448,0.45,1762
2023-09-29,-0.002994,-0.015804,-0.01281,-0.015804,6222522.0,1352355.0,5222522.0,5.222522,0,0.5445,0.45,1763
2023-10-02,-0.001737,-0.013086,-0.011349,-0.013086,6211710.0,1334658.0,5211710.0,5.21171,0,0.5442,0.45,1764
2023-10-03,-0.002728,-0.024336,-0.021608,-0.024336,6194763.0,1302177.0,5194763.0,5.194763,0,0.5439,0.4,1765
2023-10-04,0.008595,-0.012039,-0.020634,-0.012039,6248006.0,1286500.0,5248006.0,5.248006,1,0.5442,0.45,1766
2023-10-05,-0.00735,0.009105,0.016455,0.009105,6202084.0,1298214.0,5202084.0,5.202084,0,0.5439,0.45,1767
2023-10-06,-0.003791,0.001302,0.005093,0.001302,6178570.0,1299904.0,5178570.0,5.17857,0,0.5436,0.45,1768
2023-10-10,-0.001028,0.00447,0.005498,0.00447,6172218.0,1305714.0,5172218.0,5.172218,0,0.5432,0.4,1769
2023-10-11,-0.001585,-0.003763,-0.002179,-0.003763,6162437.0,1300800.0,5162437.0,5.162437,0,0.5429,0.4,1770
2023-10-12,0.017016,0.016627,-0.000388,0.016627,6267297.0,1322429.0,5267297.0,5.267297,1,0.5432,0.4,1771
2023-10-13,0.001373,-0.004516,-0.005888,-0.004516,6275899.0,1316457.0,5275899.0,5.275899,1,0.5435,0.4,1772
2023-10-16,-0.009876,-0.015389,-0.005514,-0.015389,6213921.0,1296198.0,5213921.0,5.213921,0,0.5431,0.4,1773
2023-10-17,0.002104,-0.002899,-0.005003,-0.002899,6226992.0,1292440.0,5226992.0,5.226992,1,0.5434,0.45,1774
2023-10-18,0.009509,0.01075,0.001241,0.01075,6286207.0,1306334.0,5286207.0,5.286207,1,0.5437,0.45,1775
2023-10-19,0.007168,0.000726,-0.006442,0.000726,6331268.0,1307283.0,5331268.0,5.331268,1,0.5439,0.45,1776
2023-10-20,-0.006769,-0.001115,0.005654,-0.001115,6288410.0,1305825.0,5288410.0,5.28841,0,0.5436,0.4,1777
2023-10-23,0.007914,-0.00092,-0.008834,-0.00092,6338174.0,1304623.0,5338174.0,5.338174,1,0.5439,0.45,1778
2023-10-24,-0.002071,-0.002111,-3.9e-05,-0.002111,6325046.0,1301870.0,5325046.0,5.325046,0,0.5436,0.4,1779
2023-10-25,-0.001243,0.001962,0.003206,0.001962,6317183.0,1304424.0,5317183.0,5.317183,0,0.5433,0.35,1780
2023-10-26,0.010508,7.4e-05,-0.010434,7.4e-05,6383565.0,1304521.0,5383565.0,5.383565,1,0.5435,0.4,1781
2023-10-27,0.009582,0.011919,0.002337,0.011919,6444730.0,1320069.0,5444730.0,5.44473,1,0.5438,0.45,1782
2023-10-30,-0.013732,-0.002632,0.011101,-0.002632,6356228.0,1316596.0,5356228.0,5.356228,0,0.5435,0.45,1783
2023-10-31,0.004628,0.003048,-0.001581,0.003048,6385647.0,1320608.0,5385647.0,5.385647,1,0.5437,0.5,1784
2023-11-01,-0.008714,0.00367,0.012384,0.00367,6330005.0,1325455.0,5330005.0,5.330005,0,0.5434,0.5,1785
2023-11-02,0.005156,-0.001827,-0.006983,-0.001827,6362641.0,1323033.0,5362641.0,5.362641,1,0.5437,0.5,1786
2023-11-06,-0.000297,-0.002903,-0.002606,-0.002903,6360751.0,1319192.0,5360751.0,5.360751,0,0.5434,0.5,1787
2023-11-07,0.003478,-0.00496,-0.008438,-0.00496,6382874.0,1312649.0,5382874.0,5.382874,1,0.5436,0.55,1788
2023-11-08,0.015084,-0.020113,-0.035196,-0.020113,6479153.0,1286248.0,5479153.0,5.479153,1,0.5439,0.6,1789
2023-11-09,0.012454,0.015807,0.003353,0.015807,6559846.0,1306580.0,5559846.0,5.559846,1,0.5441,0.65,1790
2023-11-10,0.011539,0.019519,0.00798,0.019519,6635542.0,1332083.0,5635542.0,5.635542,1,0.5444,0.65,1791
2023-11-13,0.003543,-0.001767,-0.00531,-0.001767,6659053.0,1329729.0,5659053.0,5.659053,1,0.5446,0.65,1792
2023-11-14,-0.000842,0.000111,0.000954,0.000111,6653443.0,1329877.0,5653443.0,5.653443,0,0.5443,0.65,1793
2023-11-15,0.002882,0.003794,0.000912,0.003794,6672622.0,1334923.0,5672622.0,5.672622,1,0.5446,0.65,1794
2023-11-16,-0.01056,-0.0108,-0.00024,-0.0108,6602157.0,1320506.0,5602157.0,5.602157,0,0.5443,0.6,1795
2023-11-17,-0.011387,0.007089,0.018476,0.007089,6526978.0,1329867.0,5526978.0,5.526978,0,0.544,0.55,1796
2023-11-20,0.001889,-0.002361,-0.00425,-0.002361,6539311.0,1326728.0,5539311.0,5.539311,1,0.5442,0.6,1797
2023-11-21,0.003064,-0.002216,-0.005279,-0.002216,6559346.0,1323788.0,5559346.0,5.559346,1,0.5445,0.6,1798
2023-11-22,0.002062,0.007995,0.005933,0.007995,6572871.0,1334372.0,5572871.0,5.572871,1,0.5447,0.65,1799
2023-11-24,-0.006161,-0.007392,-0.001232,-0.007392,6532377.0,1324507.0,5532377.0,5.532377,0,0.5444,0.65,1800
2023-11-27,0.001113,-0.005145,-0.006259,-0.005145,6539651.0,1317692.0,5539651.0,5.539651,1,0.5447,0.65,1801
2023-11-28,0.001696,-0.002533,-0.004229,-0.002533,6550739.0,1314355.0,5550739.0,5.550739,1,0.545,0.65,1802
2023-11-29,-0.006079,-0.011394,-0.005315,-0.011394,6510918.0,1299379.0,5510918.0,5.510918,0,0.5446,0.65,1803
2023-11-30,-0.006506,0.000766,0.007272,0.000766,6468556.0,1300374.0,5468556.0,5.468556,0,0.5443,0.6,1804
2023-12-01,-0.003651,-0.003954,-0.000302,-0.003954,6444936.0,1295233.0,5444936.0,5.444936,0,0.544,0.6,1805
2023-12-04,-0.008096,-0.007527,0.000569,-0.007527,6392760.0,1285484.0,5392760.0,5.39276,0,0.5437,0.55,1806
2023-12-05,0.007914,0.000829,-0.007085,0.000829,6443354.0,1286550.0,5443354.0,5.443354,1,0.544,0.6,1807
2023-12-06,-0.000912,0.011168,0.01208,0.011168,6437476.0,1300918.0,5437476.0,5.437476,0,0.5437,0.55,1808
2023-12-07,-0.012163,-0.008097,0.004066,-0.008097,6359177.0,1290385.0,5359177.0,5.359177,0,0.5434,0.5,1809
2023-12-08,-0.00049,-0.010972,-0.010482,-0.010972,6356061.0,1276227.0,5356061.0,5.356061,0,0.5431,0.45,1810
2023-12-11,-0.004703,-0.00439,0.000314,-0.00439,6326165.0,1270625.0,5326165.0,5.326165,0,0.5428,0.4,1811
2023-12-12,0.002491,-0.004225,-0.006716,-0.004225,6341926.0,1265257.0,5341926.0,5.341926,1,0.543,0.4,1812
2023-12-13,-0.004963,-0.008588,-0.003625,-0.008588,6310449.0,1254391.0,5310449.0,5.310449,0,0.5427,0.4,1813
2023-12-14,-0.001409,-0.023048,-0.021638,-0.023048,6301555.0,1225480.0,5301555.0,5.301555,0,0.5424,0.35,1814
2023-12-15,0.01007,0.002117,-0.007953,0.002117,6365009.0,1228075.0,5365009.0,5.365009,1,0.5427,0.4,1815
2023-12-18,0.006266,0.002317,-0.003948,0.002317,6404889.0,1230920.0,5404889.0,5.404889,1,0.543,0.45,1816
2023-12-19,-3.9e-05,-0.000506,-0.000467,-0.000506,6404639.0,1230297.0,5404639.0,5.404639,0,0.5427,0.4,1817
2023-12-20,0.000922,0.003416,0.002494,0.003416,6410542.0,1234499.0,5410542.0,5.410542,1,0.5429,0.4,1818
2023-12-21,0.007642,-0.000851,-0.008493,-0.000851,6459533.0,1233449.0,5459533.0,5.459533,1,0.5432,0.4,1819
2023-12-22,-0.004007,0.005153,0.00916,0.005153,6433650.0,1239805.0,5433650.0,5.43365,0,0.5429,0.4,1820
2023-12-26,-0.000993,-0.000867,0.000126,-0.000867,6427264.0,1238730.0,5427264.0,5.427264,0,0.5426,0.35,1821
2023-12-27,0.009331,0.012072,0.002741,0.012072,6487235.0,1253684.0,5487235.0,5.487235,1,0.5428,0.35,1822
2023-12-28,0.000685,0.002605,0.001921,0.002605,6491676.0,1256950.0,5491676.0,5.491676,1,0.5431,0.4,1823
2023-12-29,0.002075,-0.001388,-0.003463,-0.001388,6505145.0,1255206.0,5505145.0,5.505145,1,0.5433,0.45,1824
2024-01-04,-0.002186,0.014371,0.016556,0.014371,6490927.0,1273244.0,5490927.0,5.490927,0,0.543,0.45,1825
2024-01-05,-0.004851,-0.001019,0.003833,-0.001019,6459437.0,1271947.0,5459437.0,5.459437,0,0.5427,0.45,1826
2024-01-09,-0.01196,-0.011299,0.000661,-0.011299,6382183.0,1257575.0,5382183.0,5.382183,0,0.5424,0.4,1827
2024-01-10,0.00542,0.010869,0.005449,0.010869,6416777.0,1271243.0,5416777.0,5.416777,1,0.5427,0.45,1828
2024-01-11,-0.002485,0.001787,0.004272,0.001787,6400831.0,1273515.0,5400831.0,5.400831,0,0.5424,0.45,1829
2024-01-12,0.011676,0.010016,-0.001661,0.010016,6475570.0,1286270.0,5475570.0,5.47557,1,0.5426,0.5,1830
2024-01-16,-0.001557,0.01195,0.013507,0.01195,6465489.0,1301641.0,5465489.0,5.465489,0,0.5423,0.5,1831
2024-01-17,0.003603,-0.008415,-0.012019,-0.008415,6488786.0,1290687.0,5488786.0,5.488786,1,0.5426,0.5,1832
2024-01-18,-0.001828,-0.001958,-0.00013,-0.001958,6476923.0,1288160.0,5476923.0,5.476923,0,0.5423,0.5,1833
2024-01-19,-0.005573,-0.010055,-0.004482,-0.010055,6440828.0,1275208.0,5440828.0,5.440828,0,0.542,0.5,1834
2024-01-22,-0.002874,0.002751,0.005625,0.002751,6422319.0,1278716.0,5422319.0,5.422319,0,0.5417,0.45,1835
2024-01-23,-0.00242,-0.003277,-0.000858,-0.003277,6406781.0,1274526.0,5406781.0,5.406781,0,0.5414,0.4,1836
2024-01-24,0.000633,-0.006709,-0.007341,-0.006709,6410833.0,1265976.0,5410833.0,5.410833,1,0.5416,0.45,1837
2024-01-25,-0.004875,-0.000137,0.004739,-0.000137,6379578.0,1265803.0,5379578.0,5.379578,0,0.5413,0.4,1838
2024-01-26,-0.010164,-0.011365,-0.001201,-0.011365,6314737.0,1251416.0,5314737.0,5.314737,0,0.5411,0.35,1839
2024-01-29,0.004385,0.013572,0.009187,0.013572,6342429.0,1268401.0,5342429.0,5.342429,1,0.5413,0.4,1840
2024-01-30,-0.001271,-0.005808,-0.004537,-0.005808,6334367.0,1261034.0,5334367.0,5.334367,0,0.541,0.4,1841
2024-01-31,-0.000188,0.010438,0.010627,0.010438,6333174.0,1274197.0,5333174.0,5.333174,0,0.5407,0.35,1842
2024-02-01,0.004694,0.004681,-1.3e-05,0.004681,6362903.0,1280162.0,5362903.0,5.362903,1,0.541,0.35,1843
2024-02-02,-0.002423,-0.007144,-0.00472,-0.007144,6347483.0,1271017.0,5347483.0,5.347483,0,0.5407,0.3,1844
2024-02-05,0.005159,0.004037,-0.001122,0.004037,6380231.0,1276148.0,5380231.0,5.380231,1,0.5409,0.35,1845
2024-02-06,0.007782,-0.006026,-0.013808,-0.006026,6429882.0,1268457.0,5429882.0,5.429882,1,0.5412,0.4,1846
2024-02-07,0.001804,0.002322,0.000518,0.002322,6441479.0,1271402.0,5441479.0,5.441479,1,0.5414,0.45,1847
2024-02-08,-0.00842,-0.004559,0.003862,-0.004559,6387240.0,1265607.0,5387240.0,5.38724,0,0.5411,0.4,1848
2024-02-09,0.002284,0.002747,0.000463,0.002747,6401827.0,1269083.0,5401827.0,5.401827,1,0.5414,0.45,1849
2024-02-13,-0.002359,0.002589,0.004948,0.002589,6386727.0,1272369.0,5386727.0,5.386727,0,0.5411,0.4,1850
2024-02-14,-0.005041,-0.008413,-0.003372,-0.008413,6354531.0,1261664.0,5354531.0,5.354531,0,0.5408,0.4,1851
2024-02-15,-0.00163,-0.008798,-0.007168,-0.008798,6344173.0,1250564.0,5344173.0,5.344173,0,0.5405,0.35,1852
2024-02-16,0.001689,0.00775,0.006062,0.00775,6354887.0,1260257.0,5354887.0,5.354887,1,0.5407,0.4,1853
2024-02-20,0.009268,-0.00084,-0.010108,-0.00084,6413781.0,1259198.0,5413781.0,5.413781,1,0.541,0.45,1854
2024-02-21,0.0126,0.004292,-0.008309,0.004292,6494598.0,1264602.0,5494598.0,5.494598,1,0.5412,0.5,1855
2024-02-22,0.006958,0.006461,-0.000497,0.006461,6539789.0,1272773.0,5539789.0,5.539789,1,0.5415,0.55,1856
2024-02-26,0.008433,0.004398,-0.004035,0.004398,6594941.0,1278371.0,5594941.0,5.594941,1,0.5417,0.55,1857
2024-02-27,0.007634,-0.003548,-0.011182,-0.003548,6645287.0,1273835.0,5645287.0,5.645287,1,0.542,0.6,1858
2024-02-28,0.017109,0.006619,-0.01049,0.006619,6758984.0,1282267.0,5758984.0,5.758984,1,0.5422,0.65,1859
2024-02-29,-0.000104,0.002982,0.003087,0.002982,6758280.0,1286091.0,5758280.0,5.75828,0,0.5419,0.6,1860
2024-03-01,0.018385,0.016634,-0.001751,0.016634,6882532.0,1307484.0,5882532.0,5.882532,1,0.5422,0.65,1861
2024-03-04,0.011827,-0.00612,-0.017947,-0.00612,6963934.0,1299483.0,5963934.0,5.963934,1,0.5424,0.7,1862
2024-03-05,-0.008978,0.004152,0.01313,0.004152,6901413.0,1304878.0,5901413.0,5.901413,0,0.5421,0.65,1863
2024-03-06,-0.005338,0.003959,0.009297,0.003959,6864572.0,1310044.0,5864572.0,5.864572,0,0.5418,0.65,1864
2024-03-07,0.00687,-0.003484,-0.010353,-0.003484,6911729.0,1305480.0,5911729.0,5.911729,1,0.5421,0.65,1865
2024-03-08,-0.003137,0.001583,0.00472,0.001583,6890048.0,1307547.0,5890048.0,5.890048,0,0.5418,0.6,1866
2024-03-11,-0.016911,-0.024376,-0.007465,-0.024376,6773529.0,1275674.0,5773529.0,5.773529,0,0.5415,0.55,1867
2024-03-12,0.001024,0.002554,0.00153,0.002554,6780464.0,1278932.0,5780464.0,5.780464,1,0.5418,0.6,1868
2024-03-13,0.011452,-0.004701,-0.016154,-0.004701,6858116.0,1272920.0,5858116.0,5.858116,1,0.542,0.6,1869
2024-03-14,-0.007395,0.000861,0.008256,0.000861,6807400.0,1274017.0,5807400.0,5.8074,0,0.5417,0.6,1870
2024-03-15,-0.003284,0.007335,0.010619,0.007335,6785042.0,1283361.0,5785042.0,5.785042,0,0.5414,0.6,1871
2024-03-18,0.015817,0.010371,-0.005446,0.010371,6892359.0,1296670.0,5892359.0,5.892359,1,0.5417,0.65,1872
2024-03-19,-0.005339,0.002935,0.008274,0.002935,6855564.0,1300477.0,5855564.0,5.855564,0,0.5414,0.6,1873
2024-03-21,-0.007035,0.010687,0.017722,0.010687,6807334.0,1314375.0,5807334.0,5.807334,0,0.5411,0.55,1874
2024-03-22,-0.006852,-0.008522,-0.00167,-0.008522,6760691.0,1303173.0,5760691.0,5.760691,0,0.5408,0.5,1875
2024-03-25,0.006988,-0.00546,-0.012448,-0.00546,6807935.0,1296058.0,5807935.0,5.807935,1,0.541,0.5,1876
2024-03-26,-0.005306,-0.000231,0.005076,-0.000231,6771810.0,1295759.0,5771810.0,5.77181,0,0.5408,0.45,1877
2024-03-27,0.005666,0.005497,-0.00017,0.005497,6810182.0,1302882.0,5810182.0,5.810182,1,0.541,0.45,1878
2024-03-28,0.003221,-0.006406,-0.009627,-0.006406,6832116.0,1294535.0,5832116.0,5.832116,1,0.5412,0.45,1879
2024-04-01,0.000795,-0.008558,-0.009354,-0.008558,6837550.0,1283456.0,5837550.0,5.83755,1,0.5415,0.5,1880
2024-04-02,0.003921,-0.008946,-0.012867,-0.008946,6864361.0,1271974.0,5864361.0,5.864361,1,0.5417,0.5,1881
2024-04-03,0.009299,0.011803,0.002504,0.011803,6928196.0,1286988.0,5928196.0,5.928196,1,0.542,0.5,1882
2024-04-04,0.004066,0.001402,-0.002664,0.001402,6956366.0,1288792.0,5956366.0,5.956366,1,0.5422,0.55,1883
2024-04-05,-0.003772,-0.001816,0.001956,-0.001816,6930125.0,1286452.0,5930125.0,5.930125,0,0.5419,0.55,1884
2024-04-08,-0.004238,-0.001648,0.00259,-0.001648,6900756.0,1284331.0,5900756.0,5.900756,0,0.5416,0.5,1885
2024-04-09,0.008607,0.005953,-0.002654,0.005953,6960153.0,1291977.0,5960153.0,5.960153,1,0.5419,0.55,1886
2024-04-10,-0.004357,-0.003166,0.001191,-0.003166,6929828.0,1287886.0,5929828.0,5.929828,0,0.5416,0.55,1887
2024-04-11,-0.012848,0.012739,0.025587,0.012739,6840795.0,1304293.0,5840795.0,5.840795,0,0.5413,0.5,1888
2024-04-12,-0.003303,-0.001475,0.001828,-0.001475,6818202.0,1302370.0,5818202.0,5.818202,0,0.541,0.45,1889
2024-04-15,0.004082,0.010763,0.006681,0.010763,6846033.0,1316387.0,5846033.0,5.846033,1,0.5413,0.5,1890
2024-04-16,0.014555,-0.009135,-0.023691,-0.009135,6945680.0,1304362.0,5945680.0,5.94568,1,0.5415,0.55,1891
2024-04-17,-0.004415,-0.022523,-0.018108,-0.022523,6915015.0,1274984.0,5915015.0,5.915015,0,0.5412,0.5,1892
2024-04-18,-0.011376,0.006188,0.017564,0.006188,6836350.0,1282873.0,5836350.0,5.83635,0,0.5409,0.5,1893
2024-04-19,-0.004958,-0.000832,0.004125,-0.000832,6802459.0,1281806.0,5802459.0,5.802459,0,0.5407,0.5,1894
2024-04-22,-0.008208,0.005934,0.014142,0.005934,6746626.0,1289412.0,5746626.0,5.746626,0,0.5404,0.5,1895
2024-04-23,0.002374,-0.002705,-0.005079,-0.002705,6762642.0,1285924.0,5762642.0,5.762642,1,0.5406,0.5,1896
2024-04-24,-0.009361,0.001918,0.011279,0.001918,6699336.0,1288390.0,5699336.0,5.699336,0,0.5403,0.5,1897
2024-04-25,0.000728,-0.007595,-0.008322,-0.007595,6704211.0,1278605.0,5704211.0,5.704211,1,0.5406,0.5,1898
2024-04-26,-0.005695,0.002068,0.007763,0.002068,6666031.0,1281249.0,5666031.0,5.666031,0,0.5403,0.45,1899
2024-04-30,-0.003593,0.008689,0.012283,0.008689,6642077.0,1292382.0,5642077.0,5.642077,0,0.54,0.4,1900
2024-05-01,0.009687,0.006285,-0.003402,0.006285,6706421.0,1300505.0,5706421.0,5.706421,1,0.5402,0.4,1901
2024-05-02,-0.00021,0.005665,0.005875,0.005665,6705014.0,1307872.0,5705014.0,5.705014,0,0.54,0.35,1902
2024-05-07,-0.000322,-0.007238,-0.006916,-0.007238,6702855.0,1298407.0,5702855.0,5.702855,0,0.5397,0.3,1903
2024-05-08,0.005022,-0.008003,-0.013025,-0.008003,6736520.0,1288016.0,5736520.0,5.73652,1,0.5399,0.35,1904
2024-05-09,-0.008241,-0.004608,0.003633,-0.004608,6681005.0,1282080.0,5681005.0,5.681005,0,0.5396,0.35,1905
2024-05-10,-0.008516,0.007439,0.015955,0.007439,6624111.0,1291617.0,5624111.0,5.624111,0,0.5393,0.3,1906
2024-05-13,-0.004802,-0.001537,0.003265,-0.001537,6592300.0,1289632.0,5592300.0,5.5923,0,0.5391,0.3,1907
2024-05-14,-0.010888,-0.00184,0.009048,-0.00184,6520521.0,1287259.0,5520521.0,5.520521,0,0.5388,0.3,1908
2024-05-15,0.004665,-0.002427,-0.007093,-0.002427,6550941.0,1284135.0,5550941.0,5.550941,1,0.539,0.35,1909
2024-05-16,0.00947,-0.000758,-0.010228,-0.000758,6612979.0,1283161.0,5612979.0,5.612979,1,0.5393,0.35,1910
2024-05-17,-0.007364,0.000935,0.008298,0.000935,6564284.0,1284360.0,5564284.0,5.564284,0,0.539,0.3,1911
2024-05-20,0.019982,0.022145,0.002163,0.022145,6695450.0,1312803.0,5695450.0,5.69545,1,0.5392,0.35,1912
2024-05-21,-0.00414,-0.002316,0.001824,-0.002316,6667731.0,1309762.0,5667731.0,5.667731,0,0.5389,0.35,1913
2024-05-22,0.003781,-0.005937,-0.009718,-0.005937,6692942.0,1301986.0,5692942.0,5.692942,1,0.5392,0.4,1914
2024-05-23,0.005837,0.004586,-0.001252,0.004586,6732011.0,1307956.0,5732011.0,5.732011,1,0.5394,0.45,1915
2024-05-24,-0.00242,0.00793,0.01035,0.00793,6715721.0,1318329.0,5715721.0,5.715721,0,0.5391,0.4,1916
2024-05-28,0.000475,0.006039,0.005565,0.006039,6718909.0,1326290.0,5718909.0,5.718909,1,0.5394,0.45,1917
2024-05-29,-0.000125,-0.008248,-0.008122,-0.008248,6718067.0,1315351.0,5718067.0,5.718067,0,0.5391,0.4,1918
2024-05-30,0.003151,0.004347,0.001196,0.004347,6739238.0,1321069.0,5739238.0,5.739238,1,0.5393,0.45,1919
2024-05-31,0.004276,0.021082,0.016807,0.021082,6768052.0,1348920.0,5768052.0,5.768052,1,0.5396,0.5,1920
2024-06-03,0.012842,0.007595,-0.005247,0.007595,6854965.0,1359165.0,5854965.0,5.854965,1,0.5398,0.5,1921
2024-06-04,0.011298,-0.001491,-0.012788,-0.001491,6932411.0,1357139.0,5932411.0,5.932411,1,0.5401,0.55,1922
2024-06-05,0.011057,0.001843,-0.009213,0.001843,7009062.0,1359641.0,6009062.0,6.009062,1,0.5403,0.6,1923
2024-06-06,-0.004429,-0.007555,-0.003125,-0.007555,6978017.0,1349370.0,5978017.0,5.978017,0,0.54,0.55,1924
2024-06-07,-0.004804,-0.002378,0.002426,-0.002378,6944495.0,1346161.0,5944495.0,5.944495,0,0.5397,0.55,1925
2024-06-10,0.000253,0.007935,0.007681,0.007935,6946255.0,1356843.0,5946255.0,5.946255,1,0.54,0.6,1926
2024-06-11,0.010246,0.000612,-0.009634,0.000612,7017427.0,1357673.0,6017427.0,6.017427,1,0.5402,0.65,1927
2024-06-12,-0.005233,-0.004499,0.000734,-0.004499,6980706.0,1351565.0,5980706.0,5.980706,0,0.5399,0.65,1928
2024-06-13,-0.001492,-0.015679,-0.014187,-0.015679,6970288.0,1330373.0,5970288.0,5.970288,0,0.5397,0.6,1929
2024-06-14,-0.008507,0.00265,0.011157,0.00265,6910989.0,1333898.0,5910989.0,5.910989,0,0.5394,0.55,1930
2024-06-17,0.017358,-0.002671,-0.020028,-0.002671,7030947.0,1330335.0,6030947.0,6.030947,1,0.5396,0.6,1931
2024-06-18,-0.006833,-0.014995,-0.008162,-0.014995,6982903.0,1310387.0,5982903.0,5.982903,0,0.5393,0.55,1932
2024-06-20,0.000194,0.002033,0.001839,0.002033,6984255.0,1313050.0,5984255.0,5.984255,1,0.5396,0.6,1933
2024-06-21,-0.006707,-0.008882,-0.002175,-0.008882,6937410.0,1301388.0,5937410.0,5.93741,0,0.5393,0.55,1934
2024-06-24,-0.004345,0.001614,0.00596,0.001614,6907265.0,1303488.0,5907265.0,5.907265,0,0.539,0.5,1935
2024-06-25,0.010489,0.020783,0.010294,0.020783,6979716.0,1330579.0,5979716.0,5.979716,1,0.5393,0.55,1936
2024-06-26,0.003783,0.001041,-0.002742,0.001041,7006121.0,1331964.0,6006121.0,6.006121,1,0.5395,0.55,1937
2024-06-27,-0.009026,-0.009867,-0.000841,-0.009867,6942880.0,1318821.0,5942880.0,5.94288,0,0.5392,0.55,1938
2024-06-28,0.009418,0.003061,-0.006357,0.003061,7008265.0,1322858.0,6008265.0,6.008265,1,0.5395,0.55,1939
2024-07-01,0.005556,0.005993,0.000437,0.005993,7047203.0,1330786.0,6047203.0,6.047203,1,0.5397,0.55,1940
2024-07-02,-0.011013,0.00497,0.015983,0.00497,6969595.0,1337401.0,5969595.0,5.969595,0,0.5394,0.5,1941
2024-07-03,-0.009205,-0.006632,0.002573,-0.006632,6905439.0,1328531.0,5905439.0,5.905439,0,0.5391,0.45,1942
2024-07-05,-0.002842,-0.009438,-0.006596,-0.009438,6885816.0,1315993.0,5885816.0,5.885816,0,0.5389,0.4,1943
2024-07-08,0.006159,0.001817,-0.004342,0.001817,6928229.0,1318384.0,5928229.0,5.928229,1,0.5391,0.45,1944
2024-07-09,-0.002115,0.005205,0.00732,0.005205,6913573.0,1325246.0,5913573.0,5.913573,0,0.5388,0.45,1945
2024-07-10,-0.003193,0.004735,0.007928,0.004735,6891498.0,1331521.0,5891498.0,5.891498,0,0.5385,0.4,1946
2024-07-11,0.010158,0.009219,-0.000939,0.009219,6961503.0,1343797.0,5961503.0,5.961503,1,0.5388,0.4,1947
2024-07-12,-0.011464,-0.006252,0.005212,-0.006252,6881696.0,1335395.0,5881696.0,5.881696,0,0.5385,0.4,1948
2024-07-16,0.000675,-0.00329,-0.003964,-0.00329,6886340.0,1331002.0,5886340.0,5.88634,1,0.5387,0.45,1949
2024-07-17,-0.004182,-0.000193,0.00399,-0.000193,6857539.0,1330746.0,5857539.0,5.857539,0,0.5385,0.45,1950
2024-07-18,-0.007111,0.005117,0.012227,0.005117,6808777.0,1337555.0,5808777.0,5.808777,0,0.5382,0.4,1951
2024-07-19,0.003969,-0.000664,-0.004632,-0.000664,6835798.0,1336667.0,5835798.0,5.835798,1,0.5384,0.45,1952
2024-07-22,0.007402,-0.002432,-0.009835,-0.002432,6886398.0,1333416.0,5886398.0,5.886398,1,0.5387,0.45,1953
2024-07-23,0.002696,0.002109,-0.000588,0.002109,6904964.0,1336227.0,5904964.0,5.904964,1,0.5389,0.5,1954
2024-07-24,-0.00187,-0.017621,-0.015751,-0.017621,6892052.0,1312682.0,5892052.0,5.892052,0,0.5386,0.5,1955
2024-07-25,0.022116,0.007335,-0.014782,0.007335,7044480.0,1322310.0,6044480.0,6.04448,1,0.5389,0.5,1956
2024-07-26,0.00432,0.005144,0.000824,0.005144,7074910.0,1329111.0,6074910.0,6.07491,1,0.5391,0.5,1957
2024-07-29,0.002525,0.014093,0.011568,0.014093,7092771.0,1347842.0,6092771.0,6.092771,1,0.5393,0.55,1958
2024-07-30,0.000469,3e-05,-0.000439,3e-05,7096098.0,1347882.0,6096098.0,6.096098,1,0.5396,0.55,1959
2024-07-31,0.021413,0.03551,0.014097,0.03551,7248045.0,1395746.0,6248045.0,6.248045,1,0.5398,0.55,1960
2024-08-01,-0.004671,-0.034166,-0.029495,-0.034166,7214191.0,1348059.0,6214191.0,6.214191,0,0.5395,0.55,1961
2024-08-02,0.01296,-0.009673,-0.022633,-0.009673,7307690.0,1335019.0,6307690.0,6.30769,1,0.5398,0.6,1962
2024-08-05,0.040519,-0.024017,-0.064536,-0.024017,7603794.0,1302957.0,6603794.0,6.603794,1,0.54,0.65,1963
2024-08-06,0.025978,0.011866,-0.014112,0.011866,7801327.0,1318417.0,6801327.0,6.801327,1,0.5402,0.65,1964
2024-08-07,0.007862,0.060279,0.052417,0.060279,7862664.0,1397890.0,6862664.0,6.862664,1,0.5405,0.7,1965
2024-08-08,-0.013126,-0.002817,0.010309,-0.002817,7759461.0,1393952.0,6759461.0,6.759461,0,0.5402,0.7,1966
2024-08-09,-0.00712,-0.024805,-0.017685,-0.024805,7704217.0,1359376.0,6704217.0,6.704217,0,0.5399,0.65,1967
2024-08-13,-0.006793,0.009044,0.015837,0.009044,7651878.0,1371670.0,6651878.0,6.651878,0,0.5396,0.65,1968
2024-08-14,-0.006603,0.004193,0.010796,0.004193,7601353.0,1377421.0,6601353.0,6.601353,0,0.5394,0.6,1969
2024-08-15,0.010619,0.014545,0.003926,0.014545,7682070.0,1397455.0,6682070.0,6.68207,1,0.5396,0.65,1970
2024-08-16,-0.009906,0.001262,0.011168,0.001262,7605972.0,1399219.0,6605972.0,6.605972,0,0.5393,0.65,1971
2024-08-19,0.015318,0.005152,-0.010166,0.005152,7722483.0,1406428.0,6722483.0,6.722483,1,0.5396,0.65,1972
2024-08-20,0.00572,0.004268,-0.001452,0.004268,7766657.0,1412431.0,6766657.0,6.766657,1,0.5398,0.65,1973
2024-08-21,-0.00164,0.005125,0.006765,0.005125,7753921.0,1419669.0,6753921.0,6.753921,0,0.5395,0.6,1974
2024-08-22,0.004929,0.00823,0.003302,0.00823,7792139.0,1431354.0,6792139.0,6.792139,1,0.5397,0.65,1975
2024-08-23,-0.00168,0.004716,0.006396,0.004716,7779047.0,1438104.0,6779047.0,6.779047,0,0.5395,0.6,1976
2024-08-26,0.000572,-0.0045,-0.005072,-0.0045,7783493.0,1431632.0,6783493.0,6.783493,1,0.5397,0.6,1977
2024-08-27,-0.000808,0.007392,0.0082,0.007392,7777206.0,1442215.0,6777206.0,6.777206,0,0.5394,0.55,1978
2024-08-28,0.005938,0.001247,-0.004691,0.001247,7823385.0,1444014.0,6823385.0,6.823385,1,0.5397,0.55,1979
2024-08-29,-0.002174,0.00341,0.005584,0.00341,7806379.0,1448938.0,6806379.0,6.806379,0,0.5394,0.5,1980
2024-08-30,0.011315,0.005622,-0.005692,0.005622,7894706.0,1457084.0,6894706.0,6.894706,1,0.5396,0.55,1981
2024-09-03,0.012492,0.012779,0.000287,0.012779,7993324.0,1475704.0,6993324.0,6.993324,1,0.5399,0.55,1982
2024-09-04,0.009095,-0.007594,-0.016689,-0.007594,8066022.0,1464498.0,7066022.0,7.066022,1,0.5401,0.55,1983
2024-09-05,-0.011882,-0.005029,0.006853,-0.005029,7970181.0,1457132.0,6970181.0,6.970181,0,0.5398,0.5,1984
2024-09-06,0.013627,-0.000933,-0.014561,-0.000933,8078794.0,1455773.0,7078794.0,7.078794,1,0.5401,0.5,1985
2024-09-09,-0.005388,0.016207,0.021596,0.016207,8035262.0,1479367.0,7035262.0,7.035262,0,0.5398,0.5,1986
2024-09-10,0.005066,-0.003405,-0.008471,-0.003405,8075967.0,1474329.0,7075967.0,7.075967,1,0.54,0.55,1987
2024-09-11,-0.010431,-0.016994,-0.006563,-0.016994,7991724.0,1449274.0,6991724.0,6.991724,0,0.5397,0.55,1988
2024-09-12,0.001333,-0.00026,-0.001593,-0.00026,8002378.0,1448896.0,7002378.0,7.002378,1,0.54,0.6,1989
2024-09-13,0.009031,-0.005655,-0.014687,-0.005655,8074651.0,1440702.0,7074651.0,7.074651,1,0.5402,0.6,1990
2024-09-17,0.008353,0.002819,-0.005534,0.002819,8142095.0,1444763.0,7142095.0,7.142095,1,0.5404,0.65,1991
2024-09-18,0.000118,-0.00992,-0.010038,-0.00992,8143057.0,1430431.0,7143057.0,7.143057,1,0.5407,0.65,1992
2024-09-19,0.011557,0.010833,-0.000724,0.010833,8237166.0,1445927.0,7237166.0,7.237166,1,0.5409,0.65,1993
2024-09-20,-0.000579,-0.007128,-0.006549,-0.007128,8232399.0,1435620.0,7232399.0,7.232399,0,0.5406,0.65,1994
2024-09-24,-0.014484,-0.011194,0.003289,-0.011194,8113164.0,1419549.0,7113164.0,7.113164,0,0.5404,0.6,1995
2024-09-25,0.009469,0.002169,-0.0073,0.002169,8189991.0,1422628.0,7189991.0,7.189991,1,0.5406,0.65,1996
2024-09-26,0.002541,0.013407,0.010865,0.013407,8210805.0,1441701.0,7210805.0,7.210805,1,0.5408,0.65,1997
2024-09-27,-0.006765,0.005898,0.012663,0.005898,8155262.0,1450204.0,7155262.0,7.155262,0,0.5405,0.65,1998
2024-09-30,0.006264,0.012606,0.006342,0.012606,8206347.0,1468485.0,7206347.0,7.206347,1,0.5408,0.65,1999
2024-10-01,0.019286,0.011943,-0.007343,0.011943,8364617.0,1486023.0,7364617.0,7.364617,1,0.541,0.7,2000
2024-10-02,0.011364,0.002987,-0.008376,0.002987,8459669.0,1490463.0,7459669.0,7.459669,1,0.5412,0.7,2001
2024-10-03,-0.01106,-0.010194,0.000866,-0.010194,8366108.0,1475269.0,7366108.0,7.366108,0,0.541,0.65,2002
2024-10-04,-0.001426,0.005676,0.007102,0.005676,8354177.0,1483643.0,7354177.0,7.354177,0,0.5407,0.6,2003
2024-10-07,0.009451,2.8e-05,-0.009422,2.8e-05,8433131.0,1483685.0,7433131.0,7.433131,1,0.5409,0.65,2004
2024-10-08,-0.00572,-0.011044,-0.005323,-0.011044,8384890.0,1467299.0,7384890.0,7.38489,0,0.5406,0.6,2005
2024-10-09,0.011102,0.001734,-0.009368,0.001734,8477983.0,1469844.0,7477983.0,7.477983,1,0.5409,0.65,2006
2024-10-10,-0.008164,-0.010965,-0.002801,-0.010965,8408769.0,1453728.0,7408769.0,7.408769,0,0.5406,0.6,2007
2024-10-11,-0.000337,-0.003096,-0.00276,-0.003096,8405937.0,1449226.0,7405937.0,7.405937,0,0.5403,0.6,2008
2024-10-15,-0.017842,-0.018237,-0.000395,-0.018237,8255960.0,1422797.0,7255960.0,7.25596,0,0.5401,0.55,2009
2024-10-16,0.000658,0.003456,0.002798,0.003456,8261389.0,1427714.0,7261389.0,7.261389,1,0.5403,0.55,2010
2024-10-17,-0.005243,-0.002131,0.003113,-0.002131,8218071.0,1424672.0,7218071.0,7.218071,0,0.54,0.5,2011
2024-10-18,-0.013247,-0.012622,0.000625,-0.012622,8109206.0,1406689.0,7109206.0,7.109206,0,0.5398,0.45,2012
2024-10-21,-0.001241,-0.004402,-0.003161,-0.004402,8099141.0,1400497.0,7099141.0,7.099141,0,0.5395,0.4,2013
2024-10-22,-0.000764,-0.006288,-0.005524,-0.006288,8092951.0,1391691.0,7092951.0,7.092951,0,0.5392,0.4,2014
2024-10-23,0.002841,-0.003963,-0.006805,-0.003963,8115945.0,1386175.0,7115945.0,7.115945,1,0.5395,0.45,2015
2024-10-24,0.006016,0.012469,0.006452,0.012469,8164772.0,1403458.0,7164772.0,7.164772,1,0.5397,0.45,2016
2024-10-25,-0.000774,-0.00901,-0.008235,-0.00901,8158450.0,1390814.0,7158450.0,7.15845,0,0.5394,0.4,2017
2024-10-28,0.006155,0.020357,0.014203,0.020357,8208664.0,1419127.0,7208664.0,7.208664,1,0.5396,0.45,2018
2024-10-29,0.004174,0.010687,0.006513,0.010687,8242926.0,1434293.0,7242926.0,7.242926,1,0.5399,0.45,2019
2024-10-30,-0.002708,0.008363,0.011071,0.008363,8220602.0,1446288.0,7220602.0,7.220602,0,0.5396,0.4,2020
2024-10-31,-0.004215,-0.002946,0.00127,-0.002946,8185951.0,1442028.0,7185951.0,7.185951,0,0.5393,0.35,2021
2024-11-01,-0.002789,0.002445,0.005234,0.002445,8163124.0,1445554.0,7163124.0,7.163124,0,0.5391,0.35,2022
2024-11-05,0.002449,0.005719,0.003271,0.005719,8183112.0,1453821.0,7183112.0,7.183112,1,0.5393,0.4,2023
2024-11-06,-0.013579,0.000402,0.013981,0.000402,8071995.0,1454406.0,7071995.0,7.071995,0,0.539,0.35,2024
2024-11-07,-0.007074,-0.009988,-0.002914,-0.009988,8014893.0,1439878.0,7014893.0,7.014893,0,0.5388,0.35,2025
2024-11-08,0.016202,0.003619,-0.012582,0.003619,8144748.0,1445090.0,7144748.0,7.144748,1,0.539,0.35,2026
2024-11-11,-0.002759,0.000898,0.003657,0.000898,8122276.0,1446387.0,7122276.0,7.122276,0,0.5387,0.35,2027
2024-11-12,-0.00104,-0.006505,-0.005465,-0.006505,8113825.0,1436978.0,7113825.0,7.113825,0,0.5385,0.35,2028
2024-11-13,-0.007258,-0.006348,0.00091,-0.006348,8054938.0,1427856.0,7054938.0,7.054938,0,0.5382,0.35,2029
2024-11-14,0.006422,-0.000342,-0.006764,-0.000342,8106667.0,1427368.0,7106667.0,7.106667,1,0.5384,0.35,2030
2024-11-15,-0.002623,-0.00135,0.001272,-0.00135,8085408.0,1425441.0,7085408.0,7.085408,0,0.5382,0.35,2031
2024-11-18,0.005504,-0.001638,-0.007142,-0.001638,8129911.0,1423106.0,7129911.0,7.129911,1,0.5384,0.4,2032
2024-11-19,0.01229,0.006476,-0.005814,0.006476,8229829.0,1432322.0,7229829.0,7.229829,1,0.5386,0.45,2033
2024-11-20,0.003668,-0.004982,-0.00865,-0.004982,8260015.0,1425186.0,7260015.0,7.260015,1,0.5388,0.5,2034
2024-11-21,-0.002374,-0.006333,-0.003959,-0.006333,8240407.0,1416161.0,7240407.0,7.240407,0,0.5386,0.45,2035
2024-11-22,-0.006758,0.004556,0.011314,0.004556,8184717.0,1422613.0,7184717.0,7.184717,0,0.5383,0.4,2036
2024-11-25,-0.003171,-0.003553,-0.000382,-0.003553,8158765.0,1417559.0,7158765.0,7.158765,0,0.538,0.4,2037
2024-11-26,0.014487,-0.004257,-0.018744,-0.004257,8276958.0,1411524.0,7276958.0,7.276958,1,0.5383,0.4,2038
2024-11-27,0.009296,-0.002406,-0.011702,-0.002406,8353902.0,1408128.0,7353902.0,7.353902,1,0.5385,0.4,2039
2024-11-29,0.002682,0.002538,-0.000144,0.002538,8376304.0,1411701.0,7376304.0,7.376304,1,0.5387,0.45,2040
2024-12-02,-0.006293,0.004527,0.010819,0.004527,8323593.0,1418092.0,7323593.0,7.323593,0,0.5385,0.45,2041
2024-12-03,5.5e-05,0.000627,0.000572,0.000627,8324053.0,1418981.0,7324053.0,7.324053,1,0.5387,0.5,2042
2024-12-04,-0.006451,-0.012025,-0.005574,-0.012025,8270351.0,1401917.0,7270351.0,7.270351,0,0.5384,0.45,2043
2024-12-05,-0.010901,-0.019909,-0.009009,-0.019909,8180198.0,1374006.0,7180198.0,7.180198,0,0.5382,0.45,2044
2024-12-06,-0.003316,-0.003202,0.000114,-0.003202,8153074.0,1369606.0,7153074.0,7.153074,0,0.5379,0.45,2045
2024-12-09,0.000648,-0.003925,-0.004573,-0.003925,8158356.0,1364231.0,7158356.0,7.158356,1,0.5381,0.45,2046
2024-12-10,-0.001898,-0.008099,-0.006201,-0.008099,8142869.0,1353182.0,7142869.0,7.142869,0,0.5379,0.45,2047
2024-12-11,-0.003592,-0.00265,0.000942,-0.00265,8113618.0,1349596.0,7113618.0,7.113618,0,0.5376,0.45,2048
2024-12-12,-0.006767,-0.002152,0.004614,-0.002152,8058716.0,1346691.0,7058716.0,7.058716,0,0.5373,0.45,2049
2024-12-13,0.002594,-0.004787,-0.007381,-0.004787,8079619.0,1340244.0,7079619.0,7.079619,1,0.5376,0.45,2050
2024-12-16,-0.002067,-0.008939,-0.006872,-0.008939,8062917.0,1328263.0,7062917.0,7.062917,0,0.5373,0.45,2051
2024-12-17,0.011933,-0.001354,-0.013287,-0.001354,8159128.0,1326464.0,7159128.0,7.159128,1,0.5375,0.45,2052
2024-12-18,0.004334,0.002669,-0.001665,0.002669,8194492.0,1330005.0,7194492.0,7.194492,1,0.5377,0.45,2053
2024-12-19,-0.013103,-0.004024,0.009079,-0.004024,8087119.0,1324653.0,7087119.0,7.087119,0,0.5375,0.4,2054
2024-12-20,-0.003108,-0.009994,-0.006887,-0.009994,8061988.0,1311414.0,7061988.0,7.061988,0,0.5372,0.4,2055
2024-12-23,0.002045,0.009263,0.007218,0.009263,8078477.0,1323561.0,7078477.0,7.078477,1,0.5375,0.45,2056
2024-12-24,0.003616,0.003541,-7.5e-05,0.003541,8107689.0,1328248.0,7107689.0,7.107689,1,0.5377,0.5,2057
2024-12-26,-0.004102,0.011908,0.01601,0.011908,8074431.0,1344065.0,7074431.0,7.074431,0,0.5374,0.45,2058
2024-12-27,0.00523,0.010676,0.005446,0.010676,8116659.0,1358414.0,7116659.0,7.116659,1,0.5376,0.45,2059
2024-12-30,0.002821,-0.004504,-0.007325,-0.004504,8139557.0,1352296.0,7139557.0,7.139557,1,0.5379,0.45,2060
2025-01-06,0.008323,-0.007663,-0.015986,-0.007663,8207303.0,1341933.0,7207303.0,7.207303,1,0.5381,0.5,2061
2025-01-07,0.013865,0.002739,-0.011127,0.002739,8321100.0,1345608.0,7321100.0,7.3211,1,0.5383,0.5,2062
2025-01-08,0.011664,0.000783,-0.010881,0.000783,8418157.0,1346662.0,7418157.0,7.418157,1,0.5385,0.55,2063
2025-01-10,-0.006831,-0.011049,-0.004218,-0.011049,8360650.0,1331782.0,7360650.0,7.36065,0,0.5383,0.55,2064
2025-01-14,0.000794,-0.003757,-0.004552,-0.003757,8367290.0,1326778.0,7367290.0,7.36729,1,0.5385,0.6,2065
2025-01-15,8.4e-05,-0.007693,-0.007777,-0.007693,8367996.0,1316571.0,7367996.0,7.367996,1,0.5387,0.6,2066
2025-01-16,0.006113,-0.000383,-0.006496,-0.000383,8419146.0,1316067.0,7419146.0,7.419146,1,0.5389,0.65,2067
2025-01-17,0.00231,0.004158,0.001848,0.004158,8438595.0,1321539.0,7438595.0,7.438595,1,0.5392,0.7,2068
2025-01-21,-0.002916,-0.006258,-0.003343,-0.006258,8413991.0,1313268.0,7413991.0,7.413991,0,0.5389,0.7,2069
2025-01-22,0.001802,9.9e-05,-0.001703,9.9e-05,8429153.0,1313399.0,7429153.0,7.429153,1,0.5391,0.7,2070
2025-01-23,-0.008289,-0.004845,0.003444,-0.004845,8359287.0,1307035.0,7359287.0,7.359287,0,0.5389,0.7,2071
2025-01-24,0.004095,0.005099,0.001004,0.005099,8393517.0,1313700.0,7393517.0,7.393517,1,0.5391,0.7,2072
2025-01-27,0.003697,0.002162,-0.001535,0.002162,8424545.0,1316540.0,7424545.0,7.424545,1,0.5393,0.7,2073
2025-01-28,-0.005795,-0.002007,0.003788,-0.002007,8375721.0,1313897.0,7375721.0,7.375721,0,0.5391,0.7,2074
2025-01-29,-0.002475,0.001519,0.003994,0.001519,8354989.0,1315892.0,7354989.0,7.354989,0,0.5388,0.7,2075
2025-01-30,0.005415,0.004859,-0.000555,0.004859,8400228.0,1322287.0,7400228.0,7.400228,1,0.539,0.7,2076
2025-01-31,-0.007483,-0.00018,0.007304,-0.00018,8337366.0,1322049.0,7337366.0,7.337366,0,0.5388,0.65,2077
2025-02-03,-0.004674,-0.005592,-0.000918,-0.005592,8298399.0,1314656.0,7298399.0,7.298399,0,0.5385,0.65,2078
2025-02-04,0.00234,-0.013578,-0.015918,-0.013578,8317814.0,1296806.0,7317814.0,7.317814,1,0.5387,0.65,2079
2025-02-05,0.003558,-0.00533,-0.008888,-0.00533,8347411.0,1289895.0,7347411.0,7.347411,1,0.5389,0.65,2080
2025-02-06,0.003251,0.00347,0.00022,0.00347,8374546.0,1294371.0,7374546.0,7.374546,1,0.5392,0.65,2081
2025-02-07,-0.003872,-0.005853,-0.001982,-0.005853,8342121.0,1286795.0,7342121.0,7.342121,0,0.5389,0.6,2082
2025-02-10,-0.002281,-0.00224,4.1e-05,-0.00224,8323096.0,1283912.0,7323096.0,7.323096,0,0.5386,0.55,2083
2025-02-12,-0.010372,-0.010169,0.000203,-0.010169,8236770.0,1270856.0,7236770.0,7.23677,0,0.5384,0.55,2084
2025-02-13,0.009157,0.015771,0.006615,0.015771,8312191.0,1290899.0,7312191.0,7.312191,1,0.5386,0.55,2085
2025-02-14,0.013961,0.002007,-0.011954,0.002007,8428237.0,1293490.0,7428237.0,7.428237,1,0.5388,0.55,2086
2025-02-18,-0.000481,0.003255,0.003736,0.003255,8424179.0,1297700.0,7424179.0,7.424179,0,0.5386,0.5,2087
2025-02-19,0.00802,-0.003316,-0.011336,-0.003316,8491739.0,1293396.0,7491739.0,7.491739,1,0.5388,0.5,2088
2025-02-20,0.007185,0.000587,-0.006599,0.000587,8552756.0,1294155.0,7552756.0,7.552756,1,0.539,0.55,2089
2025-02-21,0.00161,0.006286,0.004676,0.006286,8566524.0,1302290.0,7566524.0,7.566524,1,0.5392,0.55,2090
2025-02-25,0.019709,0.014097,-0.005612,0.014097,8735359.0,1320648.0,7735359.0,7.735359,1,0.5395,0.6,2091
2025-02-26,0.020308,0.003597,-0.016711,0.003597,8912757.0,1325398.0,7912757.0,7.912757,1,0.5397,0.6,2092
2025-02-27,0.011484,0.003909,-0.007576,0.003909,9015114.0,1330578.0,8015114.0,8.015114,1,0.5399,0.6,2093
2025-02-28,-0.000684,-0.003651,-0.002967,-0.003651,9008945.0,1325720.0,8008945.0,8.008945,0,0.5396,0.6,2094
2025-03-03,-0.006685,-0.002784,0.003901,-0.002784,8948720.0,1322029.0,7948720.0,7.94872,0,0.5394,0.6,2095
2025-03-04,0.00833,-0.002702,-0.011032,-0.002702,9023260.0,1318457.0,8023260.0,8.02326,1,0.5396,0.6,2096
2025-03-05,0.005694,0.008082,0.002388,0.008082,9074639.0,1329113.0,8074639.0,8.074639,1,0.5398,0.65,2097
2025-03-06,0.017784,0.012779,-0.005005,0.012779,9236023.0,1346097.0,8236023.0,8.236023,1,0.54,0.7,2098
2025-03-07,-0.006131,-0.007789,-0.001658,-0.007789,9179401.0,1335613.0,8179401.0,8.179401,0,0.5398,0.65,2099
2025-03-10,0.002306,-0.003619,-0.005925,-0.003619,9200564.0,1330779.0,8200564.0,8.200564,1,0.54,0.65,2100
2025-03-11,-0.001469,0.002957,0.004427,0.002957,9187047.0,1334715.0,8187047.0,8.187047,0,0.5397,0.6,2101
2025-03-12,0.000772,0.018497,0.017724,0.018497,9194144.0,1359402.0,8194144.0,8.194144,1,0.54,0.65,2102
2025-03-13,3.8e-05,-2.4e-05,-6.1e-05,-2.4e-05,9194489.0,1359370.0,8194489.0,8.194489,1,0.5402,0.7,2103
2025-03-14,-0.00906,0.001757,0.010817,0.001757,9111185.0,1361758.0,8111185.0,8.111185,0,0.5399,0.7,2104
2025-03-17,0.004964,0.003744,-0.00122,0.003744,9156408.0,1366856.0,8156408.0,8.156408,1,0.5401,0.7,2105
2025-03-18,0.013188,0.004801,-0.008387,0.004801,9277164.0,1373419.0,8277164.0,8.277164,1,0.5404,0.7,2106
2025-03-19,-0.007301,0.005335,0.012637,0.005335,9209428.0,1380746.0,8209428.0,8.209428,0,0.5401,0.7,2107
2025-03-21,0.009319,0.013157,0.003838,0.013157,9295253.0,1398913.0,8295253.0,8.295253,1,0.5403,0.7,2108
2025-03-24,0.00657,-0.002112,-0.008682,-0.002112,9356322.0,1395958.0,8356322.0,8.356322,1,0.5405,0.7,2109
2025-03-25,-0.002672,-0.001544,0.001127,-0.001544,9331326.0,1393803.0,8331326.0,8.331326,0,0.5403,0.65,2110
2025-03-26,0.001071,-0.005954,-0.007025,-0.005954,9341322.0,1385504.0,8341322.0,8.341322,1,0.5405,0.65,2111
2025-03-27,-0.002807,0.002444,0.00525,0.002444,9315103.0,1388889.0,8315103.0,8.315103,0,0.5402,0.6,2112
2025-03-28,0.012218,0.000613,-0.011605,0.000613,9428915.0,1389741.0,8428915.0,8.428915,1,0.5405,0.6,2113
2025-03-31,0.015129,-0.009383,-0.024513,-0.009383,9571569.0,1376701.0,8571569.0,8.571569,1,0.5407,0.65,2114
2025-04-01,0.013029,-0.000164,-0.013193,-0.000164,9696274.0,1376475.0,8696274.0,8.696274,1,0.5409,0.7,2115
2025-04-02,0.01401,-0.013888,-0.027898,-0.013888,9832119.0,1357358.0,8832119.0,8.832119,1,0.5411,0.7,2116
2025-04-03,-0.03173,-0.00968,0.022051,-0.00968,9520144.0,1344220.0,8520144.0,8.520144,0,0.5409,0.65,2117
2025-04-04,0.03801,0.016817,-0.021193,0.016817,9882007.0,1366825.0,8882007.0,8.882007,1,0.5411,0.65,2118
2025-04-07,-0.029363,0.010096,0.039459,0.010096,9591839.0,1380624.0,8591839.0,8.591839,0,0.5408,0.65,2119
2025-04-08,-0.016895,0.003339,0.020233,0.003339,9429789.0,1385234.0,8429789.0,8.429789,0,0.5406,0.6,2120
2025-04-09,0.017136,-0.013535,-0.030671,-0.013535,9591381.0,1366485.0,8591381.0,8.591381,1,0.5408,0.65,2121
2025-04-10,-0.030685,-0.03313,-0.002446,-0.03313,9297074.0,1321213.0,8297074.0,8.297074,0,0.5405,0.6,2122
2025-04-11,0.002436,0.002478,4.2e-05,0.002478,9319725.0,1324486.0,8319725.0,8.319725,1,0.5407,0.6,2123
2025-04-14,-0.010788,-0.004509,0.006278,-0.004509,9219187.0,1318514.0,8219187.0,8.219187,0,0.5405,0.6,2124
2025-04-15,0.002113,-0.006814,-0.008927,-0.006814,9238672.0,1309530.0,8238672.0,8.238672,1,0.5407,0.6,2125
2025-04-16,-0.021584,-0.019004,0.00258,-0.019004,9039263.0,1284644.0,8039263.0,8.039263,0,0.5405,0.55,2126
2025-04-17,0.024856,0.023581,-0.001275,0.023581,9263945.0,1314937.0,8263945.0,8.263945,1,0.5407,0.6,2127
2025-04-21,-0.010395,-0.014111,-0.003716,-0.014111,9167651.0,1296382.0,8167651.0,8.167651,0,0.5404,0.55,2128
2025-04-22,0.001985,0.011883,0.009898,0.011883,9185849.0,1311787.0,8185849.0,8.185849,1,0.5406,0.55,2129
2025-04-23,0.004815,0.001826,-0.002989,0.001826,9230079.0,1314183.0,8230079.0,8.230079,1,0.5408,0.6,2130
2025-04-24,-0.007677,-0.017129,-0.009452,-0.017129,9159218.0,1291672.0,8159218.0,8.159218,0,0.5406,0.55,2131
2025-04-25,0.0024,-0.001876,-0.004275,-0.001876,9181196.0,1289249.0,8181196.0,8.181196,1,0.5408,0.6,2132
2025-04-28,-0.004047,-0.004529,-0.000481,-0.004529,9144037.0,1283411.0,8144037.0,8.144037,0,0.5406,0.55,2133
2025-04-30,-0.002299,0.000578,0.002877,0.000578,9123017.0,1284153.0,8123017.0,8.123017,0,0.5403,0.5,2134
2025-05-01,0.007181,0.001902,-0.005279,0.001902,9188527.0,1286595.0,8188527.0,8.188527,1,0.5405,0.5,2135
2025-05-02,-0.010936,-0.010759,0.000177,-0.010759,9088039.0,1272752.0,8088039.0,8.088039,0,0.5403,0.45,2136
2025-05-07,0.017831,0.013403,-0.004428,0.013403,9250087.0,1289811.0,8250087.0,8.250087,1,0.5405,0.5,2137
2025-05-08,-0.011308,-0.010895,0.000413,-0.010895,9145483.0,1275758.0,8145483.0,8.145483,0,0.5402,0.45,2138
2025-05-09,0.01875,0.011102,-0.007647,0.011102,9316959.0,1289922.0,8316959.0,8.316959,1,0.5404,0.5,2139
2025-05-12,0.013447,-0.005305,-0.018752,-0.005305,9442243.0,1283079.0,8442243.0,8.442243,1,0.5407,0.55,2140
2025-05-13,0.000762,-0.010348,-0.01111,-0.010348,9449443.0,1269802.0,8449443.0,8.449443,1,0.5409,0.55,2141
2025-05-14,0.004463,-0.003821,-0.008284,-0.003821,9491619.0,1264950.0,8491619.0,8.491619,1,0.5411,0.6,2142
2025-05-15,-0.013064,-0.006449,0.006615,-0.006449,9367621.0,1256792.0,8367621.0,8.367621,0,0.5408,0.55,2143
2025-05-16,0.008714,0.001644,-0.00707,0.001644,9449253.0,1258858.0,8449253.0,8.449253,1,0.541,0.6,2144
2025-05-19,0.017057,0.013704,-0.003353,0.013704,9610425.0,1276109.0,8610425.0,8.610425,1,0.5413,0.6,2145
2025-05-20,-0.018763,-0.018854,-9.2e-05,-0.018854,9430109.0,1252049.0,8430109.0,8.430109,0,0.541,0.6,2146
2025-05-21,0.000828,-0.00088,-0.001708,-0.00088,9437921.0,1250948.0,8437921.0,8.437921,1,0.5412,0.6,2147
2025-05-22,-0.004612,-0.003659,0.000953,-0.003659,9394395.0,1246370.0,8394395.0,8.394395,0,0.541,0.6,2148
2025-05-23,0.002331,0.00282,0.000489,0.00282,9416292.0,1249885.0,8416292.0,8.416292,1,0.5412,0.6,2149
2025-05-27,-0.006909,0.001299,0.008208,0.001299,9351237.0,1251509.0,8351237.0,8.351237,0,0.5409,0.55,2150
2025-05-28,-0.00112,-0.005113,-0.003992,-0.005113,9340761.0,1245111.0,8340761.0,8.340761,0,0.5407,0.55,2151
2025-05-29,0.010311,0.009001,-0.00131,0.009001,9437072.0,1256318.0,8437072.0,8.437072,1,0.5409,0.55,2152
2025-05-30,-0.001646,0.00621,0.007856,0.00621,9421540.0,1264120.0,8421540.0,8.42154,0,0.5406,0.55,2153
2025-06-02,-0.000821,0.000981,0.001802,0.000981,9413804.0,1265359.0,8413804.0,8.413804,0,0.5404,0.55,2154
2025-06-03,0.00777,0.000787,-0.006982,0.000787,9486948.0,1266356.0,8486948.0,8.486948,1,0.5406,0.55,2155
2025-06-04,0.002113,0.002721,0.000608,0.002721,9506996.0,1269801.0,8506996.0,8.506996,1,0.5408,0.6,2156
2025-06-05,-0.000202,-0.005131,-0.004929,-0.005131,9505076.0,1263286.0,8505076.0,8.505076,0,0.5406,0.55,2157
2025-06-06,0.001857,-0.000409,-0.002266,-0.000409,9522731.0,1262770.0,8522731.0,8.522731,1,0.5408,0.6,2158
2025-06-09,-0.000392,-0.002501,-0.002109,-0.002501,9518994.0,1259611.0,8518994.0,8.518994,0,0.5405,0.55,2159
2025-06-10,-0.008268,-0.006312,0.001956,-0.006312,9440289.0,1251660.0,8440289.0,8.440289,0,0.5403,0.5,2160
2025-06-11,0.004927,0.001179,-0.003748,0.001179,9486797.0,1253136.0,8486797.0,8.486797,1,0.5405,0.5,2161
2025-06-12,-0.006668,-0.001584,0.005085,-0.001584,9423535.0,1251151.0,8423535.0,8.423535,0,0.5402,0.45,2162
2025-06-13,0.002308,-0.001262,-0.003569,-0.001262,9445281.0,1249573.0,8445281.0,8.445281,1,0.5405,0.5,2163
2025-06-16,-0.011854,-0.007994,0.00386,-0.007994,9333313.0,1239583.0,8333313.0,8.333313,0,0.5402,0.45,2164
2025-06-17,0.007266,0.004806,-0.002461,0.004806,9401133.0,1245541.0,8401133.0,8.401133,1,0.5404,0.45,2165
2025-06-18,-0.0011,0.013727,0.014827,0.013727,9390789.0,1262638.0,8390789.0,8.390789,0,0.5402,0.45,2166
2025-06-20,-0.001082,-0.005347,-0.004265,-0.005347,9380624.0,1255886.0,8380624.0,8.380624,0,0.5399,0.4,2167
2025-06-23,0.005073,-0.001262,-0.006335,-0.001262,9428208.0,1254301.0,8428208.0,8.428208,1,0.5401,0.45,2168
2025-06-24,-0.001813,-0.005408,-0.003596,-0.005408,9411119.0,1247517.0,8411119.0,8.411119,0,0.5399,0.4,2169
2025-06-25,-0.004432,-0.008075,-0.003642,-0.008075,9369407.0,1237444.0,8369407.0,8.369407,0,0.5396,0.4,2170
2025-06-26,-0.001532,0.003379,0.004911,0.003379,9355056.0,1241625.0,8355056.0,8.355056,0,0.5394,0.4,2171
2025-06-27,0.006188,0.006161,-2.6e-05,0.006161,9412940.0,1249276.0,8412940.0,8.41294,1,0.5396,0.4,2172
2025-06-30,0.010463,0.005032,-0.005432,0.005032,9511430.0,1255562.0,8511430.0,8.51143,1,0.5398,0.45,2173
2025-07-01,0.006757,0.003041,-0.003715,0.003041,9575695.0,1259380.0,8575695.0,8.575695,1,0.54,0.5,2174
2025-07-02,-0.00039,0.005882,0.006272,0.005882,9571962.0,1266788.0,8571962.0,8.571962,0,0.5398,0.45,2175
2025-07-03,0.006457,0.003143,-0.003314,0.003143,9633765.0,1270770.0,8633765.0,8.633765,1,0.54,0.45,2176
2025-07-07,0.007597,-0.002874,-0.010471,-0.002874,9706951.0,1267118.0,8706951.0,8.706951,1,0.5402,0.5,2177
2025-07-08,-0.013311,-0.004775,0.008536,-0.004775,9577739.0,1261067.0,8577739.0,8.577739,0,0.5399,0.45,2178
2025-07-09,0.00232,0.001885,-0.000434,0.001885,9599955.0,1263444.0,8599955.0,8.599955,1,0.5402,0.5,2179
2025-07-10,-0.001756,-0.009701,-0.007945,-0.009701,9583101.0,1251188.0,8583101.0,8.583101,0,0.5399,0.5,2180
2025-07-11,-0.010375,-0.006962,0.003412,-0.006962,9483681.0,1242477.0,8483681.0,8.483681,0,0.5397,0.45,2181
2025-07-14,-0.005243,0.000146,0.005388,0.000146,9433961.0,1242658.0,8433961.0,8.433961,0,0.5394,0.45,2182
2025-07-15,-0.005489,-0.004788,0.0007,-0.004788,9382183.0,1236708.0,8382183.0,8.382183,0,0.5392,0.4,2183
2025-07-16,0.003705,0.002018,-0.001687,0.002018,9416942.0,1239203.0,8416942.0,8.416942,1,0.5394,0.45,2184
2025-07-17,-0.00343,0.001961,0.005391,0.001961,9384637.0,1241633.0,8384637.0,8.384637,0,0.5391,0.4,2185
2025-07-18,-0.003043,-0.007368,-0.004325,-0.007368,9356077.0,1232485.0,8356077.0,8.356077,0,0.5389,0.4,2186
2025-07-22,-0.006374,-0.005358,0.001016,-0.005358,9296445.0,1225882.0,8296445.0,8.296445,0,0.5386,0.4,2187
2025-07-23,0.00843,0.021288,0.012858,0.021288,9374810.0,1251978.0,8374810.0,8.37481,1,0.5388,0.4,2188
2025-07-24,0.002003,0.008341,0.006338,0.008341,9393583.0,1262420.0,8393583.0,8.393583,1,0.5391,0.45,2189
2025-07-25,0.002547,-0.001137,-0.003683,-0.001137,9417507.0,1260985.0,8417507.0,8.417507,1,0.5393,0.5,2190
2025-07-28,-0.011251,-0.011223,2.8e-05,-0.011223,9311552.0,1246834.0,8311552.0,8.311552,0,0.539,0.5,2191
2025-07-29,0.001631,-0.00281,-0.004441,-0.00281,9326742.0,1243331.0,8326742.0,8.326742,1,0.5392,0.5,2192
2025-07-30,0.003695,0.00685,0.003156,0.00685,9361200.0,1251848.0,8361200.0,8.3612,1,0.5394,0.5,2193
2025-07-31,-0.009368,0.001099,0.010467,0.001099,9273503.0,1253223.0,8273503.0,8.273503,0,0.5392,0.45,2194
2025-08-01,0.009743,0.010018,0.000275,0.010018,9363852.0,1265778.0,8363852.0,8.363852,1,0.5394,0.5,2195
2025-08-04,-0.006317,0.00569,0.012007,0.00569,9304699.0,1272980.0,8304699.0,8.304699,0,0.5392,0.45,2196
2025-08-05,0.002462,0.00469,0.002228,0.00469,9327609.0,1278950.0,8327609.0,8.327609,1,0.5394,0.45,2197
2025-08-06,0.003046,0.011346,0.0083,0.011346,9356020.0,1293461.0,8356020.0,8.35602,1,0.5396,0.5,2198
2025-08-07,-0.006106,0.003693,0.009799,0.003693,9298890.0,1298238.0,8298890.0,8.29889,0,0.5393,0.45,2199
2025-08-08,0.000262,0.002697,0.002434,0.002697,9301329.0,1301739.0,8301329.0,8.301329,1,0.5395,0.5,2200
2025-08-12,0.009864,0.01209,0.002225,0.01209,9393080.0,1317477.0,8393080.0,8.39308,1,0.5398,0.55,2201
2025-08-13,-0.00182,-8.3e-05,0.001738,-8.3e-05,9375982.0,1317368.0,8375982.0,8.375982,0,0.5395,0.55,2202
2025-08-14,-0.004996,-0.008192,-0.003197,-0.008192,9329143.0,1306576.0,8329143.0,8.329143,0,0.5393,0.55,2203
2025-08-15,0.019406,0.021683,0.002277,0.021683,9510188.0,1334907.0,8510188.0,8.510188,1,0.5395,0.55,2204
2025-08-18,-0.000312,-0.002106,-0.001794,-0.002106,9507224.0,1332096.0,8507224.0,8.507224,0,0.5392,0.55,2205
2025-08-19,0.010317,0.002049,-0.008268,0.002049,9605313.0,1334825.0,8605313.0,8.605313,1,0.5394,0.6,2206
2025-08-20,-0.007543,-0.000115,0.007429,-0.000115,9532857.0,1334672.0,8532857.0,8.532857,0,0.5392,0.6,2207
2025-08-21,0.007362,-0.001897,-0.009259,-0.001897,9603033.0,1332140.0,8603033.0,8.603033,1,0.5394,0.6,2208
2025-08-22,0.002668,0.006796,0.004128,0.006796,9628656.0,1341193.0,8628656.0,8.628656,1,0.5396,0.6,2209
2025-08-25,0.005634,-0.004741,-0.010375,-0.004741,9682908.0,1334835.0,8682908.0,8.682908,1,0.5398,0.6,2210
2025-08-26,-0.00109,-0.008892,-0.007803,-0.008892,9672356.0,1322965.0,8672356.0,8.672356,0,0.5396,0.6,2211
2025-08-27,-0.003334,-0.002559,0.000774,-0.002559,9640113.0,1319579.0,8640113.0,8.640113,0,0.5393,0.55,2212
2025-08-28,0.00832,0.011058,0.002737,0.011058,9720324.0,1334170.0,8720324.0,8.720324,1,0.5395,0.55,2213
2025-08-29,0.00171,-0.005404,-0.007114,-0.005404,9736945.0,1326960.0,8736945.0,8.736945,1,0.5397,0.6,2214
2025-09-02,0.010017,0.009132,-0.000884,0.009132,9834476.0,1339078.0,8834476.0,8.834476,1,0.54,0.6,2215
2025-09-03,0.008075,-0.00308,-0.011155,-0.00308,9913890.0,1334954.0,8913890.0,8.91389,1,0.5402,0.65,2216
2025-09-04,0.000706,0.007443,0.006737,0.007443,9920887.0,1344890.0,8920887.0,8.920887,1,0.5404,0.65,2217
2025-09-05,-0.000872,0.000721,0.001593,0.000721,9912235.0,1345860.0,8912235.0,8.912235,0,0.5401,0.6,2218
2025-09-08,-0.002848,-0.000173,0.002675,-0.000173,9884002.0,1345627.0,8884002.0,8.884002,0,0.5399,0.6,2219
2025-09-09,0.000954,-0.01098,-0.011934,-0.01098,9893432.0,1330852.0,8893432.0,8.893432,1,0.5401,0.6,2220
2025-09-10,-0.011568,-0.003178,0.00839,-0.003178,9778981.0,1326622.0,8778981.0,8.778981,0,0.5398,0.55,2221
2025-09-11,0.000141,-0.001643,-0.001784,-0.001643,9780357.0,1324442.0,8780357.0,8.780357,1,0.5401,0.6,2222
2025-09-12,0.002123,-0.002914,-0.005037,-0.002914,9801119.0,1320582.0,8801119.0,8.801119,1,0.5403,0.65,2223
2025-09-16,-0.00374,-0.002192,0.001548,-0.002192,9764464.0,1317688.0,8764464.0,8.764464,0,0.54,0.6,2224
2025-09-17,0.000505,-0.001252,-0.001757,-0.001252,9769395.0,1316038.0,8769395.0,8.769395,1,0.5402,0.65,2225
2025-09-18,0.005273,0.008365,0.003092,0.008365,9820905.0,1327047.0,8820905.0,8.820905,1,0.5404,0.65,2226
2025-09-19,0.002203,-0.009126,-0.011329,-0.009126,9842545.0,1314937.0,8842545.0,8.842545,1,0.5406,0.7,2227
2025-09-22,-0.015019,-0.005901,0.009119,-0.005901,9694717.0,1307177.0,8694717.0,8.694717,0,0.5404,0.65,2228
2025-09-24,-0.001257,0.002419,0.003675,0.002419,9682534.0,1310339.0,8682534.0,8.682534,0,0.5402,0.6,2229
2025-09-25,-0.004727,-0.002497,0.00223,-0.002497,9636765.0,1307067.0,8636765.0,8.636765,0,0.5399,0.55,2230
2025-09-26,-0.001177,0.003332,0.004509,0.003332,9625424.0,1311422.0,8625424.0,8.625424,0,0.5397,0.55,2231
2025-09-29,-0.005943,-0.019311,-0.013367,-0.019311,9568218.0,1286098.0,8568218.0,8.568218,0,0.5394,0.55,2232
2025-09-30,0.003912,-0.001263,-0.005175,-0.001263,9605645.0,1284474.0,8605645.0,8.605645,1,0.5396,0.55,2233
2025-10-01,0.001587,-0.007422,-0.009009,-0.007422,9620887.0,1274940.0,8620887.0,8.620887,1,0.5398,0.55,2234
2025-10-02,-0.019462,-0.017232,0.00223,-0.017232,9433646.0,1252971.0,8433646.0,8.433646,0,0.5396,0.5,2235
2025-10-03,-0.005682,0.003829,0.009511,0.003829,9380042.0,1257768.0,8380042.0,8.380042,0,0.5394,0.45,2236
2025-10-06,0.013266,0.003995,-0.009271,0.003995,9504475.0,1262793.0,8504475.0,8.504475,1,0.5396,0.45,2237
2025-10-07,0.010483,-0.000417,-0.010901,-0.000417,9604113.0,1262266.0,8604113.0,8.604113,1,0.5398,0.5,2238
2025-10-08,-0.007923,-0.005295,0.002627,-0.005295,9528024.0,1255582.0,8528024.0,8.528024,0,0.5395,0.5,2239
2025-10-09,-0.00362,0.001198,0.004818,0.001198,9493533.0,1257086.0,8493533.0,8.493533,0,0.5393,0.45,2240
2025-10-10,0.012656,-0.005472,-0.018128,-0.005472,9613680.0,1250207.0,8613680.0,8.61368,1,0.5395,0.5,2241
2025-10-14,0.018237,0.005628,-0.012609,0.005628,9789001.0,1257243.0,8789001.0,8.789001,1,0.5397,0.5,2242
2025-10-15,0.011965,0.014483,0.002518,0.014483,9906124.0,1275451.0,8906124.0,8.906124,1,0.5399,0.5,2243
2025-10-16,0.00994,0.003216,-0.006724,0.003216,10004587.0,1279552.0,9004587.0,9.004587,1,0.5401,0.55,2244
2025-10-17,0.010524,-0.001916,-0.01244,-0.001916,10109871.0,1277100.0,9109871.0,9.109871,1,0.5403,0.55,2245
2025-10-20,0.014926,0.016501,0.001574,0.016501,10260773.0,1298173.0,9260773.0,9.260773,1,0.5405,0.55,2246
2025-10-21,-0.003787,-0.003396,0.00039,-0.003396,10221918.0,1293764.0,9221918.0,9.221918,0,0.5403,0.5,2247
2025-10-22,-0.009561,-0.000595,0.008966,-0.000595,10124188.0,1292994.0,9124188.0,9.124188,0,0.54,0.5,2248
2025-10-23,-0.003947,0.004426,0.008373,0.004426,10084229.0,1298716.0,9084229.0,9.084229,0,0.5398,0.5,2249
2025-10-27,0.008737,0.008684,-5.3e-05,0.008684,10172335.0,1309994.0,9172335.0,9.172335,1,0.54,0.55,2250
2025-10-28,0.014589,-0.007537,-0.022126,-0.007537,10320735.0,1300121.0,9320735.0,9.320735,1,0.5402,0.6,2251
2025-10-29,0.011348,-0.003775,-0.015123,-0.003775,10437857.0,1295213.0,9437857.0,9.437857,1,0.5404,0.65,2252
2025-10-30,-0.010641,0.00216,0.012802,0.00216,10326786.0,1298011.0,9326786.0,9.326786,0,0.5402,0.6,2253
2025-10-31,-0.019667,-0.002629,0.017037,-0.002629,10123692.0,1294598.0,9123692.0,9.123692,0,0.5399,0.55,2254
2025-11-04,0.008775,0.005253,-0.003521,0.005253,10212523.0,1301399.0,9212523.0,9.212523,1,0.5401,0.6,2255
2025-11-05,-0.007269,0.002693,0.009962,0.002693,10138292.0,1304904.0,9138292.0,9.138292,0,0.5399,0.6,2256
2025-11-06,0.007365,0.012522,0.005157,0.012522,10212959.0,1321244.0,9212959.0,9.212959,1,0.5401,0.6,2257
2025-11-07,-0.006882,-0.00202,0.004862,-0.00202,10142673.0,1318575.0,9142673.0,9.142673,0,0.5399,0.55,2258
2025-11-10,0.00445,0.000533,-0.003917,0.000533,10187808.0,1319277.0,9187808.0,9.187808,1,0.5401,0.6,2259
2025-11-11,-0.017409,-0.011804,0.005605,-0.011804,10010453.0,1303705.0,9010453.0,9.010453,0,0.5398,0.6,2260
2025-11-12,-0.01145,0.002371,0.01382,0.002371,9895838.0,1306795.0,8895838.0,8.895838,0,0.5396,0.55,2261
2025-11-13,-0.005484,0.001248,0.006731,0.001248,9841571.0,1308426.0,8841571.0,8.841571,0,0.5393,0.5,2262
2025-11-14,0.001658,0.01025,0.008592,0.01025,9857888.0,1321837.0,8857888.0,8.857888,1,0.5395,0.5,2263
2025-11-17,-0.010859,-0.004799,0.006061,-0.004799,9750838.0,1315494.0,8750838.0,8.750838,0,0.5393,0.45,2264
2025-11-18,0.021099,-0.005255,-0.026354,-0.005255,9956572.0,1308581.0,8956572.0,8.956572,1,0.5395,0.45,2265
2025-11-19,0.002657,0.004561,0.001905,0.004561,9983025.0,1314550.0,8983025.0,8.983025,1,0.5397,0.45,2266
2025-11-20,0.00523,-0.009837,-0.015067,-0.009837,10035233.0,1301618.0,9035233.0,9.035233,1,0.5399,0.5,2267
2025-11-21,0.003252,0.013486,0.010234,0.013486,10067869.0,1319172.0,9067869.0,9.067869,1,0.5401,0.55,2268
2025-11-25,-0.003511,-0.007733,-0.004222,-0.007733,10032521.0,1308971.0,9032521.0,9.032521,0,0.5399,0.55,2269
2025-11-26,0.000494,0.016162,0.015668,0.016162,10037479.0,1330127.0,9037479.0,9.037479,1,0.5401,0.55,2270
2025-11-28,-0.005239,0.001437,0.006677,0.001437,9984891.0,1332039.0,8984891.0,8.984891,0,0.5399,0.5,2271
2025-12-01,-0.000292,-0.008854,-0.008562,-0.008854,9981978.0,1320245.0,8981978.0,8.981978,0,0.5396,0.45,2272
2025-12-02,0.001589,-0.007137,-0.008727,-0.007137,9997841.0,1310822.0,8997841.0,8.997841,1,0.5398,0.5,2273
2025-12-03,0.000332,-0.008759,-0.009091,-0.008759,10001161.0,1299341.0,9001161.0,9.001161,1,0.54,0.55,2274
2025-12-04,0.011018,0.01779,0.006772,0.01779,10111356.0,1322456.0,9111356.0,9.111356,1,0.5402,0.55,2275
2025-12-05,0.001508,-0.005316,-0.006824,-0.005316,10126601.0,1315426.0,9126601.0,9.126601,1,0.5404,0.6,2276
2025-12-08,0.003649,0.001933,-0.001716,0.001933,10163552.0,1317969.0,9163552.0,9.163552,1,0.5406,0.6,2277
2025-12-09,0.003083,-0.000628,-0.003711,-0.000628,10194882.0,1317141.0,9194882.0,9.194882,1,0.5408,0.65,2278
2025-12-10,-0.005411,-0.003724,0.001688,-0.003724,10139715.0,1312236.0,9139715.0,9.139715,0,0.5406,0.6,2279
2025-12-11,0.001939,-0.009318,-0.011257,-0.009318,10159375.0,1300009.0,9159375.0,9.159375,1,0.5408,0.65,2280
2025-12-12,0.018084,0.008251,-0.009833,0.008251,10343100.0,1310735.0,9343100.0,9.3431,1,0.541,0.7,2281
2025-12-15,-0.004657,0.008756,0.013413,0.008756,10294937.0,1322213.0,9294937.0,9.294937,0,0.5408,0.7,2282
2025-12-16,0.009782,-0.013654,-0.023436,-0.013654,10395645.0,1304159.0,9395645.0,9.395645,1,0.541,0.7,2283
2025-12-17,-0.001604,-0.007483,-0.005878,-0.007483,10378969.0,1294401.0,9378969.0,9.378969,0,0.5407,0.7,2284
2025-12-18,-0.01006,-0.00072,0.00934,-0.00072,10274560.0,1293469.0,9274560.0,9.27456,0,0.5405,0.65,2285
2025-12-19,0.000435,0.006066,0.005632,0.006066,10279027.0,1301316.0,9279027.0,9.279027,1,0.5407,0.65,2286
2025-12-22,0.015065,0.000637,-0.014428,0.000637,10433880.0,1302145.0,9433880.0,9.43388,1,0.5409,0.65,2287
2025-12-23,-0.006514,-0.003014,0.0035,-0.003014,10365912.0,1298220.0,9365912.0,9.365912,0,0.5406,0.6,2288
2025-12-24,-0.001333,-0.005592,-0.004259,-0.005592,10352092.0,1290961.0,9352092.0,9.352092,0,0.5404,0.6,2289
2025-12-26,-0.002322,-0.003174,-0.000852,-0.003174,10328059.0,1286864.0,9328059.0,9.328059,0,0.5402,0.55,2290
2025-12-29,0.006484,0.003203,-0.00328,0.003203,10395023.0,1290986.0,9395023.0,9.395023,1,0.5404,0.6,2291
2025-12-30,0.000738,-0.00072,-0.001458,-0.00072,10402690.0,1290056.0,9402690.0,9.40269,1,0.5406,0.65,2292
2026-01-05,-0.001686,0.002926,0.004612,0.002926,10385152.0,1293831.0,9385152.0,9.385152,0,0.5403,0.6,2293
2026-01-06,0.011146,0.015629,0.004483,0.015629,10500910.0,1314053.0,9500910.0,9.50091,1,0.5405,0.6,2294
2026-01-07,-0.007296,-0.00976,-0.002464,-0.00976,10424295.0,1301228.0,9424295.0,9.424295,0,0.5403,0.55,2295
2026-01-08,0.009107,0.007602,-0.001506,0.007602,10519233.0,1311119.0,9519233.0,9.519233,1,0.5405,0.55,2296
2026-01-09,0.001586,0.005057,0.003471,0.005057,10535913.0,1317749.0,9535913.0,9.535913,1,0.5407,0.55,2297
2026-01-13,0.009764,-0.003731,-0.013495,-0.003731,10638786.0,1312833.0,9638786.0,9.638786,1,0.5409,0.55,2298
2026-01-14,-0.012655,-0.004798,0.007857,-0.004798,10504153.0,1306534.0,9504153.0,9.504153,0,0.5407,0.55,2299
2026-01-15,0.009753,0.008119,-0.001634,0.008119,10606599.0,1317142.0,9606599.0,9.606599,1,0.5409,0.55,2300
2026-01-16,-0.009845,-0.006634,0.00321,-0.006634,10502179.0,1308403.0,9502179.0,9.502179,0,0.5406,0.5,2301
2026-01-20,-0.01496,-0.008723,0.006236,-0.008723,10345069.0,1296989.0,9345069.0,9.345069,0,0.5404,0.5,2302
2026-01-21,-0.014539,-0.006154,0.008385,-0.006154,10194662.0,1289008.0,9194662.0,9.194662,0,0.5402,0.45,2303
2026-01-22,0.003131,-0.000749,-0.00388,-0.000749,10226582.0,1288042.0,9226582.0,9.226582,1,0.5404,0.5,2304
2026-01-23,-0.000389,0.001354,0.001743,0.001354,10222607.0,1289786.0,9222607.0,9.222607,0,0.5401,0.5,2305
2026-01-26,0.002532,-0.001587,-0.004119,-0.001587,10248496.0,1287739.0,9248496.0,9.248496,1,0.5403,0.5,2306
2026-01-27,-0.014562,-0.00536,0.009203,-0.00536,10099254.0,1280838.0,9099254.0,9.099254,0,0.5401,0.45,2307
2026-01-28,-0.016055,-0.013889,0.002166,-0.013889,9937108.0,1263048.0,8937108.0,8.937108,0,0.5399,0.45,2308
2026-01-29,-0.002607,0.000787,0.003394,0.000787,9911200.0,1264042.0,8911200.0,8.9112,0,0.5396,0.45,2309
2026-01-30,-0.011858,0.001329,0.013187,0.001329,9793673.0,1265722.0,8793673.0,8.793673,0,0.5394,0.45,2310
2026-02-02,0.024302,-0.003805,-0.028107,-0.003805,10031679.0,1260907.0,9031679.0,9.031679,1,0.5396,0.45,2311
2026-02-03,-0.013491,0.004419,0.01791,0.004419,9896342.0,1266479.0,8896342.0,8.896342,0,0.5394,0.4,2312
2026-02-04,-0.002127,0.00616,0.008287,0.00616,9875290.0,1274280.0,8875290.0,8.87529,0,0.5391,0.4,2313
2026-02-05,-0.025695,-0.012392,0.013304,-0.012392,9621540.0,1258489.0,8621540.0,8.62154,0,0.5389,0.35,2314
2026-02-06,-0.022551,0.005068,0.027618,0.005068,9404567.0,1264867.0,8404567.0,8.404567,0,0.5387,0.35,2315
2026-02-09,-0.015544,-0.018681,-0.003137,-0.018681,9258383.0,1241238.0,8258383.0,8.258383,0,0.5384,0.3,2316
2026-02-10,0.012757,0.011291,-0.001466,0.011291,9376493.0,1255253.0,8376493.0,8.376493,1,0.5386,0.3,2317
2026-02-12,0.010294,0.007959,-0.002335,0.007959,9473017.0,1265243.0,8473017.0,8.473017,1,0.5388,0.3,2318
2026-02-13,0.039209,0.011776,-0.027433,0.011776,9844442.0,1280143.0,8844442.0,8.844442,1,0.539,0.35,2319
2026-02-17,0.012954,0.000818,-0.012136,0.000818,9971966.0,1281190.0,8971966.0,8.971966,1,0.5392,0.35,2320
2026-02-18,0.003381,0.005359,0.001978,0.005359,10005680.0,1288056.0,9005680.0,9.00568,1,0.5394,0.4,2321
2026-02-19,-0.000622,0.003339,0.003961,0.003339,9999454.0,1292357.0,8999454.0,8.999454,0,0.5392,0.4,2322
2026-02-20,0.000947,-0.005107,-0.006054,-0.005107,10008925.0,1285756.0,9008925.0,9.008925,1,0.5394,0.45,2323
2026-02-24,-0.007659,-0.005472,0.002187,-0.005472,9932262.0,1278720.0,8932262.0,8.932262,0,0.5392,0.4,2324
2026-02-25,0.006601,0.004352,-0.002249,0.004352,9997826.0,1284285.0,8997826.0,8.997826,1,0.5394,0.45,2325
2026-02-26,-0.009963,-0.004962,0.005001,-0.004962,9898218.0,1277913.0,8898218.0,8.898218,0,0.5391,0.4,2326
2026-02-27,0.005506,0.011821,0.006315,0.011821,9952714.0,1293019.0,8952714.0,8.952714,1,0.5393,0.45,2327
2026-03-02,0.003057,-0.011712,-0.014769,-0.011712,9983139.0,1277875.0,8983139.0,8.983139,1,0.5395,0.5,2328
2026-03-03,-0.011859,-0.031102,-0.019243,-0.031102,9864751.0,1238130.0,8864751.0,8.864751,0,0.5393,0.5,2329
2026-03-04,0.014082,-0.014488,-0.02857,-0.014488,10003669.0,1220193.0,9003669.0,9.003669,1,0.5395,0.55,2330
2026-03-05,-0.011229,-0.019262,-0.008032,-0.019262,9891335.0,1196690.0,8891335.0,8.891335,0,0.5393,0.5,2331
2026-03-06,-0.002973,0.002516,0.00549,0.002516,9861928.0,1199701.0,8861928.0,8.861928,0,0.539,0.5,2332
2026-03-09,0.021185,0.030478,0.009293,0.030478,10070855.0,1236266.0,9070855.0,9.070855,1,0.5392,0.55,2333
2026-03-10,-0.013341,-0.010294,0.003047,-0.010294,9936502.0,1223539.0,8936502.0,8.936502,0,0.539,0.55,2334
2026-03-11,-0.002807,-0.000778,0.002029,-0.000778,9908607.0,1222588.0,8908607.0,8.908607,0,0.5388,0.55,2335
2026-03-12,0.001537,-0.006313,-0.00785,-0.006313,9923835.0,1214869.0,8923835.0,8.923835,1,0.539,0.6,2336
2026-03-13,0.010445,0.012338,0.001893,0.012338,10027492.0,1229858.0,9027492.0,9.027492,1,0.5392,0.6,2337
2026-03-16,0.006273,0.002175,-0.004098,0.002175,10090393.0,1232533.0,9090393.0,9.090393,1,0.5393,0.6,2338
2026-03-17,0.006869,0.00241,-0.004459,0.00241,10159709.0,1235503.0,9159709.0,9.159709,1,0.5395,0.6,2339
2026-03-18,0.012521,0.016502,0.003981,0.016502,10286916.0,1255891.0,9286916.0,9.286916,1,0.5397,0.6,2340
2026-03-19,0.005818,-0.006714,-0.012532,-0.006714,10346768.0,1247460.0,9346768.0,9.346768,1,0.5399,0.6,2341
