date,signal_strength,signal_spread,signal_food,signal_energy,signal_construction,signal_materials,signal_pharma,signal_auto,signal_steel,signal_machinery,signal_electronics,signal_it_services,signal_utilities,signal_transport,signal_trading,signal_retail,signal_banks,signal_finance,signal_realestate,rank_retail,rank_utilities,rank_pharma,rank_food,rank_materials,rank_it_services,rank_realestate,rank_construction,rank_auto,rank_steel,rank_machinery,rank_finance,rank_transport,rank_electronics,rank_trading,rank_energy,rank_banks
2016-05-16,0.172689,0.154604,0.07376,-0.065922,0.002107,0.021133,0.081693,-0.003264,-0.003453,-0.004924,-0.060264,0.010225,0.08234,-0.025089,-0.061169,0.083032,-0.089657,-0.014145,0.003665,1,2,3,4,5,6,7,8,9,10,11,12,13,14,15,16,17
2016-05-17,0.032679,0.022614,0.004994,-0.004892,-8.9e-05,-0.014234,-0.003979,-0.001429,0.001024,0.001784,-0.009215,-0.003956,-0.005462,0.018445,-0.008134,-0.003477,0.009848,0.007968,-0.00128,10,14,12,4,17,11,8,7,9,6,5,3,1,16,15,13,2
2016-05-18,0.606452,0.576057,-0.307424,0.281017,-0.010055,0.019629,-0.272997,0.013434,0.015001,0.015251,0.299028,0.001839,-0.26424,-0.041269,0.289363,-0.278342,0.267791,-0.007423,-0.000921,16,14,15,17,5,9,10,12,8,7,6,11,13,1,2,3,4
2016-05-19,0.041435,0.036592,-0.018382,0.018133,-0.000589,0.014688,-0.003796,0.002138,0.003761,0.002465,0.021797,0.002003,-0.001892,-0.019638,0.019555,-0.012273,0.00358,-0.009995,0.00025,15,12,13,16,4,9,10,11,8,5,7,14,17,1,2,3,6
2016-05-20,0.289846,0.283426,0.144841,-0.134639,0.003667,0.003776,0.143676,-0.007506,-0.008933,-0.009536,-0.140229,-0.000726,0.138372,-0.001505,-0.137906,0.13862,-0.145006,-0.007692,0.000236,3,4,2,1,5,8,7,6,10,12,13,11,9,16,15,14,17
2016-05-23,0.016635,0.014215,0.002914,0.003956,0.002465,-0.005599,-0.006178,0.001611,-0.000398,0.000399,-0.000252,-0.00213,-0.006443,0.008865,0.002131,-0.002603,0.010192,0.005367,-0.000145,14,17,16,5,15,13,10,6,8,12,9,3,2,11,7,4,1
2016-05-24,0.278319,0.267985,-0.144793,0.1316,-0.005763,0.000608,-0.128954,0.004092,0.008603,0.0076,0.133526,-0.006235,-0.124903,-0.014022,0.131489,-0.133593,0.127455,-0.000749,-0.001124,16,14,15,17,8,12,10,11,7,5,6,9,13,1,3,2,4
2016-05-25,0.451889,0.425271,0.234874,-0.20792,0.009697,-0.011089,0.196013,-0.006817,-0.017748,-0.014757,-0.217015,0.004542,0.19057,0.030761,-0.210256,0.209736,-0.193395,0.006795,-0.000572,2,4,3,1,11,8,9,6,10,13,12,7,5,17,16,15,14
2016-05-26,0.282816,0.275586,-0.136547,0.138616,-0.001756,-0.009473,-0.137292,0.005607,0.008469,0.007951,0.13087,-0.010014,-0.133603,-0.000466,0.131685,-0.137096,0.145524,0.009373,-0.001002,16,14,17,15,12,13,10,11,8,6,7,5,9,4,3,2,1
2016-05-27,0.612185,0.600404,0.310797,-0.296349,0.011963,0.009081,0.295611,-0.012649,-0.028215,-0.0214,-0.295887,0.015331,0.284518,0.013831,-0.296405,0.300662,-0.301388,-0.008836,0.003199,2,4,3,1,8,5,9,7,11,13,12,10,6,14,16,15,17
2016-05-31,0.111614,0.106675,0.05768,-0.051304,0.002253,-0.001502,0.051167,-0.001718,-0.004192,-0.003912,-0.053934,0.000835,0.049296,0.004984,-0.053403,0.052538,-0.049837,0.001325,0.000209,2,4,3,1,10,8,9,6,11,13,12,7,5,17,16,15,14
2016-06-01,0.234901,0.230261,0.117242,-0.112303,0.00603,0.007998,0.115974,-0.002997,-0.010601,-0.00691,-0.110307,0.007007,0.110681,0.003666,-0.110645,0.11696,-0.117659,-0.005145,0.002741,2,4,3,1,5,6,9,7,10,13,12,11,8,14,15,16,17
2016-06-02,0.274771,0.269627,0.140063,-0.133432,0.004139,0.003495,0.131134,-0.004835,-0.012061,-0.009315,-0.131624,0.003542,0.12589,0.005556,-0.134706,0.134837,-0.134709,-0.003376,-0.00075,2,4,3,1,8,7,9,6,11,13,12,10,5,14,16,15,17
2016-06-03,0.102248,0.098513,0.052644,-0.048739,0.00092,-0.000207,0.047304,-0.000704,-0.003397,-0.00238,-0.048061,0.001013,0.044853,0.002725,-0.049604,0.049188,-0.046761,0.000429,-0.000936,2,4,3,1,9,6,11,7,10,13,12,8,5,15,17,16,14
2016-06-06,0.387641,0.381498,0.1935,-0.190935,0.005301,0.006461,0.185889,-0.007111,-0.01918,-0.013368,-0.185699,0.005898,0.176615,0.003107,-0.189523,0.190506,-0.194141,-0.008762,-0.001034,2,4,3,1,5,6,9,7,10,13,12,11,8,14,15,16,17
2016-06-07,0.337894,0.331875,-0.166497,0.162353,-0.004825,-0.011847,-0.166124,0.007995,0.019577,0.01509,0.162139,-0.009843,-0.154584,-0.001894,0.162804,-0.166449,0.171397,0.010474,-0.001299,16,14,15,17,13,12,9,11,8,5,6,7,10,4,2,3,1
2016-06-08,0.238124,0.234911,-0.120345,0.116247,-0.00271,-0.004064,-0.114795,0.004269,0.011016,0.008108,0.113944,-0.004916,-0.109742,-0.00167,0.115848,-0.119719,0.117779,0.004403,0.000482,16,14,15,17,12,13,9,11,8,5,6,7,10,4,3,2,1
2016-06-09,0.188766,0.183427,0.095824,-0.092942,0.00218,-5e-05,0.086027,-0.002249,-0.006307,-0.003224,-0.089237,-0.000493,0.082582,0.002504,-0.091961,0.093883,-0.089643,-0.00202,-0.003218,2,4,3,1,7,8,11,6,10,13,12,9,5,14,16,17,15
2016-06-10,0.465307,0.453914,0.228389,-0.221728,0.007051,0.012816,0.222941,-0.007306,-0.021433,-0.013462,-0.221952,0.007031,0.215238,0.001255,-0.223154,0.233123,-0.232185,-0.013127,-0.000898,1,4,3,2,5,7,9,6,10,13,12,11,8,15,16,14,17
2016-06-13,0.373292,0.360709,0.161025,-0.157382,0.001422,0.019198,0.181998,-0.005477,-0.0289,-0.017848,-0.173982,0.009679,0.178637,-0.007012,-0.174953,0.181264,-0.191293,-0.023365,0.000533,2,3,1,4,5,6,8,7,9,13,11,12,10,15,16,14,17
2016-06-14,0.159058,0.138102,-0.083091,0.075967,-0.003884,0.008107,-0.055956,0.001254,-0.007047,-0.004684,0.062101,0.006987,-0.053343,-0.00805,0.068114,-0.069077,0.056939,-0.008981,0.005753,16,14,15,17,5,6,7,9,8,11,10,13,12,3,2,1,4
2016-06-15,0.620591,0.606998,0.30476,-0.28941,0.008253,0.016735,0.302412,-0.004957,-0.030026,-0.013971,-0.294135,0.008505,0.29019,0.005269,-0.299097,0.312885,-0.307706,-0.01739,-0.002702,1,4,3,2,5,6,9,7,10,13,11,12,8,15,16,14,17
2016-06-16,0.453998,0.446848,-0.231716,0.215312,-0.009038,-0.008078,-0.21995,0.001358,0.015452,0.005985,0.214627,-0.003033,-0.210079,-0.006631,0.219568,-0.232578,0.22142,0.006463,0.002514,17,14,15,16,12,10,8,13,9,5,7,6,11,4,2,3,1
2016-06-17,0.213066,0.207994,0.108253,-0.103743,0.002772,-9e-06,0.097788,-0.003927,-0.006976,-0.002846,-0.10104,-0.001273,0.094519,0.002773,-0.104813,0.105569,-0.103814,-0.00315,-0.004038,2,4,3,1,7,8,12,6,11,13,9,10,5,14,17,15,16
2016-06-20,0.42033,0.413251,-0.214315,0.201486,-0.007451,-0.003765,-0.200407,0.003411,0.01284,0.004865,0.198465,-9.6e-05,-0.192541,-0.00483,0.205326,-0.212206,0.206015,0.006002,0.003202,16,14,15,17,11,10,9,13,8,5,7,6,12,4,2,3,1
2016-06-21,0.099881,0.093822,-0.039801,0.039132,0.000837,-0.0045,-0.049992,-0.001965,0.009279,0.007006,0.045683,-0.000227,-0.045166,0.006026,0.043789,-0.046948,0.049889,0.008101,-0.000324,16,15,17,14,13,10,11,9,12,5,7,6,8,2,3,4,1
2016-06-22,0.130716,0.127193,-0.062795,0.058183,-0.004484,-0.004784,-0.065724,-0.000313,0.005292,0.003817,0.061407,-0.001932,-0.060756,-0.000168,0.061316,-0.065346,0.064992,0.004179,-7.1e-05,16,14,17,15,13,11,8,12,10,5,7,6,9,2,3,4,1
2016-06-23,0.022175,0.018719,0.004684,-0.00533,-7.6e-05,0.002357,0.011105,0.000368,-0.00343,-0.003345,-0.009233,0.000651,0.008811,-0.003593,-0.007496,0.008442,-0.01107,-0.004063,5.3e-05,3,2,1,4,5,6,8,9,7,11,10,13,12,16,15,14,17
2016-06-24,0.224923,0.205241,-0.085143,0.082426,-0.001912,-0.011266,-0.112015,0.001092,0.019228,0.018806,0.102115,-0.005151,-0.096434,0.015067,0.091808,-0.100442,0.112908,0.021284,0.000456,16,15,17,14,13,12,10,11,9,6,7,5,8,2,3,4,1
2016-06-27,0.735379,0.681895,0.278923,-0.283273,0.007668,0.036974,0.365136,-0.00273,-0.051684,-0.054945,-0.339616,0.008072,0.321467,-0.049576,-0.304337,0.344887,-0.370243,-0.063867,0.001282,2,3,1,4,5,6,8,7,9,11,12,13,10,16,15,14,17
2016-06-28,0.894813,0.857611,0.400337,-0.40451,0.002308,0.004059,0.417218,-0.014377,-0.004213,-0.030347,-0.435745,-0.002567,0.381902,-0.032048,-0.424718,0.444997,-0.449816,-0.042352,-0.011087,1,4,2,3,5,7,9,6,10,8,11,13,12,16,15,14,17
2016-06-29,0.250067,0.235261,-0.100567,0.099699,-0.002478,-0.018406,-0.124012,0.013823,0.012878,0.023954,0.11946,-0.011564,-0.109303,0.004535,0.10294,-0.125901,0.124166,0.033419,0.000416,17,15,16,14,13,12,10,11,7,8,6,5,9,2,3,4,1
2016-06-30,0.191835,0.180506,-0.069952,0.072315,-0.003071,-0.020527,-0.096435,0.003019,0.009566,0.015501,0.094531,-0.007152,-0.084366,0.006368,0.074352,-0.096442,0.095392,0.025951,-0.002198,17,15,16,14,13,12,10,11,9,7,6,5,8,2,3,4,1
2016-07-01,0.503844,0.474861,0.255915,-0.24793,0.010202,-0.003414,0.227149,-0.018193,-0.027061,-0.010454,-0.228139,0.000918,0.22541,0.022805,-0.237848,0.222264,-0.230331,0.001511,-0.011667,4,3,2,1,9,8,11,6,12,13,10,7,5,14,16,17,15
2016-07-05,0.04172,0.040147,0.022925,-0.018795,0.002613,0.001717,0.020995,0.00019,-0.00103,0.000538,-0.017936,0.001762,0.020942,0.003423,-0.018581,0.020937,-0.018203,0.001392,0.000801,4,3,2,1,8,7,10,6,12,13,11,9,5,14,16,17,15
2016-07-06,0.604402,0.591859,0.296133,-0.28457,0.007252,0.016758,0.290282,-0.024719,-0.040963,-0.030532,-0.295213,0.007854,0.278269,0.008448,-0.289547,0.303111,-0.301291,-0.031427,-0.012156,1,4,3,2,5,7,9,8,10,13,11,12,6,16,15,14,17
2016-07-07,0.181009,0.17486,0.095489,-0.08552,0.007975,0.003073,0.086542,-0.00304,-0.008957,-0.002608,-0.081751,0.003454,0.086253,0.010694,-0.084612,0.088799,-0.083618,0.000832,-0.001,2,4,3,1,8,7,10,6,12,13,11,9,5,14,16,17,15
2016-07-08,0.174006,0.166168,-0.084748,0.089258,-0.000118,0.005652,-0.074437,0.011132,0.016351,0.010607,0.083527,0.005003,-0.074395,-0.004644,0.088214,-0.075615,0.086232,0.005463,0.008706,16,14,15,17,9,11,8,12,6,5,7,10,13,4,2,1,3
2016-07-11,0.146816,0.131585,-0.052324,0.050402,-0.001508,-0.01381,-0.064263,-0.000755,0.00361,0.009537,0.069549,-0.01194,-0.058843,0.012036,0.05558,-0.077268,0.069251,0.020365,-0.000121,17,15,16,14,13,12,9,11,10,8,7,5,6,1,3,4,2
2016-07-12,0.191423,0.186107,-0.094962,0.089894,-0.005028,-0.005997,-0.090175,0.004597,0.010683,0.008165,0.091869,-0.005024,-0.089377,-0.003677,0.089868,-0.097712,0.093711,0.007971,0.000429,17,14,15,16,13,11,9,12,8,5,6,7,10,2,4,3,1
2016-07-13,0.756108,0.73833,-0.374873,0.36094,-0.011302,-0.018969,-0.357379,0.025635,0.047792,0.035484,0.364785,-0.012545,-0.347788,-0.010056,0.361844,-0.381459,0.374648,0.031942,0.009331,17,14,15,16,13,12,9,11,8,5,6,7,10,2,3,4,1
2016-07-14,0.234305,0.228674,0.116373,-0.113337,0.002882,0.003184,0.110499,-0.009419,-0.016208,-0.011304,-0.113877,0.0019,0.108487,0.00443,-0.113168,0.114003,-0.117933,-0.010089,-0.005022,2,4,3,1,6,8,9,7,10,13,12,11,5,16,14,15,17
2016-07-15,0.155372,0.152925,-0.07421,0.07609,0.00123,-0.00011,-0.071365,0.00836,0.012669,0.009961,0.080077,0.001866,-0.069881,0.00082,0.078595,-0.073366,0.081162,0.010582,0.005086,16,14,15,17,13,10,9,11,8,5,7,6,12,2,3,4,1
2016-07-19,0.031727,0.030279,0.01434,-0.013762,0.000375,0.001236,0.01433,-0.000738,-0.001726,-0.00186,-0.016123,0.000479,0.013917,-0.000808,-0.014917,0.015604,-0.015524,-0.002736,-0.000195,1,4,3,2,5,6,8,7,9,11,12,13,10,17,15,14,16
2016-07-20,0.01209,0.010628,-0.006622,0.005468,-0.000685,0.000477,-0.005392,0.001217,0.000372,-0.000749,0.00172,-0.000115,-0.005477,-0.003219,0.004577,-0.004094,0.004347,-0.001942,1e-06,14,16,15,17,6,9,8,10,5,7,11,12,13,4,2,1,3
2016-07-21,0.143299,0.139648,0.07606,-0.063726,0.006257,0.007053,0.072566,-0.002225,-0.005435,-0.001461,-0.063218,0.005661,0.071305,0.008532,-0.065218,0.074136,-0.067239,-0.001312,0.001961,2,4,3,1,6,8,9,7,12,13,11,10,5,14,16,15,17
2016-07-22,0.223429,0.218723,0.108348,-0.104211,0.002723,0.005166,0.104966,-0.00974,-0.016626,-0.011393,-0.110635,0.00193,0.102778,0.001313,-0.10879,0.110695,-0.112734,-0.014329,-0.00399,1,4,3,2,5,7,9,6,10,13,11,12,8,16,15,14,17
2016-07-25,0.164215,0.157886,0.082634,-0.079353,-0.001228,0.00041,0.075974,-0.010755,-0.014182,-0.007319,-0.072722,0.000166,0.073544,0.005885,-0.078835,0.075282,-0.081581,-0.005617,-0.004354,3,4,2,1,6,7,9,8,12,13,11,10,5,14,15,16,17
2016-07-26,0.169617,0.165902,0.083321,-0.075794,0.004963,0.006369,0.081213,-0.004707,-0.010535,-0.006559,-0.083413,0.003539,0.079086,0.002726,-0.080386,0.086205,-0.083169,-0.01008,-0.00095,1,4,3,2,5,7,9,6,10,13,11,12,8,17,15,14,16
2016-07-27,0.412555,0.39955,-0.205629,0.19419,-0.002317,-0.007915,-0.196076,0.020339,0.030425,0.017364,0.19283,-0.002305,-0.189344,-0.011351,0.198689,-0.197142,0.206925,0.019647,0.006329,16,14,15,17,12,10,9,11,6,5,8,7,13,4,2,3,1
2016-07-28,0.153388,0.147265,-0.074533,0.07692,0.006102,0.001786,-0.069394,0.013241,0.015067,0.00938,0.069597,0.00282,-0.065947,-0.002704,0.076145,-0.064617,0.078855,0.006468,0.00444,14,15,16,17,12,11,10,9,6,5,7,8,13,4,3,2,1
2016-07-29,0.030039,0.028805,0.013965,-0.015583,-0.001836,-0.001189,0.013032,-0.003231,-0.003526,-0.00261,-0.014607,-0.001028,0.012328,-0.000263,-0.015434,0.01225,-0.016074,-0.002187,-0.001599,4,3,2,1,7,6,8,9,12,13,11,10,5,14,15,16,17
2016-08-01,0.067353,0.064576,0.032663,-0.033802,-0.003029,-0.001515,0.030446,-0.006184,-0.006795,-0.004578,-0.031136,-0.000991,0.02878,0.000828,-0.033348,0.028371,-0.03469,-0.003439,-0.002291,4,3,2,1,7,6,8,9,12,13,11,10,5,14,15,16,17
2016-08-02,0.495509,0.488243,0.251788,-0.233507,0.0064,0.01314,0.242922,-0.018264,-0.032624,-0.017742,-0.240465,0.008433,0.238616,0.016134,-0.240064,0.245767,-0.243721,-0.020004,-0.002312,2,4,3,1,6,7,9,8,11,13,10,12,5,16,15,14,17
2016-08-03,0.108966,0.102252,-0.05589,0.051755,0.004942,0.000295,-0.050819,0.010356,0.009675,0.003978,0.040813,-0.001778,-0.046463,-0.005387,0.048752,-0.043313,0.053076,0.000922,0.00072,14,15,16,17,11,12,10,7,5,6,8,9,13,4,3,2,1
2016-08-04,0.47027,0.462446,-0.240085,0.224533,-0.000367,-0.005729,-0.230905,0.022565,0.032369,0.02326,0.227252,-0.005863,-0.222112,-0.015221,0.228804,-0.230107,0.230184,0.021009,0.003041,15,14,16,17,11,12,9,10,7,5,6,8,13,3,2,4,1
2016-08-05,0.052412,0.05155,0.027478,-0.024305,0.001311,0.001595,0.026211,-0.001411,-0.002134,-0.001942,-0.024522,0.001042,0.025709,0.002348,-0.024933,0.026976,-0.02453,-0.001671,0.000852,2,4,3,1,6,8,9,7,10,13,12,11,5,15,17,14,16
2016-08-08,0.441042,0.431547,-0.222952,0.211944,-0.000811,-0.004254,-0.210524,0.022312,0.027141,0.023391,0.213112,0.000249,-0.205751,-0.012838,0.21809,-0.215532,0.214432,0.024243,0.004309,16,14,15,17,12,10,9,11,8,5,7,6,13,3,1,4,2
2016-08-09,0.342306,0.334156,-0.177728,0.160398,-0.003587,-0.007728,-0.169393,0.015963,0.019138,0.012569,0.15725,-0.005368,-0.163185,-0.015773,0.164578,-0.16781,0.16256,0.013082,0.000122,15,14,16,17,12,11,9,10,6,5,8,7,13,4,1,3,2
2016-08-10,0.091292,0.089742,0.046817,-0.043325,0.000612,0.00155,0.045503,-0.004821,-0.00559,-0.004522,-0.042988,0.000792,0.042947,0.003529,-0.044475,0.044775,-0.04433,-0.004549,-0.001183,3,4,2,1,6,7,9,8,12,13,10,11,5,14,17,15,16
2016-08-12,0.173292,0.171745,0.088851,-0.081536,0.00237,0.003879,0.086202,-0.007783,-0.00875,-0.009195,-0.083659,0.000155,0.081573,0.006287,-0.08444,0.088036,-0.084046,-0.009843,-0.001089,2,4,3,1,6,8,9,7,10,11,12,13,5,15,17,14,16
2016-08-15,0.07945,0.07853,0.039818,-0.038178,0.000158,0.000704,0.037915,-0.004879,-0.004412,-0.005199,-0.039419,-0.000838,0.035964,0.001757,-0.039632,0.039548,-0.039257,-0.006077,-0.001539,2,4,3,1,6,8,9,7,11,10,12,13,5,16,17,14,15
2016-08-16,0.520428,0.510223,-0.266112,0.247106,-0.002054,-0.007769,-0.257632,0.030247,0.033057,0.025293,0.243786,-0.004741,-0.243268,-0.01863,0.252067,-0.253437,0.254316,0.02752,0.007802,15,14,16,17,12,11,9,10,6,5,8,7,13,4,2,3,1
2016-08-17,0.311044,0.303686,-0.159326,0.146791,-0.00082,-0.005176,-0.159422,0.020584,0.025522,0.011574,0.13617,-0.007287,-0.146822,-0.014115,0.147074,-0.143327,0.151622,0.01011,0.007864,14,15,17,16,11,12,9,10,6,5,7,8,13,4,2,3,1
2016-08-18,0.218934,0.214375,0.110211,-0.104638,0.000147,0.001292,0.109813,-0.015183,-0.017548,-0.011278,-0.102246,0.001263,0.102537,0.007143,-0.106605,0.103134,-0.108723,-0.010679,-0.004193,3,4,2,1,6,7,9,8,12,13,11,10,5,14,16,15,17
2016-08-19,0.043401,0.041212,0.01887,-0.021587,-0.002149,-0.00234,0.020628,-0.005843,-0.007709,-0.003736,-0.019414,-0.000804,0.018055,-0.000187,-0.021723,0.01546,-0.022773,-0.002201,-0.003181,4,3,1,2,9,6,10,7,12,13,11,8,5,14,16,15,17
2016-08-22,0.106067,0.102217,-0.050711,0.050609,0.001089,0.001604,-0.052908,0.009633,0.012973,0.005918,0.046849,-0.000472,-0.048088,-0.002579,0.051176,-0.044537,0.05316,0.003666,0.003474,14,15,17,16,10,12,9,11,6,5,7,8,13,4,2,3,1
2016-08-23,0.1395,0.137582,0.072014,-0.066262,0.002209,0.002878,0.070208,-0.007657,-0.007322,-0.006098,-0.065156,0.0022,0.065633,0.006062,-0.06726,0.069515,-0.067486,-0.007753,-0.000583,3,4,2,1,6,8,9,7,12,11,10,13,5,14,16,15,17
2016-08-24,0.265754,0.261768,-0.136344,0.127274,-0.003643,-0.004852,-0.133022,0.015645,0.014834,0.012029,0.12364,-0.003982,-0.124563,-0.011324,0.128556,-0.130698,0.129411,0.015397,0.002247,15,14,16,17,12,11,9,10,5,7,8,6,13,4,2,3,1
2016-08-25,0.16811,0.162968,-0.086236,0.078334,-0.003226,-0.004307,-0.087963,0.010739,0.013986,0.004876,0.06917,-0.007978,-0.07953,-0.010132,0.076693,-0.076742,0.080147,0.004346,0.000953,14,15,17,16,11,12,9,10,6,5,7,8,13,4,3,2,1
2016-08-26,0.307631,0.30256,-0.15903,0.147462,-0.003788,-0.007246,-0.15456,0.018806,0.017618,0.012457,0.139285,-0.010606,-0.145776,-0.015577,0.147515,-0.150513,0.148602,0.015655,0.001646,15,14,16,17,11,12,9,10,5,6,8,7,13,4,2,3,1
2016-08-29,0.183163,0.178657,-0.090363,0.090695,0.001678,-0.000142,-0.090738,0.016828,0.018929,0.010334,0.082124,-0.004566,-0.082476,-0.005375,0.089274,-0.080711,0.092426,0.010133,0.00529,14,15,17,16,11,12,9,10,6,5,7,8,13,4,3,2,1
2016-08-30,0.088861,0.082131,-0.042319,0.037284,-0.001901,-0.002968,-0.037368,0.001426,-0.003052,0.00356,0.04249,-0.00073,-0.038804,-0.005423,0.039127,-0.046371,0.036523,0.007158,-0.001469,17,15,14,16,11,8,9,10,7,12,6,5,13,1,2,3,4
2016-08-31,0.386298,0.379202,-0.197847,0.185634,-0.002962,-0.007084,-0.195131,0.025232,0.027355,0.016846,0.172622,-0.012843,-0.18151,-0.017984,0.185193,-0.185352,0.188451,0.019187,0.00313,15,14,16,17,11,12,9,10,6,5,8,7,13,4,3,2,1
2016-09-01,0.286723,0.282581,0.147868,-0.137056,0.002692,0.005702,0.14109,-0.016676,-0.013289,-0.013438,-0.134788,0.007761,0.134748,0.014313,-0.138855,0.144705,-0.138169,-0.017963,-0.001482,2,4,3,1,7,6,9,8,12,10,11,13,5,14,17,15,16
2016-09-02,0.041592,0.040476,-0.020444,0.020681,0.000372,-0.000129,-0.020219,0.003575,0.004136,0.002511,0.018723,-0.000831,-0.018678,-0.001417,0.02026,-0.018546,0.021148,0.002677,0.001095,14,15,16,17,11,12,9,10,6,5,8,7,13,4,3,2,1
2016-09-06,0.094684,0.089991,0.044424,-0.046393,-0.000933,0.001234,0.046951,-0.008778,-0.014597,-0.004599,-0.036586,0.003643,0.041308,0.002805,-0.043164,0.036307,-0.047733,-0.002516,-0.002536,4,3,1,2,7,5,10,8,12,13,11,9,6,14,15,16,17
2016-09-07,0.126571,0.12345,0.062545,-0.062608,-0.000776,0.001363,0.062771,-0.010944,-0.01382,-0.006682,-0.055795,0.003488,0.058137,0.004811,-0.060489,0.056382,-0.063801,-0.006051,-0.002316,4,3,1,2,7,6,9,8,12,13,11,10,5,14,15,16,17
2016-09-08,0.25898,0.25453,-0.134022,0.123793,-0.003273,-0.006128,-0.129667,0.015606,0.015346,0.010548,0.118158,-0.008664,-0.123493,-0.014173,0.12343,-0.12772,0.124958,0.013177,0.00044,15,14,16,17,11,12,9,10,5,6,8,7,13,4,3,2,1
2016-09-09,0.083371,0.080493,-0.043829,0.037878,-0.00307,-0.004808,-0.044753,0.003996,0.007134,0.000654,0.032005,-0.006641,-0.040921,-0.006649,0.035479,-0.038832,0.038618,-0.000648,-0.002047,14,15,17,16,11,12,9,10,6,5,7,8,13,4,3,2,1
2016-09-12,0.407258,0.383649,-0.194656,0.194355,-0.002317,-0.013303,-0.20795,0.03704,0.064226,0.014165,0.152968,-0.025256,-0.181127,-0.021534,0.173552,-0.154858,0.199308,-0.000109,0.003785,14,15,17,16,11,13,8,10,6,5,7,9,12,4,3,2,1
2016-09-13,0.66178,0.646469,0.340697,-0.321082,0.005956,0.016962,0.329695,-0.042857,-0.057281,-0.029867,-0.289478,0.031517,0.31826,0.029824,-0.310133,0.31871,-0.319088,-0.028418,0.000496,3,4,2,1,7,5,9,8,12,13,11,10,6,14,15,17,16
2016-09-14,0.242622,0.230374,0.118738,-0.105238,0.003362,0.002739,0.110136,-0.011067,0.010188,-0.010705,-0.116344,0.000876,0.102394,0.016717,-0.113198,0.126279,-0.106426,-0.021966,0.001233,1,4,3,2,8,10,9,7,12,6,11,13,5,17,16,14,15
2016-09-15,0.205559,0.202699,0.106854,-0.098043,0.002632,0.004481,0.102433,-0.012636,-0.01151,-0.010121,-0.094377,0.006706,0.097276,0.010822,-0.097952,0.104111,-0.098705,-0.011923,0.000247,2,4,3,1,7,6,9,8,13,11,10,12,5,14,15,16,17
2016-09-16,0.2557,0.250924,0.130256,-0.125444,0.006445,0.009423,0.127996,-0.017834,-0.02887,-0.012466,-0.107347,0.015684,0.125384,0.009265,-0.121306,0.122492,-0.122385,-0.007827,-0.000291,4,3,2,1,6,5,9,8,12,13,11,10,7,14,15,17,16
2016-09-20,0.303906,0.299891,0.157209,-0.144982,0.001584,0.004797,0.14983,-0.019988,-0.01705,-0.017435,-0.142898,0.007154,0.141473,0.016079,-0.146634,0.154322,-0.146697,-0.020721,-0.0011,2,4,3,1,7,6,9,8,12,10,11,13,5,14,16,15,17
2016-09-21,0.158982,0.156966,0.083287,-0.075409,0.002026,0.00417,0.079695,-0.010289,-0.009859,-0.007859,-0.072309,0.005702,0.075842,0.009056,-0.075696,0.081407,-0.075406,-0.00884,-0.00015,2,4,3,1,7,6,9,8,13,12,10,11,5,14,17,16,15
2016-09-23,0.046937,0.042246,0.016804,-0.024536,0.005212,0.004082,0.020535,-0.006828,-0.019637,-0.002266,-0.00836,0.009428,0.022401,-0.007249,-0.019497,0.01005,-0.022825,0.004089,-0.004193,4,1,2,3,8,5,10,6,11,15,9,7,12,13,14,17,16
2016-09-26,0.063674,0.061711,-0.031641,0.031166,-0.003227,-0.002977,-0.032508,0.004882,0.010567,0.003641,0.023766,-0.006056,-0.031946,-0.000648,0.028655,-0.028887,0.029216,-0.000352,0.000719,14,16,17,15,11,13,8,12,6,5,7,9,10,4,3,1,2
2016-09-27,0.186515,0.18253,-0.095321,0.090982,-0.006842,-0.006895,-0.095533,0.012787,0.021848,0.011006,0.076758,-0.012539,-0.092754,-0.006198,0.086611,-0.089879,0.08639,0.003312,0.000854,14,15,17,16,12,13,9,11,6,5,7,8,10,4,2,1,3
2016-09-28,0.163414,0.159907,0.083037,-0.07824,0.00204,0.002121,0.080639,-0.015258,-0.013571,-0.012572,-0.073493,0.007953,0.076563,0.005908,-0.080377,0.0799,-0.077527,-0.010444,-0.002889,3,4,2,1,7,5,9,8,13,12,11,10,6,14,17,16,15
2016-09-29,0.742961,0.724729,-0.385928,0.343915,-0.003986,-0.001767,-0.360594,0.041562,0.0214,0.021124,0.329429,-0.019101,-0.336546,-0.032585,0.357032,-0.378026,0.348692,0.041428,0.001646,16,14,15,17,10,12,9,11,5,7,8,6,13,4,1,3,2
2016-09-30,0.266457,0.259475,-0.131269,0.123531,-0.009774,-0.012123,-0.139833,0.016192,0.02562,0.02004,0.123957,-0.017023,-0.133211,-0.002681,0.126624,-0.126901,0.12256,0.005998,0.002354,14,16,17,15,12,13,9,11,7,5,6,8,10,2,1,3,4
2016-10-03,0.042091,0.037954,-0.022249,0.018668,0.000288,0.001784,-0.01877,0.000671,-0.016338,-0.009884,0.015298,0.004848,-0.012685,-0.007092,0.014149,-0.019036,0.019842,0.006502,-0.004197,16,13,15,17,7,6,10,9,8,14,12,5,11,3,4,2,1
2016-10-04,0.015647,0.012539,-0.004468,-0.001009,-0.002202,-0.003728,-0.006518,-0.001167,0.007928,0.005399,0.001714,-0.007719,-0.00769,0.002364,0.001405,-0.005168,-0.00308,-0.005268,-0.000331,13,16,15,12,11,17,6,9,8,1,2,14,3,4,5,7,10
2016-10-05,0.082261,0.078739,-0.041271,0.032805,-0.002844,-0.004715,-0.044443,0.003407,0.01679,0.011581,0.0357,-0.012429,-0.043643,0.002129,0.037818,-0.041809,0.028937,-0.003361,0.000481,15,16,17,14,12,13,9,10,7,5,6,11,8,2,1,3,4
2016-10-06,0.179028,0.177389,-0.093907,0.085121,-0.003687,-0.00364,-0.091664,0.007223,-0.000456,-0.000495,0.078616,-0.00319,-0.083761,-0.014138,0.084612,-0.092074,0.08479,0.008876,-0.002815,16,14,15,17,11,10,9,12,6,7,8,5,13,4,3,1,2
2016-10-07,0.146659,0.145122,-0.075185,0.071093,-0.00119,-0.001243,-0.073525,0.008874,0.004972,0.004238,0.066798,-0.002821,-0.06799,-0.00805,0.071474,-0.073677,0.070413,0.008718,7e-05,16,14,15,17,11,12,9,10,5,7,8,6,13,4,1,2,3
2016-10-11,0.282408,0.279681,0.145535,-0.136873,0.00349,0.002616,0.141675,-0.016644,-0.003278,-0.003953,-0.126918,0.002269,0.129124,0.019364,-0.136104,0.142078,-0.136778,-0.018705,0.001157,2,4,3,1,7,8,9,6,12,10,11,13,5,14,15,17,16
2016-10-12,0.335622,0.333221,-0.171649,0.161356,-0.001261,-0.006296,-0.160617,0.018348,0.044078,0.031138,0.160423,-0.033131,-0.171892,-0.002743,0.16373,-0.170615,0.144092,0.004224,-0.00537,15,17,14,16,12,13,11,9,7,5,6,8,10,3,1,2,4
2016-10-13,0.113413,0.11113,0.057636,-0.054689,0.001412,0.002915,0.05578,-0.004502,-0.011402,-0.007891,-0.051183,0.011855,0.057344,0.00302,-0.053814,0.058724,-0.047671,-0.001328,0.003042,1,3,4,2,8,5,6,9,11,13,12,10,7,15,16,17,14
2016-10-14,0.323688,0.320233,0.16712,-0.152683,0.006098,0.006289,0.166038,-0.019331,-0.01126,-0.009038,-0.142377,0.014926,0.149411,0.018855,-0.155931,0.167756,-0.151172,-0.018054,0.002284,1,4,3,2,7,6,9,8,13,11,10,12,5,14,17,16,15
2016-10-17,0.161228,0.15858,-0.083022,0.078206,-0.003226,-0.002372,-0.081208,0.01051,0.007303,0.006169,0.069134,-0.008535,-0.072177,-0.009218,0.07703,-0.082231,0.074042,0.009622,-0.00058,16,14,15,17,10,12,9,11,5,7,8,6,13,4,2,1,3
2016-10-18,0.010647,0.008588,-0.000623,0.005245,0.002045,0.001667,-0.000135,0.000917,0.007592,0.005019,0.005457,-0.003055,-0.002951,0.003746,0.003597,-0.001464,0.001257,-0.000398,0.000708,15,16,12,14,8,17,11,7,10,1,4,13,5,2,6,3,9
2016-10-19,0.104477,0.098741,0.047696,-0.051874,0.000824,0.000315,0.047502,-0.001259,-0.025646,-0.015916,-0.049362,0.022488,0.052603,-0.004098,-0.045051,0.049637,-0.033893,0.004464,0.003446,2,1,4,3,9,5,7,8,10,13,12,6,11,16,15,17,14
2016-10-20,0.605855,0.595137,-0.307902,0.297062,-0.011791,-0.003106,-0.308792,0.037126,0.023026,0.014345,0.268666,-0.026752,-0.269127,-0.031588,0.288347,-0.302415,0.280892,0.035053,0.001926,15,14,17,16,10,12,9,11,5,7,8,6,13,4,2,1,3
2016-10-21,0.073157,0.07226,0.037804,-0.035354,0.00121,0.000657,0.037728,-0.004534,-0.000653,-0.000977,-0.031918,0.002466,0.032275,0.004353,-0.034922,0.036621,-0.034352,-0.004249,-0.000801,3,4,2,1,8,6,10,7,13,9,11,12,5,14,16,17,15
2016-10-24,0.055181,0.053708,0.02748,-0.027624,0.000524,-3.1e-05,0.027558,-0.003301,-0.004338,-0.003109,-0.025358,0.004397,0.025285,0.001528,-0.02618,0.026926,-0.024362,-0.00197,-0.000133,3,4,1,2,8,5,9,7,12,13,11,10,6,15,16,17,14
2016-10-25,0.267832,0.261837,0.133508,-0.134305,0.005022,0.000595,0.133527,-0.014297,-0.024985,-0.015795,-0.124702,0.025628,0.124873,0.00756,-0.126628,0.132841,-0.114859,-0.007026,0.00171,3,4,1,2,9,5,8,7,11,13,12,10,6,15,16,17,14
2016-10-26,0.270991,0.2661,0.14013,-0.130861,0.004721,0.002828,0.138801,-0.017114,-0.004549,-0.0052,-0.117463,0.012718,0.119959,0.015799,-0.127724,0.135507,-0.125277,-0.014728,-0.001678,3,4,2,1,8,6,9,7,13,10,11,12,5,14,16,17,15
2016-10-27,0.137343,0.13388,-0.069052,0.068005,-0.003481,-0.001817,-0.069338,0.006544,0.009434,0.00592,0.06185,-0.011355,-0.06391,-0.006038,0.064184,-0.069213,0.059678,0.003829,-0.001116,16,14,17,15,10,13,9,11,6,5,7,8,12,3,2,1,4
2016-10-28,0.220804,0.217141,0.111632,-0.109172,0.000562,0.000667,0.109093,-0.018154,-0.001051,-0.005937,-0.095444,0.002439,0.092219,0.010867,-0.108463,0.105364,-0.1077,-0.018869,-0.00647,3,4,2,1,7,6,11,8,12,9,10,13,5,14,16,17,15
2016-10-31,0.219381,0.213748,-0.108341,0.11104,-0.003336,-0.000819,-0.108158,0.014426,0.014295,0.011274,0.100636,-0.012195,-0.097482,-0.007412,0.106123,-0.106864,0.100718,0.011143,0.00144,15,14,16,17,10,13,9,11,5,6,7,8,12,4,2,1,3
2016-11-01,0.178722,0.174262,0.091775,-0.085929,0.009025,0.006438,0.091789,-0.005415,-0.012405,-0.006035,-0.078566,0.02016,0.086541,0.009872,-0.081936,0.092793,-0.075428,-0.002573,0.006063,1,4,2,3,8,5,9,7,11,13,12,10,6,15,16,17,14
2016-11-02,0.129657,0.124451,-0.059018,0.063367,-0.007119,-0.004214,-0.060367,0.001397,0.025818,0.010826,0.060899,-0.023684,-0.06629,-0.001205,0.057812,-0.064618,0.047888,-0.00412,-0.007724,16,17,15,14,10,13,12,11,7,5,6,9,8,2,3,1,4
2016-11-04,0.139903,0.132343,0.070135,-0.063698,0.005349,0.000774,0.066577,-0.011838,0.008614,-0.000814,-0.055632,-0.006251,0.055033,0.010931,-0.064499,0.062353,-0.069768,-0.013041,-0.004651,3,4,2,1,8,11,10,7,12,6,9,13,5,14,16,15,17
2016-11-07,0.119231,0.116784,-0.061302,0.057928,-0.003634,-0.000955,-0.059332,0.007707,0.008117,0.005406,0.055663,-0.00734,-0.054257,-0.004783,0.056291,-0.058432,0.057066,0.005911,0.000696,15,14,16,17,10,13,9,11,6,5,8,7,12,4,3,1,2
2016-11-08,0.259883,0.244284,0.103617,-0.134309,0.007581,0.012253,0.106398,-0.002386,-0.084605,-0.031382,-0.125377,0.052557,0.124385,-0.009101,-0.116807,0.125574,-0.091958,0.008314,0.015848,1,2,3,4,7,5,6,9,10,13,12,8,11,16,15,17,14
2016-11-09,0.169072,0.159951,0.076927,-0.084557,0.008762,0.008584,0.078748,-0.006742,-0.022182,-0.008821,-0.074302,0.014242,0.078398,0.0041,-0.079334,0.084515,-0.073372,-0.003972,0.004165,1,3,2,4,7,5,8,6,11,13,12,10,9,15,16,17,14
2016-11-10,1.123584,1.083134,-0.582845,0.540739,-0.026915,-0.0199,-0.54529,0.045054,0.030027,0.033585,0.503693,-0.057956,-0.51556,-0.048027,0.513685,-0.537183,0.529658,0.037483,-0.016813,15,14,16,17,10,13,9,11,5,8,7,6,12,4,3,1,2
2016-11-11,1.444551,1.393499,-0.735914,0.708637,-0.051718,-0.034829,-0.704503,0.019156,0.034863,0.035395,0.629871,-0.08049,-0.683413,-0.05938,0.661388,-0.709075,0.660979,0.023716,-0.033668,16,14,15,17,10,13,9,11,8,6,5,7,12,4,2,1,3
2016-11-14,0.211703,0.201111,0.112055,-0.099648,0.002056,0.003402,0.095303,-0.001834,-0.002546,-0.004827,-0.092791,0.007537,0.099792,0.006029,-0.094991,0.099619,-0.097227,-0.005913,0.000369,3,2,4,1,7,5,9,8,10,11,12,13,6,14,15,17,16
2016-11-15,0.925971,0.883527,-0.477442,0.448529,-0.000326,-0.017224,-0.400129,0.020025,0.033386,0.020064,0.416966,-0.025145,-0.433791,-0.018979,0.430773,-0.431515,0.428529,0.035199,0.004962,15,16,14,17,11,13,9,10,8,6,7,5,12,4,2,1,3
2016-11-16,0.351212,0.34157,0.175996,-0.175216,0.001989,0.012888,0.150701,-0.010324,-0.026458,-0.012031,-0.159842,0.016203,0.173912,0.003201,-0.168521,0.171222,-0.158132,-0.012286,0.000932,3,2,4,1,6,5,9,8,10,13,11,12,7,15,16,17,14
2016-11-17,0.394031,0.374521,0.204413,-0.189618,0.000762,0.003362,0.172017,-0.009897,-0.012615,-0.01808,-0.174661,0.015627,0.183374,0.004814,-0.182213,0.18489,-0.179054,-0.015461,-0.006328,2,3,4,1,7,5,9,8,10,11,13,12,6,14,16,17,15
2016-11-18,0.144357,0.141105,0.072407,-0.07195,0.000331,0.004499,0.062604,-0.003617,-0.010054,-0.004933,-0.065868,0.006178,0.0724,0.001196,-0.069653,0.071036,-0.063811,-0.004545,0.000425,3,2,4,1,6,5,8,9,10,13,12,11,7,15,16,17,14
2016-11-21,0.230257,0.221022,-0.118597,0.11166,-0.0001,-0.004566,-0.098925,0.005895,0.011525,0.009973,0.103896,-0.009937,-0.110515,-0.002599,0.108595,-0.109803,0.103022,0.008562,0.002385,15,16,14,17,12,13,9,10,8,5,6,7,11,3,2,1,4
2016-11-22,0.081112,0.072555,0.027949,-0.037623,0.00029,0.005218,0.028177,-0.003109,-0.016563,-0.000436,-0.033993,-6.9e-05,0.043489,-0.000835,-0.036841,0.037542,-0.027891,-0.001609,0.005471,2,1,3,4,6,8,5,7,12,13,9,11,10,15,16,17,14
2016-11-25,0.207232,0.19601,-0.109645,0.097587,0.002075,0.002847,-0.090849,0.004605,0.001992,0.011388,0.094574,-0.005818,-0.093858,7e-05,0.094806,-0.094605,0.097529,0.008076,0.007628,16,15,14,17,9,13,7,10,8,11,5,6,12,4,3,1,2
2016-11-28,0.395027,0.383413,0.207885,-0.187142,0.002553,0.001115,0.176606,-0.004919,-0.020804,-0.012576,-0.178965,0.011348,0.199219,0.002442,-0.185289,0.191737,-0.176284,-0.007661,0.000252,3,2,4,1,8,5,9,6,10,13,12,11,7,15,16,17,14
2016-11-29,0.532846,0.509765,0.285634,-0.247211,0.003455,1.1e-05,0.239358,-0.00411,-0.01065,-0.017692,-0.237674,0.017652,0.259434,0.004111,-0.243554,0.252604,-0.240858,-0.010553,-0.006845,3,2,4,1,8,5,10,7,9,12,13,11,6,14,16,17,15
2016-11-30,0.181127,0.175643,0.09507,-0.086057,0.001572,0.001146,0.080866,-0.002045,-0.008677,-0.005672,-0.081845,0.005103,0.092199,0.000997,-0.084573,0.087184,-0.08108,-0.003651,-0.000631,3,2,4,1,7,5,9,6,10,13,12,11,8,15,16,17,14
2016-12-01,1.592289,1.529956,-0.839106,0.753182,-0.011902,-0.007077,-0.700749,0.019774,0.052486,0.054714,0.718348,-0.048337,-0.790016,-0.0094,0.734647,-0.75457,0.714533,0.035834,0.018911,15,16,14,17,10,13,9,12,8,6,5,7,11,3,2,1,4
2016-12-02,0.665665,0.640767,-0.350414,0.315251,0.00167,-0.006371,-0.295257,0.009944,0.023925,0.021861,0.304564,-0.018551,-0.32413,-0.006901,0.313673,-0.314268,0.301407,0.016456,0.010088,15,16,14,17,11,13,8,10,9,5,6,7,12,3,2,1,4
2016-12-05,0.360855,0.34542,0.188948,-0.171907,9.1e-05,0.001838,0.163322,-0.00595,-0.011824,-0.011981,-0.162924,0.009118,0.176708,0.00219,-0.167053,0.168719,-0.16141,-0.007985,-0.005373,3,2,4,1,7,5,9,8,10,12,13,11,6,15,16,17,14
2016-12-06,0.19385,0.181004,-0.103094,0.090553,-0.000156,-0.000566,-0.086628,0.001231,-0.003266,0.00798,0.085118,-0.006454,-0.086502,-0.002294,0.08543,-0.086552,0.090755,0.006219,0.006515,15,14,16,17,10,13,6,9,8,12,5,7,11,4,3,2,1
2016-12-07,0.01935,0.017299,0.007527,-0.008392,-0.00036,0.000309,0.006997,-0.001145,-0.004071,-0.00026,-0.008276,-0.000477,0.010405,-0.001027,-0.008945,0.008352,-0.006351,-3.5e-05,0.000728,2,1,4,3,6,10,5,9,12,13,8,7,11,15,17,16,14
2016-12-08,0.073625,0.059573,-0.036484,0.028422,0.000668,0.003331,-0.028489,-0.000413,-0.014873,0.006347,0.025316,-0.004882,-0.014615,-0.005578,0.022576,-0.022867,0.037141,0.005658,0.008878,15,13,16,17,8,11,5,9,10,14,6,7,12,3,4,2,1
2016-12-09,0.221657,0.210881,-0.116299,0.105358,-0.000746,-0.000481,-0.100568,0.002293,0.003246,0.006852,0.098671,-0.006529,-0.104508,-0.002582,0.101587,-0.102969,0.101923,0.005954,0.004245,15,16,14,17,10,13,7,11,9,8,5,6,12,4,3,1,2
2016-12-12,0.604706,0.583824,0.313894,-0.290813,0.000464,0.001965,0.271729,-0.006309,-0.021581,-0.018504,-0.274231,0.013406,0.30064,0.000369,-0.286104,0.285567,-0.274456,-0.014828,-0.008308,3,2,4,1,6,5,10,7,9,13,12,11,8,14,16,17,15
2016-12-13,0.278885,0.26715,0.146987,-0.131897,0.00085,0.001223,0.126988,-0.002238,-0.005115,-0.007815,-0.125187,0.007655,0.133978,0.002539,-0.129352,0.131385,-0.127852,-0.006671,-0.004562,3,2,4,1,7,5,10,8,9,11,13,12,6,14,16,17,15
2016-12-14,0.406361,0.391441,0.212724,-0.191514,-0.00118,-0.000264,0.187513,-0.004702,-0.017279,-0.01274,-0.184439,0.010539,0.199966,0.003459,-0.193638,0.191088,-0.185393,-0.009878,-0.006475,3,2,4,1,7,5,10,8,9,13,12,11,6,14,17,16,15
2016-12-15,0.150873,0.134197,0.08036,-0.068508,2e-05,-0.007028,0.059256,-0.002625,0.006012,-0.005649,-0.058458,0.008119,0.052194,0.001375,-0.059057,0.064895,-0.070514,-0.006982,-0.009277,2,4,3,1,12,5,13,8,9,6,10,11,7,14,15,16,17
2016-12-16,0.21178,0.203566,0.112238,-0.099542,-0.002368,0.001207,0.098994,-0.00358,-0.009994,-0.009458,-0.096524,0.005285,0.102502,0.002113,-0.098841,0.100335,-0.097241,-0.008089,-0.003971,3,2,4,1,7,5,10,8,9,13,12,11,6,14,16,17,15
2016-12-19,0.171034,0.163055,0.092132,-0.078902,0.001019,0.002764,0.079632,-0.000565,-0.003887,-0.005313,-0.074619,0.008438,0.082586,0.003748,-0.077055,0.082022,-0.07647,-0.004447,-0.003274,3,2,4,1,7,5,10,8,9,11,13,12,6,14,16,17,15
2016-12-20,0.187146,0.179763,0.100133,-0.087013,-0.001016,0.001849,0.087544,-0.001851,-0.007629,-0.007317,-0.083752,0.005776,0.091796,0.003425,-0.086191,0.089749,-0.084406,-0.006106,-0.002982,3,2,4,1,7,5,10,8,9,13,12,11,6,14,16,17,15
2016-12-21,0.069621,0.065168,-0.036196,0.033424,-0.001104,0.000116,-0.029952,0.001191,0.000247,0.003385,0.030734,-0.004913,-0.030018,0.000579,0.031829,-0.030765,0.033271,0.003527,0.00435,16,15,14,17,11,13,5,12,8,10,7,6,9,4,3,1,2
2016-12-22,0.066706,0.061447,0.034609,-0.03179,0.002215,6e-05,0.027734,-0.000824,0.001816,-0.002944,-0.028594,0.006464,0.026764,-0.000933,-0.029382,0.028729,-0.032098,-0.00306,-0.005136,2,4,3,1,8,5,13,6,9,7,11,12,10,14,15,16,17
2016-12-27,0.151663,0.142718,0.080838,-0.070825,0.001711,0.000992,0.06853,-0.001452,-0.002371,-0.007152,-0.066631,0.009208,0.068467,0.001005,-0.06765,0.070052,-0.07026,-0.005828,-0.005817,2,4,3,1,8,5,11,6,9,10,13,12,7,14,15,17,16
2016-12-28,0.013539,0.012281,0.005482,-0.004851,-0.00158,0.000616,0.005906,-0.000918,-0.002433,4.1e-05,-0.005825,-0.002099,0.006952,0.000606,-0.006586,0.005835,-0.005737,-0.001288,0.001115,3,1,2,4,6,12,5,11,9,13,8,10,7,16,17,14,15
2016-12-29,0.121331,0.108989,0.063535,-0.057797,0.005923,-0.002188,0.05019,0.00201,0.004918,-0.008547,-0.051005,0.015245,0.049435,-0.000524,-0.049976,0.05068,-0.05376,-0.001341,-0.009342,2,4,3,1,11,5,13,6,8,7,12,10,9,15,14,17,16
2016-12-30,0.372706,0.358348,0.199379,-0.173326,-0.00076,0.004268,0.174034,-0.003367,-0.012584,-0.015634,-0.165278,0.013255,0.180276,0.006907,-0.172427,0.177381,-0.172252,-0.014129,-0.005763,3,2,4,1,7,5,10,8,9,11,13,12,6,14,16,17,15
2017-01-04,0.238624,0.229919,-0.125571,0.110425,0.003782,-0.002387,-0.112003,0.004446,0.012507,0.010298,0.106913,-0.00321,-0.116202,-0.005286,0.113053,-0.113845,0.110662,0.010881,0.001668,15,16,14,17,11,12,10,9,8,5,7,6,13,4,1,3,2
2017-01-05,0.214426,0.197504,-0.112651,0.101775,-0.002112,0.003205,-0.093389,0.00033,0.001319,0.012184,0.090994,-0.017266,-0.093418,-0.002279,0.092802,-0.09382,0.098045,0.004944,0.01087,16,15,14,17,8,13,6,11,10,9,5,7,12,4,3,1,2
2017-01-06,0.406087,0.388384,0.215244,-0.190473,-0.002009,0.000643,0.186298,-0.005557,-0.012288,-0.018439,-0.180842,0.015733,0.191768,0.005483,-0.186714,0.19011,-0.190843,-0.016445,-0.009683,3,2,4,1,7,5,10,8,9,11,13,12,6,14,15,16,17
2017-01-10,0.185823,0.180149,0.098492,-0.086474,-0.001939,0.003186,0.086944,-0.003215,-0.007725,-0.007197,-0.083681,0.0036,0.091147,0.002962,-0.08707,0.089934,-0.087332,-0.008725,-0.001661,3,2,4,1,6,5,8,9,10,12,11,13,7,14,16,15,17
2017-01-11,0.135016,0.127247,0.072247,-0.06277,0.000343,-0.000405,0.061854,-0.001129,-0.003348,-0.006021,-0.058037,0.008966,0.06191,0.001711,-0.060322,0.062172,-0.062321,-0.004181,-0.003935,2,3,4,1,8,5,11,7,9,10,13,12,6,14,15,17,16
2017-01-12,0.136054,0.128034,-0.072207,0.063847,0.000435,0.001085,-0.062067,0.000962,0.003365,0.006145,0.059018,-0.009869,-0.060957,-0.000634,0.061147,-0.061618,0.063217,0.003874,0.004908,15,14,16,17,9,13,6,11,10,8,5,7,12,4,3,1,2
2017-01-13,0.181572,0.171737,0.096638,-0.084935,-0.000564,-0.000557,0.083188,-0.001132,-0.005773,-0.008065,-0.079372,0.011615,0.082589,0.001369,-0.082369,0.083502,-0.084581,-0.005185,-0.005104,2,4,3,1,7,5,10,8,9,12,13,11,6,14,15,17,16
2017-01-17,0.115159,0.110637,0.061444,-0.053715,-0.000413,0.001035,0.05419,-0.001,-0.004244,-0.004631,-0.050895,0.004686,0.054661,0.00154,-0.052981,0.055411,-0.0537,-0.004329,-0.001857,2,3,4,1,7,5,10,8,9,11,13,12,6,14,15,17,16
2017-01-18,0.624576,0.596492,0.330964,-0.293612,-0.003851,0.00321,0.289373,-0.006284,-0.024362,-0.027201,-0.275469,0.028016,0.291404,0.006211,-0.286911,0.294756,-0.291831,-0.02282,-0.0137,2,3,4,1,7,5,10,8,9,12,13,11,6,14,15,17,16
2017-01-19,0.109896,0.104418,-0.057988,0.051908,0.000346,-0.000497,-0.050976,0.000189,0.003328,0.004467,0.047816,-0.006433,-0.050769,-0.001445,0.049955,-0.051595,0.050833,0.002928,0.002378,16,14,15,17,11,13,8,9,10,6,5,7,12,4,3,1,2
2017-01-20,0.084695,0.077581,0.04293,-0.041765,0.000541,-0.001943,0.037067,0.001898,-0.00135,-0.00437,-0.034227,0.011593,0.033955,0.000451,-0.037014,0.036579,-0.037388,0.000534,-0.003489,3,4,2,1,11,5,12,7,6,10,13,8,9,14,15,17,16
2017-01-23,0.076993,0.071142,-0.040097,0.036896,-0.00089,0.000106,-0.034977,-0.001618,0.000882,0.003135,0.031439,-0.008511,-0.033514,-0.001435,0.033134,-0.034829,0.033492,-0.000387,0.001902,15,14,16,17,8,13,6,10,12,7,5,9,11,4,3,1,2
2017-01-24,0.085663,0.079347,0.043508,-0.042155,-0.000209,-0.001474,0.038153,0.000355,-0.002848,-0.004927,-0.036632,0.007232,0.036498,2.4e-05,-0.038165,0.037635,-0.038424,-0.001282,-0.003466,3,4,2,1,10,5,12,8,6,11,13,9,7,14,15,17,16
2017-01-25,0.631689,0.599454,-0.332268,0.299421,0.002701,-0.001886,-0.294104,0.002556,0.022696,0.027852,0.275399,-0.035378,-0.290457,-0.008311,0.28689,-0.296034,0.289646,0.016244,0.014555,16,14,15,17,11,13,8,9,10,6,5,7,12,4,3,1,2
2017-01-26,0.026299,0.021003,-0.010808,0.015491,-0.001794,0.00313,-0.009509,-0.002646,4.2e-05,0.002823,0.009556,-0.007948,-0.007593,0.001315,0.009698,-0.007188,0.008848,-0.002693,0.00203,13,14,16,17,5,15,7,10,11,9,6,12,8,3,2,1,4
2017-01-27,0.263257,0.254189,-0.139148,0.122902,0.004106,-0.002549,-0.123504,0.003607,0.012161,0.01133,0.118843,-0.005472,-0.125736,-0.004288,0.124109,-0.127189,0.123483,0.011857,0.005821,16,15,14,17,11,13,8,9,10,5,7,6,12,4,1,3,2
2017-01-30,0.441545,0.422249,0.232215,-0.209331,-0.00273,0.000966,0.206932,-0.001299,-0.017939,-0.020719,-0.19649,0.019433,0.207142,0.006594,-0.205208,0.209699,-0.203152,-0.013833,-0.011321,2,3,4,1,7,5,10,9,8,12,13,11,6,14,16,17,15
2017-01-31,0.416687,0.39631,0.218675,-0.198013,0.000593,-0.000623,0.195177,0.001801,-0.015567,-0.019629,-0.183044,0.026097,0.192935,0.007171,-0.191625,0.197306,-0.188134,-0.008338,-0.011078,2,4,3,1,9,5,11,8,7,12,13,10,6,14,16,17,15
2017-02-01,0.585865,0.561957,0.311338,-0.270225,-0.006296,0.001925,0.275539,-0.006997,-0.023755,-0.024914,-0.262638,0.018516,0.27659,0.011067,-0.274527,0.280874,-0.272316,-0.022318,-0.013611,2,3,4,1,7,5,10,8,9,12,13,11,6,14,17,15,16
2017-02-02,0.014198,0.011878,0.005125,-0.009073,-0.000121,-0.003507,0.004794,1.5e-05,-0.001275,-0.002835,-0.006311,0.003385,0.002301,-0.001578,-0.006505,0.003822,-0.006316,0.000485,-0.002806,3,5,2,1,13,4,11,8,7,9,12,6,10,14,16,17,15
2017-02-03,0.253242,0.244207,0.133913,-0.117337,-0.004221,-0.00013,0.119307,-0.00368,-0.010379,-0.010261,-0.115404,0.006664,0.120145,0.004293,-0.119328,0.122788,-0.11911,-0.010687,-0.006979,2,3,4,1,7,5,10,9,8,12,11,13,6,14,17,15,16
2017-02-06,0.113252,0.107478,-0.058639,0.054612,-0.000578,0.003343,-0.053761,-0.001215,0.002774,0.005322,0.050103,-0.010144,-0.050571,-0.001498,0.051236,-0.053215,0.050971,0.00112,0.004962,15,14,16,17,7,13,6,10,11,8,5,9,12,4,2,1,3
2017-02-07,0.197448,0.189865,0.103652,-0.093796,-0.000816,-0.003148,0.09448,-0.000222,-0.006206,-0.008123,-0.088103,0.012097,0.091444,0.003653,-0.091469,0.09493,-0.091269,-0.004482,-0.006966,2,4,3,1,9,5,12,8,7,11,13,10,6,14,16,17,15
2017-02-08,0.641163,0.620201,0.340446,-0.298649,-0.007968,-0.001314,0.308702,-0.005712,-0.023276,-0.02503,-0.289211,0.022578,0.303793,0.012463,-0.300718,0.311814,-0.300274,-0.022331,-0.018776,2,4,3,1,7,5,10,9,8,12,13,11,6,14,17,15,16
2017-02-09,0.16989,0.164422,0.089782,-0.078682,-0.002918,0.000517,0.081675,-0.002552,-0.007498,-0.006654,-0.076946,0.003086,0.082157,0.003675,-0.080109,0.082481,-0.080056,-0.00745,-0.003719,2,3,4,1,7,6,10,9,8,13,11,12,5,14,17,15,16
2017-02-10,0.249453,0.241778,-0.130256,0.119198,0.002516,0.001399,-0.12078,0.001301,0.008297,0.010501,0.1126,-0.011672,-0.116428,-0.005526,0.117094,-0.12107,0.116937,0.008005,0.008011,16,14,15,17,10,13,7,9,11,6,5,8,12,4,2,1,3
2017-02-13,0.170045,0.165679,-0.085574,0.084471,0.000396,0.000718,-0.081274,0.000168,0.006034,0.007736,0.076492,-0.009055,-0.076523,-0.003538,0.081308,-0.084266,0.080144,0.004816,0.007495,16,14,15,17,9,13,6,10,11,7,5,8,12,4,2,1,3
2017-02-14,0.118401,0.114887,-0.057894,0.06009,-8e-05,0.000542,-0.055728,-0.000325,0.0037,0.005418,0.052965,-0.00745,-0.051439,-0.001748,0.056788,-0.058311,0.055849,0.003003,0.006202,17,14,15,16,9,13,5,10,11,7,6,8,12,4,2,1,3
2017-02-15,0.002488,0.001859,0.004747,0.005811,0.004151,0.004116,0.003872,0.004229,0.004258,0.004213,0.004587,0.00341,0.004296,0.004517,0.005297,0.003323,0.004705,0.003978,0.005074,17,8,15,4,13,16,3,12,10,9,11,14,7,6,2,1,5
2017-02-16,0.427535,0.413628,0.222103,-0.189933,-0.010109,-0.0048,0.228087,-0.01145,-0.023267,-0.021222,-0.189973,0.012581,0.195362,0.017331,-0.199448,0.205868,-0.195406,-0.01838,-0.003264,3,4,1,2,8,6,7,9,10,13,12,11,5,15,17,14,16
2017-02-17,0.327908,0.317068,0.165268,-0.150756,-0.007028,-0.002886,0.172725,-0.008147,-0.017593,-0.020193,-0.146031,0.014358,0.146244,0.011691,-0.155183,0.158795,-0.148477,-0.011824,-0.006314,3,4,1,2,7,5,8,9,10,12,13,11,6,14,17,16,15
2017-02-21,0.260096,0.25274,0.132277,-0.120386,-0.007663,-0.001949,0.137768,-0.005142,-0.014897,-0.010911,-0.118603,0.003204,0.116584,0.012481,-0.122328,0.124773,-0.120687,-0.008175,0.000733,3,4,1,2,8,6,7,10,9,13,12,11,5,14,17,15,16
2017-02-22,0.123236,0.115639,0.063966,-0.050971,-0.00681,-0.003518,0.065974,-0.006367,-0.006406,-0.014094,-0.056408,-0.006053,0.052339,0.004368,-0.049747,0.052049,-0.057262,-0.007986,0.0038,4,3,1,2,7,8,6,11,9,10,13,12,5,16,14,15,17
2017-02-23,0.213145,0.207826,0.107181,-0.099808,-0.005225,0.001442,0.110517,-0.002375,-0.011743,-0.004284,-0.095184,0.007509,0.09525,0.011747,-0.102628,0.103841,-0.099504,-0.005309,-0.00184,3,4,1,2,7,6,8,11,9,13,10,12,5,14,17,16,15
2017-02-24,0.333854,0.323901,0.165367,-0.157966,-0.013803,-0.003208,0.172646,-0.00825,-0.020686,-0.014502,-0.152747,0.005186,0.145363,0.013469,-0.161208,0.156091,-0.158426,-0.011748,-0.005357,3,4,1,2,7,6,8,11,9,13,12,10,5,14,17,15,16
2017-02-27,0.539848,0.524754,0.272748,-0.249718,-0.016891,0.001276,0.28533,-0.007336,-0.028477,-0.021361,-0.244673,0.010061,0.240289,0.024635,-0.252755,0.259193,-0.254518,-0.017771,-0.00401,3,4,1,2,7,6,8,10,9,13,12,11,5,14,16,15,17
2017-02-28,0.360767,0.351843,-0.182931,0.168559,0.012389,0.000134,-0.189428,0.005889,0.020616,0.014615,0.164001,-0.007216,-0.159242,-0.01657,0.170651,-0.172621,0.171339,0.013465,0.005109,15,14,17,16,11,12,10,8,9,5,6,7,13,4,2,3,1
2017-03-01,0.084328,0.081301,0.039632,-0.041007,-0.001955,3.4e-05,0.039359,-0.00164,-0.007163,-0.000251,-0.037005,0.004166,0.034485,0.002393,-0.04296,0.041369,-0.039577,-0.002778,-0.00317,1,4,3,2,7,5,12,10,9,13,8,11,6,14,17,16,15
2017-03-02,0.695833,0.684906,-0.347023,0.335108,0.021001,0.000543,-0.3524,0.013428,0.048693,0.01811,0.318199,-0.023268,-0.301567,-0.027503,0.343433,-0.342794,0.333961,0.024911,0.017124,15,14,17,16,11,12,9,7,10,5,8,6,13,4,1,2,3
2017-03-03,0.496163,0.488213,0.252405,-0.234982,-0.016531,-0.005507,0.251215,-0.007574,-0.031473,-0.014048,-0.2233,0.018006,0.21328,0.019835,-0.243758,0.246076,-0.236203,-0.016422,-0.012413,3,4,2,1,7,6,9,12,8,13,10,11,5,14,17,15,16
2017-03-06,0.033862,0.031364,-0.015586,0.01485,0.002762,0.000679,-0.017135,0.002012,0.002533,0.004,0.016727,0.001515,-0.013547,-0.000844,0.013958,-0.012911,0.016247,0.002808,0.000292,14,15,17,16,11,10,12,7,9,8,5,6,13,1,4,3,2
2017-03-07,0.086721,0.080564,-0.042432,0.034131,0.001992,-0.000781,-0.046943,0.002173,0.004694,0.009773,0.039778,0.002699,-0.040498,-0.004568,0.028493,-0.034689,0.03791,0.004752,-0.005122,14,15,17,16,11,8,13,10,9,7,5,6,12,1,4,3,2
2017-03-08,0.02809,0.020959,0.008067,-0.015189,0.001078,-0.001831,0.00613,0.000919,-3.8e-05,0.006127,-0.002084,0.005551,0.004877,-0.000107,-0.014577,0.012901,-0.006012,0.000703,-0.005178,1,6,3,2,12,5,14,7,8,10,4,9,11,13,16,17,15
2017-03-09,0.312733,0.30553,0.160215,-0.146783,-0.001734,-0.004082,0.156568,0.000256,-0.017353,-0.001027,-0.134839,0.015567,0.14066,0.013667,-0.149813,0.16292,-0.140292,-0.002358,-0.002486,1,4,3,2,12,5,11,9,7,13,8,10,6,14,17,16,15
2017-03-10,0.121429,0.118646,0.062489,-0.057297,-0.002299,-0.002649,0.059284,-0.001988,-0.007877,-0.002602,-0.055303,0.004497,0.05385,0.002482,-0.05894,0.06131,-0.056618,-0.002104,-0.001296,2,4,3,1,12,5,7,10,8,13,11,9,6,14,17,16,15
2017-03-13,0.290155,0.285985,0.151027,-0.131672,-0.005334,-0.000704,0.150501,-0.002815,-0.019523,-0.014027,-0.13908,0.004325,0.136072,0.011157,-0.134071,0.144147,-0.139128,-0.007016,0.003826,3,4,2,1,8,6,7,10,9,13,12,11,5,16,15,14,17
2017-03-14,0.165219,0.16309,-0.085735,0.077874,0.002636,0.001884,-0.083597,0.00113,0.011771,0.007016,0.077949,-0.003883,-0.078651,-0.004463,0.079485,-0.083705,0.078799,0.003509,-8.3e-05,16,14,15,17,9,12,11,8,10,5,6,7,13,3,1,4,2
2017-03-15,0.048138,0.040499,0.017253,-0.021434,0.002027,-0.00273,0.009932,0.002384,-0.002778,0.001208,-0.01223,0.007508,0.021271,-0.005399,-0.02556,0.022578,-0.013401,0.001604,-0.005953,1,2,4,3,10,5,13,7,6,11,9,8,12,14,17,16,15
2017-03-16,0.0868,0.066646,-0.027703,0.029168,-0.007773,0.003441,-0.018065,-0.008089,0.00131,-0.002048,0.018601,-0.017636,-0.037591,0.010641,0.048211,-0.038589,0.018677,-0.005521,0.011137,17,16,14,15,7,13,5,11,12,8,9,10,6,4,1,2,3
2017-03-17,0.235313,0.231105,-0.121404,0.111753,0.006796,-0.002752,-0.120272,0.004691,0.016041,0.009699,0.113909,0.000663,-0.106247,-0.015018,0.101606,-0.115256,0.110722,0.006107,-0.004438,15,14,16,17,11,10,12,7,9,5,6,8,13,1,4,2,3
2017-03-21,0.098889,0.097713,-0.049574,0.049315,0.00306,0.00183,-0.048293,0.001587,0.006885,0.003318,0.049045,0.001272,-0.04655,-0.002614,0.048413,-0.048497,0.047907,0.00173,-0.000297,16,14,15,17,8,11,12,7,10,5,6,9,13,2,3,1,4
2017-03-22,0.38606,0.369009,0.17734,-0.176959,0.003966,-0.010226,0.16829,-0.00315,-0.024044,-0.017442,-0.175839,0.0005,0.187127,-0.008636,-0.198172,0.187888,-0.179543,-0.005765,-0.006446,1,2,4,3,11,6,9,5,7,13,12,8,10,14,17,15,16
2017-03-23,0.038016,0.036646,0.020095,-0.017125,-0.001128,0.001138,0.0206,0.00063,-0.001284,0.000607,-0.017416,0.001351,0.017884,0.003488,-0.015819,0.018452,-0.01625,0.000848,0.002005,3,4,1,2,8,7,6,12,10,13,11,9,5,17,14,16,15
2017-03-24,0.517084,0.508533,-0.264637,0.252447,0.008667,0.000546,-0.255795,0.0036,0.029054,0.013315,0.247891,-0.007595,-0.253182,-0.013484,0.249233,-0.255597,0.244109,0.007853,-0.005215,15,14,16,17,10,12,11,7,9,5,6,8,13,3,2,1,4
2017-03-27,0.181704,0.178982,0.092794,-0.08891,0.000499,-0.001113,0.086553,0.000225,-0.008874,-0.004609,-0.084468,0.003034,0.090169,0.001932,-0.08846,0.09154,-0.085074,-0.002037,0.00117,2,3,4,1,10,5,7,8,9,13,12,11,6,14,16,17,15
2017-03-28,0.074258,0.072583,0.036889,-0.034949,0.00336,-3.1e-05,0.032787,0.001045,-0.002502,-0.002239,-0.031864,0.001226,0.038266,-0.000687,-0.035992,0.038152,-0.033501,-0.000632,0.000338,2,1,4,3,9,6,8,5,7,13,12,10,11,14,17,16,15
2017-03-29,0.577663,0.570131,-0.293248,0.284415,-0.001509,0.004462,-0.272628,0.000796,0.02951,0.016983,0.27099,-0.006649,-0.288519,-0.001974,0.282146,-0.290472,0.271593,0.007676,-0.000329,16,15,14,17,8,13,10,11,9,5,6,7,12,4,2,1,3
2017-03-30,0.226531,0.222133,-0.117361,0.10917,-0.000786,0.001109,-0.108677,-0.00087,0.01034,0.004174,0.106331,-0.004944,-0.111843,-0.002127,0.108153,-0.113541,0.104704,0.001504,-0.002181,16,15,14,17,8,13,12,9,10,5,6,7,11,3,2,1,4
2017-03-31,0.472588,0.462063,-0.241855,0.230733,0.005359,0.00517,-0.226072,0.002053,0.025945,0.009848,0.226818,-0.007695,-0.227654,-0.003305,0.22732,-0.231807,0.22247,0.006171,-0.001613,16,15,14,17,9,13,11,8,10,5,6,7,12,3,2,1,4
2017-04-03,0.130139,0.124568,-0.066055,0.061445,0.005824,0.000597,-0.062425,-0.000437,0.007299,-0.001316,0.064084,-0.005106,-0.05919,-0.004053,0.057419,-0.060001,0.059693,-0.000308,-0.002603,15,14,16,17,7,13,11,6,9,5,10,8,12,1,4,2,3
2017-04-04,0.049937,0.046519,-0.024865,0.022042,0.003972,-0.001075,-0.024834,-0.000592,0.002658,-0.003066,0.025072,-0.001728,-0.020138,-0.003812,0.01789,-0.020906,0.021839,-0.001008,-0.001434,15,14,16,17,9,11,10,5,7,6,12,8,13,1,4,2,3
2017-04-05,0.051951,0.050651,-0.027069,0.024807,-0.000278,0.000376,-0.024576,-0.00047,0.002534,0.001024,0.023421,-0.001908,-0.025435,-5.4e-05,0.024882,-0.026097,0.023664,0.000375,-0.001215,16,15,14,17,7,13,12,10,11,5,6,8,9,4,1,2,3
2017-04-06,0.099324,0.095326,-0.051251,0.046607,0.006753,-0.001506,-0.049947,0.000636,0.007426,-0.002273,0.048073,-0.003647,-0.042456,-0.004807,0.041645,-0.044475,0.045623,-0.00026,-0.002149,15,14,16,17,9,12,10,6,7,5,11,8,13,1,4,2,3
2017-04-07,0.494778,0.482423,-0.25573,0.239048,-0.001919,0.009469,-0.232241,-0.00356,0.026353,0.010913,0.231127,-0.012712,-0.239758,0.000295,0.238376,-0.24323,0.229307,0.006913,-0.010069,16,15,14,17,7,13,12,10,11,5,6,8,9,3,2,1,4
2017-04-10,0.048873,0.046991,0.022951,-0.023413,0.002576,-0.002775,0.019168,1e-05,-0.002701,-0.003141,-0.021167,-0.000315,0.023489,-0.00313,-0.02527,0.023603,-0.022246,-0.002249,-0.000149,1,2,4,3,11,8,7,5,6,10,13,9,12,14,17,16,15
2017-04-11,0.263227,0.256164,-0.135999,0.124913,-0.001962,0.002898,-0.122801,-0.003509,0.01344,0.004474,0.122267,-0.004578,-0.128718,0.000906,0.127227,-0.129368,0.121838,0.002344,-0.005233,16,15,14,17,7,12,13,10,11,5,6,8,9,3,1,2,4
2017-04-12,0.217587,0.211465,-0.112992,0.104594,0.004492,0.000133,-0.10609,-0.00186,0.010788,0.001089,0.103548,-0.004413,-0.104161,-0.002607,0.102966,-0.104205,0.10214,0.001326,-0.002917,15,14,16,17,9,13,12,6,10,5,8,7,11,2,3,1,4
2017-04-13,0.53485,0.519011,0.273242,-0.252743,0.006487,-0.013616,0.241766,0.004629,-0.024594,-0.014177,-0.246681,0.005769,0.261105,-0.005963,-0.261608,0.260421,-0.247915,-0.008887,0.004557,3,2,4,1,11,6,8,5,7,13,12,10,9,14,17,16,15
2017-04-17,0.207859,0.195779,0.096757,-0.091468,0.018319,-0.015098,0.080331,0.003031,-0.006668,-0.01432,-0.085954,-0.002049,0.104928,-0.008904,-0.102931,0.10436,-0.086892,-0.00343,0.005213,2,1,4,3,13,8,6,5,7,10,12,9,11,14,17,16,15
2017-04-18,0.125416,0.108211,-0.051635,0.047777,-0.023085,0.012819,-0.032931,-0.003646,0.005538,0.014587,0.035488,0.000882,-0.063427,0.010791,0.061988,-0.057736,0.04207,0.005516,-0.002354,16,17,14,15,6,10,11,13,12,8,5,9,7,4,1,2,3
2017-04-19,0.060153,0.055215,0.02854,-0.024362,0.007945,-0.003173,0.020818,0.003125,-0.001293,-0.003141,-0.021423,0.00113,0.031509,-0.001391,-0.028644,0.029685,-0.022904,-0.000481,0.001411,2,1,4,3,13,8,7,5,6,10,12,9,11,14,17,16,15
2017-04-20,0.057255,0.051489,-0.027885,0.024154,0.006633,-0.003214,-0.030212,0.000887,0.002416,-0.002239,0.027043,-0.00157,-0.022055,-0.002363,0.020505,-0.021855,0.023116,-0.001423,-0.003158,14,15,17,16,13,9,12,5,7,6,10,8,11,1,4,2,3
2017-04-21,0.385924,0.369957,-0.191363,0.174978,-0.0149,0.012604,-0.161764,-0.005412,0.018282,0.012399,0.167509,-0.008632,-0.193935,0.003841,0.191989,-0.185546,0.17206,0.0056,-0.007897,15,17,14,16,6,12,11,13,10,5,7,8,9,4,1,2,3
2017-04-24,0.015497,0.012965,0.002234,0.002051,0.009684,-0.0046,-0.003171,0.001951,0.000356,-0.001359,0.003757,0.000683,0.009195,0.000347,-0.005813,0.006432,-0.001539,0.000131,0.000742,3,2,15,5,16,9,8,1,7,10,13,12,11,4,17,6,14
2017-04-25,0.364877,0.347613,0.187778,-0.171167,-0.017834,0.006717,0.180976,-0.001626,-0.016868,-0.002486,-0.177099,0.005015,0.163335,0.002574,-0.162485,0.161873,-0.161277,0.000454,0.011056,4,3,2,1,6,7,5,13,10,12,11,9,8,17,15,16,14
2017-04-26,0.379547,0.368748,-0.191785,0.172197,-0.01315,0.015941,-0.164451,0.002303,0.015853,0.005572,0.168077,-0.001862,-0.192983,9.5e-05,0.186564,-0.180763,0.181951,0.007601,-0.008861,15,17,14,16,5,11,12,13,9,6,8,7,10,4,1,3,2
2017-04-27,0.127221,0.122576,-0.065923,0.061298,0.002533,-0.003036,-0.063731,0.000185,0.006206,0.002487,0.05977,-0.002641,-0.059195,-0.000432,0.057811,-0.058569,0.055631,-0.000719,-0.003832,14,15,16,17,12,11,13,6,8,5,7,10,9,2,3,1,4
2017-04-28,0.297715,0.289982,0.153954,-0.141221,0.003829,-0.005303,0.138387,-0.003902,-0.014088,-0.006202,-0.135853,0.002578,0.149208,0.000759,-0.143761,0.143417,-0.138386,-0.002731,0.008978,3,2,4,1,11,7,5,6,10,13,12,9,8,14,17,16,15
2017-05-01,0.307826,0.29913,0.152398,-0.144124,0.008458,-0.011941,0.134889,-0.004059,-0.015216,-0.006245,-0.137714,0.002559,0.157515,-0.001463,-0.15031,0.14659,-0.146451,-0.005639,0.008243,3,1,4,2,12,7,6,5,9,13,11,10,8,14,17,15,16
2017-05-02,0.256965,0.25127,-0.134206,0.121317,-0.004666,0.002942,-0.121322,0.002044,0.011366,0.003647,0.116879,-0.003889,-0.131933,-0.002571,0.122759,-0.12578,0.117816,0.000709,-0.00943,15,16,14,17,7,11,13,12,8,5,6,9,10,4,1,2,3
2017-05-08,0.141227,0.136741,-0.073666,0.067223,-0.000297,0.000523,-0.067225,0.002013,0.007783,0.003612,0.064858,-0.000612,-0.069571,-0.000964,0.067561,-0.067344,0.063578,0.000394,-0.004828,15,16,14,17,8,11,13,10,7,5,6,9,12,3,1,2,4
2017-05-09,0.013729,0.010664,-0.005982,0.005044,0.00442,-0.002596,-0.005969,0.001031,0.001583,0.001353,0.007747,0.001262,-0.000256,-0.001307,0.002474,-0.00283,0.000747,-0.000803,0.000749,15,11,16,17,14,7,9,3,8,5,6,12,13,1,4,2,10
2017-05-10,0.032052,0.026253,0.010542,-0.011143,0.00537,-0.003902,0.008798,0.000137,-0.00183,-0.001119,-0.007988,0.001015,0.01639,-0.003189,-0.014071,0.01095,-0.015662,-0.002539,0.001335,2,1,4,3,13,7,6,5,8,10,9,11,12,14,16,15,17
2017-05-11,0.389969,0.381323,-0.199771,0.186524,-0.005893,0.004367,-0.182493,0.007053,0.021811,0.009886,0.177503,-0.002468,-0.197804,0.002128,0.190198,-0.187221,0.182452,0.003366,-0.011086,15,16,14,17,8,11,13,12,7,5,6,9,10,4,1,2,3
2017-05-12,0.226421,0.220433,0.114327,-0.105388,0.008359,-0.004181,0.102216,-0.003252,-0.012524,-0.005884,-0.097603,0.002707,0.116312,-0.00316,-0.110108,0.107945,-0.107218,-0.003015,0.006733,3,1,4,2,11,7,6,5,10,13,12,8,9,14,17,15,16
2017-05-15,0.172786,0.16731,0.086791,-0.078863,0.008114,-0.003128,0.077378,-0.001682,-0.009104,-0.003823,-0.072428,0.002987,0.08957,-0.002329,-0.083215,0.082075,-0.081417,-0.00215,0.005727,3,1,4,2,11,7,6,5,8,13,12,9,10,14,17,15,16
2017-05-16,0.05206,0.040576,-0.017292,0.015171,-0.011311,0.003632,-0.01336,-0.000361,0.001616,0.000671,0.008776,-0.004032,-0.028214,0.003647,0.021081,-0.016124,0.023847,0.003248,-0.00412,15,17,14,16,6,11,12,13,10,8,9,7,5,4,2,3,1
2017-05-17,0.146343,0.142273,-0.076303,0.07004,0.003808,4e-05,-0.069632,0.00423,0.00899,0.003623,0.069969,-0.001349,-0.066768,-0.002864,0.069064,-0.071812,0.062502,-0.000238,-0.005572,16,14,15,17,9,11,13,7,6,5,8,10,12,2,3,1,4
2017-05-18,0.217611,0.20678,-0.108186,0.108986,0.030013,-0.009835,-0.103014,0.008992,0.014827,0.006526,0.109425,0.000535,-0.068852,-0.015071,0.08616,-0.104568,0.063781,-0.008035,-0.006668,16,14,15,17,12,9,10,5,7,6,8,11,13,1,3,2,4
2017-05-19,0.128232,0.125274,0.066033,-0.06114,-0.004172,-0.000624,0.061833,-0.004248,-0.008032,-0.002821,-0.062199,0.000428,0.057327,0.002828,-0.060328,0.064289,-0.053362,0.000592,0.005949,2,4,3,1,9,8,5,11,12,13,10,7,6,17,15,16,14
2017-05-22,0.197053,0.177197,-0.08599,0.08212,-0.015946,0.002807,-0.072956,0.001329,0.008477,0.006683,0.070257,-0.005072,-0.102077,0.009251,0.087984,-0.078445,0.094976,0.00592,-0.000856,15,17,14,16,9,12,11,13,10,6,7,8,5,4,2,3,1
2017-05-23,0.458012,0.445049,0.238284,-0.216278,0.001597,-0.003882,0.218686,-0.011725,-0.027657,-0.011261,-0.213066,0.00382,0.223209,0.008124,-0.219728,0.224584,-0.204087,-0.004084,0.017979,2,3,4,1,9,7,5,8,12,13,11,10,6,15,17,16,14
2017-05-24,0.026173,0.022648,-0.011462,0.009652,-0.003541,-0.00067,-0.009602,-0.000644,0.000408,0.000593,0.007633,-0.001338,-0.014186,0.000756,0.010579,-0.010077,0.011988,0.00097,-0.000576,15,17,14,16,11,12,9,13,10,8,7,5,6,4,2,3,1
2017-05-25,0.196529,0.191814,0.101935,-0.094595,-0.000652,-0.000516,0.093451,-0.00672,-0.011574,-0.005525,-0.092576,0.000362,0.091941,0.002614,-0.093897,0.098987,-0.086494,-0.002107,0.008492,2,4,3,1,8,7,5,9,12,13,11,10,6,15,16,17,14
2017-05-26,0.74476,0.725535,0.386178,-0.356653,0.012503,-0.001973,0.350352,-0.019809,-0.041299,-0.022212,-0.340947,0.006131,0.365748,0.002316,-0.358582,0.368041,-0.341403,-0.01227,0.028611,2,3,4,1,9,7,5,6,11,13,12,10,8,14,17,16,15
2017-05-30,0.070432,0.068858,0.037412,-0.032426,0.003625,0.001042,0.034411,8e-05,-0.001952,-0.000526,-0.029845,0.002332,0.037018,0.001609,-0.03302,0.035665,-0.031033,0.000555,0.004704,3,2,4,1,9,7,5,6,11,13,12,10,8,14,17,16,15
2017-05-31,0.365844,0.358203,0.185706,-0.175612,0.013479,-0.00205,0.168249,-0.007213,-0.017857,-0.010878,-0.160959,0.005338,0.186513,-0.001651,-0.17933,0.176273,-0.171174,-0.006778,0.014929,3,1,4,2,9,7,5,6,11,13,12,10,8,14,17,16,15
2017-06-01,0.353545,0.346634,0.179069,-0.172331,0.008241,-0.001786,0.163889,-0.008049,-0.018503,-0.010168,-0.15925,0.004413,0.178215,1.1e-05,-0.174476,0.172879,-0.162931,-0.005814,0.015513,3,2,4,1,9,7,5,6,11,13,12,10,8,14,17,16,15
2017-06-02,0.188717,0.180239,0.087343,-0.091883,-0.009856,-0.002154,0.086721,-0.008716,-0.008702,-0.000352,-0.09035,-0.003531,0.077983,0.005608,-0.087586,0.096834,-0.06836,0.00351,0.012761,1,4,3,2,9,10,5,13,12,11,8,7,6,16,15,17,14
2017-06-05,0.35799,0.351085,0.179972,-0.178017,0.004893,-0.005995,0.164337,-0.011513,-0.022042,-0.011063,-0.164328,0.001746,0.177314,-1.9e-05,-0.17758,0.176044,-0.160957,-0.005224,0.017818,3,2,4,1,10,7,5,6,12,13,11,9,8,15,16,17,14
2017-06-06,0.127079,0.124052,-0.063798,0.063281,-0.000761,0.002451,-0.058419,0.004658,0.007655,0.003227,0.058091,-0.000369,-0.061512,-0.000619,0.062268,-0.063207,0.054127,0.001507,-0.006931,16,15,14,17,8,10,13,12,6,5,7,9,11,3,2,1,4
2017-06-07,0.331597,0.3244,-0.169082,0.162514,-0.006567,0.003338,-0.154465,0.010098,0.019415,0.007558,0.150156,-0.002536,-0.164711,-0.002253,0.161637,-0.1651,0.144816,0.004348,-0.017872,16,15,14,17,9,11,13,12,6,5,7,8,10,3,2,1,4
2017-06-08,0.055357,0.054322,0.027447,-0.027896,-0.000391,-0.00158,0.026149,-0.002167,-0.00355,-0.001519,-0.026021,-0.000873,0.026579,-0.000272,-0.02791,0.027113,-0.023982,-0.001559,0.002522,2,3,4,1,11,8,5,7,12,13,9,10,6,15,17,16,14
2017-06-09,0.689503,0.672905,-0.350904,0.333465,-0.015913,0.005806,-0.326831,0.016495,0.03934,0.016019,0.312085,-0.001395,-0.346418,0.00012,0.338599,-0.335746,0.313583,0.017069,-0.031512,15,16,14,17,9,11,13,12,7,5,8,6,10,4,1,2,3
2017-06-12,1.380084,1.350236,-0.704728,0.651785,-0.04813,0.010571,-0.649202,0.014576,0.084135,0.033575,0.617222,-0.017276,-0.708904,-0.003657,0.67118,-0.665367,0.648744,0.047397,-0.068855,15,17,14,16,9,11,13,12,8,5,7,6,10,4,1,2,3
2017-06-13,0.448564,0.441352,-0.231333,0.21461,-0.018955,-0.002186,-0.211099,0.00925,0.029065,0.011847,0.199871,-0.005269,-0.229249,-0.001441,0.217231,-0.219388,0.212244,0.015042,-0.016791,15,16,14,17,10,11,12,13,8,5,7,6,9,4,1,2,3
2017-06-14,0.213691,0.199241,-0.103201,0.092915,-0.015636,-0.006806,-0.092179,0.003878,0.014093,0.008999,0.086113,-0.003,-0.106106,0.00247,0.095738,-0.091785,0.107584,0.009782,-0.001251,14,17,15,16,12,11,10,13,8,5,7,6,9,4,2,3,1
2017-06-15,0.704766,0.69491,0.360893,-0.336029,0.028623,0.001451,0.330913,-0.018097,-0.04402,-0.020766,-0.318135,0.008839,0.359954,-0.000495,-0.343873,0.343417,-0.340563,-0.026797,0.022831,3,2,4,1,8,7,6,5,10,13,11,12,9,14,17,15,16
2017-06-16,0.125667,0.121508,0.061969,-0.059109,0.007618,0.001346,0.056027,-0.003341,-0.008599,-0.004989,-0.053987,0.001159,0.062244,-0.000836,-0.05983,0.057949,-0.063423,-0.005613,0.000979,3,1,4,2,6,7,8,5,10,13,11,12,9,14,16,15,17
2017-06-19,0.580595,0.573462,-0.296914,0.276702,-0.028217,0.000975,-0.277051,0.012124,0.036295,0.01661,0.259768,-0.00931,-0.297234,-0.006325,0.283361,-0.288878,0.277296,0.019075,-0.023758,15,17,14,16,9,11,12,13,8,5,7,6,10,4,1,3,2
2017-06-20,0.312951,0.302283,0.154248,-0.143253,0.008814,-0.009311,0.149898,-0.00776,-0.017877,-0.007808,-0.141948,0.002342,0.160597,0.004267,-0.152354,0.15445,-0.14044,-0.009058,0.023787,2,1,4,3,12,8,5,6,9,13,10,11,7,15,17,16,14
2017-06-21,0.249474,0.239469,0.122808,-0.119893,0.015727,0.007327,0.105178,-0.005934,-0.017781,-0.010305,-0.104655,0.002963,0.116963,-0.000749,-0.117048,0.115029,-0.126667,-0.011697,-0.005354,3,2,4,1,6,7,9,5,10,13,11,12,8,14,15,16,17
2017-06-22,0.683,0.673753,0.344788,-0.324721,0.032569,0.001238,0.322726,-0.014987,-0.044606,-0.018303,-0.306323,0.011348,0.347398,0.005932,-0.335602,0.335443,-0.333307,-0.020384,0.020441,3,1,4,2,9,7,6,5,10,13,11,12,8,14,17,15,16
2017-06-23,0.097105,0.09378,-0.048065,0.043779,-0.004387,0.003506,-0.047761,0.001678,0.004786,0.001204,0.042975,-0.000869,-0.050918,-0.002354,0.046187,-0.049418,0.042776,0.001817,-0.009089,16,17,14,15,6,10,13,12,8,5,9,7,11,3,1,2,4
2017-06-26,0.301776,0.297483,-0.149881,0.143083,-0.014659,0.002811,-0.141144,0.007353,0.020726,0.00845,0.13601,-0.000854,-0.153004,-0.002878,0.148771,-0.149329,0.14838,0.01007,-0.010067,15,17,14,16,9,10,12,13,8,5,7,6,11,4,1,3,2
2017-06-27,0.032969,0.030351,-0.016332,0.014347,-0.003912,-0.003728,-0.013394,-0.000736,0.001715,0.00054,0.011552,-0.002375,-0.014646,-0.001011,0.013965,-0.015125,0.016637,0.000734,0.002431,16,15,14,17,12,11,5,13,9,6,8,7,10,4,3,2,1
2017-06-28,1.002935,0.974846,-0.49192,0.461955,-0.039893,0.033522,-0.472032,0.027977,0.060743,0.027665,0.450336,0.001805,-0.515407,-0.015525,0.487528,-0.49768,0.47005,0.034649,-0.064901,16,17,14,15,7,10,13,12,8,5,9,6,11,4,1,3,2
2017-06-29,0.39963,0.391245,-0.195776,0.18968,-0.022457,-0.005333,-0.182806,0.007895,0.028235,0.013138,0.175442,-0.00242,-0.198534,-0.008623,0.193756,-0.194895,0.201096,0.015297,-0.002963,15,17,14,16,11,9,10,13,8,5,7,6,12,4,2,3,1
2017-06-30,0.741744,0.716638,-0.358476,0.34206,-0.025034,0.0287,-0.348825,0.022779,0.05103,0.025086,0.32939,-0.004012,-0.381246,-0.014417,0.360498,-0.367836,0.339799,0.022249,-0.051624,16,17,14,15,6,10,13,12,8,5,7,9,11,4,1,2,3
2017-07-03,0.220438,0.215842,-0.108779,0.103808,-0.012241,-0.001131,-0.102839,0.007791,0.015298,0.008018,0.095346,0.002348,-0.109649,-0.005922,0.106672,-0.107829,0.11079,0.009613,-0.00336,15,17,14,16,10,9,11,13,8,5,7,6,12,4,2,3,1
2017-07-05,1.127128,1.107787,-0.560842,0.528299,-0.063847,-0.001933,-0.538343,0.037378,0.081476,0.037922,0.482019,-0.00984,-0.569863,-0.036209,0.546213,-0.560877,0.557265,0.045669,-0.026768,16,17,14,15,9,10,11,13,8,5,7,6,12,4,2,3,1
2017-07-06,0.705726,0.691518,0.345365,-0.332404,0.040345,-0.001263,0.329736,-0.024137,-0.049894,-0.019191,-0.296841,0.007667,0.360055,0.021228,-0.339553,0.351507,-0.345671,-0.025643,0.016692,2,1,4,3,9,8,7,5,11,13,10,12,6,14,16,15,17
2017-07-07,0.134729,0.120682,0.062134,-0.059558,0.015153,0.011661,0.049689,0.004112,-0.002093,0.002706,-0.037155,0.003882,0.058027,0.006763,-0.053206,0.056527,-0.072595,-0.000459,-0.016188,3,2,4,1,6,9,13,5,8,12,10,11,7,14,15,16,17
2017-07-10,0.031988,0.024277,-0.013495,0.014957,-0.005734,-0.00412,-0.006805,-0.003597,-0.001075,0.000604,0.004586,-0.00034,-0.008194,-0.000474,0.010886,-0.006799,0.018492,-0.000665,0.00882,14,16,15,17,12,7,4,13,11,10,6,9,8,5,3,2,1
2017-07-11,0.178915,0.175192,-0.086056,0.08519,-0.007921,0.004314,-0.083429,0.009754,0.01515,0.008834,0.079215,-0.000658,-0.090581,-0.003831,0.088334,-0.088583,0.086833,0.00919,-0.00661,16,17,14,15,9,10,12,13,6,5,8,7,11,4,1,3,2
2017-07-12,0.007131,0.005491,-0.000475,0.000109,0.001736,0.0019,-0.002418,0.002194,0.001921,0.000489,0.004177,0.001056,-0.002376,0.00071,0.002303,-0.002954,-0.000253,0.000546,-0.002427,17,14,15,13,5,7,16,6,3,4,10,9,8,1,2,11,12
2017-07-13,0.177503,0.17151,0.080544,-0.074036,0.001322,-0.009923,0.086008,-0.015242,-0.019597,-0.007504,-0.085018,-0.000747,0.092485,0.00261,-0.084836,0.092146,-0.07234,-0.00808,0.0196,2,1,3,4,11,8,5,7,12,13,9,10,6,17,16,15,14
2017-07-14,0.228737,0.226109,-0.111375,0.111241,-0.01017,0.002839,-0.108566,0.009647,0.010452,0.007229,0.099456,-0.002287,-0.116852,-0.005668,0.111884,-0.1159,0.111075,0.01024,-0.008765,16,17,14,15,9,10,12,13,7,5,8,6,11,4,1,2,3
2017-07-18,0.315568,0.305578,0.148294,-0.145131,0.005763,-0.007685,0.150807,-0.019657,-0.028286,-0.002659,-0.140457,0.000779,0.159923,0.003891,-0.154462,0.161106,-0.145306,-0.015364,0.022431,1,2,3,4,10,8,5,6,12,13,9,11,7,14,17,15,16
2017-07-19,0.343172,0.339992,0.16902,-0.168089,0.01655,-0.002862,0.164271,-0.013067,-0.015045,-0.007315,-0.149223,0.004948,0.173537,0.007606,-0.167322,0.175083,-0.166926,-0.015944,0.010606,1,2,4,3,9,8,6,5,11,12,10,13,7,14,16,17,15
2017-07-20,0.084927,0.079524,-0.041345,0.042683,-0.011546,-0.004249,-0.037643,-0.001505,-0.004751,0.008176,0.027307,-0.000503,-0.036216,-0.00122,0.035632,-0.037688,0.043581,0.002832,0.008285,16,14,15,17,11,8,5,13,10,12,6,7,9,4,3,2,1
2017-07-21,0.600302,0.596488,0.297864,-0.294834,0.025539,-0.005924,0.287796,-0.022858,-0.021096,-0.010475,-0.265056,0.009081,0.302668,0.017121,-0.293794,0.304805,-0.295496,-0.029211,0.017231,1,2,4,3,9,8,6,5,12,11,10,13,7,14,15,16,17
2017-07-24,0.292073,0.289078,0.143444,-0.142573,0.012486,-0.00389,0.138967,-0.011769,-0.010911,-0.006,-0.128641,0.004245,0.146715,0.008025,-0.142429,0.147677,-0.144396,-0.014522,0.007444,1,2,4,3,9,8,7,5,12,11,10,13,6,14,15,16,17
2017-07-25,0.380587,0.375299,-0.18501,0.184111,-0.011697,0.005751,-0.180993,0.016528,0.018187,0.003608,0.171348,-0.007395,-0.193178,-0.010587,0.186786,-0.193801,0.183009,0.018313,-0.016531,17,16,14,15,8,10,13,12,7,6,9,5,11,4,1,2,3
2017-07-26,0.727644,0.7177,-0.358145,0.360209,-0.03176,0.001786,-0.341692,0.023501,0.022334,0.019577,0.317087,-0.016275,-0.358688,-0.013081,0.354373,-0.367434,0.354251,0.03488,-0.013041,17,16,14,15,9,12,10,13,6,7,8,5,11,4,2,1,3
2017-07-27,0.275303,0.273322,0.136084,-0.13567,0.010738,-5e-06,0.131428,-0.010656,-0.00996,-0.005086,-0.124508,0.006761,0.13792,0.008055,-0.135205,0.139633,-0.135453,-0.013299,0.009477,1,2,4,3,9,8,6,5,12,11,10,13,7,14,15,17,16
2017-07-28,0.163698,0.162378,0.081617,-0.080305,0.007363,0.00074,0.078408,-0.005732,-0.00514,-0.003112,-0.072929,0.004713,0.082014,0.005063,-0.079582,0.083393,-0.080222,-0.007754,0.005369,1,2,4,3,9,8,6,5,12,11,10,13,7,14,15,17,16
2017-07-31,0.122878,0.119781,-0.056928,0.056252,-0.000758,0.002923,-0.059673,0.005695,0.008214,-0.002767,0.057904,-0.00389,-0.062513,-0.004575,0.060365,-0.060439,0.058448,0.005987,-0.010154,16,17,15,14,8,11,13,9,7,5,10,6,12,3,1,4,2
2017-08-01,0.008237,0.006932,-0.001087,0.002693,0.002254,0.002003,-0.002606,0.002023,0.002649,-0.000914,0.00502,0.000782,-0.003217,0.000326,0.00452,-0.002016,0.003415,0.001205,-0.001815,15,17,16,13,8,10,14,6,7,5,12,9,11,1,2,4,3
2017-08-02,0.071016,0.068453,-0.034943,0.036072,-0.003455,-0.000567,-0.031587,0.001299,0.001562,0.00466,0.029968,-0.001307,-0.031813,-0.000869,0.033496,-0.033884,0.03515,0.00396,0.001758,16,15,14,17,10,12,7,13,9,8,5,6,11,4,3,1,2
2017-08-03,0.167699,0.165305,0.084427,-0.083272,0.007219,0.000943,0.079413,-0.003558,-0.005179,-0.004416,-0.073604,0.005252,0.081678,0.005008,-0.080394,0.083737,-0.082407,-0.007994,0.003392,2,3,4,1,9,6,8,5,10,12,11,13,7,14,15,17,16
2017-08-04,0.523267,0.515523,0.261974,-0.261293,0.021832,0.001407,0.246754,-0.01208,-0.017299,-0.015728,-0.229555,0.0146,0.25296,0.014109,-0.25178,0.260525,-0.258037,-0.026093,0.009307,2,3,4,1,9,6,8,5,10,12,11,13,7,14,15,17,16
2017-08-07,0.538763,0.533424,-0.26819,0.267364,-0.021593,0.000757,-0.259408,0.014743,0.017903,0.014659,0.238863,-0.014932,-0.266677,-0.014789,0.26139,-0.271399,0.26525,0.029563,-0.016019,17,15,14,16,9,11,12,13,7,6,8,5,10,4,3,1,2
2017-08-08,0.543458,0.539078,0.269787,-0.269072,0.019222,-0.002951,0.262828,-0.017175,-0.021208,-0.012301,-0.24395,0.01494,0.271683,0.014431,-0.265929,0.274386,-0.266379,-0.031723,0.021377,1,2,4,3,9,7,5,6,11,12,10,13,8,14,15,17,16
2017-08-09,0.185864,0.176977,0.093527,-0.092337,0.012155,0.003925,0.083223,0.000913,0.001237,-0.011863,-0.074499,0.004592,0.084891,0.003415,-0.083269,0.090207,-0.086699,-0.008977,-0.003735,2,3,4,1,7,6,11,5,10,9,13,12,8,14,15,17,16
2017-08-10,0.162184,0.160315,-0.079362,0.078808,-0.004907,0.001445,-0.079418,0.00657,0.007911,0.001437,0.07373,-0.005174,-0.082404,-0.004733,0.07978,-0.082174,0.078362,0.009375,-0.009218,16,17,15,14,8,12,13,11,7,6,9,5,10,4,1,2,3
2017-08-11,0.270544,0.239331,0.135733,-0.134811,0.026661,0.00961,0.101938,0.014092,0.017333,-0.030084,-0.089104,0.003194,0.103605,0.00339,-0.104654,0.121954,-0.117237,-0.011839,-0.025582,2,3,4,1,8,10,12,5,7,6,13,11,9,14,15,17,16
2017-08-14,0.320044,0.314902,0.16011,-0.159477,0.010453,0.002609,0.149939,-0.006189,-0.007182,-0.008918,-0.140418,0.006077,0.156781,0.004477,-0.153465,0.160568,-0.154305,-0.018004,0.002619,1,3,4,2,9,6,8,5,10,11,12,13,7,14,15,17,16
2017-08-15,0.078959,0.06253,-0.042479,0.03648,-0.002293,-0.011036,-0.01727,-0.013061,-0.017437,0.019294,0.012438,-0.002543,-0.019481,0.004569,0.026303,-0.033861,0.028985,0.002436,0.019751,16,15,13,17,11,10,4,9,12,14,5,8,7,6,3,1,2
2017-08-16,0.343068,0.335437,0.170343,-0.169193,0.012232,0.001357,0.162397,-0.005865,-0.008068,-0.005903,-0.149349,0.005482,0.166289,0.005688,-0.163529,0.173875,-0.163081,-0.017105,0.007223,1,3,4,2,9,8,6,5,10,12,11,13,7,14,16,17,15
2017-08-17,0.197527,0.194743,0.095012,-0.097427,0.004172,-0.00143,0.095221,-0.008027,-0.012655,0.003095,-0.093354,0.004642,0.099654,0.003689,-0.096259,0.1001,-0.095569,-0.011281,0.008268,1,2,3,4,10,6,5,7,11,13,9,12,8,14,16,17,15
2017-08-18,0.130831,0.1015,-0.029597,0.029844,0.004445,0.007924,-0.049916,0.032671,0.033052,-0.031071,0.064509,-0.00959,-0.066322,-0.012556,0.039467,-0.035072,0.049212,0.01501,-0.025911,15,17,16,13,8,10,12,9,5,4,14,7,11,1,3,6,2
2017-08-21,0.010946,0.008491,0.001757,0.000652,0.00113,0.002774,0.000101,0.006209,0.005368,-0.004736,0.004838,-0.000181,-0.00139,0.000174,0.002204,0.001617,0.002387,0.003042,-0.002931,9,15,13,8,5,14,16,10,1,2,17,4,12,3,7,11,6
2017-08-22,0.16515,0.162701,0.078684,-0.081399,0.00436,-0.002606,0.080052,-0.007292,-0.010988,0.006903,-0.077787,0.004323,0.083751,0.005042,-0.080572,0.083117,-0.079212,-0.009873,0.008189,2,1,3,4,10,9,5,8,11,13,6,12,7,14,16,17,15
2017-08-23,0.040623,0.034114,-0.015665,0.014636,0.001031,-0.006063,-0.006462,-0.017647,-0.015172,0.022977,-0.003226,0.003971,-0.000389,0.00177,0.005833,-0.015327,0.005817,-0.006738,0.016091,15,9,12,16,11,6,2,8,17,14,1,13,7,10,4,3,5
2017-08-24,0.341758,0.335404,-0.166966,0.16821,-0.006647,0.004572,-0.160591,0.012597,0.019343,-0.006664,0.160382,-0.007166,-0.167412,-0.010008,0.164468,-0.173547,0.16561,0.020132,-0.008773,17,16,14,15,8,11,12,9,7,6,10,5,13,4,3,1,2
2017-08-25,0.283309,0.278828,-0.139226,0.138283,-0.005757,0.003014,-0.13434,0.011342,0.016843,-0.009548,0.13482,-0.006237,-0.142225,-0.008876,0.134712,-0.145025,0.136906,0.016046,-0.008791,17,16,14,15,8,10,11,9,7,5,13,6,12,3,4,1,2
2017-08-28,0.09387,0.089631,-0.045798,0.046286,-0.000875,-0.001083,-0.043369,-0.004606,-0.001233,0.008097,0.036587,0.001041,-0.039557,-0.000965,0.043497,-0.047584,0.042359,0.001889,0.003274,17,14,15,16,11,8,6,9,13,12,5,7,10,4,2,1,3
2017-08-29,0.374745,0.363706,0.183945,-0.183339,0.006862,-0.001735,0.177377,-0.005239,-0.013219,-0.001841,-0.168174,0.003495,0.178715,0.009467,-0.176312,0.191406,-0.1774,-0.016296,0.004667,1,3,4,2,9,8,7,6,11,12,10,13,5,14,15,17,16
2017-08-30,0.31195,0.3022,0.151417,-0.151121,0.005153,-0.00165,0.148446,-0.007215,-0.011577,0.002065,-0.14318,0.003341,0.148601,0.006066,-0.146231,0.160828,-0.1484,-0.015013,0.002398,1,3,4,2,10,7,8,6,11,12,9,13,5,14,15,17,16
2017-08-31,0.167207,0.158441,-0.080562,0.080993,-0.00345,-0.001159,-0.077893,-0.007013,0.000539,0.008853,0.064739,-0.000173,-0.073194,-0.00243,0.075224,-0.086214,0.074436,0.001991,0.00108,17,14,15,16,10,9,7,12,13,8,5,6,11,4,2,1,3
2017-09-01,0.155751,0.149901,0.069257,-0.070386,0.001318,-0.002937,0.072615,-0.015648,-0.013677,0.015784,-0.078144,0.00453,0.076334,0.006512,-0.070023,0.077607,-0.074618,-0.013719,0.007108,1,2,3,4,10,8,6,9,13,11,5,12,7,17,14,15,16
2017-09-05,0.315414,0.299895,-0.148308,0.154492,-0.002984,0.002112,-0.14423,-0.000284,0.009318,0.007361,0.135665,-0.003976,-0.142949,-0.005978,0.143745,-0.160923,0.147987,0.010784,-0.001701,17,14,15,16,8,12,10,11,9,6,7,5,13,4,3,1,2
2017-09-06,0.463755,0.439474,0.220121,-0.225229,0.006731,-0.000438,0.213294,0.006986,-0.007128,-0.017887,-0.191431,0.006074,0.209156,0.009935,-0.2078,0.238526,-0.213451,-0.009722,0.001709,1,4,3,2,10,8,9,7,6,11,13,12,5,14,15,17,16
2017-09-07,0.29828,0.281706,-0.140215,0.146175,-0.00425,0.000447,-0.134056,0.001079,0.005466,0.011947,0.124584,0.000678,-0.131335,-0.005191,0.135231,-0.152105,0.137335,0.004425,0.002889,17,14,15,16,11,10,8,12,9,6,5,7,13,4,3,1,2
2017-09-08,0.643514,0.610312,0.295235,-0.313515,0.004886,-0.009662,0.294907,-0.017889,-0.020416,-0.001425,-0.287569,0.013789,0.298036,0.014481,-0.298021,0.33,-0.296129,-0.020259,0.016993,1,2,4,3,10,7,5,8,11,13,9,12,6,14,16,17,15
2017-09-11,0.053176,0.051137,-0.023793,0.026569,0.000248,0.001443,-0.024089,0.002977,0.003205,-0.000991,0.025496,-0.000907,-0.025079,-0.00101,0.025442,-0.026607,0.025571,0.003332,-0.001152,17,16,15,14,8,10,13,9,7,6,11,5,12,3,4,1,2
2017-09-12,0.120329,0.111672,-0.058748,0.057745,0.000319,0.005228,-0.0474,-0.023184,-0.010954,0.037172,0.036881,0.011197,-0.046401,-2.3e-05,0.058563,-0.061766,0.050795,-0.00993,0.004695,17,14,15,16,7,6,8,9,13,12,4,11,10,5,1,2,3
2017-09-13,0.627027,0.598767,-0.291437,0.305007,-0.0011,0.005172,-0.287767,0.008802,0.015178,0.001887,0.278462,-0.010221,-0.2977,-0.011094,0.28904,-0.32202,0.291097,0.024657,-0.012206,17,16,14,15,8,11,13,10,7,6,9,5,12,4,3,1,2
2017-09-14,0.388857,0.371959,-0.182681,0.189934,-0.0003,0.004773,-0.17862,0.006969,0.010427,0.002694,0.173105,-0.007195,-0.185591,-0.005649,0.178426,-0.198923,0.180321,0.016661,-0.003734,17,16,14,15,8,13,11,10,7,6,9,5,12,4,3,1,2
2017-09-15,0.106873,0.102475,-0.051519,0.051133,-0.000907,0.001254,-0.048008,-0.001661,-0.000588,0.005153,0.045542,-0.000141,-0.050386,-0.001704,0.049837,-0.055739,0.048812,0.002734,-0.00037,17,15,14,16,7,8,9,11,12,10,5,6,13,4,2,1,3
2017-09-18,0.084987,0.081678,-0.041183,0.040717,-0.000871,0.000823,-0.038628,-0.00138,-0.000497,0.003774,0.036189,-0.000359,-0.040455,-0.001533,0.039545,-0.04427,0.038865,0.002118,-0.000464,17,15,14,16,7,8,9,11,12,10,5,6,13,4,2,1,3
2017-09-19,0.49554,0.477456,-0.235597,0.243228,1.6e-05,0.007249,-0.22879,0.008098,0.011031,0.00715,0.222271,-0.006761,-0.239583,-0.007341,0.229258,-0.252313,0.232389,0.022764,-0.002918,17,16,14,15,8,12,11,10,7,6,9,5,13,4,3,1,2
2017-09-20,0.330278,0.319409,-0.159239,0.162947,0.001964,0.002721,-0.154635,0.008562,0.01121,0.000704,0.150991,-0.006325,-0.159446,-0.00527,0.153126,-0.16733,0.15614,0.016018,-0.003699,17,16,14,15,8,13,11,9,7,6,10,5,12,4,3,1,2
2017-09-21,0.712685,0.688155,-0.342045,0.347528,0.001703,0.009043,-0.33162,0.016929,0.015409,0.009899,0.321205,-0.012039,-0.346377,-0.013102,0.328933,-0.365157,0.334425,0.031457,-0.009974,17,16,14,15,9,12,11,10,6,7,8,5,13,4,3,1,2
2017-09-22,0.391992,0.376049,-0.18566,0.19367,0.00194,0.000477,-0.18696,0.012708,0.012874,-0.002987,0.177655,-0.008152,-0.189295,-0.006901,0.177994,-0.198322,0.181908,0.019289,-0.006086,17,16,15,14,9,13,11,8,7,6,10,5,12,4,3,1,2
2017-09-25,0.102654,0.098302,-0.046599,0.052581,0.001715,-0.000377,-0.04876,0.006974,0.006547,-0.00275,0.047217,-0.003317,-0.047943,-0.000814,0.045871,-0.050074,0.048331,0.008482,0.000818,17,15,16,14,10,13,9,8,6,7,12,5,11,3,4,1,2
2017-09-26,0.133605,0.128696,-0.064453,0.064598,0.000501,0.001508,-0.061024,0.00051,-0.000439,0.006382,0.058169,0.000999,-0.062492,-0.000446,0.063328,-0.069006,0.062209,0.003598,-3.3e-05,17,15,14,16,7,8,11,10,9,12,5,6,13,4,2,1,3
2017-09-27,0.14924,0.142876,0.07063,-0.072752,-0.000461,-0.000154,0.069439,-0.002062,-0.001257,-0.004582,-0.067051,-6.6e-05,0.071535,0.001051,-0.068884,0.076488,-0.068337,-0.005664,-0.000201,1,2,4,3,7,6,8,9,11,10,12,13,5,14,16,17,15
2017-09-28,0.525608,0.504888,-0.249595,0.259624,0.002378,0.001447,-0.24761,0.011953,0.010546,0.006873,0.23792,-0.003759,-0.255175,-0.004769,0.241367,-0.265985,0.242919,0.024581,-0.000239,17,16,14,15,10,12,11,9,6,7,8,5,13,4,3,1,2
2017-09-29,0.159605,0.152982,-0.076069,0.075495,-0.001607,-0.000921,-0.075051,-0.000836,-0.002586,0.006803,0.071344,0.002755,-0.078157,-0.002173,0.073771,-0.08411,0.070901,0.003559,-0.001899,17,16,14,15,9,7,11,10,8,13,5,6,12,3,2,1,4
2017-10-02,0.116461,0.112806,0.055806,-0.058653,-0.000882,0.001176,0.056618,-0.005421,-0.004814,0.004793,-0.053603,0.002968,0.057808,0.001777,-0.051523,0.057229,-0.054507,-0.007311,0.001486,2,1,3,4,9,6,8,10,12,11,5,13,7,15,14,17,16
2017-10-03,0.053625,0.047655,-0.022164,0.020351,0.000273,2.5e-05,-0.019586,-0.004115,-0.005323,0.012929,0.023699,0.006251,-0.021717,-0.000176,0.02695,-0.026676,0.021759,-0.0015,0.001472,17,15,14,16,9,6,7,8,12,13,5,11,10,2,1,4,3
2017-10-04,0.11632,0.11277,-0.054493,0.054949,0.001544,-0.001253,-0.055075,0.00117,-0.000761,0.00443,0.054592,0.001774,-0.057373,-0.002234,0.055042,-0.061277,0.054065,0.003931,-3.6e-05,17,16,15,14,12,7,10,8,9,11,5,6,13,3,1,2,4
2017-10-05,0.366832,0.354562,0.173073,-0.183948,-0.004731,0.002758,0.17546,-0.013811,-0.009787,0.002232,-0.170066,0.002418,0.179324,0.003027,-0.16875,0.182884,-0.172004,-0.019903,0.001744,1,2,3,4,6,7,9,10,12,11,8,13,5,15,14,17,16
2017-10-06,0.171759,0.161356,-0.075073,0.073551,0.003695,-0.002354,-0.075803,-0.002744,-0.007607,0.015731,0.078632,0.008328,-0.080946,-0.002435,0.080929,-0.09083,0.076928,-0.000388,0.003503,17,16,15,14,10,6,8,7,12,13,5,9,11,2,1,4,3
2017-10-09,0.03486,0.027516,-0.01594,0.01892,-0.000569,0.000956,-0.013873,0.0065,0.00814,-0.010187,0.009314,-0.006325,-0.012924,0.00165,0.007414,-0.00711,0.011578,0.006384,-0.002322,13,15,16,17,9,12,11,10,6,4,14,7,8,3,5,1,2
2017-10-10,0.137988,0.129605,-0.069404,0.068583,0.000596,-0.000342,-0.064435,0.005937,0.002978,0.000418,0.059047,-0.005074,-0.066551,-0.001685,0.054154,-0.063179,0.060795,0.007419,0.000671,14,16,15,17,11,13,8,9,6,7,10,5,12,3,4,1,2
2017-10-11,0.411273,0.398884,0.205138,-0.205973,-0.00502,-5.8e-05,0.195273,-0.013938,-0.004485,-0.008559,-0.186459,0.005069,0.204902,0.003478,-0.178491,0.2053,-0.188879,-0.018542,-0.002603,1,3,4,2,7,5,8,10,12,9,11,13,6,15,14,17,16
2017-10-12,0.147701,0.141903,0.072763,-0.074938,-0.000816,0.000311,0.068772,-0.005893,-0.003102,-0.003693,-0.066201,0.00037,0.07163,0.000399,-0.063867,0.071855,-0.068323,-0.008114,-0.001359,2,3,4,1,7,6,9,8,12,10,11,13,5,15,14,17,16
2017-10-13,0.224835,0.214819,0.104289,-0.110863,-0.002622,0.000643,0.101963,-0.005986,0.003285,-0.010685,-0.101832,-0.004471,0.110294,-0.000676,-0.101611,0.113971,-0.103207,-0.009794,-0.003661,1,2,4,3,6,10,9,8,11,5,13,12,7,15,14,17,16
2017-10-16,0.240062,0.230543,-0.112271,0.118247,0.001617,-0.000846,-0.108973,0.004591,-0.004568,0.008221,0.105937,0.001018,-0.12043,-0.003282,0.10881,-0.121815,0.110057,0.007312,0.003397,17,16,14,15,11,10,8,9,7,13,5,6,12,4,3,1,2
2017-10-17,0.115454,0.109666,-0.053879,0.059079,0.00133,0.000565,-0.051288,0.003893,4.6e-05,0.003791,0.051001,0.000532,-0.056375,-0.000403,0.051025,-0.055452,0.05319,0.005463,0.002626,16,17,14,15,10,11,8,9,6,12,7,5,13,4,3,1,2
2017-10-18,0.542467,0.515703,0.249634,-0.2696,-0.003414,0.00128,0.245414,-0.012073,0.008178,-0.016766,-0.237714,-0.003328,0.265493,0.00573,-0.243543,0.272868,-0.245974,-0.0193,-0.007024,1,2,4,3,7,8,10,9,11,5,12,13,6,14,15,17,16
2017-10-19,0.176479,0.168544,0.078677,-0.08362,-0.00242,0.00272,0.079338,-0.000995,0.00665,-0.007412,-0.077625,-0.00329,0.087298,0.003303,-0.084215,0.092263,-0.078897,-0.003427,-0.000804,1,2,3,4,7,11,8,10,9,5,13,12,6,14,17,16,15
2017-10-20,0.194593,0.184648,0.089567,-0.09833,-0.001986,-0.000415,0.088012,-0.004649,0.001682,-0.004847,-0.083784,-0.001012,0.096016,-0.000367,-0.086048,0.096263,-0.087719,-0.007684,-0.003104,1,2,4,3,7,8,10,9,11,5,12,13,6,14,15,17,16
2017-10-23,0.329214,0.310557,-0.138596,0.154603,0.010151,0.000124,-0.143206,0.000904,-0.009507,0.016217,0.142192,0.010844,-0.160398,-2.7e-05,0.160261,-0.168953,0.144251,0.006179,0.003339,17,16,15,14,11,6,9,7,10,13,5,8,12,4,1,2,3
2017-10-24,0.142612,0.123179,0.04821,-0.052341,-0.006183,0.001173,0.054029,0.005178,0.009036,-0.011377,-0.056331,-0.008736,0.063986,-0.000666,-0.070899,0.071713,-0.052578,0.002795,0.001178,1,2,3,4,9,12,8,11,6,5,13,7,10,16,17,14,15
2017-10-25,0.367525,0.348113,-0.162781,0.183872,0.005589,-0.00164,-0.165825,0.005604,-0.004853,0.011977,0.159469,0.005929,-0.179664,0.005071,0.168728,-0.183654,0.162596,0.011978,0.006651,17,16,15,14,12,8,7,10,9,13,6,5,11,4,2,1,3
2017-10-26,0.173987,0.148623,0.05647,-0.064024,-0.007643,0.002314,0.065712,0.008795,0.012272,-0.013687,-0.069036,-0.013617,0.073111,-0.003544,-0.088468,0.085519,-0.06153,0.004983,-5.1e-05,1,2,3,4,8,12,9,11,6,5,13,7,10,16,17,15,14
2017-10-27,0.480339,0.456445,-0.214945,0.238901,0.007932,-0.00522,-0.220711,0.003753,-0.004041,0.019967,0.208861,0.008231,-0.22944,0.008668,0.225035,-0.241438,0.213809,0.015368,0.00812,17,16,15,14,13,8,9,10,11,12,5,6,7,4,2,1,3
2017-10-30,0.43497,0.412581,0.206992,-0.221554,-0.000941,0.002059,0.205303,-0.007348,-0.002178,-0.010196,-0.183029,0.005118,0.209834,-0.003595,-0.189503,0.213417,-0.196444,-0.018748,-0.005567,1,2,4,3,6,5,10,7,11,8,12,13,9,14,15,17,16
2017-10-31,0.442796,0.421674,-0.217954,0.224843,-0.000451,-0.003528,-0.211556,0.006958,0.003385,0.007817,0.184841,-0.011077,-0.213246,0.000711,0.193078,-0.217196,0.198706,0.016281,0.003771,16,15,14,17,12,13,8,11,7,9,6,5,10,4,3,1,2
2017-11-01,0.171139,0.163427,0.082314,-0.087792,-0.00182,-0.000485,0.080421,-0.003519,-0.002276,-0.004504,-0.073662,0.002122,0.081174,-0.001185,-0.077158,0.083347,-0.078497,-0.007015,-0.003204,1,3,4,2,6,5,10,8,11,9,12,13,7,14,15,17,16
2017-11-02,0.345173,0.330564,-0.160386,0.169732,0.005742,0.000534,-0.159599,0.000355,-0.004168,0.011435,0.150156,0.002361,-0.165452,0.00043,0.16605,-0.175441,0.154631,0.006024,0.003045,17,16,14,15,10,9,8,7,12,13,5,6,11,4,2,1,3
2017-11-03,0.088889,0.085185,-0.045616,0.043273,-0.001211,-0.002019,-0.044615,-0.000865,-0.001408,-0.000211,0.036166,-0.003702,-0.045023,-0.002094,0.037422,-0.04556,0.03866,0.000372,-0.000904,16,15,14,17,11,13,8,9,7,10,6,5,12,4,3,1,2
2017-11-06,0.468493,0.450145,0.226723,-0.236231,-0.007274,-0.001366,0.223485,-0.006314,-0.002519,-0.011173,-0.203324,0.004389,0.226026,0.000131,-0.213396,0.232262,-0.215797,-0.011974,-0.006479,1,3,4,2,7,5,10,11,9,8,12,13,6,14,15,17,16
2017-11-07,1.075803,1.026869,-0.506997,0.533497,0.01059,0.006282,-0.510119,0.002371,-0.006746,0.027629,0.46489,-0.001484,-0.51863,-0.011671,0.496853,-0.542305,0.479203,0.011505,0.008304,17,16,15,14,9,11,8,7,10,12,5,6,13,4,2,1,3
2017-11-08,0.834212,0.803236,0.398753,-0.429395,-0.015649,-0.007079,0.390629,-0.009502,0.007824,-0.020522,-0.363564,0.005066,0.404817,-0.012988,-0.395357,0.40342,-0.377965,-0.017727,-0.010762,2,1,4,3,7,6,9,11,8,5,13,12,10,14,16,17,15
2017-11-09,0.530988,0.513683,0.257169,-0.271284,-0.00851,-0.002583,0.254617,-0.005211,0.004997,-0.010194,-0.232176,0.004265,0.259704,-0.005754,-0.251437,0.259607,-0.241847,-0.00958,-0.005631,2,1,4,3,7,6,9,11,8,5,13,12,10,14,16,17,15
2017-11-10,0.154188,0.142802,0.060337,-0.070699,-0.005159,-0.006553,0.062098,0.00146,0.00526,-0.006184,-0.072081,-0.008316,0.06934,0.000318,-0.077203,0.076985,-0.064229,0.00267,-0.005273,1,2,3,4,12,13,10,9,7,5,11,6,8,16,17,15,14
2017-11-13,0.250604,0.242109,0.118825,-0.123598,-0.00562,-0.001143,0.118245,-0.00149,0.005786,-0.003625,-0.11039,0.000488,0.124562,0.000787,-0.118261,0.127006,-0.114076,0.000727,-0.002789,1,2,4,3,9,8,11,13,10,5,12,7,6,14,16,17,15
2017-11-14,0.439517,0.42285,0.211763,-0.22353,-0.012707,0.002153,0.208023,-0.01157,0.003332,-0.007356,-0.190891,0.005659,0.215987,-0.003491,-0.201092,0.211724,-0.204456,-0.006167,-0.006647,3,1,4,2,7,5,10,13,12,6,11,9,8,14,15,17,16
2017-11-15,0.933484,0.902791,0.448174,-0.465613,-0.019337,-0.006509,0.435918,-0.020916,0.014072,-0.011536,-0.419891,0.003126,0.453467,-0.016784,-0.444493,0.467871,-0.428755,-0.000495,-0.01185,1,2,4,3,8,6,10,12,13,5,9,7,11,14,16,17,15
2017-11-16,0.137355,0.123955,-0.069872,0.067483,0.01153,-0.010588,-0.06832,0.006084,0.006725,0.005464,0.039485,-0.018767,-0.06135,0.010252,0.039276,-0.040199,0.065354,0.013044,0.014602,14,15,16,17,12,13,5,7,10,9,11,6,8,3,4,1,2
2017-11-17,0.540027,0.523116,0.27453,-0.265497,-0.016265,0.011953,0.274089,-0.00945,-0.002192,-0.010656,-0.21512,0.024506,0.262039,-0.0117,-0.237878,0.242322,-0.255314,-0.00997,-0.014307,4,3,2,1,6,5,12,13,8,7,10,9,11,14,15,17,16
2017-11-20,0.427506,0.415356,-0.212037,0.214116,0.012944,-0.003411,-0.21339,0.009112,0.000776,0.005715,0.1733,-0.016715,-0.203552,0.010211,0.196488,-0.19572,0.206486,0.004402,0.010261,14,15,17,16,12,13,6,5,8,11,9,10,7,4,3,1,2
2017-11-21,0.114575,0.111494,-0.055163,0.059369,0.005606,0.001057,-0.055206,0.004043,0.001008,0.002959,0.04924,-0.001668,-0.053904,0.004005,0.053994,-0.052276,0.056845,0.002055,0.003457,14,15,17,16,11,13,8,5,6,12,9,10,7,4,3,1,2
2017-11-22,0.250652,0.23807,0.122737,-0.122231,-0.011754,0.005072,0.126204,-0.006596,-0.004424,-0.00243,-0.086239,0.021398,0.115705,-0.007684,-0.102887,0.101858,-0.124447,-0.001772,-0.009421,4,3,1,2,6,5,12,13,10,9,8,7,11,14,15,16,17
2017-11-24,0.099231,0.096105,0.045335,-0.048021,-0.001734,-0.002151,0.044161,-0.001139,0.003071,-0.00066,-0.047747,-0.004798,0.047979,0.000464,-0.048519,0.050713,-0.041825,0.000868,0.001933,1,2,4,3,12,13,6,11,10,5,9,7,8,15,17,16,14
2017-11-27,0.024753,0.020547,-0.007536,0.00859,-0.000551,0.001522,-0.006712,-0.000106,-0.001891,-4.3e-05,0.012774,0.004697,-0.009218,-0.000837,0.011543,-0.011979,0.005572,-0.000641,-0.001996,17,16,14,15,6,5,13,9,8,12,7,10,11,1,2,3,4
2017-11-28,0.601485,0.586819,0.293547,-0.304746,-0.019869,-0.004915,0.289577,-0.009943,0.006417,-0.006418,-0.269024,0.003414,0.296739,-0.007177,-0.285824,0.295387,-0.284213,0.000632,-0.003904,2,1,4,3,9,6,8,13,12,5,10,7,11,14,16,17,15
2017-11-29,0.351138,0.330651,-0.146846,0.161074,0.00347,0.011484,-0.147453,0.00614,-0.01186,0.004241,0.172689,0.026869,-0.161092,-0.003201,0.171196,-0.178449,0.134994,-0.001818,-0.012845,17,16,15,14,6,5,13,9,7,12,8,10,11,1,2,3,4
2017-11-30,0.526694,0.513669,-0.258767,0.262798,0.015143,0.000873,-0.259248,0.004114,-0.0067,0.002229,0.233433,-0.008481,-0.263032,0.00225,0.247113,-0.263896,0.244921,-0.004801,0.000213,17,16,15,14,9,13,10,5,6,12,8,11,7,4,2,1,3
2017-12-01,0.083853,0.073542,0.040418,-0.038097,-0.007829,0.006071,0.037603,-0.002328,-0.006208,-0.000137,-0.004315,0.023851,0.038984,-0.002743,-0.014663,0.023806,-0.043436,0.008751,-0.02209,5,2,3,1,7,4,15,13,9,12,8,6,10,11,14,16,17
2017-12-04,0.162262,0.156016,-0.078229,0.080239,0.005826,-0.002991,-0.081456,0.003125,0.00167,0.003177,0.061909,-0.013824,-0.082022,0.002547,0.067509,-0.074393,0.078594,-0.006249,0.009922,14,17,16,15,11,13,5,6,8,10,7,12,9,4,3,1,2
2017-12-05,0.694489,0.678565,-0.339699,0.354298,0.032557,0.005151,-0.340191,0.020127,-0.002318,0.008455,0.303613,-0.014345,-0.339232,0.009606,0.328146,-0.338817,0.334129,0.004091,0.009591,14,15,17,16,10,13,8,5,6,12,9,11,7,4,3,1,2
2017-12-06,0.132485,0.12477,0.062102,-0.059473,-0.003463,-0.004724,0.054776,0.001942,0.009174,0.005722,-0.062996,-0.01244,0.057256,0.003977,-0.067728,0.064757,-0.051263,-0.009014,0.018355,1,3,4,2,11,13,5,10,9,6,7,12,8,16,17,15,14
2017-12-07,0.857664,0.828946,0.423541,-0.434123,-0.03606,-0.011035,0.41482,-0.015296,-0.002072,-0.018475,-0.369263,0.018266,0.415774,-0.014727,-0.397245,0.408148,-0.401335,0.000156,0.003448,4,2,3,1,9,5,6,13,11,8,12,7,10,14,15,17,16
2017-12-08,0.395983,0.38137,-0.195936,0.200048,0.017382,0.004398,-0.185197,0.006922,-0.000893,0.006133,0.174134,-0.005139,-0.189938,0.006673,0.184476,-0.188594,0.185119,0.001282,-0.00377,15,16,14,17,9,13,12,5,6,11,8,10,7,4,3,1,2
2017-12-11,0.186861,0.179541,0.086085,-0.093575,-0.006548,0.003785,0.088316,-0.008564,-0.002749,-0.001457,-0.075984,0.016528,0.092948,-0.006256,-0.082892,0.086978,-0.093914,0.00694,-0.012171,3,1,2,4,7,5,13,11,12,9,8,6,10,14,15,16,17
2017-12-12,0.247902,0.240351,0.119449,-0.124952,-0.008806,0.000705,0.119144,-0.005874,-0.000507,-0.002043,-0.106501,0.012508,0.12295,-0.005994,-0.114076,0.119363,-0.120262,0.0038,-0.005499,3,1,4,2,7,5,10,13,11,8,9,6,12,14,15,17,16
2017-12-13,0.476916,0.465423,-0.234133,0.240644,0.01874,0.002234,-0.230733,0.007434,0.000432,0.00537,0.210172,-0.017045,-0.236272,0.01066,0.223893,-0.233468,0.227859,-0.004459,0.002979,15,17,14,16,10,13,9,5,7,11,8,12,6,4,3,1,2
2017-12-14,0.526682,0.511146,0.260898,-0.265784,-0.01863,0.002513,0.251362,-0.005836,0.001068,-0.007994,-0.225608,0.014577,0.252795,-0.015496,-0.248277,0.25552,-0.250165,0.000916,-0.001337,2,3,4,1,6,5,9,13,10,7,11,8,12,14,15,17,16
2017-12-15,0.072378,0.069176,0.037438,-0.034916,-0.005332,-0.006757,0.028992,0.001849,0.002764,-0.00297,-0.034939,-0.011435,0.029494,0.001589,-0.034911,0.03583,-0.024318,-0.007467,0.014375,2,3,4,1,11,13,5,10,7,6,9,12,8,17,15,16,14
2017-12-18,0.436233,0.426185,0.211475,-0.221172,-0.011873,0.009612,0.215061,-0.005806,-0.002268,-0.007944,-0.182366,0.027791,0.21183,-0.020384,-0.205763,0.204983,-0.213255,0.006316,-0.021793,4,2,1,3,6,5,13,11,9,8,10,7,12,14,15,17,16
2017-12-19,0.855183,0.829313,-0.424042,0.431141,0.030083,0.003737,-0.410883,0.002771,0.000686,0.017207,0.375944,-0.006712,-0.409818,0.02463,0.41171,-0.409797,0.400344,0.005035,-0.00637,14,15,16,17,9,13,12,5,10,11,7,8,6,4,2,1,3
2017-12-20,0.030435,0.026897,0.016795,-0.003292,0.002411,-0.003971,0.006904,0.001979,0.006798,0.000142,-0.007664,-0.012381,0.011026,0.008428,-0.008446,0.017349,-0.000127,-0.007617,0.018054,2,4,6,3,13,17,1,8,9,7,10,14,5,15,16,12,11
2017-12-21,0.323344,0.319717,-0.158423,0.164921,0.006163,0.004139,-0.15679,0.00785,0.010652,0.008554,0.144856,-0.011864,-0.155443,0.011405,0.161137,-0.153745,0.162437,-0.002038,0.005177,14,15,16,17,11,13,10,9,8,6,7,12,5,4,3,1,2
2017-12-22,0.948153,0.928592,-0.47411,0.474043,0.022694,0.0071,-0.452281,0.022343,0.017966,0.020636,0.412565,-0.028242,-0.459354,0.019149,0.459869,-0.457277,0.461124,0.002355,-0.006614,15,16,14,17,10,13,12,5,6,9,7,11,8,4,3,1,2
2017-12-26,0.19304,0.190075,-0.096555,0.096485,0.003564,0.000515,-0.095578,0.004076,0.004544,0.0051,0.084431,-0.007438,-0.094767,0.001471,0.093343,-0.093871,0.093497,-0.000825,-0.000888,14,15,16,17,10,13,12,8,7,6,5,11,9,4,3,1,2
2017-12-27,0.364382,0.357611,-0.18242,0.181962,0.00645,0.001337,-0.179572,0.008212,0.008811,0.011247,0.15983,-0.014031,-0.176665,0.003431,0.176433,-0.17612,0.175779,-0.00144,-7.7e-05,14,15,16,17,10,13,11,8,7,6,5,12,9,4,2,1,3
2017-12-28,0.110034,0.108134,0.05473,-0.055304,-0.002697,-0.001068,0.053807,-0.002604,-0.003166,-0.003868,-0.048699,0.003478,0.053213,-0.001276,-0.053798,0.053348,-0.053415,-1.3e-05,-0.00022,3,4,2,1,8,5,7,11,10,12,13,6,9,14,16,17,15
2017-12-29,0.147572,0.144834,-0.07572,0.071853,0.002909,0.001599,-0.072299,0.002881,0.00201,0.004856,0.064977,-0.001093,-0.07197,-0.000878,0.071848,-0.073732,0.069051,0.002003,-0.004111,16,14,15,17,10,12,13,6,7,8,5,9,11,4,2,1,3
2018-01-02,0.024176,0.021463,0.01227,-0.007745,-0.001679,-0.002989,0.007772,-0.001181,0.001204,-0.001908,-0.010396,-0.009209,0.008337,0.00286,-0.011792,0.012384,-0.005636,-0.005469,0.006842,1,3,4,2,11,15,5,9,8,7,10,12,6,16,17,14,13
2018-01-03,0.390059,0.381084,-0.195698,0.192688,0.011928,0.008655,-0.185973,0.011816,0.012669,0.016509,0.178851,0.001624,-0.184275,0.002209,0.19436,-0.189854,0.184678,0.009075,-0.003982,16,14,15,17,10,12,13,7,8,6,5,9,11,4,1,2,3
2018-01-04,0.330181,0.322134,-0.167954,0.161447,0.008431,0.005366,-0.158068,0.008989,0.009783,0.012845,0.148991,-0.00068,-0.155776,0.00065,0.162227,-0.161067,0.155638,0.00611,-0.003518,16,14,15,17,10,12,13,8,7,6,5,9,11,4,1,2,3
2018-01-05,0.100281,0.098382,-0.049886,0.050395,0.003258,0.002215,-0.047498,0.003694,0.004166,0.004671,0.046434,-0.000197,-0.046662,0.00127,0.05036,-0.048045,0.048961,0.002341,0.000557,16,14,15,17,10,13,12,8,7,6,5,9,11,4,2,1,3
2018-01-08,0.219188,0.216223,0.106735,-0.109775,0.000139,0.003884,0.109412,-0.003919,-0.007762,-0.003773,-0.096876,0.016137,0.108587,-0.000283,-0.104975,0.10408,-0.109183,0.006759,-0.005778,4,2,1,3,7,5,12,8,11,13,10,6,9,14,15,17,16
2018-01-09,0.040978,0.03896,0.016471,-0.0214,-0.001616,-0.00024,0.018869,-0.002574,-0.003271,-0.002204,-0.018794,0.003165,0.018532,-0.002085,-0.0195,0.016304,-0.022109,0.00138,-0.004036,4,2,1,3,7,5,13,8,11,12,10,6,9,14,15,16,17
2018-01-10,0.155049,0.151285,0.082001,-0.073049,-0.00086,0.001041,0.077305,-0.000815,-0.000185,-0.00082,-0.066743,0.006069,0.075965,0.003438,-0.072391,0.078276,-0.070835,0.001272,0.003378,2,4,3,1,9,5,7,13,11,10,12,8,6,14,16,17,15
2018-01-11,0.101709,0.096486,-0.041422,0.052117,0.00302,-0.000954,-0.047948,0.005075,0.006985,0.004606,0.046134,-0.00852,-0.047097,0.004692,0.047112,-0.041368,0.053761,-0.004584,0.009429,14,16,17,15,11,13,5,10,7,6,9,12,8,4,3,2,1
2018-01-12,0.566075,0.549125,-0.289469,0.276605,0.01382,0.008652,-0.26675,0.007277,0.012625,0.017315,0.259551,0.003644,-0.258279,0.001702,0.274735,-0.274419,0.265397,0.009723,0.000399,16,14,15,17,9,11,13,6,10,7,5,8,12,4,2,1,3
2018-01-16,0.065536,0.062257,-0.031333,0.031587,0.004207,0.00425,-0.028116,0.002973,0.003782,0.003959,0.031315,0.007377,-0.025185,0.001953,0.034203,-0.030218,0.027707,0.007844,-0.003277,16,14,15,17,7,6,13,8,11,10,9,5,12,3,1,2,4
2018-01-17,0.617594,0.60135,0.315622,-0.301971,-0.008406,-0.004744,0.296792,-0.006503,-0.018631,-0.017723,-0.279584,0.002495,0.288317,-0.003368,-0.295558,0.303781,-0.290326,-0.006868,-0.005984,2,4,3,1,7,5,8,11,9,13,12,10,6,14,16,17,15
2018-01-18,0.419718,0.405511,0.211607,-0.205671,0.000429,0.003422,0.201145,-0.002904,-0.012115,-0.010976,-0.185654,0.017853,0.196593,-0.000924,-0.192638,0.19736,-0.208111,0.013199,-0.022284,3,4,2,1,7,5,13,8,10,12,11,6,9,14,15,16,17
2018-01-19,0.218886,0.210887,0.114014,-0.104872,-0.001747,0.001094,0.100835,-0.003274,-0.003349,-0.003907,-0.097117,-0.002584,0.101803,0.000834,-0.103155,0.111701,-0.096547,-0.005459,0.00425,2,3,4,1,6,9,5,8,10,11,12,13,7,15,16,17,14
2018-01-22,0.019468,0.015236,-0.00853,0.005405,0.000747,0.000309,-0.005508,0.000415,-0.001535,-0.001499,0.004885,0.00519,-0.006503,-0.001559,0.006789,-0.012679,0.001243,0.004997,-0.007115,17,14,13,16,9,3,15,7,8,11,10,4,12,5,1,2,6
2018-01-23,0.092291,0.084514,-0.043829,0.039442,0.003129,-0.001017,-0.038381,0.002823,0.000602,-0.000432,0.035981,0.006229,-0.041999,-0.00395,0.040266,-0.052024,0.034546,0.008228,-0.010111,17,15,14,16,11,6,13,7,8,9,10,5,12,3,1,2,4
2018-01-24,0.120197,0.117534,-0.064428,0.055769,-0.001758,-0.003316,-0.0589,-0.000289,-6e-06,-0.000638,0.050356,-0.002832,-0.060383,-0.004216,0.054258,-0.063676,0.054088,-0.000843,-0.002981,16,15,14,17,12,10,11,9,6,5,7,8,13,4,2,1,3
2018-01-25,0.235873,0.227637,-0.119893,0.11598,8.8e-05,-0.000798,-0.111791,0.004689,0.004911,0.005618,0.104656,-0.007389,-0.11169,2.4e-05,0.110813,-0.111743,0.11269,-0.005261,0.005269,15,14,16,17,11,13,6,9,8,7,5,12,10,4,3,1,2
2018-01-26,0.586903,0.567337,0.296854,-0.290048,-0.0036,0.004165,0.276384,-0.01494,-0.015775,-0.016263,-0.263148,0.011505,0.276992,-0.001278,-0.277116,0.279731,-0.28127,0.005367,-0.010183,2,3,4,1,7,5,10,9,11,12,13,6,8,14,15,17,16
2018-01-29,0.514315,0.500154,0.260032,-0.254284,0.004437,0.007104,0.249668,-0.005625,-0.010648,-0.011792,-0.229867,0.025867,0.247163,0.002525,-0.238002,0.237764,-0.251313,0.019917,-0.020922,4,3,2,1,7,5,13,8,10,11,12,6,9,14,15,17,16
2018-01-30,0.215441,0.203382,0.108871,-0.092075,-0.009422,-0.001798,0.09351,-0.008735,-0.008789,-0.006055,-0.091494,-0.013348,0.101322,0.003629,-0.099355,0.116086,-0.092438,-0.015563,0.015618,1,3,4,2,7,12,5,11,9,10,8,13,6,14,17,15,16
2018-01-31,0.097406,0.081933,0.045269,-0.029371,-0.011595,-0.003007,0.03335,-0.008182,-0.005051,-0.002938,-0.037796,-0.017634,0.03556,0.002451,-0.040512,0.056894,-0.029768,-0.025268,0.007766,1,3,4,2,8,12,5,11,10,9,7,13,6,16,17,14,15
2018-02-01,0.400846,0.391483,-0.204988,0.195859,-0.001258,-0.005967,-0.192914,0.006775,0.007743,0.007022,0.177624,-0.010009,-0.195212,-0.007175,0.186176,-0.199532,0.192683,-0.003068,0.001998,16,15,14,17,11,13,8,9,7,5,6,10,12,4,3,1,2
2018-02-02,0.120304,0.111535,-0.054221,0.066083,-0.005476,0.000904,-0.052403,0.004001,0.0057,0.009062,0.051605,-0.010646,-0.047626,0.001668,0.050793,-0.036643,0.062669,-0.008711,0.013175,14,15,16,17,10,13,5,11,8,7,6,12,9,3,4,1,2
2018-02-05,0.449683,0.408515,0.201238,-0.182068,-0.034696,0.000281,0.192265,-0.021972,-0.017597,-0.00995,-0.194144,-0.033083,0.198413,-0.003507,-0.212239,0.237444,-0.169556,-0.040417,0.015044,1,3,4,2,6,11,5,12,10,9,8,13,7,16,17,15,14
2018-02-06,0.13693,0.103622,0.008303,0.01891,-0.057077,0.00173,0.007919,-0.017243,-0.004498,-0.000346,-0.03752,-0.062559,0.014201,-0.012105,0.005369,0.069842,0.03539,-0.067088,0.016615,1,5,7,6,9,16,4,15,13,11,10,17,12,14,8,3,2
2018-02-07,0.381539,0.364323,-0.17179,0.174287,0.020779,0.032865,-0.198447,-0.014393,0.04024,0.037538,0.17782,-0.015428,-0.203718,0.022434,0.166907,-0.147627,0.163077,-0.010542,0.028049,14,17,16,15,7,13,8,10,12,5,6,11,9,1,3,2,4
2018-02-08,0.078529,0.066072,0.036697,-0.022576,0.006829,-0.01804,0.049034,0.014721,-0.016417,-0.018544,-0.029495,0.013847,0.038723,-0.015045,-0.021689,0.019378,-0.020937,0.006507,-0.012375,4,2,1,3,12,6,9,7,5,11,13,8,10,17,15,16,14
2018-02-09,0.428658,0.353907,0.186282,-0.107272,0.039569,-0.119675,0.27215,0.093687,-0.09569,-0.125145,-0.156508,0.082517,0.20196,-0.10517,-0.108684,0.096843,-0.102827,0.025033,-0.077902,4,2,1,3,15,6,9,7,5,10,16,8,12,17,14,13,11
2018-02-12,0.162366,0.145591,0.044927,-0.086004,-0.023744,0.046749,-0.00442,-0.027619,0.028417,0.049865,-0.064405,-0.026051,0.064453,0.048891,-0.083468,0.076362,-0.07662,-0.016605,0.019619,1,2,9,6,5,12,8,11,13,7,3,10,4,14,16,17,15
2018-02-13,0.098524,0.080626,-0.010212,-0.031382,-0.020536,0.043965,-0.049548,-0.016753,0.023663,0.046045,-0.01046,-0.017426,0.004852,0.048976,-0.018446,0.021402,-0.012165,-0.021962,0.017993,5,7,17,8,3,12,6,14,11,4,2,15,1,9,13,16,10
2018-02-14,0.147902,0.140661,0.063524,-0.075088,-0.006237,0.011792,0.051823,-0.007337,0.004849,0.011303,-0.067981,-0.005436,0.068125,0.01402,-0.071234,0.072814,-0.071199,-0.005601,0.004154,1,2,4,3,6,10,9,12,13,8,7,11,5,14,16,17,15
2018-02-15,0.334922,0.319603,-0.163146,0.143996,-0.007149,0.021542,-0.177737,-0.000317,0.014845,0.025316,0.151719,-0.00734,-0.158499,0.018402,0.150523,-0.147602,0.157185,-0.011117,0.011339,14,15,17,16,6,12,9,11,10,8,5,13,7,2,3,4,1
2018-02-16,0.770135,0.737154,0.337227,-0.387659,-0.027877,0.058933,0.284634,-0.036144,0.025085,0.05373,-0.360007,-0.029345,0.363018,0.068993,-0.370963,0.382476,-0.370119,-0.024982,0.021198,1,2,4,3,6,12,9,11,13,8,7,10,5,14,16,17,15
2018-02-20,0.279387,0.275253,0.132869,-0.139993,-0.003606,0.009883,0.121615,-0.007545,0.002476,0.00837,-0.132411,-0.004565,0.137325,0.013279,-0.137701,0.139393,-0.138479,-0.00207,0.002496,1,2,4,3,6,12,8,11,13,9,7,10,5,14,15,17,16
2018-02-21,0.422462,0.399403,-0.180896,0.212917,0.014427,-0.042858,-0.142682,0.020927,-0.01911,-0.040991,0.189823,0.01921,-0.19487,-0.047226,0.202518,-0.209544,0.197465,0.014813,-0.015473,17,16,14,15,12,6,9,8,5,10,11,7,13,4,2,1,3
2018-02-22,0.063871,0.057186,-0.011175,0.034703,0.011064,-0.028166,0.012751,0.012786,-0.014202,-0.028183,0.022882,0.015161,-0.014217,-0.027916,0.028289,-0.029168,0.023049,0.012637,-0.010789,17,13,7,11,15,5,10,9,6,12,16,8,14,4,2,1,3
2018-02-23,0.116993,0.110395,-0.05646,0.047406,-0.004062,0.008677,-0.06438,-0.002981,0.005216,0.009464,0.050234,-0.005721,-0.057029,0.006878,0.050469,-0.051949,0.052613,-0.005487,0.003272,14,16,17,15,6,13,9,11,10,8,5,12,7,3,2,4,1
2018-02-26,0.224805,0.190448,0.072633,-0.118099,-0.021116,0.058201,0.020007,-0.024303,0.028495,0.057639,-0.093074,-0.032966,0.075785,0.057727,-0.104716,0.106706,-0.093403,-0.02473,0.020716,1,2,9,3,4,13,8,10,11,7,6,12,5,14,16,17,15
2018-02-27,0.083827,0.071065,0.026314,-0.042662,-0.008798,0.026279,0.003855,-0.010236,0.013337,0.026153,-0.034446,-0.014007,0.028987,0.025984,-0.03962,0.041165,-0.033266,-0.00822,0.009689,1,2,9,3,4,13,8,11,12,7,5,10,6,15,16,17,14
2018-02-28,0.109899,0.083569,0.023422,0.008737,0.019147,-0.046324,0.063414,0.017738,-0.023407,-0.046485,-0.005649,0.025542,0.02486,-0.044083,0.001035,-0.000223,-0.00587,0.021162,-0.019847,10,3,1,4,16,2,13,6,7,14,17,5,15,11,9,8,12
2018-03-01,0.131984,0.113554,0.054294,-0.038023,0.015714,-0.027212,0.083183,0.00782,-0.01901,-0.033361,-0.047369,0.016948,0.061704,-0.0257,-0.045311,0.037591,-0.048801,0.011824,-0.021663,4,2,1,3,12,5,10,6,8,9,13,7,11,16,15,14,17
2018-03-02,0.063495,0.046517,0.006995,0.007861,0.014732,-0.025074,0.034196,0.008092,-0.015144,-0.029299,-0.001947,0.012936,0.01039,-0.023313,0.002788,-0.007995,-0.001637,0.010513,-0.01665,12,5,1,8,16,3,14,2,6,13,17,4,15,11,9,7,10
2018-03-05,0.277202,0.270609,0.130127,-0.136978,-0.003584,0.015212,0.116698,-0.005702,0.006667,0.014797,-0.130914,-0.007835,0.131631,0.017031,-0.136922,0.140224,-0.135943,-0.004213,0.006197,1,2,4,3,6,13,9,10,12,8,7,11,5,14,16,17,15
2018-03-06,0.075799,0.06911,0.017988,-0.038803,-0.018601,0.031671,-0.019348,-0.010827,0.015102,0.035516,-0.027003,-0.020229,0.009035,0.029703,-0.034178,0.036997,-0.030166,-0.014806,0.019647,1,8,12,6,3,13,5,11,9,7,2,10,4,14,16,17,15
2018-03-07,0.359339,0.353512,-0.173218,0.174906,-0.002203,-0.004657,-0.171935,0.006062,0.00197,-0.004686,0.174743,0.001703,-0.179721,-0.009491,0.179618,-0.176943,0.17613,0.001013,0.002717,16,17,14,15,11,8,6,10,5,7,12,9,13,4,1,3,2
2018-03-08,0.023399,0.02011,-0.008176,0.011952,0.003705,-0.005921,-0.000511,0.002857,-0.002275,-0.007256,0.010042,0.003596,-0.006979,-0.005459,0.011455,-0.011447,0.009508,0.003035,-0.003882,17,14,9,16,13,6,11,5,8,10,15,7,12,3,2,1,4
2018-03-09,0.227258,0.220032,0.104453,-0.113708,-0.007032,0.015713,0.087746,-0.008975,0.00432,0.019106,-0.1089,-0.008834,0.105779,0.018406,-0.114616,0.112642,-0.107941,-0.006676,0.007602,1,2,4,3,7,12,8,11,13,9,5,10,6,15,17,16,14
2018-03-12,0.247498,0.224428,-0.105495,0.093028,-0.018109,0.028733,-0.143409,-0.006963,0.015602,0.034445,0.102465,-0.014326,-0.118281,0.020758,0.099545,-0.091161,0.104088,-0.012703,0.023913,14,16,17,15,6,12,7,13,10,9,5,11,8,2,3,4,1
2018-03-13,0.037163,0.035629,0.015818,-0.017683,2.4e-05,-0.003539,0.018697,-0.001223,-0.002672,-0.003646,-0.018374,-0.000489,0.017133,-0.002324,-0.018466,0.014884,-0.018399,-0.000504,-0.003425,4,2,1,3,12,6,11,5,8,10,13,7,9,15,17,14,16
2018-03-14,0.122785,0.117981,0.056368,-0.053814,0.004392,-0.007702,0.065881,0.000339,-0.004098,-0.007588,-0.056904,0.002748,0.061394,-0.002978,-0.056828,0.053436,-0.056567,0.002802,-0.006799,4,2,1,3,13,7,11,5,8,10,12,6,9,17,16,14,15
2018-03-15,0.218405,0.213113,0.101792,-0.101517,0.004164,-0.008368,0.112616,-0.002323,-0.006,-0.007326,-0.105264,0.001387,0.110145,-0.00052,-0.105789,0.099337,-0.103733,0.002257,-0.008748,4,2,1,3,12,7,13,5,9,10,11,6,8,16,17,14,15
2018-03-16,0.073169,0.06921,0.033482,-0.030672,0.003496,-0.005067,0.040348,0.001013,-0.002354,-0.005178,-0.032821,0.002947,0.036991,-0.002172,-0.032013,0.031163,-0.031975,0.0025,-0.004103,4,2,1,3,12,6,11,5,8,10,13,7,9,17,16,14,15
2018-03-19,0.037156,0.032717,-0.015694,0.012537,-0.003544,0.005554,-0.022673,-0.001802,0.002223,0.006034,0.014483,-0.003268,-0.017859,0.003697,0.013379,-0.012955,0.014064,-0.002709,0.003782,14,16,17,15,6,12,7,13,10,9,5,11,8,1,3,4,2
2018-03-20,0.121258,0.105793,-0.04417,0.061725,0.015729,-0.03082,-0.010036,0.012623,-0.011051,-0.035575,0.051302,0.016211,-0.041234,-0.028935,0.059121,-0.059533,0.051597,0.012415,-0.018919,17,15,9,16,13,5,11,6,7,10,14,8,12,4,2,1,3
2018-03-21,0.171433,0.168325,-0.0812,0.084758,0.000297,-0.00055,-0.082642,0.002521,0.000992,-0.001954,0.084441,0.001233,-0.086675,-0.00522,0.084371,-0.082089,0.082103,-0.000581,0.001969,15,17,16,14,10,7,6,9,5,8,12,11,13,2,3,1,4
2018-03-22,0.562007,0.553817,-0.266257,0.280318,0.003663,-0.012455,-0.260373,0.009758,-0.001553,-0.019552,0.277543,0.010216,-0.281242,-0.026744,0.280766,-0.275326,0.269022,0.001621,-0.000992,16,17,14,15,11,5,9,7,6,10,12,8,13,3,1,2,4
2018-03-23,0.336624,0.302776,0.142568,-0.125364,0.022469,-0.042899,0.192346,0.011257,-0.019246,-0.045745,-0.144277,0.017652,0.158531,-0.029994,-0.131574,0.123813,-0.139031,0.022215,-0.033633,4,2,1,3,12,7,11,5,8,9,13,6,10,17,15,14,16
2018-03-26,0.136046,0.118979,-0.053005,0.071081,0.023305,-0.040743,0.001321,0.01636,-0.013926,-0.048346,0.053413,0.022894,-0.039872,-0.03732,0.066128,-0.064965,0.049767,0.021409,-0.026301,17,13,9,16,14,6,11,5,8,10,15,7,12,3,2,1,4
2018-03-27,0.120818,0.097786,0.031031,-0.063529,-0.024411,0.049545,-0.0262,-0.01579,0.018949,0.057289,-0.031895,-0.023344,0.019226,0.037833,-0.045667,0.045152,-0.032175,-0.023783,0.032012,3,7,13,6,2,10,5,12,9,8,1,11,4,14,16,17,15
2018-03-28,0.135133,0.125306,0.057657,-0.050455,0.006676,-0.014862,0.075637,0.002282,-0.00712,-0.016535,-0.059496,0.005199,0.067241,-0.008163,-0.057616,0.054876,-0.058272,0.007063,-0.010969,4,2,1,3,12,7,11,6,8,9,13,5,10,17,15,14,16
2018-03-29,0.250994,0.249147,0.122393,-0.124362,0.000353,0.005777,0.118434,-0.00176,0.001939,0.009203,-0.124459,-0.003923,0.126535,0.011112,-0.124438,0.125253,-0.121851,-0.000399,0.001864,2,1,4,3,7,13,9,10,12,8,6,11,5,17,16,15,14
2018-04-02,0.118228,0.103514,-0.046227,0.031905,-0.012327,0.018036,-0.072211,-0.008963,0.009986,0.022253,0.046017,-0.007401,-0.059699,0.015529,0.040457,-0.038524,0.045929,-0.008594,0.011435,14,16,17,15,6,10,8,13,12,9,5,11,7,1,3,4,2
2018-04-03,0.177438,0.149893,-0.068502,0.094866,0.018796,-0.034359,-0.019531,0.017728,-0.01681,-0.043536,0.071966,0.013567,-0.051687,-0.0365,0.080086,-0.082571,0.067497,0.009485,-0.020673,17,15,10,16,12,7,11,5,6,9,14,8,13,3,2,1,4
2018-04-04,0.076802,0.059839,-0.022454,0.008311,-0.011348,0.01893,-0.050425,-0.010264,0.009967,0.022783,0.022442,-0.005593,-0.035038,0.017372,0.017392,-0.014837,0.026376,-0.004686,0.01264,14,16,17,15,4,11,7,13,12,8,2,10,6,3,5,9,1
2018-04-05,0.20453,0.187946,0.088345,-0.105789,-0.009967,0.019747,0.062174,-0.012036,0.009511,0.027602,-0.093393,-0.008426,0.080504,0.023565,-0.097066,0.098741,-0.086329,-0.005932,0.010476,1,3,4,2,7,11,8,12,13,9,5,10,6,15,16,17,14
2018-04-06,0.261012,0.252751,-0.120212,0.11273,-0.007179,0.00777,-0.137054,-0.006085,0.006738,0.008397,0.122994,0.000552,-0.134457,0.002271,0.119576,-0.119502,0.123958,-0.004606,0.006916,14,16,17,15,6,10,7,13,12,8,5,11,9,2,3,4,1
2018-04-09,0.085157,0.061422,0.01117,0.011944,0.01631,-0.026064,0.051176,0.017776,-0.012158,-0.033981,-0.010866,0.007228,0.030189,-0.02508,-0.003306,-0.001714,-0.016823,0.009206,-0.016689,9,2,1,6,16,8,13,4,3,12,17,7,15,11,10,5,14
2018-04-10,0.039653,0.034258,0.01561,-0.02134,-0.003237,0.00551,0.008375,-0.003759,0.00213,0.007469,-0.016203,-0.001933,0.013644,0.006236,-0.017663,0.018313,-0.014845,-0.001689,0.003363,1,3,4,2,7,11,8,12,13,9,5,10,6,15,16,17,14
2018-04-11,0.245347,0.233022,-0.109866,0.09472,-0.009926,0.010561,-0.131789,-0.008904,0.006897,0.012743,0.111282,-0.002592,-0.125553,0.006167,0.107018,-0.109542,0.113558,-0.006439,0.007669,14,16,17,15,6,10,7,13,12,8,5,11,9,2,3,4,1
2018-04-12,0.130117,0.125449,-0.05884,0.066152,0.003954,-0.005641,-0.053211,0.005209,-0.000825,-0.008683,0.062399,0.003254,-0.06126,-0.008294,0.063733,-0.063966,0.059829,0.001934,-0.004466,17,16,14,15,11,7,10,6,5,9,13,8,12,3,2,1,4
2018-04-13,0.134688,0.131593,-0.06396,0.059155,-0.002222,0.001222,-0.070048,-0.001118,0.001672,0.000551,0.063707,-0.000323,-0.069385,-0.002024,0.062354,-0.064646,0.06464,-0.002575,0.000107,15,16,17,14,6,9,8,12,10,5,7,13,11,2,3,4,1
2018-04-16,0.099759,0.097003,0.046803,-0.050005,-0.001848,0.004172,0.044267,-0.002728,0.000911,0.006265,-0.047873,-0.001163,0.048296,0.006411,-0.048278,0.049754,-0.04595,-0.000408,0.003587,1,2,4,3,7,11,8,12,13,9,6,10,5,15,16,17,14
2018-04-17,0.165657,0.148718,0.067797,-0.087254,-0.010325,0.016821,0.04932,-0.01179,0.005556,0.02268,-0.072159,-0.004693,0.065151,0.019467,-0.075389,0.078402,-0.063881,-0.00601,0.012655,1,3,4,2,7,10,8,12,13,9,5,11,6,15,16,17,14
2018-04-18,0.102376,0.08587,0.036725,-0.05652,-0.010724,0.015227,0.019837,-0.011151,0.005226,0.019926,-0.041294,-0.005003,0.032617,0.016577,-0.044599,0.045856,-0.034062,-0.006449,0.01065,1,3,5,2,7,10,8,12,13,9,4,11,6,15,16,17,14
2018-04-19,0.270615,0.268065,-0.129717,0.131732,0.001572,-0.002854,-0.133184,0.00409,0.002536,-0.005803,0.133624,0.002409,-0.136991,-0.009485,0.133536,-0.134411,0.13245,0.000198,-0.003048,16,17,15,14,10,7,11,8,5,6,12,9,13,1,2,4,3
2018-04-20,0.37398,0.359575,-0.17077,0.190078,0.012027,-0.016258,-0.158761,0.014053,-0.002012,-0.023891,0.178769,0.007009,-0.174525,-0.024926,0.180682,-0.183902,0.171212,0.005481,-0.012504,17,16,14,15,11,7,10,6,5,9,12,8,13,3,2,1,4
2018-04-23,0.283979,0.270553,-0.127422,0.144869,0.010305,-0.014916,-0.115272,0.011637,-0.00093,-0.021834,0.13463,0.005818,-0.128637,-0.021582,0.13699,-0.13911,0.128594,0.005913,-0.011227,17,16,14,15,11,8,10,6,5,9,13,7,12,3,2,1,4
2018-04-24,0.035778,0.033899,-0.015839,0.014727,-0.000594,0.001659,-0.018545,-0.000354,0.001374,0.001688,0.016672,8.9e-05,-0.017213,0.000793,0.016194,-0.01553,0.017233,-0.000355,0.001267,14,16,17,15,6,10,8,13,11,7,5,12,9,2,3,4,1
2018-04-25,0.188744,0.175784,0.084244,-0.070441,0.007654,-0.008815,0.101628,0.006162,-0.005578,-0.009779,-0.082873,0.002814,0.091641,-0.004593,-0.079849,0.080998,-0.087116,0.005679,-0.006021,4,2,1,3,12,8,11,5,6,10,13,7,9,16,15,14,17
2018-04-26,0.017352,0.013612,0.004436,-0.00975,-0.003206,0.004821,-0.001039,-0.00351,0.001581,0.006143,-0.00553,-0.001444,0.003042,0.004781,-0.006989,0.007602,-0.003851,-0.00218,0.00293,1,6,9,5,3,10,7,12,13,8,2,11,4,15,16,17,14
2018-04-27,0.158499,0.142018,0.063853,-0.082003,-0.010898,0.017544,0.047244,-0.013147,0.004349,0.023412,-0.069243,-0.005353,0.061009,0.019665,-0.073449,0.076496,-0.062223,-0.008435,0.009926,1,3,4,2,7,10,8,12,13,9,5,11,6,15,16,17,14
2018-04-30,0.179123,0.172,0.081808,-0.089582,-0.004469,0.00916,0.076505,-0.006516,0.000801,0.013276,-0.084943,-0.002819,0.083059,0.012593,-0.087067,0.089541,-0.081847,-0.001707,0.005533,1,2,4,3,7,11,8,12,13,9,5,10,6,15,16,17,14
2018-05-01,0.088385,0.077803,-0.034711,0.045912,0.006249,-0.011068,-0.024227,0.007458,-0.003041,-0.014708,0.0374,0.003421,-0.032095,-0.012023,0.040818,-0.042473,0.033848,0.003127,-0.006711,17,15,14,16,11,7,10,6,5,9,13,8,12,3,2,1,4
2018-05-02,0.070496,0.07016,-0.034683,0.034274,-6.7e-05,-0.001394,-0.035517,0.000701,0.000461,-0.002397,0.034554,0.000219,-0.03548,-0.003025,0.034655,-0.035841,0.034433,-0.00022,-0.001158,17,15,16,14,11,7,10,8,5,6,12,9,13,2,1,4,3
2018-05-03,0.254087,0.242252,-0.115797,0.128152,0.007849,-0.014263,-0.106279,0.0107,-0.0012,-0.019777,0.120573,0.005179,-0.11372,-0.018515,0.12258,-0.125936,0.114682,0.004167,-0.008077,17,15,14,16,11,7,10,6,5,9,13,8,12,3,2,1,4
2018-05-04,0.030936,0.029401,-0.014187,0.016172,0.001626,-0.002649,-0.012012,0.000561,0.001052,-0.004394,0.014479,-0.000881,-0.014024,-0.003276,0.014575,-0.014764,0.012237,-0.000799,-0.000503,17,15,14,16,11,10,8,5,7,6,13,9,12,3,2,1,4
2018-05-07,0.097914,0.081874,0.045106,-0.052809,-0.003421,0.00204,0.031875,-0.001563,-0.012194,0.009084,-0.04201,0.017621,0.031632,0.003207,-0.039191,0.034633,-0.025456,0.003388,-0.005253,2,4,3,1,9,5,12,11,10,13,6,7,8,16,15,17,14
2018-05-08,0.184414,0.181661,-0.089685,0.086291,-0.001328,0.001146,-0.09357,0.002725,0.006615,-0.001973,0.088225,0.000488,-0.086497,-0.004479,0.089111,-0.095303,0.089088,0.001155,-0.001315,17,14,16,15,8,9,10,11,6,5,12,7,13,3,1,4,2
2018-05-09,0.471904,0.466641,-0.233828,0.228264,-0.002628,0.00233,-0.239327,0.00786,0.020904,-0.007977,0.226983,-0.008458,-0.21604,-0.00976,0.227881,-0.24364,0.222417,0.000431,-0.001594,17,14,16,15,7,12,9,10,6,5,11,8,13,3,2,1,4
2018-05-10,0.476037,0.466904,-0.223485,0.221358,-0.000948,0.000359,-0.235757,0.003627,0.015663,-0.00741,0.228992,0.006342,-0.231179,-0.022976,0.228746,-0.245335,0.230702,0.013375,-0.001407,17,15,16,14,9,7,11,10,8,5,12,6,13,2,3,4,1
2018-05-11,0.218208,0.212918,0.111335,-0.106873,0.003445,-0.00354,0.109923,-0.008123,-0.012742,0.002602,-0.100447,0.011981,0.088369,-0.00288,-0.103004,0.107174,-0.095038,0.01069,0.002143,3,4,2,1,11,5,9,7,12,13,8,6,10,15,16,17,14
2018-05-14,0.259069,0.255458,0.127035,-0.124774,0.001313,-0.002226,0.131738,-0.005073,-0.011586,0.002714,-0.123757,0.002186,0.119312,0.003686,-0.126014,0.133055,-0.123374,-0.000743,0.000935,1,4,2,3,11,7,9,8,12,13,6,10,5,15,17,16,14
2018-05-15,0.026687,0.02623,0.012481,-0.013255,-0.000404,-0.000691,0.013061,-0.000983,-0.00163,-0.000223,-0.013202,-0.000407,0.011972,-1.7e-05,-0.013438,0.013249,-0.013205,-0.000727,-0.000406,1,4,2,3,10,9,8,7,12,13,6,11,5,14,17,16,15
2018-05-16,0.095534,0.089342,-0.049075,0.046458,-0.001883,0.002441,-0.047029,0.004116,0.006887,-0.000835,0.04176,-0.007327,-0.029567,0.001996,0.0415,-0.042203,0.035232,-0.008805,-0.002561,15,14,16,17,7,12,11,10,6,5,9,13,8,2,3,1,4
2018-05-17,0.018128,0.013217,-0.00259,0.002066,-0.000263,-0.002072,-0.004926,-0.001975,-0.001852,-0.00098,0.004087,0.002568,-0.010979,-0.002765,0.004852,-0.007657,0.007149,0.003991,-3.2e-05,16,17,15,13,12,5,7,8,11,10,9,4,14,3,2,6,1
2018-05-18,0.164245,0.161796,-0.079821,0.078906,-0.00051,-0.000392,-0.083485,0.003087,0.007185,-0.001858,0.078931,-0.001061,-0.076826,-0.003347,0.079645,-0.0846,0.077722,0.001043,-0.003886,17,14,16,15,8,10,13,9,6,5,11,7,12,2,1,3,4
2018-05-21,0.093368,0.091082,0.043542,-0.042432,0.000389,0.001514,0.045838,-0.000534,-0.003214,0.001393,-0.043837,-0.001611,0.045644,0.002886,-0.044559,0.048141,-0.045227,-0.003281,0.001787,1,3,2,4,7,11,6,9,10,12,8,13,5,15,16,14,17
2018-05-22,0.120363,0.113814,-0.048396,0.04764,-0.000162,-0.004618,-0.053584,-0.00212,0.001088,-0.00187,0.053266,0.008761,-0.061199,-0.005519,0.054297,-0.059933,0.059164,0.010754,-0.000278,16,17,15,14,12,6,9,8,11,7,10,5,13,3,2,4,1
2018-05-23,0.191313,0.187723,0.09002,-0.086831,0.000855,0.002595,0.095209,-0.001387,-0.007019,0.002603,-0.090994,-0.00341,0.093299,0.005239,-0.092355,0.098632,-0.092681,-0.004561,0.00356,1,3,2,4,8,11,6,9,10,13,7,12,5,15,16,14,17
2018-05-24,0.314454,0.310798,0.157334,-0.154388,0.000139,-0.00245,0.160066,-0.007744,-0.018918,0.002087,-0.150656,0.006854,0.139759,0.004839,-0.152735,0.157214,-0.1466,0.00019,0.008831,3,4,1,2,11,6,5,10,12,13,8,9,7,15,16,17,14
2018-05-25,0.446677,0.443138,0.221958,-0.211997,-0.003178,-0.00389,0.229997,-0.005269,-0.023869,0.002615,-0.214369,0.000767,0.211793,0.006707,-0.21668,0.229803,-0.216609,-0.006571,0.013839,2,4,1,3,10,8,5,9,11,13,7,12,6,15,17,14,16
2018-05-29,0.413369,0.410361,0.205081,-0.199575,-0.007868,0.001467,0.213088,-0.00689,-0.024521,0.003528,-0.200281,0.004402,0.19959,0.00631,-0.200192,0.212865,-0.198164,-0.004788,0.01099,2,4,1,3,9,7,5,12,11,13,8,10,6,17,16,15,14
2018-05-30,0.345658,0.338034,0.16675,-0.153646,-0.012639,0.001531,0.175393,-0.001997,-0.020149,-0.001651,-0.161147,-0.004353,0.170628,0.002172,-0.161276,0.178329,-0.167329,-0.008641,0.011523,1,3,2,4,7,10,5,12,9,13,8,11,6,15,16,14,17
2018-05-31,0.225847,0.214104,-0.093828,0.080427,0.011831,-0.002249,-0.105623,-0.006217,0.014279,0.003644,0.096021,0.012861,-0.115433,0.003473,0.103012,-0.111809,0.110415,0.014379,-0.009595,16,17,15,14,11,7,13,8,12,6,9,5,10,3,2,4,1
2018-06-01,0.025261,0.018536,-0.007214,0.016683,-0.005131,-0.002566,0.002529,0.007736,0.000671,-0.00184,0.002178,-0.008578,0.010015,-0.005382,7.6e-05,0.00101,-0.001988,-0.004634,0.002648,7,2,5,16,12,17,4,14,3,8,10,13,15,6,9,1,11
2018-06-04,0.325751,0.315098,-0.158491,0.141512,0.006572,-0.005364,-0.164515,0.001498,0.018512,0.001877,0.145232,-0.000585,-0.155336,-0.000583,0.151305,-0.170439,0.155312,0.00782,-0.013223,17,14,16,15,12,11,13,7,9,5,8,6,10,3,2,4,1
2018-06-05,0.017107,0.013826,-0.004252,-0.002498,0.001354,-0.000136,-0.008288,-0.003279,2.4e-05,0.000154,0.003649,0.002428,-0.010734,0.002123,0.004755,-0.007678,0.006373,0.001241,-0.002368,15,17,16,14,10,4,11,6,13,9,8,7,5,3,2,12,1
2018-06-06,0.052898,0.049798,-0.026701,0.026197,-0.000575,-0.002123,-0.024532,0.002089,0.003052,-0.000522,0.022811,-0.002982,-0.021875,-0.002608,0.022879,-0.026273,0.022695,-0.000475,-0.001835,16,14,15,17,11,13,10,9,6,5,8,7,12,3,2,1,4
2018-06-07,0.626217,0.609633,-0.312231,0.287693,0.009749,-0.016621,-0.311046,0.017254,0.04505,0.004246,0.282945,-0.007954,-0.291862,-0.006312,0.291713,-0.325442,0.300775,0.012561,-0.023833,17,14,15,16,12,11,13,8,6,5,9,7,10,4,2,3,1
2018-06-08,0.057634,0.050577,0.027869,-0.029765,0.001488,0.001195,0.02308,-0.003335,-0.00285,0.000846,-0.023292,0.00491,0.019573,0.004258,-0.022154,0.02557,-0.020966,0.001561,0.000824,2,4,3,1,9,5,11,8,13,12,10,7,6,16,15,17,14
2018-06-11,0.191889,0.18327,0.096096,-0.095792,-0.000673,0.003624,0.089137,-0.008604,-0.013464,-0.000441,-0.08608,0.007207,0.081214,0.005945,-0.087401,0.095304,-0.085474,-0.001102,0.004473,2,4,3,1,8,5,7,10,12,13,9,11,6,15,16,17,14
2018-06-12,0.115697,0.110505,0.05768,-0.058017,-0.000644,0.001923,0.05363,-0.005436,-0.008356,-0.000612,-0.051931,0.003969,0.048901,0.003051,-0.052941,0.057226,-0.052021,-0.001085,0.002458,2,4,3,1,8,5,7,10,12,13,9,11,6,14,16,17,15
2018-06-13,0.308809,0.300078,0.156385,-0.150936,-0.002336,0.006749,0.148504,-0.011972,-0.02212,-0.001174,-0.140182,0.008969,0.137738,0.007001,-0.144478,0.157872,-0.142058,-0.003482,0.008002,1,4,3,2,8,5,6,10,12,13,9,11,7,14,16,17,15
2018-06-14,0.411627,0.399297,0.202979,-0.177824,-0.009356,0.008849,0.202773,-0.009725,-0.03252,-0.004517,-0.184632,-0.000501,0.192113,-0.000966,-0.197193,0.214434,-0.195881,-0.011737,0.013352,1,4,3,2,6,7,5,10,11,13,9,12,8,15,17,14,16
2018-06-15,0.358036,0.34586,0.182278,-0.175404,-0.002613,0.006712,0.170425,-0.015218,-0.027029,-0.001916,-0.161129,0.012219,0.153645,0.009035,-0.164664,0.182632,-0.162176,-0.00298,0.008116,1,4,3,2,8,5,7,10,12,13,9,11,6,14,16,17,15
2018-06-18,0.617183,0.606475,0.315171,-0.293279,-0.0099,0.012362,0.304227,-0.022486,-0.04781,-0.004378,-0.281634,0.014665,0.280697,0.008228,-0.294078,0.323105,-0.289564,-0.013525,0.019422,1,4,3,2,7,6,5,10,12,13,9,11,8,14,17,16,15
2018-06-19,0.295566,0.285763,-0.149984,0.145419,0.003267,-0.004936,-0.140973,0.01346,0.022655,0.002322,0.133715,-0.00973,-0.125866,-0.010839,0.136544,-0.150147,0.134222,0.00302,-0.006111,17,14,15,16,10,12,11,7,6,5,9,8,13,4,2,1,3
2018-06-20,0.472639,0.463083,0.24656,-0.216163,-0.009472,0.008763,0.233931,-0.015294,-0.037557,-0.003888,-0.212527,0.007398,0.215296,0.014752,-0.226079,0.244944,-0.22157,-0.014434,0.016782,2,4,3,1,7,8,5,10,12,13,9,11,6,14,17,15,16
2018-06-21,0.051166,0.049767,-0.026034,0.022039,0.00086,-0.002212,-0.026412,0.000439,0.004422,-0.000708,0.021796,-0.000438,-0.024502,-0.000522,0.024754,-0.025485,0.024579,0.00265,-0.002596,15,14,17,16,12,9,13,7,8,5,11,6,10,4,1,3,2
2018-06-22,0.224249,0.21294,0.108438,-0.088994,-0.004138,0.007856,0.114102,-0.00037,-0.016303,0.006847,-0.093384,-0.003445,0.103063,-0.001729,-0.107233,0.105517,-0.110147,-0.016405,0.009349,3,4,1,2,6,10,5,11,8,12,7,13,9,15,16,14,17
2018-06-25,0.210026,0.199335,-0.101889,0.083949,0.009098,-0.00332,-0.105795,0.010306,0.011567,-0.00445,0.085514,-0.00153,-0.094304,-0.003918,0.10423,-0.101341,0.099237,0.009207,-0.006942,15,14,17,16,10,9,13,8,6,5,12,7,11,3,1,4,2
2018-06-26,0.631403,0.604656,0.308863,-0.255618,-0.027961,0.011464,0.320139,-0.026991,-0.040642,0.010364,-0.261643,0.004091,0.288084,0.012877,-0.311264,0.30787,-0.304191,-0.027199,0.019949,3,4,1,2,7,9,5,12,10,13,8,11,6,15,17,14,16
2018-06-27,0.252232,0.246471,-0.129031,0.114436,0.007783,-0.005952,-0.127725,0.015031,0.019744,0.002107,0.111517,-0.006687,-0.114237,-0.00762,0.123201,-0.126719,0.118301,0.006116,-0.007345,15,14,16,17,10,11,12,7,6,5,9,8,13,4,1,3,2
2018-06-28,0.148673,0.132615,-0.069432,0.07924,-0.000912,-0.003872,-0.060459,0.007171,0.015507,0.000188,0.064515,-0.011607,-0.051591,-0.010087,0.056358,-0.067841,0.054639,0.000789,-0.003577,16,14,15,17,11,13,10,9,6,5,8,7,12,2,3,1,4
2018-06-29,0.142301,0.13435,-0.069543,0.04892,0.005635,-0.004098,-0.073296,0.009373,0.00665,0.000431,0.056956,-0.000652,-0.06612,-0.002217,0.069005,-0.068493,0.065756,0.003218,-0.005032,15,14,17,16,12,10,13,7,5,6,9,8,11,3,1,4,2
2018-07-02,0.096521,0.093869,-0.048565,0.04377,0.003983,-0.001678,-0.048841,0.006791,0.007416,0.000908,0.042871,-0.002261,-0.042439,-0.002798,0.04768,-0.047984,0.044767,0.00267,-0.002645,15,14,17,16,10,11,12,7,6,5,9,8,13,4,1,3,2
2018-07-03,0.422473,0.414088,0.218489,-0.201502,-0.011341,0.011007,0.213584,-0.024831,-0.032205,-0.002345,-0.19518,0.013262,0.183815,0.019801,-0.203984,0.209526,-0.191057,-0.003899,0.008558,3,4,2,1,7,6,8,11,12,13,9,10,5,15,17,16,14
2018-07-05,0.015728,0.011002,-0.000617,0.012106,-0.00271,-3.1e-05,0.004776,-0.001542,0.001656,-0.000139,0.00674,-0.003053,0.004136,-0.003622,0.000327,-0.000159,-0.000654,-0.000448,0.002382,10,4,3,12,8,16,5,15,14,6,9,11,17,2,7,1,13
2018-07-06,0.335268,0.314139,0.161291,-0.173978,-0.002545,0.009554,0.146148,-0.012256,-0.022225,-0.00203,-0.156297,0.018529,0.125589,0.01874,-0.148745,0.15596,-0.138954,-0.000813,0.0028,2,4,3,1,7,6,8,11,12,13,10,9,5,16,15,17,14
2018-07-09,0.286481,0.268251,0.13816,-0.14832,0.00077,0.007086,0.129099,-0.014076,-0.021011,-8.5e-05,-0.133829,0.018962,0.107932,0.0203,-0.126664,0.128682,-0.120486,0.003511,0.006023,3,4,2,1,7,6,8,10,12,13,11,9,5,16,15,17,14
2018-07-10,0.938877,0.915749,-0.474461,0.437533,0.028876,-0.011763,-0.472292,0.048259,0.061809,0.017304,0.436917,-0.019816,-0.402987,-0.016862,0.464416,-0.461629,0.430466,0.011612,-0.020918,15,14,16,17,10,12,13,7,6,5,8,9,11,3,1,2,4
2018-07-11,0.215291,0.205347,0.106074,-0.109216,-0.001756,0.005089,0.095318,-0.009578,-0.013835,-0.000625,-0.101383,0.008146,0.089704,0.010573,-0.100827,0.10322,-0.096586,0.000192,0.003416,2,4,3,1,7,6,8,11,12,13,10,9,5,16,15,17,14
2018-07-12,0.532246,0.511803,0.271208,-0.236067,-0.022524,0.003946,0.253183,-0.025748,-0.032664,-0.011007,-0.247287,0.003127,0.236759,0.009724,-0.261038,0.261665,-0.241029,-0.007354,0.011501,2,4,3,1,7,8,5,11,12,13,10,9,6,16,17,14,15
2018-07-13,0.246166,0.229859,0.118838,-0.127328,0.006056,0.007434,0.104165,-0.004674,-0.013255,0.000692,-0.112602,0.009285,0.104212,0.011798,-0.112304,0.114292,-0.103961,0.006158,0.006374,2,3,4,1,7,6,8,10,12,13,11,9,5,16,15,17,14
2018-07-16,0.159645,0.15715,0.081673,-0.077164,-0.001373,0.00411,0.078291,-0.003792,-0.008034,-0.001996,-0.075188,0.004462,0.074862,0.006548,-0.077972,0.081161,-0.071268,0.002017,0.004963,2,4,3,1,8,7,6,10,12,13,11,9,5,15,17,16,14
2018-07-17,0.196165,0.18759,-0.095437,0.100728,-0.000291,-0.005012,-0.089051,0.004868,0.011131,0.004596,0.090512,-0.006319,-0.085394,-0.006429,0.094474,-0.092567,0.086059,-0.001451,-0.00428,16,14,15,17,11,12,10,8,6,5,7,9,13,3,2,1,4
2018-07-18,0.246238,0.238871,0.122555,-0.123683,0.00011,0.008009,0.117151,-0.004647,-0.008093,-0.00289,-0.112446,0.009502,0.113737,0.010062,-0.118413,0.122365,-0.108311,0.002079,0.007461,2,4,3,1,7,6,8,10,12,13,11,9,5,15,16,17,14
2018-07-19,0.356686,0.34799,-0.172298,0.184079,0.006184,-0.005529,-0.165719,0.01166,0.017315,0.010551,0.170095,-0.006732,-0.162061,-0.006848,0.179171,-0.172607,0.163768,0.0029,-0.005359,17,14,15,16,11,12,10,8,6,5,7,9,13,3,2,1,4
2018-07-20,0.026603,0.021948,-0.013117,0.013486,-0.005233,-0.004411,-0.01182,-0.003219,-0.003223,-0.00218,0.007613,-0.004775,-0.01259,-0.004925,0.006396,-0.01264,0.005834,-0.004456,-0.003861,16,15,14,17,9,11,8,13,6,7,5,10,12,2,3,1,4
2018-07-23,0.15237,0.146266,0.076462,-0.061947,-0.003225,0.004233,0.076178,-0.003712,-0.005406,0.000563,-0.065996,0.004271,0.072902,0.004373,-0.074307,0.078063,-0.067792,0.000797,0.004022,1,4,3,2,7,6,8,11,12,13,10,9,5,15,17,14,16
2018-07-24,0.161341,0.154714,-0.076468,0.084874,0.001677,-0.002239,-0.072329,0.003711,0.007271,0.005404,0.076033,-0.003114,-0.073117,-0.003722,0.078299,-0.075351,0.07198,0.000123,-0.004427,16,15,14,17,10,11,13,8,7,5,6,9,12,3,2,1,4
2018-07-25,0.06119,0.057658,-0.027054,0.018092,0.006429,0.002084,-0.028572,0.0058,0.006153,0.001072,0.025761,0.002064,-0.025527,0.002077,0.032461,-0.028728,0.030399,0.001649,0.003147,17,14,16,15,9,11,8,5,7,6,13,12,10,3,1,4,2
2018-07-26,0.164166,0.145311,0.067969,-0.096197,0.006364,0.005949,0.059911,0.003098,-0.000251,-0.006994,-0.072759,0.007245,0.067941,0.007718,-0.065067,0.065999,-0.059272,-0.000323,0.00989,3,2,4,1,9,7,5,8,10,11,13,12,6,16,15,17,14
2018-07-27,0.359427,0.346388,-0.168353,0.191074,-0.000529,-0.0058,-0.159001,0.00542,0.011792,0.008202,0.171353,-0.007815,-0.166575,-0.008107,0.173568,-0.168241,0.160341,0.00317,-0.009727,16,15,14,17,10,11,13,9,7,5,6,8,12,3,2,1,4
2018-07-30,0.235767,0.221254,-0.103241,0.132526,-0.00398,-0.00313,-0.0943,0.001915,0.005937,0.006201,0.112386,-0.004528,-0.102535,-0.00485,0.110645,-0.10243,0.100744,0.006177,-0.004826,15,16,14,17,9,11,12,10,8,7,5,6,13,2,3,1,4
2018-07-31,0.45007,0.431372,-0.211113,0.238847,0.002142,-0.009604,-0.199264,0.00475,0.014162,0.009086,0.210023,-0.012656,-0.207499,-0.012573,0.215412,-0.211223,0.19878,0.004289,-0.010177,17,15,14,16,10,13,11,9,7,5,6,8,12,3,2,1,4
2018-08-01,0.105124,0.087347,0.036611,-0.064431,0.003114,-0.002255,0.029856,0.002356,0.000489,-0.002912,-0.045185,0.002859,0.040693,0.002698,-0.039919,0.035203,-0.038178,-0.003664,0.002544,3,1,4,2,11,6,8,5,9,10,12,13,7,16,15,17,14
2018-08-02,0.059473,0.053508,0.023545,-0.015291,-0.007944,-0.002694,0.027639,-0.00997,-0.010315,-0.005192,-0.025132,-0.002221,0.021309,-0.006081,-0.031834,0.024642,-0.027733,-0.003035,-0.003743,2,4,1,3,6,5,8,11,12,13,9,7,10,15,17,14,16
2018-08-03,0.733707,0.71512,0.358989,-0.374718,-0.006659,0.006142,0.33902,-0.012387,-0.030749,-0.011414,-0.343503,0.018386,0.350012,0.020947,-0.360067,0.358071,-0.339081,-0.002846,0.017,2,3,4,1,8,6,7,10,12,13,11,9,5,15,16,17,14
2018-08-06,0.164159,0.149324,0.071585,-0.092574,0.001065,-0.001142,0.057849,0.001113,-0.007238,-0.002866,-0.073948,0.000613,0.069926,0.006633,-0.071999,0.06794,-0.071121,-0.002694,0.002158,3,2,4,1,10,9,6,8,7,13,12,11,5,16,15,17,14
2018-08-07,0.012501,0.010003,-0.003929,-0.000937,0.001994,0.000749,-0.006153,0.003591,0.001596,0.001319,0.004588,0.000428,-0.003609,0.001771,0.006348,-0.004639,0.004353,0.000922,0.001273,16,14,17,15,11,12,9,5,4,7,8,10,6,2,1,13,3
2018-08-08,0.332946,0.328843,-0.162487,0.16913,0.005222,-0.001053,-0.153963,0.009667,0.017278,0.006353,0.161263,-0.005841,-0.160899,-0.008605,0.168935,-0.163815,0.156879,0.003267,-0.004466,17,15,14,16,10,12,11,8,6,5,7,9,13,3,2,1,4
2018-08-09,0.024886,0.016826,-0.005156,0.016723,0.000132,0.000467,-0.001193,-0.002795,0.000519,0.000691,0.007745,0.000736,-0.008162,-0.00181,0.005543,-0.004573,0.008119,0.000608,-0.000578,15,17,12,16,9,5,11,10,14,8,6,7,13,3,4,1,2
2018-08-10,0.033725,0.032606,0.014624,-0.016635,-0.002676,-0.002032,0.014391,-0.003808,-0.003835,-0.002657,-0.017857,-0.001404,0.013576,-0.001449,-0.019101,0.014542,-0.017305,-0.002152,-0.00251,2,4,3,1,7,5,9,11,12,13,10,8,6,16,17,14,15
2018-08-13,0.069469,0.058847,0.028438,-0.006073,-0.00338,-0.001925,0.037301,-0.010967,-0.004168,-0.000268,-0.026094,0.00414,0.020892,-0.00279,-0.032168,0.030242,-0.0223,0.000215,0.000987,2,4,1,3,9,5,6,11,14,12,8,7,10,16,17,13,15
2018-08-14,0.3832,0.372582,0.189986,-0.181753,-0.006896,0.001902,0.180839,-0.013842,-0.019918,-0.007086,-0.183299,0.005678,0.18272,0.009544,-0.193215,0.186772,-0.178228,-0.000398,-0.007282,2,3,4,1,7,6,11,9,12,13,10,8,5,16,17,15,14
2018-08-15,0.088343,0.083051,-0.04035,0.02632,0.005607,0.002091,-0.043968,0.008128,0.007454,0.003573,0.040879,-0.001034,-0.034022,0.00023,0.044375,-0.042235,0.037347,-0.001255,0.006444,16,14,17,15,10,12,7,8,5,6,9,13,11,2,1,4,3
2018-08-16,0.595833,0.580666,0.29471,-0.283093,-0.015027,0.000859,0.278647,-0.014248,-0.032386,-0.01989,-0.290109,0.002612,0.277542,0.018738,-0.301123,0.294317,-0.278208,0.004182,-0.014817,2,4,3,1,8,7,10,11,9,13,12,6,5,16,17,15,14
2018-08-17,0.154832,0.134047,0.064263,-0.083734,0.005838,0.005443,0.051201,0.006313,0.000412,-0.000644,-0.060275,-0.000938,0.071098,0.009421,-0.059918,0.06068,-0.062091,0.002952,0.00877,3,1,4,2,9,13,6,8,7,11,12,10,5,15,14,17,16
2018-08-20,0.108435,0.104642,-0.054396,0.045211,0.002959,-0.000532,-0.05277,0.003152,0.005856,0.003201,0.050379,-0.002291,-0.048781,-0.003627,0.053069,-0.055366,0.047945,4.8e-05,0.003933,17,14,15,16,11,12,6,9,8,5,7,10,13,2,1,4,3
2018-08-21,0.359884,0.353658,-0.17977,0.176691,0.007484,-0.002038,-0.166497,0.006497,0.018785,0.011046,0.174108,-0.001685,-0.171456,-0.012427,0.180113,-0.178834,0.168683,-4.5e-05,0.005932,16,15,14,17,12,11,9,7,8,5,6,10,13,3,1,2,4
2018-08-22,0.333857,0.329835,-0.163805,0.169822,0.0053,0.00084,-0.15116,0.003896,0.016878,0.012876,0.163322,0.001897,-0.159533,-0.00999,0.170052,-0.162973,0.161158,0.001396,0.004787,16,15,14,17,12,10,8,7,9,5,6,11,13,3,1,2,4
2018-08-23,0.171642,0.16201,-0.078968,0.090296,-9.7e-05,-0.001437,-0.069804,-0.001464,0.005617,0.004436,0.078464,0.001502,-0.081346,-0.006675,0.080059,-0.076897,0.077836,-0.001378,-0.002594,15,17,14,16,10,7,12,8,11,5,6,9,13,3,2,1,4
2018-08-24,0.174507,0.170154,0.086681,-0.076946,-0.004707,-0.001148,0.083718,-0.001699,-0.007565,-0.004847,-0.084406,0.001491,0.081278,0.005361,-0.08624,0.088267,-0.08115,0.000858,-0.005934,1,4,3,2,8,6,12,10,9,13,11,7,5,16,17,14,15
2018-08-27,0.226964,0.22104,-0.114501,0.097458,0.004189,-0.00061,-0.109433,0.00334,0.01043,0.003661,0.108556,-0.005248,-0.106909,-0.009906,0.109382,-0.117581,0.103665,-0.002509,0.009353,17,14,15,16,10,12,6,7,9,5,8,11,13,2,1,4,3
2018-08-28,0.44825,0.439896,-0.220797,0.21707,0.012997,0.004016,-0.207296,0.005269,0.020663,0.014468,0.221218,-0.001766,-0.212353,-0.015121,0.2251,-0.22315,0.213313,0.001276,0.013499,17,15,14,16,10,12,7,8,9,5,6,11,13,2,1,3,4
2018-08-29,0.200377,0.196397,-0.100116,0.100261,0.000601,-0.002476,-0.094858,-0.005977,0.003311,0.003766,0.09396,-0.002903,-0.099504,-0.010607,0.09636,-0.098991,0.091104,-0.004591,-0.003476,15,16,14,17,8,9,10,7,12,6,5,11,13,3,2,1,4
2018-08-30,0.199455,0.190941,0.093837,-0.104038,-0.000783,0.001222,0.089759,0.004775,-0.004377,-0.00806,-0.093,-0.00058,0.095417,0.009896,-0.095455,0.091075,-0.091105,0.003745,0.007628,3,1,4,2,9,10,6,11,7,12,13,8,5,15,16,17,14
2018-08-31,0.228619,0.221333,0.113378,-0.103422,-0.007912,-0.001817,0.106252,-0.00261,-0.009893,-0.004824,-0.11093,0.004464,0.105942,0.009697,-0.112624,0.115995,-0.10482,-0.000329,-0.013248,1,4,3,2,8,6,13,11,9,12,10,7,5,16,17,14,15
2018-09-04,0.081468,0.077451,-0.037197,0.043253,0.000884,0.000732,-0.035667,-0.001541,0.001974,0.00403,0.0382,0.001246,-0.038215,-0.003569,0.039655,-0.035833,0.037434,-0.001051,-0.003064,15,17,14,16,9,7,12,8,11,6,5,10,13,3,2,1,4
2018-09-05,0.116214,0.108752,-0.050205,0.063234,0.001927,0.002596,-0.048204,-0.002095,0.003437,0.007319,0.054444,0.003563,-0.05298,-0.003926,0.057189,-0.047719,0.053014,-0.000435,-0.004906,14,17,15,16,8,6,13,9,11,7,5,10,12,3,2,1,4
2018-09-06,0.117641,0.115472,0.056907,-0.060734,-0.002601,-0.000384,0.053789,0.001126,-0.004202,-0.005004,-0.05832,-0.000543,0.055947,0.00519,-0.058367,0.05614,-0.056402,0.000846,0.000735,2,3,4,1,9,10,8,11,6,12,13,7,5,15,16,17,14
2018-09-07,0.196931,0.193433,0.097684,-0.097352,-0.006319,0.000327,0.091577,-0.001233,-0.008838,-0.006954,-0.098527,0.001055,0.091299,0.008043,-0.096756,0.098403,-0.095874,0.000154,-0.005767,1,4,3,2,7,6,10,11,9,13,12,8,5,17,15,16,14
2018-09-10,0.056811,0.050045,-0.018377,0.033748,0.002413,0.004499,-0.018317,-0.000262,0.002952,0.006918,0.027107,0.0056,-0.023064,0.000577,0.029522,-0.015568,0.026173,0.001708,-0.003788,14,17,15,16,7,6,13,9,12,8,5,10,11,3,2,1,4
2018-09-11,0.024005,0.02236,-0.013042,0.008101,0.000228,-0.001894,-0.011628,6.6e-05,0.000205,-0.001323,0.010126,-0.000977,-0.01093,-0.002161,0.008737,-0.013879,0.009667,-0.000916,0.002272,17,14,15,16,12,10,5,6,8,7,11,9,13,1,3,4,2
2018-09-12,0.267333,0.26452,-0.133607,0.133726,0.006445,-0.00236,-0.124544,-0.000369,0.008669,0.007183,0.133412,0.001983,-0.129607,-0.013142,0.130288,-0.132922,0.128456,-0.002127,0.005392,16,15,14,17,12,9,8,7,10,5,6,11,13,2,3,1,4
2018-09-13,0.295978,0.292376,0.146866,-0.149113,-0.004279,0.002638,0.137845,0.003988,-0.007435,-0.007803,-0.146048,-0.001149,0.145969,0.009749,-0.144764,0.144369,-0.140565,0.004104,0.000702,3,2,4,1,8,10,9,11,7,12,13,6,5,16,15,17,14
2018-09-14,0.349388,0.341112,0.16786,-0.178315,-0.004034,0.000732,0.158929,0.006502,-0.010076,-0.011591,-0.170244,-0.002126,0.171074,0.012282,-0.173323,0.162521,-0.166466,0.005248,0.007263,3,1,4,2,9,10,6,11,7,12,13,8,5,15,16,17,14
2018-09-17,0.354964,0.35151,-0.171234,0.180993,0.009388,0.002004,-0.161359,-0.00393,0.011738,0.014358,0.180394,0.000987,-0.173971,-0.010551,0.179839,-0.168099,0.175156,-0.000824,7.9e-05,15,17,14,16,8,9,10,7,12,6,5,11,13,2,3,1,4
2018-09-18,0.283077,0.278382,-0.13901,0.139804,0.004058,-0.003233,-0.133055,-0.009579,0.003974,0.004565,0.139332,-0.004921,-0.143274,-0.014054,0.138342,-0.135384,0.135347,-0.004698,-0.006929,15,17,14,16,8,10,11,6,12,7,5,9,13,2,3,1,4
2018-09-19,0.059088,0.054431,-0.02566,0.028303,0.006004,0.000884,-0.022347,0.004582,0.006208,0.005381,0.030481,0.003429,-0.022031,0.003063,0.02624,-0.028607,0.027894,0.00396,0.009686,17,14,15,16,13,11,5,7,9,6,8,10,12,1,4,2,3
2018-09-20,0.902182,0.893114,-0.436243,0.456116,0.02896,-0.003402,-0.414241,-0.009967,0.028735,0.029503,0.460442,-0.000791,-0.441741,-0.027806,0.437284,-0.440599,0.444203,0.001854,0.009744,16,17,14,15,11,10,8,6,12,7,5,9,13,1,4,2,3
2018-09-21,0.239114,0.230182,0.108772,-0.120055,-0.003786,-0.008162,0.106742,0.010743,-0.000548,-0.006684,-0.118761,-0.001313,0.119058,0.011552,-0.114524,0.102009,-0.117156,0.004164,0.008594,4,1,3,2,13,10,7,11,6,9,12,8,5,16,14,17,15
2018-09-24,0.0341,0.032289,0.015968,-0.016337,-0.001795,-0.000118,0.014226,-0.000814,-0.002135,-0.000789,-0.016776,-6.4e-05,0.014832,0.000161,-0.015301,0.017324,-0.01563,-0.001025,-0.002673,1,3,4,2,7,6,13,11,9,12,8,10,5,17,14,16,15
2018-09-25,0.131033,0.116837,0.06579,-0.054569,-0.001225,0.009973,0.056167,-0.001309,-0.004203,0.008292,-0.051281,0.008636,0.054906,0.005324,-0.046239,0.076464,-0.044874,-0.000733,-0.01114,1,4,3,2,5,6,13,10,11,12,7,9,8,16,15,17,14
2018-09-26,0.432444,0.422779,-0.20519,0.21584,0.012823,0.008302,-0.196051,-0.012819,0.008892,0.014166,0.219234,0.002147,-0.21321,-0.015101,0.200973,-0.203475,0.211388,-0.005878,0.001796,15,17,14,16,8,9,10,6,12,7,5,11,13,1,4,2,3
2018-09-27,0.498829,0.483171,0.243411,-0.243187,-0.012061,0.000866,0.222918,0.010803,-0.015409,-0.009632,-0.239822,0.00386,0.236887,0.015605,-0.219193,0.255642,-0.230566,0.006068,-0.015886,1,3,4,2,9,8,13,11,6,12,10,7,5,16,14,17,15
2018-09-28,0.458893,0.45475,0.222616,-0.229882,-0.012602,-0.006766,0.210494,0.012005,-0.014553,-0.015499,-0.230729,-0.00285,0.226707,0.014565,-0.214219,0.228164,-0.226152,0.007194,-0.008427,1,2,4,3,9,8,10,11,6,12,13,7,5,17,14,16,15
2018-10-01,0.458767,0.452409,0.218315,-0.231876,-0.017796,-0.01,0.204774,0.006548,-0.019998,-0.019187,-0.233513,-0.007252,0.22015,0.012831,-0.216808,0.225254,-0.228119,0.001429,-0.015212,1,2,4,3,9,8,10,11,6,13,12,7,5,17,14,16,15
2018-10-02,0.266167,0.259312,-0.124952,0.133288,0.011038,0.004781,-0.115757,-0.001504,0.013311,0.011167,0.133136,0.0032,-0.124054,-0.004882,0.123162,-0.132879,0.129628,0.001114,0.012482,17,15,14,16,9,10,6,8,12,5,7,11,13,2,4,1,3
2018-10-03,0.189864,0.18551,0.088273,-0.095991,-0.009104,-0.005125,0.082511,0.000922,-0.009686,-0.009285,-0.096403,-0.003424,0.088594,0.00318,-0.089943,0.09346,-0.093806,-0.001105,-0.008472,1,2,4,3,9,8,10,11,6,13,12,7,5,17,14,16,15
2018-10-04,0.482097,0.475409,-0.22716,0.241305,0.019506,0.013357,-0.224126,-0.011142,0.016793,0.023791,0.245394,0.00761,-0.235722,-0.01457,0.229741,-0.236703,0.239944,-0.003207,0.010837,17,16,14,15,8,10,9,6,12,7,5,11,13,1,4,2,3
2018-10-05,0.544354,0.533278,-0.26107,0.260656,0.015228,0.009821,-0.257798,-0.026527,0.005579,0.018777,0.269743,-0.001735,-0.274611,-0.0265,0.25165,-0.269578,0.264175,-0.017269,-0.000934,16,17,14,15,7,10,9,6,13,8,5,11,12,1,4,3,2
2018-10-08,0.136273,0.129446,0.063583,-0.068848,-0.005685,-0.001429,0.059172,-0.003481,-0.012131,-0.007725,-0.06529,-0.001575,0.057568,-0.004615,-0.063291,0.067424,-0.06402,-0.003753,-0.011664,1,4,3,2,5,6,12,10,7,13,11,8,9,16,14,17,15
2018-10-09,0.141517,0.135761,-0.073289,0.064583,-0.001003,-0.005031,-0.06955,-0.005416,0.003364,0.000553,0.062024,-0.005886,-0.069243,-0.004808,0.058946,-0.076934,0.060903,-0.005007,0.002977,17,14,15,16,11,13,6,8,12,5,7,10,9,2,4,1,3
2018-10-10,0.529538,0.513719,0.254946,-0.25195,-0.013261,-0.004793,0.246912,0.00931,-0.021341,-0.015889,-0.257679,-0.001896,0.252835,0.015326,-0.234357,0.271859,-0.251888,0.008818,-0.018016,1,3,4,2,9,8,12,10,6,13,11,7,5,17,14,16,15
2018-10-11,0.231737,0.194131,-0.073197,0.059947,0.010758,0.02932,-0.088081,-0.042677,-0.027334,-0.009032,0.104793,0.006176,-0.111996,-0.056987,0.084584,-0.065227,0.119741,-0.034099,-0.039574,14,17,16,15,5,7,11,6,12,9,8,10,13,2,3,4,1
2018-10-12,0.126507,0.095682,-0.008392,0.034951,0.01554,-0.056686,-0.016916,-0.014031,-0.045789,-0.001176,0.047714,0.013787,-0.000138,-0.027371,0.039667,-0.004959,0.069821,-0.014049,-0.008125,9,7,14,11,17,6,10,5,12,16,8,13,15,2,3,4,1
2018-10-15,0.683558,0.660305,0.329839,-0.317145,-0.020422,0.019473,0.310611,0.013589,0.002369,-0.015445,-0.335697,-0.011767,0.314674,0.036617,-0.306119,0.3368,-0.346758,0.018954,-0.009022,1,3,4,2,6,11,10,13,8,9,12,7,5,16,14,15,17
2018-10-16,0.059359,0.056559,-0.029216,0.025781,0.000343,-0.005143,-0.027859,-0.003631,-0.003364,-0.00075,0.027464,-0.000855,-0.027341,-0.00118,0.025388,-0.02964,0.029719,-0.002773,-0.000757,17,14,15,16,13,8,7,5,12,11,6,10,9,2,4,3,1
2018-10-17,0.321164,0.299467,0.137583,-0.144527,-0.012435,0.043366,0.142188,0.022234,0.029688,0.001696,-0.155854,0.00011,0.131313,-0.015359,-0.145701,0.138099,-0.178976,0.007091,-0.001993,2,4,1,3,5,10,11,12,7,6,9,8,13,16,15,14,17
2018-10-18,0.06703,0.064445,0.035703,-0.030973,-0.002106,-0.00294,0.028412,-0.000522,-0.003739,-0.002493,-0.031327,-0.001735,0.030603,0.004888,-0.028987,0.034126,-0.030604,0.001364,-0.001782,2,3,4,1,12,8,9,10,7,13,11,6,5,17,14,16,15
2018-10-19,0.052062,0.03691,0.02556,-0.007257,-0.00036,-0.026501,-0.005353,-0.009948,-0.021017,-0.008308,0.000987,-0.00643,0.005693,0.018077,0.001492,0.008173,0.009625,-0.0022,-0.003688,4,5,11,1,17,12,10,8,15,16,14,9,2,7,6,13,3
2018-10-22,0.457972,0.445793,0.228699,-0.217571,-0.017998,-0.001221,0.203691,0.00176,-0.010945,-0.015807,-0.223517,-0.008584,0.209618,0.017394,-0.209648,0.232114,-0.225859,0.008568,-0.009183,1,3,4,2,8,9,10,13,7,11,12,6,5,16,14,15,17
2018-10-23,0.430047,0.413486,0.228084,-0.201963,-0.01318,-0.022167,0.180343,-0.003273,-0.023729,-0.016427,-0.198442,-0.010274,0.200745,0.03469,-0.185934,0.216289,-0.194934,0.007951,-0.007579,2,3,4,1,12,9,8,10,7,13,11,6,5,16,14,17,15
2018-10-24,0.293734,0.281044,0.154796,-0.138937,-0.011072,-0.019573,0.118805,-0.006127,-0.019623,-0.01342,-0.137145,-0.009031,0.136321,0.023576,-0.127703,0.144671,-0.13126,0.005757,-0.008793,2,3,4,1,12,9,8,10,7,13,11,6,5,16,14,17,15
2018-10-25,0.520657,0.4792,0.280824,-0.239833,-0.016476,-0.066515,0.187339,-0.024631,-0.055966,-0.027974,-0.229401,-0.022379,0.234766,0.058143,-0.216524,0.236254,-0.210117,0.003918,-0.021426,2,3,4,1,13,9,8,7,10,12,11,6,5,16,15,17,14
2018-10-26,0.495646,0.468528,-0.266608,0.229038,0.003491,0.039307,-0.195139,0.005799,0.035117,0.015959,0.219047,0.014206,-0.225889,-0.060107,0.20808,-0.24668,0.218324,-0.012504,0.011863,16,15,14,17,5,8,9,11,10,6,7,12,13,2,4,1,3
2018-10-29,0.358802,0.352408,-0.153921,0.161899,0.01762,-0.049541,-0.165926,0.000375,-0.010597,0.010853,0.18795,0.011225,-0.169046,0.020101,0.189756,-0.163919,0.180626,-0.016119,7e-05,15,17,16,14,13,7,10,6,9,11,8,12,5,2,1,4,3
2018-10-30,0.132994,0.129762,0.068341,-0.063792,-0.00298,0.000377,0.05889,-0.000812,-0.004159,-0.003824,-0.064424,-0.001905,0.062237,0.006346,-0.059856,0.065838,-0.064654,0.002769,-0.003556,2,3,4,1,7,9,11,10,8,13,12,6,5,16,14,15,17
2018-10-31,0.455017,0.428417,-0.236848,0.218169,0.000616,0.058396,-0.184343,0.000717,0.036687,0.011899,0.194523,0.00961,-0.201933,-0.059529,0.170527,-0.230897,0.202881,-0.001611,0.01307,16,15,14,17,5,9,7,11,10,6,8,12,13,3,4,1,2
2018-11-01,0.432244,0.417874,-0.225171,0.204215,0.006284,0.010815,-0.188529,0.00442,0.015864,0.0094,0.197819,0.004942,-0.202746,-0.033927,0.182014,-0.216599,0.207073,-0.010815,0.007956,16,15,14,17,6,10,8,9,11,5,7,12,13,3,4,2,1
2018-11-02,0.324972,0.314136,-0.169681,0.155291,0.004079,0.034124,-0.132551,0.009507,0.019305,0.006686,0.14448,0.009971,-0.152884,-0.039485,0.128264,-0.165692,0.15438,-0.004468,0.005726,16,15,14,17,5,7,10,11,8,6,9,12,13,3,4,1,2
2018-11-05,0.315241,0.307898,-0.158836,0.148425,0.010235,-0.010222,-0.138829,0.002356,0.002419,0.006347,0.156405,0.005192,-0.152362,-0.006039,0.146847,-0.15205,0.155616,-0.008707,0.006936,15,16,14,17,13,8,6,5,10,9,7,12,11,1,4,3,2
2018-11-06,0.140513,0.132035,-0.07232,0.068193,0.003076,0.031498,-0.056263,0.008063,0.014246,0.004539,0.056722,-0.001005,-0.060726,-0.02378,0.048127,-0.071732,0.066413,0.000758,0.005115,16,15,14,17,5,12,8,10,7,6,9,11,13,3,4,1,2
2018-11-07,0.126067,0.119037,-0.065288,0.06078,0.002218,0.024439,-0.051548,0.006295,0.010768,0.003676,0.051378,-0.000675,-0.056402,-0.019577,0.043523,-0.064492,0.058773,-0.000254,0.002233,16,15,14,17,5,12,9,10,7,6,8,11,13,3,4,1,2
2018-11-08,0.166723,0.155017,0.067852,-0.061984,-0.008495,0.053408,0.068391,0.007229,0.015945,0.000161,-0.088817,-0.006519,0.077711,-0.026307,-0.089011,0.056526,-0.073269,0.009257,-0.004247,4,1,2,3,5,11,10,12,8,6,9,7,13,16,17,14,15
2018-11-09,0.154915,0.149284,0.079605,-0.073017,-0.003936,-0.010011,0.065384,-0.005646,-0.006672,-0.003151,-0.07159,-0.001281,0.073426,0.010828,-0.064772,0.074904,-0.07531,0.001208,-0.00363,2,3,4,1,13,7,9,10,11,12,8,6,5,15,14,16,17
2018-11-12,0.188565,0.180076,0.09929,-0.084151,-0.000991,-0.021507,0.080492,-0.007697,-0.00915,-0.003202,-0.082724,0.000177,0.089924,0.020094,-0.07196,0.094866,-0.089274,0.004411,-0.001405,2,3,4,1,13,7,9,8,11,12,10,6,5,15,14,16,17
2018-11-13,0.081233,0.065956,0.035259,-0.025922,0.003034,-0.043818,0.022179,-0.012412,-0.016019,-0.004221,-0.018609,0.000947,0.0276,0.024961,-0.007203,0.037415,-0.027853,-0.002433,0.00101,1,3,5,2,17,8,7,6,12,13,10,9,4,14,11,15,16
2018-11-14,0.08625,0.083579,0.044433,-0.040992,-0.001977,-0.005033,0.036756,-0.002879,-0.003323,-0.001822,-0.04061,-0.000809,0.041091,0.005576,-0.037011,0.041795,-0.041817,0.001685,-0.001785,2,3,4,1,13,7,8,10,11,12,9,6,5,15,14,16,17
2018-11-15,0.295563,0.2884,-0.150817,0.13978,0.011612,-0.013616,-0.125694,0.001426,0.003406,0.001353,0.144746,-0.002927,-0.147212,-0.013851,0.138509,-0.138581,0.144063,-0.0108,0.005835,15,16,14,17,12,10,6,5,8,7,9,11,13,1,4,3,2
2018-11-16,0.316915,0.308439,-0.165132,0.150523,0.008438,0.023374,-0.131285,0.012102,0.015897,0.005035,0.147113,-0.004,-0.155892,-0.030971,0.133932,-0.154875,0.151783,-0.003219,0.005387,15,16,14,17,5,12,9,8,7,6,10,11,13,3,4,2,1
2018-11-19,0.085308,0.08278,-0.044386,0.040922,0.001248,0.018921,-0.034603,0.006686,0.008421,0.00341,0.037208,-0.001286,-0.041209,-0.013605,0.03169,-0.044012,0.040603,0.001613,0.001316,16,15,14,17,5,12,10,11,7,6,8,9,13,3,4,1,2
2018-11-20,0.294476,0.286018,-0.145977,0.140308,0.015035,-0.025861,-0.121797,0.001106,0.001655,-0.000214,0.148499,0.002156,-0.14198,-0.003628,0.145944,-0.130528,0.145126,-0.008967,0.009193,15,16,14,17,13,7,6,5,9,8,10,12,11,1,2,4,3
2018-11-21,0.33345,0.321092,0.173663,-0.155267,-0.004755,-0.050547,0.138364,-0.020194,-0.028938,-0.008963,-0.14544,0.008847,0.16339,0.044375,-0.127578,0.165729,-0.159786,0.001073,-0.004614,2,3,4,1,13,6,8,9,11,12,10,7,5,15,14,16,17
2018-11-23,0.636004,0.622915,-0.327097,0.301136,0.017463,0.012133,-0.272435,0.013369,0.020214,0.003428,0.303957,-0.006557,-0.31737,-0.047951,0.285901,-0.310276,0.308907,-0.014428,0.009169,15,16,14,17,8,11,9,6,7,5,10,12,13,2,4,3,1
2018-11-26,0.513698,0.504628,0.264073,-0.245864,-0.014626,-0.02056,0.22011,-0.013079,-0.018696,-0.000548,-0.244678,0.002701,0.257211,0.036662,-0.228778,0.252432,-0.249625,0.012042,-0.009984,3,2,4,1,13,7,9,11,10,12,8,6,5,15,14,16,17
2018-11-27,0.20727,0.199607,-0.105311,0.098588,0.002238,0.037549,-0.087791,0.010145,0.014576,0.001863,0.08866,-0.002375,-0.102686,-0.030997,0.077169,-0.108681,0.094895,-0.003873,0.002088,17,15,14,16,5,11,9,8,7,6,10,12,13,3,4,1,2
2018-11-28,0.420325,0.409638,0.214735,-0.198761,-0.013103,0.004705,0.179042,-0.006625,-0.009365,0.003262,-0.202364,0.001877,0.208333,0.018201,-0.195215,0.199132,-0.20559,0.010404,-0.009033,3,2,4,1,7,9,11,13,10,12,8,6,5,16,14,15,17
2018-11-29,0.097691,0.075877,-0.029564,0.033612,-0.002216,0.05115,-0.032243,0.009642,0.012747,0.006637,0.023621,-0.001729,-0.038196,-0.031365,0.010109,-0.046541,0.02589,-0.001004,-0.001318,17,16,15,13,1,11,10,12,7,5,8,9,14,4,6,2,3
2018-11-30,0.121721,0.119899,-0.062348,0.058499,0.003631,0.003565,-0.051988,0.002721,0.004124,0.00023,0.058338,-0.000834,-0.061432,-0.008033,0.055321,-0.059706,0.059373,-0.002449,0.002339,15,16,14,17,7,11,9,6,8,5,10,12,13,3,4,2,1
2018-12-03,0.369299,0.357874,0.188813,-0.174246,-0.011627,0.018077,0.157634,-0.002855,-0.004567,0.007951,-0.179344,0.004135,0.18072,0.007927,-0.173801,0.170012,-0.180486,0.011227,-0.007276,3,2,4,1,5,9,12,13,10,11,7,6,8,16,14,15,17
2018-12-04,0.307011,0.304007,-0.156815,0.14739,0.007876,0.028407,-0.130011,0.009514,0.016454,0.005524,0.143816,-0.002177,-0.159621,-0.0328,0.132508,-0.157581,0.146797,-0.005052,0.004584,16,17,14,15,5,11,10,8,7,6,9,12,13,3,4,1,2
2018-12-06,0.450816,0.437856,0.22211,-0.212458,-0.008414,-0.071398,0.184208,-0.022036,-0.035215,-0.014524,-0.201239,0.007482,0.233906,0.054369,-0.176626,0.238358,-0.205497,0.006872,-0.00603,1,2,4,3,13,6,8,9,11,12,10,7,5,15,14,17,16
2018-12-07,0.105414,0.103695,0.050586,-0.053183,-0.005979,-0.003155,0.042796,-0.005116,-0.00617,-0.00239,-0.054514,-0.002003,0.050046,0.000851,-0.052061,0.047926,-0.054828,-0.000176,-0.005135,3,2,4,1,9,7,11,12,10,13,8,6,5,16,14,15,17
2018-12-10,0.06801,0.046059,-0.018217,0.008395,-0.002422,-0.039963,-0.01116,-0.001375,-0.014495,-0.003523,0.023141,0.001455,0.002011,0.014297,0.028047,0.010201,0.014313,0.002653,-0.004154,5,8,14,16,17,9,13,11,10,15,12,7,4,2,1,6,3
2018-12-11,0.373424,0.368565,0.188867,-0.179717,-0.010457,-0.003784,0.160478,-0.007342,-0.012881,0.001226,-0.181971,0.003469,0.189204,0.014923,-0.173476,0.181715,-0.18422,0.009395,-0.006588,3,1,4,2,9,7,10,12,11,13,8,6,5,16,14,15,17
2018-12-12,0.262831,0.259012,0.134383,-0.12546,-0.006824,0.000365,0.11401,-0.006526,-0.008911,0.002757,-0.128186,0.002911,0.132878,0.010141,-0.122837,0.127683,-0.128448,0.004962,-0.004625,3,2,4,1,9,7,10,12,11,13,8,6,5,16,14,15,17
2018-12-13,0.03152,0.028957,-0.012386,0.014703,0.002065,0.008328,-0.011311,0.001682,0.004817,0.001336,0.012579,6.2e-05,-0.016221,-0.003252,0.010988,-0.016817,0.014166,-0.000474,0.002141,17,16,14,15,5,11,7,8,9,6,10,12,13,3,4,1,2
2018-12-14,0.257511,0.254828,0.13158,-0.123788,-0.005945,-0.000533,0.1133,-0.007353,-0.008855,0.001847,-0.125591,0.003131,0.129574,0.010251,-0.121596,0.12802,-0.125931,0.004982,-0.003486,3,2,4,1,9,7,10,11,12,13,8,6,5,16,14,15,17
2018-12-17,0.433289,0.41737,-0.223517,0.19874,0.006264,-0.025703,-0.18707,0.012523,0.003452,-0.006736,0.209771,-0.005543,-0.205551,-0.010216,0.209548,-0.197582,0.20614,-0.007315,0.001604,15,16,14,17,13,9,8,6,5,7,10,11,12,1,2,4,3
2018-12-18,0.409397,0.37962,-0.204664,0.178632,0.006396,-0.053276,-0.170001,0.0159,-0.002952,-0.003781,0.192348,-0.002274,-0.178368,-5.7e-05,0.204733,-0.166657,0.188747,-0.00043,-0.001046,14,16,15,17,13,10,9,6,5,11,12,8,7,2,1,4,3
2018-12-19,0.250957,0.246624,-0.130967,0.116332,0.004461,-0.003114,-0.111553,0.006584,0.009435,-0.005312,0.117969,-0.007981,-0.12657,-0.014672,0.11673,-0.127647,0.11999,-0.00676,0.001624,16,15,14,17,9,12,8,7,6,5,10,11,13,2,3,4,1
2018-12-20,0.044848,0.028821,-0.011554,0.001384,0.000504,-0.028545,-0.000385,0.001548,-0.00711,-0.008449,0.009244,-0.000993,0.010818,0.010793,0.016304,0.004493,0.00626,0.006243,0.001818,7,2,12,16,17,13,8,11,9,14,15,6,3,4,1,10,5
2018-12-21,0.057038,0.038205,0.002515,-0.013259,-0.000467,-0.033231,0.011836,0.000295,-0.010517,-0.009428,-0.004559,-0.000682,0.023807,0.013157,0.002343,0.020644,-0.009811,0.006084,-0.000404,2,1,4,6,17,11,9,10,8,15,13,5,3,12,7,16,14
2018-12-24,0.0719,0.059642,-0.035342,0.024215,0.002889,-0.032028,-0.017636,0.00367,-0.005802,-0.008963,0.030325,-0.000714,-0.007358,0.014496,0.036557,-0.017079,0.027037,0.008415,0.004325,14,12,15,17,16,10,7,9,8,11,13,6,5,2,1,4,3
2018-12-26,0.305317,0.268808,-0.155657,0.120873,0.001791,-0.06532,-0.117261,0.00605,-0.010153,-0.028451,0.136991,-0.011048,-0.1057,0.018384,0.14966,-0.117753,0.129103,0.00311,-0.002647,16,14,15,17,13,11,9,8,6,10,12,7,5,2,1,4,3
2018-12-27,0.481667,0.44606,-0.198104,0.214143,0.014692,0.098586,-0.204253,0.018539,0.04469,0.018101,0.193888,-0.007622,-0.267242,-0.071731,0.170754,-0.244229,0.214425,-0.015985,0.003665,16,17,15,14,5,11,10,9,7,6,8,12,13,3,4,2,1
2018-12-28,0.05005,0.039098,-0.000493,0.019027,0.006261,0.009692,-0.006767,0.005453,0.017167,0.01825,0.012525,0.013146,-0.015599,-0.031023,-0.001292,-0.011215,0.005223,-0.016229,-0.011137,14,15,12,10,6,4,13,7,8,3,2,16,17,5,11,1,9
2018-12-31,0.062963,0.06125,0.031798,-0.030651,-0.000691,0.001045,0.028077,-0.001352,-0.002695,0.000356,-0.031166,-0.000263,0.030246,0.001157,-0.02949,0.029872,-0.030017,0.001224,0.000702,3,2,4,1,7,10,8,11,12,13,9,5,6,17,14,16,15
2019-01-04,0.038947,0.028577,0.000811,0.012794,0.004036,0.005214,-0.003741,0.00346,0.013012,0.013948,0.007845,0.009782,-0.009877,-0.024999,-0.002276,-0.00694,0.002486,-0.011101,-0.007717,13,15,12,10,6,4,14,7,8,2,1,16,17,5,11,3,9
2019-01-07,0.16595,0.128657,-0.025675,0.072455,0.014125,0.017608,-0.038712,0.012464,0.048929,0.049625,0.054536,0.035004,-0.063603,-0.093495,0.016093,-0.052257,0.033941,-0.042642,-0.03005,15,16,13,11,7,5,12,9,10,4,3,14,17,2,8,1,6
2019-01-08,0.288004,0.277497,-0.137437,0.14595,0.003863,0.002545,-0.127003,0.007884,0.025678,0.013643,0.137309,0.011629,-0.142055,-0.0366,0.122047,-0.139575,0.130167,-0.020231,-0.014315,16,17,14,15,10,7,11,9,8,5,6,12,13,2,4,1,3
2019-01-09,0.048098,0.041186,0.023485,-0.007399,-0.000413,0.006562,0.01463,0.00215,0.01301,0.016347,-0.020817,0.010481,0.013495,-0.024613,-0.023666,0.011125,-0.017545,-0.011921,-0.008805,6,4,3,1,8,7,12,10,9,5,2,13,17,15,16,11,14
2019-01-10,0.233567,0.229096,-0.116124,0.117443,0.003799,-0.000641,-0.103245,0.006058,0.016162,0.005767,0.114202,0.006545,-0.115711,-0.012568,0.10277,-0.115051,0.108758,-0.011812,-0.008261,15,16,14,17,10,6,11,9,7,5,8,12,13,2,4,1,3
2019-01-11,0.027269,0.022421,0.011052,-0.000529,2.8e-05,0.004078,0.006619,0.002197,0.008953,0.011442,-0.008968,0.007373,0.004904,-0.015826,-0.01102,0.003328,-0.007293,-0.007519,-0.005477,8,6,5,2,7,4,12,10,9,3,1,14,17,15,16,11,13
2019-01-15,0.016916,0.01646,0.008425,-0.008394,-7.5e-05,0.000299,0.007589,-0.000249,-0.001082,-0.000361,-0.007944,-0.000372,0.008454,0.001342,-0.00711,0.008521,-0.007641,0.001189,0.000846,1,2,4,3,8,12,7,9,10,13,11,6,5,16,14,17,15
2019-01-16,0.337684,0.323421,0.170946,-0.155621,-0.007219,0.002908,0.146775,-0.005762,-0.010705,0.013731,-0.166738,0.004296,0.164287,-0.011352,-0.155036,0.157028,-0.155643,0.002688,0.000779,3,2,4,1,7,6,9,11,10,12,5,8,13,17,14,15,16
2019-01-17,0.296735,0.289429,-0.145188,0.148856,0.006081,-0.003492,-0.130592,0.006669,0.019576,0.003868,0.144822,0.006466,-0.147879,-0.011636,0.130477,-0.143406,0.138136,-0.01298,-0.009062,15,17,14,16,10,7,11,8,6,5,9,13,12,2,4,1,3
2019-01-18,0.128467,0.118191,-0.053367,0.067542,0.00258,-0.001726,-0.05215,0.004078,0.015429,0.013626,0.056267,0.01048,-0.060442,-0.019125,0.047982,-0.060925,0.056029,-0.011428,-0.009031,17,16,14,15,10,7,11,9,8,5,6,12,13,2,4,1,3
2019-01-22,0.16211,0.145815,-0.054789,0.084303,0.002416,-0.002556,-0.064769,0.006785,0.021085,0.020563,0.067974,0.015519,-0.074495,-0.027459,0.05736,-0.077807,0.068096,-0.017149,-0.012484,17,16,15,14,10,7,11,9,8,5,6,12,13,3,4,1,2
2019-01-23,0.161195,0.14599,0.055628,-0.083168,-0.002225,0.003044,0.065405,-0.005812,-0.020235,-0.018352,-0.068303,-0.013885,0.074884,0.02619,-0.057568,0.078028,-0.068182,0.016867,0.012344,1,2,3,4,8,11,7,9,10,13,12,6,5,16,14,17,15
2019-01-24,0.397345,0.388847,0.198614,-0.192948,-0.006752,0.005112,0.177477,-0.008361,-0.021543,0.002595,-0.197953,-0.004348,0.199392,0.004672,-0.17968,0.193808,-0.183825,0.01159,0.00844,3,1,4,2,7,10,6,11,12,13,9,5,8,17,14,16,15
2019-01-25,0.170759,0.167608,-0.084298,0.084099,0.002774,-0.002665,-0.07679,0.00356,0.009884,0.000405,0.084643,0.002613,-0.086116,-0.004568,0.07662,-0.084735,0.078935,-0.006521,-0.004755,16,17,14,15,10,8,12,7,6,5,9,13,11,1,4,2,3
2019-01-28,0.571193,0.557667,-0.274406,0.285781,0.010035,-0.007418,-0.255506,0.011156,0.03952,0.011193,0.279168,0.014479,-0.285412,-0.026093,0.251366,-0.283845,0.26439,-0.024395,-0.020561,16,17,14,15,10,6,11,9,8,5,7,12,13,2,4,1,3
2019-01-29,0.147832,0.138332,-0.076183,0.065352,0.003897,-0.00046,-0.062377,0.001826,0.003278,-0.006198,0.071649,-0.00313,-0.070092,0.005751,0.065392,-0.066329,0.065137,0.000267,-0.000768,15,16,14,17,10,12,11,6,8,7,13,9,5,1,2,3,4
2019-01-30,0.086851,0.084268,-0.041034,0.043826,0.002495,-0.001014,-0.038292,0.001984,0.006606,0.002844,0.04243,0.00298,-0.043025,-0.004306,0.037734,-0.042427,0.040063,-0.003708,-0.003214,16,17,14,15,10,6,11,8,9,5,7,12,13,2,4,1,3
2019-01-31,0.185819,0.165783,0.097851,-0.072849,-0.003922,-0.00535,0.074378,3.7e-05,0.007124,0.02402,-0.087968,0.01461,0.079229,-0.024509,-0.078251,0.076847,-0.077203,-0.01315,-0.006504,3,2,4,1,10,6,11,9,8,7,5,12,13,17,16,14,15
2019-02-01,0.622307,0.59968,0.312354,-0.294924,-0.015861,-0.009865,0.274659,-0.009006,-0.022616,0.015659,-0.309953,0.001609,0.302198,-0.008408,-0.276641,0.299272,-0.280338,0.002518,0.01254,3,2,4,1,11,8,6,12,10,13,5,7,9,17,14,16,15
2019-02-04,0.17256,0.168438,-0.086036,0.084472,0.004785,0.001971,-0.077267,0.003139,0.008355,-0.00186,0.086524,0.001113,-0.084269,-0.000278,0.07814,-0.084547,0.079467,-0.002324,-0.004114,16,15,14,17,8,9,13,6,7,5,11,12,10,1,4,2,3
2019-02-05,0.071378,0.064886,0.037395,-0.02865,-0.000771,-0.003698,0.02963,-0.000942,0.003065,0.008953,-0.033983,0.00512,0.030508,-0.008649,-0.03108,0.031327,-0.030366,-0.003907,-0.000654,2,3,4,1,11,6,8,9,10,7,5,12,13,17,16,14,15
2019-02-06,0.065984,0.061329,-0.026774,0.033754,0.002048,-0.003765,-0.028492,0.000375,0.009279,0.007289,0.029624,0.005373,-0.03223,-0.009764,0.026216,-0.032162,0.027724,-0.006383,-0.004221,16,17,15,14,10,7,11,8,9,5,6,12,13,2,4,1,3
2019-02-07,0.250699,0.240429,0.116835,-0.126065,-0.005824,0.007469,0.112406,-0.002134,-0.021453,-0.009536,-0.12037,-0.011239,0.122793,0.016637,-0.108613,0.124634,-0.110589,0.013013,0.011117,1,2,4,3,8,12,7,10,9,13,11,6,5,16,14,17,15
2019-02-08,0.271709,0.258176,0.122167,-0.138215,-0.008014,0.009144,0.118504,-0.004053,-0.02883,-0.014945,-0.13093,-0.016506,0.130616,0.019735,-0.117596,0.133494,-0.119109,0.013811,0.011094,1,2,4,3,8,12,7,10,9,13,11,6,5,16,14,17,15
2019-02-12,0.236866,0.230143,0.116242,-0.117588,-0.006336,0.002783,0.10735,-0.004335,-0.014983,-0.000359,-0.117103,-0.002155,0.113332,0.003747,-0.105786,0.119278,-0.106887,0.005136,0.005779,1,3,4,2,8,10,5,12,11,13,9,6,7,16,14,17,15
2019-02-13,0.072675,0.061097,-0.017945,0.039223,0.004059,-0.011347,-0.025949,0.001683,0.021486,0.021872,0.027996,0.021589,-0.033452,-0.024737,0.023686,-0.031527,0.025143,-0.014841,-0.007977,16,17,15,13,11,6,10,8,9,7,5,12,14,2,4,1,3
2019-02-14,0.213151,0.203939,-0.09876,0.108021,0.006707,-0.006849,-0.093437,0.003666,0.019639,0.007377,0.102922,0.008791,-0.102373,-0.011877,0.091651,-0.10513,0.094612,-0.009753,-0.008111,17,16,14,15,10,6,11,8,9,5,7,12,13,2,4,1,3
2019-02-15,0.059981,0.055769,-0.031022,0.02446,0.000561,0.002596,-0.026899,0.001261,-0.001585,-0.005975,0.028959,-0.004953,-0.026696,0.005909,0.025746,-0.028242,0.026438,0.002771,0.000333,16,14,15,17,7,12,10,9,8,11,13,6,5,1,3,4,2
2019-02-19,0.181704,0.163551,-0.069402,0.096205,0.007594,-0.014368,-0.072485,0.001841,0.029247,0.021486,0.079026,0.021691,-0.084451,-0.029583,0.070219,-0.085499,0.072985,-0.019011,-0.012369,17,16,15,14,11,6,10,8,9,5,7,12,13,2,4,1,3
2019-02-20,0.010295,0.008803,0.005486,-0.002167,9.7e-05,-0.002187,0.00398,-0.000672,0.002201,0.003122,-0.00481,0.002774,0.003005,-0.004352,-0.004297,0.003483,-0.004103,-0.00264,-0.001192,3,5,2,1,12,6,10,8,9,7,4,13,16,17,15,11,14
2019-02-21,0.162946,0.156485,-0.076832,0.081574,0.004043,-0.003602,-0.074183,0.002491,0.012668,0.003866,0.079053,0.007415,-0.077015,-0.005012,0.070017,-0.081372,0.07361,-0.005883,-0.005151,17,16,14,15,10,6,12,7,9,5,8,13,11,2,4,1,3
2019-02-22,0.238071,0.226077,0.109118,-0.120386,-0.006369,0.006921,0.106483,-0.003656,-0.022008,-0.009128,-0.114133,-0.014295,0.110809,0.01124,-0.100739,0.117685,-0.1061,0.012697,0.00916,1,2,4,3,8,12,7,10,9,13,11,5,6,16,14,17,15
2019-02-25,0.069681,0.06492,0.035482,-0.028451,-0.000924,-0.0045,0.031326,-0.002232,0.002689,0.006659,-0.034199,0.005157,0.029363,-0.009983,-0.03055,0.031876,-0.031326,-0.005305,-0.001659,2,4,3,1,11,6,9,8,10,7,5,12,13,17,15,14,16
2019-02-26,0.167398,0.162444,-0.08235,0.082019,0.00393,0.000782,-0.07754,0.003778,0.008176,-0.000903,0.083933,0.0025,-0.077798,0.003455,0.074376,-0.083465,0.077767,-0.001297,-0.002719,17,15,14,16,10,9,13,6,7,5,11,12,8,1,4,2,3
2019-02-27,0.075229,0.068958,0.031458,-0.038393,-0.001619,0.004748,0.032496,-4.7e-05,-0.008962,-0.0059,-0.033855,-0.00749,0.034279,0.008238,-0.029893,0.036836,-0.031015,0.007221,0.004538,1,2,3,4,7,12,8,10,9,13,11,6,5,16,14,17,15
2019-02-28,0.092501,0.089051,-0.046362,0.043895,0.001658,0.00155,-0.042812,0.002,0.002133,-0.0028,0.046139,-0.00082,-0.042476,0.00454,0.04101,-0.045613,0.042332,0.000897,-0.001007,16,14,15,17,9,11,12,8,7,6,13,10,5,1,4,2,3
2019-03-01,0.264842,0.252471,0.122782,-0.13356,-0.005681,0.008012,0.118995,-0.004048,-0.022473,-0.010613,-0.127849,-0.014068,0.123104,0.010029,-0.113058,0.131282,-0.118835,0.011326,0.011242,1,2,4,3,8,12,6,10,9,13,11,5,7,16,14,17,15
2019-03-04,0.035186,0.030105,-0.010261,0.019694,0.001555,-0.004981,-0.012532,0.000393,0.009564,0.008953,0.014061,0.008918,-0.014877,-0.009669,0.012328,-0.015493,0.013661,-0.006597,-0.003893,17,16,15,14,11,7,10,8,9,5,6,12,13,2,4,1,3
2019-03-05,0.20947,0.202347,-0.104813,0.099938,0.002911,-0.000167,-0.097919,0.00284,0.00623,-0.003669,0.104076,-0.00106,-0.097849,0.005415,0.091575,-0.105393,0.094901,-0.000886,-0.005138,17,14,15,16,9,11,13,7,8,5,12,10,6,1,4,2,3
2019-03-06,0.0125,0.010421,0.001096,-0.006307,-0.000548,0.003164,0.002499,4.8e-05,-0.005141,-0.005166,-0.002545,-0.005581,0.003952,0.006193,-0.002338,0.003809,-0.003115,0.004064,0.002219,4,3,6,8,5,16,7,10,9,14,15,2,1,12,11,17,13
2019-03-07,0.046494,0.040748,-0.025102,0.011795,-0.000292,0.007072,-0.019067,0.000813,-0.009462,-0.011718,0.021392,-0.012146,-0.017148,0.015203,0.019603,-0.019,0.018081,0.009958,0.004083,15,14,16,17,7,13,8,10,9,11,12,6,4,1,2,5,3
2019-03-08,0.055928,0.046421,0.014015,-0.032393,-0.002299,0.010002,0.019355,-0.000786,-0.018007,-0.016274,-0.020262,-0.018446,0.022711,0.019584,-0.01669,0.023535,-0.020778,0.014702,0.007943,1,2,4,6,7,14,8,10,9,13,11,5,3,15,12,17,16
2019-03-11,0.161723,0.153217,0.073752,-0.082245,-0.003336,0.004814,0.071791,-0.002559,-0.014966,-0.007527,-0.077497,-0.011205,0.074508,0.007722,-0.067767,0.079478,-0.07217,0.00816,0.007366,1,2,4,3,8,12,7,10,9,13,11,5,6,16,14,17,15
2019-03-12,0.070376,0.056541,0.008132,0.021488,0.000919,-0.018259,-0.00362,-0.002448,0.02715,0.028155,-0.000255,0.031347,-0.007963,-0.03903,-0.001217,-0.007957,0.003826,-0.025683,-0.013928,12,13,11,5,15,1,14,7,10,3,2,16,17,8,9,4,6
2019-03-13,0.040002,0.037203,0.02031,-0.016585,-0.001276,-0.003329,0.017296,-0.000816,0.002094,0.004038,-0.019692,0.004174,0.017345,-0.007684,-0.017461,0.018569,-0.018232,-0.003687,-0.002259,2,3,4,1,11,5,10,9,8,7,6,12,13,17,15,14,16
2019-03-14,0.036699,0.029698,-0.008806,0.019933,0.000206,-0.007471,-0.011539,0.000921,0.012509,0.01111,0.012617,0.013904,-0.012274,-0.016766,0.011088,-0.013601,0.011115,-0.008981,-0.007725,16,15,14,12,10,2,11,9,8,4,6,13,17,3,7,1,5
2019-03-15,0.026797,0.024352,-0.014294,0.008789,0.000522,0.003614,-0.011687,8.3e-05,-0.003983,-0.005492,0.012502,-0.005869,-0.011532,0.008536,0.010957,-0.012229,0.011387,0.004012,0.002509,16,14,15,17,7,13,8,9,10,11,12,6,5,1,3,4,2
2019-03-18,0.222024,0.215991,0.110599,-0.110391,-0.003242,0.001673,0.103467,-0.001441,-0.009974,-0.000166,-0.110367,-0.005384,0.104327,-0.001358,-0.096485,0.111633,-0.100658,0.003722,0.008635,1,3,4,2,7,12,5,11,10,13,8,6,9,16,14,17,15
2019-03-19,0.223881,0.214908,-0.106502,0.114114,0.004519,-0.004453,-0.101277,0.003168,0.017223,0.007269,0.11112,0.013633,-0.102595,-0.006637,0.097454,-0.109767,0.100627,-0.007104,-0.010649,17,15,14,16,10,6,13,8,9,5,7,12,11,2,4,1,3
2019-03-20,0.08374,0.077278,0.037116,-0.043206,3.4e-05,0.007466,0.037342,0.000108,-0.011535,-0.007833,-0.038182,-0.011178,0.038544,0.013963,-0.033308,0.040534,-0.034028,0.009371,0.009309,1,2,3,4,8,12,7,10,9,13,11,6,5,16,14,17,15
2019-03-22,0.026391,0.02122,0.005856,-0.013913,-0.000295,0.005607,0.00801,-0.000828,-0.009477,-0.008378,-0.00908,-0.010094,0.008477,0.012478,-0.008005,0.009221,-0.007955,0.006725,0.005618,2,3,4,6,8,16,7,9,10,15,13,5,1,14,12,17,11
2019-03-25,0.628167,0.586487,0.280108,-0.329006,-0.009105,0.03799,0.275405,-0.005532,-0.078866,-0.05369,-0.298593,-0.076842,0.286335,0.071526,-0.263636,0.299161,-0.266258,0.049652,0.052313,1,2,4,3,8,12,6,10,9,13,11,7,5,16,14,17,15
2019-03-26,0.034418,0.030856,0.01499,-0.017485,-0.000193,0.004136,0.013449,-6.9e-05,-0.005972,-0.003758,-0.015194,-0.005947,0.014637,0.006949,-0.013222,0.016933,-0.01333,0.004504,0.00383,1,3,4,2,7,12,8,10,9,13,11,6,5,16,14,17,15
2019-03-27,0.059045,0.048654,-0.021729,0.030883,0.000663,-0.012427,-0.017852,0.000822,0.017409,0.011169,0.023203,0.01715,-0.021019,-0.021777,0.020208,-0.028162,0.019955,-0.012901,-0.009742,17,14,13,15,11,6,10,9,8,5,7,12,16,2,3,1,4
2019-03-28,0.161322,0.154491,-0.08085,0.074501,0.001003,0.012509,-0.077777,-0.00191,-0.007775,-0.006067,0.080472,-0.00793,-0.077299,0.02379,0.069054,-0.073461,0.072573,0.008495,0.00086,14,15,16,17,6,13,9,8,10,12,11,7,5,1,4,2,3
2019-03-29,0.417004,0.398531,-0.199912,0.211323,0.005489,-0.006016,-0.182369,-0.000321,0.029926,0.019113,0.206849,0.032887,-0.195591,-0.00425,0.171043,-0.205682,0.176236,-0.014938,-0.024849,17,15,14,16,11,5,13,8,9,6,7,12,10,2,4,1,3
2019-04-01,0.302907,0.293581,0.150704,-0.150003,-0.002533,-0.003471,0.138834,0.002538,-0.011048,-0.008169,-0.152202,-0.014345,0.146809,-0.009716,-0.125285,0.149642,-0.131383,0.004286,0.014876,2,3,4,1,9,13,5,8,7,12,10,6,11,17,14,16,15
2019-04-02,0.617491,0.582756,-0.29049,0.315022,0.009283,-0.015214,-0.26692,0.001439,0.054124,0.035719,0.301675,0.05951,-0.285053,-0.01668,0.246457,-0.302468,0.253561,-0.03008,-0.044929,17,15,14,16,10,5,13,8,9,6,7,12,11,2,4,1,3
2019-04-03,0.285204,0.276489,-0.141096,0.139369,0.001435,0.007175,-0.132604,-0.004975,0.005238,0.006323,0.143844,0.010966,-0.139441,0.014899,0.117768,-0.14136,0.124356,-0.004439,-0.016816,17,15,14,16,7,6,13,10,12,9,8,11,5,1,4,2,3
2019-04-04,0.146327,0.14161,-0.072952,0.070695,0.004841,0.000631,-0.067821,0.00328,0.002769,0.000736,0.073374,0.001135,-0.070322,0.004416,0.06642,-0.070775,0.06671,0.004195,-0.008681,16,15,14,17,12,10,13,5,8,9,11,7,6,1,4,2,3
2019-04-05,0.316906,0.309617,-0.156628,0.154761,0.009255,-0.000669,-0.143246,0.006494,0.012029,-0.001398,0.152738,0.005622,-0.154753,0.005113,0.147826,-0.162144,0.146922,0.007451,-0.014833,17,15,14,16,11,9,13,6,8,5,12,7,10,2,3,1,4
2019-04-08,0.057643,0.051158,0.026963,-0.024336,-0.002275,-0.000479,0.025993,-0.002032,0.002658,-0.003709,-0.030679,0.001977,0.02338,-0.004089,-0.020127,0.018929,-0.022121,-0.003136,0.00581,4,3,2,1,8,7,5,10,9,6,12,11,13,17,14,16,15
2019-04-09,0.008663,0.007534,-0.001502,0.003496,-0.001022,0.0024,-0.003008,0.002988,-0.002062,0.005298,0.002042,-0.000675,0.005655,0.005075,0.000367,0.004198,0.002823,0.004088,-0.001013,4,1,17,15,9,12,13,14,7,16,2,5,3,10,11,6,8
2019-04-10,0.352802,0.341754,0.160195,-0.163978,-0.016717,-0.007612,0.144837,-0.002896,-0.024086,0.010602,-0.169808,-0.010731,0.178478,0.021732,-0.170212,0.182591,-0.156969,-0.002522,0.008364,1,2,4,3,10,11,7,12,9,13,6,8,5,16,17,15,14
2019-04-11,0.176779,0.172374,-0.084812,0.084701,0.004999,0.003992,-0.078797,0.001977,0.007809,-0.00227,0.085237,0.002448,-0.08606,-0.006635,0.084769,-0.091542,0.080078,0.00325,-0.007574,17,16,14,15,7,9,13,6,10,5,11,8,12,1,2,3,4
2019-04-12,0.139427,0.136282,-0.068864,0.069169,0.001853,0.004125,-0.065197,0.003384,0.003954,0.001905,0.068161,0.000874,-0.064776,-0.002591,0.067197,-0.070258,0.064594,0.005051,-0.007423,17,14,15,16,6,11,13,10,8,7,9,5,12,2,3,1,4
2019-04-15,0.499764,0.485884,-0.233445,0.238284,0.017264,0.012813,-0.217691,0.005205,0.024442,-0.011057,0.24205,0.008484,-0.245481,-0.020778,0.240679,-0.257714,0.225162,0.00834,-0.023288,17,16,14,15,7,8,13,6,10,5,11,9,12,1,2,3,4
2019-04-16,0.526699,0.51324,0.251027,-0.252449,-0.014174,-0.012159,0.236586,-0.005807,-0.022019,0.009006,-0.254934,-0.008405,0.257298,0.020722,-0.252246,0.271765,-0.238483,-0.009651,0.027297,1,2,4,3,11,9,5,12,8,13,7,10,6,17,15,16,14
2019-04-17,0.409732,0.402199,-0.20066,0.208618,0.006749,0.016048,-0.190891,0.01457,0.013558,0.019862,0.205743,0.007573,-0.184612,-0.001872,0.199573,-0.201114,0.195041,0.021551,-0.019089,17,14,15,16,7,10,13,11,8,9,6,5,12,2,3,1,4
2019-04-18,0.123972,0.117631,-0.061425,0.062547,-0.002421,0.004699,-0.059147,0.005583,-0.001562,0.014266,0.058467,0.000317,-0.048992,0.00293,0.054871,-0.053995,0.057313,0.008323,-0.007123,15,14,16,17,8,10,13,12,7,11,5,6,9,2,4,1,3
2019-04-22,0.019195,0.01846,0.008935,-0.01026,-0.000395,-0.001351,0.008542,-0.001564,-0.00061,-0.002341,-0.009705,-0.000592,0.007556,-0.000758,-0.0093,0.00805,-0.009888,-0.001796,0.000507,3,4,2,1,10,7,5,6,11,8,13,12,9,15,14,17,16
2019-04-23,0.082672,0.08082,0.039707,-0.038315,-0.002956,-0.000589,0.036491,0.000848,-0.003137,0.006253,-0.03845,-0.000491,0.043796,0.005892,-0.037972,0.044222,-0.035786,0.002261,0.005653,1,2,4,3,11,10,7,12,9,13,5,8,6,17,15,16,14
2019-04-24,0.02482,0.021342,-0.000477,0.003359,0.010692,0.000498,0.004427,-0.002167,0.006005,-0.014129,0.007829,0.002688,-0.013747,-0.005549,0.007678,-0.009951,0.002847,-0.005083,0.000118,15,16,5,11,9,8,10,1,12,4,17,13,14,2,3,6,7
2019-04-25,0.39769,0.389624,0.18873,-0.197206,-0.011372,-0.012801,0.179277,-0.010008,-0.015724,0.002381,-0.19685,-0.00479,0.196126,0.011692,-0.188843,0.200484,-0.189475,-0.007228,0.023651,1,2,4,3,12,8,5,11,10,13,7,9,6,16,14,17,15
2019-04-26,0.308929,0.300175,0.142799,-0.15164,-0.012206,-0.008738,0.134992,-0.00803,-0.013598,0.009778,-0.152278,-0.004794,0.149955,0.008527,-0.147202,0.156651,-0.145988,-0.003388,0.016573,1,2,4,3,11,9,5,12,10,13,6,8,7,17,15,16,14
2019-05-07,0.079711,0.075829,0.038621,-0.038604,0.005813,-0.00274,0.04105,-0.004757,0.00075,-0.010417,-0.035886,-0.000297,0.031648,-0.003287,-0.035157,0.034663,-0.038661,-0.005797,0.004158,3,4,1,2,9,8,6,5,11,7,13,12,10,15,14,16,17
2019-05-08,0.075075,0.052785,-0.018934,0.004145,-0.035234,-0.003285,-0.034019,0.00695,-0.014789,0.039841,0.000732,-0.008351,0.010217,0.013141,-0.004892,0.005884,0.014494,0.015833,-0.000261,7,5,16,15,11,13,10,17,6,14,1,2,4,9,12,8,3
2019-05-09,0.337389,0.331076,-0.16421,0.166304,-0.001792,0.008653,-0.161752,0.012601,0.010479,0.005094,0.167385,0.001314,-0.160145,-0.003653,0.159008,-0.170004,0.163573,0.00959,-0.018382,17,14,15,16,8,10,13,11,5,6,9,7,12,1,4,2,3
2019-05-10,0.145647,0.144288,-0.073604,0.070558,-0.006392,0.001583,-0.075089,0.00305,0.00045,0.001674,0.070507,-6.4e-05,-0.071049,-0.002332,0.066471,-0.073014,0.070091,0.004626,-0.007353,15,14,17,16,8,10,13,12,6,9,7,5,11,2,4,1,3
2019-05-13,0.287356,0.279835,0.139601,-0.14025,0.010417,-0.008297,0.140007,-0.005688,-0.00427,-0.010745,-0.147349,-0.000905,0.137719,0.001131,-0.133314,0.134831,-0.13458,-0.018603,0.008039,4,3,1,2,11,8,6,5,10,9,12,13,7,17,14,16,15
2019-05-14,0.239927,0.208963,0.09171,-0.119566,-0.043166,-0.005709,0.062083,-0.019926,-0.029169,0.012872,-0.095339,-0.010103,0.088309,0.007878,-0.099979,0.12036,-0.106964,0.019576,0.02324,1,3,4,2,9,10,5,13,11,12,7,6,8,14,15,17,16
2019-05-15,0.256183,0.245055,-0.12074,0.123087,0.011213,0.005576,-0.107187,0.006415,0.015845,0.001055,0.119195,0.005738,-0.118825,-0.009594,0.116515,-0.133096,0.120221,0.00112,-0.019096,17,15,14,16,9,8,13,6,7,5,11,10,12,3,4,1,2
2019-05-16,0.191968,0.185025,0.088314,-0.092833,0.006542,-0.001883,0.096874,-0.004366,-0.000483,-0.006592,-0.095095,0.000282,0.09399,-0.001045,-0.086628,0.088817,-0.087465,-0.009905,0.006403,3,2,1,4,10,7,6,5,11,8,12,13,9,17,14,16,15
2019-05-17,0.060999,0.050261,0.019766,-0.023072,0.012279,0.003761,0.034288,-0.002867,0.007727,-0.006906,-0.02671,-0.000102,0.026142,-0.005305,-0.020804,0.013119,-0.019504,-0.010194,-0.001573,4,2,1,3,7,8,9,5,10,6,12,13,11,17,15,16,14
2019-05-20,0.244348,0.23472,0.114138,-0.115579,-0.007144,-0.010927,0.100064,0.001729,-0.012662,0.000567,-0.116697,-1.3e-05,0.115142,0.006588,-0.113389,0.127651,-0.114953,0.000753,0.018583,1,2,4,3,12,10,5,11,7,13,9,8,6,17,14,16,15
2019-05-21,0.205912,0.192871,0.095083,-0.089937,-0.008712,-0.013269,0.079074,0.005096,-0.011988,0.003274,-0.095418,0.003952,0.093597,0.007397,-0.092275,0.110494,-0.091746,0.002905,0.021002,1,3,4,2,13,8,5,11,7,12,9,10,6,17,16,14,15
2019-05-22,0.395003,0.374454,-0.184099,0.176604,0.008563,0.022158,-0.170946,0.000647,0.017021,0.002441,0.185639,-0.001716,-0.183661,-0.008305,0.183996,-0.209364,0.174733,0.006664,-0.031321,17,15,14,16,5,11,13,7,10,6,9,8,12,1,2,3,4
2019-05-23,0.609103,0.584448,0.289448,-0.284653,-0.000239,-0.023755,0.270275,-0.004448,-0.020185,-0.007195,-0.296648,0.00495,0.289061,0.004435,-0.281079,0.312455,-0.280963,-0.011779,0.036832,1,3,4,2,13,6,5,8,9,12,10,11,7,17,15,16,14
2019-05-24,0.682412,0.649983,0.322532,-0.311562,-0.007769,-0.034263,0.292129,-0.002132,-0.024217,-0.005162,-0.328057,0.008029,0.316414,0.000635,-0.31703,0.354355,-0.30902,-0.010937,0.053502,1,3,4,2,13,6,5,10,8,12,9,11,7,17,16,15,14
2019-05-28,0.398015,0.386531,-0.193421,0.191306,-0.000893,0.013905,-0.178187,0.00406,0.013186,0.004713,0.194175,-0.001133,-0.192292,-0.003678,0.181671,-0.20384,0.184558,0.006904,-0.027069,17,15,14,16,5,11,13,10,9,6,8,7,12,1,4,2,3
2019-05-29,0.533726,0.525078,-0.258328,0.268489,-0.018438,0.0081,-0.251566,0.009227,0.007797,0.014689,0.269086,-0.003032,-0.26464,-0.009182,0.240418,-0.260392,0.254299,0.007972,-0.018837,16,17,14,15,7,10,13,12,6,9,5,8,11,1,4,2,3
2019-05-30,0.425071,0.412751,-0.205226,0.208501,-0.013698,0.00697,-0.197928,0.00689,0.009479,0.01062,0.212591,-0.002548,-0.21248,-0.005296,0.191642,-0.198271,0.201184,0.000218,-0.016474,15,17,14,16,7,10,13,12,8,6,5,9,11,1,4,2,3
2019-05-31,0.258615,0.253479,0.125205,-0.129822,0.003789,-0.006874,0.118609,-0.005527,-0.006903,-0.007709,-0.130444,-0.000521,0.128171,0.003911,-0.120426,0.12525,-0.121545,-0.002952,0.014732,2,1,4,3,11,8,5,7,10,12,13,9,6,17,14,16,15
2019-06-03,0.077003,0.071539,-0.029845,0.038048,-0.01716,-0.008613,-0.036953,0.003924,-0.007404,0.006909,0.037357,-0.000682,-0.038955,-0.004676,0.027779,-0.015271,0.033458,-0.007114,0.007593,13,17,16,15,12,8,5,14,7,11,6,10,9,2,4,1,3
2019-06-04,0.350855,0.341235,-0.17428,0.16702,0.00474,0.013944,-0.157662,0.004416,0.013688,0.003176,0.169251,-0.002994,-0.172169,-0.007802,0.158288,-0.181604,0.15938,0.004959,-0.031187,17,15,14,16,5,11,13,8,9,6,10,7,12,1,4,2,3
2019-06-05,0.114205,0.090612,-0.052123,0.033909,0.030211,0.016632,-0.026479,0.003428,0.020406,-0.008311,0.037418,-0.001115,-0.030359,0.004513,0.044795,-0.069409,0.037731,0.006533,-0.020197,17,15,14,16,7,11,13,5,10,6,12,8,9,3,1,4,2
2019-06-06,0.56575,0.545554,0.263991,-0.280992,0.013687,-0.015005,0.265254,-0.009376,-0.01342,-0.021629,-0.278898,-0.006799,0.284758,0.015494,-0.256603,0.262778,-0.26277,-0.008191,0.029173,4,1,2,3,12,8,5,7,10,11,13,9,6,16,14,17,15
2019-06-07,0.107633,0.099919,0.043062,-0.052975,0.011137,0.000668,0.052715,-9.8e-05,0.002742,-0.008234,-0.049085,-0.006071,0.054658,0.002703,-0.044607,0.036849,-0.047263,0.000471,-0.000137,4,1,2,3,8,12,11,5,10,6,13,9,7,16,14,17,15
2019-06-10,0.14915,0.139045,0.061104,-0.074354,0.011173,-0.00071,0.070391,-0.00095,0.001465,-0.010112,-0.070636,-0.005632,0.074796,0.005559,-0.063178,0.05884,-0.065854,-0.002505,0.001906,4,1,2,3,9,12,7,5,10,8,13,11,6,16,14,17,15
2019-06-11,0.13505,0.13059,-0.066038,0.06512,0.002293,0.004415,-0.060531,0.002015,0.004558,0.000697,0.064407,-0.002349,-0.064832,-0.003433,0.061444,-0.06993,0.061192,0.002847,-0.010645,17,15,14,16,6,11,13,8,9,5,10,7,12,2,3,1,4
2019-06-12,0.140128,0.136636,-0.067375,0.069799,-0.000446,0.00352,-0.065457,0.00192,0.003381,0.002931,0.068277,-0.000121,-0.069075,-0.003719,0.064529,-0.070328,0.065055,0.002536,-0.008385,17,16,14,15,5,10,13,11,9,6,7,8,12,2,4,1,3
2019-06-13,0.479342,0.465905,0.231664,-0.236614,-0.003107,-0.013538,0.220043,-0.007405,-0.013956,-0.007936,-0.231674,0.00305,0.233283,0.011733,-0.220597,0.242729,-0.221752,-0.010146,0.031356,1,2,4,3,12,7,5,8,9,13,10,11,6,16,14,17,15
2019-06-14,0.206926,0.197709,-0.101063,0.099521,0.008526,0.005267,-0.089843,0.005201,0.007352,0.000386,0.096082,-0.006245,-0.094791,-0.00179,0.094266,-0.107404,0.094261,0.00465,-0.014412,17,15,14,16,7,12,13,5,8,6,10,9,11,2,3,1,4
2019-06-17,0.119755,0.116179,0.059275,-0.057752,-0.000953,-0.00134,0.055692,-0.001161,-0.002238,-0.000512,-0.056175,0.003019,0.058608,0.002817,-0.054287,0.062004,-0.054724,-0.001112,0.008167,1,3,4,2,12,6,5,9,11,13,8,10,7,16,14,17,15
2019-06-18,0.094511,0.092129,-0.045968,0.046786,0.000674,0.001573,-0.043893,0.001651,0.002169,0.002182,0.045496,-0.001502,-0.046099,-0.001853,0.043701,-0.047725,0.044312,0.001715,-0.005322,17,16,14,15,9,11,13,10,8,6,5,7,12,2,4,1,3
2019-06-19,0.316086,0.306263,-0.15756,0.152895,0.007992,0.005605,-0.140101,0.007756,0.009132,0.005017,0.148528,-0.013523,-0.147313,-0.004792,0.142411,-0.163191,0.149302,0.004356,-0.020398,17,15,14,16,8,12,13,6,7,5,9,10,11,3,4,1,2
2019-06-20,0.393294,0.384547,0.190661,-0.195678,0.002806,-0.004094,0.185182,-0.005714,-0.006848,-0.008328,-0.188154,0.004172,0.192776,0.010973,-0.180572,0.197616,-0.188756,-0.003565,0.016161,1,2,4,3,10,7,5,8,11,12,13,9,6,15,14,17,16
2019-06-21,0.061426,0.055986,-0.034239,0.025275,0.011232,0.003198,-0.018168,0.004303,0.004647,-0.002572,0.025351,-0.013946,-0.022283,0.00153,0.021816,-0.036075,0.024736,0.001215,-0.013241,17,15,14,16,8,13,12,5,7,6,11,10,9,1,4,2,3
2019-06-24,0.173012,0.167983,0.085387,-0.084306,-0.003382,-0.003171,0.077677,-0.004119,-0.004233,-0.002502,-0.082197,0.005433,0.081608,0.003096,-0.077531,0.088707,-0.081745,-0.002266,0.009728,1,3,4,2,10,6,5,11,12,13,9,8,7,16,14,17,15
2019-06-25,0.161693,0.157142,0.080591,-0.07868,-0.003384,-0.002829,0.072599,-0.00398,-0.00402,-0.001948,-0.076986,0.005944,0.075998,0.002845,-0.072268,0.083012,-0.076158,-0.001815,0.00899,1,3,4,2,10,6,5,11,12,13,9,8,7,16,14,17,15
2019-06-26,0.054124,0.04887,-0.017091,0.023691,-0.012799,-0.003097,-0.030433,-0.003995,-0.004064,0.001353,0.022034,0.007679,-0.029812,-0.006326,0.022967,-0.017675,0.021587,-0.00212,0.00377,15,16,17,14,9,5,6,13,10,11,7,8,12,3,2,1,4
2019-06-27,0.6968,0.686185,-0.341381,0.346817,-0.008527,0.006001,-0.33549,0.009359,0.009157,0.010681,0.33826,-0.008706,-0.34791,-0.021692,0.320528,-0.349983,0.334203,0.003539,-0.02789,17,16,14,15,8,11,13,10,6,7,5,9,12,2,4,1,3
2019-06-28,0.00848,0.006641,-0.00307,0.001854,0.005409,0.001698,-0.000904,0.001714,0.002094,0.001054,0.000796,-0.003033,0.003428,0.002132,0.001184,-0.00285,0.001582,0.001719,-0.002105,15,2,13,17,8,16,14,1,7,4,11,6,3,12,10,5,9
2019-07-01,0.380189,0.370245,-0.189006,0.187367,0.009436,0.006307,-0.179096,0.008208,0.01128,0.007506,0.181421,-0.017251,-0.175462,-0.009531,0.17064,-0.192822,0.181025,0.005245,-0.021118,17,14,15,16,9,12,13,6,7,5,8,10,11,2,4,1,3
2019-07-02,0.056923,0.049592,0.019172,-0.024723,0.005867,0.000637,0.022307,-0.00106,0.000707,-0.000388,-0.026069,-0.00446,0.030854,0.003662,-0.023267,0.021555,-0.023167,0.000469,-0.002197,3,1,2,4,8,13,12,5,11,7,10,9,6,17,15,16,14
2019-07-03,0.522979,0.515939,0.255839,-0.26146,0.000904,-0.004225,0.250508,-0.011547,-0.011256,-0.007934,-0.256422,0.015127,0.26132,0.030122,-0.239476,0.261519,-0.251257,-0.003156,0.019957,1,2,4,3,10,7,6,8,13,12,11,9,5,16,14,17,15
2019-07-05,0.175033,0.163208,0.073643,-0.083239,0.006984,-2e-05,0.078775,-0.005159,-0.001367,-0.003484,-0.083308,-0.001666,0.091725,0.017175,-0.075004,0.075376,-0.077199,5.3e-05,-0.000253,3,1,2,4,8,11,9,6,13,10,12,7,5,17,14,16,15
2019-07-08,0.156423,0.150258,-0.071903,0.077079,-0.001527,0.00121,-0.070781,0.005558,0.003849,0.003925,0.075811,-0.001941,-0.079344,-0.011082,0.070657,-0.073033,0.073603,0.000999,-0.002656,16,17,14,15,8,11,12,10,5,7,6,9,13,2,4,1,3
2019-07-09,0.030461,0.02746,0.017618,-0.012354,-0.003386,0.000543,0.013067,0.000813,-0.001724,0.000794,-0.009513,0.004663,0.004932,-0.004469,-0.009814,0.018107,-0.011421,-0.001277,0.005613,1,5,3,2,9,6,4,12,7,11,8,10,13,14,15,17,16
2019-07-10,0.042633,0.040979,-0.018957,0.021778,0.000173,0.000614,-0.01875,0.001953,0.001363,0.001659,0.021383,0.000636,-0.020855,-0.001756,0.019802,-0.019171,0.020792,0.000901,0.000479,16,17,14,15,10,9,11,12,5,7,6,8,13,2,4,1,3
2019-07-11,0.136161,0.129854,0.061986,-0.06608,0.002768,0.001042,0.062067,-0.003449,-0.000849,-0.00214,-0.065517,-0.000183,0.070082,0.008844,-0.060771,0.062534,-0.063282,0.000537,0.000155,2,1,3,4,7,10,9,6,13,11,12,8,5,16,14,17,15
2019-07-12,0.054595,0.052984,0.025108,-0.027752,-0.000671,-0.000578,0.024771,-0.00199,-0.002199,-0.001469,-0.026809,-0.000377,0.026843,0.001925,-0.025378,0.025569,-0.026871,-0.001474,0.000144,2,1,4,3,8,7,6,9,12,13,10,11,5,15,14,17,16
2019-07-16,0.44774,0.433095,-0.22202,0.222335,0.003231,-0.002655,-0.209489,0.006313,0.009121,0.004408,0.210547,-0.010476,-0.210111,-0.008893,0.200119,-0.225405,0.208869,0.00434,-0.015791,17,15,14,16,10,12,13,9,6,5,7,8,11,2,4,1,3
2019-07-17,0.150049,0.142889,-0.066843,0.071386,-0.002083,-0.001274,-0.069796,0.003513,0.004282,0.001821,0.069981,-0.000258,-0.078549,-0.010492,0.065551,-0.067453,0.0715,0.002074,-0.002218,15,17,16,14,10,9,12,11,6,5,8,7,13,3,4,2,1
2019-07-18,0.479918,0.463844,0.236803,-0.23994,-0.003952,0.001987,0.226475,-0.006997,-0.009838,-0.005591,-0.226622,0.011615,0.22009,0.003828,-0.214426,0.239979,-0.221714,-0.005946,0.020403,1,4,3,2,8,6,5,9,12,13,10,11,7,16,14,17,15
2019-07-19,0.276129,0.266203,0.127893,-0.134268,0.00037,0.000791,0.13001,-0.006609,-0.008728,-0.002943,-0.129457,0.001989,0.14186,0.014838,-0.122953,0.130184,-0.132829,-0.005454,0.007914,2,1,3,4,8,7,6,9,12,13,10,11,5,15,14,17,16
2019-07-22,0.454267,0.435556,-0.206209,0.215159,-0.003521,-0.004809,-0.217159,0.00896,0.012285,0.001944,0.20923,-0.00172,-0.237811,-0.02516,0.199866,-0.210852,0.216456,0.006414,-0.015636,15,17,16,14,11,9,12,10,6,5,8,7,13,3,4,2,1
2019-07-23,0.145805,0.142767,-0.069635,0.072545,0.00024,-0.001048,-0.070286,0.002695,0.00353,0.001235,0.070019,-0.002281,-0.07326,-0.004366,0.066788,-0.071804,0.070387,0.002031,-0.005228,16,17,15,14,10,11,13,9,6,5,8,7,12,3,4,1,2
2019-07-24,0.430884,0.4189,-0.214058,0.216009,0.004488,0.001275,-0.20307,0.006856,0.008223,0.006724,0.206649,-0.007403,-0.200609,-0.005423,0.195247,-0.214875,0.202039,0.00484,-0.018216,17,14,15,16,10,12,13,9,6,5,7,8,11,2,4,1,3
2019-07-25,0.243993,0.23839,-0.118266,0.12308,0.002495,0.000722,-0.116073,0.004995,0.005705,0.00414,0.118856,-0.003669,-0.117744,-0.00555,0.112206,-0.120914,0.11631,0.003346,-0.009773,17,15,14,16,10,11,13,9,6,5,7,8,12,2,4,1,3
2019-07-26,0.22085,0.212449,0.109016,-0.110481,-0.002592,-0.00101,0.10206,-0.002728,-0.002933,-0.003705,-0.10627,0.004823,0.098177,0.001649,-0.097828,0.110369,-0.099152,-0.001292,0.010488,1,4,3,2,8,6,5,10,11,12,13,9,7,16,14,17,15
2019-07-29,0.181304,0.170207,0.077216,-0.08183,0.002347,0.002789,0.085266,-0.003115,-0.00478,0.000939,-0.080483,-0.001614,0.095727,0.011504,-0.079057,0.081737,-0.085577,-0.001818,0.005401,3,1,2,4,7,10,6,8,12,13,9,11,5,15,14,16,17
2019-07-30,0.320179,0.313003,0.154175,-0.161867,-0.001933,0.00239,0.151093,-0.004865,-0.00787,-0.003736,-0.155571,0.002837,0.156511,0.007763,-0.14818,0.158311,-0.152573,-0.003385,0.011179,1,2,4,3,8,7,5,9,12,13,11,10,6,16,14,17,15
2019-07-31,0.558038,0.543702,-0.265251,0.276952,0.003224,-0.004957,-0.265183,0.008202,0.014685,0.006525,0.269877,-0.004196,-0.281086,-0.020581,0.256357,-0.272232,0.26571,0.005901,-0.020469,16,17,14,15,11,10,12,9,6,5,7,8,13,2,4,1,3
2019-08-01,0.460882,0.436267,-0.19649,0.215019,-0.000862,-0.002853,-0.213911,0.009345,0.015891,0.001935,0.211833,0.003861,-0.240922,-0.026314,0.205982,-0.207156,0.21996,0.006859,-0.011931,15,17,16,14,11,8,12,10,6,5,9,7,13,3,4,2,1
2019-08-02,0.756034,0.740905,0.367216,-0.380517,-0.007624,0.005257,0.357271,-0.006263,-0.017104,-0.014048,-0.36953,0.00855,0.373745,0.020796,-0.348045,0.375517,-0.356189,-0.008489,0.029124,1,2,4,3,8,7,5,10,9,13,12,11,6,16,14,17,15
2019-08-05,0.028952,0.025468,0.016537,-0.012415,-0.000845,-0.000407,0.011373,0.001816,0.001555,-0.002618,-0.011813,0.004198,0.004202,-0.003109,-0.00856,0.015706,-0.005028,0.001526,0.002841,2,4,3,1,10,5,6,11,7,8,12,9,13,16,15,17,14
2019-08-06,0.282195,0.241453,-0.083363,0.119384,-0.008259,-0.011279,-0.123605,0.012399,0.01324,0.006522,0.0953,0.014785,-0.149533,-0.027571,0.104789,-0.094386,0.132663,0.002688,-0.003253,15,17,16,14,12,5,10,11,7,6,8,9,13,4,3,2,1
2019-08-07,0.340197,0.323654,0.149027,-0.163551,0.001676,0.005385,0.16219,-0.011277,-0.012694,-0.005469,-0.146357,0.006252,0.174041,0.020272,-0.153034,0.151991,-0.166155,-0.0036,0.009779,3,1,2,4,8,7,6,9,12,13,11,10,5,14,15,16,17
2019-08-08,0.230008,0.222872,0.108962,-0.112738,-0.001883,0.000352,0.110853,-0.005732,-0.005717,-0.002389,-0.108175,0.002197,0.11727,0.008187,-0.106564,0.108573,-0.110617,-0.001212,0.007809,4,1,2,3,8,7,6,10,13,12,11,9,5,15,14,17,16
2019-08-09,0.242086,0.220885,-0.106409,0.103115,0.004445,0.007265,-0.091486,-0.011401,9.4e-05,-0.000647,0.121884,-0.000554,-0.103616,0.004931,0.10743,-0.120202,0.085518,-0.000406,-0.00872,17,15,14,16,5,10,12,7,13,8,11,9,6,1,2,3,4
2019-08-13,0.117601,0.111438,0.053793,-0.055089,-0.004297,-0.001581,0.050662,0.001077,-0.000254,0.002465,-0.062698,-0.002026,0.054903,-0.002909,-0.053835,0.053996,-0.046201,0.001691,0.004304,2,1,4,3,10,11,5,13,8,9,6,7,12,17,15,16,14
2019-08-14,0.210856,0.204179,0.097282,-0.104494,0.003248,0.000105,0.100115,-0.00836,-0.009723,-0.008595,-0.084229,0.011035,0.104372,0.017392,-0.094555,0.102518,-0.106483,-0.005046,0.005209,2,1,3,4,9,6,7,8,11,13,12,10,5,14,15,16,17
2019-08-15,0.383873,0.349359,0.18254,-0.159273,-0.014367,0.001535,0.156045,0.006558,0.008056,0.012142,-0.201333,-0.02563,0.175229,-0.016294,-0.168004,0.161696,-0.142209,0.007275,0.02031,3,2,4,1,10,13,5,11,9,7,6,8,12,17,16,15,14
2019-08-16,0.303287,0.292732,0.137553,-0.151304,-0.004988,-0.000567,0.146882,-0.007707,-0.009202,-0.011276,-0.139904,0.008112,0.151983,0.015013,-0.138079,0.146378,-0.141744,-0.006191,0.016717,3,1,2,4,8,7,5,9,11,12,13,10,6,15,14,17,16
2019-08-19,0.0696,0.056806,-0.035502,0.019032,-0.000393,-0.003074,-0.018268,-0.001058,-0.005592,-0.014088,0.034098,0.018191,-0.024075,0.009056,0.027885,-0.026007,0.022852,-0.00666,0.008677,16,15,14,17,10,5,7,8,9,11,13,12,6,1,2,4,3
2019-08-20,0.048232,0.040829,-0.024852,0.013243,-0.000728,-0.002566,-0.01339,-0.00317,-0.006261,-0.015814,0.02338,0.015376,-0.018191,0.006249,0.021787,-0.01889,0.015389,-0.008211,0.011748,16,15,13,17,9,4,6,8,10,11,14,12,7,1,2,5,3
2019-08-21,0.075097,0.069873,0.039061,-0.032448,-0.000666,-0.000309,0.031112,0.002539,0.004101,0.010629,-0.036036,-0.011251,0.034312,-0.001597,-0.035538,0.032226,-0.030843,0.005899,-0.007334,3,2,4,1,9,13,12,10,8,7,5,6,11,17,16,15,14
2019-08-22,0.111667,0.107123,0.04591,-0.055312,-0.002052,0.000718,0.054297,-0.00434,-0.006182,-0.011387,-0.049941,0.01114,0.056355,0.007652,-0.047281,0.053599,-0.051865,-0.005856,0.011174,3,1,2,4,8,6,5,9,10,12,13,11,7,15,14,17,16
2019-08-23,0.033979,0.032892,-0.015059,0.016962,0.000555,2.8e-05,-0.016459,0.000865,0.001209,0.001809,0.015912,-0.00151,-0.017018,-0.001606,0.015345,-0.016323,0.016004,0.000995,-0.002052,15,17,16,14,10,11,13,9,8,6,5,7,12,3,4,1,2
2019-08-26,0.071212,0.050821,0.021105,0.011722,0.003313,-0.004583,-0.003854,0.010173,0.016507,0.033789,-0.011147,-0.037424,-0.00296,-0.016137,-0.01618,-0.002889,0.003368,0.016548,-0.027418,9,10,11,2,12,17,16,8,6,4,1,3,14,13,15,5,7
2019-08-27,0.320015,0.311298,0.139365,-0.161347,-0.006703,-0.001229,0.15706,-0.00919,-0.01194,-0.018061,-0.148745,0.018533,0.158669,0.020497,-0.14252,0.156792,-0.151281,-0.014879,0.020991,3,1,2,4,8,7,5,9,10,11,13,12,6,15,14,17,16
2019-08-28,0.025325,0.021478,0.013008,-0.008562,0.00112,0.000215,0.009063,0.001131,0.002082,0.003994,-0.011226,-0.005705,0.010258,-0.003145,-0.012317,0.008574,-0.008515,0.004214,-0.003433,4,2,3,1,10,13,12,9,8,7,6,5,11,16,17,15,14
2019-08-29,0.20114,0.19782,-0.099813,0.096963,-0.000155,0.00035,-0.095968,-0.000276,-0.000779,-0.003861,0.099575,0.007767,-0.100871,0.00051,0.100269,-0.095915,0.09434,-0.004571,0.000379,14,17,15,16,8,5,7,9,10,11,12,13,6,2,1,3,4
2019-08-30,0.20921,0.202061,-0.103692,0.097332,-0.001597,0.001028,-0.097995,-0.004033,-0.004214,-0.007364,0.101406,0.015586,-0.10024,0.005617,0.105518,-0.095561,0.094344,-0.007985,0.005482,14,16,15,17,8,5,7,9,10,11,12,13,6,2,1,3,4
2019-09-03,0.152543,0.149941,-0.071286,0.075983,0.002187,0.001055,-0.074009,0.002383,0.003353,0.003114,0.074769,-0.002326,-0.076561,-0.004294,0.072281,-0.075141,0.073361,0.002695,-0.005309,16,17,15,14,10,11,13,9,8,5,6,7,12,2,4,1,3
2019-09-04,0.254826,0.251078,0.121139,-0.126221,-0.00166,-0.001988,0.124564,-0.001548,-0.003275,-0.00263,-0.126189,-0.005762,0.128605,0.004107,-0.124526,0.12313,-0.122621,-0.000922,0.0041,3,1,2,4,10,13,6,9,8,12,11,7,5,16,15,17,14
2019-09-05,0.238892,0.234859,-0.116573,0.114577,-0.002579,0.001523,-0.118256,-0.005823,-0.003161,-0.004952,0.11628,0.02228,-0.119967,0.004438,0.118926,-0.107051,0.111571,-0.007294,0.004554,14,17,16,15,8,5,6,9,12,10,11,13,7,2,1,3,4
2019-09-06,0.257869,0.254727,-0.124925,0.126879,-0.000437,0.001485,-0.126762,-0.002228,-0.000137,-0.001071,0.127832,0.016319,-0.130037,0.001893,0.127746,-0.119961,0.123223,-0.003298,0.0005,14,17,16,15,7,5,8,10,12,9,11,13,6,1,2,3,4
2019-09-09,0.125953,0.123983,-0.060082,0.06245,0.001642,0.001572,-0.061224,0.001527,0.002351,0.003107,0.062605,-4.6e-05,-0.063348,-0.002972,0.060825,-0.061495,0.060314,0.0006,-0.002886,16,17,15,14,8,11,12,7,9,6,5,10,13,1,3,2,4
2019-09-10,0.561919,0.549656,-0.264284,0.273957,0.008492,0.005738,-0.272128,0.009514,0.010698,0.016714,0.275635,-0.006755,-0.286285,-0.015963,0.266977,-0.273986,0.265648,0.005541,-0.020262,16,17,15,14,9,11,13,8,7,6,5,10,12,1,3,2,4
2019-09-11,0.195404,0.190788,-0.090385,0.096329,0.004358,0.003424,-0.093098,0.00473,0.005119,0.006903,0.097152,-0.001024,-0.098252,-0.004271,0.094013,-0.093519,0.093616,0.003117,-0.005813,16,17,15,14,9,11,13,8,7,6,5,10,12,1,3,2,4
2019-09-12,0.293887,0.288577,0.133739,-0.143325,-0.00664,-0.004342,0.144935,-0.010333,-0.009695,-0.013083,-0.142272,0.015072,0.150562,0.015123,-0.135418,0.144678,-0.139961,-0.009091,0.021749,3,1,2,4,8,7,5,9,12,11,13,10,6,16,14,17,15
2019-09-13,0.031495,0.030705,-0.016035,0.014286,-0.001097,0.000254,-0.015738,-0.001719,-0.001646,-0.00114,0.01498,0.004797,-0.015615,0.000879,0.01546,-0.013748,0.013692,-0.002394,0.001003,14,15,16,17,8,5,6,9,12,11,10,13,7,2,1,3,4
2019-09-17,0.456044,0.447211,-0.210564,0.224229,0.009234,0.009456,-0.22419,0.011867,0.012425,0.016543,0.224876,-0.00472,-0.231168,-0.015144,0.217296,-0.219099,0.218073,0.009485,-0.021144,15,17,16,14,9,11,13,10,7,6,5,8,12,1,4,2,3
2019-09-18,0.162388,0.159476,0.072713,-0.080763,-0.005332,-0.003989,0.078656,-0.007115,-0.007326,-0.008528,-0.07988,0.00671,0.081625,0.006985,-0.076624,0.078697,-0.078808,-0.006691,0.009492,2,1,3,4,8,7,5,9,11,12,13,10,6,16,14,17,15
2019-09-19,0.129465,0.127175,0.061628,-0.063129,-0.001346,-0.001501,0.064633,-0.00149,-0.001722,-0.003179,-0.063452,-0.001075,0.066013,0.003251,-0.06237,0.061929,-0.061405,-0.000798,0.00422,3,1,2,4,11,8,5,9,10,12,13,7,6,17,15,16,14
2019-09-20,0.185984,0.181668,0.086776,-0.09193,-0.003465,-0.002634,0.090844,-0.003663,-0.00472,-0.006516,-0.090746,0.000105,0.094054,0.00509,-0.089473,0.087958,-0.088429,-0.003357,0.005554,3,1,2,4,8,7,5,10,11,12,13,9,6,16,15,17,14
2019-09-24,0.132604,0.130865,0.064167,-0.06525,-0.00017,-0.001768,0.065374,0.00089,0.000111,-0.001357,-0.0652,-0.007812,0.066247,0.000308,-0.066357,0.059942,-0.061876,0.001885,-0.001348,4,1,2,3,12,13,10,9,6,8,11,5,7,15,17,16,14
2019-09-25,0.453088,0.446507,0.217579,-0.223288,-0.005085,-0.004161,0.224038,-0.004039,-0.005594,-0.012103,-0.222542,-0.01014,0.2298,0.007577,-0.222273,0.213209,-0.215539,-0.001443,0.005256,4,1,2,3,9,12,6,10,8,11,13,7,5,16,15,17,14
2019-09-26,0.151106,0.149258,-0.073061,0.074692,0.001545,0.00144,-0.073802,0.00071,0.001547,0.003574,0.075112,0.007169,-0.075732,-0.001015,0.075373,-0.070714,0.071881,-9.9e-05,0.000845,14,17,16,15,9,5,10,8,11,7,6,12,13,2,1,3,4
2019-09-27,0.197802,0.194137,0.093783,-0.097583,-0.003151,-0.002093,0.096534,-0.003253,-0.004078,-0.007106,-0.097437,-0.003514,0.100219,0.00409,-0.096813,0.093824,-0.094395,-0.002565,0.00294,3,1,2,4,7,11,6,9,10,12,13,8,5,16,15,17,14
2019-09-30,0.22303,0.218044,-0.101738,0.108958,0.00605,0.003138,-0.108912,0.008476,0.008748,0.013434,0.106463,-0.011612,-0.114072,-0.01183,0.104902,-0.109275,0.106452,0.01002,-0.013451,16,17,15,14,10,11,13,9,8,7,5,6,12,2,4,1,3
2019-10-01,0.262182,0.255952,0.122371,-0.126252,-0.003645,-0.00175,0.128226,-0.006614,-0.006478,-0.012626,-0.123887,0.007318,0.13593,0.010943,-0.123758,0.129803,-0.122674,-0.006566,0.014218,2,1,3,4,8,7,5,9,12,10,13,11,6,16,15,17,14
2019-10-02,0.5556,0.545183,0.268258,-0.269024,0.000557,-0.001433,0.271734,-0.000804,-0.001212,-0.009185,-0.270931,-0.030711,0.281083,0.001054,-0.274517,0.262768,-0.258244,0.005294,-0.002949,4,1,2,3,10,13,11,7,8,9,12,5,6,16,17,15,14
2019-10-03,0.229241,0.220188,-0.097416,0.109344,0.015118,0.004551,-0.108509,0.019289,0.017082,0.029487,0.102199,-0.039425,-0.112203,-0.025028,0.101706,-0.119898,0.108411,0.0233,-0.034678,17,16,15,14,10,13,12,9,7,8,5,6,11,3,4,1,2
2019-10-04,0.025665,0.020618,-0.005045,-0.001955,-0.006722,-0.00442,-0.000584,-0.005075,-0.006511,-0.006585,-0.000454,0.016034,-0.003715,0.011239,0.000218,0.005354,-0.004188,-0.009632,0.011644,4,9,7,12,11,1,2,16,13,14,15,17,3,6,5,8,10
2019-10-07,0.452333,0.447587,0.205802,-0.220605,-0.012963,-0.009506,0.220751,-0.014722,-0.015862,-0.026957,-0.220466,0.024217,0.230031,0.027883,-0.21918,0.231727,-0.218564,-0.020246,0.03684,1,2,3,4,8,7,5,9,10,11,13,12,6,16,15,17,14
2019-10-08,0.109328,0.106209,-0.047354,0.052585,0.004853,0.003207,-0.051503,0.004037,0.004919,0.007742,0.051989,-0.009236,-0.053223,-0.008923,0.050838,-0.056503,0.052825,0.006872,-0.011477,17,16,15,14,10,12,13,8,9,7,5,6,11,3,4,2,1
2019-10-09,0.133385,0.121085,-0.047092,0.059477,0.012776,0.007882,-0.055838,0.006538,0.009795,0.015586,0.057331,-0.030675,-0.057223,-0.022656,0.054493,-0.07221,0.061176,0.017164,-0.028041,17,16,15,14,9,13,12,7,10,8,6,5,11,3,4,2,1
2019-10-10,0.036863,0.030687,0.008612,-0.014228,-0.006418,-0.005106,0.010302,-0.002881,-0.004367,-0.007648,-0.011211,0.014156,0.011744,0.013166,-0.010731,0.021885,-0.014978,-0.007625,0.015601,1,5,6,7,10,3,2,11,8,9,13,12,4,15,14,16,17
2019-10-11,0.281759,0.274491,-0.134394,0.134165,-0.000947,-0.00211,-0.137928,0.003913,0.003467,0.006145,0.135227,0.010874,-0.145847,0.002927,0.135911,-0.129736,0.130016,-0.001185,0.001661,14,17,16,15,13,5,10,11,7,8,6,12,9,2,1,3,4
2019-10-15,0.344853,0.335263,-0.162953,0.164781,-0.000176,-0.000574,-0.167634,0.006069,0.00584,0.008317,0.16557,0.016532,-0.177493,0.007083,0.167359,-0.155613,0.159892,-0.000842,0.004883,14,17,16,15,12,5,10,11,8,9,6,13,7,2,1,3,4
2019-10-16,0.10939,0.105146,-0.051698,0.049702,-0.002788,-0.002683,-0.052871,0.001845,9e-06,-0.000601,0.051777,0.011869,-0.056653,0.007542,0.052737,-0.041047,0.047729,-0.004146,0.008632,14,17,16,15,11,5,6,12,8,9,10,13,7,2,1,3,4
2019-10-17,0.097878,0.095402,0.046681,-0.047124,-0.000251,0.000492,0.047615,-0.001686,-0.001816,-0.002827,-0.046938,-0.002049,0.050754,0.000191,-0.047095,0.04531,-0.045911,-0.000271,0.00144,4,1,2,3,6,12,5,8,10,11,13,9,7,15,16,17,14
2019-10-18,0.030984,0.026775,0.010408,-0.015019,-0.003079,-0.002508,0.010809,-0.001105,-0.002417,-0.004443,-0.013716,0.004895,0.01064,0.003489,-0.012646,0.015966,-0.014176,-0.004289,0.005827,1,3,2,4,10,6,5,11,8,9,13,12,7,15,14,17,16
2019-10-21,0.138181,0.135111,-0.067235,0.065806,-1.2e-05,-0.001391,-0.068611,-0.000704,0.001447,0.004478,0.063831,-0.006762,-0.072375,-0.007913,0.063053,-0.071633,0.063077,0.001493,-0.011054,16,17,15,14,10,11,13,8,9,7,5,6,12,2,4,1,3
2019-10-23,0.198411,0.190925,-0.0938,0.091767,-0.001828,-0.004139,-0.096713,0.002177,0.002786,0.002641,0.092083,0.008165,-0.103955,0.002762,0.094456,-0.088261,0.088491,-0.002681,-9.9e-05,14,17,16,15,13,5,10,11,9,6,8,12,7,2,1,3,4
2019-10-24,0.0107,0.00986,-0.004188,0.002186,-0.001753,-0.002494,-0.005387,8.5e-05,-0.000729,-0.002616,0.003326,0.004977,-0.005722,0.003982,0.004881,-0.000699,0.002599,-0.00274,0.004425,9,17,16,15,12,1,3,11,8,10,13,14,4,5,2,7,6
2019-10-25,0.217963,0.212558,0.103942,-0.105195,-0.00088,0.002295,0.107915,-0.001715,-0.004379,-0.006274,-0.10308,0.00261,0.112768,0.003906,-0.103624,0.105092,-0.101228,-0.002295,0.007094,3,1,2,4,8,7,5,9,10,12,13,11,6,15,16,17,14
2019-10-28,0.292948,0.285949,-0.135492,0.146581,0.007694,0.002739,-0.139842,0.006555,0.011175,0.014611,0.143384,-0.001694,-0.146368,-0.002158,0.143512,-0.138162,0.14154,0.009224,-0.005526,15,17,16,14,10,11,13,8,9,6,5,7,12,3,2,1,4
2019-10-29,0.021687,0.021106,0.013161,-0.007485,0.002842,0.003199,0.013522,0.002668,0.002495,0.00252,-0.007463,0.002288,0.013931,0.00249,-0.007756,0.012631,-0.007296,0.002878,0.002655,4,1,2,3,5,13,9,7,8,11,10,6,12,15,17,16,14
2019-10-30,0.079195,0.077462,-0.038334,0.037855,0.000281,-0.001002,-0.039615,0.000446,0.001475,0.002013,0.037433,-0.000565,-0.04134,-0.000869,0.037809,-0.038077,0.036798,0.000461,-0.001721,14,17,16,15,12,10,13,9,8,6,5,7,11,3,2,1,4
2019-10-31,0.418068,0.408644,0.198648,-0.206463,-0.006382,-0.001624,0.201288,-0.006106,-0.012447,-0.018843,-0.200579,0.009036,0.211605,0.009155,-0.200127,0.20587,-0.199603,-0.011668,0.016628,2,1,3,4,8,7,5,10,9,12,13,11,6,16,15,17,14
2019-11-01,0.296268,0.289614,0.144346,-0.142263,-0.000441,0.004332,0.146025,-0.003997,-0.007058,-0.007518,-0.139942,-0.00176,0.153312,-0.001172,-0.142956,0.140263,-0.139693,-0.003266,0.002604,4,1,2,3,5,9,6,7,11,12,13,10,8,15,17,16,14
2019-11-05,0.491196,0.480694,-0.238846,0.237584,0.002124,-0.005631,-0.239862,0.008818,0.013109,0.014034,0.234593,0.005947,-0.251416,0.005532,0.23978,-0.229891,0.233732,0.006753,-0.002033,14,17,16,15,13,9,12,11,7,6,5,8,10,3,1,2,4
2019-11-06,0.119779,0.115399,-0.053352,0.061252,0.005631,0.004257,-0.053576,0.003841,0.006692,0.010931,0.057574,-0.007083,-0.057041,-0.005714,0.055867,-0.058527,0.058229,0.007514,-0.007706,17,16,15,14,9,12,13,8,10,7,5,6,11,3,4,1,2
2019-11-07,0.243579,0.236926,0.116512,-0.11864,-0.002763,0.002246,0.117128,-0.003641,-0.00678,-0.009639,-0.116124,0.001385,0.124939,0.002789,-0.115567,0.117301,-0.116645,-0.006018,0.006507,2,1,3,4,7,8,5,9,10,12,13,11,6,15,14,17,16
2019-11-08,0.438696,0.426882,-0.206854,0.214823,0.009451,0.000339,-0.208183,0.007466,0.015785,0.0229,0.211079,-0.004698,-0.223873,-0.010076,0.206173,-0.21272,0.209967,0.014821,-0.016417,16,17,15,14,10,11,13,8,9,6,5,7,12,2,4,1,3
2019-11-11,0.039808,0.039097,0.020105,-0.018811,0.000565,0.001614,0.020118,-3.9e-05,-0.00027,-0.000491,-0.018554,0.000342,0.020997,0.000408,-0.018673,0.01933,-0.018587,-0.000255,0.001075,4,1,2,3,5,9,6,7,10,12,13,11,8,14,16,17,15
2019-11-12,0.149679,0.144663,-0.066021,0.071815,0.003959,0.002473,-0.067683,-1.1e-05,0.007184,0.01024,0.070183,-0.008434,-0.077864,-0.010005,0.066677,-0.077762,0.068683,0.006825,-0.012793,16,17,15,14,9,11,13,8,10,6,5,7,12,2,4,1,3
2019-11-13,0.255227,0.247631,0.122589,-0.121903,-0.002176,0.003745,0.123143,-0.00141,-0.006453,-0.00848,-0.121411,0.001356,0.133325,0.005279,-0.118689,0.123205,-0.119907,-0.005691,0.011046,2,1,3,4,7,8,5,10,9,12,13,11,6,16,14,17,15
2019-11-14,0.498127,0.483442,0.234701,-0.24176,-0.007906,0.002491,0.236642,-0.006246,-0.017589,-0.021068,-0.240896,-0.000639,0.256367,0.008569,-0.234036,0.23744,-0.237221,-0.015287,0.01931,2,1,3,4,7,8,5,10,9,12,13,11,6,16,14,17,15
2019-11-15,0.197249,0.193627,-0.098981,0.094659,-0.001514,-0.006685,-0.098515,0.001606,0.003106,0.003895,0.093253,-0.001096,-0.102589,9.6e-05,0.092884,-0.095731,0.092719,0.002359,-0.003261,14,17,15,16,13,10,12,11,8,6,5,7,9,2,3,1,4
2019-11-18,0.253096,0.245888,0.120645,-0.118092,-0.00465,-0.000956,0.119875,-0.000178,-0.008776,-0.009258,-0.121202,-0.001447,0.131895,0.013002,-0.116838,0.12472,-0.121112,-0.009128,0.013005,2,1,4,3,8,9,5,10,7,11,13,12,6,17,14,15,16
2019-11-19,0.182101,0.17829,0.088096,-0.089663,-0.003058,0.002004,0.087011,-0.004286,-0.006859,-0.008641,-0.089863,-0.00113,0.092238,0.000102,-0.087611,0.086834,-0.087999,-0.0063,0.002845,4,1,3,2,6,8,5,9,10,12,13,11,7,17,14,16,15
2019-11-20,0.153407,0.151393,0.077646,-0.075577,7.4e-05,0.005052,0.075597,-0.003822,-0.003602,-0.007246,-0.074322,0.002417,0.07783,-0.003414,-0.073206,0.071944,-0.071949,-0.003287,0.002366,4,1,3,2,5,6,7,8,12,11,13,9,10,16,15,17,14
2019-11-21,0.193615,0.190845,0.094927,-0.096228,-0.001454,0.005057,0.09396,-0.006461,-0.006588,-0.011061,-0.096096,0.001414,0.097386,-0.003622,-0.093938,0.091009,-0.091973,-0.005734,0.002269,4,1,3,2,5,7,6,8,11,12,13,10,9,16,15,17,14
2019-11-22,0.199696,0.195299,-0.093535,0.097487,0.007456,0.005167,-0.095334,0.003989,0.010355,0.009657,0.096425,0.003716,-0.100586,-0.008195,0.095592,-0.096957,0.09911,0.009677,-0.006752,16,17,15,14,9,11,12,8,10,5,7,6,13,3,4,2,1
2019-11-25,0.049903,0.049188,-0.023145,0.025895,0.002073,0.000534,-0.023217,0.002522,0.003067,0.004028,0.025854,0.000852,-0.024007,0.001259,0.025444,-0.02272,0.025425,0.002812,0.000633,14,17,16,15,13,11,12,9,8,6,5,7,10,2,3,1,4
2019-11-26,0.038392,0.035106,0.016338,-0.014667,-0.002466,-0.00517,0.018129,0.002095,-0.001858,0.001245,-0.013365,-0.002571,0.020083,0.01021,-0.014048,0.020929,-0.017462,-0.002563,0.006712,1,2,3,4,13,12,6,10,7,9,8,11,5,14,15,16,17
2019-11-27,0.09138,0.089641,0.040724,-0.047142,-0.006005,-0.005825,0.040923,-0.003229,-0.00633,-0.006533,-0.045558,-0.005754,0.04392,0.002727,-0.045035,0.044075,-0.047305,-0.006413,0.002925,1,2,3,4,9,8,5,10,7,11,13,12,6,15,14,16,17
2019-11-29,0.022795,0.020485,0.008792,-0.010593,-0.002254,-0.003771,0.009057,0.000314,-0.000917,-0.000497,-0.007916,-0.003307,0.010166,0.004554,-0.008844,0.012038,-0.010757,-0.000683,0.003388,1,2,3,4,13,12,6,11,7,10,8,9,5,14,15,16,17
2019-12-02,0.125943,0.122185,0.06176,-0.057993,0.001453,0.007633,0.062676,-0.003833,-0.0043,-0.007062,-0.063267,0.006772,0.061917,-0.005067,-0.058942,0.055907,-0.056839,-0.004038,-0.002738,4,2,1,3,5,6,8,7,9,11,13,10,12,17,16,15,14
2019-12-03,0.178142,0.171187,0.087056,-0.078195,0.003264,0.015305,0.087486,-0.007557,-0.006623,-0.009648,-0.089476,0.012513,0.088666,-0.010023,-0.082681,0.077839,-0.077684,-0.00304,-0.004662,4,1,2,3,5,6,9,7,11,10,12,8,13,17,16,15,14
2019-12-04,0.271725,0.263119,0.128044,-0.12736,-0.000587,0.007478,0.131845,-0.00996,-0.011982,-0.018336,-0.136339,0.00564,0.135386,-0.007902,-0.130382,0.122766,-0.126032,-0.011913,-0.002787,4,1,2,3,5,6,8,7,10,12,13,11,9,17,16,15,14
2019-12-05,0.055528,0.051012,0.023052,-0.028219,-0.006841,-0.008947,0.023269,0.000731,-0.00208,-0.000779,-0.018904,-0.00643,0.02308,0.010353,-0.022941,0.026773,-0.028755,-0.002404,0.005542,1,3,2,4,13,11,6,12,7,9,8,10,5,14,15,16,17
2019-12-06,0.079194,0.078066,-0.039424,0.037715,0.000386,-0.001362,-0.040308,0.001293,0.002764,0.003813,0.038576,-0.001932,-0.040618,-0.000868,0.037559,-0.038509,0.037398,0.002341,-0.001638,14,17,16,15,11,13,12,9,8,6,5,7,10,1,3,2,4
2019-12-09,0.404005,0.395392,-0.196359,0.189575,0.002191,-0.00937,-0.20296,0.011018,0.018952,0.024119,0.201045,-0.015162,-0.202773,0.004932,0.193464,-0.189822,0.188284,0.013658,-0.001883,14,16,17,15,12,13,11,10,8,6,5,7,9,1,2,3,4
2019-12-10,0.211398,0.206627,-0.10435,0.102714,0.003576,-0.000579,-0.104982,0.000727,0.004317,0.006705,0.095748,0.002993,-0.108684,-0.008389,0.096578,-0.104481,0.102444,0.006334,-0.011666,15,17,16,14,11,9,13,8,10,7,5,6,12,4,3,1,2
2019-12-11,0.088421,0.085377,0.042501,-0.03917,0.001556,0.006641,0.045565,-0.001577,-0.003337,-0.002842,-0.042856,0.004727,0.044055,-0.003563,-0.041755,0.040306,-0.039399,-0.002041,0.000905,4,2,1,3,5,6,8,7,9,12,11,10,13,17,16,14,15
2019-12-12,0.169896,0.167186,0.08607,-0.082461,-0.00087,0.002267,0.086761,0.001074,-0.003936,-0.003744,-0.076902,-0.000586,0.087436,0.006161,-0.077677,0.086256,-0.08097,-0.004767,0.008354,3,1,2,4,7,9,5,10,8,12,11,13,6,14,15,17,16
2019-12-13,0.479702,0.473726,-0.236342,0.234047,0.004809,-0.012131,-0.236164,0.005782,0.017828,0.016671,0.239578,-0.0084,-0.240124,0.011259,0.234923,-0.232739,0.227068,0.013397,0.00142,14,17,15,16,13,12,11,10,9,5,6,7,8,1,2,3,4
2019-12-16,0.548164,0.539344,0.27324,-0.270231,-0.007408,0.004701,0.26521,-0.000788,-0.016542,-0.015324,-0.262873,0.002751,0.277933,0.000412,-0.26044,0.271653,-0.262103,-0.015843,0.00674,3,1,4,2,6,7,5,10,9,13,11,12,8,16,14,17,15
2019-12-17,0.221883,0.211952,0.10513,-0.111578,-0.007489,-0.007018,0.095968,0.002335,-0.004247,-0.005723,-0.09484,-0.009987,0.105175,0.012544,-0.096125,0.110305,-0.107544,-0.006529,0.009152,1,2,4,3,11,13,6,12,7,8,9,10,5,14,15,17,16
2019-12-18,0.028782,0.027618,-0.012615,0.014975,0.002032,0.00188,-0.01153,0.000376,0.00138,0.001747,0.013019,0.002874,-0.013462,-0.001477,0.01292,-0.013753,0.015028,0.001736,-0.001536,17,16,14,15,7,5,13,6,11,10,8,9,12,3,4,2,1
2019-12-19,0.159777,0.158288,-0.082548,0.075812,-0.000494,-0.003405,-0.080908,-0.001796,0.00334,0.003118,0.075516,-0.003323,-0.083965,-0.000581,0.074914,-0.082107,0.073591,0.002789,-0.004602,15,17,14,16,12,11,13,8,10,5,6,7,9,2,3,1,4
2019-12-20,0.056837,0.051631,0.022802,-0.030169,-0.003528,-0.004352,0.020499,0.001059,-0.001152,-0.002271,-0.021849,-0.007193,0.025463,0.006195,-0.021908,0.026668,-0.027883,-0.002484,0.00598,1,2,4,3,12,13,6,11,7,8,9,10,5,14,15,17,16
2019-12-23,0.15918,0.151671,0.072339,-0.081215,-0.005945,-0.006591,0.068516,0.001361,-0.003716,-0.006494,-0.069343,-0.010288,0.07681,0.008964,-0.069567,0.077964,-0.077118,-0.005256,0.011842,1,2,4,3,12,13,5,10,7,8,11,9,6,14,15,17,16
2019-12-24,0.348106,0.341408,-0.170088,0.172305,0.006045,0.004946,-0.166119,-0.000216,0.008836,0.012498,0.1643,0.006568,-0.175801,-0.002225,0.164934,-0.173859,0.167237,0.009779,-0.012023,16,17,14,15,10,8,13,9,11,7,5,6,12,4,3,1,2
2019-12-26,0.075504,0.073711,-0.037246,0.036907,0.00072,0.000718,-0.036581,-0.00091,0.00083,0.00187,0.034486,0.000924,-0.038597,-0.00159,0.034619,-0.038113,0.035651,0.001204,-0.003951,16,17,14,15,10,7,13,9,11,8,5,6,12,4,3,1,2
2019-12-27,0.152515,0.148646,-0.074348,0.070093,-0.00039,-0.001163,-0.077563,0.001792,0.00325,0.00441,0.073588,-0.006451,-0.075396,0.009262,0.074952,-0.07015,0.06843,0.003069,0.00243,14,16,17,15,12,13,9,11,10,7,6,8,5,2,1,3,4
2019-12-30,0.228599,0.225748,0.112774,-0.113385,-0.004087,-0.002625,0.113165,-0.00098,-0.006085,-0.007753,-0.111522,-0.000213,0.115214,-0.004875,-0.111185,0.112023,-0.110741,-0.006364,0.00385,4,1,2,3,8,6,5,9,7,11,13,12,10,16,15,17,14
2020-01-06,0.238723,0.230751,-0.115284,0.120008,0.006032,0.005969,-0.110242,-0.007061,0.004449,0.003072,0.106343,0.0098,-0.116983,-0.017614,0.10309,-0.118716,0.114918,0.00571,-0.016778,17,16,14,15,7,5,12,6,11,9,10,8,13,3,4,1,2
2020-01-07,0.144342,0.140028,0.069748,-0.071936,-0.003258,-0.00262,0.068836,0.002222,-0.003725,-0.002873,-0.066586,-0.0035,0.072405,0.004791,-0.065485,0.070022,-0.069388,-0.004275,0.005975,2,1,4,3,8,11,5,10,7,12,9,13,6,15,14,17,16
2020-01-08,0.022607,0.01943,0.008876,-0.000338,0.001376,0.007781,0.014139,-0.000485,-0.000527,-0.0,-0.006157,0.011895,0.00274,-0.008469,-0.00699,0.004541,0.000136,0.001081,-0.007921,5,6,1,3,4,2,16,7,12,13,10,8,17,14,15,11,9
2020-01-09,0.283814,0.272669,0.138657,-0.139952,-0.003072,2.1e-05,0.135876,0.002997,-0.006598,-0.005363,-0.129594,-0.00468,0.143862,0.006892,-0.126736,0.132356,-0.130067,-0.005086,0.008133,4,1,3,2,8,10,5,9,7,13,12,11,6,15,14,17,16
2020-01-10,0.272561,0.257802,0.136563,-0.135999,-0.004089,0.002694,0.122804,0.000665,-0.008626,-0.008364,-0.119356,-0.000716,0.133186,0.006948,-0.114524,0.121172,-0.125498,-0.00506,0.005012,4,2,3,1,7,9,6,10,8,13,12,11,5,15,14,17,16
2020-01-14,0.145113,0.133518,0.060529,-0.067515,-0.006545,-0.001928,0.072109,-0.000369,-0.00806,-0.006058,-0.073004,0.004354,0.056467,-0.000968,-0.068506,0.058892,-0.065913,-0.009833,-0.003903,3,4,1,2,8,5,9,11,6,12,10,13,7,17,16,15,14
2020-01-15,0.24738,0.237754,0.119089,-0.120513,-0.004643,0.002037,0.126867,0.002409,-0.008722,-0.006025,-0.119245,0.007949,0.113565,0.00451,-0.113932,0.111828,-0.113981,-0.009306,0.000703,4,3,1,2,8,5,9,10,7,12,11,13,6,16,14,17,15
2020-01-16,0.751928,0.729724,0.37264,-0.379288,-0.012087,0.008589,0.369352,-0.002531,-0.024191,-0.02098,-0.355573,0.013478,0.355075,0.015115,-0.34611,0.335944,-0.357243,-0.028953,0.004278,4,3,2,1,7,6,8,10,9,12,11,13,5,15,14,17,16
2020-01-17,0.047352,0.035527,0.017264,-0.018721,0.003524,0.004265,0.006921,-0.005622,0.001347,0.001968,-0.011602,-0.001849,0.02863,0.003467,-0.01338,0.012576,-0.016009,7.9e-05,0.00123,3,1,4,2,5,12,10,6,13,9,8,11,7,14,15,17,16
2020-01-21,0.175299,0.170545,0.08678,-0.08852,-0.001577,0.003269,0.085852,-0.001487,-0.004747,-0.003843,-0.082754,0.002514,0.085691,0.006843,-0.080221,0.07867,-0.08204,-0.005948,0.001169,4,3,2,1,6,7,8,10,9,12,11,13,5,16,14,17,15
2020-01-22,0.857173,0.832896,0.418371,-0.428782,-0.018733,0.007001,0.428391,0.006045,-0.032964,-0.029127,-0.412795,0.014165,0.383882,0.026632,-0.396791,0.408784,-0.401566,-0.034473,-0.00329,3,4,1,2,7,6,9,10,8,12,11,13,5,16,14,17,15
2020-01-23,0.338498,0.329309,0.169691,-0.16531,-0.004735,0.005839,0.173188,0.007952,-0.013203,-0.007157,-0.160563,0.008093,0.150186,0.009334,-0.152384,0.16445,-0.154725,-0.012116,0.004134,3,4,1,2,8,6,9,10,7,13,11,12,5,16,14,17,15
2020-01-24,0.03089,0.030077,0.014586,-0.016305,-0.001404,-0.00054,0.014468,-0.001045,-0.002194,-0.001837,-0.015812,-0.000255,0.013565,-7.9e-05,-0.015024,0.013627,-0.015433,-0.002169,-0.000902,3,4,2,1,7,6,8,10,9,13,11,12,5,16,14,17,15
2020-01-27,0.155759,0.126836,-0.064492,0.065514,-0.001789,-0.006294,-0.04977,0.013897,-0.00092,-0.002624,0.050729,-0.002552,-0.090245,-0.022917,0.053321,-0.043343,0.057168,0.002275,-0.006765,14,17,15,16,11,9,12,8,5,7,10,6,13,4,3,1,2
2020-01-28,0.430763,0.415432,0.208575,-0.197303,-0.008863,0.001516,0.224502,0.016286,-0.025208,-0.018509,-0.206261,0.011866,0.140247,-0.011282,-0.187566,0.215039,-0.194617,-0.01706,0.003948,2,4,1,3,8,6,7,9,5,13,12,11,10,17,14,16,15
2020-01-29,0.197564,0.184427,-0.088985,0.082048,0.003724,0.009593,-0.095579,-0.003683,0.011083,0.018143,0.097216,0.008557,-0.070049,0.012699,0.089103,-0.100349,0.078694,0.00406,-0.016726,17,14,16,15,8,9,13,11,12,7,5,10,6,1,2,3,4
2020-01-30,0.111518,0.104673,-0.052635,0.056453,0.001828,-0.002152,-0.048834,0.00243,0.004143,0.000795,0.048841,-0.002595,-0.055065,-0.004736,0.048453,-0.046207,0.052193,0.005706,0.002411,14,17,15,16,11,12,8,9,7,6,10,5,13,3,4,1,2
2020-01-31,0.276838,0.268317,0.138511,-0.138327,-0.001078,0.003711,0.134412,-0.001696,-0.008323,-0.004472,-0.128449,0.004374,0.136068,0.008012,-0.125685,0.128884,-0.129185,-0.009425,0.002242,4,2,3,1,7,6,8,9,10,12,11,13,5,15,14,17,16
2020-02-03,0.075224,0.066795,0.004119,0.020046,0.002656,-0.02217,0.036919,0.011047,-0.000897,-0.029681,-0.03071,-0.026545,-0.030059,-0.03252,-0.026937,0.042704,0.010182,0.008247,0.027473,1,15,2,8,11,12,3,9,5,10,14,7,17,16,13,4,6
2020-02-04,0.098925,0.088316,-0.038729,0.035792,0.001515,0.00792,-0.05108,-0.000884,0.004221,0.011482,0.047845,0.010255,-0.027561,0.009026,0.045617,-0.045886,0.030743,0.0017,-0.005535,16,14,17,15,8,6,13,11,12,9,5,10,7,1,2,3,4
2020-02-05,0.2781,0.255555,-0.117181,0.112951,0.000219,0.017865,-0.144429,-0.005439,0.008382,0.024151,0.133671,0.019015,-0.088999,0.011653,0.128422,-0.130012,0.098938,-0.000533,-0.010309,16,14,17,15,7,6,13,10,12,9,5,11,8,1,2,3,4
2020-02-06,0.476541,0.459679,-0.221617,0.216145,-0.001873,0.015616,-0.24816,0.000407,0.008659,0.024225,0.227041,0.021129,-0.199164,0.008639,0.228381,-0.237694,0.195149,0.006159,-0.021956,16,14,17,15,7,6,13,12,11,8,5,10,9,2,1,3,4
2020-02-07,0.165125,0.160095,0.081003,-0.084122,-0.00239,0.000906,0.078174,-0.003303,-0.004997,-0.001548,-0.078875,-0.000181,0.07938,0.003413,-0.077351,0.0775,-0.078729,-0.003043,0.000398,4,2,3,1,6,8,7,10,12,13,9,11,5,16,14,17,15
2020-02-10,0.062205,0.048141,-0.022544,0.025763,0.0018,-0.007846,-0.015248,-0.003078,-0.000763,-0.005351,0.018664,-0.009244,-0.034118,-0.006856,0.010537,-0.011201,0.028087,0.003582,0.002489,14,17,15,16,12,13,6,7,9,8,10,5,11,3,4,2,1
2020-02-12,0.20616,0.197435,0.101793,-0.104366,-0.001031,0.009147,0.090302,-0.002056,-0.003035,0.000555,-0.092056,0.006555,0.09939,0.00624,-0.089996,0.093283,-0.101417,-0.00505,-0.003691,3,2,4,1,5,6,12,9,10,11,8,13,7,15,14,17,16
2020-02-13,0.334475,0.327306,-0.166939,0.163739,-0.003282,0.003796,-0.16898,0.012525,0.006876,0.008662,0.152938,0.006591,-0.140816,-0.001357,0.165495,-0.163825,0.147051,-0.005448,-0.006723,15,14,17,16,9,8,13,11,5,7,6,12,10,3,1,2,4
2020-02-14,0.270787,0.258934,0.133009,-0.137777,0.001431,-0.000656,0.126455,-0.011129,-0.007629,-0.008313,-0.127289,-0.005044,0.118725,-0.000523,-0.125702,0.124655,-0.127617,-0.00056,0.000424,3,4,2,1,9,10,6,5,13,11,12,8,7,15,14,17,16
2020-02-18,0.063676,0.061306,0.029455,-0.034222,-0.002342,-7.7e-05,0.026361,-0.003115,-0.00317,-0.002102,-0.031334,-0.001028,0.028132,-0.000619,-0.030353,0.027466,-0.033309,-0.002968,-0.002847,3,2,4,1,5,7,10,9,12,13,8,11,6,15,14,17,16
2020-02-19,0.173714,0.169127,0.086516,-0.087198,0.003068,-0.003897,0.085872,-0.009313,-0.005367,-0.00868,-0.08348,-0.008917,0.07211,-0.003231,-0.083495,0.08082,-0.078583,0.001343,0.004374,3,4,2,1,9,12,5,6,13,10,11,7,8,15,16,17,14
2020-02-20,0.383506,0.369297,-0.187824,0.195682,0.00142,0.001428,-0.176696,0.016975,0.011568,0.012646,0.182798,0.007699,-0.168056,0.003322,0.180647,-0.180957,0.183935,0.0032,-0.000136,16,14,15,17,11,8,13,12,5,7,6,10,9,3,4,1,2
2020-02-21,0.396975,0.379155,-0.200824,0.196151,-0.004605,-0.007507,-0.182997,0.007771,0.004674,0.003176,0.179201,-0.001524,-0.182428,-0.006046,0.175103,-0.191896,0.186396,-0.003792,-0.00524,16,14,15,17,13,8,11,10,5,6,7,9,12,3,4,1,2
2020-02-25,0.103406,0.09082,-0.04212,0.045916,0.006059,-0.011324,-0.02774,-0.001865,-0.000658,-0.007714,0.036073,-0.013414,-0.052193,-0.008315,0.030701,-0.044946,0.051213,0.005776,0.008847,16,17,14,15,12,13,5,6,9,8,10,7,11,3,4,2,1
2020-02-26,0.116357,0.101494,0.00922,0.016313,0.028806,-0.03979,0.061201,-0.010638,-0.004927,-0.034849,-0.017168,-0.055156,-0.047472,-0.023779,-0.020332,-0.012365,0.057305,0.032974,0.04356,10,16,1,7,15,17,3,5,9,8,14,4,13,11,12,6,2
2020-02-27,0.166869,0.157129,0.076804,-0.075195,0.006472,-0.004357,0.086933,-0.004491,-0.000626,0.006403,-0.079936,0.003258,0.074008,-0.004708,-0.078512,0.062297,-0.065902,0.007332,0.00733,4,3,1,2,11,9,6,7,12,10,8,5,13,17,16,15,14
2020-02-28,0.862579,0.774698,-0.401891,0.410988,0.004953,-0.049781,-0.302242,0.00454,0.012033,0.085592,0.309849,0.061424,-0.342793,-0.056128,0.307152,-0.451592,0.406982,0.028049,9.5e-05,17,15,14,16,12,6,11,9,10,8,5,7,13,3,4,1,2
2020-03-02,0.344681,0.318586,-0.163549,0.164936,-0.00834,-0.005807,-0.143871,0.013035,0.014347,0.036289,0.141926,0.0076,-0.144606,-0.020201,0.140609,-0.179744,0.160996,0.000708,-0.019392,17,15,14,16,10,8,12,11,7,6,5,9,13,3,4,1,2
2020-03-03,0.940787,0.867579,0.441747,-0.442679,0.023202,0.014492,0.391417,-0.029389,-0.039416,-0.093562,-0.381547,-0.017916,0.4016,0.062996,-0.377969,0.498108,-0.437056,0.002621,0.042692,1,3,4,2,8,10,6,7,11,12,13,9,5,15,14,17,16
2020-03-04,0.261039,0.244764,-0.110826,0.128841,-0.020584,-0.006753,-0.112099,0.003006,0.007859,0.025202,0.108407,0.03071,-0.09769,-0.036661,0.125819,-0.132198,0.124508,0.007465,-0.025072,17,14,16,15,10,5,12,11,9,7,6,8,13,4,2,1,3
2020-03-05,0.837227,0.807209,0.397223,-0.430996,0.061321,0.029776,0.406231,0.006181,-0.010097,-0.051618,-0.390683,-0.086279,0.371232,0.086952,-0.409479,0.375137,-0.402561,0.006268,0.06362,3,4,1,2,8,13,6,7,10,11,12,9,5,14,16,17,15
2020-03-06,0.40138,0.366913,0.174393,-0.179554,-0.034371,-0.020157,0.167674,-0.02681,0.035507,0.044305,-0.178482,0.037316,0.182057,-0.050375,-0.164427,0.221826,-0.145014,-0.006594,-0.057481,1,2,4,3,9,6,13,11,10,7,5,8,12,16,15,17,14
2020-03-09,0.672634,0.647648,0.315372,-0.331057,-0.017217,0.001266,0.321887,-0.023802,0.00612,0.010523,-0.310173,0.020104,0.329638,-0.021792,-0.296079,0.341577,-0.30861,-0.008702,-0.031706,1,2,3,4,8,5,13,10,12,7,6,9,11,16,14,17,15
2020-03-10,1.779857,1.692887,0.820091,-0.845852,-0.082829,-0.011794,0.831558,-0.082722,0.020181,0.055722,-0.800092,0.081152,0.881152,-0.104779,-0.754845,0.934005,-0.786001,-0.049095,-0.142367,1,2,3,4,8,5,13,11,10,7,6,9,12,16,14,17,15
2020-03-11,0.280605,0.253195,-0.097709,0.126871,0.03321,0.007501,-0.117241,0.020799,-0.00632,-0.054693,0.12107,-0.030029,-0.137228,0.037163,0.103442,-0.153734,0.051146,0.022838,0.052891,17,16,15,14,10,12,4,7,9,11,13,8,6,2,3,1,5
2020-03-12,0.405595,0.310072,-0.148203,0.135655,-0.037137,-0.017824,-0.143155,-0.024763,0.001258,0.080431,0.105639,0.026682,-0.11398,-0.054558,0.13183,-0.078682,0.257392,-0.031401,-0.066998,14,15,16,17,8,6,13,11,9,7,5,10,12,4,3,2,1
2020-03-13,0.697052,0.486295,-0.19442,0.213249,-0.039678,-0.032285,-0.26001,-0.041233,-0.012009,0.116174,0.143184,0.025636,-0.143625,-0.095323,0.210539,-0.07421,0.437042,-0.073538,-0.139139,12,15,17,16,8,6,14,9,10,7,5,11,13,4,3,2,1
2020-03-16,0.204503,0.136572,0.011615,-0.015504,0.035927,0.027186,0.037017,0.0288,0.001538,-0.066376,0.023839,-0.011621,-0.049201,0.032719,-0.012941,-0.060344,-0.124421,0.041476,0.080082,15,14,3,9,7,11,1,4,6,10,16,2,5,8,12,13,17
2020-03-17,0.374424,0.282423,0.015407,-0.095192,-0.024443,0.008999,-0.024408,-0.122341,-0.105054,0.033971,-0.137042,0.121051,0.101088,0.02303,0.018487,0.237382,0.066362,-0.128365,0.022382,1,3,11,9,10,2,7,12,15,14,5,16,6,17,8,13,4
2020-03-18,0.943561,0.885243,0.435191,-0.400285,0.013485,0.016232,0.468804,0.08494,0.073829,-0.016898,-0.337558,-0.108155,0.420192,-0.057205,-0.4565,0.269171,-0.474757,0.07695,-0.00877,4,3,1,2,8,13,10,9,5,7,11,6,12,14,16,15,17
2020-03-19,0.759905,0.637963,0.285309,-0.334652,-0.003248,-0.000326,0.249565,-0.078905,-0.073398,-0.009511,-0.354911,0.091451,0.283004,0.05918,-0.243525,0.404994,-0.25102,-0.05953,0.013218,1,3,4,2,8,5,7,9,13,12,10,11,6,17,14,16,15
2020-03-23,0.875781,0.850163,-0.426975,0.446903,0.000747,-0.018699,-0.403906,0.009188,0.016099,0.002395,0.417852,-0.009979,-0.428878,-0.017898,0.398679,-0.421467,0.408414,0.022653,0.00788,15,17,14,16,13,11,8,10,7,6,9,5,12,2,4,1,3
2020-03-24,0.207796,0.143457,0.04923,-0.074813,-0.005451,0.016731,0.023808,-0.049809,-0.038517,0.0007,-0.090996,0.048724,0.036365,0.037657,-0.018318,0.116799,-0.034113,-0.030286,0.006849,1,5,6,2,7,3,8,10,15,14,9,12,4,17,11,16,13
2020-03-25,0.627135,0.433111,-0.138926,0.210381,0.018148,-0.049795,-0.069784,0.16557,0.122578,-0.002488,0.277008,-0.15732,-0.091473,-0.116069,0.043424,-0.350128,0.089079,0.089811,-0.019172,17,13,12,15,11,16,10,8,3,4,9,5,14,1,7,2,6
2020-03-26,0.39203,0.357658,-0.172363,0.19084,0.004266,-0.018001,-0.151069,0.031505,0.03052,0.001779,0.190291,-0.03664,-0.163166,-0.031359,0.144193,-0.20119,0.155125,0.021382,0.012762,17,15,14,16,11,13,8,9,5,6,10,7,12,2,4,1,3
2020-03-27,0.315877,0.27371,0.122583,-0.090071,0.005079,-0.019759,0.150264,0.077926,0.053833,-0.000482,-0.051504,-0.086156,0.153823,-0.061687,-0.162054,0.010271,-0.142336,0.033868,0.002468,7,1,2,3,11,14,9,8,4,5,10,6,13,12,17,15,16
2020-03-30,0.158103,0.111334,0.043517,-0.061662,-0.000511,0.009694,0.031383,-0.028671,-0.021636,-0.000864,-0.071657,0.034483,0.034275,0.026636,-0.02708,0.086446,-0.036238,-0.018179,-0.004327,1,4,5,2,7,3,10,8,14,12,9,11,6,17,13,16,15
2020-03-31,0.337596,0.318497,0.156593,-0.141103,-0.003878,-0.003532,0.16112,0.032443,0.017586,-0.00174,-0.114965,-0.039739,0.170928,-0.024305,-0.166668,0.096753,-0.159079,0.016931,-0.006568,4,1,2,3,9,13,11,10,5,6,8,7,12,14,17,15,16
2020-04-01,0.173897,0.16658,-0.084338,0.076223,0.001191,-6.9e-05,-0.084511,-0.012114,-0.006981,0.004708,0.063053,0.016519,-0.089501,0.009827,0.084396,-0.056125,0.08077,-0.006557,0.003834,14,17,16,15,10,5,8,9,13,12,7,11,6,4,1,3,2
2020-04-02,0.12121,0.097041,-0.001449,-0.027095,0.000328,0.010497,-0.014982,-0.042448,-0.033002,0.007847,-0.049014,0.054057,-0.014026,0.040406,0.022109,0.072196,0.004909,-0.027188,-0.004042,1,11,12,9,5,2,10,8,16,15,6,14,3,17,4,13,7
2020-04-03,0.111509,0.077659,-0.016466,0.036372,-0.001087,-0.00666,-0.007765,0.026767,0.021411,-0.00347,0.048343,-0.034371,-0.009846,-0.023959,0.005113,-0.063166,0.014375,0.017702,0.003616,17,13,12,14,11,16,8,9,3,4,10,5,15,1,7,2,6
2020-04-06,0.037843,0.034591,-0.016823,0.007462,0.001958,0.001818,-0.018869,-0.011509,-0.008657,0.002233,0.000587,0.014758,-0.01921,0.009353,0.018633,0.005363,0.015481,-0.006509,3.7e-05,6,17,16,15,9,3,11,8,14,13,7,12,4,10,1,5,2
2020-04-07,0.159838,0.1379,0.034515,0.017867,-0.011767,-0.014272,0.049634,0.068156,0.052746,-0.012895,0.055229,-0.088232,0.046726,-0.057656,-0.050324,-0.091683,-0.033655,0.03666,0.002118,17,5,4,7,12,16,9,10,1,3,11,6,15,2,14,8,13
2020-04-08,0.367029,0.356234,-0.178952,0.185935,0.001275,-0.007976,-0.167417,0.010217,0.012448,0.003323,0.175771,-0.008526,-0.181095,-0.010651,0.163665,-0.181006,0.165944,0.008101,0.011739,16,17,14,15,11,12,6,10,7,5,9,8,13,2,4,1,3
2020-04-09,0.322554,0.251311,-0.102718,0.133528,-0.00539,-0.012319,-0.083919,0.044464,0.037104,-0.006067,0.146931,-0.0522,-0.098696,-0.034682,0.085338,-0.175624,0.096438,0.025877,0.010202,17,15,14,16,11,13,8,9,5,6,10,7,12,1,4,2,3
2020-04-13,0.284609,0.249783,-0.113842,0.130625,-0.00152,-0.008275,-0.10065,0.024832,0.021905,-0.0012,0.13376,-0.028061,-0.113148,-0.018881,0.100699,-0.15085,0.107123,0.01461,0.009023,17,15,14,16,11,13,8,10,5,6,9,7,12,1,4,2,3
2020-04-14,0.142702,0.119673,0.052539,-0.063198,0.001174,0.00463,0.044956,-0.015839,-0.013627,0.001289,-0.066057,0.01777,0.051346,0.01224,-0.045691,0.076645,-0.049233,-0.009163,-0.004511,1,3,4,2,7,5,10,9,13,12,8,11,6,17,14,16,15
2020-04-15,0.361855,0.3522,0.182087,-0.165435,-0.008112,-0.003741,0.178113,0.023153,0.011231,-0.011629,-0.136143,-0.030651,0.186477,-0.016509,-0.175378,0.122509,-0.169112,0.01474,-0.007395,4,1,3,2,8,13,9,10,5,7,11,6,12,14,17,15,16
2020-04-16,0.236813,0.197114,0.08661,-0.104105,0.002309,0.008052,0.072671,-0.027272,-0.023396,0.003038,-0.109153,0.030806,0.083528,0.021039,-0.074138,0.127659,-0.080287,-0.015255,-0.007413,1,3,4,2,7,5,10,9,13,12,8,11,6,17,14,16,15
2020-04-17,0.285747,0.274951,0.141609,-0.143036,-0.002995,0.001921,0.132204,-0.002676,-0.007067,-0.00345,-0.129572,0.001302,0.142711,0.003998,-0.131233,0.133985,-0.132279,-0.000681,-0.007848,3,1,4,2,6,7,13,10,9,12,11,8,5,14,15,17,16
2020-04-20,0.43658,0.388003,-0.179538,0.204847,-0.000985,-0.011785,-0.154643,0.039,0.035773,-0.004212,0.204065,-0.042504,-0.175342,-0.031611,0.157448,-0.231734,0.168483,0.021292,0.013801,17,15,14,16,11,13,8,9,5,6,10,7,12,2,4,1,3
2020-04-21,0.043365,0.040645,-0.01463,0.001572,0.002885,0.004505,-0.020755,-0.020188,-0.014824,0.005487,-0.009108,0.02261,-0.018119,0.014826,0.018813,0.021448,0.013278,-0.011252,-0.001229,2,15,17,13,7,1,10,8,16,14,6,12,4,11,3,9,5
2020-04-22,0.193478,0.184857,-0.094286,0.081169,0.005904,0.004258,-0.096399,-0.021495,-0.012301,0.008873,0.061316,0.026769,-0.099477,0.015964,0.094001,-0.048116,0.089239,-0.012321,0.003288,14,17,16,15,9,5,10,8,13,11,7,12,6,4,1,3,2
2020-04-23,0.058534,0.052698,0.023971,-0.011394,-0.003412,-0.004939,0.030372,0.021061,0.014737,-0.006516,0.000589,-0.02408,0.028484,-0.015594,-0.028162,-0.014004,-0.023026,0.011583,0.000439,13,2,1,3,10,16,8,9,4,5,11,6,14,7,17,12,15
2020-04-24,0.178058,0.1723,-0.087858,0.089926,0.002012,-0.001936,-0.081335,0.003889,0.006176,0.001453,0.082468,-0.002545,-0.088133,-0.003846,0.080653,-0.086495,0.082021,0.001569,0.004822,15,17,14,16,11,12,6,8,7,5,10,9,13,2,4,1,3
2020-04-27,0.046012,0.040627,0.020096,-0.013613,-0.001771,-0.002858,0.023762,0.011548,0.007825,-0.004212,-0.006606,-0.013923,0.022842,-0.008437,-0.02225,-0.001772,-0.019008,0.006442,0.000157,9,2,1,3,10,15,7,8,4,5,11,6,13,12,17,14,16
2020-04-28,0.252273,0.227997,-0.108354,0.119342,0.000888,-0.006687,-0.093833,0.020346,0.019482,-0.002651,0.11709,-0.020675,-0.105223,-0.016505,0.095007,-0.132931,0.101051,0.010405,0.00703,17,15,14,16,11,13,8,9,5,6,10,7,12,2,4,1,3
2020-04-30,0.258095,0.24966,-0.126763,0.130683,0.002859,-0.002932,-0.117486,0.006434,0.010037,0.002094,0.119679,-0.003229,-0.127412,-0.005705,0.117358,-0.124986,0.119456,0.00279,0.007294,15,17,14,16,11,12,6,8,7,5,10,9,13,2,4,1,3
2020-05-01,0.07541,0.055751,0.021706,-0.029752,0.000572,0.003569,0.014973,-0.013467,-0.010696,0.003248,-0.032991,0.014605,0.01959,0.009995,-0.016893,0.042419,-0.020796,-0.007403,-0.002873,1,3,4,2,7,5,10,9,13,12,8,11,6,17,14,16,15
2020-05-07,0.113791,0.077343,0.025376,-0.040294,0.001624,0.006398,0.013616,-0.024754,-0.018585,0.00664,-0.047875,0.0277,0.021267,0.018224,-0.017649,0.065916,-0.024869,-0.01322,-0.004572,1,4,6,3,8,2,10,9,14,13,7,11,5,17,12,16,15
2020-05-08,0.213553,0.197087,-0.095714,0.102555,0.001092,-0.005263,-0.083393,0.015324,0.014598,-0.00205,0.09916,-0.015498,-0.094113,-0.013663,0.083793,-0.110999,0.08872,0.008552,0.006378,17,15,14,16,11,13,8,9,5,6,10,7,12,2,4,1,3
2020-05-11,0.134918,0.105547,-0.044349,0.055219,-0.000794,-0.005708,-0.031752,0.020775,0.016415,-0.005698,0.059594,-0.023028,-0.040447,-0.01644,0.03539,-0.075324,0.04171,0.011139,0.004971,17,15,14,16,11,13,8,9,5,6,10,7,12,1,4,2,3
2020-05-12,0.208258,0.202365,0.103089,-0.10506,-0.002304,0.003198,0.093636,-0.007388,-0.009196,-0.000846,-0.097652,0.00587,0.102689,0.007956,-0.092919,0.103198,-0.095407,-0.004194,-0.00599,1,3,4,2,7,6,11,9,12,13,8,10,5,16,14,17,15
2020-05-13,0.098361,0.070771,0.027527,-0.037232,0.001156,0.005164,0.016657,-0.018095,-0.013403,0.005591,-0.04199,0.021439,0.023351,0.014319,-0.019556,0.05637,-0.025842,-0.009853,-0.003555,1,3,5,2,8,4,10,9,13,12,7,11,6,17,14,16,15
2020-05-14,0.128534,0.105405,0.046254,-0.05504,0.000469,0.004971,0.035247,-0.017189,-0.013534,0.004292,-0.05761,0.019457,0.043106,0.013586,-0.037512,0.070924,-0.04328,-0.009402,-0.004616,1,3,4,2,7,5,10,9,13,12,8,11,6,17,14,16,15
2020-05-15,0.089017,0.073477,-0.032432,0.038399,-0.000267,-0.003265,-0.02526,0.011763,0.009398,-0.002811,0.040061,-0.013179,-0.030305,-0.009155,0.026613,-0.048956,0.030278,0.006643,0.003109,17,15,14,16,11,13,8,9,5,6,10,7,12,1,4,2,3
2020-05-18,0.022129,0.020336,0.009996,-0.008182,-0.000923,-0.00095,0.011473,0.003478,0.001886,-0.001799,-0.005587,-0.004954,0.011151,-0.002714,-0.010655,0.002267,-0.00955,0.001748,-0.000178,5,2,1,3,10,13,8,9,4,6,11,7,12,14,17,15,16
2020-05-19,0.391983,0.345551,-0.160484,0.18016,0.001066,-0.011286,-0.133565,0.040887,0.034866,-0.007644,0.180959,-0.043371,-0.153885,-0.031656,0.137266,-0.211023,0.150141,0.023603,0.012538,17,15,14,16,11,13,8,9,5,6,10,7,12,1,4,2,3
2020-05-20,0.02424,0.020552,-0.00535,-0.001104,0.001208,0.002411,-0.010052,-0.010351,-0.006638,0.003751,-0.005784,0.012345,-0.007521,0.007497,0.007415,0.013889,0.004443,-0.00567,-0.001237,1,15,16,11,7,2,10,8,17,14,6,12,3,13,4,9,5
2020-05-21,0.140312,0.118339,-0.052881,0.061955,-0.000255,-0.005082,-0.043092,0.016345,0.01282,-0.00433,0.063372,-0.018575,-0.050948,-0.013584,0.044691,-0.07694,0.048922,0.009215,0.004512,17,15,14,16,11,13,8,9,5,6,10,7,12,1,4,2,3
2020-05-22,0.089053,0.087323,-0.044644,0.041737,0.001914,0.000503,-0.044926,-0.003532,-0.000403,0.002869,0.035711,0.005753,-0.046543,0.001994,0.042509,-0.032608,0.041608,-0.001532,0.001477,14,17,16,15,10,5,9,8,13,11,6,12,7,4,1,2,3
2020-05-26,0.011899,0.010445,0.004907,-0.002841,-0.000562,-0.000831,0.00639,0.003243,0.00191,-0.001403,-0.001003,-0.004181,0.005677,-0.002411,-0.00551,-0.001738,-0.004671,0.001698,0.000229,12,2,1,3,9,15,7,8,4,5,11,6,13,10,17,14,16
2020-05-27,0.378166,0.355504,-0.174779,0.185335,0.003522,-0.007566,-0.157751,0.021406,0.021666,-0.001719,0.176176,-0.020663,-0.175457,-0.018922,0.156725,-0.192831,0.161932,0.013348,0.010829,17,16,14,15,11,13,8,9,6,5,10,7,12,2,4,1,3
2020-05-28,0.123649,0.102534,-0.044876,0.054152,-9e-05,-0.004787,-0.03529,0.015722,0.012307,-0.004207,0.055966,-0.017671,-0.043373,-0.012193,0.037704,-0.067683,0.041553,0.009084,0.004423,17,15,14,16,11,13,8,9,5,6,10,7,12,1,4,2,3
2020-05-29,0.189738,0.182153,0.0942,-0.093713,-0.002517,0.001789,0.089338,-0.002422,-0.005613,-0.001892,-0.085509,0.000907,0.096026,0.003728,-0.086214,0.087725,-0.08697,-0.00227,-0.004105,4,1,3,2,6,7,12,11,10,13,8,9,5,14,15,17,16
2020-06-01,0.140177,0.134798,0.069619,-0.068983,-0.002142,0.000912,0.066404,-0.001002,-0.003863,-0.001588,-0.062587,-0.000322,0.071194,0.001885,-0.064147,0.063039,-0.064048,-0.001356,-0.003018,4,1,3,2,6,7,12,11,8,13,10,9,5,14,16,17,15
2020-06-02,0.147772,0.139439,-0.069103,0.072638,0.001383,-0.002683,-0.062701,0.008024,0.008451,-0.000566,0.068959,-0.008013,-0.069079,-0.007121,0.061407,-0.075135,0.063401,0.005228,0.003902,17,15,14,16,11,13,8,9,6,5,10,7,12,2,4,1,3
2020-06-03,0.110065,0.10049,-0.048183,0.052733,0.000904,-0.002283,-0.042362,0.008557,0.007959,-0.000965,0.051215,-0.008658,-0.04756,-0.006991,0.042372,-0.057332,0.044448,0.005374,0.003356,17,15,14,16,11,13,8,9,5,6,10,7,12,2,4,1,3
2020-06-04,0.280332,0.262871,-0.12947,0.137302,0.002815,-0.004555,-0.116593,0.017395,0.017419,-0.00049,0.131358,-0.016851,-0.129001,-0.014458,0.114522,-0.14303,0.118454,0.011367,0.008536,17,15,14,16,11,13,8,9,6,5,10,7,12,2,4,1,3
2020-06-05,0.165258,0.160266,-0.0829,0.079757,0.003202,-0.000229,-0.080814,-0.00138,0.002887,0.003503,0.070624,0.003674,-0.085501,0.000292,0.076174,-0.069168,0.075652,0.000147,0.003567,14,17,15,16,12,5,6,8,13,9,7,11,10,4,2,1,3
2020-06-08,0.250831,0.219249,-0.100604,0.115547,0.000115,-0.006997,-0.085716,0.026192,0.022069,-0.004137,0.116292,-0.027504,-0.098399,-0.022453,0.08689,-0.13454,0.092367,0.015592,0.007947,17,15,14,16,11,13,8,9,5,6,10,7,12,1,4,2,3
2020-06-09,0.073501,0.052236,-0.019748,0.027982,-0.001119,-0.003827,-0.012352,0.013958,0.011407,-0.00262,0.031659,-0.015975,-0.017028,-0.011493,0.014459,-0.041842,0.018449,0.00804,0.002182,17,15,13,16,11,14,8,9,5,6,10,7,12,1,4,2,3
2020-06-10,0.103703,0.083503,0.036141,-0.044502,0.000649,0.003692,0.027051,-0.014842,-0.012642,0.002402,-0.046686,0.016264,0.032667,0.012146,-0.02953,0.057017,-0.033496,-0.008739,-0.003128,1,3,4,2,7,5,10,9,13,12,8,11,6,17,14,16,15
2020-06-11,0.315163,0.298535,0.148655,-0.155636,-0.002809,0.004876,0.135048,-0.018213,-0.020242,-7.4e-05,-0.147274,0.017366,0.148246,0.016253,-0.131693,0.159527,-0.136267,-0.011297,-0.008816,1,3,4,2,7,5,10,9,12,13,8,11,6,16,14,17,15
2020-06-12,0.302847,0.211498,0.074505,-0.106042,0.007682,0.017717,0.03634,-0.06686,-0.052017,0.012961,-0.12724,0.077399,0.055728,0.058428,-0.045942,0.175607,-0.073701,-0.033838,-0.008881,1,5,6,3,7,2,10,9,14,13,8,11,4,17,12,16,15
2020-06-15,0.246923,0.232207,-0.115,0.120803,0.001141,-0.006211,-0.102981,0.01673,0.017742,0.000355,0.113875,-0.017223,-0.114118,-0.015826,0.098976,-0.12612,0.106707,0.009905,0.007509,17,15,14,16,11,13,8,9,6,5,10,7,12,2,4,1,3
2020-06-16,0.018318,0.01478,0.001046,0.002948,-0.001361,-0.002572,0.003746,0.007103,0.004741,-0.001681,0.005493,-0.009165,0.002955,-0.006624,-0.002978,-0.011215,0.001174,0.003127,6.5e-05,17,6,4,9,13,16,10,11,1,3,12,5,15,2,14,7,8
2020-06-17,0.04389,0.038452,0.01778,-0.008983,-0.003728,-0.005308,0.023163,0.015269,0.0098,-0.003939,-0.002185,-0.018644,0.02413,-0.011408,-0.019759,-0.008792,-0.011879,0.006497,3.7e-05,12,1,2,3,11,16,7,9,4,5,10,6,14,8,17,13,15
2020-06-18,0.179703,0.165516,0.08103,-0.085981,-0.00136,0.005456,0.071055,-0.014099,-0.013216,0.002208,-0.081144,0.01634,0.078834,0.013132,-0.07005,0.093722,-0.075835,-0.006924,-0.010338,1,3,4,2,7,5,11,9,13,12,8,10,6,16,14,17,15
2020-06-19,0.042484,0.036386,0.015957,-0.019452,0.000409,0.003538,0.013267,-0.005979,-0.003837,0.002878,-0.018594,0.004239,0.014658,0.003428,-0.014819,0.023032,-0.017465,-0.002188,-0.004333,1,3,4,2,6,5,12,9,13,11,8,10,7,16,14,17,15
2020-06-22,0.023585,0.02025,-0.00996,0.003191,0.003879,0.006368,-0.014177,-0.008143,-0.003517,0.009409,0.002039,0.009105,-0.011028,0.004432,0.007072,0.006346,0.004558,-0.004454,-0.007026,5,16,17,15,4,2,13,8,14,11,1,12,7,10,3,9,6
2020-06-23,0.090617,0.086935,0.044598,-0.044168,-0.000524,0.000261,0.042742,-0.004088,-0.004335,0.000421,-0.040396,0.001936,0.04645,0.002141,-0.040659,0.04452,-0.040411,-0.001132,-0.003941,3,1,4,2,8,6,11,9,12,13,7,10,5,14,16,17,15
2020-06-24,0.019755,0.019021,-0.010638,0.00888,0.001734,0.000231,-0.010875,-0.001439,-0.000215,0.002727,0.007605,0.002451,-0.010735,-0.000444,0.007751,-0.006319,0.008184,-0.000942,-0.001386,14,16,17,15,8,6,12,7,13,9,5,11,10,4,3,1,2
2020-06-25,0.13128,0.104838,0.038436,-0.052415,0.016656,0.006009,0.026137,-0.02064,-0.012978,0.027715,-0.048434,0.021912,0.047525,0.00409,-0.048839,0.078866,-0.045939,-0.011734,-0.021099,1,2,5,3,8,6,13,7,12,11,4,10,9,15,16,17,14
2020-06-26,0.157282,0.150861,-0.074796,0.075324,-0.000193,-0.000315,-0.071128,0.00885,0.00766,-0.003702,0.068406,-0.002075,-0.080261,-0.001571,0.069628,-0.081957,0.070615,0.00344,0.005005,17,16,14,15,10,12,7,9,5,6,13,8,11,4,3,1,2
2020-06-29,0.069989,0.050666,-0.005098,-0.008253,0.018185,0.003404,-0.015075,-0.018899,-0.007537,0.033541,-0.011517,0.014177,0.006884,-0.002876,-0.013176,0.051091,-0.015207,-0.01346,-0.005804,1,5,15,8,6,4,9,3,17,10,2,14,7,12,13,11,16
2020-06-30,0.122041,0.109548,0.06143,-0.052017,-0.008846,-0.004339,0.070024,0.005509,0.002677,-0.021488,-0.045481,-0.00501,0.054395,0.002489,-0.045236,0.028482,-0.045297,0.002819,0.003894,4,3,1,2,10,11,6,12,5,8,13,7,9,16,14,17,15
2020-07-01,0.039405,0.032495,0.018801,-0.014088,-0.004648,-0.002772,0.025317,0.0034,0.00262,-0.012031,-0.011213,-0.00266,0.016036,0.001207,-0.009775,-0.00106,-0.01075,0.001847,0.002645,9,3,1,2,11,10,5,12,4,6,16,7,8,15,13,17,14
2020-07-02,0.190054,0.185123,0.09607,-0.091759,-0.006807,-0.003596,0.098295,-0.002391,-0.005601,-0.002978,-0.083347,-0.001263,0.097417,0.003785,-0.08519,0.082831,-0.086638,-0.000459,-0.001268,4,2,1,3,11,7,8,13,9,12,10,6,5,14,15,17,16
2020-07-06,0.021828,0.020243,0.010839,-0.009122,-0.001389,-0.000811,0.012482,0.000882,0.00023,-0.001149,-0.008504,-0.00067,0.010408,0.000843,-0.008534,0.006491,-0.009346,0.000601,0.000744,4,3,1,2,11,10,7,13,5,9,12,8,6,14,15,16,17
2020-07-07,0.028407,0.022082,-0.00816,0.010012,-0.001373,-0.002853,-0.00115,0.005152,0.004359,-0.006735,0.0083,-0.000857,-0.010603,0.000296,0.009656,-0.018396,0.009419,0.002526,0.004059,17,16,11,15,13,10,7,12,5,6,14,8,9,4,2,1,3
2020-07-08,0.219161,0.209931,0.104961,-0.101799,-0.00658,0.003066,0.090141,-0.012746,-0.014485,0.011323,-0.09204,-0.00028,0.109124,0.003693,-0.096453,0.117362,-0.100095,-0.006362,-0.009525,1,2,4,3,7,8,11,10,12,13,5,9,6,14,15,17,16
2020-07-09,0.156209,0.15136,0.077379,-0.076523,-0.003346,-0.002236,0.076999,-0.003936,-0.006765,0.000213,-0.068382,-0.000237,0.079686,0.003308,-0.070813,0.074216,-0.072682,-0.001389,-0.00203,4,1,3,2,10,7,9,11,12,13,6,8,5,14,15,17,16
2020-07-10,0.143748,0.139099,0.07252,-0.071228,-0.006625,0.003024,0.061515,-0.006375,-0.010132,0.00642,-0.060349,0.003023,0.070688,0.003807,-0.063331,0.071731,-0.0678,-0.003763,-0.006895,2,3,4,1,7,8,12,11,10,13,5,9,6,14,15,17,16
2020-07-13,0.111613,0.107756,-0.056521,0.054092,0.004599,-0.00498,-0.046673,0.004479,0.007329,-0.009423,0.045056,-0.004545,-0.056017,-0.004728,0.047703,-0.057522,0.051415,0.003191,0.005273,17,15,14,16,12,10,6,7,8,5,13,9,11,4,3,1,2
2020-07-14,0.062077,0.052807,-0.020387,0.022678,-0.000729,0.003644,-0.03241,0.001044,-0.001461,0.006102,0.029667,0.005363,-0.027282,0.000497,0.023235,-0.02256,0.023266,0.002327,-0.001708,15,16,17,14,7,6,13,11,9,12,5,8,10,1,3,4,2
2020-07-15,0.104845,0.089842,0.038443,-0.035246,0.002552,-0.004221,0.058319,5.1e-05,0.003632,-0.007459,-0.046525,-0.007848,0.047248,0.00256,-0.038512,0.039284,-0.039639,-0.001039,0.005378,3,2,1,4,11,13,5,8,9,6,12,10,7,17,15,14,16
2020-07-16,0.193334,0.18458,-0.093358,0.097434,0.006186,-0.001225,-0.089001,0.006632,0.010925,-0.005934,0.086267,-0.001522,-0.0959,-0.005157,0.086833,-0.093949,0.085625,0.005757,0.006824,16,17,14,15,10,11,6,8,7,5,13,9,12,3,2,1,4
2020-07-17,0.074492,0.071758,0.035998,-0.037614,-0.002189,0.000223,0.034774,-0.002432,-0.003795,0.001489,-0.034169,7.4e-05,0.036878,0.0014,-0.034037,0.036577,-0.033573,-0.002143,-0.002308,2,1,4,3,7,8,11,10,12,13,5,9,6,16,15,17,14
2020-07-20,0.346524,0.341911,0.17037,-0.169729,-0.003938,0.003896,0.176729,-0.007672,-0.005719,-0.001505,-0.168458,-0.005544,0.176796,0.001241,-0.159545,0.171648,-0.162374,-0.006332,0.000784,3,1,2,4,5,10,7,9,13,11,8,12,6,16,14,17,15
2020-07-21,0.188161,0.183466,0.091995,-0.092419,-0.002003,0.001036,0.09497,-0.003798,-0.005392,0.001653,-0.088616,-0.000954,0.095742,0.001894,-0.086655,0.091786,-0.085326,-0.003503,-0.002618,4,1,2,3,7,8,10,9,12,13,6,11,5,16,15,17,14
2020-07-22,0.351636,0.341817,-0.170354,0.17302,0.002996,-0.00161,-0.175861,0.007312,0.009835,-0.001236,0.165327,0.000282,-0.178616,-0.00255,0.162273,-0.169636,0.159735,0.007819,0.005957,14,17,16,15,12,10,8,9,7,5,11,6,13,2,3,1,4
2020-07-27,0.25795,0.253304,0.126147,-0.123581,-0.001322,-0.000936,0.132433,-0.00585,-0.002383,-0.002389,-0.125517,-0.00569,0.12979,0.000264,-0.118085,0.127752,-0.120837,-0.004266,0.002205,3,2,1,4,7,12,5,8,13,9,10,11,6,17,14,16,15
2020-07-28,0.020812,0.019706,0.010168,-0.007943,0.000288,0.000161,0.010836,-0.000589,0.00111,-0.000662,-0.009975,-0.001734,0.009276,-0.000226,-0.008288,0.010332,-0.009517,0.000428,0.002433,2,4,1,3,9,13,5,8,11,6,12,7,10,17,15,14,16
2020-07-29,0.152319,0.145026,0.070777,-0.075299,-0.001391,-0.000165,0.072917,-0.002764,-0.005877,0.00084,-0.069834,0.001482,0.077021,0.001774,-0.068943,0.071065,-0.066724,-0.004473,-0.005727,3,1,2,4,8,6,12,9,10,13,7,11,5,16,15,17,14
2020-07-30,0.092778,0.084067,-0.038673,0.046286,-0.000224,2e-05,-0.040981,0.000841,0.005892,-0.001687,0.038914,-0.004039,-0.046492,-0.003039,0.039861,-0.039666,0.035665,0.003811,0.007314,15,17,16,14,9,13,5,10,8,6,11,7,12,3,2,1,4
2020-07-31,0.39994,0.383291,0.189336,-0.195257,-0.00397,0.001366,0.195513,-0.00674,-0.010899,0.001947,-0.18352,0.002047,0.204682,0.002418,-0.181564,0.189279,-0.179395,-0.009568,-0.011374,4,1,2,3,8,6,13,9,10,12,7,11,5,16,15,17,14
2020-08-03,0.155014,0.153764,0.077457,-0.075954,-0.003549,-0.00061,0.078623,-0.003988,-0.002759,-0.001432,-0.075352,-0.002226,0.07906,-0.001712,-0.072978,0.076256,-0.074846,-0.003758,-0.001261,4,1,2,3,5,9,6,11,13,10,7,12,8,16,14,17,15
2020-08-04,0.266705,0.261453,0.134115,-0.128971,-0.002683,0.002094,0.135266,-0.003383,-0.00434,0.000593,-0.124952,-1.2e-05,0.137733,0.000986,-0.122118,0.130999,-0.123321,-0.003971,-0.002113,4,1,2,3,5,8,9,10,11,13,7,12,6,16,14,17,15
2020-08-05,0.085913,0.080174,-0.039872,0.041996,-0.000584,-0.001812,-0.041434,-0.000778,0.002966,-0.001806,0.036485,-0.004661,-0.043916,-0.003058,0.036818,-0.039284,0.034606,0.001397,0.003763,14,17,16,15,11,13,5,8,9,6,10,7,12,3,2,1,4
2020-08-06,0.26296,0.259489,-0.127242,0.131058,0.00394,0.000791,-0.131688,0.005105,0.005727,0.000989,0.126405,0.000333,-0.131903,0.003526,0.1245,-0.130827,0.126587,0.005292,0.00416,15,17,16,14,12,13,8,9,7,5,11,6,10,3,4,1,2
2020-08-07,0.134933,0.134266,0.065247,-0.067387,-0.003305,-0.002499,0.067094,-0.004614,-0.003336,-0.001416,-0.066866,-0.002785,0.066519,-0.003943,-0.065435,0.067166,-0.067767,-0.004149,-0.001369,1,3,2,4,7,8,5,9,13,10,6,12,11,15,14,16,17
2020-08-11,0.158588,0.152693,-0.073469,0.078791,0.001377,-0.000217,-0.078419,0.001584,0.004803,0.000193,0.073139,-0.002468,-0.079797,0.000288,0.071962,-0.07597,0.07185,0.003232,0.003713,15,17,16,14,12,13,6,9,8,5,11,7,10,2,3,1,4
2020-08-12,0.441673,0.436649,-0.222112,0.212466,0.007153,0.002592,-0.219543,0.013099,0.003245,-0.000855,0.214154,0.005767,-0.215055,0.011519,0.206273,-0.223416,0.218257,0.008596,-0.003676,17,14,15,16,11,9,13,8,5,10,12,7,6,2,4,3,1
2020-08-13,0.489336,0.48162,0.244893,-0.234357,-0.006205,-0.000519,0.243313,-0.013109,-0.004013,0.00125,-0.232961,-0.001195,0.23961,-0.010752,-0.229171,0.250467,-0.238869,-0.007944,-0.000497,1,4,3,2,7,8,6,10,13,9,5,11,12,15,14,16,17
2020-08-14,0.146435,0.138843,0.065974,-0.073088,-0.001453,0.002123,0.069216,0.000339,-0.005617,-1.3e-05,-0.067619,0.002437,0.073347,-0.000138,-0.065552,0.067706,-0.063469,-0.002635,-0.004326,3,1,2,4,6,5,12,10,7,13,8,11,9,16,15,17,14
2020-08-17,0.217985,0.213815,-0.108477,0.103347,0.002357,0.000161,-0.106144,0.0052,0.002316,-0.000367,0.103304,0.000189,-0.108331,0.004929,0.102976,-0.111709,0.106276,0.003115,0.001406,17,15,14,16,12,11,10,8,5,9,13,7,6,3,4,2,1
2020-08-18,0.184605,0.182449,0.091567,-0.090295,-0.001709,0.000924,0.091072,-0.002981,-0.003186,0.000518,-0.088413,0.001023,0.093828,-0.002981,-0.087461,0.094311,-0.088933,-0.002652,-0.00241,1,2,4,3,6,5,9,8,12,13,7,10,11,15,14,17,16
2020-08-19,0.148082,0.144454,0.07215,-0.073778,-0.002208,0.000887,0.071811,-0.002042,-0.005665,-0.000483,-0.070585,0.002525,0.074305,-0.002294,-0.069849,0.072589,-0.069956,-0.003277,-0.003825,2,1,4,3,6,5,12,9,8,13,7,11,10,16,14,17,15
2020-08-20,0.016741,0.013001,0.002573,-0.008413,0.00048,0.002767,0.00491,0.003943,-0.007709,0.000313,-0.002263,0.008328,0.006603,0.004143,-0.001562,-0.000748,0.001548,-0.001349,-0.003041,11,2,3,7,6,1,15,9,5,16,10,12,4,14,13,17,8
2020-08-21,0.060755,0.057973,0.026643,-0.032518,-0.002573,-0.000754,0.027155,-0.002057,-0.006022,-0.002166,-0.029856,0.001609,0.028236,-0.001554,-0.02951,0.02657,-0.028871,-0.003606,-0.003822,4,1,2,3,6,5,12,10,8,13,9,11,7,16,15,17,14
2020-08-24,0.18541,0.18334,0.092814,-0.090912,-0.001511,0.001429,0.091711,-0.002691,-0.004588,0.000434,-0.088594,0.002631,0.094398,-0.00237,-0.087573,0.094498,-0.088806,-0.002736,-0.002509,1,2,4,3,6,5,10,8,11,13,7,12,9,15,14,17,16
2020-08-25,0.243524,0.234095,-0.116426,0.121895,0.00192,-0.003591,-0.117685,0.001034,0.013605,3.5e-05,0.113218,-0.012186,-0.121629,-0.000892,0.111175,-0.116683,0.110118,0.005439,0.006335,15,17,16,14,12,13,6,8,9,5,10,7,11,2,3,1,4
2020-08-26,0.009432,0.00846,0.003605,-0.005405,-0.000251,6.7e-05,0.004027,0.000231,-0.001996,-0.000351,-0.004084,0.001672,0.004008,0.000488,-0.004021,0.003835,-0.003607,-0.000646,-0.000718,3,2,1,4,8,5,12,9,7,13,10,11,6,16,15,17,14
2020-08-27,0.14664,0.143329,0.071085,-0.070079,-0.003203,-0.00223,0.069238,-0.005381,-0.002655,-0.001102,-0.07087,-0.003411,0.071314,-0.005443,-0.069846,0.074449,-0.072191,-0.003389,-0.003127,1,2,4,3,6,11,8,9,12,7,5,10,13,16,14,15,17
2020-08-28,0.05505,0.054246,-0.026154,0.027694,0.001204,-0.000339,-0.026295,0.001677,0.002458,0.000737,0.026794,-0.000539,-0.027355,0.001298,0.027016,-0.027098,0.027281,0.001515,0.001702,16,17,15,14,12,13,6,10,7,5,11,8,9,4,3,1,2
2020-08-31,0.057841,0.053167,-0.02466,0.029878,0.000527,-0.003304,-0.025926,-0.000847,0.00536,0.000412,0.025036,-0.005493,-0.027963,-0.001357,0.026039,-0.024576,0.024445,0.000879,0.002619,14,17,16,15,12,13,6,8,10,5,9,7,11,3,2,1,4
2020-09-01,0.357507,0.349105,0.171746,-0.175712,-0.002827,0.007761,0.170366,-0.003851,-0.011608,0.000776,-0.166758,0.011429,0.181795,-0.002989,-0.170127,0.177441,-0.170494,-0.004211,-0.008367,2,1,4,3,6,5,12,8,10,13,7,11,9,14,15,17,16
2020-09-02,0.264992,0.261369,-0.129368,0.12948,0.002026,-0.005588,-0.126839,0.003307,0.005884,-0.001454,0.124775,-0.005829,-0.135512,0.002879,0.125742,-0.135146,0.128858,0.002364,0.00453,16,17,14,15,12,13,6,10,7,5,11,9,8,4,3,1,2
2020-09-03,0.363298,0.354314,0.177275,-0.157954,-0.00261,-0.00559,0.167953,-0.012199,0.009858,0.001402,-0.173464,-0.014451,0.177477,-0.013157,-0.171429,0.186047,-0.177251,-0.000595,0.000525,1,2,4,3,10,13,7,9,11,5,6,8,12,16,15,14,17
2020-09-04,0.778721,0.754318,-0.376299,0.346048,0.005957,0.004618,-0.358073,0.021372,-0.013951,-0.006492,0.360967,0.019596,-0.382136,0.02239,0.36483,-0.402131,0.37659,0.002432,0.000127,17,16,14,15,9,7,11,8,6,13,12,10,5,3,2,4,1
2020-09-08,0.365513,0.358232,-0.177049,0.16998,0.00428,-0.00073,-0.172249,0.008035,0.001458,-0.003119,0.173683,0.003805,-0.183361,0.008195,0.17509,-0.186286,0.179227,0.003781,0.004118,17,16,14,15,12,9,8,7,6,11,13,10,5,3,2,4,1
2020-09-09,0.341878,0.327893,-0.160636,0.140407,0.006677,0.007059,-0.160859,0.014086,-0.005838,-0.007092,0.15454,0.012489,-0.168155,0.010944,0.158247,-0.175977,0.165901,0.004525,-0.000278,17,16,15,14,8,6,11,9,5,12,13,10,7,3,2,4,1
2020-09-10,0.304916,0.292926,0.140446,-0.128117,-0.004665,-0.006198,0.142601,-0.010555,0.002566,0.007354,-0.138895,-0.00795,0.151703,-0.008301,-0.140665,0.15921,-0.145706,-0.001352,-0.000504,1,2,3,4,10,11,7,9,13,6,5,8,12,15,16,14,17
2020-09-11,0.230142,0.220265,-0.100831,0.091164,0.003786,0.007885,-0.107099,0.010437,-0.004658,-0.007141,0.10288,0.010295,-0.11504,0.006707,0.105636,-0.120972,0.109169,0.001428,0.000908,17,16,15,14,7,6,11,9,5,12,13,10,8,3,2,4,1
2020-09-14,0.120542,0.11774,-0.057185,0.060214,0.002546,-0.001411,-0.054588,0.001159,0.002161,7.9e-05,0.057156,-0.00182,-0.058105,0.003712,0.057622,-0.060328,0.059765,0.001324,0.002645,17,16,14,15,12,13,6,7,10,8,11,9,5,4,3,1,2
2020-09-15,0.036767,0.026441,-0.015596,0.021171,0.004029,-0.000568,-0.006924,-0.010394,0.000162,0.003392,0.009017,-0.011546,-0.000965,0.001478,0.007353,-0.004819,0.011599,-0.006816,-0.002312,12,10,14,17,9,16,11,5,15,8,6,13,7,3,4,1,2
2020-09-16,0.097465,0.093598,0.042501,-0.0458,-0.001444,-0.000949,0.042894,-0.004903,-0.002129,-0.000676,-0.04636,-0.003943,0.046784,-0.003335,-0.047292,0.04946,-0.048005,-0.003959,-0.002758,1,2,3,4,6,11,9,7,13,8,5,12,10,15,16,14,17
2020-09-17,0.715087,0.695007,-0.338733,0.348033,0.005424,-0.004645,-0.331895,0.007122,0.004091,0.000554,0.334686,-0.001457,-0.346269,0.014486,0.336898,-0.366488,0.348599,0.006428,0.004318,17,16,14,15,13,12,9,8,6,10,11,7,5,4,3,2,1
2020-09-18,0.119213,0.112135,-0.045163,0.04475,-0.000672,0.001129,-0.048654,0.012093,0.003364,-0.003742,0.055118,0.008965,-0.060519,0.001977,0.055252,-0.063962,0.052902,0.009031,0.004843,17,16,15,14,11,7,8,12,5,9,13,6,10,2,1,4,3
2020-09-23,0.082994,0.074057,-0.021832,0.019353,-0.002121,0.000943,-0.027873,0.015657,0.002727,-0.00609,0.036132,0.011461,-0.043409,0.00019,0.036189,-0.046805,0.031764,0.012035,0.006393,17,16,15,14,10,7,8,12,5,9,13,6,11,2,1,4,3
2020-09-24,0.26126,0.224324,0.125745,-0.135515,-0.006488,0.004686,0.108336,0.025358,0.003554,-0.013705,-0.099116,0.017547,0.088926,-0.006472,-0.099471,0.089814,-0.114092,0.017004,0.010013,3,4,2,1,9,6,8,12,5,10,13,7,11,14,15,17,16
2020-09-25,0.036448,0.034792,0.013547,-0.014875,-0.000491,-0.001389,0.014755,-0.003859,-0.000921,0.000184,-0.01808,-0.003187,0.017664,-0.001688,-0.01821,0.018238,-0.017428,-0.002885,-0.0019,1,2,3,4,8,12,10,6,13,7,5,11,9,16,17,14,15
2020-09-28,0.264427,0.25492,0.114296,-0.109924,0.003667,7.4e-05,0.119148,-0.013359,0.0009,0.007125,-0.123815,-0.009506,0.135179,-0.002998,-0.124545,0.139882,-0.122191,-0.008393,-0.003469,1,2,3,4,8,12,10,6,13,7,5,11,9,16,17,14,15
2020-09-29,0.28264,0.257884,-0.138188,0.144451,0.003247,-0.002949,-0.120413,-0.010586,0.005486,0.009997,0.117329,-0.011532,-0.117732,0.003599,0.118419,-0.119606,0.132573,-0.005457,-0.001613,15,14,16,17,10,13,9,8,12,6,5,11,7,4,3,1,2
2020-09-30,0.233493,0.220504,0.1141,-0.119393,-0.002562,0.001288,0.103465,0.005489,-0.004544,-0.006107,-0.102299,0.006441,0.103502,-0.002867,-0.104269,0.107781,-0.112466,0.001286,-0.000791,2,3,4,1,7,5,9,10,6,12,13,8,11,14,15,17,16
2020-10-02,0.256951,0.251785,0.118642,-0.119028,0.000222,0.00458,0.120739,-0.002773,0.00101,0.003295,-0.123489,-0.004768,0.133463,-0.00327,-0.121378,0.13289,-0.123399,-0.002888,-0.001966,2,1,3,4,5,13,9,8,10,7,6,11,12,17,15,14,16
2020-10-05,0.717767,0.701584,-0.342807,0.349218,0.00298,-0.009457,-0.331776,0.003236,0.003737,-0.000444,0.336353,0.000277,-0.356432,0.008689,0.338528,-0.368234,0.349533,0.007364,0.004811,17,16,14,15,13,11,7,10,9,8,12,6,5,4,3,2,1
2020-10-06,0.079309,0.066421,0.015398,-0.013931,0.001577,0.002626,0.031841,0.001412,0.008125,0.007372,-0.03517,-0.008318,0.044138,-0.001193,-0.02939,0.033841,-0.024883,-0.004393,-0.002427,2,1,3,4,7,13,11,8,9,5,6,12,10,17,16,14,15
2020-10-07,0.069672,0.05439,0.032885,-0.036786,-0.003798,-0.001399,0.020466,-0.002808,-0.008761,-0.005022,-0.015077,0.008117,0.008798,-0.000706,-0.022427,0.024044,-0.026563,0.001017,0.000225,2,4,3,1,9,5,7,11,10,13,12,6,8,14,15,17,16
2020-10-08,0.070344,0.054902,0.014019,-0.01257,0.003818,0.004849,0.024038,0.001052,0.007536,0.006775,-0.02902,-0.008087,0.041323,-0.000426,-0.02337,0.025957,-0.020998,-0.004394,-0.001033,2,1,3,4,7,13,11,8,9,5,6,12,10,17,16,14,15
2020-10-09,0.27141,0.258962,-0.135309,0.136101,0.002525,-0.005357,-0.123796,0.002649,0.005142,0.002384,0.114146,-0.0073,-0.121102,0.002405,0.120652,-0.131079,0.129948,-0.002061,0.000856,16,14,15,17,12,13,10,7,6,5,9,11,8,4,3,1,2
2020-10-12,0.370722,0.362808,0.176399,-0.179359,-0.001782,0.008776,0.171947,-0.004666,0.000111,0.003323,-0.171806,-1e-06,0.189009,-0.005047,-0.175119,0.186826,-0.181713,-0.006837,-0.005801,2,1,4,3,5,8,12,9,10,7,6,13,11,14,15,16,17
2020-10-13,0.365645,0.355238,0.167071,-0.169623,-0.002819,0.009842,0.164621,-0.005916,0.002907,0.005042,-0.169975,-0.001711,0.189003,-0.006042,-0.174021,0.189088,-0.176557,-0.010307,-0.008021,1,2,4,3,5,8,12,9,10,7,6,13,11,15,16,14,17
2020-10-14,0.31017,0.296193,0.155157,-0.155013,-0.002234,0.003114,0.141206,-0.003207,-0.005633,-0.00611,-0.13292,0.004147,0.139648,-0.003753,-0.137285,0.151722,-0.148196,-0.001659,-0.003396,2,4,3,1,6,5,10,8,9,12,13,7,11,14,15,17,16
2020-10-15,0.113922,0.108334,-0.044571,0.047207,0.002093,-0.004851,-0.047343,0.002503,-0.002199,-0.003745,0.052942,0.001524,-0.059785,0.002424,0.054138,-0.058211,0.052585,0.005244,0.003862,16,17,15,14,13,10,6,9,7,11,12,5,8,2,1,4,3
2020-10-16,0.350944,0.343384,-0.167771,0.169248,0.002727,-0.008244,-0.160884,0.005296,-0.000509,-0.001601,0.160351,-0.001739,-0.176729,0.005139,0.165461,-0.180026,0.170918,0.007925,0.007637,17,16,14,15,13,12,6,9,7,10,11,5,8,4,3,2,1
2020-10-19,0.299813,0.295085,0.146749,-0.14648,-0.002185,0.004527,0.141836,-0.004751,-0.002242,0.00124,-0.134898,0.00487,0.151162,-0.003091,-0.141053,0.152687,-0.147126,-0.006184,-0.008167,1,2,4,3,6,5,13,8,11,9,7,12,10,14,15,16,17
2020-10-20,0.142807,0.124576,-0.038094,0.044724,0.003212,-0.003445,-0.054157,0.002963,-0.0072,-0.009519,0.060285,-0.00118,-0.078334,0.001301,0.064473,-0.063681,0.0528,0.009718,0.011112,16,17,15,14,11,10,5,7,8,12,13,6,9,2,1,4,3
2020-10-21,0.199404,0.194516,-0.099952,0.099453,0.000966,-0.000764,-0.095003,0.003126,0.003881,0.000107,0.087542,-0.003238,-0.095517,0.000651,0.090774,-0.099161,0.098693,0.004216,0.005242,16,15,14,17,12,13,5,9,8,7,11,6,10,4,3,1,2
2020-10-22,0.160117,0.154039,0.080648,-0.079469,-0.000654,0.000503,0.075362,-0.002209,-0.00355,-0.001358,-0.068678,0.002528,0.073704,2e-06,-0.070847,0.077421,-0.07837,-0.003042,-0.003043,2,4,3,1,6,5,12,8,10,13,9,11,7,14,15,17,16
2020-10-23,0.198471,0.189113,-0.09877,0.099702,0.002134,-6e-05,-0.090962,0.003596,0.006293,0.004811,0.086233,-0.00138,-0.086534,0.001137,0.08771,-0.092269,0.097926,0.005149,0.004366,16,14,15,17,12,13,8,10,9,5,7,6,11,4,3,1,2
2020-10-26,0.031214,0.028156,-0.016088,0.015127,-9e-05,-0.000728,-0.015087,4.3e-05,0.001691,0.001636,0.011392,-0.001108,-0.010887,-0.000224,0.011589,-0.012341,0.014237,0.000755,-0.000418,15,14,16,17,12,13,11,9,8,5,6,7,10,4,3,1,2
2020-10-27,0.332611,0.311671,0.169695,-0.162916,0.000842,0.006879,0.161295,-0.003046,-0.013985,-0.010552,-0.131765,0.010581,0.134516,0.000148,-0.136489,0.145777,-0.158841,-0.008741,-0.000275,3,4,2,1,6,5,9,7,10,13,12,11,8,14,15,17,16
2020-10-28,0.379098,0.369829,0.191276,-0.187822,-0.001293,0.006152,0.186541,-0.006028,-0.007621,0.00081,-0.165091,0.008625,0.181474,0.001195,-0.174185,0.182497,-0.187167,-0.009427,-0.006483,3,4,2,1,6,5,11,9,10,12,8,13,7,14,15,17,16
2020-10-29,0.560501,0.526766,-0.217349,0.238753,0.008729,-0.007245,-0.23149,0.013182,-0.009562,-0.02239,0.252201,-0.011024,-0.288683,0.001834,0.259729,-0.300772,0.247422,0.011794,0.038273,17,16,15,14,10,12,5,8,6,11,13,7,9,2,1,4,3
2020-10-30,0.572809,0.557766,-0.289173,0.283635,0.005876,-0.005531,-0.280319,0.010514,0.013888,0.000188,0.248164,-0.016173,-0.276032,-0.00254,0.262105,-0.277652,0.280414,0.017493,0.00977,15,14,16,17,12,13,8,9,7,6,10,5,11,4,3,1,2
2020-11-02,0.342944,0.333317,-0.15808,0.160858,0.00174,-0.006112,-0.158769,0.005302,-0.00128,-0.005698,0.163478,-0.005298,-0.178157,0.001052,0.163381,-0.171381,0.164787,0.008184,0.013492,16,17,15,14,13,11,5,8,7,10,12,6,9,2,3,4,1
2020-11-04,0.319405,0.297192,-0.163925,0.15548,0.002108,-0.001848,-0.152791,0.006761,0.016761,-0.00116,0.117683,-0.01026,-0.141467,-0.009731,0.128989,-0.140015,0.148923,0.01202,-0.006278,14,15,16,17,10,13,11,8,7,5,9,6,12,4,3,1,2
2020-11-05,0.915488,0.894546,0.43149,-0.436856,-0.002345,0.022071,0.434516,-0.015803,0.000332,0.015989,-0.423673,0.021396,0.467401,0.001337,-0.429376,0.468683,-0.446805,-0.023467,-0.031874,1,2,3,4,5,6,13,10,11,9,7,12,8,14,15,16,17
2020-11-06,0.242812,0.22192,-0.128509,0.114304,0.006256,-0.000785,-0.107371,0.007138,0.015091,-0.003873,0.08527,-0.007108,-0.09663,-0.008089,0.092895,-0.108878,0.113805,0.009485,-0.003916,16,14,15,17,9,12,11,8,7,5,10,6,13,4,3,1,2
2020-11-09,0.292095,0.283381,0.144971,-0.139967,-0.005652,0.005615,0.140297,-0.008434,-0.004314,0.004533,-0.127635,0.008031,0.138322,0.000275,-0.132814,0.146039,-0.146056,-0.009119,-0.00691,1,4,3,2,6,5,11,10,12,9,7,13,8,14,15,16,17
2020-11-10,2.055521,1.993868,-1.031755,0.984397,0.034099,-0.042877,-0.985633,0.053845,0.028703,-0.038102,0.891147,-0.057267,-0.970725,-0.005627,0.926905,-1.029147,1.023767,0.058901,0.043794,16,14,15,17,12,13,7,8,6,9,11,5,10,4,3,2,1
2020-11-11,0.043563,0.036526,-0.025828,0.017735,-0.001001,-0.000144,-0.0192,0.000324,0.003938,-0.000784,0.013172,0.000797,-0.016225,-0.006738,0.012882,-0.014347,0.017419,-0.001727,-0.00469,14,15,16,17,8,6,12,10,7,5,9,11,13,3,4,1,2
2020-11-12,0.460778,0.446357,0.220303,-0.214323,-0.007167,0.008974,0.235031,-0.015042,-0.004793,0.008881,-0.207688,0.012905,0.230012,-0.000212,-0.213656,0.217677,-0.225747,-0.013939,-0.012374,4,2,1,3,6,5,11,10,13,9,7,12,8,14,15,16,17
2020-11-13,0.258188,0.243843,0.133775,-0.118884,-0.004464,0.00312,0.12619,-0.010724,-0.0127,0.003253,-0.102683,0.006028,0.1192,0.00554,-0.109066,0.115159,-0.124413,-0.006176,-0.003273,4,3,2,1,8,5,9,10,12,13,7,11,6,14,15,16,17
2020-11-16,0.195653,0.17569,-0.103572,0.08575,0.003458,0.000365,-0.088201,0.011206,0.013904,-0.001971,0.06827,-0.004503,-0.081367,-0.005791,0.0761,-0.079485,0.092081,0.007129,0.002411,14,15,16,17,10,12,9,8,6,5,11,7,13,4,3,2,1
2020-11-17,0.437803,0.420533,-0.222931,0.202619,0.005682,-0.005472,-0.218004,0.018337,0.014498,-0.006128,0.184398,-0.011265,-0.208242,-0.006107,0.194932,-0.199047,0.214872,0.012682,0.007745,14,15,16,17,10,13,8,9,5,6,12,7,11,4,3,2,1
2020-11-18,0.405019,0.394925,-0.18821,0.191692,0.006718,-0.010577,-0.207862,0.012485,0.001752,-0.012027,0.18648,-0.0127,-0.205267,0.004789,0.190864,-0.191933,0.197157,0.014437,0.013596,15,16,17,14,11,13,6,8,7,10,12,5,9,4,3,2,1
2020-11-19,0.202282,0.198349,-0.081499,0.09347,0.005684,-0.006787,-0.1037,0.001151,-0.008193,-0.007486,0.096348,-0.008555,-0.105933,0.007767,0.096213,-0.099149,0.093703,0.008018,0.008454,15,17,16,14,10,13,5,8,9,12,11,6,7,1,2,4,3
2020-11-20,0.129483,0.125766,-0.06329,0.061325,0.002282,-0.002811,-0.06555,0.005053,0.002181,-0.003664,0.056841,-0.003266,-0.063525,0.000432,0.059677,-0.059932,0.063933,0.004967,0.004395,14,16,17,15,11,12,7,8,5,9,13,6,10,4,3,2,1
2020-11-24,0.026409,0.018555,0.015312,-0.007693,0.000412,0.000384,0.008893,-0.003085,-0.006023,0.000259,-0.004234,-0.000441,0.006347,0.003012,-0.006319,0.006352,-0.011097,-0.000143,0.000544,3,4,2,1,8,11,6,7,12,14,9,10,5,13,15,16,17
2020-11-25,0.33761,0.320613,-0.172428,0.153301,0.003944,-0.00788,-0.165804,0.016337,0.014215,-0.009312,0.136459,-0.007772,-0.157512,-0.004541,0.147611,-0.148001,0.165181,0.011532,0.008245,14,15,16,17,12,11,8,9,5,6,13,7,10,4,3,2,1
2020-11-27,0.225215,0.219453,0.11109,-0.105832,-0.003499,0.004507,0.114608,-0.00941,-0.003741,0.005393,-0.098912,0.006111,0.112525,1.2e-05,-0.103697,0.105877,-0.110606,-0.008337,-0.007188,4,2,1,3,7,5,11,9,13,10,6,12,8,14,15,16,17
2020-11-30,0.131312,0.127725,0.063104,-0.0616,-0.002445,0.002712,0.06668,-0.005137,-0.001002,0.003319,-0.058736,0.003303,0.065818,-0.000847,-0.06134,0.062261,-0.064632,-0.00511,-0.004692,4,2,1,3,7,6,11,10,13,9,5,12,8,14,15,16,17
2020-12-01,0.543488,0.526332,0.265772,-0.251325,-0.009567,0.011114,0.275427,-0.025086,-0.009758,0.012978,-0.236872,0.014474,0.268043,-0.00036,-0.250366,0.255608,-0.268061,-0.019996,-0.018283,4,2,1,3,7,5,11,9,13,10,6,12,8,14,15,16,17
2020-12-02,0.069913,0.066828,0.023206,-0.032771,-0.001754,0.002215,0.032839,0.002772,0.00716,0.003007,-0.034198,0.001928,0.035715,-0.004147,-0.032736,0.032225,-0.028684,-0.002499,-0.003079,3,1,2,4,8,9,12,10,7,5,6,11,13,17,15,16,14
2020-12-03,0.017177,0.016646,0.009502,-0.006705,0.001095,0.001714,0.010024,0.000632,0.001091,0.001737,-0.006296,0.001805,0.009823,0.001356,-0.006731,0.009471,-0.007154,0.000793,0.000816,4,2,1,3,7,5,11,9,13,10,6,12,8,14,16,15,17
2020-12-04,0.120446,0.118369,-0.055654,0.057307,0.002547,-0.002453,-0.061359,0.003923,-0.000316,-0.003639,0.054818,-0.003721,-0.060686,0.001543,0.05784,-0.058827,0.059087,0.004575,0.004401,15,16,17,14,11,13,6,8,7,10,12,5,9,4,2,3,1
2020-12-07,0.40535,0.395047,-0.195831,0.189204,0.007405,-0.005941,-0.205269,0.019292,0.005189,-0.006832,0.176377,-0.01271,-0.202653,-0.001144,0.192105,-0.195755,0.200081,0.013607,0.014041,14,16,17,15,11,13,6,8,5,9,12,7,10,4,2,3,1
2020-12-08,0.310064,0.303682,0.147333,-0.147228,-0.005485,0.004236,0.156401,-0.014875,-0.000861,0.007501,-0.13363,0.010136,0.157765,0.0007,-0.147131,0.150221,-0.152299,-0.010731,-0.010198,3,1,2,4,7,5,11,10,13,9,6,12,8,14,15,16,17
2020-12-09,0.113312,0.112119,0.053184,-0.055109,-0.002344,0.002078,0.05757,-0.003764,0.001352,0.003356,-0.051025,0.004085,0.057306,-0.001698,-0.054234,0.056397,-0.055741,-0.004269,-0.003811,3,2,1,4,7,5,12,10,11,8,6,13,9,14,15,16,17
2020-12-10,0.154528,0.152811,-0.071584,0.076145,0.003227,-0.003166,-0.078175,0.001676,-0.005058,-0.004546,0.073545,-0.005229,-0.07724,0.005057,0.073747,-0.078383,0.074743,0.005839,0.005352,17,15,16,14,10,13,6,8,9,12,11,5,7,4,3,1,2
2020-12-11,0.136771,0.135496,-0.064547,0.067509,0.003467,-0.002336,-0.0691,0.00352,-0.002723,-0.002464,0.06476,-0.003944,-0.068301,0.004212,0.066356,-0.067551,0.067671,0.006157,0.004981,15,16,17,14,10,13,6,9,8,12,11,5,7,4,3,2,1
2020-12-14,0.185379,0.181716,0.0879,-0.088021,-0.003431,0.002008,0.093554,-0.00892,-0.000543,0.00457,-0.080629,0.00571,0.094529,0.000522,-0.088601,0.089591,-0.09085,-0.005951,-0.005761,3,1,2,4,7,5,11,10,13,9,6,12,8,14,16,15,17
2020-12-15,0.292316,0.284387,0.135578,-0.135824,-0.005322,0.000832,0.146125,-0.016018,-0.003508,0.007087,-0.123126,0.00832,0.15049,0.004655,-0.138609,0.140286,-0.141826,-0.008769,-0.009723,3,1,2,4,8,5,12,10,13,9,6,11,7,14,16,15,17
2020-12-16,0.020765,0.017845,-0.002154,0.000842,-0.001586,0.004749,-0.005563,0.007863,0.008134,-0.002018,-0.003523,0.002197,-0.012631,-0.010616,0.006924,-0.007368,0.006863,-0.001712,0.00178,15,17,14,12,5,6,7,9,2,1,11,10,16,13,3,8,4
2020-12-17,0.004201,0.003312,-0.000886,0.001764,0.00082,-0.000509,-0.000953,-0.000961,-0.001042,0.000473,0.00316,-0.000473,0.000729,0.002056,0.001073,-0.000165,0.001277,0.00092,-6e-06,11,8,15,14,13,12,10,7,16,17,9,6,2,1,5,3,4
2020-12-18,0.158018,0.154537,0.076332,-0.077777,-0.005069,0.004809,0.08024,-0.002358,0.003649,0.002969,-0.076376,0.007177,0.075468,-0.006445,-0.075227,0.074682,-0.077419,-0.007205,-0.004457,4,3,1,2,6,5,10,11,9,7,8,13,12,15,14,17,16
2020-12-21,0.210577,0.20632,0.099657,-0.100045,-0.003989,0.001541,0.105319,-0.010517,-0.002892,0.00574,-0.089945,0.006041,0.108336,0.001585,-0.100818,0.102201,-0.102241,-0.006663,-0.007518,3,1,2,4,8,5,12,10,13,9,6,11,7,14,16,15,17
2020-12-22,0.281299,0.274943,-0.13741,0.137142,0.008041,-0.009177,-0.144157,0.004481,-0.00617,-0.006552,0.133184,-0.014761,-0.135958,0.010212,0.133381,-0.134571,0.136779,0.011212,0.006446,14,15,17,16,12,13,8,7,9,10,11,5,6,4,3,1,2
2020-12-23,0.046527,0.043784,0.019065,-0.020682,-0.000773,-0.001888,0.021196,-0.005286,-0.002935,0.001376,-0.01607,-0.000576,0.02455,0.002849,-0.021977,0.021334,-0.021613,-0.000825,-0.003179,2,1,3,4,10,7,12,8,13,11,6,9,5,14,17,15,16
2020-12-24,0.158344,0.156157,-0.076716,0.076969,0.004199,-0.001295,-0.080163,0.006352,0.000292,-0.003261,0.071751,-0.003968,-0.079065,0.002847,0.077376,-0.07595,0.078181,0.005989,0.005396,14,16,17,15,11,13,7,8,5,10,12,6,9,4,2,3,1
2020-12-28,0.109246,0.10716,0.05372,-0.053563,-0.003465,0.002769,0.055203,-0.002738,0.000634,0.002094,-0.051016,0.004584,0.053034,-0.003215,-0.051917,0.052353,-0.054042,-0.004892,-0.003269,4,3,1,2,6,5,11,12,9,8,7,13,10,14,15,16,17
2020-12-29,0.289231,0.282111,0.142338,-0.138153,-0.006557,0.007388,0.147326,-0.007362,0.003093,0.007698,-0.131715,0.012818,0.14094,-0.005074,-0.135673,0.139948,-0.141904,-0.00962,-0.006538,4,3,1,2,7,5,10,11,12,8,6,13,9,14,15,16,17
2020-12-30,0.14257,0.139645,0.068422,-0.067018,-0.002258,-8.9e-05,0.072419,-0.006959,-0.000834,0.004457,-0.060587,0.00308,0.073316,-9.9e-05,-0.069254,0.067603,-0.068507,-0.003479,-0.004449,4,1,2,3,7,6,12,10,13,9,5,11,8,14,17,15,16
2021-01-04,0.260073,0.255697,-0.126268,0.124014,0.004164,-0.002663,-0.13336,0.009627,0.000125,-0.008442,0.113767,-0.00943,-0.131362,0.001471,0.125375,-0.125335,0.126713,0.007475,0.007248,14,16,17,15,11,13,7,8,5,10,12,6,9,4,2,3,1
2021-01-05,0.078351,0.074483,-0.035475,0.038951,0.005831,-0.006544,-0.036104,-0.002776,-0.002024,-0.000247,0.042247,-0.012746,-0.021481,0.010506,0.027419,-0.034421,0.036249,0.005531,0.001674,15,14,17,16,12,13,8,6,11,10,9,7,5,1,4,2,3
2021-01-06,0.260977,0.255064,-0.126576,0.121974,0.004203,0.001695,-0.134138,0.009625,0.000809,-0.006474,0.112205,-0.006636,-0.131605,0.00047,0.126839,-0.124203,0.124061,0.005753,0.005768,14,16,17,15,9,13,6,8,5,10,12,7,11,4,1,3,2
2021-01-07,0.550163,0.537925,-0.266566,0.258124,0.009212,0.005009,-0.282535,0.018767,0.002832,-0.012605,0.237009,-0.014073,-0.27749,0.005296,0.267628,-0.259509,0.261431,0.01363,0.011854,14,16,17,15,10,13,7,8,5,11,12,6,9,4,1,3,2
2021-01-08,0.055156,0.05075,0.022452,-0.024247,-0.00489,0.001708,0.026448,-0.000168,0.000451,-0.000755,-0.028708,0.005383,0.017329,-0.005446,-0.021793,0.025634,-0.02476,-0.002063,-0.001644,2,4,1,3,6,5,10,12,8,7,9,11,13,17,14,15,16
2021-01-12,0.283816,0.275735,0.139453,-0.135058,-0.007693,0.006018,0.148163,-0.00587,0.00063,0.007032,-0.128254,0.014057,0.13136,-0.004637,-0.131564,0.137314,-0.135652,-0.00769,-0.004326,3,4,1,2,7,5,9,13,11,8,6,12,10,14,15,16,17
2021-01-13,0.640748,0.625137,-0.314869,0.309518,0.015956,-0.009228,-0.329945,0.019474,0.003357,-0.015884,0.282796,-0.024626,-0.303239,0.007149,0.305151,-0.305124,0.310804,0.021487,0.014219,15,14,17,16,11,13,8,7,6,10,12,5,9,4,3,2,1
2021-01-14,0.3602,0.348995,0.176813,-0.174331,-0.007898,0.006804,0.185765,-0.008465,-0.000983,0.008467,-0.160716,0.01532,0.16729,-0.004289,-0.168351,0.167089,-0.174435,-0.010446,-0.005472,4,3,1,2,7,5,10,11,12,8,6,13,9,14,15,16,17
2021-01-15,0.431472,0.417486,-0.210281,0.209617,0.008354,-0.007731,-0.221855,0.008929,4.8e-05,-0.010736,0.191279,-0.016546,-0.2022,0.005575,0.202585,-0.19674,0.205919,0.012183,0.006208,14,15,17,16,11,13,8,7,6,10,12,5,9,4,3,1,2
2021-01-19,0.300999,0.295363,0.148754,-0.146883,-0.00531,0.004532,0.154115,-0.008899,-0.002569,0.00848,-0.128721,0.009824,0.146233,-0.000517,-0.145352,0.136223,-0.14475,-0.010375,-0.00511,4,3,1,2,7,5,10,11,12,9,6,13,8,14,16,17,15
2021-01-20,0.13348,0.127729,0.064447,-0.064575,-0.002886,0.002614,0.068905,-0.001787,0.00051,0.002931,-0.060839,0.005766,0.060784,-0.003001,-0.061428,0.061011,-0.062821,-0.003124,-0.001479,3,4,1,2,7,5,9,11,10,8,6,13,12,14,15,17,16
2021-01-21,0.236832,0.226206,0.112631,-0.114274,-0.005283,0.005638,0.122558,-0.000659,0.002458,0.004551,-0.111142,0.011675,0.105128,-0.007569,-0.106203,0.108354,-0.10966,-0.003813,-0.001311,3,4,1,2,6,5,10,12,9,8,7,11,13,16,14,17,15
2021-01-22,0.416046,0.405251,0.203155,-0.20316,-0.007266,0.004858,0.212885,-0.010945,-0.002549,0.010849,-0.17979,0.013952,0.199202,-0.000434,-0.199899,0.188447,-0.19745,-0.013357,-0.005907,4,3,1,2,7,5,10,11,12,9,6,13,8,14,16,17,15
2021-01-25,0.027914,0.025958,0.012835,-0.012826,-0.000144,-0.001058,0.01187,-0.003015,-0.001424,0.002142,-0.008377,0.000107,0.013675,0.002107,-0.014239,0.011233,-0.01243,-0.001563,-0.001656,4,1,3,2,9,7,12,8,13,10,5,11,6,14,17,16,15
2021-01-26,0.639249,0.615966,0.309564,-0.310766,-0.011817,0.010325,0.328483,-0.011036,-0.001145,0.015041,-0.283388,0.024803,0.296054,-0.008292,-0.299359,0.288323,-0.303672,-0.01863,-0.00697,4,3,1,2,7,5,9,12,11,8,6,13,10,14,15,17,16
2021-01-27,0.240325,0.233292,0.117144,-0.116618,-0.003867,0.00368,0.123708,-0.006381,-0.001082,0.007215,-0.103116,0.008727,0.114249,-0.000114,-0.114152,0.108937,-0.114005,-0.006923,-0.003444,4,3,1,2,7,5,10,11,12,9,6,13,8,14,16,17,15
2021-01-28,0.487518,0.459039,-0.227078,0.226638,0.014186,-0.017962,-0.256618,-0.002232,-0.003926,0.00473,0.230901,-0.020948,-0.212925,0.018438,0.209057,-0.212621,0.222959,0.013155,-0.004814,14,15,17,16,12,13,11,6,9,10,8,7,5,1,4,2,3
2021-01-29,0.048902,0.039638,0.017909,-0.017845,-0.003065,0.00406,0.022882,0.002427,0.002668,-0.003475,-0.02602,0.004245,0.016468,-0.004283,-0.015749,0.016655,-0.017602,-0.00149,0.00018,3,4,1,2,6,5,9,11,8,7,12,10,13,17,14,16,15
2021-02-01,0.163364,0.141239,-0.069195,0.065203,0.007496,-0.010346,-0.079588,-0.003745,-0.008668,0.001004,0.083776,-0.009081,-0.063608,0.006014,0.061236,-0.057134,0.062346,0.003049,-0.003628,14,15,17,16,13,12,9,5,10,11,8,7,6,1,4,2,3
2021-02-02,0.044101,0.039534,-0.018153,0.018883,-0.00418,0.004602,-0.015252,0.006686,0.005567,-0.001659,0.003978,0.00402,-0.018366,-0.004142,0.0204,-0.023702,0.019097,0.000938,8.3e-05,17,16,14,15,6,7,10,13,4,5,11,9,12,8,1,3,2
2021-02-03,0.026091,0.02017,0.007328,-0.013749,-0.008196,0.005108,0.012342,0.004765,0.004659,0.001025,-0.009125,0.009769,0.007038,-0.003086,-0.005375,0.006537,-0.006146,-0.000175,-0.002697,5,4,1,3,6,2,11,15,7,8,9,10,12,16,13,17,14
2021-02-04,0.314281,0.303388,-0.152576,0.153168,0.010151,-0.004012,-0.161113,0.010546,0.002656,-0.007354,0.135152,-0.010108,-0.147049,0.003755,0.148528,-0.142617,0.147729,0.008852,0.005589,14,15,17,16,11,13,8,6,5,10,12,7,9,4,2,1,3
2021-02-05,0.20712,0.196559,0.097989,-0.10055,-0.0109,0.005048,0.10657,-0.002758,0.00246,0.006794,-0.088634,0.012117,0.095887,-0.003764,-0.094784,0.092986,-0.093897,-0.004944,-0.004254,4,3,1,2,7,5,11,13,9,8,6,12,10,14,16,17,15
2021-02-08,0.016697,0.015622,0.007209,-0.008638,-0.005337,0.001366,0.008059,0.001742,0.002727,0.001412,-0.007893,0.004518,0.006185,-0.001986,-0.00687,0.007719,-0.007348,-0.00017,-0.00209,2,4,1,3,9,5,12,13,7,6,8,10,11,16,14,17,15
2021-02-09,0.229005,0.22231,-0.110061,0.111407,0.003597,0.000302,-0.117598,0.009792,0.004209,-0.002213,0.09892,-0.003112,-0.111532,0.00146,0.110147,-0.104161,0.106185,0.008081,0.00302,14,16,17,15,11,13,9,8,5,7,12,6,10,4,2,1,3
2021-02-10,0.113956,0.110261,0.053756,-0.055473,-0.001596,-0.000351,0.058484,-0.004784,-0.002373,0.000622,-0.049616,-0.000171,0.054967,-0.00109,-0.055137,0.051193,-0.052967,-0.003744,-0.00199,4,2,1,3,7,6,10,9,13,11,5,12,8,14,16,17,15
2021-02-12,0.064008,0.06231,-0.031187,0.030933,0.000874,-0.001336,-0.033075,0.000476,-0.00096,-0.001627,0.027941,-0.001993,-0.032296,-4.5e-05,0.030388,-0.031025,0.02905,0.000445,0.000713,14,16,17,15,11,13,6,5,7,10,12,8,9,4,2,1,3
2021-02-16,0.133504,0.131022,-0.065466,0.065436,0.001064,-0.000892,-0.068068,0.004888,0.003139,-0.001605,0.054423,-0.002967,-0.064213,0.001662,0.064011,-0.066386,0.0637,0.005524,0.001473,16,14,17,15,11,13,9,10,6,7,12,5,8,4,2,1,3
2021-02-17,0.49871,0.489941,-0.238765,0.253978,0.014797,-0.00439,-0.244732,0.011019,0.000965,-0.006086,0.225585,-0.009381,-0.243178,0.00906,0.244118,-0.243417,0.2404,0.013252,0.015411,16,15,17,14,11,13,5,6,8,10,12,7,9,4,2,1,3
2021-02-18,0.050679,0.049572,-0.024429,0.025627,0.000667,-0.000126,-0.025052,0.001681,0.000742,-0.000508,0.022083,-0.000861,-0.024476,0.000554,0.024529,-0.024249,0.024604,0.002072,0.000996,14,16,17,15,11,13,7,9,6,8,12,5,10,4,3,1,2
2021-02-19,0.203076,0.196805,0.097275,-0.10118,-0.000965,-0.000746,0.101897,-0.008461,-0.005808,0.000173,-0.085783,0.000374,0.097253,-0.001861,-0.096967,0.096731,-0.095845,-0.008497,-0.00014,4,3,1,2,8,5,7,9,12,11,6,13,10,14,16,17,15
2021-02-22,1.064473,1.041447,-0.505448,0.537403,0.020782,-0.010101,-0.527071,0.020816,0.002176,-0.012365,0.471784,-0.026553,-0.526136,0.00478,0.512945,-0.511974,0.508813,0.028473,0.017719,15,16,17,14,11,13,8,7,6,10,12,5,9,4,2,1,3
2021-02-24,0.862919,0.848167,-0.414317,0.432115,0.018707,-0.00311,-0.427341,0.013636,0.001216,-0.00379,0.388448,-0.022443,-0.430804,0.003304,0.418187,-0.422511,0.413543,0.019714,0.013383,15,17,16,14,11,13,8,6,7,10,12,5,9,4,2,1,3
2021-02-25,0.364715,0.355257,-0.176567,0.180597,0.006053,0.003325,-0.184118,0.012059,0.009544,0.0022,0.153644,-0.001978,-0.179231,0.005479,0.173483,-0.177539,0.170804,0.016683,-3.1e-05,15,16,17,14,10,13,12,8,6,7,11,5,9,4,2,1,3
2021-02-26,0.148566,0.131813,-0.056745,0.056115,0.009686,-0.014597,-0.050111,-0.010779,-0.006592,-0.007199,0.082938,-0.006711,-0.065627,-0.010264,0.067551,-0.055824,0.066754,-0.020235,0.010597,15,17,14,16,12,8,5,6,11,7,9,13,10,1,2,4,3
2021-03-01,0.125343,0.116077,0.059961,-0.061035,0.001788,-0.005881,0.064308,-0.006611,-0.006925,0.00186,-0.03408,0.002603,0.054657,-0.007161,-0.051044,0.058447,-0.053435,-0.011482,0.000953,3,4,1,2,9,5,8,7,10,11,6,13,12,14,15,17,16
2021-03-02,0.353234,0.342993,0.159808,-0.170152,-0.011372,0.016618,0.16504,0.001463,0.001105,0.000579,-0.175155,0.007,0.176751,0.00741,-0.176483,0.165343,-0.170207,0.00553,-0.008092,2,1,3,4,5,7,12,13,9,10,11,8,6,16,17,14,15
2021-03-03,0.159031,0.156096,-0.072675,0.079529,0.002441,-0.005162,-0.076797,0.001493,0.002479,1e-05,0.07566,-0.003945,-0.079502,0.0001,0.078455,-0.076492,0.077514,0.000834,0.004724,15,17,16,14,13,12,5,7,8,6,11,9,10,4,2,1,3
2021-03-04,0.570906,0.559599,-0.265654,0.288699,0.009675,-0.011652,-0.278058,0.009101,0.013371,0.000275,0.26026,-0.011994,-0.282207,0.00384,0.278694,-0.273502,0.277637,0.010094,0.014785,15,17,16,14,12,13,5,8,9,6,11,7,10,4,2,1,3
2021-03-05,0.173437,0.168195,-0.073137,0.085663,0.005613,-0.005292,-0.077428,0.003685,0.006352,0.002893,0.086023,-0.005335,-0.084152,-0.000357,0.089285,-0.082034,0.08498,0.000432,0.008786,16,17,15,14,12,13,5,7,8,6,9,10,11,2,1,3,4
2021-03-08,0.391858,0.384462,0.176649,-0.190544,-0.002475,0.015779,0.189466,-0.000969,-0.004845,0.002693,-0.183249,0.021397,0.198963,0.005526,-0.192895,0.193579,-0.187939,0.00085,-0.014702,2,1,3,4,6,5,13,11,10,12,8,9,7,14,17,16,15
2021-03-09,0.294355,0.287869,-0.145552,0.148758,0.004074,-0.001772,-0.144904,0.004,0.00845,-0.000955,0.126128,-0.003595,-0.145597,0.003371,0.139438,-0.136755,0.139359,0.00906,0.00506,14,17,15,16,12,13,7,8,9,6,11,5,10,4,2,1,3
2021-03-10,0.669558,0.656378,0.318249,-0.333998,-0.011411,0.00673,0.329491,-0.009917,-0.020674,-0.001977,-0.298783,0.011674,0.33556,-0.006504,-0.328247,0.315336,-0.32359,-0.018987,-0.021144,4,1,2,3,6,5,13,10,9,12,7,11,8,14,16,17,15
2021-03-11,0.275364,0.258666,-0.137478,0.137886,0.002228,0.001483,-0.12981,0.004274,0.011753,0.00025,0.112003,0.002204,-0.125989,0.006705,0.121924,-0.116908,0.12291,0.009454,-0.001776,14,15,16,17,11,10,13,9,8,5,12,6,7,4,3,1,2
2021-03-12,0.130071,0.123929,0.053079,-0.062824,-0.002129,0.001195,0.060369,-0.001982,-0.005593,-0.00256,-0.059781,0.003075,0.066316,-0.000722,-0.063755,0.057736,-0.060787,-0.003334,-0.005488,3,1,2,4,6,5,12,9,8,13,10,11,7,14,17,16,15
2021-03-15,0.011417,0.007628,-0.005599,-2.3e-05,0.000286,0.001008,0.000715,-0.000295,0.001261,-0.000149,-0.003304,0.002787,0.005818,0.001861,-0.003394,0.001982,-0.001469,0.000703,-0.003098,3,1,7,17,6,2,14,9,12,5,11,8,4,15,16,10,13
2021-03-16,0.507836,0.493396,0.241349,-0.250677,-0.003096,0.006554,0.25138,-0.00199,-0.017502,-0.004647,-0.229373,0.006447,0.257158,-0.004006,-0.243263,0.231817,-0.23636,-0.009834,-0.008449,4,1,2,3,5,6,11,8,7,13,10,12,9,14,16,17,15
2021-03-17,0.562405,0.546747,0.282002,-0.280403,-0.002962,0.004453,0.278965,0.000701,-0.01991,-0.00797,-0.252614,0.00063,0.277492,-0.007104,-0.265278,0.257543,-0.256102,-0.010567,-0.001758,4,3,2,1,5,7,8,9,6,13,11,12,10,14,16,17,15
2021-03-18,0.397902,0.387364,-0.194763,0.198928,0.002202,-0.003659,-0.197475,0.000756,0.014093,0.005487,0.178382,-0.004045,-0.198974,0.002889,0.188826,-0.183894,0.183126,0.008151,0.001873,14,17,16,15,12,13,10,9,11,5,7,6,8,4,2,1,3
2021-03-19,0.033021,0.021365,0.022428,-0.010593,-0.000384,-0.002652,0.009434,-0.001218,-0.003693,-0.001261,-0.003145,-0.005841,0.000119,-0.003289,-0.003722,0.00554,-0.007376,-0.002085,0.008422,4,5,2,1,10,15,3,6,7,13,8,9,12,11,14,17,16
2021-03-22,0.524232,0.512052,0.261555,-0.261878,-0.002237,0.003337,0.261519,-0.002941,-0.017262,-0.006176,-0.234498,0.003379,0.262353,-0.003956,-0.24829,0.241542,-0.240558,-0.009476,0.000145,4,1,3,2,6,5,7,8,9,13,11,12,10,14,16,17,15
2021-03-23,0.624617,0.605427,0.301076,-0.308756,-0.002535,0.004883,0.307515,-0.003729,-0.019559,-0.008507,-0.281451,0.00714,0.315861,-0.003127,-0.296889,0.285651,-0.286184,-0.011782,-0.0046,4,1,2,3,6,5,10,7,9,13,11,12,8,14,16,17,15
2021-03-24,0.526204,0.509547,0.266148,-0.260057,-0.000968,0.001667,0.260683,-0.003025,-0.016837,-0.00747,-0.233327,-0.002184,0.25912,-0.004512,-0.245277,0.237504,-0.237355,-0.01063,0.004887,4,3,2,1,6,8,5,7,9,13,11,12,10,14,16,17,15
2021-03-25,0.398916,0.385008,-0.190264,0.195433,0.002392,-0.001116,-0.193097,0.005068,0.012402,0.008457,0.17978,-0.004237,-0.203483,0.002388,0.188473,-0.181116,0.184276,0.009303,0.00388,14,17,16,15,12,13,9,10,8,5,7,6,11,4,2,1,3
2021-03-26,0.047407,0.038383,-0.026892,0.020516,0.000186,0.000909,-0.018974,2.1e-05,0.004054,0.000264,0.015131,0.003834,-0.012487,0.00378,0.017371,-0.014963,0.016433,0.000979,-0.003801,15,14,16,17,9,6,13,11,12,5,10,8,7,4,2,1,3
2021-03-29,0.065823,0.055411,0.007968,-0.021453,-0.000213,0.00357,0.023319,-0.002424,0.005267,-0.001959,-0.028066,0.007716,0.037757,0.005049,-0.025787,0.025768,-0.025535,-0.001595,-0.009029,2,1,3,4,8,5,13,9,12,6,11,10,7,17,16,14,15
2021-03-30,0.606086,0.588654,0.295911,-0.297121,0.000384,0.004199,0.298513,-0.003605,-0.017116,-0.011535,-0.275851,0.008717,0.308965,-0.004722,-0.285051,0.278134,-0.2804,-0.01241,0.001222,4,1,2,3,6,5,7,8,9,13,11,12,10,14,16,17,15
2021-03-31,0.376479,0.363165,-0.177109,0.183249,-0.000154,-0.003995,-0.184895,0.002261,0.008342,0.006462,0.171619,-0.007729,-0.19323,0.001606,0.175778,-0.174867,0.175233,0.011168,0.00268,14,17,16,15,12,13,8,11,9,6,7,5,10,4,2,1,3
2021-04-01,0.478182,0.465642,0.234102,-0.237131,-0.001164,0.002919,0.236123,-0.004227,-0.015017,-0.009226,-0.217928,0.005002,0.241051,-0.005655,-0.22344,0.220369,-0.22508,-0.013945,0.000147,4,1,2,3,6,5,7,8,9,13,11,12,10,14,15,17,16
2021-04-05,0.424648,0.414778,-0.214496,0.210152,-0.000382,-0.003143,-0.211574,9.8e-05,0.012498,0.005781,0.191384,-0.003499,-0.212387,0.005202,0.197537,-0.195956,0.198188,0.009858,-0.005106,14,16,15,17,11,12,13,10,9,5,7,6,8,4,3,1,2
2021-04-06,0.596186,0.574024,0.278035,-0.28762,-0.002644,0.004958,0.29306,0.000148,-0.010143,-0.014223,-0.276923,0.011676,0.308565,-0.001756,-0.273662,0.275962,-0.277867,-0.018259,-0.003152,4,1,2,3,6,5,10,9,7,11,12,13,8,15,14,17,16
2021-04-07,0.0924,0.090179,0.046649,-0.045042,-0.000236,0.000374,0.045659,0.000326,-0.002168,-0.001958,-0.042835,0.000257,0.047358,-0.000982,-0.042854,0.043307,-0.042976,-0.002551,0.000871,4,1,3,2,6,8,5,9,7,12,11,13,10,14,15,17,16
2021-04-08,0.109572,0.105844,0.056249,-0.053323,-0.00085,1.9e-05,0.0526,5.8e-05,-0.003963,-0.002972,-0.050628,-0.00198,0.053805,-0.002503,-0.050928,0.050683,-0.050569,-0.003408,0.002194,4,2,3,1,7,9,5,8,6,13,11,12,10,15,16,17,14
2021-04-09,0.325407,0.315998,0.160445,-0.158576,-0.002153,0.001913,0.157816,-0.000547,-0.007412,-0.007585,-0.151969,0.001576,0.166831,-0.002318,-0.150918,0.152802,-0.152356,-0.00938,0.000887,4,1,3,2,5,6,7,9,8,11,12,13,10,15,14,17,16
2021-04-12,0.075294,0.072261,0.032971,-0.035722,-0.000252,0.000815,0.036228,-0.00028,-0.000282,-0.001419,-0.035208,0.003272,0.039572,0.000827,-0.034012,0.034915,-0.035137,-0.002043,-0.002006,3,1,2,4,7,5,12,8,9,10,11,13,6,16,14,17,15
2021-04-13,0.007193,0.006842,0.003632,-0.002633,0.000771,0.000942,0.004194,0.000743,0.000812,0.000694,-0.002547,0.001286,0.004559,0.000974,-0.002416,0.003995,-0.002599,0.000567,0.00044,3,1,2,4,7,5,13,9,10,8,11,12,6,15,14,17,16
2021-04-14,0.309798,0.300096,0.148238,-0.150913,-0.003361,-0.00281,0.148323,-0.001791,-0.007642,-0.009783,-0.147916,0.000756,0.158885,-0.00488,-0.146013,0.143057,-0.145935,-0.0086,-0.00086,4,1,2,3,8,5,6,9,7,11,13,12,10,16,15,17,14
2021-04-15,0.292089,0.281106,-0.136455,0.140453,0.002569,0.002286,-0.141268,0.001248,0.006115,0.007871,0.137456,-0.002218,-0.151635,0.003898,0.136051,-0.133851,0.135812,0.007513,0.001768,14,17,16,15,10,13,11,9,12,7,5,6,8,2,3,1,4
2021-04-16,0.44176,0.424191,0.200124,-0.210291,-0.002623,-0.001453,0.213908,-0.002222,-0.007657,-0.009981,-0.207389,0.009756,0.231469,-0.002181,-0.199853,0.202589,-0.206926,-0.011236,-0.007281,3,1,2,4,6,5,10,9,8,11,12,13,7,16,14,17,15
2021-04-19,0.164248,0.15853,0.076353,-0.077306,-0.000167,0.000148,0.08085,9.9e-05,-0.001892,-0.003153,-0.077285,0.004063,0.086942,-0.000429,-0.073887,0.076618,-0.07659,-0.003366,-0.002024,3,1,2,4,6,5,11,8,7,10,12,13,9,16,14,17,15
2021-04-20,0.124082,0.118626,-0.052906,0.057662,0.000795,-0.000464,-0.060132,0.000676,0.001213,0.002639,0.058543,-0.005595,-0.065539,-0.00085,0.0551,-0.055805,0.058196,0.003805,0.0046,15,17,16,14,11,13,5,9,10,8,7,6,12,1,4,3,2
2021-04-21,0.639484,0.623249,0.317301,-0.30452,-0.001227,-0.005077,0.312504,0.000296,-0.013434,-0.016116,-0.301874,-0.001504,0.334964,-0.012407,-0.29251,0.302524,-0.298584,-0.010705,0.003427,4,1,3,2,9,8,5,7,6,12,13,10,11,16,14,17,15
2021-04-22,0.246236,0.242069,-0.127108,0.117707,0.001319,0.002394,-0.119818,1.8e-05,0.006666,0.007146,0.116374,0.00671,-0.128529,0.008367,0.114916,-0.117354,0.116672,0.00411,-0.003125,14,17,15,16,10,7,13,11,12,8,6,9,5,3,4,1,2
2021-04-23,0.091247,0.084417,0.050275,-0.039612,-0.000116,-0.0008,0.03758,0.000942,-0.002749,-0.002316,-0.037293,-0.011469,0.041221,-0.00877,-0.040973,0.04301,-0.038161,-0.000125,0.006322,2,3,4,1,9,13,5,7,6,11,10,8,12,14,17,16,15
2021-04-26,0.310827,0.304356,-0.158081,0.148898,0.001658,-0.000791,-0.152966,-0.001266,0.005126,0.006157,0.143954,0.006543,-0.161928,0.010278,0.14477,-0.14974,0.146425,0.004279,-0.004084,14,17,15,16,11,6,13,10,12,8,7,9,5,4,3,1,2
2021-04-27,0.384331,0.370825,-0.184086,0.180949,0.000181,0.0013,-0.186073,-0.001217,0.005638,0.007633,0.179405,-0.004974,-0.203381,0.004079,0.17399,-0.179761,0.178579,0.006018,0.00168,14,17,16,15,10,13,9,11,12,7,5,6,8,2,4,1,3
2021-04-28,0.320372,0.310436,-0.150648,0.152849,-4.3e-05,0.001104,-0.155238,-0.001073,0.004557,0.00761,0.153008,-0.002471,-0.167364,0.005204,0.147327,-0.148788,0.152203,0.005701,0.003861,14,17,16,15,10,13,9,11,12,8,5,6,7,1,4,2,3
2021-04-30,0.348816,0.338683,-0.165292,0.166787,-0.000846,0.000435,-0.170209,-0.002391,0.006392,0.008881,0.164946,-0.000898,-0.181628,0.007305,0.158969,-0.162434,0.167189,0.006634,0.001647,14,17,16,15,10,12,9,11,13,8,5,7,6,3,4,2,1
2021-05-06,0.356502,0.350966,0.17858,-0.171984,0.00031,0.00205,0.175514,0.00358,-0.002311,-0.006829,-0.171846,-0.005359,0.184518,-0.010648,-0.16654,0.172341,-0.170457,-0.005836,0.000223,4,1,3,2,6,10,8,7,5,9,12,11,13,16,14,17,15
2021-05-07,0.143464,0.136561,0.061439,-0.065043,0.004001,-0.000649,0.071565,0.000346,-0.004946,-0.005431,-0.064464,0.00683,0.075965,0.003167,-0.059789,0.065148,-0.067499,-0.003197,0.001028,3,1,2,4,10,5,8,6,9,12,13,11,7,15,14,16,17
2021-05-10,0.169101,0.1654,-0.086311,0.08279,0.00231,-0.002741,-0.082785,-0.003604,-0.002572,-0.000442,0.079465,0.002674,-0.086278,0.00726,0.07857,-0.081624,0.078221,0.000759,0.000758,14,16,15,17,12,6,9,7,13,11,10,8,5,2,3,1,4
2021-05-11,0.126296,0.124021,0.066093,-0.060195,-0.00016,0.004119,0.062908,0.004859,0.004415,0.002452,-0.058205,-0.000283,0.066101,-0.004073,-0.058203,0.063265,-0.058119,0.000118,0.000708,3,1,4,2,7,12,9,11,5,6,8,10,13,16,15,17,14
2021-05-12,0.062948,0.053903,0.031589,-0.028985,-0.009128,0.002942,0.020859,0.004132,0.008037,0.007009,-0.024662,-0.008499,0.017509,-0.013739,-0.031358,0.024255,-0.023849,-0.001338,-0.004357,2,4,3,1,8,11,10,12,7,5,6,9,13,15,17,16,14
2021-05-13,0.248503,0.230063,-0.092286,0.107495,-0.013493,0.00216,-0.116729,0.007027,0.024039,0.018347,0.110391,-0.015512,-0.131436,-0.011583,0.094109,-0.107071,0.117068,0.007373,-0.005095,15,17,16,14,9,13,10,12,8,5,6,7,11,2,4,3,1
2021-05-14,0.392355,0.372787,0.17097,-0.174614,0.009395,0.004243,0.188626,-0.004032,-0.010612,-0.008984,-0.181146,0.008515,0.206209,0.001405,-0.160362,0.181619,-0.186146,-0.012793,0.006439,3,1,2,4,8,6,7,5,10,12,11,13,9,16,14,15,17
2021-05-17,0.223421,0.213378,-0.116094,0.105522,0.003914,0.000467,-0.102576,-0.011474,-0.009249,0.002279,0.099863,0.000848,-0.10834,0.009207,0.107327,-0.102987,0.098056,-0.003767,0.004013,15,16,14,17,10,9,6,7,13,12,8,11,5,3,1,2,4
2021-05-18,0.470344,0.456742,-0.225601,0.222472,-0.001819,-0.003448,-0.227264,-0.002037,0.006481,0.009876,0.226079,0.000586,-0.244265,0.00671,0.210773,-0.224852,0.224545,0.009081,-0.002124,14,17,16,15,13,9,12,10,11,8,5,6,7,1,4,3,2
2021-05-19,0.38019,0.373999,0.193326,-0.185615,-0.003521,-0.001187,0.182948,0.009247,0.005922,-0.007196,-0.183497,-0.002805,0.194575,-0.011301,-0.182035,0.18216,-0.180582,-0.001658,-0.00263,4,1,3,2,7,10,9,11,5,6,12,8,13,16,15,17,14
2021-05-20,0.424912,0.418861,0.212961,-0.207108,-0.003654,-0.001207,0.206676,0.00935,0.004038,-0.008502,-0.207295,-0.001971,0.217617,-0.011495,-0.204546,0.207058,-0.204054,-0.003096,-0.000275,3,1,4,2,8,9,7,11,5,6,12,10,13,17,15,16,14
2021-05-21,0.493359,0.475898,0.228969,-0.230196,0.00213,0.002993,0.239696,-0.005115,-0.012301,-0.012122,-0.236994,0.000568,0.256365,-0.004729,-0.217733,0.237337,-0.227105,-0.012826,0.001174,3,1,2,4,5,8,7,6,10,12,11,13,9,17,14,16,15
2021-05-24,0.096973,0.094389,-0.045741,0.046742,0.000801,0.000491,-0.046802,0.000632,0.00194,0.002967,0.047483,0.000631,-0.049491,0.002167,0.045053,-0.046484,0.046167,0.002381,0.000703,15,17,16,14,13,12,10,9,11,8,5,6,7,1,4,2,3
2021-05-25,0.138539,0.133563,-0.071223,0.064511,0.002836,0.00144,-0.065033,-0.007962,-0.008544,0.002061,0.064349,5.3e-05,-0.065864,0.004734,0.067315,-0.067428,0.061795,-0.004856,0.000266,16,15,14,17,8,10,9,6,12,13,7,11,5,3,1,2,4
2021-05-26,0.12912,0.12464,0.064838,-0.062557,-0.004086,-0.002934,0.060153,0.005621,0.00666,-0.003241,-0.060853,-0.001103,0.058963,-0.005607,-0.064283,0.061235,-0.059796,0.002419,-0.00138,2,4,3,1,10,8,9,12,6,5,11,7,13,15,17,16,14
2021-05-27,0.271394,0.267202,-0.132476,0.132287,-0.00066,-1.9e-05,-0.134584,-0.001481,-0.000555,0.006111,0.132571,-0.001377,-0.138823,0.002301,0.12593,-0.133755,0.129586,0.003381,-0.001926,15,17,16,14,8,11,13,10,12,9,5,6,7,1,4,2,3
2021-05-28,0.51197,0.497696,-0.246361,0.245023,-0.000423,0.003277,-0.247948,-0.001082,-0.001556,0.014881,0.253133,0.00113,-0.258837,-0.000141,0.235113,-0.247979,0.240169,0.006705,-0.005489,16,17,15,14,7,8,13,10,11,12,5,6,9,1,4,2,3
2021-06-01,0.090157,0.087712,0.043732,-0.042696,0.000704,-8e-05,0.04415,0.000421,0.000155,-0.002031,-0.044082,0.000484,0.046075,0.000656,-0.040552,0.044052,-0.042081,-0.000864,0.001309,3,1,2,4,11,8,5,6,9,10,13,12,7,17,14,16,15
2021-06-02,1.255251,1.219721,-0.607047,0.59702,-0.000714,0.009573,-0.610134,-0.004001,-0.003608,0.038326,0.623972,0.002629,-0.631279,-0.001592,0.574181,-0.609333,0.587427,0.014276,-0.014391,15,17,16,14,7,8,13,9,12,11,5,6,10,1,4,2,3
2021-06-03,0.065326,0.064164,-0.032183,0.031982,0.000316,0.001035,-0.032114,0.000261,-0.00106,0.002628,0.03268,-8.4e-05,-0.032646,0.000531,0.030707,-0.032172,0.03083,0.000616,-0.000204,15,17,14,16,6,11,12,9,10,13,5,7,8,1,4,2,3
2021-06-04,0.153315,0.15158,0.076722,-0.075705,-0.001114,-0.0027,0.075619,0.000363,0.004226,-0.006106,-0.076593,0.000256,0.076194,-0.002056,-0.073306,0.076219,-0.072109,-0.000786,-2.2e-05,2,3,4,1,12,7,8,10,6,5,13,9,11,17,15,16,14
2021-06-07,0.158714,0.153161,0.07235,-0.073998,0.000368,-0.000813,0.077561,-0.005619,-0.003342,-0.005315,-0.07841,-0.000159,0.080304,-0.001224,-0.067842,0.074439,-0.07477,-0.005971,-0.001302,3,1,2,4,7,6,9,5,12,10,11,13,8,17,14,15,16
2021-06-08,0.203374,0.201383,0.103665,-0.099195,-0.000814,-0.002228,0.102395,0.002203,0.006709,-0.006653,-0.099709,0.002478,0.101801,-0.001106,-0.096272,0.102912,-0.094355,4.6e-05,0.000872,2,4,3,1,12,6,8,10,7,5,13,9,11,17,15,16,14
2021-06-09,0.501066,0.487457,-0.242643,0.237293,-0.000984,0.001276,-0.247663,0.007237,-0.000683,0.01688,0.247992,-0.001908,-0.253074,0.001421,0.221178,-0.244546,0.231804,0.007982,-0.002442,15,17,16,14,9,12,13,11,7,10,5,6,8,1,4,2,3
2021-06-10,0.517173,0.507151,0.25681,-0.247985,-0.002815,-0.010339,0.260252,-0.002017,0.009326,-0.021431,-0.255411,0.003381,0.261762,-0.003141,-0.239232,0.253507,-0.239114,-0.004625,0.001581,4,1,2,3,12,6,7,9,8,5,13,11,10,17,15,16,14
2021-06-11,0.757587,0.739808,0.370648,-0.353787,-0.001066,-0.005714,0.3733,-0.015004,0.005266,-0.022472,-0.372334,0.005283,0.385252,-0.003108,-0.338162,0.378563,-0.356189,-0.016843,0.002329,2,1,3,4,10,5,7,8,11,6,13,12,9,17,14,15,16
2021-06-14,0.083518,0.081091,-0.040701,0.037845,-0.000822,-0.00045,-0.041311,0.001553,-0.000734,0.001458,0.040277,-0.001065,-0.043241,-0.000544,0.035648,-0.042092,0.038508,0.001446,-0.001029,16,17,15,14,8,13,12,11,5,10,6,7,9,1,4,3,2
2021-06-15,0.379577,0.375299,0.188326,-0.181983,-0.002679,-0.0058,0.190251,-0.005032,0.006937,-0.01213,-0.186701,0.003561,0.192782,-0.002542,-0.175918,0.192876,-0.181305,-0.008735,0.000367,1,2,3,4,11,6,7,9,10,5,13,12,8,17,14,16,15
2021-06-16,0.124797,0.12035,-0.059772,0.055275,-0.001607,-0.001959,-0.060892,0.003392,0.000866,0.001527,0.059938,-0.001623,-0.06486,-0.000939,0.051081,-0.062504,0.057581,0.00258,-0.001297,16,17,15,14,13,12,10,11,5,8,7,6,9,1,4,3,2
2021-06-17,0.350359,0.33677,-0.161569,0.154492,-0.003648,-0.006082,-0.167742,0.016222,0.009411,0.003772,0.169329,-0.001794,-0.18103,-0.000485,0.140127,-0.170155,0.167562,0.01123,-0.002433,16,17,15,14,13,10,11,12,5,7,8,6,9,1,4,3,2
2021-06-18,1.327746,1.317927,0.664459,-0.636613,-0.013191,-0.008476,0.673613,-0.0173,0.015931,-0.030392,-0.644253,0.018106,0.671557,-0.023432,-0.616603,0.677113,-0.650633,-0.03427,-0.010266,1,3,2,4,7,5,8,9,10,6,12,13,11,16,14,15,17
2021-06-21,0.177923,0.157267,-0.066692,0.065509,-0.00702,-0.011669,-0.074623,0.021273,0.018743,-0.000769,0.081438,-0.001885,-0.096486,-0.010335,0.046125,-0.074685,0.079059,0.008708,-0.007108,16,17,15,14,13,9,11,10,5,6,8,7,12,1,4,3,2
2021-06-22,0.468242,0.46327,-0.233245,0.225193,0.012772,0.0106,-0.24098,-0.002116,-0.018633,0.014182,0.204997,-0.014214,-0.219817,0.016107,0.227261,-0.236681,0.226448,0.015742,0.006851,16,14,17,15,9,12,10,8,11,13,7,6,5,4,1,3,2
2021-06-23,0.004627,0.004344,-0.002898,0.001701,0.000202,-0.000591,-0.002623,-0.001616,-0.001984,-6.1e-05,-0.000843,-0.001486,-0.000972,0.000983,0.001729,-0.002499,0.001581,-0.000238,0.000184,15,11,16,17,9,12,6,5,13,14,7,8,4,10,1,2,3
2021-06-24,0.292279,0.288649,-0.141699,0.140053,0.000283,-1.7e-05,-0.145794,0.005695,0.004014,0.004722,0.145358,-0.001327,-0.146921,0.001677,0.1344,-0.145014,0.142808,0.004543,0.000555,15,17,16,14,12,13,10,11,5,8,6,7,9,1,4,3,2
2021-06-25,0.049305,0.043386,0.019671,-0.019683,0.001089,-0.000213,0.020565,-0.002688,-0.003835,0.000432,-0.025117,-0.001428,0.024188,0.002437,-0.018778,0.020261,-0.020344,4.9e-05,0.001278,3,1,2,4,10,11,6,7,12,13,8,9,5,17,14,15,16
2021-06-28,0.078028,0.0716,0.034201,-0.032297,0.00195,0.000635,0.035973,-0.002081,-0.003418,0.001092,-0.038236,-0.000492,0.039792,0.003244,-0.030789,0.035112,-0.03339,0.000565,0.001993,3,1,2,4,9,11,6,7,12,13,8,10,5,17,14,15,16
2021-06-29,0.598775,0.59104,0.294287,-0.292392,-0.006956,-8.5e-05,0.304062,-0.004676,0.002065,-0.012543,-0.286526,0.00523,0.296986,-0.007524,-0.279092,0.298442,-0.294713,-0.009949,-0.002931,2,3,1,4,7,5,8,10,9,6,13,12,11,15,14,16,17
2021-06-30,0.141455,0.136258,-0.066861,0.064184,-0.001034,-0.001202,-0.069209,0.002845,0.001769,-0.000185,0.069294,0.000147,-0.072161,-0.001441,0.061794,-0.067976,0.06595,0.000194,-0.000996,15,17,16,14,12,8,10,11,5,6,9,7,13,1,4,3,2
2021-07-01,0.003229,0.002003,0.000414,-0.00074,6.3e-05,-0.000229,0.000454,-0.000757,-0.000901,9.7e-05,-0.002025,-0.000643,0.001204,0.000247,-0.00084,0.00025,-0.00101,-7.9e-05,-4.9e-05,4,1,2,3,10,11,8,7,13,15,6,9,5,17,14,12,16
2021-07-02,0.080738,0.078417,-0.038837,0.039999,0.003566,0.000399,-0.040112,-0.002589,-0.004666,0.004691,0.030426,-0.00314,-0.034831,0.004595,0.037372,-0.040739,0.038191,0.001823,0.00205,17,14,16,15,10,12,8,7,11,13,5,9,6,4,3,1,2
2021-07-06,0.358047,0.350851,0.175585,-0.170792,-0.000907,-5.1e-05,0.177941,-0.0076,-0.002012,-0.004937,-0.176313,-0.001044,0.181734,-0.000918,-0.168076,0.17729,-0.168483,-0.001527,-0.001389,3,1,2,4,5,8,9,6,13,11,12,10,7,17,14,16,15
2021-07-07,0.510559,0.501155,0.250265,-0.250537,-0.003501,0.002605,0.260022,-0.006144,0.004028,-0.009181,-0.228561,0.010475,0.246819,-0.008531,-0.240685,0.256601,-0.245353,0.001076,-0.003683,2,4,1,3,7,5,10,9,11,6,13,8,12,14,15,17,16
2021-07-08,0.265237,0.262661,0.129698,-0.129988,-0.000931,-0.000126,0.133872,-0.007699,-0.004996,-0.00348,-0.131112,-0.001108,0.134125,-0.002231,-0.128078,0.129853,-0.129032,-0.002279,-0.001609,3,1,2,4,5,7,8,6,13,12,11,10,9,17,14,16,15
2021-07-09,0.114885,0.108662,0.052894,-0.055524,-0.003643,0.000641,0.055833,0.00217,0.008664,-0.005558,-0.036274,0.008852,0.043917,-0.0062,-0.049402,0.059362,-0.052973,0.003145,-0.003151,1,4,2,3,9,5,10,11,8,6,12,7,13,14,15,17,16
2021-07-12,0.676868,0.66267,-0.328711,0.333876,0.00744,0.000184,-0.342991,0.008074,-0.007868,0.01226,0.296866,-0.016923,-0.321413,0.01367,0.316415,-0.339797,0.326219,-0.001106,0.006799,16,14,17,15,10,13,9,8,7,12,6,11,5,4,3,1,2
2021-07-13,0.207271,0.202244,-0.099619,0.10322,0.002387,0.001265,-0.104051,0.002841,-0.000363,0.003761,0.092131,-0.003259,-0.098717,0.004566,0.097057,-0.103192,0.099593,0.000703,0.001404,16,14,17,15,10,13,9,8,7,12,6,11,5,4,3,1,2
2021-07-14,0.392677,0.382044,0.18733,-0.195709,-0.004719,-0.002095,0.196969,-0.0042,0.002334,-0.006546,-0.171101,0.007578,0.184831,-0.009208,-0.182684,0.19537,-0.18807,-0.0001,-0.002798,2,4,1,3,8,5,9,11,10,6,12,7,13,14,15,17,16
2021-07-15,0.530243,0.523653,0.260943,-0.260406,-0.001175,-0.001201,0.269837,-0.00962,-0.004048,-0.008282,-0.24898,0.003983,0.269671,-0.006046,-0.251659,0.264575,-0.254812,-0.002809,-0.000939,3,2,1,4,8,5,6,7,13,10,12,9,11,14,15,17,16
2021-07-16,0.090267,0.088547,0.042936,-0.045559,-0.001637,-0.00132,0.044708,-0.002448,-0.000483,-0.002162,-0.040426,0.000873,0.042114,-0.00334,-0.04358,0.044516,-0.044342,-0.001047,-0.001509,2,4,1,3,8,5,9,10,12,6,11,7,13,14,15,17,16
2021-07-19,0.620992,0.609794,0.303423,-0.306368,-0.004001,-0.001471,0.314624,-0.011784,0.000163,-0.007988,-0.278945,0.009937,0.301464,-0.012269,-0.294894,0.310565,-0.299507,-0.00362,-0.003114,2,4,1,3,7,5,8,10,12,6,11,9,13,14,15,17,16
2021-07-20,0.3736,0.35628,0.174549,-0.185218,-0.006853,-0.002603,0.179387,0.000123,0.012485,-0.007226,-0.150667,0.012871,0.15498,-0.020494,-0.168274,0.188382,-0.173031,0.006977,-0.005182,1,4,2,3,9,5,10,11,8,6,12,7,13,14,15,17,16
2021-07-21,0.298268,0.284899,-0.138049,0.148609,0.004798,0.002821,-0.148112,-0.000804,-0.007711,0.005206,0.123348,-0.010102,-0.129161,0.011564,0.130727,-0.149659,0.13954,-0.005951,0.003279,17,14,16,15,9,13,8,7,10,12,6,11,5,4,3,1,2
2021-07-26,0.605997,0.593765,-0.292911,0.299124,0.003976,0.00237,-0.306873,0.012633,-7.1e-05,0.006358,0.277134,-0.008533,-0.295954,0.008642,0.286103,-0.301023,0.292218,0.004229,0.002222,16,15,17,14,10,13,11,9,5,12,7,8,6,4,3,1,2
2021-07-27,0.447616,0.439791,-0.217226,0.220701,0.002373,0.003274,-0.226915,0.011409,0.001802,0.003865,0.206559,-0.005187,-0.220748,0.006487,0.212563,-0.221769,0.216675,0.005959,0.002036,16,15,17,14,9,13,11,10,5,12,8,7,6,4,3,1,2
2021-07-28,0.204305,0.200673,0.099875,-0.100219,-0.001179,-0.001273,0.104087,-0.004857,-0.001036,-0.002208,-0.094312,0.003175,0.102168,-0.002643,-0.096365,0.100655,-0.098524,-0.001712,-0.000245,3,2,1,4,9,5,6,8,13,7,11,10,12,14,15,17,16
2021-07-29,0.232859,0.230241,-0.115295,0.112836,0.000566,0.000596,-0.118827,0.007242,0.002923,0.000983,0.109036,-0.001878,-0.120023,0.001985,0.111754,-0.114451,0.111988,0.003642,0.000655,14,17,16,15,11,13,10,12,5,7,9,6,8,4,3,1,2
2021-07-30,0.059749,0.057051,-0.027749,0.029593,0.000816,0.002031,-0.030156,-0.000117,-0.001175,0.003333,0.026382,-0.002913,-0.026969,0.000729,0.025451,-0.029417,0.027857,-0.00207,-0.000845,16,14,17,15,6,13,10,7,9,11,5,12,8,3,4,1,2
2021-08-02,0.015033,0.013068,0.004318,-0.008928,-0.002094,-0.00347,0.005724,0.000158,0.00024,-0.004754,-0.00693,0.001078,0.002311,-0.001588,-0.004855,0.006106,-0.007199,0.001469,-2.6e-05,1,4,2,3,12,6,9,11,8,7,13,5,10,15,14,17,16
2021-08-03,0.172506,0.169207,0.085423,-0.084032,-0.000249,-0.00183,0.088475,-0.003196,0.000927,-0.002407,-0.079759,0.004758,0.08667,0.000123,-0.080165,0.08691,-0.081371,0.000773,0.001144,2,3,1,4,11,5,6,10,13,7,12,8,9,14,15,17,16
2021-08-04,0.08019,0.073511,0.035727,-0.032503,0.000261,0.002507,0.035682,-0.005461,-0.003947,0.004931,-0.034252,-0.002898,0.04123,-0.000261,-0.03896,0.033257,-0.034683,-0.00599,-0.002564,4,1,3,2,6,10,9,7,12,11,5,13,8,15,17,14,16
2021-08-05,0.078236,0.07471,0.037183,-0.039486,-0.001119,-0.004731,0.038245,0.001543,0.001969,-0.007176,-0.034012,0.005389,0.033734,-0.002576,-0.034306,0.03875,-0.036159,0.005911,0.002505,1,4,2,3,12,6,7,10,9,8,13,5,11,14,15,17,16
2021-08-06,0.112857,0.110388,-0.05473,0.057447,0.00262,0.005906,-0.055411,0.002406,-5.8e-05,0.007018,0.053502,-0.003311,-0.053855,0.003771,0.054322,-0.054008,0.055246,-0.00245,-0.000298,15,14,17,16,6,13,11,8,9,10,5,12,7,4,3,1,2
2021-08-10,0.509663,0.500503,-0.25145,0.24835,0.000659,0.005274,-0.257627,0.012265,0.003391,0.006135,0.23564,-0.009394,-0.261313,0.005393,0.241744,-0.251329,0.241026,0.001874,-0.000803,14,17,16,15,8,13,12,11,5,9,6,10,7,4,2,1,3
2021-08-11,0.295745,0.291435,-0.14707,0.145205,5.2e-05,0.004604,-0.150381,0.005864,0.000675,0.004071,0.13724,-0.006637,-0.15054,0.00352,0.140268,-0.146207,0.140842,-7.4e-05,-0.000854,14,17,16,15,6,13,12,10,5,9,7,11,8,4,3,1,2
2021-08-12,0.458908,0.452082,-0.227178,0.226015,0.000844,0.00789,-0.232442,0.010335,0.002322,0.006902,0.213962,-0.009725,-0.232893,0.005987,0.218513,-0.226645,0.219204,0.001177,-0.000578,14,17,16,15,6,13,12,11,5,9,7,10,8,4,3,1,2
2021-08-13,0.184369,0.181102,0.090837,-0.090409,-0.001066,-0.00221,0.093089,-0.004352,-0.002717,-0.00267,-0.08524,0.002899,0.093961,-0.001982,-0.088171,0.088853,-0.086838,-0.001764,-0.00212,4,1,2,3,10,5,9,6,13,12,11,7,8,14,16,17,15
2021-08-16,0.535501,0.524392,0.259111,-0.261475,-0.001464,-0.007973,0.26928,-0.013506,-0.007565,-0.007817,-0.244183,0.013547,0.274026,-0.004882,-0.255432,0.256646,-0.253852,-0.006164,-0.006455,4,1,2,3,12,5,9,6,13,10,11,8,7,14,16,17,15
2021-08-17,0.709989,0.694329,0.343444,-0.347093,-0.003267,-0.012924,0.356662,-0.018845,-0.003084,-0.013681,-0.324274,0.021498,0.362897,-0.010991,-0.335953,0.342047,-0.336939,-0.009137,-0.008198,4,1,2,3,11,5,8,7,13,6,12,9,10,14,15,17,16
2021-08-18,0.352761,0.346483,0.168079,-0.174065,-0.003043,-0.008089,0.17387,-0.011953,-0.003243,-0.010317,-0.163772,0.011654,0.178038,-0.00835,-0.164511,0.178696,-0.170269,-0.003559,0.000655,1,2,3,4,10,5,6,7,13,8,12,9,11,14,15,17,16
2021-08-19,0.371023,0.362591,-0.176972,0.181161,0.007583,0.009366,-0.185171,0.007898,0.000953,0.006284,0.169643,-0.011344,-0.184247,0.000294,0.185852,-0.170916,0.174369,0.010711,0.009574,14,16,17,15,7,13,6,9,8,11,10,5,12,4,1,2,3
2021-08-20,0.697965,0.686599,0.340294,-0.344961,-0.007114,-0.013545,0.35165,-0.019832,-0.005199,-0.013588,-0.322808,0.021351,0.353003,-0.008494,-0.333124,0.340153,-0.336766,-0.010895,-0.004368,4,1,2,3,11,5,6,8,13,7,12,10,9,14,15,17,16
2021-08-23,0.267022,0.260545,0.12955,-0.126816,-0.005234,-0.003737,0.137342,-0.005897,0.00244,-0.000822,-0.122401,0.010063,0.13409,0.003966,-0.12968,0.129869,-0.123838,-0.003746,-0.003346,3,2,1,4,10,5,9,12,13,7,8,11,6,14,17,16,15
2021-08-24,0.544636,0.532397,-0.265359,0.269043,0.00328,0.008689,-0.275592,0.023432,0.013759,0.012248,0.249402,-0.018803,-0.272497,0.010238,0.254652,-0.266341,0.259064,0.007203,0.000621,15,16,17,14,9,13,12,11,5,6,7,10,8,4,3,1,2
2021-08-25,0.571067,0.560609,-0.277075,0.281569,0.007815,0.011315,-0.289497,0.025214,0.011253,0.012452,0.265271,-0.0161,-0.288416,0.007038,0.273384,-0.27728,0.271679,0.007896,0.004988,15,16,17,14,7,13,12,10,5,8,6,9,11,4,2,1,3
2021-08-26,0.353696,0.346062,-0.171024,0.173963,0.003546,0.006118,-0.179734,0.014434,0.007961,0.00882,0.164573,-0.009094,-0.179337,0.006074,0.16747,-0.170308,0.166657,0.003852,0.002369,14,16,17,15,8,13,12,11,5,7,6,10,9,4,2,1,3
2021-08-27,0.120508,0.114449,-0.056124,0.053026,0.004705,0.002854,-0.061638,0.002257,-0.00295,0.00049,0.051255,-0.005144,-0.062046,-0.004691,0.058462,-0.055851,0.052052,0.001303,0.001591,14,17,16,15,6,13,8,5,7,11,10,9,12,4,1,2,3
2021-08-30,0.476477,0.461947,-0.23035,0.236222,0.000501,0.004483,-0.240255,0.019808,0.017388,0.011135,0.218428,-0.012601,-0.23679,0.01063,0.218201,-0.228535,0.223798,0.005047,-7.7e-05,14,16,17,15,10,13,12,11,5,6,7,9,8,3,4,1,2
2021-08-31,0.440981,0.432074,0.211014,-0.216552,-0.00877,-0.008556,0.224429,-0.01842,-0.010367,-0.010448,-0.202453,0.012226,0.223209,-0.00496,-0.211238,0.212454,-0.20834,-0.008074,-0.005072,3,2,1,4,9,5,7,10,13,11,12,8,6,14,16,17,15
2021-09-01,0.138408,0.136268,-0.06742,0.067131,0.001747,0.001607,-0.071278,0.003438,0.002507,0.001515,0.064324,-0.003229,-0.071238,0.000226,0.066466,-0.06749,0.065203,0.001627,-0.000401,15,16,17,14,9,13,12,7,5,6,10,8,11,4,2,1,3
2021-09-02,0.224566,0.220976,0.106443,-0.111086,-0.005968,-0.005628,0.112578,-0.008106,-0.006585,-0.005672,-0.107434,0.002108,0.11348,-0.001551,-0.110874,0.106421,-0.108468,-0.004795,-0.001461,4,1,2,3,9,5,6,11,13,12,10,8,7,14,16,17,15
2021-09-03,0.036747,0.03541,-0.019256,0.0171,-0.005075,-0.001438,-0.019229,-0.000217,0.002252,-0.001083,0.01608,-0.001753,-0.019648,0.001469,0.011907,-0.019032,0.014917,-0.001814,-0.004082,14,17,15,16,9,10,12,13,7,5,8,11,6,2,4,1,3
2021-09-07,0.064815,0.063485,0.031308,-0.032223,0.001864,-0.001135,0.032488,-0.002055,-0.003708,-0.001385,-0.031567,-0.000171,0.032592,-0.001963,-0.028617,0.031209,-0.030277,-0.000516,0.001657,4,1,2,3,9,7,6,5,12,13,10,8,11,16,14,17,15
2021-09-08,0.286278,0.278855,-0.13136,0.139668,0.012011,0.008007,-0.140202,0.011813,0.006743,0.007847,0.133552,-0.003706,-0.142717,0.00149,0.143561,-0.133286,0.13713,0.006027,0.004628,15,17,16,14,7,13,11,5,6,9,8,10,12,4,1,2,3
2021-09-09,0.459978,0.449213,0.221657,-0.226068,-0.004112,-0.005869,0.228173,-0.014157,-0.012637,-0.00696,-0.215822,0.004909,0.233911,-0.006101,-0.22031,0.221346,-0.217519,-0.003593,0.000478,4,1,2,3,9,5,6,8,13,12,11,7,10,14,16,17,15
2021-09-10,0.354834,0.346758,-0.166741,0.174706,0.011753,0.009612,-0.175922,0.013905,0.00952,0.007781,0.165642,-0.004194,-0.179407,0.006041,0.175427,-0.165226,0.168072,0.005289,0.00723,14,17,16,15,7,13,10,6,5,8,9,12,11,4,1,2,3
2021-09-13,0.464322,0.456188,-0.224598,0.226141,0.009593,0.007843,-0.237504,0.013474,0.008967,0.00481,0.214812,-0.011336,-0.237211,0.004434,0.226818,-0.222235,0.216292,0.001645,0.005692,14,16,17,15,8,13,9,6,5,7,10,12,11,4,1,2,3
2021-09-14,0.551028,0.537581,-0.264062,0.269139,0.003543,0.008272,-0.278859,0.01671,0.016105,0.005713,0.25799,-0.006137,-0.281889,0.009554,0.260803,-0.262043,0.256861,0.002081,0.0023,14,17,16,15,8,13,11,10,5,6,9,12,7,3,2,1,4
2021-09-15,0.221606,0.215696,0.105027,-0.110774,0.003977,-0.001577,0.110509,-0.006589,-0.010167,-0.002464,-0.104952,0.001531,0.110831,-0.005985,-0.101437,0.106996,-0.103025,-0.000782,0.002393,3,1,2,4,9,7,6,5,12,13,10,8,11,16,14,17,15
2021-09-16,0.277696,0.270479,-0.131683,0.138402,-0.005018,0.001234,-0.138321,0.007831,0.011412,0.001763,0.132625,-0.00275,-0.139295,0.006448,0.128102,-0.133969,0.128826,-0.001478,-0.00234,15,17,16,14,9,12,11,13,6,5,8,10,7,2,4,1,3
2021-09-17,0.061364,0.058458,-0.027151,0.0275,0.004434,0.003425,-0.030886,0.001537,0.000372,0.000993,0.028304,0.000615,-0.029954,0.000244,0.030478,-0.026832,0.028602,0.002007,0.002907,14,16,17,15,6,11,7,5,9,12,10,8,13,3,1,4,2
2021-09-21,0.124577,0.11665,-0.055555,0.052024,0.009361,0.005482,-0.064385,0.00035,-0.003044,-0.000312,0.053035,-0.001823,-0.061809,-0.002621,0.060193,-0.054828,0.054974,0.002644,0.004632,14,16,17,15,6,11,7,5,9,13,10,8,12,3,1,4,2
2021-09-22,0.030511,0.029624,-0.013934,0.014243,0.002182,0.001183,-0.016022,0.000793,-0.000943,-0.000139,0.012351,-0.000609,-0.015692,0.001189,0.014489,-0.014045,0.014381,0.00129,0.001281,15,16,17,14,9,12,7,5,10,13,11,6,8,4,1,3,2
2021-09-24,0.415966,0.40497,-0.19669,0.198909,-0.0043,0.008178,-0.208077,0.012602,0.01756,0.004029,0.206118,-0.00167,-0.209848,-0.0024,0.194571,-0.197387,0.189021,-0.001055,-0.006242,15,17,16,14,7,10,13,12,6,5,8,9,11,1,3,2,4
2021-09-27,0.067541,0.065972,-0.029972,0.034858,0.002992,0.003652,-0.03262,0.004532,0.003995,0.002534,0.033869,0.001694,-0.032683,0.003641,0.033913,-0.029713,0.033436,0.002995,0.002987,14,17,16,15,7,13,11,10,5,6,12,9,8,3,2,1,4
2021-09-28,1.135576,1.1113,-0.542605,0.551706,0.009954,0.021023,-0.58387,0.040406,0.027287,0.003434,0.535969,-0.009021,-0.582433,0.028908,0.536609,-0.543314,0.531251,0.01663,0.013819,15,16,17,14,8,13,10,11,5,7,12,9,6,3,2,1,4
2021-09-29,0.928398,0.896062,-0.434222,0.445138,0.010469,0.004867,-0.48326,0.03218,0.002617,-0.015011,0.396891,-0.016222,-0.472984,0.037754,0.422655,-0.430173,0.429928,0.019764,0.01906,14,16,17,15,10,13,8,9,6,11,12,7,5,4,3,1,2
2021-09-30,0.545828,0.528081,0.256074,-0.267742,-0.006072,-0.001391,0.278086,-0.024532,-0.012298,0.005802,-0.239461,0.009333,0.276281,-0.005524,-0.2503,0.249553,-0.25576,-0.011479,-0.01199,4,2,1,3,7,5,11,9,13,12,6,10,8,14,15,17,16
2021-10-01,0.174288,0.165389,-0.072342,0.08636,0.015675,0.000495,-0.087928,0.014127,-0.001999,-0.000431,0.059081,-0.005158,-0.086322,0.00228,0.078165,-0.06729,0.085049,0.013695,0.013082,14,16,17,15,10,13,8,5,6,12,11,7,9,4,3,1,2
2021-10-04,0.511584,0.499746,-0.250777,0.250354,-0.006765,0.005087,-0.26123,0.019955,0.021911,-0.001856,0.246236,-0.004402,-0.249017,0.001504,0.236013,-0.237566,0.241625,0.005327,0.000187,14,15,17,16,8,12,10,13,6,5,11,7,9,2,4,1,3
2021-10-05,0.437091,0.420172,-0.202813,0.211811,-0.002302,-2.3e-05,-0.219196,0.015331,0.00556,-0.002898,0.189181,-0.006008,-0.22528,0.001056,0.199316,-0.192744,0.2021,0.010338,0.012759,14,17,16,15,10,13,6,11,5,8,12,7,9,4,3,1,2
2021-10-06,0.109056,0.101712,0.04579,-0.050536,0.000517,0.00285,0.053635,-0.001538,0.004442,0.001328,-0.037876,0.003802,0.058519,-0.001105,-0.047813,0.044411,-0.048843,-0.004679,-0.008811,4,1,2,3,7,6,13,9,11,5,8,12,10,14,15,17,16
2021-10-07,0.527128,0.51021,0.247577,-0.260361,0.00311,0.000602,0.265942,-0.020063,-0.01128,0.005548,-0.231113,0.007886,0.266767,-0.002119,-0.243086,0.237682,-0.246897,-0.012315,-0.012817,4,1,2,3,8,5,12,7,13,10,6,11,9,14,15,17,16
2021-10-08,0.097171,0.088179,0.039851,-0.040868,-0.001606,0.001843,0.044717,-0.003806,0.004274,-0.00046,-0.035693,0.000694,0.054148,-0.002859,-0.043024,0.036236,-0.041931,-0.005103,-0.01066,4,1,2,3,6,7,13,9,11,5,8,12,10,14,17,15,16
2021-10-11,0.340456,0.329952,-0.160963,0.168032,-0.001774,-0.00106,-0.172424,0.013905,0.008045,-0.004067,0.153014,-0.003999,-0.168504,0.00151,0.159442,-0.155043,0.160491,0.006917,0.009127,14,16,17,15,10,12,6,11,5,7,13,8,9,4,3,1,2
2021-10-12,0.25592,0.249673,-0.121797,0.123474,-0.002948,-0.004447,-0.131908,0.007768,-0.000206,-0.005762,0.111141,-0.00447,-0.132446,-0.001084,0.119458,-0.115838,0.119935,0.004492,0.010783,14,17,16,15,11,12,5,10,6,8,13,7,9,4,3,1,2
2021-10-13,0.158047,0.15295,-0.075767,0.078338,-0.000494,0.000469,-0.07971,0.006695,0.005105,-0.001599,0.072101,-0.001412,-0.077906,0.000836,0.073134,-0.071465,0.073996,0.002635,0.002237,14,16,17,15,10,12,8,11,5,6,13,7,9,4,3,1,2
2021-10-14,0.266603,0.259135,0.127756,-0.129955,0.000663,0.001503,0.135268,-0.010152,-0.003472,0.004526,-0.118268,0.002311,0.136649,-0.000607,-0.123827,0.119058,-0.123949,-0.004845,-0.009455,4,1,2,3,7,6,12,8,13,10,5,11,9,14,15,17,16
2021-10-15,0.216299,0.206816,0.097499,-0.103346,-0.00161,0.002236,0.103342,-0.008609,0.007401,0.005113,-0.08771,-0.003531,0.112953,-0.006055,-0.102191,0.08509,-0.101117,-0.009188,-0.023065,4,1,2,3,7,9,13,8,11,5,6,12,10,14,16,17,15
2021-10-18,0.135601,0.130945,-0.065937,0.066407,4.7e-05,0.00106,-0.069195,0.005354,0.008569,0.000618,0.0651,-0.001383,-0.06468,-0.002185,0.06124,-0.063191,0.061517,-0.000283,-0.002574,14,15,17,16,7,11,13,9,6,5,8,10,12,2,4,1,3
2021-10-19,0.262704,0.254126,-0.125221,0.1302,0.000805,0.000787,-0.132504,0.011978,0.008712,-0.001253,0.119267,-0.002322,-0.128384,-0.000935,0.122872,-0.11822,0.123198,0.005213,0.004792,14,16,17,15,10,13,8,9,5,6,12,7,11,4,3,1,2
2021-10-20,0.300829,0.291372,0.142842,-0.150094,-0.001802,0.002026,0.150735,-0.015615,-0.005057,0.00615,-0.12737,0.005954,0.147797,-0.001093,-0.141183,0.134059,-0.141463,-0.009859,-0.012149,4,2,1,3,7,6,12,9,13,10,5,11,8,14,15,17,16
2021-10-21,0.201884,0.194277,0.092507,-0.102407,-0.001742,0.000666,0.097727,-0.01211,-0.003324,0.006793,-0.081066,0.005685,0.099477,-0.000815,-0.094292,0.088039,-0.096421,-0.01017,-0.012967,4,1,2,3,7,6,13,9,12,10,5,11,8,14,15,17,16
2021-10-22,0.361409,0.347631,0.176588,-0.177898,0.001257,0.001805,0.183511,-0.018251,-0.013722,0.007059,-0.154533,0.011887,0.175421,0.006007,-0.165738,0.167705,-0.163737,-0.005843,-0.003452,4,3,1,2,8,5,10,9,13,12,6,11,7,14,16,17,15
2021-10-25,0.0051,0.00421,-0.00357,0.000715,-0.00094,-0.0008,-0.003237,-0.000883,0.0003,-0.000369,0.001529,-0.000881,-0.002229,-0.000649,0.000667,-0.002911,0.000506,-0.001748,-0.00177,15,14,16,17,8,9,13,11,10,5,6,12,7,1,3,2,4
2021-10-26,0.293478,0.28052,-0.142633,0.146583,0.00223,0.002096,-0.146896,0.017386,0.019364,0.000425,0.131346,-0.004939,-0.134371,-0.000264,0.13602,-0.134734,0.134693,0.00453,0.002431,15,14,17,16,10,13,8,9,6,5,11,7,12,4,2,1,3
2021-10-27,0.198037,0.18985,0.095188,-0.099627,-0.000845,4.6e-05,0.09841,-0.011273,-0.009524,0.002998,-0.085136,0.005287,0.093521,0.001775,-0.091925,0.091754,-0.090879,-0.004741,-0.003264,4,3,1,2,8,5,10,9,13,12,6,11,7,14,16,17,15
2021-10-28,0.444081,0.425533,0.223552,-0.218188,0.001133,0.000766,0.225892,-0.020572,-0.02998,0.002699,-0.196481,0.013015,0.203589,0.001398,-0.199625,0.211469,-0.197871,0.00056,0.004109,3,4,1,2,10,5,6,9,12,13,7,11,8,14,16,17,15
2021-10-29,0.078135,0.07131,-0.042318,0.032348,-0.000612,-0.000738,-0.038724,0.00038,0.013944,0.002784,0.035817,-0.002103,-0.02434,0.004046,0.028328,-0.035733,0.028991,-0.006448,-0.006041,15,14,16,17,10,11,12,9,8,5,7,13,6,1,4,2,3
2021-11-01,0.474957,0.4549,0.232762,-0.235554,-2.3e-05,0.00267,0.239403,-0.022011,-0.023062,0.007983,-0.204772,0.013025,0.219957,0.002827,-0.216698,0.223963,-0.216321,-0.007171,-0.004145,3,4,1,2,8,5,10,9,12,13,6,11,7,14,16,17,15
2021-11-02,0.154084,0.147394,-0.076041,0.076324,0.001876,0.001324,-0.07776,0.008437,0.012493,-0.000104,0.069295,-0.003049,-0.066484,0.001961,0.070784,-0.070632,0.070641,0.002017,0.002022,15,14,17,16,11,13,7,10,6,5,12,8,9,4,2,1,3
2021-11-04,0.217245,0.209662,0.101349,-0.112433,-0.002784,-0.000128,0.104812,-0.01329,-0.008844,0.002957,-0.09308,0.003225,0.103005,0.001716,-0.104828,0.100184,-0.10256,-0.009311,-0.005863,4,2,1,3,8,5,10,9,13,11,6,12,7,14,16,17,15
2021-11-05,0.342302,0.327198,0.167874,-0.168369,0.001944,0.004055,0.173932,-0.013527,-0.014415,0.008428,-0.14478,0.011462,0.160819,0.004952,-0.154678,0.163082,-0.15366,-0.004656,-0.00145,3,4,1,2,8,5,10,9,12,13,6,11,7,14,16,17,15
2021-11-08,0.091817,0.087984,-0.04672,0.044736,0.000767,0.001248,-0.047081,0.004028,0.009792,0.000599,0.043336,-0.001227,-0.035994,0.003192,0.037272,-0.041406,0.040672,0.000244,0.000946,15,14,17,16,8,13,9,10,6,5,11,12,7,2,4,1,3
2021-11-09,0.530506,0.508711,-0.257014,0.263046,-0.001301,-0.006641,-0.26746,0.023297,0.020695,-0.011857,0.223228,-0.016897,-0.252937,-0.007731,0.245163,-0.253594,0.239856,0.009582,0.002706,15,14,17,16,10,13,8,9,5,6,12,7,11,4,2,1,3
2021-11-10,0.030398,0.028511,0.012919,-0.016485,-0.002689,-0.002667,0.01379,-0.003521,-0.005805,-0.002735,-0.016608,-0.001989,0.009001,-0.003582,-0.013702,0.0108,-0.014932,-0.002048,-0.002605,3,4,1,2,8,5,7,9,11,13,10,6,12,17,14,16,15
2021-11-11,0.51078,0.481152,0.244671,-0.25221,0.000251,0.00141,0.258569,-0.02331,-0.0283,0.006492,-0.220742,0.010264,0.226366,-0.004283,-0.227223,0.234518,-0.226264,-0.008797,-0.005166,3,4,1,2,7,5,10,8,12,13,6,11,9,14,16,17,15
2021-11-12,0.271111,0.258383,-0.129224,0.134803,-0.001498,-0.002971,-0.136308,0.012134,0.010393,-0.005808,0.112857,-0.007504,-0.127053,-0.000709,0.125101,-0.127726,0.121986,0.006333,0.002054,15,14,17,16,11,13,8,10,5,6,12,7,9,4,2,1,3
2021-11-15,0.127293,0.123556,0.057126,-0.063912,0.000411,0.001729,0.059203,-0.007515,-0.002533,0.003387,-0.049053,0.002845,0.06338,0.002992,-0.063703,0.060378,-0.060092,-0.005874,-0.001402,2,1,3,4,8,7,10,9,13,11,5,12,6,14,16,17,15
2021-11-16,0.182528,0.175174,0.086009,-0.092082,0.000648,0.00139,0.090446,-0.009717,-0.008769,0.002981,-0.076525,0.00266,0.085562,-0.000189,-0.086939,0.084716,-0.084484,-0.005124,-0.001354,4,3,1,2,7,6,10,8,13,12,5,11,9,14,16,17,15
2021-11-17,0.149621,0.142593,0.074171,-0.071559,0.00376,0.003976,0.078062,-0.004047,-0.005769,0.005144,-0.06128,0.006129,0.070931,0.001477,-0.066218,0.072998,-0.06477,-0.000299,0.002064,3,4,1,2,7,5,9,8,12,13,6,11,10,14,16,17,15
2021-11-18,0.33326,0.316885,0.160751,-0.163216,0.002484,0.003169,0.170044,-0.013493,-0.019098,0.006885,-0.143198,0.008227,0.150941,-0.002453,-0.150784,0.157738,-0.148122,-0.004418,0.000104,3,4,1,2,7,5,9,8,12,13,6,11,10,14,16,17,15
2021-11-19,0.218209,0.209268,0.106884,-0.107645,0.002553,0.002126,0.110564,-0.005168,-0.008488,0.004323,-0.095019,0.005499,0.103432,2.6e-05,-0.098164,0.10564,-0.098908,-0.001102,0.00123,3,4,1,2,8,5,9,7,12,13,6,11,10,14,15,17,16
2021-11-22,0.652792,0.627573,0.315267,-0.328286,0.004806,0.004052,0.324507,-0.014126,-0.02621,0.011208,-0.29006,0.01266,0.305512,-0.004228,-0.299687,0.311004,-0.303969,-0.00988,-0.002355,3,4,1,2,8,5,9,7,12,13,6,11,10,14,15,17,16
2021-11-24,0.207183,0.199849,-0.101139,0.103428,-0.003388,-0.003971,-0.103755,0.002727,0.005917,-0.005212,0.088946,-0.005642,-0.099749,-0.000665,0.09461,-0.100443,0.09617,0.003339,-0.000506,15,14,17,16,11,13,8,10,7,5,12,6,9,4,3,1,2
2021-11-26,0.058897,0.056699,-0.027967,0.030378,0.000397,0.000242,-0.028519,0.001799,0.003288,-0.000446,0.026806,-0.000435,-0.026646,0.001087,0.027291,-0.027581,0.028361,0.001773,0.000894,15,14,17,16,11,12,9,10,6,5,13,7,8,4,3,1,2
2021-11-29,0.568178,0.544747,0.276558,-0.278428,-0.003014,-0.000649,0.28975,0.003592,-0.036585,0.008671,-0.263803,0.00714,0.243364,-0.013278,-0.23445,0.269402,-0.256299,-0.001011,0.001759,3,4,1,2,9,6,8,11,7,13,5,10,12,16,14,17,15
2021-11-30,0.343916,0.335811,0.163519,-0.176756,0.007707,0.007466,0.16548,-0.012984,-0.00341,0.009189,-0.142565,0.010727,0.16716,0.00943,-0.167253,0.16466,-0.166124,-0.009031,-0.002928,3,1,2,4,9,5,10,8,13,11,7,12,6,14,16,17,15
2021-12-01,0.340034,0.32478,-0.140581,0.170066,-0.016007,-0.007572,-0.151752,0.027202,-0.006449,-0.011381,0.123351,-0.01747,-0.167237,-0.017476,0.172796,-0.150089,0.162398,0.01783,0.017328,15,17,16,14,9,12,7,11,5,8,10,6,13,4,1,2,3
2021-12-02,0.301281,0.289962,0.150611,-0.15067,-0.005286,0.005197,0.144164,5.4e-05,-0.018511,0.003918,-0.140086,-0.001468,0.139194,-0.004813,-0.136039,0.142071,-0.142282,-0.002545,0.007772,3,4,2,1,6,9,5,12,8,13,7,10,11,15,14,17,16
2021-12-03,0.630605,0.60592,-0.31533,0.315276,0.005574,-0.006818,-0.303385,-0.000766,0.031432,-0.011036,0.288354,-0.000774,-0.295093,0.006439,0.281728,-0.298987,0.29643,0.004962,-0.016245,15,14,16,17,11,10,13,7,9,5,12,8,6,3,4,1,2
2021-12-06,0.595762,0.578356,0.292267,-0.303495,0.001149,0.005461,0.290076,-0.012476,-0.02119,0.00927,-0.263827,0.012693,0.282418,-0.002031,-0.277804,0.284075,-0.287352,-0.013964,-0.001212,3,4,2,1,7,5,9,8,11,13,6,12,10,14,15,17,16
2021-12-07,0.134729,0.121262,0.04869,-0.06134,0.011195,-0.002655,0.061844,-0.012174,0.006118,0.007004,-0.043757,0.011536,0.067194,0.004433,-0.067534,0.053648,-0.052226,-0.005061,-0.017635,3,1,2,4,10,5,13,6,12,8,7,11,9,14,17,16,15
2021-12-08,0.036112,0.031479,-0.019623,0.009288,0.008865,-0.003614,-0.012226,-0.015502,0.010726,0.00416,0.015525,0.004062,0.00016,0.001866,-0.004858,-0.011416,0.012474,-0.003557,-0.020587,13,9,14,16,11,7,17,5,15,3,6,10,8,1,12,4,2
2021-12-09,0.082515,0.080624,0.038988,-0.042604,0.001421,-0.000238,0.039648,-0.004236,-0.001863,0.001406,-0.036816,0.002,0.039912,0.00041,-0.040559,0.03911,-0.040039,-0.002975,-0.003249,3,1,2,4,9,5,12,6,13,10,7,11,8,14,16,17,15
2021-12-10,0.298839,0.2887,0.148267,-0.150573,-0.002388,0.004186,0.144295,-0.000355,-0.012594,0.003396,-0.133222,0.003337,0.14003,-0.000637,-0.135758,0.14361,-0.143599,-0.005263,0.005015,3,4,2,1,6,8,5,11,9,13,7,12,10,14,15,17,16
2021-12-13,0.461255,0.451071,0.223132,-0.235047,0.009129,0.003732,0.225731,-0.01719,-0.008297,0.011082,-0.201492,0.013439,0.226208,0.005173,-0.22168,0.223318,-0.221229,-0.011481,-0.012148,3,1,2,4,9,5,12,7,13,10,6,11,8,14,16,17,15
2021-12-14,0.720193,0.70097,0.351601,-0.368592,0.001718,0.006521,0.34848,-0.013872,-0.025973,0.011175,-0.320361,0.013303,0.33777,0.001148,-0.339307,0.347332,-0.347598,-0.015849,-0.003981,3,4,2,1,7,5,10,8,11,13,6,12,9,14,15,17,16
2021-12-15,0.200724,0.195336,-0.095729,0.103173,-0.006609,-0.002286,-0.094539,0.010657,0.002541,-0.00518,0.085963,-0.005561,-0.097551,-0.001615,0.097653,-0.096599,0.095304,0.00529,0.009174,16,17,14,15,10,12,6,13,5,8,11,7,9,4,2,1,3
2021-12-16,0.831115,0.808561,0.404189,-0.426926,0.017855,0.011609,0.395538,-0.026598,-0.017794,0.020051,-0.361461,0.019771,0.398628,0.005059,-0.399069,0.399907,-0.396965,-0.016917,-0.024571,2,3,4,1,8,6,12,7,13,11,5,10,9,14,16,17,15
2021-12-17,0.330873,0.32022,-0.162595,0.168278,-0.002411,-0.003413,-0.158914,0.004024,0.009485,-0.006242,0.144844,-0.006319,-0.156185,-0.001395,0.15498,-0.158633,0.157261,0.005766,0.004451,15,14,16,17,11,13,7,10,8,5,12,6,9,4,3,1,2
2021-12-20,0.091077,0.082389,-0.036843,0.042374,-0.013679,-0.001265,-0.033106,0.008996,-0.009274,-0.006985,0.032862,-0.006886,-0.044892,-0.004261,0.046185,-0.041294,0.03558,-0.000543,0.013781,16,17,14,15,8,10,5,13,6,12,11,7,9,4,1,2,3
2021-12-21,0.442836,0.425827,0.219152,-0.223684,-0.003606,0.00392,0.21252,0.001947,-0.014394,0.004621,-0.19691,0.002104,0.205059,-0.003652,-0.198625,0.210712,-0.212787,-0.007315,0.009278,3,4,2,1,7,8,5,10,9,13,6,12,11,14,15,17,16
2021-12-22,0.477639,0.456558,-0.238285,0.239355,0.006505,-0.006969,-0.2298,-0.000819,0.015435,-0.003882,0.210973,-0.003762,-0.217649,0.003731,0.210472,-0.221835,0.229426,0.010356,-0.008605,15,14,16,17,12,10,13,7,9,5,11,6,8,3,4,1,2
2021-12-23,0.131058,0.126329,0.061585,-0.068693,0.005687,0.00118,0.059977,-0.00654,-0.001763,0.006016,-0.053235,0.007075,0.060907,0.002087,-0.065747,0.062366,-0.059688,-0.001438,-0.010737,1,3,4,2,9,5,13,7,12,11,6,10,8,14,16,17,15
2021-12-27,0.039994,0.038075,-0.019983,0.01824,0.003835,-0.000462,-0.01887,-0.002305,0.002324,0.001872,0.019448,0.002245,-0.017673,0.001789,0.015074,-0.017022,0.020011,0.001794,-0.005186,14,15,16,17,11,7,13,5,12,6,8,9,10,2,4,3,1
2021-12-28,0.156631,0.150552,-0.08017,0.073199,0.009035,-0.003005,-0.075735,-0.005824,0.006791,0.003279,0.073731,0.00382,-0.072219,0.003565,0.064272,-0.072361,0.076461,0.00511,-0.014598,15,14,16,17,11,8,13,5,12,6,10,7,9,2,4,3,1
2021-12-29,0.025194,0.024371,-0.012883,0.012312,0.000638,-0.000402,-0.012075,-0.000202,0.00069,-9e-06,0.011516,-0.000206,-0.011935,2.9e-05,0.01114,-0.012131,0.012198,0.000636,-0.001031,16,14,15,17,12,11,13,6,10,5,9,7,8,3,4,1,2
2021-12-30,0.168702,0.1638,0.082945,-0.085757,0.000568,0.000818,0.080509,-0.002172,-0.003857,0.003165,-0.074297,0.00479,0.078673,-0.001265,-0.080708,0.082728,-0.078753,-0.001427,-0.00144,2,4,3,1,7,5,11,8,12,13,6,10,9,14,16,17,15
2022-01-04,0.005189,0.004314,0.001232,-0.000498,-0.001295,5.4e-05,-0.000359,0.001326,-0.000702,-0.001911,-0.003091,-0.002386,0.002098,-0.000678,0.000154,-0.000289,-0.002316,-0.00152,0.001723,7,1,8,4,6,16,2,12,3,11,14,13,10,17,5,9,15
2022-01-05,0.991461,0.966584,-0.490047,0.501414,0.006968,-0.003234,-0.47111,0.013025,0.027198,-0.009163,0.447125,-0.020572,-0.465363,0.009126,0.478262,-0.48397,0.474947,0.016458,0.00752,16,14,15,17,11,13,9,10,7,5,12,6,8,4,2,1,3
2022-01-06,0.055401,0.045682,0.027965,-0.009582,-0.001254,0.008661,0.01943,0.014926,0.003984,-0.004633,-0.024164,-0.005138,0.031236,0.001039,-0.009088,0.020085,-0.024013,-0.003955,0.01219,3,1,4,2,7,13,6,10,5,8,12,11,9,17,14,15,16
2022-01-07,0.676727,0.663733,-0.337166,0.339561,0.001047,1.6e-05,-0.328831,0.019341,0.018285,-0.006183,0.304458,-0.022854,-0.322729,0.006139,0.328438,-0.334391,0.322812,0.014897,0.010931,16,14,15,17,11,13,8,10,5,6,12,7,9,4,2,1,3
2022-01-11,0.219258,0.214838,-0.106754,0.112375,0.001205,0.000978,-0.105672,0.008518,0.007825,-0.001628,0.096479,-0.008155,-0.101615,0.003045,0.106711,-0.106883,0.10612,0.006473,0.004714,17,14,15,16,11,13,8,10,5,6,12,7,9,4,2,1,3
2022-01-12,0.447772,0.436841,-0.223794,0.223978,0.003733,-0.002213,-0.209637,0.005266,0.011767,0.000351,0.201382,-0.00814,-0.214555,0.00517,0.211198,-0.217071,0.219927,0.01103,0.000412,16,15,14,17,12,13,10,9,7,5,11,6,8,4,3,1,2
2022-01-13,0.167335,0.162957,-0.083681,0.083654,0.000379,-0.001524,-0.078907,0.002608,0.004539,-0.000917,0.073707,-0.004182,-0.079511,0.001282,0.078764,-0.081761,0.0815,0.003923,0.000255,16,15,14,17,12,13,10,9,7,5,11,6,8,4,3,1,2
2022-01-14,0.201055,0.191076,-0.087636,0.101809,-0.001006,0.001956,-0.099247,0.015477,0.010214,-0.00552,0.078219,-0.01759,-0.085423,0.001662,0.0958,-0.098937,0.089798,0.005089,0.010559,16,14,17,15,9,13,6,11,5,7,12,8,10,4,2,1,3
2022-01-18,0.098249,0.094731,0.04999,-0.047463,-0.000745,0.001826,0.043833,0.001415,-0.001633,-0.001047,-0.044224,-4.6e-05,0.047178,-0.000654,-0.044624,0.046677,-0.048259,-0.002207,0.00174,3,2,4,1,5,8,6,10,7,12,11,13,9,14,15,16,17
2022-01-19,0.478433,0.45693,-0.217654,0.239287,-0.003471,-0.001426,-0.234501,0.030333,0.026283,-0.012904,0.184451,-0.039373,-0.21338,-0.001727,0.225165,-0.239146,0.215037,0.012378,0.016393,17,14,16,15,9,13,7,11,5,6,12,8,10,4,2,1,3
2022-01-20,0.392556,0.382417,0.198566,-0.19399,-0.000127,0.005373,0.183626,-0.002013,-0.009092,0.000618,-0.171923,0.008948,0.184933,-0.001183,-0.182892,0.193952,-0.192919,-0.007991,0.002991,2,3,4,1,6,5,7,9,11,13,8,12,10,14,15,17,16
2022-01-21,0.110204,0.097685,0.053592,-0.044444,-0.001596,0.002233,0.039119,0.006935,0.000298,-0.004292,-0.048036,-0.006342,0.044769,-0.001428,-0.043267,0.045601,-0.056612,-0.002032,0.008124,2,3,4,1,7,13,5,10,6,8,12,11,9,16,14,15,17
2022-01-24,0.333529,0.307647,0.166102,-0.151425,-0.003654,0.009596,0.137832,0.008795,0.000141,-0.005099,-0.143275,-0.002882,0.145665,-0.004386,-0.140472,0.149048,-0.167426,-0.013684,0.010605,2,3,4,1,6,9,5,10,7,8,12,13,11,15,14,16,17
2022-01-25,0.38014,0.371089,-0.188678,0.190918,-0.001189,-0.002273,-0.180275,0.007279,0.006972,0.004337,0.170256,-0.00982,-0.183649,-0.002161,0.177265,-0.189222,0.183536,0.003166,-0.000615,17,15,14,16,12,13,9,10,5,6,7,8,11,4,3,1,2
2022-01-26,0.975456,0.951217,-0.472503,0.493904,-0.001811,-0.00147,-0.47199,0.025939,0.021137,0.005413,0.438139,-0.033203,-0.469405,0.003241,0.464981,-0.481552,0.468721,0.006902,0.01466,17,14,15,16,11,13,7,12,5,6,9,8,10,4,3,1,2
2022-01-27,0.022967,0.016847,-0.000624,0.007038,-0.000241,0.000252,-0.012891,0.003951,0.001509,-0.004825,0.003977,-0.005674,-0.00496,0.002711,0.010076,-0.007043,0.000406,2.5e-05,0.007817,16,14,17,12,9,15,2,11,5,7,13,10,6,4,1,3,8
2022-01-28,0.391728,0.383326,0.194691,-0.197037,0.001124,0.001872,0.186,-0.006477,-0.005554,-0.003832,-0.176435,0.010659,0.190521,0.001955,-0.182648,0.194256,-0.190827,-0.000445,0.000793,2,3,4,1,7,5,9,8,13,12,11,10,6,14,15,17,16
2022-01-31,0.543675,0.526872,0.254919,-0.27134,-0.000779,-0.002901,0.272334,-0.021941,-0.015108,0.004911,-0.240729,0.025806,0.256553,-0.007815,-0.266931,0.264537,-0.248918,-0.00525,-0.027165,2,3,1,4,8,5,13,7,12,11,6,9,10,14,16,17,15
2022-02-01,0.190667,0.180298,0.079904,-0.087258,0.002752,-0.006603,0.100914,-0.008863,-0.009604,0.008901,-0.081092,0.00793,0.087628,-0.003073,-0.089752,0.09425,-0.072454,-0.000444,-0.012875,2,3,1,4,10,6,13,7,11,12,5,8,9,15,17,16,14
2022-02-02,0.740373,0.724706,-0.36934,0.371033,0.000604,0.00442,-0.348546,0.013339,0.011065,0.012157,0.341421,-0.007738,-0.368367,-0.004296,0.34757,-0.357138,0.360671,0.001487,-0.002417,15,16,14,17,8,13,11,10,5,7,6,9,12,4,3,1,2
2022-02-03,0.386643,0.378509,0.18058,-0.189835,0.00152,-0.00204,0.196808,-0.012084,-0.008722,0.00231,-0.179508,0.012948,0.186927,-0.002354,-0.187112,0.192402,-0.182443,-0.002238,-0.012898,2,3,1,4,8,5,13,7,12,11,6,9,10,14,16,17,15
2022-02-04,0.177405,0.1608,0.093475,-0.080129,-0.000877,-0.0011,0.05625,0.004236,0.001716,-0.013918,-0.073698,-0.010585,0.087056,0.00311,-0.065793,0.064113,-0.08393,0.003407,0.018226,3,2,4,1,11,12,5,10,6,9,13,7,8,15,14,16,17
2022-02-07,0.336369,0.331185,-0.167786,0.166245,-0.002281,0.000635,-0.167682,0.005464,0.004267,0.002357,0.15727,-0.007934,-0.170124,-0.000624,0.159852,-0.165634,0.161866,-0.001612,0.001973,14,17,15,16,9,13,8,12,5,6,7,11,10,4,3,1,2
2022-02-08,0.146591,0.144684,-0.072915,0.072982,-0.000753,0.000588,-0.07328,0.002649,0.002444,0.000536,0.069006,-0.003074,-0.07361,0.000505,0.070369,-0.072098,0.070898,-9.3e-05,0.001492,14,17,16,15,8,13,7,12,5,6,9,11,10,4,3,1,2
2022-02-09,0.200173,0.195212,0.097286,-0.096274,0.003789,0.001901,0.103899,-0.002959,-0.00176,0.005371,-0.089498,0.008933,0.09825,0.001484,-0.094061,0.101597,-0.091556,0.001641,-0.003609,2,3,1,4,8,5,13,7,12,11,6,9,10,14,16,17,15
2022-02-10,0.288079,0.276714,-0.147861,0.136565,0.000576,0.003278,-0.121919,-0.001695,0.002785,0.016539,0.132869,0.005611,-0.148178,4.6e-05,0.12429,-0.124768,0.139901,-0.001177,-0.013442,15,17,14,16,7,6,13,9,12,8,5,11,10,3,4,2,1
2022-02-14,0.54052,0.521339,-0.25123,0.268435,-0.001481,0.004192,-0.272085,0.015344,0.009121,-0.010358,0.24733,-0.017378,-0.258295,-0.005351,0.253089,-0.262129,0.249984,0.005344,0.019182,16,15,17,14,9,13,5,10,6,7,12,8,11,4,2,1,3
2022-02-15,0.150397,0.143114,0.079678,-0.070719,-0.001163,-0.000891,0.064701,-0.00086,-0.005172,-0.008601,-0.067875,-0.003879,0.075731,0.001966,-0.061199,0.063528,-0.070637,0.001308,0.008242,4,2,3,1,9,11,5,10,8,12,13,7,6,15,14,17,16
2022-02-16,0.024252,0.020713,-0.007052,-0.004817,0.003409,0.001778,0.012949,0.000953,0.005772,0.012716,0.000589,0.010605,7.8e-05,0.001413,-0.007306,0.010813,0.002796,0.000722,-0.011303,3,13,1,15,8,4,17,6,10,5,2,11,9,12,16,14,7
2022-02-17,0.107776,0.104517,-0.055794,0.051878,0.000872,0.001726,-0.048833,0.001903,0.003422,0.004556,0.05087,0.001594,-0.054194,-0.001013,0.047284,-0.04878,0.051982,0.000176,-0.002803,14,16,15,17,8,9,13,10,7,6,5,11,12,3,4,2,1
2022-02-18,0.218108,0.203542,0.115209,-0.097325,-0.004091,-0.002606,0.086751,-0.00303,-0.009858,-0.016948,-0.099756,-0.00965,0.108522,0.00175,-0.085201,0.086916,-0.102899,0.002136,0.017371,3,2,4,1,8,11,5,10,9,12,13,6,7,16,14,15,17
2022-02-22,0.076132,0.07257,-0.0325,0.038084,-0.001181,0.001469,-0.038048,0.001371,0.000607,-0.002864,0.03322,-0.003315,-0.034272,-0.000109,0.036582,-0.037504,0.033023,0.001796,0.005183,16,15,17,14,7,13,5,11,8,9,12,6,10,3,2,1,4
2022-02-24,0.126937,0.11696,0.067455,-0.054542,-0.002313,-0.000678,0.050188,-0.00095,-0.005213,-0.009918,-0.056658,-0.005809,0.062554,0.002618,-0.046327,0.049342,-0.059482,0.00231,0.011059,4,2,3,1,8,12,5,10,9,11,13,7,6,16,14,15,17
2022-02-25,0.168928,0.16256,0.07568,-0.085887,0.001084,-0.003649,0.083041,-0.003408,-0.003046,0.002973,-0.076548,0.004176,0.078124,-5e-05,-0.081363,0.08218,-0.077084,-0.003842,-0.009068,2,3,1,4,11,5,13,7,10,9,6,12,8,14,16,17,15
2022-02-28,0.359311,0.340058,0.143907,-0.170088,0.012298,-0.001731,0.184843,-0.002272,0.004921,0.020859,-0.147432,0.021447,0.15994,0.00212,-0.174468,0.183403,-0.14595,-0.006742,-0.032991,2,3,1,4,10,5,13,7,11,8,6,12,9,15,17,16,14
2022-03-01,0.055337,0.051766,-0.023616,0.026906,-0.001588,-0.000929,-0.028143,-0.000703,-0.001151,-0.004773,0.020364,-0.004452,-0.023008,-0.00226,0.023722,-0.028431,0.02448,0.00186,0.002277,17,14,16,15,8,12,5,10,7,9,13,6,11,4,3,1,2
2022-03-02,0.126563,0.108653,0.062544,-0.04541,-0.002866,-0.00456,0.041897,-0.005082,-0.007634,-0.018248,-0.061184,-0.01167,0.06538,-0.002918,-0.046202,0.038062,-0.048752,0.007563,0.011246,4,1,3,2,9,12,5,7,10,11,13,6,8,17,15,14,16
2022-03-03,0.168174,0.141491,-0.082591,0.052589,0.002161,0.004326,-0.05217,0.006094,0.010135,0.023348,0.076891,0.013354,-0.091283,0.003522,0.058586,-0.049974,0.062953,-0.009104,-0.018039,14,17,15,16,9,6,13,11,8,7,5,12,10,1,3,4,2
2022-03-04,0.229177,0.224208,0.113706,-0.115192,0.001062,-0.001984,0.112853,-0.002821,-0.005182,-0.000722,-0.106527,0.003432,0.113985,0.002696,-0.106751,0.111512,-0.110137,-0.002561,-0.000435,4,1,3,2,10,5,8,7,12,13,9,11,6,14,15,17,16
2022-03-07,0.11594,0.113085,0.057925,-0.057428,0.001303,-0.000342,0.05716,-0.00077,-0.002488,-0.000442,-0.053391,0.001752,0.058512,0.001917,-0.053308,0.056616,-0.05484,-0.000518,0.001049,4,1,3,2,9,6,8,7,12,13,10,11,5,15,14,17,16
2022-03-08,0.159744,0.130739,0.079348,-0.053465,0.005675,-0.00619,0.046663,-0.004723,-0.017462,-0.031768,-0.073336,-0.01635,0.086408,-0.01049,-0.052998,0.034424,-0.047903,0.015943,0.018877,4,1,3,2,9,11,5,7,8,12,13,6,10,17,15,16,14
2022-03-09,0.835368,0.812314,-0.395899,0.428386,-0.002501,0.00046,-0.40561,0.001901,0.01838,-0.009031,0.376049,-0.013533,-0.397452,-0.013874,0.393925,-0.406982,0.404587,0.014468,0.001804,17,15,16,14,9,12,8,10,7,5,11,6,13,4,3,1,2
2022-03-10,0.044511,0.03548,-0.01019,-0.013534,-0.000675,0.008385,0.012446,0.009182,0.012725,0.023647,0.013802,0.017423,-0.020864,0.011575,-0.003697,0.02078,-0.009967,-0.007877,-0.008474,2,17,6,15,9,3,13,10,8,5,1,12,7,4,11,16,14
2022-03-11,0.371189,0.365234,-0.186451,0.181831,-0.001763,0.001184,-0.183101,0.003782,0.006555,0.005366,0.176232,-0.002283,-0.189358,-0.004416,0.173642,-0.181672,0.17873,0.003327,-0.002651,14,17,15,16,9,11,12,10,7,5,6,8,13,3,4,1,2
2022-03-14,0.111618,0.09947,-0.036431,0.056607,0.003676,7.3e-05,-0.051396,-0.004202,-0.004789,-0.011965,0.040114,-0.008425,-0.030104,-0.005645,0.046892,-0.055011,0.052072,0.007274,0.006325,17,14,16,15,8,12,6,7,9,10,13,5,11,4,3,1,2
2022-03-15,0.248162,0.24106,0.124955,-0.115096,0.002573,-0.001117,0.119702,-0.003327,-0.005359,-0.006704,-0.116972,-0.000389,0.13119,0.001957,-0.112517,0.11812,-0.115266,0.000112,0.004153,4,1,3,2,10,9,5,6,11,12,13,8,7,17,14,15,16
2022-03-16,0.916152,0.895308,0.435407,-0.458313,-0.005505,-0.00347,0.451889,0.000175,-0.008298,0.0068,-0.420249,0.017188,0.43941,0.012068,-0.430638,0.457839,-0.447835,-0.021861,-0.004249,1,3,2,4,9,5,10,11,8,12,7,13,6,14,15,17,16
2022-03-17,0.128546,0.106369,-0.061968,0.03309,-0.004951,0.003788,-0.04428,0.009791,0.006586,0.019352,0.058586,0.011824,-0.06996,0.004558,0.041769,-0.038837,0.042543,-0.006356,-0.007555,14,17,15,16,10,6,13,11,7,8,5,12,9,1,3,4,2
2022-03-18,0.302947,0.283595,-0.153446,0.12769,-0.005828,0.003926,-0.132677,0.010721,0.013679,0.020439,0.141479,0.010697,-0.161469,0.003456,0.130724,-0.129383,0.130991,-0.004113,-0.008716,14,17,15,16,9,8,13,12,7,6,5,11,10,1,3,4,2
2022-03-22,0.081652,0.074352,0.030712,-0.04308,-0.00154,0.000566,0.036543,0.002337,-0.001992,0.004077,-0.029478,0.005177,0.031894,0.0019,-0.036109,0.038572,-0.036856,-0.003643,-0.001874,1,3,2,4,9,5,11,10,7,12,6,13,8,14,15,17,16
2022-03-23,0.117314,0.107299,0.04508,-0.0614,-0.001646,0.001318,0.053468,0.003473,-0.002352,0.006175,-0.042212,0.007893,0.046738,0.00304,-0.051556,0.055914,-0.05282,-0.004603,-0.002207,1,3,2,4,9,5,11,10,7,12,6,13,8,14,15,17,16
2022-03-24,0.223145,0.208498,-0.092772,0.115386,0.001381,-0.003044,-0.104677,-0.003749,0.005146,-0.00849,0.084977,-0.012441,-0.095882,-0.006043,0.099543,-0.107759,0.102247,0.007365,0.002418,17,15,16,14,9,13,7,8,10,6,12,5,11,4,3,1,2
2022-03-25,0.243712,0.226835,0.099064,-0.127173,-0.002667,0.001958,0.112251,0.002578,-0.006025,0.008178,-0.094187,0.01161,0.102976,0.006234,-0.109166,0.116539,-0.112401,-0.009146,-0.004315,1,3,2,4,9,5,11,10,8,12,6,13,7,14,15,17,16
2022-03-28,0.121286,0.111698,-0.063418,0.04551,-0.001273,0.002266,-0.050671,0.00607,0.006634,0.011525,0.056191,0.005951,-0.065095,-2.8e-05,0.050664,-0.048864,0.049055,-0.003056,-0.005861,14,17,15,16,9,8,13,11,7,6,5,12,10,1,2,4,3
2022-03-29,0.484444,0.46861,0.230568,-0.242674,0.001912,-0.001483,0.228371,-0.003822,-0.015974,-0.005305,-0.213872,0.006938,0.24177,0.007705,-0.22532,0.236442,-0.229056,-0.00851,0.002153,2,1,4,3,9,6,7,8,10,13,11,12,5,14,15,17,16
2022-03-30,0.140321,0.126426,0.049442,-0.07439,-0.001506,0.003013,0.061789,0.005327,-0.000785,0.009742,-0.048127,0.009875,0.052493,0.003652,-0.060308,0.065931,-0.064366,-0.008347,-0.006177,1,3,2,4,9,5,12,11,7,10,6,13,8,14,15,17,16
2022-03-31,0.114789,0.111655,0.058236,-0.053667,0.00086,-0.001958,0.052951,-0.003257,-0.005776,-0.005551,-0.053774,-0.001566,0.061015,0.000683,-0.053598,0.054674,-0.053144,4.1e-05,0.002663,3,1,4,2,10,9,5,6,11,13,12,8,7,17,15,16,14
2022-04-01,0.294376,0.278938,0.150726,-0.125717,0.003154,-0.006898,0.129844,-0.011513,-0.01611,-0.020612,-0.137831,-0.008722,0.156545,0.001943,-0.131221,0.131721,-0.128771,0.004693,0.011032,3,1,4,2,9,10,5,7,11,12,13,6,8,17,16,14,15
2022-04-04,0.094916,0.086637,0.034989,-0.049661,-0.000436,0.001056,0.041346,0.002983,-0.001107,0.005288,-0.034005,0.006708,0.039411,0.00105,-0.041567,0.045255,-0.042671,-0.004939,-0.004218,1,3,2,4,8,5,12,10,7,11,6,13,9,14,15,17,16
2022-04-05,0.03793,0.037027,-0.019848,0.01726,-0.000648,0.000293,-0.018049,0.00066,0.001577,0.001686,0.017642,0.000571,-0.020288,-0.000611,0.017415,-0.018344,0.017546,-0.000428,-0.001647,15,17,14,16,9,8,13,12,7,6,5,10,11,1,3,4,2
2022-04-06,0.235293,0.23002,0.120915,-0.1094,0.001977,-0.0038,0.110469,-0.006026,-0.011735,-0.012136,-0.111299,-0.005085,0.123995,0.001508,-0.110515,0.112158,-0.111177,0.000161,0.007831,3,1,4,2,9,10,5,6,11,12,13,8,7,17,15,14,16
2022-04-07,0.439864,0.428989,0.212061,-0.219145,0.001137,-0.003646,0.206348,-0.003623,-0.017774,-0.008131,-0.197728,0.004242,0.220719,0.002624,-0.208869,0.21547,-0.210704,-0.00768,0.003675,2,1,4,3,10,5,6,8,9,13,12,11,7,14,15,17,16
2022-04-08,0.286252,0.277045,0.132898,-0.145184,0.000655,-0.000291,0.134853,0.001438,-0.009401,-0.00026,-0.124222,0.007452,0.140128,0.00219,-0.13456,0.141067,-0.135342,-0.005718,9.8e-05,1,2,3,4,11,5,9,8,7,13,10,12,6,14,15,17,16
2022-04-11,0.319574,0.311979,-0.158821,0.156236,-0.001208,0.001758,-0.154077,0.000153,0.011945,0.007186,0.145457,-0.001172,-0.163338,-0.003356,0.150784,-0.155657,0.151101,0.001683,-0.00643,15,17,14,16,7,10,13,11,9,5,6,8,12,4,3,1,2
2022-04-12,0.193625,0.178362,-0.073373,0.105037,0.004522,-0.000502,-0.084272,-0.009151,0.00165,-0.009613,0.072574,-0.010221,-0.081489,0.000662,0.088305,-0.088589,0.087394,0.007716,0.009582,17,15,16,14,10,13,5,7,11,8,12,6,9,4,2,1,3
2022-04-13,0.105467,0.102198,-0.049618,0.054048,0.00025,4.5e-05,-0.050189,-0.002088,0.002323,-0.000495,0.046004,-0.002278,-0.050972,-0.000732,0.050377,-0.051419,0.04959,0.001494,0.000479,17,16,15,14,9,13,7,8,12,5,10,6,11,4,2,1,3
2022-04-14,0.104872,0.09565,-0.052087,0.037074,-0.000378,0.003925,-0.04478,0.006605,0.007442,0.01119,0.050708,0.008388,-0.054164,0.000626,0.043589,-0.040784,0.041621,-0.002837,-0.006601,14,17,15,16,9,6,13,11,8,7,5,12,10,1,2,4,3
2022-04-18,0.07404,0.066079,-0.027099,0.039467,0.000353,-0.00182,-0.031416,-0.00539,-0.000944,-0.006142,0.02407,-0.006501,-0.027526,-0.001226,0.032205,-0.034573,0.033049,0.00362,0.003676,17,15,16,14,10,13,5,7,11,8,12,6,9,4,3,1,2
2022-04-19,0.44214,0.429868,-0.214064,0.222234,-3e-05,0.003275,-0.211439,-0.003531,0.010621,0.00563,0.203272,9.6e-05,-0.219905,-0.000559,0.211932,-0.212714,0.208755,0.003051,-0.001328,15,17,14,16,7,9,12,10,13,5,6,8,11,4,2,1,3
2022-04-20,0.181075,0.164928,0.070696,-0.096817,-0.000721,0.00405,0.079593,0.013204,0.004034,0.013421,-0.063223,0.014453,0.072339,0.000756,-0.080046,0.084258,-0.081731,-0.006705,-0.008171,1,3,2,4,8,5,13,11,7,9,6,12,10,14,15,17,16
2022-04-21,0.124793,0.120738,0.056581,-0.065278,-0.000866,-0.000468,0.057884,0.002494,-0.002781,0.001014,-0.054274,0.002458,0.058136,-0.000722,-0.060513,0.059515,-0.060886,-0.002995,-0.002811,1,2,3,4,8,6,12,10,5,11,7,13,9,14,15,17,16
2022-04-22,0.160776,0.144947,0.083301,-0.052494,0.003889,-0.004789,0.071149,-0.011528,-0.009736,-0.018285,-0.077475,-0.013673,0.083252,0.001855,-0.062479,0.065561,-0.057185,0.006511,0.013764,4,2,3,1,9,12,5,7,11,10,13,6,8,17,16,14,15
2022-04-25,0.090369,0.071904,-0.008076,0.057995,0.007513,-0.007813,-0.023617,-0.02454,-0.013438,-0.026046,0.005161,-0.025704,-0.012626,0.000626,0.031475,-0.032374,0.042118,0.015669,0.022213,17,11,13,10,9,15,4,6,14,12,16,5,8,7,3,1,2
2022-04-26,0.428872,0.422417,0.215235,-0.211007,0.00304,-0.000399,0.211929,0.004591,-0.012476,-0.004504,-0.198688,-0.000796,0.217866,-0.001268,-0.208421,0.210017,-0.202793,-0.003957,0.002975,4,1,3,2,8,9,7,6,5,13,12,11,10,14,16,17,15
2022-04-27,0.290703,0.268688,-0.113559,0.152682,0.003165,-0.004727,-0.127198,-0.02102,-0.004978,-0.014393,0.10439,-0.021194,-0.122084,0.00181,0.129898,-0.138022,0.136181,0.014446,0.011501,17,15,16,14,9,13,6,7,12,10,11,5,8,4,3,1,2
2022-04-28,0.138669,0.137114,-0.070117,0.068464,-0.000484,0.000639,-0.068355,-0.000694,0.005591,0.002742,0.065226,0.001568,-0.070204,0.001252,0.068269,-0.067252,0.065933,0.002129,-0.000719,14,17,15,16,10,8,13,11,12,5,6,7,9,4,2,1,3
2022-05-02,0.070016,0.053384,0.004993,-0.040133,-0.005793,0.003078,0.020055,0.014049,0.012895,0.012725,-0.008239,0.015056,0.012761,-0.004142,-0.02269,0.029883,-0.032336,-0.009853,-0.011984,1,6,2,8,9,3,14,11,4,5,7,13,10,12,15,17,16
2022-05-06,0.137676,0.134825,-0.065438,0.069973,-0.000479,-0.000531,-0.067372,-0.003522,0.002401,6.3e-05,0.061141,-0.000858,-0.067478,0.002138,0.066307,-0.067703,0.065643,0.003048,0.000904,17,16,15,14,11,12,8,10,13,6,9,5,7,4,2,1,3
2022-05-09,0.078512,0.074181,0.041022,-0.032475,0.001543,-0.001426,0.036881,-0.00256,-0.006391,-0.0041,-0.03749,-0.004224,0.038643,0.000966,-0.035901,0.03483,-0.032605,0.000828,0.003727,4,2,3,1,9,12,5,6,10,13,11,8,7,17,16,14,15
2022-05-10,0.873442,0.854522,0.452569,-0.401477,0.01055,-0.003294,0.426263,-0.013649,-0.05238,-0.032987,-0.420873,-0.028746,0.442051,0.004751,-0.420331,0.417793,-0.396925,-0.005328,0.023686,4,2,3,1,8,11,5,6,10,13,12,9,7,17,16,15,14
2022-05-11,0.116062,0.111852,0.058497,-0.050815,0.002363,-0.000568,0.054851,-0.001695,-0.007751,-0.0042,-0.054813,-0.004324,0.060053,0.00094,-0.056009,0.054628,-0.051333,-0.0003,0.002751,4,1,3,2,9,12,5,6,10,13,11,8,7,16,17,14,15
2022-05-12,0.262448,0.253166,-0.121644,0.135813,0.000831,-0.001817,-0.124616,-0.006486,0.001205,-0.003026,0.110651,-0.004912,-0.123426,0.006399,0.125305,-0.126635,0.123704,0.008895,0.005949,17,15,16,14,10,12,7,9,13,8,11,5,6,4,2,1,3
2022-05-13,0.124545,0.122216,-0.061537,0.061709,-0.000847,0.00013,-0.060157,0.000149,0.00524,0.001853,0.057157,0.00179,-0.062641,0.001387,0.061905,-0.060554,0.058302,0.002552,0.00051,15,17,14,16,12,8,10,13,11,5,7,6,9,4,1,2,3
2022-05-16,0.086646,0.073707,-0.044505,0.011114,-0.006352,0.002708,-0.030222,0.015875,0.024036,0.013864,0.04214,0.014893,-0.044341,-0.01059,0.035876,-0.028692,0.020766,-0.005455,-0.011034,14,16,15,17,9,6,13,11,5,3,7,10,12,1,2,8,4
2022-05-17,0.077288,0.075482,0.03883,-0.037168,0.001002,0.000488,0.037939,-4.1e-05,-0.003287,-0.001247,-0.035222,-0.000294,0.039472,8.6e-05,-0.037815,0.037841,-0.035148,-0.000853,0.000332,4,1,3,2,6,10,7,5,9,13,12,11,8,15,17,16,14
2022-05-18,0.321674,0.307905,-0.163383,0.136868,-0.007058,-0.003314,-0.151274,0.009549,0.027606,0.012107,0.150516,0.010826,-0.16549,-0.00515,0.156184,-0.148317,0.13622,0.000167,-0.009038,14,17,15,16,10,7,13,12,8,5,6,9,11,2,1,3,4
2022-05-19,0.616157,0.579035,-0.261813,0.318956,0.004281,-0.00085,-0.289679,-0.029376,-0.018517,-0.014906,0.230946,-0.034554,-0.265849,0.023351,0.278548,-0.2972,0.286872,0.019428,0.026186,17,15,16,14,9,13,5,8,12,11,10,7,6,4,3,1,2
2022-05-20,0.23705,0.231698,-0.113851,0.118973,-0.002198,-0.002111,-0.114707,-0.002487,0.005281,0.000992,0.102964,-0.003738,-0.114244,0.005339,0.117347,-0.118077,0.111747,0.005633,0.004059,17,15,16,14,10,13,8,11,12,7,9,5,6,4,2,1,3
2022-05-23,0.076887,0.074972,0.036452,-0.038962,0.000259,0.000423,0.036821,0.000484,-0.002299,-0.000769,-0.033572,0.000854,0.036511,-0.001824,-0.038257,0.037924,-0.036439,-0.002096,-0.001612,1,3,2,4,7,5,10,8,6,13,9,12,11,14,16,17,15
2022-05-24,0.150154,0.139077,-0.076058,0.059537,-0.00372,-0.00499,-0.061696,0.004973,0.018524,0.007065,0.069785,0.009699,-0.078151,-0.004876,0.072003,-0.057577,0.050975,0.000536,-0.006876,14,17,15,16,12,6,13,10,8,5,7,9,11,2,1,3,4
2022-05-25,0.267365,0.262894,0.130834,-0.133691,0.002025,0.003554,0.1299,0.00126,-0.009424,-0.002619,-0.119572,0.002914,0.132672,-0.00427,-0.134692,0.13209,-0.124705,-0.004625,-0.002391,2,1,4,3,5,6,9,7,8,13,10,12,11,14,17,16,15
2022-05-26,0.23494,0.225695,-0.115805,0.111126,-0.00213,-0.003764,-0.108373,0.001289,0.013225,0.004751,0.106098,0.002166,-0.117692,0.001522,0.117248,-0.109116,0.10223,0.005408,-0.000958,15,17,14,16,13,8,11,12,10,5,7,6,9,3,1,2,4
2022-05-27,0.113092,0.102565,-0.057006,0.042659,-0.002673,-0.003682,-0.043202,0.003984,0.01401,0.005218,0.051736,0.006981,-0.058216,-0.003013,0.054876,-0.042025,0.03627,0.004199,-0.005035,14,17,15,16,12,6,13,10,9,5,7,8,11,2,1,3,4
2022-05-31,0.05567,0.045689,-0.030598,0.008558,-0.002411,-0.005434,-0.012248,0.005323,0.014473,0.004532,0.024357,0.011729,-0.031314,-0.006296,0.024077,-0.008479,0.004221,0.003321,-0.008134,14,17,15,16,11,4,13,10,6,3,7,9,12,1,2,5,8
2022-06-01,0.079739,0.070328,-0.025856,0.040401,0.000197,0.001331,-0.034291,-0.002773,-0.003985,-0.002203,0.026348,-0.00615,-0.024657,0.003467,0.032017,-0.039338,0.03908,-0.001647,0.004382,17,14,16,15,7,13,5,8,11,12,10,9,6,4,3,1,2
2022-06-02,0.116471,0.10995,-0.047958,0.058506,-0.001344,0.001082,-0.054412,-0.001872,-0.001085,0.002103,0.04822,-0.004147,-0.049822,0.006292,0.054924,-0.057965,0.05422,-0.002793,0.003884,17,15,16,14,8,13,6,10,11,9,7,12,5,4,2,1,3
2022-06-03,0.035641,0.029082,-0.023002,0.008561,0.001362,-0.004628,-0.006902,0.001231,0.012639,-0.000858,0.012411,0.006913,-0.019513,-0.00749,0.012191,-0.004615,0.004573,0.009745,-0.005275,11,16,14,17,12,6,13,8,9,1,10,4,15,2,3,5,7
2022-06-06,0.192216,0.185557,-0.083403,0.095819,-0.002571,0.001009,-0.091083,-0.001716,-0.001238,0.00251,0.081753,-0.00709,-0.088206,0.008817,0.093638,-0.096397,0.091528,-0.003247,0.005704,17,15,16,14,8,13,6,11,10,9,7,12,5,4,2,1,3
2022-06-07,0.02255,0.02123,-0.01236,0.009278,0.000598,-0.000719,-0.010061,0.00082,0.002075,0.000364,0.009883,0.000815,-0.011917,-0.000806,0.01019,-0.009886,0.00894,0.002512,0.000187,14,16,15,17,12,8,11,9,7,6,10,5,13,2,1,3,4
2022-06-08,0.078656,0.0736,-0.0432,0.031817,0.002275,-0.002508,-0.034612,0.00312,0.007596,0.001356,0.034317,0.003098,-0.041398,-0.002948,0.035456,-0.033967,0.030848,0.009343,0.000736,14,16,15,17,12,8,11,9,7,6,10,5,13,2,1,3,4
2022-06-09,0.026639,0.022519,0.002505,0.01497,-0.003939,0.002134,-0.00868,-0.005641,-0.007501,-0.000534,0.004903,-0.005499,-0.001034,0.007834,0.009625,-0.010932,0.01168,-0.011668,0.001135,16,10,15,6,7,12,8,11,13,14,9,17,4,5,3,1,2
2022-06-10,0.097446,0.087618,-0.033156,0.04686,-0.003268,0.006853,-0.04228,-0.00528,-0.014162,0.007312,0.040829,-0.007349,-0.035554,0.013589,0.044162,-0.050586,0.043413,-0.019023,0.006698,17,15,16,14,7,11,8,9,10,12,6,13,5,4,2,1,3
2022-06-13,0.362256,0.347298,0.1894,-0.169821,-0.00134,0.011645,0.172939,-0.004465,-0.035393,0.001657,-0.154675,0.00123,0.180105,0.006455,-0.172856,0.162552,-0.156773,-0.028724,0.00233,4,2,3,1,5,9,7,10,11,13,8,12,6,14,17,16,15
2022-06-14,0.098442,0.082933,-0.018512,0.043614,-0.006391,0.008927,-0.036844,-0.001817,-0.027353,0.011806,0.023467,-0.008049,-0.027928,0.014856,0.039552,-0.049965,0.048478,-0.030345,0.01383,17,14,16,12,8,11,6,10,9,13,7,15,5,4,3,2,1
2022-06-15,0.288195,0.278761,-0.139863,0.148333,-0.002053,-0.003686,-0.134556,-0.001004,0.009341,0.004343,0.121928,-0.006118,-0.133213,0.006458,0.142784,-0.136425,0.134324,0.002221,0.006667,16,14,15,17,12,13,6,11,10,5,8,9,7,4,2,1,3
2022-06-16,0.142511,0.135441,0.061386,-0.072493,0.002815,0.000788,0.065524,0.00124,0.002573,-0.002568,-0.056192,0.005171,0.060975,-0.004794,-0.06775,0.070018,-0.069152,0.004287,-0.005727,1,4,2,3,10,5,13,7,9,8,11,6,12,14,15,17,16
2022-06-17,0.378309,0.36,0.20337,-0.169498,-0.008706,0.002132,0.170051,-0.007473,-0.040356,-0.004512,-0.168362,-0.004507,0.193781,0.005864,-0.174939,0.158473,-0.153493,-0.032426,0.007608,4,2,3,1,7,8,5,11,10,13,9,12,6,15,17,16,14
2022-06-21,0.142689,0.138491,0.071608,-0.071081,-0.001866,-1.6e-05,0.067544,-0.001584,-0.006318,-0.002872,-0.066737,1.5e-05,0.068221,-0.002142,-0.070276,0.065795,-0.066743,-0.005707,-0.001702,4,2,3,1,6,5,8,9,7,13,11,12,10,14,16,17,15
2022-06-22,0.182816,0.166909,0.066232,-0.083587,0.009762,0.001786,0.08249,-0.001565,0.019857,-0.004527,-0.072201,0.009806,0.063783,-0.006603,-0.085602,0.091879,-0.090937,0.015052,-0.011289,1,4,2,3,9,7,13,8,10,5,11,6,12,14,16,15,17
2022-06-23,0.39966,0.387281,0.202437,-0.197223,-0.000584,0.001582,0.190838,-0.00335,-0.013225,-0.005299,-0.182623,0.002808,0.190282,-0.005069,-0.195257,0.190358,-0.185732,-0.011986,-0.00344,3,4,2,1,6,5,9,7,8,13,11,12,10,14,16,17,15
2022-06-24,0.900276,0.874436,0.453979,-0.446297,0.00314,0.0016,0.434977,-0.002283,-0.024435,-0.014585,-0.406945,0.009808,0.424248,-0.015623,-0.446047,0.430329,-0.411679,-0.009222,-0.007499,3,4,2,1,7,5,9,6,8,13,11,10,12,14,16,17,15
2022-06-27,0.208689,0.196164,-0.118445,0.090244,0.01002,-0.002415,-0.091935,-0.002474,0.031072,-0.005599,0.089526,0.005988,-0.112984,-0.000315,0.085358,-0.078908,0.063211,0.025728,-0.013336,14,16,15,17,10,8,13,7,11,5,12,6,9,2,3,1,4
2022-06-28,0.02824,0.027345,-0.013238,0.014991,0.001681,0.001533,-0.0122,0.001538,0.00276,0.001935,0.014159,0.001129,-0.012444,0.001827,0.015002,-0.011938,0.013305,0.002042,0.001087,14,16,15,17,11,12,13,9,10,5,7,6,8,3,1,2,4
2022-06-29,0.412906,0.405798,-0.203532,0.208874,-0.001344,0.000465,-0.201258,0.006782,0.009804,0.013314,0.183894,-0.011645,-0.185846,0.010108,0.207548,-0.204032,0.192151,0.001917,0.00575,17,14,15,16,11,13,9,12,8,7,5,10,6,4,2,1,3
2022-06-30,0.458346,0.443177,0.233219,-0.225127,-0.003701,-0.00217,0.220879,-0.003765,-0.01922,-0.010208,-0.208116,0.005767,0.217178,-0.009364,-0.224672,0.217518,-0.202126,-0.010859,0.000398,3,4,2,1,7,5,6,8,9,13,11,12,10,15,16,17,14
2022-07-01,0.256595,0.248126,0.13219,-0.124405,-0.001669,-0.000932,0.123514,-0.001327,-0.011303,-0.004645,-0.116557,0.002747,0.123989,-0.00397,-0.123723,0.120905,-0.110113,-0.007329,0.002424,4,2,3,1,7,5,6,9,8,13,11,12,10,15,16,17,14
2022-07-05,0.102564,0.09519,0.037873,-0.050073,0.008126,0.004473,0.046735,-0.005751,0.007397,-0.006006,-0.034025,0.009226,0.029118,-0.000303,-0.048514,0.052491,-0.049884,0.007676,-0.008655,1,4,2,3,9,5,13,6,11,8,12,7,10,14,15,17,16
2022-07-06,0.010806,0.008924,0.000811,0.000358,-0.00491,-0.004263,-0.003084,0.000137,-0.006648,-0.00093,-0.004591,-0.005364,0.004158,-0.002221,0.000329,-0.006575,0.002034,-0.006199,0.001158,16,1,10,4,11,14,3,13,7,17,8,15,9,12,6,5,2
2022-07-07,0.259196,0.251621,0.129994,-0.129202,0.001437,0.00116,0.125106,-0.005065,-0.007804,-0.007297,-0.115501,0.005072,0.118129,-0.002017,-0.126913,0.126608,-0.11704,-0.004851,-0.002044,2,4,3,1,7,5,9,6,11,13,12,10,8,14,16,17,15
2022-07-08,0.278748,0.269295,-0.147996,0.130751,0.006409,0.003713,-0.131584,7.4e-05,0.021589,0.005133,0.129147,0.000328,-0.139472,0.004166,0.128934,-0.121653,0.111733,0.014465,-0.004419,14,16,15,17,10,11,13,7,12,5,8,6,9,2,3,1,4
2022-07-11,0.073835,0.070684,0.038447,-0.035388,-0.000183,0.000433,0.035974,-0.000296,-0.003652,-0.001228,-0.032671,0.001361,0.034946,-0.000332,-0.034627,0.03449,-0.031351,-0.002441,0.000643,4,3,2,1,7,5,6,8,9,13,11,12,10,15,16,17,14
2022-07-12,0.060194,0.055713,0.031556,-0.024516,-0.002564,-0.001804,0.026361,0.001187,-0.005983,-0.000228,-0.027688,-0.001297,0.032506,-0.00067,-0.024513,0.021973,-0.019103,-0.003937,0.002466,4,1,3,2,10,9,5,11,6,13,7,12,8,17,15,16,14
2022-07-13,0.098091,0.095134,-0.047119,0.048023,-0.003697,-0.004164,-0.048059,0.001672,-0.000204,0.00193,0.037521,-0.005162,-0.037858,-0.000638,0.046194,-0.050068,0.045938,-0.000209,0.001149,17,14,16,15,12,13,7,11,6,8,5,9,10,4,2,1,3
2022-07-14,0.010676,0.007698,-0.001114,0.004038,-0.002273,-0.001694,-0.00259,0.000941,-0.002033,0.000202,-0.000113,-0.001632,0.001501,-0.000374,0.003517,-0.005408,0.005269,-0.001198,0.001132,17,4,16,10,13,12,5,15,6,14,7,11,9,8,3,2,1
2022-07-15,0.469173,0.447951,0.241871,-0.227302,-0.001862,0.002943,0.225158,-0.004662,-0.024168,-0.010519,-0.207555,0.008012,0.217121,-0.003011,-0.221966,0.220002,-0.200703,-0.015429,0.002685,3,4,2,1,6,5,7,8,10,13,11,12,9,15,16,17,14
2022-07-19,0.267704,0.25587,-0.14216,0.117907,0.009569,0.004845,-0.12458,-0.001843,0.022639,0.004131,0.125543,0.001302,-0.138846,0.001857,0.118574,-0.109401,0.097213,0.014703,-0.007089,14,16,15,17,8,11,13,7,12,5,9,6,10,1,2,3,4
2022-07-20,0.386957,0.371005,-0.204093,0.171306,0.013271,0.007064,-0.181087,-0.003254,0.030315,0.007488,0.182864,0.001333,-0.20124,0.003494,0.172424,-0.159323,0.141583,0.017873,-0.011421,14,16,15,17,9,11,13,7,12,5,8,6,10,1,2,3,4
2022-07-21,0.298861,0.287359,-0.153848,0.145013,-0.000156,-0.002686,-0.146525,0.00408,0.014191,0.007747,0.132864,-0.007867,-0.141785,-0.000614,0.142042,-0.141317,0.129493,0.010315,-0.002559,14,15,16,17,12,13,11,9,8,5,7,6,10,3,2,1,4
2022-07-22,0.116226,0.11027,0.049952,-0.057617,0.004977,0.003277,0.051057,-0.005383,0.001257,-0.004492,-0.045984,0.00353,0.039134,-6.9e-05,-0.056881,0.058609,-0.056691,-0.001301,-0.005053,1,4,2,3,7,6,12,5,13,8,11,10,9,14,16,17,15
2022-07-25,0.138733,0.134358,0.071658,-0.067076,-0.001661,-0.000467,0.067875,-0.00138,-0.008059,-0.004223,-0.063155,0.00245,0.067444,-0.000446,-0.065866,0.064274,-0.058766,-0.005196,0.001651,4,3,2,1,8,5,6,10,9,13,11,12,7,15,16,17,14
2022-07-26,0.123484,0.121139,-0.063874,0.059609,0.006028,0.003666,-0.058572,0.001714,0.012022,0.005534,0.059452,0.000769,-0.063321,0.002911,0.058588,-0.051013,0.050861,0.008087,-0.001705,14,16,15,17,9,12,13,7,11,5,8,6,10,2,3,1,4
2022-07-27,0.151389,0.147649,0.079753,-0.071636,-0.003415,-0.000848,0.074358,-0.000778,-0.010305,-0.004132,-0.069367,0.002406,0.077355,-0.00082,-0.070477,0.067213,-0.062415,-0.006487,0.003594,4,2,3,1,9,6,5,10,7,13,11,12,8,15,16,17,14
2022-07-28,0.062483,0.043795,-0.02529,0.009261,0.013258,0.006776,-0.017194,-0.005987,0.01316,0.001261,0.023938,0.003569,-0.038546,0.003257,0.008888,0.001597,0.000317,0.008021,-0.008889,10,17,15,16,7,8,14,2,13,3,11,6,9,1,5,4,12
2022-07-29,0.144069,0.133568,0.057259,-0.070093,0.011843,0.005703,0.060922,-0.011693,0.004201,-0.004222,-0.048857,0.005011,0.034824,0.005706,-0.068361,0.072507,-0.071561,0.003199,-0.010945,1,4,2,3,7,8,12,5,13,9,11,10,6,14,15,16,17
2022-08-01,0.446849,0.435192,-0.231128,0.215721,0.008245,0.002718,-0.21686,0.004877,0.028317,0.015626,0.207249,-0.007776,-0.221393,0.004062,0.213223,-0.206338,0.18991,0.019232,-0.007088,14,16,15,17,11,13,12,8,9,5,7,6,10,3,2,1,4
2022-08-02,0.302571,0.293361,0.154342,-0.148228,-0.00226,-0.000108,0.147946,-0.005362,-0.016364,-0.01098,-0.138115,0.0049,0.14523,-0.003169,-0.14622,0.142446,-0.133863,-0.011908,0.000825,4,3,2,1,7,5,6,8,10,13,11,12,9,15,16,17,14
2022-08-03,0.062723,0.05667,0.031886,-0.023605,-0.006143,-0.001536,0.029049,0.004033,-0.005956,-0.001409,-0.027984,-0.000871,0.034739,-0.003382,-0.022747,0.021482,-0.018222,-0.004472,0.004751,4,1,3,2,9,7,5,13,6,12,8,11,10,17,15,16,14
2022-08-04,0.310025,0.303613,0.151922,-0.155191,0.008202,0.003421,0.14719,-0.014478,-0.010602,-0.010188,-0.135187,0.010269,0.133102,0.004955,-0.15362,0.154833,-0.148083,-0.007207,-0.006033,1,4,3,2,8,5,9,6,13,12,11,10,7,14,16,17,15
2022-08-05,0.074742,0.073157,0.037398,-0.037343,-0.003088,-0.001837,0.035432,-0.001766,-0.006182,-0.00422,-0.036349,-0.000874,0.03625,-0.002921,-0.036698,0.03279,-0.033148,-0.005083,-0.00026,4,2,3,1,8,6,5,10,7,13,11,12,9,15,16,17,14
2022-08-08,0.318962,0.309831,-0.161645,0.157317,-0.001103,-0.001435,-0.155614,0.008411,0.015602,0.011161,0.144005,-0.007132,-0.149143,0.000425,0.155251,-0.153987,0.145678,0.011115,0.000442,15,14,16,17,12,13,9,11,8,5,6,7,10,4,2,1,3
2022-08-09,0.170995,0.164499,-0.088218,0.082777,0.000315,-0.001076,-0.083788,0.002617,0.00854,0.005519,0.076307,-0.004217,-0.080992,0.000535,0.080866,-0.08154,0.074912,0.006215,-0.001565,15,14,16,17,11,13,12,10,8,5,7,6,9,3,2,1,4
2022-08-10,0.174467,0.169825,-0.088152,0.086315,-0.000381,-0.000221,-0.084133,0.005,0.008936,0.007309,0.079041,-0.004534,-0.079227,-0.001315,0.085251,-0.08475,0.080875,0.005581,-3.6e-05,16,14,15,17,10,13,9,11,8,5,6,7,12,4,2,1,3
2022-08-12,0.202583,0.19286,-0.108926,0.092065,0.015628,0.003649,-0.098837,-0.009972,0.0141,0.008006,0.093658,-0.000513,-0.103569,0.009456,0.081527,-0.081791,0.070457,0.014499,-0.013989,14,16,15,17,10,11,13,5,12,7,9,6,8,1,3,2,4
2022-08-15,0.044878,0.033704,0.00347,-0.013276,0.013162,0.004614,0.007568,-0.011496,0.003379,-0.001342,-0.005976,0.005345,0.000595,0.00956,-0.020235,0.021009,-0.02387,0.00558,-0.010375,1,10,4,8,7,6,13,2,14,9,11,5,3,12,16,15,17
2022-08-16,0.320301,0.312241,0.16234,-0.157961,0.002026,0.001599,0.155307,-0.008781,-0.014847,-0.011616,-0.145275,0.007101,0.147223,0.002804,-0.155613,0.156227,-0.149273,-0.009844,0.001112,2,4,3,1,8,5,9,7,10,13,12,11,6,14,16,17,15
2022-08-17,0.008903,0.00698,0.001902,-0.003472,0.001597,0.000774,0.002384,-0.001713,5.1e-05,-0.000273,-0.002507,0.00044,0.001177,0.000918,-0.004279,0.004065,-0.004838,0.000521,-0.001315,1,5,2,3,7,9,12,4,13,10,11,8,6,14,16,15,17
2022-08-18,0.06998,0.065061,-0.028585,0.033456,-0.005927,-0.00379,-0.028157,0.007021,0.002103,0.002363,0.027256,-0.002479,-0.022938,-0.003096,0.035006,-0.034497,0.035483,-0.000508,0.004466,17,14,15,16,12,10,6,13,5,8,7,9,11,4,2,3,1
2022-08-19,0.124188,0.120705,-0.062387,0.0618,0.002481,0.002213,-0.061103,0.003087,0.006946,0.005767,0.05696,-0.001581,-0.057343,0.001156,0.059972,-0.058688,0.058163,0.005106,-0.000267,15,14,16,17,10,13,12,9,8,5,6,7,11,4,2,1,3
2022-08-22,0.20826,0.203344,0.111549,-0.094663,-0.008061,-0.008601,0.108366,0.0043,-0.011279,-0.008535,-0.096711,0.00141,0.107584,-0.00535,-0.09116,0.09781,-0.086612,-0.00871,0.009865,4,3,2,1,11,7,5,9,6,13,10,12,8,17,15,16,14
2022-08-23,0.171305,0.164169,-0.071771,0.089301,-0.012473,-0.013564,-0.074298,0.017468,0.001473,0.002222,0.063916,-0.012573,-0.056672,-0.011283,0.087967,-0.082004,0.087167,-0.001283,0.010332,17,14,16,15,13,12,6,11,5,8,7,9,10,4,2,1,3
2022-08-24,0.483263,0.471802,-0.24396,0.239303,0.000894,-0.00021,-0.239432,0.013231,0.020095,0.015849,0.215344,-0.013657,-0.221768,-0.002264,0.232982,-0.233389,0.226341,0.017816,-0.001959,15,14,16,17,10,13,11,9,8,5,7,6,12,4,2,1,3
2022-08-25,0.150659,0.146881,-0.078037,0.072622,0.003016,0.003549,-0.077243,0.000938,0.008169,0.006577,0.069032,-0.00244,-0.073487,0.002549,0.070224,-0.072029,0.067255,0.005767,-0.003323,14,15,16,17,8,12,13,9,11,5,6,7,10,3,2,1,4
2022-08-26,0.170823,0.165616,-0.090695,0.07437,0.009256,0.011132,-0.090354,-0.004596,0.012817,0.010096,0.080129,0.001549,-0.089445,0.006826,0.071855,-0.076815,0.067734,0.006629,-0.010401,14,15,16,17,6,11,13,8,12,5,7,10,9,1,3,2,4
2022-08-29,0.36843,0.354514,-0.163663,0.189707,-0.018493,-0.027238,-0.164443,0.026498,0.000206,-9e-05,0.136671,-0.025154,-0.134942,-0.017143,0.183476,-0.178723,0.183532,0.009806,0.01743,17,14,16,15,13,12,6,11,5,8,9,7,10,4,3,1,2
2022-08-30,0.09492,0.093539,-0.046436,0.048484,-0.001378,-0.001939,-0.04519,0.005123,0.003539,0.003088,0.03998,-0.004143,-0.039678,-0.001577,0.047757,-0.046125,0.046624,0.004375,0.002881,16,14,15,17,12,13,9,10,5,7,8,6,11,4,2,1,3
2022-08-31,0.040853,0.029905,0.014727,-0.009082,-0.008151,-0.00956,0.015492,0.006128,-0.00575,-0.005055,-0.019424,-0.007032,0.021429,-0.006987,-0.007278,0.009449,-0.004904,9.1e-05,0.010101,5,1,2,3,16,12,4,14,6,10,9,7,11,17,13,15,8
2022-09-01,0.080931,0.07871,-0.038829,0.041311,-0.004626,-0.00594,-0.036504,0.004157,0.000979,0.000247,0.03011,-0.005279,-0.030543,-0.003783,0.040415,-0.03962,0.03945,0.002201,0.004775,17,14,15,16,13,12,5,11,6,8,9,7,10,4,2,1,3
2022-09-02,0.515677,0.505584,0.261271,-0.254406,0.00107,0.004058,0.255735,-0.011385,-0.020788,-0.014781,-0.224778,0.015448,0.234506,0.004163,-0.249108,0.253245,-0.242987,-0.01559,0.001388,3,4,2,1,7,5,8,9,10,13,11,12,6,14,16,17,15
2022-09-06,0.475428,0.466797,-0.238765,0.236663,-0.006874,-0.008442,-0.233104,0.014931,0.01701,0.012419,0.202492,-0.018454,-0.208444,-0.004507,0.232838,-0.232196,0.226826,0.017556,0.004276,15,14,16,17,12,13,9,11,7,6,8,5,10,4,2,1,3
2022-09-07,0.112196,0.109813,-0.056967,0.055229,-0.001152,-0.001614,-0.055789,0.002461,0.00365,0.002687,0.048007,-0.00417,-0.050623,-0.001185,0.053957,-0.054822,0.052675,0.003513,-0.000352,15,14,16,17,12,13,9,10,8,5,7,6,11,4,2,1,3
2022-09-08,0.311155,0.306086,0.151278,-0.159044,0.014681,0.017208,0.145072,-0.018846,-0.006297,-0.00537,-0.118835,0.021569,0.118869,0.008543,-0.156645,0.15211,-0.154107,-0.016558,-0.015861,1,4,3,2,6,5,11,7,13,10,9,12,8,14,16,17,15
2022-09-09,0.152116,0.15046,-0.078574,0.073542,0.005661,0.005526,-0.077045,0.000504,0.008216,0.007305,0.072991,0.000745,-0.076506,0.002275,0.072722,-0.072122,0.067881,0.003512,-0.004011,14,15,16,17,8,11,13,7,12,5,6,9,10,2,3,1,4
2022-09-12,0.096169,0.084158,-0.044171,0.035489,0.010045,0.010762,-0.042017,-0.004877,0.006169,0.006805,0.044265,0.007893,-0.051904,0.002158,0.034627,-0.035845,0.028858,-0.001346,-0.008806,14,17,15,16,5,7,13,6,12,9,8,11,10,1,3,2,4
2022-09-13,0.055955,0.049945,-0.026983,0.021296,0.007282,0.006801,-0.025009,-0.00261,0.003695,0.003852,0.026211,0.005252,-0.029744,0.001797,0.020593,-0.021184,0.017607,-0.000574,-0.004033,14,17,15,16,6,7,13,5,12,9,8,11,10,1,3,2,4
2022-09-14,0.437381,0.427093,-0.213555,0.218384,-0.036081,-0.03305,-0.20272,0.041455,0.019113,0.015066,0.170498,-0.037815,-0.16942,-0.014105,0.223826,-0.206861,0.215933,0.019698,0.007533,16,14,15,17,11,13,9,12,5,7,8,6,10,4,1,2,3
2022-09-15,0.115898,0.112866,0.059725,-0.056173,0.000685,0.001283,0.058724,-0.000531,-0.003803,-0.002479,-0.050263,0.003978,0.054716,0.000632,-0.054878,0.057302,-0.051795,-0.001889,0.000934,3,4,2,1,6,5,7,8,10,13,12,11,9,14,16,17,15
2022-09-16,0.09773,0.094682,-0.045749,0.04912,-0.009301,-0.006202,-0.042071,0.00871,0.006518,0.004077,0.036881,-0.006457,-0.036866,0.003954,0.051612,-0.046119,0.049376,0.004329,0.005153,17,14,15,16,11,12,7,13,5,6,9,8,10,4,1,3,2
2022-09-20,0.229792,0.22327,0.115046,-0.11311,-0.007354,-0.003835,0.116682,-0.00149,-0.010648,-0.0083,-0.104371,0.004129,0.110076,0.00272,-0.108608,0.111992,-0.102405,-0.005169,0.001672,3,4,1,2,9,5,7,11,8,13,12,10,6,15,16,17,14
2022-09-21,0.117545,0.112229,0.055507,-0.053978,-0.010911,-0.007712,0.061136,0.002526,-0.005628,-0.005274,-0.05641,-0.001096,0.059864,0.005984,-0.049661,0.055641,-0.044004,6e-05,0.005226,3,2,1,4,12,9,6,13,7,11,10,8,5,17,15,16,14
2022-09-22,0.06088,0.051413,0.023501,-0.024192,-0.012993,-0.009688,0.027916,0.005494,-0.005334,-0.005644,-0.0308,-0.002924,0.03008,0.004115,-0.01775,0.022224,-0.016526,0.004477,0.004941,4,1,2,3,12,9,6,13,5,10,11,7,8,17,15,16,14
2022-09-26,0.24973,0.242017,0.124681,-0.124105,-0.005058,-0.000462,0.125625,-0.002471,-0.010709,-0.008286,-0.112767,0.007094,0.117747,0.001962,-0.116061,0.122485,-0.113094,-0.006059,0.002581,3,4,1,2,8,5,6,10,9,13,12,11,7,14,16,17,15
2022-09-27,0.245209,0.236779,0.121248,-0.120947,-0.008468,-0.002629,0.124262,0.00052,-0.009667,-0.008203,-0.114524,0.004211,0.118206,0.003763,-0.110432,0.118922,-0.109571,-0.002394,0.003272,3,4,1,2,10,5,7,12,8,13,11,9,6,16,15,17,14
2022-09-28,0.429464,0.419988,-0.209274,0.217285,-0.005945,-0.006566,-0.21218,0.008796,0.014336,0.007494,0.189375,-0.009811,-0.193713,0.003241,0.208092,-0.208358,0.204775,0.01637,0.006263,15,14,17,16,12,13,9,11,7,6,8,5,10,4,2,1,3
2022-09-29,0.291471,0.277971,-0.141023,0.143883,0.014356,0.006331,-0.147588,0.003776,0.015312,0.013805,0.131671,-0.006575,-0.135498,-0.007788,0.124612,-0.141615,0.128135,0.008833,0.000216,16,14,17,15,9,12,11,6,10,5,7,8,13,2,4,1,3
2022-09-30,0.47368,0.462394,-0.22793,0.236609,-0.012763,-0.0106,-0.237071,0.009595,0.014739,0.002297,0.207476,-0.0113,-0.219172,0.009246,0.23437,-0.220978,0.230223,0.018649,0.005808,15,14,17,16,11,12,9,13,7,6,10,5,8,4,2,1,3
2022-10-03,0.662701,0.649721,-0.322984,0.334195,-0.007539,-0.010274,-0.328506,0.008869,0.018305,0.007402,0.294652,-0.015291,-0.308567,0.002651,0.323353,-0.32103,0.319096,0.020163,0.005065,15,14,17,16,12,13,9,11,7,6,8,5,10,4,2,1,3
2022-10-04,0.107291,0.098717,-0.051451,0.052024,0.009942,0.007786,-0.04937,0.004942,0.007369,0.013411,0.051055,-0.003235,-0.029614,-0.009263,0.036887,-0.055267,0.036984,-0.004603,-0.008484,17,14,15,16,7,10,12,6,9,8,5,11,13,2,4,1,3
2022-10-05,0.167244,0.151045,-0.079607,0.077018,0.011684,0.0074,-0.068953,0.020725,0.011549,0.023136,0.076303,-0.008253,-0.053636,-0.005945,0.061029,-0.090226,0.045243,-0.004926,-0.008559,17,14,15,16,9,12,13,7,6,8,5,10,11,2,3,1,4
2022-10-06,0.036415,0.032398,-0.012339,0.017175,-0.00106,-0.000205,-0.01418,-0.00093,0.001411,-0.000888,0.013675,0.000457,-0.015488,0.005222,0.017083,-0.011702,0.020927,0.003344,0.003495,14,17,16,15,10,9,6,13,12,8,11,7,5,4,3,2,1
2022-10-07,0.300952,0.294019,-0.140875,0.15049,-0.004676,0.000112,-0.14517,-0.001955,0.005499,0.001211,0.136664,-0.004024,-0.150463,0.008706,0.144372,-0.141878,0.149684,0.006939,0.005495,15,17,16,14,10,12,8,13,11,7,9,6,5,4,3,1,2
2022-10-11,0.24461,0.226965,-0.105117,0.110942,-0.00832,-0.002997,-0.111292,-0.007344,-0.000961,-0.005619,0.103791,-0.003753,-0.124179,0.009767,0.108933,-0.10432,0.120431,0.006323,0.008135,14,17,16,15,9,10,6,13,12,8,11,7,5,4,3,2,1
2022-10-12,0.198847,0.19269,0.096124,-0.101119,-0.001199,-0.001545,0.096246,-0.004122,-0.005568,-0.006276,-0.092513,0.003023,0.094531,0.000434,-0.09434,0.097728,-0.090129,-0.002748,-0.000357,1,4,2,3,9,5,7,8,11,12,13,10,6,15,16,17,14
2022-10-13,0.127979,0.124105,-0.059471,0.064035,-0.000991,0.000894,-0.060599,0.000625,0.001828,0.001407,0.059642,-0.000919,-0.063945,0.003808,0.061166,-0.060213,0.062356,0.002825,0.002932,15,17,16,14,10,12,6,13,11,8,9,7,5,4,3,1,2
2022-10-14,0.10493,0.095735,-0.049919,0.053305,0.009612,0.003988,-0.044957,0.01201,0.011501,0.014635,0.043844,-0.00285,-0.02814,-0.014991,0.043555,-0.051624,0.027428,0.001582,-0.008168,17,14,15,16,9,11,12,8,6,7,5,10,13,2,3,1,4
2022-10-17,0.263898,0.249766,0.130669,-0.133229,-0.006509,-0.004619,0.12299,-0.014473,-0.013529,-0.013146,-0.118466,0.007395,0.110462,0.015623,-0.115015,0.12893,-0.104464,0.000556,0.011271,2,4,3,1,9,7,6,10,13,12,11,8,5,16,15,17,14
2022-10-18,0.072579,0.057856,-0.034953,0.037626,0.012201,0.005974,-0.026972,0.014729,0.011567,0.009756,0.024475,-0.00493,-0.012156,-0.014457,0.019257,-0.030285,0.007535,-0.006784,-0.013145,16,12,15,17,9,10,13,5,4,6,7,11,14,2,3,1,8
2022-10-19,0.034934,0.023984,0.001633,-0.003236,0.007116,0.001917,0.006991,0.008553,0.003591,0.00351,-0.007604,-0.003412,0.017581,-0.008464,-0.012886,0.005452,-0.017352,-0.003887,-0.007554,5,1,4,9,8,11,13,3,2,6,7,12,15,14,16,10,17
2022-10-20,0.089354,0.083735,-0.037302,0.040384,-0.003983,-0.001142,-0.040719,-0.003306,0.000911,-9.9e-05,0.037379,-0.00044,-0.046128,0.004324,0.041325,-0.039422,0.043226,0.002389,0.003798,15,17,16,14,11,10,6,13,12,8,9,7,5,4,2,3,1
2022-10-21,0.215589,0.209934,-0.099305,0.106188,-0.005735,-0.001151,-0.103594,-0.003053,0.00343,0.001947,0.096807,-0.002146,-0.1094,0.005811,0.103423,-0.102283,0.104914,0.003681,0.005042,15,17,16,14,10,11,6,13,12,8,9,7,5,4,3,1,2
2022-10-24,0.064175,0.043327,0.008626,-0.01132,0.012183,0.006278,0.020045,0.013638,0.005029,0.005145,-0.009712,-0.001727,0.033561,-0.011203,-0.020803,0.013359,-0.030614,-0.005808,-0.01011,4,1,2,6,7,10,13,5,3,9,8,11,14,12,16,15,17
2022-10-25,0.506864,0.493242,0.240673,-0.256872,0.005881,0.00124,0.244894,0.000487,-0.006109,-0.004603,-0.229784,0.008183,0.249993,-0.005931,-0.241088,0.247084,-0.239796,-0.00496,-0.003476,2,1,3,4,7,5,9,6,8,13,10,11,12,14,16,17,15
2022-10-26,0.06014,0.049735,-0.031821,0.026371,0.004159,0.003823,-0.021206,0.011638,0.004325,0.005821,0.028319,-0.001115,-0.01196,-0.015645,0.014961,-0.026525,0.009026,-0.005593,-0.011874,16,13,15,17,9,10,12,8,4,7,6,11,14,1,3,2,5
2022-10-27,0.076472,0.074412,-0.036489,0.039041,-0.000499,-9e-06,-0.036887,0.000341,0.001023,0.000981,0.035205,-0.001156,-0.037322,0.0009,0.036519,-0.037432,0.036034,0.000678,0.000132,17,16,15,14,11,13,10,12,9,5,6,8,7,4,2,1,3
2022-10-28,0.099592,0.097056,-0.046621,0.050129,-0.001349,-0.000767,-0.047971,-0.000979,0.001014,0.000712,0.044855,-0.001939,-0.049463,0.002911,0.047625,-0.048662,0.047317,0.001101,0.000841,16,17,15,14,10,13,8,12,11,7,9,6,5,4,2,1,3
2022-10-31,0.483644,0.473909,0.225345,-0.246348,0.007231,0.004063,0.235388,0.011989,-0.002913,-0.000244,-0.215507,0.00864,0.237295,-0.021301,-0.234329,0.236425,-0.231941,-0.00593,-0.007482,2,1,3,4,8,6,12,7,5,10,9,11,13,14,16,17,15
2022-11-01,0.137847,0.134778,-0.064297,0.070337,-0.001313,-0.000959,-0.066967,-0.003255,0.001507,0.000791,0.062187,-0.002335,-0.067509,0.005054,0.066829,-0.067192,0.065501,0.001393,0.000708,16,17,15,14,10,12,9,11,13,6,8,7,5,4,2,1,3
2022-11-02,0.121432,0.11713,-0.058043,0.062225,-8.4e-05,0.000365,-0.057993,0.001347,0.002217,0.002056,0.056251,-0.001763,-0.057564,0.000891,0.057671,-0.059207,0.055814,0.00048,-0.000849,17,14,15,16,10,13,12,11,7,5,6,9,8,3,2,1,4
2022-11-04,0.041639,0.026888,0.012441,-0.006686,-0.004479,-0.005583,0.002943,-0.021359,-0.004219,-0.005178,-0.010973,-0.000663,-0.003254,0.02028,0.002671,0.005212,0.006326,0.005901,0.008925,6,10,7,2,14,9,3,12,17,11,13,5,1,16,8,15,4
2022-11-07,0.184523,0.174358,-0.09293,0.091593,0.0035,0.005361,-0.084753,0.01539,0.005081,0.00605,0.085904,-0.001572,-0.079123,-0.011727,0.079471,-0.088422,0.075183,-0.004936,-0.004836,16,14,15,17,7,10,11,9,5,8,6,12,13,2,3,1,4
2022-11-08,0.042049,0.038089,-0.021415,0.020634,0.001813,0.00356,-0.017092,0.007827,0.002979,0.003115,0.019801,0.000263,-0.014211,-0.004803,0.01701,-0.018317,0.015657,-0.002109,-0.00092,16,14,15,17,6,10,11,9,5,8,7,12,13,2,3,1,4
2022-11-09,0.023055,0.020863,0.005665,-0.009943,0.001111,0.002329,0.009614,0.005137,0.000688,0.000974,-0.007893,0.000449,0.011887,-0.00467,-0.01091,0.009066,-0.011167,-0.002393,-0.000957,3,1,2,4,6,10,11,7,5,9,8,12,13,14,16,15,17
2022-11-10,0.259949,0.247576,0.130188,-0.129761,-0.001878,-0.008269,0.121543,-0.018823,-0.010637,-0.009553,-0.120956,0.003211,0.114641,0.013727,-0.116118,0.124163,-0.107655,0.006272,0.004769,2,4,3,1,10,8,7,9,13,12,11,6,5,16,15,17,14
2022-11-11,0.100191,0.074551,-0.056293,0.029691,0.003348,0.015109,-0.019652,0.043898,0.007979,0.011257,0.031341,0.0043,-0.008958,-0.035818,0.007332,-0.026614,0.003111,-0.018216,-0.007391,15,12,14,17,4,8,11,9,1,6,5,13,16,2,7,3,10
2022-11-14,0.402237,0.388754,-0.192778,0.205995,-0.001217,0.001474,-0.193145,0.008318,0.011295,0.008327,0.187334,-0.006425,-0.192476,-0.004697,0.190767,-0.196242,0.181438,-0.001668,-0.004908,17,14,16,15,8,13,12,9,7,5,6,10,11,3,2,1,4
2022-11-15,0.106519,0.101424,0.053709,-0.05281,-7.4e-05,-0.001908,0.049307,-0.004659,-0.00239,-0.002118,-0.049499,0.001587,0.048509,0.007148,-0.047216,0.051731,-0.044343,0.002064,0.00399,2,4,3,1,10,8,6,9,13,12,11,7,5,16,15,17,14
2022-11-16,0.113079,0.110465,0.050943,-0.056553,0.001969,-0.000744,0.05492,0.000965,-0.002711,-0.002946,-0.052932,0.001376,0.056527,-0.004464,-0.056117,0.054101,-0.053177,-0.002298,-0.001211,3,1,2,4,8,6,9,5,7,11,12,10,13,14,16,17,15
2022-11-17,0.350869,0.343131,0.17067,-0.178721,0.001348,-0.006228,0.165942,-0.009719,-0.011096,-0.008976,-0.169234,0.002697,0.169813,0.007927,-0.168807,0.172148,-0.160267,-0.000323,0.005174,1,3,4,2,10,7,6,8,12,13,11,9,5,16,15,17,14
2022-11-18,0.055371,0.053152,0.028018,-0.027353,6.8e-05,-0.000999,0.025308,-0.003133,-0.002007,-0.000929,-0.026152,0.000949,0.025862,0.004252,-0.024684,0.027388,-0.023934,0.000668,0.002383,2,3,4,1,11,7,6,9,13,12,10,8,5,16,15,17,14
2022-11-21,0.289514,0.283766,0.136904,-0.147158,0.003579,-0.003764,0.139313,-0.003087,-0.008534,-0.008025,-0.138752,0.002556,0.142356,0.000419,-0.142433,0.141286,-0.133191,-0.002762,0.001711,2,1,3,4,11,6,7,5,10,13,12,9,8,15,16,17,14
2022-11-22,0.112996,0.110845,0.054138,-0.058233,0.000469,-0.00257,0.053114,-0.003298,-0.004642,-0.003782,-0.055178,0.000134,0.054762,0.001156,-0.055551,0.054673,-0.052232,-0.000977,0.000874,2,1,4,3,10,8,6,7,11,13,12,9,5,15,16,17,14
2022-11-25,0.105271,0.09853,-0.05163,0.053641,0.001671,0.002879,-0.044384,0.009408,0.006108,0.002112,0.049515,-0.001338,-0.044716,-0.01058,0.046504,-0.049585,0.044349,-0.000397,-0.005295,16,15,14,17,7,11,12,9,5,6,8,10,13,2,3,1,4
2022-11-28,0.066296,0.065033,0.031663,-0.033683,0.000594,-0.001396,0.031482,-0.001328,-0.002432,-0.002177,-0.032392,-3.7e-05,0.032613,0.00011,-0.032719,0.032028,-0.030816,-0.000558,0.00015,2,1,4,3,11,8,6,5,10,13,12,9,7,15,16,17,14
2022-11-29,0.345249,0.33554,0.1694,-0.175849,0.000282,-0.006495,0.158607,-0.016248,-0.013933,-0.007628,-0.166745,0.003542,0.16295,0.017469,-0.163003,0.168672,-0.154211,0.000424,0.009795,2,3,4,1,10,7,6,9,13,12,11,8,5,16,15,17,14
2022-11-30,0.409977,0.402907,-0.200337,0.207226,-0.005115,0.006262,-0.196182,0.009396,0.014348,0.009587,0.198364,-0.003454,-0.20275,-0.010084,0.198387,-0.201656,0.187148,-0.000374,-0.006156,16,17,14,15,8,10,12,11,7,5,6,9,13,3,2,1,4
2022-12-01,0.475793,0.459466,0.219697,-0.234537,0.011468,-0.001833,0.226249,0.004413,-0.007983,-0.009448,-0.222787,0.000404,0.241256,-0.012582,-0.228232,0.225338,-0.216931,-0.003394,-0.001535,3,1,2,4,9,7,8,5,6,11,12,10,13,15,16,17,14
2022-12-02,0.059266,0.058041,0.029108,-0.030135,0.000574,-0.001011,0.028173,-0.001832,-0.002544,-0.001266,-0.028517,0.000667,0.02901,0.002319,-0.028223,0.029131,-0.026836,0.000117,0.001255,1,3,4,2,10,7,6,8,12,13,11,9,5,16,15,17,14
2022-12-05,0.052406,0.05121,0.025175,-0.027018,0.000299,-0.001059,0.024641,-0.001579,-0.002332,-0.001507,-0.025418,0.000128,0.025388,0.001175,-0.025369,0.025263,-0.02407,-0.000307,0.000494,2,1,4,3,10,8,6,7,12,13,11,9,5,16,15,17,14
2022-12-06,0.268694,0.257426,0.132165,-0.136529,0.000889,-0.006406,0.12142,-0.016558,-0.016935,-0.006152,-0.126606,0.004337,0.123475,0.016284,-0.124015,0.129487,-0.116415,0.00074,0.007909,2,3,4,1,11,7,6,8,12,13,10,9,5,16,15,17,14
2022-12-07,0.147713,0.141458,0.072152,-0.075555,-0.000757,-0.004146,0.065428,-0.011992,-0.00981,-0.003957,-0.070592,0.001828,0.065596,0.009557,-0.068321,0.072158,-0.064999,-0.000762,0.003395,1,3,4,2,11,7,6,8,13,12,10,9,5,16,15,17,14
2022-12-08,0.121801,0.11894,0.059008,-0.062059,0.000791,-0.001847,0.057465,-0.00321,-0.004593,-0.002886,-0.058546,0.000677,0.059742,0.002887,-0.057798,0.059669,-0.055311,-0.000261,0.001621,2,1,4,3,10,8,6,7,12,13,11,9,5,16,15,17,14
2022-12-09,0.218033,0.211355,0.102252,-0.109479,0.002198,-0.002712,0.103357,-0.000608,-0.006272,-0.00567,-0.104005,-0.000521,0.108555,0.00039,-0.104113,0.104558,-0.099155,-0.001147,0.001018,2,1,3,4,11,8,6,5,9,13,12,10,7,15,16,17,14
2022-12-12,0.02699,0.024675,-0.010184,0.009514,-0.002656,-0.001314,-0.014419,-0.005357,-0.001848,-0.0001,0.010265,0.000559,-0.015065,0.003632,0.011925,-0.010867,0.011484,0.001203,0.001248,15,17,16,14,10,8,6,12,13,11,9,7,5,3,1,4,2
2022-12-13,0.13237,0.128166,0.060125,-0.061792,0.004705,-0.000373,0.066743,0.0064,-0.000834,-0.003105,-0.062209,-0.001754,0.068732,-0.00453,-0.063638,0.061384,-0.061083,-0.003002,-0.001182,3,1,2,4,7,10,9,6,5,8,12,11,13,16,17,15,14
2022-12-14,0.268783,0.260542,-0.130481,0.136977,-0.001303,0.005083,-0.125212,0.010208,0.009571,0.006697,0.12802,-0.002387,-0.129592,-0.00919,0.124751,-0.131806,0.120307,-0.000855,-0.005218,17,15,14,16,8,11,12,10,5,6,7,9,13,2,3,1,4
2022-12-15,0.224439,0.216957,0.108297,-0.114246,0.00091,-0.004307,0.103737,-0.008654,-0.008135,-0.00578,-0.106625,0.001979,0.107742,0.007853,-0.103766,0.110193,-0.100269,0.000338,0.004669,1,3,4,2,10,7,6,8,13,12,11,9,5,16,15,17,14
2022-12-16,0.228026,0.219355,-0.102568,0.103683,-0.00668,0.000784,-0.115126,-0.008531,0.001487,0.004749,0.108312,0.003555,-0.117374,-0.002447,0.110653,-0.101498,0.104032,0.006685,0.007062,14,17,16,15,10,8,5,12,13,9,7,6,11,2,1,4,3
2022-12-19,0.061015,0.056575,-0.024303,0.025026,-0.003015,-0.000747,-0.031272,-0.005016,-0.000698,0.001518,0.026826,0.002033,-0.029458,0.00195,0.029743,-0.022355,0.028122,0.003689,0.004788,14,16,17,15,11,7,5,12,13,10,9,6,8,3,1,4,2
2022-12-20,0.044045,0.039216,0.020703,-0.022042,-0.001193,-0.001979,0.015063,-0.005416,-0.002717,-0.001188,-0.01903,0.001429,0.0178,0.002896,-0.016069,0.022003,-0.015293,0.002245,0.00419,1,3,4,2,11,8,5,10,13,12,9,7,6,16,15,17,14
2022-12-21,0.159189,0.155576,-0.076864,0.081174,-0.000688,0.003204,-0.075311,0.004134,0.005345,0.004596,0.077349,-0.000278,-0.07784,-0.003462,0.075487,-0.078015,0.073483,0.00088,-0.001755,17,16,14,15,8,10,12,11,7,5,6,9,13,2,3,1,4
2022-12-22,0.094207,0.090051,0.041228,-0.041254,0.003975,0.000826,0.048437,0.006875,0.000457,-0.002206,-0.042848,-0.001191,0.047735,-0.001987,-0.04577,0.039275,-0.044135,-0.003861,-0.004278,4,2,1,3,7,9,13,6,5,8,11,12,10,15,17,14,16
2022-12-23,0.111509,0.103935,0.051783,-0.058131,-0.000503,-0.00324,0.04673,-0.007493,-0.006679,-0.002088,-0.049979,0.001389,0.047709,0.006898,-0.04672,0.053377,-0.050826,0.000152,0.006777,1,3,4,2,11,7,6,9,13,12,10,8,5,15,14,17,16
2022-12-27,0.199731,0.191426,-0.095097,0.102068,-0.000869,0.003823,-0.092057,0.006803,0.007584,0.004728,0.093878,-0.0021,-0.093126,-0.006893,0.091572,-0.097663,0.092445,0.001429,-0.00652,17,15,14,16,8,11,12,10,6,5,7,9,13,2,4,1,3
2022-12-28,0.024911,0.023752,-0.011509,0.011055,-0.000561,-0.000211,-0.012267,-0.000763,-0.000305,0.000607,0.011511,-8.5e-05,-0.012999,9.9e-05,0.011912,-0.011511,0.010524,0.000152,0.000702,15,17,16,14,10,9,5,12,13,11,6,7,8,2,1,3,4
2022-12-29,0.034346,0.029303,0.015089,-0.018829,-0.000224,-0.001255,0.009906,-0.006568,-0.004555,0.000673,-0.0136,0.001656,0.008687,0.005839,-0.009262,0.015517,-0.014966,0.0022,0.008692,1,5,3,2,11,8,4,10,13,12,9,7,6,15,14,17,16
2022-12-30,0.024286,0.020149,-0.010069,0.014218,0.001149,0.001348,-0.00793,0.006705,0.005871,-0.001235,0.008066,-0.001851,-0.007474,-0.003365,0.003522,-0.009438,0.010728,-0.0014,-0.00683,16,14,15,17,7,11,13,8,4,5,9,10,12,3,6,1,2
2023-01-04,0.086782,0.084911,-0.040875,0.041152,-0.001378,0.000868,-0.043112,-0.00092,0.000916,0.003489,0.043223,0.000256,-0.042702,0.000571,0.04367,-0.03985,0.04041,0.001353,0.001634,14,16,17,15,9,11,6,13,12,8,5,7,10,2,1,3,4
2023-01-05,0.23586,0.226098,-0.112598,0.119841,-0.000746,0.00183,-0.108655,0.007443,0.008104,0.004698,0.110438,-0.00149,-0.116019,-0.006473,0.105639,-0.113761,0.105581,-0.000961,-0.005932,16,17,14,15,8,11,12,9,6,5,7,10,13,2,3,1,4
2023-01-06,0.292184,0.288041,-0.140685,0.14017,-0.003182,0.002166,-0.145169,0.003224,0.004219,0.012055,0.147015,0.001332,-0.145156,-0.000974,0.145928,-0.136697,0.139528,0.005495,0.002422,14,16,17,15,10,11,9,13,8,7,5,6,12,1,2,3,4
2023-01-10,0.039285,0.028501,0.006867,-0.004874,0.002083,-0.002437,0.013772,0.000319,0.003778,-0.010855,-0.011705,0.000385,0.009884,-0.003139,-0.025211,-0.000505,0.014074,0.002095,-0.00874,10,3,2,4,11,8,14,7,9,5,15,6,12,16,17,13,1
2023-01-11,0.071102,0.068799,-0.03341,0.035146,0.000199,0.00018,-0.031313,0.001823,0.003498,-0.00025,0.033176,0.00078,-0.033564,-0.002945,0.028244,-0.033773,0.037329,0.000863,-0.003044,17,16,14,15,10,8,13,9,6,5,11,7,12,3,4,2,1
2023-01-12,0.21455,0.209857,-0.103455,0.105858,-5.2e-05,0.000977,-0.099657,0.004279,0.009682,0.001969,0.102176,0.001303,-0.105529,-0.008424,0.090867,-0.103532,0.109021,0.000863,-0.005866,16,17,14,15,9,8,12,11,6,5,7,10,13,3,4,2,1
2023-01-13,0.404444,0.401898,-0.198445,0.199897,-0.001436,0.002656,-0.202429,0.005079,0.013495,0.011188,0.202014,0.002203,-0.20224,-0.013799,0.19487,-0.194845,0.200668,0.004172,-0.005221,14,16,17,15,9,10,12,11,7,5,6,8,13,1,4,3,2
2023-01-17,0.021666,0.021146,0.010053,-0.010534,-3.2e-05,-0.000371,0.010693,-0.000376,-0.000863,-0.001055,-0.010791,-0.000303,0.010351,0.00061,-0.010973,0.009887,-0.010576,-0.000571,-3.3e-05,4,2,1,3,9,8,7,6,10,12,13,11,5,16,17,14,15
2023-01-18,0.08545,0.082224,0.039832,-0.041637,0.000682,0.001534,0.037228,-0.002213,-0.005063,0.001403,-0.03886,-0.000269,0.040894,0.002475,-0.032075,0.041735,-0.043715,0.000155,0.003881,1,2,4,3,7,11,5,9,12,13,8,10,6,15,14,16,17
2023-01-19,0.332808,0.312158,-0.149883,0.145018,-0.004439,0.005673,-0.165848,0.002011,0.004575,0.017309,0.154789,-0.001318,-0.153977,-0.016352,0.166959,-0.1398,0.137948,0.003874,0.001247,14,16,17,15,6,11,10,12,9,7,5,8,13,2,1,3,4
2023-01-20,0.142066,0.13425,-0.063597,0.064872,0.001325,0.004964,-0.069586,0.003479,0.003266,0.009219,0.067467,0.001171,-0.064748,-0.004074,0.07248,-0.061142,0.05706,0.000827,0.001608,14,16,17,15,6,11,9,10,7,8,5,12,13,2,1,3,4
2023-01-23,0.096579,0.084303,-0.037681,0.039852,-0.006404,-0.005701,-0.029992,0.000436,0.007119,-0.002674,0.037742,0.002648,-0.041054,-0.006716,0.029102,-0.042609,0.05397,0.007145,-0.005122,17,16,14,15,11,7,10,12,8,6,9,5,13,3,4,2,1
2023-01-24,0.070138,0.064628,0.031192,-0.029019,-0.001933,-0.003263,0.035538,-0.001146,0.000357,-0.004063,-0.032383,0.000288,0.031153,0.00093,-0.0346,0.028914,-0.024165,0.001508,-0.000186,4,3,1,2,12,8,9,11,10,7,13,5,6,16,17,15,14
2023-01-25,0.013074,0.011985,0.0055,-0.006075,0.000482,0.000428,0.004902,-0.00035,-0.001099,-0.000183,-0.005671,-0.000427,0.005633,0.000532,-0.004892,0.005854,-0.007221,-0.000798,0.000292,1,2,4,3,7,11,8,6,10,13,9,12,5,15,14,16,17
2023-01-26,0.201541,0.1982,-0.097352,0.096358,-0.001567,0.001376,-0.101297,0.002282,0.006757,0.007485,0.100245,0.001455,-0.100569,-0.00723,0.097872,-0.097074,0.097266,0.0025,-0.002926,14,16,17,15,10,9,12,11,8,6,5,7,13,1,2,4,3
2023-01-27,0.313843,0.304745,-0.147617,0.151607,-0.00336,-0.002078,-0.147611,0.00396,0.01459,0.008147,0.149317,0.002495,-0.152182,-0.010659,0.144974,-0.151849,0.161661,0.010507,-0.005646,16,17,14,15,10,9,12,11,8,5,7,6,13,3,4,2,1
2023-01-30,0.024863,0.023371,0.01142,-0.011411,0.000639,0.000851,0.011127,0.000143,-0.000927,0.000254,-0.010574,0.000154,0.011847,0.001102,-0.010225,0.012113,-0.01275,-0.000656,0.000626,1,2,4,3,6,10,8,7,11,13,9,12,5,15,14,16,17
2023-01-31,0.142257,0.127865,0.059362,-0.064433,0.003298,0.003975,0.055421,-0.000322,-0.010022,0.00185,-0.056286,-0.000231,0.061257,0.004327,-0.053924,0.065569,-0.076688,-0.009034,0.001516,1,2,4,3,6,10,9,7,11,13,8,12,5,15,14,16,17
2023-02-01,0.036337,0.023627,-0.005755,0.011062,-0.003872,-0.007652,0.001569,-0.002487,0.006783,-0.008342,-0.001939,-0.00149,-0.006248,-0.00227,-0.001065,-0.013202,0.023135,0.007487,-0.001194,17,14,5,13,15,8,7,12,11,4,16,3,10,9,6,2,1
2023-02-02,0.382,0.373607,0.185121,-0.181139,0.005088,-0.003793,0.185043,-0.003684,-0.010173,-0.014449,-0.188815,-0.00273,0.193185,0.01685,-0.183681,0.181507,-0.184977,-0.006713,0.004297,4,1,3,2,10,8,7,6,9,12,13,11,5,17,15,14,16
2023-02-03,0.039969,0.031049,-0.012896,0.017093,-0.000762,-0.003732,-0.011449,-0.001096,0.005056,-0.002843,0.010861,0.000167,-0.011771,-0.002543,0.011417,-0.017351,0.022618,0.003973,-0.00241,17,15,14,16,13,7,10,8,9,5,12,6,11,4,3,2,1
2023-02-06,0.019811,0.018568,-0.005216,0.000874,0.001576,0.008394,-0.009402,0.00294,-0.005366,0.006531,0.009863,0.000186,-0.009563,0.001857,0.010248,0.002469,-0.008236,-0.00481,0.004356,7,17,16,13,3,11,5,9,6,14,4,12,8,2,1,10,15
2023-02-07,0.141666,0.135346,0.067085,-0.067087,0.002265,0.002199,0.064665,-0.000644,-0.006604,-0.001215,-0.064438,-0.001085,0.065762,0.006572,-0.062047,0.06847,-0.073196,-0.00494,0.00263,1,3,4,2,8,10,6,7,9,13,11,12,5,15,14,16,17
2023-02-08,0.254918,0.245722,-0.120217,0.122296,-0.003576,-0.003454,-0.116818,0.002732,0.012347,0.003742,0.119635,0.002219,-0.1201,-0.011849,0.113834,-0.122787,0.132131,0.009188,-0.004761,17,15,14,16,10,9,12,11,8,5,7,6,13,3,4,2,1
2023-02-09,0.167641,0.159686,-0.085411,0.068398,-0.001203,0.012578,-0.07976,0.005242,-0.002545,0.011467,0.082231,0.002095,-0.082923,-0.003259,0.080336,-0.071006,0.067233,-0.001725,0.006406,14,16,15,17,5,9,7,10,8,12,6,11,13,1,2,3,4
2023-02-10,0.038954,0.026952,0.004464,-0.015052,0.000486,0.011417,0.008024,0.002574,-0.007408,0.0065,-0.00641,-0.000546,0.006035,0.005582,-0.001943,0.016039,-0.022914,-0.006332,0.007937,1,6,3,8,2,11,4,10,9,15,5,13,7,14,12,16,17
2023-02-13,0.109275,0.104585,0.056786,-0.045405,0.001697,-0.007062,0.051616,-0.002228,0.002131,-0.005836,-0.052489,-0.000368,0.055447,0.003038,-0.052013,0.04871,-0.043475,0.001872,-0.003238,4,2,3,1,13,9,11,8,10,6,12,7,5,17,16,15,14
2023-02-14,0.259252,0.25059,0.132383,-0.118149,0.0041,-0.010034,0.121386,-0.00604,0.000779,-0.010861,-0.126869,-0.004551,0.130387,0.006717,-0.122596,0.118562,-0.116424,-0.001399,-0.005289,4,2,3,1,12,9,10,6,11,7,13,8,5,17,16,15,14
2023-02-15,0.111646,0.108323,-0.055186,0.051096,-0.000119,0.004029,-0.051399,6.1e-05,-0.000993,0.003504,0.055436,0.001183,-0.056211,-0.002206,0.055191,-0.051274,0.051546,0.00188,0.002778,14,17,15,16,5,9,7,11,10,12,6,8,13,1,2,4,3
2023-02-16,0.103353,0.101883,0.051415,-0.049619,0.000646,-0.000828,0.049196,0.000325,-0.000395,-0.001938,-0.050795,-1.5e-05,0.052418,0.002333,-0.050349,0.049738,-0.050935,-0.001707,-0.00074,3,1,4,2,11,8,10,6,7,9,13,12,5,16,15,14,17
2023-02-17,0.095417,0.078641,-0.037839,0.03182,0.001054,0.011012,-0.031258,-0.005595,-0.011667,0.001956,0.039589,-0.000138,-0.046306,0.003627,0.049111,-0.030562,0.020985,-0.005024,0.010105,14,17,15,16,5,10,6,9,12,13,8,11,7,2,1,3,4
2023-02-21,0.784424,0.765016,0.381652,-0.377474,0.004358,0.005724,0.37243,-0.004164,-0.019219,-0.014741,-0.376096,-0.002509,0.380542,0.022838,-0.362092,0.376513,-0.402772,-0.02278,0.005478,3,2,4,1,6,9,7,8,10,12,11,13,5,15,14,16,17
2023-02-22,0.047895,0.038674,0.000704,-0.010213,-0.001642,0.017051,0.008735,-0.004475,-0.017349,-0.000521,0.005273,-0.002298,-0.015779,0.009707,0.019621,0.010983,-0.028275,-0.008268,0.017947,4,15,6,8,3,11,2,10,12,16,9,13,5,7,1,14,17
2023-02-24,0.055768,0.053685,-0.027239,0.025775,-0.000286,0.001081,-0.025285,-0.000843,-0.00095,0.000549,0.026403,-0.000118,-0.028731,-0.000988,0.027038,-0.025867,0.02474,0.000444,0.001476,15,17,14,16,6,9,5,10,11,12,7,8,13,2,1,3,4
2023-02-27,0.309883,0.302198,-0.152058,0.147631,0.000396,0.004163,-0.14287,-0.002302,-0.003323,0.003859,0.150167,-0.000384,-0.158398,-0.008459,0.151486,-0.146852,0.146827,0.007915,0.00654,15,17,14,16,7,10,6,9,11,12,8,5,13,2,1,3,4
2023-02-28,0.157321,0.151259,-0.075296,0.074496,5.6e-05,-0.002671,-0.074264,-9e-06,0.00239,0.00209,0.073413,0.001462,-0.073953,-0.004314,0.068599,-0.074283,0.082026,0.005627,-0.001784,16,14,15,17,12,8,11,9,10,6,7,5,13,3,4,2,1
2023-03-01,0.40635,0.398205,-0.200334,0.195642,0.002766,-0.000235,-0.193896,-0.002929,-0.002419,0.005652,0.196867,-0.001001,-0.20571,-0.0102,0.193667,-0.195423,0.20064,0.012284,0.004113,15,17,14,16,9,10,7,8,12,11,6,5,13,2,4,3,1
2023-03-02,0.405554,0.397022,-0.199452,0.195494,0.002131,-0.00064,-0.193807,-0.00264,-0.00291,0.005489,0.195783,-0.000108,-0.203897,-0.00989,0.190607,-0.194782,0.201657,0.01267,0.004264,15,17,14,16,10,9,7,8,11,12,6,5,13,2,4,3,1
2023-03-03,0.409521,0.397506,0.193752,-0.197028,-0.001947,-0.003592,0.191403,0.00231,0.005119,-0.007891,-0.196604,0.002804,0.209316,0.010319,-0.200205,0.195612,-0.188089,-0.009873,-0.008562,2,1,4,3,10,7,12,9,8,6,11,13,5,15,17,16,14
2023-03-06,0.082493,0.060785,-0.028549,0.025118,-0.001385,-0.012719,-0.02975,0.004544,0.01283,-9e-06,0.020338,0.00463,-0.012118,-0.002117,0.006039,-0.025858,0.052742,0.006335,-0.015663,15,12,17,16,13,7,14,10,8,4,9,5,11,3,6,2,1
2023-03-07,0.356311,0.347238,0.172393,-0.170244,0.000298,0.004847,0.170351,-0.001955,-0.001788,-0.007557,-0.170353,-0.000156,0.172414,0.010941,-0.163078,0.174436,-0.181875,-0.011432,0.003071,1,2,4,3,6,9,7,8,11,10,12,13,5,16,14,15,17
2023-03-08,0.264224,0.234037,0.112709,-0.110591,-0.0004,0.016954,0.116271,-0.000555,-0.010822,-0.005425,-0.106532,-0.00849,0.093343,0.013961,-0.086046,0.108054,-0.147953,-0.010179,0.021746,3,4,1,2,6,11,5,8,9,13,10,12,7,15,14,16,17
2023-03-09,0.072975,0.07153,0.035454,-0.034813,0.000363,-0.000578,0.034292,-5.3e-05,0.000915,-0.001309,-0.034794,0.001207,0.0375,0.001831,-0.035475,0.036554,-0.033068,-0.001754,-0.001349,2,1,4,3,10,6,12,8,9,7,11,13,5,15,17,16,14
2023-03-10,0.661021,0.622852,0.305498,-0.301633,0.005246,0.018721,0.308619,0.000442,-0.01823,-0.016769,-0.299259,-0.008086,0.293145,0.030613,-0.269865,0.301143,-0.352402,-0.020294,0.028516,3,4,1,2,7,10,6,8,9,12,11,13,5,15,14,16,17
2023-03-13,0.34608,0.321972,0.155785,-0.157928,0.004618,0.013656,0.158207,-0.002429,-0.012074,-0.01008,-0.152822,-0.005939,0.14151,0.01805,-0.133212,0.153301,-0.187874,-0.009615,0.018487,3,4,1,2,7,10,5,8,9,13,12,11,6,15,14,16,17
2023-03-14,1.040117,1.019136,0.510475,-0.501386,0.012292,0.011072,0.50128,-0.006301,-0.008903,-0.018578,-0.497166,-0.001065,0.512065,0.027796,-0.484113,0.508264,-0.528052,-0.035363,0.00974,3,1,4,2,7,9,8,6,10,11,12,13,5,15,14,16,17
2023-03-15,0.143378,0.12744,0.055425,-0.058182,-0.005097,-0.010075,0.051014,-0.002407,0.00814,-0.004281,-0.058742,0.006028,0.072168,0.000668,-0.07121,0.066591,-0.036091,0.000214,-0.016004,2,1,4,3,12,6,13,11,9,5,10,8,7,16,17,15,14
2023-03-16,1.274084,1.242387,0.620178,-0.602284,-0.005267,0.012083,0.621378,-0.016334,-0.021029,-0.035102,-0.609628,-0.010699,0.620987,0.049553,-0.596654,0.616857,-0.652705,-0.052763,0.017858,4,2,1,3,7,9,6,8,10,11,12,13,5,16,14,15,17
2023-03-17,0.084405,0.073001,0.035394,-0.030608,-0.006743,-0.008218,0.031704,-0.00417,0.005932,-0.002949,-0.029417,0.005092,0.041262,0.003952,-0.043143,0.039179,-0.021796,-0.00507,-0.010801,2,1,4,3,12,6,13,11,9,5,8,10,7,15,17,16,14
2023-03-20,0.331281,0.319115,0.157119,-0.157523,0.008524,0.010813,0.159911,-0.002074,-0.007079,-0.00724,-0.159863,-0.009059,0.151558,0.01017,-0.14098,0.148863,-0.17137,-0.004444,0.013562,4,3,1,2,6,13,5,8,9,11,12,10,7,16,14,15,17
2023-03-22,0.044215,0.034212,-0.01403,0.016896,-0.006738,-0.009279,-0.018264,-0.001257,0.005693,-0.001325,0.018215,0.007042,-0.004481,-0.005002,0.003347,-0.008175,0.025951,-0.00435,-0.008532,13,10,17,16,15,4,14,12,7,5,8,9,11,2,6,3,1
2023-03-23,0.16618,0.148547,0.069981,-0.078541,0.012289,0.015971,0.076875,-0.001383,-0.010499,-0.001342,-0.071764,-0.008927,0.052897,0.009397,-0.053456,0.059176,-0.089305,0.002927,0.014498,3,4,1,2,5,12,6,7,11,13,10,9,8,15,14,16,17
2023-03-24,0.13305,0.13041,0.065032,-0.065082,0.000381,0.0019,0.065656,-0.002016,-0.002698,-0.003228,-0.063092,-0.000247,0.064972,0.004331,-0.061989,0.063785,-0.067394,-0.003675,0.001709,4,3,1,2,6,9,7,8,10,11,12,13,5,15,14,16,17
2023-03-27,0.535283,0.518496,0.257698,-0.252632,-0.008429,-0.009761,0.251445,-0.011795,-0.002466,-0.019438,-0.248597,0.004433,0.276728,0.015468,-0.258554,0.261278,-0.244942,-0.021249,0.000628,2,1,4,3,10,6,7,9,11,8,12,13,5,15,17,16,14
2023-03-28,0.273942,0.27059,-0.13544,0.134509,-0.000886,-0.004485,-0.136438,0.005343,0.006843,0.007464,0.13213,0.002962,-0.135748,-0.009309,0.127224,-0.131632,0.137504,0.005098,-0.002171,14,16,17,15,12,9,11,10,7,6,5,8,13,3,4,2,1
2023-03-29,0.237238,0.233518,-0.116684,0.11603,0.001593,0.000266,-0.115819,0.005851,0.005296,0.008494,0.114784,0.003167,-0.120259,-0.007182,0.113236,-0.114452,0.11698,0.007366,0.00016,14,17,15,16,11,9,12,10,7,8,5,6,13,3,4,2,1
2023-03-30,0.137183,0.126758,-0.059417,0.066099,-0.004447,-0.01285,-0.065037,0.003758,0.007605,4.8e-05,0.062356,0.003126,-0.049296,-0.00204,0.050169,-0.055218,0.072146,-0.004239,-0.002676,15,14,17,16,13,7,10,12,6,5,8,11,9,3,4,2,1
2023-03-31,0.073376,0.06753,0.033992,-0.030312,-0.001867,-0.00526,0.03087,5e-06,0.000367,-0.003928,-0.031058,0.00114,0.037872,0.003121,-0.035504,0.033704,-0.030461,-0.006459,0.000158,3,1,4,2,12,6,8,10,9,7,11,13,5,16,17,14,15
2023-04-03,0.029844,0.025665,-0.007055,0.013829,-0.005172,-0.01439,-0.014468,0.003072,0.004002,-0.00388,0.010973,0.003326,-0.001083,0.001289,-0.001149,-0.007639,0.015376,-0.007958,-0.000844,14,9,17,13,16,5,8,12,6,4,11,15,7,3,10,2,1
2023-04-04,0.228981,0.225577,-0.112521,0.11245,-0.000399,-0.003666,-0.113697,0.005438,0.00582,0.005473,0.109751,0.002232,-0.113028,-0.008827,0.106871,-0.110138,0.115284,0.0038,-0.002309,14,16,17,15,12,9,11,10,7,5,6,8,13,3,4,2,1
2023-04-05,0.321654,0.314738,0.154431,-0.158891,-0.000652,0.006022,0.15863,-0.008035,-0.0092,-0.007389,-0.152725,-0.003043,0.156514,0.011085,-0.148172,0.149808,-0.163024,-0.005954,0.003311,4,2,1,3,6,9,7,8,12,13,11,10,5,15,14,16,17
2023-04-06,0.453127,0.442794,0.220719,-0.21989,-0.001499,-4.6e-05,0.219976,-0.008025,-0.008578,-0.013426,-0.21467,-0.002667,0.229746,0.016691,-0.214011,0.217396,-0.223381,-0.015124,0.002078,4,1,3,2,7,9,6,8,10,11,12,13,5,15,14,16,17
2023-04-10,0.179655,0.17513,0.086507,-0.088337,-0.000709,-0.003116,0.084432,-0.002538,-0.00352,-0.006123,-0.085399,0.000402,0.091318,0.005266,-0.0865,0.087329,-0.085095,-0.004972,0.000351,2,1,4,3,10,6,7,8,9,11,13,12,5,15,16,17,14
2023-04-11,0.268496,0.261224,-0.129478,0.133803,0.000463,0.001003,-0.129488,0.004367,0.007949,0.008777,0.128346,-0.001631,-0.134693,-0.007352,0.12658,-0.126494,0.127864,0.003014,-0.003614,14,17,16,15,9,11,12,10,7,6,5,8,13,2,4,1,3
2023-04-12,0.303119,0.296248,-0.147445,0.150569,-0.001174,-0.000979,-0.149387,0.003429,0.00749,0.008259,0.144527,-0.002738,-0.15255,-0.009273,0.142647,-0.14387,0.144267,0.001406,-0.004636,14,17,16,15,9,11,12,10,7,6,5,8,13,2,4,1,3
2023-04-13,0.161238,0.15507,-0.077765,0.076978,0.000624,0.002564,-0.074346,0.001274,0.001839,0.005464,0.074125,-0.001374,-0.08426,-0.004786,0.07507,-0.077013,0.073311,0.005207,-0.002195,15,17,14,16,7,11,12,10,9,8,5,6,13,3,2,1,4
2023-04-14,0.204978,0.195551,0.097452,-0.094153,-0.003045,-0.008094,0.087128,-0.001534,-0.001704,-0.010243,-0.092823,0.001405,0.110825,0.005301,-0.094094,0.097304,-0.088761,-0.012049,0.001607,3,1,4,2,11,7,6,10,8,9,12,13,5,15,16,17,14
2023-04-17,0.362051,0.349917,-0.174111,0.176885,0.002717,0.006501,-0.170279,0.004957,0.005236,0.013034,0.170587,-0.001336,-0.185166,-0.006349,0.172076,-0.170925,0.166162,0.01032,-0.000118,15,17,14,16,7,12,11,10,9,8,5,6,13,3,2,1,4
2023-04-18,0.150069,0.143651,-0.071009,0.074824,-0.001793,-0.002313,-0.075245,0.002702,0.002183,0.001498,0.070085,0.000159,-0.069735,-0.002474,0.069926,-0.06719,0.070056,-0.003026,-0.000429,14,15,17,16,11,8,9,10,5,6,7,13,12,2,4,1,3
2023-04-19,0.238032,0.231398,-0.114282,0.118577,0.001167,0.00267,-0.114263,0.004615,0.003965,0.007584,0.113768,0.000168,-0.119455,-0.002995,0.113847,-0.111022,0.11216,0.00426,0.000431,14,17,15,16,9,12,11,10,6,8,5,7,13,3,2,1,4
2023-04-20,0.018618,0.018153,0.008544,-0.00976,-0.000531,-0.000619,0.00861,-0.000852,-0.000783,-0.001058,-0.009358,-0.000448,0.008858,-0.000191,-0.009329,0.00824,-0.00919,-0.000722,-0.000499,4,1,2,3,9,6,7,8,12,11,13,10,5,16,15,17,14
2023-04-21,0.057374,0.052602,0.02487,-0.028601,0.001289,0.002645,0.028773,-0.002281,-0.00095,0.000613,-0.026321,-0.001767,0.022175,-0.000797,-0.024765,0.023966,-0.025275,0.00481,-0.000558,3,4,1,2,6,12,9,7,13,11,8,5,10,16,14,17,15
2023-04-24,0.350968,0.339909,0.169324,-0.173378,-0.001034,-0.003263,0.168438,-0.006109,-0.005871,-0.011647,-0.165187,0.002376,0.17759,0.006469,-0.16581,0.163961,-0.16293,-0.008044,0.000436,4,1,3,2,9,6,7,8,11,10,13,12,5,15,16,17,14
2023-04-25,0.050659,0.047821,-0.023266,0.025304,-0.000681,-0.001284,-0.025355,0.001478,0.00037,0.000162,0.023845,0.000664,-0.022193,-0.000289,0.023239,-0.022332,0.023362,-0.002022,2e-06,15,14,17,16,12,6,9,11,5,7,8,13,10,2,4,1,3
2023-04-26,0.163655,0.15168,0.071873,-0.081942,0.00272,0.006802,0.081713,-0.006402,-0.001191,0.002042,-0.076467,-0.003357,0.063652,-0.001407,-0.073518,0.068466,-0.074578,0.011603,-0.001169,3,4,1,2,6,12,9,7,13,10,8,5,11,16,14,17,15
2023-04-27,0.203806,0.190844,-0.095423,0.093114,0.002471,0.008675,-0.087561,0.00342,0.004008,0.01137,0.088865,-0.001514,-0.110692,-0.006214,0.091368,-0.092004,0.089929,0.016756,-0.000456,15,17,14,16,7,12,11,10,9,8,6,5,13,4,2,1,3
2023-04-28,0.053945,0.030503,0.006948,-0.001991,-0.00837,-0.014128,-0.001744,0.002553,-0.001081,-0.006725,0.000842,0.002207,0.030542,0.005902,-0.006074,0.00812,-0.004522,-0.023403,-0.004277,2,1,9,3,16,6,11,15,5,8,14,17,4,7,13,10,12
2023-05-01,0.238308,0.232476,-0.115533,0.12002,-0.003378,-0.006642,-0.118289,0.009429,0.005893,0.005511,0.117621,-0.000254,-0.108538,-0.005025,0.111847,-0.113528,0.112437,-0.007384,-0.00308,15,14,17,16,12,8,9,10,5,6,7,13,11,2,4,1,3
2023-05-02,0.2195,0.21423,0.106727,-0.109454,0.00067,-0.000466,0.106427,-0.005629,-0.005477,-0.006054,-0.105713,0.000989,0.110046,0.004644,-0.104324,0.103646,-0.103545,-0.002279,0.001537,4,1,3,2,9,7,6,8,12,11,13,10,5,16,15,17,14
2023-05-08,0.380177,0.370571,0.18388,-0.192532,0.003328,0.007277,0.187645,-0.015471,-0.010706,-0.010122,-0.187472,-0.000728,0.177988,0.006223,-0.178256,0.179293,-0.180891,0.007479,0.001961,3,4,1,2,6,10,9,8,13,12,11,5,7,16,14,17,15
2023-05-09,0.137609,0.133445,-0.066141,0.067954,0.000516,0.00085,-0.067325,0.002805,0.003585,0.003174,0.064132,-0.000523,-0.069655,-0.003448,0.065126,-0.064435,0.063833,0.003161,-0.001278,14,17,16,15,9,11,12,10,8,5,6,7,13,3,2,1,4
2023-05-10,0.192489,0.185244,-0.091233,0.094537,0.002197,0.003485,-0.092033,0.00369,0.006144,0.0054,0.088475,8.8e-05,-0.097952,-0.004555,0.091442,-0.088296,0.088535,0.007975,-0.001382,14,17,16,15,9,11,12,10,8,6,7,5,13,4,2,1,3
2023-05-11,0.2152,0.207844,0.102511,-0.106753,-0.002049,-0.002881,0.105091,-0.003757,-0.00643,-0.005073,-0.098381,0.000226,0.108447,0.004987,-0.101868,0.099445,-0.098863,-0.007253,0.001652,4,1,2,3,9,7,6,8,10,12,11,13,5,14,16,17,15
2023-05-12,0.070877,0.068394,0.033304,-0.035802,0.000312,0.001534,0.035074,-0.0037,-0.0008,-0.001537,-0.034233,0.000562,0.032136,0.000458,-0.03334,0.032993,-0.033775,0.002105,0.000209,3,4,1,2,6,7,10,9,13,11,12,5,8,16,14,17,15
2023-05-15,0.008047,0.00767,-0.003732,0.003924,-0.000302,-0.000666,-0.004123,0.000591,-7.2e-05,-5e-05,0.003868,-0.00022,-0.003355,-9e-05,0.003485,-0.003828,0.003537,-0.001072,-4.4e-05,16,14,17,15,12,10,6,11,5,8,7,13,9,2,4,1,3
2023-05-16,0.440512,0.428278,-0.213438,0.223444,0.00313,0.000785,-0.215778,0.010552,0.009533,0.011648,0.204047,1.9e-05,-0.217068,-0.008719,0.20934,-0.204717,0.205766,0.007881,-0.003585,14,17,16,15,10,11,12,9,6,7,5,8,13,4,2,1,3
2023-05-17,0.067804,0.063947,0.029501,-0.035321,0.003227,0.007964,0.031137,-0.007838,0.00064,0.001193,-0.033229,0.002269,0.023494,-0.001384,-0.02905,0.032483,-0.03017,0.013675,-0.001271,1,4,2,3,6,8,11,7,13,10,9,5,12,16,14,17,15
2023-05-18,0.53392,0.514696,-0.254692,0.275136,0.000277,-0.005156,-0.258785,0.022218,0.010178,0.011301,0.247264,0.001034,-0.254608,-0.00482,0.253603,-0.246293,0.246758,-0.0006,0.001942,14,15,17,16,13,9,8,10,5,7,6,11,12,3,2,1,4
2023-05-19,0.184644,0.179765,-0.089406,0.095238,0.000523,-0.001714,-0.089326,0.009859,0.003545,0.004352,0.088066,0.00328,-0.087097,0.001374,0.090161,-0.084055,0.08771,-0.000147,0.002148,14,15,16,17,13,8,9,11,5,7,6,12,10,3,2,1,4
2023-05-22,0.059411,0.057308,-0.028903,0.029116,-0.000132,0.000257,-0.028875,0.001218,0.000766,0.001676,0.026944,-0.000108,-0.030294,-0.001766,0.027792,-0.027058,0.026641,0.0012,-0.001048,14,17,15,16,9,10,12,11,6,8,5,7,13,3,2,1,4
2023-05-23,0.348862,0.336594,-0.167976,0.17262,0.00067,0.002614,-0.168442,0.008569,0.005557,0.010837,0.15965,0.000984,-0.176242,-0.008209,0.164852,-0.157256,0.157698,0.008191,-0.004102,14,17,16,15,9,10,12,11,6,8,5,7,13,3,2,1,4
2023-05-24,0.31356,0.297193,-0.145251,0.154666,0.00553,0.006797,-0.148134,0.000426,0.007617,0.012099,0.136203,-0.000684,-0.158893,-0.009441,0.143528,-0.138586,0.141109,0.017591,-0.00664,14,17,16,15,8,11,12,9,10,7,6,5,13,4,2,1,3
2023-05-25,0.074108,0.067495,-0.031915,0.036571,0.003977,0.005713,-0.032377,-0.004635,0.004205,0.00371,0.025094,-0.001445,-0.037537,-0.005049,0.030545,-0.03137,0.033539,0.012056,-0.003945,14,17,16,15,6,10,11,8,12,7,9,5,13,4,3,1,2
2023-05-26,0.028198,0.028053,0.016757,-0.011222,0.003476,0.003513,0.016709,0.000874,0.002729,0.002431,-0.011273,0.002626,0.01681,0.002925,-0.011388,0.015886,-0.009787,0.004206,0.002459,4,1,3,2,6,10,11,7,13,9,12,5,8,16,17,15,14
2023-05-30,0.042697,0.039601,0.019366,-0.020789,-0.002224,-0.00283,0.020867,0.006829,-0.002025,-0.002421,-0.011331,0.003702,0.02157,0.006587,-0.014857,0.019594,-0.021128,-0.011681,0.006988,3,1,2,4,12,8,5,10,6,9,11,14,7,13,15,16,17
2023-05-31,0.294039,0.28681,-0.142317,0.14796,0.001178,0.001751,-0.142931,0.008451,0.007684,0.009696,0.133942,-0.001149,-0.146079,-0.009974,0.141898,-0.13583,0.139246,0.010839,-0.007073,14,17,16,15,9,11,12,10,7,8,6,5,13,4,2,1,3
2023-06-01,0.434114,0.42717,0.211939,-0.218655,0.002308,-0.001403,0.211968,-0.020489,-0.009821,-0.014233,-0.208379,-0.002781,0.21546,0.00817,-0.21511,0.201238,-0.204001,-0.006273,0.004457,4,1,2,3,8,9,6,7,13,11,12,10,5,15,16,17,14
2023-06-02,0.36073,0.356947,-0.177049,0.179527,-0.003511,-0.000237,-0.176589,0.01943,0.006267,0.010462,0.176947,0.002659,-0.180105,-0.003218,0.180624,-0.167323,0.165694,-0.001924,-0.002328,14,17,15,16,9,8,11,13,5,7,6,10,12,3,1,2,4
2023-06-05,0.439213,0.432822,-0.216426,0.209574,-0.009089,-0.002998,-0.213298,0.029577,-0.001607,0.009991,0.221448,0.007175,-0.217765,0.004475,0.219956,-0.199834,0.195063,-0.015374,0.005501,14,17,15,16,11,7,8,12,5,10,6,13,9,1,2,3,4
2023-06-06,0.050873,0.049849,0.024519,-0.025106,-1.9e-05,-0.000869,0.023669,-0.004372,-0.000974,-0.002208,-0.026353,-0.002075,0.024294,-0.000869,-0.025605,0.022219,-0.023407,0.000205,-0.001868,4,2,3,1,7,11,10,6,13,9,12,5,8,17,16,15,14
2023-06-07,0.639002,0.628477,-0.319182,0.317448,-0.000607,0.003903,-0.309154,0.022904,0.010471,0.01598,0.304703,0.002127,-0.321554,-0.012984,0.313389,-0.295337,0.300641,0.009969,-0.008045,14,17,15,16,9,10,12,11,5,7,6,8,13,3,2,1,4
2023-06-08,0.654809,0.644412,-0.326836,0.32492,-0.002293,0.003407,-0.316807,0.024317,0.009936,0.016273,0.313062,0.001764,-0.32989,-0.013716,0.321723,-0.303338,0.305594,0.008634,-0.006879,14,17,15,16,9,10,12,11,5,7,6,8,13,3,2,1,4
2023-06-09,0.471937,0.461763,0.233629,-0.234567,-0.000541,-0.002862,0.227361,-0.011056,-0.008647,-0.00754,-0.22318,0.003122,0.237371,0.014893,-0.229181,0.217314,-0.221693,-0.011974,0.010473,4,1,3,2,9,7,6,8,12,11,10,13,5,15,16,17,14
2023-06-12,0.092988,0.092123,0.047234,-0.045564,0.001113,0.000726,0.046108,-0.004022,-0.00076,-0.000951,-0.045754,-0.00061,0.046829,0.001795,-0.044881,0.043197,-0.042333,0.000427,0.000181,4,2,3,1,7,10,9,6,13,11,12,8,5,17,15,16,14
2023-06-13,0.210437,0.202772,0.10228,-0.102694,-0.000519,-0.001138,0.099788,-0.000924,-0.002239,-0.001834,-0.096299,0.003462,0.107743,0.009659,-0.098546,0.096256,-0.097267,-0.006653,0.00624,4,1,3,2,10,7,6,8,9,12,11,13,5,14,16,17,15
2023-06-14,0.274955,0.272393,-0.137554,0.135912,-6.2e-05,-0.000684,-0.136345,0.014682,0.006022,0.005499,0.1374,0.003212,-0.136213,-0.004375,0.133755,-0.127234,0.125394,-0.001124,0.003079,14,15,16,17,11,8,9,10,5,6,7,12,13,1,3,2,4
2023-06-15,0.114873,0.11411,0.058226,-0.056536,0.000665,0.000525,0.057332,-0.005755,-0.002268,-0.00169,-0.056647,-0.000822,0.057954,0.001939,-0.055635,0.052905,-0.051976,0.000259,-5.5e-05,4,2,3,1,7,10,9,6,13,12,11,8,5,17,15,16,14
2023-06-16,0.342107,0.320572,0.153564,-0.166688,-0.001051,-0.005479,0.15027,0.001952,-0.007416,-0.003024,-0.151087,0.00715,0.175419,0.006383,-0.156762,0.148397,-0.159012,-0.016331,0.009783,4,1,3,2,11,6,5,9,8,12,10,13,7,14,15,17,16
2023-06-20,0.010358,0.007787,-0.002946,0.004389,-0.001212,-0.000101,-0.001811,-0.003613,-0.001415,-0.001506,0.001316,-0.002517,-0.00597,-0.000931,0.00227,-0.003582,0.003538,0.00064,-0.003017,15,17,11,13,6,12,14,8,16,9,10,5,7,4,3,1,2
2023-06-21,0.120647,0.114506,0.062356,-0.045957,-0.001398,0.004242,0.066556,-0.013353,-0.006965,-0.003028,-0.054091,-0.001985,0.054223,0.004447,-0.054085,0.055821,-0.050609,0.002141,-0.004399,3,4,1,2,6,9,11,8,13,12,10,7,5,17,16,14,15
2023-06-22,0.049917,0.046238,-0.023224,0.023504,-0.001744,-0.001157,-0.022242,-0.002283,-0.001177,-0.001806,0.020559,-0.002743,-0.026413,-0.003449,0.02153,-0.022603,0.021439,-0.000363,-0.003143,15,17,14,16,6,11,12,8,10,7,9,5,13,4,2,1,3
2023-06-23,0.599404,0.588193,0.297564,-0.285535,0.000698,0.000756,0.293168,-0.018439,-0.014471,-0.005824,-0.289495,-0.002403,0.309909,0.012689,-0.287369,0.275996,-0.287075,-0.008705,0.002831,4,1,3,2,7,9,6,8,13,12,10,11,5,17,16,14,15
2023-06-26,0.20936,0.194104,-0.087434,0.106594,-0.000638,0.000684,-0.089064,-0.004209,0.004111,-0.00094,0.093705,-0.00698,-0.102766,-0.007471,0.1018,-0.088044,0.094044,0.003026,-0.003636,15,17,16,14,7,12,10,8,11,5,9,6,13,4,2,1,3
2023-06-27,0.554706,0.540347,-0.272075,0.260883,-0.002576,0.000513,-0.268755,0.015758,0.011779,0.006476,0.267292,0.003058,-0.287414,-0.014241,0.264623,-0.252102,0.260089,0.00667,-0.003219,14,17,15,16,10,9,12,11,5,6,8,7,13,1,2,3,4
2023-06-28,0.210175,0.203969,-0.106495,0.08948,0.00182,0.00354,-0.103956,0.017019,0.007596,0.007913,0.10329,0.010546,-0.106885,-0.001683,0.093912,-0.093498,0.097369,0.004731,0.004682,14,17,15,16,11,6,10,12,5,8,7,9,13,1,3,4,2
2023-06-29,0.425625,0.413142,-0.202413,0.20914,-0.00154,0.002525,-0.202103,0.008085,0.010755,0.003614,0.204419,-0.001403,-0.216485,-0.008073,0.204867,-0.190197,0.202102,0.004712,-0.007389,14,17,15,16,9,10,12,11,6,5,8,7,13,3,2,1,4
2023-06-30,0.494764,0.485586,-0.24753,0.234187,-0.000373,0.004017,-0.244516,0.020393,0.014256,0.008912,0.240806,0.009164,-0.253958,-0.0048,0.232707,-0.22463,0.23576,0.006973,-0.004499,14,17,15,16,10,7,12,11,5,6,8,9,13,1,4,3,2
2023-07-03,0.375905,0.356609,0.168907,-0.187332,-0.002221,-0.001761,0.168404,0.000272,-0.006751,-0.000466,-0.176384,0.00463,0.188573,0.011047,-0.180227,0.162787,-0.171955,-0.000558,0.006662,4,1,3,2,11,7,6,12,8,13,9,10,5,15,16,17,14
2023-07-05,0.13713,0.134782,-0.071185,0.062371,-0.001204,0.000784,-0.068542,0.006554,0.004058,0.003153,0.065945,0.002039,-0.070477,-0.002878,0.061933,-0.062395,0.065825,0.001377,-0.002219,14,16,15,17,10,8,12,11,5,6,7,9,13,1,4,3,2
2023-07-06,0.374098,0.36679,0.184714,-0.179505,-0.001573,-0.005259,0.180116,-0.015841,-0.012226,-0.010673,-0.183586,-0.005565,0.190512,0.003724,-0.176336,0.166714,-0.181937,-0.009307,0.00188,4,1,3,2,8,9,6,7,13,12,11,10,5,17,14,15,16
2023-07-07,0.079961,0.073263,0.043496,-0.022265,0.00427,-0.000894,0.044293,-0.013981,-0.003291,-0.006772,-0.034926,-0.00779,0.03687,-0.00365,-0.024535,0.033125,-0.035668,-0.006762,-8.4e-05,4,3,1,2,7,12,6,5,13,8,11,10,9,16,15,14,17
2023-07-10,0.956464,0.935267,-0.469808,0.463967,0.004804,0.011696,-0.457429,0.022941,0.02403,0.018647,0.465276,0.001853,-0.491188,-0.019674,0.458133,-0.431135,0.457943,0.010019,-0.013769,14,17,15,16,8,11,12,10,6,5,7,9,13,1,3,2,4
2023-07-11,0.053721,0.051174,-0.02706,0.021879,0.000448,0.001873,-0.0265,0.006191,0.002792,0.003895,0.025759,0.003718,-0.025179,0.002122,0.022365,-0.02217,0.02666,0.003765,0.000378,14,15,16,17,11,8,13,12,5,9,6,7,10,2,3,4,1
2023-07-12,0.381491,0.373384,-0.195301,0.170329,-0.003212,0.00318,-0.191085,0.019075,0.010374,0.010135,0.182154,0.008889,-0.194149,-0.001138,0.171274,-0.171496,0.186191,0.011137,-0.006342,14,16,15,17,10,9,13,12,5,7,8,6,11,2,3,4,1
2023-07-13,0.047737,0.043065,-0.027404,0.011782,-0.002121,0.00049,-0.027307,0.006785,0.001094,0.004599,0.018954,0.004238,-0.022368,0.001866,0.01283,-0.018786,0.020334,0.002855,-0.000989,14,15,16,17,11,7,12,13,5,10,6,8,9,2,3,4,1
2023-07-14,0.134059,0.128123,0.058433,-0.068473,-0.000978,-0.000497,0.055972,0.002003,-0.002966,0.001883,-0.063845,0.002435,0.065586,0.004213,-0.068411,0.059619,-0.061928,0.000158,0.001952,2,1,4,3,11,6,8,12,7,13,9,10,5,15,16,17,14
2023-07-18,0.742371,0.728397,0.367767,-0.357716,0.007637,-0.002518,0.356667,-0.011468,-0.017544,-0.008629,-0.362499,-0.009153,0.379872,0.011951,-0.356622,0.336407,-0.360671,-0.00987,0.015031,4,1,3,2,8,10,5,7,12,13,9,11,6,17,14,15,16
2023-07-19,0.096222,0.093913,-0.04828,0.043567,-0.001253,0.002053,-0.047347,0.004794,0.004121,0.005016,0.047688,0.005488,-0.046916,0.000988,0.04355,-0.040181,0.047942,0.004313,-0.001489,14,15,16,17,10,5,13,12,7,9,6,8,11,2,4,3,1
2023-07-20,0.261934,0.25469,0.124541,-0.131283,0.000632,-0.001022,0.118298,-0.000253,-0.004672,0.000133,-0.127565,0.000252,0.130621,0.004566,-0.131313,0.118746,-0.124119,-0.001417,0.002602,3,1,4,2,11,8,6,7,10,13,9,12,5,15,17,16,14
2023-07-21,0.342108,0.336422,0.171116,-0.165349,0.005786,0.000651,0.165086,0.00048,-0.004568,-0.000939,-0.166651,-0.001791,0.175456,0.008261,-0.165605,0.157123,-0.16208,-0.001378,0.008779,4,1,3,2,8,12,5,7,9,13,10,11,6,17,16,15,14
2023-07-24,0.367986,0.361185,0.179811,-0.181006,0.002628,-0.002427,0.172716,-0.001592,-0.006492,-0.003053,-0.182035,-0.004165,0.185908,0.006344,-0.182078,0.166348,-0.177814,-0.004171,0.006718,4,1,3,2,9,11,5,7,8,13,10,12,6,16,17,15,14
2023-07-25,0.420569,0.412197,-0.208536,0.197876,-0.005419,0.004209,-0.203276,0.004131,0.007425,0.008061,0.207921,0.010777,-0.212648,-0.006807,0.201988,-0.186544,0.202224,0.005883,-0.008813,14,17,15,16,9,5,13,11,10,7,6,8,12,1,3,4,2
2023-07-26,0.049471,0.048333,0.023864,-0.024012,0.000239,-0.000545,0.023148,-0.000263,-0.000816,-0.000535,-0.024556,-0.000727,0.024916,0.00088,-0.024504,0.022245,-0.023886,-0.000432,0.000639,4,1,3,2,11,12,6,7,8,13,10,9,5,17,16,15,14
2023-07-27,0.217002,0.213181,-0.107393,0.104004,-0.0012,0.002494,-0.104827,0.001238,0.004138,0.00444,0.108124,0.002456,-0.108878,-0.00329,0.106318,-0.098149,0.103888,0.001177,-0.004034,14,17,15,16,7,8,13,11,9,6,5,10,12,1,2,3,4
2023-07-28,0.027846,0.022823,0.001657,0.01616,0.005448,-0.000487,0.005315,-0.003589,-0.002402,-0.007196,0.005899,-0.011206,-0.005639,-0.00144,0.016377,-0.011469,0.006061,-0.005461,0.004412,17,14,6,8,9,16,7,5,12,11,15,13,10,4,1,2,3
2023-07-31,0.306711,0.299436,0.147748,-0.151309,0.000695,-0.000297,0.141869,0.002452,-0.003549,0.000812,-0.14995,0.005371,0.152589,0.006623,-0.154122,0.142591,-0.14394,0.003741,0.003811,3,1,4,2,12,6,7,11,9,13,10,8,5,15,17,16,14
2023-08-01,0.606698,0.595271,-0.298754,0.290882,-0.00229,0.004621,-0.292828,0.002256,0.008702,0.009921,0.298825,0.004403,-0.307873,-0.007759,0.294942,-0.271062,0.292589,0.004796,-0.011625,14,17,15,16,8,9,13,11,10,6,5,7,12,1,2,4,3
2023-08-02,0.231092,0.228353,-0.110617,0.11698,0.000987,0.001096,-0.104328,-0.000377,0.004494,0.000867,0.116004,-0.004356,-0.112021,-0.00638,0.119071,-0.110366,0.111863,-0.003269,-0.001248,15,17,14,16,6,12,10,7,9,5,8,11,13,3,1,2,4
2023-08-03,0.321875,0.311515,0.156467,-0.139519,0.001594,-0.008957,0.161068,-0.003967,-0.003073,-0.009517,-0.152112,-0.016569,0.168916,-0.00412,-0.143023,0.124042,-0.152958,-0.016571,0.008931,4,1,2,3,10,12,5,6,8,7,11,13,9,16,15,14,17
2023-08-04,0.329579,0.326216,-0.156682,0.170836,0.003926,0.003241,-0.150814,0.003589,0.007682,0.005005,0.167408,-0.001814,-0.158743,-0.004877,0.170345,-0.154634,0.161109,-0.002136,-0.000304,15,17,14,16,9,11,10,7,8,5,6,12,13,3,2,1,4
2023-08-07,0.330768,0.327055,-0.158616,0.169264,0.002107,0.001142,-0.154163,0.00114,0.005604,0.002695,0.165608,-0.00377,-0.16112,-0.005051,0.169648,-0.156909,0.161022,-0.003746,-0.001752,15,17,14,16,8,12,10,7,9,5,6,11,13,3,1,2,4
2023-08-08,0.026168,0.022734,-0.00532,-0.013692,-0.002507,0.005442,-0.006799,-0.000145,-0.001448,0.004913,-0.000515,0.012279,-0.008893,0.004465,-0.011001,0.012476,-0.002295,0.00986,-0.002936,1,15,14,13,4,2,12,11,7,9,5,3,6,8,16,17,10
2023-08-09,0.325131,0.315914,0.160557,-0.148674,0.002182,-0.007441,0.156383,-0.000944,-0.004683,-0.007958,-0.158189,-0.011508,0.166943,0.000223,-0.15126,0.134808,-0.15441,-0.010582,0.005444,4,1,3,2,10,13,5,6,8,9,11,12,7,17,15,14,16
2023-08-10,0.030297,0.023927,-0.008262,0.01356,-8e-06,-0.004341,-0.009644,-0.001322,-0.001897,-0.00326,0.008847,-0.007008,-0.007085,-0.002836,0.013724,-0.016573,0.010018,-0.005691,-0.000883,17,14,16,15,11,13,6,5,7,8,10,12,9,4,1,2,3
2023-08-14,0.023239,0.020484,-0.007877,0.011596,0.000965,-0.000798,-0.008424,0.000437,0.000472,-0.000353,0.009954,-0.00207,-0.00754,-0.000393,0.012059,-0.01118,0.010315,-0.001401,0.000346,17,14,16,15,11,13,8,5,7,6,9,12,10,4,1,2,3
2023-08-15,0.188142,0.183144,0.092893,-0.085728,0.003575,-0.000711,0.092145,0.000112,0.000328,-0.001799,-0.091094,-0.002361,0.097048,0.004014,-0.087435,0.081689,-0.088816,-0.001928,0.004768,4,1,3,2,10,13,5,7,9,8,11,12,6,17,15,14,16
2023-08-16,0.304736,0.285205,0.153142,-0.115871,0.009967,-0.013003,0.145528,-0.002151,-0.003544,-0.013987,-0.142308,-0.027308,0.162428,0.001538,-0.117736,0.101882,-0.134473,-0.023027,0.009229,4,1,3,2,10,13,6,5,8,9,11,12,7,17,15,14,16
2023-08-17,0.1908,0.177743,0.091811,-0.075472,0.003398,-0.010481,0.089509,-0.000859,-0.000568,-0.007754,-0.090686,-0.01354,0.100114,0.002599,-0.075221,0.06459,-0.085638,-0.010213,0.004032,4,1,3,2,12,13,5,6,9,8,10,11,7,17,14,15,16
2023-08-18,0.350774,0.346926,-0.165469,0.176457,-0.001889,-0.005178,-0.168818,0.001325,0.001248,0.001281,0.174436,-0.007725,-0.170571,-0.004531,0.180203,-0.170292,0.173953,-0.003429,-0.003404,16,17,15,14,12,13,9,8,5,7,6,10,11,3,1,2,4
2023-08-21,0.069923,0.069199,0.032713,-0.035815,-0.000404,-1e-05,0.033452,-0.001054,-0.001111,-0.001082,-0.035569,0.000185,0.033951,5.3e-05,-0.035672,0.032737,-0.035972,-0.000832,-0.000362,3,1,2,4,7,5,8,9,11,13,12,10,6,14,15,16,17
2023-08-22,0.247066,0.241292,0.120578,-0.116896,0.004392,-0.000713,0.120899,0.000787,-0.00105,-0.002598,-0.120206,3.4e-05,0.126859,0.005594,-0.114392,0.111784,-0.118436,-0.001591,0.003564,4,1,2,3,10,9,7,6,8,11,13,12,5,17,14,15,16
2023-08-23,0.079686,0.074609,0.037887,-0.03381,0.001407,-0.004639,0.036949,-0.00046,-0.002268,-0.003872,-0.038229,-0.004434,0.041457,0.000986,-0.031649,0.028302,-0.035494,-0.00394,0.00076,4,1,3,2,13,12,7,5,8,9,10,11,6,17,14,15,16
2023-08-24,0.134566,0.122673,0.050217,-0.064142,-0.001784,0.009763,0.055477,-0.001746,0.000699,0.001755,-0.058958,0.009476,0.050666,0.000578,-0.068241,0.066325,-0.063168,0.005783,-0.00107,1,3,2,4,5,6,11,13,12,9,8,7,10,14,17,16,15
2023-08-25,0.380587,0.372298,-0.171218,0.187219,-0.002834,-0.01119,-0.177851,0.003072,-0.003753,-0.000884,0.183828,-0.011644,-0.183725,-0.00287,0.194945,-0.185641,0.187513,-0.009078,-0.003583,17,16,15,14,12,13,9,7,5,10,6,11,8,4,1,3,2
2023-08-28,0.251704,0.247247,0.115144,-0.125407,0.001406,0.003722,0.119185,-0.001273,0.000652,-0.002066,-0.124123,0.003508,0.124308,0.002492,-0.127396,0.119648,-0.125797,0.002797,0.002425,2,1,3,4,5,6,9,10,12,11,13,7,8,14,17,15,16
2023-08-29,0.102195,0.100205,-0.054046,0.047018,-0.002166,0.006558,-0.049415,0.00133,0.004867,0.004792,0.048149,0.004915,-0.053907,-0.005874,0.040351,-0.038829,0.048079,0.00779,-0.000324,14,16,15,17,6,7,11,12,10,8,9,5,13,1,4,3,2
2023-08-30,0.055452,0.039369,0.005667,-0.017952,-0.000761,0.011691,0.014009,0.002614,0.009043,0.006764,-0.01691,0.009477,0.012426,-0.007116,-0.028969,0.026483,-0.017116,0.013579,0.002799,1,4,2,9,5,6,10,12,11,7,8,3,13,14,17,16,15
2023-08-31,0.053661,0.052397,-0.025782,0.025819,-0.000556,0.001576,-0.025622,0.00068,0.001243,0.001868,0.026525,0.001298,-0.027136,-0.001645,0.024319,-0.022975,0.026306,0.001973,0.000137,14,17,15,16,7,8,11,12,10,9,6,5,13,1,4,3,2
2023-09-01,0.207854,0.202065,-0.089255,0.101974,8.7e-05,-0.001609,-0.095209,0.002328,-0.001975,0.003122,0.103344,-0.001875,-0.102167,-0.000622,0.105687,-0.096586,0.103203,-0.000729,-0.002768,16,17,15,14,10,11,13,7,6,12,5,9,8,2,1,4,3
2023-09-05,0.695002,0.676615,-0.327285,0.333565,-0.009851,0.006552,-0.33501,0.003469,0.002541,0.014456,0.340679,0.001771,-0.354324,-0.020082,0.324158,-0.313078,0.338982,0.009613,-0.009311,14,17,16,15,7,10,11,12,8,9,5,6,13,1,4,3,2
2023-09-06,0.067662,0.064176,0.04074,-0.025886,0.005897,-0.006451,0.037046,0.002727,-0.004903,-0.004929,-0.025249,-0.001488,0.036685,0.010844,-0.01368,0.022084,-0.026922,-0.005064,0.002913,4,3,2,1,13,9,7,6,8,10,11,12,5,15,14,16,17
2023-09-07,0.122773,0.119145,-0.054083,0.058174,-0.001776,-0.003034,-0.057941,-0.000762,-0.004176,-0.000387,0.059567,-0.002845,-0.061789,-0.000886,0.060985,-0.058589,0.058566,-0.002381,-0.001489,16,17,15,14,12,11,8,9,6,13,5,10,7,2,1,4,3
2023-09-08,0.192411,0.18554,0.087365,-0.093433,0.000951,-0.003236,0.090377,-0.002251,-0.002174,-0.006829,-0.093036,-0.002298,0.096909,0.003245,-0.090336,0.084675,-0.095501,-0.004808,0.000517,4,1,2,3,11,10,7,6,9,8,13,12,5,15,14,16,17
2023-09-11,0.143253,0.138267,0.065961,-0.069344,0.001475,-0.0011,0.068267,-0.001321,-0.000863,-0.004445,-0.067889,0.000376,0.071943,0.002033,-0.067976,0.06502,-0.071309,-0.002311,0.00218,4,1,2,3,10,8,5,7,11,9,13,12,6,14,15,16,17
2023-09-12,0.497088,0.481144,0.227681,-0.238886,0.006211,-0.000736,0.237314,-0.003035,0.000402,-0.013127,-0.236994,0.003145,0.251148,0.006212,-0.240921,0.229222,-0.24594,-0.004937,0.008255,3,1,2,4,10,8,5,7,11,9,13,12,6,14,16,15,17
2023-09-13,0.717649,0.695498,-0.336388,0.343291,-0.011715,0.007404,-0.344334,0.00274,0.002786,0.022815,0.344833,0.001049,-0.367707,-0.014985,0.343099,-0.328723,0.349941,0.009415,-0.012199,14,17,16,15,7,10,12,11,9,8,5,6,13,2,4,3,1
2023-09-14,0.641707,0.621359,0.301606,-0.307934,0.010043,-0.010648,0.305705,-0.001925,-0.006927,-0.022443,-0.307125,-0.003711,0.326557,0.014684,-0.30199,0.288877,-0.31515,-0.011856,0.010173,4,1,2,3,11,9,6,7,8,10,13,12,5,15,14,16,17
2023-09-15,0.197941,0.18983,-0.100642,0.089664,-0.005256,0.010958,-0.09623,-0.003678,0.013917,0.010898,0.086217,0.005429,-0.099439,-0.015667,0.074802,-0.079074,0.097299,0.010985,-0.007351,14,16,15,17,7,9,12,11,10,5,8,6,13,3,4,2,1
2023-09-19,0.100441,0.090147,-0.030064,0.039462,0.000604,-0.006982,-0.040574,0.001884,-0.014941,0.000939,0.045462,-0.002739,-0.044502,0.007117,0.053193,-0.047248,0.037025,-0.004593,0.003856,17,16,15,14,12,10,6,9,7,13,8,11,5,2,1,3,4
2023-09-20,0.16231,0.156126,0.077784,-0.077068,0.003157,-0.005126,0.075797,0.001429,-0.00504,-0.006268,-0.075418,-0.001484,0.081583,0.006688,-0.072641,0.06874,-0.080728,-0.004445,0.004041,4,1,3,2,12,9,6,7,8,11,13,10,5,15,14,16,17
2023-09-21,0.287003,0.27555,0.136546,-0.135978,0.005167,-0.009571,0.133525,0.002211,-0.009048,-0.011758,-0.1336,-0.002127,0.144554,0.011508,-0.13056,0.120345,-0.142449,-0.006758,0.006286,4,1,3,2,12,9,6,7,8,11,13,10,5,15,14,16,17
2023-09-22,0.56013,0.537114,0.27227,-0.264026,0.015885,-0.023452,0.259653,0.008172,-0.023398,-0.021475,-0.255262,-0.003087,0.280963,0.033086,-0.248196,0.228268,-0.279166,-0.01251,0.018311,4,1,3,2,13,9,6,7,8,12,11,10,5,15,14,16,17
2023-09-25,0.119707,0.114693,0.058143,-0.056617,0.002983,-0.003171,0.054724,0.001727,-0.003059,-0.003932,-0.054887,-0.001567,0.061381,0.005411,-0.05141,0.04932,-0.058325,-0.002954,0.003404,4,1,3,2,12,9,6,7,8,11,13,10,5,15,14,16,17
2023-09-26,0.179968,0.17402,-0.086223,0.087387,-0.002858,0.004086,-0.083262,-0.000805,0.003288,0.006393,0.085219,0.001861,-0.090033,-0.005616,0.081326,-0.077342,0.089935,0.00512,-0.003462,14,17,15,16,7,9,12,11,10,8,5,6,13,3,4,2,1
2023-09-27,0.175609,0.159969,-0.065768,0.074418,0.003944,-0.005182,-0.082022,0.011473,-0.008944,0.003179,0.077167,-0.005797,-0.068228,0.005223,0.083351,-0.092258,0.07688,0.004524,0.0071,17,15,16,14,11,12,6,9,5,13,10,8,7,2,1,4,3
2023-09-28,0.609401,0.595621,-0.291236,0.29861,-0.005058,0.006804,-0.292714,0.004466,0.003324,0.019766,0.294902,-0.000729,-0.300821,-0.013746,0.292546,-0.284559,0.30858,0.018995,-0.003266,14,17,16,15,7,10,11,12,8,9,5,6,13,3,4,2,1
2023-09-29,0.429575,0.416158,-0.205929,0.207525,-0.006042,0.006338,-0.197983,-0.000877,0.005763,0.015796,0.207461,-0.000124,-0.21651,-0.017258,0.200696,-0.191825,0.213065,0.011665,-0.003319,14,17,15,16,7,9,11,12,10,8,5,6,13,3,4,2,1
2023-10-02,0.25782,0.251022,0.124497,-0.126284,0.005669,-0.002578,0.120501,0.001065,-0.00408,-0.008809,-0.123966,-0.001616,0.130685,0.011864,-0.120553,0.118222,-0.127135,-0.006751,0.002527,4,1,3,2,10,9,7,6,8,11,13,12,5,15,14,16,17
2023-10-03,0.202384,0.192985,0.098871,-0.096094,0.007666,-0.002523,0.087835,0.007013,-0.00586,-0.00781,-0.09478,-0.003723,0.10629,0.015987,-0.090474,0.086344,-0.095084,-0.002905,0.004686,4,1,3,2,9,11,8,6,7,12,13,10,5,15,14,17,16
2023-10-04,0.207326,0.196403,0.099766,-0.10128,0.007618,-0.003326,0.086443,0.005314,-0.007752,-0.007797,-0.097619,-0.005967,0.106046,0.012638,-0.094089,0.08599,-0.098053,-0.00585,0.003922,4,1,3,2,9,11,8,6,7,12,13,10,5,15,14,17,16
2023-10-05,0.307674,0.298591,0.142471,-0.146368,0.002795,0.001337,0.152937,-0.007241,0.000707,-0.006293,-0.144952,0.005761,0.143708,0.003255,-0.14562,0.152404,-0.154737,-0.009856,0.000957,2,3,1,4,8,5,9,7,12,10,11,13,6,14,15,16,17
2023-10-06,0.206506,0.200578,-0.093737,0.100833,0.000798,0.001232,-0.098924,0.006487,0.004048,0.006253,0.099465,-0.001904,-0.094681,-0.000241,0.100789,-0.100611,0.105895,0.007958,0.00246,17,15,16,14,10,13,9,11,6,8,7,5,12,4,3,2,1
2023-10-10,0.116473,0.105574,0.04464,-0.039634,-0.000722,0.004137,0.060913,-0.005632,0.004274,0.002135,-0.045398,0.010483,0.043298,-0.002093,-0.049299,0.061519,-0.054954,-0.001344,0.000313,1,4,2,3,7,5,9,10,13,6,8,11,12,15,16,14,17
2023-10-11,0.156789,0.146772,0.064209,-0.068494,-0.00388,-0.002351,0.076495,-0.008638,-0.00193,-0.005395,-0.071246,0.004034,0.062182,-0.002479,-0.07282,0.075254,-0.080294,-0.006387,-0.002637,2,4,1,3,7,5,9,10,13,6,11,12,8,15,16,14,17
2023-10-12,0.101703,0.096749,-0.048822,0.051094,-0.003369,0.000755,-0.041859,-0.001924,0.002578,0.003124,0.047677,0.002375,-0.050609,-0.005455,0.04631,-0.045735,0.045736,0.00284,-0.001226,15,17,14,16,9,8,10,12,11,7,5,6,13,2,3,1,4
2023-10-13,0.062743,0.046858,-0.014982,0.017506,0.005547,0.00017,-0.0318,0.007572,0.000334,0.001044,0.019287,-0.004929,-0.012681,0.007201,0.021108,-0.022455,0.030943,0.002028,0.003943,16,14,17,15,12,13,8,7,5,11,10,9,6,3,2,4,1
2023-10-16,0.047816,0.046409,0.021883,-0.023049,-0.000224,-0.000775,0.023005,-0.001769,-0.000896,-0.002084,-0.023473,0.000361,0.021841,0.000518,-0.022989,0.023173,-0.024642,-0.001816,-0.000748,1,4,2,3,9,6,8,7,11,10,13,12,5,16,14,15,17
2023-10-17,0.073925,0.063622,0.022409,-0.019454,-0.001,-0.000181,0.037995,-0.006139,0.003455,-0.004589,-0.032707,0.005163,0.021152,-0.002109,-0.02859,0.033233,-0.03593,-0.001093,-0.002938,2,4,1,3,7,5,11,8,13,6,12,9,10,16,15,14,17
2023-10-18,0.296935,0.290826,-0.145291,0.149603,-0.004033,0.00053,-0.140558,0.005033,0.006698,0.005542,0.135484,-0.0056,-0.145666,-0.011852,0.138784,-0.147331,0.145804,0.006756,-0.002831,17,16,14,15,9,12,10,11,8,6,7,5,13,4,3,1,2
2023-10-19,0.542176,0.525585,0.261732,-0.280444,0.006167,-0.00533,0.24305,-0.009115,-0.020096,-0.011765,-0.241523,0.004128,0.261221,0.023042,-0.253095,0.25902,-0.261244,-0.017161,0.003055,3,2,4,1,9,7,8,6,10,13,11,12,5,14,15,17,16
2023-10-20,0.204657,0.192179,0.09945,-0.105207,0.00651,-0.00215,0.081633,-0.00047,-0.009928,-0.002324,-0.082611,0.000625,0.097245,0.01503,-0.090012,0.094706,-0.089918,-0.004876,0.001806,3,2,4,1,10,8,7,6,9,13,11,12,5,14,16,17,15
2023-10-23,0.237508,0.226501,0.115186,-0.122321,0.003788,-0.004158,0.094035,-0.003713,-0.013031,-0.0066,-0.103523,-0.000497,0.112241,0.014897,-0.109793,0.110491,-0.109469,-0.008217,0.001828,3,2,4,1,10,8,7,6,9,13,11,12,5,14,16,17,15
2023-10-24,0.303003,0.299236,0.150529,-0.152474,0.00371,-0.002166,0.14216,-0.007316,-0.00821,-0.008231,-0.142261,0.004374,0.148553,0.01261,-0.144729,0.150173,-0.151251,-0.008969,0.002438,2,3,4,1,9,6,8,7,10,11,12,13,5,14,15,17,16
2023-10-25,0.347572,0.337178,0.158073,-0.160187,-0.004413,-0.000397,0.172061,-0.01435,-0.00212,-0.010622,-0.168451,0.006803,0.159566,-0.001757,-0.16496,0.170986,-0.175511,-0.007732,-0.002223,2,3,1,4,6,5,9,10,13,8,12,11,7,16,15,14,17
2023-10-26,0.25646,0.243065,0.125713,-0.130748,0.003319,-0.006693,0.108802,-0.005726,-0.014089,-0.008536,-0.113742,-0.002179,0.1216,0.013563,-0.118884,0.112895,-0.119357,-0.011705,0.001887,3,2,4,1,10,8,7,6,9,13,11,12,5,14,15,17,16
2023-10-27,0.65481,0.639546,-0.317381,0.317259,-0.00452,0.000772,-0.318006,0.01637,0.009314,0.015482,0.311183,-0.011175,-0.316422,-0.016884,0.310446,-0.328492,0.326317,0.01586,-0.003441,17,14,16,15,9,12,10,11,5,8,7,6,13,3,4,2,1
2023-10-30,0.044101,0.031512,0.022228,-0.021873,0.002888,-0.005487,0.00436,0.001561,-0.007253,9.1e-05,-0.011193,-0.002616,0.015958,0.008248,-0.013753,0.009532,-0.004676,-0.002331,0.000747,3,2,5,1,13,11,8,6,7,14,9,10,4,15,16,17,12
2023-10-31,0.141201,0.122574,0.040732,-0.043597,-0.008257,0.004668,0.070378,-0.006981,0.004059,-0.004915,-0.056454,0.002808,0.053572,-0.010697,-0.055881,0.060613,-0.070823,-0.001132,1.4e-05,2,3,1,4,5,7,8,12,11,6,10,9,13,16,15,14,17
2023-11-01,0.148188,0.13118,-0.075062,0.073125,-0.00679,0.006046,-0.056108,-0.000941,0.008076,0.001137,0.063452,-0.000857,-0.057944,-0.011224,0.060647,-0.063311,0.053465,0.00287,-0.000629,16,15,14,17,6,10,9,12,11,5,8,7,13,2,3,1,4
2023-11-02,0.251053,0.242795,0.115895,-0.111015,-0.000615,0.004473,0.124867,-0.008167,0.000786,-0.007664,-0.1137,0.006709,0.121653,-0.001763,-0.117112,0.125379,-0.125674,-0.003638,0.003834,1,3,2,4,6,5,7,9,13,8,12,11,10,15,16,14,17
2023-11-06,0.37778,0.348359,-0.183476,0.194304,-0.013508,0.013924,-0.153362,0.000608,0.020151,0.001519,0.169536,-0.002253,-0.163615,-0.028397,0.163762,-0.170382,0.149629,0.006672,-0.002095,16,15,14,17,6,11,10,12,9,5,8,7,13,2,3,1,4
2023-11-07,0.55317,0.544608,0.276321,-0.274077,0.003157,-0.001638,0.269128,-0.01154,-0.009428,-0.015662,-0.263167,0.007775,0.268537,0.012239,-0.264505,0.279092,-0.270699,-0.008643,0.002804,1,4,3,2,9,6,8,7,12,11,13,10,5,14,15,17,16
2023-11-08,0.685477,0.673314,0.341435,-0.341328,0.005255,0.000635,0.328022,-0.011253,-0.00667,-0.012571,-0.320037,0.013109,0.331325,0.011376,-0.32377,0.34415,-0.337935,-0.009878,0.003383,1,3,4,2,9,5,8,7,12,10,13,11,6,14,15,17,16
2023-11-09,0.106797,0.104556,-0.052049,0.05295,-0.00036,-6.7e-05,-0.051242,0.001794,0.001105,0.002288,0.049809,-0.001944,-0.050861,-0.000872,0.050727,-0.053848,0.052854,0.001439,-7.4e-05,17,14,15,16,9,13,10,11,6,8,5,7,12,4,3,1,2
2023-11-10,0.321367,0.311708,-0.149319,0.15176,0.002506,-0.003533,-0.15672,0.006664,0.003779,0.006032,0.143108,-0.008491,-0.154884,0.002292,0.150392,-0.160214,0.161154,0.0055,-0.001625,17,15,16,14,12,13,11,9,5,8,6,7,10,4,3,2,1
2023-11-13,0.047122,0.036803,0.005903,-0.007001,-0.005052,0.005123,0.023497,-0.004219,0.000615,-0.000852,-0.006811,0.003674,0.023661,-0.006734,-0.014576,0.018213,-0.023461,-0.003444,0.002674,3,1,2,4,5,6,7,12,11,8,9,10,13,14,16,15,17
2023-11-14,0.005919,0.005448,0.002016,-0.002571,-0.000519,-0.000134,0.002599,-0.000646,-0.0003,-0.000364,-0.002539,-0.000222,0.002698,-0.000453,-0.002795,0.00246,-0.003222,-0.000449,-0.000244,3,1,2,4,5,6,7,12,13,8,9,10,11,14,16,15,17
2023-11-15,0.372978,0.347725,-0.188469,0.184509,-0.013384,0.002591,-0.1593,-0.010571,0.004701,0.004735,0.170352,-0.008125,-0.146503,-0.008933,0.166598,-0.173949,0.156256,7.9e-05,-0.004595,16,14,15,17,7,10,9,13,12,6,5,8,11,2,3,1,4
2023-11-16,0.010856,0.008846,0.000518,-0.002232,-0.002749,-0.00106,0.003464,-0.002501,-0.000411,-0.000703,-0.003399,-0.001837,0.004853,-0.001817,-0.00488,0.003941,-0.006003,-0.001806,-0.001909,2,1,3,4,7,10,11,14,13,5,6,8,9,15,16,12,17
2023-11-17,0.094198,0.091182,0.047008,-0.04719,0.001052,-0.000195,0.04509,-0.000368,-0.001111,-0.001239,-0.043293,0.002334,0.042691,0.001195,-0.043915,0.045946,-0.044397,-0.000253,0.000986,2,4,3,1,9,5,8,7,11,12,13,10,6,14,15,17,16
2023-11-20,0.364758,0.35478,-0.179938,0.18482,-0.000376,0.002922,-0.17442,0.005315,0.006468,0.006952,0.1708,-0.004904,-0.164761,-0.001785,0.172401,-0.176726,0.176035,0.002795,-0.001781,16,14,15,17,8,13,11,10,7,6,5,9,12,4,3,1,2
2023-11-21,0.075598,0.072907,0.03341,-0.032465,-0.002179,0.000421,0.037386,-0.00267,0.000466,0.000278,-0.031823,-0.000184,0.038009,-0.000408,-0.035263,0.038478,-0.037119,-0.000943,-0.000275,1,2,3,4,6,8,9,12,13,5,7,11,10,14,16,15,17
2023-11-22,0.119112,0.116888,0.058351,-0.060761,-0.001129,-0.001505,0.057218,-0.002371,-0.002423,-0.002325,-0.05667,0.000516,0.054551,-0.000413,-0.057392,0.058213,-0.058729,-0.001559,-9.4e-05,2,4,3,1,9,5,6,8,12,13,11,10,7,14,15,17,16
2023-11-24,0.218046,0.214022,0.104956,-0.106229,-0.003877,-0.001418,0.107995,-0.004966,-0.003419,-0.002293,-0.10126,0.001283,0.103942,-0.001127,-0.10484,0.109959,-0.108087,-0.002027,-0.000832,1,4,2,3,8,5,6,12,13,11,10,9,7,14,15,16,17
2023-11-27,0.023169,0.019469,-0.011735,0.011434,-0.001864,-0.000197,-0.008996,-0.001692,-5e-06,0.000369,0.009572,-0.001213,-0.007847,-0.001494,0.008015,-0.008629,0.00804,-0.000608,-0.001592,15,14,16,17,7,9,11,13,12,6,5,8,10,2,4,1,3
2023-11-28,0.083841,0.081014,-0.039085,0.038855,0.001679,-0.000172,-0.04113,0.002623,0.000808,-6e-06,0.036918,-0.000753,-0.039648,0.000955,0.039568,-0.042697,0.041145,0.000592,0.000899,17,15,16,14,12,13,8,6,5,9,11,10,7,4,2,3,1
2023-11-29,0.037308,0.034732,-0.018902,0.018406,-0.001043,-0.000124,-0.017097,-0.000691,0.000179,0.000236,0.016668,-0.00116,-0.015866,-0.000947,0.015898,-0.016949,0.016175,-0.000375,-0.001125,15,14,16,17,7,13,12,11,9,6,5,8,10,2,4,1,3
2023-11-30,0.359578,0.352853,-0.179825,0.179753,0.000862,0.000575,-0.175973,0.004316,0.004792,0.003127,0.166876,-0.005169,-0.165888,0.000102,0.169689,-0.178501,0.174815,0.001029,-0.000729,16,14,15,17,10,13,12,9,6,5,7,8,11,4,3,1,2
2023-12-01,0.037993,0.033035,0.009504,-0.008818,-0.005045,0.000546,0.017207,-0.005082,-0.000663,0.000515,-0.010432,-0.002083,0.016828,-0.004629,-0.016645,0.01928,-0.018713,-0.001163,-0.005154,1,3,2,4,5,9,13,11,12,7,6,8,10,15,16,14,17
2023-12-04,0.215588,0.198134,-0.107495,0.108093,-0.004974,0.001231,-0.093956,-0.002541,0.002547,0.003559,0.098361,-0.005379,-0.08851,-0.004081,0.092289,-0.094207,0.092233,-0.000416,-0.005902,16,14,15,17,7,12,13,11,9,6,5,8,10,2,3,1,4
2023-12-05,0.023776,0.019215,0.011344,-0.012432,0.00139,-0.000855,0.007244,0.000888,-0.000693,-0.001188,-0.010903,0.000865,0.00682,0.000844,-0.008793,0.006929,-0.008043,-0.000413,0.001463,3,4,2,1,12,8,5,6,7,11,13,10,9,16,15,17,14
2023-12-06,0.302759,0.287319,0.151633,-0.151126,0.003661,-0.001607,0.139742,-0.001313,-0.002891,-0.003847,-0.139522,0.005797,0.131484,0.002742,-0.136853,0.141105,-0.13883,-0.000386,0.004473,2,4,3,1,11,5,6,7,10,12,13,9,8,16,14,17,15
2023-12-07,0.262904,0.254636,0.130994,-0.13191,-0.000194,-0.002335,0.12513,-0.003031,-0.004173,-0.003772,-0.123477,0.003098,0.117558,0.000801,-0.123327,0.126362,-0.126033,-0.000716,0.00107,2,4,3,1,10,5,6,8,11,13,12,9,7,15,14,17,16
2023-12-08,0.065967,0.061785,0.026867,-0.027575,-0.003603,0.000237,0.031731,-0.003497,-0.001457,0.000712,-0.026576,-0.001431,0.029593,-0.002574,-0.03049,0.033168,-0.032799,-0.000759,-0.002963,1,3,2,4,6,8,11,13,12,9,5,7,10,14,16,15,17
2023-12-11,0.238428,0.229237,-0.117435,0.120993,0.000353,0.00236,-0.111409,0.002939,0.004284,0.004135,0.111496,-0.002776,-0.104685,-4.2e-05,0.111202,-0.112129,0.114249,0.001638,-0.00054,16,14,15,17,8,13,12,10,7,5,6,9,11,3,4,1,2
2023-12-12,0.224082,0.216712,0.10556,-0.106082,-0.003892,0.000469,0.109379,-0.005146,-0.003204,0.00062,-0.098706,0.00111,0.103822,-0.001914,-0.105035,0.112409,-0.111673,-0.000255,-0.001776,1,4,2,3,7,5,9,12,13,11,6,8,10,14,15,16,17
2023-12-13,0.126499,0.122913,0.059622,-0.061378,-0.003079,-0.000528,0.061331,-0.003385,-0.002859,-0.000683,-0.057126,0.000419,0.058177,-0.001421,-0.059908,0.062835,-0.063664,-0.001368,-0.001559,1,4,2,3,6,5,10,12,13,11,7,8,9,14,15,16,17
2023-12-14,0.275459,0.256652,0.114,-0.113724,-0.011811,0.002728,0.131816,-0.011797,-0.006253,0.005165,-0.106689,-0.001083,0.126284,-0.004879,-0.122673,0.139335,-0.136124,-0.002534,-0.005852,1,3,2,4,6,7,10,13,12,11,5,8,9,14,16,15,17
2023-12-15,1.386456,1.349899,-0.690199,0.696257,-0.000277,0.002971,-0.670841,0.011146,0.018267,0.01336,0.640103,-0.021867,-0.626741,0.002717,0.641946,-0.672887,0.677569,0.00358,-0.005602,16,14,15,17,9,13,12,11,7,5,6,8,10,4,3,1,2
2023-12-18,0.015792,0.010521,0.008751,-0.007041,0.003071,-0.001565,0.002339,0.002795,0.002069,-0.002943,-0.006961,0.000201,0.000505,0.000857,-0.001564,0.002067,6.3e-05,0.001904,0.001108,6,10,4,1,14,11,8,2,3,5,15,7,9,16,13,17,12
2023-12-19,0.080051,0.078281,0.036793,-0.036717,-0.002877,6e-05,0.040143,-0.002013,-0.002664,0.001216,-0.034075,0.000695,0.04003,-0.000776,-0.037903,0.040455,-0.039596,0.000166,-0.000748,1,3,2,4,8,6,9,13,11,12,5,7,10,14,16,15,17
2023-12-20,0.162905,0.150456,-0.082124,0.080781,-0.002714,0.003816,-0.071893,-0.003013,-0.00056,0.005775,0.075748,-0.001256,-0.066838,0.000538,0.068806,-0.072017,0.068697,-0.00285,-0.001493,16,14,15,17,6,9,10,11,13,8,5,12,7,2,3,1,4
2023-12-21,0.315337,0.306071,-0.141455,0.14266,0.014023,-0.001575,-0.154428,0.009122,0.008741,-0.007161,0.133997,0.0006,-0.162662,0.004033,0.149229,-0.15656,0.152676,-0.001005,0.005831,16,17,15,14,12,10,8,5,6,7,13,11,9,4,2,3,1
2023-12-22,0.115819,0.105088,0.046056,-0.045153,-0.006611,-0.001388,0.052946,-0.004595,-0.004034,0.00116,-0.044489,-0.000742,0.062839,-0.002268,-0.05298,0.051194,-0.050152,-0.001281,-0.00237,3,1,2,4,8,6,10,13,12,11,5,7,9,14,17,15,16
2023-12-26,0.076124,0.074001,0.036345,-0.036524,-0.002191,-0.001294,0.03685,-0.001525,-0.001859,-0.000599,-0.034788,-0.000256,0.039122,-0.000511,-0.037002,0.03659,-0.035916,6.6e-05,-0.000654,3,1,2,4,10,6,9,13,11,12,8,5,7,14,17,16,15
2023-12-27,0.063988,0.059022,-0.03144,0.032548,-0.001731,0.001612,-0.027987,-0.002249,0.000191,0.0016,0.028433,-0.00108,-0.020376,0.001066,0.025606,-0.028076,0.02858,-0.000768,-0.001453,16,14,15,17,5,10,11,12,13,8,6,9,7,3,4,1,2
2023-12-28,0.044475,0.043699,0.021631,-0.022351,-0.001306,-0.001174,0.021633,-0.000998,-0.001281,-0.001048,-0.021335,-0.000634,0.022124,-0.000545,-0.021987,0.021489,-0.02137,4.9e-05,-0.000605,4,1,2,3,11,8,7,13,9,12,10,5,6,14,16,17,15
2023-12-29,0.231269,0.223603,0.115481,-0.115788,-0.002071,-0.004768,0.112382,0.000609,-0.00302,-0.003488,-0.108425,0.000352,0.106113,-0.002852,-0.10784,0.11052,-0.108215,0.0027,0.001031,3,4,2,1,13,8,6,9,7,11,12,5,10,16,14,17,15
2024-01-04,0.19629,0.187038,0.098648,-0.097642,0.000524,-0.003553,0.093471,0.003433,-5.4e-05,-0.002576,-0.090381,0.001761,0.083184,-0.002235,-0.086842,0.09167,-0.089301,0.003874,0.00215,3,4,2,1,13,8,7,9,6,10,12,5,11,16,14,17,15
2024-01-05,0.116997,0.110895,0.057527,-0.05947,-0.000118,-0.003558,0.054006,0.002073,-0.000632,-0.003034,-0.054873,0.000696,0.044917,-0.002272,-0.05097,0.052696,-0.054114,0.001842,0.000406,3,4,2,1,13,7,8,9,5,10,12,6,11,16,14,17,15
2024-01-09,0.108891,0.106902,-0.054599,0.054292,0.00149,0.002384,-0.053847,0.000452,0.001398,0.001745,0.052108,0.000635,-0.053551,0.000783,0.05231,-0.052672,0.05115,-0.001358,0.000262,14,15,16,17,5,10,12,7,11,8,6,13,9,3,2,1,4
2024-01-10,0.446879,0.432979,0.225094,-0.221785,0.002737,-0.010925,0.217986,0.006214,-0.00019,-0.009007,-0.214576,-0.000533,0.200855,-0.000938,-0.204257,0.210367,-0.209128,0.007447,0.004142,3,4,2,1,13,10,7,8,6,9,12,5,11,16,14,17,15
2024-01-11,0.22295,0.217917,0.111679,-0.111271,-0.001795,-0.004831,0.10989,-0.000272,-0.002831,-0.00307,-0.105013,-0.001044,0.109831,-0.001584,-0.106066,0.107209,-0.103275,0.002637,0.000722,4,3,2,1,13,8,6,10,7,11,12,5,9,15,16,17,14
2024-01-12,0.085468,0.076273,-0.035683,0.036485,0.004167,0.00011,-0.037381,0.002825,0.002423,-0.000413,0.032457,0.00133,-0.046659,0.000872,0.038809,-0.037029,0.031375,5.9e-05,0.001486,15,17,16,14,11,9,8,5,6,7,13,12,10,3,1,2,4
2024-01-16,0.092745,0.090118,-0.046616,0.046129,0.000111,0.001984,-0.045988,-0.000248,0.000775,0.001031,0.043344,-0.000417,-0.044712,0.000766,0.043385,-0.044644,0.043525,-0.001113,-0.000638,14,15,16,17,5,11,12,9,10,7,6,13,8,4,3,1,2
2024-01-17,0.269257,0.261967,0.136484,-0.132774,0.007456,-0.008871,0.131574,0.00738,0.001193,-0.004578,-0.128862,0.003636,0.108911,-0.003063,-0.115927,0.125187,-0.13102,0.005986,0.005538,3,4,2,1,13,9,8,5,6,10,12,7,11,15,14,17,16
2024-01-18,0.085225,0.079598,0.042287,-0.038407,0.0067,-0.005582,0.037715,0.005242,0.002607,-0.004499,-0.042939,0.003057,0.022002,0.000841,-0.02969,0.035417,-0.042028,0.003513,0.002068,3,4,2,1,13,8,10,5,6,9,12,7,11,17,14,15,16
2024-01-19,0.120671,0.11523,0.056262,-0.057697,-0.003631,-0.001013,0.058336,-0.001879,-0.002909,0.000107,-0.051395,-0.001641,0.062667,-0.002506,-0.058004,0.055126,-0.052724,-5.3e-05,-5.7e-05,4,1,2,3,8,9,7,13,10,12,5,6,11,14,17,16,15
2024-01-22,0.154713,0.146457,-0.078557,0.068535,-0.005609,0.005929,-0.073515,-0.005589,-0.004248,0.004225,0.076156,-0.001914,-0.060569,0.000683,0.061752,-0.070392,0.072215,-0.005983,-0.002157,15,14,16,17,5,8,9,12,11,10,6,13,7,1,4,3,2
2024-01-23,0.235263,0.230741,-0.119875,0.115389,0.000979,0.005394,-0.119183,-0.001899,0.000924,0.003375,0.111909,-0.000387,-0.115697,0.002208,0.109919,-0.11392,0.11017,-0.004237,-0.001609,14,15,16,17,5,10,11,8,12,9,6,13,7,2,4,1,3
2024-01-24,0.189957,0.18651,0.095334,-0.093543,-0.002379,-0.003763,0.09555,-6.8e-05,-0.00241,-0.001797,-0.087888,-0.000997,0.096414,-0.002076,-0.090801,0.091755,-0.087339,0.002358,0.000227,4,1,2,3,13,8,6,11,7,12,9,5,10,15,16,17,14
2024-01-25,0.379188,0.367732,-0.185303,0.184037,0.00791,0.006526,-0.186466,0.003207,0.008898,0.002642,0.168571,0.004978,-0.195151,0.004284,0.183669,-0.18006,0.16795,-0.00263,0.000756,14,17,16,15,7,8,12,6,10,5,11,13,9,3,2,1,4
2024-01-26,0.240733,0.237209,-0.120723,0.120011,-0.001688,0.00959,-0.119268,-0.005428,-0.002817,0.005922,0.118826,-0.002634,-0.101008,0.0049,0.104212,-0.113491,0.119309,-0.005595,0.000538,15,14,16,17,5,10,8,9,12,11,6,13,7,3,4,1,2
2024-01-29,0.041558,0.040983,-0.020499,0.020669,0.000547,0.001069,-0.020602,0.000454,0.000848,0.000485,0.019029,0.000494,-0.020889,0.00044,0.020184,-0.019934,0.020104,4e-05,-0.000204,14,17,16,15,5,8,13,7,10,6,9,12,11,4,2,1,3
2024-01-30,0.262512,0.256713,0.129135,-0.126598,-0.003647,-0.004655,0.13015,-0.00333,-0.006176,-0.000831,-0.114733,-0.003148,0.135788,-0.001311,-0.126724,0.123367,-0.121744,-8.4e-05,0.00364,4,1,2,3,12,9,5,11,10,13,7,6,8,14,17,16,15
2024-01-31,0.267854,0.26446,-0.136352,0.131488,0.000481,0.005622,-0.136366,-0.001012,0.001236,0.002042,0.124184,-0.000403,-0.132571,0.001894,0.126334,-0.131002,0.130269,-0.003071,-0.003152,14,15,17,16,5,10,13,9,11,8,6,12,7,4,3,1,2
2024-02-01,0.214945,0.205422,0.09658,-0.101073,0.012304,-0.005009,0.102874,0.014676,0.016068,-0.006953,-0.104094,0.014872,0.054516,-0.004638,-0.072629,0.099574,-0.112071,0.011892,0.000676,2,4,1,3,12,6,10,8,7,5,13,9,11,16,14,15,17
2024-02-02,0.592735,0.574264,0.296418,-0.276001,-0.001479,-0.013288,0.28566,-0.009361,-0.010848,-0.003235,-0.265158,-0.005897,0.304941,0.004083,-0.287794,0.283798,-0.271978,-0.0021,0.001682,4,1,3,2,13,10,6,7,11,12,9,8,5,14,17,16,15
2024-02-05,0.075594,0.073749,-0.039255,0.035368,-0.003671,-0.00088,-0.040226,-0.005006,-0.005254,-0.000803,0.033023,-0.00421,-0.034325,-0.000796,0.028421,-0.038161,0.035215,-0.005442,-0.004423,15,14,17,16,7,9,10,8,11,12,6,13,5,3,4,1,2
2024-02-06,0.424022,0.41609,0.208232,-0.213893,0.002743,-0.013438,0.210106,0.00848,0.009359,-0.012826,-0.201603,0.003914,0.179097,-0.011353,-0.179437,0.200521,-0.213916,0.012499,0.006108,3,4,1,2,13,9,8,10,7,6,12,5,11,15,14,16,17
2024-02-07,0.217785,0.212406,-0.108312,0.109473,-0.000228,0.009243,-0.106665,-0.002332,-0.001147,0.00692,0.103725,0.002283,-0.093777,0.006696,0.097656,-0.101886,0.107157,-0.004306,-0.003177,15,14,16,17,5,8,12,9,11,10,6,13,7,3,4,1,2
2024-02-08,0.073636,0.069136,-0.034177,0.037846,-0.00182,0.001072,-0.03579,-0.003938,-0.001483,0.000418,0.031708,-0.002604,-0.028658,0.003525,0.027942,-0.033636,0.034251,-0.004784,-0.006753,15,14,17,16,6,10,13,9,11,8,7,12,5,3,4,1,2
2024-02-09,0.173587,0.171715,-0.089965,0.083622,1.7e-05,0.006367,-0.089685,0.001661,0.002485,0.003462,0.082604,0.002455,-0.085432,-0.002508,0.083177,-0.085312,0.083265,-0.000341,0.000221,14,15,16,17,5,8,10,11,9,7,6,12,13,4,3,1,2
2024-02-13,0.11993,0.116823,0.059615,-0.060314,-0.000947,-0.005641,0.059288,-0.001755,-0.003205,-0.003823,-0.057438,-0.001794,0.054735,-0.000854,-0.056996,0.055858,-0.057956,0.00095,0.000966,3,4,2,1,13,10,5,8,9,11,12,6,7,15,14,17,16
2024-02-14,0.059226,0.047253,-0.021131,-0.005137,0.002588,0.002381,-0.013899,0.007943,0.002839,-0.000101,0.012646,0.010768,-0.036353,-0.015192,0.022216,-0.019435,0.013729,0.019752,0.022872,15,17,13,16,10,6,1,9,7,8,11,3,14,5,2,12,4
2024-02-15,0.042176,0.036581,0.01813,-0.00298,0.001091,-0.002286,0.011921,-0.00481,-0.00247,-0.000733,-0.017648,-0.007695,0.023266,0.00682,-0.01891,0.018099,-0.013692,-0.013087,-0.003331,3,1,4,2,8,13,11,6,12,9,7,14,5,16,17,10,15
2024-02-16,0.734539,0.707454,-0.368599,0.36594,-0.004074,0.024945,-0.357661,0.004844,0.008897,0.017436,0.345903,0.003813,-0.341858,0.000395,0.335499,-0.337561,0.342401,-0.023887,-0.012323,14,15,16,17,5,9,12,11,8,7,6,13,10,2,4,1,3
2024-02-20,0.076621,0.068191,0.036153,-0.040469,0.002583,0.00035,0.035979,0.00285,0.002302,-0.004236,-0.030409,0.005493,0.028326,0.000269,-0.027312,0.031217,-0.030346,0.006956,0.003595,3,4,2,1,11,6,7,9,8,10,13,5,12,16,14,17,15
2024-02-21,0.174434,0.169807,0.09077,-0.083664,0.003422,-0.003776,0.087506,0.003004,0.002936,-0.006652,-0.082009,0.001585,0.081276,0.002985,-0.078062,0.087409,-0.076794,0.004769,0.003086,3,4,2,1,12,11,7,6,8,10,13,5,9,16,15,17,14
2024-02-22,0.249999,0.245887,-0.12775,0.12225,0.000189,0.009316,-0.12323,0.002236,0.002546,0.010909,0.121114,0.003701,-0.116662,-0.001211,0.119771,-0.123546,0.118427,0.003697,-0.000476,16,14,15,17,6,7,12,11,10,9,5,8,13,2,3,1,4
2024-02-26,0.268865,0.262319,0.134401,-0.117193,0.002258,-0.011568,0.127571,-0.008697,-0.012751,-0.005199,-0.127713,-0.008564,0.137863,0.009785,-0.131002,0.125741,-0.128406,-0.018814,-0.001746,4,1,3,2,11,9,7,6,10,12,8,13,5,15,17,14,16
2024-02-27,0.16625,0.161788,-0.085606,0.069746,-0.004168,0.004151,-0.078953,0.003268,0.006884,-0.000255,0.075671,0.004947,-0.0873,-0.007503,0.07895,-0.078585,0.078883,0.011423,-0.000945,14,17,15,16,8,7,11,12,9,6,10,5,13,3,1,4,2
2024-02-28,0.119138,0.117164,0.061294,-0.055421,0.000897,-0.004247,0.058434,-0.001882,-0.002586,-0.003281,-0.057268,-0.002246,0.059465,0.002924,-0.057845,0.057926,-0.057185,-0.004696,-7.9e-05,4,2,3,1,12,9,7,6,8,10,11,13,5,16,17,14,15
2024-02-29,0.337802,0.332196,-0.175715,0.158678,-0.003896,0.01047,-0.168913,0.00255,0.004761,0.009965,0.162087,0.003088,-0.167862,-0.009125,0.161674,-0.168349,0.15985,0.007999,-0.001632,15,14,16,17,5,9,11,12,10,8,6,7,13,1,2,4,3
2024-03-01,0.302284,0.298185,-0.157149,0.142923,-0.003456,0.009118,-0.153263,0.000427,0.002883,0.009422,0.145135,0.000986,-0.148315,-0.007914,0.143455,-0.152629,0.141392,0.00395,-0.002193,15,14,16,17,6,9,11,12,10,8,5,7,13,1,2,3,4
2024-03-04,0.097818,0.094026,0.050416,-0.039289,0.002729,-0.001855,0.045328,-0.00143,-0.003008,0.000878,-0.042935,-0.002459,0.051883,0.005679,-0.04558,0.045139,-0.045935,-0.007012,0.00098,4,1,3,2,10,11,7,6,9,12,8,13,5,15,16,14,17
2024-03-05,0.055435,0.054472,0.029013,-0.026167,0.001425,-0.000917,0.029268,0.001308,0.001259,-0.001502,-0.025758,0.001406,0.026585,0.00143,-0.024624,0.028587,-0.024408,0.001454,0.001073,3,4,1,2,12,8,11,7,9,10,13,5,6,16,15,17,14
2024-03-06,0.319358,0.313415,-0.166616,0.140849,-0.005259,0.009401,-0.153857,0.005038,0.00785,0.005352,0.149897,0.006383,-0.165073,-0.014405,0.152742,-0.153467,0.152059,0.017313,-0.000318,14,16,15,17,6,8,11,12,10,7,9,5,13,3,1,4,2
2024-03-07,0.215158,0.211452,0.112497,-0.096625,0.001598,-0.004504,0.105901,-0.002135,-0.004431,-0.004231,-0.100499,-0.000869,0.110653,0.010147,-0.102145,0.104595,-0.10266,-0.00906,0.002606,4,2,3,1,12,8,6,7,9,11,10,13,5,15,16,14,17
2024-03-08,0.218516,0.214453,0.114218,-0.095548,0.001321,-0.003793,0.103582,-0.003582,-0.006663,-0.004795,-0.102379,-0.002766,0.113357,0.009809,-0.104298,0.104813,-0.104294,-0.013036,0.003126,3,2,4,1,10,8,6,7,9,12,11,13,5,15,17,14,16
2024-03-11,0.453652,0.445262,-0.235667,0.207754,-0.002155,0.012636,-0.223286,0.005781,0.008491,0.014793,0.217985,0.001427,-0.229411,-0.015562,0.216529,-0.223502,0.212692,0.013506,-0.002868,15,16,14,17,7,10,12,11,9,8,5,6,13,1,2,4,3
2024-03-12,0.140303,0.137594,-0.072119,0.065748,0.000962,0.004891,-0.069402,0.001047,0.003014,0.00523,0.068183,0.000711,-0.068719,-0.004151,0.067231,-0.069232,0.066615,0.003815,0.000468,15,14,16,17,6,11,12,10,9,8,5,7,13,1,2,4,3
2024-03-13,0.303573,0.298346,0.158959,-0.139056,-0.002041,-0.008178,0.151192,-0.002594,-0.006424,-0.008862,-0.144614,-0.000189,0.152604,0.012862,-0.144212,0.15024,-0.143456,-0.009184,0.000655,4,2,3,1,11,7,6,8,9,10,12,13,5,17,16,14,15
2024-03-14,0.469289,0.460948,-0.244907,0.216765,0.001558,0.011803,-0.237229,0.000251,0.004455,0.013412,0.224382,0.000213,-0.2293,-0.015231,0.221035,-0.236602,0.218689,0.009035,-0.000178,15,14,16,17,6,11,12,9,10,8,5,7,13,1,2,4,3
2024-03-15,0.038011,0.032079,-0.01756,0.005501,0.000313,-0.001069,-0.009138,0.003557,0.0058,-0.001372,0.012718,0.0013,-0.021636,-0.008537,0.016375,-0.011672,0.016277,0.007992,-0.002545,15,17,14,16,10,8,12,9,7,5,11,4,13,3,1,6,2
2024-03-18,0.242031,0.236781,-0.126987,0.103716,0.000645,0.004858,-0.117815,0.003274,0.007088,0.005412,0.113903,0.000735,-0.121433,-0.014103,0.115044,-0.11964,0.113338,0.010882,-0.001926,15,16,14,17,8,10,12,11,9,6,7,5,13,2,1,4,3
2024-03-19,0.084039,0.079667,0.042608,-0.034262,-0.000606,-0.001681,0.037083,-0.002879,-0.004781,-0.001051,-0.037828,-0.001177,0.040155,0.006038,-0.041431,0.038253,-0.038726,-0.006026,0.000416,3,2,4,1,10,9,6,7,11,12,8,13,5,15,17,14,16
2024-03-21,0.163861,0.157114,0.084209,-0.070731,-0.000953,-0.003094,0.077116,-0.002972,-0.006084,-0.002403,-0.07526,-0.000539,0.077933,0.009152,-0.079652,0.078564,-0.075725,-0.00796,0.001332,2,3,4,1,11,7,6,8,10,12,9,13,5,15,17,14,16
2024-03-22,0.27361,0.270882,-0.141628,0.128759,0.001582,0.009054,-0.140073,8.4e-05,0.001528,0.008557,0.131982,0.000133,-0.132059,-0.007494,0.130254,-0.13995,0.126791,0.003536,0.001544,15,14,16,17,5,11,9,8,12,10,6,7,13,1,2,3,4
2024-03-25,0.390778,0.388173,0.20055,-0.185657,-0.004103,-0.00804,0.202703,-0.006319,-0.004118,-0.014262,-0.188075,0.004585,0.184384,0.013268,-0.187896,0.199636,-0.184899,-0.006197,-0.00157,3,4,1,2,12,6,7,8,11,9,13,10,5,17,16,15,14
2024-03-26,0.110653,0.105215,-0.05679,0.044524,-0.001227,0.000355,-0.050756,0.001605,0.002023,0.001359,0.049846,0.000462,-0.050473,-0.008329,0.052353,-0.052038,0.053864,0.007048,-0.003319,16,14,15,17,10,9,12,11,7,6,8,5,13,3,2,4,1
2024-03-27,0.028042,0.024784,0.011345,-0.013665,-0.001075,-0.001064,0.014376,0.000589,0.001453,-0.001425,-0.011621,0.00125,0.011282,-0.000393,-0.0101,0.013244,-0.009015,0.002359,-0.001251,2,4,1,3,10,7,12,11,8,6,13,5,9,16,15,17,14
2024-03-28,0.053195,0.045371,0.022183,-0.005006,0.006093,0.002346,0.009632,-0.004209,-0.006975,0.002089,-0.019491,-0.006617,0.019866,0.012426,-0.027278,0.016282,-0.031012,-0.017636,0.00949,3,2,5,1,8,12,6,7,10,13,9,14,4,15,16,11,17
2024-04-01,0.291344,0.286153,-0.151467,0.133501,0.001724,0.004262,-0.145315,0.003523,0.002402,0.00873,0.137319,-0.002491,-0.136082,-0.013317,0.139876,-0.145001,0.13948,0.010338,-0.002734,15,14,16,17,7,11,12,10,8,9,6,5,13,3,1,4,2
2024-04-02,0.184127,0.17362,-0.092396,0.072471,-0.00398,-0.004348,-0.081685,0.003458,0.004144,-4.5e-05,0.078875,0.000667,-0.069936,-0.012129,0.084701,-0.091471,0.091731,0.013463,-0.008772,16,14,15,17,11,8,12,10,7,6,9,5,13,3,2,4,1
2024-04-03,0.494233,0.478206,-0.254766,0.20891,-0.006259,-0.004829,-0.236202,0.003561,0.004064,0.007721,0.222769,-0.003482,-0.213965,-0.027906,0.234544,-0.246872,0.239466,0.021255,-0.015598,16,14,15,17,10,9,12,11,8,7,6,5,13,3,2,4,1
2024-04-04,0.448601,0.43904,-0.231782,0.20715,0.000481,0.005616,-0.22146,0.006691,0.007142,0.01464,0.212303,-0.003802,-0.20397,-0.022324,0.212114,-0.222644,0.216819,0.019208,-0.003452,16,14,15,17,9,12,11,10,8,7,6,5,13,2,3,4,1
2024-04-05,0.150985,0.132186,-0.070524,0.049099,-0.00781,-0.007932,-0.057181,-0.001078,0.005177,-0.005569,0.057398,0.000157,-0.044926,-0.013064,0.060469,-0.077455,0.073529,0.013259,-0.013569,17,14,15,16,11,7,13,10,8,6,9,5,12,3,2,4,1
2024-04-08,0.124011,0.117479,-0.056886,0.060308,0.004964,0.005933,-0.061397,0.002859,-0.000543,0.010021,0.055539,-0.003333,-0.063703,-3.2e-05,0.054603,-0.04766,0.04741,-0.000985,0.00876,14,17,16,15,7,13,6,8,9,11,5,12,10,2,3,1,4
2024-04-09,0.106987,0.104737,-0.055455,0.049952,0.000319,0.001245,-0.053226,0.001348,0.001662,0.003278,0.049909,-0.001485,-0.048346,-0.005029,0.050751,-0.053295,0.051532,0.004237,-0.000786,16,14,15,17,9,12,11,10,8,7,6,5,13,4,2,3,1
2024-04-10,0.283401,0.276253,0.146224,-0.131694,-0.000534,-0.001679,0.137929,-0.003088,-0.006409,-0.005131,-0.128925,0.005054,0.122861,0.01416,-0.132937,0.142798,-0.137177,-0.012192,0.006195,2,4,3,1,9,7,6,8,10,12,11,13,5,14,16,15,17
2024-04-11,0.345438,0.328658,0.165087,-0.172506,-0.012168,-0.008385,0.172931,-0.005821,-0.004423,-0.019839,-0.14614,0.012384,0.171133,-0.000148,-0.158177,0.151473,-0.144774,-0.002257,-0.013116,4,2,1,3,10,5,12,11,9,8,13,7,6,15,16,17,14
2024-04-12,0.258036,0.252232,0.133602,-0.121027,-0.001405,-0.001519,0.127443,-0.001783,-0.003307,-0.00676,-0.119049,0.003883,0.116689,0.013206,-0.121313,0.128878,-0.124434,-0.009658,0.004556,2,4,3,1,9,7,6,8,10,11,12,13,5,14,16,15,17
2024-04-15,0.139018,0.111179,0.046479,-0.06009,-0.006703,-0.001547,0.059296,-0.000602,0.007759,-0.018622,-0.039216,0.005676,0.078928,-0.00619,-0.04953,0.033068,-0.032977,0.00582,-0.01601,4,1,2,3,9,7,12,11,8,5,13,6,10,15,16,17,14
2024-04-16,0.102181,0.086737,0.040238,-0.04826,-0.003422,0.000303,0.046226,-0.003432,0.003544,-0.015155,-0.031368,0.003269,0.053921,-0.002631,-0.040197,0.023079,-0.030888,0.001702,-0.001401,4,1,2,3,8,6,9,11,12,5,13,7,10,15,16,17,14
2024-04-17,0.425898,0.413681,0.218933,-0.206966,-0.003858,-0.002134,0.209564,-0.005433,-0.000717,-0.020083,-0.1961,0.00487,0.204033,0.019143,-0.201151,0.202413,-0.200396,-0.011254,0.00772,4,3,2,1,9,7,6,10,11,8,13,12,5,14,16,17,15
2024-04-18,0.237893,0.233568,0.121862,-0.116031,-0.002778,-0.002506,0.117674,-0.003695,-0.003405,-0.009529,-0.112788,0.0012,0.108886,0.008155,-0.114592,0.11471,-0.115837,-0.008665,0.003587,3,4,2,1,8,7,6,9,11,10,13,12,5,14,15,17,16
2024-04-19,0.068816,0.066994,0.034457,-0.034359,-0.001488,-0.000973,0.033718,-0.001671,-0.001275,-0.003799,-0.032444,-0.000151,0.031669,0.001475,-0.033506,0.031378,-0.033274,-0.002828,0.00047,4,3,2,1,8,7,6,10,11,9,13,12,5,14,16,17,15
2024-04-22,0.150782,0.146628,-0.078066,0.072716,0.00019,-0.000721,-0.076571,0.000748,-0.000282,0.00557,0.068201,-0.002472,-0.072172,-0.006112,0.070691,-0.071453,0.069667,0.003092,-0.003954,14,15,16,17,10,11,12,8,7,9,5,6,13,4,2,1,3
2024-04-23,0.120272,0.109876,0.055039,-0.043693,0.00022,-0.002172,0.048921,-0.00072,-0.003988,0.003518,-0.055564,-0.000111,0.035385,0.008916,-0.049833,0.063482,-0.05679,-0.005604,0.003227,1,4,3,2,11,9,7,8,10,12,6,13,5,16,15,14,17
2024-04-24,0.403094,0.39415,0.210744,-0.18293,0.0026,0.001062,0.194248,-0.003289,-0.008994,-0.003796,-0.189354,0.006377,0.166533,0.028158,-0.185011,0.210893,-0.192201,-0.012991,0.00553,1,4,3,2,9,6,7,8,10,12,11,13,5,16,15,14,17
2024-04-25,0.197792,0.1941,0.102487,-0.095305,0.00033,-4.3e-05,0.097062,-0.00329,-0.004128,-0.005073,-0.092855,0.003054,0.087366,0.010015,-0.093746,0.098715,-0.094984,-0.006301,0.001816,2,4,3,1,9,6,7,8,10,11,12,13,5,14,15,17,16
2024-04-26,0.164942,0.159009,-0.084831,0.072492,7.9e-05,0.000204,-0.07674,0.002884,0.005105,0.001296,0.078547,-0.003092,-0.065332,-0.011286,0.075244,-0.086396,0.075269,0.005085,-0.000231,17,14,15,16,9,12,11,10,7,5,8,6,13,1,3,4,2
2024-04-30,0.04918,0.047176,0.027697,-0.018345,0.002685,0.002682,0.025305,0.00207,0.000986,0.002529,-0.020613,0.003854,0.021422,0.005947,-0.019524,0.028568,-0.019822,0.001285,0.002818,1,4,3,2,9,6,7,8,11,13,10,12,5,17,15,14,16
2024-05-01,0.719702,0.694879,0.357219,-0.362483,-0.003394,0.004785,0.352437,-0.011097,-0.000768,-0.029832,-0.316851,0.008114,0.350253,0.024391,-0.342549,0.319727,-0.319696,-0.015765,0.005767,4,3,2,1,8,6,7,10,11,9,13,12,5,14,16,17,15
2024-05-02,0.076904,0.073937,0.037676,-0.038327,-1.8e-05,0.001096,0.038577,-0.000634,0.0005,-0.001994,-0.033221,0.00077,0.03702,0.002802,-0.035907,0.033745,-0.034304,-0.002076,0.00048,4,3,1,2,6,7,9,10,11,8,12,13,5,14,16,17,15
2024-05-07,0.198487,0.190295,0.103901,-0.085466,0.00109,0.000182,0.09028,-0.002196,-0.00652,-0.000681,-0.092438,0.006225,0.080019,0.014152,-0.089306,0.106049,-0.088912,-0.003063,0.002611,1,4,3,2,9,6,7,8,11,13,10,12,5,17,16,14,15
2024-05-08,0.183877,0.177696,0.09457,-0.085377,-0.002171,-0.003494,0.083195,-0.005484,-0.008168,-0.003913,-0.089307,0.001709,0.074811,0.009583,-0.085704,0.094437,-0.085876,-0.005592,0.000243,2,4,3,1,9,6,7,8,11,13,10,12,5,17,15,14,16
2024-05-09,0.155495,0.150978,0.077759,-0.077736,-0.001105,0.000626,0.076482,-0.002721,-0.002513,-0.004115,-0.071114,0.001322,0.072356,0.005376,-0.075348,0.071694,-0.073254,-0.005296,-0.000258,4,3,2,1,7,6,8,9,11,10,12,13,5,14,16,17,15
2024-05-10,0.186454,0.175238,-0.081761,0.090723,-0.000955,-0.007966,-0.09573,-0.000332,-0.004784,0.008986,0.069317,-0.000463,-0.092804,-0.006035,0.084933,-0.064597,0.079763,0.008177,0.001904,14,16,17,15,13,9,7,10,8,11,5,6,12,4,2,1,3
2024-05-13,0.256208,0.249711,0.131259,-0.124949,-0.000989,0.001151,0.125954,-0.003339,-0.003977,-0.003655,-0.11831,0.004954,0.118673,0.011563,-0.121788,0.124325,-0.120859,-0.006876,0.0015,3,4,2,1,8,6,7,9,10,12,11,13,5,14,16,17,15
2024-05-14,0.073594,0.071006,0.035387,-0.035351,0.000238,0.002077,0.038243,0.000662,0.001085,-0.001961,-0.029942,0.001473,0.036723,0.004427,-0.033054,0.030621,-0.034258,-0.002693,-0.00021,4,2,1,3,6,7,11,10,9,8,12,13,5,14,15,17,16
2024-05-15,0.018404,0.01542,-0.003517,0.009224,0.001113,-0.000466,-0.008912,-0.000914,-0.001092,0.003421,0.004451,0.001497,-0.009181,-0.000315,0.006603,-0.000496,0.008824,0.003154,0.002546,12,17,16,15,11,8,7,9,13,14,5,6,10,4,3,1,2
2024-05-16,0.387338,0.37414,0.201797,-0.177058,-0.00019,-0.003725,0.177996,-0.010775,-0.011912,-0.000107,-0.185541,0.008506,0.164719,0.015847,-0.180136,0.199893,-0.17516,-0.004931,0.009418,2,4,3,1,10,7,6,9,12,13,8,11,5,17,16,15,14
2024-05-17,0.425161,0.416032,0.217484,-0.207677,0.00016,0.002026,0.214948,-0.003496,-0.004301,-0.008797,-0.197691,0.006034,0.202753,0.020559,-0.200054,0.204113,-0.203821,-0.012198,0.003957,3,4,2,1,8,6,7,9,10,11,12,13,5,14,15,17,16
2024-05-20,0.508691,0.498577,-0.258403,0.250288,-0.000228,-0.002215,-0.257117,0.007162,0.007454,0.010075,0.234017,-0.010449,-0.24304,-0.022839,0.23923,-0.243638,0.247055,0.017653,-0.003876,15,14,16,17,10,12,11,9,8,7,6,5,13,4,3,1,2
2024-05-21,0.290809,0.283401,0.142942,-0.141477,0.001367,0.00287,0.149332,-0.003859,-0.003632,-0.00745,-0.13016,0.004936,0.140873,0.0136,-0.134225,0.133875,-0.141353,-0.014717,0.002233,4,3,1,2,7,6,8,9,11,10,12,13,5,14,15,17,16
2024-05-22,0.26843,0.261134,0.137329,-0.1311,-0.002077,-0.000537,0.129997,-0.005396,-0.006929,-0.001108,-0.124561,0.007192,0.121571,0.008779,-0.126086,0.129792,-0.129098,-0.002359,0.002072,3,4,2,1,8,6,7,10,12,13,9,11,5,14,15,17,16
2024-05-23,0.47475,0.459935,0.230338,-0.226976,0.002939,0.007862,0.243374,-0.002742,-0.001571,0.000459,-0.206284,0.008882,0.232606,0.019458,-0.215136,0.214687,-0.231376,-0.010828,0.007928,4,2,1,3,8,6,7,9,12,11,10,13,5,14,15,16,17
2024-05-24,0.068743,0.050798,-0.036577,0.016431,0.00548,0.007339,-0.002029,0.005803,0.010967,-0.001991,0.029024,-0.010957,0.007639,-0.000897,0.019152,-0.03972,0.005725,-0.011493,5.8e-05,17,5,13,16,6,14,10,9,7,4,12,15,11,1,2,3,8
2024-05-28,0.097311,0.089902,-0.037182,0.045992,-0.000696,-0.003613,-0.048342,-0.000659,-0.000169,0.000709,0.034019,0.001229,-0.049515,-0.003373,0.040878,-0.033446,0.047796,0.004967,0.000412,14,17,16,15,13,6,8,11,10,9,7,5,12,4,3,2,1
2024-05-29,0.225745,0.21695,-0.116949,0.105044,0.002458,0.003356,-0.103875,0.007288,0.007028,0.004063,0.108796,-0.009154,-0.093353,-0.007934,0.103212,-0.112975,0.100673,-0.002289,-0.001876,16,14,15,17,8,13,10,9,5,6,7,11,12,1,3,2,4
2024-05-30,0.215356,0.196546,0.088604,-0.097572,0.005076,0.011258,0.10046,0.005169,0.003286,0.003398,-0.070513,-0.002613,0.110188,0.009182,-0.087646,0.074248,-0.105168,-0.008777,0.002375,4,1,2,3,5,12,11,8,7,10,9,13,6,14,15,16,17
2024-05-31,0.466647,0.457899,-0.233744,0.232323,0.000866,-0.004115,-0.233251,0.00576,0.007932,0.002137,0.20988,-0.008534,-0.221787,-0.015113,0.21969,-0.216616,0.232903,0.007748,-0.003581,14,15,16,17,11,12,10,9,7,5,8,6,13,4,3,2,1
2024-06-03,0.194732,0.167473,-0.063995,0.082315,-0.003096,-0.012281,-0.086407,-0.006945,-0.006564,-0.003756,0.052709,0.007569,-0.101315,-0.005657,0.074971,-0.051412,0.093416,0.009571,-0.002264,14,17,16,15,13,6,7,8,12,11,9,5,10,4,3,2,1
2024-06-04,0.591272,0.578795,0.297064,-0.29228,0.001021,0.006014,0.293753,-0.003791,-0.01039,-0.000318,-0.265106,0.009635,0.282218,0.023745,-0.276862,0.279714,-0.294208,-0.007195,0.005365,4,3,2,1,7,6,8,9,11,13,10,12,5,14,15,16,17
2024-06-05,0.514705,0.502976,0.26297,-0.251734,-0.000481,0.003964,0.254539,-0.006457,-0.010756,-0.001167,-0.235651,0.013945,0.238376,0.021276,-0.239854,0.249469,-0.250363,-0.001953,0.005839,3,4,2,1,8,6,7,9,12,13,10,11,5,14,15,17,16
2024-06-06,0.062957,0.054512,0.030755,-0.022619,-0.001009,-0.002837,0.024693,-0.002972,-0.002547,-0.001577,-0.029834,0.006893,0.016334,0.001918,-0.022511,0.033122,-0.019515,0.001497,0.001692,1,4,3,2,12,5,7,9,13,11,10,8,6,17,15,16,14
2024-06-07,0.174964,0.171635,-0.087808,0.087156,0.001386,-0.00037,-0.086689,0.003981,0.00614,0.001832,0.079654,-0.004072,-0.078363,-0.00536,0.083096,-0.083408,0.086748,0.003835,-0.002356,15,14,16,17,10,12,11,9,6,5,8,7,13,4,3,1,2
2024-06-10,0.014441,0.009584,0.000152,-0.004547,0.000618,0.003091,0.002874,0.001929,0.00159,0.001302,0.002005,-0.003109,0.00796,0.000634,-0.0038,-0.002851,-0.006481,-0.000953,-4.2e-05,13,1,3,10,2,14,11,9,5,6,7,12,8,4,15,16,17
2024-06-11,0.140713,0.138097,0.072913,-0.067799,-0.000871,-0.001745,0.06983,-0.003456,-0.005692,-0.001595,-0.066108,0.006354,0.057344,0.003914,-0.064373,0.0712,-0.06644,-0.002671,0.002669,2,4,3,1,10,5,7,8,12,13,9,11,6,15,14,17,16
2024-06-12,0.272983,0.26763,0.136704,-0.136262,0.000543,0.003456,0.136721,-0.005355,-0.007122,-0.001174,-0.120987,0.006746,0.126883,0.008892,-0.128975,0.128378,-0.13585,-0.004956,0.005273,3,4,1,2,8,6,7,9,12,13,10,11,5,14,15,17,16
2024-06-13,0.091274,0.089443,-0.045615,0.045219,-0.000905,-0.00218,-0.045881,0.001164,0.001684,-0.00052,0.039081,-0.002469,-0.043637,-0.003439,0.042583,-0.042594,0.045394,0.001176,-0.002442,14,15,17,16,10,12,11,9,7,5,8,6,13,4,3,2,1
2024-06-14,0.161416,0.157459,0.080208,-0.081209,6.8e-05,0.001121,0.080131,-0.003722,-0.004755,-0.001067,-0.071726,0.004082,0.073984,0.004609,-0.07563,0.075457,-0.079745,-0.003014,0.00325,3,4,2,1,8,6,7,9,12,13,10,11,5,14,15,17,16
2024-06-17,0.299185,0.292307,0.148904,-0.150114,0.001296,0.004809,0.149071,-0.005239,-0.006262,-0.000709,-0.129979,0.007551,0.141147,0.009829,-0.139903,0.13888,-0.147781,-0.003941,0.007315,4,3,1,2,8,6,7,9,12,13,10,11,5,14,15,17,16
2024-06-18,0.10487,0.097759,-0.043767,0.051081,-0.001488,-0.008193,-0.047678,-0.000102,-0.00027,-0.002909,0.034078,1.5e-05,-0.053418,-0.005534,0.045881,-0.036498,0.051452,0.000993,-0.003092,14,17,16,15,13,6,11,9,7,8,10,5,12,4,3,2,1
2024-06-20,0.178157,0.172784,-0.088484,0.089393,-0.001115,-0.003055,-0.088764,0.002923,0.003796,0.000104,0.077624,-0.005321,-0.08279,-0.005317,0.082082,-0.082586,0.086838,0.002222,-0.004401,14,15,17,16,10,13,11,9,6,5,8,7,12,4,3,1,2
2024-06-21,0.388242,0.376167,-0.19166,0.195343,-0.000634,-0.003674,-0.192898,0.009515,0.010321,0.003217,0.171539,-0.009186,-0.178812,-0.009006,0.179341,-0.17837,0.190445,0.007215,-0.008138,14,15,17,16,10,13,11,9,6,5,8,7,12,4,3,1,2
2024-06-24,0.032442,0.031696,0.017329,-0.015113,0.000793,0.000391,0.017028,-0.000259,-0.000303,0.000135,-0.014474,0.00201,0.014923,0.001265,-0.013956,0.016653,-0.014492,0.000145,0.001319,3,4,2,1,9,5,6,8,12,13,11,10,7,15,14,17,16
2024-06-25,0.529357,0.512202,-0.256876,0.271465,-0.003666,-0.007201,-0.257892,0.011163,0.014147,0.003983,0.230977,-0.010072,-0.244491,-0.008588,0.243679,-0.238476,0.262203,0.010343,-0.011443,14,15,17,16,10,12,13,9,6,5,8,7,11,4,3,1,2
2024-06-26,0.32578,0.317436,0.15883,-0.166781,0.002808,0.005958,0.158999,-0.008134,-0.007732,-0.001289,-0.142127,0.005808,0.152936,0.005162,-0.150405,0.147611,-0.164358,-0.005409,0.007042,4,3,1,2,6,7,5,9,13,12,10,11,8,14,15,17,16
2024-06-27,0.019705,0.017645,0.006827,-0.010322,-0.000343,0.001158,0.007221,-0.000588,-0.000568,-0.000254,-0.006485,-0.001419,0.008915,-9.2e-05,-0.008859,0.005311,-0.01079,-0.000505,6.1e-05,4,1,2,3,5,13,6,9,12,11,8,10,7,14,15,16,17
2024-06-28,0.20897,0.202745,-0.102877,0.106093,-0.000897,-0.001296,-0.102546,0.005446,0.005881,0.002994,0.094469,-0.004345,-0.095832,-0.002867,0.09614,-0.097197,0.103383,0.003407,-0.003349,15,14,16,17,10,13,12,9,6,5,8,7,11,4,3,1,2
2024-07-01,0.512688,0.4992,-0.258042,0.254646,-0.003021,-0.00029,-0.255699,0.011879,0.013923,0.006312,0.235786,-0.016177,-0.233248,-0.008054,0.231451,-0.24681,0.246617,0.00718,-0.008156,15,14,16,17,9,13,12,10,6,5,8,7,11,3,4,1,2
2024-07-02,0.029646,0.022931,0.0065,-0.013969,0.000821,0.005013,0.007879,0.000505,0.000544,0.001607,-0.003347,-0.003243,0.013712,0.000684,-0.010798,0.004844,-0.015933,0.000589,0.003353,5,1,2,3,4,13,6,8,12,11,7,10,9,14,15,16,17
2024-07-03,0.125937,0.118205,-0.055572,0.062416,-0.003031,-0.00907,-0.056103,-0.001103,-0.000488,-0.002497,0.044012,0.000582,-0.061524,-0.00311,0.054589,-0.051424,0.064413,-0.001413,-0.00759,14,17,16,15,13,5,12,10,7,6,9,8,11,4,3,2,1
2024-07-05,0.156141,0.152184,-0.07783,0.077646,-0.002335,-0.005194,-0.076517,0.000974,0.000947,-0.000568,0.065904,-0.003713,-0.075401,-0.002414,0.070845,-0.07327,0.078311,0.001578,-0.005646,14,15,16,17,12,11,13,9,6,7,8,5,10,4,3,2,1
2024-07-08,0.556532,0.545523,0.285841,-0.270691,0.003071,0.001766,0.280547,-0.013614,-0.009318,-0.003885,-0.257181,0.01606,0.260257,0.0058,-0.25441,0.27272,-0.269589,-0.010534,0.010003,3,4,2,1,9,5,6,8,13,11,10,12,7,15,14,17,16
2024-07-09,0.017431,0.016784,-0.010323,0.006179,-0.001413,-0.000931,-0.010318,-0.000643,-0.000909,-0.001196,0.007108,-0.002498,-0.008754,-0.001308,0.006115,-0.010307,0.006005,-0.001043,-0.001378,15,14,16,17,7,13,11,12,5,6,9,8,10,1,3,2,4
2024-07-10,0.151559,0.147924,0.076779,-0.074206,0.001195,0.002234,0.076074,-0.002969,-0.002088,-0.000506,-0.067718,0.003877,0.072258,0.001713,-0.068882,0.073051,-0.07478,-0.002361,0.004276,3,4,2,1,7,6,5,9,13,11,10,12,8,14,15,16,17
2024-07-11,0.050283,0.040958,0.021217,-0.011559,-0.003217,-0.008143,0.023635,-0.007314,-0.005774,-0.004378,-0.025389,0.008045,0.009632,-0.006204,-0.01618,0.024894,-0.006986,-0.003254,-0.007638,1,4,2,3,14,5,13,6,12,9,8,7,10,17,16,15,11
2024-07-12,0.880892,0.856549,-0.439831,0.435857,-0.004801,-0.015275,-0.433348,0.018233,0.012302,0.006577,0.388682,-0.018384,-0.416593,-0.007579,0.40203,-0.417521,0.44106,0.016558,-0.024135,15,14,16,17,11,12,13,9,5,7,8,6,10,4,3,2,1
2024-07-16,0.014717,0.01222,0.002622,0.002696,-0.002342,-0.006498,0.002118,-0.005305,-0.004244,-0.007327,-0.007738,0.002388,-0.000743,-0.004383,-0.004603,0.006974,0.004181,-0.003553,-0.007743,1,7,6,4,14,5,17,8,13,10,15,9,11,16,12,3,2
2024-07-17,0.186337,0.176269,-0.084942,0.094167,-0.003663,-0.016136,-0.088549,-0.007171,-0.006306,-0.014606,0.066168,0.000265,-0.088167,-0.008725,0.075194,-0.076661,0.097789,-0.006289,-0.015439,14,16,17,15,13,5,12,6,9,8,11,7,10,4,3,2,1
2024-07-18,0.504264,0.488914,-0.259846,0.241914,0.003083,-0.000639,-0.247471,0.014294,0.011152,0.013739,0.231355,-0.012072,-0.238267,-0.001723,0.23305,-0.240042,0.244418,0.015469,-0.014888,15,14,16,17,10,12,13,9,6,8,7,5,11,4,3,2,1
2024-07-19,0.201682,0.190718,-0.105772,0.088404,-0.004631,0.006157,-0.096899,0.009483,0.004661,0.011782,0.09591,-0.008212,-0.095656,0.000656,0.089512,-0.091386,0.086184,0.007855,-0.005757,14,15,16,17,8,13,12,11,6,9,5,7,10,1,2,3,4
2024-07-22,0.306675,0.294737,0.158252,-0.144745,-0.00595,0.007793,0.142034,-0.005852,-0.004671,-0.005526,-0.133825,0.002213,0.146344,0.007534,-0.137152,0.149294,-0.148423,-0.007929,0.010412,2,3,4,1,6,8,5,12,11,9,10,13,7,14,15,16,17
2024-07-23,0.235626,0.230024,0.122506,-0.11312,-0.000756,-0.005189,0.115331,-0.010262,-0.007405,-0.011013,-0.112604,0.005858,0.114133,-0.001338,-0.110742,0.111036,-0.112378,-0.010782,0.004982,4,3,2,1,9,5,6,7,11,10,13,12,8,16,14,17,15
2024-07-24,0.141133,0.137032,-0.075062,0.065283,-0.001177,0.001884,-0.070609,0.004238,0.003486,0.00554,0.066071,-0.005111,-0.06921,-0.002041,0.064233,-0.067854,0.064863,0.004764,-0.004769,14,15,16,17,9,13,12,10,7,8,5,6,11,1,4,2,3
2024-07-25,0.398051,0.381969,0.208405,-0.182186,-0.008249,0.018126,0.184806,-0.001414,0.000404,-0.004246,-0.16715,0.001858,0.19511,0.017766,-0.170898,0.199663,-0.189646,-0.004619,0.019318,2,3,4,1,6,8,5,13,10,9,11,12,7,14,15,16,17
2024-07-26,0.667888,0.640778,-0.346909,0.307406,0.006992,0.000458,-0.320096,0.018351,0.011097,0.019593,0.304828,-0.011542,-0.322116,-0.005292,0.30185,-0.319926,0.320979,0.021251,-0.028577,14,16,15,17,10,12,13,9,7,8,6,5,11,3,4,2,1
2024-07-29,0.256069,0.243177,-0.129417,0.118927,0.009926,-0.005751,-0.115906,0.001293,0.003338,0.004627,0.108136,0.004394,-0.118455,-0.004061,0.111487,-0.124592,0.126652,0.005572,-0.007659,16,15,14,17,12,8,13,5,10,9,7,6,11,4,3,2,1
2024-07-30,0.026746,0.025668,0.014553,-0.010849,0.001266,0.000154,0.014117,-0.00093,0.000109,-1.3e-05,-0.012193,0.001549,0.01353,0.00082,-0.011442,0.013145,-0.01117,-0.000677,0.002314,4,3,2,1,9,6,5,7,13,10,11,12,8,17,16,14,15
2024-07-31,0.768371,0.738158,-0.397822,0.356756,0.009392,-0.000946,-0.367499,0.016853,0.012323,0.025235,0.351785,-0.005665,-0.370063,-0.007327,0.346259,-0.365983,0.370549,0.021893,-0.027619,14,16,15,17,10,11,13,9,7,8,5,6,12,3,4,2,1
2024-08-01,0.342335,0.331129,0.178873,-0.157248,-0.001641,-0.001367,0.167331,-0.015011,-0.007652,-0.01188,-0.163461,0.003554,0.164856,0.000574,-0.156358,0.162418,-0.161618,-0.014229,0.012572,4,3,2,1,8,6,5,9,13,10,11,12,7,17,14,15,16
2024-08-02,0.690606,0.666792,0.363516,-0.322204,-0.011701,0.003751,0.322797,-0.019914,-0.012299,-0.028882,-0.318092,0.004118,0.334921,0.007406,-0.313471,0.334553,-0.327089,-0.013021,0.019793,3,2,4,1,8,7,5,9,12,10,13,11,6,15,14,16,17
2024-08-05,0.883531,0.852857,0.449935,-0.422852,-0.02581,-0.000681,0.391749,-0.020466,-0.021437,-0.04203,-0.410758,-0.000878,0.420109,0.001319,-0.407371,0.42132,-0.433596,-0.01566,0.014672,2,3,4,1,7,8,5,12,10,11,13,9,6,15,14,16,17
2024-08-06,0.214863,0.187336,-0.087425,0.088177,-0.010158,0.007058,-0.116475,0.022961,0.012044,0.000947,0.098388,0.002053,-0.073887,0.006165,0.090653,-0.080892,0.077348,0.020511,0.004606,15,14,17,16,8,11,10,13,5,7,12,6,9,1,2,3,4
2024-08-07,0.259817,0.251644,-0.1244,0.122283,0.00284,-0.008893,-0.131196,-0.001619,0.001062,0.005245,0.120654,-0.001328,-0.125436,0.002685,0.122994,-0.122278,0.128621,0.001178,-0.001536,14,16,17,15,13,10,11,6,12,9,5,8,7,4,2,3,1
2024-08-08,0.020968,0.018981,-0.01194,0.00802,-0.00225,0.002266,-0.008653,0.001093,-0.001336,-0.001558,0.009028,-0.001559,-0.009284,-0.000861,0.007462,-0.011209,0.005202,0.000274,0.000551,16,15,14,17,5,12,7,13,6,10,11,8,9,1,3,2,4
2024-08-09,0.040886,0.03141,0.020326,-0.011778,0.002226,-0.009374,0.004664,-0.000503,0.000793,0.002098,-0.018063,-0.000697,0.011865,0.006069,-0.008747,0.022823,-0.008431,0.003627,0.003556,1,3,5,2,15,12,7,8,11,10,9,6,4,17,14,16,13
2024-08-13,0.026458,0.023283,0.01247,-0.010409,0.000236,-0.001616,0.010549,-0.000198,0.000764,0.000441,-0.011995,-2e-06,0.010803,0.001395,-0.009707,0.014463,-0.009088,0.001233,0.001385,1,3,4,2,13,11,6,10,12,8,9,7,5,17,15,16,14
2024-08-14,0.32024,0.315127,0.160101,-0.15278,-0.001299,-0.003038,0.163931,-0.004878,0.000547,-0.002484,-0.156309,0.000947,0.149489,7e-05,-0.150563,0.161697,-0.146275,-0.0015,0.000634,2,4,1,3,12,5,6,9,13,7,11,10,8,17,15,16,14
2024-08-15,0.15281,0.146707,-0.073869,0.071311,0.000206,-0.003959,-0.080945,0.001109,0.000133,0.000751,0.069098,-0.001963,-0.071321,0.002448,0.071865,-0.069164,0.070809,0.002871,0.001628,14,15,17,16,13,12,7,10,8,11,9,5,6,4,1,2,3
2024-08-16,0.062642,0.050284,0.025325,-0.021917,-0.002935,-0.006561,0.019251,-0.003116,0.000947,0.001433,-0.027646,-0.000995,0.020601,0.003216,-0.020368,0.034996,-0.019021,0.00353,0.003538,1,3,4,2,13,10,5,11,12,9,8,6,7,17,15,16,14
2024-08-19,0.019246,0.017832,0.009481,-0.007841,-3.6e-05,-0.000303,0.009209,0.000108,0.000705,0.000674,-0.00871,0.000288,0.00864,0.000719,-0.00772,0.010536,-0.007336,0.000761,0.000807,1,4,3,2,13,10,5,12,11,8,9,6,7,17,15,16,14
2024-08-20,0.059724,0.052165,0.026534,-0.023526,-0.002059,-0.004044,0.023981,-0.001321,0.001126,0.001158,-0.027783,-0.001015,0.023481,0.001851,-0.02273,0.031941,-0.021371,0.002141,0.002181,1,4,3,2,13,10,5,12,11,9,8,6,7,17,15,16,14
2024-08-21,0.441382,0.425377,0.214538,-0.209413,-0.002987,0.007423,0.23112,-0.003473,-0.001064,-0.002884,-0.203926,0.002789,0.205257,-0.00727,-0.210262,0.203978,-0.20554,-0.008541,-0.005214,4,3,1,2,5,6,11,9,10,7,8,13,12,14,17,16,15
2024-08-22,0.075914,0.070158,0.034619,-0.03385,-0.003177,-0.003742,0.032654,-0.002748,-0.000221,-0.00128,-0.037228,-0.002152,0.031829,-0.00024,-0.033437,0.038686,-0.032155,-0.000404,0.000498,1,4,3,2,13,10,5,12,11,6,9,8,7,17,15,16,14
2024-08-23,0.40535,0.396433,-0.201014,0.193458,0.003277,-0.003043,-0.211892,0.003668,-0.001386,0.001873,0.192265,-0.00235,-0.190639,0.003144,0.193418,-0.197252,0.18843,0.005106,0.00206,15,14,17,16,13,12,9,7,6,11,10,5,8,3,2,1,4
2024-08-26,0.487937,0.465051,-0.232913,0.226005,-0.001862,-0.014683,-0.258656,0.001922,-0.001377,0.00395,0.217383,-0.006433,-0.223411,0.008913,0.229281,-0.212402,0.224889,0.012316,0.00806,14,15,17,16,13,12,7,11,9,10,8,5,6,4,1,2,3
2024-08-27,0.07165,0.068772,-0.035064,0.033229,-0.000347,-0.002028,-0.038203,-3.8e-05,-0.000658,9.4e-05,0.032206,-0.001186,-0.033608,0.000629,0.033447,-0.032793,0.032767,0.001068,0.000456,14,15,17,16,13,12,7,10,9,11,8,5,6,4,1,2,3
2024-08-28,0.034217,0.032568,-0.015855,0.016325,0.001411,0.001449,-0.015235,0.001091,0.000386,0.000424,0.016908,0.000809,-0.015261,0.000293,0.016048,-0.017308,0.015352,0.000318,0.000294,17,15,14,16,5,8,12,6,7,10,9,11,13,1,3,2,4
2024-08-29,0.06051,0.054446,-0.026046,0.025955,0.003216,0.004277,-0.022392,0.001824,0.000143,-0.000146,0.028537,0.001729,-0.025482,-0.000989,0.025344,-0.031974,0.023347,-0.00168,-0.001313,17,15,14,16,5,8,12,6,7,9,10,13,11,1,3,2,4
2024-08-30,0.37392,0.360691,-0.182208,0.177532,0.002383,-0.004527,-0.19562,0.002196,-0.000758,0.002701,0.173908,-0.002932,-0.173993,0.005424,0.1783,-0.174505,0.173425,0.006523,0.004055,15,14,17,16,13,12,7,9,10,11,8,5,6,3,1,2,4
2024-09-03,0.0232,0.015869,0.002252,-0.001701,-0.004014,-0.007951,-0.009585,-0.002737,-0.000166,0.001632,-0.00663,-0.003469,0.001545,0.004485,-0.00017,0.013615,0.001916,0.005343,0.003724,1,8,17,5,16,13,4,14,12,9,7,2,3,15,10,11,6
2024-09-04,0.444765,0.416861,0.205209,-0.201834,0.002797,0.01547,0.23993,0.001908,0.001,-0.005622,-0.189822,0.00768,0.197184,-0.012144,-0.204834,0.181981,-0.20159,-0.015365,-0.009495,4,3,1,2,5,6,11,7,8,9,10,13,12,14,17,16,15
2024-09-05,0.333665,0.320836,0.162167,-0.156747,-0.000826,0.004434,0.175821,-0.001159,0.001051,-0.00239,-0.153962,0.003243,0.155966,-0.004342,-0.157844,0.15564,-0.152507,-0.005024,-0.003557,4,3,1,2,5,6,11,8,9,7,10,13,12,15,17,16,14
2024-09-06,0.026829,0.018728,0.006935,-0.006497,0.004211,0.006574,0.018816,0.00204,-1e-06,-0.001678,-0.002917,0.00376,0.008091,-0.003505,-0.007832,-0.000739,-0.008013,-0.003715,-0.002603,9,2,1,3,4,6,11,5,7,8,10,14,13,12,16,15,17
2024-09-09,0.074313,0.060003,0.024037,-0.027492,0.005634,0.009635,0.044176,0.000205,-0.00275,-0.005898,-0.021004,0.004871,0.024333,-0.009054,-0.029836,0.0076,-0.030136,-0.010421,-0.00777,5,2,1,3,4,7,11,6,8,9,10,13,12,14,16,15,17
2024-09-10,0.079735,0.070083,-0.032289,0.032267,-0.005888,-0.009173,-0.046553,-0.001428,0.004159,0.005053,0.026823,-0.0049,-0.033081,0.006381,0.033181,-0.018618,0.032876,0.00739,0.005019,14,16,17,15,13,11,8,12,10,9,7,5,6,4,1,3,2
2024-09-11,0.288495,0.282383,0.141981,-0.139214,-0.003585,2.9e-05,0.148856,-0.002394,0.000614,-0.002959,-0.138039,4.6e-05,0.135819,-0.003438,-0.139639,0.139421,-0.135102,-0.004021,-0.003314,3,4,1,2,7,6,10,12,8,5,9,13,11,15,17,16,14
2024-09-12,0.176035,0.170473,0.086764,-0.083292,-0.000134,0.00254,0.092428,-9.2e-05,0.000501,-0.001378,-0.081746,0.001718,0.083581,-0.001733,-0.083607,0.083317,-0.080904,-0.002243,-0.001483,4,3,1,2,5,6,11,9,8,7,10,13,12,15,17,16,14
2024-09-13,0.032544,0.027544,-0.012386,0.012114,-0.004029,-0.00624,-0.019919,-0.001218,0.003166,0.002529,0.008911,-0.002837,-0.01344,0.002887,0.012625,-0.004565,0.012147,0.003651,0.002403,13,16,17,15,14,11,9,12,10,6,8,5,7,4,1,3,2
2024-09-17,0.103172,0.095511,0.04701,-0.046293,-0.005317,-0.005793,0.041985,-0.002122,0.003454,0.001626,-0.049115,-0.00276,0.043628,0.001244,-0.046429,0.054057,-0.045075,0.001685,0.00076,1,3,4,2,13,11,9,12,10,5,7,6,8,17,16,15,14
2024-09-18,0.55889,0.547636,-0.27631,0.268354,0.005898,-0.001331,-0.287794,0.003385,-0.002142,0.004064,0.267457,-0.00065,-0.264589,0.006361,0.271096,-0.271896,0.262544,0.007265,0.005905,15,14,17,16,12,11,7,8,10,13,9,5,6,3,1,2,4
2024-09-19,0.196885,0.193723,-0.097083,0.094684,0.004289,0.00288,-0.096927,0.001896,-0.003113,-0.000436,0.096277,0.001175,-0.092786,0.000772,0.095591,-0.100608,0.092629,0.000479,0.000463,17,14,15,16,6,8,11,5,7,13,12,10,9,1,2,3,4
2024-09-20,0.444932,0.426066,-0.213743,0.209759,0.000346,-0.008345,-0.233278,0.001316,0.004648,0.008104,0.20342,-0.004135,-0.205928,0.009666,0.211653,-0.199438,0.203837,0.010529,0.008934,14,15,17,16,13,12,7,11,10,9,8,5,6,4,1,2,3
2024-09-24,0.574345,0.558157,0.280855,-0.274427,-0.005114,0.003801,0.297179,-0.004069,-0.000906,-0.005684,-0.270948,0.001939,0.26974,-0.008007,-0.277166,0.273895,-0.267239,-0.008607,-0.006909,3,4,1,2,5,6,11,9,8,7,10,13,12,15,17,16,14
2024-09-25,0.208716,0.203475,-0.103286,0.098961,0.001125,-0.002136,-0.108743,0.000535,-0.001121,0.000697,0.09802,-0.001513,-0.099005,0.001854,0.099973,-0.101441,0.096458,0.001878,0.001366,15,14,17,16,13,12,7,8,10,11,9,5,6,3,1,2,4
2024-09-26,0.324079,0.308011,0.154561,-0.150122,0.000693,0.00775,0.172314,0.000134,-0.003712,-0.005274,-0.144832,0.004639,0.149908,-0.006981,-0.151766,0.14356,-0.145362,-0.007276,-0.005695,4,3,1,2,5,6,11,7,8,9,10,13,12,14,17,16,15
2024-09-27,0.070447,0.069155,0.03547,-0.033135,-7.8e-05,0.001038,0.037035,0.000206,0.001212,0.000492,-0.032985,0.000948,0.03399,0.000152,-0.033411,0.035428,-0.032226,-1.1e-05,0.000238,3,4,1,2,6,7,9,13,10,5,8,12,11,15,17,16,14
2024-09-30,0.171148,0.164278,-0.082905,0.080262,-0.000679,-0.004024,-0.090471,-0.000165,0.000396,0.000774,0.077729,-0.002429,-0.080775,0.002576,0.080677,-0.078695,0.077744,0.003296,0.002024,14,15,17,16,13,12,7,11,10,9,8,5,6,4,1,2,3
2024-10-01,0.026042,0.024002,-0.01164,0.011412,-0.001022,-0.002008,-0.014575,-0.000503,0.00092,0.000512,0.010003,-0.001022,-0.011935,0.001069,0.011468,-0.008973,0.010976,0.001414,0.000877,14,16,17,15,13,11,8,12,10,7,9,5,6,4,1,2,3
2024-10-02,0.282422,0.278005,-0.139904,0.136248,0.002258,-0.001819,-0.14588,0.000139,-0.002477,-0.000784,0.13478,-0.002179,-0.134721,0.001786,0.136542,-0.140659,0.13223,0.001717,0.000497,16,14,17,15,11,12,8,5,9,13,10,7,6,3,1,2,4
2024-10-03,0.218607,0.217227,-0.108692,0.106631,0.003563,0.001017,-0.111378,0.001234,-0.002234,0.000212,0.106794,-0.000216,-0.104288,0.001154,0.107229,-0.110958,0.103531,0.000843,0.000803,16,14,17,15,8,12,10,5,6,13,11,9,7,2,1,3,4
2024-10-04,0.21427,0.208812,-0.10443,0.102461,0.004645,0.00306,-0.103025,0.001824,-0.004034,-0.001097,0.103197,0.000505,-0.098539,-0.000898,0.102251,-0.111072,0.097876,-0.001709,-0.000188,17,14,15,16,6,8,9,5,7,13,11,12,10,1,3,2,4
2024-10-07,0.208458,0.198951,-0.095991,0.100786,0.001753,-0.003507,-0.107672,0.001717,0.005596,0.004572,0.094719,-0.001384,-0.093871,0.006984,0.100407,-0.089059,0.098129,0.008668,0.005955,14,15,17,16,13,12,7,10,11,8,9,5,6,4,2,1,3
2024-10-08,0.449598,0.442513,-0.222082,0.217701,0.007358,0.003647,-0.22058,0.002422,-0.007418,-0.001187,0.218158,0.000667,-0.211755,0.000176,0.217579,-0.23144,0.208173,-0.000793,0.001139,17,14,15,16,6,9,8,5,7,13,12,11,10,1,3,2,4
2024-10-09,0.51796,0.505785,0.254663,-0.250191,-0.001974,0.00598,0.26777,0.000368,0.001399,-0.000489,-0.243658,0.00431,0.245766,-0.003806,-0.24962,0.251453,-0.242488,-0.006466,-0.003276,3,4,1,2,5,6,11,10,8,7,9,13,12,15,16,17,14
2024-10-10,0.058859,0.054296,-0.025121,0.027375,-0.000376,-0.002946,-0.031484,-0.000261,0.003273,0.002239,0.023768,-0.001762,-0.025364,0.003049,0.027095,-0.020228,0.02645,0.003965,0.002811,14,16,17,15,13,12,8,11,10,6,9,5,7,4,2,1,3
2024-10-11,0.151953,0.148067,-0.073514,0.073051,0.002817,0.002509,-0.072761,0.001765,-0.002102,-0.000953,0.074141,0.001958,-0.07027,-0.000236,0.072924,-0.077811,0.070945,0.000411,-0.000452,17,14,15,16,6,7,11,5,8,13,12,9,10,1,3,2,4
2024-10-15,0.207529,0.195541,-0.09495,0.097075,-0.001105,-0.008005,-0.110453,-0.002154,0.00541,0.004109,0.088017,-0.005091,-0.094495,0.005995,0.096063,-0.084273,0.093584,0.008299,0.005396,14,15,17,16,13,12,8,10,11,7,9,5,6,4,2,1,3
2024-10-16,0.018763,0.01348,-0.005502,0.005492,0.001615,0.002681,-0.0025,0.001448,-0.001545,-0.001279,0.007841,0.001949,-0.00484,-0.001209,0.005844,-0.010921,0.005455,-0.001812,-0.000913,17,15,14,16,5,6,9,7,8,12,11,13,10,1,2,3,4
2024-10-17,0.127487,0.118368,-0.057408,0.058032,-0.003829,-0.006847,-0.069455,-0.002758,0.002959,0.001885,0.051311,-0.005074,-0.057386,0.003809,0.057066,-0.045717,0.055758,0.005335,0.003571,14,15,17,16,13,12,7,11,10,8,9,5,6,4,2,1,3
2024-10-18,0.321471,0.317868,-0.156397,0.15837,0.004564,0.000897,-0.163101,0.002919,-0.000112,0.000493,0.15635,0.001416,-0.151695,0.002785,0.158163,-0.161224,0.153859,0.004436,0.002778,16,14,17,15,11,10,9,5,7,13,12,6,8,3,2,1,4
2024-10-21,0.101456,0.097503,0.048041,-0.047825,-0.002526,-0.001899,0.047136,-0.001899,0.000924,0.000207,-0.048993,-0.001726,0.045781,-0.000109,-0.048052,0.052463,-0.046745,-0.000223,-5e-05,1,4,3,2,12,10,7,13,11,5,6,9,8,17,16,15,14
2024-10-22,0.116998,0.103472,0.047518,-0.049761,0.006393,0.010959,0.067237,0.005796,-0.003542,-0.000896,-0.038954,0.009139,0.049447,-0.004328,-0.048448,0.032369,-0.048004,-0.006958,-0.004661,4,2,1,3,5,6,12,7,8,10,9,13,11,14,16,17,15
2024-10-23,0.147854,0.13955,0.067345,-0.069876,0.000833,0.004029,0.077979,0.00114,-0.001898,-0.000952,-0.064595,0.003074,0.066388,-0.003036,-0.069233,0.062762,-0.067829,-0.004669,-0.003227,4,3,1,2,5,6,12,8,7,10,9,13,11,14,16,17,15
2024-10-24,0.122839,0.118729,-0.060248,0.056733,0.000771,3.8e-05,-0.059675,0.000425,-0.003082,-0.002491,0.057515,0.000231,-0.057719,-0.001441,0.056691,-0.065324,0.054852,-0.001562,-0.0016,17,14,15,16,8,7,11,5,6,13,12,10,9,1,3,2,4
2024-10-25,0.087976,0.086279,-0.041127,0.043968,0.002755,0.00207,-0.042133,0.0026,0.000696,0.000868,0.043797,0.002164,-0.039403,0.001906,0.043807,-0.044007,0.042502,0.001974,0.001753,17,14,16,15,8,7,11,5,6,13,12,9,10,3,2,1,4
2024-10-28,0.130476,0.119265,-0.05754,0.057978,0.005154,0.006121,-0.052451,0.004833,-0.002385,-0.001266,0.061624,0.005325,-0.053875,-0.000182,0.057928,-0.068851,0.055627,-0.001258,-0.000808,17,15,14,16,5,6,10,7,8,13,12,11,9,1,3,2,4
2024-10-29,0.101225,0.094286,-0.044477,0.047147,-0.001168,-0.004281,-0.054078,-0.000563,0.002829,0.001408,0.042745,-0.002559,-0.044095,0.003221,0.046983,-0.038455,0.046077,0.005098,0.003314,14,15,17,16,13,12,6,11,10,8,9,5,7,4,2,1,3
2024-10-30,0.049026,0.037157,-0.015346,0.017054,0.005863,0.00825,-0.006545,0.004642,-0.002339,0.000209,0.021883,0.006302,-0.013237,-0.000966,0.016809,-0.027143,0.016111,-0.002612,-0.000738,17,15,14,16,5,6,10,7,8,12,9,13,11,1,3,2,4
2024-10-31,0.43574,0.420559,-0.206252,0.210235,0.002052,-0.002752,-0.225505,0.000703,0.001023,0.000243,0.202508,-0.00285,-0.201111,0.004365,0.209134,-0.206704,0.203846,0.008526,0.005132,16,14,17,15,12,13,6,8,10,9,11,5,7,4,2,1,3
2024-11-01,0.281878,0.261573,0.124037,-0.130006,0.003543,0.01134,0.151872,0.002525,-0.007469,-0.003162,-0.117474,0.008146,0.122926,-0.007951,-0.12981,0.105421,-0.126069,-0.01346,-0.008604,4,3,1,2,5,6,12,7,8,10,9,13,11,14,16,17,15
2024-11-05,0.060156,0.056484,0.028278,-0.027029,0.001569,0.00284,0.033117,0.001273,0.000202,0.000707,-0.024875,0.002453,0.027855,-5.3e-05,-0.027039,0.025702,-0.026134,-0.001122,-0.000355,4,3,1,2,5,6,12,7,8,10,9,13,11,14,17,16,15
2024-11-06,0.182506,0.162028,0.077406,-0.07751,-0.009496,-0.011083,0.069039,-0.002213,0.006465,0.002829,-0.082472,-0.005675,0.073078,0.002975,-0.075043,0.100034,-0.075584,0.004609,0.004759,1,3,4,2,13,11,6,12,10,5,9,7,8,17,14,16,15
2024-11-07,1.517875,1.455154,-0.747494,0.741183,-0.015452,-0.040063,-0.776692,0.004336,0.018982,0.000547,0.671808,-0.035842,-0.678629,0.020519,0.727579,-0.687573,0.684941,0.05853,0.047919,15,14,17,16,13,12,6,11,9,8,10,5,7,4,2,1,3
2024-11-08,0.438161,0.432998,0.213364,-0.218334,-0.010762,-5.3e-05,0.214572,-0.003082,-0.007391,-0.009883,-0.207875,-0.003836,0.204233,0.010521,-0.214562,0.218223,-0.219939,-0.011152,0.004018,1,4,2,3,7,9,6,12,8,10,11,13,5,14,15,16,17
2024-11-11,0.474436,0.467718,0.227757,-0.235495,-0.013372,-0.003179,0.233384,-0.006444,-0.004524,-0.010067,-0.224938,-0.006345,0.221051,0.010139,-0.232083,0.237831,-0.236604,-0.014909,0.002897,1,4,2,3,7,9,6,12,10,8,11,13,5,14,15,16,17
2024-11-12,0.293469,0.288785,-0.146733,0.144354,0.005666,-0.001131,-0.144226,0.001618,0.006815,0.008564,0.134999,-0.001282,-0.14141,-0.011864,0.142896,-0.138795,0.146735,0.008415,-0.001002,14,15,16,17,11,12,10,8,9,7,5,6,13,4,3,2,1
2024-11-13,0.095336,0.089172,0.048598,-0.040864,0.004993,0.00424,0.042357,0.0048,-0.011007,-0.010525,-0.038237,0.005637,0.04871,0.008865,-0.040361,0.024453,-0.046626,-0.000347,-0.001557,4,1,3,2,9,6,11,7,8,13,12,10,5,14,15,16,17
2024-11-14,0.222921,0.218477,-0.11219,0.108062,-0.000879,-0.002178,-0.110814,-0.000309,0.005296,0.008187,0.101845,-0.003336,-0.107359,-0.010169,0.106277,-0.104509,0.110731,0.005718,-6.2e-05,14,15,16,17,11,12,8,10,9,7,5,6,13,4,3,2,1
2024-11-15,0.21573,0.205307,-0.096173,0.100912,0.003492,0.001801,-0.103315,0.00649,-0.006401,0.00115,0.0976,0.002456,-0.091321,-0.005329,0.100089,-0.114818,0.100613,0.010251,0.00045,17,14,16,15,9,8,11,7,6,13,10,5,12,4,3,1,2
2024-11-18,0.463929,0.450817,-0.223298,0.219591,-0.000386,-0.004582,-0.22548,0.006433,-0.001625,0.009244,0.208896,-0.005962,-0.223005,-0.026918,0.220154,-0.238367,0.225561,0.014119,-0.001677,17,14,16,15,11,12,10,8,7,9,6,5,13,4,2,3,1
2024-11-19,0.034074,0.030757,-0.019577,0.013642,-0.001464,-0.001181,-0.015198,-0.004756,0.007533,0.004426,0.012928,-0.001353,-0.01643,-0.000511,0.012717,-0.002033,0.014497,-0.002399,7.9e-05,12,16,15,17,9,10,7,11,14,5,6,13,8,3,4,2,1
2024-11-20,0.272346,0.267669,0.134799,-0.133716,-0.000449,0.001276,0.135094,-0.002367,-0.006824,-0.011561,-0.125514,0.00292,0.129916,0.011935,-0.13223,0.126136,-0.137252,-0.00881,-0.001944,4,3,1,2,7,6,9,8,10,11,13,12,5,14,15,16,17
2024-11-21,0.030712,0.029523,-0.014565,0.016148,0.001748,0.001458,-0.013344,0.00062,0.004774,0.004659,0.015362,0.001284,-0.013066,0.001033,0.015204,-0.008824,0.016083,0.001677,0.001441,14,15,16,17,9,11,10,7,13,5,6,8,12,3,4,1,2
2024-11-22,0.293583,0.281871,0.13438,-0.138753,-0.001673,-0.000997,0.138211,-0.00851,0.004875,-0.002436,-0.13245,0.000675,0.13403,0.012268,-0.140685,0.149667,-0.143915,-0.014135,-0.004875,1,4,2,3,8,7,11,9,12,6,10,13,5,14,16,15,17
2024-11-25,0.112122,0.109347,-0.058688,0.053435,-0.000765,-0.001367,-0.056616,-0.00411,0.008657,0.007321,0.049975,-0.003016,-0.054912,-0.005156,0.05105,-0.046842,0.05334,-0.000933,-0.001054,14,15,16,17,10,11,9,7,12,5,6,8,13,4,3,1,2
2024-11-26,0.195299,0.190054,0.091792,-0.094458,-0.002503,-0.001476,0.093134,-0.006042,0.001875,-0.004117,-0.090969,-0.00046,0.090659,0.006119,-0.095478,0.096593,-0.098706,-0.010352,-0.003231,1,4,2,3,8,7,10,9,12,6,11,13,5,14,16,15,17
2024-11-27,0.522711,0.512978,0.256194,-0.255601,-0.003904,-0.000313,0.259376,-0.0059,-0.00826,-0.013985,-0.243824,0.003601,0.250047,0.019149,-0.254382,0.249029,-0.263334,-0.017165,-0.00632,4,3,1,2,7,6,10,8,9,11,12,13,5,14,15,16,17
2024-11-29,0.001775,0.001456,-2.1e-05,-0.001604,-0.000975,-0.001029,-0.000275,-0.000614,-0.001797,-0.001516,-0.001506,-0.000964,-0.000252,-0.000953,-0.001403,-0.001211,-0.001445,-0.000696,-0.000953,11,2,3,1,10,8,7,9,4,17,15,5,6,14,12,16,13
2024-12-02,0.173887,0.170779,0.084573,-0.083325,0.000683,0.00258,0.087236,-0.001641,0.001851,-0.001886,-0.07836,0.003307,0.0837,0.008083,-0.083317,0.08811,-0.085777,-0.005367,0.000501,1,4,2,3,7,6,10,9,11,8,12,13,5,14,15,16,17
2024-12-03,0.157061,0.154056,0.083067,-0.073918,0.003688,0.00403,0.081154,0.005206,-0.007062,-0.005953,-0.069024,0.005537,0.079061,0.009527,-0.070976,0.070348,-0.073993,0.001873,0.003153,4,3,2,1,8,6,10,9,7,13,12,11,5,14,15,16,17
2024-12-04,0.033243,0.028253,-0.00954,0.014404,0.001693,0.001296,-0.011561,0.004315,-0.00216,-9.8e-05,0.014349,0.001777,-0.010187,0.000859,0.016393,-0.016851,0.015365,0.00439,0.002215,17,15,16,14,10,8,7,9,6,13,12,5,11,4,1,3,2
2024-12-05,0.615634,0.605547,0.304332,-0.303982,-0.002506,0.004192,0.305588,-0.001205,-0.015429,-0.021389,-0.283351,0.006451,0.29623,0.024335,-0.296462,0.28742,-0.310046,-0.016521,-0.001267,4,3,1,2,7,6,9,10,8,11,13,12,5,14,15,16,17
2024-12-06,0.067497,0.064073,0.032377,-0.033673,-0.002542,-0.000987,0.03042,0.001511,-0.007509,-0.005833,-0.030074,-0.000482,0.030247,0.001265,-0.030383,0.022626,-0.03512,-0.001794,-0.000768,4,3,2,1,9,7,8,11,5,13,12,10,6,14,15,16,17
2024-12-09,0.056098,0.053476,-0.023781,0.026706,0.000875,0.000547,-0.025218,0.00408,-0.000646,0.001495,0.026801,0.000312,-0.024436,-0.000463,0.028262,-0.027837,0.027875,0.004196,0.00185,17,15,16,14,10,11,7,9,6,13,8,5,12,3,1,4,2
2024-12-10,0.023356,0.019382,0.0094,-0.011516,-0.005195,-0.003811,0.008908,0.005089,-0.007475,-0.006058,-0.00764,-0.002469,0.005884,-0.001069,-0.008482,-0.005965,-0.013957,0.00123,-0.001941,11,3,2,1,9,8,7,10,4,13,12,5,6,14,15,16,17
2024-12-11,0.255418,0.247151,0.126253,-0.119912,0.000265,0.004136,0.128813,0.004902,-0.00335,-0.00657,-0.111754,0.007139,0.122301,0.011234,-0.117568,0.114282,-0.126605,-0.003187,0.001883,4,3,1,2,8,6,9,10,7,12,13,11,5,14,15,16,17
2024-12-12,0.313402,0.306174,-0.149689,0.153794,0.002997,-0.001733,-0.154392,0.004502,0.007374,0.010175,0.145857,-0.003497,-0.148708,-0.009051,0.152929,-0.145583,0.159009,0.010257,0.00286,14,15,17,16,11,12,10,9,8,7,6,5,13,4,3,2,1
2024-12-13,0.173212,0.166207,0.082889,-0.084334,-0.003641,-0.00079,0.084373,0.002851,-0.006249,-0.008577,-0.075942,0.002383,0.077963,0.004632,-0.080222,0.069094,-0.08884,-0.004653,-0.001816,4,3,1,2,8,7,9,10,6,12,13,11,5,14,15,16,17
2024-12-16,0.285486,0.276204,0.136471,-0.138841,-0.003285,0.00129,0.13951,0.000128,-0.008332,-0.011508,-0.127337,0.00505,0.132196,0.010046,-0.135619,0.123805,-0.145975,-0.00902,-0.002303,4,3,1,2,7,6,9,10,8,11,13,12,5,14,15,16,17
2024-12-17,0.16342,0.156675,0.079887,-0.076268,-0.000314,0.002443,0.080842,0.004557,-0.002617,-0.005115,-0.06905,0.005321,0.076134,0.008081,-0.074315,0.0683,-0.082578,-0.00283,0.001273,4,3,1,2,8,6,9,10,7,11,13,12,5,14,15,16,17
2024-12-18,0.185347,0.177093,0.087686,-0.08861,-0.002803,0.000138,0.089096,0.003246,-0.005821,-0.008247,-0.07999,0.003718,0.083351,0.00606,-0.086284,0.073612,-0.096251,-0.005212,-0.000833,4,3,1,2,8,6,9,10,7,12,13,11,5,14,15,16,17
2024-12-19,0.465039,0.42918,0.221764,-0.212086,-0.005501,0.002108,0.221969,0.030646,-0.017648,-0.023176,-0.175536,0.020132,0.192445,0.019058,-0.196207,0.15035,-0.24307,-0.010402,0.005092,4,3,1,2,9,6,8,10,5,12,13,11,7,14,15,16,17
2024-12-20,0.16138,0.1523,0.074417,-0.076281,-0.001303,0.001504,0.078417,0.008453,-0.000992,-0.00558,-0.066729,0.004204,0.073128,0.008404,-0.071694,0.062371,-0.082963,-0.002993,0.002515,4,3,1,2,9,7,8,11,5,10,13,12,6,14,15,16,17
2024-12-23,0.050496,0.029044,0.004051,-0.001753,0.002643,0.001411,-0.001126,-0.022322,-0.00315,0.003056,-0.012565,-0.000583,0.006708,-0.005139,-0.011148,0.028174,0.006215,-0.005004,-0.004753,1,2,9,4,7,8,12,6,17,11,5,13,14,16,15,10,3
2024-12-24,0.084612,0.079405,0.03789,-0.037307,0.000812,0.001064,0.037652,-0.007204,-0.002378,-0.001819,-0.038926,0.000688,0.038034,0.000889,-0.040932,0.043679,-0.038752,-0.004063,0.000368,1,2,4,3,5,8,9,7,13,11,10,12,6,16,17,14,15
2024-12-26,0.036571,0.020938,0.003308,0.001137,0.003468,0.002045,0.000358,-0.014754,-0.001114,0.002421,-0.010058,-0.001572,0.004735,-0.003702,-0.00798,0.021817,0.001415,-0.004115,0.002551,1,2,10,4,7,12,5,3,17,11,6,14,13,16,15,9,8
2024-12-27,0.082716,0.080941,0.039339,-0.04034,-0.000925,0.000412,0.040247,-0.001487,-0.002284,-0.003239,-0.038257,0.001106,0.039306,0.002517,-0.041121,0.038482,-0.042469,-0.003168,-0.000728,4,3,1,2,7,6,8,9,10,11,13,12,5,14,16,15,17
2024-12-30,0.106444,0.09734,-0.044654,0.041307,-0.002126,-0.002907,-0.044635,0.009823,0.002207,0.001584,0.048787,0.000225,-0.048945,-0.001485,0.049357,-0.057087,0.043191,0.005455,-0.001474,17,16,14,15,13,9,10,12,5,7,8,6,11,2,1,4,3
2025-01-06,0.275988,0.263745,-0.12755,0.119334,-0.002168,-0.005286,-0.125662,0.014825,0.009151,0.007205,0.127989,-0.003187,-0.133337,-0.007884,0.13515,-0.140838,0.126371,0.012121,-0.001426,17,16,14,15,12,11,9,10,5,7,8,6,13,2,1,4,3
2025-01-07,0.118809,0.116342,-0.055547,0.058954,0.002428,0.000993,-0.056149,0.003544,0.005549,0.006457,0.057315,-0.000182,-0.054858,-0.002124,0.060856,-0.05483,0.06266,0.006409,0.00348,14,15,17,16,11,12,9,10,8,7,5,6,13,4,2,3,1
2025-01-08,0.215016,0.209023,-0.102872,0.099712,-0.000552,-0.0025,-0.103005,0.004685,0.007011,0.007819,0.100468,-0.004181,-0.102454,-0.005699,0.105708,-0.106395,0.108621,0.008935,0.001085,17,14,16,15,11,12,9,10,8,7,6,5,13,3,2,4,1
2025-01-10,0.052968,0.05027,-0.025087,0.02575,0.000899,-9.5e-05,-0.026478,-0.003519,-2.5e-05,0.002353,0.021391,-0.00182,-0.023592,-0.002834,0.023414,-0.019014,0.02649,0.000423,0.002815,14,15,17,16,10,11,5,7,13,9,6,8,12,4,3,2,1
2025-01-14,0.071836,0.055859,-0.020345,0.016655,-0.003758,-0.002864,-0.015183,0.014717,0.005226,0.000725,0.029862,0.001575,-0.023787,6e-06,0.028428,-0.041974,0.02318,0.007794,-0.009931,17,16,14,15,11,8,13,12,5,7,9,6,10,1,2,4,3
2025-01-15,0.54068,0.523351,-0.265002,0.255403,0.002048,-0.005317,-0.265692,-0.006335,0.009222,0.022391,0.240752,-0.016176,-0.255905,-0.019142,0.253065,-0.240808,0.274988,0.013553,0.012422,14,15,17,16,10,12,7,9,11,8,5,6,13,4,3,2,1
2025-01-16,0.302957,0.288036,-0.147197,0.14503,0.004152,-0.001658,-0.146025,-0.011648,-0.001451,0.009053,0.122233,-0.01453,-0.136079,-0.011879,0.134018,-0.110247,0.15576,0.007829,0.012943,14,15,16,17,10,13,5,8,11,9,6,7,12,4,3,2,1
2025-01-17,0.029305,0.018104,0.001794,-0.002923,-0.000414,-0.001946,-0.002828,-0.010005,-0.005318,-0.004562,-0.011861,-0.004989,0.002821,-0.002348,-0.008718,0.017445,-0.001465,-0.001126,0.003461,1,3,10,4,8,13,2,5,16,14,12,6,9,17,15,11,7
2025-01-21,0.112621,0.105413,-0.053154,0.054103,0.001745,-0.000549,-0.05498,-0.007172,-0.00043,0.003013,0.043019,-0.004958,-0.04891,-0.005062,0.047451,-0.036684,0.057641,0.004494,0.007091,14,15,17,16,10,11,5,8,13,9,7,6,12,4,3,2,1
2025-01-22,0.278682,0.269202,0.135519,-0.124922,0.00505,0.003908,0.124139,-0.010367,-0.006487,-0.011807,-0.130323,0.00494,0.131615,0.006746,-0.131972,0.14671,-0.131466,-0.004873,0.006238,1,3,4,2,9,8,6,7,12,11,13,10,5,15,17,14,16
2025-01-23,0.396973,0.38183,0.197762,-0.186226,-8.6e-05,0.00669,0.19581,0.010333,-0.001273,-0.011951,-0.173513,0.015449,0.187212,0.016347,-0.179268,0.175965,-0.199212,-0.007954,-0.009578,4,3,2,1,8,6,12,9,7,10,13,11,5,14,15,16,17
2025-01-24,0.114281,0.106978,0.053686,-0.051718,0.003707,0.002889,0.047749,-0.006312,-0.002023,-0.005382,-0.050882,0.000438,0.049653,0.002856,-0.052909,0.061372,-0.051596,-0.003923,0.003126,1,3,4,2,7,9,6,5,13,10,12,11,8,14,17,16,15
2025-01-27,0.267568,0.258158,0.132596,-0.129205,0.000331,0.003466,0.12788,0.002196,-0.000383,-0.008889,-0.119495,0.008502,0.125507,0.008665,-0.124316,0.122703,-0.134972,-0.007862,-0.004986,4,3,2,1,7,6,11,9,8,10,13,12,5,14,15,16,17
2025-01-28,0.174414,0.168288,0.087313,-0.083687,0.001472,0.002656,0.082119,-0.000228,-0.000207,-0.006045,-0.078621,0.005424,0.082532,0.006002,-0.081522,0.082709,-0.0871,-0.004757,-0.001557,2,3,4,1,7,6,11,8,10,9,13,12,5,14,15,16,17
2025-01-29,0.058804,0.05351,-0.025133,0.025836,-0.001443,-0.000435,-0.021973,0.00491,0.002735,0.004112,0.026742,0.000613,-0.023455,-0.001961,0.027409,-0.031395,0.026397,0.002688,-0.002765,17,15,14,16,10,9,13,11,5,7,6,8,12,2,1,4,3
2025-01-30,0.013418,0.012305,0.006509,-0.006184,-0.000838,-4.8e-05,0.00706,0.001859,0.00036,4.1e-05,-0.004818,0.001183,0.005988,0.000166,-0.004814,0.002651,-0.006358,-2.3e-05,-0.0013,4,3,1,2,11,6,13,12,5,7,9,10,8,15,14,16,17
2025-01-31,0.178216,0.167748,0.082238,-0.080688,0.004286,0.002089,0.074604,-0.008373,-0.004604,-0.009409,-0.081257,0.001065,0.077758,0.007774,-0.083775,0.093116,-0.0851,-0.006542,0.005436,1,3,4,2,8,9,6,7,12,10,13,11,5,15,16,14,17
2025-02-03,0.220418,0.212373,0.11045,-0.106422,-0.002218,0.00217,0.109714,0.0087,0.000544,-0.004995,-0.094764,0.011677,0.103314,0.007525,-0.097251,0.088383,-0.109968,-0.005274,-0.005603,4,3,2,1,8,5,13,10,6,9,11,12,7,14,15,16,17
2025-02-04,0.050338,0.048462,0.025118,-0.024298,-0.000353,0.000424,0.024809,0.001546,4e-06,-0.001318,-0.021893,0.002433,0.023533,0.001795,-0.022407,0.020858,-0.02522,-0.001361,-0.001162,4,3,2,1,8,5,11,10,7,9,12,13,6,14,15,16,17
2025-02-05,0.468438,0.454471,-0.232539,0.228437,0.00245,-0.003272,-0.226176,-0.002188,0.002672,0.017156,0.21342,-0.01747,-0.220914,-0.01672,0.219448,-0.211566,0.235898,0.014343,0.00437,14,15,16,17,11,13,7,9,10,8,5,6,12,4,3,2,1
2025-02-06,0.222581,0.218057,0.110162,-0.107865,0.0002,0.000884,0.10389,-0.004883,-0.003674,-0.011222,-0.105756,0.005152,0.105063,0.008879,-0.108941,0.109719,-0.112419,-0.008652,0.000898,2,3,4,1,8,6,7,9,11,10,13,12,5,14,16,15,17
2025-02-07,0.022933,0.022187,-0.010689,0.01161,0.000695,0.00061,-0.010541,0.000421,0.000794,0.001412,0.01087,-0.000218,-0.010346,-0.000204,0.01113,-0.009246,0.012244,0.001426,0.001101,14,15,16,17,10,13,7,9,11,8,6,5,12,4,3,2,1
2025-02-10,0.08222,0.075824,0.03787,-0.038864,-0.00214,-0.001088,0.0409,0.004747,-0.000491,-0.000897,-0.032424,0.004218,0.036094,0.000822,-0.031775,0.025234,-0.041319,-0.00279,-0.005301,4,3,1,2,10,6,13,11,5,8,9,12,7,15,14,16,17
2025-02-12,0.068491,0.061022,0.027637,-0.028005,0.000677,3.3e-05,0.022166,-0.006446,-0.002669,-0.006116,-0.031404,-0.001738,0.027226,0.002601,-0.033014,0.035477,-0.028306,-0.003898,0.002939,1,3,4,2,8,9,5,7,13,10,12,11,6,16,17,14,15
2025-02-13,0.414922,0.402092,0.207378,-0.196967,0.000124,0.001264,0.203167,0.003789,-0.00352,-0.014574,-0.187662,0.018135,0.200171,0.01684,-0.19105,0.184143,-0.207544,-0.0112,-0.005913,4,3,2,1,8,5,11,9,7,10,13,12,6,14,15,16,17
2025-02-14,0.175062,0.160358,-0.079265,0.09345,0.003948,0.003509,-0.081613,-0.004483,-0.000736,-0.005183,0.071956,-0.0119,-0.074078,0.004912,0.073114,-0.067225,0.079553,0.006237,0.00618,14,15,17,16,9,13,6,8,11,10,12,5,7,4,3,1,2
2025-02-18,0.369873,0.366065,-0.184467,0.183499,-0.002674,-0.000872,-0.173032,0.004294,0.004105,0.008919,0.1738,-0.013379,-0.181067,-0.010651,0.180363,-0.186374,0.182426,0.010151,-0.00173,17,15,14,16,9,13,10,11,7,8,6,5,12,4,3,1,2
2025-02-19,0.293581,0.281729,-0.143902,0.149679,-0.001047,0.000942,-0.138891,-0.004167,-0.002264,-0.002319,0.131987,-0.017202,-0.138758,-0.003605,0.133078,-0.135882,0.14088,0.00715,0.000535,14,15,16,17,6,13,7,8,12,9,10,5,11,4,3,1,2
2025-02-20,0.432652,0.42731,0.215073,-0.215818,0.004819,0.000536,0.205327,-0.002835,-0.004302,-0.01026,-0.208337,0.011929,0.210048,0.009841,-0.207565,0.21538,-0.217272,-0.01281,0.004722,1,3,4,2,9,5,8,7,10,11,12,13,6,15,14,16,17
2025-02-21,0.038068,0.034498,0.016355,-0.021013,-0.002679,-0.001545,0.017055,0.000817,0.001505,0.001391,-0.015425,0.003426,0.015423,-0.001232,-0.015494,0.014134,-0.018154,-0.001662,-0.001941,4,3,1,2,10,5,12,13,8,6,7,11,9,14,15,17,16
2025-02-25,0.614449,0.594352,0.297586,-0.316863,-0.011366,-0.005188,0.292127,0.005152,0.007152,0.000873,-0.282499,0.032816,0.289819,0.011343,-0.280416,0.287748,-0.304162,-0.01967,-0.006592,4,3,2,1,10,5,11,12,8,7,9,13,6,15,14,17,16
2025-02-26,0.102002,0.100501,0.052411,-0.049591,0.00255,0.001597,0.050845,0.001051,0.000739,-0.000439,-0.047529,0.00377,0.049686,0.002756,-0.046559,0.051851,-0.049275,-0.001844,0.002468,2,4,3,1,9,5,8,7,10,11,12,13,6,15,14,17,16
2025-02-27,0.21346,0.211264,-0.108901,0.104558,-0.004687,-0.002274,-0.104895,-0.000357,0.003111,0.00453,0.103025,-0.002397,-0.103821,-0.005792,0.093995,-0.108658,0.103754,0.00406,-0.0048,16,14,15,17,9,10,12,11,8,7,5,6,13,3,4,1,2
2025-02-28,0.790861,0.778089,-0.394638,0.396224,-0.004502,0.000431,-0.381431,0.002086,0.015544,0.019488,0.382355,-0.002525,-0.373954,-0.015645,0.352042,-0.386994,0.392625,0.027151,-0.011179,16,14,15,17,9,10,12,11,8,7,6,5,13,3,4,1,2
2025-03-03,0.02521,0.022386,-0.001642,0.011825,0.011563,0.001885,-0.001152,-0.00791,-0.008763,-0.013385,-0.003504,-0.010582,-0.004304,-0.001158,-0.002818,0.011041,0.01009,0.001251,0.008656,3,13,8,10,6,16,5,2,14,15,17,7,9,12,11,1,4
2025-03-04,0.571969,0.555559,0.279414,-0.292555,-0.006792,0.003618,0.277981,0.005252,-0.006387,-0.002935,-0.261362,0.013358,0.26825,0.013718,-0.248607,0.269035,-0.286332,-0.025047,0.00725,3,4,2,1,9,6,7,12,8,11,10,13,5,15,14,17,16
2025-03-05,0.231856,0.214253,0.103574,-0.128282,-0.008955,-0.003261,0.102126,0.008608,0.007182,0.010396,-0.092221,0.014292,0.102748,0.003341,-0.087195,0.087366,-0.113809,-0.015062,-0.005052,4,2,3,1,10,5,11,12,7,8,6,13,9,15,14,17,16
2025-03-06,0.178105,0.165462,-0.07982,0.098286,0.006882,0.003279,-0.079798,-0.000824,0.001942,-0.007004,0.07552,-0.007107,-0.073519,-0.002912,0.070992,-0.067416,0.089445,0.011741,0.003452,14,15,16,17,8,13,7,6,10,9,12,5,11,3,4,1,2
2025-03-07,0.040052,0.024858,0.003024,-0.018818,-0.006722,-0.002044,0.005608,0.002833,0.005544,0.021235,0.003183,0.011565,0.000531,0.003598,0.002537,-0.009603,-0.007547,-0.000862,-0.007745,16,10,3,7,12,2,15,13,8,4,1,11,5,6,9,17,14
2025-03-10,0.114577,0.111106,0.054749,-0.047082,0.001934,-0.002094,0.054607,-0.003082,-0.008337,-0.019123,-0.058876,-0.008489,0.054843,-0.000113,-0.053192,0.055701,-0.055958,-0.005733,0.007632,1,2,4,3,8,12,5,6,9,11,13,10,7,17,15,14,16
2025-03-11,0.100526,0.080208,0.035156,-0.063435,-0.009906,-0.000809,0.037091,-0.001556,0.000692,0.022832,-0.0288,0.013746,0.026146,0.000241,-0.033763,0.029251,-0.041929,-0.005276,-0.011026,3,4,1,2,9,6,13,12,10,7,5,11,8,14,15,17,16
2025-03-12,0.197657,0.192956,-0.100708,0.082063,-0.007903,0.000177,-0.098828,-0.000868,0.007034,0.019332,0.096949,0.008609,-0.100384,-0.006315,0.085727,-0.097951,0.096273,0.005429,-0.015122,14,16,15,17,9,6,13,12,10,7,5,8,11,1,3,4,2
2025-03-13,0.420121,0.410863,-0.214658,0.202747,-0.004901,-0.004883,-0.211795,-0.003668,0.008074,0.008517,0.195239,-0.0024,-0.202688,-0.014801,0.179871,-0.201727,0.205464,0.013418,-0.016525,14,15,16,17,10,8,13,11,9,7,6,5,12,3,4,2,1
2025-03-14,0.060905,0.051532,0.024659,-0.036183,-0.007497,0.001483,0.024722,-0.000158,-0.000305,0.012426,-0.020001,0.007931,0.018607,0.001411,-0.021395,0.021207,-0.02643,-0.004825,-0.00624,3,4,1,2,7,6,12,13,9,10,5,11,8,14,15,17,16
2025-03-17,0.401037,0.375679,-0.192075,0.208962,0.013235,-0.005664,-0.190993,-2e-05,0.006844,-0.023163,0.170015,-0.019836,-0.170072,-0.014827,0.162525,-0.177628,0.187363,0.017072,0.002172,15,14,16,17,10,12,8,6,9,7,13,5,11,3,4,1,2
2025-03-18,0.14924,0.138097,-0.064895,0.082231,0.011505,-0.000573,-0.067009,0.00301,0.00758,-0.013988,0.062109,-0.013245,-0.055889,-0.008544,0.059803,-0.0638,0.074245,0.010055,0.004727,15,14,17,16,10,12,8,5,9,7,13,6,11,3,4,1,2
2025-03-19,0.279795,0.275142,-0.141404,0.134842,-0.006522,0.000533,-0.140728,-0.000738,0.00732,0.015852,0.135028,0.006546,-0.135034,-0.003731,0.124678,-0.131714,0.138391,0.009054,-0.012326,14,15,16,17,9,8,13,12,10,7,5,6,11,2,4,3,1
2025-03-21,0.225787,0.214065,-0.106061,0.115054,0.006394,-0.002115,-0.110733,-0.000711,0.004418,-0.006146,0.097635,-0.013097,-0.09706,-0.013243,0.093704,-0.1056,0.107111,0.009095,-0.000256,15,14,17,16,10,12,8,6,9,7,11,5,13,3,4,1,2
2025-03-24,0.225929,0.219115,0.108992,-0.113579,-0.002105,0.000528,0.11235,-0.000196,-0.005188,-0.002499,-0.103903,0.003733,0.103737,0.007594,-0.099282,0.106215,-0.112307,-0.010407,0.0036,3,4,1,2,8,6,7,10,9,12,11,13,5,15,14,17,16
2025-03-25,0.298052,0.281754,-0.138297,0.157026,0.012826,-0.00046,-0.139238,0.001341,0.007117,-0.010017,0.129406,-0.019805,-0.121523,-0.017784,0.127138,-0.141025,0.14027,0.013348,0.004302,17,14,16,15,10,13,8,6,9,7,11,5,12,3,4,1,2
2025-03-26,0.47461,0.462291,-0.232948,0.23329,-0.002409,-0.002426,-0.24132,-0.002019,0.010576,0.012215,0.220988,-0.000877,-0.225761,-0.011994,0.208439,-0.224639,0.232567,0.018967,-0.014893,14,15,17,16,11,8,13,10,9,7,6,5,12,3,4,1,2
2025-03-27,0.024876,0.023956,-0.010966,0.012356,0.000537,0.00101,-0.011691,0.000936,0.001628,0.002547,0.012574,0.00178,-0.011095,0.000909,0.011761,-0.010294,0.013185,0.002032,-0.000443,14,16,17,15,9,7,13,12,10,8,5,6,11,2,4,3,1
2025-03-28,0.269702,0.260677,0.131784,-0.133394,7e-05,0.001602,0.136308,0.001537,-0.005631,-0.004247,-0.124012,0.002831,0.12688,0.009249,-0.116703,0.12728,-0.129254,-0.010739,0.006145,3,4,1,2,8,7,6,10,9,12,11,13,5,15,14,17,16
2025-03-31,0.285388,0.269803,0.13433,-0.150717,-0.009696,0.000818,0.134672,-0.001627,-0.007325,0.00754,-0.127702,0.012382,0.123282,0.018511,-0.120204,0.132861,-0.129128,-0.009199,-0.009469,3,4,1,2,8,6,12,13,9,10,7,11,5,15,14,17,16
2025-04-01,0.029996,0.027458,0.00268,0.003171,0.005157,-5e-05,0.013079,0.007687,0.003196,-0.010807,-0.007657,-0.012336,0.017659,-0.006181,-0.006195,0.001376,-0.011319,0.002004,0.017174,10,1,3,8,11,17,2,5,4,6,15,9,12,14,13,7,16
2025-04-02,0.293346,0.286205,-0.146377,0.144462,-0.001188,-0.001249,-0.148885,0.000885,0.007568,0.00525,0.137325,-0.001166,-0.141778,-0.008169,0.129137,-0.141073,0.139788,0.008868,-0.004495,14,15,17,16,11,9,12,10,8,6,7,5,13,3,4,1,2
2025-04-03,0.089931,0.083351,-0.045039,0.044892,0.002164,-0.00078,-0.039526,0.006534,0.004167,-0.003961,0.038195,-0.007394,-0.031813,-0.005644,0.03783,-0.043239,0.039162,0.003887,0.006039,16,14,15,17,10,13,6,9,5,7,11,8,12,3,4,1,2
2025-04-04,1.734386,1.690776,0.882805,-0.851581,0.000693,-0.000721,0.860694,-0.05997,-0.055833,-0.016346,-0.80949,0.03773,0.792601,0.069887,-0.765577,0.841687,-0.826071,-0.059527,-0.002461,3,4,2,1,8,6,9,7,13,11,10,12,5,15,14,17,16
2025-04-07,0.133021,0.127677,0.067123,-0.059246,-0.022263,-0.002625,0.03251,-0.065898,-0.026215,0.029119,-0.022969,0.06189,0.008167,0.067109,0.013494,0.055356,-0.061765,-0.029871,-0.034559,4,8,5,1,9,3,14,10,17,12,6,13,2,11,7,15,16
2025-04-08,0.089102,0.085137,0.043952,-0.044417,-0.003499,-0.005291,0.043914,-0.011577,-0.008861,0.008178,-0.035652,0.006877,0.036099,0.010508,-0.028326,0.042325,-0.04515,-0.008878,0.010534,3,4,2,1,10,8,5,9,13,11,7,12,6,15,14,16,17
2025-04-09,0.209441,0.201255,0.102089,-0.102447,-0.009395,-0.008697,0.102254,-0.025896,-0.017237,0.01065,-0.092232,0.008528,0.088779,0.015322,-0.080252,0.097555,-0.107187,-0.014696,0.015805,3,4,1,2,9,8,5,10,13,12,7,11,6,15,14,16,17
2025-04-10,0.374911,0.343263,-0.18782,0.187091,0.046331,0.017038,-0.15374,0.092764,0.031348,-0.053001,0.145355,-0.053771,-0.119657,-0.053661,0.102325,-0.176813,0.178971,0.019662,-0.04904,16,14,15,17,9,13,10,6,5,7,11,8,12,3,4,1,2
2025-04-11,0.407654,0.383048,0.195578,-0.184219,-0.015296,-0.003188,0.210886,-0.030552,-0.015144,0.007359,-0.178715,0.01018,0.175794,0.01194,-0.169115,0.18298,-0.196768,-0.001016,0.018696,3,4,1,2,10,7,5,12,13,11,8,9,6,15,14,16,17
2025-04-14,0.106926,0.095759,-0.05032,0.04516,0.006854,0.000143,-0.053024,0.014386,0.006767,-0.005069,0.038561,-0.006946,-0.03522,-0.004168,0.039786,-0.045085,0.053903,-2.5e-05,-0.005719,15,14,17,16,8,13,12,6,5,7,11,9,10,4,3,2,1
2025-04-15,0.155186,0.145488,0.068553,-0.069292,0.010761,-0.000995,0.070258,0.006016,0.002655,-0.003911,-0.073331,-0.003588,0.081855,0.002398,-0.069232,0.072497,-0.065191,-0.002971,0.001709,2,1,3,4,10,12,9,5,6,7,13,11,8,17,15,16,14
2025-04-16,0.127807,0.126144,-0.062611,0.061423,-0.001384,0.000268,-0.064905,0.001318,0.000923,0.00108,0.061685,0.000987,-0.06596,-0.002207,0.059537,-0.062296,0.061846,0.00231,-0.002326,14,17,16,15,10,8,13,11,6,9,7,5,12,2,4,3,1
2025-04-17,0.35677,0.346271,-0.167666,0.168688,-0.00507,0.002269,-0.174073,0.002541,0.002747,0.006932,0.172702,0.007232,-0.184068,-0.004385,0.16536,-0.170549,0.168733,0.008285,-0.003542,15,17,16,14,10,6,11,13,9,8,7,5,12,1,4,3,2
2025-04-21,0.098178,0.091618,-0.046316,0.04529,0.00712,0.001836,-0.04837,0.009001,0.006141,-0.000578,0.041836,-0.001495,-0.036803,-0.001358,0.041742,-0.043236,0.049809,0.001138,-0.003118,15,14,17,16,8,12,13,6,5,7,10,9,11,3,4,2,1
2025-04-22,0.128878,0.111878,-0.047407,0.051533,-0.011482,0.000529,-0.048595,-0.009392,-0.005386,0.006549,0.058667,0.008613,-0.070211,-0.000544,0.054489,-0.052141,0.045983,0.005759,0.003534,16,17,15,14,9,5,8,13,12,11,6,7,10,1,2,3,4
2025-04-23,0.031197,0.028466,-0.014361,0.008418,0.014444,0.00056,-0.014745,0.01597,0.009388,-0.006188,-0.001005,-0.008477,0.0102,-0.002014,0.00115,-0.009428,0.016452,-0.004216,-0.007737,15,4,17,16,8,14,13,3,2,5,12,11,10,9,7,6,1
2025-04-24,0.052333,0.044281,0.01753,-0.021383,0.002792,-0.001543,0.018566,0.002072,0.000583,-0.004392,-0.025148,-0.004842,0.027185,-0.00121,-0.022145,0.018416,-0.020134,-0.003958,-0.002755,3,1,2,4,9,13,10,5,6,7,12,11,8,17,16,15,14
2025-04-25,0.149445,0.141665,-0.074519,0.065807,0.004991,-0.001352,-0.07813,0.009215,0.004529,-0.005098,0.061456,-0.006221,-0.063266,-0.005819,0.061636,-0.073589,0.071315,-0.003012,-0.009165,15,14,17,16,8,12,13,6,5,7,10,9,11,4,3,2,1
2025-04-28,0.134139,0.132204,0.064604,-0.065005,-0.000604,-0.00192,0.066614,-0.003895,-0.003455,-0.003346,-0.066249,-0.003163,0.067572,0.001833,-0.063191,0.064346,-0.066567,-0.004156,0.001601,4,1,2,3,8,9,6,7,12,11,10,13,5,16,14,15,17
2025-04-30,0.081611,0.078984,-0.040444,0.037837,0.002028,0.000702,-0.041387,0.004551,0.003185,-3.2e-05,0.037095,-0.000692,-0.036813,-0.002743,0.036302,-0.039967,0.040224,0.000961,-0.003518,15,14,17,16,9,11,13,7,5,6,10,8,12,3,4,2,1
2025-05-01,0.174156,0.171814,0.085724,-0.082976,0.000385,-0.000789,0.088385,-0.003763,-0.003055,-0.002417,-0.084201,-0.002227,0.088782,0.003558,-0.080544,0.08545,-0.085374,-0.003638,0.003632,4,1,2,3,8,9,5,7,13,11,10,12,6,16,14,15,17
2025-05-02,0.297231,0.292701,-0.146286,0.141849,0.000404,0.001877,-0.150981,0.008159,0.006366,0.004263,0.143191,0.003189,-0.149546,-0.005439,0.137331,-0.145391,0.14625,0.005834,-0.006412,14,16,17,15,10,9,13,11,5,6,8,7,12,2,4,3,1
2025-05-07,0.108688,0.102364,-0.054268,0.047424,0.007288,0.001375,-0.054791,0.011892,0.007259,-0.003191,0.043379,-0.004751,-0.039003,-0.006555,0.044816,-0.051897,0.053897,-0.000449,-0.008884,15,14,17,16,8,11,13,6,5,7,10,9,12,4,3,2,1
2025-05-08,0.147993,0.145351,0.071564,-0.070477,0.001234,-0.000564,0.074194,-0.002313,-0.00232,-0.002894,-0.071824,-0.002551,0.076105,0.001672,-0.068528,0.071273,-0.071888,-0.003421,0.001924,4,1,2,3,8,11,5,7,9,10,12,13,6,16,14,15,17
2025-05-09,0.31718,0.309627,-0.156983,0.149247,0.001287,0.001113,-0.16181,0.01001,0.007223,0.001862,0.149154,0.000878,-0.156317,-0.007509,0.144161,-0.155119,0.15537,0.004436,-0.009245,14,15,17,16,10,11,13,9,5,6,8,7,12,3,4,2,1
2025-05-12,0.2723,0.267187,-0.133601,0.12912,0.00058,0.001522,-0.138566,0.00802,0.006079,0.003553,0.130094,0.00271,-0.136445,-0.005171,0.125116,-0.132023,0.133734,0.00512,-0.006003,14,16,17,15,10,9,13,11,5,6,8,7,12,2,4,3,1
2025-05-13,0.06015,0.05382,-0.033517,0.020754,0.007645,-0.00071,-0.031675,0.010463,0.004698,-0.00743,0.015175,-0.008906,-0.012922,-0.009233,0.018374,-0.030506,0.026633,-0.005285,-0.012578,15,14,16,17,8,11,13,6,5,7,10,9,12,4,3,2,1
2025-05-14,0.309309,0.303423,-0.151879,0.145968,-0.000832,0.000475,-0.159045,0.00648,0.004312,0.003007,0.146841,0.002003,-0.156272,-0.006268,0.14121,-0.150006,0.150264,0.004942,-0.007763,14,16,17,15,10,9,13,11,5,7,8,6,12,2,4,3,1
2025-05-15,0.111138,0.105973,-0.05138,0.0506,-0.003432,-0.000118,-0.053233,-9.8e-05,7.8e-05,0.002305,0.052732,0.002813,-0.058406,-0.000726,0.049654,-0.051603,0.051344,0.002377,-0.000902,15,17,16,14,10,5,12,13,9,8,7,6,11,1,4,3,2
2025-05-16,0.285835,0.275806,0.137288,-0.130241,0.009097,0.001499,0.140407,0.001053,-0.000618,-0.004855,-0.135545,-0.005175,0.15029,0.004933,-0.127344,0.135467,-0.133647,-0.005133,0.004872,4,1,2,3,8,13,7,5,9,10,11,12,6,17,14,15,16
2025-05-19,0.257611,0.249283,0.12388,-0.118556,0.007442,0.000353,0.125794,-0.001303,-0.001832,-0.005267,-0.123406,-0.005952,0.134205,0.004723,-0.115568,0.122166,-0.122008,-0.005987,0.003559,4,1,2,3,8,12,7,5,9,10,11,13,6,17,14,15,16
2025-05-20,0.181956,0.17864,0.090347,-0.085496,0.001553,-0.000968,0.092523,-0.004538,-0.003201,-0.002551,-0.087109,-0.001949,0.091012,0.004336,-0.082954,0.088408,-0.089432,-0.003533,0.004751,4,2,1,3,8,9,5,7,13,11,10,12,6,16,14,15,17
2025-05-21,0.206758,0.200349,0.102115,-0.096034,-0.000669,-0.001839,0.105482,-0.007284,-0.004701,-0.002121,-0.09674,-0.001081,0.099355,0.004984,-0.092894,0.099401,-0.101276,-0.003637,0.007139,3,4,1,2,9,8,5,7,13,12,10,11,6,16,14,15,17
2025-05-22,0.080246,0.064541,-0.026608,0.027601,-0.012097,-0.001677,-0.024515,-0.008802,-0.005468,0.004646,0.03487,0.006046,-0.045376,-0.000434,0.02899,-0.030177,0.025614,0.003206,0.00536,16,17,14,15,10,5,6,13,12,11,7,8,9,1,2,3,4
2025-05-23,0.192012,0.188649,-0.095019,0.089898,-0.00311,0.000788,-0.097056,0.003594,0.002188,0.003341,0.091959,0.001963,-0.098371,-0.004794,0.087706,-0.094279,0.093641,0.003301,-0.004823,14,17,16,15,10,9,13,11,5,8,6,7,12,2,4,3,1
2025-05-27,0.109585,0.106964,0.055059,-0.050334,0.001198,-4e-06,0.05654,-0.002629,-0.001371,-0.000769,-0.051007,1.4e-05,0.054907,0.00362,-0.048971,0.054076,-0.053045,-0.001082,0.004177,4,3,1,2,9,8,5,7,13,12,10,11,6,16,14,15,17
2025-05-28,0.033162,0.026332,-0.015445,0.00956,0.008449,0.001064,-0.019064,0.009341,0.005369,-0.003984,0.00609,-0.004471,-0.000321,-0.002561,0.008824,-0.011489,0.014098,-0.001726,-0.007429,15,9,17,16,8,13,14,5,3,7,12,10,11,6,4,2,1
2025-05-29,0.066951,0.061323,-0.029179,0.028828,-0.004461,-0.000415,-0.028688,-0.002503,-0.001379,0.002323,0.030988,0.002129,-0.035963,-0.000942,0.028442,-0.030205,0.028808,0.001493,0.000504,16,17,14,15,9,6,8,13,12,11,5,7,10,1,4,2,3
2025-05-30,0.015223,0.012389,0.005417,-0.004987,0.002844,0.000852,0.004756,0.002525,0.001689,-0.000488,-0.006016,-0.000498,0.009207,0.000409,-0.005329,0.006212,-0.004429,1e-06,-0.000465,2,1,4,3,8,13,11,5,6,7,12,10,9,17,16,15,14
2025-06-02,0.221566,0.21793,0.110564,-0.103749,0.003032,-0.000919,0.112824,-0.0054,-0.002873,-0.002713,-0.105517,-0.001097,0.112395,0.005764,-0.102365,0.109514,-0.108742,-0.003586,0.006263,4,2,1,3,8,9,5,7,13,11,10,12,6,16,14,15,17
2025-06-03,0.053916,0.051414,-0.026822,0.02404,0.00109,0.000324,-0.027963,0.003175,0.001669,-0.000408,0.023721,-0.00082,-0.02394,-0.001973,0.02324,-0.025744,0.025953,0.00026,-0.002817,15,14,17,16,8,11,13,7,5,6,10,9,12,3,4,2,1
2025-06-04,0.028467,0.026235,-0.014542,0.011304,0.001259,-0.000107,-0.015527,0.002544,0.001145,-0.001092,0.010925,-0.00142,-0.010931,-0.001665,0.010944,-0.013448,0.01294,-0.000636,-0.002739,15,14,17,16,8,11,13,6,5,7,10,9,12,4,3,2,1
2025-06-05,0.124271,0.121091,-0.061181,0.057452,-0.003684,-0.000703,-0.061552,0.000405,-0.000362,0.001126,0.058818,0.000612,-0.064992,-0.003876,0.056239,-0.060764,0.059278,0.001469,-0.002841,14,17,16,15,10,7,11,12,8,9,6,5,13,2,4,3,1
2025-06-06,0.081108,0.077245,-0.0375,0.037643,-0.003042,6.4e-05,-0.037509,-0.00046,-0.000198,0.001769,0.038833,0.001882,-0.042275,-0.001792,0.036835,-0.037438,0.037974,0.00183,-0.000213,14,17,16,15,8,5,10,13,11,9,7,6,12,1,4,3,2
2025-06-09,0.033551,0.029645,-0.016547,0.012184,0.004392,0.000552,-0.018263,0.005706,0.002781,-0.00115,0.011069,-0.002329,-0.00895,-0.001184,0.011758,-0.014895,0.015288,-0.000526,-0.004147,15,14,17,16,8,12,13,6,5,7,10,9,11,4,3,2,1
2025-06-10,0.080289,0.079144,-0.040465,0.037549,-0.00158,-0.000286,-0.040899,0.00147,0.000367,0.000282,0.03823,9.4e-05,-0.041212,-0.002676,0.03676,-0.039901,0.039076,0.000816,-0.00227,14,17,16,15,10,9,12,11,5,7,8,6,13,2,4,3,1
2025-06-11,0.043601,0.039741,-0.021761,0.017208,0.00314,0.000376,-0.02331,0.004656,0.002211,-0.000523,0.016934,-0.001735,-0.016295,-0.001651,0.016673,-0.019719,0.020291,-0.000304,-0.004193,15,14,17,16,8,12,13,6,5,7,10,9,11,3,4,2,1
2025-06-12,0.010631,0.009248,0.005188,-0.00383,-0.001508,-0.000302,0.005821,-0.0019,-0.000876,0.000309,-0.003533,0.00071,0.003012,0.000335,-0.003555,0.004539,-0.00481,0.000255,0.001461,3,4,1,2,10,6,5,12,13,11,8,9,7,14,15,16,17
2025-06-13,0.212386,0.209418,0.106113,-0.100349,0.002891,-0.000396,0.107136,-0.00512,-0.002176,-0.001754,-0.10227,-0.001498,0.107941,0.006076,-0.098197,0.104528,-0.104445,-0.003334,0.0049,4,1,2,3,8,9,6,7,13,11,10,12,5,16,14,15,17
2025-06-16,0.120892,0.114166,-0.055436,0.054933,-0.006154,-0.000769,-0.054066,-0.002443,-0.001304,0.00175,0.057532,0.003196,-0.06336,-0.003148,0.054603,-0.056308,0.05493,0.003,0.001452,16,17,14,15,9,5,8,13,11,10,7,6,12,1,4,2,3
2025-06-17,0.095673,0.091674,-0.047926,0.042711,0.001203,0.000306,-0.049513,0.004972,0.002016,-0.000263,0.04277,-0.001276,-0.04457,-0.003159,0.041343,-0.045942,0.046161,0.000357,-0.005137,15,14,17,16,9,11,13,7,5,6,10,8,12,2,4,3,1
2025-06-18,0.260973,0.255677,-0.127343,0.124375,-0.005798,0.000369,-0.126855,0.003714,0.001952,0.003617,0.127046,0.004092,-0.133765,-0.006847,0.121238,-0.127293,0.127208,0.005706,-0.002283,15,17,14,16,10,6,11,12,7,9,8,5,13,2,4,3,1
2025-06-20,0.049604,0.047957,0.024886,-0.022672,-0.000191,-0.000185,0.025437,-0.002158,-0.000869,4e-06,-0.02279,0.000137,0.02392,0.001419,-0.021982,0.02386,-0.024167,-0.000401,0.002219,4,3,1,2,9,7,5,10,13,12,8,11,6,16,14,15,17
2025-06-23,0.026655,0.026186,0.014168,-0.011852,0.000831,0.000575,0.014162,-0.000183,0.00028,0.000484,-0.012023,0.000601,0.013865,0.001439,-0.011442,0.013745,-0.012487,0.000381,0.001577,4,3,2,1,9,8,5,7,13,12,10,11,6,16,14,15,17
2025-06-24,0.179248,0.176104,0.089014,-0.084862,0.007144,0.001116,0.084231,0.001003,0.000945,-0.002659,-0.087103,-0.002121,0.092145,0.006428,-0.082431,0.090151,-0.085036,-0.002444,0.000998,2,1,4,3,7,11,9,5,8,10,13,12,6,17,14,15,16
2025-06-25,0.087022,0.084842,0.041532,-0.041809,0.003574,-0.000357,0.038882,0.000428,-0.000165,-0.002508,-0.043328,-0.0024,0.043694,0.002382,-0.041049,0.042855,-0.041309,-0.00233,-0.001335,2,1,4,3,9,12,10,5,7,8,13,11,6,17,14,16,15
2025-06-26,0.062977,0.054933,0.02729,-0.026017,-0.007338,-0.003527,0.031245,-0.009513,-0.005761,-0.001074,-0.025374,-0.000407,0.021658,-0.001404,-0.025092,0.023141,-0.031732,-0.001748,0.006773,3,4,1,2,10,6,5,12,13,11,7,9,8,15,14,16,17
2025-06-27,0.051741,0.046527,-0.024641,0.020864,0.002909,0.000715,-0.027155,0.004768,0.002261,-0.000663,0.020475,-0.001139,-0.021115,-0.000831,0.020219,-0.021859,0.024585,-0.000155,-0.005752,15,14,17,16,8,12,13,6,5,7,10,9,11,3,4,2,1
2025-06-30,0.007112,0.006135,0.002106,-0.002721,0.002441,0.000662,0.000447,0.002224,0.001317,-0.000263,-0.003131,-0.000521,0.003981,0.000837,-0.002582,0.003551,-0.001166,-0.000172,-0.002205,2,1,9,5,8,12,14,3,4,6,11,10,7,17,15,16,13
2025-07-01,0.112367,0.111824,0.056584,-0.054399,0.003068,-0.000126,0.054803,-0.001219,-0.000345,-0.001487,-0.055261,-0.001173,0.057091,0.003753,-0.052673,0.056861,-0.055276,-0.002006,0.000755,2,1,4,3,8,10,7,6,11,9,12,13,5,16,14,15,17
2025-07-02,0.045488,0.039833,-0.020248,0.018307,0.00404,0.001494,-0.023279,0.005321,0.003101,-6e-06,0.017917,-0.000529,-0.016606,0.000207,0.017875,-0.01754,0.022208,0.000578,-0.005517,15,14,17,16,8,12,13,6,5,7,11,9,10,3,4,2,1
2025-07-03,0.292355,0.286518,-0.147512,0.137256,-0.001902,0.001576,-0.147541,0.009969,0.004879,0.00274,0.138977,0.000568,-0.143353,-0.008725,0.133366,-0.143455,0.144814,0.004437,-0.010137,15,14,17,16,9,10,13,11,5,6,8,7,12,2,4,3,1
2025-07-07,0.048585,0.04717,0.023601,-0.02287,0.002718,0.00021,0.021503,0.00045,0.00041,-0.000948,-0.023519,-0.000703,0.025065,0.001983,-0.022149,0.024219,-0.022235,-0.001058,-0.001317,2,1,4,3,9,10,13,5,7,8,11,12,6,17,14,16,15
2025-07-08,0.149264,0.14044,0.072808,-0.065682,-0.003678,-0.000929,0.076974,-0.007939,-0.004411,0.000978,-0.064863,0.001992,0.066062,0.003119,-0.06381,0.068706,-0.07229,-0.000769,0.010758,3,4,1,2,10,7,5,11,13,12,8,9,6,15,14,16,17
2025-07-09,0.272973,0.269461,-0.139833,0.129886,-0.005585,-0.000478,-0.137547,0.004302,0.002213,-0.00035,0.130217,-0.001092,-0.135537,-0.007866,0.12712,-0.13776,0.13314,0.002495,-0.007507,16,14,15,17,9,10,12,11,5,7,8,6,13,2,4,3,1
2025-07-10,0.070075,0.069193,0.035886,-0.033452,0.001311,-6.8e-05,0.035253,-0.001297,-0.000931,-0.0005,-0.033664,9.3e-05,0.034502,0.001649,-0.032846,0.035134,-0.034189,-0.000747,0.001317,3,4,2,1,9,8,6,7,13,12,10,11,5,16,14,15,17
2025-07-11,0.01792,0.016806,0.008873,-0.0078,0.002855,0.000551,0.007396,0.001209,0.000574,0.00025,-0.006939,0.000383,0.01012,0.003093,-0.005987,0.00934,-0.007344,-0.000569,0.000737,2,1,4,3,10,11,8,6,7,9,12,13,5,15,14,17,16
2025-07-14,0.027712,0.023736,-0.009906,0.01277,-0.005471,0.001037,-0.003758,-0.001801,0.000442,0.001927,0.010381,0.001677,-0.014942,-0.006035,0.007074,-0.011713,0.011498,0.005049,0.00129,16,17,12,15,9,7,8,13,11,10,6,5,14,3,4,1,2
2025-07-15,0.06092,0.059629,0.032491,-0.026801,0.003506,0.001295,0.031789,-4e-06,7e-06,0.000386,-0.027278,0.001567,0.031913,0.003599,-0.026154,0.031975,-0.02843,0.000337,0.003009,2,3,4,1,9,8,7,6,13,12,10,11,5,16,14,15,17
2025-07-16,0.375974,0.361326,0.198695,-0.149973,-0.002297,-0.009966,0.200162,-0.016254,-0.034306,-0.016546,-0.175812,-0.001294,0.165996,0.010153,-0.165934,0.180667,-0.162708,-0.018908,0.029105,3,4,1,2,9,7,5,8,10,13,11,12,6,17,16,14,15
2025-07-17,0.117684,0.114359,0.057803,-0.055444,8e-06,-0.001241,0.05461,-0.005963,-0.005817,-0.004268,-0.05653,-0.002852,0.056653,0.003042,-0.052393,0.056767,-0.05988,-0.003956,0.003103,2,3,4,1,8,9,5,7,13,12,11,10,6,16,14,15,17
2025-07-18,0.058827,0.055148,-0.030258,0.021434,-0.000647,0.002789,-0.030744,0.003984,0.005598,0.00188,0.028083,0.00148,-0.024264,-0.001306,0.026119,-0.027361,0.02288,0.004532,-0.004343,15,14,17,16,8,10,13,11,7,5,9,6,12,1,2,4,3
2025-07-22,0.163533,0.158329,0.084157,-0.072187,0.003744,-0.004303,0.08126,-0.008219,-0.010066,-0.00473,-0.079376,-0.00176,0.075474,0.004614,-0.073763,0.079338,-0.077094,-0.007412,0.008073,3,4,2,1,9,8,5,7,12,13,10,11,6,17,15,14,16
2025-07-23,0.019612,0.015201,-0.010108,-0.005982,-0.001723,-0.000543,-0.014762,0.002478,0.001303,-0.002352,0.00485,-0.000179,-0.00543,-0.002145,0.004823,-0.008239,-0.005827,0.002822,-0.004962,15,12,17,16,7,6,11,8,4,5,10,3,9,1,2,14,13
2025-07-24,0.168801,0.162823,-0.087684,0.067442,-0.003304,0.00502,-0.087206,0.011627,0.012386,0.004759,0.081117,0.001676,-0.075111,-0.005269,0.077643,-0.081043,0.073779,0.009536,-0.009601,15,14,16,17,8,10,13,11,6,5,9,7,12,1,2,4,3
2025-07-25,0.034124,0.025287,0.014168,-0.001212,-0.000481,-0.000543,0.019419,-0.00404,-0.00254,0.001139,-0.011993,-7e-05,0.007834,-0.000803,-0.014705,0.010822,-0.004754,-0.003466,0.00167,3,4,1,2,9,7,5,8,14,12,6,13,10,16,17,11,15
2025-07-28,0.033384,0.031472,-0.018286,0.01095,-0.001495,-0.000697,-0.018901,0.001252,0.000138,-0.000511,0.014484,-0.001013,-0.015746,-0.001943,0.013686,-0.016211,0.012846,0.000783,-0.002833,15,14,17,16,9,10,13,11,5,7,8,6,12,1,2,4,3
2025-07-29,0.033317,0.025209,-0.001984,0.025329,-0.001326,0.004414,0.007005,-0.004984,0.003057,0.002719,0.009615,0.000371,-0.007294,0.000425,0.009863,-0.007989,0.020169,-0.003079,0.004041,17,16,5,13,6,11,7,12,15,8,9,14,10,4,3,1,2
2025-07-30,0.06003,0.056438,0.027709,-0.025744,-0.001658,-0.002192,0.030244,-0.005157,-0.003344,-0.002398,-0.029786,-0.002239,0.024878,-0.003006,-0.028544,0.024203,-0.028154,-0.003561,-0.000884,4,3,1,2,7,8,5,6,13,11,9,12,10,17,16,14,15
2025-07-31,0.615179,0.593387,0.312025,-0.269396,0.009023,-0.006032,0.320328,-0.02583,-0.018542,-0.007015,-0.294851,0.000146,0.284908,-0.001772,-0.281328,0.283449,-0.28672,-0.013105,0.013061,4,3,1,2,9,7,5,6,13,12,10,11,8,17,15,14,16
2025-08-01,0.079047,0.065226,0.034014,-0.015236,-0.00293,0.001775,0.047304,-0.009649,0.002516,0.000508,-0.031743,-0.00317,0.029075,-0.005421,-0.029618,0.025005,-0.023925,-0.003658,0.001506,4,3,1,2,6,10,7,9,13,5,8,11,12,17,16,14,15
2025-08-04,0.644636,0.619669,0.321842,-0.277229,0.001747,-0.011569,0.332787,-0.040518,-0.015275,-0.009602,-0.311849,-0.013161,0.289832,0.00078,-0.298984,0.290518,-0.303028,-0.024253,0.009489,3,4,1,2,9,10,5,6,13,11,8,12,7,17,15,14,16
2025-08-05,0.365751,0.356234,0.182736,-0.1804,0.013918,-0.007772,0.16012,-0.001521,-0.015815,-0.006421,-0.17248,0.00484,0.171795,0.013232,-0.165282,0.178277,-0.183015,-0.006386,0.013715,2,3,4,1,12,8,6,5,9,13,11,10,7,15,14,16,17
2025-08-06,0.407482,0.396402,-0.208398,0.191255,-0.014157,0.0097,-0.191935,0.00997,0.013829,0.008763,0.199084,-0.001776,-0.194747,-0.011869,0.183539,-0.197035,0.198688,0.008276,-0.022157,16,15,14,17,7,10,13,12,6,5,8,9,11,1,4,3,2
2025-08-07,0.331698,0.319517,0.168738,-0.149,0.009466,-0.008101,0.159749,-0.013021,-0.011468,-0.007714,-0.162959,5.1e-05,0.15537,0.00728,-0.150202,0.157941,-0.15896,-0.008842,0.017652,3,4,2,1,10,8,5,6,13,12,9,11,7,17,15,14,16
2025-08-08,0.286219,0.275211,0.143715,-0.127855,0.007003,-0.008473,0.136349,-0.014559,-0.011142,-0.006925,-0.142504,-0.001831,0.131213,0.004001,-0.130446,0.134284,-0.138335,-0.009924,0.013395,3,4,2,1,10,8,5,6,13,12,9,11,7,17,15,14,16
2025-08-12,0.019755,0.017175,-0.007745,0.005322,0.001107,0.000935,-0.00962,0.004262,0.001237,0.001219,0.010136,0.001254,-0.006808,0.001684,0.00931,-0.006053,0.007907,0.002305,0.000569,14,15,17,16,12,8,13,11,5,9,10,6,7,1,2,4,3
2025-08-13,0.098515,0.087876,-0.0424,0.026306,-0.001153,-0.001287,-0.040176,0.015759,0.003809,0.000133,0.051848,0.007021,-0.046667,0.003129,0.045243,-0.040636,0.036834,0.003424,4e-05,15,17,14,16,13,6,11,12,5,7,10,8,9,1,2,4,3
2025-08-14,0.382732,0.365384,-0.192103,0.16453,-0.009067,-0.000833,-0.180532,0.019867,0.013258,0.004288,0.190629,0.002223,-0.182241,-0.009222,0.174238,-0.180889,0.176052,0.008519,-0.01277,15,16,14,17,10,9,13,11,5,6,8,7,12,1,3,4,2
2025-08-15,0.119777,0.112343,-0.056072,0.063677,-0.000781,0.005566,-0.053304,-0.000822,0.004253,0.00397,0.051731,-0.003132,-0.050198,-0.001718,0.051045,-0.0561,0.056145,0.000995,-0.003962,17,14,15,16,5,12,13,9,10,6,7,8,11,3,4,1,2
2025-08-18,0.114695,0.10981,0.05664,-0.052607,0.000705,-0.001738,0.053019,-0.006704,-0.005103,-0.00311,-0.058054,-0.001666,0.053272,0.000745,-0.053903,0.053447,-0.054113,-0.003324,0.002413,2,3,4,1,9,8,5,7,13,12,10,11,6,17,15,14,16
2025-08-19,0.136924,0.129413,0.069164,-0.056587,0.003278,0.001398,0.064355,-0.007934,-0.004049,-0.001475,-0.06776,-0.001287,0.064733,0.003684,-0.061516,0.064357,-0.060709,-0.002311,0.00437,3,2,4,1,8,9,5,7,13,12,10,11,6,17,16,14,15
2025-08-20,0.187331,0.178966,-0.097776,0.0793,-0.006356,-0.003883,-0.091006,0.005758,0.002356,-0.000613,0.089555,-0.003726,-0.090979,-0.007541,0.082508,-0.09265,0.083403,-0.000751,-0.008356,16,14,15,17,10,9,13,11,5,6,7,8,12,1,3,4,2
2025-08-21,0.149141,0.145165,-0.076696,0.070468,-0.002333,0.000697,-0.071964,0.003839,0.003592,0.001375,0.072445,-0.002222,-0.0718,-0.002912,0.069109,-0.07349,0.070431,0.00124,-0.005505,16,14,15,17,9,10,13,11,5,6,7,8,12,1,4,2,3
2025-08-22,0.432518,0.422936,-0.219257,0.213261,-0.004623,0.008555,-0.207278,0.005951,0.012785,0.006986,0.210357,-0.002133,-0.206233,-0.004949,0.200654,-0.211446,0.20721,0.008072,-0.015272,16,14,15,17,6,10,13,11,9,5,8,7,12,2,4,1,3
2025-08-25,0.659222,0.626954,-0.333306,0.283799,-0.010011,-0.000557,-0.304166,0.039232,0.023882,0.013083,0.325916,-0.00127,-0.302301,-0.019153,0.305135,-0.310794,0.301545,0.007057,-0.017496,16,14,15,17,9,10,12,11,5,6,7,8,13,1,2,4,3
2025-08-26,0.567428,0.554242,-0.285014,0.282414,-0.006857,0.018099,-0.275567,0.003983,0.020227,0.009215,0.273587,-0.00415,-0.265936,-0.006683,0.26228,-0.276201,0.269942,0.01026,-0.02122,16,14,15,17,6,10,13,12,9,5,8,7,11,2,4,1,3
2025-08-27,0.03891,0.036773,-0.01983,0.015914,-0.000577,-0.001063,-0.017666,0.002623,0.001369,0.000323,0.01908,-0.000567,-0.017534,-0.001484,0.017789,-0.018409,0.017546,0.000346,-0.001449,16,14,15,17,11,9,12,10,5,6,8,7,13,1,2,4,3
2025-08-28,0.138108,0.132914,-0.069699,0.062799,-0.001396,0.001276,-0.064333,0.006877,0.006296,0.00321,0.068409,-0.00074,-0.06389,-0.003484,0.065304,-0.066015,0.064984,0.002843,-0.004394,16,14,15,17,9,10,13,11,5,6,7,8,12,1,2,4,3
2025-08-29,0.281442,0.274791,-0.142356,0.136349,-0.00241,0.008533,-0.135181,0.008583,0.013987,0.00836,0.139086,0.000464,-0.132199,-0.004251,0.135142,-0.136251,0.13515,0.006097,-0.007811,16,14,15,17,7,10,13,11,6,5,8,9,12,1,4,2,3
2025-09-02,0.224229,0.219373,-0.11672,0.107509,-0.005897,0.005386,-0.111654,0.000891,0.007738,0.002915,0.105375,-0.003286,-0.10968,-0.006054,0.104185,-0.112675,0.103815,0.001525,-0.009816,16,14,15,17,6,10,13,11,9,5,7,8,12,2,3,1,4
2025-09-03,0.233652,0.222886,0.118647,-0.097087,0.003463,0.004783,0.106588,-0.016418,-0.008081,-0.003423,-0.115005,0.003935,0.106543,0.008687,-0.110112,0.110934,-0.107372,-0.002796,0.008245,2,4,3,1,7,8,6,9,13,12,11,10,5,17,16,14,15
2025-09-04,0.431312,0.418183,0.222364,-0.197507,0.006986,-0.00466,0.206602,-0.014139,-0.017198,-0.008193,-0.208948,0.004258,0.205773,0.013005,-0.203757,0.211183,-0.201695,-0.004603,0.015629,2,4,3,1,10,8,5,7,12,13,11,9,6,17,16,14,15
2025-09-05,0.283577,0.271437,-0.143882,0.122649,-0.002419,-0.001687,-0.13075,0.016703,0.01068,0.007422,0.139694,-5.4e-05,-0.126896,-0.009429,0.133363,-0.134172,0.13245,0.004614,-0.008985,16,14,15,17,10,9,12,11,5,6,7,8,13,1,2,4,3
2025-09-08,0.367752,0.357187,0.188419,-0.169979,0.00348,-0.004226,0.17522,-0.01395,-0.015314,-0.009273,-0.179334,0.001124,0.169794,0.01038,-0.175305,0.179211,-0.174073,-0.006959,0.012101,2,4,3,1,9,8,5,7,12,13,11,10,6,17,16,14,15
2025-09-09,0.071816,0.069518,-0.033312,0.038403,0.001663,0.005803,-0.032729,0.001725,0.005668,0.004006,0.034705,0.001293,-0.031651,0.001282,0.035558,-0.033413,0.035138,0.003733,0.000147,17,14,15,16,5,11,13,10,9,6,7,8,12,4,2,1,3
2025-09-10,0.347664,0.340839,0.178826,-0.166218,0.003033,-0.006603,0.168848,-0.010532,-0.014808,-0.008394,-0.168839,0.00166,0.162629,0.008684,-0.167367,0.172201,-0.166437,-0.00705,0.011068,2,4,3,1,9,8,5,7,12,13,11,10,6,17,16,14,15
2025-09-11,0.025047,0.023803,0.012097,-0.0126,0.000319,-0.001373,0.012126,0.000729,-0.000949,-0.000381,-0.010745,0.00058,0.011941,0.000405,-0.011206,0.012446,-0.010934,-0.000178,0.000852,1,4,2,3,13,7,5,9,6,12,11,10,8,14,16,17,15
2025-09-12,0.221157,0.206554,-0.113619,0.079211,-0.00639,-0.013167,-0.099012,0.019588,0.004805,0.001521,0.107538,0.00044,-0.092305,-0.013236,0.098924,-0.098974,0.101594,0.002789,-0.011809,15,14,16,17,12,9,11,10,5,6,8,7,13,1,3,4,2
2025-09-16,0.199479,0.191792,0.101712,-0.089204,0.001281,0.000679,0.093924,-0.009725,-0.008757,-0.005723,-0.097768,-0.002632,0.087099,0.007073,-0.093234,0.094895,-0.093843,-0.003983,0.007684,2,4,3,1,8,9,5,7,13,12,11,10,6,17,15,14,16
2025-09-17,0.368713,0.364935,-0.185517,0.183196,-0.000379,0.015635,-0.179238,0.008891,0.020445,0.012083,0.181758,0.000504,-0.174016,-0.005979,0.181979,-0.183117,0.180703,0.011635,-0.009259,16,14,15,17,6,10,13,11,9,5,7,8,12,3,2,1,4
2025-09-18,0.057474,0.05585,-0.031276,0.025018,-0.002376,-0.001655,-0.029362,0.000493,0.000597,-0.000222,0.026198,-0.001578,-0.027486,-0.003588,0.025373,-0.029976,0.025365,-0.000666,-0.004176,16,14,15,17,10,9,13,11,6,5,7,8,12,1,2,4,3
2025-09-19,0.111773,0.110912,0.059264,-0.052434,0.003469,-0.000773,0.057499,-0.000295,-0.002722,-0.000334,-0.052229,0.003419,0.055574,0.00508,-0.05251,0.058802,-0.051547,-0.000268,0.006787,2,4,3,1,12,8,5,7,10,13,11,9,6,15,17,16,14
2025-09-22,0.39458,0.388973,0.20172,-0.190692,0.00391,-0.008188,0.193396,-0.011178,-0.016515,-0.009478,-0.19286,0.002278,0.185113,0.011047,-0.190997,0.197253,-0.188421,-0.00847,0.015341,2,4,3,1,9,8,5,7,12,13,11,10,6,17,16,15,14
2025-09-24,0.118654,0.116131,0.06049,-0.05683,0.000994,-0.001947,0.057593,-0.00403,-0.004919,-0.003101,-0.058164,4.9e-05,0.054776,0.003251,-0.057023,0.058293,-0.056443,-0.002565,0.004346,2,4,3,1,9,8,5,7,12,13,11,10,6,17,16,15,14
2025-09-25,0.168315,0.161127,0.086062,-0.076417,0.002078,0.001754,0.079843,-0.008458,-0.00525,-0.004505,-0.082253,-0.001294,0.073109,0.00633,-0.077447,0.079927,-0.077848,-0.002306,0.006843,2,4,3,1,8,9,5,7,13,12,11,10,6,17,15,14,16
2025-09-26,0.47397,0.468969,-0.233911,0.235031,-0.005742,0.024696,-0.23128,0.003247,0.021887,0.012846,0.230266,-0.008805,-0.238938,-0.008539,0.231861,-0.236237,0.23093,0.011744,-0.021263,16,17,14,15,5,12,13,10,9,6,7,8,11,4,2,1,3
2025-09-29,0.04383,0.031166,-0.024845,0.004066,-0.001028,-0.015247,-0.012628,0.010916,-0.005737,8e-06,0.018985,0.005574,-0.001968,-0.009047,0.007035,-0.013832,0.009674,-0.00245,-0.00283,15,9,14,17,16,5,11,8,2,12,7,10,13,1,4,6,3
2025-09-30,0.29697,0.294082,0.148831,-0.146792,0.00304,-0.009056,0.144529,-0.008784,-0.014581,-0.009202,-0.148139,0.001315,0.142576,0.005994,-0.146454,0.147501,-0.145644,-0.00691,0.012479,2,4,3,1,11,8,5,7,10,13,12,9,6,17,15,16,14
2025-10-01,0.546496,0.541464,0.276794,-0.267097,0.009345,-0.013338,0.269467,-0.012034,-0.023673,-0.013564,-0.269702,0.006416,0.266621,0.014578,-0.266778,0.274554,-0.264615,-0.00863,0.026391,2,4,3,1,11,8,5,7,10,13,12,9,6,17,15,16,14
2025-10-02,0.867488,0.861462,0.441143,-0.426345,0.0132,-0.016524,0.42925,-0.019672,-0.030545,-0.017216,-0.425703,0.004083,0.41219,0.024438,-0.426328,0.435617,-0.41998,-0.009617,0.038393,2,4,3,1,10,8,5,7,12,13,11,9,6,15,16,17,14
2025-10-03,0.026994,0.025176,-0.010088,0.013334,-0.001034,0.003399,-0.012891,-0.002615,0.002557,0.000793,0.010268,-0.001543,-0.01366,0.00076,0.012472,-0.011867,0.011305,0.000196,-0.001847,15,17,16,14,5,11,12,10,13,6,7,9,8,4,2,1,3
2025-10-06,0.009761,0.007528,-0.00761,-0.001062,-0.001859,-0.005594,-0.005026,0.000633,-0.00415,-0.002865,0.00215,-0.001029,-0.003265,-0.004291,-0.000223,-0.005678,0.000919,-0.0023,-0.001949,16,11,14,17,15,5,8,7,3,12,10,9,13,1,4,6,2
2025-10-07,0.143054,0.14144,0.072781,-0.070273,0.002215,-0.001969,0.071999,-0.000853,-0.005248,-0.003269,-0.067947,0.001972,0.070828,0.00562,-0.069103,0.072218,-0.067339,-0.001358,0.007029,2,4,3,1,11,8,5,7,9,13,12,10,6,15,16,17,14
2025-10-08,0.210948,0.207424,0.107291,-0.102742,-0.001394,0.000449,0.10303,-0.007636,-0.005057,-0.005702,-0.103392,-0.003573,0.098387,0.006755,-0.103657,0.102159,-0.102584,-0.004064,0.005024,3,4,2,1,7,9,6,8,13,11,12,10,5,16,17,15,14
2025-10-09,0.384231,0.38137,0.193959,-0.190272,0.00438,-0.003565,0.192536,-0.002819,-0.009941,-0.006864,-0.181878,0.001487,0.190792,0.013725,-0.189465,0.191449,-0.18643,-0.004917,0.014657,3,4,2,1,10,8,5,7,9,13,12,11,6,14,16,17,15
2025-10-10,0.424001,0.416971,0.214952,-0.203932,-0.002424,0.003832,0.206921,-0.015585,-0.004376,-0.012252,-0.209049,-0.01008,0.19827,0.015781,-0.208037,0.203565,-0.208388,-0.010061,0.00904,3,4,2,1,7,11,6,8,13,9,12,10,5,17,15,14,16
2025-10-14,0.370032,0.350737,0.182105,-0.160462,-0.010385,0.019943,0.170481,-0.03478,0.015515,-0.014216,-0.187927,-0.022916,0.151562,0.012217,-0.171819,0.163007,-0.176871,-0.011177,-0.002188,3,4,2,1,5,12,8,9,13,6,11,10,7,17,15,14,16
2025-10-15,0.117636,0.111862,-0.064638,0.050246,-0.000886,-0.007427,-0.055371,0.004287,-0.008003,-0.00099,0.052998,-3.4e-05,-0.049462,-0.011441,0.047127,-0.062057,0.050277,-0.001731,-0.002117,16,14,15,17,11,6,10,7,5,12,8,9,13,1,4,3,2
2025-10-16,0.190112,0.187569,0.091106,-0.09636,0.000901,-0.00696,0.090937,0.000228,-0.011746,-0.006053,-0.091,-0.001064,0.09242,0.005624,-0.096346,0.093752,-0.092724,-0.00527,0.006607,1,2,4,3,12,9,5,7,8,13,11,10,6,14,16,17,15
2025-10-17,0.3503,0.340481,0.179955,-0.170345,-0.004026,0.000153,0.164695,-0.008314,0.000975,-0.010618,-0.161398,0.002184,0.157424,0.021225,-0.16088,0.176238,-0.168812,-0.003368,0.00769,2,4,3,1,9,7,6,11,12,8,13,10,5,15,14,17,16
2025-10-20,0.040361,0.03743,-0.020549,0.018543,0.002249,-0.000827,-0.017224,0.003253,-0.004196,0.002583,0.01712,-0.000831,-0.014667,-0.003498,0.016729,-0.019043,0.019812,0.000541,0.000794,16,14,15,17,10,11,8,7,5,13,6,9,12,3,4,2,1
2025-10-21,0.45639,0.448685,-0.228282,0.228109,0.001901,0.00802,-0.218092,0.008158,0.009431,0.016543,0.213839,-0.000933,-0.210413,-0.02329,0.221527,-0.2273,0.222746,0.00844,-0.012083,16,14,15,17,9,11,12,10,8,6,5,7,13,4,3,1,2
2025-10-22,0.168233,0.165582,-0.081248,0.086339,0.001181,0.006168,-0.078208,0.002975,0.009063,0.006591,0.081658,0.003469,-0.078804,-0.004867,0.084911,-0.081894,0.083549,0.005964,-0.003981,17,15,14,16,7,9,12,11,10,5,6,8,13,4,2,1,3
2025-10-23,0.091574,0.090031,-0.046968,0.043348,-0.003855,0.000644,-0.045958,-0.003348,0.004616,-0.000558,0.040773,-0.001606,-0.046969,-0.005412,0.043381,-0.048193,0.041234,0.000293,-0.00641,17,16,14,15,6,9,13,11,10,5,8,7,12,4,1,2,3
2025-10-27,0.388086,0.381805,-0.190856,0.195934,-0.001147,0.008988,-0.184425,0.002512,0.013172,0.0116,0.18517,0.006047,-0.184382,-0.018088,0.190927,-0.192152,0.191122,0.00967,-0.011866,17,14,15,16,8,9,12,11,10,5,6,7,13,4,3,1,2
2025-10-28,0.114687,0.110805,0.056878,-0.052423,0.004758,-0.001981,0.056765,0.003001,-0.007952,0.001256,-0.049808,0.002377,0.05862,0.006058,-0.055004,0.059682,-0.049255,-0.001209,0.008465,1,2,4,3,12,9,5,7,8,13,10,11,6,15,17,16,14
2025-10-29,0.032299,0.028666,-0.008548,0.016214,0.001396,0.00579,-0.010144,0.00165,0.009988,0.000607,0.015467,0.002014,-0.012599,0.005326,0.0197,-0.011874,0.014326,0.006119,0.001273,16,17,15,14,7,9,12,11,10,5,13,6,8,3,1,2,4
2025-10-30,0.161854,0.154631,0.087458,-0.074396,0.002374,0.001631,0.081105,0.002091,0.004732,-0.00554,-0.068331,0.002734,0.079432,0.016735,-0.068152,0.083106,-0.069498,0.006585,0.011723,2,4,3,1,12,9,6,10,11,8,13,7,5,15,14,17,16
2025-10-31,0.069259,0.068517,-0.036537,0.030732,-0.003573,-0.002143,-0.036018,-0.00394,0.008052,-0.003912,0.032006,-0.000905,-0.036578,-0.005433,0.031906,-0.037252,0.031271,0.000831,-0.007516,17,16,14,15,8,7,13,9,11,5,10,6,12,1,2,4,3
2025-11-04,0.298767,0.293651,-0.149046,0.149722,0.001248,0.00702,-0.144058,0.001435,0.016571,0.011229,0.142609,0.004259,-0.143683,-0.013794,0.145431,-0.148749,0.143946,0.005395,-0.012486,16,14,15,17,7,9,12,11,10,5,6,8,13,4,2,1,3
2025-11-05,0.097521,0.095705,-0.05155,0.044707,-0.003505,-0.001557,-0.048695,-0.0018,0.008753,-0.003515,0.043503,-0.001703,-0.049113,-0.010251,0.045775,-0.051745,0.044224,0.000346,-0.008066,17,15,14,16,7,8,12,10,9,5,11,6,13,4,1,2,3
2025-11-06,0.11834,0.11582,-0.058402,0.058975,0.002142,0.002126,-0.059364,0.000344,0.001808,0.004709,0.052665,0.001879,-0.056164,-0.003392,0.056956,-0.057602,0.056162,0.001967,-0.002016,15,14,17,16,7,9,12,6,11,10,5,8,13,4,2,1,3
2025-11-07,0.298773,0.293305,-0.151849,0.145533,-0.001507,0.004101,-0.14421,0.001388,0.022751,0.003634,0.139037,0.000967,-0.146771,-0.020507,0.142122,-0.15324,0.140401,0.003863,-0.012339,17,15,14,16,6,10,12,11,9,5,8,7,13,4,2,1,3
2025-11-10,0.158434,0.152099,-0.07707,0.077384,0.002907,0.001727,-0.08105,-0.001464,-0.005012,0.005459,0.065235,0.001936,-0.073731,-0.001679,0.072982,-0.075001,0.072809,0.001374,-0.003548,15,14,17,16,8,7,12,6,10,13,5,9,11,4,2,1,3
2025-11-11,0.038792,0.034489,-0.016674,0.020096,0.004454,0.00253,-0.018696,0.000373,-0.00826,0.003338,0.011476,0.004054,-0.0129,0.008493,0.018421,-0.011616,0.01668,0.001752,0.003378,14,15,17,16,10,7,8,6,12,13,9,11,5,4,2,1,3
2025-11-12,0.023284,0.014512,-0.005537,0.003633,0.002224,5.4e-05,-0.008645,-0.004135,-0.014757,-0.000886,-0.005752,0.000357,-0.00034,0.008527,0.000753,0.00167,-0.000784,-0.002415,0.002084,5,9,16,14,8,7,4,3,13,17,11,12,1,15,6,2,10
2025-11-13,0.294939,0.290185,0.145351,-0.149588,-0.004343,-0.008795,0.143328,-0.002424,-0.017388,-0.010872,-0.13666,-0.00357,0.14091,0.012443,-0.144552,0.144894,-0.142842,-0.007736,0.005303,2,4,3,1,11,8,6,9,7,13,12,10,5,14,16,17,15
2025-11-14,0.070195,0.062557,-0.024068,0.022416,-0.009476,0.000267,-0.022249,0.003493,0.025105,0.00015,0.033894,-0.005326,-0.034813,-0.019529,0.027584,-0.036301,0.031011,0.002655,-0.006675,17,16,14,15,8,10,11,12,6,4,9,7,13,1,3,5,2
2025-11-17,0.04572,0.044223,-0.019903,0.023395,0.001677,0.003445,-0.019072,0.002826,0.007761,0.003672,0.023733,0.001504,-0.019588,-0.001891,0.023725,-0.021646,0.024074,0.003466,-0.000132,17,15,14,16,8,11,12,10,9,5,6,7,13,2,3,4,1
2025-11-18,0.655543,0.642571,0.32825,-0.327293,-0.010062,-0.012366,0.327187,0.002133,-0.014059,-0.018491,-0.293796,-0.008606,0.315325,0.021112,-0.317931,0.319113,-0.307937,-0.007859,0.010143,3,4,2,1,11,9,6,10,7,12,13,8,5,14,16,17,15
2025-11-19,0.204987,0.202137,-0.104143,0.100844,-0.000281,0.003575,-0.10239,0.000436,0.009918,0.004783,0.095247,-0.000739,-0.102459,-0.010835,0.099841,-0.102276,0.096733,0.001972,-0.00575,14,16,15,17,7,11,12,10,9,5,6,8,13,4,2,1,3
2025-11-20,0.123269,0.120593,-0.059742,0.059352,-0.00083,0.003439,-0.058497,0.001916,0.011546,0.004074,0.05897,-0.000634,-0.059662,-0.008934,0.060294,-0.062975,0.059756,0.002598,-0.00399,17,15,14,16,7,10,12,11,9,5,6,8,13,4,1,3,2
2025-11-21,0.18935,0.179311,0.090458,-0.09595,-0.009437,-0.006836,0.093401,-0.002533,0.010292,-0.007022,-0.080476,-0.01127,0.086964,-0.009684,-0.090595,0.073211,-0.080566,-0.001762,-0.005199,4,3,1,2,9,13,8,11,7,5,10,6,12,14,16,17,15
2025-11-25,0.194892,0.179819,-0.094641,0.093081,0.005699,0.000319,-0.10181,-0.002111,-0.02637,-0.001097,0.069945,0.008502,-0.08799,0.006854,0.086558,-0.069416,0.075374,-0.001281,0.003154,14,15,17,16,9,5,8,7,12,13,10,11,6,4,2,1,3
2025-11-26,0.133329,0.111893,0.047833,-0.049992,0.003755,-0.002485,0.037643,-0.001668,-0.037329,-0.01306,-0.062743,0.002992,0.050403,0.016738,-0.05042,0.070586,-0.053695,-0.000538,0.00932,1,2,4,3,11,8,6,7,10,13,12,9,5,17,15,14,16
2025-11-28,0.038153,0.024726,-0.000351,0.001038,0.004758,0.002125,-0.003622,-0.001257,-0.021042,-0.0052,-0.010261,0.001597,0.002432,0.012046,-0.001329,0.017111,-0.005069,-0.003195,0.008519,1,5,13,9,6,7,3,4,10,17,15,12,2,16,11,8,14
2025-12-01,0.249381,0.242336,-0.122654,0.125546,0.006217,0.007146,-0.123834,0.000842,-0.006953,0.00391,0.110217,0.003601,-0.120863,0.001299,0.121345,-0.108819,0.112764,-0.002026,0.002612,14,15,17,16,5,8,9,6,11,13,7,12,10,4,2,1,3
2025-12-02,0.447181,0.433547,-0.211072,0.215974,-0.000684,0.003808,-0.20479,0.003872,0.039714,0.018172,0.217713,0.001022,-0.215657,-0.026039,0.210757,-0.229468,0.207065,0.002637,-0.016618,17,16,14,15,8,10,12,11,7,5,6,9,13,1,3,2,4
2025-12-03,0.035465,0.033254,0.017807,-0.016741,-0.001127,-0.000849,0.018724,0.001002,0.006217,0.00124,-0.012213,-0.00015,0.016826,-0.001604,-0.01609,0.012851,-0.013576,0.001551,-0.001326,4,3,1,2,10,9,12,11,8,5,7,6,13,14,16,17,15
2025-12-04,0.545302,0.537116,-0.271906,0.273334,0.007386,0.010331,-0.270875,0.000999,0.004146,0.012608,0.252849,0.003863,-0.271968,-0.009063,0.266447,-0.259391,0.256816,-0.001034,-0.006302,14,17,15,16,6,9,12,7,10,8,5,11,13,4,2,1,3
2025-12-05,0.243545,0.240746,-0.120641,0.121426,0.001296,0.003524,-0.118681,0.000842,0.011608,0.008912,0.117989,0.001924,-0.122109,-0.009376,0.117955,-0.122119,0.1158,0.00182,-0.004567,17,16,14,15,7,8,12,10,11,5,6,9,13,2,3,1,4
2025-12-08,0.098757,0.097578,-0.049603,0.048511,-0.00029,0.000881,-0.048225,6e-06,0.003939,0.003,0.047149,0.000408,-0.050246,-0.004284,0.04751,-0.049715,0.04621,0.000316,-0.00261,16,17,14,15,7,8,12,11,10,5,6,9,13,3,2,1,4
2025-12-09,0.08911,0.076615,-0.032137,0.031389,-0.005405,-0.001847,-0.026597,0.003116,0.025365,0.008103,0.043995,-0.000493,-0.037398,-0.011663,0.030911,-0.045115,0.03981,0.002545,-0.011479,17,16,14,15,10,9,12,11,7,5,6,8,13,1,4,3,2
2025-12-10,0.023014,0.020179,-0.008545,0.008733,-0.000459,-0.000327,-0.007447,0.000978,0.005857,0.002029,0.011201,-0.000112,-0.009835,-0.002118,0.008888,-0.011813,0.010255,0.001057,-0.00166,17,16,14,15,10,9,12,11,8,5,6,7,13,1,3,4,2
2025-12-11,0.341447,0.33093,-0.169843,0.170266,0.004878,0.010605,-0.171181,-0.003074,-0.01388,0.004847,0.147886,0.006438,-0.167838,-0.002232,0.163727,-0.150302,0.149935,-0.002869,0.003557,14,15,17,16,5,6,9,7,12,13,8,11,10,4,2,1,3
2025-12-12,0.23764,0.229375,-0.119131,0.11752,0.002802,0.007264,-0.12012,-0.00207,-0.01076,0.002228,0.100831,0.003785,-0.116409,-0.000839,0.11232,-0.104942,0.102626,-0.002434,0.002662,14,15,17,16,5,6,8,7,11,13,9,12,10,4,2,1,3
2025-12-15,0.063331,0.058563,-0.030341,0.023536,-0.004346,-0.004188,-0.028393,-0.002651,0.006917,0.000657,0.027377,-0.003422,-0.032917,-0.008299,0.023309,-0.035954,0.025565,-0.00238,-0.006922,17,16,14,15,10,9,12,11,8,5,6,7,13,1,4,3,2
2025-12-16,0.29063,0.287243,0.144326,-0.142175,-0.000114,-0.00333,0.139718,-0.002122,-0.016408,-0.010839,-0.14012,-0.001658,0.148454,0.011175,-0.14015,0.146504,-0.136739,-0.002261,0.005295,2,1,4,3,11,8,6,7,9,13,12,10,5,15,16,17,14
2025-12-17,0.281246,0.274754,0.13947,-0.139981,-0.003545,-0.00897,0.13817,-0.001674,0.008134,-0.005104,-0.124577,-0.001603,0.140569,0.001864,-0.140676,0.124757,-0.125394,-0.000948,-0.004818,4,1,3,2,13,8,11,10,9,5,12,7,6,14,17,16,15
2025-12-18,0.626214,0.621002,-0.315207,0.306318,0.002759,0.007976,-0.305437,0.002822,0.032961,0.024444,0.30272,0.004623,-0.319895,-0.025244,0.305787,-0.313077,0.292872,0.00417,-0.009463,15,17,14,16,7,8,12,11,10,5,6,9,13,3,2,1,4
2025-12-19,0.439712,0.437071,0.223922,-0.213697,-0.0015,-0.004028,0.216112,-0.001055,-0.023,-0.016212,-0.213555,-0.003185,0.226016,0.020139,-0.213556,0.220469,-0.206545,-0.002779,0.00656,3,1,4,2,11,10,6,8,7,13,12,9,5,15,16,17,14
2025-12-22,0.15911,0.156496,-0.081203,0.076697,0.000383,0.00246,-0.078443,-0.000129,0.003325,0.004323,0.074035,-0.000147,-0.081483,-0.006657,0.077628,-0.076862,0.073025,0.00018,-0.000907,14,17,15,16,7,11,12,8,10,6,5,9,13,3,1,2,4
2025-12-23,0.470901,0.46122,-0.237587,0.229735,0.005174,0.01141,-0.231188,0.002039,0.002593,0.012259,0.215087,0.001427,-0.23609,-0.012823,0.233314,-0.218795,0.215745,0.003059,0.002324,14,16,15,17,6,12,10,7,11,9,5,8,13,4,1,2,3
2025-12-24,0.163979,0.161658,-0.083606,0.080236,0.001491,0.004778,-0.0797,0.002043,0.00679,0.006644,0.078213,0.001912,-0.082848,-0.007771,0.080374,-0.079036,0.076961,0.00127,0.000243,14,16,15,17,7,9,12,10,8,5,6,11,13,3,1,2,4
2025-12-26,0.123377,0.114988,0.056197,-0.052181,0.000183,0.001206,0.052615,-0.001479,-0.018111,-0.008413,-0.060051,-0.002291,0.05838,0.010168,-0.052159,0.063326,-0.054828,-0.00104,0.005056,1,2,4,3,7,11,6,8,10,13,12,9,5,17,14,15,16
2025-12-29,0.003455,0.002856,-0.001534,0.000783,-0.000369,-0.00054,-0.001431,-0.000252,0.000617,2e-05,0.001339,-0.000223,-0.001711,-0.000771,0.000809,-0.002116,0.001059,-0.000259,-0.000644,17,16,14,15,11,7,12,10,8,5,6,9,13,1,3,4,2
2025-12-30,0.027655,0.024098,-0.010373,0.010543,0.000724,-0.00034,-0.009032,0.001311,0.006703,0.003252,0.014181,0.001447,-0.011314,-0.002504,0.010722,-0.013475,0.01223,0.001376,-0.00111,17,16,14,15,11,7,12,10,9,5,6,8,13,1,3,4,2
2026-01-05,0.14246,0.141144,-0.073127,0.068809,0.001488,0.003178,-0.06816,0.001714,0.00903,0.006789,0.069333,0.002223,-0.072518,-0.008089,0.069023,-0.070623,0.067167,0.001456,-0.001022,15,16,14,17,7,8,12,10,9,5,6,11,13,1,2,3,4
2026-01-06,1.110527,1.092147,-0.575508,0.535019,0.007394,0.025772,-0.535588,0.009109,0.047281,0.042448,0.526254,0.012023,-0.566139,-0.058921,0.533161,-0.540361,0.513839,0.004732,-0.007648,15,16,14,17,7,8,12,10,9,5,6,11,13,3,2,1,4
2026-01-07,0.418219,0.407384,0.20868,-0.189334,-0.00362,-0.004547,0.19103,-0.004375,-0.038262,-0.024158,-0.204812,-0.007404,0.208633,0.032902,-0.191635,0.213407,-0.194985,-0.006029,0.011139,1,3,4,2,9,11,6,7,8,13,12,10,5,17,15,14,16
2026-01-08,0.275801,0.262817,0.142666,-0.133135,-0.00145,-0.0137,0.128226,-0.000224,0.009275,-0.005629,-0.117196,-0.002186,0.132177,0.007076,-0.132255,0.116433,-0.119992,0.002035,-0.003161,4,2,3,1,13,10,11,9,8,5,12,7,6,14,16,17,15
2026-01-09,0.538745,0.523573,-0.282691,0.256054,-0.001025,0.012672,-0.261303,0.00044,0.008103,0.015249,0.24798,0.004629,-0.267394,-0.029824,0.255298,-0.257114,0.244851,-0.003773,-0.006513,14,16,15,17,6,8,12,10,9,7,5,11,13,3,2,1,4
2026-01-13,0.238961,0.226363,0.113061,-0.096165,5.6e-05,-0.0022,0.10396,-0.00275,-0.028613,-0.014183,-0.116805,-0.005781,0.114975,0.019226,-0.102942,0.122156,-0.10915,-0.00437,0.00928,1,2,4,3,8,11,6,7,9,13,12,10,5,17,15,14,16
2026-01-14,0.180878,0.175772,0.091397,-0.080858,-0.000896,-0.003861,0.083555,-0.001893,-0.013006,-0.010296,-0.089481,-0.004135,0.089176,0.012455,-0.083233,0.090863,-0.083166,-0.0014,0.003945,2,3,4,1,10,11,6,7,9,13,12,8,5,17,16,14,15
2026-01-15,0.039704,0.035389,-0.018493,0.021211,0.001727,0.003495,-0.016789,0.00172,-0.004667,0.001128,0.014975,0.000981,-0.015165,0.001213,0.01898,-0.011675,0.015529,-0.000416,0.003432,14,15,16,17,5,11,6,7,8,13,10,12,9,4,2,1,3
2026-01-16,0.049012,0.044139,0.022336,-0.015766,0.00115,0.001252,0.020703,0.000627,-0.006905,-0.002317,-0.022345,6.9e-05,0.02328,0.0058,-0.017939,0.026667,-0.019849,2e-05,0.004062,1,2,4,3,7,10,6,8,9,13,12,11,5,17,15,14,16
2026-01-20,0.373325,0.363179,-0.1882,0.168874,0.003996,0.010132,-0.172935,0.006893,0.027458,0.022128,0.184688,0.006985,-0.182107,-0.025357,0.173247,-0.188637,0.172659,0.00265,-0.006804,17,15,14,16,7,8,12,10,9,5,6,11,13,1,2,4,3
2026-01-21,0.383304,0.370235,0.19677,-0.186534,-0.001064,-0.012982,0.190981,-0.003173,0.015197,-0.012714,-0.168995,-0.007684,0.182757,0.01586,-0.184668,0.156964,-0.162314,0.008501,-0.002113,4,3,2,1,13,11,9,8,10,6,12,7,5,15,16,17,14
2026-01-22,0.167548,0.151212,-0.088985,0.078563,0.006277,0.009008,-0.077953,0.003067,-0.020266,0.002473,0.062664,0.00509,-0.069791,-0.009238,0.07568,-0.063261,0.06113,-0.004335,0.003975,14,15,16,17,5,7,8,6,9,13,10,11,12,3,2,1,4
2026-01-23,0.06122,0.059179,-0.036015,0.025185,-0.002065,-0.001315,-0.03321,-0.002217,-0.00216,-0.000387,0.025205,-0.002622,-0.031945,-0.008276,0.02486,-0.033061,0.022533,-0.0047,-0.004432,15,14,16,17,6,10,11,7,9,8,5,12,13,1,3,2,4
2026-01-26,0.06109,0.058615,0.030771,-0.028598,-0.002401,-0.00303,0.028091,-0.002482,-0.004097,-0.004531,-0.030319,-0.002147,0.027632,0.003735,-0.028633,0.029431,-0.02769,-0.000476,-4.9e-05,2,4,3,1,11,8,6,9,10,12,13,7,5,17,16,15,14
2026-01-27,0.155827,0.149027,0.076304,-0.066611,-0.001453,-0.004164,0.074262,-0.002236,-0.013817,-0.01,-0.076172,-0.001832,0.075475,0.012775,-0.069355,0.079655,-0.070119,0.000301,0.004847,1,3,4,2,11,9,6,8,10,13,12,7,5,17,15,14,16
2026-01-28,0.189538,0.182805,0.098587,-0.083185,-0.001915,-0.004679,0.093123,-0.0026,-0.011091,-0.010068,-0.090952,-0.001177,0.090988,0.017168,-0.084629,0.09794,-0.08279,0.002612,0.005628,2,4,3,1,11,8,6,9,10,13,12,7,5,17,16,15,14
2026-01-29,0.142314,0.134185,-0.065871,0.054129,-0.002488,0.001638,-0.067269,-0.000334,0.015497,0.007924,0.06759,-0.000305,-0.070254,-0.0143,0.059369,-0.074725,0.063348,-2e-06,-0.008345,17,16,15,14,7,9,12,11,10,5,6,8,13,1,3,4,2
2026-01-30,0.627131,0.604388,-0.326652,0.285679,0.013012,0.012792,-0.304052,0.013946,0.034195,0.037577,0.300479,0.009914,-0.289659,-0.051136,0.284921,-0.311379,0.26863,-0.007704,-0.009822,16,14,15,17,9,10,12,8,7,6,5,11,13,1,3,2,4
2026-02-02,0.265466,0.256628,0.138159,-0.118622,-0.002178,-0.003473,0.13047,-0.004437,-0.01636,-0.01478,-0.127308,-0.001748,0.12547,0.023445,-0.119068,0.136256,-0.115336,0.003255,0.007417,2,4,3,1,10,8,6,9,11,13,12,7,5,17,16,15,14
2026-02-03,0.304636,0.293582,0.153767,-0.136314,-0.004001,-0.005165,0.146485,-0.005175,-0.025275,-0.020008,-0.149643,-0.002595,0.142159,0.025853,-0.138663,0.154993,-0.137194,-0.000338,0.006674,1,4,3,2,10,8,6,9,11,13,12,7,5,17,16,14,15
2026-02-04,0.250928,0.243679,-0.125747,0.11913,0.007875,0.00787,-0.118188,0.008033,0.020813,0.018621,0.125181,0.004971,-0.108953,-0.018619,0.118384,-0.124409,0.115047,0.004266,0.00029,16,14,15,17,9,10,12,8,7,5,6,11,13,1,3,2,4
2026-02-05,0.761571,0.7421,-0.390437,0.357513,0.018953,0.01773,-0.366842,0.017119,0.051583,0.047998,0.371133,0.005738,-0.336603,-0.062572,0.356475,-0.383899,0.343509,0.009238,-0.002673,16,14,15,17,8,11,12,7,9,5,6,10,13,1,3,2,4
2026-02-06,0.470826,0.4483,0.247877,-0.222949,-0.014052,-0.010274,0.226538,-0.013034,-0.013524,-0.018887,-0.210725,0.010115,0.195957,0.037314,-0.210267,0.226545,-0.197414,0.005514,-0.00167,2,4,3,1,9,6,8,12,10,11,13,7,5,16,15,17,14
2026-02-09,0.088171,0.056591,-0.044927,0.043244,0.010776,0.007902,-0.029851,0.013747,-0.013768,-0.002572,0.017214,0.001625,-0.000306,-0.002614,0.02077,-0.011724,0.012081,-0.010196,0.009577,14,10,16,17,8,9,7,6,4,15,11,13,12,3,2,1,5
2026-02-10,0.233359,0.228062,-0.119134,0.106824,0.000643,0.001874,-0.120392,0.001945,0.015415,0.013134,0.1108,-0.003532,-0.104953,-0.020558,0.104478,-0.122559,0.102349,-0.002264,-0.00636,17,14,16,15,8,11,12,9,7,5,6,10,13,1,3,2,4
2026-02-12,0.156922,0.154162,-0.078175,0.076956,0.004393,0.004297,-0.079966,0.005603,0.01069,0.010448,0.07621,-0.000261,-0.065276,-0.01054,0.072859,-0.07832,0.070565,-6e-05,-0.000758,16,14,17,15,9,11,12,8,7,5,6,10,13,2,3,1,4
2026-02-13,0.713858,0.707434,0.373509,-0.33704,-0.004094,-0.00483,0.375275,-0.00856,-0.039813,-0.036806,-0.338583,0.009476,0.316348,0.065046,-0.323166,0.374728,-0.313953,0.009353,0.013922,2,4,1,3,10,7,6,9,11,13,12,8,5,17,15,16,14
2026-02-17,0.25983,0.249316,0.1314,-0.103558,0.008361,0.00255,0.126405,0.01107,-0.022041,-0.011451,-0.119811,0.001678,0.128152,0.021842,-0.115365,0.140019,-0.113202,-0.000577,0.009816,1,3,4,2,9,10,7,8,6,13,12,11,5,17,16,14,15
2026-02-18,0.354148,0.34361,-0.18258,0.158816,0.003039,0.00164,-0.177444,-0.007779,0.028315,0.018447,0.167412,0.004684,-0.163054,-0.026199,0.157843,-0.186736,0.156495,-0.000121,-0.006334,17,14,15,16,9,7,11,8,12,5,6,10,13,1,3,2,4
2026-02-19,0.253459,0.246292,-0.133092,0.11296,0.00111,-0.001766,-0.129209,-0.004309,0.015777,0.01077,0.118405,0.001344,-0.116841,-0.022637,0.110156,-0.135054,0.109195,-0.002839,-0.007149,17,14,15,16,9,7,12,8,11,5,6,10,13,1,3,2,4
2026-02-20,0.163251,0.158903,0.083788,-0.075742,-0.002536,-0.000953,0.081501,-0.001417,-0.01085,-0.009313,-0.078284,-0.002066,0.072419,0.013029,-0.072427,0.084967,-0.072136,0.00031,0.002249,1,4,3,2,8,10,6,11,9,13,12,7,5,17,15,16,14
2026-02-24,0.034299,0.031779,-0.018161,0.014975,-0.000534,-0.000914,-0.019324,0.004875,-0.003491,0.001364,0.013613,-0.004124,-0.011028,-0.005626,0.011041,-0.017847,0.011416,-0.003387,-0.003155,15,14,17,16,8,12,9,7,5,11,6,10,13,2,4,1,3
2026-02-25,0.203346,0.196684,0.103503,-0.090229,-0.002866,-0.000733,0.097978,0.009495,-0.021975,-0.01017,-0.097602,-0.008015,0.097028,0.012091,-0.093067,0.105743,-0.092156,-0.003723,0.001667,1,4,3,2,8,11,7,9,6,13,12,10,5,17,16,14,15
2026-02-26,0.094153,0.0912,0.042771,-0.048469,-0.006709,-0.005706,0.041612,-0.005482,-0.011022,-0.010888,-0.049116,-0.006194,0.035474,0.003486,-0.045712,0.045037,-0.046596,-0.005085,-0.003327,1,4,3,2,9,10,6,11,8,13,12,7,5,17,14,16,15
2026-02-27,0.432985,0.421352,-0.221446,0.200715,0.008076,0.002515,-0.212579,-0.004374,0.032209,0.027453,0.204968,0.009709,-0.191907,-0.035443,0.191273,-0.228017,0.196333,0.003862,-0.006601,17,14,15,16,10,7,12,8,11,5,6,9,13,1,4,2,3
2026-03-02,0.488363,0.476059,0.255244,-0.221428,-0.004189,0.002154,0.242945,0.011742,-0.032336,-0.026159,-0.227889,-0.012974,0.223633,0.041182,-0.211543,0.260474,-0.220198,-0.00376,0.009873,1,4,3,2,8,11,7,10,6,13,12,9,5,17,14,16,15
2026-03-03,0.560683,0.54783,-0.28847,0.258287,0.00773,0.001154,-0.276625,-0.008258,0.041909,0.034607,0.267403,0.018902,-0.251951,-0.043583,0.247359,-0.29328,0.259423,0.011407,-0.004811,17,14,15,16,10,7,11,9,12,5,6,8,13,1,4,3,2
2026-03-04,0.030907,0.023757,-0.006094,-0.003935,-0.004867,-0.003278,-0.007302,-0.012269,-0.005468,-0.014215,-0.004281,0.004972,-0.022317,0.006417,0.00859,0.00498,0.006158,0.007461,0.004734,5,17,14,13,8,6,7,11,15,12,16,2,3,10,1,9,4
2026-03-05,0.157773,0.155184,0.077792,-0.079981,-0.006518,-0.004986,0.07439,-0.003019,-0.015398,-0.011729,-0.078333,-0.008781,0.069966,0.003082,-0.076655,0.076097,-0.078961,-0.007887,-0.00599,2,4,3,1,7,11,8,9,6,13,12,10,5,15,14,17,16
2026-03-06,0.23162,0.227317,-0.12406,0.10243,-0.004945,-0.007626,-0.118182,-0.01788,0.006918,0.000315,0.098012,-0.008605,-0.121468,-0.008915,0.105641,-0.120793,0.10756,0.002254,-0.001426,15,16,14,17,10,11,8,9,13,5,7,6,12,4,2,3,1
2026-03-09,0.317747,0.302811,0.157807,-0.144295,-0.002894,-0.000853,0.157991,-0.012602,-0.018648,-0.016773,-0.147217,-0.002736,0.13307,0.030766,-0.124438,0.17053,-0.130593,0.008404,0.010577,1,4,2,3,8,9,6,10,11,13,12,7,5,17,14,16,15
2026-03-10,0.466973,0.454124,0.233484,-0.224092,-0.007127,-0.004655,0.229877,0.001514,-0.029628,-0.027842,-0.219316,-0.002722,0.205899,0.027239,-0.2084,0.242881,-0.212721,-0.007171,0.001417,1,4,3,2,9,8,7,10,6,13,12,11,5,16,14,17,15
2026-03-11,0.05606,0.051156,0.023922,-0.027601,-0.003506,-0.002277,0.025143,-0.008797,-0.006572,-0.006011,-0.026223,-0.002965,0.018962,0.00391,-0.021106,0.028459,-0.022121,0.000545,0.002042,1,4,2,3,8,9,6,10,13,12,11,7,5,16,14,17,15
2026-03-12,0.210785,0.207505,-0.108446,0.100967,0.0029,0.002335,-0.105023,-0.005804,0.011258,0.010665,0.099243,-0.000478,-0.092991,-0.011014,0.09777,-0.109818,0.099017,0.003438,0.001091,17,14,15,16,9,11,10,8,12,5,6,7,13,2,4,1,3
2026-03-13,0.084286,0.07787,-0.037059,0.038392,0.005161,0.006526,-0.03144,-0.011901,0.008662,0.007967,0.041244,0.003481,-0.029895,0.004863,0.047228,-0.031934,0.044705,0.010764,0.012782,16,14,15,17,9,12,5,10,13,7,8,6,11,3,1,4,2
2026-03-16,0.190474,0.183196,0.094064,-0.089828,-0.002472,-0.00085,0.094717,-0.002013,-0.009164,-0.008774,-0.08662,0.001596,0.081335,0.011941,-0.081752,0.100647,-0.083712,0.000516,0.003729,1,4,2,3,9,7,6,11,10,13,12,8,5,16,14,17,15
2026-03-17,0.112556,0.107789,0.05704,-0.054163,-0.002098,-0.004419,0.051093,0.007029,-0.0072,-0.007561,-0.054323,-0.002416,0.044743,0.003452,-0.05454,0.050856,-0.055516,-0.003432,-0.0026,3,4,2,1,11,8,9,7,5,12,13,10,6,15,16,14,17
2026-03-18,0.387343,0.374456,-0.192834,0.183686,0.006034,0.003089,-0.191485,0.002579,0.019348,0.019328,0.178799,-0.002326,-0.164927,-0.022689,0.16915,-0.203657,0.172905,0.00023,-0.004812,17,14,15,16,8,11,12,7,9,5,6,10,13,2,4,1,3
2026-03-19,0.160875,0.146315,-0.086771,0.068751,-0.001567,0.004028,-0.072218,-0.021702,0.005287,0.005525,0.06784,-6.2e-05,-0.060545,-0.006473,0.071553,-0.065549,0.074104,0.001819,0.001121,15,14,16,17,7,10,9,11,13,6,5,8,12,4,2,3,1
