Date,XLB,XLC,XLE,XLF,XLI,XLK,XLP,XLRE,XLU,XLV,XLY
2010-01-04,,,,,,,,,,,
2010-01-05,0.0032331821196496247,,0.008162237809508976,0.018379889601829236,0.003531238758920363,-0.0012892783027312893,0.0003750295620268407,,-0.011904863406661192,-0.009807025023159333,0.0036666682389390193
2010-01-06,0.01699377074377617,,0.011974646560598101,0.0020053749633395235,0.0021108348640856978,-0.01118752592435579,-0.0007501076528125816,,0.005861709602202003,0.01022360292263369,0.0013284418608878745
2010-01-07,-0.007778467438320558,,-0.0014997167392933886,0.02134743990950616,0.0108850267244327,-0.003916439956799356,0.0,,-0.004532610529094816,0.0034789955898570923,0.008291765762406644
2010-01-08,0.013937391824491385,,0.006510077510361256,-0.005878387960370657,0.01597798148467433,0.006552892538860267,-0.0033755435763537234,,-0.0009755191655691497,0.0015758289473299936,-0.0003289614250568951
2010-01-12,-0.019003896395491715,,-0.014446620303822266,-0.014445576770001245,-0.008116364272082066,-0.010892697441146293,0.005630678352823715,,-0.004187683608668724,-0.007196350502813198,-0.012858415324979444
2010-01-13,0.01174040117981523,,0.0037067866414755013,0.011326254272980618,0.004091301566870875,0.009691211322293114,0.007092331324403123,,0.010999112582436466,0.01323647399022243,0.011355675311813584
2010-01-14,-0.012184652556252673,,0.002853811032684783,0.004611290994116279,0.0,0.0026179327672799513,-0.0029653288886004603,,-0.004479972355925899,0.009020222597611927,0.0
2010-01-15,-0.0073419838181743025,,-0.008035168934079406,-0.020327942842109925,-0.012902867111483585,-0.013925096993155806,-0.004832500319663202,,-0.0064282744415560256,-0.006781648109186689,-0.00990726452291335
2010-01-19,0.015976088593212756,,0.009112406677712404,0.012717607621279603,0.011007359553258489,0.01721107713050518,0.0059766334804296495,,0.01164637765709542,0.02420823896576385,0.013342099569879862
2010-01-20,-0.017763330462430504,,-0.015551958213272044,-0.0026437903531114637,-0.01531086605565346,-0.01605228233873679,-0.007426760816424349,,-0.010553428140144594,-0.008484742370540421,-0.013495456985082366
2010-01-21,-0.04328496717702479,,-0.020384030070618286,-0.028495980679248523,-0.023151488614982174,-0.010581812657328826,-0.014216284947919267,,-0.014543997761177208,-0.021699454600486723,-0.012679651618609178
2010-01-22,-0.019832457866865938,,-0.023755795485052578,-0.032741977119464694,-0.015210860242765634,-0.03475941207228561,-0.0022766143146270013,,-0.021974577754388935,-0.010933536694618384,-0.019263460487951245
2010-01-25,0.008852373978148753,,0.006572389362027975,0.005641827077912165,0.006465913441354276,0.008310010844125637,0.0019020280975492465,,0.006706580015200192,0.0,0.00516915088227532
2010-01-26,-0.014102423383872353,,-0.0063527319571662355,-0.017531470342952105,-0.004282946623174633,-0.0027472827718891812,-0.0011394065912584406,,0.003997736701299548,-0.005685226381904829,0.0013710917304980974
2010-01-27,-0.008582197406517778,,-0.003906790811110672,0.0242682668103138,0.0028675179222177327,0.008264661886484337,0.002280743929987894,,-0.006635814561623543,0.006988137089763757,0.001711736409429232
2010-01-28,-0.017954684794173836,,-0.010519337189480171,-0.004878333298757531,-0.01143672303445531,-0.028688564284695017,-0.0026546276399078694,,-0.0076818322576105436,-0.0063088874310539556,-0.005809911105973731
2010-01-29,-0.01599714192892432,,-0.018017732027908573,-0.007002572277707286,-0.010122556490700596,-0.01734670316691511,-0.003802498845480895,,-0.006059004637488208,-0.006984257624301771,-0.0061874793812488615
2010-02-01,0.0398142873922136,,0.03302732065208436,0.01692559115087855,0.014974610888978113,0.01145084645319061,0.007633914146809362,,0.006434360260012761,0.005754533169479048,0.012798322272346452
2010-02-02,0.0031901739041459987,,0.013144090947856402,0.009708328599993044,0.01907096068220504,0.009905263644861106,0.014393761511177328,,0.008075064710188373,0.0206610350315799,0.014002535716999276
2010-02-03,-0.011449643540928811,,-0.008590209532593707,-0.010988949818477978,-0.006003060437226537,0.0023356589107925707,-0.007094760465469752,,-0.007009138104653645,-0.013391688026926363,0.0006737344059746242
2010-02-04,-0.0373233710246752,,-0.041025916090252634,-0.043055286163565576,-0.029484506307780434,-0.027959071886732967,-0.020308445047590995,,-0.026218611685881243,-0.02525219639116838,-0.028946311263730817
2010-02-05,0.018716441579802456,,0.00018457649749725746,0.011611301182383071,-0.0043924029484094795,0.010067392379628615,-0.0026872376417235166,,-0.0017260680989662491,-0.001619042947888616,-0.0027732421452076883
2010-02-08,-0.016075956757096166,,-0.009218317032481438,-0.020086797703656734,-0.011029358524618282,-0.004271464746872233,-0.00115508278751697,,-0.011410189200454113,-0.004865736307006818,-0.006256623311783893
2010-02-09,0.024341480920863523,,0.021026900737892484,0.010249388045571628,0.019330798947785333,0.008579464210686005,0.011946795707036273,,0.010143117279656,0.007822982819009061,0.015390168995866205
2010-02-10,-0.006836018676682376,,-0.004191744525056329,0.007970670750715003,-0.0014584817180903764,-0.002835233782816804,-0.0011426544892206847,,-0.004501119430375122,-0.006144824680407557,-0.0041335115934180156
2010-02-12,-0.0019340062594028762,,0.0003600190693970884,0.0007168106120618578,-0.007916974963330992,0.0018760819339571633,0.0,,-0.003803205504929519,-0.002262636750192115,0.0
2010-02-16,0.025185766509422614,,0.023565216331321137,0.020788595020712286,0.023576470293817486,0.01498132520562856,0.010211776980947995,,0.017354696497465794,0.008746525442889563,0.016068589643031705
2010-02-17,0.0006297110330739653,,-0.0014063021025911837,0.00351128437922843,0.008504454981681953,0.002767448535191397,0.007113575020183616,,-0.004093560378150896,0.007707018341299943,0.008075012420243999
2010-02-18,0.010702158055470035,,0.005631994489990744,0.006298088050418649,0.00913560308033512,0.0064398124137354795,0.005947969411315146,,0.005481309667953127,0.004779976751104531,0.006342216922695654
2010-02-19,0.0056058684232378475,,0.0038504948143349704,0.00556335891696591,0.004874520909058155,-0.00274258399541516,0.002217313641409424,,0.013969010947662452,0.0,0.002321669792617831
2010-02-22,-0.004335841631105564,,-0.0137726978306415,0.013139444428934777,0.0006929439430829465,-0.001832984404902871,0.0,,-0.005376549340539327,-0.0028545329168092604,-0.0003310743312153752
2010-02-23,-0.015863197904248283,,-0.016616533230385477,-0.01842986542946934,-0.012811566503921124,-0.012396341795547938,-0.00553102009721107,,-0.006756764317963904,-0.009541632039423042,-0.005958240103853374
2010-02-24,-0.002528450806076332,,0.006291565626865836,0.017384954673604014,0.01017212002213097,0.009762510080357112,0.006303824555799364,,0.0010205388801314275,0.007385849030969283,0.012987182530538544
2010-02-25,-0.0022179386874227047,,0.0005356122176767286,-0.002733933373930797,-0.002430713448186572,-0.0027621348802274737,0.000736421340185256,,-0.002038659227862172,0.0006377887945487881,0.0016433442688807975
2010-02-26,0.0003177112226921963,,0.002321049652764362,0.006168587475405385,0.003828794943065761,0.0013847835937403907,-0.0047863471910643,,-0.007831257088360744,0.0003185316345615252,0.0016413333086664483
2010-03-01,0.01523804176259902,,0.009262584469712287,0.0027250458854790605,0.013176134525044736,0.01290931609127588,0.0070292493404791045,,0.014413318039092182,0.009553942586890685,0.015727301223141588
2010-03-02,0.008442899896733413,,0.008295412829198323,0.003396997296654103,0.001711104487506443,-0.0013656745196178877,0.0036736562585844013,,0.003044932277066481,0.0034698999329758617,-0.005161211147054701
2010-03-03,0.00868193804488171,,0.004375771896848901,0.0006770571441085949,0.0013664749239181706,0.00045595509343199225,0.00036578486183036496,,-0.001686816521752843,-0.004086789562328885,0.0029181865241403315
2010-03-04,0.0067629619236442284,,-0.005228476916904867,0.010148458443520747,0.004776662776145857,0.004100325989051301,0.003293327725538475,,0.002027398584748985,-0.0031563171148059066,0.009052485968646495
2010-03-05,0.012824333575649716,,0.018746063995893625,0.01942414183758645,0.015280194151434445,0.012250317012658885,0.006200156025175874,,0.010114249191915503,0.013932814784045178,0.018583989628702335
2010-03-08,0.0,,-0.0015479834929112979,0.001971015110159957,-0.004682062246165519,0.005378812322477833,-0.0036244957372346676,,0.0,-0.005933729556407585,0.0025166950231769736
2010-03-09,-0.006331016755212859,,0.0,0.0032783246081002915,0.008064198703516823,0.004458362904735003,-0.0014552641993059723,,-0.0013346948577099838,-0.0006285715499174671,-0.0015693769651331513
2010-03-10,0.00030345994080027694,,0.008784320630148335,0.011111572926045366,0.002000265168792037,0.006657703855270869,-0.0014571714337996422,,0.0003342303711895145,0.0006289669006169785,0.002200260523210096
2010-03-11,0.005762766806384878,,-0.0017073416904743732,0.00840307263664597,0.003659218393828878,0.003968453271241401,0.001823667691309705,,0.0033410763137511346,0.007854077020306383,0.007212017755188649
2010-03-12,0.003920699203652456,,0.0005130233199341916,-0.0038460074368401598,0.0066289842384028574,-0.0008783580485485221,0.0007290148219487591,,-0.006327005592384638,-0.007481346771960662,0.002801896068115539
2010-03-15,-0.00030069391337883555,,-0.010256639379392363,0.0,0.0,-0.0008794418774721313,0.007641876664617797,,0.003686501919289986,0.006595570952157681,-0.0012415436538099067
2010-03-16,0.014723571987090178,,0.008980914636837811,0.012226279037788945,0.013500414311659936,0.007479132559943702,0.004694732766741927,,0.011685790914369498,0.0028081407415050386,0.0074604689464405904
2010-03-17,0.005625930541089952,,0.010955599404613103,0.012079098101935193,0.001624381531013519,0.0030567503977543264,0.0043132683753697165,,0.003300387760032608,0.0003110986346241962,0.004936743434209356
2010-03-18,-0.007066286157084045,,-0.014900607434524815,-0.005653441721724328,0.006811154507640582,0.0013061171241883773,0.0010736335232255367,,-0.004605234483960996,0.006842820084710377,-0.00030718653387684647
2010-03-19,-0.010907908225491925,,-0.012021749786496505,-0.006584526564417104,-0.00400823692813157,-0.005975230633031514,-0.0029438217536895683,,-0.0011004522548981877,-0.00037184139757917567,-0.0030154568076868893
2010-03-23,0.013029574415208245,,0.003850786958430996,0.008243402644996456,0.011326945081777895,0.009581429116980456,0.007882210634612807,,0.004032051655449065,0.004929050876567809,0.003970569723645623
2010-03-24,-0.0029229546138791473,,-0.005754247197139795,0.0006288782865246922,-0.007039685834808074,-0.0047450450408333955,-0.007109738724835224,,-0.010374889736373794,-0.010729838441656536,-0.003954866649864663
2010-03-25,-0.019935868356745323,,-0.016836161034066932,0.004399381330280949,-0.000644681460632901,0.0017337809433795037,-0.001432150722598724,,-0.006424918905745258,-0.004028623453138813,0.005803243723365492
2010-03-26,0.007478407981418744,,0.00035665944208540523,0.001252141641966631,0.0025795620056281443,-0.004759212181577044,0.0007172594011393141,,0.002382711362824308,-0.007466999178502243,0.003947449555816052
2010-03-29,0.010689292741123957,,0.019436456520951273,0.0012497010116083729,0.009006145212393735,0.003042913904761413,0.004657850626134552,,0.012223812593848082,0.010657980763793207,0.0015125279926582191
2010-03-30,0.0014683422341323915,,0.0015739747903054102,-0.006242162109061589,0.0015940315011375716,0.00433389073555035,0.001782670596546465,,-0.002683819261601661,0.0,-0.0009061322383852044
2010-03-31,-0.00498669611162017,,0.004540865996944143,0.0018845579557495995,-0.0057288906490505775,-0.003020591754960722,-0.005695662853515526,,-0.0023545509059405,-0.003411156277268068,-0.007255212518625598
2010-04-01,0.01739383057901356,,0.017732857872155394,0.008150471686477978,0.006401837290344936,-0.001731631575292325,0.006445044156325519,,0.01382336262187267,0.005602007494089456,0.007003942899344251
2010-04-05,0.012170218758801976,,0.01776576219091175,0.009950094310573476,0.007315975284112097,0.01170889059855229,0.0,,0.005986163234698694,-0.00278574741995552,0.0120952313673246
2010-04-06,0.0017181147654590223,,0.0,0.010467969033602698,0.0003154621922127898,0.0008567749898849009,-0.0032017299708537728,,0.008264400918032822,-0.0006208273521494112,0.0014939999269498738
2010-04-07,-0.006287748066938659,,-0.009902598524060391,-0.00365600222127227,-0.0056817118866066,-0.003854053439995453,-0.006424236361211366,,-0.009836100161478845,-0.004347251335797719,-0.0035795049408317015
2010-04-08,0.0023008723675002063,,0.003559298104843789,0.007950690179599817,0.0031747425439201393,0.0017198211693869592,0.0017958968429638844,,-0.00596017735289156,-0.003743396621121442,0.009580607363340654
2010-04-09,0.001721673639175636,,0.010642630509591022,0.0036406620679190205,0.005696013375218412,0.007725149792501718,0.005378450914424571,,0.007328327259841894,0.004383341458878087,0.007413584568043863
2010-04-12,-0.0031508486662213953,,0.002339837288437341,0.004232658477892004,0.0022026915398691838,0.002129408094981411,0.003209411051203981,,0.0026455483142351355,-0.002805797949103628,0.0
2010-04-13,-0.0037353951368261917,,-0.0035016700841900006,0.0006019029457948744,0.0015700081875644756,0.002975076972457691,-0.0031991436841097842,,-0.005277243995463365,0.0009380535252858646,0.00529922248671344
2010-04-14,0.007498723896350201,,0.009538085512712291,0.025872245966873875,0.012852519150374775,0.01440662629345546,0.0014264280525437822,,0.0009947531073515314,-0.0034356827732819895,0.015519619480601543
2010-04-15,0.0,,-0.00016597453756583835,-0.004105320800754542,0.009594672188783404,0.004594899509021477,-0.0017805473100664937,,-0.0003314723538681008,-0.002820199534512291,0.004325486427783964
2010-04-16,-0.01717677078122204,,-0.01690993027272536,-0.036513606079208394,-0.01624790871402515,-0.01330535162429436,-0.004281123461300385,,-0.011596893874855296,-0.005971098159835209,-0.013207345235926926
2010-04-19,0.0002908752367900558,,0.0013493413528877785,0.009779704285756585,-0.0018695997358383343,0.0021069737913863573,0.003941419174542826,,0.0010059778638642491,0.008219959567555168,0.0017458945676926962
2010-04-20,0.003203149255742499,,0.019535185764212537,0.013317305587888129,0.011551808355360071,0.0054665742197264056,0.00285489195678279,,0.01272591551219171,0.0021953420161189285,0.012198818919876953
2010-04-21,-0.0026117960594160827,,-0.0009907994913747054,-0.00597423917653972,0.00679005600111493,0.0020913096163888145,0.0,,0.0009921213319441513,-0.01752223458572133,0.004591061116840489
2010-04-22,0.00989486037574383,,0.002479827542408053,0.005408859681692579,0.009196899780377077,0.0025041178969655853,0.0,,0.003303359489267743,-0.01146505318136648,0.017994886833258228
2010-04-23,0.008933585329243376,,0.024080773863645488,0.0029890454648715536,0.006075209899901068,0.002497666804363474,-0.0024910750246580626,,0.00790234894289954,0.009987315601970304,0.0008414180362554813
2010-04-26,0.004284513779126753,,-0.003382419291556138,-0.015494825466355056,0.0021135726939174315,-0.001245673088540289,-0.0021408221586294296,,-0.003593164150003769,-0.01052645234552263,0.007849856556017887
2010-04-27,-0.036404925931904586,,-0.03070420491766157,-0.03389830508474545,-0.024103695728400765,-0.019542660678515622,-0.017518367200360152,,-0.017049634979766415,-0.01160510003446602,-0.02892931508952612
2010-04-28,0.012101468350021127,,0.010169691065397668,0.014410898814056106,0.007100998928980751,0.0029684686745778954,0.008005548269337748,,0.010340614750992572,0.006523176530952135,-0.0034372468333336847
2010-04-30,-0.017629971680541034,,-0.012364254589377288,-0.024154645624748894,-0.02368077737743557,-0.02092922583577983,-0.005757566492238575,,0.003957905925478178,-0.012787604238190142,-0.02080997222255143
2010-05-06,-0.03287221567448462,,-0.03411404968091525,-0.042058723268335596,-0.03306069132319833,-0.030091778784916867,-0.02499126456892231,,-0.027583561114118416,-0.026817391520259748,-0.03559918585435562
2010-05-07,-0.01111859663161796,,-0.019087188148123047,-0.011140526735908818,-0.02214223079503952,-0.022032217881686966,-0.006686311403315104,,-0.005468757626587495,-0.013280666057034485,-0.01830367961596313
2010-05-10,0.04754279961713692,,0.04273528363336632,0.05566600049321502,0.057275945437436304,0.04597670025734568,0.029170032198819973,,0.03092817934004799,0.026918160510930766,0.05220636594770345
2010-05-11,-0.012572596053801677,,-0.006627389839131248,-0.0037663595814227957,-0.002834592043150286,-0.006593208597514,-0.00036350433457166265,,0.00200000700412839,-0.001965979271541185,-0.0002953994005033822
2010-05-12,0.02080711546656744,,0.013869577288496693,0.011341992003732981,0.022109750528671368,0.0261058016343918,0.006906440336014841,,0.008316856425524488,0.008207470758576418,0.014475974880348463
2010-05-13,-0.014907182517452933,,-0.006406837761410933,-0.01806838671796651,-0.015451297724909274,-0.014661643633142818,-0.006137205616574826,,-0.004289587505917014,-0.010745582160086142,-0.02242275370954938
2010-05-14,-0.024397880830776097,,-0.01986752443246087,-0.026015326222459723,-0.021029415412208263,-0.01925604371948819,-0.009443970224251474,,-0.008283355756112498,-0.013495853551448445,-0.016681815965367552
2010-05-17,0.0,,-0.010312995355281296,0.0006514114810312055,-0.002565086720874521,0.004908923996615355,0.01063430536518628,,0.0010021778940354498,0.0,0.007573322327862009
2010-05-18,-0.017093601998345975,,-0.007725424934767355,-0.028645977550754487,-0.012535873716271517,-0.01509773915728696,-0.005805403756057537,,-0.009679152929191637,-0.008007901004667417,-0.018640561777220843
2010-05-19,0.0,,-0.011406930442084073,0.0013406837643539227,-0.012695267397206722,-0.007664268889755355,-0.002555141426870189,,-0.01011125758371978,-0.002354422397343181,-0.006127605108222078
2010-05-20,-0.045410859457711394,,-0.04468852970709558,-0.046184531406116336,-0.04352151290317385,-0.03180458109781259,-0.02963755394318368,,-0.02996272349859408,-0.031355313758817616,-0.03884164177664229
2010-05-21,0.024629071713963224,,0.017446244995959148,0.0350872961863109,0.014133166829102262,0.007508344908514264,0.0037707907947694963,,0.004563270638203276,0.0024361983009140165,0.017639953310220946
2010-05-24,-0.017122218797497757,,-0.022799977629854085,-0.02847442166553016,-0.014955666887361163,-0.004657085283889195,-0.0071374565316612015,,-0.009434165723506305,-0.002430277662601732,-0.006933365206513109
2010-05-25,0.0167504461535104,,0.002314134343429197,0.009071772220774044,-0.0006902852771897283,-0.002808383392616687,-0.011729277721796438,,-0.005290966075257142,-0.004177109150055869,0.010155632602570464
2010-05-26,-0.007907872372184044,,-0.0021160932021303536,-0.006915483848348947,0.0020718433337028053,-0.009854039411072435,-0.006508221941558201,,-0.0003546305718097331,-0.0062913353991658205,-0.0031419517110957695
2010-05-27,0.039521458848211566,,0.0424132227716143,0.04526442320708224,0.03376984664110827,0.034123697804438136,0.020423787600980514,,0.019155446884724148,0.020400943479021105,0.035928399762060304
2010-05-28,-0.01757152633445247,,-0.018864146483350774,-0.02198527532437311,-0.013333490693957506,-0.008249774492344653,-0.004909168257662078,,0.001044151483216238,-0.004825627784441955,-0.015211437373482961
2010-06-01,-0.03219502876908109,,-0.0475024037874342,-0.021117420651171948,-0.022297082945450186,-0.009704527160940835,-0.0022767603559573635,,-0.023295668397265046,-0.01108491100076825,-0.015137617238122014
2010-06-02,0.030913987095446238,,0.043340075416985036,0.0313159955704545,0.02591567056649069,0.02239878833129083,0.017116223588577117,,0.021003964833810507,0.02171716999578699,0.02509416193463343
2010-06-03,-0.012060268910137117,,0.01346801593238256,-0.005398393168226212,0.004715236119132049,0.010040819793487143,0.001495666694220521,,0.010459941145373408,0.005827724751287677,0.0033659418320985957
2010-06-04,-0.03959066651552334,,-0.035186415584884556,-0.04002748925976607,-0.046932790303911065,-0.03208264064983457,-0.026511625269885375,,-0.029675893648361984,-0.0293119124997534,-0.03873131531325924
2010-06-07,-0.0178635235096406,,-0.008729409755418693,-0.019787990292779445,-0.025676665442945557,-0.014472810744870945,-0.007671867151042178,,0.006045989591646039,-0.00140444651744831,-0.0190355771803139
2010-06-08,0.02273547090146244,,0.016633993002797665,0.02090849229932301,0.01046919751466091,0.0018952041280921872,0.0162352855661696,,0.013078424823428803,0.0024615670754657426,0.008408270159110165
2010-06-09,0.0013676904011248325,,-0.010394512000712064,-0.010592888778676368,0.0,-0.005201256445878988,-0.001902333268174794,,-0.005582676142465104,-0.004559668727609045,0.0012835308035139548
2010-06-10,0.035860761232995975,,0.050184761589404436,0.03283372452682154,0.03858539704608788,0.024239513819112712,0.017149514073918404,,0.024561686050710962,0.019027399014997393,0.03395279635693882
2010-06-11,0.011210230939689314,,0.006112118640282382,0.002764539058464077,0.0034393283208637992,0.008816857617505836,-0.008242724518899958,,0.0006848588843264558,0.008298555787118023,-0.0009295743431744219
2010-06-14,-0.009781508786514626,,-0.005154362721227934,-0.004135483351697444,-0.0010278485746670896,-0.001839957904190448,0.005666648612520531,,0.005817934460792484,0.0017147259103900137,0.0027905280422257928
2010-06-15,0.02469519707424528,,0.02923752166067417,0.023529711829071598,0.030198826469424622,0.026266971734872024,0.010142822622194236,,0.01939402835648707,0.017117650329857126,0.02380959199368493
2010-06-16,-0.0012852390314476159,,-0.0007191931254387773,0.0006755502843356354,-0.0026649728622656355,0.0026946776044725063,-0.00669420301217416,,0.006341721822952895,0.003702140410412502,-0.006946477709867227
2010-06-17,-0.005469985628601792,,-0.001079566104679075,-0.0013507138136361618,0.0030062984703715934,0.0035821576373016306,0.008985501416013175,,0.007296949892585891,0.0013411684322301998,-0.0060827389387397846
2010-06-18,0.005719348346069575,,0.006187861482253476,0.005491599359660704,0.003914877096849567,-4.4466033889634105e-05,-0.003662412325242337,,0.0008984708482371317,-0.0053515557238627,-0.003223323782717946
2010-06-21,0.006138759837468477,,-0.002158188654952431,-0.0013488160816547135,0.0016668363062242175,-0.0071652368221203355,-0.0026256249248306496,,-0.00698128157648481,-0.0016921069369242314,-0.008007462012390776
2010-06-22,-0.02472688449590621,,-0.029194467185312267,-0.01552982043851403,-0.024292798889378964,-0.008570145559801845,-0.010906629599266693,,-0.024774207414619998,-0.009830552147662597,-0.022353361727812437
2010-06-23,0.0019758324329495203,,-0.0076106507040395455,-0.00480116499216432,-0.0037519818767990376,-0.0018201803241956194,0.006464259069495881,,-0.008925096023161161,-0.0041082591731929075,-0.000634908070983986
2010-06-24,-0.025304598812204815,,-0.020949956494216937,-0.017918533046840435,-0.017459524432181128,-0.020054534862135487,-0.012089433396455962,,-0.005542174396410138,-0.007218684847614454,-0.023832502483163487
2010-06-25,0.014835001539113435,,0.002865881678918214,0.027368088622448106,0.007665714634939258,-0.0009301356639824787,-0.010324957159038695,,0.0045276596322536555,0.004501181963192602,0.002930014418306426
2010-06-28,-0.011295517953806011,,-0.013526546421347874,-0.009562660521576505,-0.006915800756996826,0.00186233109954137,0.008501087392674966,,0.006588406526897961,-0.0017236044297884723,-0.007465173596990726
2010-06-29,-0.03696228496670351,,-0.033024368604412824,-0.035861674091316464,-0.0386490208600615,-0.03717498558206411,-0.016092090124501968,,-0.02032424468867211,-0.018300963308752527,-0.035644373012387875
2010-06-30,-0.010119292035299488,,-0.00778939089856634,-0.012160459320388006,-0.00651942878178513,-0.01544388027874366,-0.007009583451918933,,-0.006328648297414419,-0.00809005113191752,-0.012207715147000364
2010-07-01,-0.005639138615222583,,-0.0036227322486055424,-0.009413953128790675,-0.0029160106286535425,-0.003921504999950476,0.0019611670729029473,,-0.004600446041847062,-0.00851079712752656,0.008239479368976843
2010-07-02,-0.005671592143659421,,-0.0024243240992171122,-0.011695589339637436,-0.012432439648077054,-0.0014765127497529118,-0.003914202976432746,,0.0010666101811782625,0.002503594066523007,-0.01123636561371777
2010-07-06,0.0010691024813269667,,0.009720538803913659,0.005917341780491636,0.0018513552485674989,0.009857086761661416,0.005893692764523228,,0.01171848049485047,0.0049946834731382506,0.0
2010-07-07,0.039886288335320375,,0.03529891595511203,0.04411774102706656,0.03473778272254302,0.03221148806369856,0.019141079977690323,,0.03088854515572681,0.01952456563069438,0.028237247652949105
2010-07-08,0.01643827172856671,,0.0141414034932148,0.00774586811992628,0.012857429951042665,0.006145872260909124,0.014948169279019208,,0.007830582946346976,0.008356268593075589,0.008706989659942543
2010-07-09,0.023922006280784114,,0.005157982947154416,0.013976566553904002,0.009872748165024703,0.005168910421878836,0.0,,0.006757418287539618,0.0024171439435878295,0.009627933873266326
2010-07-12,-0.0131625217984086,,-0.002660715546884851,0.0013779209030193584,-0.005237517538102199,0.004675693647191448,0.003398906853748773,,0.0033556494542859028,-0.0017221605003305829,0.0013156724394551844
2010-07-13,0.027009276333111787,,0.01200458284050221,0.024776884576784175,0.01755019237445521,0.014424953864834666,0.009032321701664126,,0.003344209411813903,0.007591212288822646,0.024958943048391635
2010-07-14,-0.003246414889464755,,-0.0011295278753088445,-0.007387448341325653,0.0020698720753355992,0.005963812459505169,0.00037306799439940086,,0.00033323048709155145,0.0,-0.006408111469105471
2010-07-15,-0.0009777749943240543,,-0.0011312878598130904,-0.0020296483419798284,-0.0003444272177125507,0.0031918010383362727,0.0029829985513065704,,0.006664663114113845,0.0030820797462309812,0.003224868948533244
2010-07-16,-0.02738821354554266,,-0.023778212895449347,-0.042034285399262794,-0.03340222492771494,-0.028636626657258413,-0.01412623980324812,,-0.017212800319019617,-0.0208259932289524,-0.03503704715914413
2010-07-21,-0.003250724674167871,,-0.016338008560663808,-0.01611684733347496,-0.002441522173352806,-0.011970796103711767,-0.010784623109065694,,-0.01545050232155376,-0.016359538647392258,-0.017891781860356448
2010-07-22,0.02152675711632379,,0.022145667216232345,0.029201812841891828,0.030768913519691354,0.027027491183394092,0.011277885319937564,,0.016026970228544712,0.006369459203406702,0.03014246461700454
2010-07-23,0.022030176443480265,,0.004482363350334806,0.007612288858671157,0.02001398144998312,0.00680546784875502,0.009293661066378966,,0.0016425008848299782,-0.00035142039830438065,0.014468985336588025
2010-07-26,0.005936062774305917,,0.008739974075651968,0.013736476605421322,0.01629528510529621,0.006309124571013847,0.005156048800401214,,0.007217753836796792,0.014421422071196233,0.014897125121337895
2010-07-27,-0.008074653767477957,,-0.004792885736140784,0.0027104259931745034,-0.006872075073934281,0.0026865827290027955,0.003664956339543668,,0.014658541481842535,0.0010404134384540686,-0.012804252169557717
2010-07-28,-0.003131045760923712,,-0.002223064639505501,-0.008784339219057968,-0.0026355437522975755,-0.008039096616779262,-0.005476566379909231,,-0.004815382356107012,-0.01350933962900136,-0.006959883818434376
2010-07-29,-0.0009418446568555394,,0.001485147044055779,0.0034083953937527056,-0.003303514797371121,-0.009004754614438615,-0.012114452934966713,,-0.015484014447400996,-0.000702289549352697,-0.005097062627052562
2010-07-30,0.006286842542674753,,-0.0020385297429071914,-0.0006793424546970295,0.003977153917244403,-0.004089636905941441,0.002601016575918935,,-0.0049149959377911,0.003865437925811843,0.006724288291593217
2010-08-02,0.026866615444808506,,0.03491794801243708,0.02515286365440783,0.019808848472659735,0.020985901058205192,0.011489657041377388,,0.02074449494866837,0.018901210159171455,0.021310251692874704
2010-08-03,-0.018253373392513317,,-0.0003587008274247294,-0.011272606854265232,-0.005179848289978972,-0.005362000596826788,-0.008794025501824065,,-0.004838892069681688,0.008244058657050246,-0.015260179604329238
2010-08-04,0.009296501062233897,,0.007719777346385515,0.004023798707026627,0.00878614847114556,0.008086781785864083,0.0036969361215866137,,0.004214006754374555,0.009880795250925667,0.016762059969832377
2010-08-05,0.0021487635017169993,,0.003206779082621125,-0.004007672639043447,0.0006454410424570067,-0.004456489003034192,-0.004419897526119487,,-0.0016138656744437707,0.00033736035622178306,0.0031102311220376766
2010-08-06,-0.0045950295304176825,,-0.011898189497887124,-0.008719219282510293,-0.005480693620913968,-0.00268611510817085,0.0022200816407431656,,0.0019396853037592088,0.002023981848966905,-0.006822051234012583
2010-08-09,0.006155344553735009,,0.00413352083467089,0.005412780558381458,0.005186979882701337,0.006732373457182028,0.00516757400021195,,0.003549484948839332,0.0026926901558887995,0.009678586397797506
2010-08-10,-0.010706505525859167,,-0.008233239521703961,-0.008748663175319082,-0.006772266245831604,-0.010254155576112423,0.0022030303485209846,,0.005787771206123171,0.002349214174484082,-0.008658228617741348
2010-08-11,-0.03370438415774546,,-0.029778476804320553,-0.035301930966287975,-0.037337886256282427,-0.0238736632493306,-0.01648948833495567,,-0.020140785662226768,-0.02578677716539257,-0.026200465019147412
2010-08-12,0.006400017500581834,,-0.00595208891437804,-0.007037131601426605,-0.007082558755607926,-0.013844097130858879,-0.0011175211898046822,,-0.0019575118071341047,0.0041252065910117874,-0.0038436495472780052
2010-08-13,-0.004769827951314087,,-0.0016839194586587558,-0.0028347355238498295,-0.0013585909020545905,-0.00467951886637008,-0.00037295985874885584,,0.003595686578057755,-0.003765507637291221,-0.011254117004673714
2010-08-16,0.004473352018583787,,-0.00018773775465641407,-0.002843566142085252,-0.0020410929747202156,0.0018804975223212228,-0.0011191888531126848,,0.0,-0.005154819465299831,-0.00032535621439366835
2010-08-17,0.023536854124996953,,0.016685753021666194,0.00784083445618089,0.017382685797250996,0.010793308921771771,0.009712309568848276,,0.00977257264371767,0.013816639752600723,0.016265672577013612
2010-08-18,0.003728818200715356,,-0.009588836689217617,0.004243356291246281,0.003685107027191714,0.005570994516081118,0.0007398484544107742,,-0.005484378116272559,-0.0013628595606757221,0.009282829845419949
2010-08-19,-0.022910099233858117,,-0.01619796306551413,-0.023239571453363084,-0.021361870821168805,-0.01200352572477481,-0.011830002671902817,,-0.01427152238670093,-0.018423501260542263,-0.01934667893637676
2010-08-20,-0.002218206503551867,,-0.012301832235340204,-0.0028840104628592433,-0.005116046026911736,-0.002336478840825662,0.0,,0.002632487660214178,-0.003475447479610483,-0.0006466869943138054
2010-08-23,-0.011114502201047594,,0.00038345317369437026,-0.006507427410121336,-0.010970467237171877,-0.00889941288503926,0.0022446732935288427,,0.006563619780276531,0.004533717619874533,-0.009061343790987775
2010-08-24,-0.023121485429337674,,-0.015513907417943562,-0.016739421799705,-0.02045040827542033,-0.01370539431700013,-0.004852422088000297,,0.0016303902799035264,-0.021527523318129238,-0.01698251038701104
2010-08-25,0.0029586585752423566,,-0.003113090392838247,0.002960400720613432,-0.0017688328205892612,0.006229232750775138,0.0022505667195815704,,-0.0006513695470404812,0.009935751969408546,0.010298556625653266
2010-08-26,-0.001310769128971323,,-0.0089773738718546,-0.008118017029694946,-0.0014182796343155113,-0.009999796554437057,-0.007484862642435863,,-0.004560124699144463,-0.006324262921653556,-0.006905382994554232
2010-08-27,0.02986500796599456,,0.025994799161698445,0.021577670897797496,0.020234318149664476,0.012024829431740214,0.006410084724797649,,0.01897937033745678,0.010254553338924888,0.01622553989544029
2010-08-30,-0.014977515388283624,,-0.014587289223476518,-0.021121909290396257,-0.01530973610915054,-0.013307825282870889,-0.008617511530748523,,-0.015093371889077445,-0.01260103848086147,-0.01759545875905022
2010-08-31,0.004205476475672487,,-0.0027270515609079116,0.008928384832587843,-0.0038866714378726908,-0.003372025901084874,0.0007560053945916412,,0.0045644783815714796,-0.0038987260500794596,0.00132671141140972
2010-09-01,0.02996156858534671,,0.03730451551231484,0.03834881414013891,0.03972986560572078,0.025615782661419173,0.017749202168337197,,0.021746548618814643,0.023131245026241753,0.03444848730771377
2010-09-02,0.011885976151870592,,0.008284771449759143,0.009942656577939246,0.012624320097754937,0.008954823981644378,0.006307809530120556,,0.0,0.0052175760108590374,0.018571678458237928
2010-09-03,0.011746937031590132,,0.012138189725027004,0.021097314862397187,0.015161626525839855,0.014945598097482193,0.006268056674734623,,0.004447443831838482,0.009342906762657366,0.01477557742606006
2010-09-07,-0.009776939125289763,,-0.01494494700459692,-0.02272751319499844,-0.009293192197792566,-0.008283373071443112,-0.004029975325098967,,-0.005060272927380538,-0.0058283809626418215,-0.01610932704855239
2010-09-08,0.007713605802354806,,0.008615919149885798,0.009865914765451622,0.010385270519871037,0.005568518870928241,0.004414590976220989,,-0.004768140382909403,0.005517316591146848,0.007241950469593306
2010-09-09,-0.0033682229281994935,,0.002043028304115291,0.012561287648126696,-0.0009945758412122085,0.002768624437362588,0.0032969219878551392,,0.009901360985753005,0.010630916706395155,0.0009375126703086156
2010-09-10,0.00829498682860108,,0.010377734787188286,0.0013779209030193584,0.008961026162566554,0.00046063150808106634,0.00474612466854385,,-0.005692588702220669,0.01018011965858756,0.008432449980146473
2010-09-13,0.01614862006118578,,0.008070511351967458,0.021335327237911983,0.00986824728382163,0.017938865068278353,0.001089907578028626,,0.0034986807998615976,0.0023511260638855447,0.012078005971495998
2010-09-14,-0.001798801220894819,,-0.003457108913898943,-0.008759935459381363,-0.0029315782396076573,0.004067037541680918,0.0018149208020208363,,-0.0012681582706833838,0.0033514911956178395,0.0009179301388639871
2010-09-16,0.004815438590400678,,-0.004573639043721767,-0.0027101105828571947,-0.0013069954701389053,0.005814134158985684,0.0010792139942079615,,-0.003510966364533852,-0.003970790399884239,0.0
2010-09-17,0.00018322346456778327,,-0.005003759850119027,-0.005242659880832501,0.009370651914285322,0.0053999653675751436,-0.002642344095602045,,-0.0017144747562192197,-0.00020024648131566902,0.0026019931523901807
2010-09-21,-0.004553966987671965,,0.0007293631341125373,-0.009402651934046546,0.0019254982185878955,-0.0017496407353195798,-0.0017955763415555825,,-0.0051183236852094804,0.0006592814231360933,-0.004194028703820685
2010-09-22,0.0024397658852757242,,-0.007293777100954024,-0.016271005461493515,-0.005125065344786295,-0.004820560179616851,0.0017988062354750145,,0.007073798179185742,0.001646914270811095,-0.006618354411982663
2010-09-24,0.02456983616519004,,0.021627113980245527,0.026704128583364906,0.027450884684568466,0.019400448224649036,0.013371640964682907,,0.01614974834022953,0.01355413743570244,0.02587543147428506
2010-09-27,-0.005695281382061657,,-0.0037998219309082204,-0.01095156345761139,-0.006361382362902623,0.0004325924193335773,-0.005706048861443769,,0.0019070672707350855,-0.007501839633869523,-0.006527945659705825
2010-09-28,0.0,,0.007083034628606599,0.0020763829918324372,0.0054415809214301,0.0012968115969582694,0.006455963356460703,,0.0006348191897822542,0.008215468419594307,0.007765750263976079
2010-09-29,-0.007838399541875152,,0.010640158689296353,-0.007596915852763564,-0.00031814654004314047,-0.0021590247243576943,-0.0028509914558481064,,-0.0019024336427108102,-0.0035853411085224884,-0.007113465879752923
2010-09-30,-0.003949924154617257,,0.0003570671956112381,-0.0013916743266579878,-0.003821885756486232,-0.0038939041923258255,-0.0035737485192971485,,-0.0031770046931282048,-0.002616558101897648,-0.0026861547251489926
2010-10-01,0.013117337730848666,,0.013378192550349333,0.010452750763353169,0.0009593807730641224,0.0004344715145800926,0.0017930248792268344,,0.005417885663612232,0.0,0.0011970696890799548
2010-10-04,-0.015959190997508088,,-0.012497797175471392,-0.0068963072299905726,-0.010540315286207469,-0.008250662850069035,-0.0028638494023555117,,-0.0019018307541872614,-0.00983951494509172,-0.0020930721814175213
2010-10-05,0.028152312822304237,,0.023529533377173006,0.022916612008837545,0.026791707864989744,0.019702749065759084,0.009335198505657116,,0.011114505076599501,0.018549308352228122,0.020971177294973886
2010-10-06,0.00952364113250237,,0.008882055807868605,-0.0006789360077322781,0.005972686229905877,-0.004723581027582191,0.0042692396114574205,,-0.004710970039454754,-0.003902624420549672,-0.006749197813854968
2010-10-07,-0.010023496149595634,,-0.005006465580067898,-0.004076173277755779,-0.0021871563839437336,0.0,-0.0035423036547247433,,0.001893124664415602,0.001958715388461929,0.004726719817515379
2010-10-08,0.01965429796459084,,0.012491301760742424,0.0027286061855023025,0.008455950529523193,0.0056083393321777475,0.002132999104803357,,0.0031499886454957604,0.0026068101698510926,0.010291082025012388
2010-10-12,0.0026331921256301793,,-0.0015381638320348667,0.011580592632453701,-0.0006228966656834922,0.005995938664864031,0.002480868162069605,,-0.0040806735236086356,0.0022735602128887145,0.0023278045131482905
2010-10-13,0.016048772530688815,,0.012151836719380249,0.0006733453460867622,0.016516179325258173,0.008088197880647074,0.008482618187856783,,0.003782186133382881,0.007128934581339008,0.0014512819869012539
2010-10-14,-0.009477301917151792,,-0.0015222533789509551,-0.017496136443961308,-0.005824221169178578,0.00042265865231816413,0.0003508184603762121,,-0.0015699982017063352,-0.0019305142030346945,-0.001159516426504914
2010-10-15,0.002899236287074558,,0.0027096346137367444,-0.01712378196882769,-0.006167264722496957,0.016884689692868493,0.0024529516411477825,,0.0031445294249234923,0.004190712073120162,0.007254839652909739
2010-10-18,0.004336963471858857,,0.002702204707155209,0.02229954690288327,-0.0006204984210904652,0.006641227399801108,0.0034948514454202773,,0.0,0.009309772573403707,0.0014404111650456741
2010-10-19,-0.02561930039779514,,-0.01987503983562766,-0.013632991484763046,-0.013349984866305231,-0.017731703489520023,-0.012190733554576338,,0.0018809647137150165,-0.01876586855290263,-0.018124214333677613
2010-10-20,0.020679526371265133,,0.01288893245116074,0.009675035939776366,0.014159903035976473,0.00839671464583569,0.0088155212288199,,0.008135209009104027,0.009400465163792004,0.012891942825570935
2010-10-21,-0.0002894353155623586,,-0.0005092477113856075,0.0,0.00806687354150748,0.0008324751993182833,0.0034948514454202773,,-0.004345194534640773,0.0025689800203134716,0.005785377006769732
2010-10-22,-0.007237674733422295,,0.00662023985347826,-0.0006839825674526123,-0.0003076492229687755,0.002911580198491359,0.0034832815819219043,,-0.006545935731578356,0.0003202304393428168,0.005464421218945192
2010-10-25,0.021580531430308136,,0.0026978883073165427,-0.0034250109152603736,0.003386747038267801,0.002903612577173087,0.0024299632048416786,,-0.0021965575962669126,0.0054432818806253724,0.00629280321911474
2010-10-26,-0.005995003802396814,,0.002018427461416783,0.0013742445459337116,-0.004602993738615835,0.002481287324869186,-0.005540481517341989,,-0.002515906703326909,-0.0028661825460969403,0.00426389526008264
2010-10-27,-0.009190110949965358,,-0.004196435179975921,0.000686710640093624,-0.007398095115792924,0.0028878469773039317,-0.005222651515728427,,-0.004098280046466507,-0.006068467860161353,-0.006226705283912337
2010-10-28,0.0005797095292654486,,-0.0021904098009372097,0.0,-0.0021740442358324508,0.0,0.0034999464484113396,,0.002532835494065022,0.005784180077415213,0.004556565672251267
2010-10-29,0.008111231251666906,,0.0006756918952603996,-0.0013719478037524935,0.0015563512031482318,0.0016454739651996508,0.003488542780107018,,0.0015783119647378996,-0.004153145443099859,-0.0002825559836872049
2010-11-01,-0.0005753136737997044,,0.001181258978310451,0.0,0.0,0.0008210972425810592,-0.004170997802689702,,-0.009772993223639004,0.0,-0.001985888694324811
2010-11-02,0.01035174985499765,,0.010959068958348084,0.0027477716028507793,0.009633262085761762,0.00984834640687482,0.00593310186757412,,0.011779652956262598,0.009624463141840955,0.011367088533118741
2010-11-04,0.03282020280240294,,0.03178571515685058,0.03324287695404382,0.021204779775530813,0.014949714467919595,0.012106495580407772,,0.010718913932976193,0.004763683256239215,0.015655460502993712
2010-11-05,0.0035917134375729187,,0.004999839142581619,0.0229810024905599,0.006018714612742837,-0.0007963937043463654,-0.005126266293138948,,-0.0003120633082261959,-0.006005172447708151,0.0049545827801082964
2010-11-08,0.002477826954335738,,0.0030494723892198206,-0.007702344303655018,-0.004188031259063529,0.0007970284527882843,-0.0017179556476123459,,-0.005615882769651304,-0.0025438149009298083,-0.0016429862413843699
2010-11-09,-0.01757721401815504,,-0.0019198427664172124,-0.018757848736795868,-0.009011419801270959,-0.002786865844859543,-0.005161547614377815,,-0.00345174778094004,-0.004144270920797499,-0.009053725359538412
2010-11-10,0.005032070422207546,,0.0128248309665846,0.011206324982710125,-0.0003031403632280938,0.0007983392303059222,-0.0031131756751711093,,-0.004407926612862156,-0.00031994644316335474,0.008859327508893733
2010-11-11,0.010291914737301289,,0.011079065316264902,-0.009778461263297622,-0.005761182354823036,-0.015157371754412341,0.001041465342836112,,-0.0006326080140042212,0.002881704902631288,-0.0013717745873029763
2010-11-12,-0.022301595502369764,,-0.014715000062349382,-0.016458474933204514,-0.011589131811345577,-0.014175968484500978,-0.004853285908339222,,-0.008227685205096091,-0.012451874338005986,-0.010442564221510908
2010-11-15,-0.007885019789014014,,-0.005084330469330767,0.004685750150118739,0.0030854187687698875,-0.0028757902873705055,0.00034841839605026514,,0.0035095057108349703,0.000323392616922602,-0.0019440172852075444
2010-11-16,-0.02157271903368152,,-0.01868404759258835,-0.016655844105607054,-0.015994873739423765,-0.01812927339791237,-0.011141897117363353,,-0.011764365432486601,-0.014544211319600375,-0.013633538788340394
2010-11-17,-0.0002903348044692722,,0.004068110043061068,-0.006775037190060562,0.0006249154339343921,0.0004195072644739284,0.00035191738212381196,,-0.00032190310023416657,0.001639487145092433,0.008744410187589091
2010-11-18,0.018862737244285555,,0.02204257679299859,0.013642714077559015,0.020306510916810794,0.016778454021259215,0.0133756539388723,,0.005793119923554801,0.014079745978428537,0.008668479657632844
2010-11-19,0.007974777918095866,,0.008404568078345775,0.0,0.0030614892450053777,0.0028878469773039317,0.0006947003799655516,,-0.0038397667160599003,0.0009689251740954141,0.004713689310939184
2010-11-22,0.002543162774545582,,-0.0031452248051561105,-0.014804671610240128,-0.0021368039947177175,0.005758870232315694,0.0,,0.0028908222102501657,0.00032282176175590926,0.004690432055642457
2010-11-24,0.01925307890581207,,0.018020327391941482,0.015267753828704045,0.022642948746383507,0.016604427815052336,0.0077273926798759884,,0.006152541966901293,0.009489672499539692,0.020630706505496477
2010-11-26,-0.016915903545047684,,-0.012011402845514163,-0.014354260928758134,-0.008189294723543461,-0.009800469231345588,-0.0066225557597019424,,-0.0067586226598358445,-0.008752242799744181,-0.008195062803931008
2010-11-29,0.00860345001114915,,0.0067185264362998875,0.008321735996033919,-0.00030606189767856673,-0.002473740321022211,-0.0017543219963132017,,-0.0019447704775880092,-0.0009807168755263662,-0.002203305769625019
2010-11-30,0.0005688146688105356,,-0.003495780476206245,-0.005501824517291198,-0.0024470690768624292,-0.009921723479687894,-0.004569819742795023,,-0.001298587528944628,-0.009165361317602705,-0.002207726566756385
2010-12-01,0.02728014543381896,,0.029660504970923096,0.0200550656347116,0.02575935825669573,0.021294517680307434,0.01624359115228624,,0.01170405269604724,0.01916084568812426,0.021299526899911214
2010-12-02,0.01521458737785375,,0.014867353269244488,0.025762906436601174,0.015545233259373736,0.011856194514035634,0.0006948414697232064,,0.0028917497860871944,0.007779789168017803,0.01300129256478666
2010-12-03,0.008446714225385232,,0.00442544056020755,0.00330431842458645,0.0020606166924683755,0.002424048145281743,0.00034692962286198004,,0.002242699325891939,0.0,0.0005349575078765767
2010-12-06,0.0016213232863331317,,0.0033428696823010196,-0.0013170071502105474,-0.0005875795795725614,0.0,-0.002429263791090319,,-0.002876959525786482,-0.006433056445758645,0.0010692200073243452
2010-12-07,0.0013485156479282612,,-0.0037860373143963066,0.0013187439454158678,0.002645737312049201,0.001209281725120137,0.005566668259203933,,-0.006733030162585196,0.0006476227726872619,0.0005333020541400391
2010-12-08,-0.010506033603401743,,-0.004711908152807198,0.0164692192928082,-0.003517720562948523,0.008454182929297893,0.0038065083363985064,,-0.0035509104664404045,0.0009704858365877644,-0.002667789662241238
2010-12-09,0.00544491947052661,,0.0022904668114427373,0.012313667376046444,0.0029419191796524746,0.0007983392303059222,0.0027572313693884354,,0.004211541981501199,0.001615562273383997,0.0013374013573415056
2010-12-10,0.008665245360913731,,0.004114292505689843,0.008963222862617082,0.009093302321900865,0.0047865875532489,0.0017191373142744215,,0.0038711455046951393,0.009680926469301632,0.0034729311610293134
2010-12-13,0.005369120726737897,,0.008497931313916629,-0.0006347601994644014,0.0005817996327552866,-0.001984848629757119,0.0,,0.004819445190785698,0.001597728040513724,-0.004791904311115314
2010-12-14,-0.0008013466145219139,,-0.004664596730093562,-0.008889043122098261,0.00464814836407812,0.0015911485176463014,0.004804493677432298,,0.002558652630123781,0.010210976303051567,-0.0002675295062520844
2010-12-15,-0.005344800141220629,,-0.005442309381892607,-0.008327906869481483,-0.0040485330330001235,-0.003971830637901519,0.0010245133070230228,,-0.008612426546589003,-0.00315889144393966,-0.0032109669295030674
2010-12-16,0.009403537884687285,,0.005624068479150424,0.0012919835903981713,0.011033682022378866,0.0015955152479982804,0.008870780822778812,,0.009008837486945698,0.006971051511281523,0.007248133789125921
2010-12-17,0.00786241659126019,,0.00034926152762948526,0.005568329636963076,-0.002973560544942022,0.001997362487072607,0.0015691557272432544,,0.005195630112565963,0.0017078500797347296,0.0016086299477278132
2010-12-20,0.0031944836391137876,,0.006526002377730933,0.0006440195242323199,-0.0002893090007438648,0.0007975940037432405,-0.0010217210985212777,,0.0012840067703656644,-0.00031552530346889984,0.005888367531197369
2010-12-21,0.010085225922205954,,0.010102544582303086,0.017374754639853274,0.008108851479760038,0.005975655582511008,-0.0023866487773411826,,0.00032023344539289234,-0.002527016893110301,0.004258165703685313
2010-12-22,-0.0005253400164694222,,0.0034332135735195557,0.011384994266665283,0.0022981168858229317,-0.0011879210854884859,0.004443076887066688,,0.004487435039292942,0.0028498433865993267,0.0013248148943565408
2010-12-27,0.0015731903801310398,,-0.0035602444886938533,0.00882125609406259,0.001723346680608806,0.001983286697945452,-0.004761449487917346,,0.0006377044342802396,-0.0018959779385581133,-0.002923574277408192
2010-12-28,0.0020939300086972867,,0.003721917375417716,0.0,-0.0005737021401959197,-0.0011874505574928085,0.0027340961312645184,,0.003505594864996242,0.0006332709447636198,-0.0021324868972594224
2010-12-29,0.004179516152680529,,0.009937713436639184,-0.0018736509404871926,0.0008606122127476912,0.001981252371720421,0.0003406113146373624,,-0.0034933486000821024,0.0003162018959987911,0.003205291293131962
2010-12-30,0.0,,0.0008808926702070785,-0.003129128389261604,-0.0017193822190222363,-0.0023731151799351036,-0.0017034489785919815,,-0.0015933969726672492,-0.0034787531783087022,-0.0018640076340710188
2011-01-04,-0.006714621287313816,,-0.00858072294092449,-0.0012270980347689475,-0.0014240944694906554,0.003926356633126016,-0.0027260045098617125,,0.004763088376088298,0.0031455064541312527,-0.005547969126321273
2011-01-05,0.00234018595399732,,0.003961041614064298,0.01167085346539265,0.005133186709289417,0.005866090815897618,0.0003420110346330496,,-0.0063206115917383565,0.0021952892927159517,0.008235529508966444
2011-01-06,-0.005188174439781257,,-0.00949769278445678,-0.006678674542569318,-0.0017023238900624182,0.0058318804754020626,-0.0034155298866416217,,0.0009537686039711168,0.004067376361968078,-0.006060416869177687
2011-01-07,-0.0010428703941440798,,0.007228540629738545,-0.0085577111767291,0.0019889045354550827,-0.00463879581397586,-0.005140413490194562,,0.0034957715584278404,-0.0006234038293165822,-0.00053021922154739
2011-01-11,0.008081661330618495,,0.016615040460610686,0.0037088836239316247,0.0036815767495095297,-0.0015522955098921098,-0.0006883181206548405,,0.0015919761568814472,0.005002616437620455,-0.0002656132636882358
2011-01-12,0.009826221337866148,,0.013740305032404088,0.016625453965111614,0.008182886478797835,0.008939032567817584,0.008267079555354995,,0.005085822497036929,0.005289696383322884,0.0023896970299461806
2011-01-13,-0.008706629311640679,,-0.0028535785187134843,-0.003028770846802753,0.0011195424163910062,-0.0007703774301767163,0.0020504087997059717,,-0.0009488418370807716,-0.005261862727085842,-0.001589878574788206
2011-01-14,0.002325005433775562,,0.010874176096656418,0.01579552449985422,0.003913733939147068,0.00886684459235143,0.0,,0.004748010780855516,0.0012449447293465532,0.006103258552204505
2011-01-18,0.005412807894429772,,0.006228112814915754,-0.005980541280691587,0.00724069104529268,0.0011458032395970097,0.0006816494632715386,,0.0025206797665386915,0.0037288159663597664,0.0029002515043003996
2011-01-19,-0.0230715757547848,,-0.012097649367005414,-0.022262324539341405,-0.010505990591827552,-0.007251413713442956,-0.002044236003133082,,-0.0025143419157456215,-0.0068111848875370695,-0.009991509267791354
2011-01-20,-0.01416938977211335,,-0.007119139668692487,0.004923590407329259,-0.005029494064362372,-0.005382811990374159,0.005121204802303492,,0.007561538687969049,0.0024937035116039397,0.002124819735043859
2011-01-21,-0.0023954848137747176,,0.005305897028330175,0.007960300152252797,0.008143750261258687,-0.005798066842587657,0.0016984351850011237,,-0.0009378628591699689,0.0009328413085663012,0.0023850203724151697
2011-01-24,0.010672649026057579,,0.0037091688685040314,-0.0012151701219424993,0.009470836918291647,0.013996821231419654,0.0016953618596029507,,0.00563405105717063,-0.001242400249808262,0.003966281467506105
2011-01-25,0.0013199333371984867,,-0.0028425380535719302,-0.0018246443918789046,-0.001103508220278382,0.004600906955515072,0.0033852747551899043,,-0.0015564000672173561,0.0,0.0005271498431860255
2011-01-26,0.021091299882430192,,0.02394524063474801,-0.0006094832892241664,0.005801005131494508,0.005725572801905665,-0.0026991404342501246,,-0.003740747069647443,-0.0012441749988687523,0.0015791113030561021
2011-01-27,-0.008262244782164307,,-0.005846053712831978,0.008536746890708269,0.0035702808150765986,0.0034152556577085047,-0.010148567302257439,,0.0037547927998105024,0.0024912202411013773,0.007884250210353771
2011-01-28,-0.015620915227046894,,-0.004340967461798573,-0.0175333884580422,-0.019430606109502757,-0.023070702590331615,-0.009569726570881287,,-0.01340376580954028,-0.018017742272437576,-0.03259499707996738
2011-01-31,0.01666195206485832,,0.02868820171763775,0.009230747029834285,0.011442786315293496,0.006194396981517247,-0.003450691098304093,,0.0022113633189408954,0.0022143460209473886,0.0021565061382722295
2011-02-01,0.026795465713122635,,0.01626760528565563,0.020731400786950793,0.01407265873582908,0.016929184237808315,0.007272106379307974,,0.010088372568787474,0.017992605062664202,0.011834861121226448
2011-02-02,-0.0017737290522322757,,-0.0008064922196969748,-0.007765341087492272,-0.0032649959058610456,0.0018918274008634661,-0.003781963937292021,,-0.005305594380902279,-0.003411252615770022,-0.0029243520272039802
2011-02-03,0.0043149053333961795,,0.0005380954495914914,0.0006018658398319054,0.0005459485039405187,0.0015109385721221447,0.00517569200176804,,0.004078496346882954,0.0012449447293465532,0.011730191511041488
2011-02-04,0.0002527120291320184,,-0.0025565421972879587,-0.000601503815233051,0.0035471771597124224,0.006410065437329582,0.00583644970502295,,-0.006249703314869182,0.004661535335793943,0.006851136600102725
2011-02-07,0.005305480642177729,,0.0058008550268087156,0.014448681138258257,0.00951585523515286,0.004870712061445737,0.0013652793241896166,,0.0066038978416986804,-0.0015470154063157437,0.005234258364946731
2011-02-08,0.003267353837457465,,-0.0033532756000614894,0.007121902868143959,0.006732901425909876,0.004101428452502054,0.00477167078700691,,-0.00031282423497303036,0.0027879679863211937,0.011976030790336045
2011-02-09,-0.009018129642669348,,-0.012649791683084222,-0.007071540046802438,-0.0002676663510199351,-0.0018567886720919358,0.0016959367407851644,,0.0,-0.00216235713322821,0.006689097021325363
2011-02-10,0.0017696284587387368,,0.010222732979838556,0.0,0.005352393340485095,-0.004463888964273743,-0.0037253237166187114,,0.0018753479533144546,0.00030975145032452467,0.0012781051033963209
2011-02-14,0.010790530104660467,,0.021994556535166687,0.0005853943698266306,-0.0010573700011123899,0.0014869141246878215,-0.004395011352918976,,-0.007187178673865868,0.0033970263120053357,-0.004042649945367294
2011-02-15,-0.011419788314578572,,-0.010430818678204945,-0.0011701940393497035,-0.003702305990543553,-0.0037119392566276055,-0.00033953294259270184,,0.0031478732200314052,-0.002154446001706223,0.0012687026013276093
2011-02-16,0.013058719940731045,,0.013341955063337796,0.005272449189028139,0.0047784866260607295,0.005588349710149432,0.002717476909685379,,-0.0021966963601249834,0.005243555371241326,0.008107136860054043
2011-02-17,0.008924045448001738,,0.009875219454194228,-0.0011651506671969125,0.0023772129420058796,0.0018527478238028472,0.006774845595620249,,0.0018870420977377123,0.004296123085163028,0.00025140401729140116
2011-02-18,-0.011056309361327399,,0.004172003644516531,0.002333289679223194,0.0026361567465797986,-0.0014795606275522788,0.0026916831666248253,,0.0015690911290742182,0.0024440291280647397,0.005276088764340825
2011-02-22,-0.0320501302001871,,-0.009737861281770788,-0.030849889565254585,-0.028917430022402546,-0.024444521747957526,-0.007046736736627257,,-0.004387289269894068,-0.015239119538838719,-0.023993736996614112
2011-02-23,-0.007442998116562238,,0.020322642147278636,-0.0042038670758910435,-0.01759528966053625,-0.011768896804288276,-0.002365581878267742,,-0.0022032111707788182,-0.009594682806878363,-0.014596663465834103
2011-02-24,-0.005172006369512427,,-0.014135254514395679,-0.0024126566914868253,0.0057864087433061595,0.003457868531157926,-0.004065410035583805,,-0.0037854880102652366,0.003437596577068769,0.005977002749994131
2011-02-25,0.014816533838705404,,0.015901780807927368,0.013905790846033828,0.009041100006847769,0.012633851891838743,0.005102433527282457,,0.005699556998538524,0.006228624493216373,0.010333771789482471
2011-02-28,0.010758265976694492,,0.007698351414971771,0.004769907833605425,0.004886923085685169,0.004158625535314098,0.00575271921486431,,0.011020726474217923,0.011141819801163466,0.00767020997527279
2011-03-01,-0.024581666997910756,,-0.018716318571214696,-0.02136479302799532,-0.021345161657742695,-0.019201504930880797,-0.007738697124719862,,-0.009966429867916626,-0.007958267865528446,-0.01903072480750212
2011-03-02,0.0036366339118489854,,0.00570930464777164,-0.006064423164092503,0.004969505245290273,0.0061416359832393574,-0.0027126757425941506,,0.0015730467594547992,0.0030854852255293164,0.003879628925224088
2011-03-03,0.02019234245634327,,0.01715894376957361,0.020744430111996337,0.024175466955531855,0.016024329443759422,0.010200422198857417,,0.011306631342675955,0.020609161746965254,0.017779610054958983
2011-03-04,-0.009135357550203227,,-0.006341988915642194,-0.012551940886174173,-0.011802269247902064,-0.007885406231011083,-0.004375492860072772,,-0.005900595280333043,-0.0015067182141477176,-0.00734238825458744
2011-03-07,-0.017156649458119344,,-0.0070209560482838995,-0.006658740017680076,-0.00922897527243527,-0.012869185452349607,-0.002704711422842454,,0.0037489269314665563,-0.007546219966912959,-0.009945476957922472
2011-03-08,0.011463749779748733,,-0.008227173904798879,0.021938013960673963,0.015616369932258012,0.008435249283188728,0.008813764923705447,,0.011204280377124176,0.005474408509585693,0.007984957847118945
2011-03-09,-0.016228851943239864,,-0.006869801638476614,0.0,-0.0021576693217177922,-0.004182168281540166,0.005040133025298488,,0.01015699458674435,0.0015121129567554625,0.0022999813439203987
2011-03-10,-0.021733042141910186,,-0.036413091135279796,-0.02027408617167381,-0.020276168614981827,-0.018709338286325372,-0.006686699255003203,,-0.011273733047304613,-0.015705169828038712,-0.011473634467110028
2011-03-11,0.014721561716976916,,0.017337241547026983,0.006694744065337099,0.011865502822544727,0.003891036469205744,0.000673219244330614,,0.0021572382649490685,0.0033754391192073463,0.006190194672178295
2011-03-14,-0.0036928884711112664,,0.005457908514928667,-0.009069273850880522,-0.00845410802812896,-0.004651380852437326,-0.007063518490131537,,-0.0132225087831489,-0.004892994302125975,-0.0123045755606771
2011-03-15,0.0,,-0.007547256040060457,-0.011591963487649348,-0.009350811182800678,-0.014797584619761883,-0.008807502278968982,,-0.01900905760521243,-0.011678077371708229,-0.0083052230766264
2011-03-16,-0.02012217103601399,,-0.016010583091753627,-0.01851904052659048,-0.01860114761663234,-0.024505442260780663,-0.014354346036662635,,-0.015565460468236814,-0.017412961360123935,-0.017011175088638586
2011-03-17,0.017832903307625436,,0.030508449497561818,0.011949685900734641,0.01555904739020475,0.010534692517711886,0.0048542997643648,,0.0012905336256558986,0.011709163211551354,0.0045263363765051245
2011-03-18,0.004900712554632758,,-0.004687094866025254,0.013833803172611514,0.00635092000907278,0.0017702943964819084,0.008120541700306516,,0.004979432866346389,0.004556047445544609,-0.0006385189367176247
2011-03-22,-0.002344423958684616,,-0.0021883451815789545,-0.005504848422563935,-0.007889115539486902,-0.0015799752018291757,-0.001360193865736381,,0.0016004211380096223,-0.0006200410184482585,-0.007861910869632283
2011-03-23,0.01462479490033064,,0.0025800692728248364,-0.0024597739937737284,0.003290094172020419,0.005538066928522767,0.0017021233839464855,,-0.0006391254390529788,-0.000620881177583521,0.008716450719593816
2011-03-24,0.004376573248310089,,0.0036030618824922644,0.004932437726953953,0.010385990015954638,0.015735497226526007,0.009177661081425814,,0.004157223767525586,0.011801412742268536,0.014663523576399884
2011-03-25,0.005381478562809905,,0.008976005232969708,0.002453736498926773,0.003515932122547971,0.0023239345012651125,0.0,,-0.000318593578219839,0.002762304435302232,0.0018070250215318495
2011-03-28,-0.004588505039348267,,-0.002415543756087546,-0.0030600161499543255,-0.0008083697158484116,-0.00231854635140627,-0.00033679381652651497,,-0.0035041424850860148,-0.00030627687924000835,-0.010304597993381237
2011-03-29,0.010499393917869249,,0.012229801375073235,0.0018419285275053099,0.008092409119059507,0.006971803503794671,0.004716701987437455,,0.009910667873763934,0.005817973109473185,0.009110239126127073
2011-03-30,0.010390564330767127,,0.006922166449981004,0.007965601349395834,0.004013858527798231,0.004230467855582232,0.005365781387275614,,0.011395900428445849,0.007305898267205846,0.010832908364688087
2011-03-31,0.003761779207021032,,-0.003249832814033571,-0.0036478383344801246,0.003998281315773733,-0.0019146128228885173,-0.0020013104821442473,,-0.002503986749149978,0.0006041134411653992,-0.0035724264651997295
2011-04-01,0.0037478752202202426,,0.0030094068940758056,0.008542097015908245,0.008229428749277012,-0.0019184638598540582,0.005013451649173772,,0.007844317490861119,0.005134338704576802,0.006402079298227559
2011-04-04,0.006472391225302188,,0.0006248810315048203,-0.001209844261757187,0.001316264559371172,-0.0034606584520679995,0.001995131588284682,,-0.0006229040181128243,0.006009366194755783,0.002289924829543155
2011-04-05,0.011872695571324421,,0.0029984248295962246,-0.0006060742752738157,-0.0036813311651148206,-0.0015433120738852502,0.0009957207457707007,,-0.004049537128534508,-0.0044797915893504126,0.003300600841520618
2011-04-06,-0.00831055205525466,,-0.010462917134389405,0.011515680246717341,0.0010556857813730502,0.007341839067770861,0.004641917800074058,,0.007194151129932935,0.0020997958544040074,-0.0017712402038189135
2011-04-07,-0.0019718783790214633,,0.0,-0.004793720480625874,-0.004745476672136317,0.00038365255227379436,0.00132014765201105,,-0.004036960056103878,-0.0017961059789673994,-0.0040559473206411845
2011-04-08,-0.007162389762935151,,0.003524674953364615,-0.009030640423897118,-0.008742089820447108,-0.005751245346122591,-0.0029665797766798008,,-0.0028066525210516113,-0.0006000237984740142,-0.005853958171691875
2011-04-11,-0.011193664557070826,,-0.01969421885497047,0.0,-0.0008016587787351703,-0.001543253559748825,0.005289319828814643,,-0.013133132747016663,0.00570214359638932,0.0002564144460421858
2011-04-12,-0.013585238446959025,,-0.03096620057379773,-0.0036453426972694603,-0.007488286135789002,-0.008111105129999463,0.0032884779823227905,,-0.0025348299818278575,-0.0011933030510210552,-0.0012799933538357733
2011-04-13,-0.005865966893040309,,0.004094037023761432,-0.00731670290787878,-0.0029640366714697164,0.0062306707651518245,0.0006554840663335337,,0.0025412716734576346,-0.0008962109656057704,0.00333201431364194
2011-04-14,0.003078667113708411,,0.006838176840970878,-0.009213974777304013,0.0,-0.0019349775278867387,0.005896049847357032,,0.006020295989410895,0.005382235565294158,-0.0022993961159569754
2011-04-15,0.006649575309034539,,0.00822905339746094,0.0006200664768500896,0.0035134898219644217,-0.001939179247404832,0.004233082890866768,,0.011023293334138318,0.008923655569782474,0.004864404959757929
2011-04-18,-0.013973602772842875,,-0.014898189167707243,-0.013630911732748774,-0.014274331345181634,-0.008935336169260455,-0.005512455584447351,,-0.008721974395412335,-0.011202846557329726,-0.008917239915868347
2011-04-19,0.01777887590595295,,0.010125880196778292,0.0031407457122949456,0.008743291868844372,0.0027442494957024,0.001956656211553387,,0.00031369595346042445,0.008348199508827259,0.002313940492411737
2011-04-20,0.013164346150916106,,0.023564948514882555,0.0025047298502982596,0.016250915459582238,0.021110457423814788,0.005206421668908057,,0.01288093158649306,0.009757383451305612,0.017953285049775447
2011-04-21,0.010745077050684504,,0.004578668407734687,0.005621465559993766,0.00293178235963909,0.008805337376531108,0.00032371021138533074,,0.0,0.0029284586042954697,0.005542385743569689
2011-04-25,-0.007664447655581941,,-0.005191232243955124,-0.0012420615009676172,-0.002923212137859732,0.0007591515802329862,-0.002588935484972965,,0.0012404878282563647,0.001167948827630605,-0.0010019860386747403
2011-04-26,0.011211368640436925,,0.009927060026715395,0.006219178978807749,0.019189939621391705,0.008342571097754936,0.006813538065393754,,0.008054789531396267,0.011665149854806156,0.0017560346683640482
2011-04-27,0.0032023568775452205,,-0.0005037776952228068,0.0061802643513997335,0.004445978024361308,0.006017173780245022,0.00644554395056085,,0.007990138191616758,0.011242553361305196,0.012017647356257877
2011-04-28,-0.00024495737296914566,,-0.0001257288606493212,0.007985079345605994,0.003384381286388516,0.0003742473048768957,0.006403992403124059,,0.008841499363098526,0.005130963286744894,0.003958613602138783
2011-05-02,-0.007095418837999912,,-0.013295122267214188,-0.0042732810682282185,-0.0015503526182593097,-0.00374013672168505,0.0012689604759683615,,0.0003013991620990364,0.010215825440694548,0.003452273843067344
2011-05-06,0.008198864460520427,,0.004431275367393628,0.004990900634195494,0.008744139965443987,0.0018916951988203756,0.0025508689892794756,,0.005740484577100302,0.007091920051540246,0.000744502738977415
2011-05-09,0.014485508179336248,,0.017513424574992165,-0.0024834396761793665,0.004202644587437687,0.004154222449274547,0.0034987913479576083,,0.0021025952678515036,0.0056341894210953924,0.0012412348397081718
2011-05-10,0.008516907260984086,,0.004729833241226888,0.00933438480729909,0.009155312476326394,0.009026197444400363,0.006021920015498061,,0.014388919462311245,0.0061620222499010335,0.012890353119010989
2011-05-11,-0.026577454742888085,,-0.02890061949507683,-0.013563302526704901,-0.01347846120884899,-0.008945454010273801,-0.0018899794347064791,,-0.003250907695014682,-0.0016701664943817862,-0.00954512039427835
2011-05-12,-0.001020393476401038,,-0.001481156151579066,0.0,0.0021017420043760726,0.007521772967129303,0.014835694123305876,,0.010080091220417309,0.009202647517469797,0.0098844759129193
2011-05-13,-0.01277128437795505,,-0.004854858640573112,-0.014375091842253829,-0.012061171085674283,-0.01231836553715382,-0.0012439177637442178,,-0.004696168674881096,-0.0030396671288750454,-0.00758554879670903
2011-05-16,-0.003622378020307959,,-0.00758894031188162,-0.0012682475235120672,-0.0037150599192227185,-0.014360936398996604,0.00031088072828455715,,0.0011796744833403316,0.0016628273651124736,-0.013313178675670834
2011-05-17,-0.011685299163170404,,0.0,0.007619441196038634,-0.013585501416582102,0.0,0.002179552472646229,,0.00736390730705061,0.0,0.000999345123092077
2011-05-18,0.022333405849320753,,0.020210312904881622,0.004410409722680475,0.013502779228513173,0.007284910771754971,0.0015533618401353255,,-0.003216687651798722,0.007748152228864491,0.011731976318238413
2011-05-19,-0.00025715007889060004,,0.00013380867999379653,0.0,0.006394603158214496,0.0019038359482637102,0.005582707837292089,,0.0023470761197235124,-0.002196785095574305,0.003208101305005151
2011-05-20,-0.01002577882571054,,-0.0012045401193774286,-0.013801649517934167,-0.010590663982016135,-0.005699154468186918,-0.0030844218361064657,,-0.0011709743141740114,-0.008255525675769704,-0.009592181487473206
2011-05-23,-0.010387402914780686,,-0.015543276280966967,-0.01399509450295755,-0.014182125068526896,-0.01413832612436361,-0.006806617490642597,,-0.011719875151257164,-0.010266353770509107,-0.009436259457513585
2011-05-24,0.004986041893533688,,0.014155879486759337,-0.0012901412007726432,-0.0051575134326753425,-0.003101159599253056,-0.0009346124845417414,,-0.0008895707324418911,-0.0028035995126628466,-0.005013583073082972
2011-05-25,0.01409923082145803,,0.016910233684483522,0.0006458045072126328,0.008458323733122386,0.003110806707334879,-0.006547876742247993,,-0.0020770151192655018,0.0014055002229613756,0.0002521145751053222
2011-05-26,0.00231712332955869,,0.005015347552678406,0.005164591747321978,0.004058519749635892,0.006588816271013487,0.0015690054231638495,,-0.0002970933972750167,0.0014040082247812613,0.009067865916660756
2011-05-27,0.010788643298295764,,0.002495118165837029,0.00706436963721413,0.004850266481915444,0.005005615508875572,0.004073983867148412,,0.0,0.0005605553358285498,0.0024960392702289003
2011-05-31,0.010165664581661904,,0.01008575546795254,0.010204124690845529,0.009117542629211384,0.013793129226085998,0.008426999129615753,,0.007435907035952205,0.011768082447232597,0.006971599608420753
2011-06-01,-0.031195392798217148,,-0.023862205721015495,-0.03345908608999548,-0.03268625522596802,-0.02078593545751306,-0.010213566367411553,,-0.010333691562028124,-0.013846782833996318,-0.022749172798344985
2011-06-02,0.0015581205156163236,,-0.00039801964644459176,0.0006529755211066579,0.005219303875760417,0.000772402080823964,-0.011569667463117272,,-0.002983030289375077,-0.0022462746451268334,-0.0022772923545290036
2011-06-03,-0.012704251418810042,,0.00026590029562489903,-0.006527502994576162,-0.013391532451860533,-0.015040720466867219,-0.009490823359087908,,-0.006882297746405586,-0.009569330230868367,-0.012934882201790288
2011-06-06,-0.009979051622157176,,-0.022588711601000844,-0.01905352801398863,-0.0072021704231614025,-0.007439664983618033,-0.005109795858295074,,-0.004519555887359639,-0.005967817628408478,-0.010534062466215022
2011-06-07,0.0037135901490341627,,0.0,-0.0020094036007253235,-0.0005579295429132269,-0.00315556960922303,-0.0022476038933811893,,0.0012108327096460592,0.0020013785829626762,0.001038648889915894
2011-06-08,-0.010306354972434706,,0.0029906729719046954,-0.00939609735524205,-0.008654035073719535,-0.0067274672588627515,0.0006434626323774673,,0.0024183562198187847,0.0011410814803494151,-0.007781665877707344
2011-06-09,0.016555463441808804,,0.013554337934920113,0.01151776886608924,0.007603211033552215,0.000796587849999586,0.005466371455419061,,0.0009046719811993675,0.010544018844303116,0.008365906944808765
2011-06-10,-0.012608686757511145,,-0.019390518710179272,-0.006698115064611376,-0.015930783154385675,-0.013932890220328287,-0.011512495236021159,,-0.0066285808340412755,-0.018330738932456958,-0.018408515063274455
2011-06-13,-0.005852659674716376,,-0.015819087637983453,0.01011456036841274,0.00028427774693384755,0.0008077630776694988,0.004529101753091069,,0.004549523142856948,0.004884089389002977,-0.0013206013754363255
2011-06-14,0.019266858726412428,,0.021338704902444716,0.005340731236642027,0.019023192629168406,0.012504694249740878,0.010628030625440488,,0.003925107232360059,0.008576148109426862,0.01772060418417687
2011-06-15,-0.023102923620510807,,-0.022927581570435396,-0.021912435062961144,-0.015046332243123017,-0.01872490419754047,-0.014977530449049037,,-0.0123307337348747,-0.013605309652915398,-0.015332839312232505
2011-06-16,-0.009675266408991634,,0.0015272230247813656,0.0054310605981469084,0.003394833822264909,-0.0024363085992151756,0.008087793172519397,,0.007916858753270306,0.0017246216768453948,-0.002375500533206454
2011-06-17,-0.00013628936373522027,,-0.0025741300629971153,0.009012569596892117,0.004391669873093695,-0.0008991376654354788,0.006366655426482293,,0.006836748760511435,0.002305616678966338,0.007513416168507092
2011-06-20,0.008460783482033829,,0.002789597630863394,-0.0006711536552647113,0.008744722993720533,0.0036814458798977157,0.0073857958323273465,,0.005759293213961625,0.010066188338383908,0.00816871590807211
2011-06-21,0.025710263910994513,,0.01989495802922514,0.014112450770819907,0.015660243310494648,0.017929618152916937,-0.0009561688429802206,,0.0006027402147426031,0.0062644987642110905,0.020387045880173815
2011-06-22,-0.004221391583952294,,-0.002864724521624229,-0.005964592244262157,-0.0055070720370602455,-0.007205560845877534,-0.006381578817236222,,-0.006626617657062406,-0.005942296499244826,-0.007684999386200708
2011-06-23,-0.0007951007286671752,,-0.010943961611202258,-0.00999951243829178,-0.002214514172800608,0.006854394697160648,-0.00899148230605007,,-0.008489631298319145,-0.001138750861805482,0.0036139901993088586
2011-06-24,-0.006364025043699928,,-0.018948802577254842,-0.006060989011669737,-0.011376562933984258,-0.01722015100476959,-0.008101457453355443,,0.003057747686564971,-0.01168418531471671,-0.009773694646089015
2011-06-27,0.0021350199792027347,,0.005357345553318238,0.010163039932920892,0.007858621824906376,0.0134474257325774,0.004573583989988972,,0.007316964068210474,0.005190240385759326,0.012207823376112259
2011-06-28,0.019440388600830305,,0.02916844681963049,0.00469465222616039,0.015594621148033339,0.012464337043427864,0.0019516286037386532,,0.004540179004959954,0.014056277895937441,0.0189891080155018
2011-06-29,0.0159350689078519,,0.011717753772571005,0.02069468235278693,0.005209398886995675,0.007942986828024967,0.0058419267557356935,,0.006628614119863263,0.0019797234129543817,0.004532859455960825
2011-06-30,0.012342387213767125,,0.014815047986911578,0.003923578068955491,0.015821760350119396,0.012608756368961194,0.0077446019825948564,,0.0020947880643606975,0.00310627061372748,0.008022205808229987
2011-07-01,0.009144749405946007,,0.009422909400928825,0.018240734951193716,0.017991100963322904,0.016342034159666508,0.007684903613440319,,0.011947999456997982,0.012102246497274205,0.020143997053630125
2011-07-05,0.001257972100271898,,0.006179785797243653,-0.008956396912071618,-0.005539289686205984,0.001531763590084001,-0.00031794888141289945,,-0.005903603047791917,-0.0027807619249771154,0.004388432354995864
2011-07-06,0.004022147782802854,,-0.0018297073949912201,-0.005164716844762607,0.005305089113277095,0.004586493906548084,0.005403894397367104,,0.0020786428831589543,0.0027885161244431966,-0.0036407728185325894
2011-07-07,0.01502255041462508,,0.015054161779973763,0.016222796306162746,0.010553790945701857,0.012177040885045898,0.0069551265918916805,,0.004147739187708499,-0.0005563012915340559,0.013885269302227332
2011-07-08,-0.007646464895215144,,-0.008382651571421151,-0.01277099608012533,-0.012532233709972473,-0.004887223865154611,-0.003453853107556526,,-0.0038354581381073727,-0.004451871642362493,-0.0060071227140664485
2011-07-11,-0.02013419599384514,,-0.023669758491265402,-0.027167308347992747,-0.018509027041734738,-0.016622759414771204,-0.007246092470373888,,-0.010664036797256582,-0.013694378089539105,-0.019337492807667167
2011-07-12,-0.004059400363297105,,-0.0037303331108329285,-0.003989105626228007,-0.00969829999322791,-0.008835827018832898,-0.003173306949618926,,0.004491150184550818,0.0,-0.004929673271700241
2011-07-13,0.008660410909597127,,0.007487421917926396,0.0006677354801307711,0.004080833385268212,0.00232551528940661,0.0,,-0.0026823262748290055,0.003967005122180289,0.005201991405444639
2011-07-14,-0.009596046001502434,,-0.00663507330903601,-0.007337938765615948,-0.010837542080404439,-0.008507344556042962,-0.004457364514939832,,-0.004483095061650233,-0.0016938001460091723,-0.007639299506616903
2011-07-15,0.00892431875384303,,0.026853579764689828,-0.0020164618297273673,0.0008218376754007828,0.01092063839234525,0.002878040002404214,,0.0015010633974141818,-0.005088783268823671,0.0004966848570115978
2011-07-19,0.015089421953073279,,0.018276326917292973,0.012286526327665026,0.01300786392753972,0.024003168501001593,0.013799586867848879,,0.008777710837125863,0.00887438664489748,0.019298379839623347
2011-07-20,-0.0007560368524852645,,-0.0025638118000764765,0.01146311708451786,0.0019129286696446535,-0.003024343617635039,-0.00158308111934935,,0.0060006486278345594,-0.003405037812150624,-0.005163505804643753
2011-07-21,0.01210249811983144,,0.019665764357888138,0.024000097307913304,0.014998228509989442,0.0045504963583657965,0.008243859429849953,,0.014911581634368787,0.015091501309804967,0.011615875141636423
2011-07-22,-0.004732996437063597,,0.005041973296044944,-0.0026040660682942196,-0.010477867414706021,0.008682217798227754,-0.0018872761224349999,,-0.00617115110665134,-0.0016832108896521758,0.003910072982849622
2011-07-25,-0.002503056281764393,,-0.00401310642044872,-0.007179978645110552,-0.0005431765535904853,-0.0026194851110835637,-0.009136315705276288,,0.0035483742313462407,-0.0103962755102599,-0.006571374368013805
2011-07-26,-0.01079028595972098,,-0.004785484609154511,-0.0013148732282375342,-0.018472734178510142,0.00450286057956073,-0.002543864710442212,,-0.003535827791125712,-0.007949781946982037,-0.0017149180734337133
2011-07-27,-0.022831100002787208,,-0.018853741253657352,-0.023700090357578807,-0.02712486055281027,-0.026522368353052883,-0.010838256921714806,,-0.002956671498967056,-0.017458502080555882,-0.017423667640903306
2011-07-28,-0.002077223386180771,,-0.00412693759699867,0.0006745929180669297,-0.00853493149723794,-0.0015347578077961055,0.0,,-0.006227699734579484,-0.0008738236879740624,-0.004994472520530646
2011-07-29,-0.011186082302812261,,-0.009971557503844819,-0.002695312802684202,-0.0048775924805285475,-0.008070663988626325,-0.006445605549208588,,-0.010146514596148126,-0.00524830810700061,-0.004769717000516094
2011-08-01,-0.0034201278003933577,,-0.0014380553397909113,-0.0033782464342200225,-0.00634420484315068,-0.0007746324283077755,-0.003567574246928884,,0.003015174198012671,-0.01699874236627752,-0.005295996661889513
2011-08-02,-0.030887126596245595,,-0.027902519680529814,-0.02711893265166554,-0.03482280854615705,-0.02093891456801955,-0.013020745909071763,,-0.017132375309297676,-0.02146654286490768,-0.037778911148567684
2011-08-03,0.005175853121394569,,-0.005659033650880163,0.004878393287457428,0.009019777973653609,0.01029768747094395,0.003957403568549678,,0.0,0.0018278315704416404,0.007378202736463502
2011-08-04,-0.06775100858637251,,-0.0685728706917631,-0.050624060814709604,-0.05363526604558122,-0.040376674962674275,-0.031208596267620625,,-0.03272222518066348,-0.039841642540035194,-0.04865284607766074
2011-08-05,-0.002325035888309679,,-0.009602809383628785,-0.018992338309159806,0.0,-0.006127182750970239,0.014241751950189618,,0.008220390938345368,0.007601972227741172,-0.0008249797627032374
2011-08-08,-0.073135509123739,,-0.08505945417660055,-0.09456426574142685,-0.07052884612352528,-0.05630931015510976,-0.03778016940076656,,-0.052994932326994704,-0.051241702320151905,-0.06274097923259647
2011-08-09,0.06161577612876412,,0.05089847192404218,0.07730263614128852,0.049457862298601496,0.045732223108817305,0.02432288165479668,,0.03278196453513216,0.03644820785665881,0.046389141483320406
2011-08-10,-0.034349647915708714,,-0.03452974100769124,-0.06946574230754732,-0.05100064291686268,-0.039151118563468756,-0.03833151393102063,,-0.01891629221097202,-0.042199682124341886,-0.042649154426197766
2011-08-11,0.049371232077402016,,0.05190700894416245,0.05578314065253709,0.04761890162608551,0.038145477347703904,0.029629882894614656,,0.042156611337747396,0.04572778452339121,0.04425576592905278
2011-08-12,0.006429282851300622,,0.007371633324127158,-0.00699315319891658,0.01948086892859835,0.007097659396195111,0.011990668100739565,,-0.005957951764942959,0.009894572046785122,0.012349113545967239
2011-08-15,0.015969370056850174,,0.033751243324247504,0.03208187932547024,0.01496813183974166,0.017827664028043033,0.014217837690218671,,0.034069229824345904,0.01675075726152575,0.014693430845386324
2011-08-16,-0.016004270452793623,,-0.016613245344845762,-0.01971206299676831,-0.014120228521867118,-0.007331955599658158,0.002336122936929641,,-0.0012201905036676175,-0.00093264674432747,-0.005464519533854517
2011-08-17,0.00290428395709319,,0.0039661414757667934,0.006186802420981463,-0.003182557500274741,-0.004514029375461637,0.006660340553565902,,0.0073303725642372974,0.0009335173862785595,-0.001373417746004968
2011-08-18,-0.058210247034509166,,-0.05794531506532097,-0.048423837088644284,-0.05523623662762345,-0.04863986032791834,-0.017863156604506214,,-0.011824995395361304,-0.032949659697804945,-0.04951866142987882
2011-08-19,-0.01599027931539343,,-0.017707687288499363,-0.02019394019556009,-0.015545685977159995,-0.02426298524742554,-0.004715115246140211,,-0.006137188290871398,-0.002571641375339162,-0.014471355424304666
2011-08-22,0.0,,-0.00806423414381452,-0.012366185198396162,0.0037760392380774555,0.005328342256537111,0.0030452738467465768,,-0.00246957274410331,-0.0006443718453035263,0.002936476621621109
2011-08-23,0.03531260872715136,,0.04511412905716461,0.032554978403843915,0.035225796120940345,0.03666059372949548,0.02058055675602799,,0.0179510901968285,0.03257011915026187,0.03865317700242543
2011-08-24,0.014186815818060916,,0.005948470865436262,0.026677259914359652,0.020151742091051972,0.008947735889546005,0.004297334086101223,,0.021586791462458566,0.011555460150465269,0.01776141051855462
2011-08-25,-0.01101241565551303,,-0.021076486732554023,-0.003150086158653198,-0.018782159239259633,-0.014357866007319031,-0.015141221264656779,,-0.01636890758647569,-0.016980724875030107,-0.019944584115983988
2011-08-26,0.02106570047979983,,0.019361707214374357,0.008688749084508007,0.02079194454071187,0.019708259202726452,0.008355606034065266,,-0.001512966106335778,0.012562487363018793,0.02091573500482702
2011-08-29,0.03035634199015047,,0.029175146608055202,0.04150347518170738,0.03168442760831014,0.025210251489145907,0.01789839884794242,,0.019696757590051517,0.025434276942677414,0.029069935984049833
2011-08-30,0.008295564720102844,,0.0059055026560344,-0.00676653990572007,0.00846153532298688,0.004098308196303524,0.0026051628155649986,,0.0005945068749695359,0.0033272018426131478,0.004573251027851111
2011-08-31,0.002552919389676056,,0.007485611883326859,0.012868883444432155,0.006836297046225459,-0.0024492883154556555,0.0032473284857075235,,0.006533839742457914,0.006933993186713394,0.006159712488760238
2011-09-01,-0.01358199127108628,,-0.0075751922846939435,-0.022421338647858002,-0.016357717777051528,-0.011047155373820172,-0.0035604627360977803,,-0.006491425806537832,-0.006586373184333083,-0.012243642685623501
2011-09-02,-0.025530849810684764,,-0.027892337465867167,-0.04128495588499037,-0.03200515996844955,-0.02275500044317358,-0.014295119881855722,,-0.011285681137666592,-0.022001375714090998,-0.02829393176490902
2011-09-06,-0.005298758959527028,,-0.010872964250571715,-0.017543671960428497,-0.010372787969913144,-0.004656969430079982,-0.0039554456521395664,,-0.0048066427434030334,0.00246544735906129,-0.00305076192202669
2011-09-07,0.028706629578167275,,0.036641488920085674,0.04788968286705275,0.031116735570485554,0.025945921796857396,0.017869257585471532,,0.01116855920029347,0.023977533786412764,0.025869430614875233
2011-09-08,-0.013234043769071335,,-0.011635025283972644,-0.02168889943492036,-0.014929939900537592,-0.004975079521757797,-0.0026007446166983472,,-0.0005975404876454871,-0.01080719959718257,-0.013557326388886737
2011-09-09,-0.032944490083675726,,-0.03307971070272986,-0.031669769005026716,-0.026765570120070747,-0.021250265329489815,-0.022164201681506013,,-0.02031047325012325,-0.02974228406369883,-0.026388656495755725
2011-09-12,-0.006632260847103,,0.004777194358005943,0.011447310959435075,0.001988090372993412,0.011920484926989605,0.000999457863848363,,0.008231928851943238,0.0034406405942448703,0.011857892537989079
2011-09-13,0.01638836421065193,,0.002760644729536743,0.006466446435360762,0.01851836212431124,0.011779379589040184,0.0036635532469275756,,0.006652666473499824,0.010286908887215951,0.01171874059281941
2011-09-14,0.015526909752967999,,0.012389423167258773,0.012048588927076276,0.01753263571095398,0.014968485904535145,0.011943954900206943,,0.0069087009244881425,0.00956470534959486,0.016547584759336598
2011-09-15,0.01705411588969885,,0.019791192953875658,0.025396928538078622,0.020421139821929613,0.015977462849413815,0.011803627330018829,,0.012529808094419836,0.009169250192271994,0.01682060707843469
2011-09-16,0.003284137109692997,,-0.002171360828650437,0.0031078396260291186,0.005282833507833207,0.011090244010741879,0.006494168177809012,,0.011399749635784051,0.005388953062689827,0.01119032546567178
2011-09-20,-0.011760845696000666,,-0.006209480096458053,-0.0031846070738174026,-0.007262369948545122,-0.0024078512505613103,0.0019620917218869938,,0.014501756447440561,0.009171361673997236,-0.005304730817183745
2011-09-21,-0.045224948582484936,,-0.04160310453516125,-0.04952072487663439,-0.04134913380546357,-0.014883497998889328,-0.0205611627432587,,-0.01837809237405308,-0.026961736094228028,-0.03226685990693934
2011-09-22,-0.05609207844642361,,-0.05644767797940475,-0.028571850268958254,-0.03749099352062202,-0.031033216829448707,-0.018993720190482732,,-0.01693889686494876,-0.020236286347397492,-0.030035722833328116
2011-09-26,0.03207663331532773,,0.03645704492114432,0.04452050764240956,0.02524748925909881,0.012499609876346351,0.019321895207883966,,0.008081360925582981,0.016518091867851137,0.023509612186523032
2011-09-27,0.020827121263860437,,0.014627898367869818,0.004918151303898721,0.01763712138329554,0.012757589300279593,0.005985828839813578,,0.0035630040859735423,0.015312714689280194,0.0068360838416510195
2011-09-28,-0.04425621205706631,,-0.032722880063173476,-0.028548216852163688,-0.025506729579862886,-0.01422180741443313,-0.018842568871147436,,-0.010059154323082575,-0.01723614033848464,-0.01711003743164574
2011-09-29,0.000984948394856744,,0.00954612978335101,0.027707930662048463,0.014429811277402393,-0.002061242177478273,0.009770759080698355,,0.016138476992691775,0.006576989045225856,-0.00828947299289673
2011-09-30,-0.03674530103315288,,-0.02936290430208288,-0.03513071834259307,-0.03341091956153075,-0.025195821211520975,-0.010343681931803905,,-0.011176111917839404,-0.012756567006606767,-0.02869891696404825
2011-10-03,-0.02826958932616963,,-0.03401148742087301,-0.04487736022602695,-0.028062888915569184,-0.022458324670250218,-0.014497695574333003,,-0.0237958379273413,-0.03183133642950886,-0.02926032768439779
2011-10-04,0.03890665664296211,,0.03273198511749498,0.039893596855755,0.027816898321459727,0.020373448452033704,0.009579479394638657,,-0.004874875837941217,0.010742107078582697,0.03161979032605888
2011-10-05,0.03981072136251318,,0.03683419719644787,0.014493135740145435,0.021240095536970705,0.02081541431734757,0.0013553629748508378,,0.0006126632364198414,0.016103226188745268,0.018332756898831626
2011-10-06,0.025308448664470795,,0.018836516613118137,0.031091923873511895,0.0201273904502266,0.014981228865509788,0.011843942032322863,,0.017747957341192055,0.012044333977473842,0.023347722899951906
2011-10-07,-0.015190032127620157,,-0.012325779495232503,-0.03585988090831915,-0.0023016930773500643,-0.0036903095757074844,0.005685816197441351,,0.004208772002042727,-0.0009393207442568441,-0.0008251716297258405
2011-10-11,0.0012337151494412613,,0.0020416723141565285,-0.0008037242518038612,0.002866491436684049,0.004391040128895574,-0.001964661379444066,,-0.00910395816787013,-0.001532666314104425,0.004257456044425734
2011-10-12,0.009855037369433939,,0.005330270900020473,0.025744102837567784,0.012702071400366721,0.004372209601877897,0.007874574438497595,,-0.002371386096971184,0.0006141413456899336,0.009009084657685573
2011-10-13,-0.005184864519899857,,-0.0014034904375657131,-0.023529373010233057,-0.008466404758138535,0.011080307398293243,-0.0029301783507234003,,0.0,-0.0009201639170542952,-0.0007876206248417228
2011-10-14,0.026364657306532813,,0.03997500092600048,0.01204801910754183,0.018026478952558822,0.01761210821389647,0.007835462861177422,,0.009506992416008053,0.009517538982619422,0.016294646442472915
2011-10-17,-0.0340503625204287,,-0.018168250082680415,-0.03095254617669707,-0.028580290481706294,-0.015768882263870077,-0.006802353634658975,,-0.00411977605943481,-0.017335488973646562,-0.020429683045768865
2011-10-18,0.025664816958684833,,0.032114981630101624,0.04750225464406643,0.0287816155140721,0.008987728008670537,0.007501114175931578,,0.007092314263003718,0.007427683262941631,0.020327508508487746
2011-10-19,-0.028941890751983945,,-0.010371683528970665,-0.01407323438700836,-0.012123221613912216,-0.01936518324841019,-0.0029133296651789875,,0.0008801149840775846,-0.001843155513178485,-0.01500635211198642
2011-10-20,0.009313838255375684,,0.007785475499438643,0.015067066714265387,0.008496257596157353,-0.004344036711861454,0.005519579820123965,,0.005569943549323275,-0.0009230559679800354,0.00499060315340194
2011-10-21,0.026453466470087506,,0.018422428741092123,0.025781301549388624,0.01934432851937884,0.012693389171020142,0.016144434839537203,,0.016909992129137796,0.020024387970092983,0.027705273032577304
2011-10-24,0.023973884825490455,,0.01312894680157961,0.022086451188148448,0.01867161698690656,0.01566783567278973,-0.006990932395471883,,-0.004300617076577584,0.015100964835046193,0.014750648594932692
2011-10-25,-0.025460980620436335,,-0.02087845124951926,-0.029806186892324615,-0.020432502572514055,-0.01581153719940287,-0.011839852801104,,-0.011229136319589217,-0.02023175513211095,-0.021804458129624282
2011-10-26,0.018017630253508665,,0.02161776219547984,0.01766529453966026,0.007055191647264314,0.004310170434430827,0.010038956631279516,,0.004076494823272547,0.013361180398357986,-0.003843291956913464
2011-10-27,0.054277497714233736,,0.0443353736237162,0.05962266412773354,0.04355776807525191,0.029652880427559536,0.012824664345097103,,0.023781667871017653,0.0242739932538385,0.02726358885721325
2011-10-28,0.0069949575749381765,,0.006754086500848411,0.000712621371896871,0.0,0.0034102845988126518,-0.002532773816868228,,-0.00821525981124982,0.0008770618265903085,-0.007761839817987726
2011-10-31,-0.0427895331631345,,-0.04559142009503414,-0.03914604596335991,-0.024518485012686164,-0.0177492096419547,-0.014915765304219786,,-0.0045694942746562495,-0.019000059018701387,-0.015392309636960588
2011-11-01,-0.026705465358445313,,-0.03227678562989256,-0.0474077444562051,-0.03022149621248793,-0.027681929487301637,-0.017396947521269412,,-0.02094751627059832,-0.01907005759805036,-0.02152732448579575
2011-11-02,0.024754185943674623,,0.030092259910608155,0.029548693778522983,0.019746816499771835,0.012258088680836332,0.009508439970800753,,0.01758510580995898,0.006682839813120012,0.01021461905322596
2011-11-04,-0.002281462141868862,,-0.0008408937071462397,-0.013362841832163519,-0.007678585780729774,-0.006104239077875384,-0.00577503449178407,,-0.004553116119466849,-0.009254041416561387,-0.0038398204607575925
2011-11-07,0.008576071043048694,,0.005472654691040191,0.005267100839819516,0.002380764301814553,0.006141729664096651,0.008389668456878052,,0.005431677107882393,0.011750289391741164,0.006423671270507025
2011-11-08,0.011905088365729233,,0.01632974183118807,0.018712824020895358,0.011282510460226547,0.011446096778820136,0.009920275919144794,,0.006539597500912375,0.012209676037951311,0.009701489000976338
2011-11-09,-0.04873973100075624,,-0.044219101337095834,-0.05437145028388757,-0.03875472127344348,-0.03470380038859622,-0.023447192511295012,,-0.02175116456587345,-0.02883197961744688,-0.03565096892028452
2011-11-10,0.012073296244868192,,0.017385410915107702,0.004661105096539497,0.012217113084192821,0.003126111442495638,0.009733423142422204,,0.006642105192859571,0.014237902934523206,0.00943859488774934
2011-11-11,0.023275831896728327,,0.02047745214228147,0.023975095779783517,0.023838338365111733,0.019088413040771135,0.011568271420150378,,0.014342784264335107,0.017622450436835635,0.02519501581692385
2011-11-14,-0.010520541381608739,,-0.013147184533267464,-0.020392065575200125,-0.006189165591990564,-0.0076451687391474454,-0.008577071575461392,,-0.011878369542259404,-0.006750306929028338,-0.007347181750874121
2011-11-15,0.0020114516460234544,,-0.0011219059147824506,0.004625875653391454,0.005931247240275939,0.013481785438116178,0.004806751486349681,,0.001717699604583789,0.002363737416465783,0.0035732158561396776
2011-11-16,-0.023515492553323414,,-0.015021475296911113,-0.024558888375498134,-0.014740503930495308,-0.014822639034181684,-0.0089289187268915,,-0.012000019382721772,-0.01916256617502643,-0.018819931993239614
2011-11-17,-0.028487354797061992,,-0.022805361613195574,-0.01966927499728277,-0.017354773302086346,-0.01929028894131435,-0.003539058094743641,,-0.005205405938999541,-0.01051995457996835,-0.017625913885425892
2011-11-18,0.005440849131778336,,-0.005979973213044332,0.0032107171320696626,0.0024357093213001058,-0.008261307482150815,0.002905893479359989,,0.006976231153531298,-0.0021265954521685337,-0.0005276737245540897
2011-11-21,-0.017437994028145276,,-0.017901990703060644,-0.024800855177887438,-0.023085964730893638,-0.017453055852649335,-0.016097746839684568,,-0.012413159779596561,-0.01917801031339561,-0.015575399896238129
2011-11-22,-0.007650165033044387,,-0.00941258977949444,-0.009023789786235414,-0.0065296442675507604,-0.0016151718782376756,0.0009815960356043263,,-0.012277136406877776,0.0024829609192502655,-0.0005367304001137052
2011-11-25,-0.005067994566855694,,-0.0071552833928923976,0.0025535455913270333,-0.0016020835223051755,-0.005384993166005159,0.003635053431568558,,0.005111049055612993,-0.00376992383106467,-0.005474447466353838
2011-11-28,0.03756758188255538,,0.03744374963071606,0.02971101245600649,0.033696941512260103,0.03290283224568169,0.01580536287369827,,0.012563678539552647,0.026805397648758778,0.030552931764541658
2011-11-29,0.0018411732806835612,,0.014345973088282227,-0.004946092589372619,0.000931236958952919,-0.005242053860623486,0.010372748574775326,,0.01093038892624354,0.004299919856072698,0.003471928743296715
2011-11-30,0.05727414350609372,,0.05508388713901802,0.06130890936114186,0.051178644431477016,0.03850834308819007,0.023419766469237713,,0.028930113493618848,0.03608522300948702,0.031141775948105854
2011-12-01,-0.0063734990087677135,,-0.00550303752193404,-0.005464283793903291,-0.003245906929068343,0.005464604751271418,-0.0015674470574409405,,-0.002839536706154888,0.0014761909457527977,0.0007749035489905687
2011-12-02,-0.008746170985142854,,-0.0008513607169591264,0.013343606298788835,-0.0020721428247640894,-0.0007763255510505607,-0.003453937717386335,,-0.01025400604198723,-0.01237868665183428,0.007737897493234724
2011-12-05,0.011764530528753703,,0.01235435805262397,0.020139612913514293,0.010679442989963261,0.011266854011811045,0.005986890191337135,,0.007770091267048418,0.0017904968426456502,0.009214155447491823
2011-12-06,0.00930242663070735,,-0.00014048666305355173,0.0007590005638289377,-0.00029370945097662027,-0.00038453477799627045,0.001252288238689836,,0.0028553817976895157,0.004170695488027842,-0.0032970477438140078
2011-12-07,0.0008641106722167002,,-0.009539381100990951,0.012139665600082061,-0.00029335713134903685,0.0011530737768807864,0.0025020565327731337,,-0.0014234502988261788,0.00741616303709125,0.00636132637951814
2011-12-08,-0.031079211679300944,,-0.027903598719921097,-0.03898052879796399,-0.02466963142055112,-0.015739581248680468,-0.01154414468882492,,-0.014542316655493992,-0.01855137774825555,-0.021238957907610212
2011-12-09,0.012771350044864516,,0.022730412718731774,0.021840802266948733,0.022884292828980968,0.01560098301653734,0.010416444044012874,,0.012731420552398731,0.01470123696787895,0.016533049843460823
2011-12-12,-0.023753529287390385,,-0.023364942608633643,-0.0236639631886133,-0.01825091840955162,-0.012672744169580086,-0.009059551388195142,,-0.008571656381342718,-0.011827329070012604,-0.003049262782277462
2011-12-13,-0.0168219650126068,,-0.009336703443292294,-0.01407323438700836,-0.013193555703577275,-0.009335458597904522,-0.0022068080823153258,,0.003746815078329302,-0.00179502911670526,-0.01962798627604645
2011-12-14,-0.012221331014263925,,-0.02812541697915072,-0.003965352220230867,-0.011850323709923116,-0.01531140076753812,-0.005055061505634839,,-0.006316849822849302,-0.0005994915823716029,-0.010400280247495508
2011-12-15,0.006804837581171341,,-0.004242162168740626,0.0007958629717303989,0.007072547841431742,-0.0023924900348907263,0.010161756505922881,,0.012135422137723229,0.011097864185587447,0.0015760686875714303
2011-12-16,0.006341940803415325,,0.010650252742865796,0.004002880810563658,0.0042416283680639655,0.0027697296952735595,-0.0011102207415760734,,-0.0029444430800128485,-0.003341068811668846,1.1876140404432078e-07
2011-12-19,-0.0178300687627303,,-0.017538204208518815,-0.022327789824061695,-0.010406888940014625,-0.009607476611475763,-0.004127958434781531,,-0.007527329045253994,0.0,-0.011080972109481335
2011-12-20,0.03943669456665111,,0.041089629153506335,0.03752070086932813,0.0343335451894633,0.028293876851403832,0.02072667176290377,,0.021295157559133582,0.02095177115134872,0.02748062148396513
2011-12-21,0.0015056936312596303,,0.011086092324955388,0.005502817503646007,0.00029880410314264694,-0.016509144215711036,0.0106219018875362,,0.014852638610414637,0.006449860761291948,0.003375382928713533
2011-12-22,0.009921659325667465,,0.011695848733787262,0.021110435058706578,0.009566712637205432,0.011590568622692698,-0.0003092388182481809,,0.0011259745743801286,0.007281865216665739,0.002847175231043275
2011-12-27,-0.0002945775248591742,,0.0025863380086195153,-0.00532345447407212,-0.00029288922707415566,0.0015648058554444955,0.0018420487859445167,,0.008100320082577106,0.002298649401661468,0.003062624754081922
2011-12-28,-0.023894127782347452,,-0.019059906156999706,-0.016054675721121514,-0.015845326598221687,-0.010156332913596522,-0.0049032399723971665,,-0.00360189571857894,-0.010894165393890765,-0.010941346083806258
2011-12-29,0.012994709310091945,,0.010372364413423707,0.01553946050883348,0.012522239337487973,0.007498039914565879,0.005235496136077433,,0.00778596045827018,0.007246195283441725,0.010290360353099492
2011-12-30,-0.0005965406707355569,,-0.0004335126414382051,-0.005356273275713308,-0.006183467584971569,-0.0031334697024525404,-0.004595755554156922,,-0.007174144537243743,-0.0017264676897816855,-0.006365895488592788
2012-01-04,0.008422806224518187,,0.0021113986857561606,-0.0029986005241606772,0.004639407057718703,0.0027125538432157814,-0.0021569085864880932,,-0.005659276601469143,-0.004837267015385449,0.007878164236973184
2012-01-05,0.00288034626527911,,-0.004775677439257442,0.01353388691904156,0.00028844098965574716,0.0030910038673679363,-0.0006173715619757214,,0.0019913476564805688,0.0028594807237527498,0.008320370761704332
2012-01-06,-0.0014360733478495646,,-0.005926834559400462,-0.0059348032864380285,-0.002019646436640099,0.0003847760564459346,-0.006487433798418318,,-0.00539549512791937,0.0017109886521466944,0.0015003524646468591
2012-01-10,0.018656776851003087,,0.008900961933535845,0.017817851943500385,0.014347236303655864,0.0034709734513278523,0.0034152931965723,,0.0014255162540068866,0.007388635322072901,0.006501940046905963
2012-01-11,0.00986180453304386,,-0.013443796132571073,0.011670032191932744,0.003111422378508699,0.003074637748515574,-0.004332074526403051,,-0.00455561007499572,0.0008459502635300709,0.001490660280870415
2012-01-12,0.013950682591351349,,-0.00936778826921636,0.0036053774743340927,0.008742655777859376,0.004980707900397174,-0.0003107863722374704,,-0.0014302632610752042,0.0031003041204826776,0.002977218023519468
2012-01-13,-0.00660438486838788,,-0.005015332336725353,-0.007184632809357994,-0.007827825589482917,-0.005718791360521891,-0.000932735160099174,,-0.0005728548559800206,-0.004495454118384146,-0.0012367602692350266
2012-01-17,0.005540337838941589,,0.007056803765260522,-0.007958948167020585,0.005071840504282221,0.004601171260021797,0.0037339925225252646,,-0.0008596000058733733,0.006209289819993469,0.0027239297175527533
2012-01-18,0.011294805730965862,,0.016444795561273207,0.015317484537456405,0.008970889608828081,0.014504371779824332,0.002170023507728658,,-0.00028683816947383534,0.005610214386645662,0.016052950826214385
2012-01-19,0.0008170888373104646,,0.004079915674650936,0.009338539980832117,0.010558919221439922,0.007148069711248262,0.0018556373012514893,,-0.008321656133999267,0.0,0.008751023241168499
2012-01-20,-0.004354549114295558,,0.00013991280752922997,0.006405717166838132,-0.00577427096870875,0.0011203434919999644,0.0003086857809879717,,0.0014469937401355715,0.0,-0.008192680762671878
2012-01-23,-0.0005466384687285997,,0.007985382470117042,0.0035362118005091148,-0.0011057896745222395,0.003358039786336864,-0.0009257715704434899,,0.004045093942482758,-0.004463118949443068,-0.0007288516556688274
2012-01-24,0.0,,-0.0029185665647694092,-0.0014096501520178828,0.001107013798950618,-0.0007436197950667633,-0.005560633068284471,,-0.00805776966811611,0.00028053696082896984,0.0029176425063337508
2012-01-25,0.01586403637054068,,0.012266683762159225,0.0021171923645275648,0.011062000622284573,0.007815611752368223,0.011494315247347897,,0.01653626765681393,0.007282474560498464,0.007272395558609812
2012-01-26,-0.0002695061214776917,,-0.013632908423208856,-0.008450877325164141,-0.0019149575387069628,-0.006647059551274648,-0.0036859101138310146,,0.003424724593468431,-0.004449534165960722,-0.0016847275847926557
2012-01-27,0.0013468670366700852,,-0.002093953731500009,0.003550850452664678,-0.0008218930733785434,0.0,-0.006781561380511114,,-0.012230103077118248,0.0005589466088979922,-0.0007230120532392137
2012-01-30,-0.0010758392496403868,,-0.004756621666524907,-0.009199652368315991,-0.0035652124481859726,0.002973884462771803,-0.00651772260502359,,-0.006334501693271655,-0.001395913823525552,-0.002894900841583392
2012-01-31,0.0010769979262812424,,-0.006325568158361383,0.004285692916016437,-0.003028239858218207,0.0018536132061901522,0.0006249604256693964,,0.004925616492924112,0.0008384498651670125,-0.00024231422829945615
2012-02-01,0.009951837786657203,,0.00396090156653961,0.01564682468197387,0.010767738697029072,0.00998805454043361,0.0071806949236083994,,0.0034606293182026793,0.009776925699507055,0.0033878837703471554
2012-02-02,-0.0047941471400076985,,0.0076090585648949105,0.004902204062998461,0.0005462000823117652,0.0025644228338113084,0.0037198438456311766,,-0.0017240844476278383,-0.0038728119411668427,-0.001205493157870996
2012-02-03,0.013647774577165928,,0.017619579784797113,0.02717772820537423,0.017198914840179658,0.012788143197759227,0.003088410117435325,,0.0025906369624284498,0.005831703109212105,0.020526487641825186
2012-02-06,-0.005543897988143587,,0.011955926432307917,-0.004749010858676406,-0.0024149896366264523,0.0003607596780943467,-0.0006155753627805627,,-0.004307067639365725,-0.005521592561449462,-0.002129959934642045
2012-02-07,-0.001061710013696593,,0.005160008723197107,-0.0006814013634026672,-0.001076540721139052,0.0025239932865634973,0.0009238036657110982,,0.00720905820339568,0.003608955701301708,0.004742707023260184
2012-02-08,0.0010628384399111734,,-0.003377744369813973,0.007502699721415151,0.002154935542441505,0.006115185379222066,0.00030816238613096125,,0.001145490372634006,0.0,0.002360053732227918
2012-02-09,0.0010615075904336635,,0.00013569982994310337,-0.004061756953390505,0.002687627971404094,0.009653451700089022,0.005538303721405402,,-0.0028596208937804457,-0.00525611603611853,0.0016488685728381913
2012-02-10,-0.017502032028092418,,-0.01002983805465707,-0.009517701168303305,-0.009113110113819434,-0.007436290260065426,-0.0021418797431882464,,-0.002007641403080518,-0.004170768815288772,-0.0054075078305541036
2012-02-13,0.0027000308716083055,,0.007941124409009959,0.008922767498407813,0.012171803444862128,0.00642152970923493,0.004292869452776182,,-0.0011497693538665699,0.007539767747133386,0.008036159953838329
2012-02-14,-0.01292137710433261,,0.0017656543310222705,-0.009523969784275499,-0.003474012291530326,0.001772629949344351,0.002442679327645081,,0.0002880144661689954,0.004156894960935631,-0.0011720689201011325
2012-02-15,0.000818396062937321,,-0.0016268056907696726,-0.006181237575378695,-0.013140165814530369,-0.005308073881541753,-0.00030421084564868917,,-0.0020131527617570644,-0.0019320309954222736,-0.00446016597273613
2012-02-16,0.017711227804347196,,0.013037858554689308,0.01589503654515978,0.009239207505297609,0.014585936560588264,0.006398228585766441,,0.010662829677876795,0.005531154621203571,0.004244110711335569
2012-02-17,0.0005349607500366726,,0.0037541376608734023,0.006122677361289908,0.003769305102546472,0.0,0.0009084494953035538,,-0.000570415190086937,-0.0033005699624164553,0.008687811382992239
2012-02-21,0.00588727130684874,,0.00681141305418298,-0.0006763856054635697,0.0034871911091254315,0.004207198872093976,-0.005747173191063326,,-0.0037090318418525614,-0.007174296224916943,-0.0034919850618602144
2012-02-22,-0.0015956503752733164,,0.0022553039558013133,-0.012855609750488162,-0.0010693701578355919,-0.003491550788411235,-0.0027382767684015485,,0.0011456437244503626,0.0,-0.002569208879016016
2012-02-23,0.0010652638514099255,,0.005030137734097551,0.008910433120109085,0.003211280070466671,0.0038540181479924662,0.005186493243906742,,-0.000858314965480278,0.0008338907436522547,0.004917746103134446
2012-02-24,-0.0005319636549009354,,0.0039509869896166006,-0.0033965687294845726,-0.0002669864610751471,0.00593415815648779,0.0033382543364235406,,0.004294475796070341,0.004998239745699573,-0.0011651769436783477
2012-02-27,0.00026575110020021775,,-0.003149071861564101,0.007498311496317633,0.0008003154277493874,0.0017347120686102002,0.0,,-0.00028503937090007536,0.0019344993590695303,0.005833310929565849
2012-02-28,0.003195000821538674,,-0.0032892751375039886,0.002706038856068904,-0.0013327044768702834,0.007274095834903127,0.003327315208957904,,-0.004847485673318164,0.003861196630361219,0.005566440733391076
2012-02-29,-0.018842835789009693,,-0.01135484039167911,-0.004048462355372373,-0.006139730770111984,-0.004470383943105616,0.0018086449164513851,,-0.0002865094921669087,-0.006043954299676413,-0.0036904526060869136
2012-03-01,0.011090181469571636,,0.009615204072733974,0.010840469509662887,0.0034917410535304505,0.005872027653586631,-0.0015045803675124425,,0.0025794992347067947,0.005251158734268513,0.008335760680108661
2012-03-02,-0.002407533896106817,,-0.011375045719138832,-0.0033514440146615865,-0.005888513529169193,-0.0013735043833544847,0.0009040082462132837,,-0.0005717084851633025,-0.0016491698450337156,-0.0006890592135133655
2012-03-05,-0.016090255770442208,,-0.0064226977905819105,-0.004034644424380618,-0.007001070351593808,-0.008597116787004921,0.004516793664265828,,0.0022884909994249636,-0.0022037188866759205,-0.0009192412247008841
2012-03-06,-0.020441403351744714,,-0.016293912614106176,-0.02430798171019677,-0.022504952409323153,-0.009711800294624817,-0.008392965770287142,,-0.003995628063003687,-0.012972435932533721,-0.01563909814910114
2012-03-07,0.002504066358500978,,0.008350376736992127,0.0124566852641943,0.010263279364603806,0.007355062233503684,0.0015112346846044566,,0.0005729316072395907,0.0044742167545652745,0.011448032329349322
2012-03-08,0.01665280678773806,,0.008145407791688264,0.00956881219473793,0.014278143327970172,0.010083632530061504,0.006942277769445893,,0.003149974448101611,0.011135885821833558,0.010164029162357258
2012-03-09,0.00027311967408838456,,-0.0009423685148105543,0.008125260589675998,0.0021653493750810604,0.004474922000287318,0.0032974769904277057,,0.0039969444450491665,0.004130090630003691,0.005717052428409142
2012-03-12,-0.005458612751913727,,-0.005526718593693358,-0.002686658890327598,-0.00027017570841136873,0.001370994878782783,0.003585198839859194,,0.011373263717433302,0.0,-0.0027288804467078265
2012-03-13,0.016465299723489313,,0.012062772559153334,0.038384013659458205,0.020805342531234894,0.019849224269965493,0.007442605291560156,,0.0033732672322586144,0.014258163463471751,0.015504533076309945
2012-03-14,-0.00377949831632296,,-0.009642331358577949,0.00129691206398852,-0.0023818807378488405,0.0036914482437226948,-0.002954917757766018,,-0.01484956987128705,-0.0002701569038235929,-0.0013472847845953373
2012-03-15,0.007316759671711859,,0.001622828605892579,0.017487306419144755,0.011939347487423646,0.002674683172066983,0.001778336589645102,,-0.0008534324332598597,0.0016222908491467791,0.003372250060361459
2012-03-16,0.001917707219773801,,0.013756213365189174,0.0038309890392891344,0.0004478991248426656,-0.00046827283227934835,-0.0006547820954585504,,-0.0008045957355644617,-0.00010880081612318904,-0.0032143772381104663
2012-03-19,0.006199393014776344,,0.004545651622318125,0.005088619736915989,0.0,0.00736275321544877,0.000595616619575301,,-0.0069003011258468305,-0.0002711216153671314,0.005186582714621801
2012-03-21,0.0,,-0.011890361600823462,-0.004407870113388723,-0.0005328199026103375,-0.00033233822035583227,0.0014885490324390016,,-0.002024707336208853,-0.0005456598117922207,0.0013438604411184496
2012-03-22,-0.016163747896693503,,-0.02256283442192053,-0.013283113177624206,-0.011194133166414377,-0.0023287388856247926,0.000891769142935317,,0.0023180954774111306,-0.0032759424898377576,-0.002460504566024646
2012-03-23,0.010679066932118397,,0.01091256571348187,0.008333584646732728,0.001617749217153408,0.0,0.0023750860572546717,,0.00028904811624741455,0.0030127350892541482,0.0011212063955448048
2012-03-26,0.013004157381600878,,0.0074728033220496926,0.01589278534286298,0.014800491907722924,0.014671496810416462,0.006812550294722053,,0.006937071388837701,0.017477185207405377,0.015901511069160934
2012-03-27,-0.002139130360583108,,-0.01002783781405825,-0.009386588340493773,-0.0031821810915315663,-0.0003287071540974962,-0.0005883766759727793,,0.0048787286217937265,0.0018787673383384718,-0.0015431315608935847
2012-03-28,-0.013937853069768358,,-0.012487773110386846,0.0025269166361192585,-0.009576822611811253,-0.0036159901203539624,-0.002354892267575792,,-0.008283130905418101,-0.00214287955503889,-0.008611060306154772
2012-03-29,0.0013594576044968498,,0.0,-0.01008171309149053,0.0005371241527796222,-0.0019793720887482102,-0.0002951784348350639,,0.004032304735197112,0.0021474813489161804,-0.0002229627886998209
2012-03-30,0.003528540231695798,,0.008149732074026694,0.005728147187807675,0.004563600007824853,-0.0029752869256221004,0.005903113810517002,,0.005163347831837584,0.007500335105655731,0.004455252204560223
2012-04-02,0.014065424039717334,,0.009756249066829259,0.007595434084438635,0.00641388277040944,0.010610063482155985,0.007922634877608248,,0.005137514461897474,0.0034571796743081418,0.0026615931364035728
2012-04-03,-0.007468640275070992,,-0.008695923375659609,-0.005653348698806182,-0.007169330600566015,-0.0006562607993173541,-0.00553143887105656,,-0.0005680983683514773,-0.0005305979191169152,-0.00199062295104091
2012-04-04,-0.013974499828005138,,-0.012809628867882616,-0.01579258393973093,-0.007221298584084823,-0.011818574351850075,-0.003219765507282979,,-0.001420881542273933,-0.005302255285776547,-0.009308434198406323
2012-04-05,-0.005723666870786737,,-0.005641610499024896,-0.002567366424999107,-0.0040406675779451895,0.00232549214950728,0.0,,-0.007396466870799756,-0.00026628016567697976,0.006935041656025875
2012-04-09,-0.014528591920733414,,-0.012624415579645443,-0.015444140600816003,-0.016229708203523874,-0.006960821054366684,-0.00910437296322486,,-0.005159600429956557,-0.012530123343990507,-0.009109463098569304
2012-04-10,-0.020583986437134882,,-0.01968090019906532,-0.021568545446078446,-0.02034602896805371,-0.014018463975915663,-0.00889186042652479,,-0.012964550660697571,-0.011339301298154858,-0.02443905975615568
2012-04-11,0.010792179440038518,,0.00029335881614400705,0.016031790542162083,0.011225917910090866,0.005754832267325316,0.005083747768844349,,0.002335540905435307,0.003550381316539397,0.013789672380031703
2012-04-12,0.027255116461867734,,0.02182775695565331,0.01840894724007014,0.02137126675161438,0.01245390376475708,0.0005951931567149682,,0.0032031160430943117,0.00544194373588236,0.012695500359762635
2012-04-13,-0.011761680473966196,,-0.015053732349474047,-0.023240751844865293,-0.012771548002730948,-0.01562488950141594,0.0,,-0.0034834624337823916,-0.010013101915215983,-0.002686015271883835
2012-04-16,0.003044570985803352,,-0.006695552426566942,0.007270197180665239,0.0027524222013322053,-0.010469717447716298,0.004163299697954814,,0.009321792979500865,0.0002731226549905763,-0.0035913013453857667
2012-04-17,0.013521128492573364,,0.01626590714463716,0.013123719106056475,0.016469811191467842,0.02184305035937073,0.010067725543751127,,0.005194552425695331,0.014758016294901699,0.010587615811208817
2012-04-18,-0.002722666053571632,,-0.0020189386915107077,-0.006476908061177733,-0.004321199285541866,-0.007348075883922389,0.0,,-0.0017228586649509214,-0.002693350816781903,0.0015603308073359745
2012-04-19,-0.0035488386294589835,,-0.0013001743309288827,-0.004563333147282744,-0.011119865339199286,-0.011103704690542449,-0.003224889356935212,,-0.0025883135449223937,0.0016205040989012431,-0.008012413663339046
2012-04-20,-0.000548117098790768,,-0.0023148304497465633,-0.005238876958659655,0.008502568035364977,-0.003742482464336616,0.009117765088932472,,0.009803873735069635,0.005391993859125366,0.0015700806162648462
2012-04-23,-0.01233547642650712,,-0.0010150429454786059,-0.007241479721666,-0.011150303539537165,-0.007855402964376257,-0.015447242113413417,,-0.004283174955743041,-0.007776755947851988,-0.01075218989232829
2012-04-24,0.0,,0.0074026592684048875,0.011273038390705814,0.013201120589129145,-0.0020654605810960236,0.0002957313844562659,,0.006882663114913479,0.0035135936662349376,-0.0033969293100331033
2012-04-25,0.021093125074055363,,0.009942568994791401,0.00852474809592052,0.0019003377813986422,0.028285675579053704,0.006510860181061284,,0.005126840992800252,0.010503487582878668,0.016814353376099822
2012-04-26,-0.0010870430035148093,,0.010558371847657622,0.008452691034122273,0.005960190076185645,0.007715818006230224,0.009115165052859808,,0.005666891703008492,-0.00026628016567697976,0.012514235079025049
2012-04-27,0.004898532610605466,,-0.00042377178685282235,0.0006444944829302468,0.006194526798858568,-0.0003329745715703325,-0.001456837960851165,,0.0033814691946436604,0.0005330853264751134,0.012359069411471468
2012-05-01,0.00599995829286315,,0.014317980195255098,0.010369103862605256,0.0029723095294031943,0.003353468153711958,0.002633421087138599,,0.005047767125202718,0.003732491295217244,0.006577281981066996
2012-05-02,-0.004879665999145355,,-0.016330109975496443,-0.007696968215026079,0.0002691921430382216,0.0006683908393072535,0.0008755551191685917,,-0.0058596529446558465,-0.0018593694252636572,0.0054453836706906955
2012-05-07,0.000840964703611613,,-0.0029277311386954885,0.0059603524758664594,-0.0027550363473684003,-0.002751974221850473,0.0014674213759722221,,-0.0019681001118984076,0.002165047570045653,-0.0004454266878928248
2012-05-08,-0.004760256998428081,,-0.0032309296132290166,-0.006583308237371188,-0.0024862739790960653,-0.0034491647245799006,-0.0023439328987893138,,0.00169008718796948,0.0002701271402287819,-0.012029680756239336
2012-05-09,-0.009004054453518706,,-0.0048610489573077675,-0.011265770123354057,-0.011630894777298395,0.0,-0.004992914014957384,,0.0005623269015815335,-0.00674909139633606,-0.003832619742301868
2012-05-10,-0.0031237375801612677,,0.0042924521825287165,0.004021608095735596,0.0014012692195126686,-0.007615296719779008,0.007083769135685314,,0.009274622984376313,0.007066645016230666,0.003395289658966849
2012-05-11,-0.0028479321498501298,,-0.007370426171867117,-0.011348393634623366,-0.001958894015285595,0.0006976920077124138,-0.0026377283670869778,,0.000557182892718,-0.0010794081305758318,-0.0020306448099466357
2012-05-14,-0.013710404350067207,,-0.016631487949725687,-0.020256671531367565,-0.011494641582939669,-0.00871407308452421,-0.004113876524214244,,-0.0011134088483540916,-0.0032424354606550576,-0.014014510703700633
2012-05-15,-0.015059109192511189,,-0.016611498985774964,-0.005513484344873754,-0.005104554274498518,-0.002812694507773994,-0.001180550972074923,,-0.0069654674891390655,-0.005964116088750693,-0.0016043786905672874
2012-05-16,-0.010879698808124671,,-0.005681617770832648,-0.014552597621587782,-0.0011401576332666918,-0.008109829959809356,0.0032499857206611527,,0.0014026616405402592,0.0016365442539749697,-0.0016074720402798892
2012-05-17,-0.02199730710044523,,-0.0063320399626264345,-0.020394170996788863,-0.0214043073060477,-0.014219587959316549,-0.007067080412810345,,-0.00560405764420302,-0.009256403129695667,-0.026448909666966003
2012-05-18,-0.0039516459046964325,,-0.006217206730589231,-0.01148587857447314,-0.004957757545151931,-0.009376624979213433,-0.005931204117702205,,-0.0019722824755303847,-0.00879358971177513,-0.007559720135374093
2012-05-21,0.029295326441463487,,0.02299080081749305,0.009440326705414614,0.022274239885620384,0.02475453507568992,0.0038781950697643897,,0.0011296966479155124,0.0097035523002158,0.017615057469987816
2012-05-22,-0.006226176923327942,,-0.0024464101331835852,0.00791407697941704,0.003727060355340983,-0.0031974880976831654,0.0011882332045156652,,0.007049846116931047,-0.002746053185682884,0.0039761654696146564
2012-05-23,0.011933448442077443,,0.003677994509433624,0.0035687870421459156,0.0054271234241820565,0.001069166758304485,-0.0026713955112760424,,-0.005320429374219171,-0.004405467052712164,0.005359178387560615
2012-05-24,0.006191002897828923,,-0.0007630528081397081,0.0007114989549690254,-0.0011364807018234835,-0.005695644020376034,0.009524037801297958,,0.003941487183042547,0.009679138653505559,0.004634698739902188
2012-05-25,-0.004101767030879944,,-0.004737622051602108,-0.0035536752472160593,-0.006826222457385289,-0.0021482855932438705,-0.0008842643871643796,,0.0033647544282560116,-0.0024645237174242274,-0.0016143712579809177
2012-05-29,0.017358165932111147,,0.016736016977055623,0.014265503469888197,0.013460057866236053,0.013275789973026697,0.007081840927063654,,0.0030745427137062187,0.0032943693643772143,0.013863160593671653
2012-05-30,-0.01792978986048155,,-0.030655545834797016,-0.02320718577780234,-0.016671523238050656,-0.006374110626651941,-0.008204290419468574,,-0.006129985185427178,-0.005747035642043707,-0.015725070951645437
2012-05-31,-0.004122449323489263,,-0.00872396517706353,0.008639434934255563,-0.003735627345864634,-0.004632566855325204,-0.002067632001591657,,0.005326904161128132,-0.0049543912366931675,-0.002083517314679262
2012-06-01,-0.02128919788104544,,-0.02498793788981768,-0.037116486582496666,-0.02768979493992829,-0.026136983344153153,-0.018354125024157786,,-0.004183180626077365,-0.01770400716087661,-0.0315541379629144
2012-06-04,0.0009066672093001049,,-0.0008062879220457342,-0.009636385513283274,-0.010382613307245436,0.005882260438260234,0.00331711221846942,,0.0033605517407102603,0.0022527089371349174,0.0035938747387909142
2012-06-05,0.009658509391272663,,0.00854997380663014,0.016466658551981705,0.0029979842972214232,0.006213703236710222,-0.0012021367045222942,,0.003628256702977728,0.005619383325613736,0.005489660396890583
2012-06-06,0.02511234816174146,,0.030869972867765938,0.029455549052628482,0.026598378087382635,0.022884079658744394,0.01354228648675515,,0.013904320161675976,0.015647006352955017,0.02160491065150616
2012-06-07,0.001749296541172063,,0.0006208334234771851,-0.0007152455840618854,0.00553104155168449,-0.004971644156439803,0.003562670031405979,,0.007679821447528434,0.0005497676814756325,0.0
2012-06-08,0.006696445683910035,,0.00015433987513069347,0.012168744222369465,0.00752799719181696,0.011063662631514148,0.008579785378069138,,0.0021776410322538187,0.0060494562509993965,0.008831197488313514
2012-06-11,-0.018507900899685792,,-0.01364292924111743,-0.01838799428586646,-0.012931268050485945,-0.014119285211741217,-0.004693529027032017,,-0.0008150358523043577,-0.008745590545191528,-0.015203586401172697
2012-06-12,0.018562060646718503,,0.0141462954057463,0.015129470206975748,0.016011826349547675,0.010025168977255694,0.004715662124093134,,0.0010872176369400854,0.009374259308631006,0.01075971515955998
2012-06-13,-0.015331079207365095,,-0.012708842113610896,-0.0035478818031218218,-0.010028662592460047,-0.006026393567025168,-0.001466667141316269,,0.00027146819994916527,-0.0010925115458605417,-0.014579637668562517
2012-06-14,0.00822514735051727,,0.01569839521587224,0.012107644190800348,0.00781481739311829,0.004992920570984438,0.013807148156178561,,0.00678601136330248,0.015039544188117482,0.01338668419689859
2012-06-15,0.011571908160761257,,0.019118459463000947,0.014001208054234215,0.008771741289874235,0.010651573332519426,0.0016338357040455165,,0.0049527829048219285,0.003764543573531842,0.009814313594440405
2012-06-18,0.0052128621860498825,,-0.008991378310144404,-0.005578920624788708,0.002288439379239282,0.0074020228265714305,0.0026219374458067435,,0.0037913872094932355,0.00674599480665905,0.0071390505260524595
2012-06-19,0.019014561853594403,,0.01445502054782799,0.01683034206081091,0.013413360048684986,0.0076975418458617995,-0.0008715079299581596,,-0.0021584623749756338,0.009112823302835693,0.009147677895969597
2012-06-20,-0.00565420575387654,,-0.00394123465225249,0.002069062112044495,-0.005350688628782629,0.0017364050434545142,-0.005234245926561298,,-0.009732553662905485,-0.0026562763696826863,-0.001133107218510232
2012-06-21,-0.032698507471664584,,-0.04093764347525208,-0.022023458906504922,-0.019535672425045725,-0.023570399157911925,-0.011692611814383858,,-0.010374223269486227,-0.013848511373537153,-0.02177855272683782
2012-06-22,0.005291305324367057,,0.006664507355012006,0.00914852530340493,0.0034653694420048176,0.011004810889163164,0.00295797967476652,,0.00027591125452008924,0.010532400213965287,0.004406413767364725
2012-06-25,-0.012573129516953219,,-0.02238342284625805,-0.02092074237229058,-0.018417510098335033,-0.020365346749157687,-0.006192791020303567,,-0.0019301855542463997,-0.012292944382955029,-0.015470265341418599
2012-06-26,0.00325715651541314,,0.010803002006978035,0.004986238812970445,0.0017590992928908644,0.003942698812372081,0.002373294189720987,,0.0013815120745195308,0.0029766014131074048,0.012430039475290311
2012-06-27,0.010920854763499355,,0.020737126822826468,0.012047969093829769,0.00965751883467858,0.006069376622341416,0.005920890397601131,,0.011313497216873358,0.010790316171328529,-0.001390214390490141
2012-06-28,0.00029177491800447264,,0.006876176354929431,-0.0007003478861887791,-0.0008699264940874585,-0.008162000006144976,0.004414691076824795,,0.0035470447175129927,-0.004537177444280505,-0.0055668358433241805
2012-06-29,0.03006470691495977,,0.03011007243231778,0.025928922526146314,0.03481342492396511,0.02790706926045261,0.018751802309347587,,0.0057097458239292465,0.01903520819854765,0.021226836976728114
2012-07-02,-0.005101025321932573,,0.00045184845781154337,0.006147105625079252,-0.008690676579190204,0.005569272184695828,0.005751672667052121,,0.006217788842343586,0.003156814595811186,0.002969549933684368
2012-07-03,0.0142411601923218,,0.02394592209251023,0.005431517025781485,0.010463433589975812,0.007961015857833154,0.00457561940722484,,-0.0024181634842594946,-0.00026186514338755185,-0.0009108849066118418
2012-07-05,-0.001404289462135777,,-0.013090056861435162,-0.014855447624325668,-0.001119355468496841,0.0,-0.0037008062442897005,,-0.00592497382068935,-0.0062962219918089035,0.0025072427607049086
2012-07-06,-0.011529723869784902,,-0.012071612622684857,-0.008224268707391902,-0.013449240212393465,-0.014766337048749745,-0.0011425721734410477,,-0.0021674144569617804,-0.006600023434715441,-0.004774814389308379
2012-07-09,-0.0062588473371884,,-0.004525152429408652,-0.0013824074990220758,-0.0005680477029245123,-0.00209154745126805,-0.00114427090417768,,-0.003258630575334709,0.005314933908856734,-0.005483301291648202
2012-07-10,-0.014887023200283123,,-0.0156089238588899,-0.007612464245922657,-0.016197342604766463,-0.011177132448430771,0.0011455817600540819,,0.0016347235306244379,-0.004758006408540294,-0.005972489752582799
2012-07-11,-0.0031969428794574872,,0.013546714292621553,0.008368485922516822,-0.008087982849476205,-0.004591764217108607,-0.0014304953367277884,,0.005167443235061908,-0.0007967500243152292,-0.005778241236714776
2012-07-12,-0.0049559550208369,,-0.0033410135213712833,-0.010374132821009074,-0.003785960416410661,-0.009936284555655095,0.0008594325924491386,,0.0013528924829946387,0.0023919027041692242,-0.0023242720123742844
2012-07-13,0.01787309742208376,,0.017524705450535194,0.027952883518921334,0.01929267151792846,0.013261508126803934,0.01116185385837909,,0.008916314799112257,0.011138020310299535,0.0163089538547605
2012-07-17,0.012712708320462562,,0.01253928525389747,0.005449710321335122,0.004331322657748382,0.0038951491084411316,0.004267119033029454,,0.0021441648874831465,0.012827777122564665,0.00992164779806215
2012-07-18,0.005991805950820606,,0.008698152199763332,-0.004742599461022734,0.018689200779864468,0.017284029598443773,0.0002834676293237415,,0.0032080852168094864,0.0015500499184795125,0.005254366439396918
2012-07-19,0.010776853100611161,,0.0030690760774494397,-0.006126084024587919,0.004798249855602288,0.00866855972593572,-0.0014161607250494646,,0.001866243109003296,0.0,0.006591197678513128
2012-07-20,-0.0061727976311110044,,0.0023313438200478487,-0.015068916348829564,-0.01235986476291906,-0.011344549794363501,-0.006239400147495799,,0.0021278864621774307,-0.01290276845199656,-0.012192703882765943
2012-07-23,-0.015810194616217577,,-0.00959438032631521,-0.008344894965382155,-0.005119490671166571,-0.00973527116582884,-0.00856150087289509,,-0.006636965949340823,-0.011764588636786866,-0.014628486721732892
2012-07-24,-0.015490616999286333,,-0.01599890597067055,-0.0028046874999999583,-0.011149098431740612,-0.010182593371173776,-0.00316643587435117,,-0.008818704626755824,-0.011111242770034502,-0.006726856936125403
2012-07-25,0.0,,0.0007458933130461975,0.0035158786774649453,0.003469235328851905,-0.0039021382712246533,0.00028887285797463136,,-0.0005386792092667569,0.004815667324553852,-0.0021019492919482907
2012-07-26,0.004661886121824166,,0.02846926522126747,0.01541676377093193,0.015269435546901411,0.015313155813417412,0.016455066989343292,,0.01564586422441483,0.009583970444228207,0.016148121328307674
2012-07-27,0.01827155166306027,,0.017681127229544513,0.01863358231929224,0.021849929198767715,0.021747144944976204,0.011360060357954449,,0.01168643746377196,0.02399808347068233,0.019806632693255333
2012-07-30,-0.0008545298654710765,,0.0028481053139080004,-0.002032411485909602,-0.0027767996720369226,0.0003430651139304519,0.005054614218165998,,0.0036755303488651414,-0.005150313552434005,-0.0038393927900485236
2012-07-31,-0.006841224183697148,,-0.01093438078373854,-0.0047522580047753005,-0.0027845317589118013,0.004117871652108418,-0.004470632410186859,,-0.008108690960607845,-0.006212606287416822,-0.012921842579007858
2012-08-01,0.00028683382158223303,,0.004881599097484424,-0.004775052491893916,-0.006702494773404677,-0.0034175128944201605,-0.005051778228242765,,-0.007648091024575199,0.0005204933957163593,-0.004134276434870743
2012-08-02,-0.011764835961190934,,-0.01671675313970178,-0.007539523501537082,-0.005059792189910928,-0.006515752418285836,-0.008180215245559785,,-0.0055806931200329535,-0.009633143496838747,0.0025371455725298198
2012-08-03,0.01974477005897568,,0.023539463793219584,0.0234812820663981,0.021757033478094767,0.019675536315959974,0.016780429872061742,,0.011758512839610491,0.011830166636823014,0.019783739936581224
2012-08-06,0.009111527796542118,,0.0026975317843609403,0.004048669363747592,0.0,0.007108849925778982,-0.0005593391828974115,,-0.00237665352444838,0.00025941586430455743,0.0036087158299438205
2012-08-07,0.011568975965944306,,0.015007756039194353,0.004031939035778587,0.010232283570208223,0.006723061590128143,-0.005317692714899791,,-0.010325665543579832,-0.0023375407912440416,0.009440563306106542
2012-08-08,0.0011155032328800107,,0.0008369807582564448,0.0,-0.0013689043211739804,0.0003335202030394502,0.0070339001600991935,,0.0013370503252290167,0.0036445976986398954,-0.00489866247328441
2012-08-09,0.0055726346266253834,,0.0068293387959526,-0.0006695096305493475,0.0008226431036642001,0.003338044712854815,-0.004191045678104244,,0.0,-0.0005185189122202116,-0.0006713651555080302
2012-08-10,-0.0008311163253018616,,0.0017993654756280897,0.0006699581739988414,0.004656246629804794,0.0023285239560923987,-0.00028076342441918367,,0.002939102637929958,0.004153085842024229,-0.0008954879282838668
2012-08-13,-0.005546292295952715,,-0.003730852683663244,0.0006692073233709461,-0.002180795545824954,0.002986926355379005,-0.0002802272354579527,,-0.0010657993327529702,-0.002585058619806513,0.00044794485007226825
2012-08-14,-0.004461681850880472,,-0.0018028597791286405,-0.0013378216738588744,-0.0013661518621024271,-0.001985203336317798,0.003930202398463978,,-0.0010667768116585652,0.0025917584673731398,0.002464296399905308
2012-08-15,0.0016806732174170502,,-0.00013892537521043025,0.0033492866871425164,0.002188685776947752,0.0003315757326454172,0.0005592594825349906,,-0.004804543314252618,0.0023253827694080798,0.00312830392629726
2012-08-16,0.01482094353048935,,0.008893922883465244,0.006675609823751261,0.010101124963377561,0.013589872325616703,0.002515605496956841,,-0.002414591911562791,-0.002578201218388365,0.008242517621022127
2012-08-17,-0.001377837182866326,,-0.0004134154111539168,0.003315570953877467,0.004864633268502505,0.005558697367509247,0.0008362783041946376,,-0.0026888906651687527,-0.005170778146398991,0.0037562601041927213
2012-08-20,-0.0019319393070842406,,-0.0034449313770964496,0.0026436118137445064,-0.0021517975470349837,0.0009757898310680524,0.0,,0.0018873143467610376,0.0020793340484448475,-0.004182555275034416
2012-08-21,0.0013826874826885494,,-0.003180248214745718,0.0032960996699731293,-0.0021564377645273414,-0.0064974187763432445,-0.006127939273641747,,-0.007265801365767599,-0.0033714122211004893,-0.0013260111477448877
2012-08-22,0.008283001004606882,,0.003745170948239007,-0.0013138908221318468,-0.004862073470714767,0.0016349592023920945,-0.003083321855901322,,-0.001626421881598561,0.0007801446007689172,0.002877630628060901
2012-08-23,-0.016703482853578144,,-0.011055842362899027,-0.009868581675520294,-0.008142914863298767,-0.008161973084576668,-0.007871763673048315,,-0.010317885955895778,-0.001299826233495338,-0.006842048856721017
2012-08-24,-0.0019494127530840233,,0.005869249543914545,0.005315628642434511,0.004652221014931124,0.006254016713427957,0.008784631001875098,,0.0046640148439001106,0.008592077977692902,0.00822216856503788
2012-08-27,-0.005859590887604349,,0.00041680433201118916,-0.0006613009678616555,-0.0029963682225714328,0.0009812370190132036,0.0014044706069915591,,0.0021845788013044043,0.0010316433140133974,-0.0015427771782906552
2012-08-28,-0.002245419145614047,,0.0006944131400308251,-0.001322581027379699,-0.00382538588250414,-0.002287432753609653,0.0005609849669707678,,-0.0019073703062828518,-0.0015463309504559763,0.0019863817755887414
2012-08-29,0.0022504723994263287,,-0.006661207144672332,0.0019869475026716987,-0.00027445432378447876,0.0019651198136485526,-0.002242604963480943,,-0.0016377212505099825,0.0033569877560213346,0.004847353101489427
2012-08-30,-0.008980474954179085,,-0.01061732747913835,-0.005287522138308631,-0.008504571550874807,-0.011114658254425258,-0.003934207090177555,,-0.004922041951183953,-0.0033457560937797393,-0.005481400423692717
2012-08-31,0.009628884842885155,,0.01002553334423828,0.0073087768142197085,0.00608752572486404,0.007933991217729863,0.0002825000419193202,,-0.001099480755508031,0.003098805259883708,0.004188418813491079
2012-09-04,-0.012903608653081267,,-0.007689367797252933,0.0,-0.010451072719155685,0.0,0.005922096349339601,,0.003851471207481305,0.002059754029337446,-0.002414868522188862
2012-09-05,0.004546630859864287,,-0.0038039137240774012,0.0,-0.0027793866131955447,-0.0009840357242033582,-0.0016823184924485979,,-0.004384559073450589,0.0002570394939132026,0.0015404992378686977
2012-09-06,0.02517708913599903,,0.021072157321953666,0.023746918015947305,0.022575136469753954,0.022324186929534084,0.012356458686971106,,0.011285303396303181,0.015925805115111658,0.022412677608299125
2012-09-07,0.019591810411985433,,0.01731301130960139,0.010309305351404285,0.00844947394887452,-0.0016056311233710874,-0.008044747378109451,,-0.0032662872321789216,-0.0005054684993006653,0.005373023026967072
2012-09-10,-0.0016238167791584601,,-0.0043567086405553734,-0.00829104184771201,-0.00648692820195973,-0.010614398463432373,-0.00111874876625484,,-0.0010920032791162937,-0.0035413948246298954,-0.0014965629806694691
2012-09-11,0.0035239464923768615,,0.010665903374341035,0.008360357925131234,0.005441024891767343,0.0026010874123147953,-0.003079333854697164,,-0.0024606345125861573,0.0005071585566358561,-0.00042780636042472064
2012-09-12,-0.0013508714641413677,,0.006088218570382553,0.0038265165286521796,0.004058005755973593,0.005512204513877128,-0.005335460307201445,,-0.00575504143483796,0.000507929184442979,0.004925853148954662
2012-09-13,0.02461479897569019,,0.0162724360709956,0.026048221002038074,0.011317787815379843,0.013544017063527702,0.017786819865556636,,0.014057442080569249,0.010144665179221413,0.01278799262118313
2012-09-14,0.012407654154741099,,0.01323326729173524,0.008049382297138807,0.006128562448896924,0.004772520350794451,-0.0074899869968301225,,-0.00679531353646623,-0.00401717361309295,0.003998317943811225
2012-09-18,-0.002648062531706019,,-0.007105837563969319,-0.004959901991044902,0.00026601387210178906,0.0006325874361472472,0.005574809148941151,,-0.0030298423268370067,0.003258367610909918,-0.004839081581112903
2012-09-19,0.005576077289612735,,-0.009675430292351517,-0.0006232071304500542,0.002394139969257303,0.0009482092474426551,0.002771192264075628,,0.0011051692962400494,0.0009992910330680616,0.01035944930477739
2012-09-20,-0.001584634603995938,,0.0028100591062529823,-0.005610203092862309,-0.00955420722475131,-0.001894550029074904,0.0055282793391442375,,0.0041393140331658085,0.00424289579540682,-0.0012558185229023522
2012-09-21,-0.0043335553397881865,,0.0011262808623528908,-0.0034004227639360396,-0.002966366646646623,0.00127062228549768,-0.004567616582534795,,0.000583016843568096,0.0037210046949502917,-0.0007145113536762837
2012-09-24,-0.002937379586870903,,-0.005088451452348153,0.0006319056073949003,0.0,-0.006347137638168188,0.0033372557939248537,,0.009436541264056908,0.0027365213405841082,-0.002735215553379078
2012-09-25,-0.01606805210563078,,-0.010901868327284014,-0.015151519453799667,-0.013254427723612405,-0.014052840506619702,-0.006929063550755621,,-0.002199452661758139,-0.000743677593350589,-0.011814009236084222
2012-09-26,-0.004899271573798436,,-0.009524659105604516,-0.00640991387711376,-0.0038377143590831997,-0.007126899563838829,0.0,,0.002204300917278079,-0.005215268922790006,-0.006832032718566472
2012-09-27,0.012308275947089609,,0.013600668116670267,0.009031830346485581,0.009356318187704105,0.013050756710239808,0.0033491357700790036,,-0.00412434026194064,0.005741839156779394,0.010103414381462894
2012-09-28,-0.005674096854301425,,-0.0047438598227539375,-0.0031969520920193117,-0.004089434748607124,-0.007085292294524481,-0.003337956500563899,,0.00469380663047736,-0.00421980552507617,-0.004256366271668366
2012-10-01,0.0032606975149054307,,0.00503917943322052,0.004490183691606031,0.004653959284137255,-0.0022708161520660353,0.0064191326089841905,,-0.00467187773976574,0.005982374679289748,-0.000641384041051074
2012-10-02,-0.005417036780178797,,0.0017611664428893725,0.0019159127602927928,-0.0016349218836752,0.001300689028800317,0.0008321510206259486,,0.005245865224258628,0.0044591885799285524,-0.0019248152800542817
2012-10-03,-0.004629846318140229,,-0.012308993911696597,0.008922459313585485,0.005185276875327549,0.0051945242812403425,0.0030477287833403643,,0.004943494091336209,0.008387104546067503,0.007928071916626145
2012-10-04,0.012859605022598197,,0.009997110647016694,0.015161472624195538,0.005702129847886095,0.002907205142878677,0.004696108456744508,,0.0057392142805965385,0.006115415935154633,0.009141378777269615
2012-10-05,0.004862283683633173,,-0.0023046586466887176,-0.0006221881879964197,0.0032400265027949793,-0.005152919919746868,0.00384924948273091,,-0.0016302341952328936,0.0009725975790770836,0.002949123166677614
2012-10-09,-0.00942619754050722,,0.0013572902595342384,-0.006230288935873185,-0.011599869865529855,-0.012757641480086068,-0.009615082118380358,,-0.0019019130619576385,-0.012153304604672677,-0.01599335218456366
2012-10-10,-0.010875650595313258,,-0.018699451075966045,-0.0006276210605073995,-0.00927937461476036,-0.0039760041286323045,-0.004161003397282537,,-0.001633421318015249,-0.007381671414062985,-0.0062016425776494355
2012-10-11,0.004123564520514211,,0.007456355564215311,0.005646587611555454,0.003029971772573914,-0.003992177789372664,-0.0022284542973664,,0.0010902444689036006,0.0007432922109229523,-0.0045191666169650535
2012-10-12,-0.004380209329934326,,-0.005482366791960791,-0.01372435428474994,0.0010984734769037274,-0.0006680045958474823,0.0008373469337854544,,-0.005719970778796046,-0.0014866547543237463,-0.0002158588543164086
2012-10-15,0.008523488726242201,,0.0050991744120956195,0.011384988168078536,0.006859111476607227,0.005013307592327765,0.006694991904780734,,0.004109487759066832,0.014388550135501443,0.009945717263274423
2012-10-16,0.023991375262812475,,0.015905893638691104,0.006254325375502079,0.010626494742605352,0.013634892139262389,0.002493096108217907,,0.003819797444609696,0.010760790010491572,0.00899179845031517
2012-10-17,0.008253241344275297,,0.01255193938963095,0.013051573137179195,0.005931986902200315,-0.0052493590730003925,0.0044229444897199155,,0.012231930077674535,0.0,0.005728543559565091
2012-10-18,0.0002642954392992891,,-0.00013317642629262494,0.001840318350792014,0.0029477526069736637,-0.011543269955773816,-0.005504054557467164,,0.004564685226516874,0.00024240296711330878,0.0006330360395294665
2012-10-19,-0.020855568463698515,,-0.015731381901790686,-0.013472315562557569,-0.016835696102228237,-0.02268956757490148,-0.011897988170953222,,-0.008018970790133362,-0.01790089990793675,-0.017921041558256356
2012-10-22,0.004583390017215416,,-0.005011210506676966,0.0,-0.002718380456405489,0.006828211135579965,0.0005603063617469761,,-0.002694811033949751,0.0007394669461662229,-0.0032201343824008744
2012-10-23,-0.030059009506339995,,-0.02327826661051846,-0.016759701149312023,-0.010084315635635721,-0.010850936869647665,-0.0134342649693725,,-0.009186666826747847,-0.013290883912105755,-0.007969624390315566
2012-10-24,-0.0005532009851968445,,-0.007665402680329447,0.0,-0.006332693957729618,-0.005828076828771955,0.0,,-0.007363270087144436,0.0017463470525929115,-0.003907556001337187
2012-10-25,-0.0022147917235000314,,0.009410292603356352,0.002525079716818146,0.005541808287808259,-0.0020691279983829913,0.006241175818325839,,0.004945422773912744,0.007967882429195328,-0.0023974156665215185
2012-10-26,0.0019422704933520496,,0.0012519786883882222,-0.005037817144798562,0.0008266630531323926,0.0017279530154847844,-0.0033832046335747767,,0.0,-0.003952507133429095,0.003277218961899475
2012-10-31,-0.0022156131414846625,,-0.00027793625772343233,0.006329441234161015,0.004680532383580127,-0.004139604881300607,0.0011314092963154998,,0.00874786836354291,-0.007192604217795329,0.003266513880670452
2012-11-01,0.019428029531822988,,0.004309338271224039,0.012578697005402484,0.017813176305165657,0.016280396794144725,0.000565526480327927,,-0.010569648000319787,0.008244036363209917,0.0115041427506819
2012-11-02,-0.017968940081773965,,-0.016470954577860075,-0.006211312576871797,-0.008347034978063994,-0.012952331013553309,-0.005930754250016657,,-0.0068473010962561975,-0.0054510461377644814,-0.0006435210719204498
2012-11-05,0.006930933421406271,,0.007599585079526516,-0.0018750121229230698,0.0054306596593383105,0.00552527182876883,-0.0017047322721869262,,-0.016271360301374216,0.0004984697451306808,0.0025766029639402444
2012-11-06,0.010462937076347156,,0.016061727999481912,0.011271300265933037,0.010802127843652976,0.00446461027836742,0.0073991169887019925,,0.0005608200779068095,0.0009954982981370541,0.005354405734448786
2012-11-07,-0.015803832459237666,,-0.02611729410503083,-0.03343646508135645,-0.023510520382106326,-0.024957484002488095,-0.011864094092133515,,-0.02101435850853184,-0.016666564448075016,-0.01171761977340502
2012-11-08,-0.013566197551986181,,-0.018066254131754222,-0.008328142910859482,-0.010396821627786657,-0.014375916610183892,-0.010863786499651584,,-0.0017169334522326718,-0.011889766815894598,-0.016166722089061225
2012-11-09,-0.0019646212081632086,,-0.00028757307560733913,0.0012921916255679289,0.002764438576601913,0.004624863235045407,0.0,,-0.006020833802209191,0.002816235319551774,-0.004820533137784855
2012-11-12,0.0,,0.0020131472177857823,0.0019352056732757639,0.0027573544834547103,-0.0014165147020950286,0.0,,-0.008364689455200525,0.005105959987537156,0.0008809735994383949
2012-11-13,-0.0016870242716610084,,-0.00416165563576143,-0.007083207389372959,-0.0027497723862370815,-0.004964793985309912,-0.0005778884971573417,,0.003781291186218283,-0.0038100764158957023,0.002859369817318713
2012-11-14,-0.01690143310162273,,-0.012103481698239604,-0.017509551707562188,-0.02343506323135136,-0.00997840450493126,-0.010988904669641641,,-0.006954336799314009,-0.01198380632386542,-0.014915231707817722
2012-11-15,-0.0034385010177171438,,0.0013130527536511227,0.001980210757363876,0.0,-0.0057596369140832104,-0.00029268153791095486,,-0.005836095745647474,-0.0028385208514767335,-0.0006681340347913789
2012-11-16,0.002300195378301506,,0.003932645186305095,0.006587262512228298,0.0028230428310869193,0.0014481479324148783,0.006435230462302766,,0.008512085328310492,0.007505573317967196,0.006684615951299877
2012-11-19,0.028399126045844936,,0.02307024965515181,0.01897908796489234,0.018862388535431318,0.027476417435469802,0.01627377100315064,,0.0008730005734940427,0.010531304779817452,0.021469592412181715
2012-11-20,0.0008368634762239147,,-0.003971038298683727,0.00513792811253011,0.0008293512164838646,-0.004221992204815894,0.003717504214802103,,-0.001744995047893938,0.005592381653020562,0.004983634896219558
2012-11-21,0.0016723274426908574,,0.005410959559711603,0.0,0.0013802104372271362,0.003180140247857288,0.0014247223147627608,,-0.004369164265527581,-0.0007584273012734011,0.003450089660443245
2012-11-26,0.0008244936632235689,,-0.009774882307403088,-0.0037881874768046497,0.0008164715481662199,0.004505999609883737,-0.007288870953622406,,0.012613735692367456,-0.004498138876824154,-0.004664598907703765
2012-11-27,-0.004392095232646054,,-0.00832074189592813,-0.00887176552095792,-0.0021759005556837296,-0.0044857866569575355,-0.0008476566307759059,,0.002606776623777618,-0.006023824669285305,-0.004047979228416598
2012-11-28,0.004135447385586133,,0.009101383923238782,0.0038364383710556282,0.00844954484791094,0.005892485229067601,0.009609902447935248,,0.004045203709241774,0.007828286789098637,0.013048253441823476
2012-11-29,0.006863980628607269,,0.0022546501398661434,0.005095192512637681,0.00567540198351546,0.004824272711449362,0.005319365230792128,,0.005755567770388881,0.0070157047288110785,0.002745222158077043
2012-11-30,0.0008185598907295422,,-0.0008439169818781345,-0.0012668657319945265,-0.0021499095606499763,-0.0010288872827601825,0.0036201165863420925,,0.010586489770300744,0.0012441521839023917,0.0008421041964841169
2012-12-03,-0.018528722964595845,,-0.005488184209137659,-0.003807320763777766,-0.010772970412736282,-0.0013730029879523986,-0.0038844201604032458,,-0.006228892422445065,-0.0022368325395507593,-0.005259683760857836
2012-12-04,0.0019431405510974553,,-0.003679300377032124,-0.0025477872448678163,0.003811194301249765,-0.0017190424158386453,-0.0019497838599356054,,-0.00512782686024571,0.0022418471762633008,-0.0042303535762069355
2012-12-05,-0.011914465756688197,,0.006959298879520626,0.012132709988327495,0.010577702013204071,-0.009986021133171263,0.001674302183038101,,0.015177483771797284,0.003230469750150844,-0.002973553376409366
2012-12-06,0.0025238963609071075,,0.0032441843715489416,0.0031547842011070415,-0.0002678799756582473,0.0059131387385567,0.0011146893978017935,,-0.0005647180412456931,-0.000495629883334403,0.0063909715909564735
2012-12-07,0.00839148077798546,,0.006045228012859782,0.008176153053511603,0.00644280190745028,-0.005186892752536143,0.006957537483680998,,0.0008472212514161193,0.0032221341971125916,0.0038101375465879883
2012-12-10,0.006379778631411037,,-0.0011176147302448536,-0.0024956177278178115,0.00506784321530529,0.0024330180615783625,-0.0011054541955233255,,0.00028161109616209323,0.004199414380051447,-0.005693701183909883
2012-12-11,0.007993501007595105,,0.005875767828570577,0.005003441547926979,0.0021232869676219845,0.013523081608758591,0.0005534893158649634,,0.0022555951420519804,0.010578094848854747,0.0031815850996048667
2012-12-12,-0.0024607502153901617,,0.0036160140780689964,0.004355877089424309,0.0015885753580113793,-0.0017107312384321283,-0.0022120555409707032,,-0.0016879724898063442,-0.0014601525848486618,0.0012683717964756536
2012-12-13,-0.0027413923460093415,,-0.009285270961920222,-0.0049564754794355625,-0.003172175946884681,-0.007196653019003962,-0.0016630777810020536,,-0.003944649865686434,-0.008533306085687697,-0.0065455173602513295
2012-12-14,0.007421837661659936,,-0.003776247460410387,-0.0037362001121552524,-0.0021222240934328784,-0.009665119793205057,-0.0016658482161568955,,-0.003960439349744105,-0.0039335783566802895,-0.004250655218192345
2012-12-17,0.010095631164592334,,0.009126651118442464,0.020625039648401122,0.009303934635872979,0.012199169100563623,0.002224660701612091,,0.015336684443586712,0.007899395419797228,0.01792919001407145
2012-12-18,0.011885040933543145,,0.01836641580469056,0.014696695935747739,0.012904257434255051,0.014807206500446313,-0.00027743701930604825,,0.006993278176724571,0.007837367909676374,0.011742544362145502
2012-12-19,-0.004271399533761544,,-0.006831633085984556,-0.006034771437906428,-0.005460020960495027,-0.005089936847208154,-0.009991561339429356,,-0.0075001440009215825,-0.010692564796020876,-0.007046850854832365
2012-12-20,0.009652043888350947,,0.006740925559656663,0.013964600352102785,0.005229049940834951,0.0017055577904552255,0.0056070584424319225,,0.0030789567479412305,0.0014734231774788942,0.0020875036516201373
2012-12-21,-0.008839967261499493,,-0.010149449298851532,-0.011810040680226064,-0.006287754782755117,-0.008629777018639095,-0.008513759920675379,,-0.003668826955645632,-0.00840886828234566,-0.008887911686476624
2012-12-26,0.006184448204520132,,-0.004474133971957728,0.0,-0.0034366905019361793,-0.0055421261921143605,-0.00855672854777978,,-0.008532547180736372,-0.0034957710566688727,-0.010354989031881812
2012-12-27,-0.0034742975250598995,,-0.0018258773014243612,-0.003665193368757591,-0.001592118175051782,-0.0010453229460095637,0.0017262703792262357,,-0.0017209939498420423,-0.0015030381576722762,0.0012809721509337013
2012-12-28,-0.012603981784170104,,-0.0174472806074657,-0.007971135498798354,-0.010895560174188024,-0.011157295118798483,-0.010626216447862213,,-0.01005723809363479,-0.00978705794070367,-0.00810411275129641
2013-01-04,0.01230346563586271,,0.011099030152771805,0.011869428592700793,0.007468345606723936,-0.004051081174419879,0.002800426489181218,,0.0050620083877226385,0.004420345587917707,0.0037077767100957004
2013-01-07,-0.0020688538183791794,,-0.007725113967071873,-0.002345864798317443,-0.004345079431523957,-0.0013561334869142128,-0.006702164265895316,,-0.009792888329157923,0.003178447712367527,-0.002462689638686677
2013-01-08,0.0015547766942320962,,-0.003277398254127095,-0.002939466900055865,-0.0077022680668744625,-0.0037338953934913377,-0.002811221929089003,,-0.0031081109603312562,0.00024355333628411913,-0.0028801854860583953
2013-01-09,0.0064683295756848835,,-0.0016440454178264785,-0.001179463973771222,0.010090350635198142,0.0017037539085678066,0.0022553177419644133,,-0.0019843800232212105,0.010964930424366859,0.0016505089914329307
2013-01-10,0.004370392870599593,,0.00905806651991825,0.012396885021967785,0.004866914606667994,0.005101800809372392,0.0059073033163765665,,0.0042602580131185785,0.006989968281045478,0.005767581731270344
2013-01-11,-0.0015359292002997682,,0.0012241863433950506,-0.002332272867064056,-0.0035684544340415236,0.0013539155783663936,0.004474356732239171,,0.0011315200019086369,-0.0002394069750392136,0.0008190340131686291
2013-01-15,0.001024861890583928,,0.004482278460017808,0.004103053443448079,0.002803546358964848,-0.006462547055751666,0.0030527513583256116,,0.002830579846851977,-0.0011959511138768253,0.0073484084608912426
2013-01-16,-0.007168341422277624,,0.0044627751367043444,0.000584140498488539,-0.004066339869120639,0.0034232209465900887,-0.0013830324941186412,,-0.004798155444693197,-0.002154792739677669,-0.0022286337221955055
2013-01-17,0.0077361801574658,,0.006327183146654036,-0.0005837994775707012,0.010717338649154806,0.00409446678137515,0.006650090321232316,,0.003970512172310592,0.008879407039085185,0.01056022371183607
2013-01-18,0.006652486066966556,,0.009899527987248469,0.0011677591323269176,0.008078442268692365,-0.001359205720960488,0.004128951034536588,,0.007909619105683774,0.0033301841646700137,0.0012059014698511117
2013-01-22,0.009659678774537994,,0.009537834869299378,0.009329786476188096,0.004007033582858588,0.002721804288484453,0.00027377759924096523,,0.008407782198278868,0.0028449692980114794,0.002609565491882293
2013-01-23,-0.0055386220194019176,,-0.0034117698208732117,-0.0005781520000082141,0.00024914620855587266,0.010519051709031002,-0.0002737026655823538,,-0.0025009297378693063,-0.0011820967473108457,0.00080040333946374
2013-01-24,0.0030377894137583183,,0.0028966223173383376,0.005202588677357012,0.005985432464445717,-0.017125484203580288,0.0027413890013960884,,0.004457525693311926,0.006390743127732801,0.007602001693053362
2013-01-25,0.0035334167441658515,,0.009452445314735991,0.004600169434833434,0.003222721932967021,0.001025015527852391,0.004920259760772705,,0.004992960062819796,0.007760938042593368,0.010522054994099861
2013-01-28,-0.009557139185407681,,-0.0016906791357378381,-0.004007015176237361,0.0007408382770821564,0.0034130914870220685,0.0008158087028473648,,-0.0005518105206374635,-0.0035004416547934625,-0.004715049022818607
2013-01-29,0.005586630579867302,,0.0161541208292042,0.004023135943017175,0.002222122636417634,0.001360439288056181,0.0054365822367692385,,0.006904392498966905,0.010772462150211659,-0.003948200407702163
2013-01-30,-0.005555593531156755,,-0.005000173458709289,-0.004579104776999299,-0.00911521749226285,-0.0030571363081071112,-0.00189256587239639,,0.0008227751488323332,-0.0030116864974544244,-0.0017832764572498494
2013-01-31,-0.009141581409521482,,-0.0033495944189607663,-0.0005753210488509408,-0.0034807986446703243,0.0017037539085678066,-0.0013542503374150971,,0.002466456789724125,-0.00278887981437137,-0.004764836826225638
2013-02-01,0.012301397606635733,,0.009308164426072185,0.01323357190110741,0.009730703024435572,0.011224314782690703,0.008136812730524134,,0.002733613573367988,0.007923393821632096,0.0057846050688423745
2013-02-04,-0.009620735279833093,,-0.00947854298653128,-0.011356753418680698,-0.00864886588623659,-0.013118039666549008,-0.009416353399713917,,-0.006816002200286997,-0.011098341529369393,-0.01229666798179796
2013-02-05,0.005112799958813197,,0.00866388897044068,0.009764086424424168,0.00922278345807026,0.01158838305757337,0.011949813631853656,,0.002745594011507757,0.01098914184928601,0.0106427592137186
2013-02-06,0.0010173584415644754,,0.0006412072285633119,0.0017064623691782632,0.00024656548190682415,-0.0003369012534216731,0.0013421095889400991,,0.0030107934543728287,-0.0002312143771717734,0.0021853264504023695
2013-02-07,-0.005335198740080815,,-0.00256239922453505,-0.0028392306580057314,-0.0012341943255465004,0.0,0.005360522034129067,,0.0013647687711870748,-0.0037011583028431216,-0.002180561212308252
2013-02-08,0.005874640256623875,,0.009377091622978062,0.002277817934248416,0.003955282047899633,0.008762916936042808,-0.0007996404163838067,,0.0,0.007429925022982786,0.007748927261758132
2013-02-12,0.0005086130189273508,,0.002685803661906183,0.007918674439888251,0.0044358395155619235,-0.0033344131326060733,-0.001067542843634195,,0.004350140907101618,-0.0011546878781297787,0.003956530280686765
2013-02-13,0.003557787027942627,,0.00357129663950162,-0.002244416674902494,0.005396808494112504,-0.0003348361457883309,0.0010686837092801493,,0.0,-0.0006935918264984187,0.0021672410032715916
2013-02-14,-0.0032919922546241764,,0.00864258562279363,0.0033742819165742954,0.0014648890163753148,-0.002677396690610956,0.0021344397789930802,,-0.008121631945275931,0.002082656145472317,0.0003935636285574695
2013-02-15,-0.00025401802442748256,,-0.01146687253863099,-0.004484218795268058,0.0004866398975464925,-0.0006712407339103388,0.0013313178084060073,,0.0021832622794413226,0.0023084061043838755,0.0011790081381930495
2013-02-19,-0.004320034725879718,,0.011599886963908679,0.009572086620924125,0.007306760086215336,0.006716082642461929,0.01010363320559482,,0.008714821842177534,0.006219862931402975,0.00372989685202052
2013-02-20,-0.028075671408716696,,-0.02091729258779762,-0.015058779263324773,-0.013056321425495399,-0.013675859838823579,-0.0018427484069246658,,-0.0018897735933244286,-0.006410084773943336,-0.015255198026103534
2013-02-21,-0.009191039926249589,,-0.006949737066109352,-0.007927220855287076,-0.00734889004692163,-0.00811632029220466,0.0031645455136792844,,-0.00432754760813403,-0.004608325976962924,-0.008341691468476409
2013-02-22,0.01325177074337236,,0.010497441603477986,0.012556770370256931,0.007897254694545497,0.012274408664085579,0.005783388623506358,,0.010051417324645318,0.0043983416622108695,0.0056080844238213245
2013-02-25,-0.02301879546422725,,-0.026163623872379582,-0.0270573167095699,-0.02056838169557529,-0.014146452816584998,-0.013591051757879224,,-0.00887549746125671,-0.011062529528717557,-0.015534716836551388
2013-02-26,0.010710118937712565,,0.009877323780868252,0.005214300364418278,0.006000153098729699,0.005808087309308929,0.0023851563095242945,,0.002984727476686766,0.0025631373979901895,0.009912701691981995
2013-02-27,0.017748080253836562,,0.015258343412552167,0.015562272663218302,0.018886748574626466,0.008492036785261448,0.007400885893564135,,0.009198982595013616,0.01092539217241395,0.015224524418201213
2013-02-28,0.0018218889884888956,,-0.0020552486396864245,-0.0017027571356069693,-0.0007313795298611314,-0.0020209543980891365,-0.0005246300874401921,,0.003485329433956963,-0.0009198663369042182,0.0049328674868338585
2013-03-01,0.0005197128939511408,,0.0012867414764829999,0.002842712636150324,-0.0017089810339205869,0.0016874248888052445,0.003413191983839825,,0.0018705527709605985,0.007595151857994642,0.002355875614635794
2013-03-04,0.0012984461143572545,,-0.0021846967580635424,0.008502865567896256,-0.0019561777423773297,0.0030323393276721067,0.007587456325148789,,0.010133071206456679,0.005481776405783734,0.008815157064189671
2013-03-05,0.006742455722022589,,0.006441088898172964,0.008431930164030543,0.014208872401723305,0.013772329249058801,0.003375477795717785,,0.005279675488061741,0.008632391856467692,0.010097150980128422
2013-03-06,0.00875835147314552,,0.0011522587845984589,0.006689125145016517,0.0,-0.0006627889104784401,-0.002328975600193628,,-0.0005250023827031436,0.0020274127704273948,-0.0007688939910178716
2013-03-07,0.002809610817153807,,0.0051144715065722934,0.007198325610096923,0.0007246633998634344,0.002320626465913689,0.0,,-0.004466826895103582,-0.0006744722278666515,0.0017313001104741765
2013-03-08,0.008148087438743623,,0.004834375701281202,0.002748617295688982,0.009413685695362606,0.00198507884639465,0.0018158401491299436,,0.0021114677468510035,0.0017992761739897833,0.010562864117212634
2013-03-11,0.005557060327005203,,0.000506008167285632,0.007675392111623935,0.003348029698160726,0.0023111136800082477,0.0010352646060833859,,0.002370396200083391,0.005163879672317906,0.0024705377311069476
2013-03-12,0.0007535648357703817,,0.001139223641565268,-0.005440571067034106,-0.005720508670381763,-0.003623354802368195,-0.0010341939416997903,,-0.0026275452324138193,0.0044673075460524014,-0.002843743746970051
2013-03-13,-0.002509762785871117,,-0.002275311708552774,0.0027350033894124604,0.004794382475473702,-0.0006614044686719112,0.002589206252095577,,0.004478440271823869,0.00022221467174721177,0.005513308832918451
2013-03-14,0.006039261008222052,,0.013681060116012222,0.006546884836553524,0.004770814243792554,0.007277428314607315,0.00335758806079145,,0.0020979469021003005,0.0008896048131132872,0.0011342857929741434
2013-03-15,0.0008534728175428885,,-0.0007909568215788143,0.003371506321998119,0.0007631117516915253,-0.00415471477957885,-0.0043715414926717155,,0.00657343529034593,-0.0021414292340549146,-0.0038261975336038034
2013-03-18,-0.0070258369949959265,,-0.008040072897765982,-0.009756023751907206,-0.006195182416634859,0.00033138894675754926,-0.003117722121967592,,-0.005507740364157909,-0.006484053879992513,-0.007605991589132444
2013-03-19,-0.004296580898387581,,-0.011018187025411907,-0.005473466116470149,-0.0009591618358586462,-0.001324075367423072,0.008339950486972114,,0.002637284371350024,0.0006753859642709692,-0.007089136877814317
2013-03-21,-0.017128308375835233,,-0.005093232279223869,-0.012028068090205624,-0.010066768808185689,-0.01121351197326792,-0.003072362619786828,,-0.004960647079955693,-0.005575424735797974,-0.008393514474505315
2013-03-22,0.0012814792903046435,,0.007935757114230224,0.006087005398454748,0.00774818746155348,0.0063372695530681256,0.009245012207378167,,0.0015740851796721689,0.0076251834293104,0.012312313918953821
2013-03-25,-0.007678845311321347,,-0.00380996780101317,-0.0027501180051379137,-0.008889783611513158,-0.0023203902092580053,-0.0007630766263376776,,-0.002095278889304386,-0.0028932207773882945,-0.0017099215380654842
2013-03-26,0.006964024988019846,,0.01058026210127494,0.006618730538114237,0.005090206794463592,0.0063125303451145864,0.009421759779512096,,0.009450763344374113,0.011607092042032585,0.0049492241501232215
2013-03-27,-0.0002558732379017714,,0.0032793539393043414,-0.004931225169345743,0.0,-0.002641156554176405,-0.0007567340689146329,,0.004681481186086245,0.005074892507827666,0.000378712399582426
2013-03-28,0.0038434531995539256,,-0.002891783078330379,0.0027531459209857445,0.007236571692297744,0.001985964295335707,0.0040394670076744355,,0.012166749685278422,0.008781402909135316,0.0035978685786199893
2013-04-01,-0.008678320453358146,,-0.0020171946006655173,-0.004942301087242584,-0.01221262198735229,-0.006607255064467132,-0.0005031543050281195,,-0.002301679215732655,0.0026119481914557152,-0.007547152525108292
2013-04-02,-0.00978337454817313,,-0.00568533851635078,0.006070374384962385,-0.003151658178905281,0.00399087019696176,0.010817539728023684,,0.0033325906401451277,0.01454293946434948,0.008365209509982208
2013-04-03,-0.008320614682829297,,-0.018678588044480526,-0.01645618534238058,-0.006079809258683011,-0.007949789642759275,-0.010950383301053579,,-0.002810535203659925,-0.005990730401560396,-0.009238506109443212
2013-04-04,0.00865240415133317,,-0.0012946421368049688,0.008923495163834616,0.004404055909290161,0.00033370495020679236,0.005284077511118923,,0.009480073631061847,0.004520328795654782,0.0057087305861369675
2013-04-05,-0.004159001777855775,,0.0022038555711523244,-0.0033166421807274693,-0.0019484630354755783,-0.0076766283763980425,-0.007258847436368954,,0.004314241086275317,-0.005571307534787517,-0.004919510349229994
2013-04-08,0.0031321493696385705,,0.006727101819258063,0.009983366135190463,0.005857505655935791,0.004372684597525378,0.0113464327326247,,0.007581870588602158,0.0008618173337791024,0.011409029352420719
2013-04-09,0.011709481450580927,,0.008480891893236864,0.0027459130956097866,0.0031549521046598805,0.007032687798642634,-0.000997111167017839,,-0.0030100730302891066,0.003229183799129176,-0.0026319639800864714
2013-04-10,0.006944959077869406,,0.0053519345080570435,0.013691155315243897,0.013303978481179701,0.01762587011663319,0.007486733107339827,,0.008050462638230726,0.016738331358200353,0.011686955803965615
2013-04-11,0.004341979873837998,,0.004309063697448767,0.0021606292643205904,0.002626045110349473,-0.0032680727226586104,0.0047064706495845154,,0.0022460333858935755,0.009708887964352542,0.00838464603795197
2013-04-12,-0.014750750972882365,,-0.015648570142276497,-0.004312422317041653,-0.005714087974587945,-0.004262291845287369,0.0036981770178228235,,0.00423324911957379,0.0018810778001607797,0.005358541979364695
2013-04-15,-0.03691253958793306,,-0.040769123296802934,-0.021115719684773215,-0.030411875352498785,-0.0164635231770911,-0.01596658446339827,,-0.014381641339102025,-0.01815160324205589,-0.026281657334717545
2013-04-16,0.018225573128301642,,0.012296023546028545,0.015486829780305467,0.013583623345504225,0.012386843534528902,0.018721876144422778,,0.012075913128879012,0.014449934151125055,0.014345122295979396
2013-04-17,-0.014740554675671813,,-0.021916925908923246,-0.018518514025306132,-0.016569366390215445,-0.020502436989182415,-0.008576481431003424,,-0.005717378139914464,-0.004608532438884927,-0.010234957503019282
2013-04-18,-0.0029393045892374126,,0.00850442999704204,-0.010543733354428708,-0.0044597662937704285,-0.010466172048095745,-0.0019773025330430682,,0.0032502543379013815,-0.012205345451196559,-0.010903969332648478
2013-04-19,0.011790287790857112,,-0.0020079566036733665,0.01402109431111187,0.004978006712041738,0.0013646562091322867,0.015602182106127849,,0.014951260488633933,0.014060529962279578,0.011974742093353585
2013-04-22,0.009533574977632409,,0.010729583494254236,0.0011062959904366565,0.0012374582657277422,0.007836711245470696,0.0024381367507799734,,-0.0012276319722193119,0.006092711651764615,0.004320080630892065
2013-04-23,0.008657333742074558,,0.01154485675277983,0.018232399326126636,0.007172863035204591,0.010818129031493484,0.007784155263283132,,0.002457782100972805,0.006264071904607427,0.010098827787358822
2013-04-24,0.015084251153884898,,0.013380131298743603,0.005968267749664635,0.01031481482356944,0.0016719908504547742,-0.01593047313270668,,0.0031880165670330474,-0.017223198559775388,0.0007407245762409698
2013-04-25,0.011017278176879808,,0.000776916417552842,0.005933339415030936,0.005104518872541819,0.0033392251863209044,0.0031882495838164715,,0.0002445455516666417,0.004011665576881374,0.008510598331642694
2013-04-26,-0.014191864536891474,,-0.0016815775444528613,-0.0042896964321401665,-0.002902187347971541,-0.00033304298624836637,-0.00024397215994931276,,0.0014664178045249443,-0.00021023948242182566,-0.004402770940513223
2013-04-30,0.001519435509760969,,0.00397621697893058,0.002681050317564937,0.00024120765017299206,0.010830153463369685,-0.0019510252213402746,,0.002661550380154809,-0.007548863702488751,0.0027545829065094285
2013-05-01,-0.017698915821810157,,-0.015587060396181074,-0.011230175276494059,-0.013027529007310523,-0.008766195963239687,-0.0009770273055073053,,-0.009896386752695219,-0.010563911960025818,-0.005310299483269221
2013-05-02,0.007206933639412716,,0.013108430877013522,0.008653473797285871,0.012466958642278092,0.012774461028436379,0.0036676319098833954,,-0.0012188117534061016,0.011103843866565377,0.009756656896276139
2013-05-07,0.009516867680172236,,0.007748601768700736,0.005249589134121324,0.009198191348122498,-0.0006376170104955836,0.007574467506288984,,0.00967214740614808,0.0031669374192266897,0.008435122858450939
2013-05-08,0.008682734073728993,,0.0016127923953292989,0.008355076563905328,0.006310059723160455,0.007977269460210712,0.0012121399358311358,,-0.008843037055282887,0.0029469184061279297,0.0007120652240433234
2013-05-09,-0.0012295482076386532,,-0.0008667432381886941,-0.007250558881386704,0.0,-0.0028492028605123787,-0.007023015092954665,,-0.015117469684633122,0.0012590851810492243,0.0017782683393734455
2013-05-10,-0.0009848982071892776,,-0.005205500732211599,0.004173336656903004,0.0030190680866744035,0.0028573440132484418,0.003902322787867618,,0.0022646838156914484,0.009851366368256453,0.007811055767518393
2013-05-13,-0.007148587958191843,,-0.0001243480573660527,0.0031171677880936777,-0.003936497239504622,-0.0025326800872322863,0.0017005932339786423,,-0.005272443611451072,0.008302148865425574,0.00017588654555789063
2013-05-14,0.012413383202749984,,0.01420392771054435,0.017089224391597657,0.01232007793136436,0.0031739063807076917,0.011884851755997294,,0.006814336398021981,0.010086214804062799,0.010215174349336387
2013-05-15,0.005639981694136598,,-0.0028254796715324604,0.00916489992576186,0.004133146961210921,0.0031634380685365837,0.009827227492601676,,0.009526345764236055,0.0052987228827166,0.0054044794220444725
2013-05-16,-0.004633179392561804,,-0.004928478400683334,-0.006558957004016208,-0.005031209965442818,0.005360878800064528,-0.0059342545209102315,,-0.00819443494946126,-0.010338649944453548,-0.011617942066897924
2013-05-17,0.010779238814032865,,0.01671423120715354,0.013204974388014934,0.015169289469574299,0.01003779228761048,0.0014329660940959332,,0.009514561553775502,0.0057354934537448,0.009649285438034338
2013-05-20,0.0009696222201733828,,0.014125458115577638,0.0020045253102303207,0.002942872001193253,0.0,-0.010252991450373172,,-0.004960963892978731,-0.00692478323592316,-0.002953917324984734
2013-05-21,-0.0012113926602143055,,-0.0020405212802405703,0.002501628283159585,0.0013547896556254102,-0.003105265644310906,0.0009637398833426403,,0.0019945975908770563,0.010869553703281909,0.004530973086418477
2013-05-22,-0.013575011962839056,,-0.011551243169838799,-0.010479330874724857,-0.008791777460268935,-0.010903894211933496,-0.0016847599218722253,,-0.01691577919440701,0.0,-0.009541839458095391
2013-05-23,0.0004914200849130967,,0.0004869759765953052,-0.006051242137073087,-0.00272925746269026,-0.0003149985449628634,-0.00409843708449964,,-0.006832021048870929,-0.00040573083612460703,-0.0021019007417890645
2013-05-24,-0.003438858487312957,,-0.005840049808058079,0.0010146553204275488,-0.0031927380601572963,-0.0015751350386276064,0.00944101682477072,,-0.010700268191092044,-0.0030441687518963922,-0.002984068027328979
2013-05-28,0.00911971671927958,,0.010524754501888944,0.010136719956835849,0.0052620835353696105,0.004733143626596048,0.001678378558450655,,-0.01158931110751149,0.010178850665516048,0.009683027443080805
2013-05-29,-0.003174877035813095,,-0.002179838568398318,0.0,-0.005689506727970084,-0.0025123009239693683,-0.019151810230643385,,-0.014851372774768334,-0.01571940307659825,-0.01028782812132567
2013-05-30,0.003184988984198389,,-0.0023063421777840265,0.012042280716041187,0.0059509581565853065,0.0062970664274819566,-0.0039058322369107668,,0.002644726054952695,0.00716585364118405,0.0
2013-05-31,-0.015632320060951943,,-0.020680959454193237,-0.0163610280717712,-0.009556529256564139,-0.009386668039025658,-0.018623040672371527,,-0.006066962722190983,-0.021954967287961646,-0.011275366502684459
2013-06-03,0.004962616823003474,,0.009689190268983072,0.0010082315584036827,0.004824589964026016,0.005053593742758711,0.010986461821829607,,0.002122988109231949,0.005404062206495919,0.004454464036678374
2013-06-04,-0.001234771985185401,,-0.007874189728343306,-0.009063523847527954,-0.0054871071521307435,-0.004399572160249665,0.00024716969544869016,,-0.0034423741491544924,-0.00620210500156293,-0.0035477051780568036
2013-06-05,-0.02224958274924549,,-0.011656222085667967,-0.0162602147440003,-0.01816119215536338,-0.009785466037377066,-0.012099069737501855,,-0.00877002080739353,-0.014562446256534023,-0.016556773585989726
2013-06-06,0.006573918753077779,,0.007528188552527126,0.013946405550397944,0.0063221064027623175,0.00223127005616397,0.0042488165750342866,,0.011796482053101798,0.014566210004925306,0.010499632330672304
2013-06-07,0.009293945311468654,,0.012577735065917528,0.017320496432644994,0.018845709792775445,0.009223886523533231,0.012444577261685463,,0.006094367628851627,0.009155012555741804,0.018272798056898854
2013-06-10,0.0047287653819214626,,-0.0028286823825870444,0.0005009455281781428,-0.0029685200162169467,0.002206309168950815,0.0,,-0.00026340402590585565,0.001443527994035243,-0.0029908157702218663
2013-06-11,-0.013871533441463413,,-0.015170412967121183,-0.016516831093758344,-0.009161899689334452,-0.010377264700730526,-0.002458704288895386,,-0.006586070625107521,-0.004117550552888316,-0.009881827328733994
2013-06-12,-0.005023886868332439,,-0.00613642518463442,-0.01068724360628126,-0.006934461584124141,-0.006673181673661821,-0.004928605402285013,,-0.009811606648278404,-0.010130392828782697,-0.011049365170312075
2013-06-13,0.018429492082548737,,0.016759334478999577,0.019033290020708638,0.014664459949517594,0.011516263732330279,0.010401388451493743,,0.016336251846997607,0.015455497176817268,0.018741988249087127
2013-06-14,-0.007188920416749789,,-0.009666904277109145,-0.013124532543656642,-0.006652984585632904,-0.00759012325360775,-0.0024507520660529414,,0.0013179440806956322,-0.0016453839721811692,-0.0031843179660844267
2013-06-17,0.008489806766736718,,0.014391431998051152,0.009718491786932182,0.007852330397165375,0.009241665709549984,0.008845158851087831,,0.0031572823986358856,0.002266046974162439,0.005501661246162248
2013-06-18,0.004456672845297938,,0.005674510955875345,0.006585536868392472,0.011686617271610356,0.007893578692183434,0.003653338388455385,,0.00682079725333673,0.008427429901715966,0.0102361797394257
2013-06-19,-0.007641705436648993,,-0.009200410096060208,-0.01358807038788612,-0.01517557371397038,-0.011591047029968826,-0.019898340239664747,,-0.02292830772527432,-0.015898546389902513,-0.011355949038778013
2013-06-20,-0.02583188837558592,,-0.02921832937098734,-0.021428780312556683,-0.022769128871876987,-0.02218710814027014,-0.0302058350423684,,-0.028266814980847377,-0.025683876166296193,-0.026152860777752585
2013-06-21,-0.003391108165794021,,0.0017171171596497281,0.0008897886130747601,0.0006150172952377186,-0.006027087442586843,0.013208263769760809,,0.013058296007009806,0.009866107110119371,0.0019299918002382288
2013-06-24,-0.015983949043312462,,-0.014839451271534299,-0.017782195048222427,-0.016784859272507058,-0.012127047154111614,-0.004057694049531602,,-0.0008212730487449083,-0.008458430066272893,-0.009084466979688344
2013-06-25,0.006026407393113109,,0.012855321855523627,0.018636880712198156,0.011300844503874918,0.008294591169664578,0.0015278432192595837,,0.013147626601263784,0.00511833131812045,0.00898404756122817
2013-06-26,0.004687102316009328,,0.0061537981898069916,0.009931650324330299,0.009747930575436214,0.005922862206921842,0.010424628243387524,,0.012705883120888606,0.014427809970937844,0.012538613455413516
2013-06-27,-0.000518366610777643,,0.001911367960487409,0.012940095487554926,0.009889339912096506,0.004906693618512037,0.004529588605752588,,0.0021355839108141428,0.003556018858407617,0.008614530725754577
2013-06-28,-0.005446245134689609,,-0.004196925671922314,-0.006131656649899342,-0.005828969197692269,-0.004231611944606417,-0.00626313479688978,,0.0023975747373785605,-0.007711423834381836,0.003558972414049011
2013-07-01,0.005736806918498205,,0.007151924174525703,0.00308459083167989,0.010084600917257713,0.005230393934187116,0.007310074413955148,,-0.012490016175781271,0.0027304246178463387,0.006914666786084878
2013-07-02,-0.0031111332562199223,,0.0021560204212531797,0.0010252625449116426,-0.01068028330898907,0.0016260389581923551,0.0012515737839913221,,-0.00026919010212733685,-0.0020946752479846786,0.0017609988043061353
2013-07-03,0.0002601234127603824,,-0.0006329449378675855,-0.003072107283244807,0.00046914355736671354,0.005844164705376853,-0.0019990046185275334,,-0.003768206077488845,-0.0014695369128794322,0.004570022213559621
2013-07-05,0.006759854486194872,,0.012408359025482207,0.01797633064179216,0.015716745457057257,0.006455795671277853,0.002503760802567312,,-0.0029724703207320013,0.013664097751435067,0.010848755239978525
2013-07-08,0.005682241374534547,,0.006503314496898005,0.0075683403011621575,0.0027711117023405674,-0.0006414457409752439,0.009993019999259722,,0.014363163222175679,0.005599219211370965,0.009347529151237488
2013-07-09,0.015408172385463992,,0.010188653789803936,0.00851232179686856,0.014049064208067508,0.0038510012502801505,0.007420035160482286,,0.007213247345928542,0.0028875544609698878,0.003944307753954046
2013-07-10,-0.00025282846020391325,,-0.0061499579336983246,-0.0059581931452690196,-0.00022706106855285846,0.003197261621968206,0.0012277815928998237,,0.005570421313672247,0.006580420818579347,0.001024953051798505
2013-07-11,0.016189708167263284,,0.008044576152306249,0.009490800558072943,0.015901582783643953,0.016889684742508626,0.015693789526696644,,0.016091037521541285,0.01287044744615029,0.014334049675393423
2013-07-12,-0.0034848815348020867,,0.005647424332037687,0.0069270851818745705,-0.006037128996442154,0.000626701315414202,0.00024133728204533966,,0.003114664331284045,0.006050718061975102,0.0047109402366913855
2013-07-16,-0.007475785653207057,,-0.006109675687328342,-0.0039138770500514175,-0.005379901617480254,0.0006246881621210232,-0.003615937634818156,,-0.005347717665921348,-0.005808146909043521,-0.005372095227198281
2013-07-17,0.009289130670153023,,0.00442609466785604,0.004420521593218263,0.0029300376884082713,0.0009363425896045108,0.0019355287337150529,,-0.0005121183057310574,0.0026185770564888244,0.0005065583374963545
2013-07-18,0.0004983321563936105,,0.010648845345104796,0.013203127429518124,0.010112302366911186,-0.0024942292323471005,0.003380134404128654,,0.008709293933645279,0.0028130094006790785,0.005735440388355384
2013-07-19,0.006464045808588725,,0.013927419706945443,0.00048208787304182543,0.010233374627579561,-0.016880294288889153,0.005774758195997709,,0.00025386889109713096,0.013223702282616046,-0.0008385568467664806
2013-07-22,0.000988375417252163,,-0.003225183122127273,0.006753469160386993,0.0006604822026194945,0.0028612264645462293,-0.0021531165923704965,,-0.001015728651947434,0.0049439569032929676,-0.0006715857689705285
2013-07-23,0.0029611081746696577,,0.0016780573350096972,-0.003832954122115817,-0.0006600462538159935,-0.004121666239947697,-0.0019178481846653384,,0.0025415017476113633,-0.0035418682175205607,-0.0013437785382008904
2013-07-24,-0.009350759126742325,,-0.011126124858277908,-0.0072151529808061055,-0.007707312752662898,0.006685933311349146,-0.006485662279375193,,-0.015209406123545821,-0.0015801076647959933,-0.0033644108598767097
2013-07-25,0.009439021139812986,,0.006654437665891244,0.0009691313917170596,0.0004437415231131059,0.0006323783811721384,0.005318728278521423,,0.009266553301345182,0.0049448421510418505,0.001350648949427935
2013-07-26,-0.003690563064522534,,-0.002524344239280718,-0.0009681930854047449,-0.003327541194639183,0.002844469567828689,-0.001202107179533174,,0.003570454605434703,0.006494780127630717,0.003202268598677893
2013-07-29,0.005680192866507117,,-0.008313014811572428,-0.007267446443040448,-0.002671005807817761,-0.0015757473015396428,-0.002167178360668043,,0.0017788028585905558,-0.0029334385579764533,-0.005208422662541734
2013-07-30,-0.0024559832540349547,,-0.0019440768253426999,-0.0004876438652259285,0.004240774888133014,0.0050502224128874396,-0.000965332232663374,,0.0032982606327376374,0.00019636405639378296,-0.002533238914051328
2013-07-31,-0.003446394805289632,,0.0032866729673814987,0.00048788177778180675,0.0035555158322919667,-0.0034545420075930977,-0.00024132537411369892,,-0.00733258730731956,0.00039237604454878117,0.005248542284749913
2013-08-01,0.007410966328721624,,0.016257971338402788,0.0161058894545425,0.017050244328451036,0.01071549031324781,0.008214367677698009,,0.008405184358713402,0.0062717979450344075,0.015496288720155071
2013-08-02,0.005640222286581897,,-0.00441710469119494,-0.00048076684015840865,0.001959325875142026,0.0043653020011833465,0.0004792800132140673,,-0.001262539264216045,0.0003893222987716438,0.007132088955735583
2013-08-05,-0.0026819625272163083,,-0.0023980222677141283,-0.0019220024075490283,-0.003911300978631571,0.0021733380041037975,0.0007184163832820722,,-0.006575553547168433,-0.0013627348403598694,-0.002140808718719356
2013-08-06,-0.009291131316128132,,-0.006131252609375859,-0.009147875438506259,-0.007417023169619341,-0.005266353631709131,-0.0011966071350373308,,-0.005091693884837545,-0.004679065127508375,-0.00412609633929506
2013-08-07,0.0004933665967614687,,-0.0035072979798128623,-0.006802691267437488,-0.0015386027117544332,-0.002491261333947503,-0.004792608955430877,,0.004605822258318737,0.00078315928267636,-0.008783936527845593
2013-08-08,0.01480023783739659,,0.005462053511640086,0.002446064622385169,0.004622604790371909,0.0031217667727172493,0.005297276744610668,,0.0038207713045250724,0.0,0.006688175848041267
2013-08-09,0.005833622933337335,,-0.003017851130303506,-0.0034159611553696845,-0.0032867125604161274,-0.004979630586767647,-0.004311708505498335,,-0.006851065561658265,-0.003522877062624885,-0.002158868802734526
2013-08-12,-0.0014497545168554726,,-0.00423808973487938,-0.0039179268383746635,0.0013190623668517532,0.006568679137590516,-0.0028860456255570544,,-0.005365626136719093,-0.004125073832550341,-0.0013319892597150051
2013-08-13,0.003630064192593485,,0.001823980756315624,0.004916399039275321,0.004390942288730937,0.006836708428527016,0.0007230383830731935,,-0.005394202207269494,0.0037474627226756763,0.0
2013-08-14,-0.0021703264118840826,,-0.004611935055111704,-0.0039138770500514175,-0.006994772994053822,-0.0009262145845227998,-0.006990774810874845,,-0.006456762076539224,-0.007859983881572497,-0.010999772877728464
2013-08-15,-0.0072497809234796096,,-0.005487360863566826,-0.014734926696921335,-0.011225994679472495,-0.016064066749826633,-0.016023653084818235,,-0.012736824180464179,-0.01683484476519459,-0.017526388427087647
2013-08-16,-0.007789544462660114,,-0.004046079132336344,-0.0019939356928644347,0.0013360133187758638,-0.0009422089609316675,-0.0059214490251415786,,-0.01158508513285128,-0.00463364216119988,-0.0036018777494480902
2013-08-19,-0.007851179552670118,,-0.015880868377567303,-0.012986956382342263,-0.0053358585855898255,-0.0031425109426155284,-0.004467161567348499,,-0.008524131644862432,0.0018216132161230636,-0.004303670231722845
2013-08-20,0.00568715742332615,,0.006129787656039776,0.009615604115417398,0.0017879825356261758,0.001576384927741481,0.00024888777859555233,,0.00940353120892401,0.002828447198352846,0.010200503783242887
2013-08-21,-0.007622272010621267,,-0.005470741356240927,-0.007017733744376531,-0.0069166407250352835,-0.002203296500305263,-0.007726791604109384,,-0.011445489170793466,-0.006043500320353834,-0.00855710479926819
2013-08-22,0.01189321972147206,,0.014877190934388107,0.011610208926872145,0.013705230403614932,0.00441597084182721,0.00427025966908845,,0.00565425759242566,0.006485254983525479,0.010011853803995496
2013-08-23,0.008080463031313823,,0.007144428194493901,0.0009979258463310714,0.00022146955822921477,0.007223931194235478,0.005752879216607942,,0.008299905116015971,0.002617993985758238,0.0001707877836574223
2013-08-26,0.0,,-0.001712073610019349,-0.006480420023346145,-0.0022161149154463766,-0.004677403073690134,-0.011688545392174454,,-0.007434887773334564,0.0014058926005080519,-0.0020500809242469664
2013-08-27,-0.01748865361654972,,-0.006248818021181823,-0.02408418869212947,-0.020208586932204398,-0.017543615124541834,-0.005284609262256046,,-0.0005353654561321974,-0.016245520702013794,-0.01626729836251828
2013-08-28,-0.001978035247120813,,0.01664414952084381,0.001542295415839945,0.0009068255224720101,0.0006378351673381744,-0.00758897298881267,,0.0034801237401267393,0.0042812133128542484,0.005395936232197807
2013-08-29,0.0032207766877905275,,-0.010429345993356098,0.0025667617712843427,0.002943970660912232,0.005417109988385738,0.004078516129718768,,-0.0058685198533315885,0.003045108889924375,0.004847655453082966
2013-08-30,-0.001728575418837086,,-0.00036767212140098593,-0.004608463834281928,-0.005644822147291895,-0.004753999701107903,0.0030461751298547224,,0.0008050328202426904,-0.0038453966448069865,-0.006202469191211257
2013-09-03,0.005935826513621345,,0.007355625365664364,0.008230721921984818,0.006357786679611621,0.0009553558739789914,-0.0007592142052209594,,-0.011528186351667524,0.006502018015026811,0.007108016818603957
2013-09-04,0.00934380398458079,,0.005354599715316155,0.007653215218145881,0.010153264797193362,0.009544796060674043,0.006332333009142266,,0.0,0.01150525027179361,0.010501103830513614
2013-09-05,0.0017056550173861762,,0.003389725483823991,0.0025315962790246616,0.0024571364708037002,0.0006304680224546999,-0.0015104217494306127,,-0.004068520731048797,0.001397008148841028,0.00034061977807531285
2013-09-06,-0.0012163443057798817,,-0.00012057668218601325,0.0,-0.00044562794920477433,0.0006299299535637015,0.0025212446586697634,,0.007080932310229215,0.00039850850878098143,-0.0011921379591892656
2013-09-09,0.0150961847958615,,0.011220851894833572,0.01161577169477468,0.012483038682530534,0.0119609233297151,0.007040407166904572,,0.0035154171633289266,0.006175445601419582,0.00886599115329001
2013-09-10,0.008874872922576937,,0.0003578318422463589,0.011982345273418904,0.01453141596707952,0.006220647743999885,0.0009990349611774807,,0.007814553234397614,0.006335495972190852,0.00963338235965594
2013-09-11,0.006181558915280938,,0.007633674136946045,0.0009863834719516795,0.0041226469812589706,-0.0046366428858920505,0.007233353542616561,,-0.009893046422689844,0.006688746685353353,0.007365317447340036
2013-09-12,-0.01039682215637927,,-0.005918316708419691,-0.007392809258771282,-0.004105720544848923,0.0009317593866773333,0.00024768471428382455,,-0.0027007308165791777,-0.0015635592403601128,-0.002326212750892287
2013-09-13,0.006685765169062385,,-0.0003573969772626695,0.0029791332895032774,0.0028207858050266488,0.0009306145552112621,0.00817032064232226,,0.007581855261122872,0.0023488286918682544,0.0028313096989487363
2013-09-17,-0.0028148355247097356,,0.0045268750611167086,0.004896992093964769,0.004272852519027204,0.004967471074274643,0.0034070216201940173,,0.005896216966485346,0.0005806155990910611,0.00578701202779186
2013-09-18,0.023053733074716032,,0.012098460013761025,0.008771890626509071,0.012550536526957368,0.012666156452918242,0.011884731315509711,,0.0298430345930496,0.0061896693939524905,0.011507358081788155
2013-09-19,-0.003449049623558409,,-0.0024614864188988728,-0.0038650029682703035,0.0033611065035408227,0.0006101365741546516,-0.004554028558576562,,-0.004657362601370174,-0.003267868140842234,-0.00032488192190494036
2013-09-20,-0.011687753462034434,,-0.008107687876228842,-0.005306596034462374,-0.012221218246051047,-0.0071074443143410715,-0.00700303725132756,,-0.015089963319482647,-0.0018788717754080198,-0.00603305000594101
2013-09-24,-0.0004728483437375086,,0.0009565843138259478,-0.0064544849168601814,0.0036319636011494794,-0.004306350978007134,-0.004656662994506955,,-0.0005267063193213906,-0.005080259698749923,0.002644925289400968
2013-09-25,0.0026017229064021485,,-0.0002387729542457917,0.005496797436712608,-0.004470086475913959,-0.00154450658166283,-0.008372820916597745,,-0.006849290409373321,-0.007855081287991617,-0.006100114858200945
2013-09-26,0.006605130625434219,,0.0017922009972288766,0.0,0.004490157869882827,0.0037127976764139703,0.0052152929166287,,-0.0013260924762017456,0.0035627309810990493,0.009455537300229855
2013-09-27,-0.011952108234035808,,-0.0034586798942279895,-0.003478659812096163,-0.006385866808426011,-0.006165106334881654,-0.006176124889471946,,-0.006374739584889433,0.0,0.00016438842099875117
2013-09-30,-0.0035575021971546716,,-0.007660217013528481,-0.00698307572884882,-0.005784176528522256,-0.006203695703601686,-0.010688459774028769,,-0.0010693109877524254,-0.0021698624361204955,-0.0037793750950662064
2013-10-01,0.004284429870277773,,0.006392367987623659,0.007032181988211539,0.006248534657262272,0.00873925162185274,0.00603053838558143,,0.0029434863422050928,0.012651346262728902,0.00808201893520577
2013-10-02,0.0026072728800901057,,0.0022770246278669415,-0.0004989590630944951,-0.004710905779026997,0.00030936538654269263,-0.002248151614014371,,0.0010675419097370131,-0.002342781394561011,-0.0003272526597263292
2013-10-03,-0.008510577369189587,,-0.008729085119723368,-0.007484961271856716,-0.01097212322715102,-0.008660928224790365,-0.0050060395137194735,,-0.011727402896613781,-0.008804375883384119,-0.011293086964036414
2013-10-04,0.014544443665450935,,0.01013272947097077,0.008044381301881343,0.006525547976515167,0.004056325951114381,0.0015096137827181888,,0.001887986820027665,0.011053973095327407,0.009435701846550293
2013-10-07,-0.01222067700438445,,-0.008239594495837443,-0.011471576562957608,-0.006915766379583577,-0.0043505808310608796,-0.0032656562251784926,,-0.004845346223600555,-0.011128434106633112,-0.014103019579081555
2013-10-08,-0.01594107150431634,,-0.010716357139526234,-0.012613456181685412,-0.011316913405375661,-0.015917394347384484,0.0,,0.007032627937269664,-0.014412414100271165,-0.015801855347520655
2013-10-09,0.0014506664751969822,,-0.0035294021464250536,0.0035766497479505777,-0.0004398930660139966,0.003805894108150021,0.0007560718335504202,,0.004029265959619943,-0.0018034287807427996,-0.004562729184716896
2013-10-10,0.021245699940896978,,0.018565443196506992,0.02851339853929047,0.025765483666571498,0.016745498800558645,0.01863463942064225,,0.014981149028020058,0.02327925417150012,0.023259366818747296
2013-10-11,0.005910084683154571,,0.010792837304557601,0.0054457527241889014,0.004723142600638441,0.008390242917627688,0.0029671107228539384,,0.0047442300260027714,0.004707345461968604,0.008627840414215493
2013-10-15,-0.006089443614623269,,-0.0036527877750555104,-0.0073489124956340746,-0.01000448408656518,-0.0061425881579582065,-0.009082114724275892,,-0.013980339188096935,-0.006394876087829515,-0.009502260492061376
2013-10-16,0.010132187539957371,,0.015020357087491387,0.021224272490879326,0.006665495034310798,0.00957936516448954,0.014862462718163272,,0.009095752030312765,0.02047939521276687,0.01240510638940151
2013-10-17,0.013062919926567051,,0.0020980964261285706,0.008699459251091168,0.007688901421182726,0.00030645978406584895,0.011227928819070865,,0.01617172831713809,0.008410083130995005,0.0073516051545741146
2013-10-18,0.002993150640253628,,0.010929829580756945,0.0019168540215712682,0.010809530861673355,0.017135725333851992,0.0014480796504401372,,0.002608816180855289,-0.003980577984087907,0.006162991398878548
2013-10-21,-0.00022964151703341873,,-0.004486047842035656,-0.0019131867219092102,0.002516478537076594,0.005414787429248502,-0.0021688193933674382,,-0.0020816371920561183,-0.005137833332860886,0.0025790565334566917
2013-10-22,0.014466140283977413,,0.005545868852087743,0.0019168540215712682,0.006692701370699883,-0.00029911634520685126,0.01256011493454623,,0.012777134511485544,0.009372847920709582,0.006752202464503032
2013-10-23,-0.006564046299560755,,-0.015626492766094735,-0.008130479954409298,0.0004159090355446704,-0.004788891731703271,0.0019082883141736673,,0.000772639302871303,-0.0018953430138591854,-0.0063875724198116934
2013-10-24,0.00501234724526789,,0.004785365950136677,0.0014468651042984781,0.007476321352940074,0.002405967785084284,-0.0019046536858025043,,-0.0020586586979741694,0.0,0.009964702791411373
2013-10-25,0.0029474523439101397,,0.006041251563195571,0.004333118378470502,0.005153618183054265,0.005100710512132567,0.0023852343165864376,,0.010570106197979712,0.0013292153201547308,0.0074789976748173
2013-10-28,-0.004973023365911988,,0.0008084801390948471,-0.0023970745563419715,-0.0014352117668010589,0.0032834838946969036,0.013089081129311175,,-0.0020408926644729375,0.003412940664208941,-0.0018953869216430386
2013-10-29,0.0020443998147001707,,0.0070378700512827574,0.002883217140534189,0.0028753322161818584,0.006545674417422376,0.008691756528268257,,0.0012781028328017197,0.0066137111175952334,0.005855467922261548
2013-10-30,-0.006120797045682247,,-0.006759816772621274,-0.003833284522589464,-0.004505313054251503,-0.002068832667891818,-0.008616860871534904,,-0.006382574919187478,-0.005444249596022299,-0.004877242690900507
2013-10-31,-0.0015964438597464436,,-0.003460709771840098,-0.01058199033675955,0.00020550875230984644,-0.003258788738646823,-0.005168099970439766,,-0.0035970930928805878,-0.003963259473161118,0.002529579389796144
2013-11-01,-0.002285061952887135,,-0.003588515824738514,0.0024305829338400198,0.0071985825162297346,0.0002976007862320884,0.003777951119504852,,0.007220157765388313,0.006632244967416545,0.0023655834522351427
2013-11-05,-0.004332996941282863,,-0.009064354122933493,-0.005332100737436618,-0.0010172244512054451,-0.0026632931269219284,0.001880344927189359,,-0.007154110571079286,-0.00338623925331627,0.0
2013-11-06,0.00687156550378587,,0.0030106201702373436,0.004873010122921295,0.0028514199100455606,0.010088886966953092,0.010790714915779764,,0.013638933002163123,-0.0022647824613838408,-0.002508765304458871
2013-11-07,-0.013193901474676584,,-0.015469909378235114,-0.01115432910564762,-0.010560764127512057,-0.012926041951873302,-0.014620708078473488,,-0.00939324642979944,-0.008891142226307491,-0.020748282923908845
2013-11-08,0.01867183942704509,,0.014891780998537163,0.023050942531698704,0.013547144760292174,0.008929058597985762,0.004945425251367874,,-0.0017941193338905093,0.014697197897645786,0.01589095673977825
2013-11-11,-0.00045240376389321657,,0.0018488327036780827,0.0004792312977444091,-0.0008104715589343225,0.0011794578877879491,-0.0030464027879437694,,-0.0002567216556851326,0.0024453885838489064,0.001579953391652067
2013-11-12,-0.0031695866533011374,,-0.009225987528352464,-0.00958307013295634,0.0004052263867968531,0.002651850270789957,0.0016458515161774656,,-0.008474648149104036,-0.0005627489543892361,-0.0017351241309324639
2013-11-13,0.005451012549598122,,0.008730147437637559,0.008708521010319936,0.0058753819968708765,0.00852201867462643,0.008448734522431334,,0.00492132857657257,0.005632668515932471,0.01580258390078826
2013-11-14,0.008357597028115782,,0.006000046645692869,0.008632842828972809,0.0038269103041377317,-0.0026228766394192915,0.007213738925267776,,0.008762865340143922,0.008401548527866787,0.007001041266249786
2013-11-15,0.006496297333730139,,0.005506069524713109,0.00475525504226626,0.00341087296563769,0.0020454377197069995,0.001155630105071026,,0.005876151766919024,0.005739593081976357,0.003398340256556054
2013-11-18,-0.006231837170601384,,-0.007643395116558094,-0.0004735259465654673,0.0015999519671319185,-0.003790109778911366,-0.0030003650056824593,,-0.0012699146445240839,-0.004418083934938921,-0.00785221343321918
2013-11-19,-0.003135184769696875,,0.0017244223039198925,0.0014203440729980699,-0.007186950829636496,-0.003512043552517552,-0.0037033711186232887,,-0.007375522089166253,0.0011093149052943119,-0.004344812358994865
2013-11-20,-0.008088669640449853,,-0.0024100630845557136,-0.0028363805048815527,-0.004424160042614256,-0.0032305127681051538,-0.004182592707701938,,-0.011017279770392796,0.002955468403306849,-0.005143515354335992
2013-11-21,0.0081546297465096,,0.009547986113513707,0.01422475682976354,0.008079296805545866,0.008544224469000605,0.0018668064027798081,,0.002332256615940498,0.00405140831383588,0.010339872096896352
2013-11-22,0.005167486818189904,,0.0053552861566628085,0.004674739327686472,0.008815646081546946,-0.0020445277407412643,0.005122890224827037,,-0.0007755608908021072,0.013389635366520602,0.0055823902415759186
2013-11-25,-0.006258517482352621,,-0.009066774173503545,0.0013962322431622098,-0.0021845577382834103,0.0,-0.0016211683763794893,,-0.003880372381417141,0.003981999273702019,0.0009251544314456961
2013-11-26,-0.002474152733696555,,-0.002516202457052086,-0.0009298203015990492,0.0019905941273157257,0.003512615611954928,-0.0009283592785978012,,-0.009867180475728765,-0.0028842692018153926,0.005854143473287721
2013-11-27,0.0006766528021124874,,-0.006765240439148723,0.002790960721405833,0.003972616318961286,0.00787632110628067,0.0006969471394997484,,-0.0020983876643897448,-0.0003616607001489802,0.003829022988988573
2013-11-29,-0.0009017037280876217,,-0.0020784385422191187,-0.0037104000731381648,-0.002769893972246029,0.0040522767984469965,-0.0016252818679552972,,-0.0005253633151839354,-0.0005423926318124384,0.0009154816202472382
2013-12-02,-0.00248073902228918,,0.0006943958287246588,-0.00046594736756200295,-0.004166854222231953,-0.003171040438878836,-0.005347658966102453,,-0.004207436604331649,0.00036156667548126187,-0.004725572941777889
2013-12-03,-0.011756826298504053,,0.002427684530293517,-0.010246289140602216,-0.008567808366888752,0.0023135592795036075,0.0049094844117894,,0.005017267673944614,-0.008683221816181974,-0.009496154412935165
2013-12-04,0.004804358764937566,,-0.0032294690041113627,0.002352456720730478,-0.004018732309632678,0.0008655661061669484,-0.002326542313946023,,0.004466695926470976,-0.0034667763304042643,-0.0023194259812481244
2013-12-05,-0.005692090626383539,,-0.0033548964740997,-0.00938981747792722,0.00040371595630106505,-0.003171040438878836,-0.009093189309829608,,-0.008109145928580808,-0.0018315678727344187,0.0010849922372329068
2013-12-06,0.013739535574572637,,0.0031339417816449444,0.013744661765675126,0.015328766909958436,0.006940484816712278,0.013647466329480551,,0.013712958830564448,0.013025294875155025,0.008360383457414855
2013-12-09,0.005195280909041866,,0.001388993935319549,0.004207451345920266,0.0025822621483675423,0.0031593932252564905,0.003481940668501382,,-0.005983160283945188,0.001992165548274194,-0.0007676589514112875
2013-12-10,0.002921510514342529,,-0.0030047064059515183,-0.003724698488709266,-0.0021795522304477455,-0.002004318326031429,-0.008559360021204054,,-0.00994479995946429,-0.003976241159783456,0.0006147472740856141
2013-12-11,-0.017028963103493777,,-0.014141778609817246,-0.013551220315423884,-0.015687115515238048,-0.0091792035235847,0.0016337484662412027,,-0.008194512787034536,-0.01723823202532604,-0.009213926941423867
2013-12-12,-0.0020516124090318444,,0.004233115564517442,0.0,0.0010088940941956892,-0.006659167033081004,-0.013743994465961529,,0.0013326059560603287,-0.007201056534297812,-0.003099734967050294
2013-12-13,0.00479678832178676,,-0.00327805667431047,0.0009475305482300467,0.003022767287260919,-0.0032059664345904793,-0.0016525654365171505,,-0.0015971353870637417,0.0007442111093856063,0.002487703191246027
2013-12-16,0.004091698640638075,,0.008692136303615872,0.006152421114042239,0.009443560233891146,0.009941647839611711,-0.0002367484183274371,,0.005331769697728639,0.001858452081229034,0.0065134460938989225
2013-12-17,0.006565754022250125,,-0.0057061339936215205,-0.006585430717615637,-0.00039844137324129836,-0.0002893525601195268,-0.004732838021982877,,-0.0018562186685237014,-0.0048232538587930085,-0.0026190603344484753
2013-12-18,0.012145660922097345,,0.015109010101708842,0.02320051096952991,0.016726687630505888,0.0078190329760226,0.01664276261327302,,0.013284031575293342,0.024790563023375567,0.014830519818838983
2013-12-19,0.0015555082314617774,,0.0028843683934218767,-0.0013882067190049696,0.000978986422350614,0.001723847803732248,-0.001870924964562537,,-0.007341460867402394,-0.0021823116754944305,-0.0006090386979674678
2013-12-20,0.0031704499112805706,,0.0017686966658414516,0.006099152285687026,0.008043374203591247,0.007812480553684331,0.00453277677017061,,0.009903924502278727,0.005033247521052386,0.004160012488925613
2013-12-24,0.010852534004875292,,0.005532341754149739,0.001842640413278751,0.0046635471303091425,0.002823736286595935,0.0014116247399125204,,0.003980694696080533,-0.0018141600028731553,0.002122676186065542
2013-12-26,0.005478401667566191,,0.007106947354321713,0.002298946193859397,0.006963353584986454,0.002533614585661592,0.003993688216811675,,-0.0044936161162840715,0.007451835573591525,0.007414621696666623
2013-12-27,0.003050525055005693,,0.004894132648689098,-0.00045897676564643497,-0.0011523360788037174,-0.0008425074903025687,0.0023394324049157422,,0.003983407219816382,-0.000901881514030145,-0.004656072682566514
2013-12-30,0.0006516733294468224,,-0.007135538389548612,-0.001835538866717945,-0.0009617982700396155,-0.0019671973237553875,0.0025675837244050204,,0.002379756934140609,0.001624902378192461,0.00452658876355172
2014-01-06,-0.005465680638325643,,0.0013807273821790922,0.0009136437216836768,-0.00580590298159267,-0.0017037362194154415,-0.0037767683314483547,,0.001610097097123786,-0.004162358230605512,-0.00618060520015018
2014-01-07,-0.001758104947032213,,0.007581834568153312,0.0004565387124684239,0.006229079666402626,0.00910151303996054,0.005448723624297491,,0.00884016674263255,0.01053982903886097,0.00606732958228462
2014-01-08,0.0059455642674408615,,-0.006954865105833097,0.0031931086219485483,-0.001741106244176338,0.0,-0.007539662186254237,,-0.005310910420200821,0.008811216864980986,-0.0027141685805752713
2014-01-09,-0.003939998958684243,,-0.0030998983850736295,0.0036381564282577106,0.004844984571148903,-0.006482702227511461,0.005222822689092466,,0.005873193466602533,0.007487132072814706,-0.00015107641117229065
2014-01-10,0.003076031913497701,,0.0008062766238465802,-0.0018123180224494106,0.0015427623375030564,0.0019856762491641256,0.001417354546947358,,0.014331024238838586,0.003892307148410934,0.0030242971804235186
2014-01-14,0.013993449411370928,,0.013032622574664643,0.008294994023169133,0.010526146485690502,0.016885775427798233,0.005218240988851708,,0.00132183577231193,0.012615637370301025,0.008614011400161825
2014-01-15,0.006133872139563179,,-0.002897586115154893,0.011882797499492614,0.007137281203171586,0.012102324833058509,0.00023546640107952044,,-0.0018475024767969916,-0.0008776008014574899,0.0024404029267242056
2014-01-16,0.0023943539027748706,,0.0013944014320410592,-0.006323489714916808,-0.0024897822019581684,-0.00027773315809431764,0.00023633900243780204,,0.006875747422563139,0.0024587567132778876,-0.005324982276208257
2014-01-17,-0.0023886346660398905,,-0.0016244431926260017,-0.0031812321962932932,-0.004992448638036939,-0.005563350174390469,-0.007783055936698036,,-0.0002626857808186722,-0.001050843424086123,-0.004435821019220243
2014-01-21,0.006095843058381734,,0.00825462324940629,0.0009117095912103412,0.0009649563010685203,0.00503494007256422,0.003803203423381918,,0.011035257623682515,0.005787019627570444,-0.0009216229748362226
2014-01-22,-0.009737760994567357,,0.004612573741689996,0.00045577356490622556,0.0030847005453489285,-0.0011132771689201792,0.0,,0.0010394743286299413,0.000872011338168166,0.0026138755067117714
2014-01-23,-0.014860218671580383,,-0.011363823350913349,-0.016393763333799827,-0.011916159713196262,-0.001950390966501181,-0.008761710029833059,,-0.002855714075513327,-0.006968801245194389,-0.007054928567709062
2014-01-24,-0.02684139650502282,,-0.02089831552726218,-0.02268473694403539,-0.031122549876880234,-0.019262896626542347,-0.009077547661229035,,-0.01119491623688229,-0.023508718105716087,-0.019153421018403116
2014-01-27,-0.004102999402761598,,-0.0035574914096515586,-0.006158529521017475,0.0010040859357423049,-0.00939364385616348,-0.004098632476179143,,0.00236962588793288,-0.008084643624991061,-0.003937142795798709
2014-01-28,0.005722248478033265,,0.007616343419716287,0.013346307347146924,0.009426676816336244,-0.006034696050895683,0.007746409753631278,,0.0036773789434778603,0.013403017064385736,0.006956562110281617
2014-01-29,0.004096572852552383,,-0.005551238621095411,-0.011759246085176644,-0.010729859184495427,-0.0078056543068871775,-0.01753532614190889,,-0.0005231517504277194,-0.009114973690521166,-0.016015208969993533
2014-01-30,0.004759854315409928,,0.003207094294023216,0.0142788102363971,0.009841653156965391,0.01223826106264636,0.0014669354092506914,,0.015449021107121874,0.018217849535451247,0.016754615574487097
2014-01-31,-0.00654207142419172,,-0.012904096673657328,-0.011731382038682958,-0.004972179148215461,0.00230263145316445,-0.004882771606611547,,0.008251608313236902,-0.008680182843048723,-0.014124655078686765
2014-02-03,-0.023387985682372547,,-0.01786998597690248,-0.02516624641348253,-0.02778357793680797,-0.020964997889976078,-0.02158938057994242,,-0.007927950385738125,-0.0196569551967265,-0.02626526295521736
2014-02-04,0.008835261144656714,,0.01025728799756176,0.009741388545676521,0.006373577885197879,0.0038133250238059357,0.0052653595620570925,,-0.0059294076089912995,0.009842927087904796,0.012260905625252061
2014-02-05,0.001152317695588323,,-0.009790492973512754,-0.0009643448453029446,-0.0004087099886336265,0.0008766003666336175,0.0007484506495869514,,-0.004408689707349311,-0.005595566058893775,0.0012919522812517847
2014-02-06,0.01496299977786908,,0.014892336560056396,0.01545113718313651,0.01389746032952055,0.011095064845808578,0.010717699395843328,,0.007293448480893527,0.00562705260345342,0.021129117687170407
2014-02-07,0.013835719137477609,,0.010825305867669277,0.012363431406678504,0.017335561735649208,0.013571852809419083,0.009371449681734978,,0.005430661558283978,0.01714829902825521,0.012320299345905505
2014-02-10,0.00492188955734596,,-0.004878999745564494,0.0009394611276867249,-0.006340627709459201,0.0019946039346845357,0.003909066327321575,,0.007458091121375743,0.008340658432936632,-0.0006239338034257358
2014-02-12,-0.0017608932369950203,,-0.002360979789549411,0.0,0.005718599531301827,0.003932121509128139,-0.0043304430906342395,,0.0012648840640496761,0.0,0.0009301713827565283
2014-02-13,0.008598280129961333,,0.00473277808892858,0.003715477900339881,0.0007844700773060875,0.007275051072171745,0.005073966862865653,,0.010860888172563365,0.007119291851197751,0.0030966749228875656
2014-02-14,0.008087235669179016,,0.013070918640569529,0.0013881550659926578,0.006465667013642706,0.001944738719783512,0.005768878330607352,,0.00649683313084326,0.003620810684948461,0.006020296104022327
2014-02-18,0.0006506121300327017,,0.004533204936752355,0.0018484657822090966,-0.000778265718249127,0.0005539561244651825,-0.005735789260235102,,0.0034759664773655885,0.009276781103423781,0.0012278587141760777
2014-02-19,-0.006934263693438081,,0.0012726189744358685,-0.013837407218865838,-0.00935191318317563,-0.0033247184869034108,-0.0021635342660567547,,-0.005690158085965846,-0.006127964976654021,-0.008122378128164298
2014-02-20,0.010473866329339554,,0.0065876426135143,0.0028063821275958745,0.009440197086763025,0.0033358091131305834,0.004336197869923009,,0.007713775479234464,0.009076921830965645,0.005407609422207971
2014-02-21,-0.0025915612117725084,,-0.007922146950369635,0.0018656399993215445,0.0011685387860833618,-0.003878981375846746,-0.0021586124036356846,,0.0012341355365026452,-0.0018669596687297396,0.001997597591063549
2014-02-24,-0.003463762634847045,,0.015044908948302682,0.007448526950345702,0.007589174367477192,0.0038940864647192264,0.0036058484142835745,,-0.002466201233128351,0.007481885738867877,0.004141379256496602
2014-02-25,0.003693237328565857,,-0.00045605785403934895,-0.00600702255736707,-0.003283567737607518,-0.0027704555979600753,0.0038317868260380195,,-0.0012362188514773997,-0.0025318307866617484,0.007026032167689822
2014-02-26,0.0075755100462757685,,-0.006273673819527814,-0.001394812703688575,0.0009690665005459564,0.000833365732089586,-0.0009538676727781636,,-0.003217826597580742,0.0,0.005612190386707239
2014-02-27,0.0079485661143337,,0.0010332696939683306,0.0051212291823781175,0.005806842290730918,0.008051414580146687,0.004537499339960727,,-0.002483279537920713,0.005753184313779025,0.00407220574087086
2014-02-28,0.0034098718282540297,,0.005044845410915988,0.005094660430223108,0.0019247129677102404,0.001101503837794171,0.006894757642166738,,0.006970548489415362,0.0,0.00405555885224218
2014-03-03,-0.002336281667668638,,-0.006388770804840238,-0.007833902006730065,-0.006722734695453925,-0.010729566288884662,-0.005430711564099466,,-0.00988849725205776,-0.007402818315454862,-0.009425445387941322
2014-03-04,0.015755187073599464,,0.01090864022457172,0.020436660762164438,0.014503663628788965,0.013070328056978164,0.01353263993326137,,0.00724084867270558,0.01898311594762636,0.012536098107124749
2014-03-05,0.0023051249709800103,,-0.00931431104762137,0.01046877573613525,0.0013342769057105297,0.0013728767206540038,-0.003279533695929371,,-0.006692848117556882,-0.0024947305747271553,0.004176783966947983
2014-03-06,0.003764085886606372,,0.007223075444685589,0.003152901280776499,0.005711212869262683,0.001370448301247329,-0.00023489549831512413,,-0.0049917675626501845,-0.006169976271284572,0.0025252848166732456
2014-03-07,-0.004374797252421403,,0.0019348659135181023,0.004490731245796686,0.003217589453106795,-0.003011332771423181,0.0028208878620630262,,0.0030100579260574634,-0.0025168076937228667,-0.0014818684297406293
2014-03-10,-0.0008369997565481624,,0.0015908209079318336,0.00044656077414861883,-0.004338989456370124,-0.0016474787059076457,0.0009376509458489668,,-0.002500947814349397,0.004205653246424523,-0.0026710882851318507
2014-03-11,-0.010262420661865668,,-0.011343113979018105,-0.006702235377862742,-0.0072011897594421725,-0.002199796332970516,-0.0004685091293867849,,-0.0027574951545923376,-0.002010305699725823,-0.005802435286868635
2014-03-12,-0.0004226285710063893,,0.00011478577629375764,-0.0017991419629003191,-0.0019089146313281402,0.0016532252232701605,0.002108910608182857,,0.012568913783096658,-0.00016768785066112457,-0.0014969885620420564
2014-03-13,-0.007197278991246447,,-0.00998031038353464,-0.011266275529956404,-0.014151987567326385,-0.013483858264070725,-0.0049100065151571615,,0.010427619687501721,-0.013597679651437211,-0.012139915741421592
2014-03-14,0.0,,0.0009268087689691118,-0.0063810632614903495,-0.003879397495248571,-0.006136534843297459,0.00046992701280457183,,0.004668304141118851,-0.005445944284796167,-0.0009103555982493683
2014-03-17,0.00810223503829599,,0.005325383876563672,0.010550277763672122,0.012268436753873457,0.011788237984336147,0.005871020600433097,,0.0066027543614994855,0.009753865061550737,0.006681824992736951
2014-03-18,0.005710923129880419,,0.008405937612906866,0.004992906687414811,0.0053866654600409625,0.013037136573589292,0.002101708664712154,,-0.0014579279778651477,0.0106759631068154,0.00437499427326582
2014-03-19,-0.008832906171183486,,-0.0075366096915086,-0.0004514649663980297,-0.010332967508094981,-0.004107085524280185,-0.0076887584423182,,-0.01581490413366282,-0.003018065639526779,-0.006609021552663963
2014-03-20,0.013367072077430375,,0.003912209977608105,0.015815367674170355,0.0029002826475941212,0.007698598774426246,0.0035220313541828308,,0.002225347145518919,0.0,0.0025705369830417713
2014-03-24,-0.007810820823548448,,-0.0020672067318264764,-0.0004464030964526078,-0.0032915391592881482,-0.0008260041277742269,-0.0009406610549131944,,0.0027153362394940483,-0.011172110311238215,-0.010048564191429854
2014-03-25,0.005531590507392936,,0.008977854813365882,-0.0008933354124760484,0.009129682933685324,0.006063647180085896,0.0073009356286484195,,0.004185258703418571,0.008864753561874661,-0.00599821817459234
2014-03-26,-0.014388208815155235,,-0.004677121489261471,-0.010281824665852257,-0.01020221481198802,-0.012054805905013954,-0.0023384227028028226,,-0.004167815318084411,0.00034467952525596424,-0.008045975074704614
2014-03-27,-0.002790889515336792,,0.008137535792998252,-0.005420076194480372,-0.0013610514152023745,-0.003605511761731295,-0.0007028225544581934,,0.008124087019432347,-0.002239008352534877,-0.004835446359635731
2014-03-28,0.006889236722903647,,0.012505627740318381,0.004087226721569026,0.007400132143903448,0.0038968666953524966,0.002579501639450976,,0.0014655071960696375,-0.0037978761083684587,0.007523387987350194
2014-03-31,0.010904131525601768,,0.0,0.010402932774722151,0.01159867936000758,0.007762807853713749,0.007251533620255657,,0.010972801319962588,0.0135160072074485,0.006845241140732039
2014-04-01,0.005499650705460546,,0.005951034128801158,0.0017900155009560326,0.007070725388811372,0.011828850579055361,-0.0016255509830052084,,-0.0069949502964129495,0.006325931818011332,0.013906341852413684
2014-04-02,0.007361775775189594,,0.0035716823248626017,0.0022344025406302315,0.0070204541211236204,0.0005442322677828848,0.0011633191852613578,,-0.00145726893889786,0.004417545534180611,0.0067053212804082385
2014-04-03,0.0012531939334270437,,0.006451292911844098,-0.0017832242752965355,0.0015074306616591482,-0.004891352629850743,0.0011616036872550417,,0.003162352416701264,-0.002199331846376662,-0.0048443077702196025
2014-04-04,-0.012721531092567129,,-0.0036465760218997723,-0.00982558037115322,-0.011476680564066144,-0.019115092748202334,-0.0032491404962140535,,0.005334677728845216,-0.01661283945759462,-0.01658040316730891
2014-04-07,-0.014575484978901931,,-0.016748433715107813,-0.01533667605964184,-0.014275077088866994,-0.007795101384556635,0.0009312911958443415,,-0.0016882434202543095,-0.00999808615915554,-0.01948956451131334
2014-04-08,0.003858477447618247,,0.010039086040200651,0.0013743115560349572,0.0,0.008978385393696664,0.00511760898393665,,0.014254662248418537,-0.008184311196579253,0.0100961539783051
2014-04-09,0.01516140694486845,,0.004579323020099668,0.008691715775020148,0.012744033026255597,0.013348074137153665,0.004397090603593501,,-0.0021440917786812452,0.021418674607422084,0.010776110150652496
2014-04-10,-0.019983633492744235,,-0.013896574150334295,-0.023129329759835837,-0.019828420261618462,-0.023051180333053756,-0.00990704889252303,,-0.0038195458494559853,-0.03334496176633173,-0.024876233342132514
2014-04-11,-0.01201952311240817,,-0.0028190632139010185,-0.012070424577445449,-0.00992062435196761,-0.01123631894740873,-0.005120897237014588,,-0.000958430519812703,-0.009423555512399262,-0.01378553179717168
2014-04-14,0.00803830963383012,,0.01368100094769753,0.007988748257361067,0.005697678269152462,0.009943233503937776,0.007953529244700608,,0.005996406525295539,0.005564234381203015,0.007872928447469008
2014-04-15,0.006034472878369668,,0.013383379561717534,0.009323955824824592,0.007032749647394088,0.005063404015401618,0.00255298693840067,,0.013829523758390305,0.010710689006849128,0.001274880534201328
2014-04-16,0.014781359680442696,,0.01199677997765125,0.007852220206289173,0.015324523358863917,0.009795739214071508,0.009721935396853176,,0.007290618682528116,0.004945228275764935,0.014010823553824325
2014-04-17,0.003166662074047366,,0.009135206413189989,0.0018330763701257524,0.007833604749036605,-0.001385877322300777,0.00022935133591772683,,-0.012374485972779903,-0.0001758737866048854,0.001255937971177623
2014-04-21,0.00021028840337300458,,0.00678965693209066,-0.0009151284825286155,0.002843578480170361,0.003886049831844929,0.00045853768522508,,-0.001182092429086845,0.011953075181646344,0.0026656997721477005
2014-04-22,0.0035764906918371864,,-0.0016055424062990653,0.006868211895059151,0.0005672815965853673,0.004146553994460733,-0.0004583275247826979,,0.0014200177874170716,0.010943394045969335,0.008601999191733878
2014-04-23,0.00021030575213099034,,0.005253073294969823,0.0022738978331704462,0.0037782761919271657,-0.01073807465472909,-0.0016044333483148376,,0.0004731082684996668,-0.004983238112475696,-0.004651934078574893
2014-04-24,-0.004401812525345328,,0.0003200208863811671,-0.0004534296407904259,-0.0018819828446129394,0.00779330390277555,0.0039027854669642092,,0.006850786941918763,-0.001554061126563866,0.005452666903053682
2014-04-25,-0.007158209758517442,,-0.005970896107328039,-0.008170475640724262,-0.00980568912664126,-0.012703785297712211,0.0013718108679163787,,0.011497499490511265,-0.007436888407999609,-0.01704371886911471
2014-04-28,-0.00424074446346967,,0.0017165023905922894,-0.00595011854172256,0.0005714048854532638,0.00951048885503658,0.011418400582533739,,0.004870619590275016,0.005924468023957408,-0.0025221180573175017
2014-04-30,0.008034933497829577,,-0.0008528857116537614,0.0013679775741208822,0.006643832246327808,0.003027275018135267,0.0031749055954026772,,0.0016228222730818587,0.0008612535284542311,0.0042471951011266995
2014-05-01,-0.006293062479729494,,-0.002239856894692527,0.0018210570472811938,-0.0024515113142121736,0.001097229920834497,-0.0009044303639934581,,0.004165665589684675,0.002236616826106097,0.003916173565511105
2014-05-02,0.0038000353121399044,,0.0020313550787913748,-0.00045458611050175346,-0.0015121856656615806,-0.0027402495585715503,0.0,,-0.020511869567554908,-0.008583779153464088,0.0024966746574572873
2014-05-07,0.0077781858752168365,,0.008695833462045055,0.013431918739303716,0.008566822863136592,0.0005520693488816342,0.009584621540894789,,0.016170876080899843,0.002776733395667419,-0.0012622941221583917
2014-05-08,-0.003963198525085088,,-0.01429793709142091,0.0027424081862437166,-0.00018901622358058479,0.0027636968529733963,0.0013562326718183915,,-0.010839498135611247,-0.005364893777198176,0.002843114974039107
2014-05-09,0.0,,-0.0009595512394289241,-0.0004557625059867787,0.0007553164957949665,0.0011020674729906865,0.004740561992381265,,-0.014688706163670351,0.006089866368143904,0.0055127852927625565
2014-05-12,0.012774613333916607,,0.007045941893375485,0.010031879952640432,0.014902901881540087,0.013487679467551139,0.0008983576657097814,,-0.009228690167117137,0.010204256935620881,0.012531646234688942
2014-05-13,0.0008274429134866867,,0.0037101681928086716,-0.0009027511221736395,0.0016726728434452998,0.0005428025820541915,0.002020369097197161,,0.002388398023811744,0.0015404413105306602,-0.002785154531295908
2014-05-14,0.000206265187710164,,0.00042288595481165814,-0.007230382869936158,-0.007422466242322123,-0.004614490423858197,-0.005376086387743673,,0.005003452079728188,0.00068433344737584,-0.011169435474584488
2014-05-15,-0.014046209253175235,,-0.011402210265064605,-0.011379237891074867,-0.00878661619683374,-0.005999221962375345,-0.008783801255785817,,-0.004030667915221109,-0.010079064001677573,-0.007216850361478122
2014-05-16,0.0035616043192618907,,-0.002563063150427203,0.0013812715796361896,0.001320067356917809,0.006310251406691503,0.0061346441381087136,,0.003094804137941498,0.0034513513726834866,0.007427502037266054
2014-05-19,0.004175026526648473,,0.0031049234113971202,0.0050573853858904005,0.003955514820774608,0.006542578053418957,-0.002032452533187734,,-0.015424754549222652,0.00619074712206702,0.004548976680114114
2014-05-20,-0.005405189717857084,,-0.002881699468250676,-0.005946731289234508,-0.013320805539394298,-0.0056878729983428356,-0.003620752002520655,,0.0,-0.006323455058586336,-0.009056822416912635
2014-05-21,0.004598835294534975,,0.010811426400983759,0.006442876895995875,0.00988746125765827,0.006809928932953069,0.0056779020872430586,,0.0007233849486640853,0.008427977024866529,0.01213359613501952
2014-05-22,0.0022885896338789014,,-0.0009535043187931524,0.004572212570144618,0.0018830476462081691,0.0018942240659860499,-0.0015809404627533663,,0.008188331971785257,0.005969693851064051,0.005293487718812884
2014-05-23,0.008511504838310868,,-0.002013914677694517,0.0031860483053756106,0.006390168987170153,0.008371502790123886,0.001583443793116368,,-0.0023883684999116417,0.0005087007888386896,0.007898623770336899
2014-05-27,0.0,,0.0027618131301290205,0.008620863357609032,0.005228802542059485,0.008570155700037274,0.0027103688550722538,,0.00790230500230682,0.005422808711444516,0.005223679744429166
2014-05-28,0.0004114994952040263,,0.0016944128436353623,-0.0017993992495778377,0.000742986100695564,-0.002655350470905926,-0.0013516976146651372,,0.005939617484253201,-0.002865139184261012,-0.001069577113193998
2014-05-29,0.010082315784238238,,0.008565035529515042,0.0022530732389027808,0.0040838716954718635,0.0058574181931767555,0.007893652781439497,,0.0028336677604556826,0.007944510257350768,0.004131709712197562
2014-05-30,-0.00020336602782833335,,-0.0007338651163708576,0.00224853379267409,-0.0007394148069931328,0.0010586030314487793,0.007831597474223795,,0.006595116597574169,0.0026828248768357987,0.0009140994765934884
2014-06-02,0.00407474753842596,,-0.0012592030049314307,0.00269183317358479,0.004255283464562831,-0.0015864002319445625,-0.002441702937459156,,-0.00023433748087808848,0.001337977838326898,0.003349631935107622
2014-06-03,-0.0022322271640875524,,0.003466717628053839,0.0013419438400652517,-0.0011053702833880852,-0.0015890376601574996,-0.003561116312802537,,0.003744459578064907,0.0018371744970826498,-0.0018212908657631033
2014-06-04,0.0016273291400266121,,-0.0005228922713284012,0.002681269993908053,-0.00018469348196592517,0.001856925297525569,0.00357384318406484,,-0.0004665800554775057,0.0028347072431658127,0.004865195903137609
2014-06-05,0.004669681690874228,,0.005760788466720346,0.009358210789675026,0.010145734486430635,0.00661863345104674,0.004005747685169814,,0.00839753894630757,0.0011635986344362692,0.006505451755071778
2014-06-06,0.004850912697152543,,0.008227325883129799,0.0066223328918357804,0.010044177308634827,0.0044713891051320065,0.002660267986569931,,-0.0034699226410109807,-0.0009964521913546909,0.005861554486895182
2014-06-09,-0.0026147310354698305,,0.0015498168415164493,0.004385651859627027,0.005062332919069545,0.003142292465020846,-0.0015476191437707731,,-0.006731651381352677,-0.005152729134019762,0.00029943171765611787
2014-06-10,0.0014112556509695562,,-0.0016503449608565868,-0.0004363376092080262,-0.0023388701655274735,0.0005222667111823842,0.0,,-0.0023366554507553428,0.0033414748621292123,-0.0019424698351028225
2014-06-11,-0.005638040780342024,,0.003822309719038186,-0.006552963014137103,-0.007392570550451394,-0.0023477081089101626,-0.002657437821316999,,-0.012649154509979277,-0.0011658444282053315,-0.0029935091083213017
2014-06-12,-0.008505698106949122,,0.003293125419489895,-0.0061562661565771615,-0.013442300247193617,-0.008630403514284013,-0.007104842249281984,,0.003083926234191958,-0.005001504741881879,-0.012760743514339423
2014-06-13,0.0038808296376813267,,0.009539479711021981,0.00044232328641746754,0.003498232149605318,0.005803225326988182,-0.00022335979341669976,,0.0063860411956317975,-0.0008374000821530503,0.0004561429726688271
2014-06-16,-0.0022378360024543076,,0.005994690198010799,-0.004865214039438515,-0.0011008219302925948,0.0,0.003802400311886389,,0.006815958100734321,0.002012234877730723,0.002280072276887646
2014-06-17,0.002038690360297357,,-0.0007068987310812069,0.010222159575752121,0.002755304503210043,0.0023604857415746583,0.0,,-0.0014011124382786733,-0.0005022997845121058,0.003942865998840306
2014-06-18,0.010785436728628639,,0.007580562253910461,0.005719181185598332,0.005678649564583305,0.005233119774118888,0.011809117332550745,,0.02267429403153276,0.008037354112093276,0.007552994636955246
2014-06-19,-0.0020130279368218984,,0.007122136867129258,-0.0013121336803048056,0.0025504144595496214,-0.0018222404916778956,0.005725432093771188,,0.008228626309190412,0.003322586009988804,-0.002398586462129204
2014-06-20,0.006100809751464986,,0.009946244727708331,0.003957825764931977,0.004197787360487704,-0.002199900921107223,-0.003064275626656121,,-0.006082213210926057,0.008408879720686713,-0.0037391307535712404
2014-06-23,0.0014099529592388471,,0.0035667950649838076,0.002190265596711649,-0.0058160820999878515,0.002886973866987219,-0.00552843161471539,,-0.0034504371879220397,-0.0037902972244463484,0.0012104671203196915
2014-06-24,-0.00945443837524873,,-0.021028670436992747,-0.0065561820686694805,-0.010054629408459026,-0.005234695612612028,-0.003557925584964594,,0.0030007071583622036,0.0006616073640122178,-0.0024185323767976774
2014-06-25,0.007920297263032783,,0.00756308153425711,0.0008798966939185249,0.0009230649053064699,0.003947345474267561,-0.0015622444407069613,,0.003682428198037213,0.010911015917386413,0.008484859170890813
2014-06-26,-0.00020167017811933974,,0.0011012663428355829,-0.0035165565849265557,-0.0007380310586986294,-0.0010487014611760825,-0.0035764482466356107,,0.0029809439994765707,0.0013079922413186118,0.000751339160772968
2014-06-27,-0.003022850542922173,,0.0,0.00397011126375757,0.002400394184973509,0.006034981820200347,0.0017947007031957618,,0.003886698544957934,-0.0026127927843409005,0.0024019978426543798
2014-06-30,0.0034363689579393064,,0.0007997796311254302,-0.000878736869292962,-0.004236448468274201,0.00026076174480982317,-0.0008953945846674749,,0.007970785604035635,-0.003930096676428851,-0.0004491775180506252
2014-07-01,0.0024175192059436856,,0.0005991169640575666,0.0061567600512542064,0.006104110596110379,0.010169688982495595,0.0022410153198000327,,-0.00994123978195749,0.01265825562475853,0.010638326250202779
2014-07-02,0.0012055059885585084,,-0.0014971934250007646,-0.0008745095073893205,-0.0016545315343496902,0.0010323904137343742,0.002683274821537962,,-0.01939738086999132,0.007629972059352008,0.0014824639157995367
2014-07-03,0.006423233750769919,,0.0037996311268253535,0.007874610164977591,0.008287319836310258,0.004383898055725366,0.00557528278966668,,-0.010937710317028504,0.004027697782215345,0.007697941205378367
2014-07-07,-0.008376604892928241,,-0.0076703388603640565,-0.004340855487164785,-0.0071233221498835375,0.001026598836701531,0.001552428576502951,,0.0047057782216826105,-0.007541598664700722,-0.006169982727518564
2014-07-08,-0.002614644506193309,,-0.0016058624099195562,-0.0087182293051552,-0.006806455325093275,-0.00897642606163318,-0.001993049748312159,,0.006791708190543533,-0.009377533985923336,-0.00975631172391589
2014-07-09,0.00342834519829327,,0.006635571896079551,0.0026383372179146214,0.0016667892652399985,0.004917255782145524,0.004437512053768966,,-0.0027915813627986674,0.004243230892445826,0.012091401040909666
2014-07-10,-0.004421574708394993,,-0.009588129126002487,-0.00657874205522313,-0.005916828589609624,-0.0028328605494329917,-0.0015460271978505746,,0.006764518022679411,-0.0006500694729021372,-0.009291990623919277
2014-07-11,0.0018170669080226354,,-0.0076647633515145586,0.0017662658638060158,0.005766268418190723,0.005164618312434088,0.0013276767743488627,,-0.007645586733076248,0.002114212381781,0.00327549485222578
2014-07-14,-0.0006047196639088481,,0.00863834909691219,0.0061698765274389444,0.005733383041949924,0.007194893604545394,0.0035346699993608066,,-0.011440806961226069,0.003245898592671992,0.0028189184616123075
2014-07-15,-0.0020160787641546607,,-0.004332467416927166,0.007008276291249782,0.000551237232868651,-0.0017855103617371304,-0.008806292044255981,,0.005196186240191691,-0.00857334740049187,-0.003402955280520814
2014-07-16,0.006868768015715787,,0.015179054742233467,-0.001740017950818129,0.004227710903111248,0.009200027097499008,0.00022185712953515235,,0.003289381407675984,-0.0032633748691295317,0.002524149823259325
2014-07-17,-0.00421336788475235,,-0.016148415988200826,-0.013071740441893742,-0.015556368126119713,-0.01291512238470438,-0.006217643179775023,,-0.009133544549902672,-0.010967277564722044,-0.00947920605644359
2014-07-18,0.006245764199083181,,0.002938458836007074,0.011478993584357555,0.008365280873311454,0.012057395322936149,0.01005550356279139,,0.010162672153276597,0.016385065221139028,0.009270875473897933
2014-07-22,0.001405519946237277,,0.00716213546386002,0.003063305251920889,0.003689301718607707,0.008375859248493933,-0.001778229494024286,,-0.0021080354718242544,0.008666017079765442,0.00416700056612096
2014-07-23,0.004211027658834521,,0.006409548207843896,0.0021815380163614506,-0.0040432025875390964,0.0017619128784343019,-0.0013363653056530644,,0.0009389994273298896,0.008104715454530842,-0.0007409481626539094
2014-07-24,-0.001198283949000234,,0.0008959000904569248,0.00217653588025013,-0.0047980439044305045,-0.0007540294759583732,0.0026759604334605225,,0.003047975956003812,-0.0020903411038789566,0.0022248791532204493
2014-07-25,0.001799534233671185,,-0.007357659519366178,-0.0056473098463111215,-0.002595474904279804,-0.0012570387715516995,-0.0040032857994291016,,-0.007947963778637601,-0.003706088334236024,-0.011099507487550175
2014-07-28,0.0025944873337968577,,-0.002404142784042884,0.00043652355110346264,-0.00502018208437649,0.0017624670428275646,-0.00513482205987692,,0.013902394354191161,0.0009705962489336972,0.0019453476616870802
2014-07-29,-0.0071656554255892235,,-0.0025095519615627726,-0.005240127114177318,-0.012518190142411512,-0.0020107357627389133,-0.004487835200531198,,-0.0092957003354458,0.0008078971781830813,-0.0028377050993144692
2014-07-30,-0.005212514743162533,,-0.005938872181173505,0.004390467559404643,0.0009458594194649006,0.0010077250446862696,-0.010595861206416646,,-0.01688995986044306,0.004035927790399629,0.005541964678056566
2014-07-31,-0.019548497399578535,,-0.021567441273781185,-0.02054197458027074,-0.02022667091705732,-0.01886814951296867,-0.017087474928410784,,-0.015747644291055907,-0.020581973818446064,-0.018471596643134358
2014-08-01,0.0008219413840069301,,-0.00807185098869756,-0.008478800013193788,-0.0009644737071191622,-0.005384788857669909,0.0076493505783539195,,0.0038792261720410615,0.0008207446400521068,-0.003642335684167608
2014-08-04,0.011912216411095633,,0.01679668092356401,0.008101225802277456,0.003475947478202235,0.00721832505758635,0.0032203867886220205,,-0.005313148804088286,0.004265036621205365,0.00974882100797414
2014-08-05,-0.010351053915723107,,-0.021854823879540075,-0.010267654465468956,-0.00596620576214324,-0.009470050131000218,-0.004357102328169549,,-0.012138970815305683,-0.009637191277409252,-0.0069391368734529335
2014-08-06,0.007383153119750796,,0.0029369439486048865,0.004058990966244513,-0.005033633996743947,-0.0031008267094549957,0.00852176974193064,,-0.012779449186133829,-0.0004949791125646863,-0.0021268405376175803
2014-08-07,-0.008754312720864799,,-0.006275271533852211,-0.004492440683813714,0.0009729143320489353,-0.004147143981067081,-0.008221082133055724,,0.011451030994127587,-0.012871196960781539,-0.005175673731937169
2014-08-08,0.010474555567415278,,0.016734947671184663,0.009927825864903372,0.014191126614774063,0.006506611933144502,0.010131093704247585,,0.0199360547428995,0.011868922017307382,0.015454778556745596
2014-08-11,-0.0010161859148808405,,0.00010382067495151581,0.0008940476490792992,0.004025363338545196,0.004913670570364959,0.007066368380042487,,-0.0036195286364086865,-0.0004957208620843812,0.004521033671895491
2014-08-12,0.0032553964282959758,,-0.007349320798581416,0.0022316610307291374,-0.0022912034834547956,-0.0005145448711700862,-0.0006786955530131422,,-0.000726696454154685,-0.0008262308043038846,-0.0025501476713267746
2014-08-13,0.005475454770434984,,0.0032326632243901976,0.004454809531161397,0.009759279909109075,0.009783645433927735,0.0029444985330338014,,0.004604773192362188,0.012075990505565182,0.0036096627130584036
2014-08-14,0.0,,-0.005716849451026795,0.00620856979696649,0.0043582083330997445,0.001784264565759086,0.0040651995786022965,,0.008685228595561645,0.011768341039484431,0.007792600416560047
2014-08-15,0.0030250953149115745,,0.0074221216709049465,-0.004848250254414155,-0.0020752503034574543,0.0,0.0013491916100403234,,0.0038270705280387673,0.0009697219364548371,-0.0019330379087343363
2014-08-18,0.009853651494207138,,0.002697917330894972,0.011071805666492462,0.015125771884005657,0.009417474643671042,0.005839822607238698,,-0.002621030429548199,0.007746842672428089,0.009236814949486583
2014-08-19,0.002986447537867143,,0.0076582407865841695,0.0017523399480863233,0.0024209690091281377,0.006303622258944097,0.00267979649658745,,0.012661150411727329,0.006566211895639995,0.007528662763342853
2014-08-20,0.001390092597687742,,0.002156742662347666,0.0026235301932155952,0.010590960006657824,0.0,-0.0006681585950846225,,0.0021231254628613083,-0.0001588477772515029,0.00468900605236211
2014-08-21,-0.0013881629226843994,,0.0008195336117611252,0.0117747082594295,-0.0009190785710212479,0.004760782579272371,0.0017829860505456097,,0.002354291224598404,0.001431981291512452,-0.0008750893121129977
2014-08-22,-0.003970423919489874,,-0.0066556100269238305,-0.00344853538850598,-0.0034963341424327776,0.00024942634130420416,-0.002446882076081458,,-0.0030531167898003586,0.0009534841485454582,0.0018976135449806364
2014-08-25,0.0037873269233221762,,0.008865319541045746,0.008650731793769628,0.003877914142378369,0.000997675409730281,0.00557528278966668,,0.0068311849973774486,0.007620168624053347,0.002913841979820919
2014-08-26,0.0009925876975309667,,0.005108797090608297,0.002143807035153822,-0.003311320975760257,0.0004977939769115203,-0.0006653429545204759,,-0.011932264537136916,0.0036240468230357425,0.00014526565480266207
2014-08-27,0.0,,-0.0020333503173418643,-0.002139220958213839,-0.0005534456764439977,-0.00024888240546705465,0.00044389562988844666,,0.010892707997092632,-0.0007850856700800657,0.0010169641604802493
2014-08-28,0.0007935309425521897,,0.00020389518195385037,-0.0030015669545978563,-0.0014775114135436862,-0.001494212589962296,0.00044381365161583197,,0.007261919794248506,-0.0003142810055458689,-0.0013059359792734204
2014-08-29,0.0015858035009570504,,0.005600961678679406,0.004730975151396866,-0.0009247784560605377,0.004488579688268546,0.0006649654461612364,,0.006511251694165443,0.0036146444278275514,-0.00014579141935167073
2014-09-02,-0.0033641875111476427,,-0.012659283333458116,0.0038529055286626868,0.0033319882530815637,0.0002486386435007759,0.00044343682489578207,,-0.009011147063876068,-0.00046965506444707206,0.0018888767325744293
2014-09-03,0.0015885416318301981,,0.0026668615192777523,-0.0017055129094594168,-0.0012915326739816324,-0.005460193937862345,0.0006642290173486387,,0.004896465972745512,0.004543285968858335,-0.002610422456925776
2014-09-04,0.0,,-0.013503673737043642,0.0008536539203469751,0.0003697966361617677,-0.0004995545519923539,0.003098557390883716,,-0.0004638405535082324,-0.004990847421126432,0.0037812576005891163
2014-09-05,0.004361489416486064,,0.0067405651762235674,0.001281065512639623,0.003323814814171655,0.005992719580458106,0.005737194758342223,,0.012534586367587641,0.005799375585050948,0.003331472660373702
2014-09-08,-0.003947884467554341,,-0.015554299806997629,0.00042597930427801245,-0.0009203530023930151,0.0014891735092470437,-0.007459565307869953,,-0.005960774491715837,0.00015608233343078481,-0.004187095575318489
2014-09-09,-0.008125417089676734,,-0.004394478516347444,-0.010225535885099557,-0.003131684529021128,-0.007187241235549813,-0.0024314258177963177,,-0.011531019160889833,-0.002648825950605227,-0.0100046273998734
2014-09-10,0.0,,-0.002417304266825515,0.005165306986340212,0.0007393453319444188,0.005991113791064873,0.004874933817542004,,-0.004433453823849742,0.00703025800263779,0.00351484348866804
2014-09-11,-0.0013981149003936544,,0.0006321264288056128,0.0025700361650864423,0.00036887878209235225,0.002233151662426991,0.00044082841454007315,,0.008437164656689422,-0.002792628500434491,0.00043827602137147537
2014-09-12,-0.004601888239526897,,-0.014950267430300257,-0.0008546484203268978,-0.003322589181521174,-0.004208824819266321,-0.007053117038353429,,-0.01789434706780424,-0.007311571714382681,-0.0029176040984798535
2014-09-16,0.004616475900751871,,0.012099315217688478,0.004276733896697804,0.005558516912551159,0.007503382411460313,0.007510419911886945,,0.012739536941696938,0.013670770610088923,0.0051416203778156255
2014-09-17,0.005994146030803726,,-0.0054531092044552976,0.004258893159997168,0.0038696006418330597,0.0019864941929474966,-0.0021926009094737076,,-0.0018639989268197654,0.000774942742641116,-0.0004382184076735518
2014-09-18,0.00675309796134993,,-0.005166710261492069,0.009753901051328118,0.00477267609935117,0.005946253945918967,0.0019782920881641353,,-0.007234480629776829,0.0074350727822221074,0.0043863274835846955
2014-09-19,-0.00031734866251731386,,-0.0008202728551781613,-0.002614191594692894,-0.000972960005865775,-0.002127254093199471,0.002581705999235462,,0.00901350616149621,0.001095441557637411,0.0004233473035202273
2014-09-22,-0.0003966455768082966,,-0.014713556713577103,-0.006765744321026501,-0.01120732826778792,-0.006692835850192647,-0.001760921066475074,,-0.007522706935426227,-0.005394513473700346,-0.014016299904081153
2014-09-24,0.010366821130534998,,0.0008683079204512278,0.005572379472619682,0.005245224820199734,0.006502903757374057,0.012903009204911164,,-0.0035628479412468383,0.01745902212488515,0.011351630740844554
2014-09-25,-0.015193295628346815,,-0.015289338700556487,-0.016623944476533148,-0.015654091035694817,-0.021868569002196914,-0.013177566541128338,,-0.005959333838855607,-0.016393776691939532,-0.01462133142063815
2014-09-26,0.009817701420650193,,0.012883918906491099,0.009536099278244281,0.009277126797170965,0.010924444293449964,0.003783655949823661,,0.0014386248926478995,0.0031156791990623045,0.010342109561251034
2014-09-29,-0.004166801299315903,,-0.002283055077324403,-0.003434945039137216,-0.001500941675275591,-0.00025084145557019433,-0.00022178279333262552,,0.006466024037171669,-0.002173816743039514,-0.005192305729268321
2014-09-30,-0.011954251587638298,,-0.012531691106931087,-0.001722799155919441,-0.0015031100070181935,0.0030165650727242976,0.0004432070691984258,,0.0014273943980924741,-0.005446773850146691,-0.00551710696824359
2014-10-01,-0.023593713764751167,,-0.02041460096507486,-0.012085284448167366,-0.018814518961060234,-0.015539077746754892,-0.006206603074837003,,0.005701895964059345,-0.010483648843442217,-0.013345598136269121
2014-10-02,-0.002478366719335545,,-0.005181960713410705,0.002621275455686023,-0.0011504099316484995,-0.0005089752642472023,0.001784488643818527,,-0.0014176029474313179,-0.0020555133659498903,0.004559172260206745
2014-10-03,0.0028985455507191116,,-0.0015854242061638102,0.01437907027565477,0.01363025493079495,0.008151090474098899,0.011801006167149186,,0.006388074451287196,0.02059885285845331,0.012859431958932355
2014-10-06,-0.00020636289889741644,,0.001134272971013539,-0.003006798146211409,-0.0030304364617012025,0.00025217216955519817,0.00044013346143256804,,0.0,-0.00465756819227281,-0.00537749650549979
2014-10-07,-0.017550796569930416,,-0.013027981821089107,-0.016803316634988796,-0.024316028119920174,-0.015660535556363042,-0.005939244343578176,,-0.0014109270273935381,-0.01591017638324077,-0.01486712601175788
2014-10-08,0.013030182290476588,,0.00975632521901626,0.01884324426131645,0.017912674199069167,0.018988955684811515,0.014605097502947917,,0.02259936150699815,0.02551902573355691,0.015701135157258683
2014-10-09,-0.024481315183406127,,-0.036717160274031935,-0.02107530658835799,-0.023144795226194614,-0.01662057909235215,-0.010032995099488518,,-0.016344803052356305,-0.020711072377493367,-0.022662009635572633
2014-10-10,-0.015312141398635126,,-0.014042790926509174,-0.007908233673947995,-0.014685466878146869,-0.025608280020984697,0.004847028946572518,,0.0046809161866914195,-0.0061549337555772965,-0.008753274453154658
2014-10-14,0.003103518573967623,,-0.012597651961879786,0.00402177389799907,0.013928466682668894,0.0015945746140377803,-0.0004441765974698697,,0.009092891602641817,-0.007482085748340195,0.007273916768632427
2014-10-15,0.006850989108046379,,0.007629784475107204,-0.019136746609908717,-0.0023888595014229796,-0.006899286418649453,-0.012010698884906579,,-0.013169970931233843,-0.008194294502879895,-0.008320372806618348
2014-10-16,0.0098767111593685,,0.01787516400069533,0.0,0.007383420015610431,-0.0058774356998587685,-0.007429248386910836,,0.0009365314500373589,-0.00512207510012308,0.0011082044949697334
2014-10-17,0.013257971465301832,,0.008536543611891823,0.012703923645882353,0.019809750555105143,0.01182483812603663,0.01224770067214398,,0.005848198070687927,0.01594405579490199,0.011068682439183242
2014-10-20,0.01523002434740861,,0.008706305102078593,0.005824665089548375,0.002914046487351385,0.00717148777932608,0.014339885854250056,,0.013953098771860795,0.012097360425266324,0.013919316682306393
2014-10-21,0.02155054813473889,,0.030448560020691184,0.018707967537819892,0.02227345173402906,0.019514757417314454,0.0041970264359532106,,0.00344027223467247,0.026490444982668615,0.01943537967397524
2014-10-22,-0.008066203416050577,,-0.01896261770976293,-0.009182045000599826,-0.013072821694189107,-0.004655823011582405,0.0022000390428187355,,0.006171284310736436,-0.005035480612306298,-0.008624413114797003
2014-10-23,-0.0008342121873077257,,0.018617553284862254,0.009708513731399027,0.022077298698966352,0.01117450271884346,-0.0006589698297180258,,0.001817509861189892,0.01708031259878595,0.013583455408381573
2014-10-24,0.007512778760595085,,-0.0034926027923547487,0.009615608112494511,0.00882770502338337,0.00873766562817968,0.008346685828496403,,0.00975097983225437,0.01399500213135818,-0.0009032767290344523
2014-10-27,-0.020919755750334,,-0.021028230825290373,0.0012985971813144204,-0.0003720708565050357,0.0010195083825255136,0.0023960072603832483,,-0.002245881656358195,0.0010732314662547093,0.0019594451406563795
2014-10-28,0.009943072142598375,,0.022792333760110806,0.01080833936180814,0.017694058556057657,0.013744062493152853,0.003911275917365176,,0.006977540123605408,0.007352596081181995,0.010830312454146451
2014-10-29,-0.01235874792191538,,0.0032666899769175917,0.002566710645520942,-0.0034770789660094614,-0.001004552192553687,-0.0017321296164061195,,-0.005811858990427021,0.0004564185179261049,-0.0029762121347458592
2014-10-30,0.007635061163078216,,-0.003604568732195279,0.005545979795224865,0.004039990102990831,0.003267638278274365,0.006288454790556175,,0.022032465349013153,0.018391674664057334,0.0065671604385004745
2014-10-31,0.018733073040585912,,0.02030779462346577,0.011455119646370582,0.009877550985483374,0.015531292138263098,0.006464013992323547,,0.00022042248770759443,0.004030167694214715,0.00978621464448337
2014-11-04,-0.010403811312409306,,-0.02057217220589891,0.0004179529377241753,-0.0005442261130124137,-0.00024549465778078705,0.005331922354574026,,-0.0052438712636982965,0.0001483888774671538,-0.012040990997059575
2014-11-05,0.009671758818747378,,0.017562728937245087,0.0066832426159557645,0.00616944367460559,0.002702285411073202,0.007000359578326343,,0.02262254254064988,-0.001038772298606494,0.004013180264287097
2014-11-06,0.00812193708004827,,0.012594952217593658,0.0016593575844341402,0.010459734459782766,-0.0004897863379380585,0.0021063408639567793,,-0.01696718721937307,0.006092774797509692,0.008438005968992579
2014-11-07,0.004751265732798382,,0.011055804290416527,0.0004143772767339904,0.001428245463857447,0.0012256015303735435,0.003573891793626327,,0.010487022759190667,-0.009896413456244257,-0.001614574498566279
2014-11-10,0.0026723749809456354,,-0.008998725391854756,0.005383233222136408,0.004989687146199184,0.0026935578032603047,0.00439880641432544,,0.004973148134187921,0.010144565480751488,-0.0005883567220933417
2014-11-11,0.004920964629277602,,0.00298874290431983,-0.003294708854186812,-0.001240855143144648,0.0004882184614876106,-0.0018768696997200074,,-0.003657743681048098,0.0036922329935307197,0.004266728470091463
2014-11-12,0.002448629119521595,,-0.00882455374209079,-0.002066508879623008,0.0014204753102087242,0.003173204712769051,0.0,,-0.017490826812786353,-0.0014713792375040669,0.004687903584428943
2014-11-13,0.00020365961410329092,,-0.013296380603962321,-0.000414205639329035,-0.0028371696680046243,0.005352717080997271,0.003552127773717384,,-0.008131929661970072,-0.000736976455413596,0.006270405321296968
2014-11-14,0.003052127804745064,,0.010194842527248227,-0.0033132773850973463,0.001244829809905923,0.007018474908658812,-0.005621765747464091,,-0.004210195521550553,-0.008258140654206714,0.003912071394832628
2014-11-17,-0.0002028042177446565,,-0.005219825615660589,0.0,-0.0014210600164004106,-0.001922528386332445,0.006700270469633729,,0.01312883509788465,0.004906977553079006,-0.0011548304922226471
2014-11-18,0.01197244413393972,,0.0008162134754334804,0.0033242916855606985,0.007469726224288875,0.0033707475011919286,0.003743804158377717,,0.002854815742404204,0.016128974242085148,0.0018789333757267546
2014-11-19,-0.0014035029081411743,,0.005242797498433482,-0.0020703856692093625,-0.003001195028049186,-0.006479323089855993,0.00414436194094292,,-0.0008756036723044369,-0.0055336586653443876,0.004182468041288745
2014-11-20,0.005220928379419565,,0.012517722341125692,0.0,0.0026558264729728,0.0050725264888988875,-0.004333556177440578,,-0.002192161212310806,-0.004246527767749919,0.00430957476765359
2014-11-21,0.012185168869927931,,0.013049405051192897,0.004981279747972911,0.009712456664714653,0.001441738757105293,0.004145220640235481,,0.003954896950195241,0.004705953610362856,0.0024310643440719204
2014-11-25,-0.0035686706780063693,,-0.01628374812645572,-0.000821051259571548,0.0029655167292954587,0.00047705429353572804,0.0008260907674411122,,0.0,0.0013108968947233013,0.003109856365906438
2014-11-26,0.0007957510894402997,,-0.012616937562257236,0.0012321128211623122,-0.001913295450875263,0.009067217045562792,0.004539748976210234,,0.004412738291108331,0.006107797859619346,-0.00014076085511349756
2014-11-28,-0.02266363512313052,,-0.06424407665253062,0.0008202392245528767,-0.008363707529684294,0.004729245111544378,0.01273623130075241,,0.010544984630868504,0.0062161108918117325,0.01212128901417886
2014-12-01,-0.010374453272967266,,0.0035079654254142056,-0.006966853860516875,-0.012827153993085982,-0.01129678367535003,-0.006490970624205117,,0.001956754221774659,-0.002442554087573545,-0.011001254985832709
2014-12-02,0.005960560782223512,,0.01086162096591603,0.009491801583543902,0.008544008835523309,0.00023779384729749609,0.0034710085399765056,,0.006725755983406856,0.011088848635161908,0.003801535994820915
2014-12-03,0.014712399340747861,,0.012226649828746217,0.004497273092749721,0.013413292737728844,0.003570323602500425,-0.007121302751147418,,-0.0028014061700515347,0.0015667011432809463,0.0016831931461553928
2014-12-04,0.0030203609849801527,,-0.008662810992293046,0.0012210805784609313,-0.005050681564205628,0.0,-0.0008197638337127389,,-0.0008647121269260705,-0.0012796811676327735,-0.0005597983683485186
2014-12-05,-0.0008030362868356455,,-0.011937888178792821,0.008943120176991615,0.002275648392344065,-0.001186115710426927,0.0018462195649204816,,-0.007787244226254875,0.007973577361607642,0.0022412966023939163
2014-12-08,-0.015872977683421996,,-0.040483796566539665,0.004834774034887301,-0.011002587705234324,-0.01020901505829741,-0.0020473639266875843,,0.00806633479478891,0.003531328489354113,-0.00810808897631321
2014-12-09,0.0026539226745172506,,0.010904834916800832,-0.0024056976290711685,0.00017669074831871967,-0.00023972394535087815,-0.003281995627457124,,0.004974104732393458,-0.0042225662960921895,-0.0018320396313449283
2014-12-10,-0.02056571190818335,,-0.03082050165265937,-0.012862065567331271,-0.019067832305751153,-0.01511514174101869,-0.00946733745258721,,-0.012481352290646508,-0.015408416198663843,-0.013273621094163857
2014-12-11,0.000831186491581537,,-0.0006623767638672673,0.002443391979382259,0.004859746798098641,0.004384859746763947,0.008311435648094001,,0.010023845788460495,0.0028713540030345097,0.008157156651791952
2014-12-12,-0.027835203765579353,,-0.018562777360315197,-0.01949678345745154,-0.018090920379439046,-0.014794469498648488,-0.01277601917671145,,-0.009493288514280662,-0.015318719868864794,-0.006387770765369116
2014-12-15,-0.005341906037515276,,-0.008916702016674494,-0.009112878459176965,-0.003283138644704975,-0.006155481059069379,-0.006679185278937627,,-0.008494579148333181,-0.009159468997927855,-0.005999897247424113
2014-12-16,-0.007733986427349793,,0.008860509797696148,-0.009615662470831121,0.0009152010180391024,-0.013375837133186574,-0.0037821353252478485,,-0.000878477323663307,-0.011592442952057191,-0.015378041551885713
2014-12-17,0.027279105569368856,,0.04148091033940271,0.022794744717429927,0.009325060661093065,0.018829538705815052,0.014553698458457776,,0.01780984724680934,0.018705799748450325,0.019121333356411085
2014-12-18,0.022760767507280955,,0.019200892526087365,0.023111443311109037,0.025181426932837203,0.02858574792881985,0.01912703297606999,,0.019658935457596005,0.027397165966682513,0.016471080169781604
2014-12-19,0.012316960692535517,,0.03195602522838925,0.000648729132731285,0.005615113589743759,0.001108088691485598,-0.0010273819674395668,,0.0016457937336997741,0.0024203072384316737,0.0027306071492403383
2014-12-22,0.0006142242041191626,,-0.01017699199274169,0.006888380637620539,0.009542321224198735,0.012027714222907493,0.009666880775698106,,0.002560794777790365,-0.0095157885391286,0.009735889060464409
2014-12-24,-0.003453163067784759,,-0.007308869051299127,-0.0016006081203170375,0.0010465250985924879,-0.000948004948424841,-0.0010111720336341001,,0.018471216074393615,0.007337830092205344,-0.0016671653708741907
2014-12-26,0.0034651287223137484,,-0.00024970970878268606,0.0,0.0,0.004270998793700853,0.001619678555942583,,0.012090774231579227,0.0071385831401376,0.005428715547543872
2014-12-29,0.0,,0.0036198542588754545,0.003607488598533104,0.0015678223785127177,-0.004961846215228771,-0.0030324000191482847,,0.011534391261572186,0.0034719750306000385,0.007614179577639879
2014-12-30,-0.003453163067784759,,-0.007960209955728659,-0.001197943493870146,-0.005914026608183964,-0.007124642319974783,-0.004461683779017789,,-0.020769617002216356,-0.00432500206510833,-0.0046713226717142176
2015-01-05,-0.025488097003812937,,-0.04136823918128818,-0.02102678260155788,-0.023358752988126508,-0.015265313242508571,-0.007032075389280301,,-0.012225853237221251,-0.005099788545840256,-0.019126010369290958
2015-01-06,-0.008859098647301278,,-0.014690124338369914,-0.01528340019492147,-0.012320895701024792,-0.012056494056635225,-0.0012497427658075821,,0.0006401406265388321,-0.003368297911996554,-0.009962973009346898
2015-01-07,0.011279262871662477,,0.0021295744643927694,0.010487152175736592,0.007521332102534695,0.008467730016231911,0.017101296536196076,,0.009810216199402921,0.023512256802087794,0.015813261969954473
2015-01-08,0.023779317484728724,,0.022449949018883864,0.014943770396734335,0.02002943689342107,0.0219805433629916,0.015172773772246462,,0.006969367561902917,0.017085071996088663,0.015001860937070344
2015-01-09,-0.0051389651470818976,,-0.0079253009158049,-0.01349730418327455,-0.010710597068143812,-0.003141475226344448,-0.00807888900789977,,-0.0062918859838352326,-0.008893281014856314,-0.011572736869551736
2015-01-13,-0.01118240936266468,,-0.00795554978246027,-0.0033447749057621268,-0.0019988887831499103,-0.000735326890976884,-0.00020440557198930787,,0.0027503058677682546,-0.004413581799039723,0.0
2015-01-14,-0.011727727878196426,,0.003126274885115965,-0.01426163918591683,-0.00546144053274511,-0.005645780721154958,-0.0030642031577872153,,0.00864999462676197,-0.0015726625031765584,-0.012054708009039516
2015-01-15,-0.0019069263405575576,,-0.012737494666566263,-0.012340421093833043,-0.0047591385917424844,-0.012836731185325134,0.0016392437661214565,,0.007948051557783886,-0.010742325554607302,-0.012919735491306095
2015-01-16,0.01592333387027911,,0.032528193078860346,0.012063831909768119,0.006621041113733295,0.009753203733432025,0.0079792158944465,,0.008922984389492239,0.018821784375869344,0.013234068729305548
2015-01-20,0.0016722293250992504,,0.001195943202577654,-0.004257289712542134,0.007126217592764217,0.008419391936512977,0.004059170540068324,,0.0024682085647989016,0.0,-0.00574113729290171
2015-01-21,0.009805500732979366,,0.020313719077288406,0.0025653936532457067,0.008163793367541139,0.0017198267767495334,0.004851126275037032,,0.009642631956169101,0.0019892024741618997,0.006496082086267396
2015-01-22,0.012603409044196878,,0.004684389209823392,0.02473346399634413,0.01601572944128793,0.016424715568463144,0.010058261875479868,,-0.0042672200287954265,0.011913659072244398,0.018789549149356155
2015-01-23,-0.015506921256858042,,-0.007123131393746207,-0.010820128480813707,-0.00832415366476813,-0.00024085498170811626,-0.011152779451199413,,0.0028571158845092093,-0.00574666376928612,-0.0014078788914703155
2015-01-26,0.0043523355725703095,,0.014349161361831175,0.005048521877757173,0.0012498029917340503,-0.004101499366200523,0.0,,-0.0006105502372208971,0.005215733658568311,0.005216672303367309
2015-01-27,-0.006809900516697165,,-0.0006436803861750162,-0.010882874671146237,-0.01319985993258821,-0.028827262218897087,-0.011480646634809522,,0.001425524490286989,-0.0071518444481680765,-0.007994573327775423
2015-01-28,-0.0180760774982045,,-0.03937655857131006,-0.018197566043510194,-0.008676985307423557,-0.001746310452878208,-0.0116134617005621,,-0.008540086319318574,-0.014406723542117583,-0.013007264422973175
2015-01-29,0.013119027020603191,,0.003348928212586477,0.008189676708275417,0.011488263498196316,0.009495391078323534,0.0080394404111781,,0.013330863022176453,0.008455178093430105,0.01360868105809021
2015-01-30,-0.0039681490354746,,0.008677993333162881,-0.016246054905957874,-0.016225151706430352,-0.012376473348050476,-0.017995850610690645,,-0.022060482140670024,-0.015632184624587597,-0.010882205633158226
2015-02-02,0.009016578083809623,,0.030575932075312062,0.01607988841646657,0.01484336333864511,0.010275745749083187,0.011869923478385225,,0.004345815944231779,0.005630550325224526,0.009001563039482852
2015-02-03,0.022028484514095004,,0.0273566292127001,0.01668064711328099,0.01625152181885481,0.011411477868941589,0.008849632962349308,,0.0037092354996164367,0.0067471288541223196,0.021240479652555377
2015-02-04,-0.006507055375008175,,-0.01650201986911992,-0.0025233511422981802,-0.007640859438817871,0.0019626488914328277,0.0004083107192414115,,-0.012112554449180135,-0.012548154809792655,0.006655298811371058
2015-02-05,0.024150621665750993,,0.014364062392562715,0.01012167449783985,0.008594979508495415,0.009302139466535797,0.005097838306750591,,0.009143720282908996,0.016895004196432417,0.006198597075874002
2015-02-06,-0.0023980432134786955,,0.000250150948060357,0.007933033695528113,-0.002308126554372514,-0.0031530091451285047,-0.004463908697473595,,-0.041186222008242956,-0.00908798016946144,-0.0015058835301393625
2015-02-09,-0.0012018561502616931,,0.0010023489389274776,-0.004970902731989635,-0.0026689703659448227,-0.001459797189628853,-0.007539800483804648,,-0.008805584257107757,-0.01175139765996247,-0.0038386919777919637
2015-02-10,0.007420953154833487,,-0.0005001927310883669,0.007910515630642045,0.005531158808726788,0.014863268480544756,0.011704391656515378,,0.020585145723940546,0.01682140051794856,0.012248511598652145
2015-02-12,0.017148485051535323,,0.013114713611899198,0.00991317382706769,0.009400306283666726,0.013633250424310406,0.004646321683523302,,-0.00455730712137703,0.003561856785245787,0.011825892770839452
2015-02-13,0.008429732833427295,,0.02116015489995826,-0.0008184508541489999,0.0045684714898637235,0.006371246403928499,-0.00462483322064744,,-0.015260195145320843,0.003974970285355317,0.006044219443678944
2015-02-17,0.0011666201548439226,,0.0030472637218363907,0.0032749506815821228,0.0013998417082039527,0.00046867697626895577,0.00020176245131553472,,-0.0008858359559519302,0.00721150988173358,-0.002269625370818318
2015-02-18,0.0027185104182145814,,-0.011908940963827885,-0.0061200617723662365,0.005589020704605874,0.0009375261393229639,0.005453510882903911,,0.023709237877043154,0.0011230549661180866,-0.0005350407261972556
2015-02-19,0.0027110479836967016,,-0.004673744051898576,-0.004105007221048562,0.0017369979678327763,0.0035118701965870525,-0.006428199553503378,,-0.01125553945299107,0.0016828849346168795,0.003079573875896635
2015-02-20,0.0028968473597499322,,-0.004818728065712596,0.007419588831762747,0.008496749371060153,0.0051333328667499956,0.00283088794450137,,0.0002189716932028407,0.010499688227832094,0.0070748176580930355
2015-02-23,-0.001155520269633059,,-0.004097550785972404,-0.00245517795969874,-0.004298562280323992,0.0006959983676280146,0.0028224842377102544,,0.006784968871257568,0.004572057240265215,-0.0009275566594523221
2015-02-24,0.004241380924109084,,0.0027430379178035036,0.004922086575832818,0.003971872210879468,0.0030157104345194252,0.003417421013006461,,0.0073909969037859735,-0.0012414329687011616,0.004776468370893294
2015-02-25,-0.00287969929415155,,0.005470481746077338,0.0,-0.002064009827749569,-0.006244025421291988,-0.0034057820219588475,,-0.01640001343502928,-0.0004139888217339349,0.007658718916581542
2015-02-26,-0.006353543365966718,,-0.018548102557848223,-0.002448812613638718,-0.004481390942932095,0.006283258245505463,0.0014074757421196349,,-0.006581948793652703,0.0027623310210593832,-0.0031452757043971546
2015-02-27,-0.0023250936733029137,,-0.004410202082670067,-0.0036825309781872706,-0.0046743946404849135,-0.003469327513284326,0.004015164589511011,,-0.001104710352012761,-0.004821266349785525,-0.0013142038375704157
2015-03-02,0.006603380190395303,,-0.006960046582459967,0.007392402688960242,0.009219052341360667,0.007890896921760149,0.0017993887579565992,,-0.01923430250837166,0.008998115930523687,0.01197819213374185
2015-03-03,-0.0054025873461909235,,0.003695658351303921,-0.002853942870361892,-0.006377052584486731,-0.00667766831958394,-0.003792578341862418,,0.006086197287256345,-0.009054978288351556,-0.0027313333752658764
2015-03-04,-0.003491838757157306,,-0.0013969188692797285,-0.006132101773226317,-0.007805763037987523,-0.003940320683514131,-0.00701259124990683,,-0.005601559644919263,0.0048456101908318505,-0.005217361389209696
2015-03-05,-0.004282294343177839,,-0.005975829970968238,0.004112974670144265,0.0006992283034084057,-0.0011635738359481174,0.0034302467819251614,,0.007886052851514336,0.0035818818428521304,0.0006556047538521792
2015-03-06,-0.013489774492986717,,-0.017907145602031993,-0.007373643577144429,-0.013627049988008899,-0.01234889901467684,-0.019505022018730722,,-0.029957185076163406,-0.019631668760225263,-0.011923714609695879
2015-03-09,0.0013872701293302647,,-0.007163253116924895,0.004539972284153482,0.009387155165098138,0.004718286784089587,0.005537181718501261,,0.001843850530836022,0.006161552228926448,0.0057022046863559606
2015-03-10,-0.015238360064893874,,-0.013905442526518152,-0.021364105109589415,-0.01842397499360282,-0.020427707355632485,-0.014277009764083304,,-0.0018404570032136691,-0.011134339583906083,-0.015559135991503936
2015-03-11,-0.0012061986558489224,,0.0029268748985222803,0.0062969191961042,-0.0010727161872373658,-0.006471414134867293,-0.00765556152441238,,-0.006453226010972757,-0.0005630787072767873,-0.005491289304806912
2015-03-12,0.012475242347501858,,-0.006367094827640196,0.02169419014616092,0.0128846695582856,0.006513566118716341,0.01459542541468295,,0.019021244297587447,0.01323784195736688,0.02033684108366729
2015-03-13,-0.009538985303042424,,-0.0037376562806744618,-0.006941702088680168,-0.0091869053333955,-0.005512643661871763,-0.0078096239175093896,,-0.010243099322800653,-0.0019460280634254756,-0.007919305999189441
2015-03-16,-0.0016050786457021404,,0.013533281644731554,0.012335156197017305,0.016583267292354043,0.011810121437424659,0.012220786776832915,,0.01724894848326808,0.022141853355226893,0.011707943643880725
2015-03-17,-0.011052931077081829,,-0.003833694492029638,-0.0024367600109950205,-0.004034166347899881,0.00023807857027757784,-0.007161509359331686,,-0.001583113001957459,-0.0028612218679304746,-0.005523577367377852
2015-03-18,0.015240579642859187,,0.029064090700561707,0.005700327358201918,0.011799565906531972,0.013575013394555802,0.006800964495820239,,0.02694770764590415,0.01298027896904741,0.008860000973451188
2015-03-19,-0.017213890277467003,,-0.015862884450313808,-0.009311785223065638,-0.006788417375200306,-0.0028201533969778314,-0.004503488790584043,,-0.009261093190365166,0.005799628109333099,-0.001441477841317429
2015-03-20,0.006439816876583793,,0.014710893372363865,0.013577186377022432,0.0056514930807261,0.0064591441920762716,0.01253778560427632,,0.008995008761844003,0.007234557924077345,0.01112891200956434
2015-03-23,0.0,,-0.0035105323970999747,-0.0056658136072300636,-0.008403537100915348,0.0,0.0016344710759998993,,0.0006670284013767791,-0.002803462495202136,-0.0016927706818876675
2015-03-24,-0.0032502104343661298,,-0.006654527401188548,-0.008139622165887594,-0.0033542413752284395,-0.003290674928297599,-0.0057119359023928284,,-0.011108189971036464,-0.00870278133313973,-0.005219866137733953
2015-03-25,-0.011208353638496704,,0.013004243547518834,-0.01600367878440745,-0.017006308041532803,-0.02570783154675249,-0.002462184491876962,,-0.011682915026474672,-0.018233156237667747,-0.016264499479015426
2015-03-26,0.0022674132519704404,,-0.0011673453578895376,-0.0008339049633456774,-0.0027032723990673135,0.0007264246585692025,-0.004319222951751134,,-0.008411311486909656,-0.0023389781165029655,-0.006265948225946172
2015-03-27,-0.00041128885524188696,,-0.008178229247816526,-0.0012520812568724837,0.0037947561711018096,0.0007256878848771464,0.006197055096926585,,0.00596042971838151,0.007170304213251377,0.005098034695406595
2015-03-30,0.013576946173322613,,0.021465614485999707,0.014625927513214121,0.014041584014645725,0.01208599251227982,0.010059844224706849,,0.012306634421586304,0.010131802207286489,0.010278990353827622
2015-03-31,-0.009945209724624093,,-0.005894202566354756,-0.007001735111788365,-0.009941609689148478,-0.010269999960705767,-0.00934973161554331,,0.0002250039840656637,-0.017348856818197866,-0.004360476665836499
2015-04-01,0.002870364843901907,,-0.000258064964399618,-0.0008289915780651524,-0.0066343731017664,-0.0014476647160037714,0.0012309358240700785,,0.0009006034243468353,-0.010068923332048119,-0.004379459681938536
2015-04-02,0.0010223208495878655,,0.00206286187618665,0.004980997867876091,0.0005418671573755862,-0.00024169700173315434,0.0067624485796442535,,0.0017988576070337992,0.0030651537554671204,0.008930971116857034
2015-04-06,0.007963867310902373,,0.01801346758195521,0.001652558356597389,0.00757693596097786,0.009668752147410808,0.007937879105136103,,0.013917113275735415,0.0015278303505077417,0.00475635782347994
2015-04-07,-0.0016210170811046254,,0.0006322718108227043,-0.005361035630540911,-0.002327596091687978,-0.002154341172637686,-0.004644401525498609,,-0.011512629010228093,0.00235773974762421,-0.00552266502222154
2015-04-08,0.0028410490500967445,,-0.008084087415957564,0.003731206850328128,0.003409788688835569,0.00311819828845028,0.0016228652202081584,,-0.002911436461028316,0.00844084823497493,0.009387814447370246
2015-04-09,0.002832808458434144,,0.01604492728861251,0.001652558356597389,0.0048292542657446536,0.002631325238323212,0.002835875920287778,,-0.0042676571936166585,0.00754692631664633,0.0009168162809103375
2015-04-10,0.002824710644881101,,0.00438660776440658,-0.00041284298248667195,0.014061904756409893,0.0038169243765402427,0.0018175850869530663,,0.0074440440582850265,0.008579309980189631,0.003402840887562819
2015-04-13,-0.004023961730383663,,-0.009982835661087153,0.0037126179829036765,-0.009478799334744714,-0.002852013926808228,-0.004637013390783928,,-0.00985235522354,-0.005400775093921006,-0.005478341379819951
2015-04-14,0.004242728519881611,,0.0180236897169046,0.0,0.0012404581875244958,-0.0030979082644387868,0.0022282617591922182,,0.004974920257432736,0.0016289810652911907,-0.0005243525952355332
2015-04-15,0.009655713305518399,,0.02389531397111,0.0036993577279276213,0.0017700749802713744,0.008845343122160454,-0.002829673617327666,,0.002475936244717536,0.0025750665275443563,0.0
2015-04-16,-0.0021915903659965874,,-0.0022976753103023384,0.0016382297848431815,-0.0021202059240595927,-0.0035547003928361187,0.003648210898420823,,-0.006509528552326227,-0.0005405744726503237,0.001968311991823235
2015-04-17,-0.00918537528426755,,-0.007271554941071345,-0.01349147020429109,-0.01204000024595353,-0.013792494897636676,-0.009288905689704863,,-0.0036155785913926097,-0.008657013123063217,-0.014798086609302707
2015-04-20,0.007255113172884853,,0.003784656080492832,0.004144081014408663,0.01164916043791453,0.017120211697152943,0.003464729851979209,,0.014966353132053634,0.006140141716622027,0.011032340940331009
2015-04-21,-0.0074031352535380845,,-0.010581581880538371,-0.004952635010966877,-0.0012401825715426806,-0.0004740206310859252,0.0018283362697457672,,-0.008936197804749857,0.006645239910865408,0.0010522284121776693
2015-04-22,0.0020162043800784346,,0.006637933952690522,0.007051105081816722,0.004256712561971243,0.010199049578467845,0.0006082301307024363,,0.0020286873048716014,0.0016162879888912407,0.0009191115285311913
2015-04-23,0.002614914139375868,,0.006838430322772204,0.0016476758789882862,-0.0010594834316991486,0.003991912889523608,-0.003444679655915217,,0.005623793021870771,0.003765845368667309,0.0049861048062727065
2015-04-24,0.00842699943105818,,-0.005700385800769148,-0.001644965508997287,-0.004243329063615353,0.008652961739364917,0.00020318271355379558,,0.010067135172575625,-0.0032161063229900755,0.01357870219516255
2015-04-27,0.008754528830828168,,-0.0010978562179286833,-0.0037067383033765333,-0.0003550970819307109,0.0027821796748999095,-0.005488745282334562,,-0.011959870660465888,-0.018147558183525203,-0.008759516986019622
2015-04-28,0.0013806447485646967,,0.00500699283287398,0.005787252558494771,0.0017759516100273043,0.003236653833305736,0.0010221441004996112,,0.007173275016090885,0.0049291770810981905,-0.003508355132397001
2015-04-30,-0.0063065976109616395,,-0.003135140817131732,-0.007812582131630053,-0.008731092211631042,-0.01389549272337065,-0.003297084016625429,,-0.011622741922412305,-0.014024212481589804,-0.01116101391119495
2015-05-01,0.016461401124944874,,0.002298019088837089,0.008702939191453485,0.012583386001681296,0.012212417815503862,0.009097000804799693,,0.005654145477892225,0.013526595282286502,0.013809834469294513
2015-05-07,0.0043532017396294975,,-0.01082139871939003,0.007012933544173761,0.005213146785416178,0.007361586867732806,0.002467142128808275,,0.003673247452337769,0.004726473209673676,0.0051728626663696264
2015-05-08,0.01595748059741653,,0.016409965055657727,0.014338679906547469,0.011802852932313757,0.014379808498527158,0.008408292087038749,,0.007090631127552038,0.016186810315180544,0.010687171381721816
2015-05-11,-0.0046540961811603054,,-0.018835743934095484,-0.0036347629433318707,-0.0008841950060822779,-0.005112635036522262,-0.004067272335033123,,-0.006813833718396278,0.0005445876315202103,-0.004438425606603569
2015-05-12,-0.010520034013966839,,0.004612301945421393,-0.0036477897486930644,-0.0010614979087860688,-0.005372633057444842,-0.002246566163319641,,-0.0011429567704522858,-0.006395390799605938,-0.0018361191297613377
2015-05-13,-0.0011816728947933175,,-0.0026056053922994815,0.00040659908325291205,0.002125579764139518,0.004227531831557441,-0.0004090269288891113,,-0.009844396577033732,0.0010958387769042233,-0.0063057977269197485
2015-05-14,0.010447702181320073,,-0.00037321217155683595,0.00894680132839265,0.010072101857897087,0.01613644012913551,0.015356441849504243,,0.011560219874581668,0.01381601770123897,0.0044953248281061065
2015-05-15,0.004877151705662053,,0.003982683490235672,-0.004433675041990881,-0.0008747374086580662,-0.0032219549715502005,0.0032261969198772444,,0.01302898530065244,0.0020248472510351334,0.008028010863062596
2015-05-18,-0.004465279428396918,,0.0008674314463690269,0.005667640252609019,0.0019261395690655103,0.004848654249025586,-0.0032158220447017216,,0.0038356476808421025,0.005925303656394876,0.003786642827458664
2015-05-19,-0.004875064959563469,,-0.014243284810979917,0.005636393032276921,-0.0027961759079742077,-0.0025274356849445123,-0.0026215860728985296,,0.002247592203589388,0.004684882352715025,-0.0002598042874747408
2015-05-20,-0.0005879183203321148,,0.0018848780059752546,-0.00280211357978577,-0.0036803679329195926,0.0006907842735368597,-0.0022243092284118804,,0.001569810521987014,0.0013324436208463908,-0.001171602684738371
2015-05-21,0.003529399076108275,,0.009405557453330271,-0.002409120846183832,0.005452896147036368,0.0043736745893212525,0.0022292678093729368,,-0.0004476502232235724,0.00013303673942344219,0.003907796984345957
2015-05-22,-0.001172390509251331,,-0.0036031997642659297,0.0004025283217747866,-0.004548585919498249,-0.0006873013874137968,-0.004246174974265715,,-0.001567991538675928,-0.0023945246597237846,-0.0016869617055010888
2015-05-26,-0.012519991785303608,,-0.015835315176862985,-0.011262675782502618,-0.010896290378509144,-0.014449512108389073,-0.0079188498492897,,-0.006282603457276381,-0.0101365083007664,-0.007148261326678007
2015-05-27,0.0065374727683582545,,-0.0017739247682788672,0.010984018867880474,0.006396455160638803,0.01885012057846236,0.006344702555138859,,0.004064642940197372,0.011587469579607435,0.00746187248678698
2015-05-28,0.002558864427500973,,-0.003934154520418343,-0.0012072381574653734,-0.004767013931355146,-0.0020556305893577598,-0.0014234988010708438,,0.002248541653449454,0.0006659251583149839,-0.001689484285898435
2015-05-29,-0.006478341283989608,,-0.001147041560024431,-0.008864012000166621,-0.009933983731769902,-0.007324085247449097,-0.006313481596806891,,-0.0015709385931044206,-0.0025288558501217473,-0.006897962926104895
2015-06-01,0.0003952919501357677,,-0.0025510696015738077,0.0008133550445996729,0.004479481956499054,0.0027664842509462773,0.0,,0.0013487500931281815,0.004002893417596631,0.0028830618147999143
2015-06-02,0.003160243142886543,,0.006906351107904829,0.0016251547064902727,0.0019620503417812074,-0.0020694376111402013,-0.0026646762416803194,,-0.013240553607750005,-0.006512275069506357,0.002221926329630586
2015-06-03,0.0009844006480761447,,-0.0068589805797785175,0.00851507346821001,0.004984964729746411,0.00207372906406067,-0.0006163754055246162,,-0.014783163707801084,0.0018724807449834735,0.007823744946049205
2015-06-04,-0.011801563754764932,,-0.013556800419753934,-0.008845730369940519,-0.011160248666490014,-0.009197235015517724,-0.007197049272508527,,-0.001384803224260378,-0.006943268488726284,-0.00711611023913139
2015-06-05,-0.004578154916547228,,0.007000886049640664,0.005679487370733316,0.0007162236943953904,-0.003249274997101148,-0.014291263771258889,,-0.012482758788547876,-0.00040347996414091813,-0.0028670911646775377
2015-06-08,-0.00359926694803403,,-0.005664364952632006,-0.006050915482560981,-0.0073395616389800855,-0.011175362670054811,-0.00042090319995369274,,-0.005851663031219978,-0.004977158168161577,-0.007056476964088065
2015-06-09,0.0006021716242419206,,-0.0001299586074628989,0.0024354039104967917,-0.00018037599375886337,-0.0023548359209785152,0.004835212880680562,,-0.0023553834484411063,-0.0002704412461463912,-0.0010531096754818892
2015-06-10,0.010428760546878246,,0.01230260208217282,0.014169856611527809,0.00992063193768944,0.015577028466054355,0.009832515481134507,,0.0049565686147070576,0.012306187058800377,0.010276776296555212
2015-06-11,0.0023822032942732996,,-0.004477516402144666,0.003992112335570841,0.005715205360678377,0.0004649587991767401,-0.00041444749652552737,,0.007984905944625309,0.006812190126034512,0.0033901859829590375
2015-06-12,-0.005940697439456688,,-0.0111794995426453,-0.004373965419481762,-0.005860266382472723,-0.008826993817644624,-0.003937514253856356,,-0.008853248771296007,-0.012339025466867826,-0.004548781914831879
2015-06-15,-0.00617531875020072,,-0.002339315848908341,-0.004393066316004557,-0.008395753485788582,-0.0060934305040664105,-0.007282723395686808,,-0.0016453321403591126,0.0012088119680648823,-0.004700242336616256
2015-06-16,0.005211531216152032,,0.00781569831462492,0.005616045132090575,0.0009005713656511372,0.006602033727348244,0.010898918407044489,,0.004708732667411342,0.004964409483443122,0.006034452932878631
2015-06-17,0.0041873595183714585,,-0.0024560375190931794,-0.0011968729359814745,0.0026997832522595022,0.0004688648581985255,0.005390811718992694,,0.008436907064694799,0.0009347916935498191,0.004563496486528873
2015-06-18,0.008339891465501736,,-0.0006475573725963635,0.00918491824034584,0.010052251928018396,0.008897161336482995,0.011136799897445426,,0.013246236021309254,0.014139461865909198,0.012071927307721664
2015-06-19,-0.006706244061639666,,-0.009279516452689984,-0.01669273188963416,-0.00485785349415635,-0.008322335957229865,-0.0013958414601925595,,-0.009650691555904922,-0.0007790320858970246,-0.0035121500603464417
2015-06-22,0.0037840934580459784,,0.012251749976153858,0.015359750094945612,0.006101938618918279,0.008227530605001476,0.003904580129691304,,-0.001402448513789123,0.007793095518308757,0.005551608207211789
2015-06-23,-0.0027777335514888035,,0.0032530713141163403,0.0019903121442517158,-0.002497609690212732,0.0006994448357606764,-0.004298776329513809,,-0.013573266139992102,0.0019657494875231496,0.003980644923635923
2015-06-24,-0.012733956682495662,,-0.006226299817948644,-0.00834338823243852,-0.00929876912061156,-0.004659605939478673,-0.004522962561248067,,-0.007829316892815186,-0.01007207586302672,-0.006906445855497267
2015-06-25,-0.0008059235763372419,,-0.01018130840084841,-0.00600909861801846,-0.00776165789405181,-0.002340961991906254,-0.0018586338686364945,,-0.006695646438340752,0.005549708041325374,-0.0007728789199370478
2015-06-26,-0.003832462322054253,,0.0032964769904799684,0.00322405821150884,0.0018188191581280932,-0.00844691421250654,0.0020689361800863004,,0.006018583760502683,-0.001445426123221849,0.003995854924109921
2015-06-29,-0.023283747327359716,,-0.018927025105312523,-0.024105945592382216,-0.01888484129850776,-0.021296773019640614,-0.015486496290905039,,-0.0052648932213122945,-0.02447693741392243,-0.022593074132260527
2015-06-30,0.003109353913498092,,0.006966397610175257,0.003705215303083209,0.0005549938531104193,0.0009669877731643961,-0.0016775016349654948,,-0.002645800270752341,0.003507131453167611,0.004465152856128807
2015-07-01,0.0055796250043285145,,-0.01277275150475854,0.015176411515025023,0.004994816225741827,0.006763936955293204,0.012814750992841795,,0.006029873495976057,0.010754690213106155,0.011375611047330425
2015-07-02,-0.003082710523112042,,0.004447642829312315,-0.004444608289136731,-0.0018406686858276622,0.001439499897880392,-0.0008294251892742022,,0.012467137137097017,-0.004655225916583294,-0.0019394696804801992
2015-07-06,-0.008245592150087244,,-0.013148975384230877,-0.004058517971736952,-0.0038724983034771343,-0.004073133418250552,-0.0008304283023891079,,0.00402555830388307,-0.00040047989627323144,-0.0019427948202787038
2015-07-07,-0.0033256588868459946,,0.00910921834727052,0.0020381693749405017,0.008144942654373377,0.0014436205667873736,0.020569211735699477,,0.02476399393577089,0.004811811945735434,0.008695464678759368
2015-07-08,-0.021897706029609276,,-0.020209875859680593,-0.017486997288084782,-0.01799472180772632,-0.016334548990601605,-0.011196911593965964,,-0.005293243197810216,-0.01716086417748286,-0.019042770867284342
2015-07-09,0.0029851272025505082,,0.005087790926578073,0.007864182206382075,0.002430625886165716,-0.003907097803120596,0.000823485241642663,,-0.011105859630714643,0.005413786876182991,0.004197805935382215
2015-07-10,0.014030084535930243,,0.005472471723240169,0.011909319182040745,0.010445979015735185,0.015935055155904765,0.011725892608115407,,0.005381486267501012,0.013462689468854538,0.014498130785298269
2015-07-13,0.010901791843432651,,0.007076205614125142,0.01217566999558084,0.011076379907556833,0.015202811633455937,0.009353339383737946,,0.00046529620651902803,0.008501779380468921,0.014420159887837958
2015-07-14,0.005599393866421609,,0.007161202636601027,0.0024057265857386767,0.002738401899240017,0.0038029794564933272,0.0016119788518469402,,-0.00139611070554857,0.010010436023859981,0.0012691673948863613
2015-07-15,-0.007836736553360368,,-0.01757456358167553,0.008399778138495906,-0.004187790822885451,0.00023699623500550437,-0.002614678428384809,,0.004892065993438832,0.0013042030136316551,-0.0010143074447930278
2015-07-16,-0.0024940479379168545,,0.0013652638316519194,0.00991648860728156,0.00457121385534931,0.012784050034561512,0.010283934544389917,,0.014835458638323917,0.004688352990371625,0.00609115455826581
2015-07-17,-0.0068769606621365,,-0.01213679775289822,-0.0027490023772636096,-0.0003641470936206481,0.015427654112565081,-0.000598500763653087,,-0.009822113076768169,-0.0022034888711155443,-0.0017660828073804424
2015-07-21,-0.006136319213247088,,0.0004197614061509647,-0.0011800938156580898,-0.01074085547196224,-0.006640634870000106,-0.0023925490395513282,,-0.009042194259818004,-0.0044033505830635145,-0.0031567311443952972
2015-07-22,-0.004257969221022728,,-0.008110734049593726,0.007483433763950886,-0.004416657092211951,-0.01613613327966601,0.002198614872630511,,0.004445009502171748,0.0022110585058650045,0.004814150697876718
2015-07-23,-0.014539708446877797,,-0.0008461145649459878,-0.00860056012436472,-0.009242046572283669,-0.002109062485167179,-0.003788671997640769,,-0.014907847715944,-0.003633667474515101,-0.005925779575725931
2015-07-24,-0.021913256000060666,,-0.019189663716651317,-0.00946387467457388,-0.013059562284039816,-0.0054003857447305625,-0.0056045239005932945,,0.0009458725672850665,-0.0250099555001565,0.0
2015-07-27,-0.011091321260477405,,-0.014386473526227572,-0.007165465306058327,-0.004915072374723772,-0.00897038437149189,-0.0006039671490674081,,0.012757118152996627,-0.0009352383680827359,-0.007482359805128902
2015-07-28,0.02086109221695276,,0.02860901399351823,0.00400935316953932,0.01937681565739724,0.009051580527997594,0.01127893367322419,,0.004665189697764305,0.018053181955149933,0.007794385788065128
2015-07-29,0.007251506387268458,,0.013622235378695002,0.00998426993167345,0.012299895079432188,0.006610238890069509,0.0033862537554478767,,0.0037149704974666076,0.001707438236595138,0.010270189804208796
2015-07-30,0.005017319922235419,,-0.006999483058935163,0.0,-0.0009205885693485127,0.0018763239496242257,-0.0033748257391148506,,0.00740225547692952,-0.001442334031246495,0.00363944290718643
2015-07-31,-0.0026048953467106006,,-0.02185250264374905,-0.003163545174671878,-0.0009215217351439264,-0.003277467862472405,0.001991369524802833,,0.010102768739066903,0.005778206168528532,0.0031265831961653223
2015-08-03,-0.007834479290033669,,-0.021043638284320987,-0.0011900376298771276,-0.00479533018511169,-0.005401654002205936,0.0013921120211910498,,0.005228632634321162,-0.0007833700708519409,-0.0033661040622765537
2015-08-04,0.004387271384116875,,-0.0033861929298718563,-0.0015887966606077386,-0.0005558847315371152,-0.005903029108854541,0.0,,-0.016055907770692435,-0.0005228935022827397,0.004253010987391281
2015-08-05,0.00502269459256266,,-0.0075342843861518904,0.003978596810227941,0.0055629643546342145,0.009738761258807793,0.008733197560909067,,0.0025280761385473305,0.008367348295800436,-0.010835694050991496
2015-08-06,-0.003476796178016439,,0.015927025579671072,-0.0035660939921702273,-0.005163189464303164,-0.00988006493630933,-0.007477447040465268,,0.005272859613202563,-0.02178179592409646,-0.013599073030145958
2015-08-07,-0.013955602929557998,,-0.017875126632643124,0.0019879377215958893,-0.004819413345103274,0.0007127391055368193,-0.005551090714716933,,0.012314788533539733,-0.0017226466125987994,-0.000765634426614259
2015-08-10,0.024546636647209574,,0.03192559450362542,0.009523623598719277,0.019556722080411593,0.01566960400748929,0.0037879173151647016,,-0.004055153853372517,0.008098912753158771,0.00804794679773968
2015-08-11,-0.018562396193808506,,0.0018796845381430227,-0.009040836839276811,-0.012239540457905762,-0.014960259355224936,-0.0035748793918380928,,0.004976519889195341,-0.008429295768043743,-0.008997527926272064
2015-08-12,0.0037386173510505216,,0.018181883846354108,-0.009123546191873944,0.0001850031078136638,0.004509067179311765,0.0005978669300046313,,0.01778088259903643,0.000664442288880629,-0.004348077006683271
2015-08-13,-0.002848488678286576,,-0.015164577271199464,0.0036034428903937155,-0.0007399607518340234,-0.0028354021844797517,-0.003984035281448195,,0.00022116108028846782,-0.002256615207385182,0.005779858551298034
2015-08-14,0.004614660976647977,,-0.00215865982169694,0.007179640351700822,0.006291723423368589,0.0049755013360077704,0.003199936635718048,,0.007516985946422139,0.002793650126237779,0.0006384187685932741
2015-08-17,0.0056868013905106984,,0.0021633297146330666,0.001980178280612588,0.004965338712662026,0.0056577577794423295,0.000996777943996996,,0.004827939769819212,0.010082510906137987,0.009570827467409337
2015-08-18,-0.006524882047760916,,-0.0037412191368895176,-0.000790799905126649,-0.0018302278982780251,-0.005157723399805358,-0.004978926835530362,,-0.002402488238803957,-0.0014444875197566764,0.0008853761067741939
2015-08-19,-0.012258898512626293,,-0.02758927590310023,-0.00909749290573636,-0.009349182497670805,-0.006596967686070654,-0.009207410456378629,,0.004159394734736699,-0.004077461129698978,-0.0017683205853822326
2015-08-20,-0.01883871710173579,,-0.022578974534997576,-0.021158083783518133,-0.020725290968334864,-0.02443089353594674,-0.009091022271096483,,-0.005886149700075616,-0.023243891768119584,-0.028087011608489143
2015-08-21,-0.024395790952503327,,-0.03495416155089992,-0.03588882096060697,-0.02758880030550226,-0.038171561966788725,-0.02731885846010995,,-0.012061555980266814,-0.030557004272141364,-0.03202271540551449
2015-08-24,-0.041907565147645154,,-0.053700876810739984,-0.04272440486355844,-0.035561412911799484,-0.03943379120606738,-0.03479361891646349,,-0.03751370992704428,-0.042538116147155414,-0.03994113011341327
2015-08-25,-0.015708216339597514,,-0.0144783435565351,-0.013256923457456327,-0.013097100957496832,-0.007894749677271662,-0.007600516610039465,,-0.03067324460269094,-0.01005103076266467,-0.00406236529331383
2015-08-26,0.027007150134277236,,0.0344479282326311,0.03761811138221116,0.031237106361266198,0.05039765569326815,0.029540408961359343,,0.017843843264247816,0.04223047142730296,0.03797491223763716
2015-08-27,0.03633742383625593,,0.049461102638624244,0.024600166514860078,0.024153872818660327,0.023232460551881218,0.01466559176253246,,0.011687890313471616,0.019483495788763516,0.02344188589645979
2015-08-28,0.005766975135901742,,0.022709447683221917,-0.0046332803176459825,0.0003864762010288292,0.001974067572722449,-0.0020950343559181794,,-0.0030040308846149832,-0.005677850114542471,0.00039717273782735596
2015-08-31,-0.005504499552713371,,0.010342387366939265,-0.008463914839766273,-0.008889169055278257,-0.009112844356550687,-0.006926749625362549,,-0.015990076390734798,-0.018245054568695296,-0.007675888832611388
2015-09-01,-0.030442861570419977,,-0.0352252167870436,-0.03243676477966584,-0.026515635736624188,-0.03206571430959115,-0.020503231333772964,,-0.027084680860850807,-0.026245018790986063,-0.025340535720159485
2015-09-02,0.014271781957882368,,0.009206232095385625,0.013674233126550916,0.022230861810291325,0.024139822288881563,0.013595293447192791,,0.000726152728597329,0.020541844922828734,0.02107293117768716
2015-09-03,0.006097908600558588,,0.0027827224101433234,0.005657335935328467,0.0005881383817845087,0.0007519120419627878,0.006813046816346535,,0.00459619104694764,-0.007137494480708884,0.0004021311574182729
2015-09-04,-0.01981347877704931,,-0.01649735601864477,-0.01990519567316018,-0.013902492277044765,-0.015284410849162655,-0.016282920632859077,,-0.013725166062082406,-0.012509286439702061,-0.010716777948209466
2015-09-08,0.02497026694363269,,0.01567668848774839,0.025607370655527095,0.02760118784085308,0.02799016653606201,0.02085153032837339,,0.02124072444362657,0.02795568403038451,0.023155249627188512
2015-09-09,-0.007656544861333714,,-0.01883007475702736,-0.013775718890278954,-0.01062812977983818,-0.013118988419464128,-0.016424423273660782,,-0.012431687759036247,-0.01543885644618459,-0.010719973143966
2015-09-10,0.002337829172814887,,0.005820382922579359,0.004801825147995542,0.0005857603978094428,0.01003244292758243,0.0017125530157684477,,-0.001694270012495891,0.009638891422302676,0.002809334708252287
2015-09-11,-0.001399558012290747,,-0.008914501565219335,0.004344191523884433,0.005465815225549342,0.004718346815776764,0.00662549934690726,,0.007516810238510141,0.006412032558413383,0.0074706861280213754
2015-09-14,-0.011913081311948459,,-0.008679091392551075,-0.0021627933603574068,-0.005047528327494999,-0.002471616518805786,-0.0031848240389008575,,0.002406956916823466,-0.0031149292986211163,-0.005296602481643542
2015-09-15,0.007328768048106893,,0.01114284276837707,0.01430419793960036,0.017365787085298567,0.012884122671491749,0.011927668377638367,,0.005281883643363239,0.014344668702391594,0.010516118228040883
2015-09-16,0.014315492962115206,,0.02833742363949865,0.006410498522891883,0.007288223828375573,0.004158083728287965,0.01136572172582806,,0.010030998899140497,0.0028005118545189056,0.011329379606304535
2015-09-17,-0.004627524218297818,,-0.0006123438431865358,-0.01401307041258626,-0.004379246213790378,-0.00682066314750307,0.0,,0.013715057328380187,0.00907504066439202,0.0026054599428242398
2015-09-18,-0.021083662161511252,,-0.026264622403422644,-0.019344548878478474,-0.022092642100977944,-0.012984286219479113,-0.011561890754955284,,-0.005627909307643786,-0.015261940948303465,-0.015923354635456466
2015-09-24,-0.0027250631137643033,,0.004356230593659305,-0.007067285963301195,-0.00619701766577907,0.0,0.0016981420390960178,,0.008098815192507436,-0.0102199754474126,-0.002670148356381019
2015-09-25,-0.0012422829643493616,,0.001927715271748287,0.014680037105735178,0.0020116222350450297,-0.0017553020310567824,0.006358726467531328,,0.009688462602185144,-0.027341597691905584,-0.000133836308146007
2015-09-28,-0.031094594462045433,,-0.039922969341423586,-0.023235715186825767,-0.019674964648768944,-0.022858512022175925,-0.014743103761023724,,-0.004914639669075016,-0.03872619888721618,-0.028781741553079
2015-09-29,0.0038509960749459893,,-0.0015025510174545564,0.001795162412886464,0.006553858940976154,-0.004370080928895348,-0.00042754698644820177,,0.0002348123122186685,0.009177198841865408,-0.0033082907650439086
2015-09-30,0.020972147646675987,,0.023582024820702152,0.015233322740467736,0.01505588695333926,0.019881082875273792,0.009196138345332727,,0.0178701509195196,0.02080786768227294,0.02696724052208843
2015-10-01,0.011271912021256325,,0.0019605999377274586,0.00044095044824832286,-0.0022050760197774855,0.0005065413135334484,0.0,,-0.011781461445389607,0.010115994145842189,0.007406752978067255
2015-10-02,0.024523682587227258,,0.041259282424566335,0.0013235866032998977,0.012655583686644434,0.014170113015635977,0.013774281944693323,,0.013323841793628333,0.020777484924607403,0.0143027081927527
2015-10-05,0.02611201610350511,,0.030226910865849943,0.021145317500128158,0.028367386809960093,0.019710322736742558,0.01714007248357219,,0.012918334632978423,0.00263576614062222,0.014760338448893906
2015-10-06,0.012959854105828672,,0.022195116016930472,-0.00474532853039511,-0.0009644845152939618,0.0012230115144082898,-0.0067815064190070995,,-0.0068318802972289205,-0.023514148602387874,-0.007403008292720781
2015-10-07,0.013258326240453311,,0.012641336846677564,0.007802218769456859,0.013130183689130215,0.00464373819404118,0.00910405721286267,,-0.0034395595292553427,0.016003821242410066,0.003402217094915505
2015-10-08,0.014003841516743831,,0.019092380265207654,0.006021609237194303,0.013912396082386147,0.004621647312124999,0.011892424805317603,,0.01242494400130445,0.0029444160539016107,0.012256691447560142
2015-10-09,-0.00045294076200108613,,-0.0064847040453981375,-0.00641311999668992,0.003383813584873163,0.004358413483466439,0.0022290995223066545,-0.001655301511378715,-0.004772244935724257,0.00454990187970683,0.001159769101214625
2015-10-13,-0.003884106756792849,,-0.010433504588745146,-0.007738305231920206,-0.010676173079034346,-0.0021670346237865346,-0.006049598754717778,-0.006260431775237829,-0.0022633157650948643,-0.01253300458322082,-0.005378370535850885
2015-10-14,0.008027288841574443,,0.008612811476632842,-0.008232381440271053,-0.010791817577313179,-0.0019306894298741772,-0.011564430580781382,0.0,-0.0002268630367778801,-0.0019184319514909953,-0.01017111868904752
2015-10-15,0.002730607702800203,,0.017962135655726907,0.022717373017241638,0.010909551466590894,0.012814445083973114,0.009031387804407265,-0.0029839598966754366,0.014749443494105785,0.022327200936779645,0.013006976337978537
2015-10-16,0.0004538619648228881,,0.001302064944134873,0.005980514450934393,-0.005111758328254723,0.001909846830181694,0.009560772714951815,0.019022388746174235,0.001341223655890067,0.008967400765276246,0.005265032872769915
2015-10-19,-0.00703118994593388,,-0.019789336600912977,-0.000849176479503666,0.0013320347288332535,0.0038122080626441512,0.004432742365065856,0.011683378637081576,0.0006701279090812751,0.0035839053113198016,0.004725611583387801
2015-10-20,0.0015987713338831977,,0.002800122572945485,0.005949529280873778,0.0066511396765458475,-0.0026111942195625737,-0.0006021771002753251,0.0009676426237583691,0.003347331019286859,-0.015712249476717233,-0.001271481259941032
2015-10-21,-0.008893589088115661,,-0.0123442293209306,-0.007182009886536944,0.0001891279953556424,-0.007615550026356166,0.00020108171080246429,0.0008057792419067233,-0.002001627523492644,-0.008997067909280232,-0.004454709655447475
2015-10-22,0.027381388665757456,,0.018003595664261463,0.01617019812857534,0.027934874074607263,0.022542363463493587,0.019867230159738236,0.012654552779486794,0.011588587368530634,-0.006003954576831005,0.013169325635755014
2015-10-23,0.0082866933925545,,-0.00233867124728937,0.010888054201768194,0.003672506531569919,0.02790783420896914,-0.0015739381053309076,-0.012019703325790276,-0.01762466900097326,0.021361143203616262,0.004922082813214379
2015-10-26,-0.008218588469785848,,-0.024465482818668893,-0.004142934726346081,-0.002195424378424904,-0.0038783386621007443,-0.001970796132792385,0.0012875171674060493,-0.003587936421210247,0.0038943425130042453,0.007032508383104874
2015-10-27,-0.004255417122763117,,-0.01201358503348715,-0.005823432944800588,-0.011001190330743205,-0.005726055661353202,0.0013822021991547473,0.0002570324381059308,-0.003601273644301184,0.018390969592372297,-0.004738760670616404
2015-10-28,0.015070212964314988,,0.022191915587640665,0.023430652205394864,0.007971982936235245,0.014973404644391675,-0.005718531990741571,-0.0036312672157650105,-0.010616680357928954,0.008324276394473085,0.009522326193147634
2015-10-29,0.0019936270917766397,,0.005055729874444914,-0.0012259111656012234,-0.0005517625044255681,-0.002723920747443098,0.0003962824899876871,0.004547775591841496,-0.005707953350747141,0.004477504312549119,0.0028551972181627416
2015-10-30,0.001327063139928919,,0.006509938268681514,-0.014327036482155053,-0.001288072263611606,-0.006599502730237794,-0.011101962269069787,-0.0062928099611911925,0.0045926620989773514,-0.006268850956258065,0.002103413704974022
2015-11-02,0.006183751627343748,,0.023371813857133272,0.013704797683905312,0.011608615146401657,0.0089347644527491,0.006014023363417609,0.0,0.0011428104777497783,0.021306198068112403,0.004569728985674093
2015-11-04,-0.00655895682301455,,-0.00896384560961272,-0.002863296786602465,-0.0027300233163075616,0.001129373012850543,-0.0042050318073305615,-0.004146624777046082,0.005236152043949893,-0.004407689289722017,-0.006491040833936035
2015-11-05,-0.005061585185134665,,-0.008479303913851322,0.004102036284621802,0.0012774092614511456,-0.002933522033993774,-0.00020094100136014426,-0.003843819419416139,-0.008605058301652813,-0.0031821323817652347,0.0035749818579555726
2015-11-06,0.0026544017695873112,,-0.0051310574824037225,0.01021249818908787,0.0,0.003394642426951977,-0.01086076764593391,-0.036976832962163364,-0.034947409766720394,-0.004164070376595053,0.00012303123819745743
2015-11-09,-0.006838645393366538,,-0.009885593525492453,-0.01091837552103525,-0.007655679858855624,-0.009697934135065922,-0.006710005991550361,-0.008013621085329659,0.002603205750301374,-0.007665357302137243,-0.013756322912451546
2015-11-10,-0.0073298106144097375,,0.002170353341215403,0.004497877957663432,-0.0001838526834915255,-0.0066044992014814285,0.0026615503528237827,0.010770442129986346,0.00897127790764074,0.0067417596866601315,0.009464754350823723
2015-11-11,0.0011186504768705419,,-0.021224234692728383,-0.003256504871666843,0.0012861950752771634,-0.0004581072840632583,-0.001429354006587391,0.00346349540510138,0.008656541818454322,-0.0099051288472225,-0.005921420795773846
2015-11-12,-0.02011625161970587,,-0.022717223138557507,-0.015108058320694062,-0.013578012015975527,-0.008715900783814012,-0.013494400464648337,-0.006105746349598928,-0.009510304207756448,-0.01733150020676233,-0.009307564230239818
2015-11-13,0.01277362669084825,,-0.004075197408590414,-0.008292033261593668,-0.004464185245274255,-0.019666576024016225,-0.008704632297366732,-0.013022179669700096,-0.003747118418885864,-0.0024372537726500276,-0.026306238602233023
2015-11-16,0.01283781626449021,,0.03334315282343314,0.01212367129983849,0.012891999608162896,0.015340836416971593,0.01714387050332533,-0.001014965099590981,0.016925205348612193,0.012505077958285371,0.012093255738756525
2015-11-17,-0.0011121032195461344,,-0.011000042626298612,-0.002064832179921039,-0.0020289317209525315,0.00023259731709157627,-0.000410803534602322,0.015577596798031834,-0.018030857754204432,0.00425898936010638,0.0019070337064004406
2015-11-18,0.01780969992659931,,0.016461527019069555,0.017797739052966666,0.013863159192148089,0.015105437712269465,0.013777688514736486,0.01183725973916916,0.006356137491428049,0.019507932949315965,0.01712738745400877
2015-11-19,-0.0010936547081978887,,-0.013423182578903514,0.0016265236795085514,0.0043757224148848195,0.00457900430306335,0.0026368484219885246,0.005437494403726095,0.010760120014577046,-0.01677783229872154,0.0012474264247739342
2015-11-20,-0.0030657297725766863,,-0.01064759148356742,0.0016239979587062692,0.005082560728144836,0.0072928361347763815,-0.007080896272489978,0.008194056451965803,0.004166000119733004,0.008602991051858133,0.011959715024516315
2015-11-24,0.008334838324791427,,0.02137119836868684,-0.0028491955931360113,-0.0016337366833073519,0.00022821559137287117,0.0026253599758001567,-0.015200312093582302,-0.0013953209645125586,0.003084017988836507,-0.002085104624095724
2015-11-25,-0.006308233113705541,,-0.008137270804221775,0.0008156682659388181,0.0,-0.0031855025074554177,0.0026188899392849407,0.0,-0.0060567531905950656,0.0054501817222549764,0.005039307690541062
2015-11-27,-0.0013135966034540925,,-0.007178134077891696,0.0024474481777456703,0.0018180575889050754,0.002282168527288464,0.0038177345862671075,0.007553425985357354,0.0018749391661903037,0.0019455686038543085,-0.0036687413388676315
2015-11-30,0.00241147953159504,,0.003688720610916185,-0.0008135926716907882,-0.0065334291378862375,0.0011388280663757744,-0.010808793465277522,0.0022816192023029647,0.0016376333018255362,-0.013594166932742069,-0.008469291487993469
2015-12-01,0.006997366338631794,,0.00793890118492735,0.010993371573734034,0.004749702730210581,0.008871758766560989,0.008498451803294449,0.01655279675609611,0.007939878884273499,0.016875125989334494,0.010274969063036377
2015-12-02,-0.013463649115775467,,-0.030921716902507335,-0.01167957646862472,-0.010181755764181677,-0.006313448928160104,-0.005015760856320495,-0.020442045386124486,-0.022242176292243565,-0.008435925593050064,-0.008700011028948462
2015-12-03,-0.008804469583145735,,-0.02001821015246419,-0.016299539442032218,-0.012490870502049112,-0.012934081759645166,-0.005243161017318143,-0.01992167941143108,-0.007583217297968292,-0.021896684880720052,-0.015080496066812832
2015-12-04,0.017543834045201878,,-0.006297337741102749,0.026512211853389367,0.014880958469983385,0.02459829453718476,0.022501484176163933,0.020326619814901692,0.014087535885880742,0.02352759988672859,0.019327348152665902
2015-12-07,-0.017896299647458647,,-0.03802150844911012,-0.009282290308534002,-0.00494873694484621,-0.0049364849716206916,0.00277576420332859,0.0,0.004474114329185319,-0.0055726645118922,-0.004186650868380548
2015-12-08,-0.018889084535691936,,-0.010282707381980782,-0.012627143001072816,-0.016025028481361003,-0.002480487374456497,-0.00257041731872254,0.0032657413288776915,-0.0014066732764135281,0.0022419249150713583,-0.0029668266252383946
2015-12-09,0.030125172282136736,,0.013149309902755757,-0.011551237465679098,-0.0029952371662658184,-0.014692489035651568,-0.009514280822500387,-0.005534025099751316,0.0002346202564447175,-0.010064355355409282,-0.012772908104358827
2015-12-10,-0.007475929420835303,,0.006409336554835665,0.0008346457085774972,0.004694021266621551,0.0027531927891528696,0.0012005583254095509,-0.008183151749140083,-0.016428087316235462,0.007483934793323099,0.0033913791497803825
2015-12-11,-0.026584547448421536,,-0.037414667177269156,-0.022101565002791146,-0.016818994352930217,-0.020819164559347847,-0.010993208973296364,-0.005346561546855755,-0.0028629348592199566,-0.014716214648789805,-0.022783730731105845
2015-12-14,-0.013199447600634073,,0.0052928640037370744,0.0021321766226098937,0.0036113985976888863,0.007710452937604417,0.009902955519318635,0.00308594958445485,0.005025123397184306,0.006543385344263797,0.005123813749845718
2015-12-15,0.005535092102858741,,0.02517293165038481,0.023404283537341364,0.00018947644524835994,0.0044052907263061325,0.006403747774879287,0.011544154090714631,0.007856923023622953,0.013001631638490885,0.005480882913096119
2015-12-16,0.010321169071440428,,-0.006580226032706693,0.01621645803262739,0.017799167676495697,0.013619187327837068,0.01928830440207463,0.017985788433492855,0.02527770645018279,0.012974075646821293,0.016731740614924995
2015-12-17,-0.01997718044551522,,-0.024555513479158853,-0.01432070906877303,-0.016557941583547953,-0.01571395109332463,-0.01287546168076592,-0.0012846860426165563,0.002073697104036487,-0.010742363069363159,-0.016456396457934508
2015-12-18,-0.013512834648494731,,-0.01751403746859148,-0.02673383256809725,-0.015244950478619845,-0.01939335743256332,-0.017718890594725534,-0.013008343879315154,-0.01242911099836519,-0.014497626007914266,-0.015719403096124185
2015-12-21,0.0089896540222687,,0.0010210163997652622,0.009871311847067243,0.0077305299278398465,0.010197039013459364,0.01134999392613767,0.0016473741772105033,-0.0007057858954024887,0.009078984551273761,0.005042981642707334
2015-12-22,0.012661523125452323,,0.011724215031315932,0.009349633297684568,0.013809117688736716,0.007276982859818482,0.013026123836789028,0.009210600716782036,0.008474733273744706,0.006748432914235991,0.007334386521983927
2015-12-24,-0.0022618487805176057,,-0.00901302176862806,-0.0008323291668221877,-0.0003740061708037423,-0.0004620701393462934,-0.0009817797375104576,0.0009681850905922662,-0.0006899641069103568,0.0009673152162748,-0.002668429927963012
2015-12-28,-0.007028344915031126,,-0.018190920312586623,-0.0008332581323661215,-0.0022443653775710004,-0.0006936724085407908,-0.0013761754076642152,-0.0026765460775118877,0.0018404906864761816,-0.004692719446995786,0.0025482542217571957
2015-12-29,0.009361114393964698,,0.006948103768781744,0.010421288357801206,0.00956111919698821,0.013651232846806582,0.008661423500877286,0.016587297438418913,0.005510906851295738,0.012203410969117146,0.011565528673012748
2015-12-30,-0.009274296642173718,,-0.013471267564004852,-0.007013214847370608,-0.00835659921288634,-0.008445901828499802,-0.003512878626484639,0.0,-0.0009131609843568977,-0.004247184639811885,-0.0080407346551159
2016-01-04,-0.01566099614996619,,-0.0003313897685710554,-0.019303234478311837,-0.01339351927041288,-0.013075061836053004,-0.012675761414056685,-0.02321702292406802,-0.0020793839020554206,-0.018048243078981785,-0.01714455355481226
2016-01-05,-0.00046734004913451255,,0.003814002407384276,0.003850956357542401,0.002676675661499983,-0.002602366744732798,0.006419399501451872,0.030301710928730685,0.007177665005451139,0.004807282525951084,-0.0013016600838950954
2016-01-06,-0.026217416365422075,,-0.03849335598755721,-0.01534509524174954,-0.015446131726357004,-0.012333873224046665,-0.003388488335580031,-0.009654901309329444,-0.0018395223453447906,-0.008160808819249965,-0.009775672935787183
2016-01-07,-0.027163628462499978,,-0.024398525016282813,-0.028138712209946126,-0.027116139300813802,-0.029539190999157916,-0.011999727768083779,-0.018339537335798628,-0.006678661940333064,-0.020286883818183665,-0.020534273370545586
2016-01-08,-0.010130913129178465,,-0.012856753738759719,-0.015590378072511402,-0.010152918610422446,-0.007918481521183574,-0.007692581554849087,-0.013110760702386481,-0.00046390187152511864,-0.01505909979317177,-0.01075145671619504
2016-01-12,0.0015230628127052004,,0.0023698394321822747,0.007681638954149861,0.008040210207199472,0.011895594215742822,0.0054568480255792196,-0.010894419689423285,-0.003922817896605868,0.012795455593705318,0.01105303981785588
2016-01-13,-0.023072867425460775,,-0.024008650016856148,-0.02600864809191472,-0.024127617293449588,-0.026940545112062342,-0.018291534907420637,-0.010346924004305258,-0.00046335055133839287,-0.029674885085138936,-0.033728938386149765
2016-01-14,0.013496100360706142,,0.043048544791632004,0.008747426753429544,0.01185085034270017,0.018877293935734007,0.004709399498262545,0.0033719872832365105,0.01506420182437429,0.02679795917587735,0.0071744186837088275
2016-01-15,-0.020486221663353565,,-0.028943934484090383,-0.022364226326507364,-0.017568400795171857,-0.028161727721484175,-0.015692207688959403,-0.01680635035974254,-0.00890438366201829,-0.014008293376327363,-0.02054812138228801
2016-01-19,-0.012288113347444618,,-0.021526883292810717,-0.00046667573431447007,-0.00020561564798748933,0.0010162429571671794,0.012008541057419997,0.006837121684156733,0.014973308696694776,-0.0001494492444963358,0.003776180781357441
2016-01-20,-0.007411169284316954,,-0.02651376687123963,-0.01961699661891858,-0.012952516523575541,-0.007871573390970332,-0.012479251108348799,-0.026824798899415025,-0.022469251559615322,0.0019447479439402837,-0.008778099240229653
2016-01-21,0.00880028626292062,,0.0310991943464336,-0.004288077465556928,0.004374161912304331,0.005630257638133074,0.003935661177659755,0.00767639234339379,-0.0009289135944077209,-0.002985848813264136,0.012791817135273442
2016-01-22,0.01797453732427301,,0.0442114406946017,0.01818200642560952,0.008710223894999647,0.027743095603053547,0.01712780718666096,0.020775545474385648,0.01789505764637389,0.015870441651534062,0.017487734541335787
2016-01-25,-0.031940035206153294,,-0.04664523718219293,-0.020206585867439286,-0.012335449068990423,-0.011639659151380322,-0.008926967670357056,0.0,-0.0084473984574982,-0.009284956297572311,-0.01145761103461318
2016-01-26,0.0171679130023763,,0.037824611022777566,0.016786486645248955,0.018942448318864935,0.009772422194826769,0.009211869113944893,0.008887114158974363,0.006907075673821872,0.0075871175247461675,0.014626442279735308
2016-01-27,-0.007911410291191912,,-0.0047146230144493595,-0.00377394942863718,-0.011235644514101528,-0.0205953118631933,-0.0010139400844580981,-0.008808829089251291,0.0022869050182152684,-0.011368589422907083,-0.015640070166202724
2016-01-28,0.0015949990460473185,,0.030424737281446568,0.0004738404703155119,0.0057849040788815476,0.012920691278454965,0.010152221101222825,-0.010855123760036278,0.01597067192456625,-0.023297272167362104,0.012848759032064283
2016-01-29,0.028927581413442427,,0.029172275642404877,0.027922530978479188,0.02691034759351041,0.03151576856321303,0.02030127233965162,0.0010288907694022686,0.019986276004073877,0.016360550509596505,0.010912667254105779
2016-02-01,0.004126908148968544,,-0.016663902530866137,-0.004143956602438825,-0.0024004286382079965,0.0036373032813579176,0.003349397826876377,0.021240197430979046,0.009467302240487863,0.001504434502701102,0.00607217687626993
2016-02-02,-0.006678745792721652,,-0.03336800539227558,-0.0277389605688646,-0.020052070036509995,-0.01787881938685154,-0.012762878215151763,-0.012747328668544444,0.004362327941968003,-0.014420916572862486,-0.019447584803072404
2016-02-03,0.033618256754465836,,0.035604418439985075,0.0009507274103717211,0.016165477519611837,-0.00123020698523979,-0.0021876265574710674,0.001019176980310954,0.012377757679872259,0.006554055696665673,-0.002598411086554009
2016-02-04,0.02777071569427303,,-0.0005234334918692296,0.008551308523009338,0.017317430952990653,0.0009855460605552313,-0.009168809898862706,0.006008300346532769,-0.004290164145117181,-0.005451746287001624,-0.005760199661754117
2016-02-05,-0.011441192626035934,,-0.02322340339164153,-0.013188857830349288,-0.00950098461405291,-0.028051373169009297,-0.0016092441333399599,-0.018186737784884444,0.0032319670760943,-0.019488100780891804,-0.032275750907234224
2016-02-08,-0.026348098338728976,,-0.005183792110314278,-0.02529841658407661,-0.008393422900560998,-0.014430373316342004,-0.0026195378735243136,-0.05299329754512028,-0.003436287903266111,-0.013664549775169288,-0.019384410838098165
2016-02-09,0.012392318709047556,,-0.024079299126665843,-0.0014694196768840762,0.006045957317426964,-0.004623450560619968,0.006666898166670876,-0.007838676492151309,0.0034481366936753854,0.007399240569163856,-0.0015987459982724772
2016-02-10,-0.009492580618728708,,-0.00405099810507803,-0.005394691054125489,-0.005208084772563848,0.0015482352630082907,-0.001204226350560389,0.021214333575709343,-0.0010743399051029723,0.008907563912765593,-0.0017467050678319218
2016-02-12,0.02964663200853246,,0.026364209194388533,0.0422180367453282,0.02012713747398931,0.01394285855387678,0.014178668500130831,0.009918898384213337,-0.0030633766394196904,0.013381579627772311,0.018385982774097975
2016-02-16,0.01527326304050236,,0.009949426287454655,0.016105081154208722,0.02013327355120431,0.01782519469585342,0.007989465062770096,0.0,0.006365072711443487,0.018797363518310295,0.024216177114118054
2016-02-17,0.019728464175257754,,0.03277772871935225,0.013448652003256623,0.015393255386556337,0.020515299740191395,0.010302668338285637,0.03128428040626208,-0.0019629445862368033,0.012656256258649634,0.021543603012992518
2016-02-18,-0.0029020172822988854,,-0.0124867538025063,-0.005687184223131081,-0.0005830115997618179,-0.0039225648273547575,-0.004510827108737181,0.012345611067752227,0.016389700333350188,-0.006173525094905985,-0.006573210687389919
2016-02-19,-0.0116418539906743,,-0.002282954639274193,0.0,-0.001944594256523824,0.0007382984270336568,0.0015763488776121548,-0.0013936858317761258,-0.006664632382013869,-0.0010605489117170297,0.0027573893278656225
2016-02-22,0.01914113353104474,,0.02552364180603428,0.015729346359891316,0.01695246827586594,0.013281142453569927,0.004917014237330708,0.01535240923964154,0.011688097097026118,0.014257196631616953,0.019383908664637017
2016-02-23,-0.02456050914254071,,-0.034157406733984375,-0.01783191851360455,-0.009963554973372313,-0.015776810453403733,-0.00019552708152470455,-0.0051545977190535774,0.0008555829424914396,-0.00747697669703562,-0.005529672475272918
2016-02-24,0.01036726805309418,,0.010129926163515268,-0.0023888842451685877,0.0005805290810685371,0.007644871306226486,0.0031323614370939445,0.0008288601676658125,0.004702805061546522,0.0033147565218429875,0.005831418082753892
2016-02-25,0.012949082582645044,,0.0008797513929144074,0.01388868004198951,0.013152874890107302,0.012481571988649298,0.011319232359010556,0.006419460522806064,0.01021276947263039,0.012464426766079617,0.00997716742240673
2016-02-26,0.014472152456787901,,0.005976105040954138,0.007085607502558933,0.0013364678757668003,-0.0026594970671227625,-0.014087399545518187,0.007201866376305377,-0.02759010191184441,-0.0017797626729146865,-0.0010679697652040687
2016-02-29,-0.006182060559091651,,-0.011357433123063254,-0.010787998313732783,-0.006291896145109721,-0.007028018946957371,-0.0033272760571285698,-0.0013618924378836494,0.0028158252126981864,-0.015898999772371192,-0.005211691693028486
2016-03-01,0.025598337480195577,,0.02615759263923878,0.03366557160435413,0.01957037160300823,0.029778098694752897,0.009622987383337778,0.023866124517530674,-0.004967995461821584,0.021440258714754634,0.026464341592428164
2016-03-02,-0.003965831896547978,,0.024457354933774766,0.011008482940276787,0.0007527124134545371,0.0028436934032809447,0.002917654045659912,0.010988924362461239,0.005209749175620448,0.0016260524316991098,-0.0009162399868256621
2016-03-03,0.006089405261939351,,0.015131036429353761,0.0068061709471483045,0.007145603644701293,0.0,0.005042676981679817,0.0013834947499145045,0.006046048808651117,-0.0028039011376655987,0.005894577840914739
2016-03-04,0.011638849582985111,,0.009606066402342961,0.004055802902064531,0.004107156540820389,0.002600412029584831,0.0042454202082424786,0.0028948303087565908,0.011160977468697153,-0.002368082254800008,-0.0009114848417791643
2016-03-07,0.011504623633965316,,0.023457866726832144,-0.0004490430697939862,0.0029751899514709468,-0.006129388677519665,-0.006149060063220579,-0.0006562415025194168,0.0055186140741141365,0.008010755958320903,-0.004301442275001288
2016-03-08,-0.019563033119096462,,-0.041993933331626265,-0.01616506501221293,-0.014089513336690285,-0.006166784710797235,0.002900262639122353,-0.001509693290358105,0.009922116540981074,-0.012215020377817853,-0.0078547014260274
2016-03-09,0.006264443873181591,,0.016229069525044437,0.0013692976270671675,0.003196600206379685,0.00859165460729261,0.007518856935492035,-0.0030565786690792685,0.004598823825006759,0.0017879192403442712,0.001979417732587363
2016-03-10,0.005303160765032899,,0.0008230756823324192,-0.0009114878866547382,-0.0014994992277092,-0.0009463279404663405,0.00038268045828959707,-0.004714622042219396,0.0008326297410059524,0.0005949094300985447,0.0025023615575685554
2016-03-11,0.018348378754565076,,0.025826486760613276,0.02600342719835913,0.014454589516234684,0.015395252026693118,0.0032515395948016224,0.023254191306932848,0.0010392941089978347,0.01947092978791143,0.015368419196495564
2016-03-14,-0.006756720595835541,,-0.006574422137217928,-0.0031125048995462867,0.000925115386544606,0.0011663024150156964,-0.0005718464237085552,0.003237238563137401,0.0012461196329329738,-0.004227972053421403,0.0037513619708180457
2016-03-15,0.0022677023465287327,,-0.0019371313172243942,-0.0004459236934921673,-0.0005544719883852078,0.003727999016397865,0.0024797358344734732,0.006615042150646566,0.001866853127066026,-0.015519899378165669,-0.00025766086639533725
2016-03-16,0.008371219424214482,,0.01730539899814154,-0.002230802479883942,0.0035147276119804616,0.011606367804083195,0.0022838864505774215,-0.007533169591647848,0.015320644557678786,-0.0023793026734069134,0.008121749794026245
2016-03-17,0.018397830224133438,,0.013672099560500639,0.012074708582902716,0.021935451801118555,0.003671441454195179,0.00607541379569021,0.033462285070662734,0.005505985448253092,-0.011628132696542282,0.0014067863862017305
2016-03-18,0.004134384484104414,,0.002875209908913101,0.008877210154657478,0.008575657922845759,0.0016084083112091196,-0.0013083310932335834,-0.007036109497562504,-0.006375032811495318,0.011761403052847452,0.001294686371909659
2016-03-22,-0.011396125327563955,,-0.005531470262045923,-0.003085275173929092,-0.0057183738535312445,0.00022871407622959694,-0.0058844633850959616,-0.0017563750081063256,-0.0032936468504380922,0.009965480860211873,-0.001663605009637692
2016-03-23,-0.012414224409982078,,-0.021932693464115527,-0.007514897394255371,-0.006470311972349596,-0.005714019947851479,0.00019109766917657645,-0.003679719003896076,0.007434495253514584,-0.007068981249446216,-0.007051050416453264
2016-03-24,0.0,,0.0048746233100747105,-0.006236451155419709,-0.0028943582599844087,0.002758440871056811,-0.0011452313680595516,0.001605950367850717,0.0026650240678447457,-0.00044496504274182946,0.001290914229696405
2016-03-28,0.004264992770085518,,-0.0053362213885557175,0.00313788894716982,0.0003629991474658478,-0.002521899113907322,0.0053513933186455365,0.006412305667190532,-0.003680061633898779,-0.0028194108710407617,0.004513465820420004
2016-03-29,0.0055877157842953995,,0.004714785908383146,0.0017874795022763124,0.006528490476435556,0.01562852084967825,0.007414848544245567,0.021662743188580524,0.014775793546898175,0.011607300098317008,0.010141114020324027
2016-03-30,0.004445374649289846,,0.001941590910429003,0.005797765338498628,0.0018019974833440866,0.005883991666724597,0.006604733010026509,-0.0021826156973681066,-0.002426932697636941,0.0001470117678759042,0.006353720552427777
2016-03-31,-0.008408872526173616,,-0.00048443415547272384,-0.002217271917586028,-0.002338024325429733,-0.002024686728324676,-0.005249433345745458,0.00500004579787805,0.005878986678934606,-0.0030887082965773693,-0.0011364661160854217
2016-04-01,0.009596351825822635,,-0.013411072664423429,0.008888859128845406,0.004687088687930441,0.007664525927553845,0.010553990375246514,0.002083130166967484,0.003828901299269827,0.011360330490049142,0.004172247063605861
2016-04-04,-0.013041660320534776,,-0.00736969648664465,-0.00484564072526561,-0.01130447730098394,-0.003803208931401847,0.00037310062799411625,-0.001458351368421762,-0.004216280368582681,0.011961931817735305,-0.007805839502991518
2016-04-05,-0.006271475688867656,,-0.006764226769832571,-0.01416566008586484,-0.006170428889263557,-0.009656315712605168,-0.006711365982494333,-0.008949774200057825,-0.01874980904984591,-0.01297390514654928,-0.008501246734997303
2016-04-06,0.011494766477663232,,0.021594591355496018,0.005388548372096125,0.0049305109628474675,0.009750469322731492,0.007882878063602217,0.002759518198883759,-0.001233021083547725,0.026873046452762228,0.0094703179772746
2016-04-07,-0.01448365098330373,,-0.005853925410915672,-0.018758238978776154,-0.009631297145076045,-0.014372670024143663,-0.010800659208510366,-0.008130374617640213,-0.00041105021240273043,-0.01095167508715178,-0.011283490470708424
2016-04-08,0.006557256584261761,,0.020117700960110785,0.0036413542015352185,0.003853396314825952,0.0,0.0054592002603814915,0.009458002445354552,0.005350887261516668,-0.0027322425539288986,-0.0015384587009007467
2016-04-11,0.004492303668213848,,-0.004168472314922789,0.0040815250090067146,0.0003654709476690332,-0.0027335438828984815,-0.007114742036541277,-0.0006245425672987137,-0.004299244929785173,-0.00764217130448086,-0.0037239603396214127
2016-04-12,0.013864130647513573,,0.029785956801410052,0.01264716759322293,0.005847054947262675,0.0068538047156740944,0.006222969164634495,0.004375029664534624,0.006990395579969055,0.00813745890807338,0.007605006060926067
2016-04-13,0.00992493091401414,,0.004690097390432912,0.02274717122094727,0.014895383835459075,0.010210917542493592,-0.0076837857777319885,-0.0038271138104986058,-0.006124809689464272,0.009368635332447584,0.014071971954126239
2016-04-14,0.0006550447265754045,,0.002334765093735758,0.00218064914594418,0.0017900633960508117,-0.00022499317291713172,-0.004532548732528285,-0.00396665387503603,-0.0012328745435422617,0.0005708971567077725,0.0
2016-04-15,0.004582919469473312,,-0.013507340658176825,-0.0034814958373698968,0.0014288116806608908,-0.0038188731394278586,0.006260748671791383,0.0068987259115071975,0.005553337866772479,-0.0007137108408120652,0.002775105051143756
2016-04-18,0.004562819106827654,,0.016524785254115937,0.007423871651748737,0.0008924002380703566,0.004285038454883816,0.005656118323270176,0.0037369183584745613,0.0038863933732662392,0.009283264668387803,0.009435197458201205
2016-04-19,0.021409718117829435,,0.019972130191843185,0.012570179934182857,0.007130089929513472,-0.005614407699257584,-0.0005624027794517428,-0.0034125623997416366,0.0016301528623750006,0.0035376846061991873,-0.005483643292067297
2016-04-20,-0.00296439520891445,,0.008955883619510274,0.007705518724118843,-0.0015928364231267977,0.002032652332125018,-0.011255035951456271,-0.009962564476852398,-0.02502063770153473,0.005358089043831837,0.0012534291429220357
2016-04-21,-0.004459419059774317,,-0.00586741228882337,-0.008921010737644397,-0.0024816806336521724,-0.0036062206564342336,-0.017833203183186708,-0.02314467773968565,-0.02086365061626161,0.0058910169421833025,-0.0035040643355023215
2016-04-22,0.007039147632434073,,0.014527878368273628,0.009430000022330631,0.0024878546944668845,-0.017416554085866287,0.0036698711135980666,0.012747705013372856,0.008949052021212545,0.0020909332484491117,-0.002009849238989614
2016-04-25,-0.003389147391423597,,-0.011187360234322652,-0.0021231794443272722,-0.004786454153179909,0.00023009794564465835,0.00692864771170032,0.007024864751872695,0.0019014227401976669,-0.0038959683315062943,0.0011323910371792145
2016-04-26,0.008076351123509795,,0.015990299573899636,0.006383090780117673,0.00890630267350545,-0.004833487201802877,-0.004013758154160163,0.0028090159335414366,0.0014750897754258752,-0.0037714822535452885,0.0023884783760006467
2016-04-27,0.008434156827584083,,0.019005353306766004,0.0016911947255395798,0.007062192549823765,-0.004624916764859099,0.0047970912491774875,-0.0037771625880834714,0.014523545628643442,-0.001121834952086398,-0.0010032006068015908
2016-04-28,-0.009408632029887731,,-0.014862223347390957,-0.010553161472909967,-0.009642289033016227,-0.012546589159780908,0.0009552922109272721,0.0010109500505812719,-0.0014522635085787439,-0.004772633314343078,-0.010795926743587314
2016-05-02,0.0036095018769115583,,-0.0010368482911545795,0.009009093358236298,0.005163795779664415,0.007358260692981178,0.011472390044770409,0.010516268220118752,0.008054619078239567,0.005731435412118957,0.014015032658580617
2016-05-06,0.008080270762636177,,-0.002293104582550276,0.0043424229625737,0.006694594085552286,0.007391698220839293,0.005096980945556107,0.005253535953055444,-0.006510795082813936,-0.005892033239201511,0.007369045664558538
2016-05-09,-0.01213183902122883,,-0.014554778039046923,-0.0025938843378390253,-0.00449341247990398,0.0,0.005447455746753871,0.010083146621289396,0.005734640350291587,0.011419746115951979,0.002775503251410516
2016-05-10,0.016666838068102763,,0.017568251294594717,0.014303709526283015,0.0171514986042951,0.013017866777076614,0.009900823238238265,0.0037126691530244837,0.0010179577286690833,0.00843169249189435,0.012829896768413063
2016-05-11,-0.003451285989621744,,0.0030558693600430953,-0.01068317001477237,-0.008342498697087919,-0.00724346903221218,-0.007953988850038618,-0.018192590299224265,0.0036613448779467817,-0.012045776431941935,-0.020119335604591004
2016-05-12,0.004329148770922275,,0.0027418948649031716,0.00043165665408140264,-0.002147946289986491,-0.002824010941330335,0.005407377324488483,0.0033969993666012055,0.005877267630984839,-0.005881696777905732,0.0019015366294874436
2016-05-13,-0.009698598060700836,,-0.012760147113881293,-0.012090108433006064,-0.01255579062030665,-0.0037761450976533384,-0.012611621106596638,-0.0144351994774784,-0.004835424637351204,-0.002309198759728903,-0.01189172467792976
2016-05-16,0.01719285407319182,,0.016925759497956605,0.005245132447425194,0.012352229364016143,0.013977919251279669,0.0063863993667507835,0.01364722309828359,0.001215046202648784,0.013595832678842568,0.006273616244216962
2016-05-17,-0.005134939302794184,,0.004690345413921326,-0.005652481365979178,-0.004844857305705275,-0.010047024337742294,-0.019596944841193342,-0.01657508953777942,-0.01698737049329646,-0.010416871538021177,-0.01132325673325929
2016-05-18,-0.015268648959268716,,-0.009638463435350797,0.017490289790801583,-0.0034258393302274426,0.001888172807564592,-0.011612297852014453,-0.02465534827798732,-0.018720192967559668,0.004182163955380291,-0.005790767763992899
2016-05-19,0.0034939436754821696,,0.0001519045738407332,-0.009454376558025612,-0.009408182139533094,-0.005418378777359512,0.009822811522387287,-0.0020238081177249567,0.010062795582474804,-0.008472484314589579,-0.0009060594932701616
2016-05-20,0.007182020817917634,,0.005930034752942515,0.006941726951735561,0.005114096424097436,0.012080033162690462,-0.005149855091783118,0.006823256549506329,0.002283060604704623,0.009268939358720196,0.006606870022320521
2016-05-23,0.01166767243995559,,-0.002569514426997266,-0.0008616277831070551,-0.0018172227687325293,-0.0018722644985922354,0.0009583848122665106,0.0031330950391186274,-0.00890428382850883,-0.004017967437643044,-0.0034747779667191336
2016-05-24,0.006621444081528427,,0.0050005479486043836,0.015092673442457905,0.01037659813150138,0.01875716687936313,0.008428179707239858,0.0066919082238514616,0.010029044874733994,0.014407099126296119,0.012010923153805475
2016-05-25,0.012306461904763255,,0.015832532431076407,0.010620048647334235,0.006846822864823299,0.006904381150074634,0.0015191438867261375,0.006774454787300321,-0.002896007758021568,0.006249038761473313,0.005487570279157916
2016-05-26,-0.010689763297681343,,-0.004156154757248065,-0.005884527511338056,-0.0028628757919844094,0.003199808448426378,0.003982361945600532,-0.0007546247892776803,0.011410888799960661,0.00014137347723308658,0.0020305929206754225
2016-05-27,-0.00042358559203026225,,0.0005958269571402219,0.006765255194413511,0.0037686990253484876,0.004785129397389953,0.001133398100722438,0.003933351030282806,0.0016407602445502878,0.004516152250194194,0.004686685799670798
2016-05-31,-0.005087247780547588,,-0.0038725593030902727,-0.002519804504329426,-0.00017874947483220716,0.0020404666053843723,-0.0064149440297510685,0.00047011610005220916,0.006553463339701526,0.0023881690924383303,-0.001008725755138884
2016-06-01,0.0012783892374741423,,0.00029859598670678444,0.002104766155274884,0.0008942313326372187,-0.0024890816093463553,0.010254442248742501,-0.0037592450356103146,0.002644854886857617,0.0036439732831083926,-0.0006311969773449277
2016-06-02,0.005532021123986652,,-0.0013447257782763788,0.002101292000548538,0.0012505948321324123,-0.0009076069081047633,0.00037576656892523985,0.0031443157558332935,0.00040588429729715436,0.01284694046380297,0.005556353375569367
2016-06-03,0.00846351026116876,,-0.0038924530888932996,-0.014256261434043793,-0.0008923164710268328,-0.002270789146009866,0.006388705717553567,0.004514123613747811,0.015821269573911723,-0.0033085547650926195,-0.00653002490639254
2016-06-06,0.010281777340030107,,0.022091961076479594,0.005955390836410945,0.009465755648897956,0.0018209979157519651,0.0011200928724777182,0.0004994261920681087,-0.001397434165710587,0.005394729977815871,0.0025284018711821954
2016-06-07,0.00041474593942414373,,0.02264336085942542,-0.002114559003977612,0.004777380453433011,0.004089411794223841,-0.0011188396681399704,0.0008111001115627126,-0.0007998149002779176,-0.006191430659682973,0.0012607458660882642
2016-06-08,0.005813096624851077,,-0.002300318047172234,0.0008474488799612434,0.006339208335128799,0.0020358497152135335,0.005974445631304226,0.004799624899286314,0.006003673902443385,0.003461030064505266,0.0011334236918263407
2016-06-09,-0.007223991460124868,,-0.007637965936938218,-0.007196977758161416,-0.00017525082476921305,0.0002258738223750445,0.0038975483697658575,0.0021089543489114515,0.00855377291381565,-0.0016553563451238151,-0.0022642809939292796
2016-06-10,-0.007484194114117493,,-0.02163811445598607,-0.012366846485369232,-0.011725621410743625,-0.007675003092478039,0.0007397173605212526,-0.004890276009375305,-0.0025643043007305133,-0.008015706419067459,-0.010464036249268283
2016-06-13,-0.01110213092910839,,-0.0029687784159116992,-0.006908390205615733,-0.010802100438290885,-0.011146456038856445,-0.008313379756762385,-0.000311050008022673,-0.0011863855945747348,-0.007940497525619317,-0.005478373426105021
2016-06-14,-0.007413636981007499,,-0.0005957945151354727,-0.014782574572661633,0.00017905461758083163,0.0023002710213542166,0.00391206921276499,-0.004667201853516323,0.005345643537642664,0.0015442194129431375,-0.002562195043561255
2016-06-15,0.00448150478841991,,-0.002383159020878156,0.0013238425946495713,0.00035796400973220344,-0.0025248908491938282,-0.002968746392659427,0.010315824299722998,-0.006302007611879268,-0.006870255485147192,0.0028257957045991766
2016-06-16,0.003399227312032016,,-0.00477821343852558,0.0026441226494617887,0.0017892606735325778,0.00207090678485633,0.005211144674096113,0.0051359578636440695,0.006341974785250226,0.0035296929732513416,0.0032015707560899553
2016-06-17,0.004361949174886748,,0.010209234587623683,-0.0008394391187540595,0.0008439816507852527,-0.006668278714405118,-0.004042165390679586,-0.0015517140830233478,0.0036133506615554367,-0.01038236866311526,-0.0015756382517783107
2016-06-20,0.005720688287530695,,0.008671082271209052,0.005749565742675156,0.009151504804584487,0.004181327482361663,0.0031796622514213,0.0009325739657584098,-0.0037587216443100147,0.006280479001648853,0.008982198219876114
2016-06-21,-0.0027386226574284134,,0.011856963014841293,0.005717128344314704,-0.0007113251604669024,0.0069398287084270205,0.0026099971322548488,0.008074202857442314,0.0013897739509587392,-0.003404254239540383,-0.002289281350737138
2016-06-22,0.0010563365849058926,,-0.005565969847659558,-0.0008748691539055553,-0.0028470052271818425,-0.0034463881632572635,0.0005575804927817618,-0.0009240797265049894,-0.0047590285985211755,0.0028460173990325632,-0.0014020421773408565
2016-06-23,0.015403666252728154,,0.016497104015342545,0.021006848109774934,0.011599001201810344,0.013600906441242788,0.006132714445849841,0.00431720280267367,0.002789683471215776,0.01305745861844354,0.009829043270865867
2016-06-24,-0.043640852025075505,,-0.032313946994922293,-0.05357911697505191,-0.04074801625255364,-0.03843523611662725,-0.01920954692895316,-0.012588244658826242,0.001589186348904592,-0.02899940173965343,-0.03716329566203869
2016-06-27,-0.03368079447301453,,-0.032045743191535525,-0.028532531044736187,-0.023538065556691468,-0.020104158761573343,-0.0020714480706232052,-0.0015548553050223068,0.012299547157554214,-0.013418099599007305,-0.018380148412470043
2016-06-28,0.008544782449743327,,0.027846516269177446,0.025640578630243827,0.016949119453839145,0.019792473607178174,0.006227522572037847,0.018374317091681025,0.0037230621543473674,0.019450494972780952,0.019928092917401496
2016-06-29,0.016945599561423386,,0.018964509554302733,0.022727754528282684,0.01777763236384433,0.015384667721794587,0.011627706044538666,0.01896000955605559,0.0027332819431149513,0.01907849332604883,0.0161287148329734
2016-06-30,0.01600522675877647,,0.007976569536142009,0.01599963448756725,0.01910494722907008,0.010955914422032142,0.022432642970750205,0.008103488097625178,0.02161215070758571,0.009431220598838719,0.007355913418187532
2016-07-01,0.00043179240306567834,,0.005275245323241862,-0.005249307490255872,0.0032136252043619695,0.0023056135949910406,-0.0047145263607420995,-0.0005952759354945769,0.00019078021626883768,0.006275524189817139,0.010376610236753292
2016-07-05,-0.018119381572624382,,-0.02011642716813966,-0.014951399851433123,-0.009076264638318232,-0.007361594840085917,0.005647696043955763,0.007298087479746362,0.00743123379956967,-0.0009702314259427691,-0.00811473043905886
2016-07-06,0.003954513202500065,,0.004314298380556414,0.0026784271196527154,0.005028708010421656,0.006952696330054131,0.00090563313449743,-0.001330810514247105,0.002080360290969141,0.011235580796850053,0.008564382249390379
2016-07-07,0.0026259240523118788,,-0.010220984467728012,0.0013354490831041232,0.0026802527997560333,0.0,-0.0019907506743296333,-0.012437136988657671,-0.01849747602154661,-0.001508323658654609,0.004309305663726004
2016-07-08,0.02487988432031485,,0.013319523599691241,0.01911997712786717,0.019960927832641806,0.015650358510136853,0.009974680626054777,0.017331763880253703,0.010384719147909838,0.012364023538854685,0.01741554914826926
2016-07-11,0.004897642113228962,,0.0019198562013944542,0.005671311763760123,0.00629055338063278,0.00589141447112862,0.00017960370751590737,0.007721546674194224,-0.0007615142907309025,-0.0027138496931528033,0.005829745738497927
2016-07-12,0.01822412087409142,,0.024764105779986778,0.01258144462494637,0.009203260131013247,0.008109925251819083,-0.005386082168359785,0.0020473674898262573,-0.013714063194233184,0.004898380687977211,0.003946183342389942
2016-07-13,0.0027054700049833347,,-0.00863041463542047,0.0,0.0024084852381986988,0.00022360250559527728,0.0055953483358479605,0.004670543371171565,0.007918241152528926,-0.0004061077097916588,-0.004913133097457112
2016-07-14,0.008925115085521407,,0.0050781402061366165,0.009426355595551827,0.007552354502061709,0.006478867439684066,-0.00017909708008079228,-0.005549082530241001,-0.00651469569863794,0.0043351302132170755,0.004073207195572692
2016-07-15,0.0034967982607247983,,-0.0005772961649188613,-0.001697542973589261,-0.000170378758352685,-0.0008877970368915689,0.0,-0.001460716500784498,0.002892734134840591,-0.0008094603057154925,-0.004425501161340328
2016-07-19,-0.005906084524154309,,-0.005628967676645336,0.00042384448669841035,0.0005115055310234151,-0.0022072690787706684,-0.0007191489866649192,0.0028667937275901334,-0.0017257754326794883,-0.0021592338744249595,-0.001844911091715029
2016-07-20,0.0004098470825515399,,-0.0014516110915385738,0.0016941851129770313,0.0018750479651374885,0.013050087876419925,-0.003596914783099092,-0.001400010436105048,-0.005762430390517492,0.009060276574381465,0.004189922654616041
2016-07-21,-0.006144052281496726,,-0.009885058717040263,-0.0050743144322039635,-0.01020750785462754,-0.005239922840128641,-0.0028882573904703834,0.0029207260714609884,0.005989325432988135,0.0029480112714164175,-0.0027000152840815916
2016-07-22,0.0026788056862006027,,0.0030830030806812125,0.006374677569810805,0.0018905296271805039,0.005926312745079931,0.004706756888500863,0.007571110861078534,0.013251268792321635,0.0020046346009574556,0.0041842554082949235
2016-07-25,-0.001644062391199519,,-0.019905878649198905,-0.0021109990907065557,-0.005318196396863928,-0.001309353395265389,-0.0010809565044622715,-0.0014449776524176894,-0.0017056262561885305,-0.0010668285722581494,0.001593426992246405
2016-07-26,0.007616072495910675,,0.005823993818691475,0.0008463755980194776,0.008278649172710262,0.002184624154685455,-0.007756186009821087,-0.005644240799931088,-0.008733738367175947,-0.0017354553169055542,-0.001224144007038408
2016-07-27,0.0012257419976848816,,-0.009799198080465144,-0.0004225930465677763,-0.00393410550600537,0.008284360243734135,-0.01490642339885262,-0.007422264346799379,-0.011492241255645297,0.004547128040435444,-0.0030625615740140777
2016-07-28,-0.0014281402258365938,,0.00014956858863168776,0.002114450983897953,-0.00034366266691809866,0.0006486860200618505,0.004428987404785589,0.006158543432867258,0.003875482934133867,-0.0009317029365309981,0.0018432854099157403
2016-07-29,-0.005108442779285904,,0.010194970674205939,-0.0016881098514104353,-0.002920278623507966,0.003673656735334374,0.0049605610098582,0.010725579750918923,0.00598374359828191,0.001998487341344557,0.0011036674916249378
2016-08-01,-0.005545150754279082,,-0.03294745080892669,-0.0025372164359795946,-0.0012060580128581133,0.0019374051057832187,0.001096945657593107,0.003229825877016479,0.0005748954712980758,0.006382737329725385,0.0015932438115500158
2016-08-02,-0.0026847006697584552,,0.009054639720550872,-0.008478406172443553,-0.009315066235244585,-0.007520813764438805,-0.0014612315212473304,-0.015234795798677592,-0.006519298941367935,-0.003831942377758857,-0.014923872234152924
2016-08-03,0.0024849887982247854,,0.01931566248003591,0.010261264688343319,0.004875394252570775,0.0034643669364327057,-0.005486465495964765,-0.0075887169508935814,-0.005983444510797575,-0.002785573807207453,0.002856356998870213
2016-08-04,0.004131381560142922,,-0.0014923668738040519,-0.0025388897140590228,0.00034613447761810967,0.005393535856032194,0.0022068018714866966,-0.0017646815120248016,-0.0005825188383362656,-0.0014629366579831382,-0.0004958104072786407
2016-08-05,0.0032913166930015336,,0.009115457139753591,0.019091685559530003,0.01004699616760596,0.00965675475707406,0.0016510953389805572,0.0,-0.014377273340803076,0.0023977609937289035,0.010530412620910479
2016-08-08,0.002050537809099806,,0.013327777409297248,0.0012489503161501325,0.001372146614082137,-0.00021276171352968554,-0.001098795467807001,-0.00029449076457666035,-0.00039424034406432273,-0.008505197399446218,-0.0033096892991573146
2016-08-09,-0.0030694180253719727,,-0.005261175199668178,0.0008317113932347908,-0.0003426437913276459,0.002125823211670985,0.00311767234279281,0.006778554196109399,-0.00019699419855145894,0.0024127843890249245,-0.002951991863354597
2016-08-10,0.00020511248803178894,,-0.0108707440240573,-0.0078938193321767,-0.0005139488148367954,-0.0031817463177877814,0.0036563654239629706,-0.0020490100616180618,0.0001970330129119624,-0.003342731133723853,0.002097081093203501
2016-08-12,-0.010625266448234139,,0.005562061906398741,-0.0029254110318382986,-0.002724978013352697,-0.001060072191758854,0.003460677468898554,0.0032573491283813816,0.0013768214761795683,-0.0025342078998839,-0.00048745815290462957
2016-08-15,0.010119748126472539,,0.00800549068202061,0.006705735716765249,0.006659965550309899,0.004881722193916138,-0.002541122184671063,-0.0011806731849665075,-0.015324023518187069,0.0017384723580025074,0.0019511948343515773
2016-08-16,-0.005315797636965547,,0.0015887575441311252,-0.002497900632300043,-0.004410526116198632,-0.007393096526117193,-0.004367909365409872,-0.012115893038703307,-0.011771843522059622,-0.008943985020393508,-0.005720678316623928
2016-08-17,-0.0008221052389671968,,0.0030276051235491597,0.0033388743527569265,0.0028967020831758283,-0.0004254370130560847,0.002741593344669946,0.004188061073261862,0.014940405754577224,0.0020204133788419565,-0.002325837031425193
2016-08-18,0.0063771518182791365,,0.020555026303906265,-0.0008319408422480246,0.003058174460207841,0.0004256180867436843,0.003463471659042705,-0.002085257822353914,0.01233349108880244,0.00040303948879327756,-0.0006135927078991799
2016-08-19,0.0014310507508787929,,-0.0083099436595383,-0.0004162001567077356,-0.00033894777936915865,0.0006381105378743257,-0.002361545711997759,-0.007761112361942102,-0.012183229338325385,-0.0008058743989590722,0.0006139694350673075
2016-08-22,-0.0014290057710970583,,-0.011504180643792772,0.0,-0.0008471985669560311,0.0,0.0014568852924652376,0.004813542892552869,0.0025862169943946522,0.002017152774186348,-0.0009814793491549345
2016-08-23,0.008585454544424165,,0.007040133843046137,0.0012493536820059603,0.0008479169209563153,0.0036158415179303738,-0.002000067905199021,-0.0005989786030127231,-0.004365140693363689,0.0009395709900614779,0.005035554164672051
2016-08-24,-0.01155255162350144,,-0.003994602411347192,-0.0004160869394492783,-0.0030498079293784786,-0.0055099283880410965,-0.0016397231850682203,-0.0026964649611962432,-0.00039866436629198976,-0.015687846327445132,-0.004766124412168393
2016-08-25,0.0049209686579188006,,-0.0027217544150636153,0.0020806012983212163,-0.0001698967735392909,0.0021312563882520674,-0.0038323046840018637,0.004205594975069671,0.000597977606165534,-0.008445672147330385,-0.0033153865076200884
2016-08-26,-0.005713126503435584,,-0.003447256153337186,0.0012460712752304648,-0.002889731894414993,0.0004250750982484064,-0.005129066046416719,-0.009871276630141756,-0.02072117233599724,0.003846414457746361,-0.0028331086672830352
2016-08-29,0.009029545689842378,,0.006774510678677181,0.008709784717237046,0.007159788641594833,0.003825667652187059,0.005892269485414436,0.00996969020002303,0.008138381811287676,0.002189966397179166,0.003458891598374869
2016-08-30,-0.002440608875303507,,-0.003436065989480541,0.009046567044051379,-0.0027079925488056045,-0.0033878125212298826,-0.005857754020148431,-0.002990941401849967,-0.01049445692986184,-0.0034141849054105666,-0.0055403350070919455
2016-08-31,-0.009989487476571246,,-0.015802320397823033,0.000814647538524893,-0.005600739921563513,-0.001699394973358026,0.0012889906517332683,0.001499877692887619,0.004078886709812268,-0.0030143811291175604,-0.002599525108038625
2016-09-01,0.004118524139542279,,-0.0029193255393415996,-0.004071632910700895,0.0008532622742993823,0.003191902140670555,0.0003680419281482106,-0.00029966879670351165,-0.005078053604789745,-0.0026115494968339537,0.0019853389069488525
2016-09-02,0.010048897617255914,,0.011272104159183671,0.004497106769697501,0.004945270829688875,0.00445489323079884,0.0077206931931315115,0.006592789035027691,0.013270811901569202,0.0011025892299940665,0.0019821363305763118
2016-09-06,-0.002233364446091235,,0.015055071653245156,-0.0016276482916190993,-0.0028845227971375786,0.005068751425123308,0.0021889089348630097,0.00833583004093108,0.010880623184347016,0.0035790066896184136,0.0018552022755313757
2016-09-07,-0.0014246439236345054,,0.0057045114768465854,-0.00040788948707093375,0.0011912032287821894,0.0025215055482714632,-0.00873687103967602,0.004986258995674175,0.00019932043673853705,0.0,0.000493221790288878
2016-09-08,-0.004279558531535388,,0.018717653665139,-0.0008156549080605702,-0.0008498580530964528,-0.008174148626973743,-0.005508537255638157,-0.01269921991005396,0.003387463369558752,0.0008229933258974143,-0.008634198510850899
2016-09-09,-0.029062566336996887,,-0.0297881701469509,-0.018775491444524173,-0.028240927641579594,-0.024514340352196573,-0.02714203304743512,-0.03798980211318337,-0.03753700303902974,-0.020008109797614804,-0.02413847330933483
2016-09-12,0.009485822345634665,,0.009899760117301426,0.011230968333698188,0.012780266899890425,0.016681125791454976,0.01878894199343728,0.004042174176189128,0.01774664373893553,0.014822508462027706,0.01402528404097425
2016-09-13,-0.018584417324656988,,-0.02855509825865299,-0.01768795868611639,-0.014693422493452624,-0.007244470150835625,-0.012294676822661277,-0.01765260894637566,-0.013787486355102407,-0.013366260251972517,-0.014208507569194895
2016-09-14,-0.0023401823173749836,,-0.011845703700136712,-0.002512310532748696,-0.0008771430423967219,0.0047220721805056876,-0.003018000202216098,0.0018918613165455067,0.0039062134960610173,0.0,0.0001275494154504564
2016-09-15,0.006397760956090348,,0.012431822583615526,0.005877253492026169,0.007901534444575642,0.01644930561595004,0.00813456606140095,0.007551749473600378,0.00757734427691692,0.010335276649294345,0.007269819602963246
2016-09-16,-0.0040042039246093175,,-0.008074018982461073,-0.009477913919002656,-0.008372902553871464,-0.003672348635452516,-0.003247450294307397,-0.0034353001101067315,0.009757161233942435,0.0006801981005881697,-0.002160742825805362
2016-09-20,-0.002989715461258813,,-0.007269485500922768,0.0005180176799188807,0.0008791743833560517,-0.0006363199300818412,0.0026576562968403383,-0.001861265208602192,-0.0018090712782111718,0.003062131391741385,0.0007653300764334237
2016-09-21,0.015206729897440097,,0.023162319463593484,0.006211235456684561,0.01300298209326245,0.011255068119840006,0.005490347901268899,0.011497789169483408,0.02033816987617154,0.009990382369568618,0.009679777560688718
2016-09-23,-0.005047441620741333,,-0.013275316188742559,-0.0051336899639087274,-0.005856242721387961,-0.008766679062534921,-0.004479257421720173,0.0039168115174059714,-0.00078531330504783,-0.00313584702367542,-0.002254156841306587
2016-09-26,-0.004650334051489624,,-0.004435143394309837,-0.015995753972529392,-0.004331152613136657,-0.005895905896703746,-0.008436522687826353,0.0021009876906532554,-0.002551936564137658,-0.011625990616420223,-0.011045009134415085
2016-09-27,0.0029735022144119494,,-0.006682352282046944,0.007865798336492258,0.006959988955369978,0.011015027650598919,0.0041595757967813896,-0.00868520189992339,-0.012989489748296279,0.007057251983686674,0.010153038630330125
2016-09-28,0.011433371138019677,,0.043205135888217505,0.004682457727092082,0.0077759450817052045,0.001885355729801086,0.0016945748893486545,0.00694878622794759,-0.0013958441670909316,-0.0015111889993177918,0.0027642915127079615
2016-09-29,-0.007745614473131046,,-0.0017197633026406756,-0.013982020787321248,-0.007887348582806819,-0.006064043269519592,-0.00977451837770904,-0.01230146920850661,-0.01497608571508069,-0.017616536222735513,-0.00513719841244864
2016-09-30,0.007383681680459553,,0.013637783946547355,0.013655521280663718,0.0089869529162101,0.005259489960830477,0.010061094211503585,-0.004556409130833994,-0.00689215823890299,0.010227302085261236,0.00806041343021402
2016-10-03,-0.0012566476951847427,,-0.0007082045983765051,-0.00466339932628701,0.0008566681406447785,-0.0029303239850854146,-0.0063900833151423475,-0.019224882120805087,-0.014085093072639054,-0.0008321882919903878,-0.0006247206570973995
2016-10-04,-0.013629157986124518,,-0.010204036977500053,0.004164534355757921,-0.00838612122713922,-0.003568045245670004,-0.008511522328517485,-0.015245802680591503,-0.0209103203557911,-0.0019431632628079676,-0.0035001185537575363
2016-10-05,0.006802625371740811,,0.015320919927236387,0.01607049713033959,0.006386029910662172,0.0035808217797970165,-0.0009537707058621114,-0.01864132958227538,-0.0021145820822281447,0.0038935832778785873,0.004139719238835493
2016-10-06,0.008234451718494018,,0.0015511890403967499,0.0015304812569774118,0.0,0.0023091198303286653,0.001909643019339713,0.001931722827948068,-0.00021250322065013982,-0.0037402050695649613,0.000749601823223145
2016-10-07,-0.01863852545893152,,-0.00577308774620644,-0.0005095730984167046,-0.012862292505262718,-0.002722328169400323,-0.002668292535425776,-0.0025706927844300065,-0.0012717080510029621,-0.0006951574701372643,-0.004494242047305641
2016-10-11,-0.013576686589566567,,-0.01143332640551531,-0.00912758161290883,-0.010412885468295552,-0.011261465137124227,-0.005159406245318299,-0.007702263728500025,-0.011365660060549065,-0.025069338689421627,-0.012144307751427053
2016-10-12,-0.0019350992023757785,,-0.004231292496536976,-0.001023955814249411,0.001928960754999709,0.0016869168617361652,0.005570404176697963,0.01423039496802514,0.00979345915650165,-0.004688055984056749,0.00468906743384867
2016-10-13,-0.005171325920795833,,-0.005524252939978047,-0.009733432473260861,-0.000349788126317252,-0.0063167254265594774,0.00019100917386571936,0.003188627471789829,0.012439591030398489,0.0004283966039555498,-0.0036581108008203467
2016-10-14,0.00324887971638832,,-0.005839451779543037,0.004656045231894224,0.0021007189727166864,0.003814395694932138,0.0001908791739504423,-0.0012711630004995644,-0.0056227386498942655,-0.006706003640002511,-0.0011396530120297843
2016-10-17,0.00086349616120307,,-0.004871064781300949,-0.004634466944176463,-0.0026208639600775463,-0.002111115564691457,-0.004773686777963859,0.0009546693539090878,0.005444950547106808,-0.0033033403085446222,-0.008239437504485081
2016-10-18,0.00905938309820642,,0.004031024794617588,0.008276893048736023,0.0021026091153530935,0.005500566123420203,0.0030697274309783307,0.005087772561035431,0.00853982288612376,0.011961288493699263,0.006646333346216116
2016-10-19,0.0072680368106237125,,0.014195801741309966,0.008723227787164944,0.00314674757064326,0.0018932888380194246,-0.0057381361632304895,0.003796139373246632,-0.002271598617959225,-0.003702344094775434,0.004444008847918068
2016-10-20,-0.0008490310764492914,,-0.00113126814190323,0.0,-0.005402780534803364,-0.004619824169789122,-0.000577294810460649,-0.0034668624406085646,-0.00062092777868894,0.004716868207838454,-0.0018958756952791589
2016-10-21,-0.00042448576010400974,,-0.00651096682382124,-0.0005092559955361953,-0.001401723225719742,0.0027427842817613346,0.005389908981130009,-0.0006324483850367324,-0.005799527771984558,-0.008251238668052774,0.007978419832257666
2016-10-24,0.0023372258447760252,,-0.002991905737172229,0.0030531743528283695,0.0019302911694900615,0.009677783940623685,0.006509701783597999,0.0012655308723976688,0.0037495207866813374,-0.001865321392856778,0.007161428376640133
2016-10-25,-0.009115558256201917,,-0.004572848356874548,-0.001014435454432916,-0.002627065573877485,-0.00354246053144891,0.0036140797370374234,-0.001263931328281176,0.006227097504994061,-0.0028743347431331445,-0.01172629043368667
2016-10-26,-0.0014978835216586939,,0.002297129168825629,0.006094403679369087,0.003512006538051393,-0.005646039822311377,-0.0013265812239335872,-0.012974686387606349,0.002475001721979231,-0.006054022792725489,-0.00429171216169244
2016-10-27,-0.0012856292083452958,,-0.0037238977970938114,0.0025241434088418835,-0.00682404915335888,-0.0012621931881589,-0.004554731734209727,-0.023725560385266964,-0.0059668383691913185,0.0046403883147219105,-0.00836698538817715
2016-10-28,0.0025745683569691202,,-0.002731509625780837,-0.004531790610337816,0.005989976560377475,-0.0010527136964481043,0.004194469055672556,0.002627256296962699,0.0031047449080900957,-0.021651028080659107,-0.0023014517336754636
2016-10-31,0.0004275666069986084,,-0.010811662568390612,-0.0015170919121269,0.0019264938197152137,-0.00042170671416175143,0.00246793933434164,0.013756715720173451,0.020016603351636464,-0.006196670758262024,0.0007687049474267571
2016-11-01,-0.005775040545918597,,0.0001458794575868172,-0.004052490094779926,-0.008564875774394909,-0.008645971414653175,-0.004356047151296005,-0.019709170060945413,-0.01820762524088626,-0.0053440403706694894,-0.007042304266046795
2016-11-02,-0.005378422330109323,,-0.011073768981094356,-0.006612725386958562,-0.0037028794483314753,-0.006381311290692193,-0.002472913963217249,-0.015490824377623169,-0.012569529802451851,-0.005224163199137988,-0.006059931245899763
2016-11-04,0.00346015911563069,,-0.005430040970015093,-0.003069254929562115,0.0008862692853943699,-0.001728944652111597,-0.009023881934418387,0.0067252567196876,-0.0031185131906996677,0.006967744494984718,-0.00195108606050709
2016-11-07,0.01530157232645224,,0.02154366229666893,0.025141357097856476,0.024614881712208714,0.021654343686435595,0.016857011432830804,0.018369875199417462,0.01751843310564527,0.025571416424746918,0.023067888503034206
2016-11-08,0.0031840543417145373,,0.0012998866684372778,0.0005003065993092193,0.006049251796135469,0.004875102382593255,0.004191791538336265,0.006231408464548283,0.0077881621572766235,0.002786685296834568,0.004075877316221277
2016-11-09,0.021159493358681836,,0.01630098847470607,0.042521448953688035,0.02508133118390754,-0.0012658314399141002,-0.013662161333425016,-0.022490011389603604,-0.03681092401350172,0.03524943724387186,0.002030305387683784
2016-11-10,0.011603652710060475,,0.00425855971458966,0.03694831565141965,0.021283559810524766,-0.016050333961108998,-0.026741147243431462,-0.015004961067519584,-0.024071045318955986,0.011020414970243975,0.0036715417071950807
2016-11-11,-0.01372361424598656,,-0.01823325090074379,0.0027763595390319917,0.0018052476051340083,0.003004627076902855,-0.0009879811277890838,0.0010157829026131715,-0.004110773477632557,-0.01495278294596325,0.005677102290517988
2016-11-14,0.0022844122346976636,,0.005614676318537848,0.024457706233092846,0.004258939466507794,-0.015193540020229102,-0.001780938637309215,0.019614036794055156,-0.0006513504729522834,-0.0031210207222758246,0.00012569853298316502
2016-11-15,0.004144304543239441,,0.028203099223124584,-0.000900551950207884,0.0037514557819906535,0.014124063014839372,0.006144576781293987,-0.006633453332539174,0.01608672905254238,0.002846111146221686,0.003887842118043716
2016-11-16,-0.0018573064693201413,,-0.006961714906529637,-0.01442753655816953,-0.005687442196682269,0.009213577691266961,0.0001969923265605633,-0.0006678890965283735,-0.006846508129639384,-0.004257082284585878,0.005497604747751295
2016-11-17,0.00041344998115189213,,-0.0067299639456939175,0.013723764587172171,0.0021243776640798018,0.006369743864128585,-0.0017727746566142955,-0.009354852054909824,0.00021536624950480032,0.003990195968275767,0.012052356189243163
2016-11-18,-0.0014464293957615615,,0.004093330049095512,0.0,-0.00032596018080954803,-0.0008439472894434807,-0.003551845935687248,0.0020234967499213052,-0.0030148091981297975,-0.010645569677077749,-0.00306932352266287
2016-11-21,0.011796419705337513,,0.02375975108080497,0.0036100374677430214,0.005383204513070172,0.010135210513894322,0.006733096811454065,-0.002692960237027253,0.010585012520674564,0.0035864288188878213,0.006526837969612842
2016-11-22,0.006136068070982992,,-0.0005494769406647615,0.00044946602743523023,0.004543397497749124,0.003135298588613944,0.005113836388635162,0.017212137042666553,0.0038479640890258793,-0.014438618930879943,0.011868544492859234
2016-11-25,0.0030355591681940908,,-0.00492608642476855,0.0013408741779163957,0.005451052395577527,0.004184073148442158,0.007871065117846854,0.004343609631654921,0.01441189094197215,0.0039014410984661296,0.002416169952574654
2016-11-28,-0.004035503303208676,,-0.013888839564131006,-0.011602114472983427,-0.00685677262483364,0.0008333980908150629,0.002147454665828441,0.003659379246212957,0.01929623613600917,-0.007484704495919425,-0.007953879101483263
2016-11-29,0.0010132197191312642,,-0.012271541941769604,0.0027087763782103202,0.0008028791079268682,0.0006245719049033926,0.001363538319452795,0.00696043392397705,0.004160647378022908,0.0065258690344704995,0.0026723120917686582
2016-11-30,0.010726318368686316,,0.0508259233348729,0.013507599547846638,0.0012834321821590944,-0.01185788266971255,-0.015953196183899898,-0.012178855704516822,-0.03148941362461999,-0.00950887640379483,-0.008359679941123632
2016-12-01,0.00040063612143748095,,0.002418293036621222,0.017325858845584685,0.006569535944374261,-0.020631587269342666,-0.006524172519533633,-0.015328369002144848,-0.00791492875764388,-0.00727242876444012,0.0004887863403357784
2016-12-02,0.00040001567678760175,,0.0029486028092429173,-0.010917345382932875,-0.0001591955025664893,0.003654671547888233,0.006368025218342677,0.009475328178441211,0.009055945133179089,0.0023443298414653757,-0.005494954667034313
2016-12-05,0.007803072341331596,,0.00881995238784783,0.011920409423065603,-0.0007961756165294487,0.009637747263364194,0.0011868790841635946,0.008045765906327995,0.0012818144530626352,-0.001754135109815147,0.010928103954986446
2016-12-06,0.0011912831109182065,,-0.0018548147130091897,0.008725982280665567,0.0019121011985863134,0.0029699290994733563,0.0029622777699274128,0.0043233859844205025,-0.0019206427950866356,0.002782130598179222,0.0023079691045146955
2016-12-07,0.014277294018580466,,0.007963030283477446,0.015570681242649487,0.018606890601877035,0.019035497287207104,0.014375838539151031,0.020860817417990063,0.013042643163007073,-0.008615682786762724,0.019389243807684142
2016-12-08,0.006647182116147787,,0.00539842489883946,0.009370196196289093,-0.005620771063159391,0.00249059136144103,-0.004076985688626356,0.005189918406133032,0.001688236596987247,0.0019149342960889104,0.0
2016-12-09,0.0001942432582593412,,0.0031429926365977856,0.002109460110650385,0.004553466509988224,0.007246547979289808,0.014425228327937134,-0.0006455599388409672,0.01053536801863797,0.012202267911075149,0.0022581581517511218
2016-12-12,-0.004466013317358963,,0.004699644483156407,-0.009684272797045645,-0.0035949012235906297,-0.0030836166875982673,0.004035180776719605,0.010332660306269892,0.010425317633882436,0.004792850047493635,-0.008302238006721696
2016-12-13,-0.0015605243548302283,,0.01130456052446771,0.002551283965887663,-0.0014116472712828454,0.012577735761041264,0.0045933689491557406,0.0025568941075491125,0.010318068853707896,0.008094853239254851,0.008970190216454954
2016-12-14,-0.011916125603463112,,-0.020043596998343904,-0.00466517893158136,-0.01005358055605965,-0.003461499423583536,-0.010859136933659808,-0.017532903525117938,-0.02062926653426167,-0.005161856589844471,-0.006756894672117597
2016-12-15,0.006524079089714974,,0.002229073069386134,0.0085213997006659,0.0011109743840704844,0.004495046236076439,0.004237286936674467,-0.00811162286365863,0.007090728231439858,0.006486040262949633,-0.002386645132594234
2016-12-16,-0.0030843446329669177,,0.006207281058274061,-0.008615109128542686,-0.002009670147655629,-0.0072327336756516925,0.0057191683238320135,0.01402448185059213,0.012189841010789015,0.0007910423464403404,-0.004909612939536623
2016-12-19,-0.0019831379839477803,,-0.004574295346324031,0.00042839464150579154,0.0055931284868948605,0.007203392096712724,0.0019211665243199505,0.008869923116025413,0.0037182690800454665,-0.0041681578743574255,0.0026600444599640394
2016-12-20,0.000794813305532216,,-0.0022324315905351,0.012408864039327172,0.005720394151362829,0.0036775121830063817,-0.0019174827207060208,0.0006512205151862904,0.0012350751745400235,-0.0007216558850317023,0.007960674311202176
2016-12-21,0.0003969550339166794,,0.0015792215366778883,-0.0025358706014235732,-0.003791904910237398,-0.002035661797865851,-0.00019190187174844553,-0.012691333768654056,-0.004111247987045985,-0.005632276414145987,-0.0004789060040303328
2016-12-22,-0.004168277315970359,,0.004072660555413332,-0.0025425086410044706,-0.0019031690913412502,-0.0020398996749345644,-0.0015374710585852602,-0.001317984360315827,0.00350853168284071,0.001307217244703729,-0.010774300105344192
2016-12-27,0.005371212524454272,,0.0022268771135269816,0.0012722370194682142,0.002064054729491227,0.004084135449912152,-0.00019214509363385535,0.0026375183495541688,0.000823114233083011,0.0020154350683019295,0.003881165818234278
2016-12-28,-0.010091360261515803,,-0.010846829864555319,-0.010164963912353775,-0.010456702170543508,-0.008948619091410204,-0.006147583465174411,-0.007563384816744345,-0.009455734826537832,-0.0076149699117982195,-0.00688631169508791
2016-12-29,0.0,,-0.0019819245763370574,-0.00727447768652123,-0.0003201317276435578,0.00020488567173093664,0.004639207514287147,0.0092778818243211,0.013488605377821594,0.0017374904858589169,-0.0013385603928746104
2016-12-30,-0.006595882476851722,,-0.002912363605635071,0.0021551904242262943,-0.0035232188736131764,-0.007796272188606235,-0.005003020910687717,0.00952074961177729,-0.005528401683301376,-0.0036132370452975904,-0.008405366666866754
2017-01-04,0.014602951207918435,,-0.0021001647489942155,0.008082005462734854,0.005911487492179068,0.003483927534238651,0.0,0.012642137014697186,0.003715408580826418,0.007875127263735626,0.013312075240107024
2017-01-05,-0.0029573823646025232,,-0.0024998005185196126,-0.010126932425636337,-0.002859011636238251,0.0016340399448158127,0.003275412212696782,0.00512146042893602,0.0010279478739159131,0.005114282699059336,-0.0007232017326247453
2017-01-06,0.0009886278452282404,,0.0009233763370670722,0.0034102428558400177,0.005734489007387822,0.0073410557581774505,0.000960354210893799,0.0,0.0030815104475738764,0.0028266787220809775,0.004945320783661833
2017-01-10,0.000592942468881752,,-0.009092106564029034,0.002138984941094657,0.0041499432614944265,0.000202317520035189,-0.005029242921909982,-0.012499901745293363,-0.0031123178547237673,0.0035088330820740588,0.0036036462544968284
2017-01-11,0.008096280363756536,,0.010794512405203793,0.00640229616308674,0.005245592583976055,0.004656094999407001,0.001944043411867158,-0.005517784788797719,0.010407943533915276,-0.010069958576146898,0.002154443959171859
2017-01-12,-0.0019593798535035845,,-0.004138498149600434,-0.008482408720316026,-0.004111437940176543,-0.0024177587879383733,-0.0009699471060539144,0.003916502541745803,0.0008237786642684153,0.000988861802020402,-0.0009553834912326975
2017-01-13,-0.0015697925877039554,,-0.002948687168681685,0.0055607051601673785,0.003810993888275549,0.003029777118189969,0.0005825332901112645,-0.0022756926633251684,-0.0014408176251078375,0.00098819789872584,0.0037056014355241196
2017-01-17,-0.004521102277192934,,0.006184366750382697,-0.023819587828556976,-0.007750839915694363,-0.0038260015844189255,0.014169554444586785,0.008145855401456625,0.010925400814480124,-0.0050765001939800936,0.0016678387286472862
2017-01-18,0.006318687412524948,,-0.0022717322497552983,0.008278918208256547,0.0038259684027524,0.002627483489158422,0.0034449179645885675,0.0022626205046913928,-0.0012233284505007713,-0.0012752235176634041,-0.0017839095469394106
2017-01-19,-0.006279012296563469,,-0.005490808613450526,-0.00432146046404891,0.00730516270223025,-0.0014111561872466316,-0.003623880342419006,-0.00967438806240506,-0.008778943873478995,-0.006385580542764946,-0.003096760486553607
2017-01-20,0.008886071205789214,,0.0037706448029730666,0.004774267546262534,0.00015747752749328825,0.005451109685652433,0.006508468331334338,0.006187057229732895,0.0018534598631383403,-0.0025707486326825846,0.0028675199783529948
2017-01-23,0.0019572203592030935,,-0.010598207786159497,-0.006479341772497205,-0.005516885295614449,0.0018068767872134739,-0.0003804896095184196,0.006148595214293229,-0.005139415054433383,-0.004152260165207755,0.0007150291831794497
2017-01-24,0.025786554769066772,,0.010982678350486275,0.012608389027719769,0.009985778889340935,0.00621428186763362,0.006659345588048371,0.00032183808405727987,-0.0002069237265935886,-0.006901613398952344,0.008215121004322201
2017-01-25,0.006665239396957068,,0.005231057733086519,0.0167455095103628,0.010514581727939065,0.009561557389299757,-0.00018960940462642295,-0.00610938692056151,0.0,0.009410764710271247,0.006140719446508847
2017-01-26,0.002648391421177898,,0.0008007162781908939,0.0025338243897377044,0.002329574770957077,-0.002762747135815813,-0.004347601574203552,-0.0006472574075060411,0.00041361856693411525,-0.007745240669482123,0.001525859291840348
2017-01-27,-0.0035850409059267063,,-0.01039867532608707,-0.003790988082237323,-0.0007750192926442301,0.003957597313809957,-0.005505735198509054,-0.008416954652942232,-0.00020656657427953196,0.008239251387429647,-0.0031641060769155294
2017-01-30,-0.010224713000068664,,-0.01832154728529667,-0.008034065612584351,-0.00852830119854664,-0.008080597141424728,-0.0007638848033505452,-0.005549959326200504,0.0008267514851285629,-0.004874387649567491,-0.0011757526947483443
2017-01-31,-0.005930942040772602,,0.00041147939372665476,-0.006393628780727467,-0.008758089270342606,-0.0049672206740979385,0.0047765368264627295,0.008207534001436256,0.015485930859938657,0.015991717256031768,-0.0015298747706194993
2017-02-01,0.005003620150551447,,-0.0074074130820988016,0.001287070119498912,-0.0017357285149643964,0.0075880836379011996,-0.007796244201662916,-0.011071505307106766,-0.01728309085628288,0.008650136694636101,-0.0018863833029681976
2017-02-02,-0.004404222030221505,,0.00566601819997925,-0.0038560539186877074,-0.001896340654043871,-0.001981935151181502,0.009198959996065348,0.011853967081748795,0.010552250648620198,-0.0002810704594635727,-0.0008266305613267022
2017-02-03,0.001730908082966609,,0.008657472438304836,0.020214776301593407,0.007442445219645322,0.006552708520826567,0.006456282747304032,0.006508387061654242,0.001228545247262014,0.00435962561216896,-0.0013003898603346498
2017-02-06,-0.0026881439961408127,,-0.008446588696790158,-0.004637210575893058,0.0014147460064519723,0.0005918828697042411,-0.005471638692646552,-0.006143132833322906,-0.0020451666910434874,0.0011198405770265207,-0.0029589652595340965
2017-02-07,-0.007893465122001508,,-0.014152320999980983,-0.0025412409780884992,0.0017264580748943548,0.00394338639856473,0.008157956058910676,-0.0019517552570623709,0.0024591048309590136,0.000979090084475276,-0.0009495996515623828
2017-02-08,0.002328538347290632,,0.0023694114976817726,-0.006794035202391857,-0.0014101728613629128,0.001767463185738949,0.004140182647691892,0.008474566288095176,0.009811875118723945,-0.0015366934117871933,0.006178760699847574
2017-02-09,-0.00038704079903328914,,0.011262442309267984,0.01368101973446434,0.007688675106794829,0.0031367407460847208,0.0041227478487881886,0.004201842636487596,-0.008502124478634854,0.0036384064690726525,0.006259246356209669
2017-02-10,0.009103137137571604,,0.007562329090471609,0.002952403464270059,0.007941507392745573,0.0029313250324722873,0.0007464138705253198,0.006758545372727465,0.006329083117656786,0.0019519254718916024,0.006102424261607453
2017-02-13,0.008253183758382132,,0.001910382506331798,0.011354021450961982,0.010041684972341258,0.0044815723595641455,0.0,0.004795690258275753,0.0048689058021298415,0.006123077473772387,0.001166174113214069
2017-02-14,-0.00019027849852970569,,0.0032689251751203408,0.011642471276273492,0.0004588872087405438,0.003297723052245294,0.0001869175313868876,-0.005090500803693998,-0.007268074045891804,0.007883635544576384,0.005709085591920848
2017-02-15,-0.0013325507448660456,,-0.003936844298395692,0.0078090571237852124,0.005351069560021848,0.0032871269443999207,0.00913667398819884,-0.002878465073998915,-0.0024407036621180156,0.01084150126465011,0.005212931250134112
2017-02-16,0.0,,-0.01362999086665384,-0.0024466535110730936,0.00030372783059551267,0.002312537379114632,0.0012931008158802992,0.0041694174936532935,0.00998980646766534,-0.001357864850994317,-0.005070514214040034
2017-02-17,-0.0028602709539765625,,-0.00552679367099973,0.00040876035656789433,0.0016723325445895387,0.003461004306954285,0.00498256595240032,0.00287445856036328,0.0006056444010353879,0.0013597111549792373,0.0032432319501340956
2017-02-21,0.003250531547599911,,0.006808315024673606,0.004903580724086254,0.005008418700828132,0.0051732793595749005,0.008997695910115233,0.013694270553121335,0.01049039066462032,0.00447975587452798,0.005773362338815868
2017-02-22,0.0026681634837546486,,-0.015180937378777792,0.0008134741313758909,-0.0027184646827335124,0.001143585542163983,0.00018195105666962696,-0.0037698367158348622,0.004192452613133613,-0.0014864924885076292,0.0
2017-02-23,-0.005511942237740541,,0.004204290926507648,0.0,-0.006510863965722091,-0.00019018035689888357,0.002365110311528751,0.00662254513068139,0.010338041815647125,0.0073086432737015095,-0.006773563518633452
2017-02-24,0.002102162092956217,,-0.00935004579787646,-0.007720302945720903,0.0042674800891333575,0.0022853123462420744,0.003448814976621861,0.005012518153283407,0.015151410802268783,0.0048376325837777845,0.0046233599883875875
2017-02-27,-0.00247955764921437,,0.008592675854057763,0.005323512922154938,0.0036424125634699767,-0.0005701448609151116,-0.004522327060974551,0.004987437657029359,-0.00562139782876192,0.004814105339319363,0.0011504006420339774
2017-02-28,-0.0009558383976560059,,-0.003072469438324066,-0.0004072619161530344,-0.004082741678264168,-0.004752855119636856,0.0012718061449108475,-0.003101739158285932,0.009162075493880373,-0.001996355517959958,-0.007469443621351157
2017-03-01,0.0195214120652063,,0.0200335788989503,0.028524818143409902,0.016853660851472663,0.014135779902309631,0.004719086196628863,-0.0024892243517159462,-0.008885088107697059,0.010001271508452536,0.011230476963905112
2017-03-02,-0.010700008880315526,,-0.009476659076902094,-0.015451864107698499,-0.010750753883310704,-0.0065926613377881305,-0.00018095472979751115,-0.0031189931099522283,0.007210485944856293,-0.0031684908481369733,-0.0024042724690438444
2017-03-03,-0.0007592651270126316,,-0.001802498036007183,0.004829232752380452,0.0010567653967368251,0.002275187179604732,-0.0037937996727648304,-0.0031293170775562595,-0.0030957926037834538,0.003973437578014716,-0.0014918686116768276
2017-03-06,-0.006456186170406331,,0.0022225725241318273,-0.007609356397165423,-0.0024127315372461933,-0.0015134011649368118,-0.004352396078885601,-0.004079942665433434,-0.0019410635413524835,-0.003825834934793493,-0.003218159750102423
2017-03-07,-0.005542666681677799,,-0.008870419791815465,-0.0028248281744812642,-0.002871774607209332,0.0,-0.0012750829994747637,-0.0034667774013397157,-0.0005835009028232196,-0.007018552000481182,-0.0032289348924863237
2017-03-08,0.0,,-0.026010502541290115,0.00040471612895021103,-0.0034865129859017463,0.0011368109716434205,-0.0021888119097749348,-0.014864110119734875,-0.014399912033878248,0.00400051955413927,0.004164535824900062
2017-03-09,-0.0030755542886892195,,0.006604755751287605,0.0036407892054912683,-0.004563403866223337,-0.00018910792303494794,0.0016450100916343136,-0.012841018728940945,-0.0021713952080486543,0.005446895449864542,-0.0009213043329778792
2017-03-10,0.004627079586702054,,-0.0014264162540238434,-0.00080580623921922,0.006112431984045763,0.005299752288408621,0.00456220451796252,-0.0009758539120502396,0.008310146439997945,0.0038311590073369928,0.0014988250890570765
2017-03-13,0.0028784080490624753,,0.00014270977219732472,0.002419913899809112,-0.0006075973830612647,0.0009413641714808296,0.0007264822560151263,0.0013023534883840338,0.0029434418411684593,-0.0007897370835084905,0.0026481982464434672
2017-03-14,-0.0086107892837608,,-0.011282353467587769,-0.0028168709979226048,-0.009422300199899758,-0.0022569757502640675,-0.0029041723699884114,-0.001300659569856144,-0.0009782678059975236,-0.003688002059028417,-0.00022965738953095727
2017-03-15,0.01602008159514079,,0.022244440382289232,-0.001614382478459686,0.011352968493907767,0.006787191934173098,0.0074639491547832115,0.01920589042264309,0.016059421528621387,0.01255914472766162,0.0052838128776369064
2017-03-16,-0.006838747251216359,,-0.007065096361162482,0.0016169929235032576,-0.004551078671947706,0.0005616882609744689,0.001445350579637683,-0.002235552574525679,-0.010986263675021313,-0.009661476573241234,-0.00011448990976570261
2017-03-17,0.004297676690270036,,-0.0007298240371437226,-0.009800561672276498,0.0054653238185351505,0.002160611184202743,-0.0027207676876430664,0.0018683740790654824,0.006028032287776375,-0.0055045403804672155,0.001272414800927546
2017-03-21,-0.016720287491456154,,-0.00703002703403155,-0.028041530107289603,-0.015253143075904085,-0.014609709248704972,-0.0009076977898235805,-0.0016060007902282125,0.014148102152500508,-0.007861310829244794,-0.01262158273931091
2017-03-22,0.0028984869868022844,,-0.0014446914427519442,-0.002120973852378194,0.0035628153152007513,0.0062725262414122795,-0.001998626411033988,0.002252017848764165,0.00484409280337994,0.0002683612633986865,0.00116214551876892
2017-03-23,0.0042385591003955,,-0.004051486499610291,0.002125481944005081,-0.001389344488979205,-0.0026442809921018995,-0.00218439801464132,0.007383849063340886,-0.0030852701574688446,-0.003087996387053704,0.002321399735815355
2017-03-24,-0.008825258621683485,,-0.003923193102690625,-0.001272546188413659,-0.002627633391536266,0.0007575006322388944,-0.002007101249842158,-0.0009561686940871006,0.0036748718030612526,0.0005385976963254713,0.0024319112572213086
2017-03-27,0.002129036737536394,,-0.004667394120064672,-0.00382326630847718,-0.003564197199942276,0.0,-0.0009139928324929381,-0.007974389395737136,-0.0038538980310038884,0.0026922526032682192,-0.00034653183952448874
2017-03-28,0.011589382865868192,,0.01421476388858367,0.013646316759929888,0.010575298034010805,0.007191638668102351,0.0018300118582714742,0.005787591777362433,-0.0007741706517933045,0.000671285621116624,0.00762749778471794
2017-03-29,0.000763999840768026,,0.013726293255919453,-0.006310892891451703,-0.00015370795529445758,0.0016907100542877807,0.0018260508402863085,0.0035167509826383725,-0.002710283316080142,0.0002684289708370091,0.005964009507124501
2017-03-30,0.00019081072236404317,,-0.0002851683648587011,0.013124691560095325,0.00554116350917333,0.0018761443940376044,-0.002005197452049634,0.0022298594748066947,-0.00776563266284247,0.00013405993581483422,0.002622289757180818
2017-03-31,-0.00019077432057812427,,-0.003421571843035931,-0.008357857839534355,-0.004133310604334084,-0.0018726310677577018,-0.0029229928471824485,0.0044503672871871736,0.003913303340205676,-0.0028161849689060103,0.00011350860298642296
2017-04-03,-0.0038160407461228507,,-0.0017169772749688894,-0.002106956762846557,-0.0021516515184846208,-0.0009376022602081147,-0.0016488927666911124,0.0012656098784946668,-0.0001949515113303102,0.0008067608172863672,-0.00397907097268857
2017-04-04,0.003639291409221812,,0.007308848782726862,-0.0012669191334671037,0.0026185242778991036,0.0007511150110659504,0.002936314861403666,-0.002844529509905991,0.0031189492037078104,-0.0005372486456559633,-0.0015986141352615224
2017-04-05,-0.000763649020968038,,-0.003130102795349532,-0.007610967551658798,-0.0032262959507324274,-0.004127601078048881,-0.0018301003330279952,0.0015850280341416223,0.0056351577967446165,-0.0030923849100741307,-0.0024011419631280173
2017-04-06,0.005347976648263808,,0.007992278203346581,0.006390987914532076,0.0027742204422098737,0.0001884745159013157,0.0,0.0056960156220955405,-0.002511654792266116,0.0017530117523776312,0.003094885752580989
2017-04-07,-0.0009501442337624955,,-0.003822740116158463,-0.004233443202690701,0.0010760643544427406,-0.0005651597051983259,0.002749962019058083,0.0012588453540445244,-0.004262005578778427,0.0017500630589042387,-0.0029709983079397873
2017-04-10,0.0001901576412906003,,0.00753248239037263,-0.002551266005583863,0.002456591366608585,-0.0018847473568210926,0.002924953851759282,0.006913735384906028,0.0017505119412475345,-0.0018809796106655785,0.0036672599401128547
2017-04-11,-0.0026612681509988745,,0.00014111592626364633,-0.002983611442421319,0.0013785694872316956,-0.003776533834001561,0.00036479530523680914,0.004681801914896644,-0.0003880513048994949,-0.0013467858013220813,-0.000799252231475589
2017-04-12,-0.012390698633303443,,-0.0042313927672240625,-0.008123143708477332,-0.013765834623976958,-0.0034114564537756076,0.003826531061754901,-0.0015534345134990968,0.007382977016958003,0.0,-0.003999362598315681
2017-04-13,-0.009650759478846527,,-0.018272125348852697,-0.012930827889610974,-0.007133991965016406,-0.003994093471332172,-0.004537962340459556,-0.002178064298629101,-0.003279077209631831,-0.002561426453524418,-0.0069990732980902415
2017-04-17,0.007211174654903951,,0.0021646724116803906,0.017466966186323596,0.010934201851135583,0.00916560175811143,0.007111207273242881,0.011537264209197318,0.004450615545583458,0.0036494891975442645,0.01028326941519464
2017-04-18,-0.001160947934554457,,-0.009357854536456656,-0.009441813469904248,-0.003244671814822575,-0.0001892157603220479,0.004526723355982254,0.0024663887225044867,0.002311893757043215,-0.010908894622557286,0.00011444331799559393
2017-04-19,0.001356116394449769,,-0.014678050854500024,-0.0030331232672662356,0.0009299293491573657,-0.000756927259361384,-0.003785061560957259,-0.002152612920283903,-0.006919490186012234,0.0029953802117776984,0.0009147753788050217
2017-04-20,0.011027354973220493,,0.004867012592118858,0.016949126067246523,0.012079910613002509,0.009090877459188462,-0.001990134273919475,-0.0003083714996753306,-0.003870307481139368,0.0062451051704099925,0.010510825411146785
2017-04-21,-0.0011484115251915172,,-0.004990598067529439,-0.010256246810402825,0.0009182477823432844,-0.0020646537716060287,-0.0029009116123945855,-0.0033907606299804494,0.005051320121360892,-0.0059362766586796845,-0.0022612236661188057
2017-04-24,0.011494266905745842,,0.005900879763955036,0.02245233679669134,0.014218156015192385,0.01184861459507247,0.009090953845980465,-0.00989808898195621,0.005219495888603376,0.009907277269481929,0.0064588664937408335
2017-04-25,0.016098770089517656,,0.008505540902854491,0.00886843393427017,0.004823768940444895,0.005204644863430641,0.003964122694572136,0.00218691022441031,-0.0013461655194009214,0.00430082418903921,0.007880940066425701
2017-04-26,-0.00018657021916768102,,-0.0033445102235166724,-0.0008371568637131066,0.0001497010071684901,-0.0011091645356724467,-0.008076132883534037,-0.008416464211855934,-0.003081014332503962,0.0054863193846561575,0.004691775898091333
2017-04-27,-0.0022367146380489755,,-0.010942683219599125,-0.004608361718374643,-0.0002998893908408018,0.004072277003878133,-0.0012665683774146785,0.000628909719400994,0.0034766831860901792,0.0021293435037792463,0.005336791286520759
2017-04-28,-0.008408141256637136,,0.0007376816258477525,-0.009680215457522734,-0.004651077367057055,0.0025810576740028512,-0.0003622855488095711,-0.005655259950236191,-0.0048121960520012275,0.002656141160094494,-0.003981322834816781
2017-05-01,0.0005648841395697879,,-0.002800681950711592,0.006374786422744361,-0.0030150143677488694,0.007539730680577561,-0.0038057273954101856,0.006319350783984046,-0.005996350834772568,0.0022515810230874234,0.0013328129526715138
2017-05-02,0.0016952386732493885,,-0.005025926035036932,-0.0012669191334671037,0.0048384237121787965,0.0021901158325050574,-0.006731117094521788,0.0003136974564814654,0.001167790685201453,0.002774896547245609,0.0011085528805943046
2017-05-08,-0.008040277478345792,,0.007131106107028495,-0.0008388185078304078,-0.0026900478832367902,0.004365736548657129,-0.0003622418753008727,-0.00535458188961091,-0.00038654282114947147,-0.0061864353049913,0.0018855252926477384
2017-05-09,-0.0075401786637432355,,-0.008260592913244769,-0.0037786066752146796,0.0013488844689557578,0.0012682712932881035,-0.003623293454185106,-0.0037998040964617452,-0.007348516555093276,0.0011917518271928884,0.005755870510561145
2017-05-10,0.0032289960717586386,,0.013238006671644431,0.003371206552477357,-0.0020949294306028543,0.0037986348873026987,0.0007273818017756728,0.005403860170358321,0.0015583178562392774,-0.002909950313729537,-0.0034115476577163406
2017-05-11,-0.001514292101189918,,-0.0020549806754721622,-0.006299727271586564,-0.00030006541984772817,-0.0012615704467754396,0.0014532669648692487,-0.0047422456680326075,0.0013617126283029801,0.0005304767325446935,-0.005963638209135924
2017-05-12,-0.0024651038749305965,,-0.00338362163476269,-0.0042265702165039665,-0.005549683349932222,0.0025264033751479786,-0.002902754691482601,-0.003812036344640002,0.004856129143170573,-0.0017243072592948439,-0.001444543781108587
2017-05-15,0.008743751496802954,,0.007823074764268467,0.007640041606037373,0.00467569772392884,0.00557920639396281,0.00327551274460558,0.00446423057439671,0.004252749568034675,0.006509282883553791,0.00022285825436973994
2017-05-16,0.00018826612304212453,,-0.004979634128157273,0.0029485157544515417,-0.001050957803817698,0.004653984607189132,-0.0009068746217336665,-0.005079570188085025,-0.00731466591339347,-0.003827170789770906,-0.0034483473917596985
2017-05-17,-0.021100359713556616,,-0.009861784988720812,-0.031499296785819975,-0.01998787300879301,-0.02725843940660566,-0.0014524744463149108,0.006381859479918983,0.0025209094719775837,-0.013116139185630815,-0.01618489417930169
2017-05-18,0.0005778277269179455,,-0.0002970895130703921,0.0039030436648745948,0.0013800565203572202,0.005860761209941723,0.000727249650636308,0.0019024738178059497,0.003481682993912383,0.004430152897223927,0.005786382086348851
2017-05-19,0.008655231245824346,,0.012341794095407366,0.0086393641850262,0.013170066626313481,0.005826916930453896,0.005449705916839909,0.0056960156220955405,0.0038549310843858375,0.0028065390943454727,0.006767990563804949
2017-05-22,0.0011442959541851927,,-0.0022032919236222304,0.002569455534796816,0.007708541384289003,0.007965284120203364,0.005600644755959339,0.002517206412620876,0.00864069804544676,0.002665582058642091,0.005042149436571108
2017-05-23,0.0007614140139715619,,0.002355503819408966,0.007688802977950271,0.002099957497929905,0.0017956863483516994,0.0010781350374775567,0.0012555235103903772,0.002664975117922186,0.0033234132170345543,-0.0037906230666123752
2017-05-24,0.006662025303515229,,-0.005287123293076901,-0.00042385414161028034,0.0011975085131377128,0.004123513940204715,0.003948383697403912,0.005642690752611479,0.00569619267116539,0.002517146582866392,0.003581077807714772
2017-05-25,-0.0011346460079162402,,-0.018160190019641087,0.0016963260146922732,0.0065782533468286,0.007141694206879379,0.006256646271298738,0.003740419762126912,0.008117640495558742,0.0047572324661144805,0.00880916384006869
2017-05-26,0.0018928514593667956,,0.0016540804672497966,-0.00042312557699486497,0.0011878642992992905,-0.0005318973732665322,0.0037305089924335455,-0.00621077537622694,0.0,-0.001840900919729771,0.002984548316177449
2017-05-30,-0.00018885013658098693,,-0.013361391987031901,-0.0067768711418286776,-0.00029679467019672057,0.0042567769875878625,-0.0003539497964660798,-0.002812688328193147,0.0031835211465311986,-0.0014495140104548998,0.0007713265789579538
2017-05-31,0.0030234631266690126,,-0.00426047332923607,-0.008528552819665358,0.0019290470549668814,-0.0015895527704232748,0.0028330290107887457,-0.0015669853478469387,0.005040030237174253,0.003958799561820436,0.0026426017099123733
2017-06-01,0.012057225901605628,,0.0062652279846850956,0.012472868108451163,0.006220498612047098,0.0024766481498481596,0.008121233747331313,0.0031387282627326485,0.007057890918965137,0.011041046108538621,0.009445774733656709
2017-06-02,0.0024197105108743067,,-0.011541444942505641,-0.00382326630847718,0.003973937498041646,0.009175757791882733,0.0029775523897817013,0.008761245915802407,0.0011067451007260587,0.006499983167809198,0.003590417738645435
2017-06-05,-0.0031567873294369164,,0.0018435170843242865,0.001705825518199422,-0.003518139645572127,0.0008742834434956048,0.0010475724357754679,-0.0024816087253334285,-0.003131909219984852,-0.002841509045409585,-0.0027105723060415476
2017-06-06,0.0005590587529791247,,0.011808127128402734,-0.00425715813368599,-0.0067679465000684,-0.00192152459138617,-0.002442283777384313,-0.004664253063067059,-0.0022177105731865376,-0.002461179667375024,-0.008587591871413336
2017-06-07,0.001303261314402393,,-0.014095104916286738,0.00769528126793273,-0.001185223084527176,0.003150725258803888,-0.0003495948630944934,0.005311010447885511,0.0033340062389068947,0.0027271862390250146,0.0017541396545652788
2017-06-08,0.0029748607004631555,,-0.002920717921067406,0.011455584306661715,0.0032628529385803073,0.002268303909884306,-0.007521328515722736,-0.004661194343466346,-0.008307133077227191,-0.002849554226394324,-0.006457701263929194
2017-06-09,0.01279190019033516,,0.024051642995990052,0.018875960584764373,0.0038435937230898443,-0.02472128708927246,-0.001233924995255764,0.004683022822959071,-0.0009308403343155636,0.006753430574010677,-0.004406673827993202
2017-06-12,-0.003843692344302374,,0.007076046711386619,0.0020582883283137843,0.0036806254000181227,-0.005891155827779659,-0.00017644402326144615,0.006525751793453827,-0.0018632276122380054,-0.0012899807090025472,-0.0005536638451612008
2017-06-13,0.012495472836601351,,0.007474908935182656,0.005341332503439933,0.004108300038839996,0.007182882302936955,0.001588703131998992,0.0024697206780364134,0.0024266046536456365,0.0020667492072610205,0.006200322390586432
2017-06-14,-0.010526558403423536,,-0.018103452820850463,0.001634260834345147,-0.0010227269339823097,-0.004813791804583856,0.006343454619501809,0.003079841483556889,0.005400473308966758,0.004769179786515254,-0.000550098894131601
2017-06-15,-0.008803950915948988,,-0.007556411115813955,-0.00407981082963671,0.005996816712931841,-0.004478630460925337,-0.0022762691029953874,0.004912695052352145,0.005741733867865584,-0.0010262917534759053,-0.004183785945903518
2017-06-16,0.004313127715025233,,0.01654385487212462,-0.0011105910519932927,0.0032719334514490495,-0.0017525806891531825,-0.010505282892927514,-0.0005548815034089882,0.004585854182557192,0.0016504272134587605,-0.00027713941318252555
2017-06-19,0.007960106456810445,,-0.006334692995039637,0.01029268068874245,0.006115486406091941,0.014841610703903774,0.004825934393396958,0.0006166681866417445,-0.0033266956923873048,0.010425927138728586,0.007653967106189263
2017-06-20,-0.005509706742515608,,-0.01275040537289096,-0.008557408272544365,-0.010708933766181317,-0.008025929332186044,-0.003913366716676525,-0.0018482374778266975,0.0005562227594835267,0.003312210705807006,-0.012549737585099363
2017-06-21,-0.010526164306690733,,-0.016144165203947236,-0.008220677206982052,-0.006729277208561757,0.005573853938528606,-0.002857040529277044,-0.002160609973665961,-0.005929960445644977,0.012696674447918888,0.0015607913808191043
2017-06-22,0.0011195464179674097,,-0.0006250173939049697,-0.006216148966480928,-0.002062150699658649,0.00035764379213665265,-0.00662615336218797,0.0006184514761871096,-0.004660868626158776,0.010406208319514665,-0.002337261504446575
2017-06-23,0.003914790693965831,,0.006723958111956696,-0.003753280002209869,0.003689770068674214,0.0062553395115454435,0.0003606180209190235,0.0043279786729943925,-0.003371558420969145,-0.0014885801067019422,-0.00122743903619138
2017-06-26,0.002971611435386823,,-0.002174651593718213,0.005441912420758754,0.0002940237625721487,-0.00532851532766232,0.003965022372047544,0.004616482805711808,0.006765834716663255,-0.0009947048621081755,0.003574563688871102
2017-06-27,-0.00611016055780611,,-0.001556548472203434,0.0049956351894104856,-0.007496894516336283,-0.01642845255747305,-0.008616424131017375,-0.003983080694345276,-0.01120023684831406,-0.00908083298073914,-0.007902842942937305
2017-06-28,0.009128239381777092,,0.005456842625005898,0.015741725533551687,0.009034441232983248,0.012527084332786487,0.0036213293903319954,0.0012308375109817415,-0.009628475996451558,0.005272624664024006,0.010097531685505867
2017-06-29,-0.01199897193487598,,0.0021707711491167903,0.0069331021264948944,-0.008512903246706949,-0.01793066113077224,-0.010644219101632268,-0.010138057898756991,-0.008005610905092553,-0.009115875097297499,-0.009663137550707135
2017-06-30,0.005418279017920691,,0.004487058524046406,-0.0008101176057283554,0.008290165056374699,-0.0009129703289197932,0.0018237165039518555,-0.0006204837973513566,-0.0015378332307854903,-0.001386151069499575,0.005271319936613006
2017-07-03,0.008734373765995285,,0.019254499924159507,0.014592306913588926,0.006166599684903851,-0.006944504609833979,-0.0009102856426216333,0.009316274589858065,-0.004618875496990471,0.001766782489567964,-0.0010041757003739216
2017-07-05,-0.0033159108968405793,,-0.020250684270286534,0.0015985846624924083,0.0029181200744283764,0.009937324349647225,-0.0007286822206870047,-0.011999852848976755,-0.00483350986331077,0.005920991201850523,-0.002457160289108584
2017-07-06,-0.00443614697705641,,-0.011105901611209612,-0.0075791049609679195,-0.00872985166882212,-0.009110724043063678,-0.005651580244155352,-0.0180628836348542,-0.0003887645775801918,-0.012899390814941403,-0.010188211647851997
2017-07-07,0.005198426214085616,,-0.0015598763141407845,0.006832695516145071,0.007779527150919119,0.011585132469411619,-0.0005502825883637597,0.005708740477162966,0.000777346253062916,0.005074960679413376,0.008935858851282674
2017-07-10,0.0062798435457604995,,0.0032804445452412345,-0.0011972664946193756,0.0029129808919408084,0.0072715207326450315,-0.006971091044934985,-0.00788412053938592,-0.0007767424552257429,-0.0018933480246798862,0.0021299703417609894
2017-07-11,-0.0014682911564148915,,0.005450131664439084,-0.00879313228560974,-0.0008711188367253042,0.0021653254622790996,-0.0027713670493720866,-0.0015892900850211777,-0.0005829368954796132,-0.0011385645403108047,-0.0020138367829345416
2017-07-12,0.01158079476767604,,0.0027876557238779576,0.0032257368829913258,0.0055227516683358235,0.012966428005207753,0.005557782188377436,0.013053409507445268,0.008556961661439821,0.006837502240269133,0.007622972935254824
2017-07-13,-0.0010902944610111653,,0.00401518368524445,0.006028764330423986,-0.0007226278615823922,0.001955332973288204,0.00018457137144212155,0.0018855708104748015,-0.003470931979805303,0.0008803913175017275,0.00011080093006299307
2017-07-14,0.0050940339076421814,,0.005999283356267426,-0.00439458791473557,0.004339604979157308,0.008871551908414377,0.007920344929223111,0.010038009888874821,0.004644092831223912,0.006784652349471898,0.003225611678010498
2017-07-18,-0.004154561301568993,,-0.004746059081970011,-0.001610271285756637,-0.0023056013778517404,0.0045719351829724975,0.0,-0.001239596943772736,0.002875871382614692,0.0007517227715219121,0.004534703157152542
2017-07-19,0.009613476289073386,,0.014613510642583538,0.000403171992648943,0.0010111392372780248,0.005075888282269236,0.0036506381587728676,0.007446575926313148,0.00420583012043374,0.008135489620566094,0.004844785104678007
2017-07-20,-0.007365867297663864,,-0.003032252412862424,-0.00040300951050142864,-0.005628136235077186,0.0020899624658472504,0.00018213414969925346,-0.002771423850634558,0.007233671360334704,0.006579535487373667,-0.002082072566681692
2017-07-21,0.00018089643449514803,,-0.009884374317730704,0.0,-0.0018863221688623089,-0.0012165117767909406,0.0016363784538326875,0.0018524102230357276,0.007182004292251687,-0.0011105562009402492,0.0006584702837602041
2017-07-24,-0.0009048924947212544,,-0.0018430520705184916,0.004435704038189936,-0.0021810042952622455,0.0024359145986272424,-0.0032677586374513234,-0.0006162761036139219,-0.0093824963334469,-0.00037019843875385483,-0.0034012998256954807
2017-07-25,0.010686368413831415,,0.012617401336387335,0.012444575087348309,-0.0013112184690260431,-0.0019093903298125214,0.00692174282698832,0.0,-0.005682816807932256,-0.007164024610025077,0.0070467939911249555
2017-07-26,-0.006093105219980077,,0.0010637408389855274,-0.00674084722000412,0.0013129400202291919,0.0038262307995957645,-0.0001810588802438895,0.008328114105630391,0.009525588114163597,-0.0033589317127463714,-0.00043722932369483214
2017-07-27,-0.0036061089575410987,,0.010169744013557747,-0.005588434773721507,-0.005682697093933098,-0.003811646560130222,0.009770095185114513,-0.0009176946278329767,0.0024530238395654713,-0.006865332543047553,0.0073287466211802155
2017-07-28,-0.0036192420301696115,,-0.0012019493650247126,0.0,0.0023449093150793576,-0.0010434188671134548,-0.008421391093377806,-0.0006125141532905554,-0.0015057218275514872,0.005027424123934976,-0.007601240670143561
2017-07-31,-0.007628312125063319,,0.002256740360142784,0.007225856227084604,-0.0013160790357313878,-0.004874591259126371,-0.00036137842633221506,-0.0015317562753961456,0.003393430210651971,-0.0008753266649537128,-0.00032840018614188615
2017-08-01,0.0007320786863942441,,-0.00015012714875684008,0.007173928613380953,-0.0029275838509087437,0.005073443208705841,-0.0010846139381522901,0.004295949948830646,0.005636996245536707,-0.002252874905721569,0.0017511951116255808
2017-08-02,0.0009144082098544448,,-0.003753080075889148,0.0015828707771183836,0.004404528887481218,0.002784944088300545,-0.0007236295256471958,-0.00488846691142808,0.004297634015316021,-0.002258845294276557,-0.002731572406257876
2017-08-03,-0.007491115098587242,,-0.014014947737753802,-0.0035556982019917527,0.004970274946341391,-0.002256460334944199,-0.0009056698337741587,-0.0024562016553431043,0.005023140524277103,0.001634602027867249,-0.0027393271456652712
2017-08-04,0.004786334367316902,,0.003209841671854674,0.006740492289126765,0.001890968348383426,0.0022615634631939496,-0.0027187766835569116,0.00307765520380765,-0.004442738590592299,-0.002259380556663415,0.000110246113277368
2017-08-07,0.0005496002842879655,,-0.0076174195386542465,-0.00157512530667836,0.0,0.006075529738333696,0.0074517797927518,-0.0006135175717755237,0.00316112253834655,0.0021386792265800647,0.0023068895222302377
2017-08-08,-0.007873940624004816,,-0.0023026485070746228,-0.0027615903504738526,-0.0030490237413957066,-0.0013801834188853501,-0.0037883988174204353,-0.004605534310945569,0.0040778863708479385,-0.004644767102401137,0.0005478999458103928
2017-08-09,0.0009226794765864188,,0.0009233548457592278,0.0,0.0002911978413562277,-0.0005184637321833385,0.0016299102697814316,0.0012337045929151635,-0.005169210187752182,0.0011351044056218118,-0.005805577391060579
2017-08-10,-0.011432550051659662,,-0.010607344171868371,-0.0178003843630965,-0.012665410703347146,-0.01970637832721045,-0.004158712045864377,-0.008934140474355368,0.0031547632616348853,-0.012473433259656774,-0.014984475152424959
2017-08-11,-0.0024251999034212712,,-0.006525810519938724,-0.004027839689619062,0.0005899552183374901,0.006877106723961024,0.0007264299231635185,-0.006527620056612671,-0.005919360320009948,0.0028068356420956064,0.005145297248819736
2017-08-14,0.009349514772017953,,-0.002971542058818777,0.01374909678770897,0.010462408561744407,0.015937176244813056,0.004898079844411818,0.01658331418426995,0.005768482737946945,0.006743219737911588,0.007122262394823942
2017-08-15,0.00018532033013562987,,-0.003764481669610964,0.0007975703160660874,-0.0021876194976369057,0.001551404013104607,0.005054991603889114,-0.0018470002609601854,0.00555043303281888,0.0,-0.009171176898612465
2017-08-16,0.00981654924474551,,-0.009605156549328253,-0.001993005705017814,0.002777262000446923,0.0029262166378056786,0.0034131760783768783,0.0030837423562399824,0.0040477828569163155,0.0027800091643519487,0.0051298968522526245
2017-08-17,-0.015223671135396799,,-0.01414924942448037,-0.017172468426266074,-0.017344443697405287,-0.01956412095699478,-0.009129967545929207,-0.007070341507175781,-0.007146641073205173,-0.01247635805363756,-0.015976944047544017
2017-08-18,0.0003725582142248829,,0.0049992180108422435,0.00040655747841622514,-0.0040051035590759065,-0.001050467421970569,-0.0027099352445018043,-0.007430357625240469,0.00590615735337785,-0.004594176059530164,-0.004961044960101635
2017-08-21,0.0009307534294646924,,-0.005135101301093403,-0.0028434732640071347,0.00163810473930881,-0.0003502811248314863,0.0036230362906004565,0.010293164561140156,0.0036696746698254845,0.004487400642537276,0.001812720077045693
2017-08-22,0.013021043581354474,,0.006613344678084054,0.01099813744308209,0.011448242703244293,0.014899198568701921,0.00018066675212113914,-0.0006176199656492409,0.002193754436806694,0.012124952432827074,0.010745768319196047
2017-08-23,-0.0018365364433438058,,0.004326070651468061,-0.0032233176693619026,-0.009407487213401455,-0.0024182548831598316,-0.002887634668103378,0.010194669735718698,0.0032835197115941295,-0.007566528907730352,-0.008505275265764944
2017-08-24,-0.0018394154476059077,,0.0006383439684412018,0.0,-0.0031165040498897234,-0.000865349799963111,-0.01375544416132235,-0.001834983571264659,-0.0007273536167935468,0.0029228237401159873,-0.0021444886211515746
2017-08-25,0.0031330192186957984,,0.0044640628087713186,0.002829410345637884,0.004763291822851512,-0.00017359457214649598,0.0033032280197706765,0.0049022591573562035,0.003275428272990988,0.0002532772695751362,0.0024886607233216562
2017-08-28,0.0014696396960536262,,-0.004444223515860379,-0.006448873760698359,-0.0005923599173101035,0.0019065564626625786,-0.0029268087182878766,-0.005183138973054335,0.0018131780852237434,0.005320040331244336,0.000564128242531714
2017-08-29,-0.0047697354067266495,,-0.0012755218651346878,-0.0032457289730971617,0.007263687237036853,0.004324516880046536,0.0034858095922831733,-0.0006127654956582518,-0.0021721288245599712,0.001889880521620313,-0.0009023396344237655
2017-08-30,0.007373164976602009,,0.00047873354512950606,0.004070281462299263,0.004120421790558826,0.007234057061358268,-0.00018297871631223206,0.004599807180351689,-0.002902899103101819,0.005155707936794762,0.0072238315150647825
2017-08-31,0.007685296067071246,,0.004787068150596596,0.0012159802206597181,0.0033710829582977997,0.005984930366037311,0.0003656734730654865,0.00488391272723776,0.00018199347640157626,0.0170148711621525,0.004706136644072378
2017-09-01,0.006537180150402611,,0.009687176639543216,0.0028339922878806156,0.0008763377836926711,-0.0008499640299237665,0.0047522805675865865,0.0,-0.0030925085384195805,-0.0007379891587605547,0.004573007462426171
2017-09-05,-0.011365683472736032,,0.0055047314727487695,-0.021396886882874333,-0.010069737053768124,-0.008846324977323183,0.0014555053540774576,-0.0009113602828817458,0.00255470960510662,-0.004308531516607816,-0.004108121337801918
2017-09-06,0.002555083736141661,,0.01626803171486113,0.0024751942807326177,0.0010318138369651564,0.0008578514212473909,0.0041781801152376286,0.0015203451447221017,-0.004550220257710347,0.004821625645680561,0.006243165523276639
2017-09-07,0.0016378316431779893,,0.0018467686131822258,-0.01728357974738748,0.002062085688602888,0.003430033597840332,0.0014469954901927817,0.007589413758234409,0.007496742095198128,0.011073969693946806,-0.008641622244434655
2017-09-08,-0.0003633217138445666,,-0.010600996748319491,0.00921262287144109,0.0033804952186096138,-0.00820382712117429,-0.004877279304476345,0.0003015198701517008,0.004718718911227215,0.004503177935574421,-0.003464667019267731
2017-09-11,0.013088782950402944,,0.009472077114923039,0.01742737864854771,0.008641957906672104,0.014130535189389004,0.006171835207766874,0.007228855473230933,0.00848981232443502,0.007753914711097432,0.0052711029813239385
2017-09-12,0.008433131294474316,,0.006153382961265219,0.011826868668431523,0.004792147224916832,0.002379147732580522,0.002164836422366534,-0.010765347139008341,-0.016657616368925154,0.002163979207258526,0.004462175947804958
2017-09-13,-0.0003556772891265547,,0.012535960747258601,0.00161221844017434,-0.0014451104915238489,-0.0013560847641802543,0.0005400184134878305,-0.004232391335709407,-0.004918101230348526,-0.0037190168608173257,0.007219100792160704
2017-09-14,0.003381991309580057,,0.004831693243754431,-0.002011984192659133,0.004776130312186488,-0.0033950273470079173,-0.001979171477692443,0.006982337883866929,0.008420348876323924,0.0013246080418345407,-0.00540322674378968
2017-09-15,3.54443825396622e-05,,0.0023596582447362735,0.0029560231215706168,0.0041388531862185385,0.004085318883310762,0.0017418481859545754,0.003522178828857525,0.0014080951420536447,-0.0031985863004349024,-0.0028034760268615955
2017-09-18,0.005529047329754011,,0.004252875102261688,0.011707460936593472,0.005620581700474636,0.0008511989164250444,0.0014485124834575647,-0.005748741392917256,-0.010228234384033419,-0.00024222745614765895,-0.003458854770638675
2017-09-19,0.005143525066691801,,0.004083593127395924,0.007581766304239235,0.0010029481398292628,0.004422385381472438,-0.003074078727007934,-0.010042678462653165,-0.0020298207602877927,-0.007871803543644695,-0.0008953085332839006
2017-09-20,0.003529131296629906,,0.0067782267232985305,0.005940815843446412,0.007301346052587698,-0.00406417972411155,-0.0096139334052876,-0.0027666620675979026,-0.007396354268425442,0.000976619899470954,0.0033613655657667163
2017-09-21,-0.002109984653720587,,0.00029903994580959825,0.002361994084179253,0.0029848540857007055,-0.005441301425368139,-0.00952334126843224,-0.0015412900837807886,-0.00018658444026098397,-0.005121984585059636,-0.001675283240360037
2017-09-22,-0.003523997430711523,,0.0050854149654171454,-0.0011780828104949181,0.0025505033727655224,0.0005130723276827176,-0.002958622923085019,-0.00864457941717034,-0.008198042833968189,0.0,0.0016780945239918132
2017-09-25,0.0017681104216356047,,0.014434365007627514,-0.0011797352299768304,0.0,-0.011790788283789322,0.007232888467641141,0.003737002022790259,0.009205405020410673,-0.0029420703699455375,-0.0021216990699162164
2017-09-26,-0.004412951594512271,,-0.0004400879665036328,-0.00039394351762434,0.0,0.003631133058974667,0.0023935034931525934,0.0009309093485194708,-0.0018615952503167055,-0.0015981890497417384,0.00011181810970195549
2017-09-27,0.0,,0.004256030094729413,0.01220960121154202,0.0011308664941549473,0.010165443247481365,-0.007714898320612784,-0.008369374250343897,-0.013427948133033385,-0.0003691373924407104,0.005483380161187101
2017-09-28,0.007092211048169705,,0.0008767521125550015,0.00155651295313608,-0.0005649186159853992,0.0011939566414147507,0.0,0.007189619270178804,0.003592037073435028,0.0008621428224935279,-0.0012245354074187365
2017-09-29,0.0,,-0.00014556034974211318,0.004661849061889933,0.0029663507765038677,0.0068143017530859495,-0.0007406539768952669,0.0006208510472511808,-0.0007536983869697034,0.005907823488957797,0.0037888894326472133
2017-10-02,0.010915496142399173,,-0.0002925140016940553,0.008507165169063136,0.006901365023420869,0.0015227689293155766,-0.0018520798820859108,-0.003722246590826095,0.0016963998283328063,0.010155367954622907,0.0018872480608767006
2017-10-03,0.00417986116833613,,-0.0010223895521994653,0.0034512548386269604,0.004336503367778688,0.002365251214742292,0.0011133806656549172,-0.0003112347242963942,-0.0028225448825672794,-0.00024210291934267936,0.004210748184923618
2017-10-04,0.0003467676828463606,,-0.0007314121298876985,-0.004585505568424075,-0.0002785210002447247,-0.0006741315632141642,0.0031519394646581933,0.008719959802194976,0.01000193783804626,0.004845781134627192,0.005185424414604789
2017-10-05,0.006067854309932841,,0.004536370352686836,0.010364915908569472,0.00236805745583335,0.009613554013173653,0.004435032749221524,0.00308741663086165,-0.0009344148383335638,0.0007235099602111994,0.00559835385790719
2017-10-06,-0.0022400460216622786,,-0.008448427525834412,0.0011397582757364244,-0.0001388175275053305,0.0015034357570575807,-0.009935618072209551,-0.0027700680284802326,-0.0007480641950489142,-0.001324982810305575,0.0012008295031558092
2017-10-09,-0.00017309321941572087,,0.002056813723091855,-0.0037952073180841372,-0.0027799732954468803,0.0025024024874860107,-0.002787383580258096,0.00216075054860676,0.0013100691858261015,-0.006273635115088605,-0.0031615507243540897
2017-10-10,0.0006911694097557763,,0.000879499897721514,0.004571276339067065,0.001533177261347607,0.0009983107525768364,0.00875882455861765,0.0015396321684721936,0.009719752253633418,0.0023067205810074487,-0.0009844636920780525
2017-10-11,0.0005177662028887919,,0.002343484713943189,-0.0018957424474327356,-0.0005569602045297772,0.003324360780519342,0.0020319323538384726,0.005534792113462972,0.004257735275653207,0.0019382043718327857,0.0005474531701621377
2017-10-12,0.001898089695914651,,-0.0036534121363169803,-0.007598896531776922,0.005292326573166584,-0.0024850610061263323,0.0042405858650946815,0.007033902939461711,0.005161342305275429,-0.0010883628721626293,-0.006674984680874907
2017-10-13,0.004821712871320827,,-0.0005867244787021164,0.00038282849940207697,-0.001801183896000258,0.00481650296447822,0.001835593532065083,0.002733055218714142,-0.006968873232652384,-0.0025413603936258466,0.004847143649119312
2017-10-16,-0.0006857204111139215,,0.0022014885084311597,0.006505935110369565,0.0011104303127840165,0.00363663686124438,0.0003668130481988552,-0.004845555750777497,-0.0022158277147504846,-0.004368128210931799,0.0013154890792375085
2017-10-17,-0.002572346620789978,,0.0005856996528992298,-0.0049429632341794205,-0.00263411831622562,0.0,-0.003663728346924411,0.0,0.005922576952499314,0.013405134913865968,0.0005474531701621377
2017-10-18,-0.002407281054731314,,-0.007024839198104149,0.005349359099637185,0.0004171243787336465,0.0024699854085712403,-0.0012870421306635516,-0.001825892625523018,-0.0018399253963047313,0.0014427696621397423,-0.0027355871489667116
2017-10-19,0.0037920208264061728,,-0.0030950646831624518,0.0007607208831983403,0.002778489483111546,-0.002956979072408772,-0.005338702436970766,-0.0006098725427988727,0.010507034577311947,0.006124095526664819,0.0
2017-10-20,0.00858510233970633,,0.0019220175762031388,0.011773450582011513,0.010806413132260495,0.006755551731954634,-0.002406348800112923,-0.0015254576835357359,0.0007294613331703115,0.0010741507332214795,0.002413771355533223
2017-10-23,-0.0018725781493935667,,-0.005164556864447389,-0.000750962649291198,-0.006304675892670031,-0.004746208855299083,-0.0007418607630141905,-0.0036661362082113236,0.0005465391155785593,-0.002503801813829032,-0.006786264050426372
2017-10-24,0.005628581273320776,,0.0019282085555023531,0.007137706756786377,0.00565488537767167,0.002795737656815289,-0.003527738445921913,-0.006439733147322713,0.0009111834496149385,-0.00669293525829906,0.0024247763783413756
2017-10-25,-0.005257955797523972,,-0.006957644535305563,-0.005968027491978001,-0.00987477102587253,-0.005411710054984309,-0.0027949210778397404,-0.002469061697309427,-0.004368472165918957,-0.0014438490258609216,-0.0038482717283733203
2017-10-26,0.013299118447809066,,0.0020868448380890747,0.005628392781822811,0.0013852029982519554,0.004122031988023078,0.0007474843676429366,-0.005569666864823297,0.0001828334104954088,-0.010000868703406218,0.003531526933118423
2017-10-27,-0.005215995710067367,,0.0017850685211302508,-0.0007459805319952606,0.00041479762568474854,0.026929296851052165,-0.008588670315832214,0.0015560699932086752,0.0062146561023128655,-0.00024349507341470122,0.01616629940029779
2017-10-30,-0.004736381835093728,,0.005197940250920574,-0.004107745049185985,-0.006913748874422643,0.0022384884716586395,-0.008474411136047744,0.006212961875373901,0.00018158094071729636,-0.010713616462183162,-0.004545459427778065
2017-10-31,0.0027195042964553995,,0.003249820984096763,-0.0026247863997762577,-0.0040378888663735735,0.004307848858176255,0.00835728914463485,0.003396134900292669,0.0010897378949488168,-0.0018458462576929069,0.0001089805944405331
2017-11-01,0.004915193755772318,,0.011338490101538756,0.0015040166594644244,-0.0005593903836578207,0.00015857789920414866,0.0032021338338001915,-0.0009227869627316254,-0.005624108645493564,0.0024658237839971786,0.00032618689142283053
2017-11-02,-0.007252401588475066,,-0.0029115523083832473,0.009384314358636736,0.005735516197379553,0.0004766455212534826,-0.0024409588326227416,0.00862312250129671,0.0036490581999328864,-0.004550725722586413,-0.0074983242085312485
2017-11-03,-0.0005098915515793223,,0.0029200541989267137,-0.004090610359376634,-0.0009733147006455445,0.007937412747896833,0.0001881979005480261,0.0,0.0036358810777334938,0.008277926108289035,0.004051288733990521
2017-11-06,-0.0042493489629713554,,0.022859877127833883,-0.0011203470604349564,0.000556503214468318,0.0022055168073733533,-0.010726607800012777,0.015267160265927782,-0.0038036742520227707,-0.0030636105144806747,0.007306404497503305
2017-11-07,0.0010241959169707826,,-0.0012811725653230077,-0.013831889750102189,0.0015303427594826058,0.00047136601258279676,0.011223411641766878,0.009323189678655197,0.011999830238260012,0.002089682916893265,-0.005954476042013157
2017-11-08,0.0010230711654237723,,-0.004846142348916227,-0.004927973561583365,-0.0016670082241798667,0.005497764084212431,0.010910214876590274,0.0074498647986662725,0.0007186307995312724,0.002330594351581672,0.0010889124143851348
2017-11-09,-0.008517903257715065,,0.0030075799775983736,-0.0034284784785376665,-0.012524447312189824,-0.007967466190511696,-0.00018588425985310852,0.0,0.001256767526301772,0.00012234940478617062,0.0015231250841283295
2017-11-10,-0.001546170083509879,,-0.0052834611239540585,-0.0030584561943578503,0.001408966421295288,0.0,0.01023627308998587,0.0,-0.004661931334484337,-0.006485012904673515,0.003367646160425064
2017-11-13,0.00516255351131889,,-0.005741964690612056,0.0015340904235774389,-0.0033770584863342945,-0.0003146699016801646,0.005711233732778487,0.0029571479124523847,0.01188958231071413,0.000985063648397011,0.003356074569287104
2017-11-14,-0.00907385821086848,,-0.016171089283914197,-0.00038325509679371095,-0.002682967114309598,-0.0020481523382496203,0.0034806511120892836,-0.000884714900288186,0.01246207534912469,-0.004059928318660977,0.0008630285134947346
2017-11-15,-0.006047277012499408,,-0.011300218312014443,0.0026813390495401546,-0.005663006652454228,-0.007419185380339588,-0.01058817682167379,-0.007378755018295879,-0.008616034952495966,-0.0028415628541524907,-0.004312045820635935
2017-11-16,0.012167668145333543,,-0.004007582532904563,0.0003822916319076164,0.009397161611833793,0.013995173705353414,0.013837690154752558,0.003865432944562208,-0.003192585045428964,0.010406741831116673,0.008336649594043122
2017-11-17,0.0013738804379639369,,0.004917594845527562,-0.0011457558912826293,-0.005501034756371648,-0.006430536106993956,-0.0034576749589430023,-0.005924180366809306,-0.006939392899902086,-0.00392350762398852,0.00440246093063501
2017-11-20,0.001372150045128917,,-0.0023724374052441766,0.004587087968396686,0.00453888285964954,0.0037884464321444877,-0.001095575891792433,-0.0023836436527999716,-0.0030462605364828255,-0.0041847829489986,0.0019242491467181821
2017-11-21,0.0053090527642252194,,0.0022297172620142636,0.003043897246780336,0.007201279554613027,0.010536557634268418,0.003290855506495216,0.005376088157495351,0.0026961685280799674,0.008776048524281599,0.006188871873584967
2017-11-22,-0.002725759750064727,,0.004005014036396082,-0.004931459968653296,0.0011219176833250355,-0.001867494916138357,-0.001275637316900835,-0.003267998378006731,0.0,-0.00036765045673126107,0.0009544141390815941
2017-11-24,0.005124633705928527,,0.002806532024411501,-0.00038105313741398916,0.0,0.005612643905766879,-0.0007298915106309645,0.00357698336101242,0.001613084756548977,0.002328735886990785,0.0025423563222573
2017-11-27,-0.005947924812740646,,-0.010164706697240788,-0.0007631617351266939,0.0016800675792922881,0.0,0.0005475137746855374,-0.0029701201145561074,0.004294897810042997,0.0008561370179616112,0.0007397530567252453
2017-11-28,0.011112527019539131,,0.007739315849241146,0.02595438729123556,0.015238565623783895,0.0032556349628534154,0.008211866986149063,-0.0023830088825822493,0.004632856580582212,0.007331703256238997,0.01108791872923609
2017-11-29,0.001522051922582035,,0.005464249427406642,0.01711303614205706,0.008812818446984672,-0.022098303694385257,0.005248838474739559,-0.0023887011787089296,0.0005319803054772976,0.004973472472969753,0.004282082231803264
2017-11-30,0.005571487980635004,,0.014982451145249653,0.006583826305863072,0.017062716603867267,0.008849441041750783,0.009182299311965014,0.0011973237644198331,0.0033685300296166787,0.007483259000050646,0.005095533950788322
2017-12-01,-0.008227095901803594,,0.008393644292409297,0.002180119387490187,-0.012347572734458967,-0.005169333833656586,0.002498020188842043,0.0017933092876356582,-0.003357221129426158,-0.002036647893808974,-0.0004138321956655977
2017-12-04,0.010326742827142077,,-0.00043039479096562694,0.015228688082624453,0.008425209671874878,-0.01606038414219424,0.009432232264137141,-0.013130282582403674,-0.005672610895422592,-0.012245141626532452,0.011592783531631623
2017-12-05,-0.005026668047966587,,-0.004307441855668226,-0.0053571027774510505,-0.008489645339878948,0.0003200873194493248,-0.0015865763518329024,-0.00393096669825288,-0.012658416862927346,-0.0017012340875719456,-0.005729711633146839
2017-12-06,-0.0058942127388244,,-0.012977836186637282,-0.003590717284046807,0.0014951362684489933,0.006399233892386391,0.006357148101570287,0.001518048040799247,0.003792447124853382,-0.0008523869343379786,-0.006483656886324574
2017-12-07,0.006775997999896921,,0.0029219716543149588,0.003243235082222684,0.00922790807726992,0.006199074934032378,-0.009650977953327367,0.003940421754055734,0.0017986159883989217,0.000243869023739407,0.002589483950271143
2017-12-08,0.0,,0.009177228158909756,0.006106324311836886,0.00430281097209706,0.004739281888422653,0.002657665512291185,0.002415539249786658,0.0032321411520179755,0.011207120179525853,0.004752528919947707
2017-12-11,0.0013461392350642143,,0.0072169394125527475,-0.002499136548362202,-0.002008404258160623,0.008648090503284855,-0.00017669121806718202,0.0024095663275105483,0.006085624342426321,0.004216210619293337,0.0021593850884982224
2017-12-12,0.00016788028386538478,,-0.0027227852297673216,0.010021352233689385,0.0010733674474912025,-0.00031206276653883425,0.00017672244337085807,0.0045073898242931065,-0.017078733235297072,0.003958729305339137,0.0004104777130629067
2017-12-13,0.0026883592861810524,,-0.001437208442143345,-0.01240238171594965,0.003886196177472545,0.0003121601801081564,0.005654708791470897,-0.0002994918385073042,0.002714930665530746,0.003465346690293636,0.0008206185804875421
2017-12-14,-0.011058805620601797,,-0.0035975268148445982,-0.006458701159131053,-0.006807981258166063,-0.0012472175318426482,-0.004392861394959313,0.0008980645020864042,-0.00126339409755305,-0.010121816038795028,0.0030744150322139507
2017-12-15,0.005925125749153937,,-0.0009013124911237957,0.008997639303773175,0.007053683950781098,0.011404935287220974,0.011344002441166845,0.003173289099881238,0.0036663548149735714,0.011002877191879312,0.004325953991743736
2017-12-18,0.01472571536310352,,0.0077123556671823135,0.008989590366712319,0.007112189496362831,0.008829004424509845,-0.0005278073685338613,0.003314391159576102,-0.011086858975846159,0.0003582524543370713,0.008982306718489763
2017-12-19,-0.001167651490812549,,0.0014440791117107388,-0.004276245811444479,0.0002671748034825949,-0.006141497469852375,0.0012314238451645032,-0.01891875995706438,-0.01819533001630258,-0.0011943383210267777,-0.0013149805300330941
2017-12-20,0.0003341544906594329,,0.014131318752373279,-0.0017898379062961656,0.003329827455136547,-0.0003092020323400835,-0.001756763835960129,-0.01071316875102768,-0.007862076153935749,-0.0032278070380292734,-0.0019247206454009458
2017-12-21,0.003505728251260054,,0.02118581469399028,0.008605337942147573,0.0007969102118816629,-0.0020089036641757207,-0.0007039588543504838,-0.003403685178096638,-0.011886845259784007,-0.0022788838760452457,0.00649545067485513
2017-12-22,0.003826356952328025,,0.002088493347787157,-0.002843893778233242,0.0002650773466941203,-0.0006193930434023054,0.0015851274103675372,0.0065197632310387554,0.0015276034655307136,-0.0032463911308997506,-0.0019157377913585627
2017-12-26,-0.0008285717152265448,,0.008753510842195666,-0.0028520836580629982,0.001061071732297858,-0.006662426076457062,0.0022857921849126495,0.005243778161776236,-0.005910305907525504,0.0002411746819055427,0.002222620648786977
2017-12-27,0.001326784353137711,,-0.003305971582896028,0.0010727193650035272,0.002385083523665621,0.0010919647186631298,-0.00017528865125138182,0.0039889537608526204,0.004219275375898501,0.0016883424002207548,-0.0020161965434755125
2017-12-28,0.004472465257613578,,0.0015205212848699023,0.003928667005424158,0.0019822242154601266,0.0017138982520541468,-0.0015791202006630867,0.005806652290456515,0.005538796189573869,0.00144489173459883,0.002727218533496334
2017-12-29,-0.0018140763629199697,,-0.0028978298649831036,-0.007115027928869755,-0.0018467464482961882,-0.005288813459580766,-0.00017592939799371266,0.0009115947427347226,0.0005695365733036084,-0.0061305647959494225,-0.005842391033590855
2018-01-02,0.014207826862140838,,0.01646841044760361,0.0003582887942794599,0.005947159513711053,0.0123534139252921,-0.006152289485482743,-0.005767947612043689,-0.009301081382364962,0.011248192102017551,0.01519882169835629
2018-01-03,0.0070046153235932,,0.014976176071855862,0.005372327590980719,0.005385965691913075,0.008341300796282924,-0.0003536806731467834,0.0003055019645188395,-0.007856096535256651,0.009568097231877903,0.004591225294511281
2018-01-04,0.008735124011994166,,0.006036185059689725,0.009262885648003483,0.0073174885211666485,0.0050551181988744975,0.002831032646520404,-0.017093962997281387,-0.008304437305267753,0.0014214365253819583,0.003278942260839468
2018-01-05,0.008017895400615371,,-0.00040003151239231816,0.0028235811819719014,0.0068749687483382615,0.01051677852011168,0.0044103797572787595,0.0021737217844040035,-0.00038936728962879474,0.008517753587430121,0.007922135918985829
2018-01-08,0.001431624622145744,,0.006002441385089874,-0.0014077764697697503,0.004122671144060952,0.003770511637481766,0.0024593035600830593,0.006817531534131449,0.009350942038967247,-0.003636264146933521,0.0011792961848287042
2018-01-09,-0.0015884358337958648,,-0.0025192807621148283,0.007754624317432901,0.006415323925970995,-0.002554480604762599,-0.0014016672882568582,-0.011388184549963709,-0.009843367033515071,0.01177310766127726,0.0019625313596931537
2018-01-10,-0.00604613022051248,,-0.0011962099825292283,0.008394409375495293,-0.00012759111649363053,-0.0034647630506706717,-0.00491326133750003,-0.015566692083959777,-0.01091578043628294,-0.001745493400729825,-0.0006854840695391662
2018-01-11,0.013126358871991428,,0.020494890360340356,0.004856052696169844,0.012749929398002902,0.0040814393088346446,-0.001410648653006663,-0.006324996103021174,-0.003744811667849235,0.004312508616973076,0.016269581728653337
2018-01-12,0.001579618877799005,,0.009650199394684922,0.008974888978714679,0.00931647320302087,0.005871800594974275,0.0003534528726716335,-0.007320239570320353,-0.005737020044359165,0.007660584121440328,0.012923212329767342
2018-01-16,-0.011673602354302037,,-0.012657624173222248,-0.002737022290347335,-0.008980911039350836,-0.0038916413503176095,0.004589169949926752,0.004809246465951933,-0.0021885495735005644,0.004952486974328485,-0.007140840244545421
2018-01-17,0.0046289373793599875,,0.00876481378845928,0.007547354742718726,0.005538022554751443,0.015025951446009822,0.011421761701639888,0.005743330495585619,0.006181365416565665,0.00962758403598607,0.004794667318823942
2018-01-18,-0.0006355322821544052,,-0.008170369706705594,-0.0013621387216877778,-0.005382465209547993,0.0017767860024076043,-0.0029532997755504775,-0.00951755502860352,-0.006341800192376068,0.00022699273890980365,-0.0008587944341750253
2018-01-19,0.006041182302801484,,-0.0013074226576480497,0.007160169512227643,0.0028945064439152013,0.0019212138220507935,0.011151470846807898,0.007046820204901438,-0.0029916089232970844,0.003745372937105307,0.008692246782933344
2018-01-22,-0.0023702287869236116,,0.02160259066605752,0.008124446284052622,0.0,0.009734580039288288,0.007582411057457827,0.009541929081568812,0.0014003518117500224,0.0065580221588332765,0.01107950753581366
2018-01-23,-0.00015833384773478176,,-0.0015375063424820645,0.0010072224749009262,0.0005020301674392158,0.004382134265284332,-0.0032496660683783984,0.015437836149669648,0.009588466023950248,-0.004830193034029873,0.008429347119123243
2018-01-24,0.004277253861641794,,-0.002695906855148422,0.006709573049493489,-0.0008777008403936248,-0.007707911018439373,0.002059133473104824,-0.002792560818886569,-0.006133861302413779,0.002934546305434882,0.004272112555639751
2018-01-25,0.006625647954753067,,-0.007850492908236695,-0.001999375107502699,0.0010038894819617283,-0.0017586534493055916,0.0005135837096466034,-0.002178013697522685,0.015528708956918713,0.00855420512847238,-0.0017566890059778073
2018-01-26,0.004388212531108104,,0.0054481857507791,0.00734545735722647,0.01153780974101748,0.015856371983049344,0.004792013429755659,0.00280649363487262,0.0005883288342347637,0.021537769547474328,0.009820101495305433
2018-01-29,-0.011390137340481776,,-0.015094968894676764,-0.00397747082646438,-0.00669454715767015,-0.00910522997301988,-0.003917598777583464,-0.01150473157866072,-0.012735236453401022,-0.002731186803729857,-0.0027524235892033566
2018-01-30,-0.007260173461383634,,-0.020172802505292187,-0.012978382944346056,-0.00786292568300806,-0.009043052955295838,-0.006668750997010475,-0.0040894929421669834,0.0017859232647394752,-0.021032040964022114,-0.004967551296734873
2018-01-31,0.000794920550364564,,0.0006684295843506494,0.0026971173758736366,0.0030185478333883964,0.007506408521077201,-0.004647897996380768,0.020530875495748724,0.011093778922218744,-0.014210576578050693,-0.0032359976022082737
2018-02-01,-0.013661559731719786,,0.010287401726356116,0.009414779811002028,-0.0017554016807872497,0.0008763499211557058,-0.004323832732562205,-0.018260793120349006,-0.01567418897416606,0.00034079752967897115,-0.011130759164014847
2018-02-02,-0.02625225950842458,,-0.04178802739373477,-0.021985070968650655,-0.020103350188626745,-0.029630486665443323,-0.01910711983730895,-0.011349209499489477,-0.007165608752758179,-0.014070132993623252,-0.009567632658820435
2018-02-05,-0.03820694243514433,,-0.04195412966415224,-0.05040896968048547,-0.045390891224932006,-0.0418170401870912,-0.03630252444552917,-0.025829416128263394,-0.016439156888673034,-0.044309062261728926,-0.03371519601020334
2018-02-06,0.03267390136529347,,0.007922633852914585,0.018292951697823634,0.01826781230866592,0.028728262773728197,0.011025327255696382,-0.0019636228100797792,-0.014879881244387771,0.011079085484438256,0.025580657753488723
2018-02-07,-0.0089925222247903,,-0.016721534919378778,0.0007043058528255486,0.0018465158500009515,-0.012818370797318956,-0.004361762728847585,-0.0045920847946983034,-0.0047589449410329054,-0.0011913127600728934,-0.0030582063537811788
2018-02-08,-0.03511997501845432,,-0.03023211685083571,-0.04399859737678857,-0.03857784678884102,-0.04142869724264775,-0.021540953074463576,-0.031301187896683014,-0.011226615174044885,-0.03470063322178929,-0.039877296493204595
2018-02-09,0.017415316903786948,,-0.0007497023836289252,0.01914566263979789,0.010818900252444807,0.02451249376007736,0.002052250667570865,0.023469328621583907,0.021026378057093842,0.014206494949591919,0.006689377709952815
2018-02-12,0.02019869003543895,,0.016349254819071346,0.014089694622842375,0.016122394819024777,0.017944034601125924,0.01024014968080822,0.002658741805070086,0.0076189740462455635,0.009378799879638189,0.013587088472866382
2018-02-13,-0.0025168037089483564,,-0.0041323174476946,0.0042751172026012085,0.002266905085426485,0.002474379858548037,0.0046074326908776,0.007291903604748962,0.004496277169607321,0.0007237677158908884,0.005185902925381791
2018-02-14,0.013456670430905593,,0.014522924955394645,0.02376730902608659,0.012638211359424778,0.018355642775772063,-0.0005503214622331054,-0.006252012966504572,-0.011190178082004287,0.011335215706598456,0.01596423354396248
2018-02-15,0.007468954714763498,,-0.0024833973633979767,0.00554399419844076,0.015106976940731487,0.019084972143074586,0.016520037631508444,0.00927128827304724,0.022222130171512644,0.011088284652009284,0.00891057010732288
2018-02-16,-0.0036243444778411016,,-0.00248918418007682,-0.0013782613986522696,0.0002590462865941223,-0.001486248808273416,0.003972318973137101,0.00656180778706128,0.008856698128135276,0.007193582793830977,-0.004843095858480084
2018-02-20,-0.00446447836145647,,-0.005431780826092192,-0.003105616923801957,-0.010091593817929012,0.0008931012003554617,-0.022661823867660247,-0.010104416867533161,-0.012968712190754239,-0.011005670009091584,-0.0030538285259238407
2018-02-21,-0.0034879025320754264,,-0.0168263002861061,0.0013845400197485258,0.0002613908667425946,-0.00639502131909131,-0.011961688314629182,-0.01843895067103618,-0.013139407284008198,-0.004143489284179291,-0.0014358867379736795
2018-02-22,0.0066668844068134,,0.01095912223141915,-0.0082959843433279,0.006664067908230598,0.0011976229954984152,0.0026076249138724528,0.011405284665332749,0.005120826461059824,-0.0015453454684647427,0.0012461877377243358
2018-02-23,0.01473509853876287,,0.02168088446917582,0.0149877177042812,0.008307304105716007,0.02092984501554418,0.009659783723823256,0.018242146491659117,0.02608517451989001,0.015954247468012772,0.013978014943373918
2018-02-26,0.004405257335028834,,0.005959458615329094,0.015110108906468911,0.013774569656518576,0.01566828065927517,0.006255802549468559,0.0035831315738314995,-0.0029791311613471816,0.012656637806667259,0.008403234467783793
2018-02-27,-0.013807660429515534,,-0.013003988724065274,-0.009472333532519861,-0.012571696988182612,-0.01009216599736329,-0.013165283924141513,-0.0214217071526126,-0.015936468917621016,-0.010415694682424426,-0.021160873203317387
2018-02-28,-0.017789448134662544,,-0.022983767547487655,-0.014002660982872728,-0.014274553797247846,-0.007136791878204596,-0.010375862583357542,-0.0013263113761837753,-0.006882120917790835,-0.016021468884766632,-0.004495899239376877
2018-03-01,-0.010229852443609744,,-0.0014978225198571948,-0.01731896999755045,-0.01956930804677426,-0.016575875816284724,-0.0022468879206578585,-0.004982077612983304,0.00020357075514931822,-0.015925706476503154,-0.010761951453642449
2018-03-02,-0.0010163868734511805,,0.0046518211825172795,0.002467199206592774,-0.00026635389662954534,0.009546263952245893,0.008444249126620562,-0.003337765175724816,-0.0026493834182239606,0.010144796804964606,0.0009712577054701299
2018-03-05,0.01322921063739968,,0.010604875744613773,0.014065020897429559,0.011979229564456961,0.010195184444292016,0.008746089668710821,0.014065912662935443,0.0204332845163957,0.00908694785752151,0.011935973749096274
2018-03-06,0.01104783428954148,,0.0005909981324874192,0.004160435870862456,0.004472044348185156,0.002193921316886671,0.0007379389501327438,0.003962757733532163,-0.013415914589476552,-0.001422122344750587,0.006904561229725159
2018-03-07,-0.0036422721250508605,,-0.007533031272140889,-0.0017262624361632506,-0.000130820571174306,0.005546273139070079,-0.009032562802882116,0.0042765630767787055,-0.007510080343778092,0.005102159273191242,-0.006761915011886055
2018-03-08,0.0008305509825738966,,-0.0002976867886039791,0.003113136695650942,0.005238200712796459,0.004353488971842401,0.00911489365223761,0.007860861595992086,0.007362169434124155,0.006729021384844769,0.0031641815439575893
2018-03-09,0.018097552756639823,,0.019056018077705072,0.02413800409671274,0.022016389395493663,0.01893048592218527,0.006451244785583787,0.006500044816136974,0.0028419089821605237,0.014422854817890629,0.015484617961526448
2018-03-12,-0.0024464276729706524,,-0.00029204917830172317,-0.0033671733646527535,-0.012364181466563262,0.003120186370388911,-0.0018311503254442307,0.0048432478267212975,0.0042511310175323835,-0.004276920261969019,0.003294479940315398
2018-03-13,-0.004086939074045115,,-0.00716053406736139,-0.011148546466053566,-0.004904588133615495,-0.011451520096602885,-0.0007342727972382557,0.0032135100519021798,0.0022174226232929417,0.0012767728051246152,-0.007036175495389152
2018-03-14,-0.01231120567931343,,-0.005887533735717931,-0.011274313615928011,-0.010895085795031068,-0.0008583976836370466,-0.010098694293641075,0.0019220419158771929,0.010257232205408195,-0.004869047497267687,-0.0012286020679702636
2018-03-15,-0.013129376005289739,,-0.005182201866716474,0.0003455369662084262,0.002885184511056904,0.0005726385838558112,-0.0070489037009202615,0.0,-0.0005970738104638107,-0.0016312962994061708,-0.0010404813036956062
2018-03-16,-6.736342499813475e-05,,0.008918454818909405,0.0008666855823931119,0.005343242042281426,-0.0010332307662503926,0.00035668017583256884,0.005241373273660255,0.008772682284043265,0.0,-0.0010442969553111636
2018-03-19,-0.01437052304199582,,-0.015450852550474403,-0.007274130351901498,-0.0077047724457556255,-0.01982462434367449,-0.009765168218947906,-0.009916917551709314,-0.0061690179438101955,-0.01616131733121884,-0.012455431899285774
2018-03-20,-0.0010291607814878478,,0.008450166228396672,0.0024423998956133453,0.0034219217225524012,-0.00044002634005513297,-0.0028448496546228386,-0.0003229028646557497,-0.004605433699559902,0.0014282818879680637,0.005969203332145234
2018-03-21,0.011332508195131874,,0.0261860598779462,-0.000348031188948994,0.0011796419286667081,-0.006011734293196014,-0.012361957160396453,-0.00904998006088964,-0.0034197017949464392,-0.004278837896061316,-0.0007655251456880618
2018-03-22,-0.029881264339483127,,-0.020414153157492287,-0.036907843747929436,-0.0330098728213114,-0.025814982798308628,-0.008280380625064199,-0.0035877148530147895,0.004440410340376122,-0.028769471070238972,-0.0212626870265179
2018-03-23,-0.019600848205186705,,-0.006103244522404738,-0.030368720224561163,-0.01463041106032581,-0.026650428777856394,-0.012426900250766093,-0.015711948717869517,-0.014067302901045853,-0.020771889895213502,-0.019669003887236025
2018-03-26,0.020528206277751426,,0.01797222779367047,0.032438148467740735,0.02419608006938745,0.03795886195186737,0.014352921078876646,0.013634882225427969,0.010395526571780556,0.02071055764564389,0.029546794162127687
2018-03-27,-0.010145272259680649,,-0.009415714896155114,-0.019501465842622245,-0.013825769017867362,-0.03207409882079848,-0.0005814148680182152,0.0016405507244205975,0.014323106848792566,-0.011805403683404103,-0.019585044704006016
2018-03-28,-0.012722797765079563,,-0.019456545204830422,0.0018415057869325402,-0.0034023141376443577,-0.006658499278024754,0.013770286848189928,0.018342544384772452,-0.0003978824051088514,0.005351051881739899,-0.01216359565581926
2018-03-29,0.019151262792762136,,0.021054595684931954,0.013602874557452571,0.014613444102241635,0.019797152674911,0.00688720266314391,-0.000321768313393922,0.0053720963914003494,0.007550706001839824,0.014015301416849812
2018-04-02,-0.02177694792272511,,-0.020027144626554305,-0.022125710327766,-0.020595245768124215,-0.02384583624841652,-0.024510834537558313,-0.012226656617359999,-0.007718006715301096,-0.022727683478789396,-0.028235721568372396
2018-04-03,0.014182938159345237,,0.02134451860103015,0.013724382171207195,0.013881149021653938,0.009865354963756845,0.013245510916547687,0.003583364451989368,0.003390374349218739,0.015210967864636382,0.01269924075579909
2018-04-04,0.006549958478549112,,-0.0013339877043693216,0.010611213911323025,0.004338002359295601,0.013955759367236364,0.015570335042862427,0.01168433599614005,0.002186370455565134,0.014239750102668758,0.018358833774773098
2018-04-05,0.018641985522266147,,0.017957768554176745,0.007965113129381196,0.01012234922257571,0.004129090453987239,0.0024608344065666365,0.0009626682020063004,0.007933427164581008,-0.0007325561203028741,0.013397673991768055
2018-04-06,-0.02434376362764379,,-0.01807827342327195,-0.024066306567447016,-0.02765859981497376,-0.02452022966897771,-0.010196075991777631,-0.010256621710000635,-0.00787098329192093,-0.02406838515839993,-0.021288917681663966
2018-04-09,0.005485880034922452,,0.004751155112881378,0.005520940143650455,-0.0030232027717208565,0.007806131687332796,-0.0005725680381333254,-0.0003237957027661942,0.0019834051079565818,0.009889586445283705,-0.0023840552530068893
2018-04-10,0.020591245809564285,,0.03310184983211828,0.015007098197831192,0.015300027119197201,0.024632149947909854,0.0022907756996481954,-0.0068027167100840336,-0.0077199198757050835,0.016859160107688842,0.012146940570963105
2018-04-11,-0.0074151959711104,,0.010441856551176798,-0.011900001474528077,-0.007330975558214492,-0.00589643774516635,-0.0019046017612974753,0.002609195618307636,-0.0013961725336852915,-0.008168154184562071,-0.003049361909702508
2018-04-12,0.01059784525769114,,-0.00014148498598842707,0.017517911269933295,0.014359589934868966,0.012015302992746557,-0.001526570992331111,-0.01171078405431869,-0.013184222108412857,0.006760405391076807,0.004341278653618996
2018-04-13,-0.0010313838667910247,,0.01104369822043405,-0.015064545235889293,-0.0024263870531029408,-0.003306610449980041,0.004968873710866184,0.005266322042214888,0.007894848188932047,-0.0004883353217455255,-0.005599801317948017
2018-04-16,0.013422678969949864,,0.010222218146547446,0.004370091142900767,0.01000106953872515,0.007690238360527957,0.010838345641594138,0.004584257484793186,0.013657318679804575,0.007939352613519635,0.007508447571872745
2018-04-17,0.01137727099184671,,0.0038816627466107256,0.0,0.00843046182486229,0.018554315058171733,0.002257151875227237,0.013363783649274596,0.01010510272209797,0.0077557135370383,0.01863082439413466
2018-04-18,0.007219430546067107,,0.015741591997882054,-0.004713539368968456,0.010350081448812665,-0.0026441275645687767,-0.0075071603927083785,-0.0025733476781714115,-0.0037270257776153004,0.0008419245119366536,0.004717196830803294
2018-04-19,-0.011168355643062733,,0.001223255514610333,0.015300607429984403,-0.002758076280098054,-0.011047386332320164,-0.02893351262576893,-0.01676863330532885,-0.0005907347692978293,-0.00841069845529141,-0.0031619238072034817
2018-04-20,-0.005394476355035205,,-0.0047522158811730275,0.00035861190388497555,-0.004346106762698532,-0.013851547236277018,-0.016747905629594495,-0.008855286034927023,-0.009062263273664328,-0.005331440372797869,-0.010188482985596825
2018-04-23,-0.0028813968448572203,,0.006139072341390328,-0.0010758464194553508,-0.0011902454685515096,-0.0036248119762820608,-0.0011881638152195784,0.0019853680397168283,0.0005962957595970764,0.003898435175352599,0.0021365618305289047
2018-04-24,-0.027026866946903705,,-0.010711576953009505,-0.0064632210809525414,-0.027943571673403444,-0.01743232566925701,-0.006345562945070715,0.0009906350620343396,0.006755540135366278,-0.007523642496738869,-0.015794385110547093
2018-04-25,0.005415681156610619,,0.00794938022305014,-0.0007229670933752708,0.002861034517440908,0.00015447632778853304,0.0017958548814003272,-0.0032991766725332106,0.00019731383939269875,0.004524075880844247,0.004134769486257239
2018-04-26,0.00625528136734399,,0.01454963748162963,0.00036194491355101555,-0.003667742200252677,0.018201585419991728,0.00597635821208975,0.012909823279247279,0.010063231801485273,0.012657977050377411,0.01617814476639401
2018-04-27,-0.0025903450229413094,,-0.010587966568405438,0.0014459773327710757,-0.002045386182823461,-0.0018180528155565812,0.005346423348561835,0.013398395004053265,0.010158186393573354,0.004086231143097363,0.0045350297944874995
2018-04-30,-0.012984588260125496,,-0.00013553552383172018,-0.009025266869414406,-0.013253032111567697,-0.00652599272778509,-0.006302883256907754,-0.0038694196991697627,-0.0029007468014379256,-0.015321417786540947,-0.003938375953353668
2018-05-01,-0.0008771576518880053,,-0.006096798280967208,0.00036417940106958646,-0.0045693687030067265,0.012526424040694817,-0.008721632909253763,0.007121920957700256,-0.0031032825150346666,-0.00048646913148597815,0.0013501324811553417
2018-05-02,-0.002282188592115597,,0.004089294103796659,-0.0112889929722787,-0.008763322831909837,-0.0010559005748369543,-0.01959589259490291,-0.0045000242288731895,-0.0009729368293464047,-0.013743486192724363,-0.0068375631388127855
2018-05-03,0.0045749749968182485,,-0.0023077976891415775,-0.00847152903104853,0.002385465641036033,0.002265328777563136,-0.0010199403375700244,-0.00032309522175122396,-0.0013629067525653404,-0.009002803983116037,-0.0044603154566894565
2018-05-04,0.012436479724961202,,0.00489863322662365,0.013001497138114049,0.011619904130809156,0.01898707995912985,0.014495921886877872,0.011305008615849488,0.004485183909547663,0.007964074139550581,0.013148966359775027
2018-05-07,-0.00034609847776956304,,0.001353932666343871,0.006600686547262313,0.006642253406078602,0.006950866343126805,-0.006238784637089934,0.0019161718254920856,-0.00524173055427779,-0.0014811429927384934,0.003364789283113012
2018-05-08,-0.0020767686126743623,,0.00784310622863349,0.006921743619795029,0.007149026803375147,0.0022029636258651397,-0.0040499868514347614,-0.0070130275644236795,-0.024980542786139703,-0.007541980072744203,-0.004215740923672273
2018-05-09,0.01439501672519361,,0.02039477939048706,0.014833432741583108,0.010783545268906014,0.01230940659833224,0.0014231782342446486,0.007705014047458825,-0.007005688440350766,0.005730540324819566,0.0034638596255940346
2018-05-10,0.007180568753898164,,0.007494967994056578,0.008199716164883464,0.0067520342689957324,0.013028713595645725,0.005888272947516704,0.00923837905829239,0.014110228747125753,0.013377993138207867,0.0036434737060349054
2018-05-11,-0.00033957713925447663,,0.001435847441769722,-0.0007072945514483564,0.00214624877077374,-0.0014293302519771123,0.0,-0.004734911809739395,0.0013915643637498754,0.014912807781291226,0.0021020649419662973
2018-05-14,0.003905553350192381,,0.0069071037670322966,-0.0007076387522938488,-0.001740216265044281,-0.00014276069020791038,-0.0004039661648884696,-0.006977438994275831,-0.0037718959420155462,0.006623905189459656,0.0019067886250845323
2018-05-15,-0.0030446586201174908,,0.00025900166252945667,-0.0017706627079291382,-0.0033517930587043665,-0.00944640526263707,-0.0038365682378985744,-0.01692746682433688,-0.008367895797325886,-0.012921711090928767,-0.005804652731224991
2018-05-16,0.011876423169446815,,0.003493672285760363,0.001773803515665584,0.003632682145934041,0.0044790085645980415,0.007095113679818743,-0.0025994262800901335,-0.007836058438621119,0.005575747676499265,0.008327033317493848
2018-05-17,0.0023476455419266795,,0.015087323583354628,-0.0021247326376794273,0.0038868907441422795,-0.005178075525737347,0.003421667434047926,-0.005211592837250922,-0.008100415672084749,0.0003614848348980626,-0.0033223099337285067
2018-05-18,0.0013380921567818227,,-0.0077494917404759,-0.008161967826011307,0.005875359653918499,-0.00419345459513798,-0.0062184788420371895,0.0006548823090368749,0.00020422140465159444,0.002530528399504073,-0.0012381611940448511
2018-05-21,0.005345887894791179,,0.010242381778444942,0.007155902565917582,0.015133638872198985,0.008712115349461147,0.004238984559029824,0.010143992008399216,0.00510310030922323,0.0009617369521790486,0.005530789235591138
2018-05-22,-0.008308491592260214,,-0.01330639028341496,0.006749778999855405,-0.01229231935530839,-0.0014392314809581475,-0.0018093229943808575,0.0012957632259402718,0.00365548641083846,-0.0019214167516559133,-0.0044571099902112055
2018-05-23,-0.002345922167482195,,-0.00012850286646182152,-0.006351704460597629,-0.0009268218746559809,0.007351644692892734,0.0036248260493878526,0.00808775875902712,0.009105579130370245,0.0032483578339965735,0.007239444013831253
2018-05-24,-0.003526782538911588,,-0.01644158652763872,-0.007812295810803893,0.0049030647067482835,-0.0011445590979786147,-0.0008025970942755478,-0.0038508732113046173,0.008221499312049962,-0.003957395004809183,0.002174837944183494
2018-05-25,-0.0053937175095229994,,-0.025989356185050827,-0.003221319149255941,-0.0018463107595189099,-0.0007163902422342439,0.0016067670780315346,0.004832539751756126,0.0043753498186756,-0.0014445130095254166,0.001510055507006669
2018-05-29,-0.01728522617992556,,-0.0030838947628198943,-0.0333932692378659,-0.015985832493411456,-0.00544799703561738,-0.0022053477701897695,0.0025650176596285768,0.0,-0.010248596717766345,-0.007726136407546935
2018-05-30,0.011726173684308838,,0.030262004502875417,0.01820203031140233,0.014097616488351727,0.007351644692892734,0.014064490785051564,0.013111636026969409,0.008119030748735323,0.01498336089374197,0.009115941515504433
2018-05-31,-0.008351922263955092,,-0.007571910445483443,-0.008390850086811508,-0.014431496037579983,0.0002863459058541906,-0.016049364985991188,-0.0031568169269610147,0.0015714518684006862,-0.010921288117106132,-0.004799339743743913
2018-06-01,0.015297411402213967,,0.004735603642070263,0.011037244509960908,0.01101561642063742,0.017024637892607553,0.0,0.004116669428362085,-0.015297616249270396,0.01152767462659865,0.007375582791021795
2018-06-04,0.005755965660231066,,-0.008641031279254197,0.0032750823897966796,-0.001461444764351616,0.008017840992995184,0.008256179647918138,0.009776264267641777,-0.00796622230140509,0.003718637117929857,0.011169049442469436
2018-06-05,0.007574453641436607,,-0.0023771475689459143,-0.004352414763674317,0.0011974881131608939,0.0034886337413553292,-0.004593429420038375,-0.004997057269537031,-0.005219908859945277,-0.0020316907551932717,0.005848089730060568
2018-06-06,0.018543177822994528,,0.004765694785348273,0.018214686776326205,0.008373200897464184,0.006535674644322587,0.0012038484242646863,0.0028249124868786613,-0.023814423937218887,0.011257305567217157,0.00932071357831088
2018-06-07,-0.005084437655392349,,0.01515173802530323,0.0032200889393294574,0.004217470713220095,-0.008013003304616184,0.0062123418512203266,0.0,0.0070292814538031045,0.001302969138734289,0.00292592329869934
2018-06-08,0.00280239881155242,,-0.001946831153673334,0.001426697129146337,0.003281421859585132,-0.0016713296293302538,0.012348255082848203,0.003442936162575183,-0.00041070682484500853,0.00579524404517251,0.0020968954977771403
2018-06-11,0.0014795718546321002,,0.005201420595989381,-0.002136524581957344,0.0019620947171954395,0.0011159319903872866,0.008263087658971768,-0.0003121878847396342,-0.0020534772672030632,0.0018812416317606218,0.004002658420151128
2018-06-12,0.0013131993695938426,,-0.007632776254060225,-0.002498658855094149,-0.0010443709904019993,0.004877190463004943,0.0019510595828526878,0.005616642346377487,0.011524980216132574,-0.0005868735273244496,0.004802732954851896
2018-06-13,-0.010819539925500221,,-0.0037804921483135523,-0.003577516360212196,-0.007972735130145736,-0.00513066718534938,-0.0031157998936776066,-0.022339623397543917,-0.0026451994843625926,0.00023513261581764588,0.0015328815052135791
2018-06-14,0.0014915126445045335,,-0.0014392543832077997,-0.009336081226708148,-0.003820891578072305,0.007109234753902793,0.0017580579110032524,0.009520915021758558,0.012443961966495554,0.005165875682516363,0.010444832794763492
2018-06-15,-0.006982577893389741,,-0.02147812768917101,-3.620912274426846e-05,-0.0024962372217524065,-0.003820149041864007,0.012852298971843368,-0.0016172411617778604,0.007115296808247962,0.0019464018562300733,0.0016439737793212394
2018-06-18,-0.0025110952428030187,,0.00997721795365858,-0.0018201350841452468,-0.0041270209174419925,0.0011157191516690812,-0.014551772090381832,-0.0009525695291299208,0.0032297461442729603,-0.00959548287399481,-0.0016946491916051132
2018-06-19,-0.01829472575412594,,-0.0022695778491252927,-0.002552675108167257,-0.021119685364638596,-0.005153364926138049,0.0053160649882071365,0.0012715124462079341,0.009858884237736731,0.0025992023074146164,-0.0012510629677524587
2018-06-20,-0.003248613094149033,0.012409712935709694,0.004415584712043064,-0.002559529786779313,0.0006826181038845913,0.0020999497059288608,0.0009790914938319073,0.010793583686019792,0.0007971481627584431,0.0021217200976972883,0.004741617729005609
2018-06-21,-0.010634580891176193,-0.00612896198044155,-0.018516141921553486,-0.0029324181321226384,-0.012554622485117406,-0.007683565660311142,0.001956450383102437,0.005967370496087865,0.0033845803307859246,-0.005761797171603744,-0.007123418283221272
2018-06-22,0.01456325461539243,0.004376414027726039,0.019951025689081137,-0.00477964916067708,0.003454966355359801,-0.0032382168479423434,0.008201685080610366,0.008741809286893165,0.006944376575556355,0.004493896568369848,-0.0017037678571086845
2018-06-25,-0.015550274499744221,-0.020598089919390716,-0.020093148002196193,-0.010712856948561278,-0.012670528696803407,-0.020762467895509396,0.005035809892093068,-0.0024760476100506024,0.016551677676473586,-0.009184191145384601,-0.02173916565077083
2018-06-26,0.0038186121412631113,0.0016584797302310328,0.012629393050354931,-0.003360738923745221,0.003766108315028882,0.004038686112648016,-0.004239851035472086,0.005274671035038203,0.0011629460163342653,-0.003089464930770003,0.007162592328674666
2018-06-27,-0.003112454817157939,-0.008721787304865725,0.013409647341568354,-0.01236437238217547,-0.008060110211453142,-0.01364758361929408,-0.0021286807873677205,-0.0027778252808092763,0.004840571907965829,-0.008463532580180733,-0.012946620478790694
2018-06-28,0.003816039955538919,0.009979631138774536,-0.0013231290923589878,0.008725604423236888,0.0014012886559271465,0.012234230987312689,0.0,0.009904038007067628,-0.000385767361624767,0.0013226203000580306,0.007851613143070368
2018-06-29,0.0034561487868209895,-0.0012099565255864198,0.006227878305264278,0.0,0.0020982335268289187,-0.0004321721607722928,-0.0005818124504057831,0.002451689764870757,0.0015423617999148487,0.002040715385388303,0.001741093218128098
2018-07-02,-0.0053385796938403285,0.006258890987642429,-0.0147487474706669,0.004888802705153905,0.0022340791521695547,0.008924990433673008,-0.005822055344329891,-0.005808503675278631,0.0071207418255709864,0.003115526369744215,0.0013724700403534573
2018-07-03,-0.00173128853086979,-0.012239315119700445,0.006281769507358259,-0.008981876879203043,-0.003204054519474253,-0.011841684292121402,0.002342605935774733,0.005842439506625441,0.0028661595142025487,0.0023887727370577316,-0.005025293099034878
2018-07-05,0.008671686797625089,0.015234766295816105,-0.0010624962955320116,0.002265903647610479,0.004891294206372354,0.014149215072000842,0.013826599908301151,0.013145810577011474,0.0053356283697345575,0.010367054690132882,0.0049587698758193355
2018-07-06,0.004986044793361621,0.01580633035998491,0.006115922658680217,0.004898344874523897,0.0034761038360013874,0.011674402620458268,0.0030732873669472305,0.004224616152385563,0.007770997307582128,0.014388664346941527,0.007858107815093662
2018-07-09,0.008896743548573394,0.005712079373791479,0.014933630461959613,0.022872059612514706,0.018569527762547056,0.007599205371304096,-0.003829727215560297,-0.0093147261289378,-0.030844298271506587,0.007324609291653017,0.011967361134334276
2018-07-10,0.008478895395513053,-0.00041090323212822355,0.007421754596423025,-0.003665623502067672,0.003129926454809473,0.002374132052833211,0.01191824518525686,0.0048526633705103794,0.009508855483052248,0.0038090023228798398,0.002150412557122783
2018-07-11,-0.016815291100889973,-0.0013521348753734452,-0.021196922073587032,-0.004783085552093835,-0.016411508383777806,-0.0039012684350847593,-0.0032294727652144584,-0.003018323715757276,0.009034875421186195,-0.00793403861223485,-0.0023245964033716815
2018-07-12,0.002394477871346723,0.015695235759625614,0.0017168418979824907,0.0018484772577742614,0.011720815092700843,0.015806392175210515,-0.0013339289994793724,0.002422073637092348,0.0007623107528598183,0.01112668616424295,0.0066310210388627056
2018-07-13,-0.0005118008562080556,-0.0015452622743469258,0.005272914900389614,-0.004428208788692323,0.005179537076288598,-0.0011013270590104485,0.006488259943963515,-0.0033221091507010803,0.0001902026950315605,0.001834090603618499,0.002225282206177015
2018-07-16,-0.008023280721764281,-0.002901801298610618,-0.011539635546742089,0.01779096763121557,-0.004068477015879535,-0.0023437059205374533,-0.0047402254104347286,-0.005454861448728088,-0.0009517517471149262,-0.006064073169775641,0.002486872554097186
2018-07-17,0.013078585682079424,0.00019398989390628785,-0.003979391642952246,0.0010926391113350586,0.003948510115349357,0.007461762124173488,0.008573008308210284,-0.006703153334041589,-0.0007618507536121255,0.005525706912000716,0.0009747358093403768
2018-07-18,-0.009342583213306277,-0.0029099204676366064,0.0006653136468475207,0.01600609493727778,0.01098464212603667,-0.0016460381295417825,-0.008122195881258176,-0.0036810698315512536,-0.0051481857331653336,0.000801261206983428,-0.0006196626107217718
2018-07-19,0.0036008783068885997,-0.007003935445136111,0.0002664026957057697,-0.015037636639351426,-0.0004024354088261184,-0.003571770237073446,0.0005712864645399662,0.00954468465162539,0.009199208616887944,-0.005605230794750504,-0.0023026162477097767
2018-07-20,-0.004100610829651075,-0.0033305369282552455,-0.003459758614331232,0.0018173280525917157,-0.0010733992127009984,0.0002758147135784039,0.006090776373533613,-0.008844325718358359,-0.0070265471485138065,-0.0019557639965627205,-0.0044386077964655435
2018-07-23,-0.005489840865100959,0.00412800732649754,-0.004406384337893088,0.013788171474272914,-0.00617928919478794,0.005099525942044991,-0.006242894606611538,-0.0027693537280535363,-0.007075345367875796,0.002075155019348074,-0.0010700883376523196
2018-07-24,0.012937740541805187,0.007047973605224023,0.012607634014211166,0.0028632270345594346,0.004190264816156919,0.005485668368007568,0.0019034739800467548,-0.0027768923833582093,0.003466476604166324,0.009086475341191669,-0.0029456209213641893
2018-07-25,0.007833923131654874,0.00719269543590717,0.008343987704132472,0.0021412107394955804,0.015210669878741756,0.012547754504900865,0.0076001405303645075,0.009900744923566185,0.0028794619912595465,0.012766430707132237,0.007341007817630141
2018-07-26,0.0057449431576721555,-0.03771464457872764,0.010902574288572886,-0.00035604064929339874,0.007689822591196327,-0.015355676308220989,0.005280075544395579,0.0033703242616796025,0.010717302315633948,-0.002813880090463461,-0.005243391124983066
2018-07-27,-0.00369607358857571,-0.018974860066596877,-0.004288418782223968,0.002137396752204257,0.00013177596579794226,-0.01709979796656025,0.0013129104761688826,-0.009160186757336763,-0.0032188636143135607,-0.007223554696837553,-0.002590952843779637
2018-07-30,-0.0018551925520553514,-0.0157432006677648,0.008221647169522894,0.0007112067835874925,-0.009866951189198447,-0.015587924455586988,-0.0011238637885837566,-0.0009246920475725062,-0.006078997519963547,0.0005684310081530697,-0.007971980262893141
2018-07-31,0.00912327315482342,0.006647302624606999,-0.0018119576229506107,-0.00710490251798257,0.022057052121559062,0.002686284214320045,0.00468857465298389,0.019432555966783616,0.008983162028361358,0.010453582810793893,0.004695272110628368
2018-08-01,-0.010212551619976917,-0.004126897136289109,-0.013874535939217503,0.0,-0.013520600086890044,0.009024239698350867,-0.008400172170835551,0.006656653509184984,-0.006440530610587136,0.00022469725117435502,-0.004943096306434969
2018-08-02,-0.006596768359700356,0.006630772289949016,-0.005522500721921841,0.000357775358489798,-0.0013185859830847635,0.012576808414798135,0.010165687312598592,-0.0048091288846986435,0.004956956357534237,0.003710181871258822,0.006864289400573265
2018-08-03,0.00953513175795706,0.006792651290869589,-0.005157263509750543,0.005722515832233599,0.000924537805472303,0.0035879234235243196,0.011740689620597378,0.012987069009757546,0.011193350594371765,0.005935991042682165,0.003408819608436753
2018-08-06,-0.0003371123919964081,0.01001848427285612,0.003721776217380901,0.005334107792035692,0.0014501150146406516,0.005363715880400077,0.0009210983394423167,-0.002087079359088806,0.000750454050521876,0.0017819930916262994,0.0067046393002834215
2018-08-07,0.003374361380464652,0.0012144442574735237,0.0074153165345074434,0.004598744087317863,0.0071088015924629655,0.0038293127027095863,-0.0060732076748925,-0.002091223644313578,-0.0014997825831296607,0.0001108571358063859,0.004617865295848178
2018-08-08,-0.004203878852860887,-0.0008084263396743729,-0.007229336473614345,0.0024644344694757514,-0.004444410692519218,0.0027253800204141143,-0.007590919294803711,-0.006287702826358599,-0.005257395592633496,0.0015561652771862722,0.0010606011314480135
2018-08-09,0.005403477119956701,0.00546332591966725,-0.009267724732671678,-0.005971169814074306,-0.005514650421349243,0.00040770702249148805,-0.002985249157207326,0.0018077053775600316,0.004530012666972283,-0.0011099020528039238,0.0037085329624655383
2018-08-10,-0.014444003404018857,-0.008452319986993029,0.006147122392757831,-0.011660493787319481,-0.008845671166702207,-0.008014450432034526,-0.003742384857276626,-0.009623896033720047,-0.004321575210398554,-0.004332204117472593,-0.0083573926140742
2018-08-13,-0.010054597951343558,-0.001420742321840196,-0.012750522060004932,-0.009653262727426948,-0.004796001861017807,-0.0013690705291451444,0.0,-0.0003041366169419524,0.0013211371092805013,0.0003344135976284246,-0.005056798171730992
2018-08-14,0.008435419515151699,0.007113651804902643,0.0024215636802746854,0.00938627269733594,0.006960104715517668,0.006170388187313858,0.0069496079951238965,0.0039492937462919375,0.0020730604079863824,0.004684674854739335,0.009718939737676457
2018-08-15,-0.01587584849799173,-0.013925277858335638,-0.03489461483996792,-0.007868242823380611,-0.00478511308396945,-0.008994664521178364,0.004103908771206477,0.008774676238923362,0.009215924801265096,-0.001665159245836434,-0.01218622654482715
2018-08-16,0.0060708008654986045,-0.0004095964761273718,0.007231284476812316,0.013338058336333836,0.01268843029505029,0.004401055486346506,0.014304150142690153,0.007798195597193303,0.010808712737704118,0.00978532464585391,0.0049167306016779655
2018-08-17,0.007413989829127665,-0.004709098824992486,0.0024850131089062533,0.0021345117393449797,0.00606716423543241,0.0015056582903569815,0.007692201755248096,0.00952386815613293,0.005162316080860041,0.0030833105074377087,0.0008894711423927948
2018-08-20,0.007017048535340464,0.0016457155082891806,0.006748539775683682,0.0031946745320834413,0.006686013797619017,-0.001503394691675708,-0.000545224565375868,0.0011792978487903394,-0.0034851328486018573,0.0032935828453386495,0.007110611166500913
2018-08-21,0.003908746196523927,0.0061616092703351555,0.005061592383469815,0.00389259196615499,0.007423113039448648,0.0016425465254363836,-0.00709212569614992,-0.009128285168197192,-0.007178455212650481,0.0,0.007942813594033149
2018-08-22,-0.0050785303464112586,-0.0012246915564506633,0.01197770437564949,-0.0035250197435391373,-0.009695208113855047,0.003007275355163319,-0.006227000102048352,-0.006240697718157273,-0.007415320244286372,0.0009846793908196982,0.0010508590065441137
2018-08-23,-0.006806366702000188,-0.004087674075651027,-0.00470758414552086,-0.004598432709155054,-0.002871798795481162,0.0021802876334344745,-0.002395990133712722,-0.0023923770899424435,-0.0007474506224395272,-0.0003281247985364999,-0.0009622164603466654
2018-08-24,0.013020408197468303,0.014570042038419162,0.0072970881030445245,0.0035536751105260667,0.004320388437677014,0.010062310730097668,-0.0012931940443358103,0.006894274067546391,0.004299498868688412,0.004811579276304823,0.005865550058760105
2018-08-27,0.013698531243661938,0.009708855442353892,0.007378768108151856,0.013456006377564389,0.012642861292340157,0.009155112860719017,0.0005548202492975385,-0.0014882381532945743,-0.0061420772963967085,0.0035911917690174544,0.0064411352539233135
2018-08-28,-0.0038370149577040547,-0.004407097294768847,-0.0042616595486351105,-0.0010481994107107706,-0.0020594253364004667,0.0017340758375876675,-0.0033275936415658736,0.012224164628608536,-0.0020599515627878207,0.0005420788724759262,0.0019891399762621553
2018-08-29,0.007536478777970812,0.0056338844022671974,0.006152341472921208,-0.0003495355087972385,0.0007738223255178145,0.00905569737225842,0.001112987797418974,-0.0014727468927354659,0.007318458089931479,0.006502456127290612,0.011220291907997337
2018-08-30,-0.011801850018134608,-0.006202456021935698,-0.002791666657807834,-0.007697782995993219,-0.006959462902682234,-0.003035316951931266,-0.003149973982426446,-0.0053098975394697545,0.00037252578690760707,-0.000753542978098265,-0.005718641815222858
2018-08-31,-0.0030276407693269336,-0.009865024482982432,-0.007731178102083458,-0.0010578089650706834,0.0006490003964676472,0.000793930427937406,-0.00037181236870353906,0.00385523142269939,-0.004283035750416886,-0.000215139925530905,0.003949121261940025
2018-09-04,-0.006917523354687538,-0.012403649840279418,-0.0021491138039057,0.004941436139979771,-0.0007783628401190068,-0.003835551996503872,-0.001301610217240734,-0.008862369735437636,0.004488498645566219,-0.00797591185628399,0.0018809699348294462
2018-09-05,0.00662575598896753,-0.012971052604693112,-0.0013466094096278303,0.0007026360679094346,0.007139031194670409,-0.012481928991528224,0.01154349833651902,0.006259004755634123,0.013963847688334807,0.0040200192473192065,-0.010753594605356631
2018-09-06,0.0020252405338991863,-0.007509349796194553,-0.018468487667202993,-0.004562846253300057,0.003093231211294123,-0.0072610953712750614,0.0027609168269184803,0.0032583663497922633,0.005692292549875466,0.0,-0.002760884334426339
2018-09-07,-0.006568840824207944,0.0021018710151419207,-0.00013737239415323454,-0.0010578089650706834,-0.0030836926369833817,-0.003385921883833687,-0.0020190577724680248,-0.012695439593764513,-0.012232883445860265,0.001514962530908992,-8.651428145156626e-05
2018-09-10,0.0011866602202015297,0.002097290397826246,-0.000412100567478757,-0.0010592398284118287,0.005155646110836409,0.0031257695010016295,0.0034945424886150267,0.0053824986573394185,0.0049906350835309254,-0.002593524940187053,0.0037202941342922013
2018-09-11,0.0020323261011019333,0.010046165014736319,0.009482000881102737,0.0010603630071415182,-0.0002566046227523433,0.00853577172097375,-0.003665646976162451,0.0002976750291083796,-0.0025750311331673714,-0.0008664430876453855,0.008016629176265555
2018-09-12,0.0005068819463305285,-0.0029012071863533384,0.005172727256232301,-0.009177618657038367,0.0030779328550898377,-0.004164938162237508,0.011589330289813127,0.0008919538600418164,-0.0009219137372626918,0.004987637636089115,0.001881271503737958
2018-09-13,0.0038852027225411145,0.0070657052550857635,0.00040644078311591336,-0.0014251402326070917,0.006009589399973425,0.011736270277656446,-0.0014546403937338859,0.006238844508961616,0.0075675954147171876,0.012406556434612748,0.0017071689903500609
2018-09-14,-0.00033639306871657837,-0.001857129099287702,0.005279562616721245,0.0071353997131833324,0.0049568236830772605,-0.0008000842516273643,-0.0027319236837344274,-0.008561949350857745,-0.005312685186979027,-0.003303257342055721,-0.003749147468632086
2018-09-17,0.003534663027070062,-0.00971666804723248,0.0016157062964154978,-0.004250798764135477,0.0003794303149906586,-0.01254334022019521,0.0036525149516435373,0.005658087537812051,0.003314895704491505,-0.003635230664162381,-0.012401591253378474
2018-09-18,0.0010064105533043044,0.0070982414840452535,0.006588091359492676,0.004980266433098235,0.00910265441286584,0.006351392511468434,-0.004185127276766232,-0.005922387669626161,-0.0018353665725022728,0.005794797981048205,0.012730459399676874
2018-09-19,0.01089144681672538,0.0026946393874205388,0.0030719192131818396,0.016991238158863498,-0.0008773080937428679,-0.002551705125625303,-0.0018269599519522561,-0.009532450148076133,-0.021699207989653302,-0.0013871247691479294,0.00042771782539618997
2018-09-20,0.01077395385709945,0.010957312029040933,0.0002662960813439863,0.008701473633574874,0.0015045628330576655,0.011847396897457951,0.012630113879968041,0.0075188354155582005,0.0020676959609169376,0.009722248990387206,0.0068384574353632654
2018-09-21,-0.0021582483581072953,-0.00447025847793836,0.006607934830686224,-0.0038816154372807166,0.006466805497745476,-0.003951637052214685,0.0016022357343146165,0.0,0.004258569020441305,0.0013487891960315412,-0.004419865973274151
2018-09-24,-0.014035864893646943,0.0,0.014647232726623827,-0.01113440631187268,-0.017125239233327205,0.004958951316885285,-0.015267273375699664,-0.0196079094396433,-0.008857879125967028,0.0020158764590405553,-0.006499934820315523
2018-09-25,-0.005191728869134438,0.00041202579546006923,0.00643039089349462,-0.003870464109551719,-0.003052239810877877,-0.0012002056124793548,-0.0059061586805826405,-0.0009231458579452845,-0.01369105164549711,-0.0030703658976926063,0.0042182800390020425
2018-09-26,-0.009932587711893648,0.003911580364526657,-0.00964920687439963,-0.012009954056711458,-0.0006378117574663555,-0.0037387631355532136,0.0011140433176688447,-0.011087010491499405,-0.009832198704547657,0.0022301210837678553,0.0023144174863050093
2018-09-27,-0.00867192194367239,0.008614020564908786,0.0,-0.003575071007928754,0.0014041034363909688,0.005897451095517203,-0.0012980701828323449,0.003114223378212877,0.01031934918741606,0.005085488603991051,0.0034212169833445216
2018-09-28,-0.006346620615054754,-0.0036602297529534367,-0.0027650030470877107,-0.0104056117114526,-0.0006367739660315674,0.003730682862439716,0.0014853508595604747,0.012418674327131507,0.014646549846849322,0.00305732943503334,-0.0008521442332658502
2018-10-01,0.010011904491797008,-0.004081667743681905,0.013863207607848649,0.0039883462058640795,0.008800542499798336,0.004778950221764333,-0.0007416169295735298,-0.007666557541177843,-0.0034190439621496482,0.004939738459438958,-0.003071325616569087
2018-10-02,0.0042728755827914355,-0.0008198300650340551,0.0010419369628826836,0.0,0.002275756235062598,0.00013218923407243288,0.005752485301016463,-0.0030900138799863086,0.013531726905579244,-0.0011504185073091255,-0.013520485143816985
2018-10-03,-0.007147846762565302,0.004512345663997053,0.00806519442414455,0.009389731168889304,0.004163218092254617,0.003038330782943799,-0.010701415649107093,-0.011469561774210546,-0.012034676947451084,-0.001884778072062998,-0.003382832130482516
2018-10-04,-0.004628049621855479,-0.014291875543546051,-0.004129074774964714,0.006797887160764127,-0.0032663346272556737,-0.01804288469981208,-0.0024243631981493152,-0.004703561897068331,0.005329142553880395,-0.009755155068939647,-0.015667210642831164
2018-10-05,-0.007404480945954139,-0.009527727286627874,-0.0001296179037113543,-0.004975173572438596,-0.005167671150216546,-0.012607308871173672,-0.0009346467750481757,0.00031508337271879405,0.01533545851114515,-0.0011653774362282432,-0.007516136228451598
2018-10-08,-0.0005207113675853581,-0.0033458408939758266,-0.0007778082401419528,0.006785513439765856,0.002533573622321539,-0.0112740934795863,0.013847275216525956,0.012913428178553676,0.008390612501950834,-0.0004244929402966724,0.002583524204575305
2018-10-09,-0.03315391618862551,-0.0006294512112237083,0.008949491088179773,-0.003902043672640132,-0.015417225285492608,0.003571939538350888,-0.0022146704088860103,0.003420274173554505,0.0040680489082722815,0.0016977762174752442,-0.0029323643272218813
2018-10-10,-0.026211811106202854,-0.039470797436953586,-0.03136667041280372,-0.030982683494604868,-0.03221675475931218,-0.048459613855233785,-0.012023751535385818,-0.015804200060426266,-0.005524839965001083,-0.023620511073896067,-0.033689856944300156
2018-10-11,-0.011615168304407009,-0.008524488045736467,-0.03384179119854114,-0.029768427348435655,-0.026392667537377124,-0.01266064980336179,-0.02471475543699353,-0.029281925647551277,-0.01833320703495278,-0.027012191235955885,-0.017616591168390094
2018-10-12,0.0027980353408496583,0.022266225237934645,0.002747098083068389,0.0011363036569858043,0.006675027544700729,0.03205659989697196,0.005567627825514343,-0.0006489252146492097,-0.0011320919956788744,0.015386340306505542,0.01849600128659823
2018-10-15,-0.003348026861266229,-0.0038817735780261042,-0.008355956371688733,-0.004540221538273936,0.001894705031582733,-0.016377425514272237,0.006108941506378196,0.006166894412526602,0.0047215073536057695,-0.006917530919288595,-0.0023047532777173974
2018-10-16,0.01605060707861794,0.02641241390802973,0.008288409437331667,0.016723462462229,0.016882336459795644,0.03014159558259144,0.011195656239206153,0.018709816884081798,0.010338125015068922,0.027420971199755506,0.020050245864336347
2018-10-17,-0.0064290206803174765,0.0040077185050710895,-0.006302502109660546,0.010093500534263056,-0.007304917945605172,-0.004597658994638043,0.0046913811460207455,-0.0028498859443748525,-0.0018600129450275782,0.005273710522364361,-0.008243139106997588
2018-10-18,-0.011277481584716975,-0.018277522247805322,-0.004963374986940883,-0.016654426726871563,-0.017260061499497326,-0.019596921392623146,-0.0013073698046169868,0.000317352642860369,0.0014912114335488003,-0.01134805546663964,-0.019179762126463662
2018-10-19,-0.007105475086896518,-0.00021381773713968766,-0.008867848997618943,0.0037637753526480466,-0.0036757570388861183,-0.00042832460422570495,0.022816419849672087,0.010158715718260547,0.015633426013731633,-0.00909581783779767,-0.009777561651977185
2018-10-22,-0.007909494243420356,-0.0006421156427949271,-0.011044465756152477,-0.02137218883137193,-0.0034164545213455355,0.008284685399127856,-0.007496870262092337,-0.014142033911596519,-0.0064137550396202725,-0.008195870872408917,0.004043647973607234
2018-10-23,-0.00987095205152344,-0.002141585538901647,-0.026151986658573434,-0.008046055841893995,-0.016453792103987785,-0.003825001131948391,0.004421436770011056,0.00637545068135692,-0.005532991572255286,-0.005398743317012178,0.00018745270148889936
2018-10-24,-0.03163356782763338,-0.04765001084590781,-0.039483412617711156,-0.02510607973262502,-0.033876989159866366,-0.04479529375222757,0.004219001191150262,0.011719937672124647,0.024295208009167624,-0.03301235463029706,-0.029871942296510356
2018-10-25,0.012868850175241864,0.033130563567090876,0.01224135926294001,0.015451368016635048,0.007070654306666979,0.034390735155213736,0.0023742401927380197,0.011897511252407567,-0.015571324360678096,0.012945650674281994,0.030212659580669765
2018-10-26,-0.005864232532667324,-0.027050557489538996,-0.007464811647585279,-0.014436047008128616,-0.009887010103082128,-0.020006261350315135,-0.019132648102968774,-0.02599015406459615,-0.018392424300042065,-0.011309524740061638,-0.031106598854172995
2018-10-29,-0.0023591991931404266,-0.015470850989882434,-0.01865248243897344,0.008709396395539803,-0.01664233671442561,-0.016889532421605513,0.011517793788689668,0.01651841977355284,0.014053052002067412,0.0025164576766880664,-0.008800020674133213
2018-10-30,0.022861586558312386,0.027328673488558275,0.023145522316586176,0.01726839548964554,0.020603023435319168,0.011204439890656115,0.019834556024084238,0.016562595022060478,0.003880214505283197,0.010725766305713869,0.015024626574950295
2018-10-31,0.013680027272737982,0.020616296600933115,0.00614218288294599,0.013888918238611936,0.007642856462931391,0.023784945966468962,-0.009364399896606423,-0.01352578663955517,-0.011780026651380893,0.0013544964297687034,0.012879378737014724
2018-11-01,0.028131727957870556,0.005864395351657281,0.008487207414276776,0.004566302931998223,0.01760123348792253,0.011688135826733115,0.007089901386154729,0.003739229430631097,-0.004469856703042341,0.01262668443856585,0.020402348434938933
2018-11-02,-0.0024036351197124217,-0.010149051526415875,-0.0025102317273496544,-0.0007575357713237585,-0.0016875093364554505,-0.01954090036284961,-0.00523480748083649,-0.008382661911634393,-0.0056130567188611424,-0.006234523460858288,0.004091696190740679
2018-11-05,0.002965321825911804,-0.004144802473016185,0.016726177492563554,0.015921058882429007,0.005212273150122959,-0.001018047783673981,0.012520404006266972,0.016593710553630903,0.014111222090112063,0.0088507840618135,0.0013895510874990524
2018-11-06,0.016445038183107386,0.005914586476188699,0.004658519159664198,0.005223850397701346,0.010509678281830137,0.006261642671162804,0.006093320203752306,0.005543842964625512,0.006678972451569232,0.005107924353369153,0.004439289758990439
2018-11-07,0.017996643177382365,0.018292553671879874,0.016374502698199622,0.012991799652311453,0.016225289015447508,0.029377615037394555,0.005699957489265994,0.011025810083201248,0.011426613261028562,0.029389154208967927,0.027071952921876585
2018-11-08,-0.00428571123753152,-0.009409640814645237,-0.021670950607584283,0.0029316434769568467,-0.0016375381299328362,-0.0008434071395985177,0.0005312884805273033,0.0021205064825120523,-0.001640144156872192,0.0005367862222211972,0.00026911782473670876
2018-11-09,-0.01398853208788342,-0.02050951955233249,-0.001748755761278975,-0.009134166185838177,-0.010115108202181866,-0.017306913943676228,0.005841726772268574,0.0012091329241061821,0.0014601845513941836,-0.0028963861482438347,-0.013892793494272304
2018-11-12,-0.014732408376529227,-0.014987789253082306,-0.020730015910309874,-0.019911665820153024,-0.019745594590694693,-0.03522343687820395,-0.005279876811580597,0.0021136847179668017,-0.0005469016581849395,-0.013555607398023417,-0.020087197542530966
2018-11-13,-0.002953906735074008,-0.0031326543200611567,-0.022957749692001927,0.005643621076926175,0.0045076113081876645,0.0011872095819189799,-0.0022998884149182386,0.00210907963702911,0.004193985258215349,-0.006980240914088109,-0.000463618318108483
2018-11-14,-0.001110843171510112,0.0049380286039908405,-0.0016783189437796775,-0.013468203065568396,-0.0033654925651857015,-0.012006636903275969,-0.006738912240428663,-0.00030083043413431376,-0.010350266852187096,-0.00801714671594822,-0.007516967154743481
2018-11-15,0.013716291273518033,0.0073713772773023045,0.014672205131342597,0.014789751528385464,0.0132264647800997,0.02505575020474171,-0.0016071679192392052,-0.007819181241411122,-0.00825719864873753,0.00885728832874344,-0.001495798811200988
2018-11-16,0.01005672728944118,-0.004878261560354535,0.011899465535792242,0.0011210169388837787,-0.00027783623037169747,-0.0016098037641493201,0.002503952856817593,0.014246546484259603,0.015356608182463871,0.010096549181887626,-0.003932937417225002
2018-11-19,-0.014301191210475572,-0.030303033064556506,-0.0002977067124626531,-0.00037309032466059655,-0.015835432567751773,-0.038117615815595696,-0.001605403474061351,0.0026899068011203564,0.004373020077746981,-0.012711946338559543,-0.02444319876800971
2018-11-20,-0.018181896502888373,-0.01309745810616847,-0.03275741165128121,-0.022031344084613824,-0.02074821281937167,-0.021490773863216073,-0.016616120566886328,-0.013114932465342899,-0.004172853632587237,-0.009354338446186494,-0.022646117071013938
2018-11-21,0.008043319337981636,0.011874321519035558,0.015701836451172735,0.0007632751228692225,0.0070625037740670304,0.007320881159219583,-0.007994193456026921,-0.0006037978472444028,-0.014756694293306838,-0.005665389883392713,0.0104514177326962
2018-11-23,-0.010762309595876762,-0.013115539976719548,-0.0313731630450893,-0.008012121501906666,-0.00200349531012034,-0.009123114903645035,0.0034798779660165646,-0.003626522327469517,0.0005549793265555714,0.001452383059661777,-0.0044884671418987665
2018-11-26,0.011442319122781264,0.02284944877955275,0.015021324100981559,0.020384551276789953,0.007313788440316049,0.022627688155754333,0.0012776277261636881,0.0021230047864431167,0.0059136065756035805,0.009705423628157073,0.022446592913842434
2018-11-27,-0.012240408597997354,0.0031907417493337586,-0.002774852557898333,0.0007538238308419931,-0.001708288146009762,0.001984397506205715,0.008931813261396027,0.005447905993862134,0.00753254584749774,0.010385567758561143,0.0029718060371435318
2018-11-28,0.015396138405957105,0.020904652736364993,0.01715857748384253,0.019208935953269224,0.02395892846539538,0.03502849131777652,0.008310799154039206,0.00812772740376455,-0.0007296012310362698,0.024057055621579115,0.02953540782170916
2018-11-29,0.0072116667184938255,0.0033387595686211746,0.006535054608470148,-0.008499426718829417,0.0005568169301191084,-0.009711129486156822,0.0016127610214407007,0.001194257175020308,-0.0003647176224463866,0.003310020235025135,-0.004641929386738575
2018-11-30,0.0025700779489294945,-0.0015532296425530001,-0.0018120217698460728,0.0052180092240168285,0.009743918466731172,0.009509569632245585,0.006439661278131004,0.009543896502274274,0.014786412946328431,0.020328069263725324,0.007275543565675058
2018-12-03,0.01757934880735701,0.0015556459179060234,0.022235879596107733,0.006303211346901483,0.011579702319497231,0.02207831490556078,0.000888876139235828,0.004726439879619848,0.010073680458578593,-0.004798017208845096,0.018705509964723532
2018-12-04,-0.029692326339960995,-0.029503651495913275,-0.028706780202193527,-0.04347807133536563,-0.04251809497691739,-0.03787468647250469,-0.016870765466035054,-0.013231102570385622,0.000712664632690041,-0.022325115177329602,-0.03599687008931762
2018-12-06,-0.013538514369815902,0.01120052351126466,-0.018433701291545646,-0.013867515362354199,-0.005551000325962341,0.0022451623022932132,0.00108377405024207,0.02741308850030344,0.001067682010823079,-0.0037520543358816605,0.004808989768451344
2018-12-07,-0.024064820943251686,-0.01898747986005489,-0.0055878511268451225,-0.019140641280976922,-0.02633456383251287,-0.03524485842207847,-0.012630872138382099,-0.015080923883625807,0.003733454540070902,-0.02550309465487466,-0.029936189568871452
2018-12-10,0.002696995094768173,0.007603500678702302,-0.015607716450781628,-0.013938806588609909,0.0024987244125400654,0.013776876490537271,0.0,-0.003827744878909245,0.00194798572935162,0.003865034502456677,0.0007742360062357179
2018-12-11,-0.0032658649223780145,0.00091488005363205,0.00031693903553797753,-0.009692896922314787,-0.0058646228677398105,0.0012216589935665212,0.008223501183025173,0.0017734896255430233,0.004065980579504913,0.0030798377300220725,0.00038630502091452357
2018-12-12,0.008673844328366265,0.010738099256075717,0.00396262294702221,0.005709233929728219,0.005604385862924444,0.007778035697856511,-0.001268575753668011,-0.018884954937723908,-0.006338053091379692,0.008553564130320046,0.01053273634218499
2018-12-13,-0.011656941765948114,-0.004521202735149665,0.0031578033934032135,-0.0072987986048316245,-0.0027866708095994897,0.0016646822512857984,0.0061706464487154555,0.006917664258248468,0.008681869789591179,0.0009786154948518977,-0.004972469378728528
2018-12-14,-0.0077338608577599555,-0.009763735886649139,-0.02282048630246636,-0.009803939994968203,-0.013825317022015837,-0.024475126344864706,-0.016955155660251076,-0.0017923209183903221,-0.0019323240187495427,-0.033673483751514355,-0.016625109390703496
2018-12-17,-0.017147555643322043,-0.019490991648325573,-0.018199203410140585,-0.009901189663043763,-0.01640605514141591,-0.02121735387575807,-0.023119495515231292,-0.03740270183244865,-0.03220707717929672,-0.01989678208040735,-0.025408061325060904
2018-12-18,0.005551541536759297,0.004443447999338934,-0.023622142998978357,-0.0037499850513644795,0.005003871728167297,0.007911528704254378,-0.01183315412098973,0.009946913184577966,-0.006728487495925473,-0.008716493593520891,0.007821228500922484
2018-12-19,-0.01360425149001021,-0.02142028681890029,-0.011760803986481605,-0.012547123415631023,-0.018859303451081333,-0.01978025503453884,-0.009694005326682631,-0.009233476473006985,-0.0016477767456597459,-0.013073959224504494,-0.019799015208345816
2018-12-20,-0.013392053525754566,-0.017606359857293197,-0.02771180044421273,-0.008894532204435146,-0.018299105377217906,-0.017937223253325474,-0.017850282338020107,-0.012115484963461598,-0.0005499606707027871,-0.014068332159495323,-0.02243217229893868
2018-12-21,-0.00899258951234827,-0.03270478427770862,-0.009706895063907095,-0.019995651816490212,-0.018881618822643942,-0.03038226278291778,-0.010373388513059467,-0.015303286362815083,-0.00427441997541822,-0.012422173938992809,-0.02266112774187712
2018-12-24,-0.025925933967827497,-0.021100310342052064,-0.0404563553022077,-0.021061527910924083,-0.03068287753721366,-0.02668945867535777,-0.028896061256521444,-0.03683373174967053,-0.04181406138075949,-0.023947958775351497,-0.018984667288841628
2018-12-26,0.04478271938363787,0.05619688550482005,0.06222137298661634,0.045270709980055335,0.046569464397326676,0.0603958754842433,0.02790867735969127,0.03186860306444528,0.013576432356827706,0.04361843241772578,0.05925185972144087
2018-12-27,0.018398474576828416,0.004616349915143925,0.005245844314730297,0.012007087840029573,0.012509981910333812,0.007201302723062408,0.009583026858439814,0.002275674966306651,0.008419549963267547,0.011042469039586944,0.005337013663627044
2018-12-28,-0.005360353652228089,-0.0031439062993869893,-0.007653456497731748,-0.0004238487533458901,-0.002658865646336994,-0.002275064292851514,0.0,0.0035680639526558533,0.0024667019550090874,0.0011744309771826167,0.00010230738473993028
2018-12-31,0.008383440694862632,0.001455609978019412,0.005258532482760092,0.009749793662241935,0.010036161112225717,0.009446237577551031,0.004152425919869085,0.001939063627427684,0.0017035423152040874,0.01478029008151549,0.010718822417036034
2019-01-04,0.03931891930138898,0.04303455980966486,0.034024111485175146,0.03321951916139798,0.03791646166401441,0.0443200779267483,0.021319099296416955,0.010187234672389689,0.014807518414369225,0.029830963915751907,0.03309430224678089
2019-01-07,0.0035102394918102853,0.01142176586895638,0.014865521224698197,0.001236415228729637,0.008134775361672064,0.008942798763106996,-0.0013656897109586286,0.008457984155892495,-0.006822008240872868,0.003838962664684864,0.022612182715297857
2019-01-08,0.010493796991646098,0.016824221000488082,0.007735089315255683,0.00082361749152704,0.013703139514446905,0.008380504908008124,0.009181478355282824,0.017419430027659555,0.012402481945192223,0.007764872922451316,0.011056246952033888
2019-01-09,0.0003845603582195434,0.0013596556758626033,0.01584220274321635,0.004936563422426099,0.006758435662539197,0.012945493398768049,-0.009291520970039713,-0.00412164885503663,-0.006030822774235833,0.004484826475548154,0.005084148597788829
2019-01-10,0.008842586957697796,0.002037129515927827,0.0028940524451590566,0.00040891382221408534,0.013576085709732677,0.004417775813865488,0.005861540917736496,0.015918299085141197,0.013082895773074421,0.001946483805491006,-0.0028634063643353524
2019-01-11,-0.00400145547077968,-0.004969342186505021,-0.005931695515267288,0.002455063701406246,-0.0010300643076973648,-0.0018851054170203607,0.002914138086795637,0.0018803467832875231,-0.0037433845703452873,0.003313108396503006,0.0009571836967579017
2019-01-15,-0.006554929620206873,0.016632372524572947,0.0035561828206847057,0.008917412873497677,-0.0030949093963171803,0.015091324158110542,0.009925954707006523,0.011295633258000759,0.012300880629257716,0.01796419579787978,0.009043565597452563
2019-01-16,0.0038813627945333273,-0.004258015356447209,-0.0012883752401758874,0.021293600302609628,0.001034670166319085,0.0009389170846354489,-0.005396257850611819,0.004653969516077661,0.0036074618063797192,-0.0018102189667401625,-0.0022884794263495767
2019-01-17,0.017591376108438972,0.004051149524688213,0.009193567616493148,0.005507578820417525,0.017129796582082468,0.006410434644291696,0.004263136955011015,0.004941624577117887,0.004161989912036201,0.008839444614463954,0.0067852636263068256
2019-01-18,0.016527248848922982,0.008069973398915575,0.020297117905174744,0.017214588132709485,0.019018750367695514,0.015224407554938368,0.011961939701921498,0.003687660670378179,0.0011299283490600054,0.01190750032243404,0.013858548059603182
2019-01-22,-0.013829187918532382,-0.02068053987387486,-0.021773281725683602,-0.011538461538461497,-0.02065891550300547,-0.016832393630240916,-0.009151571907573541,-0.0018372402620291384,0.0018822196331331753,-0.006882619966815606,-0.014980014858908985
2019-01-23,-0.006822000244633752,-0.004540975135902348,-0.010248035162522151,0.0011672219803395834,0.0014550011390979112,0.003424089438280209,0.011930072471617814,0.0006134421329315742,0.010142805264236054,0.00111765689279264,0.0019962552418140156
2019-01-24,-0.005342231963675004,0.004561689655204315,0.005338886415728439,0.0023318915705961007,0.005084170780397912,0.008376173030019363,-0.012359879781293714,0.003985261605614188,0.005206189292341179,-0.008373932720649457,0.004173899936208647
2019-01-25,0.0189907118377195,0.012715859700012322,0.012713183713427556,0.00814280161410652,0.01271898512882208,0.014151391032529936,-0.004043164962209911,0.011603121072771838,-0.013688541909999907,0.001238168714964738,0.011052248257100716
2019-01-28,-0.0015061400286430215,-0.00874452199132858,-0.010011225009972313,-0.0030770403198386864,-0.009562254129245717,-0.013347354722061944,0.004252536414808494,0.009960779774961237,-0.00468877290772185,-0.011358379515417183,-0.005792767217266848
2019-01-29,0.010369710133898646,-0.011761910255059016,0.003049906761388721,-0.0034723654363889578,0.013833293489806664,-0.01076102476095453,0.00231020144797367,0.007770569875382938,0.0028266060633646006,0.004891561628188379,-0.006484356597766472
2019-01-30,0.01063635143370889,0.014419928202679122,0.014082079548247917,0.00580699170635679,0.015633510508852977,0.031079933099390722,0.006721961349031025,0.008303577614747093,0.007703750522325192,0.013696797765552438,0.019674590886228582
2019-01-31,-0.014955740681431573,0.04083905179828684,0.006470020667408649,-0.001539328128152051,0.004338074058818586,-0.0010550062379750536,0.01850429659055397,0.009706042513364599,0.021070343616794274,0.012506888301095698,0.009090824651159402
2019-02-01,0.0029989638624361437,-0.0034682082968168215,0.017403493579591034,0.004240580949517403,0.0015330262660253613,0.005884029489098053,-0.00318414675032741,-0.0061172178519122156,-0.003834981153551742,0.0008824970873517746,-0.014616530568153374
2019-02-04,-0.0016819349227834568,0.009353786440277512,0.0023117203835383293,0.0042225907728712375,0.012937936182265908,0.01604914812796676,0.006388463151575818,0.005861705594110811,0.0016500895034576857,-0.002864733752427795,0.006530203691988534
2019-02-05,0.0073006639069790324,0.010991248979847157,0.0015375386653224687,-0.002675600093586805,0.008652622949274935,0.008414710053887164,0.0001867082756126237,0.006701629043325941,0.0020131159131089316,-0.0014369096947067783,0.009361360120288875
2019-02-06,-0.005946899455816057,-0.02238312174860224,-0.007368565763205104,-0.0011500243483021366,0.00027233007339133586,0.0033666551489950347,0.00018684499697618762,-0.007814864220028195,-0.0005479049289166538,0.004537456669592155,-0.004132316042042561
2019-02-07,-0.013834194672201927,-0.00959436813230774,-0.022115720462901334,-0.009976876946503621,-0.0068060480043710125,-0.01371444728015958,-0.0007465541986425572,0.008459795822453708,0.013157794315385996,-0.011016973802781216,-0.00820637362911214
2019-02-08,-0.0009481485680037371,0.006824945444865005,-0.00458676471588737,-0.005038835644635253,0.0015075513334452673,0.005769857426819902,0.004669535574297168,0.0,0.004329114387814581,0.0018938198225109115,-0.003997841802683477
2019-02-12,0.022356674967033197,0.011489129124822917,0.012650080338445724,0.014757401806378967,0.015518704752920831,0.013243158956710355,0.007787775740009106,-0.006922488291563389,0.0023356933835008142,0.013692395344399921,0.0153744872623518
2019-02-13,0.001297642633537821,0.0006553996695752851,0.012492136760524852,0.0026789214818272455,0.005898099591936212,0.0013071370106287894,0.0018399438275973345,0.006680429627680118,-0.0028680269521037527,0.0021965100640715107,0.006790856805278578
2019-02-14,-0.005182460314095527,0.0037109056754522918,0.0035471178221451183,-0.012213790321414675,-0.004663931867827653,0.0017402987463663866,-0.011203044375993398,0.003750837798988771,-0.0016177987205535649,0.0023008237259924957,-0.0036457695672401647
2019-02-15,0.013581255210848742,0.004349557299685225,0.016136474254387023,0.021251890999988365,0.013388386649918926,0.00796309147108909,0.009472601701408179,0.006035988715596297,0.003060888717272947,0.0150871130721133,0.006861035745393762
2019-02-19,0.006240981008060809,0.0010829891170538453,0.0030250084876537464,0.001513365937568345,-0.00039589874283452176,0.00028688822605582587,0.005151842717272315,0.001143030401374423,0.005923608728849006,-0.0023694237356960413,0.004088614003640023
2019-02-20,0.017146983413097283,-0.003461145881787364,0.004222128827809701,0.006422291913012135,0.004757880728792019,0.001149093744638563,-0.0018305133109275395,-0.006278527238879783,0.0044608559803041015,-0.0011875720414104007,0.001990826991712602
2019-02-21,-0.003945469176490413,-0.009333660740160843,-0.015465570894979797,-0.005255109338411668,-0.0040777444054689305,0.00043006535032108495,0.0029343609299339324,0.0017232010146632781,0.007283850196254216,-0.008754756029137223,-0.001986871474352503
2019-02-22,0.004321226131289713,0.009421598746490512,0.002897806303262529,-0.0015095326841103596,0.0066038924201479166,0.012760005339666147,-0.0047540282984637194,0.005733846126650066,0.006172972287997958,0.00915935598960993,0.005429581732596889
2019-02-25,0.006453713740869782,0.0010853978767224604,0.0016725988641070888,0.004157490749473913,0.003936362791327808,0.004813360716888315,-0.005511885948658923,-0.008266731956659279,-0.006485644378957045,0.00140483397442015,-0.003330434213685396
2019-02-26,-0.00569984924096123,0.0,-0.003187970643400151,-0.0030112748667212585,-0.0027447284813836292,0.002112957635010293,0.0005543114418657957,-0.0020120654697011187,-0.0012346616565716007,-0.0035608858211528815,0.0013548705136041672
2019-02-27,-0.001612095076902964,-0.004987010296210848,0.0038072305020757646,0.003775092657367418,0.003931832500338572,-0.0009843949992779377,-0.0014772035143340023,-0.0031684395286175615,0.0012361879304096934,-0.004656292075419288,-0.0007214094609836463
2019-02-28,-0.012201834898576291,0.000653650975608322,-0.010013473078080537,-0.0026324135458054565,-0.0033945784599502815,-0.0028138395503263247,0.004807737656739475,0.0028896371957958245,0.005822318070980437,-0.002937269452790603,-0.005414807600110594
2019-03-01,-0.0012715493469371841,0.007839842047277612,0.018390598699059124,0.006409854316641317,0.0009178459357961355,0.00677378716428545,-0.0018402822735908986,-0.0011527187946941408,0.002104822228055081,0.014184418459487258,0.008075541509265705
2019-03-04,0.004547177961009785,0.001296373404869211,0.0018059439596052052,-0.006369029763717449,-0.004450220586106002,-0.003784747424525836,-0.0016592229129509528,0.004038199219356553,0.0017501820873859764,-0.01355551722976589,-0.0031503382134816516
2019-03-05,-0.004707629858472617,0.006258293631230094,-0.0033048893401499413,-0.003770821291576909,-0.006441071875714854,-0.0029546468578590668,-0.0007386957233896929,0.002872688583412053,-0.0012227962861688368,-0.0005456122764919691,0.0025283823747976886
2019-03-06,0.002183016829754303,-0.00042891007794432223,-0.012659870247300531,-0.006434528287332264,-0.00939431949423708,-0.00522190602383954,-0.0014783986650163117,-0.002577931102143771,0.0,-0.014622076654529081,-0.004683651701309022
2019-03-07,-0.008168401366497657,-0.008796691864503159,-0.005953314756101946,-0.01028605564972851,-0.006010050313423609,-0.009504840518916091,-0.006478112829669147,-0.0008615313358072418,0.0033237580077010165,-0.007862821676579701,-0.01212543727513804
2019-03-08,0.0016470703544797516,-0.0006492651030244323,-0.018734651157320092,-0.0003846853655042892,-0.002015924106386624,-0.0001433829469414949,0.0005587870613783519,0.0008622742120609761,0.0034875161073677496,-0.0021208122884814884,-0.0069616276070590954
2019-03-11,0.014251753039454584,0.017976937791903458,0.015649276893641373,0.010396957753592506,0.008482875759663777,0.02148732522843133,0.013033079653747226,0.015508048245201467,0.0071240456062282576,0.01140946415162003,0.01374393016841191
2019-03-12,0.003783274446489182,0.004468016971386657,0.006471641453231314,0.0022863196054583312,-0.00827801109719517,0.005889404516145946,0.00036783635530679426,0.005373607393440949,0.006901214338608241,0.007299302008941577,0.002820820144457281
2019-03-13,0.004845594896871974,0.0029655723158215075,0.010104158576692557,0.006844057923308444,0.008750637766662628,0.0065525206405874226,0.005695272123722672,0.004782009746269855,0.001028270067550352,0.010759560843655258,0.0035388938923481827
2019-03-14,-0.007501366229967998,-0.004435248599063302,0.00106075263743044,0.0037764358526815034,-0.003336319527592946,0.0020774796538547413,-0.0009133333999368221,0.0025197422741063402,-0.0001710804502162988,-0.0016292309441402475,-0.0029839569531768806
2019-03-15,0.0012469116998359286,-0.0007861015176169328,-0.0003965764011224504,0.0069959239457657585,-0.0035282468759919583,0.01210526303947912,0.005662398531011581,-0.004100726305221847,0.003621741237248788,0.0045975497139187915,0.006415503100190456
2019-03-18,0.002346654671688153,-0.008506701659693472,0.01389084554185449,0.010139027768784281,0.00973066615988638,0.004247471985013185,0.0014624218497956143,-0.00507601700155047,-0.003780459095299782,-0.0015218704019166474,0.0096742504997549
2019-03-19,-0.001260497675829253,0.0017156928854742404,-0.002709934501230249,-0.007806927567074462,-0.003614020261979989,0.002046021652234886,-0.0007300597122096297,-0.0028345628227514075,-0.011385472018411003,0.007947635551137644,0.005014904206960269
2019-03-20,-0.0009016496905444038,0.008993724809745363,0.008755878350789503,-0.020606808608520377,-0.006851154154118633,-0.002722569113812523,-0.004201870468600766,0.0045478659005835365,0.0026173665997488715,-0.006912640077653021,0.0014257317582888618
2019-03-22,-0.029821592676547826,-0.016128831525565657,-0.027047028812991702,-0.02762818241194087,-0.022642052198812213,-0.023571987607247102,-0.0012694886143828077,-0.004725948829951032,0.007232661774802196,-0.018201294039876914,-0.01983666187452804
2019-03-25,-0.0018405644580320457,-0.001703081879016466,0.0004581962143592744,-0.004341252672087514,0.002330557385212373,-0.004364454283879438,0.001997185617940156,0.0008379904337842969,0.0008547735474284668,-0.0005518974085405581,0.005910391679507576
2019-03-26,0.0060853613632874115,0.004904984742708729,0.014351352073026291,0.011890662063065216,0.006701012353041769,0.005479705075909225,0.008516089323534315,0.006140140100665992,0.007174915245453883,0.00684552832606955,0.004273026487795262
2019-03-27,-0.001283148127017797,-0.007215725670114637,-0.007074152385017407,-0.004308860257246749,0.001086715519632131,-0.005721963357726678,-0.003413654519538456,-0.003328716390148312,-0.006954258605514463,-0.008334019245376467,-0.002038750132325684
2019-03-28,0.009726564310900576,-0.0023513902649311413,0.0037895196312220936,0.008654928538612161,0.0073278587889233915,0.004110431152835048,0.004867551335923315,0.008349517721021105,-0.011784641410829133,0.0025433797227172317,0.006040107838015896
2019-03-29,0.008723929644245176,0.002142863931759109,-0.0015102582877321025,0.002730022935504728,0.010777769136651516,0.009825160479355555,0.0066378518848273504,-0.00027597082072905454,0.005357576549049448,0.012022500900206179,0.005209248113040799
2019-04-01,0.014955166133628905,0.01518045271886792,0.013158089477527612,0.024503901632189073,0.02065845713864234,0.013649370549806417,-0.0033862775726130057,-0.003036979851412158,-0.006876374033737531,0.0015261317137025276,0.01097932913759303
2019-04-02,0.0033728384265290234,0.005265382277827024,-0.006866728953023538,-0.0007591954058439043,-0.0003919500584361746,0.003465978446169693,-0.008226083412799512,0.008584718811877057,0.0013848624254197972,-0.0022853362980199687,-0.0001736052862845172
2019-04-03,0.01309286562796852,0.003771238796354881,-0.009619738960756519,0.0030393358054943143,-0.003004717720950456,0.008103971579836777,-0.0048681826097155545,-0.0010981902842017721,-0.0015555000918137107,-0.0013091647513933102,0.007038403462049425
2019-04-04,0.010129186116684341,0.0056356899224701,0.008347429521953664,0.006060908926272424,0.006158269240094327,-0.004217207798733802,0.0038047123045532594,-0.0030234916015658975,-0.003462795178250766,-0.002074968762703633,0.008111177724580365
2019-04-05,-0.00034591031446273846,0.0029056486448204577,0.017609542263308908,0.001505976558998423,0.002865293558502957,0.004764612509104982,0.0034296765736860912,0.007719914459552557,0.00938157673441653,0.006895309361013124,0.005905796412065456
2019-04-08,0.0003460300098123703,-0.0018625954352770036,0.004437472913953799,0.0011278654431849944,-0.004285162387169805,0.0038197101102368514,0.004137951787862804,-0.004925096817036678,-0.007056954281580374,-0.00021765246219696,0.003574159107171182
2019-04-09,-0.007261618783066304,0.0026953236337459163,-0.012222205529583197,-0.008261505356470522,-0.013563024946558033,-0.004723974414998833,-0.001254087185261099,-0.0030241258434587914,0.0024267678561658013,-0.002609324074118957,-0.008987633912181936
2019-04-10,-0.0005222796094416227,0.004342377576054268,0.0037271237314908667,0.0030290604589082726,-0.00026413398661495613,0.0069876074519790166,0.0028697563961812556,0.007997785606588037,-0.003112483503446284,0.0003272639751010775,0.004791083520363504
2019-04-11,-0.0005227050980530779,0.0006176695208326421,0.000742332069982421,0.006039989476754881,0.008594797903284324,-0.0013090113278764193,0.001967291379437963,-0.0013682316938730121,0.005030299464611421,-0.012313666914492982,0.001277305425764208
2019-04-12,0.013249627267174935,0.008642286572297708,0.0026714792073305738,0.018386647726695626,0.013242736356648743,0.006947576766181962,0.003213365511862243,0.005479769148698965,0.0046599834138250085,-0.009157190592454234,0.006208174868479022
2019-04-15,-0.004645634848566171,-0.0008161372525189448,-0.0059208288405318,-0.006264019352153816,-0.005563829283656951,-0.0003899558278911419,0.005871581867443965,-0.005994582200166021,-0.0001719712723001754,0.0040087001137791844,0.0020282826847768387
2019-04-16,0.004494543583223765,0.0010206101942873413,0.006551648983960323,0.014090092315976799,0.006115352859987766,0.0050792224510298745,0.0001771478182519548,-0.023574842350122416,-0.012370786889730812,-0.020516604394643756,0.0043858424616665115
2019-04-17,-0.006195194975736951,0.0018356236991337038,-0.0013314309883922792,0.0025594133111510597,0.0012935189615939091,0.005572261148595992,0.004952146629456422,-0.010387331460003812,-0.003827810329564141,-0.0287592639716161,0.0019318113843542761
2019-04-18,0.0012119663769734057,0.0006110019960503532,-0.004739739918800168,-0.0029177232230891414,0.011496003741281458,0.0028349876598530166,0.0008800921325586852,0.007943164290823646,0.0005241443719514738,0.001632045343671562,-0.0003354347245589917
2019-04-22,-0.00674485935318736,0.00447593054048645,0.021133999214131727,-0.002926102771664052,-0.003064696622256835,0.0023130160031474833,0.00035145404567571426,-0.010976459199491195,-0.0008728422234280941,0.0005820874431561318,-0.0037730533156261625
2019-04-23,0.0045273363019051605,0.013368369712880357,-0.001603315242897585,0.00623636520261428,0.008709873177483285,0.010897583578841186,-0.003163822961850915,0.01138287822220363,0.00279545287702776,0.015819242261455146,0.011950863747617113
2019-04-24,-0.006240297202976364,-0.004597382143888162,-0.017518053819085888,-0.0010938164384892701,-0.002920776614296461,0.00038017536218770687,0.0021160439979184265,0.007034498651980581,0.006445833081311081,-0.0011449861527317307,0.0009147881393043455
2019-04-25,-0.012733230714224608,0.01124533225227875,-0.003120700364733997,0.0018249182218108562,-0.020121975521709357,-0.0002532167891576842,-0.006334566580466494,-0.0011178556870120593,0.004154424188180128,0.010317473648145947,-0.0052344956437963
2019-04-26,0.00830357622840161,0.007942515289032892,-0.012967536701047555,0.009107101706846699,0.007538108643589281,-0.003804666294666692,0.009031103726653722,0.006713434331159895,0.0015516158950366066,0.009985289186438928,0.007935175757657786
2019-05-07,-0.017543968273387667,-0.01619678998522256,-0.0087078383171596,-0.01649915193017959,-0.020219151353503717,-0.02147463183049103,-0.009944461592572895,-0.017127080741413336,-0.0031045123815284237,-0.019201245508683074,-0.01516302989285756
2019-05-08,-0.0009110193373028652,-0.0016261377070647676,0.0,-0.002188430675572395,0.0,-0.0011760656180390683,-0.0001761389047351125,0.0,-0.013667674000652386,0.0021378241007277143,0.000340152062947352
2019-05-09,-0.00784254920696592,-0.0030536015688709117,0.0,-0.002193072052290468,-0.0014457361934379076,-0.006801030621879867,-0.002114764200529251,0.0033726874108797045,-0.0012279805714486836,-0.0021332635584790927,-0.00408140260288925
2019-05-10,0.013603021269749993,0.0028587742580514774,0.00470615689465026,0.006593517860631337,0.003948278627517565,0.0031606204110377067,0.01218624920759348,0.01148452519580756,0.017913528133496115,0.00033750550940880863,0.001451475425393367
2019-05-13,-0.022488175077375216,-0.030950920957119377,-0.017174294390353118,-0.02911203527017303,-0.02845095381175322,-0.03767450979431608,-0.009422228928485432,0.0,0.010697073915900468,-0.018783009762770586,-0.029755281397998323
2019-05-14,0.00853417230614828,0.005673243735788036,0.012231818870018785,0.00787097952845417,0.010391029861221535,0.016096371953102206,0.004756086908040302,0.0036001396443525735,-0.006657682534612297,0.005043332390470834,0.010105283209280724
2019-05-15,-0.0025754165863980383,0.022357402990788033,0.005179234635561025,-0.003718657487227106,0.0013359610651060283,0.010873715689364571,0.007889075688699565,0.006622660975108774,-0.001718199148542765,0.0029655696068937587,0.006785511275214207
2019-05-16,0.01401710536281442,0.008787928991956795,0.005464297019411202,0.010078069621742403,0.009203899122899761,0.009163276990402647,0.007827484331476287,0.005756588772941829,0.006713758968681427,0.00784628415162647,0.009245770542451126
2019-05-17,-0.006002189317604767,-0.007293486895179169,-0.010093257189487503,-0.006651596961273487,-0.011102751022614377,-0.008027084135824647,-0.003279244857040453,-0.0013630107904478717,0.005129517538740247,-0.0021437575279241727,-0.007620043203745208
2019-05-20,-0.014272834925674993,-0.016530477499511975,0.00047055853330091324,0.0011159556677000637,-0.002539566255349568,-0.017378614831635497,-0.0024241936904640937,-0.016102564162897348,0.0013612272315011165,-0.0004521492931667259,-0.007074376740850763
2019-05-21,0.015407517187730146,0.010998235151402858,0.011602304138175867,0.010405129718566553,0.011791865905702137,0.01228553678618316,-0.0020830657370832784,0.008321325959510295,0.0018687929662315472,0.009388934632594603,0.006951159732025536
2019-05-22,-0.006946691581508402,-0.0010262237505228589,-0.015498980925727546,-0.005884729540743261,-0.00821128430774365,-0.005201158905196679,0.004522571236698081,0.004677203886836567,0.007461547912509747,0.005715472576755198,-0.010268306048723863
2019-05-23,-0.015280194662921298,-0.013971682714087441,-0.03353276032491126,-0.01405841487651538,-0.015221906191147383,-0.01756289168457037,-0.0003464942858911746,0.004929012126687837,0.008584421299691947,-0.003454517210190633,-0.012380135537767178
2019-05-24,0.00560865156151924,-0.00020868906296322987,0.0037466413391551434,0.007880328645080814,0.00040699038358038564,0.0002733424366292425,-0.0036374717544508384,0.0013621825878022964,-0.001502156652603448,0.0014539128315305128,0.0013242120025458437
2019-05-28,-0.010038956781283082,0.004377023873125996,-0.010386257755776951,-0.011541685441749272,-0.00921689344645682,-0.002865050118454726,-0.016342086136084566,-0.010340329369838086,-0.01637969214852364,-0.014292141986334994,-0.00661201782840215
2019-05-29,0.00018778118361839624,-0.009752986220264326,-0.006395647698787532,-0.0018830985722427807,-0.004514486519589966,-0.0058834243938619135,-0.007246542471228801,-0.01154767395094225,-0.013253954969884907,-0.0096284258252195,-0.008874679469064284
2019-05-30,0.0016897133561908362,0.0023049012153517623,-0.012708253633804567,-0.0033962830214050443,0.003848053955015196,0.00619324883622574,0.004272937112914432,0.006119377183951391,-0.0015499314228759609,0.005489940890450518,0.0065366323681494976
2019-05-31,-0.01124616391703448,-0.01547134160286634,-0.017552854348899638,-0.015145712425127411,-0.013689418045065516,-0.01668724738317151,-0.014181955510923383,0.008294315515041895,0.004656849820980469,-0.0071661140001212376,-0.013077352666965414
2019-06-03,0.03146879612458853,-0.03142927660915984,0.012761695127943895,0.006535908518269018,0.006800766294861038,-0.01752633814572413,0.01258765777824733,0.0038388225124414976,0.009956970392812625,0.002405749610020491,-0.008382628538232462
2019-06-04,0.028119853376860737,0.021486604888372618,0.017305240721664283,0.027119830852420534,0.023848847389758454,0.03341321706697009,0.009056928324520097,-0.005463107165995185,0.0008500738329482171,0.01657340717834299,0.027088206749872334
2019-06-05,0.0073292742797568255,0.0004295707489396783,-0.011065395847285164,0.006321935245459542,0.009694674972528183,0.013015732896767052,0.011439830246227078,0.022795759917750846,0.02139924952053951,0.007533116522413952,0.00495617412595073
2019-06-06,0.011890054810061335,0.0042907198428157045,0.0185371228824045,0.0036955362322181884,0.0017336284345081943,0.011631030212699622,0.010440302821669523,0.001879724632881441,0.006152394749002088,0.005133309129413233,0.005107992461722555
2019-06-07,0.0089441852008596,0.016235666408756178,0.004590883029138126,-0.0014725484803604916,0.00798727013214573,0.018582564161966797,0.00964318074631798,0.0032164951365203365,-0.007436849720376726,0.010436597172748474,0.0144572062968793
2019-06-10,0.0017384148356704987,-0.0008407578318029296,0.002937800943001889,0.008480958441841935,0.0013205130428535217,0.010237753635858216,0.0003412936823563584,-0.003473177725365595,-0.0068263449288591405,0.0029661759349230987,0.008464124362570047
2019-06-11,-0.0006943415192450786,0.004207840216801539,0.0019527687971043761,0.0003653815369772939,-0.008572915045287677,0.0,0.0032397810480639944,0.0018768289885326972,-0.006035192230981257,-0.0016428769288808764,0.0038541636557278824
2019-06-12,0.0032995015892387514,-0.004818918809232575,-0.014130044599657277,-0.009868269989355416,0.0021283254802033635,-0.005586740566288273,0.001529252122151048,0.0037462416944307186,0.012986834474590259,0.004828427415772163,-0.00025589313869300856
2019-06-13,0.005884232040245241,0.01115808671711327,0.011696988141964848,0.003322314395890702,0.005044631946754752,0.003004941459288535,0.002206262167172124,0.001332767495055398,0.0019980502656236077,-0.0012013532183381415,0.008960490842399471
2019-06-14,-0.004301616974400679,0.0018737568303373031,-0.006513862810155757,0.002207356142866157,-0.003962513464796924,-0.008727323067883597,0.0005076713317224701,0.004259817089919293,0.010468494359604952,-0.0022962681497087356,0.0021990421708726338
2019-06-17,-0.009158393014810362,0.011429978180247158,0.008359355536671442,-0.009177789217264753,-0.0034477198348260574,0.0007887870493512583,-0.002876788343345038,0.010869820556472343,-0.002795570128743985,0.004493056889048663,0.00042210964443523125
2019-06-18,0.007848177656049726,0.005547351193109007,0.013816618999422658,0.013338578281004487,0.019427584319410496,0.01811949434702531,-0.005431105488633681,-0.0028848518771886766,-0.004122648581671884,0.008510027702436584,0.007592303941278411
2019-06-19,-0.005537534645575937,0.0012259162503709398,-0.0011222636425720633,-0.00182849182335032,-0.0007831481129425555,0.003611215767604925,0.004095748095268803,0.0065753304892661735,0.007617235050311422,0.008978693538358673,0.0018419665013145181
2019-06-20,0.012702443406346742,0.006326629764509928,0.022150987593688942,0.00439594308048008,0.016721108192116585,0.014648719099755514,0.008837456897298424,0.006009795219034553,0.006409163645484828,0.004396115206255713,0.006936269456433886
2019-06-21,-0.0031805178780671683,0.004228182026153604,0.007225940275478182,-0.0022358335060904677,-0.005329491389865049,-0.004727439885450657,-0.0032423006236129703,-0.01117857902849817,0.0038681013218697657,0.004802451649417616,-0.0046305707219487235
2019-06-24,0.00381504959526735,0.0024291885257885504,-0.008967869280744445,-0.004041515944196328,-0.0019459875283645012,0.0019151952137463901,0.002554368489998682,-0.005030518212950641,0.0003278109926720951,-0.005227892055266192,-0.0053546106223238965
2019-06-25,0.0005179664052550326,-0.018578237750679905,-0.00793761734233156,-0.0033198890995808084,-0.007539443157244863,-0.01835307805750941,-0.000509233036795731,-0.013571117189814075,-0.006064660862427407,-0.004075601585879385,-0.009589287234786359
2019-06-26,-0.0017265875472454173,-0.003909631159968452,0.015362286444828621,-0.0018502959348768444,0.002488685543683866,0.010776231475219555,-0.014276351068616133,-0.019422949276360124,-0.021767649481977736,-0.012599518481780647,0.003227262879644366
2019-06-27,0.0032860321729779596,0.007023580132271556,-0.00740741824683111,0.008898779262852319,0.0009145787851665421,0.002569305942633715,0.001896681534641731,0.008253393049967084,0.001348631373145892,0.006980139904283922,0.006264903092807028
2019-06-28,0.008446996494265724,0.009641114725784217,0.011590986153586558,0.014332891151820348,0.010573043814009031,-0.00012843645192228692,-0.0006882476848626418,0.0032743198980782484,0.0038721521801834413,0.0033573928157910604,0.0028604210829332732
2019-07-01,0.007692276218487004,0.008126574830086053,0.000942015104303362,0.011956682590845036,0.0009041831272957879,0.015889422728299518,0.0060269592714501385,-0.001903759411128081,-0.00251567476678205,0.004965683295354184,0.00880869683649288
2019-07-02,-0.0010177485123198382,0.00927056131858306,-0.015995221800986004,-0.002506523474088862,-0.0012906798343765846,0.002648896277921642,0.00872993411436429,0.018528336326403938,0.013618103035702545,0.005370580993968144,0.0021621361404842165
2019-07-03,0.0050940746981185114,0.005191896536265839,0.0039841115600560695,0.007896655643753414,0.005555888942779363,0.007673474933596491,0.012387418332612254,0.014446214461774742,0.006966206221780791,0.008546626018798298,0.008713009744380162
2019-07-05,-0.0045615191888200846,0.0013902634621438814,0.0014285786804772993,0.0028492088456266718,-0.003983160946802844,-0.001872296292528386,-0.004357726336610801,-0.005537760734851016,-0.000493984390955271,-0.006885231174160511,0.001151690992447607
2019-07-08,-0.011540922860199476,-0.008926840657041857,0.001426540754768224,-0.00497171974186883,-0.0082569065605822,-0.007629831045796287,0.001346601720662921,0.003712230848614606,0.0014830706895447854,-0.007466992397134886,0.001232411758261831
2019-07-09,-0.009787226442884878,0.006205001348100758,0.0007911215425580043,0.001784183968712716,-0.00221163212022335,0.0035292929686094876,-0.005884165267272756,0.005284227723667989,0.001316375567478767,0.0009671583360513214,0.001067138207768048
2019-07-10,-0.0020808263780021097,0.011338687421875937,0.012810606255899915,-0.003562012651556201,-0.0023470423646515526,0.007912347351713755,0.006426447694025894,0.005519214687566443,0.002300878362887726,0.0034359205714167285,0.003606956954929963
2019-07-11,0.004344031242844215,0.000590195739602839,0.0020299379194370637,0.0057200558581986805,0.006796172520615373,0.0037385998242520646,0.0025203829280757706,-0.01280708706428313,0.0003278109926720951,0.00021388989864568053,0.0020423134807219245
2019-07-12,0.009861507166032846,0.0072732177180934166,0.00420775604564505,0.0067543835990933054,0.017522866502122758,0.007324598198904075,0.002849724170330692,-0.00397161073647756,-0.006556216214187449,-0.011125281189554026,0.011494158935173582
2019-07-16,0.0023968250952484116,-0.0023415000001187902,-0.010648399743333314,-0.0024857450629904854,0.006404259747875063,-0.009335365732557666,0.00033356413046492506,-0.0015927357323941571,-0.005751811889868397,-0.004965407004507094,-0.0012852966197522964
2019-07-17,-0.00888114280158725,-0.009388140760973163,-0.011396150724247711,-0.008544121031049068,-0.021382240988526813,-0.002603598908641591,-0.0011670095459779262,-0.0050521092940085666,0.003801595244008471,0.00021704506244235588,-0.009572171636526794
2019-07-18,0.004308023209508738,-0.008094476490446145,0.00016037857933492994,0.007540475086923015,0.0018209423274404557,0.007458932805183949,0.006675638778478765,-0.00026718717369489386,0.008727108127026595,0.005639911264951891,-0.0012993230427139624
2019-07-19,0.002230571713653484,-0.012937999902062125,0.004641975903968643,-0.004276705076718845,0.005452236252328602,-0.004319146166342547,-0.006299591081550315,-0.016305568016261263,-0.014528180672938373,-0.010353622235691584,-0.006586923157691493
2019-07-22,-0.002568266375492012,0.0038314166835311525,0.004620774094931557,0.0021476140617189277,0.0007749177889948555,0.011525439283576855,-0.00583930933870247,-0.0010870127352101688,-0.0021532740991355714,-0.0020708540404015263,0.0005730833113162248
2019-07-23,0.02059739143133621,0.0038167929593091454,0.0026964231222026402,0.010357043145738043,0.012643538784403274,0.005513573209655842,0.0072160676290728976,0.009792920303761221,-0.0063082038302919585,0.006224708743205687,0.006790444998083345
2019-07-24,-0.0006726306585054243,0.008805259643896335,0.004270740276606233,0.010251026771170846,0.0043316458177253825,0.008285590761321071,-0.006664590870375853,-0.0008075916818506279,0.0008355446405063915,0.0005428019525683947,0.0050380354165027175
2019-07-25,-0.007236488766355409,-0.0025787934925268763,-0.01134026381050135,-0.006997726951018524,-0.0020297693035681297,-0.004108947333199442,0.0013420132938366525,-0.004314245581640841,-0.002504073214420144,-0.004881364201780536,-0.0055788211627039175
2019-07-26,0.0011866663410742273,0.02863934238006438,-0.005098056939998985,0.010922984480122633,-0.002160598051814011,0.0021847387887810044,0.011222655106735369,0.0032494307737938044,0.003681312932010572,0.0035970714529907077,0.004553332516004538
2019-07-29,-0.0033863724520412086,-0.005607106903798953,-0.004003167777216876,-0.007668204795075351,-0.0017832705471692023,-0.0006053150853937428,0.0018221464541101628,0.0037786169859101992,0.005168657497802487,0.004127486235689259,-0.004856616410214731
2019-07-30,0.00662562732404548,-0.004666374914629401,0.011254020625874883,-0.002810102651757629,0.004338614077011194,-0.006421362307850842,0.0029760869043475857,0.009949108312572896,-0.007629672889770567,-0.004326746712649765,-0.00675055015040571
2019-07-31,-0.015358750463383974,-0.008009325271585932,-0.003179884915326503,-0.004931139195416434,-0.011182063130131925,-0.015120626401447623,-0.020276885575303827,-0.00399381687437117,-0.004680051454476142,-0.009885928880520645,-0.011464162979256343
2019-08-01,-0.00565644470440585,-0.004726104968378109,-0.022647180967499292,-0.022654976472973987,-0.019403576498641217,-0.0050757524423653555,-0.003533560543861336,0.0024058988440238682,0.01024353790848287,0.0013167561479199286,-0.013585141152660518
2019-08-02,-0.011721965941938084,-0.009695181270956033,-0.014360159362415637,-0.00036213573118870634,-0.006420904527443594,-0.016301488915999807,0.00016881770085785952,0.007733290620526079,-0.00016632218837431267,-0.002301246272336299,-0.008229803058578344
2019-08-05,-0.018838121627611448,-0.03236785058858127,-0.02980163697977989,-0.03333308604327445,-0.027697243365965796,-0.0417459026779462,-0.02600050682711741,-0.01905251598461022,-0.01429746322296821,-0.023503614163845277,-0.026841525921679432
2019-08-06,0.0012441606229081081,0.014453952660551384,-0.0011946626781201841,0.016116647489798686,0.015056897261995994,0.016634126902306257,0.009013775534273627,0.012408764644638248,0.012480954088811336,0.01293463217994395,0.01522660951488275
2019-08-07,0.013849500446672103,0.0012209796295710174,-0.007517433969301157,-0.013278999876849773,-0.0005345106561183144,0.006232562738972547,0.011681826601268819,0.009326040227641164,0.0024986786470375666,0.00033280505780330927,0.004028008904843894
2019-08-08,0.019089300850097635,0.02012630014490968,0.028748433734041123,0.0190652629991237,0.016980896037874116,0.024519399898260907,0.012905740309256508,0.015839622823172306,0.01030225945966401,0.013319990203842336,0.019291534674637623
2019-08-09,-0.007905196279217708,-0.011159999336590731,-0.011044233903809486,-0.003301541850168177,-0.008414204007750392,-0.01133668162406698,-0.00553234442828765,-0.0002600121664207977,0.0011513085200136608,0.00120524592259863,-0.00937941920021168
2019-08-13,0.01073350807584239,0.014667086341406677,0.00924671212605399,0.012382661007226403,0.011965525916516784,0.02504519862398724,0.011371301724810934,0.0005206274280598056,0.0006583659830190491,0.01303731829377841,0.016470765790006503
2019-08-14,-0.03168506695588891,-0.03553532214705424,-0.039192511615382175,-0.03706468947421104,-0.030556447277500842,-0.030730626569886454,-0.015774519618983573,-0.015600810997530745,-0.008224929073104459,-0.027811317552352444,-0.031310557188912624
2019-08-15,0.00035953446272807277,0.0016653898987304405,-0.006180198371160239,0.005003879259137811,-0.0010965029653516867,-0.0018189559029245794,0.015004283502016769,0.013998915180562621,0.012937406233687776,0.0034777343644565306,-0.0016553854016999603
2019-08-16,0.017613359894645297,0.012884532250645675,0.013148485871106175,0.017617806726076823,0.019344166896132053,0.019005452394234457,0.011422644158220807,0.007032888846638219,0.0050760982359043805,0.012297423110464223,0.011344726625821089
2019-08-19,0.007947534695475156,0.015593103671158737,0.022097167941805385,0.010162003291965593,0.009421173787272474,0.015201751435423683,0.009965380552131808,0.009053632847541015,0.006353907226558597,0.009608167521862887,0.01259803275907112
2019-08-20,-0.011739875794566479,-0.006666995820025612,-0.008407407397573397,-0.013413141493095804,-0.005866516514272835,-0.005033453954475964,-0.010853473335993291,-0.007434131615624562,-0.001618887530631552,-0.008532046878381605,0.00025588092070849555
2019-08-21,0.005141653185716022,0.003864309346867767,0.006402464658805895,0.004531806153918572,0.006169415644892817,0.011762086089939228,0.0026599994615599254,0.0041323226891034626,0.00664814851863893,0.007391674602532872,0.019253729677858322
2019-08-22,-0.006702988627834361,-0.0022284984444101985,-0.004470242198206575,0.0067673259027445365,0.001466266367045499,-0.00237525250636883,0.005305960482865135,0.004886961701801029,0.0009664671725249097,-0.0049282224761255655,0.00025064521376094717
2019-08-23,-0.024151779075975655,-0.02741120584114698,-0.03350626847189153,-0.025392220507225005,-0.026753519379130175,-0.03307846157196637,-0.016658550513681813,-0.012541569833823929,-0.010620949380611866,-0.02311227398337179,-0.026573085274091524
2019-08-26,0.0032753427028073823,0.015031127789292054,0.004289076235055367,0.009578491381207588,0.007385516139662318,0.01386557857051196,0.012412044263081512,0.009331124863240614,0.011548188718400576,0.010477577482426614,0.00987215887401871
2019-08-27,0.0007258549043278606,0.0018509316573107615,-0.006228124649503175,-0.006071971756125172,-0.0051593684920056004,-0.0015336716510564452,-0.0028165246029763225,-0.00333858095909334,0.0017689981496160634,-0.00590932902703778,-0.004930505175240074
2019-08-28,0.007794026606892324,0.002463932801135549,0.014324218461740923,0.009163475303229252,0.012281855882664505,0.0008955589321550939,0.009635893132939666,0.0028342841862112333,-0.0027289284646112577,0.007290358881709924,0.012472118516205999
2019-08-29,0.012769668579420523,0.015564114018278064,0.014651320907069332,0.015134433200439057,0.017120302452343417,0.01739411302420324,0.0004939835225370448,0.007194312240122791,0.006921100284193349,0.007571325728219724,0.015018887359709243
2019-08-30,0.006748221882370009,-0.001209981380367764,0.0,0.003354615892503743,0.00410883957521202,-0.0002517243933944924,-0.0013158183342576457,0.0002552364692243181,0.00031965901444763745,0.0012159011891712534,-0.0059851038758782504
2019-09-03,-0.007937646660262532,-0.009893048391332537,-0.0048710451810976,-0.01040121761604107,-0.013595558906617455,-0.012197018596921017,0.005764224604926538,0.01428189931100099,0.01773731036626347,-0.005849880134901286,-0.00409766181896809
2019-09-04,0.012268626477331068,0.019372021524578953,0.013985781918292917,0.009759896971448967,0.012712039638750339,0.01705750149727403,0.00900607946759191,0.008297484467682192,0.0009420360894187851,0.0006659151203558533,0.009908498293932366
2019-09-05,0.001580943730374429,0.01700332445642161,0.012413856768404008,0.02044588517536905,0.017971047530666473,0.02090086436687555,-0.006166982293629331,-0.008728041100627193,-0.010823439094255982,0.009874733184076945,0.01912349847704964
2019-09-06,0.0038583104337104324,-0.0021634654543445375,0.005279435421919665,-0.0003642464938229395,0.0020763784591797396,-0.0008579789615275057,0.003265874250953482,0.0012582257630002758,-0.003964611313938993,0.002746655565811329,0.002447592070978555
2019-09-09,-0.005240993076685574,0.003153761750581463,0.019989613674297635,0.01530589081567979,0.002979386027184283,-0.007484624554647046,-0.0022786405942067933,-0.007537718591242304,-0.004935477767209373,-0.00920313615763757,0.003825150131812727
2019-09-10,0.009834965220536951,0.0013757171758428388,0.011792350187429523,0.003589480357772068,0.00916972371638991,-0.00506862015820897,-0.006199102060713946,-0.01468382002602997,0.0012800131605512632,0.002874772928790792,-0.003972680178957799
2019-09-11,0.00956525326009916,0.005298137227370381,0.0009848183365368524,0.005722411472943945,0.00934228395601644,0.01043739816213951,0.003611466299397126,-0.002312067235230253,0.009907383025683059,0.009924015726697544,0.0018722146381413562
2019-09-12,0.0077518304703163565,0.002927958805074793,-0.006231553880664653,0.0053342839669414666,0.0006335100666741145,0.005410639891226587,0.004088945128721599,0.005922825754804517,0.0022153234003905453,-0.0003273387674922468,0.004793708480960834
2019-09-13,0.010940260084205011,-0.0017515833229168054,0.007920490707476802,0.007782129943036065,0.005448932902066161,-0.007338610440802085,-0.005701240795702889,-0.012032725324205407,-0.00631540967930444,-0.0005463334160179523,-0.0020216702602459113
2019-09-17,0.00808006310770093,0.0009783102562330726,-0.01393958627447156,0.0010567865625945583,-0.0005042942653956661,0.004076074203323232,0.00545905439071892,0.01410599250568878,0.0087316150557184,0.001533324437996031,0.0060734906502804
2019-09-18,0.0005114900844618298,-0.0011729995333876753,-0.004819218605287889,0.0035189789841849617,-0.0015146104297899532,-0.00012301899146704987,0.0016452953404393345,-0.0030351782020965334,0.004249316371470746,-0.00010934216877767078,-0.0004894652514628728
2019-09-19,0.0017040705946458345,0.0009789786582652393,-0.002582685399975637,-0.004558608281173049,-0.0050558233072649506,0.0022145148243193358,-0.00016451260458605343,0.0032978086876771506,0.004701395023307686,0.004702600631454779,-0.002693476181209409
2019-09-20,-0.0023256430470413036,-0.00648756706431064,0.0008166817792725212,-0.005876705045783859,-0.006321074064894572,-0.011661522295791316,-0.003172754137785283,-0.004250819624563196,0.0039611313710843365,0.005574359432511944,-0.011462624144738087
2019-09-24,-0.008591057110426181,-0.015046550317668661,-0.015823850863394884,-0.009598324123917368,-0.0056655064215851425,-0.009688382359668402,0.004128026222076642,-0.001273333501259688,0.011740858386104946,-0.009179470557218461,-0.010678031593862602
2019-09-25,0.005199391820800203,0.011457326017674019,0.001657560701679106,0.008255692635586342,0.006474962087299474,0.01191515272689081,0.0006575286473966546,-0.0010202183697092249,-0.0006191153811352379,-0.004852894156735732,0.009120008942824498
2019-09-26,-0.002241624834201761,-0.009737770015250558,-0.013073178571277544,-0.004628122971498505,0.0014151470832572954,0.0011150739761631723,0.005587507116940671,0.00970115920181791,0.0052642330200536325,-0.0055411811600405425,-0.004311674452877723
2019-09-27,-0.002764833443664627,-0.011238083920509512,-0.00016755381627175936,0.003934153245147121,-0.003982920265636514,-0.013370972598915287,-0.0011438059015697055,-0.006573726113423883,-0.0035423223778350277,-0.004457929620787615,-0.003497344145575565
2019-09-30,0.008490899938149443,0.005074006442820078,-0.007211078954816985,-0.0024936718550298,0.0014190161234004517,0.010540695571831904,0.0049084080826089505,0.0012728414947409394,0.0006181588314104758,0.008955403036413623,0.0086069824573618
2019-10-01,-0.02353954707596928,-0.010097027123231017,-0.023141884336944085,-0.02107129104564731,-0.023959956135388483,-0.00931309657959345,-0.002605094717435086,-0.008642807454556367,-0.00231709335946384,-0.009763658030354394,-0.008367762829176506
2019-10-02,-0.017948347715901147,-0.015095982152263154,-0.02455463859189877,-0.020430665932935632,-0.018872826745308213,-0.01880189750407102,-0.020078269373105084,-0.006153907602425068,-0.013314703370374215,-0.014565933210183069,-0.017963186136227494
2019-10-03,0.003583646227360182,0.009735053819513118,0.01081344543571694,0.00409679410846242,0.006591186160167739,0.012263937073633935,0.006996500773078118,0.0118681460807879,0.002353742330234665,0.008982505657297635,0.004849553597964018
2019-10-04,0.005356197037481358,0.013538701124162333,0.006313938103075456,0.018546001027973658,0.010423933332874391,0.01653211715327285,0.015715404763817498,0.0045889383933697125,0.013932332342913245,0.015663699664464792,0.009398085341721485
2019-10-07,-0.0035519790883095093,0.0,-0.00888822256393651,-0.00509828923135347,-0.0050259479249870065,-0.004220867415417828,-0.008143251904241589,-0.0017763686421992109,-0.003859675778642435,-0.0033283976603269982,-0.004361539505566059
2019-10-08,-0.01746558142305943,-0.016191009250178467,-0.017056569503963614,-0.019765802477295202,-0.015419169592117754,-0.018327027157916675,-0.009523815165332516,-0.004831086597519962,-0.009299544704848839,-0.019035800425632576,-0.010530983592401122
2019-10-09,0.011246425404932037,0.005965704572723718,0.00912354796535464,0.009335408651540034,0.008504978055145385,0.014858742461189678,0.007626032767472868,0.0030658883484304678,0.004849917100271162,0.007262966718360797,0.008514301490676779
2019-10-10,0.009147866481663103,0.0057257406032766855,0.0125860106888529,0.010358866953062318,0.009103237597350322,0.006882996423056786,0.001974301510435872,0.0025473282870907,-0.0010899826293047088,0.004957033744090067,0.006669333021117163
2019-10-11,0.01937406522792573,0.011793539392699559,0.013480679259073813,0.012449586876016161,0.018838266033858186,0.0137952904620402,-0.0009853907746748547,-0.0033029987292423346,-0.0037406034955956846,0.00829587190525305,0.011321762043027483
2019-10-15,0.007024901081857937,0.017119980173542215,0.004148005178248315,0.014445667182694688,0.00808858115261768,0.011040290461218794,-0.004294525686412198,0.0007636207976378095,-0.003149072376380957,0.018242681794536697,0.00879447816256107
2019-10-16,0.002092753726943286,0.0017821294602360371,-0.013941357371924146,-0.0024922012788047843,-0.0005175263834622523,-0.006915782283151706,0.0009954511614769235,-0.0012716301680497644,0.002211277625770336,-0.0013109632972044816,0.004112299373803863
2019-10-17,0.0026104790688790125,0.0059300505586268315,0.0006981529326972602,0.0007139567953970971,0.004920194603194039,-0.0019545752035879937,0.004640495205369577,0.006620475495045186,0.002521786423503647,0.007438450735262059,0.0026208948730017667
2019-10-18,-0.0017358382500008984,-0.011593758583197666,-0.005232716810697924,0.00249641593808958,-0.008632740449750043,-0.009548238413941146,0.0019795867207310636,0.009613170894340994,0.0033013822542355964,-0.003691718233436725,-0.0019604176018641617
2019-10-21,-0.003129776274493401,0.0059642403253312715,0.0178850026274322,0.013873956991099501,0.005978890298905082,0.010752488959649087,0.0032923968854228214,0.006765467575525985,0.0039170561329169296,-0.0010897574375320351,0.0035196549852940517
2019-10-23,0.006305678129092884,0.00778293460847701,0.008333333333333526,0.004222694546028194,-0.00012807304948969644,0.0008676460231975547,0.004593225410462143,0.001747573387536283,0.004041091639667371,0.006205012847525948,-0.004596881055925928
2019-10-24,0.00313334665934617,-0.011287087260982709,-0.004216761471669606,-0.0014017463072106828,0.0014102832985751768,0.01461294027225013,0.003429131298764432,-0.0037379479467987142,0.003405495786904078,-0.0050847060326764115,-0.0004947524015096461
2019-10-25,0.01093166917815247,0.007810910565808182,0.00813020307066914,0.00491232167562039,0.006272626010973559,0.01208359392167968,-0.005858327152711285,-0.012256192029968527,-0.010182027877266853,0.0010872948652573822,-0.0011552153301428447
2019-10-28,0.0030895600030413917,0.009340065257064545,-0.005712350268399002,0.005237446899251763,0.0027991445369028867,0.012662624851284443,-0.0019643569454764753,-0.010635472309401761,-0.013715618432710852,0.010319282241861627,0.003138897129895346
2019-10-29,0.006160088044445455,-0.00905666329713617,0.004055311575447584,0.002431308206488181,0.0032986803671299914,-0.009050768262441,0.0,0.0025593528589276104,0.0009481920554286205,0.01419222550436805,-0.005681783872840462
2019-10-30,0.0008503542258895269,0.0027814485437651637,-0.02036352456555568,-0.0006930277264588502,0.0035407287937803122,0.006129052378496924,0.004592471583092728,0.007403820678770323,0.008841360351440342,0.005618382855825832,0.0062114934885662
2019-10-31,-0.011214815187621796,0.0029718745681466263,-0.004294822390083164,-0.004854037944356904,-0.010710709634796589,-0.0005972157271428857,-0.0014693455412158052,-0.0032946277524612544,0.005476968753082012,-0.0011596575324490654,-0.005349947518583531
2019-11-01,0.01409164248308059,0.00651951927106853,0.02277431580176459,0.01463396556131169,0.021780814505669488,0.011951933740717902,-0.0001635336239287355,-0.0025427340079512417,-0.0024901703989989032,0.0012667290555685717,0.006619700550501539
2019-11-05,0.001681620431145614,0.000390719440830134,0.0013071348535944605,0.0037453541749778996,0.0020947656668239834,-0.0011748294286298977,0.0033023316248326218,-0.017272480628574338,-0.010273362614802939,-0.007083919767141178,0.0014789017977294705
2019-11-06,-0.0006714462415581268,-0.0035121774346255075,-0.0203949744714631,0.005088065326953162,0.0006148196459800914,-0.0004706930754080352,0.004114513195720315,0.003672401298101091,0.003832817099461261,0.0034075855171598057,0.0010664339917620946
2019-11-07,0.006719264804455172,0.006265701628278331,0.014990104416349403,0.0074248341567266785,0.0034411858728189415,0.007885094908524959,-0.0034421322875350935,-0.0107163837684221,-0.013522223191160587,0.0022287830770462147,-0.005982535084135043
2019-11-08,0.004004621673295183,0.002724077072394415,-0.00410225440301637,-0.0003350573509133259,0.0013471363784227641,0.005604884794491394,-0.0006577852432418929,-0.001849175151276361,-0.00419293326509651,0.007306113543993131,0.0004121806148347229
2019-11-11,-0.0014957432416822236,-0.004657485578733134,-0.005602562451587745,-0.0026809260369544674,0.0004893120388425043,0.0004646263968619557,-0.001481343495428833,0.0018526009348902583,-0.006153809179944014,-0.004099574832111652,-0.0020603196018982306
2019-11-12,0.005159626020088792,0.001169997492749708,-0.005136617927505305,0.0013439222483586644,-0.00012244886159729074,0.003365550553410923,0.003296493796218991,-0.006605025416415167,0.002444255742074075,0.006016295583748166,-0.0006607512933196613
2019-11-13,-0.005795613540770739,-0.0003894908152969334,-0.0043304405554535075,-0.006375548817898147,-0.004156749606845533,0.002197642181827719,0.007557127762508387,0.01010692641420885,0.014791851169040138,0.001154092987302846,-0.003140194334318558
2019-11-14,0.006162601755014485,0.004480731827351647,-0.002676463664881168,0.0020262763408140927,0.003192062739249213,-0.0011538041165432,-0.000326013638457745,0.010004804259814426,0.003523866942730214,0.00010507182594254871,0.004310693519310238
2019-11-15,-0.0008276194071804577,0.008339867798256462,0.007715633281638601,0.0026963589216759676,0.007342931316207224,0.008088565960469474,0.0003261199580117946,0.004953249763766099,0.003192522001331133,0.021271782195099176,0.0018160498418313686
2019-11-18,-0.0024852734830292933,0.0034621096868645562,-0.012150356611243751,0.0020168851511450647,-0.0037659313064086763,0.0029804220369242795,0.005217688732412906,0.005447464289739967,0.002068446909383015,-0.0033859003118345,0.0034605926522193187
2019-11-19,-0.002158915265003114,0.0005751309882564559,-0.014827457822693235,0.0020127535778171612,-0.0008539183688645036,0.0019428510376486852,-0.0012977245860072983,0.0020639433331706147,-0.0025406051694709664,0.00679489463963745,-0.011002729708084802
2019-11-20,-0.012483414895756995,-0.006130376649447489,0.010090657423898364,-0.004687015186799481,-0.00793345639882126,-0.006045594849358404,0.002273785912868531,0.0005148774861389871,0.006048770951902371,-0.001329180419255671,-0.002324549560820288
2019-11-21,-0.0016854425438014298,0.0026985831150483364,0.01642401213595779,-0.0010090848653353524,-0.00036917718582663017,-0.005049401770236273,-0.005023337356738544,-0.013381322535358064,-0.003480641066677448,0.002560020184356304,-0.005658679675384581
2019-11-22,0.0016882880563178215,0.0003844743376226756,-0.0033315185358826493,0.007407261934012199,0.005169349949982083,-0.0012686407130118038,-0.0016287972649012827,-0.005737882632724678,0.0003174467823774396,0.003574529384582359,0.0068625626168374865
2019-11-25,0.0065733208013225575,0.0030746125913416744,0.0010026426160019142,0.00635033579289046,0.007224296618382642,0.014551498498323268,0.001141974064448048,0.0007867485466326318,-0.003333495282136778,0.011703753484968882,0.008810559114375893
2019-11-26,0.005023452834388875,0.003256762595019058,-0.009183306300933225,-0.0009961362419816933,0.0029175130349701206,0.0009104945760669558,0.00814730679858977,0.013892793314918661,0.0033446446392622065,-0.000804785224225335,0.006838391876762939
2019-11-27,0.003998617394923576,0.007064928837561046,0.0025277355340007635,0.003989159682945775,-0.0009699482892159272,0.005572840488794695,0.002424563291079762,0.003102042858567966,0.001746102554815998,0.005134381468872462,0.008592655292309903
2019-11-29,-0.0036507771689355817,-0.0034130300921401124,-0.010085878395504455,-0.00165572906540834,-0.004610267333409412,-0.0029406464828498624,-0.0003226046856567022,-0.0038660794835916334,-0.0009508195757577109,-0.0035058563698404654,-0.006490732881055727
2019-12-02,-0.00999321332726566,-0.009512722365520365,0.0,-0.006301678873483096,-0.016455470118420745,-0.014292173402391861,0.002257870581627852,-0.01837017552140996,-0.006502751939435614,-0.004422333866351158,-0.00824850180394232
2019-12-03,-0.006393018063139189,-0.0019209722697993703,-0.014943106881986301,-0.014018806978848053,-0.01090583295697356,-0.008861064715161793,-0.0016091833244050724,0.00817106801177725,0.0027138693560941896,-0.0022212891197149753,-0.010045940128333486
2019-12-04,0.002201099281228247,0.005196397202022807,0.014997440744354273,0.009478752115540168,0.003884107255328173,0.00406391058947575,0.006608758021724892,0.005228873109075716,0.0076422243175173765,0.009308917402798267,0.005573008468736873
2019-12-05,0.005068433472100953,0.004212213091547179,-0.004755448052032096,0.004694874506113056,0.00024940040074827863,0.003700140019150755,-0.00032016680445012824,0.0015601769334068205,0.0017381016427477913,0.0,-0.0009925999940674224
2019-12-06,0.010253889900975421,0.005910417688410385,0.019112594346164524,0.013351224291678454,0.012104179534475179,0.011060148295603422,0.003844243353562371,0.00025992065218827243,-0.0029971926281083805,0.006617019429850046,0.008031761130421033
2019-12-09,-0.001996647085422687,-0.003791047514569712,-0.001172075769811487,-0.002305719440052978,-0.0038221665878624966,-0.005241562010824596,0.0007978949790610201,0.001298162665106517,-0.003480236971599049,-0.00697165348320794,0.0012321696969392892
2019-12-10,-0.006002285952567243,-0.003424410518684251,0.0020118508796731494,0.0003298362011763256,-0.0012376572666661367,0.0008017596061600241,-0.003188963504539677,-0.007000206707328482,-0.00015866139552511704,0.002206245008659291,-0.0017229807633316607
2019-12-11,0.007548000260015231,0.004581904943508297,-0.001673176218680017,-0.0023100737360872703,0.006319758780035878,0.006752722438267078,0.0014397146449653953,-0.007571999936650919,0.0026990708330469904,0.0009006722519739885,0.0025479385829847434
2019-12-12,0.013983510639409946,0.0011401939815338658,0.01843484243813709,0.019517051989929257,0.008865810244289118,0.010686972962849817,-0.0007987315940622963,-0.01210220088900893,-0.004275501228878875,0.009298146894682668,0.008771132509351576
2019-12-13,-0.007716088987861247,-0.0022780983790979814,-0.007569454304191758,-0.0035690065095145274,-0.002685168272194338,0.006636414229517884,0.0035167237734534673,0.0010653829608620047,0.007792655677580251,-0.0006934447378664776,0.0008938986619742018
2019-12-16,0.004301685095329688,0.00989355491386501,0.01343031915907944,0.00358178994113012,-0.0004894047236496668,0.008939440100077745,0.0035042561121569893,0.007714832970651342,0.012466333858349943,0.010804997041613307,0.004384048970500931
2019-12-17,0.0014826833372474368,-0.0009419148203475558,0.0006546552317765464,0.003893588152303673,-0.0009797023541397998,-0.0023257167359846953,-0.0015874311072939795,-0.010823638280195724,0.0032732268346775673,-0.0010789652765491597,0.004445879801591612
2019-12-18,-0.001315942060369224,0.006788577756986047,0.003760551268935375,-0.004201671062308288,-0.004167145404991968,-0.00011093842094545003,-0.0015895965981929105,0.01414447666173313,0.004039135587664111,0.0013744994729891769,0.0009658746762368775
2019-12-19,0.0034588817884675382,0.00917791156368608,-0.00032580468887322134,-0.000324408582482838,0.002707848780402644,0.007216629152196896,0.005414008782730129,0.009473719188332508,0.0003094859340329048,0.003921667607120538,0.003135383386219104
2019-12-20,0.004852852786255246,0.0031060523029169396,0.009592590587480743,0.0011745438268810915,0.004600997884955049,0.005805831255919713,0.007552466610598607,0.007721482958864323,0.0068744446865876,0.007079950158982884,0.0015280773886590104
2019-12-23,0.0027922660582355707,-0.0025958372330092683,0.010267110021332071,-0.0022815190627635262,0.00822692260344593,0.0028586466110958053,-0.004278768380437392,-0.006014850111393355,-0.009289294121653469,0.003992255905127751,-0.002328406945200534
2019-12-24,0.0011464845853794703,-0.0001858082750125778,-0.0004839957618727464,0.002286736295212588,-0.004019051217751368,0.0003289442685623367,0.0012732574504354943,0.0013154832364645763,0.0014065382346266642,-0.0012609038641431258,0.002253238982559802
2019-12-26,0.004417573850995282,0.007623462785786073,-0.00032287455081858596,0.005541070437728557,0.0023233959602093623,0.007452737844465762,0.0009538353908762343,0.006043113567483438,0.001716799406778824,-0.0006795209796145452,0.012204820841998254
2019-12-27,-0.0037464586050590665,-0.001845337135927605,-0.004197417215425547,-0.0025929534710326108,-0.0008540037963697955,-0.00010862638570741101,0.0044466349820040385,0.003656613013415466,0.002959803252335469,0.00029123336590464177,-7.93237715376316e-05
2019-12-30,-0.003106621765701867,-0.010353231820893205,-0.0031559157293188367,-0.0029251675209124306,-0.004640188390294231,-0.005766651293008573,-0.005217539866627874,-0.00078062708249238,-0.00015524792672172438,-0.00600331590442249,-0.006425926364878487
2020-01-06,-0.0043537639441628695,0.013355612679135875,0.007781538504354479,-0.0006504677643787149,0.00036221553376170057,0.0023821286502578864,0.002083915455154184,0.0002596146883817596,0.0009384013869253582,0.006222817884653731,0.002781534370112304
2020-01-07,-0.0011769975950890466,0.00128125050167327,-0.0026285645258369295,-0.006508217196995236,-0.002051439708742664,-0.0004321086869205626,-0.0076786539559170475,-0.010906200840385183,-0.0014064621763703045,-0.0019633500292220996,-0.0015848393168476083
2020-01-08,0.003535516210165568,0.007129810141162762,-0.01647172434273203,0.0065508515617846985,0.00338555452032141,0.010700593917908785,0.003708096529916549,0.004988103932674459,-0.0004691690214522204,0.006491693280247013,0.003016153049126835
2020-01-09,0.0036916337323600334,0.0052639258764584085,0.007368839044219921,0.006182875765534668,0.004217132396550527,0.011335961439175701,0.007067027385135205,-0.0002612287497760768,0.005479017270657138,0.004300018928265814,0.0053022652885701405
2020-01-10,-0.004012090624539444,-0.003972243989819879,-0.0056526328958295124,-0.007438527712210763,-0.00707940454631939,-0.00232663625189955,-0.0006379486345416963,0.009668416354057019,0.0026466679008516625,0.00029170657590560367,-0.005431735668682158
2020-01-14,-0.004142407301585993,-0.0025146132315951863,0.0001668483158219214,-0.0019417923524329694,0.00012016775539525071,-0.004710529356236948,0.0003169257647670509,-0.004858131040053837,0.0029325361149608042,0.006052345774330226,-0.0003154659894646361
2020-01-15,0.006821832472148959,0.004861223546790416,-0.007352750328466495,-0.00551225301780256,0.0015576623623310137,0.0011568673421324949,0.007132859567533734,0.006937431976183239,0.014004195621656335,0.008635538572626889,-0.0022890229151421027
2020-01-16,0.005949476139929022,0.007704701855208551,0.0016837059005667676,0.008803280703605587,0.009931874542646657,0.01344670297843864,0.0026755264752456043,0.008930759772892483,0.0062227178612976886,0.005194754990144768,0.008939341030008485
2020-01-17,0.004435716913009369,0.007823794632020098,-0.006386799359040074,0.002909026615945498,0.00011868710554208128,0.006737938587817238,0.001726529106439001,0.001264698324159541,0.00693806478229364,0.0,0.0035282734817190242
2020-01-21,-0.010794886174659624,-0.0008820279426737798,-0.017929332860447733,-0.008379020161243589,-0.011017774470685526,-0.00041190286801007225,0.0034471066828567487,0.0101033916894826,0.009137407199446779,0.0010530037922780178,-0.0030471655518053975
2020-01-22,-0.003968165810074309,-0.0005298266951438979,-0.009645532459821138,0.00292475149215643,-0.0052707243465929254,0.0036055525210938466,0.0007806277484703195,-0.008002217655042276,0.0031167417528439323,0.0012427773562317945,-0.00047013556509145626
2020-01-23,-0.0011621148001568216,-0.004063705733180378,-0.0038261581648527665,-0.002592182206889282,0.010838161184150374,0.004721315497802303,-0.0009359946977979261,0.009579458228915039,0.008878436548642288,-0.005060943559979769,0.001489662291574767
2020-01-24,-0.007146274683680676,-0.012063054559022013,-0.011522304213715584,-0.012670614282465187,-0.004646153762981053,-0.004699129425220772,-0.006871672410116325,-0.0014983352866529964,0.0026401315793469493,-0.016698497455526984,-0.01393552813908594
2020-01-27,-0.021593711215109668,-0.015622291047285297,-0.027728386280160167,-0.015465631037861582,-0.018910953042068024,-0.02381220337703005,-0.003145240226100965,-0.004251283950106988,-0.002486633838253427,-0.00761240706333044,-0.014926657090611695
2020-01-28,0.011291764642606061,0.011492396238265146,0.004541250893508986,0.011697786294167178,0.0064656186580862585,0.019135796265019822,0.0012620797015996388,0.0025113768914630796,0.004105953078601177,0.004917338689174322,0.00975251309232994
2020-01-29,0.003214362576310137,-0.001623159031903465,-0.010488503282484407,-0.001651779971771239,0.005333539232123208,0.0025791075629815197,-0.005041814517657728,-0.005260726711131314,0.0026288821645708005,-0.0027404818258887076,-0.0005587235433341942
2020-01-30,-0.00623949982912142,-0.010115719290760827,0.00804117533037152,0.012574438958818046,0.001085264767215266,0.008643793224132335,0.011876424500919969,0.002266688695425234,0.009322755107704195,-0.00726178589228077,-0.0016769793767394958
2020-01-31,-0.022060061548822785,-0.01624077894732956,-0.03118217646058219,-0.020914842831721625,-0.023124246978196372,-0.02744342281287382,-0.01126757172056203,-0.014321781758286134,-0.0044739092247896295,-0.019968583329552092,0.0025598212603632486
2020-02-03,0.020995986915179454,0.01187148079058642,-0.013098736168507874,0.007009115018491219,-0.00036988225932788055,0.013217389897497211,0.0,0.0010198492080100152,0.0031892256779930683,0.009078237279673163,0.007101951639536752
2020-02-04,0.017675072678817516,0.010449072440708473,0.0036022513581717153,0.009612361459923502,0.018870249736996136,0.026193230148536584,0.006014574724755084,0.012987094833295965,-0.009971095825060394,0.017592956430806606,0.018223354217461907
2020-02-05,0.018536976179628573,0.0016330239200756935,0.037597107296232446,0.0200260829104264,0.016705131414751717,0.0058512679016784475,0.008023842967881611,-0.0007545460873533694,0.004086977040131723,0.019253164734669426,0.005058122376674357
2020-02-06,-0.0004917935785950789,0.012497534912736308,-0.010196741188244096,-0.0012871935945348856,0.003214591170199954,0.00912749127697543,0.001716758451206335,0.0042769536596396485,0.000290657459815602,0.0008674994456088214,-0.0022451148821130973
2020-02-07,-0.014271715669711305,-0.0007156129125547306,-0.006990432945171876,-0.0035451181605208326,-0.007239674320873468,-0.009144337373273359,0.0012466145473815082,0.000500876768289471,-0.003197239282286657,-0.007799837417038935,-0.004345706238185976
2020-02-10,-0.0004993744203050099,0.005907708816966339,-0.0050017678096924145,0.0029108392380439163,0.005618162085528233,0.013542048326367295,0.004201598493674741,0.011517671969771603,0.0037908398859902714,0.005337722324868954,0.01130069120428745
2020-02-12,0.005464404108044052,0.013005447491437394,0.013441320989301175,0.0006427341051855606,0.009355816406372064,0.010824355913610084,-0.0004668195970448652,0.006358532138337258,0.0007236834481936238,0.001247590130219134,0.010246188071905804
2020-02-13,-0.0036231850652092,0.00017606039248185823,-0.0030887162020972747,-0.00032112637456749304,-0.005632134392679289,-0.0026530216534011997,0.005913350531361328,0.006075404049149746,0.01113514842283947,-0.004696099856236757,-0.0017407640869213648
2020-02-14,0.0001652826322333656,0.0012307134279021525,-0.005285126865976264,0.0012847810468135101,-0.0012974895040684942,0.004334319171962031,0.002320699352599709,0.01159412345446742,0.006721805293123717,0.0007703343247733585,-0.0015162866074605041
2020-02-18,-0.0024786874372152434,0.006673584202976146,-0.008244878176963066,-0.008661999996030012,-0.005671393572632466,-0.0037268525302794897,-0.0035499965206940987,-0.0009549825783972121,0.008382274607552587,-0.003560094265006364,-7.635944047557075e-05
2020-02-19,0.0026505838940018567,0.004536040489452997,0.013301601238895566,0.0074433417194808005,-0.00035647761769896924,0.0119118000127163,-0.0010842979851219958,-0.014101382951356212,-0.010848320469187822,0.004635192589536707,0.004480726216655295
2020-02-20,0.0016523511759651832,-0.010246583395965625,-0.0010941324927242757,-0.001927514251604645,-0.0014264189572278374,-0.010409677218184421,0.0007753887988777297,0.01115133021517023,0.0035608831383431294,-0.006439968838886423,0.00037824073185732665
2020-02-21,-0.004618894331123835,-0.015265931566264324,-0.011863393842966197,-0.009655428334698457,-0.00499939780753933,-0.022414427186378205,0.0017044643799515313,0.005274651902641869,-0.0018454417549466084,0.0005803521833391834,-0.015266188625055577
2020-02-25,-0.043144857703259265,-0.026733129852602233,-0.04415180680255615,-0.03392678128268922,-0.04075833709486443,-0.031994044860388926,-0.018049224656007,-0.025138915366964665,-0.02100430357940475,-0.030348197453416548,-0.02670477555216355
2020-02-26,-0.003386070263528995,-0.00189419922731493,-0.03018644159778061,-0.007301865974717048,-0.00757399475390097,0.004551385785330542,-0.005643450661346194,-0.008678202095865895,-0.010139263740954196,-0.00010317016291194747,-0.007920928447984532
2020-02-27,-0.046852615045885115,-0.03947614073590089,-0.053478312743097445,-0.04273204524139562,-0.037122959244901055,-0.05393754503359838,-0.040700720948558144,-0.05652842957021009,-0.04498235975176046,-0.03397842690124486,-0.04041483044628569
2020-02-28,-0.010881768140070913,0.0029636859235577795,-0.0008825674381429671,-0.02707652909753222,-0.01827010589948863,0.007639896694828119,-0.019776667246293567,-0.02465531916421304,-0.033421344540664366,-0.012897133772144631,-0.006433614438391411
2020-03-02,0.042867892667877605,0.03467289611730218,0.040424093442831044,0.051147222240498724,0.035166915147274436,0.05782483627572654,0.05345723929906532,0.04974184222313549,0.05886124193705933,0.046863186289625824,0.034360771002966084
2020-03-03,-0.0087304889499914,-0.03293976164693735,-0.030573491147527054,-0.037567227324384556,-0.024454668588757444,-0.037975803924931606,-0.013586358466720072,-0.0007769075813688353,-0.01230238137955375,-0.024857975176709957,-0.02420465283654738
2020-03-04,0.04146788799443568,0.03603085448867427,0.02365355087446752,0.03308572962722245,0.04132802360137289,0.042922007587917754,0.04912031154831675,0.038870378627777535,0.056742749798167624,0.05764747153231298,0.0345561851798446
2020-03-05,-0.03171234123913147,-0.03648823702630477,-0.0365858198282476,-0.04821871773595732,-0.04892671779882751,-0.031559775721938355,-0.018823063472204526,-0.022948681467656162,-0.015424757033693393,-0.023202343246066293,-0.03728813671874087
2020-03-06,-0.026018973964179404,-0.017356846412168614,-0.05618445529821181,-0.03402652083672275,-0.008756551115313704,-0.02113838409021218,-0.00789937189635459,-0.01710482567996041,-0.008128919568910598,-0.0053241700501490685,-0.015372729984807765
2020-03-09,-0.09359232158221553,-0.06663987476706823,-0.20141191268221081,-0.10724078081506017,-0.09220104126854511,-0.0759193895079655,-0.04354889280615826,-0.07064939815602622,-0.05438828123151829,-0.05198135530959613,-0.06297427031025826
2020-03-10,0.04060186759378026,0.05096764784411656,0.04743664732733954,0.058746181431797106,0.05184703430599025,0.06669895091825828,0.028712153380727967,0.0486305684645294,0.009297203790582298,0.034310376350372485,0.055291825506536885
2020-03-11,-0.04753429856920499,-0.042971384414896674,-0.05288319823648702,-0.05424433747618873,-0.05868744094764611,-0.047238578390804586,-0.04905052012254685,-0.05357135412074154,-0.050273112389189634,-0.03821110523455984,-0.05468816473143512
2020-03-12,-0.09627780057322743,-0.09386356458256195,-0.12474029575610157,-0.1081435719195859,-0.1035012216444976,-0.09760493558742878,-0.09395629598299471,-0.08589119009335477,-0.10093697968162652,-0.07465646495886613,-0.10105432263587177
2020-03-13,0.07017933440529078,0.08990106525668717,0.09229752626284937,0.1315659597269998,0.07810907575005555,0.11731931363461179,0.08510671861530494,0.08780019923972415,0.054488611776224216,0.06935621240025824,0.06186430610098581
2020-03-16,-0.11008370884071494,-0.11279493803704743,-0.13606705035571387,-0.13709333375541222,-0.11344146234257446,-0.138140008316313,-0.06783275078639683,-0.1600113941705249,-0.11357723308662804,-0.09861025182231042,-0.12668644591364675
2020-03-17,0.061850493552068286,0.043435763680174766,0.00683207221938531,0.0542986163239747,0.046057466749719556,0.06808165560791424,0.08432847528947773,0.060687741186800315,0.12793426141809183,0.06277549490324152,0.0385045872978258
2020-03-18,-0.06393589087087304,-0.03320825414870432,-0.1435716104420598,-0.084883037127776,-0.07366807649497975,-0.037677460440656785,-0.025690368915889383,-0.07024796915130083,-0.04353086773072612,-0.03316077994685651,-0.05744751192105213
2020-03-19,0.025522202545060324,0.017899906930181952,0.067973386394931,0.021886348993519933,0.0007398102790732164,0.0036202053363318942,-0.03336323425434107,-0.015726318209320356,-0.058205022237029946,-0.020483308117234422,0.03487707718149813
2020-03-23,-0.05097775557502704,0.005310520606666813,-0.06815858272251174,-0.05818344246214635,-0.04380060705991218,-0.009134396870327688,-0.029593139371274724,-0.05556811102515702,-0.05102858569250779,-0.05193887613180781,0.0016478802886681354
2020-03-24,0.1176010156249041,0.06150788177123245,0.16037341095510005,0.1240092132609718,0.12651226659578763,0.10241477392043286,0.050997316936642,0.08719555225005737,0.10750072934700716,0.07705712633422634,0.09379628921921945
2020-03-25,0.023331897393229717,-0.015420482513785805,0.047166216178923026,0.02720367177734695,0.052602792163824574,-0.0012886215795671063,-0.0027389944032384372,0.04443631416461713,0.02552261619680296,0.01331368969540736,0.017547506686843573
2020-03-26,0.046967496525322394,0.05695309414958638,0.06110335831452551,0.06277612205419647,0.06311603420566336,0.061927665107156527,0.05473777689517578,0.07679000610734699,0.08524364587235755,0.06642904889576662,0.04136736717584322
2020-03-27,-0.03614945963852667,-0.03996429875040175,-0.06778538645742926,-0.030456953888716387,-0.042127520417044706,-0.04519501071594134,-0.004650155098923636,0.0025697707268719228,0.005417186814336672,-0.021416431173422956,-0.033514058637567845
2020-03-30,0.031856834795424005,0.036482803080855275,0.010236529200177813,0.019038645712908808,0.014603554096488613,0.042117173889678394,0.03905785815911811,0.02595342534411227,0.03699731504226844,0.046829212687460764,0.02090771649014167
2020-03-31,-0.013794303707356126,-0.0018048355188138299,0.015373776979027642,-0.027557083518279235,-0.012385105801264729,-0.018680978892387512,-0.020323619459784226,-0.03185489112231199,-0.04035351779878693,-0.004383396298519693,-0.020180018696085766
2020-04-01,-0.04507118237104879,-0.03978327592382669,-0.04955240216572765,-0.06099934520207062,-0.04507706031460035,-0.04765469096607344,-0.016890097896287926,-0.060645157528452454,-0.060097253799955674,-0.038044895494668274,-0.044657406110285125
2020-04-02,0.015112510833938275,0.012711843502871467,0.09159988317167311,0.02506423348296183,0.013309675502713558,0.023386119403234318,0.025583511534114534,0.014766316182521555,0.031297981252039975,0.027696460095316455,0.0037357202088619257
2020-04-03,-0.024049196178403398,-0.020222952640456926,-0.010613431683951235,-0.0199600676188042,-0.013309811969287044,-0.015447114244250604,0.00782978786807198,-0.008460071282082149,-0.03574757133146844,-0.009021402184691163,-0.017437712923209503
2020-04-06,0.0743955906049365,0.06595495819119868,0.0529668711482425,0.07179212966399007,0.06922237757621486,0.08532153194015057,0.037217836722831965,0.07235463087006266,0.07723498525808137,0.05243157482621896,0.0832160751688551
2020-04-07,0.026649264860271416,0.007344585385368418,0.02133080708342794,0.009976362621645363,-0.0023240092644752908,-0.008960363535785554,-0.011496572354249168,0.0003183302853724257,-0.012547044987609057,-0.00821194486859711,0.014885083431701807
2020-04-08,0.04893599204861143,0.021431892780698236,0.06670820784435905,0.04374405362107536,0.03627314541809179,0.026883192426787605,0.014802118466317848,0.0750875148137582,0.054456445751840166,0.04117913443480692,0.03149917111792466
2020-04-09,0.04300212210466681,0.0073544244495753475,-0.009059243043795573,0.0536277115297068,0.015092903921711365,0.00023472641238786451,0.009376409065682045,0.05149448526638212,0.04716809767140684,0.005513658489028295,0.018035976607905235
2020-04-13,-0.021975823258304383,0.0015030180217641131,-0.003243544031019896,-0.03635575079918474,-0.029262797131652363,0.0022301279718468514,-0.007397341054825923,-0.04587647955768748,-0.03172795981847609,-0.008752800094081192,-0.00028104331730915977
2020-04-14,0.01292507302545065,0.029588210616545707,-0.004733971712374885,0.004438335855990294,0.019064472018521572,0.041925518298306486,0.04246121792394031,0.033332945959266835,0.029372057745028046,0.03319168630278102,0.039099611135351875
2020-04-15,-0.0459366978457274,-0.009370885246352878,-0.04696780806153611,-0.04330510389461173,-0.027662046180857436,-0.021805288044397964,-0.015793998549677113,-0.038538324048039585,-0.032987080305688976,-0.005148163353980606,-0.021927275481169684
2020-04-16,-0.005761139161821527,0.0039940536518388026,-0.04273238266349266,-0.01755191195529915,-0.008880127433150697,0.012179540329875227,0.006587840451887095,-0.0065320248320566154,0.00017072647807592212,0.021837945151735205,0.011993832737638543
2020-04-17,0.040148918273519296,0.013609670524697748,0.10622351337936875,0.052656125561485245,0.046955204314055976,0.013282058013672327,0.015271049524002711,0.03227736545920612,0.03223048506790671,0.02076366789859141,0.029537690697850616
2020-04-20,-0.024671503124825023,-0.009088846755009095,-0.031222459938558877,-0.017418556442307942,-0.026624415150812042,-0.016020458773583712,-0.019669341941021212,-0.03705854919599538,-0.03783234193143781,-0.007938018669809588,-0.017444432349227657
2020-04-21,-0.024683834663137505,-0.03147813959740564,-0.017634666677385558,-0.03227244249788319,-0.02360787914536311,-0.04189927334911314,-0.021244367475376724,-0.014732409272841474,-0.016483688415966924,-0.030406117523371745,-0.02595552798381362
2020-04-22,0.019661230843730504,0.026904989381618227,0.03559282263239849,0.01080284775519913,0.010505229671277316,0.03850260300558572,0.009646934101807059,0.017394075239915763,0.0291550504564424,0.015267336319990665,0.021558294283570145
2020-04-23,0.006974298169455162,0.007126200532746152,0.03227761648184968,-0.004181938046483702,0.007920686490227924,-0.00686554182000132,-0.00887215787017226,-0.011397772868633749,-0.01679394044598026,0.005486571992471045,-0.0002716211562475701
2020-04-24,0.015685401365713503,0.012695250249776802,0.0023159961292194,0.01446541644195265,0.008022408653058255,0.021200398648631325,0.01067305259394491,0.00364077883221281,0.006211226507353951,0.013439699817509254,0.016941614188096032
2020-04-27,0.026674697337652153,0.008220384795141422,0.02166391690760916,0.0340387037180665,0.02484969049623542,0.008575014766553313,0.0028955115367101936,0.029020573169210362,0.010459515751614967,0.012862721282401735,0.018708002998099715
2020-04-28,0.01855832967093951,-0.018140905864015733,0.022900355078613766,0.010676227249939885,0.018700372728200243,-0.013312565796249065,0.00560443551103762,0.0008814867961812745,0.0037333822778109482,-0.02018135513456054,0.00393526231715291
2020-04-30,-0.02973647740806329,-0.004356386370004461,-0.02213062196120874,-0.02523503193842802,-0.019844286727444205,-0.004465483558806493,-0.011872364687665171,-0.007025900299051591,-0.023033783504356475,-0.004591351818428957,-0.006221832008015182
2020-05-01,-0.021009997763762223,-0.0139219513078771,-0.05657886596705619,-0.03203181096850882,-0.030213433902788633,-0.027458766740357077,-0.01098503321952149,-0.030660305816013533,-0.024100406131905894,-0.019051263806591834,-0.03739299438585131
2020-05-07,0.020509702824693443,0.018803900863768375,0.02600296376522393,0.023452147358949293,0.011664312049304959,0.014995121744515671,-0.002806648306193704,0.008933802221827936,0.004012468499903443,-0.00010090877102764129,0.015718673347442147
2020-05-08,0.024000018029687542,0.018260278765992677,0.045564508080214505,0.021540095184334973,0.024845723503313932,0.014666567200799507,0.022339587831741392,0.01832069289893501,0.02016333168498141,0.005156764018915849,0.019475042233867423
2020-05-11,-0.015243850001389836,0.0005785658188754983,-0.017534759907861464,-0.019291206452820453,-0.012517660458707836,0.006646998648712543,-0.0013763316259077785,-0.011993824227005012,-0.004273346873913897,0.017201428642722894,-0.0022172601377550283
2020-05-12,-0.015286373976999279,-0.01946445298971977,-0.01758538436845758,-0.02607485238015561,-0.028081030351424285,-0.020647809291237662,-0.008442310596636471,-0.04248875177770561,-0.008762618108970832,-0.01522935916443835,-0.021880360681877153
2020-05-13,-0.021025567396609657,-0.01709896595264404,-0.04541804514870651,-0.029591791612447738,-0.025094952338830523,-0.01723034988201344,-0.009035802888143318,-0.015848064365054926,-0.008479326171347834,-0.010845654752258072,-0.017214329072664514
2020-05-14,0.012243982165154765,0.010797901681725008,0.011195250348991603,0.02565379682828617,0.010499369107225043,0.012740937035956579,-0.0024549851162335434,0.0012882705581627185,0.010735207391715962,0.0109645727225125,0.01493723083981724
2020-05-15,0.008724900134104763,0.01384743142297351,-0.00387501306496274,-0.006607065267744905,-0.0035192098589863496,0.005053620552690541,0.008789169605496916,-0.003538129990181771,-0.0133214495415509,0.008435350556897259,0.011651628899820743
2020-05-18,0.04560627067615908,0.021073372702148818,0.08168942685598823,0.05130624681467233,0.06592679248146127,0.02450000889146664,0.015856294945993943,0.048741369277661706,0.041051047394056406,0.008265065962401064,0.03784210112845221
2020-05-19,-0.009587946856841612,-0.00019107180965349801,-0.027999068630347734,-0.024401142134745757,-0.012780103798625486,-0.003654874438535738,-0.018353342831952446,-0.01939055504398368,-0.01647404495533078,-0.012049158437897889,-0.0035879406938392755
2020-05-20,0.01594532049234232,0.0277138653133846,0.03990498311400992,0.022232563389953608,0.018699045266574954,0.02190516122364161,0.01188203136686572,0.009416127229078253,0.005523793024027501,0.001199856077489292,0.013063200423865329
2020-05-21,-0.009529145069799738,-0.0070672567252527685,-0.016010465338605506,-0.0031717630268941477,0.0023533893758829194,-0.013948547452846127,-0.011051730200810628,-0.004975222965924342,-0.010100953013173375,-0.0073890757327426115,0.003554097816509838
2020-05-22,-0.0015092405272801868,0.005993661824528873,-0.006198234618719156,-0.0036362272591551337,-0.0007827300795064662,0.003640594620757387,0.0034922466564217824,0.02187496492203178,0.011099251942570998,0.00211238084930665,-0.0014823995583282956
2020-05-26,0.02739481681062439,0.0027930384961787347,0.027806837368606452,0.052007344357075436,0.041980051851914,-0.0010366452480204957,0.0053940208202007955,0.03180456148313038,0.006551049845042511,-0.0018067715216729674,0.01583749504270604
2020-05-27,0.010113817618052412,0.007055371308276381,0.012895059651077068,0.04336492230097444,0.03337318733501449,0.005706180454682075,0.015057171733482866,0.021339251905662993,0.011961435663996545,0.010357975866052582,0.017133748631245282
2020-05-28,0.009284386676450262,-0.009402852129378303,-0.02795836765802795,-0.01579371838807475,-0.009455613479705138,-0.0019599636859353176,0.008866183019000218,0.011317713527988271,0.02954977083817245,0.013038608373517446,-0.012134842961024739
2020-05-29,0.00018063692533565323,0.005397453815537467,-0.004622258074831076,-0.01140205604021538,-0.006168537580310107,0.012609831568536789,0.0010139871755538987,-0.005738795245328943,0.007766400458576683,0.012084722769301948,0.0036366997653713984
2020-06-01,0.0068530884685658044,0.011477182981241452,0.017543806336818735,0.011533562364640426,0.0022170223471194017,-0.00030628735757565195,0.006922156449355343,0.019913328249525186,0.011894486579698382,-0.009901868212353726,0.009501479948117453
2020-06-02,0.01809044286629491,0.0040266042653152034,0.027890433430854733,0.00802362604929896,0.01297533686969743,0.009393296689435005,0.0026825824525924524,0.0065080236181598305,0.00645702792511238,0.005785061868432972,0.008534588817581623
2020-06-03,0.022695401094230405,0.00309871471769374,0.029353786232857226,0.03728516784458713,0.03901021756865397,0.007788799345054054,0.0013378886495876152,0.023896613188175708,0.012008577919689012,-0.0019496409496209122,0.01890262396877862
2020-06-04,0.003612535230111291,-0.007450603272933898,0.00023962656043829966,0.021809257728544473,0.010647043560739089,-0.00823014867349825,-0.004843013691508302,-0.018671050527598654,-0.017880514898515942,-0.007911776812043803,-0.005045762842259771
2020-06-05,0.025540037926008674,0.01629434191916923,0.07426954731680824,0.037154622768423184,0.03673399701166735,0.026313148284511367,0.013928520813075718,0.03665364318229147,0.012744414869089837,0.016146358949724382,0.023951032369612157
2020-06-08,0.0013369167487968792,0.018735490008892963,0.04504893278496591,0.01905462111871259,0.02005650054528152,0.005028997566075111,0.010758227566165068,0.021862642635583907,0.02680183041103823,0.006879242328456492,0.015237951980570763
2020-06-09,-0.012184987657635538,-0.002475883987720473,-0.03755898455513884,-0.02131632101662473,-0.024904999592835875,0.004709729997329548,-0.008187510536416975,-0.011622114808300332,-0.020054260990229,-0.010392629686881483,-0.007805115296377618
2020-06-10,-0.011321411563598116,-0.003013499664035524,-0.04922356067342648,-0.03744748502491069,-0.0239282405004575,0.01669911792409784,-0.002806522286132096,-0.01870660702506899,-0.005846825067356898,-0.0015559323765723665,-0.009379021886802619
2020-06-11,-0.0772514751402027,-0.04605264053641622,-0.09421665218136144,-0.08177853760400766,-0.07023827830752882,-0.057343318743814486,-0.03791391202681227,-0.061818846885706824,-0.039046158946563936,-0.05560945808511597,-0.05237809912210767
2020-06-12,0.01944797412578292,0.00876047480735287,0.025231619713729003,0.030263802725925437,0.019404809967896064,0.012940801812490799,0.00017188926351785483,0.031639856034114455,-0.002550146438032641,0.006496859501821994,0.009910441317104723
2020-06-15,0.010537845798568313,0.016075450976666072,0.0030137476998481905,0.013848047016456366,0.009880650883264952,0.009656969851993491,0.011527992092310146,0.01266163339896087,0.006817958027899529,0.0022541612449189508,0.009494272265644144
2020-06-16,0.020855607528784903,0.008183046966387497,0.028793047144991535,0.01572860838768597,0.01956849754040202,0.021321078189202813,0.015648980990517147,0.016671180431201416,0.004570804743468049,0.02463694625093127,0.021022574299155883
2020-06-17,-0.008277669324028403,0.001262764307451647,-0.03407147521243303,-0.015077448958259132,-0.007197426249328953,-0.00019504433048933567,-0.00150733715239737,-0.011751527089876923,-0.0030332359927625063,-0.000997634541059278,-0.0026317033386796806
2020-06-18,0.0007103965868144879,0.0032427019060021767,0.012345871917400553,-0.0012412598231390515,-0.003695686342934712,0.004488064303269423,0.005199577982779147,-0.012444664336226818,-0.000169042919804685,-0.003395695677287147,-0.0036478048284221964
2020-06-19,-0.0030166815955851023,-0.0026933725796608465,-0.015181935068263486,-0.006628104530370327,-0.01226962916994645,-0.0068966550419656825,-0.005172682218205438,-0.01008127932899372,-0.028064328509237013,0.009620090836944373,-0.007789335243316153
2020-06-22,0.003704802460791523,0.002200833094782695,0.004632921773201293,-0.004952327648693355,0.0016826635843631976,0.018840926451589413,-0.0028567617935970624,-0.0028506423123061397,0.009751929792889191,-0.003837245646499232,0.010276619027291378
2020-06-23,0.0023179740933734205,0.006480625711591026,0.0010189855905329281,0.0046397034845564455,0.00014508202305063556,0.007220112749293017,-0.0015256074489500282,-0.003716350324135198,-0.010074657556609301,0.00430258308365894,0.007866839252085756
2020-06-24,-0.029176063504000815,-0.02253603378523894,-0.0554844049496499,-0.03526463701391602,-0.034757704282887825,-0.022555778213954714,-0.016808222367868497,-0.025538049321853218,-0.009124387507471465,-0.02610355981628998,-0.022024727092017193
2020-06-25,0.012460997498834558,0.004391542385842939,0.019132301561024745,0.026545074126271384,0.011102993103416559,0.012809463659960274,0.007079909015053509,0.010600600470451527,-0.012396137758868164,0.009820764715848807,0.0013432681107572453
2020-06-26,-0.013755702088308674,-0.04408824257842903,-0.034638156718117874,-0.04281497058500883,-0.018548789019028233,-0.019694902279096538,-0.020404722774584716,-0.01719132907896126,-0.010579033507172597,-0.012156421393688,-0.02343749115055227
2020-06-29,0.019453034819282733,0.01848679383867058,0.013421055813385596,0.011071850045860643,0.03280891347853765,0.010931530697624092,0.018904254592743808,0.01719566231049141,0.018847367049713792,0.009024573078033171,0.018989932003860455
2020-06-30,0.01440142552943624,0.011227480013342506,0.022972772827054122,0.013578752149260742,0.005709612156798327,0.017925008394293007,0.007387291608419888,0.014572954286469875,0.0037352339873824025,0.01707477764821963,0.012767599772188554
2020-07-01,0.0021295906415794708,0.024796588161900557,-0.02430618476583013,-0.00864339497924882,-0.004512489284786536,0.0016267959297002754,0.0008524678296490951,0.027290956898858854,0.023391973942014976,0.007694713002556641,0.010101049836562348
2020-07-02,0.018770881198341804,-0.00325022277966569,0.011102289620297023,0.0013079552324304355,0.008627173204146743,0.005828298240926566,0.005111653508329317,-0.003355607154667206,0.0025974058489279805,0.007536487823512683,0.003953207621537169
2020-07-06,0.01425350153241145,0.020108919427559213,0.0029456105070786442,0.019155417642942485,0.014351900021669861,0.01747896368199453,0.00491592103107541,0.0011223017219101905,-0.01226267736670239,0.01013805379279753,0.02370521641110357
2020-07-07,0.00034291199877745093,-0.0028417676271769166,-0.03177567724372976,-0.02050416162597235,-0.01915102823241599,-0.010456514581942189,0.009109610634008058,-0.016255873023075518,-0.004021719370357224,-0.008672090460603243,-0.015688925972092815
2020-07-08,-0.01421951906441532,0.008904739784773685,-0.0008272583288400082,0.010466554030607922,0.0,0.016322471961223828,-0.0025076942631311328,-0.0005694892902335935,0.008953886721862592,9.817936641498548e-05,0.010651496253827553
2020-07-09,-0.009385037797314033,0.0012357142943353328,-0.049406706176571946,-0.021147876724651682,-0.02171085531878758,0.0036203374542760347,-0.007876564547028786,-0.0034208494421109625,-0.013398358157264867,-0.007862339021910025,-0.001137180774800517
2020-07-10,0.017368437787785185,0.017277868637171512,0.03193961899672959,0.03439130340481711,0.012957877377219429,-0.0002775339475986627,0.018412152202334386,0.0011442630551237176,0.018871164701596,-0.002377302803198922,0.011917430992184785
2020-07-13,0.0,-0.020104161184606006,-0.0053461798000040694,0.004262705453692783,0.004117228209898016,-0.020725485640433083,-0.001492784751710441,-0.015714106524740035,0.0010388999720702952,0.005659827804578299,-0.012677527284891132
2020-07-14,0.02517682514502817,0.009904592669313761,0.03507800434609587,0.0050935164625827145,0.02167245932143702,0.011526865210543136,0.014618028601399047,0.009869253074115791,0.009337427011431032,0.019845807319443187,0.00995299324107446
2020-07-15,0.01682091167243005,0.005954487807334763,0.021590591043459728,0.019847804645935385,0.02551215106003535,0.005417759962483615,0.0008186305310389219,0.0045990865681950766,-0.003940416603223751,0.012973211451966282,0.014293176131851881
2020-07-16,0.0033083750091318365,0.00174100700281965,-0.0045477194672896015,0.0,0.00027963689902876787,-0.0123560989012087,0.002126438524075347,-0.011731210609268738,0.012727853611653517,-0.0016246203393488479,-0.0026700065011322494
2020-07-17,0.008409039238418403,-0.002259431434671888,-0.013975220150697076,-0.008281217561386778,0.006007960579667904,0.004891289681290489,0.0053869715290741915,0.013896992355099558,0.022588301415445766,0.013689466280687457,-0.0046847832017211655
2020-07-20,-0.00866579554693836,0.01201890439423492,-0.016625467233270963,-0.0045931197560590276,-0.012221934980389815,0.02555468773894476,-0.010066432709654904,-0.009423223616261023,-0.01312062788944468,-0.00018889912015984667,0.015988863468695325
2020-07-21,0.008741548014798317,-0.004819359845742999,0.06042137208386933,0.019714686575582174,0.013217024822311352,-0.010040254998269549,0.008692660787843032,0.0002883088284086899,0.004543900200268958,-0.0006613111792515003,0.0015442146080637542
2020-07-22,0.011608746294355932,0.0010378503031711617,-0.012284439523842394,0.0,0.008049078827261358,0.008021410413329377,0.00796744683148698,0.01210362500354556,0.01541303318183096,0.008979436730822243,0.008590985812108709
2020-07-27,0.01447851889421492,0.006860281476143371,0.0010665069184070397,-0.008240532283401159,0.0041760032357784915,0.015779630146856016,0.004989221094834351,0.011781379934766356,-0.012110197671820422,0.007516609712325151,0.006197852120415792
2020-07-28,-0.021969076278835042,-0.010307578206766421,-0.017044034963828003,-0.002492840605101132,-0.0069310996196969565,-0.011697616894134732,0.0036836384810110534,0.020164744331602646,0.015113445495151812,-0.0011331586954019812,-0.009898843423653103
2020-07-29,0.008198020970588082,0.009179074632102546,0.020861484754074677,0.01874237125996392,0.015215040075168496,0.014487252759956215,0.0014360937573825172,0.018931047658266476,0.004631962650101462,0.010494258663201972,0.010145687911373491
2020-07-30,-0.019352819251289732,0.002798668773283941,-0.039278314308144546,-0.017988636855860052,-0.010037153334097382,0.0056001142500961,0.0,-0.008196827922535621,0.0,-0.00692343733545997,-0.0008066786773976986
2020-07-31,0.0009949039132086668,0.013954500896202093,-0.0046956990588147285,0.0004165862593923375,-0.00374977428711043,0.02496767811836542,-0.000956116650450145,-0.0011020864252171414,0.0016465601468014235,-0.005747342058371463,0.005209554133642769
2020-08-03,-0.005632843222286743,0.0008601014035407584,0.0036079983026453544,0.0029131398792665575,0.004182290698543811,0.02463103743233841,-0.002711050189900144,-0.015995347306213215,-0.010850130941532088,0.010328978436875857,-0.0021164215804686526
2020-08-04,0.014161986030891471,0.0063595296299896464,0.024336236864619387,-0.004149764507362708,0.0024991537132250663,0.002562764018503083,0.012473892018035837,0.01485432685564847,0.010969147629630527,-0.004408227649792873,0.008045926458076336
2020-08-05,0.014621446274299732,-0.0015372281162580048,0.010529106065272797,0.013750043686038271,0.019110765686114473,0.0037025643410562026,-0.0020532174845719897,-0.007456492415311988,-0.012822591661115101,0.004616104118627451,0.012190942948414607
2020-08-06,-0.004209860643775487,0.026342840343988927,-0.00801513699785783,-0.0004111055169960798,0.0038045848609471467,0.014052138403578995,-0.00015840982241477342,0.0019478416620559713,0.005828483286620001,-0.005345254104639818,0.0048748596231142916
2020-08-07,0.0034146685332967497,-0.001166787304849981,0.0013467136677343117,0.021381956973831162,0.017056865734612403,-0.014897016558920395,0.005382106885450266,0.013606915805771447,0.018046094948783953,0.0032054433788255565,0.0014981679955270444
2020-08-11,-0.0017651635964982537,-0.01490038521268644,-0.0033916238234948937,0.01159067039716355,0.005325928972011784,-0.01798616350592719,-0.006892236986391631,-0.019209761063813224,-0.021636846684235378,-0.006317983763003299,-0.001971205888963601
2020-08-12,0.005948228076194884,0.011896462449951128,0.009947687566788543,-0.002765482728980473,0.00323050686689208,0.022715058812333933,0.012933743908933426,0.012590937911851396,0.01446638715598203,0.016796545064900137,0.013260207341546648
2020-08-13,-0.00015945028883967982,0.005038803624598964,-0.019440241136132075,-0.006339370452223991,-0.005280868395212024,0.0004392142947391431,-0.0007787414910828128,-0.011605427414447922,-0.0016392258890157718,-0.0013065891903204507,-0.0004177602389282553
2020-08-14,0.001118778262310327,-0.00016715837351877205,0.00951623992397832,0.003987279263189203,0.0038844459303077894,-0.0007021686178110276,-0.00015548457927871961,0.00251643565318882,-0.008701182834775278,-0.001962486824565235,-6.974835946971236e-05
2020-08-17,0.0044705195693413025,0.001169900896224929,-0.005760597984573623,-0.016679897856163417,-0.004643405556709612,0.006673644534481271,0.005610626702360122,0.008923072266239673,-0.0013250485434569415,0.005898881246928944,0.012883798236354105
2020-08-18,-0.004132769637351097,0.009015094451616301,-0.012641473310719409,-0.00646201263535684,-0.005442345488672395,0.0037510490737460156,0.004029697388315823,-0.001105360496258978,-0.004477438480179563,-0.00027924814085955596,0.006188287236449153
2020-08-19,-0.002872823244225886,-0.0028127504610945264,-0.011469924683039312,-0.00040642250097178145,-0.0026059342957546194,-0.0012168898577898934,-0.00787275525043929,-0.02047580679749106,-0.002998534603388836,-0.003258908417327566,-0.004715007582614561
2020-08-20,-0.003521897014836073,0.012444097490452943,-0.0215865789729508,-0.009353398957302361,-0.005355846455612601,0.013312579420259762,-0.0020225488413583292,0.01073431118146817,-0.008855513576378038,-0.0031759429597221223,-0.0015107860730424472
2020-08-21,-0.005783249326609896,-0.004424944127113251,-0.006342837477086638,-0.0020525646400370023,0.0040712256223125465,0.012708085734415508,0.0024946956756797256,0.0033537311970852635,0.0016857743178391171,0.00103084437193246,0.005157517079223739
2020-08-24,0.017611871740252916,0.012181318795542406,0.027477146017615972,0.023858548444127825,0.018051194262016956,0.00864859386191319,0.008553369927690513,0.0013932136549414942,0.008751091282009238,-0.004587306577437444,0.015186735917178673
2020-08-25,-0.003969358409441015,0.009432280751832556,-0.014046688992447875,0.002812316591950026,-0.001284726633447697,0.005043747086731942,-0.002158790195601723,0.0030595390860788108,-0.00950941816918427,0.006771366845350846,0.0033017512866264642
2020-08-26,0.010521154861011794,0.03415494506968475,-0.021095949536854786,-0.0048074011743435285,0.000514380821029059,0.020324429948667788,0.0012364288448871719,-0.006932734737358781,-0.011116497650259682,-0.0012145005104000628,0.009873406630038772
2020-08-27,-0.002681831900993803,-0.012151268220088274,0.0019591677426202825,0.01690794538619156,0.003600415862069939,0.0008197232682709554,0.006173624452625592,0.013403683039462821,0.003236188172067056,0.007856634669410001,-0.0053871302447034974
2020-08-28,0.011863609142101827,0.002365511859559133,0.017876996679407675,0.003959032189231992,0.00948107359271999,0.00876407696450543,0.008897107307974883,0.007715717177483317,0.002885990598763266,0.002226834359055241,0.006552722412797696
2020-08-31,-0.01531972226107392,-0.004720175232384438,-0.021679338700874462,-0.01183001150564833,-0.012438266499058548,0.003166537469539543,-0.002888847409195816,-0.008750338714978989,0.0030474966904054934,0.0024077894696892255,-0.0029229809150155273
2020-09-01,0.028099418716096336,0.008220277914720242,-0.00673217206000476,0.002793155263848046,0.010153060930528923,0.01910173390188974,0.0010675480336057586,-0.0016551559630816337,-0.011476914014999062,-0.008959850009680692,0.010460196359004081
2020-09-02,0.02269956077996893,0.021323249996815452,-0.004800995708453715,0.01432589852758337,0.016539417358577335,0.008895219329120518,0.01812634154023951,0.022381968351202763,0.031073862341125746,0.02003907430804075,0.013846859238881182
2020-09-03,-0.027631182529766374,-0.033926896837535914,-0.0073779671464918595,-0.015300179069214548,-0.028034751541730074,-0.05699453163160595,-0.017205080265396577,-0.016756982024048073,-0.011260038535045758,-0.02722962151659636,-0.03173771724266117
2020-09-04,0.0006212626959498646,-0.018274262469835656,-0.003144750525956863,0.007569541498348986,0.002317548262923852,-0.01394101723289487,-0.002283608542176574,-0.003573272601121502,-0.0056942867953083676,-0.007138716391103195,-0.011552724873897358
2020-09-08,-0.018777236817555276,-0.02638392583655258,-0.036420831910271456,-0.02570177377408489,-0.01875647733602992,-0.0452084430239722,-0.02105568271681535,-0.01268938102305639,-0.0055584010350271384,-0.01646179211759946,-0.013115189740209532
2020-09-09,0.025778849989153585,0.011970098391313355,0.006845261324743168,0.010146200846061548,0.015449178220978244,0.03263015611533415,0.01449457177454816,0.010896465967274338,0.013211431734099,0.01769894768103497,0.018866687524715875
2020-09-10,-0.009404898053694155,-0.014785653972919754,-0.036653651642985396,-0.014061751877798567,-0.012764504425332945,-0.02258286888292682,-0.012290547409932184,-0.014095920628632852,-0.017218224709622976,-0.015311720772872794,-0.014327000256634248
2020-09-11,0.012762573007716993,-0.0031683195143693554,0.0009201982198432379,0.006927187392304912,0.01358258594342443,-0.007643064257509713,0.0055997637147089385,-0.0033641377372634063,0.002381375819609177,0.0039353937460882005,0.0015082766585958751
2020-09-14,0.014446078376565863,0.003847357905138349,0.007664033363260492,0.013759828844162048,0.01352904466265259,0.020980919394817388,0.006496200004218133,0.02447239156292258,0.01374512349019974,0.014341537441488583,0.010611041978052071
2020-09-15,0.00484784829359497,0.017830588797021374,-0.0073013339255922904,-0.013573065782109595,0.0006355853269079947,0.009884885818661537,-0.0013829226012967988,0.01317950415068414,0.00669546289265166,0.0013200369516115362,0.008196762047786077
2020-09-16,0.0007535973868275647,-0.010805713792792604,0.04014692032891021,0.011331383544286311,0.010163855128384913,-0.015454864866066731,-0.0044628283599174035,0.006504125640646619,-0.0013300361039851882,-0.0016945720523285912,-0.005576786610997031
2020-09-17,0.0073818594204881904,-0.018371408924459542,0.0014732903968024402,-0.010404094071584491,0.0020126104795243904,-0.00828448086961553,-0.006338016879867792,-0.022078567815096983,-0.008158533761465803,-0.003300236439304771,-0.01405382967532165
2020-09-18,-0.017197544949328902,-0.00961045966084173,-0.011179808670918834,-0.002021685236963,-0.011171285365776606,-0.017235479489752903,-0.009178623673957942,-0.019823844333016094,-0.01762619353815953,-0.0015138303817963106,-0.013911832451622863
2020-09-23,-0.029370052741779507,-0.023878207372029836,-0.04519585685520022,-0.022334310895912424,-0.017880427796196807,-0.031167917471262574,-0.015031749959481755,-0.02869446406796572,-0.015339646109492011,-0.010295191083056654,-0.01640160906900967
2020-09-24,0.0071576966577209244,0.0019085144155541744,-0.0003311841018027728,0.0021548482689255355,0.0014616639076385773,0.005602642648045997,0.007389499808358346,0.004726748386363111,0.01120253636533075,-0.005005054076130944,-0.0004222552596310214
2020-09-25,0.00888416785993873,0.013333318507029235,-0.0006620464386569713,0.010322775920938554,0.014994756115186192,0.02390361951313147,0.005262391361921637,0.019405966468132085,0.016444756351003287,0.016076637789674386,0.013021956467043294
2020-09-28,0.01617024698148528,0.01332872266967855,0.02352552981201983,0.02384005192092986,0.018041640326434072,0.019132761570670676,0.011262623837646757,0.017306026954288845,0.002554383255904291,0.009027269886171307,0.020914198474835555
2020-09-29,-0.0074051118302519425,0.0010118420032061426,-0.027516966427547307,-0.012474222842946525,-0.008860847815995498,-0.0033582831819805037,-0.006588276289506201,-0.005103493483943011,-0.000339924665632485,-0.0012504754640588756,-0.007758588941771283
2020-09-30,0.01015884781744969,0.0006738344003618391,-0.0029961254867236775,0.01347387909723885,-0.0025914550026010508,0.008381467602631254,0.012158703175100927,0.005129672735322499,0.009006080684008433,0.015989040544072353,0.008162355463746884
2020-10-02,0.008925784898883515,-0.019750882876022113,0.009645341994979795,0.007880438764876985,0.011205311208899449,-0.025354118192500996,-0.005584738007502588,0.016178783825118614,0.01183717404582696,-0.009132527143678626,-0.004230972514443931
2020-10-05,0.019115128004815407,0.01642399420084173,0.03002389315228937,0.016461101144741086,0.016106189390672432,0.02192447003607567,0.006708198432426871,0.005489791383785914,0.012522911207596854,0.020545320621114138,0.013219133529832172
2020-10-06,-0.012556121396364195,-0.020989679561075447,-0.014905577462645092,-0.010121374902829605,-0.012173464023404135,-0.015494507614670194,-0.0065085728079750105,-0.008463005157833159,0.008462089039183551,-0.013264183472883606,-0.01850517634533333
2020-10-07,0.02574560019453731,0.007316611282907504,0.014122411082998276,0.016768839494927912,0.022079357870529837,0.018332821859249337,0.010762768715118831,0.002753335365008658,0.00613208703130752,0.018876678946226688,0.022855523225630003
2020-10-08,0.010101055924922164,0.01300694679188319,0.037466952491327365,0.013676500739981723,0.009922163670881723,0.005179969730334744,0.006635530398682032,0.016748877989308797,0.018284069299508765,0.0048657793551101225,0.0065642408581598755
2020-10-09,0.007727304515646294,0.0060028221174555085,-0.015979662966213448,0.001190529623073422,0.003731192466650546,0.015291014350885535,0.007818701722813737,-0.0027002973092651317,-0.0001576298788352748,0.009032672126805252,0.010407538430975194
2020-10-12,-0.0016539046206951458,0.026355095968736864,0.0025983504145197234,0.011097872032943101,0.005699095153371525,0.02729245326400198,0.011560561727673058,0.005144902126031692,0.006301108113742293,0.006829013159431074,0.013299258953836546
2020-10-13,-0.00888556359619097,0.0009690930550363408,-0.015549169463460522,-0.01920833232254804,-0.011087854343079129,-0.0063989159095680925,-0.0007518121959018131,-0.01697218655216559,-0.006887902193443929,-0.00760769441566711,-0.00019290804890403912
2020-10-14,0.0028871073403073932,-0.011939237875465247,0.00427774083468857,-0.009592173245212665,0.005606086643679342,-0.00529881711500102,-0.0051165918293759605,-0.01150974657721493,-0.0012610445555895078,-0.0058188905940655955,-0.011068340210849015
2020-10-15,-0.002878795947396484,-0.0076749840727105,0.012123148370860148,0.007667621058997431,0.003592691060533948,-0.0045073785866315275,0.0006050906979133686,0.004713098195988863,-0.0006313183984238968,-0.007246265087584414,0.00370926864609622
2020-10-16,0.0069896965870182015,0.00016464906073077046,-0.02266105785365835,0.0008007737128530312,0.007283080962833033,-0.0028814261426137744,0.0003023292348789397,-0.0035871861464433774,0.010739051125229881,0.009919454421464913,-0.00907629654414821
2020-10-19,-0.01161913428992567,-0.017933557971096747,-0.02119915006027151,-0.015205873196992292,-0.012377547111297571,-0.018329056290928736,-0.012996890907844616,-0.015785391501815793,-0.008437605870807219,-0.01584509154008862,-0.0122995147956102
2020-10-20,0.0022904131070489164,0.007203840506243564,0.01184425489871943,0.008126489804784587,0.005211633126148696,0.003448492865167463,-0.0010719971703573306,0.006753134818921813,0.005987968999567883,0.0013183232715543447,0.008014696914097064
2020-10-21,-0.0038083308285031814,0.016799802234317207,-0.019063610495801186,-0.005239609010462165,-0.010122178907373547,-0.0015087499901695889,0.0009198407841668477,-0.003633368519145863,-0.0026628423496561915,-0.00498366710448872,-0.005454031493706268
2020-10-22,0.005504930026783983,0.006543368511823244,0.04125499978824232,0.019854061987652605,0.008230751452860119,-0.0047007589723983,-0.00045943054930330796,-0.007012445823324054,0.01413561121581064,0.015120297495575752,0.002047960509567348
2020-10-23,0.0036493459678115236,0.00942647264581975,-0.004911635215269383,0.0031781419058385385,0.003957602681485151,-0.0010963416605135334,0.0018385668910099184,0.006496808615263472,0.002787591288428759,0.0037233256930484515,0.008769889054166535
2020-10-26,-0.024999887719964642,-0.02189675602250285,-0.03586727071498874,-0.02257395069059709,-0.025009414100611083,-0.021698667652407355,-0.012845879765490342,-0.012068441191491197,-0.00030884829612476405,-0.011129465423635687,-0.019216691735158165
2020-10-27,-0.009479428029607884,0.006419661115623088,-0.012969168719206059,-0.01823352623328034,-0.021859441282520264,0.005005538414830868,-0.002633665811498709,-0.01278410797474927,-0.0007722900743388772,-0.006846912025243346,-0.0004667877988605573
2020-10-28,-0.02823981778765383,-0.039254056344172894,-0.04183954416694158,-0.02558791167450236,-0.032812455096780546,-0.04242161329766281,-0.029201633104496527,-0.02215805483121469,-0.029066409476332544,-0.031731142663427914,-0.03160443919724665
2020-10-29,0.020665124203430363,0.0251957106781473,0.030674815609001982,0.0076236978042485415,0.014558384477831199,0.01668002158940851,-0.00031998526621912493,0.011477307717069563,0.0027070826567232587,-0.008192467756427457,0.006334517857162325
2020-10-30,-0.000632571949533256,-0.016937924092086165,0.005602220973014438,0.0029424277392842146,-0.0011850750870543436,-0.022139924541937916,-0.0035211050053317594,-0.006400857181052988,-0.009369636992106245,-0.0002951477529890001,-0.02182518661313637
2020-11-02,0.03323835396894248,-0.0005067078107442446,0.03412263508451563,0.018859987201776063,0.027020159933517807,0.0025257863100431877,0.015901137624437123,0.024597413590960793,0.02196226291518255,0.01800124754494692,0.007134269875548327
2020-11-04,-0.01704375764360666,0.04313094973693499,0.001354529815430272,-0.011670316462496166,-0.010346702415787279,0.0389036426404441,0.0004666482300017538,0.002813827614707609,-0.01499919644440506,0.04438107116351775,0.021269269361069654
2020-11-05,0.040816505549309046,0.019316570239085618,0.0,0.024429958137753394,0.023554591140027892,0.03106393400432461,0.007307253142012415,0.003647769592730832,0.008948110998884928,0.002006074597584062,0.019495848080933964
2020-11-06,0.0025061506633303754,-0.0023492805823228657,-0.021643792436137788,-0.007949178042874872,0.0009845361469993374,0.003549189235878325,0.004630198868483593,-0.003914232118329419,-0.002178293736124548,0.0003640723909730248,-0.0030023526478973883
2020-11-09,0.022499779709415524,-0.008477111490243439,0.14275848209313446,0.08213155861757726,0.03405458587719057,-0.0072380882369197375,-0.0023044294675287347,0.02638273328491536,0.018556091633154193,0.009370489676178151,-0.0032729960634658717
2020-11-10,0.011793617449927574,-0.0031665938330597276,0.03236556687609027,0.005183214074179876,0.017595967344599783,-0.01864120160120908,0.019710474769472297,0.0054687116644949185,0.014390846677527769,0.0028841908810237626,-0.0035465185010048472
2020-11-11,-0.014925399187915245,0.009053512055975599,-0.010255181294157478,-0.004051695931524546,-0.00841197619602052,0.023723041913911835,0.008607905565762408,0.007615002142960847,0.0037729618754729355,-0.001258223251849544,0.008765997646750012
2020-11-12,-0.021068073722431913,-0.005666950092087508,-0.032267600979333455,-0.016641910640009305,-0.01142941221752658,-0.008906401795969132,-0.0026950869144840572,-0.010256661165787162,-0.016087888840602305,-0.0036892254650041645,-0.013394418311268197
2020-11-13,0.017246853961585096,0.014880549423159417,0.03640275037510987,0.01654763619574684,0.0221694527527172,0.008487228796566937,0.013811762283899798,0.022907371230349582,0.009932554850099029,0.012644208375786947,0.016225412512452575
2020-11-16,0.01970742933189107,0.006395287689345164,0.06582015078749315,0.022197625914916808,0.024369896921810463,0.00965342182472817,0.009181006345712728,0.006398096842562984,0.01013786251219595,-0.0016944425983240752,0.013098556695556596
2020-11-17,-0.003695085659433106,-0.003564835852518433,0.01024668989330757,-0.001447741400833924,-0.00261795211002136,-0.005556718340452016,-0.007043349148502243,0.0005299768776998448,-0.01962264272489156,-0.006521869833492455,-0.004245307501476447
2020-11-18,-0.00827276689984846,-0.010110418515590247,-0.029056971259469933,-0.009423773123809931,-0.004450779929432769,-0.010683108786486484,-0.013743020345084345,-0.016944648204770818,-0.01955687465639855,-0.018615247426488235,-0.006847420838744567
2020-11-19,0.004171162298037601,0.0061285125932935,0.016374664991757326,0.0032930794002539177,0.0025220327079258364,0.008057241692746686,0.0026969747242096,0.0016155556317605235,-0.00997345266868499,-0.0007330729420123028,0.004943207256634885
2020-11-20,-0.0008594059739813753,-0.0023428638337094077,-0.005277537368882146,-0.008752747075536527,-0.009033761872847546,-0.01029977037509855,-0.006276255126476893,-0.006722253126354105,0.00015738964479106166,-0.002292524026493381,-0.005242649860520476
2020-11-24,0.024879096195258965,0.020497688689319782,0.05138248161748926,0.03503057656266506,0.017478194376383538,0.013907337436774414,0.006765066839532929,-0.0005432388646120501,0.010700255868021369,0.002948544717581214,0.014866478346742484
2020-11-25,-0.010403896853173333,-0.00015341494089204932,-0.0233192821952537,-0.0034891696847024756,-0.007585007431416213,0.0021356083548076388,-0.0005974513502262635,0.0024457172460896626,0.002646882631365477,-0.003674902630556809,0.0012050482438137333
2020-11-27,0.005186536776699668,0.00644060022819426,-0.011684431796561867,-0.003151328478686266,-0.0016860566120533438,0.005327349854115981,-0.0001493046584495339,-0.00189754226077965,-0.009937970463921086,0.009221602505475657,0.0021534724352403334
2020-11-30,-0.01004059297321469,-0.003504177236601458,-0.05525549283598963,-0.020723348029332067,-0.008894144374819613,0.006685111991167947,-0.00014939250543888338,-0.008690952651610906,-0.014429159540767622,0.0027411039039273444,-0.006067421607343637
2020-12-01,0.01098767115557675,0.01834856642542748,0.004624650851849932,0.015422856173574306,-0.002499207107920509,0.012795696383509192,0.008817900564989989,0.012602845010953434,0.007002039802126436,0.00838366793071188,0.007439810551243209
2020-12-02,-0.012818913719741643,0.009309332925954372,0.03249420035451611,0.010950588829915064,0.0013667392071914364,-0.0015192404484449806,-0.008296433397986025,-0.010551794432823614,0.006637116925833908,0.007500521338198229,-0.006248935816486778
2020-12-03,-0.006915933039533972,-0.004463063046818316,0.01049004961780553,0.0003491050557848929,0.0026156632245424305,-0.0006408043148041775,0.002539700222973229,0.007382920144632932,-0.010361189013759708,-0.0012559635942485103,0.002794915152809052
2020-12-04,0.020182054848043363,0.000896506300313682,0.05450281440103111,0.01222500136555471,0.011909988240476732,0.01001679725142135,0.007748376794220135,0.01330088493653303,-0.009993614973296316,0.0106871408829734,0.0009500761925824719
2020-12-07,-0.006547936138243227,0.006270522289457903,-0.023381475428659093,-0.006901356406582293,-0.004819945009205351,0.0028564418577463613,-0.0038442059424393937,-0.009911697346021486,0.005608068992571269,-0.006131273624537137,-0.0022782199873067066
2020-12-08,0.0056093837551980386,-0.0014833973353989283,0.014868783357582682,-0.000347309621696934,0.004843289397766126,0.003243559621733949,0.005491837255339194,-0.004599544541987632,-0.0030274493355678667,0.007599367325257678,-0.0020927500186735948
2020-12-09,0.0005575613934618584,-0.011887253666845288,0.0022351783324421337,-0.0024330293784609047,0.002241996577444061,-0.01916260400574976,-0.003985871300457355,-0.009241782622600447,-0.0017578489976780576,-0.003460314360911987,-0.0009534380159588185
2020-12-10,-0.0061322363800542234,0.0006014255082151809,0.030723330126020132,0.0017420439025075396,-0.009506777308676106,0.0014471863295393295,-0.0044464761665002905,-0.005486968019789873,-0.005123393062859916,-0.0016918713557142473,-0.0008906639845838171
2020-12-11,-0.005749407541426943,0.006011424257519993,-0.011538476217973326,-0.010086996536442072,0.0023713511201164383,-0.0020870473600731465,0.0022332004645997383,0.0005518439097111916,0.0016092468613666533,-0.003924490397961389,-0.004775588096761041
2020-12-14,-0.012694067123226849,-0.003136954693308769,-0.0350193867601295,-0.011595227300041366,-0.012955027162609656,0.003619941401051152,-0.003862233893511813,-0.007168375424542406,-0.005141287518605098,-0.007521255066669785,0.001471442049865157
2020-12-15,0.018143220978114716,0.008242014026472289,0.01965698775268976,0.017063729806354067,0.013923930322962796,0.016673499650192047,0.0023859443192002505,0.017495094034003733,0.019702608389523535,0.010826450092247253,0.013480144079124567
2020-12-16,-0.002806680896341174,-0.0008916496801646412,-0.004943122581199222,0.0017475971361475828,-0.006191191062135282,0.0067806080328061125,0.001933957268126063,0.00027270421699565617,-0.011561477379588792,-0.002945450508395675,0.006555369315365933
2020-12-17,0.011538123748832119,-0.0025291426989013654,-0.004719108917172976,0.002791277389464275,0.006116516167272934,0.0079097819800098,0.006384623130463618,0.011732876866977993,0.0067298550643495325,0.010742133892975625,0.006826429760889541
2020-12-18,0.004451325401723771,0.0008947681324631418,-0.016721002125014817,-0.008698607511353984,0.00011255608253435412,-0.0034965544792879832,0.002212972720109896,-0.01725989955141649,-0.008594798287157812,0.0007971618187780916,-0.004851686542897915
2020-12-21,-0.005302554411848237,-0.008551845612618347,-0.01928952709137388,0.013479824696454257,-0.006035827158262008,0.0010004483293175603,-0.01077682752510356,-0.009006913426158891,-0.012109905176486024,-0.010005822496041983,-0.011296711565103479
2020-12-22,-0.006156543930786018,-0.009333055936868506,-0.016784922689445314,-0.009749256324598776,-0.004662341944847381,0.00866651119966333,-0.007052922771931813,0.007012469482103434,-0.001966266470639355,-0.0030517119872822684,-0.004306753622724702
2020-12-23,0.0014076665089146623,0.005774441258037166,0.022139049376534548,0.01652613980891715,0.00525531953731595,-0.007585651058577558,0.0033248233843719,-0.009470478686724126,-0.001970650898347248,0.0007203616599447127,0.0021626909886123258
2020-12-24,0.006326601986468505,0.001057387519085795,-0.005219316956376563,0.0013837412098229862,0.0001140049033341306,0.006629729030360965,0.004970708349201658,0.009842544545235699,0.007074833213469134,0.0028789263586814773,0.0020946029742272554
2020-12-28,-0.003911769910181273,0.01795920119911454,-0.006295811699495668,0.004835863166952281,0.0012497930504056232,0.011312701851726503,0.007943737121713701,0.008075976989665445,0.004410855711233452,0.002511699456033245,0.011400851061774686
2020-12-29,-0.0023843849849223275,-0.0008889945046784975,-0.006599502564729409,-0.0034375541730929937,-0.006015148355494548,-0.004750591081137401,-0.0029739899114377133,-0.0077350486200652435,-0.0001624308440566491,0.004742820527325886,0.0003134714219217294
2020-12-30,0.013777754188392777,-0.0066776131771028036,0.015678645237104938,0.004484299785992629,0.006394412773929936,-0.0005388315362103713,-0.001044072688013542,0.0055678440061284196,0.005042967336268189,-0.0001779656582215905,0.006010280947864821
2021-01-04,-0.009531645671296052,-0.01481936394989214,0.001583013010143075,-0.013568592241625321,-0.024167133334840107,-0.016305305162448658,-0.010822742703566979,-0.032275547017563855,-0.025199491695415133,-0.004319724600619579,-0.00845877791985572
2021-01-05,0.022454535239978535,0.003610091983116126,0.044784019181488555,0.004470421590061058,0.009836624630477298,0.006489430485238534,0.0,-0.0011308455029930276,-0.00016353292757298465,0.007260041472154644,0.007464434822908705
2021-01-06,0.04092236716582365,-0.004795941269388759,0.03050926428887224,0.04416303644413566,0.02383673535648545,-0.017245378644270892,0.0007492406204085977,-0.004810496809019793,0.024873137664107592,0.013711869868054505,0.010211167618927597
2021-01-07,0.007469576989374005,0.013252788468646859,0.014680892830102543,0.014426155246389571,0.005484772305942132,0.02695434539984376,-0.002995239945289385,0.003127769362412991,-0.013092848211380792,0.013006046874563415,0.019291270317363773
2021-01-08,-0.004812541084171618,0.0031214860203168104,-0.0012057717027794679,-0.0006465099485508663,-0.0024492152728567973,0.006465531848842909,0.004957202411833839,0.010771086960721377,0.008413167666401655,0.004793215651839322,0.020618926064582155
2021-01-12,0.012678081411729325,-0.016141006902004595,0.034941540645517355,0.010315940034932414,0.009934897278255583,-0.004781118317369382,-0.003316868466387901,0.000855505115233246,-0.005344045836568556,-0.01085279834650188,0.015274079896485437
2021-01-13,-0.010196601350410672,0.0035262966039750765,-0.007808927972688728,-0.0006381256768513976,-0.008621038881567178,0.006353590531949838,0.0015127686120088857,0.013679082742957593,0.019537571769372652,0.002742879924040098,-5.95102757715571e-05
2021-01-14,-0.003389927355559985,-0.005653081389764059,0.02962942339935637,0.004469931177587316,0.0034559607425779237,-0.008777225622445317,-0.005286396928597892,0.006185001243509847,-0.0038326198041296333,-0.0031629100354735318,-0.0063630662161123785
2021-01-15,-0.01426175680622388,0.0032270063177530783,-0.03889364706121268,-0.01652890813862451,-0.012999864748697076,-0.010253447368432367,-0.003492397074291831,0.01536742385096157,0.009778785397331013,0.003087267099628477,-0.007720551919447205
2021-01-19,0.0034512299431863624,0.018073069645267115,0.020117102738800297,0.002585636523624757,0.0032646791422679122,0.013028003433507518,-0.004418578445344323,-0.006604403490420796,-0.00381031864388226,0.007523300485657414,0.005669905494868344
2021-01-20,0.0033069353681234315,0.031442839624107766,0.0036687910150121628,-0.004190907202863192,0.006171357471307148,0.019832387281857544,0.0018365952845740274,0.02077554404525994,0.005896517853192229,0.005515495009646543,0.018891544511164815
2021-01-21,-0.014634455798604007,0.0036462753997570374,-0.03381310900192114,-0.01068303238462287,-0.00780630467044674,0.012914154586696425,-0.0033608854788840237,-0.0032565308674431526,-0.005861952744181664,-0.004725873927879265,0.0046500681366683505
2021-01-22,-0.004816389864530701,0.0004364106476277829,-0.005202045077126294,-0.007198950652895442,-0.00517025996633258,-0.003824679113081375,-0.0026057147551523663,0.0024507465259739902,0.0014344144064424302,-0.002967599819027611,-0.0033981381765574303
2021-01-25,-0.005243149678452297,0.005809983751464021,-0.010221240779808571,-0.0072511513335221656,-0.00677879706988771,0.008356296750155146,0.009989319124970475,0.008962324429561797,0.020050916566773047,0.006548320560527454,0.0037035266105349685
2021-01-26,-0.01378584015482287,0.013576202517638913,-0.021373808585246734,-0.007968087330402662,-0.009214129868903465,0.0006716586580945982,0.008977498631097536,0.010228725938787875,-0.009984458947886354,-0.0037176135749937833,-0.0006443323549095714
2021-01-27,-0.02946418517956062,-0.03234536529838883,-0.013496709815819852,-0.029451057853998375,-0.01986196833133047,-0.018875796718965665,-0.016890277685292165,-0.012789683348349068,-0.026946080957594876,-0.03035954673022656,-0.03082881327117193
2021-01-28,0.017226716617941396,0.0035338958378152707,0.01169124878103922,0.018620629371005393,0.01487627144887882,0.00410605422498822,0.0038349265870514238,0.002699044809065354,0.011983798875969676,0.014605558141772113,0.0031449117744508648
2021-01-29,-0.019433492480431358,-0.01863517504829726,-0.03319374334394376,-0.019972868937397137,-0.021583794501758957,-0.023553309337203676,-0.02062983667084828,-0.010498134731367514,-0.005440852121738282,-0.008447488064044384,-0.02333022097727977
2021-02-01,0.011749746259020588,0.018690182178108694,0.007120879388757606,0.013125832216767108,0.010381161394799276,0.025052531834445446,0.000936445578128664,0.022579137330169363,0.004826968696966416,0.003825019389830153,0.025986137353742667
2021-02-02,0.013152016311174464,0.015264962119028835,0.010858897290413339,0.024207514208778314,0.021249121362971524,0.013543923614602216,0.006702993110245581,0.004256302190311256,0.008166612640846838,0.0028578153829221797,0.021236751639222007
2021-02-03,0.001933756953657717,0.013445108842433218,0.04271757528063791,0.005659040262824044,0.0006859302753994267,-0.003433850349508827,0.0015485409104327719,-0.003973315389598331,-0.003176696371243737,-0.007081075553333371,-0.005596457451697678
2021-02-04,-0.003584066191393065,0.005991370213540348,0.011020661186678327,0.022178164197947936,0.010739094409826011,0.015955921890577818,0.007266512554202187,0.005584951881834055,0.007807542492053177,0.004174471670450375,0.010663779175431376
2021-02-05,0.01715327871527883,0.01262052067659769,0.008530920889121107,0.0003237146903840582,0.005877938177804687,-0.0022121812816402464,0.009363000775642671,0.0034383737986463103,0.005375546216191518,0.0018189627474798353,0.009554091493939376
2021-02-08,0.008296022225413369,0.003920823956620412,0.04182323668102361,0.01294937904525062,0.008540261224878165,0.010494018886443524,0.003801884443352943,0.002108488916276574,-0.00770563501805388,0.0012103924573589886,0.005690379702679937
2021-02-09,-0.007418593586146827,0.0033480121645894645,-0.010600061109829362,0.00031947295668377507,0.002562617389826549,-0.0011701892631741373,-0.0009090754516807298,0.004471171013743946,0.00142624669864988,0.001467883492679345,-0.00554235002170822
2021-02-10,-0.0010868437512381313,0.009453545452793088,0.01914753173993433,0.0,-0.0015560102359845063,-0.001464305052206738,-0.0010616190224397304,0.006808323153782547,0.0039564351351741855,0.0018105220616495554,-0.009869369375185233
2021-02-12,0.010328879276628067,0.004264898451360022,0.014766064745447283,0.010256558257288217,0.007250414296920749,0.005149531461680956,0.001524894764286966,-0.0002605983625344477,-0.007292368108708369,0.0074734530773472585,0.0014108997563475612
2021-02-16,-0.0018833260576535116,0.0047943904610612265,0.025072539882621703,0.017131857415644935,-0.0009966954365796532,-0.003246760309065011,-0.001826809456919376,-0.010685671152769416,-0.011178557192376481,-0.009890827446598749,-0.0043447202503994475
2021-02-17,-0.0005392382725613043,0.002862624298807237,0.01485073933670189,0.004990811725109179,-0.0027713099170807443,-0.00883144675455727,0.003660305594714419,0.0007908020130671378,0.0008075308710531193,0.0036168919808019506,0.005779113879821551
2021-02-18,-0.006202313225794898,-0.004893752789764894,-0.02259534775239469,-0.005897104881581017,-0.005002220554174541,-0.004893616281616442,-0.0006080905190893882,-0.0005266659538321061,0.005970591343022136,-0.006263831875306103,0.00029310247997105243
2021-02-19,0.018317380129144967,-0.009835967217311059,0.01673250045883945,0.01186378449479486,0.016422976525329203,-0.0014678516613915171,-0.01261958623758741,0.003160234441705656,-0.014918196191752497,-0.012088935001325463,-0.005802883164124917
2021-02-22,0.003863739028177049,-0.0040011570250126915,0.03464707055734961,0.00925645211555004,0.0031873483723794394,-0.022050782673597835,0.0009239873218196415,0.005776103643296393,-0.01954082688198322,-0.0023598302303274865,-0.02110588973281935
2021-02-24,0.008729988342626394,0.0017866002994633146,0.03541257667489339,0.019447004981019367,0.01889653022051352,0.015300261343265786,-0.00061428251287865,0.004681291829948364,-0.01169495562293088,0.006932783560899214,0.010488164916873544
2021-02-25,-0.02307882544203721,-0.021816526743403286,-0.019288196141866165,-0.018181989480481442,-0.01843897566171049,-0.03496411207115879,-0.010914814304573417,-0.016308178064086798,-0.00900020782467692,-0.01002270577404829,-0.037197227381938314
2021-02-26,-0.012751604441909148,0.003927536021711919,-0.02372259653562414,-0.019125510571271764,-0.010375523669492237,0.005307889636659846,-0.016164144799807878,-0.01736863184610249,-0.01849971778141446,-0.008627459938817417,0.004175083055228734
2021-03-01,0.02528907073778841,0.025569474653585278,0.02596056144569947,0.031259593940973884,0.025603999318297932,0.032213548370765954,0.010110642733717423,0.0010713054527187182,0.022104380502802945,0.0130539579102249,0.023456078431527194
2021-03-02,0.005569362182982651,-0.007356736997034541,-0.005465636971705767,-0.003601485005618632,-0.002905198329570813,-0.015864010834721665,-0.0017201866072147354,-0.006153263236289619,-0.0030176224084528247,-0.0028927810068288817,-0.011519640562403288
2021-03-03,-0.009890604359267252,-0.014273973078883562,0.014654818901247646,0.007831443140860372,0.0010790357224819136,-0.025157831012196152,-0.00470007205977474,-0.012382173897513615,-0.011770958530006648,-0.012659415064902979,-0.023492425098705638
2021-03-04,-0.0194458932823941,-0.0018105161248639368,0.023871947854436693,-0.011356631093577096,-0.01595517896503984,-0.02209856834853552,-0.0036204823488816817,-0.007359084254241477,-0.0008505868883236234,-0.013444812012725627,-0.021168577395883625
2021-03-05,0.022955552576885196,0.02343429650493878,0.03742141311839564,0.019044309422974415,0.02366351162802438,0.018884425515590664,0.02211700091273916,0.011532242293765815,0.016348757144945214,0.020036025301393368,0.006353065544500103
2021-03-08,0.013411727397859563,-0.013357058242357778,0.001888440090523913,0.012755966472089542,0.010488042299091171,-0.024195466457626047,0.004327778907750934,0.004886182544692419,0.014075136619851714,-0.0024773263330699624,0.0012115176020541796
2021-03-09,0.006158169058811058,0.011189515548700513,-0.017530371212637785,-0.009080075633084772,-0.004130582763253843,0.03401420073919592,-0.0009234854109523294,0.01134496478682201,0.013218646361168984,0.005854254448048213,0.03776848272884048
2021-03-10,0.016538745176880587,0.004234965303852478,0.025326067168903954,0.020396131443866983,0.014782525449261286,-0.003996696257913435,0.013092926561619755,0.009882476555677089,0.006849457972198936,0.002292816487815763,0.005093800193523013
2021-03-11,0.00538029143047325,0.01890921943691093,0.00037458709404325496,-0.0028968864916039117,0.0007336501954142705,0.021375005838601746,-0.002432585332800774,0.01481100642504618,-0.0025916898422164714,0.006070574812778284,0.015326366955745296
2021-03-12,0.0026758567815305945,-0.0028037052179433752,0.0020574750026138844,0.010168499468003356,0.013404312408323182,-0.007177297756894352,0.008230368633362684,0.01720103452522692,0.013478477661055033,0.002186179595690785,0.0029469509657051862
2021-03-15,0.001143628200357183,0.007095979202639047,-0.01138694236257709,-0.005752175075403265,0.008370512632621452,0.010653400515699962,0.0043843698412069365,0.011273402947110212,0.012818267944756379,0.006893822968477847,0.01343182442526758
2021-03-16,-0.008250945819780364,0.010502594564370638,-0.028512411759592737,-0.010413420217706637,-0.014244562662419802,0.007529716923596608,0.0012037320407620733,0.0,0.0012657093612244985,-0.0006067362766200013,-0.010354735237427137
2021-03-17,0.008959625168664331,0.0001312688659456107,0.007774703766536106,0.006723129502169023,0.011539721482220378,-0.0008219507813690408,-0.0015034446009212221,-0.0015200670462431898,-0.016274232418544643,-0.0036420544930867438,0.014049797134043418
2021-03-18,-0.0055819494447448825,-0.016574288004675752,-0.04493735230605855,0.005226483571277862,-0.0009249905304434813,-0.027748884700859566,-0.0040649344176214575,-0.006343999278034196,-0.0036943850669726164,-0.002088760902757225,-0.024467708876944716
2021-03-19,-0.004975047897158302,0.008694329422078484,0.00020202663140933552,-0.011553834158858911,-0.007612566270959187,-0.0030000613340991356,0.003476757670773045,-0.013278783336994615,0.0027408512666375895,0.00357581084397407,0.005983308641700269
2021-03-22,0.0006179813337225948,0.008409069871320174,-0.009589907370286754,-0.012885801043679201,-0.0005614085891757492,0.0196633833658566,0.010557255168706536,0.011030344075669607,-0.0014415986153797355,0.008702999868792416,0.006583235749126892
2021-03-23,-0.020844204761067187,-0.0073772675612692185,-0.014627244344026069,-0.013975853118165737,-0.017478105493738738,-0.0062183713058758805,0.0041964900821289675,0.003102751612463761,0.014922936034934997,-0.010115128522663275,-0.00938579383357152
2021-03-24,0.007227788246733757,-0.025215509553004,0.025088912773104433,0.0036188772002994085,0.007306338219497999,-0.012132543892004466,-0.0038805902676870563,-0.004381738273028013,0.00031972591941276107,-0.0011353158386089302,-0.014784673640235835
2021-03-25,0.014481029831214798,-0.004901475452921633,0.0036711832528200095,0.016826990670708142,0.01597808573684456,-0.0006181011672866665,0.009739496697799277,0.008542569110130183,0.010704612162637295,0.004197054472493411,0.00875889930146223
2021-03-26,0.02481991714391807,-0.01094535618652659,0.02479174888314528,0.015661958891694194,0.017278787430859754,0.0254289214561505,0.017658453291720333,0.024384161868275633,0.003319633149380108,0.018893996560908066,0.008318915049067677
2021-03-29,-0.0033879079286815994,0.010236479973581458,-0.01189752520300047,-0.008728383020963792,0.00020334428274781935,-0.005200732845183631,0.010061035374826055,-0.002255008685685622,0.010713686274488099,0.004700125358727103,-0.0054798442969696826
2021-03-30,-0.0028959511627338896,0.0,-0.008629486959870092,0.007044190812253381,0.0043726413519018514,-0.009471177210344184,-0.010682844939995273,-0.004269162497403389,-0.009041482934897926,-0.00901585328746568,0.00980897284912352
2021-03-31,-0.004924741756774487,0.003971030864275971,-0.00688243690491841,-0.007578068424073381,-0.003239849264794925,0.015910272019641347,-0.003210296284238967,-0.00403534204043321,0.007393667006356575,0.001973961268882496,0.007795375575656349
2021-04-01,0.008756101732349864,0.017184983254521446,0.02547883239019111,0.012334699119548764,0.003351959593675069,0.020104107705124274,-0.004830668177505437,0.01595328264682183,-0.0009370914210826697,-0.0029980344423711225,0.008032239556399423
2021-04-05,0.012328730825331924,0.021051321768307485,-0.023852078665301035,0.007833297125628746,0.012350643640193004,0.020667360533765056,0.01279785352855467,0.005234257296181655,0.010941172992269488,0.006959467271279385,0.022724504698869774
2021-04-06,0.002236746632261921,0.0024950076733909476,-0.0026471166901218535,-0.002015288684621308,-0.002399958355837173,-0.0042670238416107065,0.004211962234182076,0.0024795091730869245,0.0052563909410510146,-0.003839586336797818,0.004328599355904794
2021-04-07,-0.01723515249422447,0.00772859367973755,0.003470680010676075,0.0049031662290872635,-0.004610890336479878,0.005301815509882957,-0.0024589022072731836,0.0012365224086665627,-0.001230171203346675,-0.002227153897082168,-0.0029882237353571206
2021-04-08,0.001261807743400123,0.00012967827101739715,-0.013021176400735524,0.00028714010476105223,0.0024167105929531196,0.014448968162879439,0.001015007034910198,-0.004940533215048171,-0.0007700416390121756,0.0015451814826503707,0.0047261781233742806
2021-04-09,0.008694634304797777,-0.00025973882834495754,-0.006596717150947562,0.008608284726998816,0.009744828843967435,0.00961406301109169,-0.0017382835390138407,0.0014895300768917874,-0.0010788619036378178,0.010971106973674871,0.009522987204785283
2021-04-12,0.003497837320321384,-0.004029701955983733,-0.0078854552396308,0.004267348405761151,0.0036812503180780887,-0.004796435708183999,0.005368580094943232,0.005949591043853175,0.0009256111860249661,0.0010174864112886262,0.006420984221655823
2021-04-13,-0.0023653748319435453,0.001304809572989507,0.0010459596601197774,-0.009348391450519689,-0.004857259849118001,0.009426675484033975,-0.0053399123478040655,0.005914292642626995,0.011868292347428033,0.004149995783672811,0.010558439874428949
2021-04-14,0.0072376607151776184,-0.010298265493259962,0.027789435574726795,0.006005631226535302,0.0012948522100244553,-0.010602205352985838,-0.0008702785255416678,-0.006124526789878293,0.004417281289904151,-8.439479761301882e-05,-0.009833491968533559
2021-04-15,0.01176900245104373,0.012776164535216017,-0.00813199780677254,-0.0008532122930836605,0.003979429391041789,0.017173801536770172,0.00798724574240195,0.018979507133135565,0.011070466514436772,0.017123795110482343,0.0071664761023793044
2021-04-16,0.012121809938478556,-0.0006499774271485625,-0.007993249364090294,0.007112600746529862,0.0021799743544872463,-0.0002094407633365103,0.0057629331550623775,0.0014514450185341143,0.008099539963907665,0.007463848127474693,0.007731269197218449
2021-04-19,-0.004596994482124472,-0.005596127625442815,-0.0010331149811002582,-0.0028251581190222863,-0.004152871387953283,-0.008304143409470721,-0.0038678115003598634,0.003140149703029227,-0.005058328692825409,0.00024689523479981546,-0.011230309791554705
2021-04-20,-0.009601668198697677,-0.0053659754168784435,-0.026473435509950072,-0.018696606950086125,-0.011020481829887907,-0.008866347342535774,0.00546438431145968,0.011076260432382412,0.012711102752949177,0.003868087199601966,-0.012594936449229155
2021-04-21,0.01816212713890608,0.0017105524242211345,0.012746803853945998,0.013856859173680736,0.013653284870381421,0.010081898210249296,0.0050057093887698745,0.004524791528180305,-0.008416973494119073,0.011805228913406296,0.013324849715326215
2021-04-22,-0.01687398158424147,-0.007355950780282505,-0.011747391482596181,-0.011104757514323604,-0.005050856193025477,-0.011738609609100337,-0.007399830433509114,-0.004267408290292707,-0.007148475190265402,-0.0044561973297914115,-0.011070194566650926
2021-04-23,0.0164277289489021,0.011645117220272283,0.009127439579991181,0.018716001654138337,0.010949452760292466,0.014935837406415908,-0.002580573201269365,0.0057142273461290305,-0.001349724916168027,0.006592030756062961,0.010455628065446643
2021-04-26,0.005910037712016258,0.0020933212754232766,0.006731316592004877,0.003956730631939243,-0.0029539887093744666,0.005115564537263584,-0.01121195477453285,0.002130514708994058,-0.005707526833296783,-0.003395715291532264,0.004386503590056101
2021-04-27,-0.002637814115806991,-0.004047259273337489,0.01211872056935559,0.007882972676433786,0.008295495327190539,-0.0024397857951524715,-0.0007269380065355602,0.0,-0.00770378554594231,-0.005760074936495108,-0.0011760220793416432
2021-04-28,0.0027650450207601374,0.009174558181918924,0.03447552986019198,0.003910427397720406,-0.0020567512481761696,-0.009295454520305113,0.0007274668298227205,-0.003543379157405435,-0.0013702632732591757,-0.003019394969211664,-0.00117714001209146
2021-04-30,-0.01060390793955801,-0.013648431418143536,-0.025261311107689144,-0.008747791261943583,-0.006627052119660415,-0.013627479344478721,0.0008630785370971061,0.0065896300646572925,0.007855049126361147,-0.002958171434263801,0.003871408202152926
2021-05-06,0.008460633496133463,0.011720139361903081,0.00515078175512973,0.014852773297816091,0.006954623210944977,0.010038127459822022,0.012904966624369685,0.004800593495937644,0.007652332164231002,0.001300202756411073,0.0021634292425640744
2021-05-07,0.009883952956226238,0.007594399935826113,0.017840074362201364,0.005321882434658809,0.010551466357848538,0.008560094264522089,0.0,0.012183438662507706,0.003037727654612743,0.006898186617822599,0.008975053050007231
2021-05-10,-0.0044384555366573375,-0.01916216830237516,0.0003729122208333546,-0.000794275691152424,0.0009490315428093421,-0.025246290552473405,0.007644673165644544,0.004484527699148977,0.0101453912348628,0.0012898175238758025,-0.017790793166313823
2021-05-11,0.0033150965770445406,-0.002865373101794466,-0.025722371330561544,-0.017748244475110697,-0.014793642557527908,-0.003025561832473822,-0.008710406799723347,-0.01174795525098482,-0.012292327006977466,-0.010786649554007766,-0.011291830377812895
2021-05-12,-0.025179808998562203,-0.01959235741736498,0.004783036111752459,-0.010247926796502771,-0.023967540111537344,-0.028124961548625094,-0.013321857054964692,-0.024251320137273047,-0.023372069515668503,-0.009439225336978052,-0.03385724911069299
2021-05-13,0.015311305589583046,0.007194246904669299,-0.012185743246469705,0.016076226090496304,0.01873765677265138,0.013250918595832939,0.01407642924948882,0.012670453759720424,0.019269537885072463,0.009036261746480756,0.007080829340506689
2021-05-14,0.011971839761484748,0.01970908131202398,0.031033001942221583,0.015821981169923616,0.013843166261541473,0.022022165559951512,0.004390645351321387,0.009384075931101021,0.004878930589506503,0.005047560781421767,0.017339038986424304
2021-05-17,0.008758992956837686,-0.007913052005971255,0.023182008900006323,0.0018480164430394463,-0.003055553530279642,-0.007354288744265802,-0.0014100434045384302,0.00047681533376753293,-0.008193200306052528,-0.0018629910722923748,-0.0018155616062922597
2021-05-18,-0.011050996263626933,-0.010198900527141896,-0.023204821640026463,-0.013965924841133681,-0.014557950276837262,-0.00800148170808379,-0.003107050150809143,0.0019060329280204957,-0.00015277946314851132,0.0003246118976376611,-0.0078036658133345815
2021-05-19,-0.015279183683858055,0.0015857576243711868,-0.024878627113150587,-0.006146666173882709,-0.00563721644941706,0.0035101945931461653,-0.003258328499607832,-0.003804707481960823,-0.0016830571571554431,-0.001703575919301592,-0.008397406719632405
2021-05-20,0.000578937349708708,0.017145599317278215,-0.001534482604794496,0.0005379920116199699,0.002248264947771972,0.01912636460975059,0.009238402768433795,0.012413245432137066,0.008735661482525137,0.010483245639995475,0.010257529772762508
2021-05-21,0.002198553066762532,-0.003371420355536503,0.0021134518472445407,0.009943717034827548,0.004876154390336396,-0.005476878024596399,0.00014081793344100646,-0.0016503308986159926,0.005165619159838597,0.00016094334257843457,-0.005017799734981843
2021-05-24,0.008891588321011223,0.01821479670677273,0.009969315767848874,0.004789473823390233,0.006211178144506446,0.017769589749396575,0.002956943012956348,0.010864150256751026,-0.0018137276268158642,0.0009651073369019159,0.009908081944199232
2021-05-25,-0.008469762551978177,-0.0002552556389824323,-0.020311274683765812,-0.010063159021335588,-0.0029899632391954256,0.00028819243715871856,0.0002807052584461456,0.002803553206899956,-0.012114178015661614,-0.0029725146100175737,0.0031722403717016068
2021-05-26,0.0003463960954110945,0.00651860513649849,0.00891285676938458,0.0029428067947532277,0.0031924989578884233,-7.194170666280364e-05,-0.0021053970163351643,0.0023301965569733074,0.00015348943116100244,-0.0058012465898732435,0.009545606362833636
2021-05-27,0.00796222103999411,0.0038094787234430605,0.000768256647635468,0.01146940325394219,0.013693251560944253,-0.005265483996957698,-0.006188268919920525,-0.0011620780494291383,-0.00674344330392096,-0.0021881949067236173,0.004002650769410421
2021-05-28,-0.0010303341914167374,-0.0032892076927039104,0.001918948447751756,0.0018460672957374413,0.0,0.0035528984875814462,0.0021228541442379623,0.006748767853014703,0.005400560936076548,0.0038985066560359716,-0.0013867198005864667
2021-06-01,0.013981221748981865,0.0006345062984574046,0.03849856210410696,0.006054441580546355,0.0039002690236626947,-0.004913228009563841,-0.0033894203741634543,0.01710565216861304,-0.006138452030350905,-0.016423890691111942,-0.0019091236934133393
2021-06-02,-0.008363506378994523,-0.0030438816375812916,0.018627729246165625,0.0015697214608410004,-0.0028427830050469227,0.006898088281550363,0.0036840942239317886,0.013863678466498275,0.0052497607570800575,-0.001973970683351367,-0.004637733391009258
2021-06-03,-0.00022810482951940436,-0.0067432045300622745,0.0027158175006964935,0.0023511623683352134,-0.0021858000243438758,-0.009302318677687604,0.006211797460887736,-0.0020174268656463212,0.005990697137602696,0.0030492125695649186,-0.011880565147060151
2021-06-04,0.0021660075149227964,0.014346213284831766,0.006681037144501412,0.0026060470348916454,0.003238182639099918,0.019216352050926977,0.0035082142360824964,0.0008986809275173258,-0.001526745825030873,0.003204580783694233,0.008015669020453364
2021-06-07,-0.012171658277949526,0.005177296753622329,-0.004305023885582848,-0.006498344468872763,-0.00692974933196322,-0.00021416571654653271,-0.001677946955217391,0.009425320508834822,0.00183515265078249,0.003604050248005475,0.0
2021-06-08,0.0018425919358482368,-0.002889390292315941,0.008647274494409274,-0.0026167080159907874,0.0025808325190235237,7.159236461218299e-05,-0.008403229957616443,0.005335749551802493,-0.008548403033604823,-0.0031012126331498857,0.008068959128197717
2021-06-09,-0.007816034169745634,-0.0010079526455784027,-0.006251136081559472,-0.009444016047104209,-0.01020203022891053,0.0007140629230348861,-0.004802377696432991,0.001105739379333226,0.008929914650604998,0.009660237879464129,-0.0055102962046386095
2021-06-10,-0.006024108683798546,0.005423010016747831,-0.0012580425477513035,-0.011652552130646532,-0.004912913553253739,0.007352063676899778,0.006244846214858768,0.010161092415655881,0.006562089167112761,0.01710862295537363,0.0047244113425461975
2021-06-11,0.0037296565300679596,0.0011289684369526487,-0.0034191522580033773,0.006430974480918561,0.002032938095894332,0.00595183070428007,0.0005640845998740041,-0.006341452832091643,0.002274067138125613,-0.007095102591534785,0.005456403688067102
2021-06-14,-0.012308690098910002,0.006640772109418824,-0.004333785910070498,-0.010383198852065956,-0.004540617718506779,0.010142993343988271,-0.0005637665878239773,0.0057219279893858666,0.002117438006061123,0.0008833651823070277,0.0002886182848291785
2021-06-15,-0.0021160481072670656,-0.005725653004655884,0.01904266522556952,0.0018832047655719109,0.0042700056862226,-0.006136084191504465,-0.002397924061262602,-0.009190399037474983,0.003018928754506156,0.00032066393686114303,-0.005309886324346813
2021-06-16,-0.011074257884334804,-0.008763076937868597,-0.005339241677555062,-0.0010738718896854405,-0.009470358326710171,-0.005402485983351579,-0.013290023067867418,-0.009054870057068176,-0.015048879495827117,-0.0038491772363020704,0.0004641020343461033
2021-06-17,-0.022277975032000796,0.004167478752648002,-0.03399543579419495,-0.029570013955974472,-0.015414540788739717,0.011568637043003704,0.0035823620885766516,0.0037886800721065317,0.005500478831213851,0.007647684499883178,0.0037700571455483445
2021-06-18,-0.016205557441482887,-0.011696518965753522,-0.029635072374905258,-0.024099624812606857,-0.012980589970458256,-0.009135045242968598,-0.01770417807828628,-0.015763576026013415,-0.02598391258312094,-0.011424562589161247,-0.005258256077868229
2021-06-21,0.020761002204530588,0.009701954247002487,0.04261468128657575,0.02333912617495426,0.021994861636849494,0.010716974723882888,0.011469447760901197,0.019865796547210435,0.01295477162870129,0.012015607471609568,0.007707838582657667
2021-06-22,0.004021462734777881,0.008585705863497717,0.006658062279987664,0.0016708825402191874,0.001083983037601044,0.009068590080479222,0.0014463210990771636,-0.004452338802383715,-0.006053065695948656,0.002164319395171699,0.009409550392875277
2021-06-23,-0.006432745098317594,-0.001001619846928814,0.0027560513508715356,0.0019459201378140278,-0.0022640704380332277,-0.00110611008920114,-0.006210428510626587,-0.0031305954018939763,-0.010618277191460579,-0.004159700748280204,0.007720225728887087
2021-06-24,0.0031760577281689795,0.009398587660008006,0.008611120897070945,0.012486303106040708,0.007794215400834581,0.006298158787715558,0.004941238373423529,-0.004710490814318846,-0.0009472381382368278,0.005141052263400114,0.0034053440624288722
2021-06-25,0.00012168714134230818,0.0012415363762325882,0.005267999318808947,0.012058226345264655,0.0019576814539068454,-0.001169098157507431,0.007664437350137776,0.0072118049926648276,0.010742618022814288,0.004555155317665038,0.006334083895598086
2021-06-28,0.0,0.011283248734382356,-0.03379095081607819,-0.007311409045790085,-0.005276124063205656,0.010465968870116749,0.0008612773940657181,0.0004479823803531513,0.006408235060074263,0.0015116957703780187,0.00022500639950950863
2021-06-29,-0.00048689280697788995,-0.005394700627258664,-0.004862726016939156,-0.003546219374186421,-0.001964380677440203,0.007291338540278414,-0.004445076490637079,-0.0006712257850010062,-0.016151718080436916,0.0011120557437978018,0.0024722889713648666
2021-06-30,0.0026799274048072697,-0.0018490709951511919,0.012403645512358619,0.004380214742974564,0.007774716865626141,-0.0010826032942101715,0.007777486693308244,-0.007833146739928853,-0.0018939471116200535,-0.0006348196322706334,0.0007847821326385507
2021-07-01,0.005467239955891712,0.007409985569996946,0.01744948178247374,0.007904094202540124,0.0071290180255645375,0.0016933072781710745,-0.003001239498150121,0.004060174354024948,0.010912348236339353,0.008892403937925897,0.005656626328630843
2021-07-02,0.0014497608399406392,0.006988059922719003,-0.002189225000844286,-0.0010816164243309112,0.0015514695191674033,0.013183781516870052,0.0024369119942240225,0.0047178982164959304,0.0015644430401384746,0.009601039935128064,0.008799397221578076
2021-07-06,-0.014840754147259494,-0.002435007012579038,-0.032547365474229206,-0.01570131318977741,-0.009584574663698775,0.0038033367491125958,-0.004146831078431945,0.008944799414925875,0.00421743250085016,-0.0009354227104827473,0.0011593004749459457
2021-07-07,0.010410520423690395,-0.0014643170542210093,-0.01625399403608463,0.0013751316799464064,0.009970713434496625,0.005451263052438371,0.005312798799791407,0.005097334898514383,0.006533049735881535,0.006319519158950682,-0.0005514709735021661
2021-07-08,-0.01357590527978425,-0.010999898396707897,-0.005763624284609303,-0.020049374683252408,-0.01393738739281114,-0.00945465693445302,-0.00371360678248267,-0.0008820440158466836,-0.002936186673451635,-0.005504474074586763,-0.0024826828632583675
2021-07-09,0.01966074450744748,0.008897438268458568,0.021255944853495023,0.02886795877013215,0.015802738988249132,0.009211037506496655,0.0057346887342430986,0.013242046584698963,0.0012399155143107965,0.003430247509014661,0.009347378430605069
2021-07-12,0.0032539186278686127,0.007104633809398075,-0.0015134677362601545,0.009806480287553487,0.0013528630896384453,0.0007937494270819911,-0.0015682861422667838,0.008712947776375657,0.0032505782470733102,0.0019424328102566335,0.006849586706860533
2021-07-13,-0.009129114951575312,-0.0025542407068345208,-0.0075803485901428935,-0.010790348766003488,-0.009649643037133115,0.004097507583673776,-0.0002855350240132948,-0.012956388261158414,-0.0075604004012033155,-0.0009305627426952068,-0.011973343460230379
2021-07-14,-0.0020609219341367613,-0.0007313875690988514,-0.029787991030920113,-0.0046363488308689416,-9.737445454160998e-05,0.007371065639367513,0.008854605076140887,0.008750876044393063,0.008706601258260394,-0.0009314294962818881,-0.0018179058359846234
2021-07-15,0.0001213915080147121,-0.00707765827552298,-0.01397363681976016,0.0032878612528652873,0.0019491143804251099,-0.00823174609992583,0.004105760845288353,0.00151806307284863,0.011251415016785948,-0.003495941741612052,-0.005408066926106403
2021-07-16,-0.015061071495080958,-0.006267506587005922,-0.02834315289579492,-0.01365379562363589,-0.00885058953515383,-0.009881814263494215,0.0015506154671831585,0.0010828107968408052,0.010059360651116789,0.002728491148360268,-0.012317593210122268
2021-07-19,-0.02145796138960021,-0.01521156895001019,-0.035333009303464946,-0.027962047534898504,-0.02090086501320554,-0.013772431856272083,-0.0029561558814582556,-0.015574284638326441,-0.015844179338220354,-0.010495916709744035,-0.011459935642229913
2021-07-20,0.011342582964750214,0.011302420941620372,0.013415966075182917,0.02477901242703795,0.027961499179764537,0.01484168953345577,0.000282289579095929,0.01801808657563675,0.004293126757328292,0.012178803703200902,0.018469011815440917
2021-07-21,0.010965805714404642,0.008319554344154767,0.03488112041455582,0.017231928295040166,0.00955458281957755,0.009639305573298618,-0.002540556677410599,-0.003021996083374834,-0.010992277563625641,0.0016300796629955538,0.009206309792744172
2021-07-26,0.008441894541183492,0.0051496236074162205,0.02473178917176755,0.005791753482115691,-0.0004826620828251027,-0.0005177284668630433,0.0016806376608904383,0.0,0.0003042320414869959,-0.0064648342949860105,0.007420568318025511
2021-07-27,0.001335004530438999,-0.011914615380150706,-0.00925148396493558,-0.00027458120993739676,-0.005504135431938284,-0.009453592330293192,0.0020974376205558087,0.007995025726667881,0.017191770513324878,0.004669881737022097,-0.010128317989333446
2021-07-28,0.0029078046135910807,0.007838049088820576,0.009135097012300308,-0.0013713600785689728,-0.002330248560641124,-0.0012418541095701174,-0.008790212018390364,-0.006002247166414509,-0.007627849474032278,0.003581202680045248,-0.0032281869052108725
2021-07-29,0.010994241327998422,-0.01076826633892991,0.00965613201383908,0.010986059592619224,0.007883217028035627,0.004646840148698983,0.004926765095865759,-0.003019197966352638,0.0027127979928276424,0.0024293356369617936,0.01125318070028869
2021-07-30,0.004063128514099956,-0.0033865135011895697,-0.015939578152145528,-0.007878327272262786,-0.0019315015984541217,-0.0006515124137927986,0.0016808728615660407,0.0032447266708675038,-0.008417318539178709,0.0009086766033947757,-0.020573371909444416
2021-08-02,-0.0121396611455864,-0.002305986833759155,-0.007491560513759765,0.000273640698582156,-0.0068690352254136,-0.0035855513499930547,-0.004195341082925186,0.0004311799386449433,0.00773095655697742,0.0013621809793749051,0.0028820960622033542
2021-08-03,0.010361284450161046,-0.004500432995468984,0.017136114916496803,0.011223989793498923,0.013054007338419105,0.006411519684223599,0.004493920086354075,0.004094922432066106,0.005715957788695825,0.01390474133559616,0.007405259596743763
2021-08-04,-0.009539457755879499,0.0028103375849597434,-0.027075867505573004,-0.00839210621277564,-0.013558817776871734,0.0020153767378860987,-0.013001463625513243,-0.0032196543007696476,-0.001495715784683438,-0.004248303054096181,-0.009709618441177237
2021-08-05,-0.0014450272503068184,0.009138432520816364,0.011337864682921639,0.013103866665285402,0.004679124064528084,0.005514657067708706,0.004815834870351532,0.007967287959348646,0.01093456979830143,-0.004116608252263121,0.009583480059536242
2021-08-06,0.014468161582427141,0.0,0.009172522509012238,0.020210324206288544,0.004657490665124886,-0.0008389868245011201,0.0,-0.0017089712215203612,-0.0005924811618672754,-0.0008270455613074157,-0.006803949453694114
2021-08-10,0.015111432084952137,0.001935343211649565,0.017619313812932802,0.010537251748539811,0.010181335192334995,-0.007191005161969577,0.007162636430810609,-0.010748204329652067,0.001038137589340904,-0.002322667687570834,0.003927916903000428
2021-08-11,0.01406671358672651,0.001931604893231853,0.007851806199858924,0.011470081195113613,0.01295845576104182,0.00013035004969585984,0.0033469247008186542,0.005432684658744025,0.009333289514768195,-0.009914389561597958,0.0029205575362314384
2021-08-12,-0.0016182309678699491,0.0018075989206944865,-0.0009988503032842821,0.001804201270753758,-0.001895367316803287,0.0057417693744115095,-0.0005556712374110706,0.0034578318490361415,0.0010272786274283519,0.007889672408176285,0.0004393400518976076
2021-08-13,0.0009260778412294446,0.0006014778181282487,-0.01179755034286667,-0.007460692708123329,-0.0031330073070351405,0.005449299076319525,0.008343588577058192,0.0066767619631415975,0.007038195487409693,0.006247091877410016,-0.002855891381670417
2021-08-16,-0.004974138173490239,0.0016830679315129604,-0.01841362101971311,-0.00259189854510522,0.003428773385104389,0.004516335006174543,0.0057923326206898995,0.0010697423365846337,0.006115268326183365,0.011369748681889558,-0.004626475354118531
2021-08-17,-0.01150889861743054,-0.00828073778759364,-0.010307192005471255,-0.007016901142155585,-0.010820123993486086,-0.008285963388401485,0.0005484400993651661,0.0019234026643337732,0.000578866582776838,0.01183310360468015,-0.023738256382142442
2021-08-18,-0.01164269899547632,-0.007623392615542568,-0.020828885237964112,-0.01230026439820664,-0.010938479700141834,-0.013795262121341967,-0.012470939004636694,-0.010452187479044861,-0.005062183929918529,-0.015203392253336445,0.0035706578972407588
2021-08-19,-0.008924488970727507,0.00012181678191214296,-0.02595221308595763,-0.007419173638978482,-0.006984721462723775,0.009785203978638135,0.008049288326172466,0.008406963012846491,0.004070453782196726,0.004527406371162446,-0.0063819379492666695
2021-08-20,0.005882922971267135,0.008656700781596527,0.0021838916624132843,0.006139767826163212,0.0026376441320954402,0.012877579789161153,0.0016515332343098876,0.004702993837606861,0.012451226004486449,0.00568948459089591,0.00960612752725254
2021-08-23,0.008594259709481022,0.01208753202197399,0.03748098361258778,0.008225002396492265,0.008184717665520314,0.012906052083286879,-0.0031610171314130353,-0.0038298062084048956,-0.012869907784900492,0.0003673413251215063,0.012892681798181371
2021-08-24,0.0062719178462811165,0.003224635490294281,0.016593549801222185,0.006052627665933175,0.005025529089762504,-0.001141187574429936,-0.007582995918781532,-0.007475401266893056,-0.006519072745235666,-0.0035253625176998593,0.007058990261230802
2021-08-25,0.004586624982165333,0.0015478124896612933,0.007644328788391164,0.011770810801480458,0.006443173504777633,-0.0005709949413840176,-0.0016670950917300198,-0.0010760532293778713,0.0018956767239888261,-0.0027266992338107476,0.003863656845176644
2021-08-26,-0.006906872157818711,-0.008677268726322351,-0.01517313542901455,-0.004911822837006641,-0.00439508172516867,-0.006286439537150579,-0.004592361510812881,0.000646499590664984,-0.0024746878128024674,-0.003917202632436778,-0.009236843688610996
2021-08-27,0.0132025270986047,0.015827615467566503,0.02664992138432054,0.013250071498780436,0.006909565254138217,0.009648877330707961,0.003494899487758163,0.008180645225426941,-0.0002915428258664088,-0.001112777027189038,0.009100874388774605
2021-08-30,-0.0010469654915505888,0.006845963649882325,-0.011762456235195784,-0.014102397202363282,-0.0011437698050542622,0.010759764117595605,0.004458054365552577,0.012171587575129594,0.001459671770207116,0.005644785822478848,0.007534227963935658
2021-08-31,-0.0029117071823540064,0.0037513433263676177,-0.006771618870500262,-0.0013005987903197402,-0.0027671062750466158,-0.005260019821684003,0.0022193726632102617,0.0059070885718570665,-0.0011663414466498434,-0.0013290375962226042,0.002401664983812779
2021-09-01,-0.0025697379345533955,0.00502220895302985,-0.014669613359418299,-0.005728798355062237,-0.003827261820107064,0.000251593174731779,0.005259084798592717,0.01719824110167667,0.013131364652152921,0.00029576843642975525,-5.4672021765345136e-05
2021-09-02,0.006441091949383582,-0.0067403386391420295,0.025372148314164678,0.0034047137104380454,0.0107577407321513,-0.0010697728403612494,0.003854287730870487,0.004742281216607802,0.009072728577595113,0.010720937561638166,-5.441629639579837e-05
2021-09-03,-0.006632620620633856,0.0,-0.005725900735793266,-0.006265042496870432,-0.006081953418124564,0.003968850171475413,-0.0012345131679046828,0.0,-0.008277369397692302,0.0010973274082695106,-0.0005990430489962728
2021-09-07,-0.006559753566861115,0.0023399499551191028,-0.005964506507362799,-0.006041391085413683,-0.017305680846571803,0.00025129971239379323,-0.0115334133118693,-0.011081523732292209,-0.013239458080716249,-0.0058458580025309015,0.002942558706630738
2021-09-08,-0.009550627052067662,-0.0051356112140779064,-0.012828797233483735,-0.002378599903539391,0.0013620491258246048,-0.0038269457871323853,0.008612178010729998,0.0060176506819749065,0.017937824627675125,-0.00044124509259557687,0.0011409949121143903
2021-09-09,0.0003571893939318116,-0.004928255088687106,0.0020960994820391488,0.002914157717410326,-0.00485826488744745,-0.0037784478386291287,-0.005784592576453362,-0.021245811206573095,-0.0054440197084945074,-0.011544756652799859,-0.0013025571407134784
2021-09-10,-0.00023804123681614442,-0.00648493970656705,-0.00041841853465696133,-0.007395658295727192,-0.004491206860907648,-0.009861484254833464,-0.004293803519200279,-0.012644922586307894,-0.013973088483789642,-0.009150513069393518,-0.0061403987360867385
2021-09-13,-0.00023809791393802904,0.0024922108932059484,0.028667150303560707,0.011442229242754953,0.00264823322947505,0.00031904463385989956,0.0025040317914191146,0.005549770760036932,-0.0017528348213660117,-0.00615684305784292,0.0024606323075186953
2021-09-14,-0.010953819193292524,-0.008641965971390442,-0.01444255426046126,-0.013417399237668937,-0.01203176659873162,-0.001276679314436202,-0.004579556634391246,-0.0021228697081647763,-0.0033662783065835367,-0.00015096417209936597,-0.0033272347130404167
2021-09-15,0.010593650367695995,0.004896263732030004,0.037358009185157304,0.009599891776439051,0.010990131256133129,0.008755478044192744,0.0036248587083032024,0.0038290867787180716,-0.001321350501680696,0.006498141825230341,0.00645725382033957
2021-09-16,-0.010839704897911973,-0.0009509843983896982,-0.011340935747090941,-0.0029056900782443718,-0.00685525209427329,0.000570182223029958,-0.003333906212546589,0.0019070992661680553,-0.008381083843455928,-0.0025526084843210395,0.00456719614661294
2021-09-17,-0.020592651234168535,-0.011062190470825795,-0.007446148882282899,-0.004503052693014764,-0.010649816959675817,-0.015575665942546002,-0.005435472621228787,-0.00909474917105324,-0.015421312392955189,0.0009784387850961807,-0.003517932352017472
2021-09-21,-0.002392193141890875,-0.0041800495265881255,0.0023283947575480912,-0.0013681533626102027,-0.005260108833252564,0.00039342047734947094,-0.0011394976060569162,0.0002158528559135231,-0.0027365364886934307,0.001525128595659453,0.001502616242374799
2021-09-22,0.01034969367023475,-0.0004941358769322557,0.030834259451110624,0.016712493647434323,0.007931885832611396,0.01371038274382963,0.002852054775827062,0.008427034630037689,-0.000609736440414288,0.0016749062536678405,0.013618397968719442
2021-09-24,-0.0014780232543007976,0.008192728520858727,0.007521728545494044,0.005260372905158794,0.002086528471073823,0.0007024724451079045,0.00042499619155722534,-0.011412586646657341,-0.0010734702482927405,-0.004074641138762658,0.0037458420903853096
2021-09-27,0.007770979695506552,-0.00012134647987882552,0.03555967102093538,0.013605700924929298,0.0009916240209555394,-0.009699354930028048,-0.004531165236891566,-0.016553846597726185,-0.011820662082938194,-0.014244461576224166,0.005354397429738755
2021-09-28,-0.0123623327327812,-0.02438151476385675,0.0034153064410100686,-0.016520612630860576,-0.011589812602403993,-0.029641270493811378,-0.011806528559599405,-0.005980323500559992,-0.012583448967877109,-0.017140828565953226,-0.019259019685120782
2021-09-29,-0.004089673419968243,-0.0008703623913051128,0.0,0.0007874745628255742,0.0011023362464053221,-0.001261653110242622,0.009068314814567602,0.0064617728205917935,0.013058429010860628,0.00789853583594513,0.000987507274029742
2021-09-30,-0.015554845172053855,-0.0031108756641785584,-0.015125928976303604,-0.015735806293676324,-0.020522596205284738,-0.007180986366835618,-0.017974126584984873,-0.015939721388445793,-0.007920414278879684,-0.012259390341363252,-0.016658414507486508
2021-10-01,0.01592722994574136,0.016851528576355967,0.03359558067695079,0.0165203735480568,0.013695869300670127,0.015068498795181462,0.002614614596474274,0.010798574613182899,0.0,0.000235601347878589,0.007522975732913384
2021-10-04,-0.00435509954986435,-0.021605388634422074,0.01634481815516997,-0.008650220125282049,-0.005444587875322537,-0.02315776589057772,-0.003187430284827819,0.0011127300822246777,0.013775927754181128,-0.01523600969018557,-0.007909448175329015
2021-10-05,0.008872947775411255,0.014931282172955473,0.005848030423645234,0.01956658812885781,0.011151505948313378,0.01425097207855397,0.005087208535124121,-0.007781042006063332,-0.0024707818827387484,0.00598138371733703,0.00401415555595519
2021-10-06,-0.001858236533221036,0.0017305294006686456,-0.010537817607116473,0.0010370853322712037,0.0044114412493969635,0.006525829438405406,0.009689134975495506,0.009634713500658698,0.015479778971119407,-0.0018234062449573596,0.003165346945258829
2021-10-07,0.0130306331738268,0.00431919395247915,0.007711989219919779,0.005958498922550737,0.007786201541360116,0.009130345474562596,0.004440019111173754,0.001109519783610624,-0.005335375894141792,0.013263499608157314,0.015553945008573544
2021-10-08,-0.005512533543784781,-0.004915034836177612,0.03079454856336583,0.004893331113819288,-9.915131484583561e-05,-0.003737232226478371,-0.0011404929395560925,-0.010862378518023186,-0.007356350968805381,-0.005016476722972563,-0.004578367437947484
2021-10-11,0.0001230727483936267,-0.015065427446420254,-0.003712170195080855,-0.009994957792694215,-0.00802372885026903,-0.005527471664985462,-0.0002858604702054013,0.001344889627220791,-0.013586434738021014,-0.007798954669996694,-0.004052204516147295
2021-10-12,0.0013546582630925563,-0.009277890945000755,0.0008869134336406681,-0.003106362925370809,-0.0032954461577867633,-0.0051615981192211224,0.00042857777335258973,0.013428758031842847,0.0067303552124364785,-0.004843141773885895,0.007917082845430912
2021-10-13,0.007503316832564444,0.004682388159203521,-0.0008861275152435288,-0.005712655690155222,0.0021038797900680972,0.006119690432944136,0.001855419375332401,0.005742192550819869,0.011660458877053692,0.0015956282941300692,0.004909115295723021
2021-10-14,0.024295040719741312,0.014107519565297766,0.012242554563889119,0.016714448228335677,0.018896388465622138,0.022543866556597125,0.011255426801896062,0.014053286063089532,0.012294388079825858,0.01433784199899324,0.010476076930597378
2021-10-15,0.002979746705665809,-0.0023600503696576958,0.004908099282291634,0.0148982977096217,0.009616322948085676,0.008017210876381187,-0.0023952994708189568,0.0004332164480742584,-0.002884359797646563,0.004947615858099885,0.015309152686345362
2021-10-18,-0.0007131648712820349,0.007719325549326861,0.0006975880395698741,0.00025329720305622416,0.0006804058266716151,0.008466062792571227,-0.005931461058813148,0.001731446419584337,-0.009592162672648508,-0.006798519490313737,0.012221980808228894
2021-10-19,0.0052323550474913105,0.00963667831656756,0.011329924468465924,0.009868192036490475,0.005924721152770429,0.009921835593767359,0.00042632519216478926,0.0045375606430415605,0.012605782786780928,0.013139252667581092,-0.002822673596162062
2021-10-20,0.00804436584878343,0.001957716904848361,0.008100719660020905,0.008017996168755426,0.00627580604339828,-0.002771036995345866,0.005822161525623093,0.015272408574111829,0.015788824147402236,0.014289193044716653,-0.0007337130538757064
2021-10-21,-0.002581791133341338,0.0029311296975966794,-0.01846469189971245,-0.0042255163000095575,0.0020149336801880136,0.003852233480458045,-0.0012705478574132067,0.0031777391746861117,0.0,0.004057557724643335,0.014687275263959965
2021-10-22,-0.0018822596198834196,-0.02118836539254043,0.009406025309191435,0.013979028893881695,0.003542948890319808,-0.0034599184593825383,0.007774853509965984,0.007180742934512763,0.005081385236432645,0.004041472151548042,-0.003567026791816974
2021-10-25,0.010019991734997458,0.004354121890816076,0.01466776628997879,-0.0012310685426248913,0.0022902596626654947,0.0032826091329851703,-0.0007015317435622448,0.0029354781785257966,-0.004312402515869507,0.0012152720114007032,0.024798916946599414
2021-10-26,0.0028010396732236487,-0.008918651411821132,0.0057823993692396325,0.0007395313197486875,-0.006188134095785447,0.0028314307073247225,0.0035096414087070205,0.004599603865048207,0.005376559910882817,0.004930340768446673,0.00015194305385679563
2021-10-27,-0.01431560598084547,-0.0027492433403186745,-0.028745324847680553,-0.016502342175257367,-0.011687121330297812,-0.0008782902352794109,-0.005875100698254254,-0.00728389750220948,-0.006684484734705398,-0.007925478718783019,0.0022273324678112605
2021-10-28,0.009918388147244661,0.003258389964494679,0.0071378267942332485,0.012271446620698567,0.012503726501295942,0.010047742604057275,0.0035176750305727644,0.014674869027608395,0.006579782607806228,0.008369496808307675,0.013282702593439666
2021-10-29,-0.00479353065942556,0.0031231214961982,-0.006568673982906281,-0.003958667866201582,0.00028717518725152047,0.0042898917708642514,-0.0009817072852947861,-0.011983287001082976,-0.005942525927383091,0.009733781138295594,0.0025916718600726973
2021-11-01,0.0023495727600848504,0.001618748533148695,0.017226349599654522,0.0004970551547616164,0.0027756722748517593,-0.0014857115510361618,0.0015439846749223385,0.0023002824731734872,0.0035867914487091035,-0.001195746696929234,0.018344562631260164
2021-11-02,0.01136902339424073,0.0001244932426236467,-0.009408109593354586,0.002482511800342202,0.0033400403542467316,0.008803995988517999,0.00672644612305251,0.009388758804206976,0.0008934607545296736,0.006284528194663297,-0.006736866938463426
2021-11-04,-0.0005733285716561509,0.0039641413234206,0.0013931352080389647,-0.013076967502880121,0.0040037442941978085,0.015642172036130386,0.000965242206738548,-0.011302958971400434,-0.005525654793400503,-0.0068741744510432135,0.013470548363862411
2021-11-05,0.007803612676865912,0.008019535199023764,0.013041086568267746,0.0005003887406578311,0.010159616479222588,0.005173806862450503,0.005786574844975467,0.0022864169232112985,0.009460819314243363,-0.0111639397512171,0.00643109125905994
2021-11-08,0.012525393984483824,-0.00440642976926886,0.009097104338115614,0.00549731609110915,0.004135622911186854,0.005386632619059473,-0.007945177130699865,-0.0002073985708819226,-0.014876433371852849,0.005946256107456138,-0.014153068896003429
2021-11-09,0.004611155913726961,-0.0024588730740069398,0.004082419373753421,-0.005467260830173126,0.0025274675761559617,-0.004107456355165184,0.003452337100069869,0.003733857105804317,0.0051344641784611955,-0.0036662381376473263,-0.018485645340500345
2021-11-10,-0.006828644939518402,-0.011338323200327016,-0.026427194275290167,-0.0017492533067988703,-0.005602231507814248,-0.016498437283984257,0.0030273926890589387,-0.0049598042977307966,0.00811288133823962,0.0028533829202308514,-0.0037178865058326016
2021-11-11,0.008002853493743745,-0.001994522466899351,0.0038280863106863183,0.002753525966735726,-0.004131428008495863,0.004680015629457301,-0.000686249512773407,0.0004153084396469886,-0.006110231646476394,-0.0029204344590821885,-0.0027004058877995174
2021-11-12,0.007491602458379543,0.014614106124487769,-0.0024267088400056203,0.002246530793668544,0.007920139383007285,0.01215957536257739,0.0,0.0004152276918922837,-0.000599770692381818,0.004956976243263966,0.0033476856365997065
2021-11-15,-0.004550488213787673,0.0028312188992105636,0.008340450697703394,0.0,0.001870776814639541,-0.0010158186911204403,0.004805051186740128,0.005602697474951679,0.013203134543997574,-0.006202830530149139,-0.0008341484062527327
2021-11-16,-0.0027874804258176678,-0.007488183467394438,0.0015509473366461801,-0.000996322372730174,0.00018678167705243887,0.01052983699225618,-0.006285073711708722,-0.006190687573141118,-0.0047385465512089775,0.004210965673526745,0.015764743067778753
2021-11-17,-0.006596369875907837,-0.0038343122731123724,-0.015313199529129018,-0.0114682639831315,-0.005974602740364654,-0.0030196083999064482,-0.0021997963508334495,0.006644473193501144,0.0008927278058252774,0.001422968820051107,0.0063821318656889225
2021-11-18,-0.004276974149398982,-0.007201343641074942,-0.005940795114334985,-0.005044223828771233,-0.002066025311319275,0.009977050123968212,-0.0035828443114089836,-0.0002061041622929416,-0.005202923304537754,0.0003738497366121418,0.011337891219997953
2021-11-19,-0.0018085961066569567,-0.0033767882077120337,-0.03902263052949728,-0.0108997044604906,-0.00498776705675219,0.007291152992879191,-0.003595609074528938,-0.005364185431052548,0.005678336199344436,-0.006054762328123076,0.004322824803415948
2021-11-22,0.0015852240688034591,-0.012171976283493646,0.017742609761041583,0.014095132170345304,0.0027426556567429206,-0.011149310586043293,0.007911181487541219,-0.004978323498251114,0.006092267611717217,-0.0045124531707418924,-0.002506898514701539
2021-11-24,-0.007115259327520662,0.0014009860212118586,0.009764458763545925,-0.0022396722082008713,-0.0011298801365257072,0.00727770066999911,-0.0030095850379894262,0.013407790700904476,0.0005903818941181971,-0.0003774151516081625,0.0020537573691603583
2021-11-26,-0.017176702844100666,-0.018316117008747135,-0.040234767496518,-0.033167256900077935,-0.027055123274556836,-0.024964866441509193,-0.012623497040127662,-0.02707102236242842,-0.015629646154031396,-0.003699176284985839,-0.027265374003897058
2021-11-29,0.004629624726276482,0.00855149603924299,0.005757381830692854,0.0030954643143508154,0.0017439192652803914,0.025001496924888622,0.0025013109172811188,0.012552144726539094,0.014829068635333176,0.002727913655214742,0.015534088765823073
2021-11-30,-0.0247695471602416,-0.03173170801900327,-0.02343475021260366,-0.023913494782650146,-0.025340970325838597,-0.008346048193608957,-0.025644557768539245,-0.02086743861641993,-0.02922488947150592,-0.01964783584336416,-0.01351097178444205
2021-12-01,-0.010159621430767207,-0.02308606025476534,-0.01062468508256953,-0.011064436527915888,-0.013892867187716207,-0.013691468679193353,-0.004837018961868056,-0.013083266475810373,0.0018243489544904623,-0.0017729475314146592,-0.01804942289524325
2021-12-02,0.02040816123911804,0.01684085955610315,0.029068855354577705,0.02983483700625955,0.029686950052187466,0.009194467563205855,0.01057907240967304,0.027367973868549722,0.012748637278040986,0.004864902226953571,0.014246779281851474
2021-12-03,-0.0022223733577511062,-0.002270357859807004,-0.007916761077158996,-0.016295936553217816,-0.0011727255359791355,-0.016732367788000913,0.012448393590923645,-0.0049946253148863695,0.010040576577463156,0.0018441979971877132,-0.019448952179692225
2021-12-06,0.014652785836248183,0.016465586619807127,0.014871364985703517,0.015251199853488329,0.01692757477119855,0.009507543524411854,0.017605188193802634,0.014432205556187627,0.01528183875331024,0.005676280105311626,0.011419664348359504
2021-12-07,0.015249530209637152,0.010272631423557499,0.02340954474768875,0.017871184395664264,0.010199254764948318,0.034913117053182674,0.0021970105826314423,0.017731936275549698,0.007452931890565395,0.012890204321329035,0.02332516560595832
2021-12-08,0.004210208648421254,0.007300144716296364,-0.0001746576091808949,-0.005343796613888729,0.0024763390651190154,0.004579129320738895,-0.0031512061517238177,0.004254421584813928,-0.0010154530141809337,0.007530032321690028,0.002516371182005761
2021-12-09,-0.005552621276708858,-0.007894232655102362,-0.007684174471297989,-0.0020465739767522306,-0.0031354486695268635,-0.010789891457513301,0.002748963971285212,-0.012709372628989635,-0.0013067834450809501,0.0023167655970357526,-0.017329630678500352
2021-12-10,0.006153324652286463,0.000521838385258544,0.0073916750337739145,0.0010253328805303052,0.004098468050991899,0.020065469608200992,0.016858469803537224,0.005108232364847476,0.00537962817574833,0.0035047545717883377,0.006975656859918855
2021-12-13,-0.0060023554942171264,-0.005215142424578212,-0.027777637109335673,-0.01075528331090203,-0.010346606316690377,-0.014867372618634467,0.01307459409455558,0.013417392766282177,0.012291860215822181,0.009436512216297821,-0.02575736210052959
2021-12-14,-0.0010252476109939845,-0.0026212936012873778,-0.004133023479445441,0.005954083744125649,-0.0094955082805952,-0.016426787132519438,0.0006652959811097592,-0.011033051058230603,-0.005999837466663771,-0.004048533785959707,-0.005808359299234067
2021-12-15,0.0021670230141828117,0.010512521843470068,-0.004871806095937514,0.0028307599312258347,0.00871500520454438,0.026497343608833823,0.010104934856952408,0.014807261193148236,0.01638364321807817,0.02047333987692057,0.012691991448251061
2021-12-16,0.010242320933818938,-0.001430524991994142,0.006346386477430022,0.012573531682047667,0.00048008831745405267,-0.02834285958913585,0.007108070292254576,0.0037978331002692656,0.005090825804684673,0.005938507226573186,-0.02208190406129129
2021-12-17,-0.012504274503081891,-0.0040367263927344466,-0.02036067242704409,-0.022047708721101733,-0.017079341888529664,-0.006686176298532298,-0.01712225615214169,-0.0033850983227663445,-0.015053508032543128,-0.006983802475041712,-0.006815091652660699
2021-12-20,-0.01786323001879042,-0.006983635774786223,-0.012389057091598432,-0.019424012565605442,-0.01602071352753709,-0.01189395726302156,0.00029463354484149384,-0.006549267581941631,0.0009499398154355632,-0.0060558019981409306,-0.016143656943322426
2021-12-21,0.012607873405862113,0.018999982154910056,0.028485027973771393,0.020711372697378216,0.019916199315449967,0.025306515519740724,-0.0013382396440629885,0.005679665279813673,-0.0014380889002552077,0.004174381377121339,0.025905777987298206
2021-12-22,0.007954751156264761,0.0024601769036343146,0.006419782834304,0.00468284326541446,0.0028316038478133354,0.013077207411815062,0.006299326343687017,0.009883015618196822,0.004320728163551779,0.011667518017016043,0.01824013005101688
2021-12-23,0.010065121577065295,0.008912259947628787,0.0005466401249738517,0.0051786132110882566,0.011780703695910777,0.0055820065393510365,0.002264507701858154,-0.0029960355383359394,-0.00014292063665866106,0.0041087333387570535,0.013871356842514171
2021-12-27,0.015060833248198291,0.009729842263864752,0.021857828845562643,0.010303866682051854,0.010585102613864805,0.021452456080369053,0.01063111608336098,0.020432877821400464,0.004876496570712208,0.010552663589142641,0.009744656295347376
2021-12-28,0.005801097855876236,-0.0005070827159135982,-0.0007127164801755681,0.0005101995092662293,0.005046731604736898,-0.0052078477123497224,0.00565434131108411,0.004318811162854264,0.008992212554633339,-0.0026284628079858985,0.0004387377497241385
2021-12-29,0.004103611131894391,-0.004947246027998231,-0.006421771874393745,-0.001274223420505649,0.0018001078663258951,0.0008536715403095751,0.00457593637586462,0.006059252989065511,0.005375452104089629,0.0056980053675230735,0.001997185186598527
2021-12-30,-0.0035347054572117953,0.004206795805435926,-0.006104281240663534,-0.0017862305071651985,-0.0035936697361170777,-0.006595516724611339,-0.0031235488498827513,0.0044687788952584295,0.0036584834274870914,0.002054013116940645,-0.0035977941861202734
2022-01-04,0.01229989053786018,-0.002172934194492271,0.034603147955186264,0.02630939560566814,0.02010673984648581,-0.01059713310511623,0.006744538045814208,-0.0038961446573129166,-0.0031045572821672973,-0.013195834096900061,-0.006086281088330869
2022-01-05,-0.00011035383168711554,-0.025112371914059906,-0.00016881160275605822,-0.01158507733240599,-0.009528435126935575,-0.030749677360738747,-0.0009020085269872968,-0.03246640492593611,-0.0005660675957404049,-0.007122183909147983,-0.026981633426774843
2022-01-06,-0.012594069422506848,0.00446846333668538,0.022300877083436754,0.014713252108761843,0.004621364042877829,-0.00505002784989983,-0.0027078120443138065,0.001212737030842126,-0.010338384919794885,-0.01156468886073192,-0.002605935412269611
2022-01-07,-0.000894930409992778,0.00013084379676020497,0.013716831189433343,0.01179649541283112,-0.000281478708604066,-0.009195555548869305,0.0010342071844535727,-0.005249093515570347,0.007584242488590576,-0.005109431478285131,-0.016661847422067222
2022-01-11,0.010973970682827128,0.012506758102758253,0.03401463051218023,0.008774282028131575,0.005983578622180463,0.011990907787595484,-0.001171939436574121,-0.0016333378976937096,-0.009006476922023166,0.007956809184167968,0.009633683495608336
2022-01-12,0.010071795711597442,0.001300168300885085,0.001897880811163155,0.0007248796755034981,0.003209798918337059,0.004703848171770497,0.0003912523193618789,0.0026585834842305367,0.003173665315548746,-0.0028504318771245263,0.006594397018512277
2022-01-13,-0.007755486626455532,-0.010388563623198399,-0.005051358992571808,-0.0038631258905806876,0.0021645582894458393,-0.025897808712277315,0.001824024333298535,-0.003467370218492416,0.0048894301899915504,-0.015540040863804783,-0.02010025993985265
2022-01-14,-0.008485860718764004,0.004592858291176061,0.02348098115612407,-0.010421788642496987,-0.006010029844075504,0.008456214653408844,0.001820813698540924,-0.011665644181948598,-0.006868953826979163,-0.0017127298447129347,-0.004659751678771862
2022-01-18,-0.013175707543212622,-0.012147394384580013,0.004030210438336956,-0.022287295038646016,-0.011525679176040082,-0.024010469972734483,-0.014409811813326678,-0.006834036170901725,-0.011959852543163563,-0.014022659431061735,-0.018929218983918195
2022-01-19,-0.0025103955955770862,-0.0017188566889034806,-0.00725632226346995,-0.016783581342330267,-0.011182179233512946,-0.01396938382308699,0.006322310751538884,-0.012927264012393636,0.004520885311345202,-0.004085068027280037,-0.018049879846819272
2022-01-20,-0.014529480243448467,-0.009933952435511206,-0.009175591460133137,-0.006369390273718523,-0.012758674868217468,-0.012913860478779737,-0.0065444065129930395,-0.00887213332271719,0.0013068502045157082,-0.006532585330086604,-0.018223121396346298
2022-01-21,-0.02437860557128102,-0.03384599305257108,-0.019777329950929956,-0.020512932831811326,-0.009202912637660376,-0.019878071110285278,0.0007901756578265751,-0.0006393233100525642,-0.0018851255373911746,-0.010092307983499027,-0.02932169372775295
2022-01-24,0.000594773439480667,0.007338643856774629,0.00672547835548154,0.0028795263685186256,0.005730915614100773,0.005183967696314573,-0.0032910466370702496,0.0021327211123798318,-0.009587259281105154,-0.0033213526805830895,0.012027643583030878
2022-01-25,-0.009037761264473532,-0.02048091727353718,0.03881023186479182,0.004176628164876073,-0.009824879761353045,-0.023142178658812962,-0.011094706973541979,-0.002766553131934524,-0.015693625684621515,-0.0064321079601612485,-0.016923081047271693
2022-01-26,-0.010440552954378846,-0.014594564963643641,-0.001684283356508609,0.0025994556314101747,-0.00873183998500593,0.0058730420811814454,-0.00761316916741861,-0.01664546251367982,-0.008195698808614593,-0.00522594793665232,-0.004846798078521619
2022-01-27,0.0033954144690206967,0.0011392077934275768,0.010889606281242026,-0.009074399970838809,-0.008908908843757057,-0.0068883024989659924,0.006729260650541358,-0.01801199672383047,0.008864339555013867,0.002587562232509333,-0.02424029211816603
2022-01-28,0.005801599598894924,0.02859185067523251,-0.004248323250896413,0.013082080005594854,0.006968926569904665,0.043730872885544114,0.011764628465084304,0.034696101573143734,0.01206242098980459,0.020411572259371846,0.02180162431467947
2022-01-31,0.01477993263828603,0.022680022867171967,0.0044187210434813995,0.00878106386709021,0.010431180912461757,0.025126728413714217,0.003831948664537066,0.011106393319857188,0.018981795925152367,0.005747763082420532,0.03846161347742516
2022-02-01,0.015393739416693863,0.008654727610126978,0.03564946341677788,0.013824695775915385,0.01379789973730583,0.002592993958203449,-0.0009212643495831729,-0.00675977787438542,-0.013285066760691078,0.0026670803502866214,0.0060555789663478965
2022-02-02,0.003148539663115235,0.019975579157724077,0.003222385551950424,0.006818296284614833,0.0069519627301710685,0.008128789992214669,0.011989380987324827,0.01722669421616896,0.014780926577178999,0.013451987318511938,-0.0059653298403622435
2022-02-03,-0.017437884045085505,-0.06690316443339617,-0.009490512861800027,-0.01103586075572549,-0.015946948932966,-0.029014929955537783,0.00026019773481023023,-0.010244433041909695,-0.004470247326013532,-0.004274438531489233,-0.030601418970081395
2022-02-04,-0.016563785262677433,0.002535667561049948,0.015624937132815209,0.016992048824426398,-0.010770976285974454,0.004026043328479778,-0.012234838560308825,-0.0137305878446069,-0.007967804464941386,-0.003615111530486881,0.028443962883358376
2022-02-07,-0.004932737480101701,-0.017423192319902747,0.012772198666320733,0.002992387655259332,0.000799131161024702,-0.006641398799052789,0.001844806763285023,0.00021425132289643045,-0.0014605160775369441,-0.0017383758769585755,-0.002060767069101521
2022-02-08,0.015475707507377034,-0.00042878968338166956,-0.021496164384771754,0.013923592329703194,0.009981122692762412,0.012362898353464269,0.003814420458232659,-0.00899381569708635,0.0007314206674478019,0.00817737438735966,0.01407470736432348
2022-02-09,0.021788234881378044,0.028182849978283908,0.008348156052069733,0.0063756621604611485,0.013736538461383896,0.022180308206998456,0.0002620906987269578,0.02420069640794642,0.004384183141616482,0.007735783329325452,0.013236137626453814
2022-02-10,-0.005826109608750407,-0.014331439868802476,-0.0062457765539339904,-0.008771844215440638,-0.01637743109178036,-0.026148717163655855,-0.010741569021681774,-0.028480981969064123,-0.025316765174318023,-0.015650840881691552,-0.017241413864913402
2022-02-14,-0.00821432607871142,0.0001442849886792441,-0.023576405899119246,-0.011218860712273626,-0.0037237266714928996,-0.00032287739879555133,-0.0027906877080046133,-0.01078810122343754,-0.008503416883726356,-0.010211296245690282,0.0057070638672536145
2022-02-15,0.018365272109069686,0.013993280525989249,-0.010472861082728824,0.01361575291271877,0.015052144092022157,0.026285075063241292,0.0017322523861305061,0.0048965105115716945,-0.0046644804568519715,0.01124711741334683,0.022367804113389234
2022-02-16,0.007307930129058171,-0.006971165491129305,0.00808509828685433,0.0007460324706107802,0.005274676883675111,-0.001006654283071673,0.0018622505831740188,0.002657642440675456,0.002267516537570735,0.0015346261861981514,0.0028560095065313096
2022-02-17,-0.017084156375711146,-0.0266475804400903,-0.0016041021053231352,-0.02485693163449798,-0.018315137390485847,-0.029921480403031775,0.007701438023217655,-0.008614903171308086,0.0006032077629629651,-0.01608361458922114,-0.026759988352606512
2022-02-18,-0.0016665334793106723,-0.0078008375914725425,-0.00613435435189047,-0.00025513884960381983,-0.008269424775438905,-0.010129930098359607,0.001844806763285023,-0.0044563771063662605,-0.0018088571063936687,-0.007472534521569263,-0.006183633300397839
2022-02-22,-0.014190415071590134,-0.010236091672157666,-0.01616440889014026,-0.005099285699845746,-0.009660432312300737,-0.009249292192910263,-0.0077599954547976635,-0.0026856971975861565,-0.001056921508547859,-0.0025097469108092962,-0.029166331140174306
2022-02-24,-0.0029406103008785545,0.028048604118743325,-0.007835503693331747,-0.011997956279605981,0.012761605256143893,0.03415930579516724,-0.01723946501395346,0.017280775598771836,0.007996302385957499,0.004029815720193675,0.022852636117090652
2022-02-25,0.03649964031645636,0.016162677873626796,0.026374578381983982,0.03220692636759881,0.023858788449624635,0.013593398765375797,0.032227598848397765,0.025033606918142493,0.03096860821955838,0.030615536328979953,0.019795017353620548
2022-02-28,-0.011382292704378405,-0.0011676498081469866,0.024680709416599278,-0.014833354848521774,0.007666673717838579,-0.0018137661371014913,-0.013305220039442123,-0.01722636227005281,0.005179214794441167,-0.0075599201292955165,0.00703782950982812
2022-03-01,-0.023026880378172687,-0.012563596706860358,0.01005960136348616,-0.03686428485335136,-0.014916606190970239,-0.019990950972647803,-0.005874742854656612,-0.0019970855760884643,-0.008685437597063972,-0.00554030193705668,-0.015160766057183639
2022-03-02,0.02197355568970072,0.008581250983582311,0.02286415182940016,0.025876088993802338,0.02134167469594428,0.021656970014003685,0.010609992205289798,0.01778588073201437,0.012177020956407825,0.015088023129482986,0.021002426703716548
2022-03-03,0.0012013326311390848,-0.010415077780766668,0.0027426795667837567,-0.0031527780850137965,0.0010945310406786923,-0.011927882307859239,0.008106132971842817,0.010921489173660648,0.01760556925390322,0.005107364711661511,-0.02264433311989822
2022-03-04,-0.0034791183386825297,-0.014379038025367885,0.02885664411957234,-0.018713868333530503,-0.002186507136038407,-0.017517503143179125,0.00013178403929714477,0.008427084801525542,0.02205903912153717,0.005005081597355021,-0.01588564422466565
2022-03-07,-0.03467378571795143,-0.033238123060379654,0.01475474170102098,-0.036529540010582506,-0.02679584095347798,-0.03659436268247129,-0.018188946476220158,-0.01821288280185618,0.012977661697919585,-0.017431158779310563,-0.04900948638378477
2022-03-08,-0.005113505683645769,-0.002488959958810266,0.015719314822046915,-0.005854558381510833,-0.00614111929427863,-0.004851939657124826,-0.02698350941932348,-0.008948228020589477,-0.015457656146621201,-0.020428554686088063,0.002083429483802357
2022-03-09,0.03096386356002867,0.02994353296763963,-0.030564637979756948,0.03673567485066531,0.018125705733506692,0.039562584897103514,0.006760540754273459,0.016736589244247257,-0.007071817022638371,0.018894672270110435,0.0321652356072708
2022-03-10,0.0026752286867124386,-0.007419615362282306,0.03059707244347165,-0.008385178277070637,-0.00131509995532475,-0.017487283946305943,-0.009456140775276345,0.0034654919570584752,0.006695003761148399,-0.0003846631258944688,0.007109803641300205
2022-03-11,-0.007397801808652682,-0.0180013805763527,-0.00800301326281172,-0.007091962171593913,-0.008001423851052958,-0.017594185611742863,-0.011621434301970157,-0.009928833673160997,-0.00339605402446308,-0.007466991114053023,-0.019236613823923276
2022-03-14,-0.0014655895886002135,-0.01165147395063415,-0.029928659666531576,0.012637067931664747,0.0033692549017263485,-0.01853406806201574,0.005319289844276209,-0.00610427497764543,-0.0011358551107208958,0.007057590751436971,-0.016674795646907437
2022-03-15,0.011500998545728391,0.01917648376275194,-0.03661942570065413,0.014107629300901037,0.015874625395199127,0.03359493763928012,0.022417116566004758,0.007896364240458364,0.01279273245209911,0.019946120346361118,0.03348797277667748
2022-03-16,0.015725288285604933,0.027606202915668066,-0.004595087421105926,0.028089746362415458,0.013222523622291593,0.032503324581994786,0.0010896233714736692,0.011098978459531006,-0.0018240768468265056,0.01200555805357939,0.034114239858616946
2022-03-17,0.019173605725309795,0.010806127667338128,0.034410406300514396,0.012490332823138939,0.012852221350660109,0.0070912416090749275,0.006937460682970187,0.014205975478364774,0.00421829809249985,0.015817026621848918,0.01666596375042939
2022-03-18,0.006076016799258399,0.013065873335093459,-0.0009468175938998069,0.0023130335517485,0.003806654056359937,0.020465827751312116,0.0022967075060671416,0.0023344213239344658,-0.008541239230168918,0.006169958649033802,0.02105177970004868
2022-03-22,0.005433989837153597,0.018688650591078826,-0.00735575045483694,0.016232940333585688,0.0054511552705145405,0.01436992917891411,0.007437398959869945,0.0006421300680479192,0.0014122703292731575,0.0002201083099453438,0.02482231691183001
2022-03-23,-0.004599655407513281,-0.013686464736659354,0.017202698983063147,-0.018508985753783014,-0.009584757998036486,-0.015378633134754627,-0.008053586856890949,-0.011337142176105597,0.0014103389931992005,-0.017950402786885866,-0.012408638593200738
2022-03-24,0.020101582476151236,0.01638592212252954,0.002471464641479182,0.008008078646914996,0.007624847675276714,0.025988192750491024,0.007036596314040855,0.007789014292495011,0.01028020348846681,0.011936860892471035,0.007791028039258574
2022-03-25,0.011211962315195834,0.004793165227157337,0.02193120206528487,0.01281411103650143,0.006208614573548488,-0.0005686872537806753,0.008331287121991604,0.011807830488469895,0.014496551129180801,0.004644711971959259,-0.0017420922427414665
2022-03-28,-0.0044798120785832785,0.003179970840899271,-0.024761998635562166,-0.00278362463941495,0.0002893685299187876,0.011882670917824134,0.004130774807080906,0.012730508175737398,0.006458033193218027,0.007265003751228294,0.026668876921262186
2022-03-29,0.00843722550051007,0.017435199165002135,-0.0026040865227648924,0.002283567989760593,0.00925289794289208,0.02123635778174604,0.008891984387564333,0.02933181821705433,0.009283190842972244,0.005901071038065142,0.01742377319063393
2022-03-30,-0.0033465801363816716,-0.007081004597719209,0.011618901576755825,-0.007088533544356457,-0.0011458342762035167,-0.013333105183663041,0.0006577871147961378,-0.005495770235357078,0.008251255554108106,0.0019559937851278963,-0.01519359913921181
2022-03-31,-0.013319957443034047,-0.018970254731131675,-0.0135503069199161,-0.022947449364186134,-0.015393680899799866,-0.014815327221904484,-0.0023665436102489057,-0.011052014000257127,-0.0010735094433920178,-0.009758881582151657,-0.019191876218888515
2022-04-01,0.01055022378171211,0.0074148949082550875,0.008110789688125841,-0.0026095530485705787,-0.007768404246816685,-0.0029572474368478874,0.0100147367872645,0.019867852140551756,0.01396728646416534,0.007883641766294192,0.0012428988167023647
2022-04-04,0.00022447701022176858,0.02756520576928434,0.0012980464790957047,-0.004447836423750795,-0.0012722738096870856,0.018995295017340652,-0.003131184610385751,-0.0030439511353139714,-0.0076822824399223055,-0.00832914222605352,0.022458797153758425
2022-04-05,-0.007968579901387218,-0.01278075771061804,-0.015681943390421282,-0.006307346259304292,-0.01420859181864087,-0.021056667561861087,0.0009163564878824637,0.0008140569237367057,0.006273567438507932,0.002118391587619728,-0.023443695698445732
2022-04-06,-0.01153984295484467,-0.018636835446667832,0.005925026827807711,-0.006876805392910801,-0.00775369516438873,-0.023660317886457727,0.012682812163260282,0.01484657929784583,0.019896482247165226,0.015231773190630848,-0.02552045601023778
2022-04-07,0.0065242717860163335,-0.008698429184092138,0.013088944272499514,-0.0010650957371884928,0.0034063432125728266,0.0015552346615987922,0.01213706766577749,-0.008216373725713488,-0.002470938501296649,0.019239089236254614,0.005104662328821785
2022-04-08,0.006140479191046211,-0.004386971708314813,0.027519417842216676,0.010130500468863879,-0.005591106444621685,-0.013974360121565499,0.004209449280872635,0.003636872498984811,0.0033896481582711413,0.005986887281738129,-0.009218956081373575
2022-04-11,-0.00497300777269527,-0.012926217228988346,-0.030051235947564536,-0.004486467320647725,-0.0032128118170831055,-0.02519527038377778,-0.004064952089757989,-0.013690356263703629,-0.013643147493925367,-0.01988371432143954,-0.018553518921518464
2022-04-12,0.00022703506165022702,-0.008184520382830796,0.01659287157755074,-0.010869644991054805,-0.0016116652184908764,-0.004442259512757452,0.00025506278617792866,-0.0030617931504117735,0.0038200554943237375,-0.009715186427130207,0.0022139381894448196
2022-04-13,0.014762637874468076,0.014703401277766703,0.014919721043890055,0.0,0.009382476721155442,0.016090950755586864,0.005610704518803633,0.00409516636145435,-0.001968476073966996,0.004905131503269544,0.024867032522390753
2022-04-14,-0.0033571588475684866,-0.017004141456039457,0.0032668275534308844,-0.011257188367499227,-0.0010994520309702827,-0.024286301577160607,-0.00025357501128076,-0.005709832367374212,0.0005257596923646801,-0.004809281332585624,-0.013983443211480595
2022-04-18,0.0008983875780856909,-0.003309121708224061,0.014652418741333717,0.005963825937638223,-0.0035020331732232846,0.0032730499912645428,-0.008244296142292606,-0.0024610598519257953,-0.005388258106293176,-0.011035660609052811,0.0030272127479449296
2022-04-19,0.009423538810326981,0.019921548337954897,-0.0081460681716774,0.013742736826677593,0.018174602490305558,0.018760268694592908,0.015219100329630475,0.020970618689094556,0.006474674648814904,0.009554185380918234,0.029003788101716665
2022-04-20,0.006334657681601907,-0.04335604686999284,0.0038575157850135877,0.006911322834505906,0.005423991066480394,-0.0009341472341041213,0.014991270816686386,0.01892844576970143,0.00813975245847387,0.013437293821310314,-0.012871295521195036
2022-04-21,-0.016344542169414167,-0.02846095985144692,-0.0317343502959726,-0.015839402345753317,-0.010201072764177366,-0.016962837021528787,-0.0008687284698729592,-0.006521723047298367,-0.01653866712147889,-0.011049581163109279,-0.009683110120809468
2022-04-22,-0.037386235247196864,-0.023722368365694524,-0.024452608576373103,-0.029774832307990717,-0.024576333911381587,-0.02798913368446765,-0.015652282875146306,-0.01790316741352671,-0.016816907835773387,-0.036473438827932636,-0.02322205307655112
2022-04-25,-0.0027993308611534706,0.013698596454220668,-0.03307069490830905,0.0016588238895851593,0.0,0.01502681712451226,0.004416974598957735,-0.004658689989212372,-0.00686833742102555,0.006732875758112655,0.007223127709793831
2022-04-26,-0.015438623901565807,-0.03281856263964045,0.0013572375705517281,-0.025117014216550326,-0.021843071331257957,-0.037251251850760836,-0.015454107165261632,-0.01566962179123954,-0.010035138714923675,-0.017611663041079084,-0.0505954548262848
2022-04-27,0.014730342564192478,-0.022288683588443825,0.014638085335459294,-0.0008496025909248139,0.003739238079548457,0.014804663669709894,0.0037006753611243948,-0.005995275593243865,-0.0047949204401556145,-0.002193411622735897,0.00011842929560068605
2022-04-28,0.01580427439511012,0.039979611558472516,0.03032316444684291,0.012751529973640263,0.011279112196055152,0.04003095391539779,0.01474898275006642,0.018302537430979537,0.011149637590826211,0.013797175319502308,0.020517906958036347
2022-05-02,-0.003057680776769378,0.02759901279449073,0.015967917702942813,0.0002899660652406766,0.002102245954773041,0.015202864906100677,-0.013137602611677401,-0.02596553776909516,-0.010244139406160868,-0.006217190511514925,0.014611801873479102
2022-05-06,-0.01434242300556765,-0.02062029020795253,0.029806319202660525,-0.007145050339386949,-0.006758913253678056,-0.008044663788797979,0.0010436807051348307,-0.01015665029204138,0.007956467499774522,-0.0031494241477884044,-0.012673327549391877
2022-05-09,-0.03158617124015961,-0.025939029630007382,-0.08273018574312763,-0.023891552099521096,-0.024183201259280973,-0.03869971826878815,-0.00039102727302353646,-0.04662059933363372,-0.007478106123362527,-0.02588999354851862,-0.04261774102705962
2022-05-10,-0.006230491310483477,0.004495895943477324,0.009071739948805835,-0.008847315245280707,-0.006544568709324072,0.015244637549338469,-0.006910703940455121,-0.02222758613665765,-0.012139047697079741,0.003559658750506234,-0.0029720862954585314
2022-05-11,0.0004919185176965879,-0.018075356676314658,0.013420048061128842,-0.00922335344953673,-0.009071360229886527,-0.031562174882721505,-0.004333148011009258,-0.001435765433593028,0.007203202863604652,-0.006621020737870964,-0.03583714410676264
2022-05-12,-0.0018433062068580197,0.010869627974063212,0.0042427008322363235,-0.007507424076852343,0.0018528628443617023,-0.01031155714929266,-0.00026370729225866363,0.007428648321054165,-0.010096691083218867,0.009680336590857985,0.006870532951284369
2022-05-13,0.015386748468399825,0.023413081912171174,0.03418253530575166,0.014523427124526034,0.01272698946558104,0.033234764817058116,0.015037620797428541,0.02497648036019484,0.011899680346913355,0.010609001332536616,0.039372264141586344
2022-05-16,-0.0018184260912905703,-0.006439647334971599,0.026368167529770448,-0.008350824349242503,-0.0013962710765409447,-0.008832638455301134,0.004548421825310456,-0.008122551672848033,0.0030801467301491137,0.0073873534024320175,-0.02159949872445499
2022-05-17,0.028297388767630105,0.02183180273557883,0.011578693798033779,0.02676711290051137,0.022695360263183417,0.028961505501998497,-0.006856496102728538,0.010762626416939147,0.010328038901959546,0.013739656423056301,0.025229917541012892
2022-05-18,-0.031061603635889612,-0.03271572788466148,-0.025634719647485982,-0.027533722689954465,-0.03723161663688235,-0.04575620097904376,-0.06434795067792054,-0.029166572202279695,-0.009669941813144955,-0.025812767651897883,-0.0653839839868966
2022-05-19,0.007069659114118165,-0.001380477533484692,-0.003671438437370278,-0.006626426688464027,-0.008957909612244297,-0.01096670736070815,-0.01781975630613941,-0.0019076452672389665,-0.0020924913536746192,0.0021885914444241816,0.0007006046662081378
2022-05-20,-0.0024210854203611243,0.0025919906775000445,0.004298539681233837,-0.0018195205921219815,-0.01080261506542346,0.0022176979786574513,0.002125884121053634,0.011705671533457807,0.0027958387399558138,0.012166491145409353,-0.01742496554591033
2022-05-23,0.018321066630382576,0.014994939728435241,0.026415732284514437,0.03250301899695729,0.016380698389245607,0.022966720115108474,0.020650628480893385,0.012987219890672419,0.011987598061351301,0.008784122825596263,0.007478084033175625
2022-05-24,-0.005719008348907262,-0.03548996092170864,0.0038129375518078934,-0.002059497499378393,-0.0005481621558155458,-0.01484289411288886,0.01635249475820788,0.011655167284480017,0.019972287110440856,0.002979018764147412,-0.02573160899928162
2022-05-25,0.004433738387498831,0.01338033865683741,0.020652522955011632,0.007960101436293998,0.005813954521663556,0.01165923957072934,0.0002730061536968531,0.005529810264942148,-0.0006750944033980799,-0.00030472006371118354,0.028225211899281177
2022-05-26,0.018372949999596377,0.024322385066149366,0.011048142981098907,0.02310599872449637,0.020285729027442745,0.02402333627636355,0.010632357278343996,-0.001145882811538379,0.0028376589770362504,0.004266268115545424,0.0490437382186093
2022-05-27,0.02342983448513447,0.021370570123463883,0.018288265314823304,0.01686707473736382,0.020524052709384843,0.033837927558747705,0.011599601131244919,0.028217480180188215,0.0156316524004787,0.016612271723355,0.03430656717563885
2022-05-31,-0.015224225784075007,-0.0006644176791502643,-0.015022975219784573,-0.002811417670293359,-0.008065626038898266,-0.007140018335031972,-0.007066650220808213,-0.013386925451358,-0.013798646632100064,-0.013356320729294047,0.00507264825069309
2022-06-01,-0.009996444937409699,-0.01146559438195105,0.01628429046155655,-0.016069824789544884,-0.006124497081589131,-0.002990489587337497,-0.01302536166119106,-0.01085463691220312,-0.0016146986521567985,-0.01436892378969068,-0.010417783508704148
2022-06-02,0.027591909778524215,0.024373756771062238,-0.0031595194152879147,0.013753267074583908,0.019124565817306705,0.024209385458205723,0.014557710674049096,0.015089022355828208,0.006737657902862848,0.007902817727804212,0.030602310574650016
2022-06-03,-0.009712254109191854,-0.021660487632479852,0.013244531631410483,-0.01441484296286677,-0.003857486497403806,-0.023915611684873106,-0.010057534421635372,-0.012612484720666117,-0.004818427304925543,-0.011723335148969172,-0.02924949736428839
2022-06-06,0.009460905358407823,0.005031884440689582,-0.0011174024815923111,0.0028680897058508403,0.004186196158689981,7.106984594007493e-05,0.0004063886446474818,-0.002965425674513744,0.004438449910139752,0.0001539524091958011,0.010000119527446172
2022-06-07,0.007201088928603827,0.0071761980029920736,0.029862304689405095,0.007720857491208655,0.013444723878583309,0.01192844482385591,0.0052811350739667695,0.011667734564167365,0.006025968333520204,0.01301616682871276,-0.002459208560269821
2022-06-08,-0.02076710860260067,-0.0026513544215298612,0.0021721469815985106,-0.01759369328467464,-0.018099573144180203,-0.011293581986805523,-0.012257305900765125,-0.023971078976640747,-0.01956644171409372,-0.007907062834286438,-0.005903253165912448
2022-06-09,-0.023641079650044805,-0.030735742817806777,-0.022106686803979647,-0.025130187693235384,-0.019690062108902895,-0.026700946237799505,-0.015000903231633722,-0.02293794820772377,-0.024029172528512777,-0.02260718972822029,-0.01807644524114338
2022-06-10,-0.030623326709826815,-0.027939892752587236,-0.016954830224574113,-0.03614810404416213,-0.029487358017156517,-0.0384359221638797,-0.004291827924063574,-0.023713553331418225,-0.007650587755225535,-0.016073233370392348,-0.03987478315825521
2022-06-13,-0.039059645326462,-0.04725810760189175,-0.05219253908868415,-0.02981854197322875,-0.030052704862933655,-0.04432090634624375,-0.02155181173171572,-0.04809315268946357,-0.04597712734626114,-0.03028127909188938,-0.04616872741526412
2022-06-14,-0.007645150369754106,-0.0027759879575246504,0.0019030155005621552,-0.008555212414281144,-0.0024969747430347855,0.0063055624330723425,-0.011794844428671958,-0.007144607323167018,-0.02527191640775417,-0.009532465189851735,-0.0007983305761296577
2022-06-15,-0.00025675928070978404,0.02245736222832173,-0.02207978498442098,0.011185791768861142,0.009671229444985219,0.02109959008013873,0.001006702990909547,0.022873239562672065,0.006481915295678764,0.010121932492611618,0.02810655934979689
2022-06-16,-0.03609056303396474,-0.03648584381958642,-0.056324393339946655,-0.025284474137802326,-0.03335569242026948,-0.040705422857942763,-0.007614193483868048,-0.02386930743747606,-0.0193199991564299,-0.014702244575654277,-0.048954488120261375
2022-06-17,-0.0017320328510508354,0.014317997199670085,-0.05466932718419615,0.002918270987473326,-0.002564892924219686,0.00915064673471111,-0.0036188034693942495,0.005920193576593347,-0.009315794193645921,-0.0005834607355692523,0.010918696566984298
2022-06-21,0.015119946993510602,0.007075114168055396,0.051805689264603494,0.019956938370246924,0.018242514468883364,0.02544720675580381,0.026684477102091764,0.018623876182850996,0.01903507432681084,0.026921083625245146,0.02860404132745109
2022-06-22,-0.012842490910007553,0.0016639279691450515,-0.04003121366830109,-0.0022305800327534486,-0.0055336978329286746,-0.00423677558101998,-0.0007128776268383596,0.016206516132651227,0.01052137055059954,0.01386612645183627,-0.0019335929625774462
2022-06-23,-0.013680435225767007,0.01236609340755801,-0.03706724826857011,-0.003832603201277207,-0.005101008495447479,0.014970271040072758,0.019403733331865736,0.019685693893136014,0.023540043189636206,0.022445779661446785,0.01571061187867495
2022-06-24,0.03970633580893135,0.03810392530702322,0.013161527656327277,0.03687082403537989,0.03495700987840511,0.035941585773268114,0.019593783157376032,0.021749972193618516,0.017396660049598056,0.01660228664111818,0.038138017376312394
2022-06-27,-0.008239493144091559,-0.00948358585542608,0.029334113049579003,-0.0034014412534363325,-0.002364393995321845,-0.006744282537180957,-0.0027449753530035537,-0.003587765366878881,0.008114561732511127,0.0037152515581313494,-0.01047690130521206
2022-06-28,-0.010682000227005495,-0.029078132048813488,0.027004747925489125,-0.009928748667076603,-0.01162380151875364,-0.029950752665789948,-0.01335187590618958,-0.013682142275207587,-0.0037370974438806215,-0.01742753011800724,-0.03994499593179257
2022-06-29,-0.007197751893753157,0.003104697075908991,-0.03475173821371491,-0.005640746062239077,-0.005823109064313159,0.002021875538738005,0.006277940349857181,-0.006327496329190163,0.0007214791517213826,0.00871126869396699,-0.0007875707991455982
2022-06-30,-0.011815490981699539,-0.012015515215521244,-0.021081181534154392,-0.008824411141189259,0.0031008083684680443,-0.013349744844679878,0.0006932099947325465,0.0007347122840464237,0.011101250325447731,-0.0022561170886529203,-0.014692355037910332
2022-07-01,0.007065574171783107,0.01013447206198892,0.014962884664695641,0.0136724345523076,0.008701596733304395,0.0022813191176860315,0.014408500769170551,0.01786596541725527,0.024525856766022702,0.01122887451169352,0.018402730703423797
2022-07-05,-0.020103015386016,0.023166961258310748,-0.039680558206169336,-0.0034503943021971795,-0.01498314104824039,0.012558068972577274,-0.006419031969988054,-0.004087670300993551,-0.034098764833842665,-0.005783577472516677,0.022355556214623817
2022-07-06,0.006333570528398447,0.00017811606971784855,-0.017073137985308073,-0.002518158695237971,0.0057617319286233926,0.008603836323086922,0.0028865999819500665,-0.0007244553891755379,0.010374494236752518,0.0067478544288219755,-0.003283572806760282
2022-07-07,0.00889311865644582,0.015686239646642175,0.03605325311861618,0.014515774326481656,0.01180120584689548,0.02067299348629903,0.0009592006431449196,0.0007249806052820329,-0.0009978096993183971,0.004237282330000758,0.025793966002801705
2022-07-08,-0.009763922938316738,-0.004738533839430903,-0.0004229178586102611,-0.0021773454925774205,-0.004529507510698805,0.00045184855990987316,-0.001780042829876538,-0.004587140181857019,-0.0032835500090830916,0.0029919327892020675,0.00013649255196690468
2022-07-11,-0.0027388377306215572,-0.03032951103805026,-0.009584257711593991,-0.008104930492018991,-0.006711365678326198,-0.013772856095660813,-0.0013715461456723643,0.0,0.0063017521428803125,-0.002523855251809426,-0.027396226893594555
2022-07-12,-0.0019225978912825736,-0.0005458288969290015,-0.01949601759823605,-0.006285187345352106,-0.0030922082687891983,-0.013659955364056398,-0.002884502196174754,-0.006306010882032087,-0.004839142945807229,-0.012729123541898923,-0.006040970899681031
2022-07-13,-0.005778904182843547,-0.004548489529997313,-0.001596469353603025,-0.00885536533312603,-0.012176773489035453,-0.0026305143178245727,0.0006888170102108404,-0.0053698303604525766,-0.004147853616468966,-0.009708734206637315,0.00819791762887978
2022-07-14,-0.018405777769567644,-0.012612020654479084,-0.01889795045319509,-0.01914467561523414,-0.005698547618833261,0.009153678590918535,0.0008257113087934975,-0.009816067289224462,0.0,-0.002902145320295424,-0.0008411304290206756
2022-07-15,0.015649305194356034,0.02573131878192836,0.016298416164270524,0.03383202285582532,0.015672714073171834,0.017603239387449898,0.0033015043736512872,0.016109385865648695,0.0018672134394488449,0.02414855606034494,0.01613595565279846
2022-07-19,0.03046663820101636,0.03555227136360384,0.03078680042361981,0.03000639337406752,0.03568102270667439,0.03051088476974062,0.010522016759349828,0.027586491497997523,0.006396295128783036,0.017026206048299075,0.030634950747333356
2022-07-20,0.0017471379129585518,0.016465380601810686,0.009679198625656582,0.003679816134614766,0.007718193553695407,0.015618346004185213,-0.006713367018305494,-0.005033892217676139,-0.0132891600249182,-0.009874943902994482,0.016431647429223872
2022-07-21,0.014220684224103275,-0.0005170301406745015,-0.017529531353646655,0.0064162229394661985,0.007215033181256381,0.014065745486453007,0.0030344187236450715,0.010359023705187154,0.002635335777034342,0.01581714272181145,0.02286926655858945
2022-07-22,-0.007142854821638234,-0.0346550491726173,-0.00822424409971989,-0.005768138533673306,-0.0031959175877062096,-0.013798649811715191,0.006600615540867549,0.007629893780717545,0.013724241783625635,-0.0041419312266668395,-0.005782247550123798
2022-07-25,0.00413008857078867,-0.003393713701208001,0.0366830421246247,0.006412242717702243,0.004753872324291697,-0.006340439284972965,0.004918085743977674,0.0007099532419971855,0.012531077873043639,0.005237629089936302,-0.008594527709571254
2022-07-26,-0.006766651621695097,-0.020071409591051026,-0.009083432948790215,-0.013956396749417066,-0.005391836676736483,-0.01620811526751964,-0.002311186862564152,0.0018916612923580711,0.005974063468459967,0.005133782212030535,-0.03219931294025402
2022-07-27,0.01202243765370592,0.042245673581764454,0.022575244817579998,0.015384608675385714,0.015488696780330047,0.04301467842710993,0.006813200775021455,0.005428232311465608,0.0008486095867545895,0.006250914331329627,0.037850498228010565
2022-07-28,0.01768743985201393,-0.011405545069079093,0.005619292284207988,0.007272962210624234,0.02091708923545732,0.015223695935727699,0.015969645610115046,0.03685444410385652,0.035885773959732914,0.0063635301397304556,0.0171964371270259
2022-07-29,0.013359221733510118,0.000532398724631733,0.04337407022900197,0.01413943772885018,0.020595510241424142,0.015347924136476454,-0.0077262229593366705,0.0038488099767755024,0.008592285208505857,-0.0033123481908872154,0.03878798764567404
2022-08-01,-0.008063586311220838,-0.001419185127507272,-0.020657904360311452,-0.008306218047203329,0.0010456109512633205,-0.002149200283791841,0.012484777887169507,-0.009021113150299742,0.0010822116851532115,-0.007401782188893535,0.004974454446846632
2022-08-02,-0.010193569834269445,-0.0015988259665594695,-0.0023437519301982013,-0.011067743230246618,-0.010549311244359982,-0.007087963316491863,-0.007955313359496397,-0.01319979315253117,-0.0020266091824082677,-0.003576096338207324,-0.006844334006037012
2022-08-03,0.0010427937221002548,0.024021358015309247,-0.028713178448152465,0.015123762956849474,0.009395152721358047,0.02659414920379488,0.006549055774227153,0.004151355731101702,0.006226429191307892,0.00916363185613367,0.024366128850090707
2022-08-04,0.0006513870822943968,0.0043440623971329195,-0.03708658599365966,-0.003277729736558821,0.003660276723499445,0.004567146978005532,-0.006639277009244493,0.0009185773694153632,0.002152497041644441,-0.004918490664557185,0.0040847115164224235
2022-08-05,0.003513580540851491,-0.012283816808383974,0.019815495403633365,0.007174878283477071,0.0015629811306037134,-0.002307127659574415,-0.0022726814188454014,0.0032125656878128073,-0.003624472834520831,-0.00038002637439604747,-0.017049695226947215
2022-08-08,0.0055766845097207085,0.005780420962907762,0.00519991710345491,-0.0005936021028069005,-0.00031222587935497703,-0.008502382038219403,-0.0005354247628223119,0.007319351836460486,0.0014819704463928662,0.002357957113628961,0.0045038555450245266
2022-08-09,-0.0049006711623456045,-0.009752633690880197,0.017560552251941752,0.005049186025918528,-0.0036423740170435925,-0.010015620673060166,-0.0014747243265893495,0.00794723051488666,0.011165043164745203,-0.003035807397953838,-0.01593453886202345
2022-08-10,0.028382216824980544,0.028139167616772598,0.00722397090519733,0.022458384488073913,0.021934473399604748,0.027302322408348845,0.007383611201854157,0.013516475231825309,0.004389975415053149,0.01088598865807211,0.028198303658723667
2022-08-12,0.018839309683013283,0.01777164881446036,0.007575739118243163,0.01570976578142136,0.015046674209410416,0.019909390626698498,0.008683090225326318,0.01697180231476092,0.01629360229665755,0.01280997548847207,0.022630191929352783
2022-08-15,-0.000616415572720852,0.0035258408031106914,-0.019498023390022157,-0.00028127848015779833,0.0024039319854789465,0.0063075876118601215,0.00993237055308982,0.004391843007613527,0.00834189239852079,0.005013929902140779,0.006886051519766401
2022-08-16,0.00555075791836579,0.00200771576885006,-0.002339263360721544,0.0073137033804946405,0.004496301126859725,-0.0027052362985738876,0.011277092207931716,-0.0039353468349511145,0.002843799384476542,-0.002680643833679497,0.011047547703125549
2022-08-17,-0.013738812972908021,-0.01936874519267695,0.00833763207608551,-0.005026422387974128,-0.007957840374178016,-0.007144958862813744,-0.0028527461310371427,-0.0028533451669043863,-0.0016755422497823913,-0.005824155693888722,-0.01075342151220815
2022-08-18,0.0031095763829869227,-0.0015326029947627662,0.02687324501763011,0.001122335093457938,0.004010837794020228,0.005197290301459212,0.0033813600591263704,-0.006823805596393173,0.003744198482430683,-0.004430770643007231,-0.0002921302249990765
2022-08-19,-0.018351151192621207,-0.016200462754649814,-0.00025143088808388114,-0.01990453533776204,-0.012883369760162577,-0.018163752805107514,-0.0032401001708781685,-0.009751860438987014,-0.0005143979539435906,0.002715505518214645,-0.020636231864335497
2022-08-22,-0.015915117168404214,-0.028601164918301225,-0.001887996870488351,-0.022025060099620464,-0.019020559699522543,-0.02788467166526798,-0.01014188632195101,-0.020814475177399427,-0.013642222757031308,-0.013090351792105603,-0.027755907323016915
2022-08-23,0.009883454117324497,-0.008565323348425746,0.03606115787590625,-0.004094980232191792,0.0018564604540982632,-0.00263915100322909,-0.004334599730213773,-0.015085551513751905,-0.006002087567009373,-0.013950215760625606,0.0028241110423659066
2022-08-24,0.0021603492030251026,0.005939671861501905,0.01229171755195968,0.005286351366233344,0.0032943046067290815,0.0006266270195893764,0.0025066138919662695,0.007890147627354072,0.0031504815904950245,0.0012369599869412884,0.004285239962267706
2022-08-25,0.022701444945205207,0.019502398263683496,0.007694012972701225,0.015483450878846838,0.01528815818405449,0.01691138911272594,0.004605762041255623,0.015427081937195553,0.006150159229616925,0.011041550842983971,0.0119483562380569
2022-08-26,-0.030629807408153686,-0.03194100941128253,-0.011691776110503205,-0.029919291929332847,-0.03466387513555014,-0.04270445070659468,-0.024757682898980615,-0.025396894405437354,-0.01534652213274601,-0.02787544919850371,-0.03807224847019974
2022-08-29,-0.007036037877396595,-0.007795586232591245,0.0150893888896928,-0.007117547343683861,-0.004501716208061279,-0.013225807246960541,-0.0016116121674296657,-0.008608505162510993,0.0030377953881099984,-0.00699184389663976,-0.00532307803539811
2022-08-30,-0.01636185180265548,-0.008770196620481951,-0.03389221888538796,-0.005376291413028644,-0.014407360305127792,-0.010432436864881045,-0.010359328088220043,-0.014315924226051435,-0.014616944163946544,-0.0066455863574163,-0.011144009876825844
2022-08-31,-0.012311565200089913,0.0023963062897220944,-0.009108832602441885,-0.007507382888140679,-0.008429198962761397,-0.009737185512665558,-0.006117606182650004,-0.0035713297970286773,-0.0065480980498811014,-0.0063714229794598065,-0.009868860178445682
2022-09-01,-0.013128227894481537,0.009194585734125571,-0.024596186647695584,0.003025606740228559,0.00139878578069208,-0.004879377386809436,0.005607829077168391,0.003584129906961886,0.0143933889108534,0.016431446988489196,0.009131271022758902
2022-09-02,-0.0009405214540569862,-0.018950525213417557,0.01833907058594675,-0.007843019169951337,-0.0096712214578758,-0.01300143837969725,-0.013057473183621493,-0.01714302046944849,-0.01074130584630506,-0.01435210090627903,-0.009175935815155856
2022-09-06,-0.003093304137641195,-0.01244433393858324,-0.00925443233236356,-0.0024322849350083553,0.001627684160486309,-0.006624170931364137,-0.005650451371622678,0.01041684754922012,0.0025470605725723683,0.0009600330307242277,-0.0020580369453289116
2022-09-07,0.0276574181010667,0.020124210655614094,-0.011613140917606679,0.019810947284623515,0.01603300859054091,0.015988414739680268,0.018018115391248868,0.019179970662139167,0.03128757304833618,0.016305748238073736,0.03067583727146772
2022-09-08,0.009715085303463322,-0.0023966752170121453,0.004342043636552662,0.01763280883284568,0.0029852697169476805,0.003430891917317158,-0.0025869260229346436,0.0028230108038498347,-0.0007779744061173766,0.017380888365841063,0.009316659315110387
2022-09-09,0.015082680025601647,0.02790595500847526,0.02492371293580531,0.009104298225855345,0.012969113849382818,0.019771103567351123,0.009828001672471443,0.009617670550112978,0.004022259942846107,0.008812714965605428,0.01895661216415334
2022-09-12,0.00935098823408742,0.005214139606830148,0.01836221580603503,0.008149323293968669,0.005981677979507882,0.01603480020685799,0.0039202569390826,0.008364340893168176,0.009563214394558317,0.006666610504010739,0.012889216616584598
2022-09-13,-0.035660163273840806,-0.05490985913757951,-0.02521911193898818,-0.037240421194588036,-0.03765917510508887,-0.05308461751525517,-0.0333918430189688,-0.038018670000742216,-0.02662564398689926,-0.03303649593085667,-0.0515608230230129
2022-09-14,-0.012238519437017814,0.001703440455317562,0.028246334798939454,-0.0029983901570573845,-0.0019512456130197364,0.003636257398283771,-0.000417919178308801,-0.012215294421972112,0.008153710111203694,0.0005511531324984276,0.012847600176988605
2022-09-15,-0.013189444124227512,-0.004345360230340711,-0.025768914367210516,0.003308288349896049,-0.010426872085542604,-0.023022279273925528,-0.008361060196408365,-0.02182359808802814,-0.02491532273072894,0.0055859614970108495,-0.005123779964638531
2022-09-16,-0.015795974094651166,-0.01062618863764353,-0.02133480283630429,-0.008992776390887691,-0.02085402562710703,-0.005562690211799337,0.0023888998935110983,0.00024780754548814343,-0.0037457255490042085,-0.002816489852041304,-0.008039000369068683
2022-09-20,-0.018998340638531452,-0.015478663341525367,-0.00695500450216513,-0.01473269433905866,-0.012445966121554353,-0.005871612701897511,-0.005466802426819739,-0.026309062731263544,-0.014540983364902615,-0.011721708334470615,-0.01695443694536347
2022-09-21,-0.021856539732665548,-0.02445664465568642,-0.014656334809708071,-0.020750585715151426,-0.013277706975303283,-0.015620059202676728,-0.0038052785190988425,-0.014668029055035281,-0.013672482954785514,-0.016589363975655358,-0.023674296248607174
2022-09-22,-0.012020754746315254,-0.003581283021952153,-0.00355411395962546,-0.01682763477463478,-0.01505306519684313,-0.010183947839481289,-0.0014149118078775613,-0.009401973131376251,-0.00356871129535441,0.005297096026055881,-0.02307573623239889
2022-09-26,-0.016220896794805206,-0.01629006776375419,-0.024545708261259014,-0.01578098040211595,-0.010501488035196793,-0.006950018669155011,0.0007204116967625129,-0.026962006171386887,-0.024108248296990875,-0.009533219050693043,-0.0022539582555696214
2022-09-27,0.00222788932042306,-0.00538198514030519,0.011199683299444096,-0.004253978267828584,-0.0033390314339313276,0.0013020835818924326,-0.0172833734697172,-0.013168819069059534,-0.016849764611585716,-0.0030435309038604474,0.0031489821274393037
2022-09-28,0.025789290134477616,0.03413117838200619,0.04430390854178379,0.019717598738740794,0.02201497686857201,0.010565743207123779,0.012018184972866885,0.01890455263198909,0.010747877260856242,0.02186637926509838,0.027021255015524215
2022-09-29,-0.014737717862491784,-0.02435084007528676,0.0,-0.012568632475769892,-0.017326200253775514,-0.026057539953165287,-0.016509605266047167,-0.027830701977661687,-0.04009174105092039,-0.008397888506369466,-0.03454919214120433
2022-09-30,-0.002639644937662222,-0.012169944477051997,-0.007989107493228564,-0.009138304823583798,-0.013104712331769575,-0.019157819132986864,-0.017376030954078026,0.010664941850818677,-0.019311403596276144,-0.013762092579764684,-0.019682087174886176
2022-10-03,0.032495287364641356,0.027980764853100304,0.05651202401889566,0.027009170173136976,0.030179064165684943,0.030981652095418255,0.01723347196159497,0.018606079381835006,0.029308519343192785,0.02055962915389098,0.000982860976077804
2022-10-04,0.03674171201170062,0.0306722934493735,0.04297546015021547,0.037203457291241415,0.034801696771068924,0.03356202894342197,0.015173800327375808,0.015812319441565137,0.021207069761297825,0.023220171920159016,0.03492566321454671
2022-10-05,-0.011263683070112607,-0.007686352538121555,0.020665549733897004,-0.007730514912804964,-0.005435329459698379,0.0033181755563393978,-0.005804597628193964,-0.018518103791926865,-0.022219025116815394,0.003320851967048677,-0.00589571278614498
2022-10-06,-0.010558559447303217,-0.005362400563069358,0.01777764810370619,-0.014022945291137567,-0.011499436982169597,-0.008189531047015364,-0.014596188849251512,-0.03281401240912685,-0.03297192087465606,-0.012767030485653197,-0.0070895305605406245
2022-10-07,-0.024712369528092082,-0.026957027885655904,-0.007763281089993024,-0.023704250883643252,-0.019120106219422284,-0.04112733782110545,-0.014960972636605008,-0.023749203092042093,-0.020734075466347313,-0.021154202874927863,-0.03439505106434704
2022-10-11,-0.0077575087439113455,-0.018724223278806296,-0.007988185812347282,-0.012682948236894531,-0.00023378201822732425,-0.015327503440646373,0.008241053337911142,0.009373153735953155,-0.003601138397131609,0.005334349702014185,-0.008155577731765895
2022-10-12,-0.00752871902485297,-0.0012580095719381124,0.008052510764590792,-0.0023057951712712743,-0.0078421251949774,-0.0030791124521720725,0.005349752281460063,-0.013349067653956714,-0.0333122945102986,-0.004897877949913476,0.0025966821430551956
2022-10-13,0.02932170975674575,0.024144335939541017,0.04081359696458531,0.041267822756274164,0.022059884621371983,0.031056948505469695,0.016555771675876407,0.01882369214031887,0.02503246749685495,0.023297757847415168,0.010935385906506445
2022-10-14,-0.03373018368947356,-0.016400192586208284,-0.03729450738401918,-0.016804074900994115,-0.021929878199049124,-0.028124299987762114,-0.018031096632009747,-0.025115480983663008,-0.014430537313900094,-0.006734075410439355,-0.037361379453782484
2022-10-17,0.02493393202240668,0.027511400723867263,0.012456352603795073,0.025153221217923738,0.021831449396664038,0.030479403887631706,0.010810078270347967,0.03731119733175836,0.020916885650078765,0.016061439716687165,0.0405855996665625
2022-10-18,0.0196049846942028,0.007505141833360041,0.00873534015541999,0.01604277939340948,0.024136945853541203,0.008474406705778925,0.013038540588568459,0.01313167325213005,0.01828228005785215,0.005560274554265776,0.01378208019579219
2022-10-19,-0.011789302561126314,0.0008052409528085391,0.029515949295327415,-0.01640862212646299,-0.007104386728895573,-0.0028833903996968724,-0.004627800985522068,-0.025077703151804465,-0.013001155842520484,-0.01398203674318732,-0.01121215451005575
2022-10-20,-0.007243298569648338,0.002414176475243446,0.0009475852445159916,-0.01605287798023647,-0.01964786558600551,0.0005784619630573307,-0.013947043513272472,-0.004912994381306435,-0.025246969505877126,-0.008492186349982722,-0.019347824103975064
2022-10-21,0.034620844782164095,0.006421797347052172,0.028879189865155253,0.02975039630704912,0.02745603651171069,0.026754701660621993,0.01532296176455783,0.00697052924269026,0.018500615219377403,0.022462864088849788,0.029124586954277776
2022-10-24,-0.005807549713287674,0.0069790894316781316,0.004716391794901353,0.013357991236833344,0.013304743287374299,0.01383308723696497,0.017994464218259898,-0.0005767124440784199,0.008371549495417296,0.019282253641788705,0.004143353643004222
2022-10-25,0.02475658447089968,0.02653463329978689,0.001030478886953956,0.011956125759321479,0.013463918417101928,0.01911776153318212,0.013114851832493946,0.039538003198726246,0.020049961065567556,0.007598280333333651,0.025036687903151167
2022-10-26,0.007057332663132687,-0.031635783597171896,0.013610977935478497,0.002423330653082756,0.0035132325679056997,-0.0222619423734155,0.006613266012811092,-0.0019432283179818821,-0.0004606721175756112,0.011080072578496303,-0.0080507310211122
2022-10-27,-0.0025605003396111936,-0.047410475210241665,0.0036109504404344683,0.008159790805497336,0.011707100902730305,-0.01138444139622119,0.0008384623160100357,0.0005563571060336336,0.007989117088490705,-0.005250950828725065,-0.0038517278040379743
2022-10-28,0.009998943727059117,0.025303411395315445,0.003485435256845859,0.024879934141510684,0.023250726737120475,0.043485252720024015,0.021927783236145526,0.0236307205315216,0.027434921961764447,0.016448547515997003,0.0008976742401631821
2022-10-31,-0.00896340472334034,-0.016724523605687547,0.008403326802000954,-0.006142139796567414,-0.002853705414193164,-0.013196463773957556,-0.005876939286922456,-0.0024442182807444812,-0.009345845847568146,-0.0008278870614422118,-0.006415814002138087
2022-11-01,0.0025646473947849024,-0.006430059401157817,0.009666725852121028,0.002648867817654832,-0.0009539574516089777,-0.008367855440322924,-0.0031617694134830066,-0.0016337432584644374,0.0038933728160879255,0.0006026426754717207,-0.010136540060992516
2022-11-02,-0.025986328801704484,-0.02818387789762422,-0.02410040246048728,-0.012621301482705682,-0.017610691664296407,-0.034542736397761176,-0.017376985404053857,-0.02617951712227773,-0.009695871860965877,-0.0170140988977725,-0.03780597858043977
2022-11-04,0.034709436596304544,0.006826713985004229,0.01217888946521195,0.018318461757045323,0.016030683656715006,0.018262893966780824,0.01182925522984668,0.014009779244601894,0.006148874539519067,0.006075801936312963,0.008360584975050545
2022-11-07,0.007823178206095571,0.017935161420858714,0.017173551062705572,0.010026578993447943,0.010728907478877225,0.01669570380656782,0.008907563648810513,-0.00027633380129932217,-0.019078881155403238,0.010702655690309815,-0.006982274228746088
2022-11-08,0.017234535708335885,0.0010745428567426885,0.0009677760308630656,0.005839341196982595,0.00874207102152691,0.00959280477349389,0.002896964066244845,0.006080787469783244,0.006989705904029142,0.004992108860274458,-0.0024895916400669016
2022-11-09,-0.01616655441501791,-0.013522282432410049,-0.04888254228047462,-0.016836107019464586,-0.013927740148678147,-0.026008737323967246,-0.010866469907069187,-0.01098899419461341,-0.007846481273847128,-0.010762447653467455,-0.030543506319894553
2022-11-10,0.05534359296273972,0.06048747981023461,0.02225227526864404,0.05048718511369232,0.04195457171393935,0.08217601989499168,0.023501545491197318,0.07666660762938404,0.04714813117368255,0.02541078594976609,0.07308385567220843
2022-11-11,0.012083042426114687,0.026261806536301835,0.02906074617763288,0.008150588548575977,-0.0006026437660423545,0.017112123206283636,-0.0010868857756851646,-0.0005161331064776897,-0.011183837105751104,-0.012242118270522462,0.023995893267493296
2022-11-14,-0.0013539262960569065,-0.003998505653665552,-0.00032219868308047683,-0.014217897707906824,-0.006128704487858849,-0.008562249614864403,-0.00788900569337847,-0.026587235749744864,-0.011897606063266064,0.0009013232753809497,-0.015852238195310897
2022-11-15,-0.0014791042156276912,0.014853451908512616,0.010526472062043268,0.0022623918901583107,0.006874330143121554,0.012121214275204295,0.008363035702007249,0.012463389530852576,0.011000316734489868,-0.001275689551835435,0.013656497685883506
2022-11-16,-0.009750637249418381,-0.00988911086905353,-0.02040813735481739,-0.004796688057394527,-0.00722922598878617,-0.013697632800248938,0.004894650386807919,-0.007071684770194597,0.008969456630975925,-0.00045098218705075244,-0.015268758341968947
2022-11-17,-0.009597368678537666,-0.0075909008922144805,0.002170166934921003,-0.005387105325464492,-0.0017190346065306672,0.0012902493841291385,-0.0002705253805784791,-0.008968624038517614,-0.01748780681933071,-0.0004509435464077338,-0.012137575264485667
2022-11-18,0.006669924904417757,-0.0030194824916447427,-0.007903836319403723,0.008266874283017422,0.007395323518873953,0.0011369953123980814,0.01069146281761224,0.012776131357355558,0.021210406815235006,0.01210866405082145,0.001349322613070747
2022-11-21,0.0033755763945835238,-0.00827788665000384,-0.013532822821698431,0.003110122693132933,0.0032180340351535275,-0.010750415870353858,0.009507197136651824,0.007095957713058487,0.004502570245768167,0.00044604871737519147,-0.014469195820198122
2022-11-22,0.02267627279140494,0.014861684005753606,0.03130877474426752,0.010146271391443085,0.007718510561687708,0.019361682597654806,0.0072953918734253165,0.004958280471325294,0.00853101418052793,0.00869033416670284,0.011299103163479929
2022-11-25,-0.0003638747302440182,-0.005546865457644601,-0.003687246785722076,0.0033343515100447974,0.003864631313265976,-0.0058046025098272835,0.0006563166238451323,0.0059630496616072115,0.005813048536829513,0.005940735792336671,0.0005610047214685832
2022-11-28,-0.022338494056213465,-0.015936360308092423,-0.02742975398641634,-0.01716978498919186,-0.018163825138595047,-0.021407240597047905,-0.0038031126567235063,-0.028092591579567783,-0.01029032989125378,-0.007509751757852512,-0.006169902877897759
2022-11-29,0.0033532448997277697,0.00040506091065473093,0.01510888434368618,0.0059171523753851485,0.00613317896074661,-0.009790366205016832,-0.003817960570078327,0.01670628900057536,-0.0074063377240984885,-0.002497703173063748,-0.0031744172179468677
2022-11-30,0.024133303394304084,0.04229046645226142,0.004961428617521024,0.01708702308130383,0.01648843856913995,0.05020860509453273,0.02008712210791197,0.023474171591742143,0.024967822693540143,0.023862133270112773,0.03446548713598263
2022-12-01,0.0012085400214605357,0.005824035320104448,-0.00329132078064287,-0.005783855284466122,0.0002948149964874247,0.0013974808079302292,-0.004534537506639014,-0.002038514877625297,-0.0008398360997029508,0.002877197006158294,-0.0001366972673110256
2022-12-02,0.010983741212638343,0.002509356434507559,-0.0059438093458259456,-0.004708769449841221,0.005700417084448128,-0.005802535753723248,0.004555193201059238,-0.004851922443547929,-0.004764095713531202,0.002582036693911993,-0.001299821850410221
2022-12-05,-0.019818821512483265,-0.015787511680764754,-0.029675587320967645,-0.024770670693553876,-0.016710712893097,-0.01662205905441716,-0.0125665208147403,-0.01693599421180858,-0.005631466576541677,-0.009586360944254024,-0.028843855254655493
2022-12-06,-0.008891368549472922,-0.028755883553526096,-0.02636077826660921,-0.008846988655437094,-0.01182666729954518,-0.0214111447069415,-0.0061660964706139465,-0.007570104899322971,0.006229791096289183,-0.007584706219131099,-0.015590720310789008
2022-12-07,-0.0022120851664799712,-0.005035379317323674,-0.0023443465488987014,-0.00403120808074231,-0.0013073315839817745,-0.005066618101597142,0.004224256795748005,0.002104265121197768,-0.004643386140400052,0.008224963668408414,-0.006019808439677643
2022-12-08,0.0073901650485577175,-0.0020243450722373657,-0.004464364468550142,0.0008672684479420489,0.005941457633941827,0.016357920097756606,0.005389613461811438,0.007349013445037578,0.0065025210407683165,0.00902394267383011,0.009661258988576282
2022-12-09,-0.009903563932950887,0.0028397357581171345,-0.024309511526297567,-0.0025994344775538414,-0.008208932375931455,-0.006149412548686062,-0.007714179397453669,-0.0020844157726553902,-0.005196391444192372,-0.012806999008828646,-0.004356083149910428
2022-12-12,0.008644184733876292,0.007888542894091799,0.026245831611768633,0.013321765217887416,0.01715931725712805,0.021846947254447358,0.01054143511278749,0.008355078548129224,0.02287158783054366,0.010653828589448189,0.0025101481559282046
2022-12-13,0.013834273254512697,0.01685718831097338,0.01897469708568167,0.002572061410340609,0.003770989326111307,0.011811314036158427,-0.0014342799312918597,0.022009246511782488,0.0030365885519143543,0.0030836896559209848,0.0
2022-12-14,-0.01074733890472368,-0.013025507450680651,-0.006129953635564789,-0.012542645753453319,-0.0018781334462735222,-0.008422328894040265,-0.0006528422790277322,-0.009627632591361013,-0.0012386066412344299,0.0015727925990565161,-0.007439947654461543
2022-12-15,-0.030517629210481845,-0.038991972006436004,-0.006051495647468541,-0.019630558576528068,-0.024168220610583657,-0.03740432354459344,-0.016986947252548235,-0.0115118386637032,-0.012124716214653608,-0.018344225517757162,-0.016433532375107474
2022-12-16,-0.00428107772463604,-0.00020825951996261693,-0.012293652360216623,-0.007656039413840854,-0.00426301975591048,-0.01323612177244149,-0.004918346129840878,-0.029503090801043408,-0.01701493566246759,-0.014542431524994126,-0.018687073869060766
2022-12-19,-0.012994527433114356,-0.02340801795186298,-0.00011974464858233169,-0.0026872520782543763,-0.005264466646172639,-0.013334544495934408,-0.0006322299264772679,-0.011839497796148346,-0.003976689666752242,-0.0037336961203374708,-0.016054579169333283
2022-12-20,0.006576544347073332,0.006836153441279302,0.015091554432230536,0.004191559852595672,0.0012354989276990302,0.0015149980831741239,-0.000807797439057123,-0.0021834875543634835,0.00028729467247412543,-0.00022319881892474136,-0.011643946011735573
2022-12-21,0.008711123714747915,0.013155028067704855,0.018997031206312354,0.015503708962889995,0.01881950553612488,0.016559078782883097,0.009970332296115325,0.01012055482509222,0.01392678660587121,0.013165705786911452,0.015939019948302713
2022-12-22,-0.009652022070572364,-0.008586337890087559,-0.023042964882473038,-0.008807994189121482,-0.012718363270942112,-0.02521736799579377,-0.0022676660287407335,-0.004874381894485413,-0.006089118382806347,-0.00139484809260082,-0.025693416576224815
2022-12-23,0.006924690707316383,0.009716821791515784,0.031883359062186534,0.0056278488457579545,0.005929806111079072,0.0010444958357971323,0.005214545915443791,0.008979870789796784,0.010258066192592175,0.000588099983128032,0.0068454256197489904
2022-12-27,0.0008914089547495951,-0.008995690219392949,0.010682136761032579,-0.0002946690373826222,0.0030492035443641097,-0.009470246972792862,0.004788321951716412,-0.0008093768585543115,0.00620485715401542,-0.0025716019215842323,-0.01622480418777672
2022-12-28,-0.015268936714135983,-0.014566209836766486,-0.02238883036553385,-0.0035353014707599772,-0.01307129598382073,-0.016123848134121266,-0.012443525994932925,-0.01592428154869807,-0.009530436397739872,-0.006482321023212223,-0.008403365476756464
2022-12-29,0.010854141320874033,0.027635079100801985,0.010462576798178302,0.013896995453129835,0.012320293173929242,0.02618793727890467,0.004289439419000285,0.022216203112011446,0.0072167230787627545,0.010899013108923272,0.025740436358388852
2022-12-30,-0.007030496061699587,0.0004168506559216745,0.006327988017123198,-0.002624674367361468,-0.003955262759180123,-0.0013641712067088418,-0.004938532766662562,-0.009122504835137324,-0.009553079270987475,-0.003593717487366699,-0.002702282127899136
2023-01-04,0.017397182048327853,0.018720598729745186,-0.00011876789960818535,0.01602565597994099,0.008839947086618727,0.0025961061507151495,0.003904768205341247,0.02292970526304261,0.009077840937343318,0.0026577460291565824,0.014487337965669367
2023-01-05,-0.01583283886776099,0.0014135890577418042,0.018248798970809554,-0.007456158175667582,-0.010776541290080877,-0.019420599578978237,-0.010059213479381546,-0.029272291110781556,-0.02164743588311202,-0.010234169472953414,-0.009290081450302079
2023-01-06,0.03436284201416706,0.01633391666385231,0.018969072448630886,0.02224780757685063,0.027387517817600626,0.02929536592281523,0.026690002212222286,0.029068295194361937,0.02011484719096801,0.009224081964056552,0.0234811411641489
2023-01-10,0.010015154226692857,0.015055592756936687,0.007105851990840684,0.005673649165220951,0.005474780510970945,0.00618161095093539,-0.001332693405339147,0.0029053815887967183,0.00027974208482062224,0.0083960088137085,0.012568916100924143
2023-01-11,0.015668634444551355,0.0072208639784050455,0.0030729880553748146,0.009308780187643695,0.009603081692273419,0.017328223536067222,0.0005338991170189544,0.03634450000696465,0.008111889879374834,0.005649606379003913,0.026980749825685324
2023-01-12,0.003736371473882283,0.011044519645924344,0.01906036289384172,0.0019564019747062567,0.005883568084091184,0.007432731193089959,-0.007868851590930426,0.01118158164288996,-0.006797791556368726,-0.0031785069766047114,0.001664553262928914
2023-01-13,0.006124051981966749,0.003257770003838978,0.0014475240109315113,0.007531275815654714,-0.0011698152617084512,0.002843435713995923,0.00470484994728837,-0.005780297032703552,-0.00363175992519571,0.004449494832371004,0.009393118009393131
2023-01-17,-0.010025085405187983,-0.009359976715779372,0.002112286836140953,-0.006644635730923776,-0.008491230105599268,0.004521301957151502,0.0006691321037874953,0.0002527365442390739,-0.0014020033881260163,-0.0046511908760693554,0.0007158754370015785
2023-01-18,-0.014104991426884372,-0.012148253457785585,-0.01830506086384953,-0.018673264892030583,-0.018800990582047317,-0.012892593129232188,-0.027276273495346115,-0.015415706980951738,-0.024006942219273797,-0.01409294344706169,-0.013018739182494965
2023-01-19,-0.007703267252611057,0.005075219977729528,0.012430954516824855,-0.01164431741915617,-0.020565771293562296,-0.011670200114632157,-0.009484697514237861,-0.004876490195541816,-0.010068999662547484,0.002407384092382836,-0.016596531264159387
2023-01-20,0.020086090365970977,0.03126824592557731,0.009934244578045481,0.015804382176437315,0.013930103672643357,0.02705661798951131,0.0077713703501460785,0.011606742370088297,0.005957766617699978,0.005028644884377709,0.024246362543804967
2023-01-23,0.003261629800375143,0.017514136912436085,0.0013259910866370017,0.011598542311690663,0.010910242174449358,0.022765442487846732,0.0031667701677993154,0.002804634049036192,0.0002888337593731638,0.0034350974310541904,0.015613703702744175
2023-01-24,0.0006020599217184675,-0.00277612682614492,-0.0038629040504146728,0.0005592846172102206,0.006595403798041133,-0.0004470292405412968,0.004118384565896527,0.00432239995722572,0.005054218618574691,-0.0066234302614696094,-0.0011332573836115856
2023-01-25,0.002045674694397537,0.0035261824108150375,0.00011088223520627771,0.007825607898824805,-0.005559558455267455,-0.002084940327249596,0.0024607148975530624,0.0010125888586089982,-0.01350584453676451,0.0002997055568618734,0.005106720771831164
2023-01-26,0.004803462900616395,0.015535480745484387,0.031575291590285604,0.00526877876679932,0.005490630494189297,0.015971078263369076,-0.0035455784835997095,0.011380930622273189,0.0033497728911251468,0.0018723432672962392,0.020464044160555472
2023-01-27,-0.003226743182515035,0.006920436329840296,-0.0201912226382005,0.0,0.004169924936909597,0.004187131346532702,-0.002873995861753853,0.00900216309233759,0.0,-0.006802875635456007,0.022682039151538103
2023-01-30,-0.006834582555055646,-0.0157353538742514,-0.022909157220269094,-0.004965412291667581,-0.009788049731150439,-0.01909272838520959,0.0012350842488895175,-0.012143514626011487,-0.0045001124299423045,-0.009031798208885666,-0.017039980177725234
2023-01-31,0.02197289648995704,0.012128058360180827,0.008862429138130068,0.013584709992822575,0.01697428630343123,0.013945739730769846,0.010829572120326203,0.0183140897872216,0.007436596178157506,0.012911947214530262,0.02290716320209696
2023-02-01,0.006615139226549216,0.011800959960489577,-0.019681815932379054,0.0,0.007265369896408691,0.02353627290639726,0.008000836372043407,0.007390944940577127,0.001737241339223372,0.004724023687040058,0.01896417382355775
2023-02-02,-0.003168331271784619,0.06567388881457425,-0.022799504766739864,0.0027353419516880084,0.007798244116041353,0.027307055031281058,-0.008610154130561543,0.022988222672369663,0.002167181277778152,-0.006791586325265109,0.030623286131529204
2023-02-03,-0.01801271989269937,-0.02003711143800946,-0.0022053600109552818,-0.0019092213513058898,-0.005222966060572487,-0.008324302014289575,-0.0039353899643795875,-0.020798187363129217,-0.02090536246228747,-0.0029305659468322753,-0.03080174634144872
2023-02-06,-0.011029894982712118,-0.012027584933195223,-0.004537081254750608,-0.00027351770906813844,-0.0024308146044614842,-0.012203003636912402,0.0012261105654218785,-0.006347789006724391,0.00854071587077021,-0.0055768688750224005,-0.0014537183687493016
2023-02-07,0.01345626938040101,0.018608809808170257,0.032487968807918266,0.011481475158453769,0.003118977745836471,0.024992898764045313,-0.00421814789585595,-0.003931350650155152,-0.00043817601507312176,0.006441967749323707,0.0023158088365522467
2023-02-08,-0.008014525480610657,-0.031415350033067946,-0.008941482923522481,-0.005945952379149189,-0.005635390447616961,-0.012052420304503264,-0.0076523184377244036,-0.002713210252920706,-0.016798040627813537,-0.0029371066224106457,-0.008515700813687577
2023-02-09,-0.01447005427453274,-0.02185800661513959,-0.00856567459232438,-0.01114715714622505,-0.008989616754951357,-0.005500013085058875,-0.004406505672666983,-0.009646295857136056,-0.01366814047038667,-0.008760547969362764,-0.0018647421982446177
2023-02-10,0.0036704050146458833,-0.009551185659652073,0.039165871569343036,0.003299315437450101,0.007099171070204413,-0.004608857954321199,0.009266977598578308,0.0019980765290363856,0.019882406336873437,0.009447691112882461,-0.011740002088336587
2023-02-13,0.005242098902944914,0.014192042218816425,-0.0025495503018270194,0.011510123811969697,0.009105221568551647,0.017309924345516814,0.011374347411837293,0.009222307213587522,0.006055558661815175,0.008302429710472792,0.014647369990340886
2023-02-14,0.0023042955463858927,0.0003588842622641586,0.00033345718707233907,-0.005418698909232078,-0.002716592420064279,0.004271235579202282,-0.009078625792918515,-0.01037300452324652,-0.004257315630033842,-0.005913366187168423,0.011974345626774019
2023-02-15,0.004355712792159183,0.009146392952535276,-0.016998114385443186,0.0010898405249466503,0.006226112897278924,0.004671874986409419,0.0019145010047567634,0.0027451399871452065,0.006486667237344257,-0.004970070108830993,0.011701151315332448
2023-02-16,-0.011323790926054733,-0.015283658106750031,-0.009832766049803654,-0.01006803488790975,-0.010345113102872894,-0.017350459852983002,-0.007233565804518283,-0.00920853715196035,-0.007616933100316081,-0.009989244033017375,-0.021832294317793766
2023-02-17,-0.009382336805297098,-0.0010827094444746388,-0.035612482885750696,0.0002747664787536852,0.006545487693738528,-0.01250088929426263,0.01292274396114168,-0.005023838468522168,0.010775142946973792,0.008943272318492346,0.00019943330993776875
2023-02-21,-0.016482220566247707,-0.022041635172650342,-0.004971145248476305,-0.02061007584639918,-0.02290580868952463,-0.02374468353711834,-0.003800194848395222,-0.019691877582525996,-0.01869178574864727,-0.012955426184695473,-0.0334066314259196
2023-02-22,0.007503913600570122,0.002032244992706156,-0.006660638327579904,-0.0011224477875882988,-0.0024834534310621548,-0.0014651904182075848,-0.001498604623067945,-0.009013712240505733,-0.0038690142703827757,-0.0033773688528339063,0.005084523002371277
2023-02-24,0.00669554271194861,-0.01389157291234866,-0.001297557086036405,0.0008417630419059741,-0.0057489371834205105,-0.017826291481354728,-0.006693781854535619,-0.01853274746769562,0.0003002219343062329,-0.01290437736637895,-0.01573590943035419
2023-02-27,0.0033258042508987895,0.0031929086537128004,0.0029530968814279746,-0.0002804265312235099,0.008872569554503995,0.005363954031828211,-0.001100092364528571,0.001573400771664124,-0.006755635227852497,-0.0030347814014578534,0.01237310266035574
2023-02-28,0.004542005355454348,0.0016853218902104228,-0.01436804415538484,0.001963648638162896,-0.002272779840014172,-0.002192417860689355,-0.008261259807384569,0.0005238276779775397,-0.01753325375283743,-0.0074148723535927274,-0.0006868929834489279
2023-03-01,0.007821063341101553,-0.007663653559082828,0.0197151260599171,-0.003359577569852168,0.003961482261667593,-0.007324764302930387,-0.007357977979465469,-0.015441061094853437,-0.016461561640240263,-0.0016513220475862234,-0.012573694662320944
2023-03-02,0.0113982320540853,0.009418021782742425,0.008788602030025183,-0.004775173282059342,0.011739199820317348,0.01232268223379096,0.013706560356506081,0.013024854476161973,0.018926860421708547,0.00614372624654802,-0.003340080662975198
2023-03-03,0.01426650131362539,0.021832429475566517,0.013590692853715947,0.015805828568768554,0.01082303888211733,0.02150314711389245,0.0008276301565970368,0.016793677689955544,0.01704037901816391,0.011194501114214939,0.02150378169954026
2023-03-06,-0.01619353708355853,0.0,0.0004583394948509678,0.0008335656208795506,-0.0018326368409169458,0.004780774357264317,0.002619383736125469,-0.0038709482988017463,0.004830349888122365,-0.0004642794133951078,-0.0073132430713716
2023-03-07,-0.019704565185967082,-0.01022643561596559,-0.017411243210280647,-0.025819012406160247,-0.012852860169589642,-0.012427946051770888,-0.00989947104329092,-0.02512975773805548,-0.016373889099821515,-0.016110507469712987,-0.013632573413895233
2023-03-08,0.004902469242801688,0.0005535129388556381,-0.010258822473127815,-0.003704762571881459,0.0023494792972957868,0.008269692282540042,0.0016660637944831969,0.014084754096720165,0.007635910603293938,-0.0053530644010201245,-0.0018147614657818556
2023-03-09,-0.025734812326026812,-0.022496855789162384,-0.0141344945884464,-0.04061771441658091,-0.014747628193049422,-0.014335609312329578,-0.009288705011311293,-0.022798981680449026,-0.008032826953149996,-0.010130511537269737,-0.023846271897129845
2023-03-10,-0.021281877743986266,-0.014148315596899774,-0.012783576550168707,-0.018187312905486364,-0.01863587232786612,-0.01758309109513856,-0.004897757914494094,-0.031911819153195964,-0.015737223269154832,-0.007355911576472751,-0.009957714475769541
2023-03-13,-0.01023281046077662,0.0,-0.020331669304462063,-0.03947777430500976,-0.00565654922415515,0.0054499846502760185,0.005062382346430416,0.016066377579622593,0.015367978467855758,0.009343600820239883,0.002098560535622296
2023-03-14,0.0127940714103707,0.028320094781062677,0.009882797866457294,0.020234100876117544,0.010564861340810472,0.023075692933308245,0.009094862042972496,0.010360140980602894,0.013147612388141328,0.008937860255419539,0.016968529982185787
2023-03-15,-0.03241044098983692,0.010792629681142918,-0.05370043079470943,-0.02665016093768069,-0.024628173452830082,0.0005726589675725258,0.006516803544506233,0.0005395712611970804,0.013581096755561628,-0.000870164703404952,-0.001490958942780618
2023-03-16,0.011473280280312803,0.022459437971117602,0.010858308403292938,0.019102085127325363,0.012882679683000609,0.028052040741859186,0.0006888367649444671,0.0,0.006699249598598689,0.009341406082873593,0.01806147493085053
2023-03-17,-0.015515009255882672,-0.009542658689479122,-0.01572887302345627,-0.032177412199123956,-0.01638198262348267,-0.0013920569717632558,-0.007296188019894512,-0.022923633986844605,-0.00961270423068128,-0.012862684347962672,-0.012781945104842651
2023-03-20,0.020576382141505478,0.00747370419049731,0.020019742270874552,0.011126600167958633,0.013243614005801208,0.0026966922314395347,0.013864653215619471,0.010730218717591722,0.00782213419427924,0.012674275589806161,0.0043289180318573095
2023-03-22,-0.017769955075128574,-0.017537669347001517,-0.02127119186791182,-0.02315396863480712,-0.01915280877949943,-0.009952230883239932,-0.00921594906791956,-0.03651424621350707,-0.01964946078504859,-0.01511007427499722,-0.02227885590424017
2023-03-23,-0.0011795320925348518,0.016227948826860183,-0.013853674578808262,-0.006726481573005261,-0.0028930330716547825,0.016265282440307116,-0.0038869353257848793,-0.0060296050441333016,-0.010254898121081713,-0.0019077759505181646,-0.0010549271088390322
2023-03-24,0.008137375975910022,0.005145475308069969,0.003866536834213674,-0.0006449158141118572,0.0041446837234355716,0.0026103147618088407,0.017003345872227182,0.02570780766584546,0.031240300844695534,0.013858083605380322,-0.0032384383159681507
2023-03-27,0.007420814821324839,-0.005648652771065965,0.021312052719542507,0.01387537707832931,0.008358267968002098,-0.007741907975035045,0.00534475810727697,-0.0033792393410566612,0.0012177265021551253,0.004084692811336055,0.0020482908570813585
2023-03-28,0.0047816066489840825,-0.008166257459739867,0.015461937071173937,-0.0003181550733087901,0.005116703502806574,-0.004695267411947923,0.0017720022963874094,-0.0033908160324116476,0.0027368205981452842,-0.006024001898185527,-0.0011986547171523032
2023-03-29,0.013890707836967664,0.013245033578354048,0.01386474791442649,0.014644927330837554,0.014559300817882814,0.020950550987736793,0.005579254095834818,0.023816350375988282,0.014556558879577075,0.0027547660350637493,0.01898409361630149
2023-03-30,0.006850404177423108,0.0047695139812986564,0.004395651718253291,-0.002196451754867823,0.0021072417002159227,0.011619086705362491,0.0028413768273671813,0.013015803466498443,0.004333934456681066,0.005416026726906331,0.008726608769559219
2023-03-31,0.01625288540910419,0.019163171892328856,0.006929212930168793,0.01100637124269932,0.013218474552868953,0.014306984255012312,0.008096201796546909,0.021869706774547693,0.007291915521773662,0.010695568316064996,0.02670741989204406
2023-04-03,0.006322856062517257,0.004140090668785401,0.045273644240037436,0.0018662055050089332,0.0017791643856366335,-0.0015895774493484005,0.00522005747638743,-0.009363401328110643,-0.006795766225494604,0.011200412833830997,-0.009161268293212399
2023-04-04,-0.014414207340171958,0.0030921644847623497,-0.018133626682863335,-0.009313955523906792,-0.0223955072562968,-0.00550488860195808,-0.0019973137494788684,0.00027002520537799946,0.005057175659366253,0.0001525976066396595,-0.0016198462978612715
2023-04-05,-0.0022500720738011237,-0.003253833757904334,0.015057158311978291,-0.0012534528938396017,-0.01301840930483289,-0.011404435759356235,0.004669981938665302,-0.005129320768225254,0.025899018919103067,0.017261335415160284,-0.020482737842307253
2023-04-06,-0.002380292049774302,0.0125428801194436,-0.015181415415358557,0.003765203019611807,-0.00030685679313968706,0.005666603128272163,0.0007966502861578295,0.00678405910285429,0.007068728374117095,0.00247742738078105,0.00020721181107319353
2023-04-10,0.004771942716859545,-0.0022060223797516487,0.008002077107706285,0.0021882749504873455,0.009103065953691702,-0.0005364765431371543,0.0,0.0051213647369718895,-0.002005477617634921,-0.0006740139995345951,0.00441601363782862
2023-04-11,0.007749068091094546,-0.0025510483663373495,0.009455819149506883,0.008733676812520796,0.005980014791373556,-0.009396824985740238,0.0029193812725050172,0.004827240209110517,0.0008612856795788826,0.0033728219025161987,0.0015798465736025502
2023-04-12,0.0007442304158948865,-0.010400666761803512,0.0006939701724273384,-0.0021644688383003485,0.003325069625333965,-0.005691177157365224,-0.004498499193230532,-0.0029357335269335483,-0.0010037700782303816,0.000298663365102092,-0.015500717232350136
2023-04-13,0.010286183342874233,0.020847585996833784,0.006240434344275236,0.008986677340183657,0.0037155329074023413,0.018602883292647032,0.005582093448614156,-0.0032122423487007667,0.00014336948330773147,0.012992689166969607,0.022084603486591803
2023-04-14,-0.0072374293651736865,-0.000337499004381292,0.0018375789110751661,0.009827989237383816,-0.0012003875946471343,-0.005552707052677963,-0.006344184062723746,-0.017185739538809752,-0.011195581348164119,-0.008034647747740986,0.0012950512978595619
2023-04-17,0.005807547063886087,-0.005740216223546035,-0.011807668723412434,0.011557233142983403,0.007913430604543636,0.0036330184542894273,0.006384689709423741,0.02267758217364957,0.00551604809645756,-0.0008174395007517488,0.007079734763841161
2023-04-18,0.004176916966975863,-0.0050943657711786106,0.003944168491620381,0.003006559493971883,0.004770288949248469,0.0030829881979390628,0.0030397855241883764,-0.0016029493999575317,-0.005197015200779531,-0.0068422411413879836,0.0016222589240855179
2023-04-19,-0.0028136982856052928,-0.007509691092243087,-0.003466851240907509,0.0023980019297451527,-0.0007913653665275744,-0.002873061600940141,-0.0006587683884028417,0.005887292309847414,0.007691227613453755,0.0030701410198927803,-0.0009449868725495136
2023-04-20,-0.0011045401383128484,-0.010318322795643375,-0.008812507492433896,-0.0029904358229052574,-0.0017819035155753893,-0.006567523856762181,0.0023734768896446212,-0.011971560544379534,-0.00028806604050024553,-0.004106056581041129,-0.015401316221532846
2023-04-21,-0.008842826926360847,0.0024327579356693274,-0.005849151074291625,-0.0035993103183773467,-0.002280647452662876,-0.0032381406196045903,0.0072348173065146515,0.001077241117964256,0.002880952091826261,0.0067469217566162865,0.011045690852985901
2023-04-24,0.006815545344948326,-0.0010400121676451546,0.015297721229919237,-0.00240810817486925,0.0023851840546467162,-0.004398937835940808,0.0040485647146248915,-0.0026896963037609245,0.005027436588305179,0.005584179972698777,-0.00013554348277289296
2023-04-25,-0.02166168961754078,-0.015616901070413802,-0.018776132044730387,-0.017199691590244814,-0.018443044726349722,-0.02134454538743369,-0.0013006776544499665,-0.009169268385812446,-0.0010003863618424091,-0.010662521839007066,-0.019817025383110476
2023-04-26,-0.01182550688706463,-0.010576323133051346,-0.013347587133908045,-0.009518111330598877,-0.018890691393341097,0.014864077997261083,-0.007814444155790912,-0.008165724562971488,-0.023462341069139914,-0.014220381478687205,-0.005123463166343045
2023-04-27,0.01362196481189848,0.05807937314113043,0.0035915793193628254,0.01611908621508862,0.019769292984932685,0.02121696057700806,0.01115772545487892,0.024149256377918205,0.012012993787878345,0.005238613657958524,0.026376111168430638
2023-04-28,0.011680536920628537,0.008587292751918607,0.01550748052043871,0.01189756761298999,0.00969286162943761,0.010857209771853782,0.005322639251057915,0.01152198368595192,-0.001447235245669587,0.008534843431647232,0.0025767916066345986
2023-05-01,-0.0004965463277724069,-0.000166951117696712,-0.011276828794540283,-0.0027134077252229938,0.005400237347890524,0.0005964419380999342,0.0007745291939358356,-0.009271405548286316,0.0017391993253663696,0.0051673318867475615,-0.009874336982567788
2023-05-02,-0.009688214108681259,-0.018534012341880124,-0.04348338100455307,-0.022672229267693633,-0.01044365224111532,-0.009342432774814169,-0.0027096039414969963,-0.017112439792039247,-0.012156323246022782,-0.004321315693787797,0.0010248040091647148
2023-05-08,-0.0032637628878383618,0.010114700230402951,0.0,0.0015464921955523625,-0.003617805465061963,-0.0005291905041578948,-0.0029801325209680707,-0.006944221575922227,-0.003042207401772079,-0.00217069812832682,0.003396759009713035
2023-05-09,-0.009067996224145669,-0.006279668634955549,0.00037407656683763335,-0.0037060224310004886,0.0022189755671957467,-0.007673928395676044,-0.003118914805077977,-0.003227567765589301,-0.0013075834530292818,-0.006676661835661513,-0.00027071091730002106
2023-05-10,0.0006354091636731063,0.008881360391183701,-0.011338164346787472,-0.005579465226801528,-0.003622742241413235,0.012200222222037871,-0.0015643364346049626,0.00944390942888873,0.009166155817881938,0.0027942420552822256,0.005079370850511911
2023-05-11,-0.009780069682817416,0.009988055417117225,-0.011972282032666426,-0.0015587301210844284,-0.00606012489249208,-0.004479102576767535,0.0030029823455077764,-0.010424910446371616,-0.010236433933555444,-0.0030877741768116085,0.004649577589320053
2023-05-12,0.0017957007547046988,0.0008381795735519226,0.0015306995933557221,-0.004058739198443906,0.0007113724516225606,-0.001323043929525869,0.0039050804302329656,0.0018909137294158551,0.005535332020415007,-0.0013593772015282335,-0.008451297463250018
2023-05-15,0.008450699576490361,0.004689308702567674,0.005094285418993039,0.008150434519181626,0.0048739494033169795,0.00828088122429227,-0.002463565037679305,-0.0018873449229889205,-0.012603224411387948,-0.0017404474637015,0.0012855565431639793
2023-05-16,-0.016505902811800865,-0.001166970057484451,-0.024581966256545407,-0.009328250984215747,-0.013540731374118042,0.0010511943829438763,-0.008449284177337923,-0.026742322886853964,-0.02215367211453989,-0.008335652104541347,-0.004053718678038609
2023-05-17,0.006584063838660281,0.012183037248629569,0.019225747936682636,0.020087780617472628,0.017209554486585565,0.013323783156662161,-0.000524277060461209,0.013044471937285307,-0.003600934579439219,0.00122265118337328,0.0208250147035971
2023-05-18,0.005899802237860241,0.01797212036578788,0.007264916796239973,0.0073848001029075405,0.007250752769569546,0.020467678904746434,-0.004853132438600305,-0.006301106638831544,-0.003011467149151681,-0.002442499156114053,0.015548984564046187
2023-05-19,0.002549840785168067,-0.005345129481153954,0.007718543211289397,-0.004276352830407726,-0.0023994927536750144,-0.00044420032190206626,0.0006590505137153979,-0.0016545628590253214,-0.0015105326157822674,0.004667114337425948,-0.008375181500897555
2023-05-22,-0.0052139558866874935,0.00911905506587285,-0.00414375164103542,0.0018405674857024934,-0.00020037887794510656,0.0019049427539064023,-0.01514752780822004,0.006628407720228768,0.00030245048967136867,0.0009902926381659682,-0.003101226517221778
2023-05-23,-0.01546946987255704,-0.012425448356102153,0.010717462137338263,-0.011635084581541721,-0.01202897040042894,-0.014767408435884755,-0.007355989160452547,-0.012345750161279367,-0.0034777883217950167,-0.010955729157962835,-0.00913450623176748
2023-05-24,-0.011427221704942703,-0.004575269569728535,0.004366264967787359,-0.01301101559543627,-0.012885395193261706,-0.007333533444946139,-0.006467162570826579,-0.021944536185220187,-0.00652513930431986,-0.006845900843220343,-0.0036738088866729024
2023-05-25,-0.0035463090461144153,0.0,-0.01776170225664686,-0.0003138862240268381,0.003289015836899001,0.038364072108177716,-0.0075942657521902435,0.0022723392099863737,-0.013441463295048695,-0.010224040126309175,-0.00449227085625814
2023-05-26,0.0050093051038690994,0.020354743016781862,-0.003920190157704839,0.008163229061745714,0.007478748211781516,0.02839689506306331,0.0034160441922523876,0.01161796630529044,0.0,-0.002034578013044075,0.023504949029869104
2023-05-30,-0.005378037535105018,0.0016086217625594923,-0.010283239758988594,-0.0003114424038416219,-0.0015252118686919225,0.00534032106699911,-0.011439155801154066,0.0030810513868673173,-0.0038704694962243824,-0.006194530194263526,0.006711998646160788
2023-05-31,-0.01068165392898801,-0.0003210561795299327,-0.017573058574324785,-0.010591844256344629,-0.013647157315564873,-0.008330275439601742,0.0011019689259958998,0.006422869196777592,0.009169969831659408,0.008600316119046214,-0.009020364468340425
2023-06-01,0.01332968093446718,0.013496076768118481,0.012403827235976328,0.010705232410767485,0.012803363648305144,0.010165635407381135,-0.0008255952657413301,0.0002773260268786881,-0.007392456914428913,0.006571208714373222,0.011806492593073425
2023-06-02,0.03354380514023103,0.0012682779818657952,0.030435846862885363,0.021806953515413285,0.02905491097775048,0.00572438621718252,0.013772122025123457,0.021082005843325646,0.010395667173704215,0.012823459082367927,0.023468175809128633
2023-06-05,-0.0007635380880620657,0.0025330941256989092,-0.006633261347045449,-0.005183020339142308,-0.006934792754275665,-0.0057517463172146455,-0.0036679596267220616,-0.00461843339862944,0.004760496070575826,0.0036063547353692993,0.0029937715159622513
2023-06-06,0.006368568635289229,0.004106218691315888,0.008063610045511371,0.012565097069238584,0.006284913817770077,-0.00024096828369823964,-0.005045034447350605,0.006004359051154262,-0.0007642700392881396,-0.008333880933286242,0.010414468886267514
2023-06-07,0.011897247310560743,-0.011167016511471672,0.02649687668338996,0.0039347280744344015,0.01606026954996831,-0.014948698898425095,-0.003289029843371205,0.018448106799441755,0.016977714098470376,-0.003932314165623896,-0.006787624112842172
2023-06-08,-0.0036273553375427703,0.005089807260331591,-0.004261736566066099,-0.0009044692417409239,0.0017561906243501735,0.010831030891126137,0.006874926569278239,-0.006126541399899543,0.0043614986232680675,0.006424812701339544,0.01480720446248407
2023-06-09,-0.00828520882560968,0.000316517565543295,-0.005502447598900395,0.0003016424820794228,-0.002629783977380895,0.004963689714952313,-0.0016390130982777418,-0.005092650406654187,-0.00584001184481131,0.0030765291541683393,0.005175593292776837
2023-06-12,0.0045570065313795816,0.011865280033141357,-0.009590640798959438,-0.0003015515213301567,0.007128835093709096,0.02174576435439013,-0.00027339211263754937,-0.0005388541455042528,-0.0018076123504352504,0.003603773210509198,0.017183574724894957
2023-06-13,0.02318566417218526,0.003283239792556625,0.004717611013735468,0.006034953145649169,0.011636054039183552,0.006072469517718337,0.004104481016071304,0.007277716916550103,-0.00015082881593619923,0.005042287465917283,0.010367851883533952
2023-06-14,-0.004187105322787432,0.0017142604856619226,-0.01025590503002205,-0.0038992030619168228,-0.0026837990142397627,0.010313432882088414,0.006131779014565408,0.005351930612986999,-0.0006036569629060962,-0.01026234036151974,-0.0007243695629894908
2023-06-15,0.00853305751572253,0.0158682390211613,0.010986338288944575,0.013249212188905846,0.015088773571668712,0.012876287863419211,0.010021632840176542,0.004258640120252455,0.0108727647846385,0.015514687848031228,0.006523863362353666
2023-06-16,0.0024523861126153346,-0.00826959060333421,-0.0014820351232003315,-0.00208038299692348,-0.0016094593968556392,-0.008245938907830763,0.0012067879032455764,-0.0010601730907113804,0.00537815778725248,-7.557306402006247e-05,-0.0015002370372645402
2023-06-20,-0.013533762421625406,-0.004872090927089734,-0.02238176483167631,-0.007478194604473187,-0.0074264938943626735,-0.006758254241629236,-0.007606950869409879,-0.010741617962057637,-0.011727990827399393,-0.0011241361152607432,0.0074916333126267
2023-06-21,0.003239737692328104,-0.009947188847080679,0.007911951979573839,-0.0012057079658894798,0.005563541672288563,-0.014796605912292926,0.0035336250395905378,-0.004332641781310653,0.00803273782709879,0.0001521139392073323,-0.012014988595633769
2023-06-22,-0.0023599242426577405,0.007849237198083836,-0.01342094193936838,-0.007845485471348668,-0.007249789472251966,0.00815986696114579,0.0058233238266867104,-0.014141935180137621,-0.007668078879348839,0.006842151032034449,0.012766054482658662
2023-06-23,-0.008092685623057316,-0.0021805916042487716,-0.007186750029025801,-0.004257758284594626,-0.007591171844749889,-0.010850499274314251,-0.006597451246889041,-0.010758656188488702,-0.014696987031835307,-0.003322298446236549,-0.011589684329619154
2023-06-26,0.010417943289086296,-0.009990605751435733,0.01796788740780708,-0.0021382849667004322,0.008326899695558776,-0.0071745233578695,0.0013553085429198752,0.022309024020523704,0.009841537792779631,-0.005681932201651363,-0.012813372046778015
2023-06-27,0.01416160394810917,0.01687145652957378,0.002285717291476974,0.007958535428953306,0.012003192612886071,0.019708549149528576,0.0029776874256906005,0.0109110961051615,0.0003045566887267537,-0.0022855543522353194,0.021490127902171308
2023-06-28,-0.006859431583412401,0.004496875856588867,0.010135529805630705,-0.002429422146524751,0.0,0.000585625122081046,-0.00674750017512149,0.002698191908253822,-0.01476628267625768,-0.003207507031645962,0.003955993527625212
2023-06-29,0.012580106252353618,-0.005402700193409049,0.011539051819330792,0.017351523536777824,0.009678308558146664,0.001756210627491761,-0.000951247272313771,0.009149838174583369,0.0,0.006512077002638339,0.001074478486023045
2023-06-30,0.009378935290580204,0.010088315151208116,0.0064475298182589125,0.008677422788344824,0.008551804607715319,0.01589331335007471,0.00870422370181756,0.005066523504660969,0.011124786242964424,0.010275391313014026,0.012702779843591472
2023-07-03,0.0037408410048256346,0.0033806452064033543,0.002340865780461554,0.005636246745050144,0.00018637103475138694,-0.0021281963466751597,0.007819741911266442,0.00795960412305563,0.007487706771217351,-0.008212206675975664,0.012072393455709651
2023-07-05,-0.024645471852567047,0.00765673130362976,-0.005530929296319376,-0.002064824565364387,-0.005403383775792192,-0.006167489744417165,-0.0017389393038884648,0.0050015044712974355,0.011375806376229924,-0.0005315207003019351,0.0004073426803148372
2023-07-06,-0.007272396709240514,-0.007902617299295867,-0.02249434917611881,-0.008572140280337925,-0.007493573808603049,-0.002667897583781831,-0.002546459521908462,-0.00550031312962429,-0.012147560127410806,-0.007980678052917689,-0.016111157913044405
2023-07-07,0.008691471763317082,-0.003523351359842719,0.021494588276503857,0.0014907217704023257,0.0022650080340251844,-0.004361388493316576,-0.013032333070525315,-0.004740566430617377,-0.007287104434946512,-0.01164569756071876,0.0012412567904536154
2023-07-10,-0.000246295162254051,-0.0026135160076649067,0.007798056336124626,0.004465626540685497,0.014218439506322289,0.002628169156116522,-0.0002721757289352311,0.0034402214990829627,-0.004282051156053068,0.007906953168386632,0.003070421535378065
2023-07-11,0.009849890728947042,0.01741693361497698,0.021984803569128353,0.01185531731538525,0.011791049058680558,0.0021553811854488902,0.0014977079703195617,0.01133920225480356,0.012440475527647044,0.00023077263804949233,0.008358203208614912
2023-07-12,0.013167593902818853,0.012119312486561062,0.009253679124746172,0.00644387751486919,-0.0017433377774206393,0.011335232090530889,0.002311440809588783,0.004693703230611579,0.014563155637437708,-0.0026913796579381977,0.008989492364281704
2023-07-13,0.00782195530360874,0.014668478045139377,-0.003810457696875935,0.0034924430042766463,0.0012866776706355054,0.013047464667262476,0.004205175298428898,0.006748299883975184,0.0034388821089246235,0.00038565181443073193,0.009372346770072815
2023-07-14,-0.005850895303949666,-0.009440778984637133,-0.026416453444143673,-0.006670399216440526,-0.0029376451872260567,-0.0014751127036318756,0.0033767736011431904,0.0,-0.0038740372838413917,0.015028737089124,0.0025793303649535027
2023-07-18,0.007799431750739938,0.006874920260868889,0.01008739987660201,0.01127810969413523,0.005595096284153778,0.011332991749192445,-0.0010801034806682264,-0.008320456989477032,-0.007717915100003969,0.007399066869196558,0.004099493455841152
2023-07-19,-0.005357811313796423,0.0028200291715911874,0.005845554705668388,0.004289288855095386,-0.00045596556635940644,-0.002496307692016142,0.010137941100653913,0.011012274289454949,0.010218113668904794,0.0046186171553543875,0.0035157803429461953
2023-07-20,0.0023941831042451067,-0.01983404272615885,0.011744942375191636,0.007403171768422201,0.004471556768225415,-0.01996543465937428,0.008564121804246483,-0.003371631781074802,0.018266718682979688,0.016581145451295853,-0.034073795197290035
2023-07-21,0.00011956682919400663,-0.009966745917529996,0.008855813366913434,-0.0033917561271300523,-0.004724223056129184,-0.0005107603289095097,0.003449485684352327,0.004423731401303144,0.014974264185846131,0.01008312548227619,0.00023405908657192498
2023-07-24,0.0031044414388803343,0.0018303567795485698,0.016132925240559315,0.009642493869337576,0.0022820711727278287,0.001759969125390004,0.0038346095370118682,0.009585659576431427,-0.0026294839416626248,-0.0022020173734814685,0.006550663437303816
2023-07-25,0.01797385293485343,0.0031973319450553372,0.0052532858061373755,-0.006460433188553938,-0.001275058762259973,0.011448696285452309,-0.0002634641825450812,-0.0074415686301310124,0.0017577315693997342,-0.00044121154583909306,-0.002324361608224801
2023-07-26,-0.0033908619392200023,0.015631938195293182,0.00034856845925901325,0.0059371388022864124,0.007021740237957763,-0.013448389144403494,0.001185739719038903,0.003619152147366078,0.0,-0.0006626948685873879,-0.0002328416266041966
2023-07-27,-0.006453120840939963,0.008368427970141257,-0.0063850532682463434,-0.012647590047553114,-0.008602736655091037,-0.0028967038936666967,-0.008816790842602451,-0.021123256388311917,-0.017690174829946614,-0.00736418868444455,-0.010369445225199447
2023-07-28,0.006967234958087376,0.019709536331562028,0.003037699003259453,0.0019926421699163477,0.006211089308629791,0.013614269125986844,0.010355542836318232,-0.0028947021169302145,-0.0022324707636581786,0.0029674108859045756,0.01695309622901986
2023-07-31,0.00527757246520566,-0.00029065103665726344,0.01898662473107504,0.003693342295083779,0.002360289642809432,0.0023041703852284545,-0.004599127651276236,0.007917700894884527,0.0004472842429608104,-0.007692606422351922,0.005672638329888624
2023-08-01,-0.004433072556107809,-0.0013084810145929104,-0.004686860161669637,0.0,0.002988502068060228,0.0016820854935055696,-0.0054125437898295825,-0.001832740126275989,-0.012225810784773139,-0.0052181877392482034,-0.011338741715294476
2023-08-02,-0.01242105682405703,-0.01877718295658748,-0.013092805222697512,-0.008491613841020818,-0.010474027335850233,-0.024741069051758213,0.0035838770666802855,-0.004197279791544162,0.0,0.0006744640633447041,-0.01793101847503109
2023-08-03,-0.006169744103763919,-0.002522017604772331,0.010124549095829494,0.0005709030966993822,-0.006296327711007743,-0.004075096047114979,-0.002777553750508366,-0.013698711227334903,-0.022792565948584254,-0.005017156117271826,0.002371163374015106
2023-08-04,-0.0022684515545094985,-0.0022309567034070055,0.001382331148818139,-0.003994154608698897,-0.006060503744035772,-0.013600848329437532,-0.00994690689919775,-0.009882428937983745,-0.01158477951121728,-0.003537369580226102,0.014548577770716387
2023-08-07,0.00658130320527861,0.015501803526639213,0.0011504318837571859,0.014036283069831734,0.012287527934020215,0.0028044658824153412,0.008171545292147142,0.012678642449283961,-0.00015624408532133316,0.011555677425874489,0.010259345639548778
2023-08-08,-0.010579939245875858,-0.0027889169772916667,0.004941458229045681,-0.00903964599592888,-0.004563381842243142,-0.007690622376130718,-0.007175263993410286,-0.0050612366514719564,0.004688827690701336,0.0076909726903651165,-0.007962500484137491
2023-08-09,-0.0040853658066746235,-0.010744556986525877,0.01257862350206329,-0.007411612706015869,-0.0005499970574793789,-0.01291670981565296,0.0014721608229311123,0.0024096294264461804,0.002178061563660405,-0.00029659122844405417,-0.011865195938558393
2023-08-10,0.0007239839659693992,0.0034222331802171713,-0.00011292550789809841,0.0008613483181898474,-0.002752080162022108,0.0001189503078624643,-0.002004382134924265,-0.003205190189659479,-0.003104598872127995,-0.0006668207449054275,0.0024129928692862013
2023-08-14,0.002175930466360221,0.007300422826481245,-0.004226822421483645,-0.0020046254472277925,0.000367295036888482,0.01593742801974729,-0.004946468445117924,-0.005348978500026802,-0.007898339313549996,0.0030221577211719808,0.0030639979143891605
2023-08-15,-0.0162846740971625,-0.00887440851105803,-0.020777476605302825,-0.018364282224942907,-0.012760471303598364,-0.009848825108428438,-0.010748330653087224,-0.010217735858134569,-0.016234843377792574,-0.0036745389640254755,-0.013627950884632978
2023-08-16,-0.006744224063790161,-0.011938569793013443,-0.00866985129526554,-0.001461526316631434,-0.0055791776333581344,-0.009530077854570496,-0.0023088183605957102,-0.012225003552498448,0.004442890711372938,-0.007596669523577959,-0.01238690474479065
2023-08-17,-0.0019756053025238307,-0.011478692179927696,0.01196772062651652,-0.004976671670155142,-0.008415978599362495,-0.009501514772804587,-0.009665020222345055,-0.007425828125468548,-0.002211521753702539,-0.007952315666316045,-0.016944148207861498
2023-08-18,-0.00012355861095925125,-0.005958777366032564,0.00989304399730484,-0.00029412722093180577,0.0018859828214670138,0.0015176618129140174,0.003711243043947432,0.002770827296782352,0.005224855249588156,0.0003742537273405677,-0.0022692083124442597
2023-08-21,0.0001235738795761776,0.007223992364226106,-0.006305594903657452,-0.0011773218495436666,-0.0012235774513561504,0.019095631954899828,-0.006710613764918993,-0.008565933669177461,-0.006300149591082049,0.0010483524103526154,0.011496221735785905
2023-08-22,-0.0008660010830715548,0.0,-0.007705226595320358,-0.00942839129044859,-0.002355904716775936,-0.0011302799580988898,-0.005652724136986698,0.003065853512858041,0.0028530353772076023,-0.00351596155615419,0.0014585940191114144
2023-08-23,0.001609738426190166,0.01617591541492902,-0.002512447290356268,0.009815614133776629,0.010296483047412153,0.018044379893127793,0.006655513883741415,0.014726269333539932,0.0039513338803880416,0.0030030715104387706,0.008011386342815952
2023-08-24,-0.004202731949175642,-0.01922222904309323,-0.006868801639665301,-0.0035345029584042953,-0.012155137755214374,-0.023047556924089663,-0.007988960586180593,-0.004655092554347262,-0.0058250382086139085,-0.008682570233702114,-0.01956753512839382
2023-08-25,0.0029791958808105257,0.0010719155307736816,0.009683041846330287,0.004729464790713678,0.008423855198618435,0.010178904779966746,0.0055540573731232,0.002751237759350156,0.007601040609335863,0.007324264412768455,0.011176409434290546
2023-08-28,0.007301899587223382,0.012236214307641324,0.006735816573163689,0.0055899339187954755,0.008166123022101512,0.008179697314111278,0.004556859211990227,0.007956162164099778,-0.00015719280072512554,0.0023232003842763582,0.004008179231829834
2023-08-29,0.016586799447211975,0.02221222919231458,0.002721678092252988,0.009069694941416184,0.007634219120444596,0.0200484147275779,0.003573827051130296,0.011431448290390778,0.0037722490625873295,0.00897406245151755,0.024981893560513502
2023-08-30,0.002296416816607305,0.00014775943233469313,0.004976402564657478,0.0005797264753446552,0.00452740580028399,0.0075503643991352565,0.001643567526777856,0.0034984346014117484,-0.004541077056133158,-0.0007411084671494761,0.004308104517650513
2023-08-31,-0.0004824553390482267,0.0010347430368797816,0.000675189229193407,-0.0037668432072773816,-0.0045070007788160504,0.004862450541490038,-0.00505942567291906,-0.007240408269619136,-0.0095957381536933,-0.011941757712034873,0.003114468808821824
2023-09-01,0.011219913949776394,-0.009301902617141145,0.020467945772358442,0.009016817296841895,0.005266548691797546,0.003074066629791039,-0.008521317223755931,-0.000540333835711504,-0.0050825872167620245,0.0027022984136917394,-0.00609236521603318
2023-09-05,-0.01849211870441758,-0.00014920446308430702,0.005289875866547167,-0.010089237803393325,-0.016819814649182363,0.003575552165373752,-0.008594440836154349,-0.009999724457335546,-0.01532565563168875,-0.010331379789901618,0.0007071576859751794
2023-09-06,-0.0021879300782211564,-0.0031297850351553747,0.0004383898350956983,-0.0005826051538787569,-0.004300188684696393,-0.010575172573898728,-0.001118348725248186,-0.0019113601477376285,0.0022697397025857047,-0.005446900900174412,-0.00889330519543119
2023-09-07,-0.004507230024685227,-0.0017944658513594502,-0.0009863307180968395,-0.0026222693456783297,-0.0032861474169839644,-0.014460545340487463,0.0023795951404403937,0.008205734544362242,0.01310267877669502,0.004487766780130853,0.002793041708398558
2023-09-08,0.0009788054002826119,0.0029958786835433404,0.009652412467025417,0.002044917988952788,-0.004992499903892611,0.0020877674529966583,0.0012567748554623837,-0.006511136216130642,0.008781673237957754,0.0,0.0
2023-09-11,0.004278992716314045,0.015083698726766848,-0.013145161900009805,0.004664774334734556,0.0002840292512618081,0.0052087241164366915,0.0086471811242943,0.0005461223382217106,0.004115079564051438,0.006890623734116419,0.026903498721071895
2023-09-12,-0.002312811655298286,-0.010445685264773075,0.023558039000346254,0.006674384669560496,-0.0035964572874477296,-0.018135755760630645,-0.00857304842180362,0.0,0.0012612440036039452,-0.0012783008314219968,-0.009059607786675583
2023-09-13,-0.005856612466413558,0.003270839484360133,-0.0075284313155941085,0.0,-0.006648929964413686,0.0025213232258261,0.0030683362045544893,-0.010098202936684397,0.011964552471843914,0.00015070766713876083,0.007919773240339323
2023-09-14,0.01411376350202831,0.013929959062635833,0.011703435635862292,0.009224547243495973,0.009848897243578847,0.007252800203857657,0.010150091328658961,0.018196979228250365,0.01462356916909191,0.003162168157705203,0.009821951594805034
2023-09-15,-0.01113385059046379,-0.01330006215411006,-0.014460217430812272,-0.0051414021517770525,-0.005775905000709791,-0.019220709528778634,-0.008258785015056724,-0.003791216493042482,-0.004292960204689722,-0.00788047107422285,-0.017107177558074782
2023-09-19,-0.0008644941182383015,0.0007420085424474365,-0.009336603983958303,-0.001150561399703931,-0.0042028494942635275,-0.0005314453437876843,-0.0023762754690925814,-0.005251370180633819,-0.005437191857492807,0.0008366961188763788,-0.005011238280416164
2023-09-20,-0.010505469020387959,-0.013642068136183183,-0.009314915057672124,-0.00691041088241362,-0.003932982362106041,-0.01571549397881511,0.0009808505482729046,0.0019448745358052744,0.0009372166942911431,7.593400329475308e-05,-0.009954216187804454
2023-09-21,-0.020109760444486646,-0.01232708623383405,-0.013716794797371867,-0.016526401652365408,-0.01637122562410953,-0.015246247769939658,-0.012878010926755779,-0.03466433635525079,-0.010455776452999554,-0.008740598611964523,-0.0272907581230325
2023-09-22,-0.0010197976818214771,-0.0012178240939283436,0.0016822376805003536,-0.007665183142905541,-0.0034268266383014057,0.0021336034468559806,-0.0053886651287257115,-0.006894840663917101,-0.0018923365910257228,-0.0020701437346717366,-0.009844346323332642
2023-09-25,0.00791119476713309,0.002438617995607739,0.012540620180022666,0.0023767720962450944,0.005010559523722646,0.003223605294560672,-0.0035642537448625777,-0.0017354086904184385,-0.001422072371054628,0.005455260949767782,0.006151952710280906
2023-09-26,-0.014432367448610761,-0.011097774662590654,-0.005750396191757323,-0.013337642504844038,-0.015249516181356504,-0.01800660139664656,-0.0074401339026612945,-0.017675907326078488,-0.029905013825546112,-0.008482297097492708,-0.018219155249370345
2023-09-27,-0.00012850843923328803,0.0026133891889474903,0.024913866254716144,-0.001501400358248861,0.007444971025094338,0.0015435854111520708,-0.008216995343749423,-0.008849690617948158,-0.019246537424185806,-0.005009691321710585,-0.0038370979975816955
2023-09-28,0.010791484145514119,0.011039462205800765,0.001085132524230481,0.007219814838657301,0.00423699454194848,0.0070890529264060476,0.0030527061494185492,0.010416691624091534,-0.021619592757210482,0.0048026491890098555,0.011177082719758147
2023-09-29,-0.0016522764658541966,-0.005610883327335392,-0.020162531930754568,-0.009259037611486942,-0.005298348221240978,0.0034277279902859004,-0.002898468538921728,0.003534565986925031,0.0016996448520918417,-0.007554901684166726,0.005308225628375407
2023-10-02,-0.01323978331594533,0.007472721442433272,-0.019913704520595488,-0.008441410203795852,-0.009765041438135058,0.010736396648324487,-0.006830186341633238,-0.018197845979637584,-0.04649592407076175,-0.0013981053211445937,0.0008075538833616225
2023-10-03,-0.002709382194368004,-0.01347252056963133,-0.0006772989104083527,-0.01581034073083032,-0.006972968035007798,-0.01695934960717993,-0.007170369884589078,-0.018236041451764495,0.011567953079192561,-0.008867474939985964,-0.024331258758850782
2023-10-04,0.011772105285320356,0.0095133612853735,-0.03140194920438222,0.007414288921083534,0.00321004629617172,0.012463083688640575,0.007958802338459137,0.010657633258443155,-0.0010556054533167325,0.004237890905365305,0.01972140676902301
2023-10-05,-0.012146700916574549,-0.0013678360804656453,-0.0061805723790832046,0.004599515901602125,-0.005899542994148854,0.001334085933172524,-0.01973954372962128,0.0072311910111351185,-0.005811785212816112,0.00547043215293419,-0.004991104079553499
2023-10-06,0.009448624408454398,0.0184171026674671,0.0059844117523877305,0.008547240817160295,0.013679291003440452,0.018712366975562,-0.005519119905563974,0.0038885817022340508,0.01417166324649366,0.010492803007795537,0.007022498743528116
2023-10-10,0.010628718381054503,0.0057667586768128665,0.001241621837542839,0.007259244645906993,0.0060571709844865484,0.00153768806373078,0.01019042647312296,0.003529429406585294,0.013663220271315168,0.004752462020291448,0.01094657915050301
2023-10-11,0.002407444061675257,0.009114928971164948,-0.012852257496493658,0.0015016606474569372,0.006020396002650141,0.009270606132214976,-0.006824071269283971,0.020222949858061057,0.016208804214604244,-0.004424651199868679,0.0035685082518346345
2023-10-12,-0.014915920645410474,-0.011800631325167177,0.0011420164465771876,-0.006296902405115601,-0.009073262891663547,0.0009362846044136397,-0.010903732898775886,-0.013214666535894315,-0.01544674208759167,-0.008582671223774874,-0.010912206937264357
2023-10-13,-0.0037212808740905157,-0.01120458457271345,0.0220169289836043,0.0021123079254374844,-0.008864357585466442,-0.014320747319993554,0.008758677326433206,-0.0002910270816233185,0.01125509214679421,0.006260843027828589,-0.014689604806683576
2023-10-16,0.009788741888441477,0.016102526102671932,0.006697113963111345,0.010538801909255158,0.010614325115452683,0.009606767598013155,0.010329552418473664,0.010192098926318671,0.01028670336984705,0.007527324362076593,0.016166743403410955
2023-10-17,0.009821559950723868,0.0035216702444187398,0.010422591771457546,0.004767827090066845,0.003112024994441187,-0.004640238631483551,0.004296868984924762,-0.005188810657858256,-0.002670586409700859,-0.001372144340476722,0.002352477415485499
2023-10-18,-0.025893501442172395,-0.017253934199806586,0.00910779622447544,-0.017200584424836962,-0.0241394512675287,-0.01026800134471062,0.003688475030831695,-0.022022689013705632,-0.008702835079325788,-0.008703034858406178,-0.02346869841669741
2023-10-19,-0.011670372720957611,-0.0010416408294325885,-0.001739674011221659,-0.013276947145006934,-0.009239238966899377,-0.005723689029862422,-0.0073498403590184225,-0.024592566243687775,-0.009961349269394848,-0.009857555600513379,-0.025550103871283536
2023-10-20,-0.012070273175014523,-0.009234399428895701,-0.016775681707197676,-0.015290628796510775,-0.010327903231550195,-0.016910641618819278,-0.003850314044451686,-0.005163876503374354,-0.010402411477934859,-0.003966700811085966,-0.015511310429318304
2023-10-23,-0.01115528604431748,0.0052618754287878655,-0.016175550337358513,-0.00621104114251525,-0.004660621439114387,0.0011589221220966728,-0.0019325076107234995,-0.008549511894508588,-0.008443842066795826,-0.006247120273227269,0.0011866150478530013
2023-10-24,0.011818245325609933,0.011813707744628976,-0.014076653283924268,0.0068749377342771645,0.007532642145551716,0.006884692306624807,0.008489736934790715,0.012626850021636438,0.025721167196250727,0.0030646651823718063,0.01066698032009028
2023-10-25,-0.011680205788151987,-0.0433046200949021,-0.00182758532261873,-0.0037244336904559416,-0.012830785528893052,-0.011799282262985655,0.0033970090923458596,-0.02098554998699509,0.00559134752195356,-0.008930628887588887,-0.020196705198559206
2023-10-26,0.006983674188348665,-0.021782906796523394,-0.007781176582408622,-0.0021806825995905887,-0.0041961467176440115,-0.019104761599370357,-0.006476198875663863,0.021124699544125214,0.008593076213047945,-0.009880659344347786,-0.01562612096949767
2023-10-27,-0.00040049472376935125,-0.0036322732605655883,-0.02398801168481335,-0.01810795674906407,-0.0088386574928766,0.005805396763528092,-0.013629644972481758,-0.015819952539765425,-0.01887738000722239,-0.016924867172452895,0.01047006496060976
2023-10-30,0.01027376117289358,0.02060550416719309,0.0033086248916496253,0.017806017546165398,0.01244290984672114,0.01073738223924936,0.015620215534255966,0.003091215946758874,0.00766222636235292,0.0056034967765370425,0.009158409101726939
2023-10-31,0.004490087060234238,0.005124890567487217,0.0032975202833429584,0.010934192082674876,0.007374105153483468,0.007123088115713827,0.0035492162205046363,0.020030729114850265,0.008617691322131638,0.005733492864658185,0.007551845691477821
2023-11-01,0.000526026181104422,0.014678389513554713,-0.002347768181833132,0.006489422982312698,0.0032533714030049676,0.019328064816772406,-0.0010315244595070494,0.005136044789648242,0.011392150113356703,0.002087859695726779,0.01236025123424156
2023-11-02,0.019316764514804463,0.013248325963021834,0.03023894634394808,0.023641234632355124,0.020571432684625135,0.016927934896849628,0.012981117856841529,0.030958843766383026,0.018718042632454246,0.01586525732156341,0.026107111680730766
2023-11-06,-0.004950110576804834,-0.0026643475794855265,-0.01130612359524974,-0.0029602942599580295,-0.002657518008217119,0.006578947368421018,0.0015998560165013664,-0.013671151129079906,-0.0025865337739017225,0.006671275765526952,0.0012484183724956743
2023-11-07,-0.019387804320603053,0.005342930583137617,-0.022170112695913735,-0.0014846004209393415,-0.0024672330468562542,0.01093183965846567,0.0024688769869867233,-0.00837422732177795,-0.007293462124470906,0.0007017306329046846,0.01115827895474486
2023-11-08,0.0031220784994265838,-0.004724018619706616,-0.012529936928813656,0.0011893287940596409,0.0022754029271507825,0.005664192073003171,-0.003911376017495916,0.005824099464902588,-0.007346914103932178,-0.0014024153813505524,-0.002651084044280938
2023-11-09,-0.008558321604822394,-0.00029660176795553994,-0.0030210456507049344,-0.004157999038739035,-0.002171534643592543,-0.004664986387766468,-0.004072090862674904,-0.015344546510209556,-0.013157872628115186,-0.020675628992423478,-0.018667265541335798
2023-11-10,0.011770905013989807,0.01587563136569381,0.011030255048979365,0.011333204598653834,0.014442718443266722,0.026121725983787814,0.007009167950894346,0.011173106372048824,0.005333365116445332,0.005975217288948453,0.016628885688492412
2023-11-13,-0.0014220307618184602,-0.002190913657975413,0.007193315384142807,-0.0014745309559524022,0.0008775048079212588,-0.005848976243604365,0.0031904397480426727,-0.00843260991710848,-0.01193652883218721,0.005781119285024339,0.004275101423248717
2023-11-14,0.029514690164843982,0.016247008043542843,0.0089276956405544,0.01890140123479167,0.020070260328612033,0.020003189454001813,0.010262894693541469,0.053958880020823274,0.03993311741230454,0.006771723604737545,0.03368499802179614
2023-11-15,0.004400876945277021,0.004897158874551888,-0.0018880338396520813,0.005507280043805629,0.002101073128018882,0.0012636989373455698,0.008012621682695897,0.002225904622663366,-0.0030655251383149285,0.0007821192289740875,0.0011937094988934138
2023-11-16,0.003004524514495177,0.004443208007623545,-0.019503491289516783,0.0040357397583472565,0.0001907634532425373,0.004992485006989789,-0.012349174837389398,-0.0002777060812932941,0.005340625144460764,0.004298201113836164,-0.010253291090039696
2023-11-17,0.0018721156141172646,-0.0001429510502100051,0.02097656873906506,0.005167870787814666,0.006384618734256664,-0.00207447787471704,-0.0012934862552644866,-0.0011106743161952704,0.002736677690913014,-0.002023236894224123,0.006685388413510296
2023-11-20,0.001744082612346931,0.011274530500621438,0.0014169776096757403,0.003999078011960977,0.0030299565515663485,0.014496610598007997,-0.00071937839724312,0.007784283171434314,-0.0030502689519017467,0.006081954270479084,0.005145402883241168
2023-11-21,0.0038553435569688155,-0.0033869857351184196,-0.002240373323150302,-0.000569229889690881,-0.0007551077807393947,-0.008088402996558774,0.003024102202120238,-0.004965512685967566,0.002093408130027896,0.0060450035211763176,-0.002559439081407655
2023-11-22,0.00061920232903101,0.00821291288988224,-0.00047261941658161,0.003985192942069338,0.0021728643231067046,0.004457793596416293,0.007178656837425246,0.0030495021038863257,0.004820809422399153,0.004776137329144614,0.003043526181840006
2023-11-24,0.004333512015512353,-0.003370702283138516,0.0041381288528477,0.0031188819799297107,0.0024509461099870844,-0.0019482902715206585,0.0037065684791564024,0.003869664876273049,0.002558754336122737,0.005367080408598568,0.0009517712796496269
2023-11-27,-0.0012327898698603068,-0.006200704788480782,-0.003532336434444172,-0.003391837963076072,-0.0056423263537772606,-5.444185920278066e-05,-0.002840606395780876,0.0035794497233998523,0.0015951887771508133,-0.006253410035095497,0.0016049218094993378
2023-11-28,0.0019747999573431763,0.0024107882385231427,0.0002364275247115355,-0.00028339120403420015,-0.0023644090384346006,0.0018980070338006083,0.0045577555855143,0.005486899623658337,0.0031852313247973107,-0.005141609318305984,0.005756208622522241
2023-11-29,0.005173694419760899,-0.007214638798067274,-0.007442452055077986,0.00709205242577049,0.003791960496097202,0.0007578484316554945,-0.008081851336344203,0.007639853623540471,-0.007937827036878065,0.0003086621941306156,-0.002714037399172975
2023-11-30,0.009926322029213841,-0.005842047800296402,0.006664998125093247,0.01126757524654387,0.01095487564636044,0.001460416128095554,0.010005843328016129,0.008123431260990799,0.00432070283206043,0.012569261856659297,-0.0014199010953391822
2023-12-01,0.011406541166252282,0.0020066173051671576,0.00520214689924714,0.007520984029318445,0.015786830820806674,0.002268343277678886,0.0041042725846449635,0.02095075164537641,0.01226903228171472,0.003960188641088047,0.013686337712513152
2023-12-04,-0.011637602173837913,-0.010012994278240983,-0.004587108929665851,-0.0011058094015083952,0.001655251460538576,-0.012177868951410042,0.0012683952499947804,0.0055248750799112845,-0.0039351779786980234,0.0018961446600989085,-0.003799171142800817
2023-12-05,-0.013717022458705652,-0.004623681704516547,-0.017487959979321288,-0.0049823613306869685,-0.008079257589411859,0.006000293773274379,-0.007882798066444652,-0.0041861301103893744,-0.007111227119179109,-0.0012868757685340348,0.0017603401627732662
2023-12-06,-0.0020922424817523266,-0.0026127956777419747,-0.014912691157313529,-0.005006650641870447,0.004442894812602516,-0.008459033586706743,-0.002553822479789414,-0.003415698044916926,0.01336935019282759,0.0007578057050554587,0.0014640536539833882
2023-12-07,0.006783345042497224,0.0209575777292077,-0.006836788859851506,0.004752492688430365,0.0009215937666748886,0.012140415965653517,0.0042672301486255115,0.0013180652543522964,-0.002198774644756929,-0.00121164300712151,0.008246231338534082
2023-12-08,0.0036752636528887273,0.004704422241699646,0.01081739554147898,0.005286731037791981,0.0031300396395637087,0.008536940321278053,-0.006940377841759826,-0.0021064544856805867,-0.0018890192202944966,0.0016685559342370926,0.004582436560225611
2023-12-11,0.0070791986074525415,-0.007661887735804895,0.0012161399777115278,0.006088848540848568,0.009544871689472378,0.00873236093138785,0.009556183326226764,0.003430227745075509,0.006465998905481385,0.006587285248598196,0.002655897655616135
2023-12-12,0.005817317435785618,0.0041466055297398885,-0.013725389718459158,0.007152767082652334,0.004545468242851847,0.006638752654069213,0.0032497248975384974,-0.00026302845733428004,-0.004074042082747642,0.004287658694025032,0.003109752276247324
2023-12-13,0.012170090175448456,0.009397455556942491,0.013916397700373784,0.0161159263125894,0.011131156546213772,0.008810731848709397,0.018166380459344156,0.036296835835312846,0.03775953399092913,0.018425685662865288,0.013089013412992179
2023-12-14,0.016547652357026488,0.004372899417351528,0.029393940211221548,0.009946185234991134,0.012888206940288471,-0.0024578039712335187,-0.014661296723569639,0.027664917814569145,-0.013038132819786608,-0.004853992194458923,0.013430075878175574
2023-12-15,-0.002576421890392422,-0.002528026712353859,-0.005309903513463832,-0.005855683319803795,-0.001325450646943671,0.005032745866924815,0.0,-0.012101679763029671,-0.01735784788447514,-0.008499004852609682,0.0020690159964726895
2023-12-18,0.0015489469483795926,0.012336713166184232,0.008167950369892152,0.003336292655114148,-4.4482407731583073e-05,0.0029906739046083874,0.010409813094284237,-0.0027541198009602974,-0.002256558968916411,0.0016320317076397028,0.006204815561478005
2023-12-19,0.009207854416163785,0.010178244189466668,0.011998032179896923,0.007508798929295013,0.007740213417510633,0.003804954579462727,0.001959584265394554,0.006840718013552571,0.005693499364013421,0.006727484468845635,0.007833440901357402
2023-12-20,-0.015323482562831336,-0.007729484945624643,-0.009273331944320784,-0.01783320844667413,-0.016156094175185487,-0.015110511019393758,-0.01941882661871308,-0.012581854573361029,-0.020286137583167996,-0.014478751817120106,-0.01824602999507008
2023-12-21,0.010572429257850846,0.00987626540329245,0.003910035877785933,0.009755777647819874,0.010319406581294821,0.011229902589574792,0.006980975097844233,0.008409733325518864,0.0017656407556567721,0.012205195889579246,0.015216142999173066
2023-12-22,0.006230435013815372,0.00013775861464515593,0.002950451167148982,0.00214720404300639,0.004796136821419328,0.0013034683364474553,0.007640224599687606,0.004043392138426638,0.003364774566655404,0.004987017622337664,-0.007355813296596181
2023-12-26,0.004672862164171621,0.003856279814691277,0.008590279845969606,0.004017236779089828,0.00707157492618804,0.004165636661015437,0.004212096505752161,0.007299340618485584,0.006068387732661273,0.0022219000440548697,0.0042345439664017714
2023-12-27,0.0024417316958331714,0.00013731762970925487,-0.004433522677539825,0.0032006790335299407,0.0014920888699898605,-5.194463311342101e-05,0.004614007284254651,0.005747121743850281,-0.000634870574757862,0.004212355792936329,0.003439716873847587
2023-12-28,-0.0038276870866953416,0.002743190992771982,-0.015234943926551336,0.0029249432732103564,0.00026299843810728696,0.0011927844835886159,0.00041776322503794816,0.006211267744286486,0.007147281371744141,0.002575407602623647,-0.00519731895875486
2023-12-29,-0.003959093548760784,-0.006018852034863076,-0.0022610806036217346,-0.003181370951539919,-0.0012267511671744113,-0.0030560365990949245,0.0020867107109783234,-0.010864297396209865,-0.0012615951066886621,0.001027655701532515,-0.006169208864774678
2024-01-04,-0.003196433500536444,-0.00333446716642094,-0.017533511658614276,0.0040061916541940246,0.0012595278405291843,-0.007330114629957363,-0.0013835963827801834,-0.0025336260959452073,-0.003101262588757092,0.00498020169452551,-0.007028818208299592
2024-01-05,0.0016625261119349588,0.00418197438120349,0.0008270861421144637,0.004256498559638056,0.0011679543126117409,-0.0002717121694315594,-0.00221688839086287,-0.0020319663248064,0.0037331050000875,-0.0008618693502130403,0.0015663729372248358
2024-01-09,-0.011452248142675203,-0.0020502418094376917,-0.016009478995849147,-0.006317521536159165,-0.0031206400198864337,0.0015894065988752981,0.0026191477272412556,-0.007029950876697777,-0.008153826051461754,-0.00014239642963709276,-0.0037025453916719187
2024-01-10,-0.001313623275402298,0.009313695611026906,-0.009834784365740923,0.0015894215891594232,0.005098050365527795,0.008516674838923599,-0.0020624340843740097,0.001517038799754511,-0.0001550986710115998,0.004560482027168744,0.008004172170529511
2024-01-11,-0.0029896928314452342,-0.00325687827475718,0.0025750621116367167,-0.0037027651198837663,-0.002313529766256872,0.005087934661146543,-0.00013789079049397746,-0.009341005215378284,-0.023270230830159222,-0.0007095222110328203,-0.0013046288004509021
2024-01-12,0.0009595135094504492,0.004901173990029095,0.011252453251602512,-0.0018581068397356404,-8.926095499706133e-05,0.003235512037830901,0.0031694827138606385,0.0076453256779447365,0.00571785081698617,-0.0024842511622042984,-0.01203982209474419
2024-01-16,-0.011503884217599736,-0.005690271323179785,-0.023826783730497514,-0.006914969478031274,-0.010079336617776158,0.0024969118307061056,-0.005494646590875174,-0.006069792541468555,-0.010897130943242295,-0.0059780166589717965,-0.0011497229576248325
2024-01-17,-0.0072736503365454785,-0.006131450224785784,-0.008301434950360065,-0.00187452813275657,-0.0067580346348039555,-0.004929325689647213,-0.0006905003556566536,-0.018320475801438918,-0.0145297329916666,-0.0020044678741957256,-0.008747702127283374
2024-01-18,0.0031750445254088433,0.012201651305913774,-0.0016239512299672798,0.0016097860487669369,0.013517170189991212,0.020284547471334013,-0.001244071309677408,-0.00648023698716782,-0.010693399027327688,-0.00014348001033781532,0.005689612312945291
2024-01-19,0.000973859613575101,0.013544664961369524,0.003253389346485225,0.016072935169965552,0.0065343216468771725,0.02305020728728735,-0.0029058541396823623,0.009652939848086461,-0.0013102823183359646,0.0005737760575812434,0.009640949613648031
2024-01-22,0.0029185437071961307,0.0020045905363252903,0.0037421282457730243,0.004745428678434749,0.0077366310756741274,0.00439647565252832,-0.0048579874397141065,0.004651181937475712,-0.005083565653777322,0.004374145343372549,-0.004402913577192691
2024-01-23,0.0032738549553237295,0.009869098559161626,0.002112599851217034,0.0015744073706138728,-0.0007940797008321177,0.0040287566877783565,0.010878722218226278,-0.005401134124697005,0.001813077767570892,-0.0007138559335346795,-0.0024120398247267083
2024-01-24,-0.013536240654491993,0.006207355492512612,0.014260947283921022,0.00392977981005882,-0.006182231393099591,0.006885849580261283,-0.012279317706236026,-0.013705775668183873,-0.013655864124861306,-0.00914487506992645,-0.0037997298466233564
2024-01-25,0.010536728532693385,0.01627512528313213,0.02249645249934451,0.004958352504467856,0.009597457288696098,0.004182068446003218,0.009638046754324892,0.013634047300341345,0.01801507966605831,-0.001514138939108678,-0.012366942768092692
2024-01-26,0.00036356807728177287,0.0032286297380796913,0.00741383159393294,0.0036352552120544335,-0.0015843127132477708,-0.011513916445655137,0.004842531061675537,-0.004397333303748141,0.002949335741109671,0.005704657049099282,0.004564096626780145
2024-01-29,0.004969134350313764,0.008367623025788085,-0.0014243625948382466,0.0025873509185780907,0.006523767143711279,0.009169664501033292,0.005782988379548382,0.0072746931609011245,0.00637160127859282,0.007036631187901543,0.014620251751442659
2024-01-30,0.004582638599665234,-0.006766111214881909,0.010341261834173388,0.0126453523590484,0.0003502891380735562,-0.008251354705976044,0.005612292904814353,-0.009285671990335365,-0.00032464972003887205,0.002281767465536433,-0.0005740133816479753
2024-01-31,-0.013085251151680022,-0.02467879542526774,-0.018705990428699693,-0.012232649505683368,-0.011557555616677151,-0.020998460440580846,-0.007350870717234503,-0.007289632618213249,-0.002111039965920325,-0.0013516029202702562,-0.018209162140175317
2024-02-01,0.016664766562300537,0.010279361361557271,-0.00011992480285183404,0.0015479035191492407,0.01700751151243529,0.012596055588778965,0.020433354012598937,0.01757124374049157,0.019039750587442672,0.01296452108612578,0.019248916106148206
2024-02-02,-0.005862810981362321,0.040177437499579804,0.0014388795570297042,0.004121633109076317,0.006706862674048519,0.01034125955741283,-0.0032253907472523657,-0.012628737254717026,-0.018045223801697374,-0.0014765431961819564,0.017851966627489002
2024-02-05,-0.025394040274047014,-0.014045578589365837,-0.002514518805444621,-0.005900376608204083,-0.005450887175810437,0.0022745361111271567,-0.006202002814726715,-0.019838112065911018,-0.020816395618237005,0.003098871497536404,-0.014098777472902557
2024-02-06,0.017658490464880883,-0.0030527493761381974,0.0032410746272393265,0.002064741811467652,0.008960567847469791,-0.004588092846971037,0.0023062391772052937,0.015179693860545074,0.0036537913825844814,0.0108825912760524,0.006063342865155086
2024-02-07,0.008008947625358642,0.00510329609994753,0.00203408760874102,0.0074682805229304705,0.006639000105510995,0.01323293868865072,-0.0009473787080398477,-0.0005246491890762428,0.0006619376854097858,0.0027084220729935993,0.011200809785115284
2024-02-08,-0.0013242507945026016,0.003808261510335864,0.010268646833421435,-0.003834347973053709,0.00017124053243922077,0.0031304682908039894,-0.0002709675024591407,0.005511815413527188,-0.007110938894582253,-0.0017315400545377946,0.004385828667960334
2024-02-09,0.002169742426171295,0.0011378380465003612,-0.015364874861703015,0.0028226648698390644,0.0015416403553500935,0.013458151244186478,-0.00921528295276941,0.0026102358136934622,0.0038306795540437033,-0.0007632954487496457,0.007109544321082684
2024-02-13,-0.014081171442736462,-0.014102074593183689,-0.010091564963814803,-0.013499645070076394,-0.010245993654292906,-0.016969002798549293,-0.010729491612085362,-0.0182814096577546,-0.016565545285907368,-0.009292619559164161,-0.019916508622777385
2024-02-14,0.006414805758327535,0.01596418050460313,-0.0009593528451894429,0.009553169396141259,0.016735763918842572,0.010455811374683321,-0.0019220319242709838,0.006650689334859239,0.005503640196585113,0.008679646940096042,0.01055790290136649
2024-02-15,0.018881646791206963,0.00817092378332207,0.027851077721866124,0.01713569074171528,0.007466419593067819,-0.002098845386037662,0.006465183288262066,0.024048716427706562,0.016752318770864028,0.00728679438187374,0.011571124238237696
2024-02-16,0.005311387664903799,-0.015585880877816205,-0.000584051521354767,-0.003520280160445033,-0.00597943894825137,-0.0091953345076079,0.001503136388950832,-0.010322914033449537,-0.001141901031765813,0.0032379924446843678,-0.005941405273156564
2024-02-20,-0.002113348953455496,-0.0015200440418199346,-0.009115252662561968,-0.002775556977528626,-0.003134758087545375,-0.010169362177878893,0.010507702004707298,-0.001564401811497862,-0.0006532891698129983,-0.003365001428758063,-0.009440334599141398
2024-02-21,0.005530077463405503,-0.0011416447687176978,0.018752128532884216,0.0030363710430503232,0.003994529861707452,-0.006284039252693829,0.0036464232808712804,0.007312798565668688,0.013237472594496591,0.0022048252915611855,0.007387361637930079
2024-02-22,0.010063279879623632,0.014985956305354708,0.0017364557348540366,0.011604567616801509,0.012359244010449189,0.032722715992332674,0.0030946338645452265,0.002592640016064296,-0.007741978283414608,0.011756731769767104,0.019424514867094622
2024-02-26,-0.005988723298355425,-0.014551115912983414,0.003489974886281333,-0.004962638858940105,-0.0014972684253236057,0.0009742067523212938,-0.0040115748178961574,-0.011363530865406202,-0.019689879176038372,-0.005139857353489763,0.00308894368740531
2024-02-27,0.0037075011955982617,0.008146684445322627,-0.004289291775810389,0.0027428290846276404,0.0014995135996898057,0.0008759853989392941,0.00013415676737582594,0.0007836844244535346,0.018932995378221795,-0.0024472364896664933,0.0032995188969653366
2024-02-28,0.003116826344457646,-0.006818065092589087,-0.001979286252495993,0.003730603601775462,0.003410248871580368,-0.004716214238569827,0.0010738674090164935,0.012790262114378503,0.0030700479165570727,-0.0049749543121376805,0.00394624834647983
2024-02-29,0.007594769834366577,0.008899001425598962,0.004899682467582656,-0.0004957402644175657,0.0030671932458632423,0.011138132508765386,-0.0016092352728551695,0.007989753238855757,0.0003220743177194674,-0.008149932836515883,0.006769559704115746
2024-03-01,0.004568262213618279,0.00831631286289114,0.011609003057807765,-0.0012394297396135512,0.0042976897112141366,0.0182627444554202,0.00013421085586151627,0.01099473946205598,-0.006119201880532721,0.010495717387435377,0.003307993842986301
2024-03-04,0.007276089037741684,-0.01312144278988503,-0.010672520906441219,0.0024821306775106855,0.0036207710759978973,0.0,0.0008059146146073282,0.011380873929046187,0.016850341672306923,-0.0015035397695916108,-0.013512194164535973
2024-03-05,-0.005304754687286972,-0.008104485628885882,0.007423733326505255,0.00024763740204059026,-0.008199419162489008,-0.024577728790094677,0.002415580651998095,-0.012753256344528174,-0.002868100777258964,-0.007459390849518854,-0.0124368636143537
2024-03-06,0.007375503321646493,0.0014043944289099386,0.0031087806875556012,0.005197931057351113,0.005208315420373477,0.007928843740868219,0.008433889210168521,0.005572441428164154,0.009587813237499798,0.006826118227950095,-0.003550503608618305
2024-03-07,0.012277555697246756,0.016190492494986497,0.008493900630600404,-0.0014775817073950925,0.008059946188697653,0.01578098978776188,0.005708140738049039,0.0,0.006489332043544627,0.004656831317360721,0.007627443971620851
2024-03-08,-0.00578623342615614,-0.001505257627467893,0.00352844711983491,0.0017263316290905273,-0.0022028426263048795,-0.014870682468755891,-0.007919683165873659,0.01183867334256572,0.0025161752303035634,-0.0018407008318690465,-0.003702020174736642
2024-03-11,0.011304026302909165,-0.0018846047450604697,0.010321037136923561,0.0017232598296315071,-0.005151377842586569,-0.002749094930222795,0.005454951301050892,-0.004978747783918047,0.005019592961215791,-0.0005460435113409101,-0.0027173973851774003
2024-03-12,-0.00011073774749947862,0.008811624763832127,-0.0015716239712021407,0.004178122107175497,0.004438339454487572,0.02050500508189934,0.005160806151637498,-0.002501727672957088,-0.009676911021222923,0.004646330693202083,0.008619549134329718
2024-03-13,0.009850525190059578,0.0017469706153931952,0.015965823566773674,0.007342128234571144,0.0027002300793079748,-0.010804767527573644,0.00250111784914675,-0.006270466076094161,0.006776965743075625,-0.0038768684189549596,-0.0020950374351573764
2024-03-14,-0.005260846316704204,-0.002366920760378921,0.010292203343381656,-0.008017532990562404,-0.004243550649186911,0.00019166549838112168,-0.0077480153250283346,-0.014134218056270242,-0.007983660426459371,-0.003550332437771475,-0.006354126679709471
2024-03-15,0.00044073698136815054,-0.009988575015938417,0.002957402746519122,-0.0009796826028498629,0.00016397337134210765,-0.015087803813605083,-0.0003969311103769746,-0.0005120231849452539,0.0014201183431952202,-0.003974241038313453,-0.00995309939957123
2024-03-18,0.0018238594814123932,0.020537222491090024,0.0034573887204716325,0.005733614049145741,0.0017753687413155639,0.0049150795916914625,0.0064287406035492545,-0.00015485754100241778,0.00460765935893126,-0.00011719626174311326,0.00763796772114933
2024-03-19,0.00011026180297712962,-0.00037194893329295375,0.01141106806309744,0.004893554347842777,0.008615082323303103,0.005186695605829739,0.0037106144732621527,0.0,0.008856569472197373,0.006628550988140081,0.008658366636129733
2024-03-21,0.0041503489045207065,0.0003673748259238607,0.005975023688187031,0.008180952822217868,0.009886610047692646,0.0007153402241717455,0.0005266797181873173,0.0038529974642336207,-0.001565615574206869,0.0013062017677596405,0.005838954960399434
2024-03-22,-0.00619974912503285,0.0020820433606294486,-0.00215980704758012,-0.01145587708361262,-0.0034224266668011483,0.0003336211330453587,-0.004867907392313464,-0.011770957040818875,0.0014112949939608654,-0.0013732408083785286,-0.008734555502407204
2024-03-25,0.0003284018622742302,-0.003422005324240196,0.009307333431918918,-0.0038628783541518885,-0.006469194968860781,-0.0066218178243526715,-0.002776338653036392,-0.0038836112173928905,0.004697833529110351,-0.001375021126739262,-0.0032834510473923606
2024-03-26,-0.0007657603384337852,-0.0020848518368669078,-0.007720400963514229,0.0033930427919894868,-0.0036173848849206935,-0.0041243500076049155,0.0005303441478574644,-0.004159252863737972,-0.011377866056392794,0.0036490829083410947,0.0012628139221748658
2024-03-27,0.014343553975224799,0.00516172914002877,0.009293340763511848,0.011835775052396746,0.016054910485799434,0.005104491917212739,0.010467923449189342,0.025319640927001563,0.02790473034540364,0.013308717191431008,0.01157110189906696
2024-03-28,0.00269856819432146,-0.0015895371007498271,0.010813728904105702,0.0054906378770767095,0.00015875287223088286,-0.0021559199842824395,0.0013112722949593092,0.0063646852363141715,0.006901832415353137,0.00013524000099174316,-0.0030901227889376104
2024-04-01,-0.002368447442715804,0.007714811150176137,0.007414442144302313,-0.005460655395727265,-0.007700870337071675,0.002784756527771215,-0.00798848521735307,-0.017455079842377264,-0.0060928487448449475,-0.008529075009005904,-0.007450145840059652
2024-04-02,-0.0036687389486128597,-0.0015796900401181535,0.013983834769925485,-0.005251922615519544,-0.004640265481434591,-0.009624215458986507,-0.00514861455424509,-0.011071097877517921,0.0016857847596960518,-0.015566126313281914,-0.014738185259608905
2024-04-03,0.005956645796575177,0.00791132612586587,0.0068435441042362655,-0.00047985726570975995,0.005144328065074477,0.0026591045435415683,-0.011013720871383192,0.0005206528261811894,-0.003977926577261148,-0.0011098580728930996,0.0007230597595071497
2024-04-04,-0.010120511542549115,-0.013525036827783055,-0.0006178889717177727,-0.011284549701004565,-0.008796616218190723,-0.01581564510764899,-0.004293771873486674,-0.007806361771515502,-0.00199687599953291,-0.01444123962075805,-0.011724861023211575
2024-04-05,0.009027566280130683,0.010160349312346106,0.010717280120559725,0.009470600764000414,0.0138766123929277,0.0114645042561079,0.0016171887884395275,0.00655664336973949,0.002924459978831395,0.00894667349452627,0.005566514506737397
2024-04-08,0.000754536965163366,0.00012124852579242784,-0.006321385295308901,0.004329951533541099,-0.0017506561302262913,-0.0011624767168246786,-0.0014799488561013652,0.008598067057607794,0.006599020960983415,-0.0032117674894112103,0.009505579469153647
2024-04-09,0.0023698082853156333,0.0010905383649868483,0.0003077618245168612,-0.00574837851103871,-0.002311625218677671,0.00504338652122116,0.004850481130437512,0.012658237135231065,0.005488659461865053,0.003572434750413356,0.004708208654962576
2024-04-10,-0.015581276883082973,-0.007867373498844699,0.00307733443890168,-0.01493621179486837,-0.00854917862800375,-0.012255698667165471,-0.0036202202056616617,-0.041071354826436424,-0.017134244764262396,-0.011726368284733502,-0.015436372471250404
2024-04-11,-0.0007640910470451123,0.008783814398783507,-0.0007159079218798103,-0.007092140201856778,0.001128279061021198,0.019979459994788895,-0.0024224645045546334,0.001063913034796471,-0.002005440009990034,-0.004096143768307914,0.008063246288586345
2024-04-12,-0.017697313960408523,-0.016446856100931995,-0.01627095524676947,-0.013300492040989598,-0.010705941185100154,-0.016187744186010433,-0.010117177674529576,-0.010363879762519845,-0.007574676111390288,-0.014892414200202042,-0.016219415922806513
2024-04-15,-0.004781943499339025,-0.012664527127098535,-0.009362192591730878,-0.004992597859636905,-0.007160327134588806,-0.01898552766273165,-0.004088428662234134,-0.017454314878429078,-0.00918993267591306,-0.002015794159084816,-0.016656527502780794
2024-04-16,-0.007710420032025045,-0.00336256711704519,-0.008715942742229754,-0.006773659179076019,-0.0022947751299295938,0.0011909156494740447,0.00041057598195082257,-0.015304848407430849,-0.013205428585621681,0.0003604149840119586,-0.005684365833379945
2024-04-17,0.0022522638652242577,-0.0008746603029535782,-0.002860070292692307,0.002525835441079538,-0.005174814458858257,-0.014423001163490712,0.003693120242388881,-0.008326352572007534,0.020869776135465923,-0.0017303659619742895,-0.004850730886912236
2024-04-18,0.00033705821092877564,0.004877456913752409,-0.0030809928297875766,0.003527457557256364,-0.0034679293264266997,-0.011415625764988224,0.004633370800149361,0.0002800230468278375,0.005618058138001203,-7.220463338042382e-05,-0.006209019094672419
2024-04-19,-0.0007863223884551074,-0.01095202092685077,0.012041994007548018,0.013808680480391411,-0.0018228929943980843,-0.020602333293894604,0.009766649251216952,0.003917181790564994,0.015363207507198995,0.003756388045273784,-0.008758546334660444
2024-04-22,0.0010118956080109598,0.0013842354705244642,0.006528307412421386,0.012134649373407802,0.00755366731554985,0.008933610919456214,0.009537861956053106,0.008082307802776967,0.009169846942372883,0.0038142700142567154,0.004417922537443442
2024-04-23,-0.008646981938152276,0.015204661540490605,0.005544533063011503,0.006361783448273872,0.013923317732610574,0.014826160636656427,0.0027944410920897056,0.00912363787898074,0.004694976136562001,0.013048555355819058,0.011905430050898724
2024-04-24,0.0006797038776744646,0.0006188388978556336,0.0007282621360349406,-0.00024322136998544686,-0.007963029183658099,0.004565584426514668,0.00756375984823654,0.003835619057422024,0.00602953688697383,-0.003114033975405439,0.009563134312873478
2024-04-25,0.007131551546091464,-0.03562581099532436,0.004574136400846696,-0.005836543840133879,0.0030306635079655475,-0.0021712954123008776,-0.0023705694570951286,-0.005731555679970524,0.0026970417907621336,-0.006673196260948089,0.000861059827212074
2024-04-26,0.0061818685478727264,0.027578331165693415,-0.009210225716215104,-0.0014677740728925581,0.0016331534104105927,0.011285468699597567,-0.0021123089861465605,0.0008237046058965358,-0.010908605249486225,0.0002858758781978388,0.009005371353880687
2024-04-30,-0.018167724160801146,-0.016670877129770778,-0.029774858544691973,-0.009813617790587426,-0.015873113445849962,-0.02202400571788843,-0.004351810330523009,-0.01844312919158897,-0.005216687511153895,-0.000711926350038361,-0.024333352144780274
2024-05-01,0.005190098144248312,0.009247385615980264,-0.015932448774270025,0.0,-0.0024687441904372998,-0.010241161152990896,-0.006357804048724325,0.0005525911750214885,0.011537281935829924,0.0017813638762478323,-0.006263405680878575
2024-05-02,-0.005163300109929603,0.010053454931320704,0.005759012488850024,0.0024778410587922295,0.005774573196139832,0.014413776106959375,0.008397744152538245,0.014360780232531623,0.005332560329562197,-0.0007111667035796243,0.01260585511984269
2024-05-07,0.011879688941499822,0.0011068456059082354,-0.0009646255744949483,0.0034088354506689456,0.0027416844123040462,-0.003269512580314382,0.010932692641004715,0.01053202481036708,0.011343861096036134,0.0082747669460157,-0.007174217941693706
2024-05-08,-0.004608275372235848,-0.0015972538255023538,-0.001180202250290474,0.003639909039313327,0.0,0.0028395780097385526,-0.0029968487958773604,-0.009353185541205344,0.01049743834374528,-0.003436969364043252,-0.003753116609961027
2024-05-09,0.011133235879158931,0.005045588715098193,0.013426494378388831,0.007495095910088345,0.009971867105204035,-0.0002928657246442645,0.008625347859934296,0.023738903257087607,0.015227181540106383,0.008586824450192765,0.006803488707810779
2024-05-10,0.0011989839101902433,0.0014695532478041784,-0.005511291029686949,0.003839891288707431,0.0007165969166955666,0.0037112970682915414,0.0057008855572486805,-0.003689173723230188,-0.0009813167113575938,0.002023576586615672,-0.005361301289306675
2024-05-13,-0.0006532705517411364,-0.0018341984380515486,-0.002664475607690342,-0.004064354129414305,-0.004216993120589985,0.004719225989570308,-0.002834336372853241,0.0026447895381924713,0.0,-0.000975156442063585,-0.0012914916920323538
2024-05-14,0.0009807184153751702,0.004532263034726869,0.0012823478527645982,0.005040979448271088,-0.0002397262693657476,0.008861552921157978,-0.0019380936529267423,0.007122213036021563,0.002665836193717741,0.004252409401011015,0.004553837849837761
2024-05-15,0.001741514317461279,0.0063405227783912554,0.002241213140585563,0.0074038948149086625,0.0065537139682538825,0.022511326890568784,0.0006471821688369683,0.01702469205728674,0.014973495672061077,0.014854995263408055,0.0015111514693406658
2024-05-16,-0.007171654440273456,-0.0007269312312677689,-0.0027685564743444857,0.0,-0.005955189935850647,-0.003473749421591177,0.014230351321984802,-0.0018028353854769863,-0.0034467899858416917,-0.001162864199994118,-0.00648225386628265
2024-05-17,0.008536893240623789,0.0016975641276564257,0.013988204247454616,0.007349480037764922,0.0011183026152752351,-0.0022138850549309197,-0.002423422472060288,0.0,0.000830015198243661,0.001917402621723907,0.005118361343977806
2024-05-20,0.0014106862632723427,0.0029052859256974983,-0.006529080228405926,-0.013650341106544062,0.0019148684298264662,0.01175535552961171,-0.006904590783739839,-0.006191835093192655,-0.0016587646948535983,-0.002118695503183443,-0.007442608106029591
2024-05-21,0.0,-0.0013277632686810037,-0.0048760804566551075,0.006442423113868001,-0.0032650516644540106,0.0016330966182218631,0.005922600518756704,-0.0007788015977123752,0.009000098737230955,0.00171218369680326,0.006427288440327139
2024-05-22,-0.009752933164258626,0.001208508342914083,-0.01917340743987872,-0.005689961933614596,0.0011984105305073989,0.0022360319362879633,-0.003967846874589842,-0.008573705448059799,-0.011801627657953118,0.0017778208599652512,-0.010419585308901747
2024-05-23,-0.008864151204846182,-0.011347225087683155,-0.00912248783858427,-0.013829259186090015,-0.011810709176468759,-0.008134197179889613,-0.011821957881101408,-0.021226549502070258,-0.0169421138773852,-0.010920690363563468,-0.01619025245029926
2024-05-24,0.008722471529635678,0.012820722464548018,0.0014249642939727636,0.00604445050062874,0.00508766313413922,0.008435241325594589,0.002600718552260517,0.0,0.01002961831957161,-0.0033814698661761566,0.01006959310243749
2024-05-28,-0.0038309104311796682,0.0016876470319884262,0.010287858582912257,-0.011054888706162891,-0.01221271413934566,0.004228816845726735,-0.007782124581846239,-0.00589015437281748,-0.0009790085384998592,-0.012117389276354307,-0.002449341736100452
2024-05-29,-0.014284088519782911,-0.005295431950808505,-0.017658018272517784,-0.008019550972483969,-0.014153366915285126,-0.006339653656236899,-0.0071895294302048995,-0.009426346214239878,-0.012879658880772471,-0.007780172238101679,-0.006567541604909133
2024-05-30,0.008137307113825543,-0.0032668649062758126,0.002867261059499082,0.005389493522224065,0.0068482603724489,-0.02281935401609214,0.0026332491252518686,0.014410141273017985,0.013473077419800195,0.0004944036789940043,0.005920915771154389
2024-05-31,0.012052273186720974,0.010682331818254509,0.024851469005192195,0.014619851252361649,0.012128164443322653,0.0015726395291892903,0.01562721907414244,0.019833633541412876,0.01763246882432079,0.014615709251855069,0.005600327558147544
2024-06-03,-0.0058998642805245805,0.0039633943623682555,-0.026180257399099127,-0.006243954579133404,-0.012225870791320204,0.0025219220540213527,-0.00038796078358771524,-0.003942108058545335,-0.011413857630340862,0.007028460886173926,-0.0004545984134286529
2024-06-04,-0.011099940326726565,0.003828330859295903,-0.009585555979340521,-0.004591490255201558,-0.002458967183752936,0.002088367028692417,0.008666337222103637,0.009498503467572528,-0.00041709150277147167,0.002902393010710158,0.0010235317214719597
2024-06-05,0.006890323253079922,0.012155796635799465,-0.00011128648070635183,0.002913359827636741,0.010106958078053285,0.022213848183221252,-0.0021800254603011604,-0.0013066823301702835,-0.005705832487217788,0.004547781432285847,0.005849783155044808
2024-06-06,0.0011038020001574722,0.0005888562867033542,0.005228978988428112,-0.00048432316406299414,-0.005938429013398472,-0.003336163527791869,0.003084528034519085,0.0015702402728827725,-0.010356859396350337,0.0032920627942354397,0.007283998653475399
2024-06-07,-0.01003310540078628,-0.00682526529209071,-0.0039843965411384685,0.004601593353595224,0.0010638916431420231,0.0023245193126966157,-0.0049969960835324345,-0.007838998436780265,-0.010889298379222367,0.0010939684632778057,-0.004092132085711353
2024-06-10,-0.0010024538226794943,0.0024882104986780895,0.00755637877109594,-0.0038572912627130584,0.003106340193794299,0.0025509196052648786,-0.000772518528856958,0.005003999566597805,0.012867925654791668,0.0036879076364773056,0.0032083984208508554
2024-06-11,-0.0003343399026709548,0.0018910433619399036,-0.0019852116171777956,-0.011374579694092057,-0.0057045191104100335,0.01859821563662445,-0.0005155135988488269,-0.0031447015654079147,-0.006069908175451166,-0.004150454538454862,-0.0026371385001195957
2024-06-12,0.0018957839978892554,-0.002123442769598416,-0.01071946425181347,-0.0009791708702989732,0.009507392650525581,0.02211925952942506,-0.01095915389473845,0.007097765974773074,-0.006533177740207563,-0.0021181860853053402,0.010407448217779391
2024-06-13,-0.0003339067449428246,-0.00862985079325429,-0.009159960825551816,-0.0007350979392131141,-0.0064138911479648675,0.007909748502876068,0.0013035801581355866,0.004959589354897709,0.0022872535095175284,-0.0008216314080793374,0.0007794675773473703
2024-06-14,-0.009241670397269752,0.003219634982379649,-0.007440715594274283,-0.003187863698480453,-0.010050542688893938,0.0037475026288653623,0.0018226987543017437,0.000779206217125683,-0.0024245178682201773,-0.0003426010083305009,-0.007899907511933146
2024-06-17,0.007417301927590048,0.004754535490156586,0.00261236482023941,0.00885618469944216,0.011060599640668078,0.01515341223272526,0.009486735981725891,-0.005190733717908791,-0.011009410262651453,-0.0010282630112332658,0.017551671624574716
2024-06-18,-0.0011155351680233183,-0.005915046066247931,0.0041916137516129215,0.006339873971730414,0.005388188430142771,0.0012548192612185094,0.0012873021304586896,0.003913416441874373,0.0004333767677546785,0.0013037999475418172,-0.0033615476226642738
2024-06-20,0.0010051645940492016,0.0042841927880268305,0.018389125580323462,0.005330727288504145,0.0006496520193348676,-0.011235468714652086,-0.002185528103643253,-0.00259873906274799,0.008670743262100267,0.003289668907997312,0.0012716820418150476
2024-06-21,0.00011150430225170815,0.0065173907960827115,-0.005760388876376865,-0.0038563612273117,-0.002109934797572599,-0.001748081821507319,0.0007728098730017674,0.0026055101036326356,-0.005873998599895014,0.0028005018702039752,0.008449468234302593
2024-06-24,0.006445216452747982,0.0033522262159142446,0.025214736210551925,0.010275145607807623,0.004251318816902883,-0.024516474467307092,0.010663399848914734,0.006746367516974328,0.013147444430698929,0.005832769947472727,-0.004269682910897465
2024-06-25,-0.012696405423951118,0.011176618863802501,0.002300569789936535,-0.007453589526825177,-0.00853171959174126,0.01834359587399992,-0.006417824636661296,-0.014080665893117628,-0.009463541873697023,-0.003127192579120197,-0.004023392976247986
2024-06-26,-0.0006768484334552793,0.00011628356637638504,-0.00983722958045019,-0.006298498295217114,-0.0027044476391303585,-0.0011477766911135445,-0.002067010354743437,-0.0013224267385785193,-0.004198385475855604,-0.0035463578856468336,0.014498399498455994
2024-06-27,-0.0028219493542614993,0.005700394225019556,0.002318269902929826,-0.0012188357016126306,0.0010682814485205583,0.00048615582918487554,-0.004271769426196448,0.009004388220571702,0.0017447750835881681,-0.0016428201302683965,0.006109159280295318
2024-06-28,-0.0003394783932718637,-0.00913812121047164,0.0038545817498065738,0.003416999761739481,0.0004104685615138326,-0.0005301621708155846,-0.004420145542258669,0.00813634215964254,-0.011174184712118174,-0.0008225470624851905,-0.01111406454836239
2024-07-01,-0.0154003998077209,-0.004202737336622464,0.0005485024528708582,0.0021893858596284677,-0.01074926232999307,0.007558665105051432,-0.0070514847440898976,-0.009632820353233429,-0.006897554694635821,-0.005626153093922337,0.003399139833369924
2024-07-02,0.0018400976469810093,0.008909628414671689,-0.0007675879421276122,0.011650363991672963,0.005474462824035742,0.005001306866344146,0.0069700064305271425,0.004205988817042705,0.005172044403112475,-0.0036567668658811225,0.019451425132604783
2024-07-03,0.007461959627562242,0.00034849506440037814,0.004389510809066799,-0.003118979523997978,0.003629899502272105,0.01348866666707016,-0.0016976497509982869,-0.0010471194279713103,0.006027870777703281,-0.007617602243658705,0.006377900875330855
2024-07-05,0.0015951799031326264,0.019398513305041387,-0.01562333738265731,-0.000240563895281376,-0.0036167709870662534,0.0030581660731825444,0.012297083018241173,0.003668812254003173,0.0017537207925164555,0.007745777590351777,0.008148131141330062
2024-07-08,0.0029578864966026686,-0.009001803935740793,-0.006104373551041986,-0.002648153429606226,0.0012374364973453122,0.006827593844600299,-0.0015508075433987578,0.002349683590764595,0.001020990144295908,-0.0011078534767020587,0.0004755528219930749
2024-07-09,-0.010208532182614083,0.003104351610546452,-0.008821843641074745,0.007723823146139175,-0.004366829061930755,-0.0008103147841643787,-0.0025886252982606495,0.0002607196909696352,0.002914620326211814,0.004852655084559565,0.0033263899942814756
2024-07-10,0.01340802152875531,0.0063044090538944,0.006759802322969799,0.0038323581640908877,0.008937431141317065,0.01451246494496261,0.004412218174535187,0.007031216496786286,0.009444784944089513,0.009451607185809285,0.00752561353018244
2024-07-11,0.01368321683136875,-0.013668819545698985,0.010407297173334884,0.007873952027214859,0.012713385971620417,-0.025033693892991704,-0.003746722118195045,0.026635685784388796,0.018281337129441688,0.007039372164740376,-0.012692583438665861
2024-07-12,0.00959402698633438,-0.0032337580049119907,0.0025474809467176396,0.0033145407223638124,0.005750294247589771,0.008932891782622576,0.004409356657710584,0.007304702256645479,0.007350886063405504,0.006243666951871951,0.013067317066471462
2024-07-16,0.019386272542255778,0.002655269428217366,0.0044619007690298584,0.011395490941267017,0.02494605910341008,-0.0033302307836513556,0.009610387896404893,0.009462191936949749,0.00776637718233153,0.014280814373572204,0.017932704452663373
2024-07-17,-0.002064787169306803,-0.015083339413630492,0.009967411309501628,0.007587978954699759,-0.012793521745063097,-0.038896517550710774,0.012863311233389352,0.008880109163787786,0.0005707021523655431,0.004537381028642873,-0.016692378648084816
2024-07-18,-0.009909547635507443,-0.0005846585063228327,0.0018236863039422513,-0.012095009993251193,-0.007823039940270005,8.926998780767192e-05,-0.004952894966200327,-0.008312998964557727,-0.0008553377140986251,-0.022718066660808223,-0.010185430376987381
2024-07-19,-0.008909015461154968,-0.004444823140440923,-0.010921855822816795,-0.010164047774302465,-0.005495393788006342,-0.015643237560908463,-0.0033184668235395343,-0.0012327651529404626,0.0011416161208614994,0.005097877090572744,-0.008918252275979421
2024-07-22,0.003329321941002439,0.004229805341542381,-0.006279095216701447,0.005600921344464771,0.010170695897903759,0.023679204555735467,0.0006402015460607036,0.00987409561404351,0.008413154767766828,0.005748346426647899,0.011021938484572447
2024-07-23,0.003981859683158007,-0.0014041479150892489,-0.015905960124015794,0.0018565450927130467,-0.0019027355138285795,-0.003980646662585019,-0.0035832210115926966,-0.0017109487268122114,-0.006221713085928893,-0.0006050879814557542,-0.004476608457438136
2024-07-24,-0.012779617702959767,-0.02612763430701892,0.00011066083598532117,-0.013666884356729692,-0.021524921774519812,-0.041385400524742155,-0.0008989501881054851,-0.013712228871525456,0.011240747426054298,0.00834269305203228,-0.040893011037776206
2024-07-25,0.0027899155862027847,-0.01154946492001152,0.017268278823447947,0.0037577467362563954,0.008036285715189884,-0.01070049691863928,-0.0011571537935773923,-0.005461613154697065,-0.008301653145913468,-0.005004230692893463,-0.003916130094030912
2024-07-26,0.016358748478537022,0.018743758704731217,0.00315556030450459,0.015676131091516332,0.017071995010235597,0.012689168889014724,0.010167325697842733,0.016724869958729682,0.009789828985136362,0.005633073823135826,0.011185628730218555
2024-07-29,0.0017519363133080557,0.008841218704070286,-0.008569302986895955,-0.0013821669658774516,-0.0017418258447068347,-0.004438629799041416,0.0003822443213858939,0.006383543958530913,0.004496394724627262,0.0006000845630647067,0.01670225065933062
2024-07-30,-0.0032790176704383667,0.004026457396216321,0.01553601869261656,0.01153396998675027,0.0029346020727216704,-0.025125420315651237,-0.006749964560613275,0.007318703569135554,0.0051755869808491894,0.0008664080936537921,-0.005547946824401517
2024-07-31,0.010417730190498409,0.011913225028123309,0.004201724578521526,-0.002508561308928847,0.01115055772215201,0.04235137498497221,-0.0017950055418874955,-0.0024217458301099004,0.01294185085305899,-0.003662159003792631,0.015490625608064468
2024-08-01,-0.004015646807947526,0.004079687746245231,-0.02649934906818463,-0.014174608466993588,-0.018535848051277393,-0.03729431748255729,0.00924836333023471,0.015537735594240987,0.017996777284628118,0.010225086455011745,-0.02453471353613612
2024-08-02,-0.018851426801901994,-0.016252716539259304,-0.025787881831616843,-0.024582536353102258,-0.021993774337346395,-0.028104732585973458,0.008782163897214534,0.000717163875642246,0.001619529559182542,-0.0019846096946349867,-0.0367980582904871
2024-08-05,-0.022323466310439022,-0.028675877539495853,-0.022058780190134186,-0.029006086226720185,-0.01735515281554778,-0.03331381666928812,-0.01968210219151234,-0.028905775647604326,-0.026407863607204263,-0.02671350562990127,-0.028269778310302418
2024-08-06,0.005111982366713175,0.01178483088435578,0.006130572591362959,0.016160493844837198,0.012023230410309838,0.013592707520200475,0.00694994431809004,0.022140147388879372,0.008441641551198309,0.004631014758727181,0.011041017294398436
2024-08-07,-0.013562532300200547,-0.005283497500036649,0.004023960364778478,0.0012048322924362864,-0.004834171583124269,-0.01620226482544973,0.0010224397934055496,-0.007220257436450606,0.005626345833336321,-0.010168798963719028,-0.01744953392407922
2024-08-08,0.015467460271379352,0.0199178854774551,0.021527633973220883,0.01612519305393323,0.023052959141527163,0.03734682179574711,0.009065442397745205,0.008484815674509205,0.0010919491874570308,0.02212196141617362,0.021817056069055374
2024-08-09,-0.0007896722080237284,0.00852168984868884,0.002241901232884036,0.004263372704257806,0.00016091319367061985,0.004494044279352627,0.0015182284354653408,0.005048096186580198,0.003407682607516671,0.004958322231150669,0.0033379284390684383
2024-08-13,0.009980767385163736,0.012999303354735536,-0.009682849714246489,0.008297676031481682,0.010513542143094856,0.03072689760282077,0.004571585959042945,0.00697778343029154,0.0058312222038214845,0.01211429579741985,0.025050230553345765
2024-08-14,0.0,-0.005716173193452412,0.005844100504366789,0.012226668122255147,0.004081625774994491,0.005475524602584381,0.00455058095576244,0.0035842018715857016,-0.0006741581239652072,0.0035709216491628393,-0.005337031809598547
2024-08-15,0.015833739776857314,0.00903430305334152,0.011955172915663725,0.009291531898840466,0.013470342837660576,0.028764247275318233,0.010318302509164434,-0.0028570444947670914,-0.00013477212065649002,0.006260094909818603,0.03191185575278821
2024-08-16,0.0012160455477281396,0.003023240483971401,-0.0011040300015772164,0.007364831177085307,-0.0014155475326202982,0.0016740060101385623,0.002740117491523364,-0.0004776023670663987,0.004452701454241037,0.0010474348456979143,0.0023537130944677465
2024-08-19,0.004747843210396008,0.011360958038980185,0.006742611197529724,0.005483284776597097,0.006064343323261667,0.016485994861674458,0.0033534892430868712,0.005972210601621342,0.0065825083260511175,0.006083656108956781,0.012286253255967328
2024-08-20,-0.003626487735878814,-0.0006876517507212743,-0.026350549143961843,-0.0031811470731107905,-0.002739876224504334,-0.0035103558475454433,0.00495184764537604,0.0009498922536614884,-0.0021352760358558376,0.0040312799555615175,-0.0009170385971394301
2024-08-21,0.01147017428869579,0.004244194296553205,0.0016915203154637126,-0.0015955162394761802,0.00604441072902806,0.005886065157404419,0.0067750449576788885,0.0033215154961176996,0.00708839036231157,0.0016836771419563856,0.012634328223727342
2024-08-22,-0.002071680913506402,-0.007538626045066388,0.002589080111775166,0.005707556506829858,-0.0012484361841432756,-0.023007355950299013,-0.001468267166923387,0.0061480670400866355,-0.0011952107783509414,0.0006465497391381358,-0.017275358507519267
2024-08-23,0.013221055306428475,0.007020313856265004,0.014933800218231319,0.008626690029180706,0.009999912877354467,0.01619859343144614,0.002818178961611517,0.01927137860600303,0.002792056455866554,0.0043287201519239815,0.019315283859488774
2024-08-26,0.0044214473749988326,0.002285716314329056,0.008961125121506486,0.0031509877853597157,-0.0010828954278432334,-0.012547016658568722,0.007087103191194766,-0.0006916985798184339,0.006497187463725629,-0.0005145366938987816,-0.007771378301908438
2024-08-27,0.00010729963101385742,-0.0022805037297490838,-0.009320221024543884,0.005160425026806248,0.0006195113402762686,0.0060594061171732605,0.0024265611493217154,0.002538138101291443,-0.007904145770157633,0.0015445054982703432,-0.002628735989379294
2024-08-28,-0.004294055141706998,-0.006628612812312418,-0.0064194812246478605,0.0024553662330537573,-0.0004642704005439757,-0.013798378111499199,-0.004236274676648333,-0.003452217258775314,0.0,0.001156793976381243,-0.009681389863583356
2024-08-29,0.005498679544356344,-0.002070818083036108,0.013033444193375932,0.008906711513153143,0.007045661037367035,-0.009023920572534871,-0.004983660256865585,-0.003926115999353996,0.005444055213982946,0.0021183719728534722,0.0011948030891162364
2024-08-30,0.01093713458076584,0.006686601906978895,0.003738729161752552,0.009490229373379622,0.010686497490719704,0.013291050134102811,0.00794049280847764,0.009737851502234607,0.007527786690793015,0.0069177881769950655,0.015080878403434195
2024-09-03,-0.022698387658210528,-0.018323425101648083,-0.024868582464541933,-0.007433330273613148,-0.022136132385409013,-0.04593094925113217,0.0070294574246099195,0.002296347526407061,-0.0014417868634296616,-0.0019086548559456018,-0.013734521681104117
2024-09-04,-0.004124110969069283,-0.004783046150651615,-0.013818628897200647,0.001101247539581074,0.0010112732397200563,-0.00256901667097742,0.00469378732472947,0.002290994380631961,0.008532502258397523,-0.001720625292233935,0.0026009747983000153
2024-09-05,-0.007846640438989083,0.00293053717502878,-0.007746731352587299,-0.011001047457402602,-0.011656800502277354,-0.0015261135599258235,-0.003833332081138785,-0.002742945988990053,-0.0024730437505411373,-0.013726756660423556,0.011349462498488894
2024-09-06,-0.012631856926981877,-0.020920892492351517,-0.012514215574978338,-0.014683121647463881,-0.010143119906909859,-0.025937515408464895,-0.0020442851761113268,0.0,-0.009525053833080555,-0.0034308055182327157,-0.025276514647948223
2024-09-09,0.009678612009439647,0.004297373499752677,0.00720837126914553,0.014901928476059645,0.015330847148442572,0.016378984883720804,0.00771174018021159,0.011918392972708025,0.010143554045872971,0.00701529840466919,0.014583220558133325
2024-09-10,0.0004408862289322357,-0.0002375983185349817,-0.017199540560915105,-0.010233512135259248,0.0017211125354403833,0.014957124070620331,-0.00023904083677583898,0.017667072376491788,0.00469469862966454,0.004579755362638993,0.011455668067508862
2024-09-11,0.002422810553693422,0.0041611746313949816,-0.009278976960637508,-0.004720282309158219,0.0017964194762203345,0.03413187151536401,-0.009329094645676772,-0.0026708185915506055,0.003115243215520813,-0.002953604524396969,0.009990420845508385
2024-09-12,0.009228623718647189,0.018706948984934968,0.009010174233511359,0.002258380292682549,0.007718078002872497,0.00827435155693057,0.006157193520559767,0.0017853139774630655,0.0022000182862411677,0.0036064055489242186,0.011266854142429006
2024-09-13,0.009035525770419994,0.009646766600236889,0.005639666922565567,0.002929226250160788,0.010134649837121534,0.005015055773688326,0.007079481288315925,0.0071285292469494,0.014073358370464861,0.0020532973258713394,0.006799985193176372
2024-09-17,0.0019241884369303186,0.0,0.013514937489386147,0.005322762680261883,0.005486087326274314,-0.0019581007138682605,-0.00949447565790984,-0.007936676596256409,-0.0007579435351191544,-0.010302721409144122,0.005100176905525888
2024-09-18,-0.004267650559957259,-0.0007973693623142264,0.0019377716740356377,-0.0030885986814330746,-0.0008336168986070591,-0.009125457323781117,-0.003834250999752431,-0.00288873011459867,-0.007587400615699402,-0.0016706940920586666,-0.0019676172429611283
2024-09-19,0.015107707934707726,0.0135676015188404,0.011944079807622465,0.011064428585440655,0.017216550259603336,0.029700376322673305,-0.005893595196201362,-0.0024516807023574616,-0.005861291067481789,0.0036044477125325436,0.02277574154374129
2024-09-20,-0.007072058836822714,0.0,-0.002248291547123027,-0.0006566400506745618,-0.007008898839672595,-0.004874493051275963,0.004839713023451431,-0.0017872187611577273,0.026403435509659845,-0.004104588435661749,-0.0022827328083352416
2024-09-24,0.013655279194541903,0.0047280013408468324,-0.0024685241096594757,-0.008362585156828084,0.007183477826504525,0.006844067496149853,-0.0024069122596651615,0.0,-0.00709569211439387,-0.0020077710589424536,0.008758191109101032
2024-09-25,-0.0066834262839449154,-0.0031372551060746545,-0.01957250228740992,-0.005991938166577282,-0.004680523977521389,0.0028620444243434573,-0.0025336222041836276,-0.004235498255184211,0.005265732443334281,-0.009734631338164101,-0.003592659381220442
2024-09-26,0.02071056594517051,0.005619928176028299,-0.019619257641427468,0.005134906305803044,0.005000997391233053,0.013244184268223602,0.0022981156502344113,-0.009849923404068428,-0.006859498260232799,0.0033423312622560264,0.0042565740490061454
2024-09-27,-0.0017508883746425452,0.0060355612391786995,0.020362827479703638,0.002887762581913478,0.0014113378358047157,-0.00933014436647106,0.0018099763977856842,0.0013565249227525111,0.00992077824894988,-0.0005226326422289596,0.0014960159425350117
2024-09-30,-0.005571623450677965,0.004332879513383903,0.006996222043743616,0.003765133444794788,0.004524144451618861,0.002931985118920233,-0.00024095124851364336,0.008579745989160337,0.0044765420107613085,0.006535202883423574,-0.0023402521293255374
2024-10-01,-0.0024901422569747478,0.0007743148435581659,0.02277909670320155,-0.005295639871461977,0.0005167562993591002,-0.02436218967127246,-0.0033733692979245333,-0.006044279296883559,0.008046529017311732,-0.005259110326072514,-0.004042500860384823
2024-10-02,-0.003848637506332797,-0.003094862975891677,0.010244918509972,0.0011091067382542619,-0.0018448836172246796,0.007400438133307707,-0.008462254999349383,-0.003603579486752939,0.0004911810411696305,-0.0020234675816589442,-0.008468623217046
2024-10-03,-0.011068051672524226,-0.0034373748283759165,0.017636655864016415,-0.005318020885118124,-0.005101225705589241,0.004146141058620545,-0.0099976169557211,-0.009719820062835227,-0.0003679864063549365,-0.00902542174910892,-0.011573202955691309
2024-10-04,0.00485692274809546,0.011125971275300683,0.00931551319028845,0.016930349352157537,0.006985152046395271,0.011130501956938543,0.0033252152952900627,-0.006619500747492069,-0.0015964577912668254,0.0007919178875959165,0.013242586913174037
2024-10-07,-0.002942198272011032,-0.013424290506362846,0.003541577788774841,-0.012267282116856904,-0.0024353702771249264,-0.006879900696243224,-0.009942293847433281,-0.007352892657115473,-0.022998426971431063,-0.004418188528303224,-0.015542140099935486
2024-10-08,-0.004636932825391016,0.008811067592736643,-0.02609357416456859,0.005766214031155181,0.0022194720809871615,0.018682317770967183,0.004959043101476546,0.0030092911888537355,0.0005035849050023522,0.005431376580333103,0.009739110063001544
2024-10-09,0.0063526067774666295,0.0003316902610432937,0.006039300719532292,0.009261475090118099,0.008931208625515108,0.01118817031368069,0.00604492419074476,0.00046144431610684045,-0.008555638880003769,0.010211575550872265,0.007157657826554642
2024-10-10,0.0023145635554908672,-0.0074048935772771385,0.006767105328696177,-0.003058800805473716,-0.005121102874491523,-0.0002603093096511522,-0.004414430214089937,-0.00830437487216762,-0.003045748277786142,-0.0037171919210886584,-0.004939443954452671
2024-10-11,0.006507865391415679,0.006903407298185726,0.0061795561200574944,0.01928548377746675,0.017869050456620572,0.0017359362498636788,0.005542480450892118,0.01023484685351006,0.008783139466255419,0.007331232637635798,-0.004254903683742928
2024-10-15,-0.001036947531428134,0.0022015041438523397,-0.03223026458378275,0.002136689179201401,-0.00768417320225534,-0.02198272437346127,0.006343921533339403,0.012577157031318231,0.004486024838137315,-0.01221419243297639,0.0021778840660593435
2024-10-16,0.00778489514050551,-0.00065900895427351,0.0047895310765171395,0.012366606039228234,0.007743676957217005,0.0031047183029353498,-0.000727402301628044,0.009936767580324135,0.01984857309946353,0.002813362625503135,0.00525605520611383
2024-10-17,0.0015449678535186528,-0.004725785084544465,0.004766700814831992,0.002738062056794943,-0.002872577679055466,0.0030515979305691943,-0.004488689225526699,-0.00648471216709412,-0.008879605693919657,-0.005806416883860743,-0.0009050736295808104
2024-10-18,0.004010784337147522,0.0073984375547693215,-0.0033098792549732803,0.00021008269670819146,0.0030247278640640474,0.003563859285307114,0.0021934495044191316,0.006977237506608169,0.005768296480786583,0.004855903223792479,0.003925021345722479
2024-10-21,-0.007682111755918375,-0.0039459976176517975,-0.0029886518355259906,-0.007979915907897261,-0.00351815174076342,0.004677171843540107,-0.008389884470801134,-0.020563361799060598,-0.003904900551710555,-0.011754792127169789,-0.007769036279797081
2024-10-22,-0.009186635985069747,0.0014306241844586065,0.0023315337959857185,-0.0019050599490767484,-0.012105573279802107,-0.00103448127277328,0.005640709248882603,0.0015974961425624379,-0.0035525557445246214,-0.0014536895669842176,-0.004041317057143612
2024-10-23,-0.002708539800516774,-0.007582681293415328,-0.005206140459411812,-0.00084836431192159,-0.0029177389479199123,-0.01432592862949389,-0.0019510604588001135,0.00979714959462008,0.00958935703934971,-0.004698648497306723,-0.01572319813245926
2024-10-24,-0.012221899293609062,0.0034327226314505577,-0.00011118666177878378,0.0008490846450321943,-0.006876313248002641,0.0029331392763485287,-0.0013439340323192495,0.0022563141157860844,-0.006454067054659007,-0.006582260522698058,0.031536574367450276
2024-10-25,-0.0063451336810899095,0.002538074318664041,-0.0003342168166746706,-0.01102865367351713,-0.0026516669682180583,0.00519422248977941,-0.008318986893187663,-0.007879321181646803,-0.014830083995507226,-0.005488399031476243,0.0031472372761318645
2024-10-28,0.008301255369451477,0.006384302362741456,-0.006349497063576792,0.012438378712479548,0.0029542575754375466,-0.0003039204333501466,0.0018503915605077026,0.003176777279322529,0.007837722853190288,0.0014806005118332966,0.002340525047034747
2024-10-29,-0.0064386757130338035,0.00940608417275901,-0.015246630136527273,-0.0061427830937708094,-0.001325557280124512,0.013465343439304833,-0.00985091663605886,-0.00904771222919809,-0.02135549947062232,-0.0027552644501498413,-0.005216652255128906
2024-10-30,0.005418089148432337,0.006067745431028504,0.0022769538725186944,0.004475704171716499,-0.0016958565915621282,-0.015900906815325855,-0.001616773588939746,0.0036521100893376346,-0.0023965564957282304,-0.001886727407146127,-0.0013984484530545904
2024-10-31,-0.013207999713042207,-0.008723733324261018,0.00624714977572971,-0.013791646666947988,-0.011522340394870878,-0.03209784691299422,-0.001993006769435368,-0.01751187571751389,0.010367975285570541,-0.008439191791169032,-0.015303680604515368
2024-11-01,-0.002784030119788672,0.003911270839586312,-0.006321352247791623,0.0034422897297989863,0.00134495366484777,0.007514355187098198,0.0003743610948336862,-0.010648111986920838,-0.022275050359347515,0.005923792501591585,0.016252647921792374
2024-11-05,0.0014966504731617203,0.011076127357304788,0.006698660489806052,0.009291232751414968,0.016733823786453605,0.014078721597667432,0.006345422196036621,0.01365117728784293,0.015025859101131633,0.007358349305063738,0.017703122614795008
2024-11-06,0.0137703498872217,0.024594645969110207,0.037595662199719326,0.060800681891417074,0.039162418370459084,0.02847206632417909,-0.01632042899882047,-0.026706242800363156,-0.010336931751229073,0.0012850381513174192,0.031981575966691045
2024-11-07,0.003895804184054663,0.013102733150716084,-0.0045959396995036705,-0.01614530476400844,-0.006010000508940183,0.01744157347053421,0.003644990745826915,0.012429567406043507,0.0018054009392984849,0.007227899891658396,0.012844996342707748
2024-11-08,-0.00912516177728373,-0.004863024320969522,0.006657298318213156,0.009025647285445526,0.01074119545770924,-0.0010950947902157449,0.012147942433534675,0.01714161805144454,0.019178636340211774,0.0071758230412748425,0.01419072395221277
2024-11-11,-0.00434001788434768,0.005614490338917921,0.00565329030264361,0.014230512139085771,0.007741533695901692,-0.005523691774873218,-0.003464555726620633,-0.008654087474463279,0.002778612180845741,-0.0058594924494305145,0.020174849556324537
2024-11-12,-0.01701030246275681,0.0045492372016833205,-0.005303343400044347,-0.0030066042990463115,-0.008589934995174575,0.0012719220054766556,0.001117422734473461,-0.012634944248409274,-0.011460932579701377,-0.013931795879696174,-0.013351002199942563
2024-11-13,0.0023792300089564566,0.00041157821719295384,0.007784214322089644,0.000603181100908623,0.0021132508394907656,-0.003472274683120391,0.0029765332819320367,0.007910661905576433,-0.0017837791521124746,-0.0026490922218672663,0.00854383252282287
2024-11-14,-0.008200186433089396,-0.0011316333211729424,0.0038091314001016396,-0.00261200101614234,-0.016870355423165284,-0.00339954806008147,-0.0024730831871944137,-0.009002773908758588,-0.0034460837455713156,-0.015732388356078042,-0.014195372877705892
2024-11-15,-0.006962460323464259,-0.019981478783494322,-0.001475768237512165,0.004633364938151585,-0.0053626192844875575,-0.024815518202147224,-0.008801138020636312,0.001164684816462369,0.014984701763687491,-0.01854429086683096,-0.008547097928367275
2024-11-18,0.007778129017590896,0.009879214535233327,0.01330095664698705,0.003007809853017074,-0.0013658756389340887,0.0032355008483633263,0.007003340040805828,0.00884152998669352,0.008706667590521855,0.0007052075281810399,0.00922987828304822
2024-11-19,-0.003261159222083476,0.006556333294201355,-0.006354752472762737,-0.006597384730779421,-0.0008639324324263287,0.008193532655562441,0.001366132679347265,0.004151136774750208,0.006379656837709025,-0.0051430794302097516,0.0007427586755874849
2024-11-20,0.008179700907398724,0.006410205097105326,0.010064920017777812,-0.0030187056251171906,0.0010808493213161352,-0.0008645162036623466,-0.005084886537176203,-0.0016076777191529334,0.000497262743661242,0.011826402649085965,-0.0044070352333918095
2024-11-21,0.012224158710138378,-0.002568303224902757,0.008096444991377849,0.012716999405360863,0.012522525082755198,0.010167320571950134,0.010845103755207308,0.006671274506214742,0.017393579828558936,0.008048725958620384,0.0017706172660330033
2024-11-22,0.005557265058864225,-0.002162881922340598,0.0015443966137553833,0.011162077474515586,0.013931342542734315,0.000513972740540547,0.009249022605129387,0.007540974701240044,-0.00537312388746336,0.0009025159337270328,0.014418537133522591
2024-11-25,0.010309320345185169,0.005160995405611324,-0.01973879084304897,0.006505126407747364,0.006238902209537267,-4.2792600330021635e-05,0.005498460786086623,0.013381806944688046,0.0018415494233610108,0.008532088651147074,0.010224766121528228
2024-11-26,-0.007468919888202308,0.0036968691339489546,-0.0013633623813207318,0.0019584985448002357,0.0011845477014120753,0.005008791951381486,0.004131836822867552,0.00492385951744434,0.015931436479335037,0.005365086578400735,0.00363093400967629
2024-11-27,-0.0005298344199042848,0.0013300678508083585,-0.0010502812439256992,0.001954518477272016,-0.003688231400334696,-0.013545719382350718,0.002057417498055214,0.006904380481864925,0.0,0.005336135906442108,-0.004929259395651142
2024-11-29,0.005090052412650925,0.005415411916136925,0.004310354554871276,0.0015606100951126578,0.005657388574016542,0.009283981247420359,0.005072370602187348,-0.0046451407318048865,0.0003619250633775106,0.0031302158544461722,0.010270919647594079
2024-12-02,-0.0006330653211009674,0.008231535440458959,-0.010572594395221735,-0.009933680387084975,-0.007361579407141439,0.009498160777128728,-0.0012016710088019744,-0.015111122456196724,-0.021463970524465026,-0.0017637499806896217,0.008726886600486816
2024-12-03,-0.00316724915401545,0.008063815662094687,-0.00010581436476264638,-0.007475970613003424,-0.0062969445575639105,0.003602577649783445,-0.005173221545357487,-0.005866308708983747,-0.00862605818391804,-0.0022425814458157944,-0.0007580708170444872
2024-12-04,-0.009743680996964321,0.0022996179638212766,-0.024124274541793445,-0.003766179361327837,0.004365400745693027,0.018285358386555872,-0.002781376704587668,-0.002723517938592379,-0.00012421733489775821,-0.0005447750253371186,0.009282745835791362
2024-12-05,-0.013155043798557475,-0.0022943418540785077,0.0039030369692889533,0.002984470659300076,-0.012127753693323973,-0.00505951494501844,0.00400188055632511,-0.0025034820003456693,0.0031079831602141006,-0.011176207481091494,0.008180393864956947
2024-12-06,-0.003901633896615353,0.009199168591917717,-0.016956397344733642,-0.0001982596608242071,-0.0025545723215023575,0.003876449517886016,-0.0049524118039444565,-0.0013689959010202424,-0.012393218001535034,-0.005651424675207517,0.02105266219108648
2024-12-09,-0.00021769629154622105,-0.02130200291618889,-0.001647986804226509,-0.013690490365698804,-0.008679432055411884,-0.0065188348075266855,-0.0015779192536728992,0.002056308930026729,-0.012548538659803321,0.0029110681018913453,-0.0031786476271487007
2024-12-10,-0.010229442096904129,0.01569150593388935,-0.006822870382610979,-0.00020120774656839924,-0.0024401697620000107,-0.013875552786316803,0.004741623114894233,-0.016187915571706846,-0.007243675785379211,-0.004146536093393438,0.0016374834942620708
2024-12-11,-0.0035185297306817853,0.016346013236672174,0.0016620470796175901,0.002012013464796736,-0.0023021956083359996,0.014494652317885048,-0.007623383050868848,-0.002549224085291568,-0.006272341443548046,-0.013601628718756476,0.017552924895954725
2024-12-12,-0.006951348929183254,0.0018633283823765723,-0.008075348459979592,-0.0044176350669029585,-0.006417616338914023,-0.005598041212407701,0.0029264462436668914,-0.0006969692448537401,-0.0005154282442243474,-0.007949951124831212,-0.008286834470044746
2024-12-13,-0.008555527232486426,-0.011942121668421346,-0.005018304398286655,-0.0008067062934921099,-0.0026126010047389236,0.004285161043722674,-0.00255324076363328,-0.004185103036253746,0.0006444900890274496,-0.00014180531214647019,0.003964845140555395
2024-12-16,-0.008853415345861482,0.0038636294953271477,-0.021968150374573003,-0.0018166917987459952,0.0008731858966279926,0.009997927164070886,-0.005241227071677068,-0.005136633577802807,-0.007985714579799352,-0.011915880044454874,0.013546188223353406
2024-12-17,-0.00554052463271526,-0.007500160072079098,-0.007449081738816421,-0.0070778841394032455,-0.009160283601693076,-0.006047073731622277,-0.0017155090319208588,-0.004459058463491594,-0.004154543554956258,-0.0007175669319541278,0.0031423335821065823
2024-12-18,-0.028425266136406946,-0.028537318010518176,-0.029557759475254963,-0.02993882842490614,-0.028248557925872553,-0.032252646273863705,-0.015220384266308118,-0.03913258916314721,-0.02359857478877303,-0.013576672333790674,-0.04506537951988088
2024-12-19,-0.010766510402234974,-0.0027636099907106804,-0.008685254562456834,0.0035690903806389063,-0.0012837088009413078,0.0010764770883413544,-0.007104585059434676,-0.01717347744668629,0.004540007182278538,-0.0075736132307313575,-0.001355924567565725
2024-12-20,0.012421608479761703,0.005439868380232582,0.009841596479849724,0.014853575814645747,0.011718556251491208,0.014925350426433281,0.003514907301321424,0.0182225739683175,0.015951309716706108,0.012621161432981198,0.0025402811672203818
2024-12-23,-0.0007753368483521816,0.0054652867746227685,0.005872449848802086,0.002401355264376903,-0.00022549229289181572,0.010595386208393842,-0.005268663092052872,0.004559452408093634,0.0034034542638317067,0.0099870190566127,0.00303306877567322
2024-12-24,0.005407329732593391,0.009466634029606125,0.008459417192344887,0.011772082099752446,0.007812670667956434,0.010333000463575548,0.006589030266675566,0.0066601353090933735,0.005521913187489513,0.004108126884383667,0.023126976612648287
2024-12-26,-0.001519876299209466,-0.001310760194191407,-0.0008269875529897108,0.002449522321041453,0.0007454058957052645,0.0006652715667005982,0.0031469568465549713,0.001470033953017369,-0.0023534795575003153,0.0020096613533384655,-0.003710413898948217
2024-12-27,-0.005386434487613667,-0.008885383326889151,-0.00011830545199809084,-0.007330531711439159,-0.007448391583383174,-0.013295118301910436,-0.004893875544608184,-0.008074235930552676,-0.002883249282273126,-0.004656262123655108,-0.01652403268358793
2024-12-30,-0.01342120301630767,-0.010493042648808348,-0.00011813297315965698,-0.009640995955916498,-0.010055667228442533,-0.012716362546474125,-0.011727631452539744,-0.004686808750461791,-0.004206178344684841,-0.012306308370093277,-0.016061667198027152
2025-01-06,0.006731477772916161,0.01082956558346293,-0.00457289166601238,-0.003087148687884178,-0.002185072926284448,0.012725291188971699,-0.010468601549847745,-0.01371210833641967,-0.011157292143359032,0.00043175736308875834,0.003940095503673913
2025-01-07,-0.0005970492055510368,-0.011117838977951155,0.009991977224735438,-0.0022706908096508105,-0.0009815114224661636,-0.020062763298325903,-0.003483373836857151,-0.007447765763338499,-0.0024927768465385913,0.004963178525096978,-0.01935874012156813
2025-01-08,0.0054959296262186985,-0.005927969959753532,0.001023318555551933,0.0033105507388897504,0.003930370613043577,-0.0003420423537947581,0.0018125149990131373,0.004252042692956204,-0.0002629881084580399,0.005153609137906523,0.0028328827564976233
2025-01-10,-0.010218643900587132,-0.014908578750850832,0.004089537595918458,-0.024128747914850535,-0.011218192653373649,-0.02180603042133067,-0.013440224976467907,-0.02415928322470262,-0.005657073851062733,-0.005625629758397199,-0.00982013714733998
2025-01-14,0.01244721487810585,-0.003338479329835553,0.010747891830239498,0.01237936787170102,0.011815969557137374,0.0026413667543720987,0.00026146475816868353,0.008568579263883214,0.013119216536406686,-0.010320973279338341,-0.0019364124833040064
2025-01-15,0.009510522177124336,0.016434426229508192,0.014799316780418348,0.02549223359473185,0.006322582530637,0.019889213149916873,-0.00339907557276653,0.004247792636725478,0.014667074517448642,0.0040715585481601035,0.025446634785113442
2025-01-16,0.008272050688828081,-0.005664020514538293,0.007237790019430035,0.006669439052969572,0.012122094931065863,-0.007705807394209563,0.007477314303011129,0.022393625492375113,0.025263706504522032,0.003983802340840059,-0.005411770473810584
2025-01-17,0.0064949689083466655,0.008700070631686652,0.0077221353759509,0.00843203344952248,0.005988454847382529,0.015661653764219796,0.005729243420233399,-0.00024316009009217598,0.0013971288737506526,-0.006731376246998377,0.014023506912995032
2025-01-21,0.012792912314826488,0.009035763166205912,-0.005108556725529456,0.008361605760953017,0.02054437564702294,0.0083293502053563,0.004660767350782358,0.01825690770954025,0.015347573117037605,0.016549987632978658,0.007329063988273488
2025-01-22,-0.00804828221289533,0.009972560077431192,-0.018185774559685064,-0.004738483108100322,-0.002347339060710052,0.02257904911142372,-0.004896903728264568,-0.01745166371678397,-0.0216115631832714,-0.002245720137942331,-0.003767781832594075
2025-01-23,0.005521820450517856,0.0026196406838625563,0.004576171334411461,0.005752812147489017,0.010124707312257897,0.0017813486449005378,0.003625968977888583,0.008029147532789604,0.004724326609869323,0.013363661094260904,0.0060427132862548305
2025-01-24,-0.0025776167152485874,0.009044329998110223,-0.009653055247355158,0.0029585171360706486,-0.004235022512648956,-0.010420956403134451,0.005161313420011471,0.002896546679348466,0.01016641933315987,0.0015960400102768002,-0.00609287595596486
2025-01-27,0.0005617425437312029,0.00517875383515265,-0.010403977432663192,0.01101274758715598,-0.013397710179628097,-0.04901796354780685,0.0270859647961339,0.009867737819537759,-0.023147585987395747,0.02245184164537517,0.00569548871551584
2025-01-28,-0.0032566270906391193,0.004854828738615202,-0.009517445829488214,-0.0017505500750761849,-0.006610054150763878,0.026672993428012548,-0.015622982632640503,-0.012154475623760597,-0.013779863166493378,-0.006980757246313529,0.0012104657482039372
2025-01-29,-0.0018026121306800036,0.004437115283450366,0.00223462948949793,-0.000779361488825403,-0.0033995727542804888,-0.008132070406619896,0.0024123405634552952,-0.011580213637995884,0.002089409511762952,-0.005869531444228748,-0.0028497578905291032
2025-01-30,0.009480935636398069,0.0009815940316899585,0.005128179435652358,0.009555360137901037,0.011176502021375434,0.0018554603970015737,0.009879690117768458,0.013180371864767615,0.020849609494834054,0.011533774062407742,0.009786030874114227
2025-01-31,-0.0072675973993772125,0.004020747977414363,-0.027950376551716505,-0.00579496298067228,-0.007033475091575148,-0.005857832008292374,-0.009406728292910338,-0.002168199131332371,-0.0058718710241861816,-0.003189847287997538,-0.004416805230128884
2025-02-03,0.0010136158066575973,0.002148840121136031,0.006275720581097932,-0.004080005500725736,-0.009902503365104676,-0.013474211845683759,0.003924950103286529,-0.0016899885209584742,0.005392970859699364,0.003881000962056902,-0.013223087682124102
2025-02-04,0.0029253556297950123,0.008966879439099129,0.020977478663444016,-0.0023410476131477953,0.0002920241167201354,0.014404899959959971,-0.00844987138169262,0.0,-0.008812255698130378,-0.002713043185219255,0.011785287288462953
2025-02-05,-0.0007852917543056392,-0.009660007596895448,0.002110196956094157,0.010559283134983666,0.0007297342667700324,0.013897296751503196,0.006232451074855261,0.015719479611275622,0.010050157765515433,0.009589277462531687,-0.011346038915634682
2025-02-06,0.003480328994963422,0.004291886873276862,-0.01839744642776009,0.008320466889144562,0.004521639897103968,0.0027328650625912942,0.004550695593022125,0.002857048097792525,-0.0011480180471480361,-0.00895932151943113,0.003970904879678994
2025-02-07,-0.01219497012873505,-0.002136735149094404,-0.00011305155248708676,-0.005565210807994325,-0.0029765631448588348,-0.008559328455819637,-0.001510059733706326,-0.0035611123644266884,-0.0020434114437856143,-0.0046901319261213326,-0.019558458842971138
2025-02-10,0.0050967797658811875,0.004477292554855072,0.02201914562000784,-0.00791202990694162,0.008956573846087945,0.014603495337198291,0.00617511437893814,0.0014294980744931074,0.010877895157364703,-0.0008876460265725417,0.003413500667710734
2025-02-12,-0.007170144497821385,0.0010641673885622982,-0.02411223954658559,-0.003492419083686138,-0.006204573716502626,-0.002157906102791096,-0.0007443035015906041,-0.008518505722548197,-0.0017634982839969116,-0.0014378827832596253,-0.00017861259622509174
2025-02-13,0.017377615829040405,0.011499745117589555,0.007524732311056992,0.006619978046367603,0.0010163712010866632,0.0141632074075555,0.010800585533234486,0.007875751000973708,0.002271318039778647,0.003908733604599313,0.015017350942073016
2025-02-14,-0.0034384253875930915,0.006114399629876477,0.004012952606274878,0.0019341200685099036,-0.002465711687630434,0.003387013584647658,-0.009948280378166308,-0.004025495552705816,-0.0041545477537858755,-0.010861281599408579,-0.00044037631369131525
2025-02-18,0.01268777942122612,-0.004652836043332331,0.013655996035036866,0.007142870476391838,0.007851752789666433,0.009126121482506688,0.003597547950209501,0.003566285895063359,0.009355182032145581,-0.0019337124695126828,-0.002775362558600225
2025-02-19,-0.011759576778724856,0.0011447770568968618,0.007886047005057684,0.00038336880724254563,0.0010099193247299354,8.248823052725562e-05,0.008034658353115898,0.0018953473588165792,0.005260578089587131,0.013008576261513305,-0.0005742402331228025
2025-02-20,-0.0023353531465524213,-0.004669314473285557,0.009128472571485524,-0.015328579237629314,-0.006557685505976796,-0.0031793705392827443,-0.003923990229429686,0.006857426625413776,-0.0001246615926627781,0.005601131871756593,-0.0086191648745646
2025-02-21,-0.01828115460088131,-0.013690762941755752,-0.020783947204331854,-0.012453776918368908,-0.021906409810326655,-0.027090969789098196,0.011695129443229257,-0.008219927093175095,0.000249256484237792,-0.005366272911469849,-0.026305180441755893
2025-02-25,0.00772994505652469,-0.014822662441317469,-0.014403570972533086,-0.00019623521302025715,0.005140330587122044,-0.012958482280738481,0.014193985161153444,0.010608154205168363,-0.005008159764354203,0.008603268196391456,-0.0052398209128925455
2025-02-26,-0.00045125609121132726,-0.0017700576026210557,-0.0056895071966939215,-0.002158555625727976,0.0005929657205736572,0.010896721388690134,-0.01913884031415669,-0.004898575337295985,0.004152555485983589,-0.007186468152967862,-0.004112132811379676
2025-02-27,-0.00677119470352705,-0.009654254495694015,0.005385481385449253,0.005506487887727118,-0.0034815518428678027,-0.03640695583649467,-0.00012186813237236027,0.004453989669733538,-0.022180494381492166,-0.004058998225120569,-0.014428900272720258
2025-02-28,0.008521717541985163,0.014622436355272939,0.015511642420221516,0.020535906575706697,0.013380061848593305,0.013208141683312302,0.013294326954025548,0.007001164389642156,0.015250643258445606,0.011615217560284385,0.01661726219379034
2025-03-03,-0.02005395036986779,-0.0099998932516977,-0.03494509021036363,-0.008432348195495099,-0.014230130169791244,-0.03041726471184325,0.005295981867038169,0.008574721033955957,0.0013884871562213075,0.004364457539276723,-0.018429345102450423
2025-03-04,-0.013566434654982529,-0.007922422387056649,-0.009678880406439383,-0.03517596880171148,-0.019495520025561652,-0.000777346776636878,-0.01700187498944261,-0.011489027216905146,-0.016261066553686865,-0.009292742191983061,-0.017643087757083453
2025-03-05,0.026107201246319933,0.012876862778712361,-0.014602740036488537,0.005809357855173225,0.015785070326540085,0.01405034824063911,0.004141333457821528,0.009297937220257513,-0.0070478102556403854,0.01005468303298307,0.015222811564242766
2025-03-06,-0.005224826636778701,-0.01793636518818209,0.0030339121422171544,-0.01653059040860161,-0.008591616909851552,-0.027756384661428934,0.0018193111089497283,-0.027406734346636652,-0.020776829518500906,-0.0027390405183803646,-0.025353662409230093
2025-03-07,0.002740260091037783,0.006422497883461498,0.017100880399957052,-0.005265381559423354,0.011680383907104241,0.014483159524585343,0.0032693064885152,0.0056832559194781584,0.018581861778904196,6.688533211951508e-05,-0.0018442079731780803
2025-03-10,-0.02083807003699656,-0.02492769228293401,0.00743469851213141,-0.0223940575852144,-0.015642569459767275,-0.04250929914410784,-0.002172372241649567,-0.009653885967612519,0.01099762772972257,-0.010784980535381794,-0.03568816114079498
2025-03-11,-0.007675371918775098,-0.014725436061639563,-0.007947428422480307,-0.008538137535184398,-0.015361251730034109,-0.0040622198657240816,-0.014634624486924541,-0.010461305441522573,-0.00934217340781096,-0.010902879924478692,-0.009781733479928945
2025-03-12,-0.0046876791050430855,0.004981891862194221,0.004577691823369312,0.0014703457128120156,-7.691438964807507e-05,0.015739091310217335,-0.021725992225894664,-0.0036039883176621768,-0.0031004080487339047,-0.009995713708012555,0.0058047615815848275
2025-03-13,-0.0007063032040822703,-0.020551638843666065,-0.006835158257715412,-0.005453115239008488,-0.010222197440753256,-0.018990951909278908,-0.004642196816754041,-0.01953213910260654,0.0024621910846576167,-0.005325090830215262,-0.02495815115202371
2025-03-14,0.013078732875352772,0.01834669956615853,0.029593999084061684,0.023197043839159326,0.018248425496146137,0.030241733944785798,0.0022690375471077218,0.0194293921976334,0.01951900242408877,0.0076478601040643746,0.021287499308772162
2025-03-17,0.012561094310474363,0.007144370608878292,0.015931226584901204,0.011747658977823816,0.013803069275454494,0.006964562145605369,0.014589275423636083,0.017611559041001312,0.004184046298722821,0.01269590164171519,0.001576012559901585
2025-03-18,-0.0017228698277818033,-0.013981603704568468,0.0016448902791177389,-0.0012222662832334086,-0.007973696853608159,-0.015225414214539268,-0.011404392234376393,-0.006164212987451401,-0.006944388022523396,0.00047670130315280446,-0.017816339474943987
2025-03-19,0.0033366362155076157,0.011886142755613172,0.01631269903719823,0.011013779530664847,0.013269715704076424,0.01300969662423812,0.0,0.001192951897483585,0.003687195329958426,0.0005448893440032077,0.01917328849239186
2025-03-21,-0.00992499833192928,0.007848050614496005,-0.006976661925577443,-0.0036260936309454594,-0.00534020448485506,0.0027182592663990146,-0.00037796414703406,-0.009780360545777578,-0.00643448973625127,-0.002788787182816943,0.003608711474873294
2025-03-24,0.01355071855143608,0.014160695069182161,0.011393877583541823,0.017633563735160562,0.018544503990748584,0.018938486606004057,0.006183981934643423,0.013916476992021032,-0.00031977225917356744,0.00763511264245742,0.03748957642033113
2025-03-25,-0.00023115136467899422,0.012665870484181774,0.00409276104948586,0.005583274950086814,0.0014892863024014158,0.003308428855821166,-0.009067991822124477,-0.011955966221130154,-0.01599083657610434,-0.012776028585609778,0.007978862277154164
2025-03-26,0.0018493699333319569,-0.008505120229063023,0.0058993423814586166,-0.002974443991111797,-0.006617577670511299,-0.02230368820687434,0.015505889286993257,0.005082176257391602,0.006630308630676041,-0.0036482975179439325,-0.013063270623770884
2025-03-27,-0.0004615560281308051,-0.004440323508174138,-0.009703610309296562,-0.0019889040172350603,-0.005314393081558455,-0.00922803746181744,0.011389225126961389,-0.002407815359091736,-0.00025832514934709394,0.0015890509155636057,0.0006396051289851989
2025-03-28,-0.018351703987196988,-0.02949829921818592,-0.004737735165136092,-0.019330332268765682,-0.020618484921170688,-0.024254106373311712,-0.00494987223241794,-0.0004827632417764294,0.007363414163258142,-0.003104135785615525,-0.031077891453766826
2025-03-31,0.010934702834612953,0.007415868804407255,0.011035367327725476,0.012192663680113736,0.007068705356270133,0.0004844344519265853,0.015669684588585753,0.010625353003530291,0.01115663839569514,0.010309878576298948,0.0021316146850764994
2025-04-01,0.003721789564685496,0.0006221810663453731,0.005885454356105102,-0.0012046489701643681,0.005645814942314198,0.007313103333808746,0.0014693724809597963,0.0007170180817288596,0.0025366313922488004,-0.018286328215126102,0.010432449898566176
2025-04-02,0.008227123492372979,0.003522942004008822,0.0013829619454512887,0.008241154071422674,0.00940756224802941,0.007404222876415734,-0.002934337863224723,0.00477557207998025,0.004680436017957534,0.006697223660077745,0.018995612444242083
2025-04-03,-0.045167213534979656,-0.044605179820449425,-0.07850844721450867,-0.049242359926381485,-0.05411502297981552,-0.06824797490341761,0.005763287334812128,-0.02994307135871377,-0.006295623105588399,-0.008108077979380734,-0.060400368588894304
2025-04-04,-0.06259026263075584,-0.05727859184535966,-0.09199894151147403,-0.07318102996092302,-0.06285259608748839,-0.06587111276220181,-0.04340410064075362,-0.045565890880155724,-0.05562586453218732,-0.05484511862558683,-0.04313457070432958
2025-04-07,-0.01605048073480908,0.001375623267231063,-0.006475411049192359,-0.0024885744161959877,-0.004663333534912106,0.0059769750562690405,-0.011598156346462551,-0.024127266560725058,-0.015295903340061368,-0.005987646028120852,-0.011816854127220777
2025-04-08,-0.030797290392268195,-0.013966863802055474,-0.023131030751194714,-0.0038558913700457165,-0.008263142632037312,-0.020331536614001,-0.015474056020954752,-0.024723783884906148,-0.0040878643451635055,-0.011080532507856788,-0.023750287950127347
2025-04-09,0.0873839131882379,0.08835492579877902,0.07744638040551988,0.07536448934024897,0.08881644306378966,0.1342569745314317,0.03876895628356203,0.05744319612961535,0.03940349087665096,0.043465092188705645,0.1088806926610395
2025-04-10,-0.03194650404021748,-0.03456365693198804,-0.06532301598164902,-0.02794836618495744,-0.02579676544982601,-0.04655152243840355,0.0005042998195137205,-0.021167953941117812,-0.007502987009776807,-0.027889803374456235,-0.03907132189917739
2025-04-11,0.02967506022035238,0.008508167818986223,0.024811635030294932,0.01655402022188146,0.01765315687669089,0.020476443148288004,0.012602418043458075,0.014069732421722492,0.012201643868459566,0.014678659230176416,0.009685929585643738
2025-04-14,0.012049838670714852,0.0066834973789289265,0.0035492560802492523,0.010285096527341109,0.01042418335931039,0.009125224253475617,0.017050405917457212,0.022096676763944112,0.01795074548464548,0.01220130428709676,0.0028990917069231514
2025-04-15,-0.007855733817802468,0.0025033205260884817,-0.0015156312191966226,0.0025450566904061667,-0.004961457875700348,0.0036471151004837665,-0.00844343624700461,0.0015083620802327502,-0.00012868017270217802,-0.006135353576628422,-0.007200278979652697
2025-04-16,-0.007794242722970024,-0.02692434973418112,0.00822254317812443,-0.015654864454408113,-0.013692070331937423,-0.034745348131745346,-0.010736801957292541,-0.0005020301168860986,-0.009011279069988887,-0.010167842303072328,-0.024669173137599754
2025-04-17,0.0068579654708871285,0.006471026286901438,0.022584659836744958,0.0025791348816315285,0.005456597033919097,-0.005414894655491498,0.021332303915861717,0.015821153242472796,0.010262327293589779,-0.005869847186730337,0.006296125238384187
2025-04-21,-0.015232196919091945,-0.022502974663573427,-0.026134925852685287,-0.021436343923926682,-0.022426254712019866,-0.02582182197392413,-0.009527304018180582,-0.020766420732668434,-0.023659608627551343,-0.02155129751975826,-0.026698961008448374
2025-04-22,0.023390352021520844,0.0260829757205141,0.025450446165918184,0.03307779260763821,0.017470890295086416,0.024377312745142765,0.01418175689298562,0.020449342883177124,0.027262018292624646,0.018782361430162986,0.03164312342027631
2025-04-23,0.0012288486811740107,0.016025587841027145,-0.0018430075530242451,0.011874522565940238,0.012517038317282347,0.028992956189071162,-0.005714933616499773,0.0012371144821259339,0.00423076769388131,0.004960747599333404,0.022346433199717852
2025-04-24,0.021600260732623333,0.020015253130610366,0.016001967552903285,0.01110646839711582,0.022426525221240556,0.037315635074407716,-0.008805071983856716,0.0029650961752449856,0.0015320428335343639,0.012230283135544529,0.019913770008085807
2025-04-25,-0.007448283844024184,0.0062920694388941545,-0.0018173296514101267,-0.00476688303021755,-7.757164649935255e-05,0.014798329533495025,-0.002591168000455557,-0.0014781651856837774,-0.0030592992127923546,0.004803778537140868,0.017979424027757096
2025-04-28,0.001815467751498101,0.003815118053979605,0.0070397573140545955,0.0031236434577919248,0.003333090280558615,-0.001630990945368227,-0.0033399361794528293,0.00616830037300975,0.006137374490532199,0.0039841972128322745,0.00035427521086406344
2025-04-30,0.005152276327180738,0.0003144814977227295,-0.026955161508367187,0.0018492191930485902,0.007215294682336282,0.004160701611438888,0.0072624293106753335,0.0046218073424149075,-0.005044178692547696,0.008543902885399524,-0.0090923270542278
2025-05-01,-0.004410691528080601,0.005134028890448672,0.003726670167192303,-0.0002050983254806571,0.00754449255099332,0.014668729625953336,-0.008676566173215772,0.0029055071246348874,0.002915045345314171,-0.027265540007839872,0.005525746147298172
2025-05-02,0.016882134114797775,0.015532174477940863,0.014604051226589698,0.020717836455749206,0.01792608182736255,0.016709702700655527,0.005424004113535608,0.012312914834331057,0.007835249909898812,0.013831966169283616,0.015528083684972716
2025-05-07,-0.005496419789998375,-0.0018436678785863636,0.00037260361708235656,0.0058990635344429165,0.005094728795668191,0.010015481157561679,0.0015982097290874187,-0.0007212176189789199,0.002856493936748583,0.007667804983307436,0.007795405377162501
2025-05-08,0.013336444872715347,0.002360236963903972,0.013159614827655153,0.008291228656451377,0.013790591897869131,0.009545438985509191,-0.0012274598499203426,-0.004812342420504101,-0.008049471372886585,-0.009013012511102536,0.011803797768433766
2025-05-09,0.002608531167760386,-0.005118686544039575,0.010047672643058059,0.0,0.000808927456759978,-0.0012392677345923753,-0.0057752315740250415,0.006044421506798514,0.0017478056609758763,-0.010884210509323089,0.00481532088538561
2025-05-12,0.023178769736092564,0.02078608341149235,0.02608274180702197,0.02025668615024956,0.03078396309903475,0.04641539229835656,0.0014830780610153305,0.0009613497267240145,-0.005982007268797496,0.02472115548494669,0.0497010932350852
2025-05-13,-0.0049698740045686085,0.00977827658496122,0.014069491602711981,0.00412826383070275,0.006984889411596695,0.02160740970100039,-0.013451864173379069,-0.013445405048687409,-0.0013792344809012702,-0.030082349105326922,0.013225319119932966
2025-05-14,-0.009176450268477243,0.005191139099038233,-0.006062652517193845,-0.0027408860389998013,-0.0048131997987659325,0.006491314210443466,-0.005378938051802673,-0.008517833268111064,-0.004394152022183739,-0.0235079541762504,0.0038555344543742542
2025-05-15,0.010199302166867152,0.00397259709376141,0.004222886010434079,0.006674537665802616,0.011095406058123869,0.0013666782667716149,0.020500436695866986,0.018409417263057337,0.021311323348411237,0.013124230657245661,-0.0022211412677521913
2025-05-16,0.010212263811797184,0.0068255993373114165,-0.001518587065216681,0.006045225410478139,0.011395624772605029,0.0018767568036845983,0.011461732409361103,0.012532935836770287,0.014693237854851438,0.020159223650434877,0.009460686353889525
2025-05-19,0.0025273236622813666,0.000982513261054363,-0.012985463072220482,0.0005814679211453289,0.0034079151279620135,-0.0014474096411367654,0.002924326879003347,0.00214248840578235,0.004259062989075524,0.009617546924110876,-0.002343005151607569
2025-05-20,-0.0017187343732765203,-0.002453947764187614,-0.009245065447244794,-0.005424203632017788,-0.0036042428284183137,-0.0037519129260314976,0.003523246645830591,-0.0052256040067309995,0.0029079634295274825,0.0024559876786220958,-0.005203568787464197
2025-05-21,-0.013315034265416581,-0.007477986014354565,-0.018423170729424676,-0.020451904219941586,-0.016904421580570927,-0.018787185458257638,-0.011622252443342362,-0.02650429397031595,-0.018243326252388226,-0.0231626483750228,-0.02027497673879297
2025-05-22,-0.0010469743827774547,-0.00218105987571926,-0.0038999768402225854,-0.0011930744514782043,-0.0002123511318719018,0.0002617103341890914,-0.004164592758236441,-0.0034339523891820933,-0.014275143099032217,-0.007827825686261614,0.0042995548736228795
2025-05-23,-0.001979801193760955,-0.004570240987191609,0.0031810717377478426,-0.0035834987352220127,-0.003255578047921426,-0.011031662875365833,0.003690053178232011,0.00024608614462628964,0.011984925309932226,-0.0016086974396498643,-0.008985724163786624
2025-05-27,0.017502934656782987,0.016269012650150128,0.008659641895239822,0.017582384752128588,0.01760981606700529,0.023764349191887968,0.00906858450244119,0.01648622377234421,0.007525366124548016,0.013963559793995106,0.02952774522832069
2025-05-28,-0.01364661175350923,-0.0001963800881026323,-0.01269650633231334,-0.006675848275391361,-0.004954207476914885,-0.00413431173122325,-0.006801054733023504,0.0,-0.013958564997350043,-0.005145322834365529,-0.009176013727147714
2025-05-29,0.00372040095944004,-0.008055055916164733,0.007470910131101238,0.005139432834902147,0.0009115318785808402,0.0016865989486294364,0.004035148482805617,0.009198672203549751,0.006953795148337605,0.006693139634809553,0.00041878538523998365
2025-05-30,0.00011563255222313273,0.0041593545715001845,-0.008874302962266545,0.0021632021302953053,0.0006306520447301178,-0.0031084631095893434,0.008768707292443612,0.0009595050676858285,0.01023561615824442,0.0021153646146780947,-0.005442573594478972
2025-06-02,0.005906983156464651,0.004930823967276288,0.013124065517367667,0.00039248800642854853,-0.0012604011710187768,0.008834608774564767,0.0006037271823315926,0.001437877950348554,0.003173783654809581,0.0006031140837166049,0.0023386093228787708
2025-06-03,0.010247603910785719,-0.0028458425152884104,0.01186439313469978,0.0019615945059328066,0.007711847695224483,0.015024605666195345,-0.0009652489676322817,-0.003589299000663182,0.002677144270721632,0.0023358332175691388,0.005319712005725341
2025-06-04,0.003761084169517259,0.006397020674496323,-0.01950235234752218,-0.005677479595001644,0.0005564855944579783,0.001480318063873387,-0.007004792866998066,0.003121899957767571,-0.017475780670134555,0.0019542579464688625,-0.002645888073071312
2025-06-05,-0.00590429682158633,0.0013690468616389673,-0.0009761124053815351,-0.002756384463087791,-0.0006952469193451938,-0.002829463207172478,-0.009608501611784392,-0.00023946375888261873,-0.0016057568558424107,-0.0013502732516276206,-0.025224513866993092
2025-06-06,0.002626999429363064,0.012792933607605361,0.018810219165728004,0.012438280336126928,0.008419048726788336,0.009443982725928945,0.0031929919432700515,0.0028736900279406896,0.004453877945119533,0.009541035843055656,0.012986442923324404
2025-06-09,0.006721448137920305,-0.0028926130311387466,0.0019182408459619271,-0.005460317536662429,-0.0008968774958337811,0.004908528375146881,-0.0013465632287740226,-0.00047757593279440513,-0.006404735521420402,-0.0017116736349083173,0.008012400959037214
2025-06-10,0.006223755117522156,0.012667985271238802,0.0178293933593352,0.0011766162056421337,-0.004350922438369653,0.005594302140434104,0.002206490338577005,0.008838861052107516,0.002355185731069076,0.011405126899590945,0.011969896239512945
2025-06-11,-0.009896519835628781,-0.002291815598653657,0.01446044579468908,-0.001175233406970011,0.0004855127550587035,-0.002200379345908332,-0.0034246026705664345,-0.005446280628016775,0.0006184663768411536,0.0005159578136657572,-0.007900859776085345
2025-06-12,0.0042026061506392764,-0.008135544158381913,0.003476522367930057,0.0,-0.0026345449331998116,0.009278553796556954,0.005890907831333614,0.005476105032773626,0.012112156553059084,0.007808411517905567,-0.004703855803605772
2025-06-13,-0.01165035616803145,-0.010132220973862238,0.01743866782480552,-0.02039208651359503,-0.008410856901269748,-0.014016653705191562,-0.012201096303647074,-0.008051039684554562,-0.005739395586970231,-0.00497032704690914,-0.009218113297091435
2025-06-16,0.00846887696136478,0.01715731456367675,-0.0029513332814153914,0.011409111599494981,0.006869929698595012,0.016180980489350683,0.0032115281814510954,0.0009548302843225276,-0.004912839330199925,-0.0030851723682268073,0.010767912941610946
2025-06-17,-0.009759446620182577,-0.00881730138879011,0.009335226794524365,-0.005739048662821933,-0.00751932979037051,-0.0070769774861052515,-0.008495510728003697,-0.004054414834798625,-0.008269525061801564,-0.016505857777591393,-0.017241348398473688
2025-06-18,-0.0028649742541934087,0.0004834664379815834,-0.006541819892680767,-0.0003981128072201301,-0.0023850508685362426,0.0012017276526037346,-0.0012417465388711024,0.0019157933519602377,0.0026135028783926817,-0.0017232280244390275,0.00047542369628450487
2025-06-20,-0.006780840724919135,-0.006088778067629641,0.01021805710274104,0.002787669334394227,0.0011249453874473403,-0.004428640819226226,0.007335568399679859,-0.00023896940648038267,0.0027308828768111137,-0.0048034172079769455,0.001188030909518245
2025-06-23,0.011141857591015603,0.012662059386537194,-0.02528847564810366,0.012592630514929093,0.013541150468119323,0.011401661316300382,0.011582250665882476,0.01459402234963636,0.012677226761994564,0.00143976849856986,0.019820828071866803
2025-06-24,0.00828159551792007,0.012898237071136576,-0.013018605997901944,0.014954808342891424,0.008341518679421123,0.017951186924009654,-0.00085995237918568,0.0047550966766800595,0.00430816387958588,0.012257885589573414,0.00555040537740048
2025-06-25,-0.009582590921840217,-0.00019014018404406308,-0.004357568071235995,-0.0032958840763765984,-0.008823957719277797,0.008534260356366286,-0.013402239514356151,-0.024372912382163436,-0.0133594861523062,0.000896842823289834,-0.011781644022428539
2025-06-26,0.011057390476437279,0.011595865704985275,0.014312657841973442,0.007391553151021135,0.010849911130985657,0.006897950442171563,-0.0008723844389776358,-0.00630600182764629,0.008322942712311043,0.0023900127381504266,0.00919973366486726
2025-06-27,0.0012531216123099487,0.011744901419542098,-0.005247722017337697,0.0028963062158604558,0.00997658628599929,-0.001194896404017487,0.004740005277511727,0.0036611324613677887,0.0019713247468180484,-0.0021607811567955215,0.016650419407241435
2025-06-30,-0.0009101727364427825,0.007893706690359492,-0.005744559294186602,0.008278727205586422,0.004973110410235959,0.009809738053688788,0.005214161794171446,0.007295743928875886,0.004057536813975915,0.006421325231784181,-0.005764220423643107
2025-07-01,0.0258513243486187,-0.007094803058528942,0.007664199681672423,0.0055375644866029194,0.0033215465727811644,-0.008924679372719457,0.012473750030961073,0.006760035214438798,0.0034287855372967524,0.014244476077009738,0.004279218345141
2025-07-02,0.014986589514605075,-0.002876802830772185,0.01720105147148887,-0.0007595931731281258,0.0010134931599339314,0.010559043058105289,0.002927521412116718,0.001918403149062442,-0.008664923520377288,-0.009874986797393293,0.008017915489336502
2025-07-03,-0.0006561572512118197,0.0054909235173647986,0.0011503109928168165,0.010832376216637796,0.008504224977085473,0.013169296025054011,-0.0004865274007881393,0.00047879873972145326,0.007509564265414159,0.0010343309158382663,0.005454404579107175
2025-07-07,-0.009631251501061922,-0.009626080555143801,-0.009651741932331426,-0.009588220619331733,-0.003480055327755638,-0.00793900141034587,-0.0008517902813178768,-0.007655533261144876,0.0020772550921068778,-0.008413333047041838,-0.012702976208939454
2025-07-08,0.00817774974280594,-0.0020560823874359313,0.026917223628814213,-0.008921812751726876,-0.00026855993331531547,0.005374278709539437,-0.009255933264559868,-0.0014465036738722237,-0.010608471736737624,0.004540016037738903,-0.003388173106093628
2025-07-09,0.0060287487388202,0.002622243254835732,-0.0050841703786689285,0.0036391471929884123,0.006986293050846637,0.006008743790321791,-0.006515002448182705,-0.00048277254414563764,0.009366538626564669,0.003852738700714564,0.005926556410650541
2025-07-10,0.005338797864212097,-0.0033625867137720977,0.007608519885563769,0.005916038227475218,0.005603879043678983,-0.003296636775292461,0.0035882819198476135,0.005072404867300984,0.008180669763873327,0.0061259532249307025,0.011052769568518972
2025-07-11,-0.008128299143988715,-0.006466690719218349,0.004507901552761595,-0.010434480257143774,-0.003582374521528986,-0.004397252123809259,-0.003698700848391856,-0.0009613229537100976,-0.0014533783079632157,-0.008289436820357765,0.000271006703766119
2025-07-14,-0.005572525208711876,0.009810411122470164,-0.010995073956817092,0.007476934858001272,0.0053927787432497265,-0.0008207887047416706,0.0008661351228285152,0.006735548940321356,0.004002513795655194,-0.0011834326264392736,0.0037032851057803295
2025-07-15,-0.020547260943737267,-0.009902009510687537,-0.01440735925998926,-0.017126440099849094,-0.00748282136716194,0.008879688897542648,-0.010014786901552886,-0.012903064664720909,-0.00954339585602193,-0.017995968164390752,-0.014308205638022597
2025-07-16,0.002692401279124068,0.003019196897828369,-0.008632566089399663,0.006969946409623118,0.003536049248656248,0.0031018449575885843,0.003496946457842709,0.010893092691466988,0.00048785506108361965,0.012443358542400196,0.0018258662237682355
2025-07-17,0.007048618866736467,0.0034804495735434315,0.0061535642182029004,0.009613541353136856,0.009241450015613495,0.009083471793317699,0.009458676774013908,-0.0009577769525161983,0.004144887486275284,-0.011396606611361992,0.0034173643899029216
2025-07-18,0.0023330374591445935,-0.00459320878141245,-0.008077622399852435,0.0005713771219928443,-0.002239807584171749,-0.0006510759340460082,-0.002712425173696076,0.0028762717869601495,0.016753680574142615,-0.0066305350486630665,0.008854720121448612
2025-07-22,0.01378476046802346,0.0023232224963938286,0.004702029646522332,0.005535450296628053,0.002389517959447973,-0.009264002757246925,0.00914940131957187,0.01738100410379806,0.012259144232415586,0.018613177643613144,0.010124530114847152
2025-07-23,0.0033720701201496173,0.0054700512645955435,0.01567798064398862,0.007972590665472623,0.01794452992512796,0.00571859458461077,0.0003675305278503238,0.002808376969635651,-0.007524931995377626,0.02051970857178831,0.0047454588630897465
2025-07-24,-0.010299233609513236,0.0016597442782730898,0.007142126685167227,-0.0005649561824438987,-0.001691243924857977,0.004226053412358155,-0.0035517111061269535,-0.0014002560380090845,-0.0013032526678359302,-0.003742668945110994,-0.016552632194511974
2025-07-25,0.011830462948333231,-0.009297550462841087,-0.003774601098235242,0.006971972870247756,0.009904191825520492,0.0022953236863003657,0.0017207503842184835,0.0,0.0026096313194678977,0.005303597597398735,0.009290786947912633
2025-07-28,-0.0145069416604231,-0.005389397801133566,0.011366351707318145,-0.006923701014612149,-0.003096982235278989,0.007977447188865172,-0.010306671921394894,-0.017293768119153285,-0.010648210244998624,-0.008719268846491435,0.0058255544394523184
2025-07-29,-0.0038447982350645615,-0.00859489081211573,0.00976270365834253,-0.0050876245835156375,-0.011390779375242466,3.789468707227073e-05,0.006570733667126127,0.01664684173718123,0.011480471686013072,-0.0063567742536704275,-0.0068970738375521146
2025-07-30,-0.020180867572610617,0.0031096623543902524,-0.014277608345967252,-0.0018939114279084013,-0.0049100152615790815,0.00223407947501042,-0.008868116535003523,-0.014035042749492965,0.007448449505309318,-0.0017852419237556205,-0.006321751535588338
2025-07-31,-0.012605433354915152,0.009018377971976133,-0.005360374700511206,-0.006261905410859248,6.574539499015764e-05,-0.0073297009151807035,-0.008574584538053709,-0.017556353862179352,0.005398460805240202,-0.028020034139715877,-0.007930212864186492
2025-08-01,-0.01151261099071832,-0.012010088783497297,-0.01857598913569536,-0.01852193545538805,-0.014933135260537966,-0.021580263496444152,0.004763079177237728,-0.0028978976682347835,0.0015174894726426302,0.005367015128056929,-0.024115966913630604
2025-08-04,0.013261119874300453,0.01922361073605061,-0.002219772430486211,0.009922128588365497,0.009215856953850077,0.02030579101526686,0.004865305721858837,0.00847662516802239,0.017715549558128263,0.014336830884890794,0.01175445444286849
2025-08-05,0.007055750106628844,-0.00776635806699244,0.0012880478428674014,-0.004045425546168935,-0.0020511964888952905,-0.008273315779703583,-0.0009932286072525942,0.003362113050911386,-0.010650433147686322,-0.003834283937926508,0.001280734618504864
2025-08-06,-0.010848712908254732,0.00382035458873764,-0.009238691625645279,0.004835555241239353,0.0007955777944899101,0.01126405757137916,0.014291038381340826,-0.00837721081690801,-0.008913055142345971,-0.015018932687186792,0.02078479233958208
2025-08-07,0.004341497956320772,-0.004269956198904801,-0.003895158901415674,-0.011164667197282374,-0.0014574677241898648,0.0009124519618997073,0.007596136887950022,0.0038619986405719064,0.010861989057573185,-0.01149342721326807,-0.00031329727250428707
2025-08-08,0.005004985878530155,0.003356003842183819,0.006398879324843509,0.009344016823716217,0.0007961056519114607,0.009988999651764141,0.0029183605696392334,-0.008174987734762218,-0.004275060131584074,0.008914136553842544,0.0017457861646086315
2025-08-12,0.013045994141797967,0.019134803077398566,0.004866520915125072,0.012155008255541278,0.010376481339145815,0.01548545649520272,0.0026695433954193604,0.0017069758698138315,0.004306817948443564,0.006907795591350574,0.01060801278581125
2025-08-13,0.018812953417544964,0.00780040569884477,0.011575605378239207,0.005718631499386673,0.003818273462265598,0.0003727693740807059,0.0,0.006572411215646445,0.0022021129449945054,0.016007182151822397,0.013716170593453203
2025-08-14,-0.010441869241448298,0.0008099702169868106,-0.0009341286611133093,0.00473847745019329,-0.008853536226871905,-0.002161644519657391,-0.008955534387180997,-0.007013180501649785,-0.006938779783859372,0.005026762820179664,-0.0011312579012137114
2025-08-15,0.0,0.0025180137620106624,0.0,-0.010375428421309896,-0.004565700007029494,-0.007582260028551335,0.0015874441751635437,0.006575801912058976,-0.0029113895646866172,0.016796023156958828,-0.0023955633446387514
2025-08-18,-0.005775753952162677,-0.006099708587545383,-0.005960649554801467,0.0007624890806292584,0.00392185878283402,0.0021452148635690005,-0.0013410712974112338,-0.00943635000184273,-0.004321495787953822,-0.002349253944892049,0.004016770827335758
2025-08-19,0.006032775076535213,-0.005595675577951487,0.000352648430773872,0.0019047337575488488,0.00218495750815495,-0.017463459138355897,0.01025517596635983,0.01783092935682351,0.009736180020752272,0.00640211320145978,-0.0004782751775981309
2025-08-20,0.0007773622528635116,-0.002995144679813655,0.008345107699537113,0.005133084456511172,-0.000924835317353101,-0.006765515697301883,0.00567975473475868,0.003839755306053849,0.0010454965393884574,0.005410921504549249,-0.009876067388507437
2025-08-21,0.002995970517550184,-0.0010923709673066329,0.00687716451944298,-0.0032153939080915572,-0.0035710033793583396,-0.0036174956486059173,-0.009012258949963936,-0.0035859547843819506,-0.006846911925439403,-0.0033454468917862856,-0.0059319700092387295
2025-08-22,0.01980302928527311,0.014398904684524538,0.020375136372064784,0.016508520590230225,0.016325967141143094,0.013556942408614603,0.0,0.01583491000612125,0.005375120475668904,0.008245773151036584,0.030367346242422544
2025-08-25,-0.005532626817053132,0.00161716786956001,0.0026095001335608714,-0.0057868286772218,-0.009990789872353245,-0.0022485299015643223,-0.017097209464477015,-0.0049597917478505504,-0.011273857486627126,-0.014257775246488746,-0.0020163102527672727
2025-08-26,0.00272711088637112,-0.004395044779220703,-0.0015841579985094167,0.007698064923114201,0.010289559405098236,0.004583284389096942,-0.006538310275946424,-0.002848372714208902,0.002233525791564883,0.006240837298680635,0.004599538722775298
2025-08-27,0.00250233640531472,0.0017117778035189435,0.011220599851552882,0.002049553378982827,-0.00013068712318298203,0.00539857040271019,0.0029801374172873096,0.004284671177710031,0.00023443594466643347,-0.0005837418515388659,0.00021397828025437882
2025-08-28,0.0,0.003777256468813439,0.0076215364875611424,0.0013015870635415538,0.0017630009524742807,0.007903238274753255,-0.006314155252367226,-0.002607157133094229,-0.007621874035321996,-0.0039425870316533995,0.0017111979348729545
2025-08-29,0.001410677350053513,-0.0019711568205514896,0.005450622641598901,0.0025999329155401707,-0.009190512943900275,-0.015344858903352465,0.006478927566431203,0.005465729279951148,-0.003663047874182257,0.007329877549905994,-0.010292492663661168
2025-09-02,-0.007477304900464721,-0.0017057155572262062,0.0014381794049824759,-0.007408811684226024,-0.009538827385586757,-0.010097115001722834,-0.0016092573902135587,-0.01701725392995157,-0.0033206197242040547,0.000945943660290105,-0.007465341069362363
2025-09-03,-0.006769260381853215,0.016726642892601173,-0.022425993663678256,-0.0016794430905363589,-0.005047809339790099,0.005966200131624078,-0.0007440938391622964,-0.0026448627129573854,-0.0024988312913197808,-0.004725136576187339,0.004043313616733268
2025-09-04,0.003847418484176357,0.009021834742270363,0.006667416747396571,0.010467335931992894,0.011281745174848368,0.004935847564839779,0.0006206039949832043,0.006750163119261687,-0.0011929137067288043,0.00379803310480753,0.01827314838211125
2025-09-05,0.00700831318024564,0.00534712876710719,-0.019308496454514823,-0.018313047823674156,-0.0036966740184048996,0.0008375548989969506,0.002852105163191787,0.010057541988697682,-0.0031052060328556896,0.0034199587727621328,-0.00021258466018014843
2025-09-08,0.0008699737399142649,0.0011334669563072275,-0.0022892978965320943,0.0007537972100237766,0.002252820533141131,0.0074944302873152235,-0.003709677851778337,-0.006638232671542732,-0.010183266913064593,-0.00036246424335451,0.0038705279572113227
2025-09-09,-0.016297305718619315,0.005661052106001874,0.004818716953286506,0.004330635321832199,-0.006742965317202976,0.0019258849756935703,0.0019858681688389446,-0.00047724197540710556,0.006899087683227112,0.005368023997646798,-0.0013981799131658201
2025-09-10,0.0018776991819362543,-0.007361303319261436,0.017469684211813608,-0.0033746288793868873,0.007387648859620288,0.018127641906036107,-0.0097856409229361,-0.0004776554133723021,0.017189445560988448,-0.009091577558817399,-0.011964918190792928
2025-09-11,0.02094581365312642,0.015355075954161412,0.00022432941311301136,0.016365670303610802,0.009513767197061318,0.003368555369382742,0.008130932608990893,0.016244610348428168,0.005317950389328807,0.01740335297329465,0.019452899252754063
2025-09-12,-0.01004209763676489,0.008334823226708421,-0.005946269309572982,-0.004256895383629167,-0.007984276349555786,-0.0006640880660709891,-0.003350243086712612,-0.004466411527536351,0.005054586937357941,-0.011523019044871963,0.005181245195606365
2025-09-16,-0.003079017815346252,-0.004033639783845855,0.016760917054649216,-0.0022354078181178183,-0.0029551218258311307,-0.0034758285310176884,0.004534069103691474,-0.00591012378777056,-0.01820304738851153,0.0,0.006148732762028208
2025-09-17,0.0023163955847826934,0.002615628355119748,0.00233909111158348,0.009708708624296847,-0.004544549188922553,-0.0034512107495844324,0.006018009369718635,-0.00047563197045263905,0.002495861613495798,0.0019718694941670556,-0.0025187470430318992
2025-09-18,0.0,0.0007572844024363867,-0.003111452554746541,0.0009245780383209112,0.010652358273638418,0.01727883297860977,-0.008723844389776692,0.000713741229049436,0.000711445893828877,0.0019679888769359444,-0.00451212244173349
2025-09-19,-0.00044016219268772083,0.0041205116443514544,-0.013264989860671816,0.0022168240370024073,0.0024222460136762436,0.010140645696290917,-0.0020115841076385754,-0.004992902323686321,0.006397177434880552,-0.0013093783425932592,0.0037840977202234782
2025-09-22,-0.000342885578098584,-0.0034875830914098405,-0.0011506886686710738,-0.0013315133341418317,0.0033445544759245216,0.014711168282625087,-0.011149273056081155,0.003298631132147456,0.009694045467641965,-0.00025609690599281976,-0.0032577340728627835
2025-09-24,-0.012211387538798246,-0.008276324093239418,0.013007366049357927,-0.002790132597520034,-0.0051620771365213924,-0.006173852788884493,0.002169761214367405,-0.010238158571175271,0.00712280604756832,-0.0040163622111477615,0.007061215105035545
2025-09-25,-0.013036663618001487,-0.0034063095725317405,0.008966217413226785,-0.002611428979049979,-0.0067651213349265715,-0.0017593787530568727,-0.00955174516560553,-0.002405488112315224,-0.009623207417946644,-0.016570094015506687,-0.014106872220289168
2025-09-26,0.011614679448661791,0.009741098298041706,0.009215504136673935,0.0072938034672198615,0.008993546010657383,0.0030215349921083323,0.002443153612319282,0.009886654564658315,0.016272509622588638,0.010213902093779703,0.014774410456240394
2025-09-29,0.0038271379437386788,0.0032157298266179968,-0.018371529319677338,0.005012970595884125,0.003080272528255934,0.005343525088973733,0.001924130560323034,0.0019101457987105164,0.0028799117104514327,0.002952002228335804,0.0043801843076956
2025-09-30,0.004933884095687846,-0.0015183578156720001,-0.010631265357971653,-0.00480324753845951,0.007709846931507336,0.0054578414754302695,0.0033285905815862993,0.004051505020656876,0.001722984981645359,0.02406181105061278,-0.004651863098032782
2025-10-01,-0.0104888199461457,-0.014023861864980058,0.0,-0.008910348848141014,-0.0027879158742935006,0.009792127521145,-0.0015311532725347243,0.0,0.00963194362243125,0.030897481493552537,0.00625935267897737
2025-10-02,0.011614808731960524,-0.0022277604170869436,-0.010073812789187064,-0.0007491868214818398,0.002600688320287148,0.005410799025761914,-0.0039616678730839405,-0.005221913473201334,-0.0018171864670244453,-0.0019515988114386928,-0.0072157191048951574
2025-10-03,0.0016720688338422995,-0.0005151806747434318,0.005314324507098567,0.0069353711606781054,0.0013619090636756148,-0.005032207624090956,0.0011546758451326244,0.004056338411784655,0.011605478450498197,0.011383507478563315,-0.006432759854254733
2025-10-06,-0.0008902814328786146,0.0010310239702879809,0.0049488053426050005,-0.0003723279059444362,0.004662924362061949,0.01011521027955875,-0.007304841206731805,-0.009981060810871356,0.00967255427206215,-0.004833620949351913,0.00857647288029284
2025-10-07,-0.004009836330787886,-0.0038623905525715374,0.0015668735967460101,0.0013035261215625926,-0.005672678505054041,-0.006675909508848443,0.00929514521002317,-0.0031204713939047,0.0045673212152888,0.0007632112202469177,-0.017507308334273386
2025-10-08,0.005367973134748905,-0.004135756430715065,-0.005810674717000364,-0.004835406107903895,0.00868714764111056,0.017537098861290623,-0.004988562958031295,-0.0050565759863016035,0.006875194017683661,0.0019413151645273352,0.0029699117485064708
2025-10-09,-0.013681901317758705,-0.00571037248245343,-0.013600123152389787,-0.003550746254775916,-0.014782412139570544,-0.0016856441827191038,0.003213859576640221,-0.004598266492077729,-0.0025330913254637544,-0.00221431685960205,-0.004991505664054818
2025-10-10,-0.020525548697734597,-0.018447552305029924,-0.028942577860294416,-0.02175544316840261,-0.022114974615258576,-0.04069607257475405,0.0007687646422267491,-0.010940871438642641,-0.004085321494271876,-0.01442542620988041,-0.027506210802040854
2025-10-14,0.009973930675745146,0.0065882090643460955,-0.00011571040935831611,0.011014054233861925,0.011752287306708853,-0.012834422562449488,0.016058581376052983,0.00953303583876619,0.0089118001729791,0.002747374934527258,0.0020952624278764986
2025-10-15,-0.004488872656121745,0.007068698415938712,-0.0005788862595403899,0.0,-0.00417646754375145,0.009910700229627922,0.0017702293801096225,0.014527938411334373,0.013086251590014086,0.0015456185154698598,0.0014508103968000619
2025-10-16,-0.007439950814700724,-0.01065855783739078,-0.01204821854605409,-0.027798729042364134,-0.006553049176564518,0.0007387791202013716,-0.006941829707354241,-0.0031026894392959248,-0.010871961981270495,-0.0016834001652120678,-0.00967236762619017
2025-10-17,-0.001930737828743867,0.006744344622333642,0.008208264258199316,0.008114447448343665,0.0008574591777723573,0.0017573873057530331,0.013345268690692302,0.0064639968742670195,-0.003482412357908804,0.006675076505776367,0.008605127699113702
2025-10-20,0.011948127017930021,0.011310198490344314,0.010583823601926001,0.011690309898009899,0.011797268895267221,0.011157456935416254,-0.0008779614318159545,0.010466185376492465,-0.00032762492578497504,0.010609304490097893,0.007934485578177553
2025-10-21,-0.0038232647245189932,0.0035272440705136354,-0.002301687549988718,-0.0011365890899049935,0.008858807120356582,0.000520515832462598,-0.004644772552793497,-0.003060236363542246,-0.010159449362714734,0.002348254329871846,0.012231287779731925
2025-10-22,-0.0030476878707788035,-0.008658410306786268,0.012804226868249113,-0.005689339376291791,-0.012977815387565927,-0.009884231699416213,0.0056752749882760245,0.004486431569966864,-0.0023176723684522615,0.005719092011125859,-0.007818710748230928
2025-10-23,0.012001741104257002,-0.003372527138309711,0.013325735887206314,0.002098005591420371,0.012494225930091085,0.012609883898197616,-0.004890872804419022,-0.0009402551779305046,-0.0007742671224973963,0.0005479222523625538,0.004509006996614939
2025-10-27,-0.000449391581007097,0.013933364806418158,0.0023844258515377525,0.004142359170527632,0.005680734890900707,0.01846179152273808,0.0016438191524719148,0.0021102080523363043,0.002735585190243972,0.002328314361474959,0.01439031733451368
2025-10-28,0.001348694678694029,-0.0049505312722244454,-0.0104213859841088,-0.006375431586477465,-0.007125009484025724,0.00989962581242132,-0.009972251893357154,-0.022227463524700175,-0.0164775224540602,-0.006285497782675953,0.00024885576449262814
2025-10-29,-0.01964305620055029,-0.002487547653430622,0.0074405035835558575,-0.016984344737958068,0.0025859917741211103,0.007186395455704764,-0.023587882519984005,-0.027279213728777396,-0.0003328593591171991,-0.010106522573031795,-0.008252486955758864
2025-10-30,-0.013395864812801972,-0.016940433195769544,-0.0059084760604517506,0.0026876311498889027,-0.0025147522389993293,-0.01229730070601498,-0.0010447289193076248,0.005658027314987546,-0.004217537112569336,0.0022225741501951113,-0.022579942954627952
2025-10-31,-0.0058025335534617195,0.00428621222649106,0.00731511775759186,0.0026804271503846344,0.0023918256870301136,0.0009652764020697813,-0.0028757829838415017,0.0004892178683570947,-0.006910443696217183,-0.0003465103918605106,0.026438475215192714
2025-11-04,-0.004933004028044974,-0.006866784938220127,-0.01077822607151302,0.005177346050075249,-0.011593163536016027,-0.026398551772200185,0.004096099610378712,0.002694087854238969,-0.0035894431004593885,0.004499957725708992,-0.016599183995874678
2025-11-05,0.005901754377707125,0.005407327928086403,0.0026378506639943566,0.0034337617922599595,0.003866037690606783,0.0039123494799286895,-0.0006579367504280231,-0.0002442504591116945,0.0002250672281260968,0.003859350010434026,0.012176720270924424
2025-11-06,-0.004928373146427023,-0.00899312157322063,0.009723129895660376,-0.0036121029501375856,-0.003981772653883775,-0.020095568399972397,-0.004477239500817687,-0.004886391077677188,-0.004389423857190877,0.0019222563451712915,-0.023106246506121475
2025-11-07,0.012028224356960049,-0.0025800561009664547,0.014387722244566525,0.0070596874644843766,0.004849686995911373,-0.003458359163478475,0.01468254186241591,0.013258002004791436,0.0139046141039465,0.0013703609747739431,0.0015711685124326635
2025-11-10,0.009438351807832479,0.010436152938226861,0.00904624039775248,0.0035999292416446504,0.005673965802625247,0.025576132520927386,-0.0036501041153901292,-0.0007268922278317325,-0.0003344065996881973,0.007800819120086011,0.013143404355642208
2025-11-11,0.010389012339624415,0.008121461172466926,0.01306034783763943,0.004530762485396522,0.00025945380456282585,-0.008527021868579232,0.013083886641533704,0.011154255983175432,0.0005575879281185525,0.023085221076130535,0.00246898351061442
2025-11-12,0.00708334716890846,-0.0057793100859779845,-0.013984477309207488,0.00864497377716722,0.000972525678072822,0.003105725146766769,-0.0014206211659343326,-0.007913733068423245,0.0023408384108618563,0.014202350003676312,-0.006720917880396082
2025-11-13,-0.006579750372803561,-0.014180027736483414,0.00254849750163344,-0.012856318132623112,-0.015480335480490215,-0.024938894628394603,0.0,-0.013052899258971351,-0.013789976571058848,-0.0005235269249866947,-0.024964283405666365
2025-11-14,-0.009135540333595982,-0.005360464188339353,0.01702026914176491,-0.010003744937596704,6.577708116961567e-05,0.0054433525958546,-0.0007760228243410827,0.0029389963455459522,0.0009021384356044937,-0.005957849307195007,-0.004784477418368405
2025-11-17,-0.015212674474202048,-0.0013473899699130154,-0.018256921391720304,-0.01906577825233835,-0.009801953501180405,-0.015651479205273655,-0.006342308889107029,-0.006593340361784716,0.009012993356103172,-0.0008562658291598746,-0.009398425168486102
2025-11-18,0.0008191996415913838,0.005666494097301467,0.007969876398522757,-0.0015549464767765642,-0.004451210927931881,-0.016253027938932574,0.004298603800262368,0.0036872678156958383,-0.003796329696811207,0.005866871710869859,-0.018450512565486576
2025-11-19,0.0025725200375077417,-0.005545093538284029,-0.012958431654343183,0.003698739924594463,0.0033366543888766476,0.0069525866299327,-0.007652300133832446,-0.007837449521271411,-0.008406187011535171,-0.001703901710971567,4.4539085840122894e-05
2025-11-20,-0.014928805313656368,-0.01097222133306519,-0.011348428330467009,-0.00872769983376731,-0.01676089047481566,-0.03139124720531028,0.0071885172696801725,-0.0034558987602439917,-0.0050864874018122785,-0.0059738851136939,-0.01492135932683869
2025-11-21,0.022377468211935314,0.017550265443301516,0.006301968357415255,0.010956658404933206,0.012176132906920545,0.003858246095568285,0.010900676844956436,0.013128627304507035,0.0014769673693519891,0.021067296052313278,0.019623754128421433
2025-11-25,0.014909888309899477,0.011414969053105795,-0.006280060009136279,0.012526487841339362,0.012799935816077967,0.002681372639006474,0.01376617910575062,0.008056706226654553,-0.0038138749034546393,0.022607344097739013,0.021399489134592553
2025-11-26,0.012299301548209352,0.0013997682744995021,0.007561138414377888,0.007803599776059489,0.005792539893945348,0.01183769525386058,0.010889109993459156,0.004359427289532647,0.013286804921332385,-0.0022045105554177047,0.00685523660395404
2025-11-28,0.005737477780473288,0.00812513553985128,0.013104835408307425,0.007176597819244845,0.005824612313772404,0.008598228075503922,0.005829400967236387,0.004822669868203011,0.007111876283316665,-0.004860522476422102,0.006212810657611145
2025-12-01,-0.002460871221154126,-0.004679815911719065,0.009618591037064528,-0.008250541634254982,-0.014639791317820339,0.00045415457465436404,-0.0010079079398863655,-0.013918812065913388,-0.023391784098699464,-0.01496985791130201,0.00059207320215382
2025-12-02,-0.009082746093119876,0.0033086878397272645,-0.012921536948137136,-0.0009453909008985129,0.008716197197907949,0.010302056611519061,-0.00655830246115785,-0.002433681909862595,-0.007117811985585698,-0.005988791516342462,-0.000676310084231857
2025-12-03,0.007015929136573007,-0.000867835928061722,0.01874857874131597,0.013436790598289061,0.00949213033397367,0.002385101567018877,0.0007618354698994967,0.0019516200685703033,-0.0031862281611558796,0.00466443719553622,0.01078502476998544
2025-12-04,-0.005843317365545997,0.00573262567924826,0.004246976879925812,0.0020541973257548474,0.005187646988212835,0.0037242829127019927,-0.004820602034775634,-0.0017043413332493706,-0.002054748964728348,-0.007609019046707188,-0.003556671026034519
2025-12-05,-0.0032779754566182318,0.011572693862949013,-0.0041206335130897775,0.0003726728900093068,-0.002773985930545675,0.007317813073295598,0.00012753951666355512,-0.0002438930102596215,-0.009380020889626528,-0.004158526018841369,0.005542995176835985
2025-12-08,-0.013835368962739958,-0.007427601081675728,-0.010888490576249521,-0.0037257684388491974,-0.0012291035557137064,0.007025936651694931,-0.008284502513756786,-0.0060990949578318965,-0.013394838772782358,-0.011940560260370048,-0.014532749269387968
2025-12-09,-0.002069935092296027,0.0011181586355302198,0.006164777024993073,-0.003739701701419018,-0.007319235345984221,0.002641705175143949,0.00231330890447512,-0.005890978002307645,0.0007021715679080831,-0.009707313291980157,-8.467989154481437e-05
2025-12-10,0.019589848510261687,0.005842403402497531,0.010503233386282451,0.011448955974568076,0.018269663327693086,0.004796639915539469,0.0029491328571187303,0.0019753274977774016,-0.0004678458467712865,0.01453714071766643,0.01466343210034915
2025-12-11,0.019891411567286355,-0.0022209098178808118,-0.00476394861227003,0.01818516582706664,0.010701056978576151,-0.005109938373929479,0.0074150115614677325,0.005421275190892638,0.007254914905562293,0.009464999685748987,0.003926155178342716
2025-12-12,0.0006649843624570995,-0.0022257877111721003,-0.00979114544548676,0.0014580279932445706,-0.0062765307895484845,-0.028924754781091022,0.007867935564070061,-0.0012254429364202402,-0.004879192633411189,0.0031254178165978086,0.004326802801105867
2025-12-15,-0.000664542452118333,0.0001715357559453068,-0.007031417486154878,0.0007279177893870781,0.001594990588598133,-0.009673594745967184,0.002770147211822227,0.003926418036425794,0.009105773815794471,0.013241640062767068,0.008533609169212308
2025-12-16,-0.0026595125396929875,0.0006863536505308243,-0.030537727268973525,-0.006364804346536745,-0.005923998322894364,0.0018270662908363988,-0.0045204019701616804,-0.008799841408291376,-0.004164734802386105,-0.013004487870615922,0.0016430085286605056
2025-12-17,0.004222173350333147,-0.007201081402350762,0.022141025679304427,-0.00018299439786328975,-0.016211701033628345,-0.022236200646995274,0.004667036063963126,0.004438983051008538,-0.006505619943031338,-0.0018174282748395498,-0.011564075235109605
2025-12-18,-0.0004425796214825306,0.005699031721761338,-0.014515376317443485,-0.0016474612342792794,0.006513354710763419,0.015424348563592538,-0.005775242244343004,-0.006138028765642511,0.009822285322100166,0.0007802875316209601,0.015101214654506423
2025-12-19,0.004427755849331971,0.0004292653844522043,0.0,0.005500529284427902,0.008606806298803837,0.021619390456640852,-0.005177439370098957,-0.0037054858929839174,-0.012737372149651871,0.0066922378066234245,-0.004005215816009766
2025-12-22,0.011808430314271146,0.004442816522595372,0.010352609075260366,0.01227838488690458,0.01108621812932098,0.005395388830069736,-0.0034931816429072393,0.007419602249881363,0.0037104789634496704,0.006591771352863818,0.006011091666795254
2025-12-23,0.0017517371198207954,0.006257463608979386,0.00655962274446642,0.00198844199129411,-0.00038202838222156643,0.005442224209167845,-0.004750836289625804,-0.0002487763591648706,0.0035318508799222492,-0.0019961207501743017,-0.0013895551253392258
2025-12-24,0.0019672164500086353,0.005963003253102617,-0.002921372317196247,0.0054122178497000295,0.003248579457232781,0.002398123404139252,0.007869959921810166,0.00647083921250502,0.00445805833336399,0.0052261276849201455,0.003437817592208736
2025-12-26,0.005890062322533085,-0.0010161327877779014,-0.003831376448899304,-0.0019738132290526567,-0.0018412272135416297,0.0015720828622107774,0.0014080978812609501,0.0019782847124494296,-0.0007008314186331965,0.0016046212779401436,-0.004404872357157585
2025-12-29,-0.008024266471202357,-0.0006781540241320716,0.00950222085284369,-0.005393729644402545,-0.0021627859688253537,-0.004504222122484802,0.0006390824519739713,0.002714723818086462,0.0018700755805864944,-0.0015380037710377437,-0.009832073311197065
2025-12-30,-0.00021867371804618063,0.003393006429297074,0.007619904991636561,-0.0025307192773093012,-0.002868597961681707,-0.003153434362622609,-0.001660670100219086,0.002215115683531721,0.0023331421534544816,-0.0008343808795940877,-0.004054595531289618
